[0;34m[1784835337.297] [19620:19620] [DL] ChipLinuxStorage::Init: Using KVS config file: /tmp/chip_tool_kvs[0m
[1;31m[1784835337.298] [19620:19620] [DL] ChipLinuxStorage::Init: Attempt to re-initialize with KVS config file: /tmp/chip_kvs, IGNORING.[0m
[0;34m[1784835337.300] [19620:19620] [DL] ChipLinuxStorage::Init: Using KVS config file: /tmp/chip_factory.ini[0m
[0;34m[1784835337.300] [19620:19620] [DL] ChipLinuxStorage::Init: Using KVS config file: /tmp/chip_config.ini[0m
[0;34m[1784835337.300] [19620:19620] [DL] ChipLinuxStorage::Init: Using KVS config file: /tmp/chip_counters.ini[0m
[0;34m[1784835337.303] [19620:19620] [DL] Wrote settings to /tmp/chip_counters.ini[0m
[0;32m[1784835337.303] [19620:19620] [DL] NVS set: chip-counters/reboot-count = 2 (0x2)[0m
[0;32m[1784835337.303] [19620:19620] [DL] Got Ethernet interface: enp0s3[0m
[0;32m[1784835337.303] [19620:19620] [DL] Found the primary Ethernet interface:enp0s3[0m
[1;31m[1784835337.304] [19620:19620] [DL] Failed to get WiFi interface[0m
[1;31m[1784835337.304] [19620:19620] [DL] Failed to reset WiFi statistic counts[0m
[0;32m[1784835337.304] [19620:19620] [PAF] WiFiPAF: WiFiPAFLayer::Init()[0m
[0;34m[1784835337.304] [19620:19620] [IN] UDP::Init bind&listen port=0[0m
[0;34m[1784835337.304] [19620:19620] [IN] UDP::Init bound to port=36756[0m
[0;34m[1784835337.304] [19620:19620] [IN] UDP::Init bind&listen port=0[0m
[0;34m[1784835337.304] [19620:19620] [IN] UDP::Init bound to port=34048[0m
[0;34m[1784835337.304] [19620:19620] [IN] BLEBase::Init - setting/overriding transport[0m
[0;34m[1784835337.304] [19620:19620] [IN] WiFiPAFBase::Init - setting/overriding transport[0m
[0;34m[1784835337.304] [19620:19620] [IN] TransportMgr initialized[0m
[0;34m[1784835337.304] [19620:19620] [FP] Initializing FabricTable from persistent storage[0m
[0;32m[1784835337.304] [19620:19620] [TS] Last Known Good Time: [unknown][0m
[0;32m[1784835337.304] [19620:19620] [TS] Setting Last Known Good Time to firmware build time 2023-10-14T01:16:48[0m
[0;32m[1784835337.305] [19620:19620] [DMG] Ember attribute persistence requires setting up[0m
[0;32m[1784835337.305] [19620:19620] [ZCL] Using ZAP configuration...[0m
[0;34m[1784835337.305] [19620:19620] [CTL] System State Initialized...[0m
[0;32m[1784835337.305] [19620:19620] [CTL] Setting attestation nonce to random value[0m
[0;32m[1784835337.305] [19620:19620] [CTL] Setting CSR nonce to random value[0m
[0;34m[1784835337.306] [19620:19622] [DL] CHIP task running[0m
[0;32m[1784835337.306] [19620:19622] [CTL] Setting attestation nonce to random value[0m
[0;32m[1784835337.307] [19620:19622] [CTL] Setting CSR nonce to random value[0m
[0;32m[1784835337.307] [19620:19622] [CTL] Couldn't get ExampleOpCredsCAKey from storage: src/controller/ExamplePersistentStorage.cpp:112: CHIP Error 0x000000A0: Value not found in the persisted storage[0m
[0;32m[1784835337.307] [19620:19622] [CTL] Couldn't get ExampleOpCredsICAKey from storage: src/controller/ExamplePersistentStorage.cpp:112: CHIP Error 0x000000A0: Value not found in the persisted storage[0m
[0;32m[1784835337.308] [19620:19622] [CTL] Generating RCAC[0m
[0;32m[1784835337.309] [19620:19622] [CTL] Generating ICAC[0m
[0;32m[1784835337.309] [19620:19622] [CTL] Generating NOC[0m
[0;32m[1784835337.309] [19620:19622] [FP] Validating NOC chain[0m
[0;32m[1784835337.310] [19620:19622] [FP] NOC chain validation successful[0m
[0;32m[1784835337.310] [19620:19622] [FP] Added new fabric at index: 0x1[0m
[0;32m[1784835337.310] [19620:19622] [FP] Assigned compressed fabric ID: 0x1688750E21B34E1A, node ID: 0x000000000001B669[0m
[0;32m[1784835337.310] [19620:19622] [TS] Last Known Good Time: 2023-10-14T01:16:48[0m
[0;32m[1784835337.310] [19620:19622] [TS] New proposed Last Known Good Time: 2021-01-01T00:00:00[0m
[0;32m[1784835337.310] [19620:19622] [TS] Retaining current Last Known Good Time[0m
[0;32m[1784835337.311] [19620:19622] [FP] Metadata for Fabric 0x1 persisted to storage.[0m
[0;32m[1784835337.312] [19620:19622] [TS] Committing Last Known Good Time to storage: 2023-10-14T01:16:48[0m
[0;32m[1784835337.314] [19620:19622] [CTL] Joined the fabric at index 1. Fabric ID is 0x0000000000000001 (Compressed Fabric ID: 1688750E21B34E1A)[0m
[0;32m[1784835337.337] [19620:19622] [TOO] Discovered Device: fe80::bfe:a203:38f0:bce7:5540[0m
[0;34m[1784835337.337] [19620:19622] [IN] SecureSession[0x7533a4032f30]: Allocated Type:1 LSID:47818[0m
[0;34m[1784835337.337] [19620:19622] [SC] Assigned local session key ID 47818[0m
[0;32m[1784835337.337] [19620:19622] [EM] <<< [E:5691i S:0 M:139101114] (U) Msg TX from CD1E14EF89581583 to 0:0000000000000000 [0000] [UDP:[fe80::bfe:a203:38f0:bce7%enp0s3]:5540] --- Type 0000:20 (SecureChannel:PBKDFParamRequest) (B:98)[0m
[0;32m[1784835337.337] [19620:19622] [EM] ??1 [E:5691i S:0 M:139101114] (U) Msg Retransmission to 0:0000000000000000 scheduled for 354ms from now [State:Active II:500 AI:300 AT:4000][0m
[0;32m[1784835337.337] [19620:19622] [SC] Sent PBKDF param request [II:500ms AI:300ms AT:4000ms)[0m
[0;32m[1784835337.337] [19620:19622] [CTL] Setting attestation nonce to random value[0m
[0;32m[1784835337.337] [19620:19622] [CTL] Setting CSR nonce to random value[0m
[0;32m[1784835337.337] [19620:19622] [CTL] Commission called for node ID 0x0000000000000001[0m
[0;32m[1784835337.338] [19620:19622] [EM] >>> [E:5691i S:0 M:198242074 (Ack:139101114)] (U) Msg RX from 0:0000000000000000 [0000] to CD1E14EF89581583 --- Type 0000:21 (SecureChannel:PBKDFParamResponse) (B:174)[0m
[0;34m[1784835337.338] [19620:19622] [EM] Found matching exchange: 5691i, Delegate: 0x7533a4033e80[0m
[0;34m[1784835337.338] [19620:19622] [EM] Rxd Ack; Removing MessageCounter:139101114 from Retrans Table on exchange 5691i[0m
[0;34m[1784835337.338] [19620:19622] [SC] Received PBKDF param response[0m
[0;34m[1784835337.338] [19620:19622] [SC] Peer assigned session ID 49414[0m
[0;34m[1784835337.338] [19620:19622] [SC] Found MRP parameters in the message[0m
[0;32m[1784835337.340] [19620:19622] [EM] <<< [E:5691i S:0 M:139101115 (Ack:198242074)] (U) Msg TX from CD1E14EF89581583 to 0:0000000000000000 [0000] [UDP:[fe80::bfe:a203:38f0:bce7%enp0s3]:5540] --- Type 0000:22 (SecureChannel:PASE_Pake1) (B:96)[0m
[0;32m[1784835337.340] [19620:19622] [EM] ??1 [E:5691i S:0 M:139101115] (U) Msg Retransmission to 0:0000000000000000 scheduled for 346ms from now [State:Active II:500 AI:300 AT:4000][0m
[0;34m[1784835337.340] [19620:19622] [SC] Sent spake2p msg1[0m
[0;32m[1784835337.340] [19620:19622] [EM] >>> [E:5691i S:0 M:198242075 (Ack:139101115)] (U) Msg RX from 0:0000000000000000 [0000] to CD1E14EF89581583 --- Type 0000:23 (SecureChannel:PASE_Pake2) (B:131)[0m
[0;34m[1784835337.340] [19620:19622] [EM] Found matching exchange: 5691i, Delegate: 0x7533a4033e80[0m
[0;34m[1784835337.340] [19620:19622] [EM] Rxd Ack; Removing MessageCounter:139101115 from Retrans Table on exchange 5691i[0m
[0;34m[1784835337.340] [19620:19622] [SC] Received spake2p msg2[0m
[0;32m[1784835337.340] [19620:19622] [EM] <<< [E:5691i S:0 M:139101116 (Ack:198242075)] (U) Msg TX from CD1E14EF89581583 to 0:0000000000000000 [0000] [UDP:[fe80::bfe:a203:38f0:bce7%enp0s3]:5540] --- Type 0000:24 (SecureChannel:PASE_Pake3) (B:63)[0m
[0;32m[1784835337.340] [19620:19622] [EM] ??1 [E:5691i S:0 M:139101116] (U) Msg Retransmission to 0:0000000000000000 scheduled for 351ms from now [State:Active II:500 AI:300 AT:4000][0m
[0;34m[1784835337.340] [19620:19622] [SC] Sent spake2p msg3[0m
[0;32m[1784835337.341] [19620:19622] [EM] >>> [E:5691i S:0 M:198242076 (Ack:139101116)] (U) Msg RX from 0:0000000000000000 [0000] to CD1E14EF89581583 --- Type 0000:40 (SecureChannel:StatusReport) (B:34)[0m
[0;34m[1784835337.341] [19620:19622] [EM] Found matching exchange: 5691i, Delegate: 0x7533a4033e80[0m
[0;34m[1784835337.341] [19620:19622] [EM] Rxd Ack; Removing MessageCounter:139101116 from Retrans Table on exchange 5691i[0m
[0;32m[1784835337.341] [19620:19622] [SC] SecureSession[0x7533a4032f30, LSID:47818]: State change 'kEstablishing' --> 'kActive'[0m
[0;34m[1784835337.341] [19620:19622] [IN] SecureSession[0x7533a4032f30]: Activated - Type:1 LSID:47818[0m
[0;34m[1784835337.341] [19620:19622] [IN] New secure session activated for device <FFFFFFFB00000000, 0>, LSID:47818 PSID:49414![0m
[0;34m[1784835337.341] [19620:19622] [CTL] Remote device completed SPAKE2+ handshake[0m
[0;32m[1784835337.341] [19620:19622] [TOO] Pairing Success[0m
[0;32m[1784835337.341] [19620:19622] [TOO] PASE establishment successful[0m
[0;32m[1784835337.341] [19620:19622] [CTL] Commissioning stage next step: 'SecurePairing' -> 'ReadCommissioningInfo'[0m
[0;32m[1784835337.341] [19620:19622] [CTL] Performing next commissioning step 'ReadCommissioningInfo'[0m
[0;34m[1784835337.341] [19620:19622] [TOO] Starting commissioning stage 'ReadCommissioningInfo'[0m
[0;32m[1784835337.341] [19620:19622] [CTL] Sending read requests for commissioning information[0m
[0;34m[1784835337.341] [19620:19622] [DMG] SendReadRequest ReadClient[0x7533a40351e0]: Sending Read Request[0m
[0;32m[1784835337.341] [19620:19622] [DMG] 0 data version filters provided, 0 not relevant, 0 encoded, 0 skipped due to lack of space[0m
[0;32m[1784835337.341] [19620:19622] [EM] <<< [E:5692i S:47818 M:159234489] (S) Msg TX from 0000000000000000 to 0:FFFFFFFB00000000 [0000] [UDP:[fe80::bfe:a203:38f0:bce7%enp0s3]:5540] --- Type 0001:02 (IM:ReadRequest) (B:136)[0m
[0;32m[1784835337.341] [19620:19622] [EM] ??1 [E:5692i S:47818 M:159234489] (S) Msg Retransmission to 0:FFFFFFFB00000000 scheduled for 393ms from now [State:Active II:500 AI:300 AT:4000][0m
[0;34m[1784835337.341] [19620:19622] [DMG] MoveToState ReadClient[0x7533a40351e0]: Moving to [AwaitingIn][0m
[0;32m[1784835337.341] [19620:19622] [EM] <<< [E:5691i S:0 M:139101117 (Ack:198242076)] (U) Msg TX from CD1E14EF89581583 to 0:0000000000000000 [0000] [UDP:[fe80::bfe:a203:38f0:bce7%enp0s3]:5540] --- Type 0000:10 (SecureChannel:StandaloneAck) (B:26)[0m
[0;34m[1784835337.341] [19620:19622] [EM] Flushed pending ack for MessageCounter:198242076 on exchange 5691i[0m
[0;32m[1784835337.343] [19620:19622] [EM] >>> [E:5692i S:47818 M:252518478 (Ack:159234489)] (S) Msg RX from 0:FFFFFFFB00000000 [0000] to 0000000000000000 --- Type 0001:05 (IM:ReportData) (B:766)[0m
[0;34m[1784835337.343] [19620:19622] [EM] Found matching exchange: 5692i, Delegate: 0x7533a40351f0[0m
[0;34m[1784835337.343] [19620:19622] [EM] Rxd Ack; Removing MessageCounter:159234489 from Retrans Table on exchange 5692i[0m
[0;34m[1784835337.343] [19620:19622] [DMG] ReportDataMessage =[0m
[0;34m[1784835337.343] [19620:19622] [DMG] {[0m
[0;34m[1784835337.343] [19620:19622] [DMG] 	AttributeReportIBs =[0m
[0;34m[1784835337.343] [19620:19622] [DMG] 	[[0m
[0;34m[1784835337.343] [19620:19622] [DMG] 		AttributeReportIB =[0m
[0;34m[1784835337.343] [19620:19622] [DMG] 		{[0m
[0;34m[1784835337.343] [19620:19622] [DMG] 			AttributeDataIB =[0m
[0;34m[1784835337.343] [19620:19622] [DMG] 			{[0m
[0;34m[1784835337.343] [19620:19622] [DMG] 				DataVersion = 0xee0048f5,[0m
[0;34m[1784835337.343] [19620:19622] [DMG] 				AttributePathIB =[0m
[0;34m[1784835337.343] [19620:19622] [DMG] 				{[0m
[0;34m[1784835337.343] [19620:19622] [DMG] 					Endpoint = 0x0,[0m
[0;34m[1784835337.343] [19620:19622] [DMG] 					Cluster = 0x38,[0m
[0;34m[1784835337.343] [19620:19622] [DMG] 					Attribute = 0x0000_0000,[0m
[0;34m[1784835337.343] [19620:19622] [DMG] 				}[0m
[0;34m[1784835337.343] [19620:19622] [DMG] 					[0m
[0;34m[1784835337.343] [19620:19622] [DMG] 				Data = 838150537342731 (unsigned), [0m
[0;34m[1784835337.343] [19620:19622] [DMG] 			},[0m
[0;34m[1784835337.343] [19620:19622] [DMG] 			[0m
[0;34m[1784835337.343] [19620:19622] [DMG] 		},[0m
[0;34m[1784835337.343] [19620:19622] [DMG] 		[0m
[0;34m[1784835337.343] [19620:19622] [DMG] 		AttributeReportIB =[0m
[0;34m[1784835337.343] [19620:19622] [DMG] 		{[0m
[0;34m[1784835337.343] [19620:19622] [DMG] 			AttributeDataIB =[0m
[0;34m[1784835337.343] [19620:19622] [DMG] 			{[0m
[0;34m[1784835337.343] [19620:19622] [DMG] 				DataVersion = 0xee0048f5,[0m
[0;34m[1784835337.343] [19620:19622] [DMG] 				AttributePathIB =[0m
[0;34m[1784835337.343] [19620:19622] [DMG] 				{[0m
[0;34m[1784835337.343] [19620:19622] [DMG] 					Endpoint = 0x0,[0m
[0;34m[1784835337.343] [19620:19622] [DMG] 					Cluster = 0x38,[0m
[0;34m[1784835337.343] [19620:19622] [DMG] 					Attribute = 0x0000_0001,[0m
[0;34m[1784835337.343] [19620:19622] [DMG] 				}[0m
[0;34m[1784835337.343] [19620:19622] [DMG] 					[0m
[0;34m[1784835337.343] [19620:19622] [DMG] 				Data = 3 (unsigned), [0m
[0;34m[1784835337.343] [19620:19622] [DMG] 			},[0m
[0;34m[1784835337.343] [19620:19622] [DMG] 			[0m
[0;34m[1784835337.343] [19620:19622] [DMG] 		},[0m
[0;34m[1784835337.343] [19620:19622] [DMG] 		[0m
[0;34m[1784835337.343] [19620:19622] [DMG] 		AttributeReportIB =[0m
[0;34m[1784835337.343] [19620:19622] [DMG] 		{[0m
[0;34m[1784835337.343] [19620:19622] [DMG] 			AttributeDataIB =[0m
[0;34m[1784835337.343] [19620:19622] [DMG] 			{[0m
[0;34m[1784835337.343] [19620:19622] [DMG] 				DataVersion = 0xee0048f5,[0m
[0;34m[1784835337.343] [19620:19622] [DMG] 				AttributePathIB =[0m
[0;34m[1784835337.343] [19620:19622] [DMG] 				{[0m
[0;34m[1784835337.343] [19620:19622] [DMG] 					Endpoint = 0x0,[0m
[0;34m[1784835337.343] [19620:19622] [DMG] 					Cluster = 0x38,[0m
[0;34m[1784835337.343] [19620:19622] [DMG] 					Attribute = 0x0000_0002,[0m
[0;34m[1784835337.343] [19620:19622] [DMG] 				}[0m
[0;34m[1784835337.343] [19620:19622] [DMG] 					[0m
[0;34m[1784835337.343] [19620:19622] [DMG] 				Data = 8 (unsigned), [0m
[0;34m[1784835337.343] [19620:19622] [DMG] 			},[0m
[0;34m[1784835337.343] [19620:19622] [DMG] 			[0m
[0;34m[1784835337.343] [19620:19622] [DMG] 		},[0m
[0;34m[1784835337.343] [19620:19622] [DMG] 		[0m
[0;34m[1784835337.343] [19620:19622] [DMG] 		AttributeReportIB =[0m
[0;34m[1784835337.343] [19620:19622] [DMG] 		{[0m
[0;34m[1784835337.343] [19620:19622] [DMG] 			AttributeDataIB =[0m
[0;34m[1784835337.343] [19620:19622] [DMG] 			{[0m
[0;34m[1784835337.343] [19620:19622] [DMG] 				DataVersion = 0xee0048f5,[0m
[0;34m[1784835337.343] [19620:19622] [DMG] 				AttributePathIB =[0m
[0;34m[1784835337.343] [19620:19622] [DMG] 				{[0m
[0;34m[1784835337.343] [19620:19622] [DMG] 					Endpoint = 0x0,[0m
[0;34m[1784835337.343] [19620:19622] [DMG] 					Cluster = 0x38,[0m
[0;34m[1784835337.343] [19620:19622] [DMG] 					Attribute = 0x0000_0003,[0m
[0;34m[1784835337.343] [19620:19622] [DMG] 				}[0m
[0;34m[1784835337.343] [19620:19622] [DMG] 					[0m
[0;34m[1784835337.343] [19620:19622] [DMG] 				Data = NULL[0m
[0;34m[1784835337.343] [19620:19622] [DMG] 			},[0m
[0;34m[1784835337.343] [19620:19622] [DMG] 			[0m
[0;34m[1784835337.343] [19620:19622] [DMG] 		},[0m
[0;34m[1784835337.343] [19620:19622] [DMG] 		[0m
[0;34m[1784835337.343] [19620:19622] [DMG] 		AttributeReportIB =[0m
[0;34m[1784835337.343] [19620:19622] [DMG] 		{[0m
[0;34m[1784835337.343] [19620:19622] [DMG] 			AttributeDataIB =[0m
[0;34m[1784835337.343] [19620:19622] [DMG] 			{[0m
[0;34m[1784835337.343] [19620:19622] [DMG] 				DataVersion = 0xee0048f5,[0m
[0;34m[1784835337.343] [19620:19622] [DMG] 				AttributePathIB =[0m
[0;34m[1784835337.343] [19620:19622] [DMG] 				{[0m
[0;34m[1784835337.343] [19620:19622] [DMG] 					Endpoint = 0x0,[0m
[0;34m[1784835337.343] [19620:19622] [DMG] 					Cluster = 0x38,[0m
[0;34m[1784835337.343] [19620:19622] [DMG] 					Attribute = 0x0000_0004,[0m
[0;34m[1784835337.343] [19620:19622] [DMG] 				}[0m
[0;34m[1784835337.343] [19620:19622] [DMG] 					[0m
[0;34m[1784835337.343] [19620:19622] [DMG] 				Data = NULL[0m
[0;34m[1784835337.343] [19620:19622] [DMG] 			},[0m
[0;34m[1784835337.343] [19620:19622] [DMG] 			[0m
[0;34m[1784835337.343] [19620:19622] [DMG] 		},[0m
[0;34m[1784835337.343] [19620:19622] [DMG] 		[0m
[0;34m[1784835337.343] [19620:19622] [DMG] 		AttributeReportIB =[0m
[0;34m[1784835337.343] [19620:19622] [DMG] 		{[0m
[0;34m[1784835337.343] [19620:19622] [DMG] 			AttributeDataIB =[0m
[0;34m[1784835337.343] [19620:19622] [DMG] 			{[0m
[0;34m[1784835337.343] [19620:19622] [DMG] 				DataVersion = 0xee0048f5,[0m
[0;34m[1784835337.343] [19620:19622] [DMG] 				AttributePathIB =[0m
[0;34m[1784835337.343] [19620:19622] [DMG] 				{[0m
[0;34m[1784835337.343] [19620:19622] [DMG] 					Endpoint = 0x0,[0m
[0;34m[1784835337.343] [19620:19622] [DMG] 					Cluster = 0x38,[0m
[0;34m[1784835337.343] [19620:19622] [DMG] 					Attribute = 0x0000_0005,[0m
[0;34m[1784835337.343] [19620:19622] [DMG] 				}[0m
[0;34m[1784835337.343] [19620:19622] [DMG] 					[0m
[0;34m[1784835337.343] [19620:19622] [DMG] 				Data = [[0m
[0;34m[1784835337.343] [19620:19622] [DMG] 						[0m
[0;34m[1784835337.343] [19620:19622] [DMG] 					{[0m
[0;34m[1784835337.343] [19620:19622] [DMG] 						0x0 = 0 (signed), [0m
[0;34m[1784835337.343] [19620:19622] [DMG] 						0x1 = 0 (unsigned), [0m
[0;34m[1784835337.343] [19620:19622] [DMG] 					},[0m
[0;34m[1784835337.343] [19620:19622] [DMG] 				],[0m
[0;34m[1784835337.343] [19620:19622] [DMG] 			},[0m
[0;34m[1784835337.344] [19620:19622] [DMG] 			[0m
[0;34m[1784835337.344] [19620:19622] [DMG] 		},[0m
[0;34m[1784835337.344] [19620:19622] [DMG] 		[0m
[0;34m[1784835337.344] [19620:19622] [DMG] 		AttributeReportIB =[0m
[0;34m[1784835337.344] [19620:19622] [DMG] 		{[0m
[0;34m[1784835337.344] [19620:19622] [DMG] 			AttributeDataIB =[0m
[0;34m[1784835337.344] [19620:19622] [DMG] 			{[0m
[0;34m[1784835337.344] [19620:19622] [DMG] 				DataVersion = 0xee0048f5,[0m
[0;34m[1784835337.344] [19620:19622] [DMG] 				AttributePathIB =[0m
[0;34m[1784835337.344] [19620:19622] [DMG] 				{[0m
[0;34m[1784835337.344] [19620:19622] [DMG] 					Endpoint = 0x0,[0m
[0;34m[1784835337.344] [19620:19622] [DMG] 					Cluster = 0x38,[0m
[0;34m[1784835337.344] [19620:19622] [DMG] 					Attribute = 0x0000_0006,[0m
[0;34m[1784835337.344] [19620:19622] [DMG] 				}[0m
[0;34m[1784835337.344] [19620:19622] [DMG] 					[0m
[0;34m[1784835337.344] [19620:19622] [DMG] 				Data = [[0m
[0;34m[1784835337.344] [19620:19622] [DMG] 						[0m
[0;34m[1784835337.344] [19620:19622] [DMG] 				],[0m
[0;34m[1784835337.344] [19620:19622] [DMG] 			},[0m
[0;34m[1784835337.344] [19620:19622] [DMG] 			[0m
[0;34m[1784835337.344] [19620:19622] [DMG] 		},[0m
[0;34m[1784835337.344] [19620:19622] [DMG] 		[0m
[0;34m[1784835337.344] [19620:19622] [DMG] 		AttributeReportIB =[0m
[0;34m[1784835337.344] [19620:19622] [DMG] 		{[0m
[0;34m[1784835337.344] [19620:19622] [DMG] 			AttributeDataIB =[0m
[0;34m[1784835337.344] [19620:19622] [DMG] 			{[0m
[0;34m[1784835337.344] [19620:19622] [DMG] 				DataVersion = 0xee0048f5,[0m
[0;34m[1784835337.344] [19620:19622] [DMG] 				AttributePathIB =[0m
[0;34m[1784835337.344] [19620:19622] [DMG] 				{[0m
[0;34m[1784835337.344] [19620:19622] [DMG] 					Endpoint = 0x0,[0m
[0;34m[1784835337.344] [19620:19622] [DMG] 					Cluster = 0x38,[0m
[0;34m[1784835337.344] [19620:19622] [DMG] 					Attribute = 0x0000_0007,[0m
[0;34m[1784835337.344] [19620:19622] [DMG] 				}[0m
[0;34m[1784835337.344] [19620:19622] [DMG] 					[0m
[0;34m[1784835337.344] [19620:19622] [DMG] 				Data = NULL[0m
[0;34m[1784835337.344] [19620:19622] [DMG] 			},[0m
[0;34m[1784835337.344] [19620:19622] [DMG] 			[0m
[0;34m[1784835337.344] [19620:19622] [DMG] 		},[0m
[0;34m[1784835337.344] [19620:19622] [DMG] 		[0m
[0;34m[1784835337.344] [19620:19622] [DMG] 		AttributeReportIB =[0m
[0;34m[1784835337.344] [19620:19622] [DMG] 		{[0m
[0;34m[1784835337.344] [19620:19622] [DMG] 			AttributeDataIB =[0m
[0;34m[1784835337.344] [19620:19622] [DMG] 			{[0m
[0;34m[1784835337.344] [19620:19622] [DMG] 				DataVersion = 0xee0048f5,[0m
[0;34m[1784835337.344] [19620:19622] [DMG] 				AttributePathIB =[0m
[0;34m[1784835337.344] [19620:19622] [DMG] 				{[0m
[0;34m[1784835337.344] [19620:19622] [DMG] 					Endpoint = 0x0,[0m
[0;34m[1784835337.344] [19620:19622] [DMG] 					Cluster = 0x38,[0m
[0;34m[1784835337.344] [19620:19622] [DMG] 					Attribute = 0x0000_0008,[0m
[0;34m[1784835337.344] [19620:19622] [DMG] 				}[0m
[0;34m[1784835337.344] [19620:19622] [DMG] 					[0m
[0;34m[1784835337.344] [19620:19622] [DMG] 				Data = 0 (unsigned), [0m
[0;34m[1784835337.344] [19620:19622] [DMG] 			},[0m
[0;34m[1784835337.344] [19620:19622] [DMG] 			[0m
[0;34m[1784835337.344] [19620:19622] [DMG] 		},[0m
[0;34m[1784835337.344] [19620:19622] [DMG] 		[0m
[0;34m[1784835337.344] [19620:19622] [DMG] 		AttributeReportIB =[0m
[0;34m[1784835337.344] [19620:19622] [DMG] 		{[0m
[0;34m[1784835337.344] [19620:19622] [DMG] 			AttributeDataIB =[0m
[0;34m[1784835337.344] [19620:19622] [DMG] 			{[0m
[0;34m[1784835337.344] [19620:19622] [DMG] 				DataVersion = 0xee0048f5,[0m
[0;34m[1784835337.344] [19620:19622] [DMG] 				AttributePathIB =[0m
[0;34m[1784835337.344] [19620:19622] [DMG] 				{[0m
[0;34m[1784835337.344] [19620:19622] [DMG] 					Endpoint = 0x0,[0m
[0;34m[1784835337.344] [19620:19622] [DMG] 					Cluster = 0x38,[0m
[0;34m[1784835337.344] [19620:19622] [DMG] 					Attribute = 0x0000_000A,[0m
[0;34m[1784835337.344] [19620:19622] [DMG] 				}[0m
[0;34m[1784835337.344] [19620:19622] [DMG] 					[0m
[0;34m[1784835337.344] [19620:19622] [DMG] 				Data = 2 (unsigned), [0m
[0;34m[1784835337.344] [19620:19622] [DMG] 			},[0m
[0;34m[1784835337.344] [19620:19622] [DMG] 			[0m
[0;34m[1784835337.344] [19620:19622] [DMG] 		},[0m
[0;34m[1784835337.344] [19620:19622] [DMG] 		[0m
[0;34m[1784835337.344] [19620:19622] [DMG] 		AttributeReportIB =[0m
[0;34m[1784835337.344] [19620:19622] [DMG] 		{[0m
[0;34m[1784835337.344] [19620:19622] [DMG] 			AttributeDataIB =[0m
[0;34m[1784835337.344] [19620:19622] [DMG] 			{[0m
[0;34m[1784835337.344] [19620:19622] [DMG] 				DataVersion = 0xee0048f5,[0m
[0;34m[1784835337.344] [19620:19622] [DMG] 				AttributePathIB =[0m
[0;34m[1784835337.344] [19620:19622] [DMG] 				{[0m
[0;34m[1784835337.344] [19620:19622] [DMG] 					Endpoint = 0x0,[0m
[0;34m[1784835337.344] [19620:19622] [DMG] 					Cluster = 0x38,[0m
[0;34m[1784835337.344] [19620:19622] [DMG] 					Attribute = 0x0000_000B,[0m
[0;34m[1784835337.344] [19620:19622] [DMG] 				}[0m
[0;34m[1784835337.344] [19620:19622] [DMG] 					[0m
[0;34m[1784835337.344] [19620:19622] [DMG] 				Data = 2 (unsigned), [0m
[0;34m[1784835337.344] [19620:19622] [DMG] 			},[0m
[0;34m[1784835337.344] [19620:19622] [DMG] 			[0m
[0;34m[1784835337.344] [19620:19622] [DMG] 		},[0m
[0;34m[1784835337.344] [19620:19622] [DMG] 		[0m
[0;34m[1784835337.344] [19620:19622] [DMG] 		AttributeReportIB =[0m
[0;34m[1784835337.344] [19620:19622] [DMG] 		{[0m
[0;34m[1784835337.344] [19620:19622] [DMG] 			AttributeDataIB =[0m
[0;34m[1784835337.344] [19620:19622] [DMG] 			{[0m
[0;34m[1784835337.344] [19620:19622] [DMG] 				DataVersion = 0xee0048f5,[0m
[0;34m[1784835337.344] [19620:19622] [DMG] 				AttributePathIB =[0m
[0;34m[1784835337.344] [19620:19622] [DMG] 				{[0m
[0;34m[1784835337.344] [19620:19622] [DMG] 					Endpoint = 0x0,[0m
[0;34m[1784835337.344] [19620:19622] [DMG] 					Cluster = 0x38,[0m
[0;34m[1784835337.344] [19620:19622] [DMG] 					Attribute = 0x0000_000C,[0m
[0;34m[1784835337.344] [19620:19622] [DMG] 				}[0m
[0;34m[1784835337.344] [19620:19622] [DMG] 					[0m
[0;34m[1784835337.344] [19620:19622] [DMG] 				Data = true, [0m
[0;34m[1784835337.344] [19620:19622] [DMG] 			},[0m
[0;34m[1784835337.344] [19620:19622] [DMG] 			[0m
[0;34m[1784835337.344] [19620:19622] [DMG] 		},[0m
[0;34m[1784835337.344] [19620:19622] [DMG] 		[0m
[0;34m[1784835337.344] [19620:19622] [DMG] 		AttributeReportIB =[0m
[0;34m[1784835337.344] [19620:19622] [DMG] 		{[0m
[0;34m[1784835337.344] [19620:19622] [DMG] 			AttributeDataIB =[0m
[0;34m[1784835337.344] [19620:19622] [DMG] 			{[0m
[0;34m[1784835337.344] [19620:19622] [DMG] 				DataVersion = 0xee0048f5,[0m
[0;34m[1784835337.344] [19620:19622] [DMG] 				AttributePathIB =[0m
[0;34m[1784835337.344] [19620:19622] [DMG] 				{[0m
[0;34m[1784835337.344] [19620:19622] [DMG] 					Endpoint = 0x0,[0m
[0;34m[1784835337.344] [19620:19622] [DMG] 					Cluster = 0x38,[0m
[0;34m[1784835337.344] [19620:19622] [DMG] 					Attribute = 0x0000_FFFC,[0m
[0;34m[1784835337.344] [19620:19622] [DMG] 				}[0m
[0;34m[1784835337.344] [19620:19622] [DMG] 					[0m
[0;34m[1784835337.344] [19620:19622] [DMG] 				Data = 11 (unsigned), [0m
[0;34m[1784835337.344] [19620:19622] [DMG] 			},[0m
[0;34m[1784835337.344] [19620:19622] [DMG] 			[0m
[0;34m[1784835337.344] [19620:19622] [DMG] 		},[0m
[0;34m[1784835337.344] [19620:19622] [DMG] 		[0m
[0;34m[1784835337.344] [19620:19622] [DMG] 		AttributeReportIB =[0m
[0;34m[1784835337.344] [19620:19622] [DMG] 		{[0m
[0;34m[1784835337.344] [19620:19622] [DMG] 			AttributeDataIB =[0m
[0;34m[1784835337.344] [19620:19622] [DMG] 			{[0m
[0;34m[1784835337.344] [19620:19622] [DMG] 				DataVersion = 0xee0048f5,[0m
[0;34m[1784835337.344] [19620:19622] [DMG] 				AttributePathIB =[0m
[0;34m[1784835337.344] [19620:19622] [DMG] 				{[0m
[0;34m[1784835337.344] [19620:19622] [DMG] 					Endpoint = 0x0,[0m
[0;34m[1784835337.344] [19620:19622] [DMG] 					Cluster = 0x38,[0m
[0;34m[1784835337.344] [19620:19622] [DMG] 					Attribute = 0x0000_FFFD,[0m
[0;34m[1784835337.344] [19620:19622] [DMG] 				}[0m
[0;34m[1784835337.344] [19620:19622] [DMG] 					[0m
[0;34m[1784835337.344] [19620:19622] [DMG] 				Data = 2 (unsigned), [0m
[0;34m[1784835337.344] [19620:19622] [DMG] 			},[0m
[0;34m[1784835337.344] [19620:19622] [DMG] 			[0m
[0;34m[1784835337.344] [19620:19622] [DMG] 		},[0m
[0;34m[1784835337.344] [19620:19622] [DMG] 		[0m
[0;34m[1784835337.344] [19620:19622] [DMG] 		AttributeReportIB =[0m
[0;34m[1784835337.344] [19620:19622] [DMG] 		{[0m
[0;34m[1784835337.344] [19620:19622] [DMG] 			AttributeDataIB =[0m
[0;34m[1784835337.344] [19620:19622] [DMG] 			{[0m
[0;34m[1784835337.344] [19620:19622] [DMG] 				DataVersion = 0xee0048f5,[0m
[0;34m[1784835337.344] [19620:19622] [DMG] 				AttributePathIB =[0m
[0;34m[1784835337.344] [19620:19622] [DMG] 				{[0m
[0;34m[1784835337.344] [19620:19622] [DMG] 					Endpoint = 0x0,[0m
[0;34m[1784835337.344] [19620:19622] [DMG] 					Cluster = 0x38,[0m
[0;34m[1784835337.344] [19620:19622] [DMG] 					Attribute = 0x0000_FFF8,[0m
[0;34m[1784835337.344] [19620:19622] [DMG] 				}[0m
[0;34m[1784835337.344] [19620:19622] [DMG] 					[0m
[0;34m[1784835337.344] [19620:19622] [DMG] 				Data = [[0m
[0;34m[1784835337.344] [19620:19622] [DMG] 						3 (unsigned), [0m
[0;34m[1784835337.344] [19620:19622] [DMG] 				],[0m
[0;34m[1784835337.344] [19620:19622] [DMG] 			},[0m
[0;34m[1784835337.344] [19620:19622] [DMG] 			[0m
[0;34m[1784835337.344] [19620:19622] [DMG] 		},[0m
[0;34m[1784835337.344] [19620:19622] [DMG] 		[0m
[0;34m[1784835337.344] [19620:19622] [DMG] 		AttributeReportIB =[0m
[0;34m[1784835337.344] [19620:19622] [DMG] 		{[0m
[0;34m[1784835337.344] [19620:19622] [DMG] 			AttributeDataIB =[0m
[0;34m[1784835337.344] [19620:19622] [DMG] 			{[0m
[0;34m[1784835337.344] [19620:19622] [DMG] 				DataVersion = 0xee0048f5,[0m
[0;34m[1784835337.344] [19620:19622] [DMG] 				AttributePathIB =[0m
[0;34m[1784835337.344] [19620:19622] [DMG] 				{[0m
[0;34m[1784835337.344] [19620:19622] [DMG] 					Endpoint = 0x0,[0m
[0;34m[1784835337.344] [19620:19622] [DMG] 					Cluster = 0x38,[0m
[0;34m[1784835337.344] [19620:19622] [DMG] 					Attribute = 0x0000_FFF9,[0m
[0;34m[1784835337.344] [19620:19622] [DMG] 				}[0m
[0;34m[1784835337.344] [19620:19622] [DMG] 					[0m
[0;34m[1784835337.344] [19620:19622] [DMG] 				Data = [[0m
[0;34m[1784835337.344] [19620:19622] [DMG] 						0 (unsigned), 1 (unsigned), 2 (unsigned), 4 (unsigned), 5 (unsigned), [0m
[0;34m[1784835337.344] [19620:19622] [DMG] 				],[0m
[0;34m[1784835337.344] [19620:19622] [DMG] 			},[0m
[0;34m[1784835337.344] [19620:19622] [DMG] 			[0m
[0;34m[1784835337.344] [19620:19622] [DMG] 		},[0m
[0;34m[1784835337.344] [19620:19622] [DMG] 		[0m
[0;34m[1784835337.344] [19620:19622] [DMG] 		AttributeReportIB =[0m
[0;34m[1784835337.344] [19620:19622] [DMG] 		{[0m
[0;34m[1784835337.344] [19620:19622] [DMG] 			AttributeDataIB =[0m
[0;34m[1784835337.344] [19620:19622] [DMG] 			{[0m
[0;34m[1784835337.344] [19620:19622] [DMG] 				DataVersion = 0xee0048f5,[0m
[0;34m[1784835337.344] [19620:19622] [DMG] 				AttributePathIB =[0m
[0;34m[1784835337.344] [19620:19622] [DMG] 				{[0m
[0;34m[1784835337.344] [19620:19622] [DMG] 					Endpoint = 0x0,[0m
[0;34m[1784835337.344] [19620:19622] [DMG] 					Cluster = 0x38,[0m
[0;34m[1784835337.344] [19620:19622] [DMG] 					Attribute = 0x0000_FFFB,[0m
[0;34m[1784835337.344] [19620:19622] [DMG] 				}[0m
[0;34m[1784835337.344] [19620:19622] [DMG] 					[0m
[0;34m[1784835337.344] [19620:19622] [DMG] 				Data = [[0m
[0;34m[1784835337.344] [19620:19622] [DMG] 						0 (unsigned), 1 (unsigned), 2 (unsigned), 3 (unsigned), 4 (unsigned), 5 (unsigned), 6 (unsigned), 7 (unsigned), 8 (unsigned), 10 (unsigned), 11 (unsigned), 12 (unsigned), 65532 (unsigned), 65533 (unsigned), 65528 (unsigned), 65529 (unsigned), 65531 (unsigned), [0m
[0;34m[1784835337.344] [19620:19622] [DMG] 				],[0m
[0;34m[1784835337.344] [19620:19622] [DMG] 			},[0m
[0;34m[1784835337.344] [19620:19622] [DMG] 			[0m
[0;34m[1784835337.344] [19620:19622] [DMG] 		},[0m
[0;34m[1784835337.344] [19620:19622] [DMG] 		[0m
[0;34m[1784835337.344] [19620:19622] [DMG] 		AttributeReportIB =[0m
[0;34m[1784835337.344] [19620:19622] [DMG] 		{[0m
[0;34m[1784835337.344] [19620:19622] [DMG] 			AttributeDataIB =[0m
[0;34m[1784835337.344] [19620:19622] [DMG] 			{[0m
[0;34m[1784835337.344] [19620:19622] [DMG] 				DataVersion = 0xda0dde13,[0m
[0;34m[1784835337.344] [19620:19622] [DMG] 				AttributePathIB =[0m
[0;34m[1784835337.344] [19620:19622] [DMG] 				{[0m
[0;34m[1784835337.344] [19620:19622] [DMG] 					Endpoint = 0x0,[0m
[0;34m[1784835337.344] [19620:19622] [DMG] 					Cluster = 0x28,[0m
[0;34m[1784835337.344] [19620:19622] [DMG] 					Attribute = 0x0000_0004,[0m
[0;34m[1784835337.344] [19620:19622] [DMG] 				}[0m
[0;34m[1784835337.344] [19620:19622] [DMG] 					[0m
[0;34m[1784835337.344] [19620:19622] [DMG] 				Data = 32769 (unsigned), [0m
[0;34m[1784835337.344] [19620:19622] [DMG] 			},[0m
[0;34m[1784835337.344] [19620:19622] [DMG] 			[0m
[0;34m[1784835337.344] [19620:19622] [DMG] 		},[0m
[0;34m[1784835337.344] [19620:19622] [DMG] 		[0m
[0;34m[1784835337.344] [19620:19622] [DMG] 		AttributeReportIB =[0m
[0;34m[1784835337.344] [19620:19622] [DMG] 		{[0m
[0;34m[1784835337.344] [19620:19622] [DMG] 			AttributeDataIB =[0m
[0;34m[1784835337.344] [19620:19622] [DMG] 			{[0m
[0;34m[1784835337.344] [19620:19622] [DMG] 				DataVersion = 0xda0dde13,[0m
[0;34m[1784835337.344] [19620:19622] [DMG] 				AttributePathIB =[0m
[0;34m[1784835337.344] [19620:19622] [DMG] 				{[0m
[0;34m[1784835337.344] [19620:19622] [DMG] 					Endpoint = 0x0,[0m
[0;34m[1784835337.344] [19620:19622] [DMG] 					Cluster = 0x28,[0m
[0;34m[1784835337.344] [19620:19622] [DMG] 					Attribute = 0x0000_0002,[0m
[0;34m[1784835337.344] [19620:19622] [DMG] 				}[0m
[0;34m[1784835337.344] [19620:19622] [DMG] 					[0m
[0;34m[1784835337.344] [19620:19622] [DMG] 				Data = 65521 (unsigned), [0m
[0;34m[1784835337.344] [19620:19622] [DMG] 			},[0m
[0;34m[1784835337.344] [19620:19622] [DMG] 			[0m
[0;34m[1784835337.344] [19620:19622] [DMG] 		},[0m
[0;34m[1784835337.344] [19620:19622] [DMG] 		[0m
[0;34m[1784835337.344] [19620:19622] [DMG] 		AttributeReportIB =[0m
[0;34m[1784835337.344] [19620:19622] [DMG] 		{[0m
[0;34m[1784835337.344] [19620:19622] [DMG] 			AttributeStatusIB =[0m
[0;34m[1784835337.344] [19620:19622] [DMG] 			{[0m
[0;34m[1784835337.344] [19620:19622] [DMG] 				AttributePathIB =[0m
[0;34m[1784835337.344] [19620:19622] [DMG] 				{[0m
[0;34m[1784835337.344] [19620:19622] [DMG] 					Endpoint = 0x0,[0m
[0;34m[1784835337.344] [19620:19622] [DMG] 					Cluster = 0x30,[0m
[0;34m[1784835337.344] [19620:19622] [DMG] 					Attribute = 0x0000_000C,[0m
[0;34m[1784835337.344] [19620:19622] [DMG] 				}[0m
[0;34m[1784835337.344] [19620:19622] [DMG] 					[0m
[0;34m[1784835337.344] [19620:19622] [DMG] 				StatusIB =[0m
[0;34m[1784835337.344] [19620:19622] [DMG] 				{[0m
[0;34m[1784835337.344] [19620:19622] [DMG] 					status = 0x86 (UNSUPPORTED_ATTRIBUTE),[0m
[0;34m[1784835337.344] [19620:19622] [DMG] 				},[0m
[0;34m[1784835337.344] [19620:19622] [DMG] 				[0m
[0;34m[1784835337.344] [19620:19622] [DMG] 			},[0m
[0;34m[1784835337.344] [19620:19622] [DMG] 			[0m
[0;34m[1784835337.344] [19620:19622] [DMG] 		},[0m
[0;34m[1784835337.344] [19620:19622] [DMG] 		[0m
[0;34m[1784835337.344] [19620:19622] [DMG] 		AttributeReportIB =[0m
[0;34m[1784835337.344] [19620:19622] [DMG] 		{[0m
[0;34m[1784835337.344] [19620:19622] [DMG] 			AttributeDataIB =[0m
[0;34m[1784835337.344] [19620:19622] [DMG] 			{[0m
[0;34m[1784835337.344] [19620:19622] [DMG] 				DataVersion = 0x24d179bf,[0m
[0;34m[1784835337.344] [19620:19622] [DMG] 				AttributePathIB =[0m
[0;34m[1784835337.344] [19620:19622] [DMG] 				{[0m
[0;34m[1784835337.344] [19620:19622] [DMG] 					Endpoint = 0x0,[0m
[0;34m[1784835337.344] [19620:19622] [DMG] 					Cluster = 0x30,[0m
[0;34m[1784835337.344] [19620:19622] [DMG] 					Attribute = 0x0000_0003,[0m
[0;34m[1784835337.344] [19620:19622] [DMG] 				}[0m
[0;34m[1784835337.344] [19620:19622] [DMG] 					[0m
[0;34m[1784835337.344] [19620:19622] [DMG] 				Data = 2 (unsigned), [0m
[0;34m[1784835337.344] [19620:19622] [DMG] 			},[0m
[0;34m[1784835337.344] [19620:19622] [DMG] 			[0m
[0;34m[1784835337.344] [19620:19622] [DMG] 		},[0m
[0;34m[1784835337.344] [19620:19622] [DMG] 		[0m
[0;34m[1784835337.344] [19620:19622] [DMG] 		AttributeReportIB =[0m
[0;34m[1784835337.344] [19620:19622] [DMG] 		{[0m
[0;34m[1784835337.344] [19620:19622] [DMG] 			AttributeDataIB =[0m
[0;34m[1784835337.344] [19620:19622] [DMG] 			{[0m
[0;34m[1784835337.344] [19620:19622] [DMG] 				DataVersion = 0x24d179bf,[0m
[0;34m[1784835337.344] [19620:19622] [DMG] 				AttributePathIB =[0m
[0;34m[1784835337.344] [19620:19622] [DMG] 				{[0m
[0;34m[1784835337.344] [19620:19622] [DMG] 					Endpoint = 0x0,[0m
[0;34m[1784835337.344] [19620:19622] [DMG] 					Cluster = 0x30,[0m
[0;34m[1784835337.344] [19620:19622] [DMG] 					Attribute = 0x0000_0002,[0m
[0;34m[1784835337.344] [19620:19622] [DMG] 				}[0m
[0;34m[1784835337.344] [19620:19622] [DMG] 					[0m
[0;34m[1784835337.344] [19620:19622] [DMG] 				Data = 0 (unsigned), [0m
[0;34m[1784835337.344] [19620:19622] [DMG] 			},[0m
[0;34m[1784835337.344] [19620:19622] [DMG] 			[0m
[0;34m[1784835337.344] [19620:19622] [DMG] 		},[0m
[0;34m[1784835337.344] [19620:19622] [DMG] 		[0m
[0;34m[1784835337.344] [19620:19622] [DMG] 		AttributeReportIB =[0m
[0;34m[1784835337.344] [19620:19622] [DMG] 		{[0m
[0;34m[1784835337.344] [19620:19622] [DMG] 			AttributeDataIB =[0m
[0;34m[1784835337.344] [19620:19622] [DMG] 			{[0m
[0;34m[1784835337.344] [19620:19622] [DMG] 				DataVersion = 0x24d179bf,[0m
[0;34m[1784835337.344] [19620:19622] [DMG] 				AttributePathIB =[0m
[0;34m[1784835337.344] [19620:19622] [DMG] 				{[0m
[0;34m[1784835337.344] [19620:19622] [DMG] 					Endpoint = 0x0,[0m
[0;34m[1784835337.344] [19620:19622] [DMG] 					Cluster = 0x30,[0m
[0;34m[1784835337.344] [19620:19622] [DMG] 					Attribute = 0x0000_0001,[0m
[0;34m[1784835337.344] [19620:19622] [DMG] 				}[0m
[0;34m[1784835337.344] [19620:19622] [DMG] 					[0m
[0;34m[1784835337.344] [19620:19622] [DMG] 				Data = [0m
[0;34m[1784835337.344] [19620:19622] [DMG] 				{[0m
[0;34m[1784835337.344] [19620:19622] [DMG] 					0x0 = 60 (unsigned), [0m
[0;34m[1784835337.344] [19620:19622] [DMG] 					0x1 = 900 (unsigned), [0m
[0;34m[1784835337.344] [19620:19622] [DMG] 				},[0m
[0;34m[1784835337.344] [19620:19622] [DMG] 			},[0m
[0;34m[1784835337.344] [19620:19622] [DMG] 			[0m
[0;34m[1784835337.344] [19620:19622] [DMG] 		},[0m
[0;34m[1784835337.344] [19620:19622] [DMG] 		[0m
[0;34m[1784835337.344] [19620:19622] [DMG] 		AttributeReportIB =[0m
[0;34m[1784835337.344] [19620:19622] [DMG] 		{[0m
[0;34m[1784835337.344] [19620:19622] [DMG] 			AttributeDataIB =[0m
[0;34m[1784835337.344] [19620:19622] [DMG] 			{[0m
[0;34m[1784835337.344] [19620:19622] [DMG] 				DataVersion = 0x24d179bf,[0m
[0;34m[1784835337.344] [19620:19622] [DMG] 				AttributePathIB =[0m
[0;34m[1784835337.344] [19620:19622] [DMG] 				{[0m
[0;34m[1784835337.344] [19620:19622] [DMG] 					Endpoint = 0x0,[0m
[0;34m[1784835337.344] [19620:19622] [DMG] 					Cluster = 0x30,[0m
[0;34m[1784835337.344] [19620:19622] [DMG] 					Attribute = 0x0000_0000,[0m
[0;34m[1784835337.344] [19620:19622] [DMG] 				}[0m
[0;34m[1784835337.344] [19620:19622] [DMG] 					[0m
[0;34m[1784835337.344] [19620:19622] [DMG] 				Data = 0 (unsigned), [0m
[0;34m[1784835337.344] [19620:19622] [DMG] 			},[0m
[0;34m[1784835337.344] [19620:19622] [DMG] 			[0m
[0;34m[1784835337.344] [19620:19622] [DMG] 		},[0m
[0;34m[1784835337.344] [19620:19622] [DMG] 		[0m
[0;34m[1784835337.344] [19620:19622] [DMG] 		AttributeReportIB =[0m
[0;34m[1784835337.344] [19620:19622] [DMG] 		{[0m
[0;34m[1784835337.344] [19620:19622] [DMG] 			AttributeDataIB =[0m
[0;34m[1784835337.344] [19620:19622] [DMG] 			{[0m
[0;34m[1784835337.344] [19620:19622] [DMG] 				DataVersion = 0x24d179bf,[0m
[0;34m[1784835337.344] [19620:19622] [DMG] 				AttributePathIB =[0m
[0;34m[1784835337.344] [19620:19622] [DMG] 				{[0m
[0;34m[1784835337.344] [19620:19622] [DMG] 					Endpoint = 0x0,[0m
[0;34m[1784835337.344] [19620:19622] [DMG] 					Cluster = 0x30,[0m
[0;34m[1784835337.344] [19620:19622] [DMG] 					Attribute = 0x0000_0004,[0m
[0;34m[1784835337.344] [19620:19622] [DMG] 				}[0m
[0;34m[1784835337.344] [19620:19622] [DMG] 					[0m
[0;34m[1784835337.344] [19620:19622] [DMG] 				Data = true, [0m
[0;34m[1784835337.344] [19620:19622] [DMG] 			},[0m
[0;34m[1784835337.344] [19620:19622] [DMG] 			[0m
[0;34m[1784835337.344] [19620:19622] [DMG] 		},[0m
[0;34m[1784835337.344] [19620:19622] [DMG] 		[0m
[0;34m[1784835337.344] [19620:19622] [DMG] 	],[0m
[0;34m[1784835337.344] [19620:19622] [DMG] 	[0m
[0;34m[1784835337.344] [19620:19622] [DMG] 	SuppressResponse = true, [0m
[0;34m[1784835337.344] [19620:19622] [DMG] 	InteractionModelRevision = 12[0m
[0;34m[1784835337.344] [19620:19622] [DMG] }[0m
[0;34m[1784835337.344] [19620:19622] [DMG] SendReadRequest ReadClient[0x7533a40351e0]: Sending Read Request[0m
[0;32m[1784835337.344] [19620:19622] [DMG] 0 data version filters provided, 0 not relevant, 0 encoded, 0 skipped due to lack of space[0m
[0;32m[1784835337.344] [19620:19622] [EM] <<< [E:5693i S:47818 M:159234490] (S) Msg TX from 0000000000000000 to 0:FFFFFFFB00000000 [0000] [UDP:[fe80::bfe:a203:38f0:bce7%enp0s3]:5540] --- Type 0001:02 (IM:ReadRequest) (B:112)[0m
[0;32m[1784835337.345] [19620:19622] [EM] ??1 [E:5693i S:47818 M:159234490] (S) Msg Retransmission to 0:FFFFFFFB00000000 scheduled for 391ms from now [State:Active II:500 AI:300 AT:4000][0m
[0;34m[1784835337.345] [19620:19622] [DMG] MoveToState ReadClient[0x7533a40351e0]: Moving to [AwaitingIn][0m
[0;32m[1784835337.345] [19620:19622] [EM] <<< [E:5692i S:47818 M:159234491 (Ack:252518478)] (S) Msg TX from 0000000000000000 to 0:FFFFFFFB00000000 [0000] [UDP:[fe80::bfe:a203:38f0:bce7%enp0s3]:5540] --- Type 0000:10 (SecureChannel:StandaloneAck) (B:34)[0m
[0;34m[1784835337.345] [19620:19622] [EM] Flushed pending ack for MessageCounter:252518478 on exchange 5692i[0m
[0;32m[1784835337.345] [19620:19622] [EM] >>> [E:5693i S:47818 M:252518479 (Ack:159234490)] (S) Msg RX from 0:FFFFFFFB00000000 [0000] to 0000000000000000 --- Type 0001:05 (IM:ReportData) (B:186)[0m
[0;34m[1784835337.345] [19620:19622] [EM] Found matching exchange: 5693i, Delegate: 0x7533a40351f0[0m
[0;34m[1784835337.345] [19620:19622] [EM] Rxd Ack; Removing MessageCounter:159234490 from Retrans Table on exchange 5693i[0m
[0;34m[1784835337.345] [19620:19622] [DMG] ReportDataMessage =[0m
[0;34m[1784835337.345] [19620:19622] [DMG] {[0m
[0;34m[1784835337.345] [19620:19622] [DMG] 	AttributeReportIBs =[0m
[0;34m[1784835337.345] [19620:19622] [DMG] 	[[0m
[0;34m[1784835337.345] [19620:19622] [DMG] 		AttributeReportIB =[0m
[0;34m[1784835337.345] [19620:19622] [DMG] 		{[0m
[0;34m[1784835337.345] [19620:19622] [DMG] 			AttributeStatusIB =[0m
[0;34m[1784835337.345] [19620:19622] [DMG] 			{[0m
[0;34m[1784835337.345] [19620:19622] [DMG] 				AttributePathIB =[0m
[0;34m[1784835337.345] [19620:19622] [DMG] 				{[0m
[0;34m[1784835337.345] [19620:19622] [DMG] 					Endpoint = 0x0,[0m
[0;34m[1784835337.345] [19620:19622] [DMG] 					Cluster = 0x46,[0m
[0;34m[1784835337.345] [19620:19622] [DMG] 					Attribute = 0x0000_0002,[0m
[0;34m[1784835337.345] [19620:19622] [DMG] 				}[0m
[0;34m[1784835337.345] [19620:19622] [DMG] 					[0m
[0;34m[1784835337.345] [19620:19622] [DMG] 				StatusIB =[0m
[0;34m[1784835337.345] [19620:19622] [DMG] 				{[0m
[0;34m[1784835337.345] [19620:19622] [DMG] 					status = 0xc3 (UNSUPPORTED_CLUSTER),[0m
[0;34m[1784835337.345] [19620:19622] [DMG] 				},[0m
[0;34m[1784835337.345] [19620:19622] [DMG] 				[0m
[0;34m[1784835337.345] [19620:19622] [DMG] 			},[0m
[0;34m[1784835337.345] [19620:19622] [DMG] 			[0m
[0;34m[1784835337.345] [19620:19622] [DMG] 		},[0m
[0;34m[1784835337.345] [19620:19622] [DMG] 		[0m
[0;34m[1784835337.345] [19620:19622] [DMG] 		AttributeReportIB =[0m
[0;34m[1784835337.345] [19620:19622] [DMG] 		{[0m
[0;34m[1784835337.345] [19620:19622] [DMG] 			AttributeStatusIB =[0m
[0;34m[1784835337.345] [19620:19622] [DMG] 			{[0m
[0;34m[1784835337.345] [19620:19622] [DMG] 				AttributePathIB =[0m
[0;34m[1784835337.345] [19620:19622] [DMG] 				{[0m
[0;34m[1784835337.345] [19620:19622] [DMG] 					Endpoint = 0x0,[0m
[0;34m[1784835337.345] [19620:19622] [DMG] 					Cluster = 0x46,[0m
[0;34m[1784835337.345] [19620:19622] [DMG] 					Attribute = 0x0000_0001,[0m
[0;34m[1784835337.345] [19620:19622] [DMG] 				}[0m
[0;34m[1784835337.345] [19620:19622] [DMG] 					[0m
[0;34m[1784835337.345] [19620:19622] [DMG] 				StatusIB =[0m
[0;34m[1784835337.345] [19620:19622] [DMG] 				{[0m
[0;34m[1784835337.345] [19620:19622] [DMG] 					status = 0xc3 (UNSUPPORTED_CLUSTER),[0m
[0;34m[1784835337.345] [19620:19622] [DMG] 				},[0m
[0;34m[1784835337.345] [19620:19622] [DMG] 				[0m
[0;34m[1784835337.345] [19620:19622] [DMG] 			},[0m
[0;34m[1784835337.345] [19620:19622] [DMG] 			[0m
[0;34m[1784835337.345] [19620:19622] [DMG] 		},[0m
[0;34m[1784835337.345] [19620:19622] [DMG] 		[0m
[0;34m[1784835337.345] [19620:19622] [DMG] 		AttributeReportIB =[0m
[0;34m[1784835337.345] [19620:19622] [DMG] 		{[0m
[0;34m[1784835337.345] [19620:19622] [DMG] 			AttributeStatusIB =[0m
[0;34m[1784835337.345] [19620:19622] [DMG] 			{[0m
[0;34m[1784835337.345] [19620:19622] [DMG] 				AttributePathIB =[0m
[0;34m[1784835337.345] [19620:19622] [DMG] 				{[0m
[0;34m[1784835337.345] [19620:19622] [DMG] 					Endpoint = 0x0,[0m
[0;34m[1784835337.345] [19620:19622] [DMG] 					Cluster = 0x46,[0m
[0;34m[1784835337.345] [19620:19622] [DMG] 					Attribute = 0x0000_0000,[0m
[0;34m[1784835337.345] [19620:19622] [DMG] 				}[0m
[0;34m[1784835337.345] [19620:19622] [DMG] 					[0m
[0;34m[1784835337.345] [19620:19622] [DMG] 				StatusIB =[0m
[0;34m[1784835337.345] [19620:19622] [DMG] 				{[0m
[0;34m[1784835337.345] [19620:19622] [DMG] 					status = 0xc3 (UNSUPPORTED_CLUSTER),[0m
[0;34m[1784835337.345] [19620:19622] [DMG] 				},[0m
[0;34m[1784835337.345] [19620:19622] [DMG] 				[0m
[0;34m[1784835337.345] [19620:19622] [DMG] 			},[0m
[0;34m[1784835337.345] [19620:19622] [DMG] 			[0m
[0;34m[1784835337.345] [19620:19622] [DMG] 		},[0m
[0;34m[1784835337.345] [19620:19622] [DMG] 		[0m
[0;34m[1784835337.345] [19620:19622] [DMG] 		AttributeReportIB =[0m
[0;34m[1784835337.345] [19620:19622] [DMG] 		{[0m
[0;34m[1784835337.345] [19620:19622] [DMG] 			AttributeStatusIB =[0m
[0;34m[1784835337.345] [19620:19622] [DMG] 			{[0m
[0;34m[1784835337.345] [19620:19622] [DMG] 				AttributePathIB =[0m
[0;34m[1784835337.345] [19620:19622] [DMG] 				{[0m
[0;34m[1784835337.345] [19620:19622] [DMG] 					Endpoint = 0x0,[0m
[0;34m[1784835337.345] [19620:19622] [DMG] 					Cluster = 0x46,[0m
[0;34m[1784835337.345] [19620:19622] [DMG] 					Attribute = 0x0000_0007,[0m
[0;34m[1784835337.345] [19620:19622] [DMG] 				}[0m
[0;34m[1784835337.345] [19620:19622] [DMG] 					[0m
[0;34m[1784835337.345] [19620:19622] [DMG] 				StatusIB =[0m
[0;34m[1784835337.345] [19620:19622] [DMG] 				{[0m
[0;34m[1784835337.345] [19620:19622] [DMG] 					status = 0xc3 (UNSUPPORTED_CLUSTER),[0m
[0;34m[1784835337.345] [19620:19622] [DMG] 				},[0m
[0;34m[1784835337.345] [19620:19622] [DMG] 				[0m
[0;34m[1784835337.345] [19620:19622] [DMG] 			},[0m
[0;34m[1784835337.345] [19620:19622] [DMG] 			[0m
[0;34m[1784835337.345] [19620:19622] [DMG] 		},[0m
[0;34m[1784835337.345] [19620:19622] [DMG] 		[0m
[0;34m[1784835337.345] [19620:19622] [DMG] 		AttributeReportIB =[0m
[0;34m[1784835337.345] [19620:19622] [DMG] 		{[0m
[0;34m[1784835337.345] [19620:19622] [DMG] 			AttributeStatusIB =[0m
[0;34m[1784835337.345] [19620:19622] [DMG] 			{[0m
[0;34m[1784835337.345] [19620:19622] [DMG] 				AttributePathIB =[0m
[0;34m[1784835337.345] [19620:19622] [DMG] 				{[0m
[0;34m[1784835337.345] [19620:19622] [DMG] 					Endpoint = 0x0,[0m
[0;34m[1784835337.345] [19620:19622] [DMG] 					Cluster = 0x46,[0m
[0;34m[1784835337.345] [19620:19622] [DMG] 					Attribute = 0x0000_0006,[0m
[0;34m[1784835337.345] [19620:19622] [DMG] 				}[0m
[0;34m[1784835337.345] [19620:19622] [DMG] 					[0m
[0;34m[1784835337.345] [19620:19622] [DMG] 				StatusIB =[0m
[0;34m[1784835337.345] [19620:19622] [DMG] 				{[0m
[0;34m[1784835337.345] [19620:19622] [DMG] 					status = 0xc3 (UNSUPPORTED_CLUSTER),[0m
[0;34m[1784835337.345] [19620:19622] [DMG] 				},[0m
[0;34m[1784835337.345] [19620:19622] [DMG] 				[0m
[0;34m[1784835337.345] [19620:19622] [DMG] 			},[0m
[0;34m[1784835337.345] [19620:19622] [DMG] 			[0m
[0;34m[1784835337.345] [19620:19622] [DMG] 		},[0m
[0;34m[1784835337.345] [19620:19622] [DMG] 		[0m
[0;34m[1784835337.345] [19620:19622] [DMG] 		AttributeReportIB =[0m
[0;34m[1784835337.345] [19620:19622] [DMG] 		{[0m
[0;34m[1784835337.345] [19620:19622] [DMG] 			AttributeDataIB =[0m
[0;34m[1784835337.345] [19620:19622] [DMG] 			{[0m
[0;34m[1784835337.345] [19620:19622] [DMG] 				DataVersion = 0xc9f53b73,[0m
[0;34m[1784835337.345] [19620:19622] [DMG] 				AttributePathIB =[0m
[0;34m[1784835337.345] [19620:19622] [DMG] 				{[0m
[0;34m[1784835337.345] [19620:19622] [DMG] 					Endpoint = 0x0,[0m
[0;34m[1784835337.345] [19620:19622] [DMG] 					Cluster = 0x31,[0m
[0;34m[1784835337.345] [19620:19622] [DMG] 					Attribute = 0x0000_FFFC,[0m
[0;34m[1784835337.345] [19620:19622] [DMG] 				}[0m
[0;34m[1784835337.345] [19620:19622] [DMG] 					[0m
[0;34m[1784835337.345] [19620:19622] [DMG] 				Data = 4 (unsigned), [0m
[0;34m[1784835337.345] [19620:19622] [DMG] 			},[0m
[0;34m[1784835337.345] [19620:19622] [DMG] 			[0m
[0;34m[1784835337.345] [19620:19622] [DMG] 		},[0m
[0;34m[1784835337.345] [19620:19622] [DMG] 		[0m
[0;34m[1784835337.345] [19620:19622] [DMG] 	],[0m
[0;34m[1784835337.345] [19620:19622] [DMG] 	[0m
[0;34m[1784835337.345] [19620:19622] [DMG] 	SuppressResponse = true, [0m
[0;34m[1784835337.345] [19620:19622] [DMG] 	InteractionModelRevision = 12[0m
[0;34m[1784835337.345] [19620:19622] [DMG] }[0m
[1;31m[1784835337.346] [19620:19622] [CTL] Ignoring failure to read IsCommissioningWithoutPower: src/app/ClusterStateCache.cpp:294: CHIP Error 0x000000CA: Interaction Model Error[0m
[0;32m[1784835337.346] [19620:19622] [CTL] NetworkCommissioning Features: has Ethernet. endpointid = 0[0m
[0;32m[1784835337.346] [19620:19622] [SVR] OnReadCommissioningInfo - vendorId=0xFFF1 productId=0x8001[0m
[0;32m[1784835337.346] [19620:19622] [SVR] OnReadCommissioningInfo ICD - IdleModeDuration=0 activeModeDuration=0 activeModeThreshold=0[0m
[0;32m[1784835337.346] [19620:19622] [CTL] Successfully finished commissioning step 'ReadCommissioningInfo'[0m
[0;32m[1784835337.346] [19620:19622] [CTL] Commissioning stage next step: 'ReadCommissioningInfo' -> 'ArmFailSafe'[0m
[0;32m[1784835337.346] [19620:19622] [CTL] Performing next commissioning step 'ArmFailSafe'[0m
[0;34m[1784835337.346] [19620:19622] [TOO] Starting commissioning stage 'ArmFailSafe'[0m
[0;32m[1784835337.346] [19620:19622] [CTL] Arming failsafe (60 seconds)[0m
[0;34m[1784835337.346] [19620:19622] [DMG] ICR moving to [AddingComm][0m
[0;34m[1784835337.346] [19620:19622] [DMG] ICR moving to [AddedComma][0m
[0;32m[1784835337.346] [19620:19622] [EM] <<< [E:5694i S:47818 M:159234492] (S) Msg TX from 0000000000000000 to 0:FFFFFFFB00000000 [0000] [UDP:[fe80::bfe:a203:38f0:bce7%enp0s3]:5540] --- Type 0001:08 (IM:InvokeCommandRequest) (B:65)[0m
[0;32m[1784835337.346] [19620:19622] [EM] ??1 [E:5694i S:47818 M:159234492] (S) Msg Retransmission to 0:FFFFFFFB00000000 scheduled for 404ms from now [State:Active II:500 AI:300 AT:4000][0m
[0;34m[1784835337.346] [19620:19622] [DMG] ICR moving to [AwaitingRe][0m
[0;32m[1784835337.346] [19620:19622] [EM] <<< [E:5693i S:47818 M:159234493 (Ack:252518479)] (S) Msg TX from 0000000000000000 to 0:FFFFFFFB00000000 [0000] [UDP:[fe80::bfe:a203:38f0:bce7%enp0s3]:5540] --- Type 0000:10 (SecureChannel:StandaloneAck) (B:34)[0m
[0;34m[1784835337.346] [19620:19622] [EM] Flushed pending ack for MessageCounter:252518479 on exchange 5693i[0m
[0;32m[1784835337.346] [19620:19622] [EM] >>> [E:5694i S:47818 M:252518480 (Ack:159234492)] (S) Msg RX from 0:FFFFFFFB00000000 [0000] to 0000000000000000 --- Type 0001:09 (IM:InvokeCommandResponse) (B:70)[0m
[0;34m[1784835337.346] [19620:19622] [EM] Found matching exchange: 5694i, Delegate: 0x7533a40382d8[0m
[0;34m[1784835337.346] [19620:19622] [EM] Rxd Ack; Removing MessageCounter:159234492 from Retrans Table on exchange 5694i[0m
[0;34m[1784835337.346] [19620:19622] [DMG] ICR moving to [ResponseRe][0m
[0;34m[1784835337.346] [19620:19622] [DMG] InvokeResponseMessage =[0m
[0;34m[1784835337.346] [19620:19622] [DMG] {[0m
[0;34m[1784835337.346] [19620:19622] [DMG] 	suppressResponse = false, [0m
[0;34m[1784835337.346] [19620:19622] [DMG] 	InvokeResponseIBs =[0m
[0;34m[1784835337.346] [19620:19622] [DMG] 	[[0m
[0;34m[1784835337.346] [19620:19622] [DMG] 		InvokeResponseIB =[0m
[0;34m[1784835337.346] [19620:19622] [DMG] 		{[0m
[0;34m[1784835337.346] [19620:19622] [DMG] 			CommandDataIB =[0m
[0;34m[1784835337.346] [19620:19622] [DMG] 			{[0m
[0;34m[1784835337.346] [19620:19622] [DMG] 				CommandPathIB =[0m
[0;34m[1784835337.346] [19620:19622] [DMG] 				{[0m
[0;34m[1784835337.346] [19620:19622] [DMG] 					EndpointId = 0x0,[0m
[0;34m[1784835337.346] [19620:19622] [DMG] 					ClusterId = 0x30,[0m
[0;34m[1784835337.346] [19620:19622] [DMG] 					CommandId = 0x1,[0m
[0;34m[1784835337.346] [19620:19622] [DMG] 				},[0m
[0;34m[1784835337.346] [19620:19622] [DMG] 				[0m
[0;34m[1784835337.346] [19620:19622] [DMG] 				CommandFields = [0m
[0;34m[1784835337.346] [19620:19622] [DMG] 				{[0m
[0;34m[1784835337.346] [19620:19622] [DMG] 					0x0 = 0 (unsigned), [0m
[0;34m[1784835337.346] [19620:19622] [DMG] 					0x1 = "" (0 chars), [0m
[0;34m[1784835337.346] [19620:19622] [DMG] 				},[0m
[0;34m[1784835337.346] [19620:19622] [DMG] 			},[0m
[0;34m[1784835337.346] [19620:19622] [DMG] 			[0m
[0;34m[1784835337.346] [19620:19622] [DMG] 		},[0m
[0;34m[1784835337.346] [19620:19622] [DMG] 		[0m
[0;34m[1784835337.346] [19620:19622] [DMG] 	],[0m
[0;34m[1784835337.346] [19620:19622] [DMG] 	[0m
[0;34m[1784835337.346] [19620:19622] [DMG] 	InteractionModelRevision = 12[0m
[0;34m[1784835337.346] [19620:19622] [DMG] },[0m
[0;32m[1784835337.346] [19620:19622] [DMG] Received Command Response Data, Endpoint=0 Cluster=0x0000_0030 Command=0x0000_0001[0m
[0;32m[1784835337.346] [19620:19622] [CTL] Received ArmFailSafe response errorCode=0[0m
[0;32m[1784835337.346] [19620:19622] [CTL] Successfully finished commissioning step 'ArmFailSafe'[0m
[0;32m[1784835337.346] [19620:19622] [CTL] Commissioning stage next step: 'ArmFailSafe' -> 'ConfigRegulatory'[0m
[0;32m[1784835337.346] [19620:19622] [CTL] Performing next commissioning step 'ConfigRegulatory'[0m
[0;34m[1784835337.346] [19620:19622] [TOO] Starting commissioning stage 'ConfigRegulatory'[0m
[0;32m[1784835337.346] [19620:19622] [CTL] Setting Regulatory Config[0m
[0;32m[1784835337.346] [19620:19622] [CTL] No regulatory config supplied by controller, leaving as device default (0)[0m
[0;34m[1784835337.346] [19620:19622] [DMG] ICR moving to [AddingComm][0m
[0;34m[1784835337.346] [19620:19622] [DMG] ICR moving to [AddedComma][0m
[0;32m[1784835337.346] [19620:19622] [EM] <<< [E:5695i S:47818 M:159234494] (S) Msg TX from 0000000000000000 to 0:FFFFFFFB00000000 [0000] [UDP:[fe80::bfe:a203:38f0:bce7%enp0s3]:5540] --- Type 0001:08 (IM:InvokeCommandRequest) (B:70)[0m
[0;32m[1784835337.346] [19620:19622] [EM] ??1 [E:5695i S:47818 M:159234494] (S) Msg Retransmission to 0:FFFFFFFB00000000 scheduled for 378ms from now [State:Active II:500 AI:300 AT:4000][0m
[0;34m[1784835337.346] [19620:19622] [DMG] ICR moving to [AwaitingRe][0m
[0;34m[1784835337.346] [19620:19622] [DMG] ICR moving to [AwaitingDe][0m
[0;32m[1784835337.346] [19620:19622] [EM] <<< [E:5694i S:47818 M:159234495 (Ack:252518480)] (S) Msg TX from 0000000000000000 to 0:FFFFFFFB00000000 [0000] [UDP:[fe80::bfe:a203:38f0:bce7%enp0s3]:5540] --- Type 0000:10 (SecureChannel:StandaloneAck) (B:34)[0m
[0;34m[1784835337.346] [19620:19622] [EM] Flushed pending ack for MessageCounter:252518480 on exchange 5694i[0m
[0;32m[1784835337.354] [19620:19622] [EM] >>> [E:5695i S:47818 M:252518481 (Ack:159234494)] (S) Msg RX from 0:FFFFFFFB00000000 [0000] to 0000000000000000 --- Type 0001:09 (IM:InvokeCommandResponse) (B:70)[0m
[0;34m[1784835337.354] [19620:19622] [EM] Found matching exchange: 5695i, Delegate: 0x7533a4035058[0m
[0;34m[1784835337.354] [19620:19622] [EM] Rxd Ack; Removing MessageCounter:159234494 from Retrans Table on exchange 5695i[0m
[0;34m[1784835337.354] [19620:19622] [DMG] ICR moving to [ResponseRe][0m
[0;34m[1784835337.354] [19620:19622] [DMG] InvokeResponseMessage =[0m
[0;34m[1784835337.354] [19620:19622] [DMG] {[0m
[0;34m[1784835337.354] [19620:19622] [DMG] 	suppressResponse = false, [0m
[0;34m[1784835337.354] [19620:19622] [DMG] 	InvokeResponseIBs =[0m
[0;34m[1784835337.354] [19620:19622] [DMG] 	[[0m
[0;34m[1784835337.354] [19620:19622] [DMG] 		InvokeResponseIB =[0m
[0;34m[1784835337.354] [19620:19622] [DMG] 		{[0m
[0;34m[1784835337.354] [19620:19622] [DMG] 			CommandDataIB =[0m
[0;34m[1784835337.354] [19620:19622] [DMG] 			{[0m
[0;34m[1784835337.354] [19620:19622] [DMG] 				CommandPathIB =[0m
[0;34m[1784835337.354] [19620:19622] [DMG] 				{[0m
[0;34m[1784835337.354] [19620:19622] [DMG] 					EndpointId = 0x0,[0m
[0;34m[1784835337.354] [19620:19622] [DMG] 					ClusterId = 0x30,[0m
[0;34m[1784835337.354] [19620:19622] [DMG] 					CommandId = 0x3,[0m
[0;34m[1784835337.354] [19620:19622] [DMG] 				},[0m
[0;34m[1784835337.354] [19620:19622] [DMG] 				[0m
[0;34m[1784835337.354] [19620:19622] [DMG] 				CommandFields = [0m
[0;34m[1784835337.354] [19620:19622] [DMG] 				{[0m
[0;34m[1784835337.354] [19620:19622] [DMG] 					0x0 = 0 (unsigned), [0m
[0;34m[1784835337.354] [19620:19622] [DMG] 					0x1 = "" (0 chars), [0m
[0;34m[1784835337.354] [19620:19622] [DMG] 				},[0m
[0;34m[1784835337.354] [19620:19622] [DMG] 			},[0m
[0;34m[1784835337.354] [19620:19622] [DMG] 			[0m
[0;34m[1784835337.354] [19620:19622] [DMG] 		},[0m
[0;34m[1784835337.354] [19620:19622] [DMG] 		[0m
[0;34m[1784835337.354] [19620:19622] [DMG] 	],[0m
[0;34m[1784835337.354] [19620:19622] [DMG] 	[0m
[0;34m[1784835337.354] [19620:19622] [DMG] 	InteractionModelRevision = 12[0m
[0;34m[1784835337.354] [19620:19622] [DMG] },[0m
[0;32m[1784835337.354] [19620:19622] [DMG] Received Command Response Data, Endpoint=0 Cluster=0x0000_0030 Command=0x0000_0003[0m
[0;32m[1784835337.354] [19620:19622] [CTL] Received SetRegulatoryConfig response errorCode=0[0m
[0;32m[1784835337.354] [19620:19622] [CTL] Successfully finished commissioning step 'ConfigRegulatory'[0m
[0;32m[1784835337.354] [19620:19622] [CTL] Commissioning stage next step: 'ConfigRegulatory' -> 'ConfigureTCAcknowledgments'[0m
[0;32m[1784835337.354] [19620:19622] [CTL] Performing next commissioning step 'ConfigureTCAcknowledgments'[0m
[0;34m[1784835337.354] [19620:19622] [TOO] Starting commissioning stage 'ConfigureTCAcknowledgments'[0m
[0;32m[1784835337.354] [19620:19622] [CTL] Setting Terms and Conditions[0m
[0;32m[1784835337.354] [19620:19622] [CTL] Setting Terms and Conditions: Skipped[0m
[0;32m[1784835337.354] [19620:19622] [CTL] Successfully finished commissioning step 'ConfigureTCAcknowledgments'[0m
[0;32m[1784835337.354] [19620:19622] [CTL] Commissioning stage next step: 'ConfigureTCAcknowledgments' -> 'ConfigureUTCTime'[0m
[0;32m[1784835337.354] [19620:19622] [CTL] Performing next commissioning step 'ConfigureUTCTime'[0m
[0;34m[1784835337.354] [19620:19622] [TOO] Starting commissioning stage 'ConfigureUTCTime'[0m
[0;34m[1784835337.354] [19620:19622] [DMG] ICR moving to [AddingComm][0m
[0;34m[1784835337.354] [19620:19622] [DMG] ICR moving to [AddedComma][0m
[0;32m[1784835337.354] [19620:19622] [EM] <<< [E:5696i S:47818 M:159234496] (S) Msg TX from 0000000000000000 to 0:FFFFFFFB00000000 [0000] [UDP:[fe80::bfe:a203:38f0:bce7%enp0s3]:5540] --- Type 0001:08 (IM:InvokeCommandRequest) (B:72)[0m
[0;32m[1784835337.354] [19620:19622] [EM] ??1 [E:5696i S:47818 M:159234496] (S) Msg Retransmission to 0:FFFFFFFB00000000 scheduled for 357ms from now [State:Active II:500 AI:300 AT:4000][0m
[0;34m[1784835337.354] [19620:19622] [DMG] ICR moving to [AwaitingRe][0m
[0;34m[1784835337.354] [19620:19622] [DMG] ICR moving to [AwaitingDe][0m
[0;32m[1784835337.354] [19620:19622] [EM] <<< [E:5695i S:47818 M:159234497 (Ack:252518481)] (S) Msg TX from 0000000000000000 to 0:FFFFFFFB00000000 [0000] [UDP:[fe80::bfe:a203:38f0:bce7%enp0s3]:5540] --- Type 0000:10 (SecureChannel:StandaloneAck) (B:34)[0m
[0;34m[1784835337.354] [19620:19622] [EM] Flushed pending ack for MessageCounter:252518481 on exchange 5695i[0m
[0;32m[1784835337.354] [19620:19622] [EM] >>> [E:5696i S:47818 M:252518482 (Ack:159234496)] (S) Msg RX from 0:FFFFFFFB00000000 [0000] to 0000000000000000 --- Type 0001:09 (IM:InvokeCommandResponse) (B:70)[0m
[0;34m[1784835337.354] [19620:19622] [EM] Found matching exchange: 5696i, Delegate: 0x7533a40382d8[0m
[0;34m[1784835337.354] [19620:19622] [EM] Rxd Ack; Removing MessageCounter:159234496 from Retrans Table on exchange 5696i[0m
[0;34m[1784835337.354] [19620:19622] [DMG] ICR moving to [ResponseRe][0m
[0;34m[1784835337.354] [19620:19622] [DMG] InvokeResponseMessage =[0m
[0;34m[1784835337.354] [19620:19622] [DMG] {[0m
[0;34m[1784835337.354] [19620:19622] [DMG] 	suppressResponse = false, [0m
[0;34m[1784835337.354] [19620:19622] [DMG] 	InvokeResponseIBs =[0m
[0;34m[1784835337.354] [19620:19622] [DMG] 	[[0m
[0;34m[1784835337.354] [19620:19622] [DMG] 		InvokeResponseIB =[0m
[0;34m[1784835337.354] [19620:19622] [DMG] 		{[0m
[0;34m[1784835337.354] [19620:19622] [DMG] 			CommandStatusIB =[0m
[0;34m[1784835337.354] [19620:19622] [DMG] 			{[0m
[0;34m[1784835337.354] [19620:19622] [DMG] 				CommandPathIB =[0m
[0;34m[1784835337.354] [19620:19622] [DMG] 				{[0m
[0;34m[1784835337.354] [19620:19622] [DMG] 					EndpointId = 0x0,[0m
[0;34m[1784835337.354] [19620:19622] [DMG] 					ClusterId = 0x38,[0m
[0;34m[1784835337.354] [19620:19622] [DMG] 					CommandId = 0x0,[0m
[0;34m[1784835337.354] [19620:19622] [DMG] 				},[0m
[0;34m[1784835337.354] [19620:19622] [DMG] 				[0m
[0;34m[1784835337.354] [19620:19622] [DMG] 				StatusIB =[0m
[0;34m[1784835337.354] [19620:19622] [DMG] 				{[0m
[0;34m[1784835337.354] [19620:19622] [DMG] 					status = 0x01 (FAILURE),[0m
[0;34m[1784835337.354] [19620:19622] [DMG] 					cluster-status = 0x2,[0m
[0;34m[1784835337.354] [19620:19622] [DMG] 				},[0m
[0;34m[1784835337.354] [19620:19622] [DMG] 				[0m
[0;34m[1784835337.354] [19620:19622] [DMG] 			},[0m
[0;34m[1784835337.354] [19620:19622] [DMG] 			[0m
[0;34m[1784835337.354] [19620:19622] [DMG] 		},[0m
[0;34m[1784835337.354] [19620:19622] [DMG] 		[0m
[0;34m[1784835337.354] [19620:19622] [DMG] 	],[0m
[0;34m[1784835337.354] [19620:19622] [DMG] 	[0m
[0;34m[1784835337.354] [19620:19622] [DMG] 	InteractionModelRevision = 12[0m
[0;34m[1784835337.354] [19620:19622] [DMG] },[0m
[0;32m[1784835337.354] [19620:19622] [DMG] Received Command Response Status for Endpoint=0 Cluster=0x0000_0038 Command=0x0000_0000 Status=0x1[0m
[0;32m[1784835337.354] [19620:19622] [CTL] Successfully finished commissioning step 'ConfigureUTCTime'[0m
[0;32m[1784835337.354] [19620:19622] [CTL] Commissioning stage next step: 'ConfigureUTCTime' -> 'SendPAICertificateRequest'[0m
[0;32m[1784835337.354] [19620:19622] [CTL] Performing next commissioning step 'SendPAICertificateRequest'[0m
[0;34m[1784835337.354] [19620:19622] [TOO] Starting commissioning stage 'SendPAICertificateRequest'[0m
[0;32m[1784835337.354] [19620:19622] [CTL] Sending request for PAI certificate[0m
[0;34m[1784835337.354] [19620:19622] [CTL] Sending Certificate Chain request to 0x7533a4033e20 device[0m
[0;34m[1784835337.355] [19620:19622] [DMG] ICR moving to [AddingComm][0m
[0;34m[1784835337.355] [19620:19622] [DMG] ICR moving to [AddedComma][0m
[0;32m[1784835337.355] [19620:19622] [EM] <<< [E:5697i S:47818 M:159234498] (S) Msg TX from 0000000000000000 to 0:FFFFFFFB00000000 [0000] [UDP:[fe80::bfe:a203:38f0:bce7%enp0s3]:5540] --- Type 0001:08 (IM:InvokeCommandRequest) (B:62)[0m
[0;32m[1784835337.355] [19620:19622] [EM] ??1 [E:5697i S:47818 M:159234498] (S) Msg Retransmission to 0:FFFFFFFB00000000 scheduled for 370ms from now [State:Active II:500 AI:300 AT:4000][0m
[0;34m[1784835337.355] [19620:19622] [DMG] ICR moving to [AwaitingRe][0m
[0;34m[1784835337.355] [19620:19622] [DMG] ICR moving to [AwaitingDe][0m
[0;32m[1784835337.355] [19620:19622] [EM] <<< [E:5696i S:47818 M:159234499 (Ack:252518482)] (S) Msg TX from 0000000000000000 to 0:FFFFFFFB00000000 [0000] [UDP:[fe80::bfe:a203:38f0:bce7%enp0s3]:5540] --- Type 0000:10 (SecureChannel:StandaloneAck) (B:34)[0m
[0;34m[1784835337.355] [19620:19622] [EM] Flushed pending ack for MessageCounter:252518482 on exchange 5696i[0m
[0;32m[1784835337.355] [19620:19622] [EM] >>> [E:5697i S:47818 M:252518483 (Ack:159234498)] (S) Msg RX from 0:FFFFFFFB00000000 [0000] to 0000000000000000 --- Type 0001:09 (IM:InvokeCommandResponse) (B:531)[0m
[0;34m[1784835337.355] [19620:19622] [EM] Found matching exchange: 5697i, Delegate: 0x7533a4035058[0m
[0;34m[1784835337.355] [19620:19622] [EM] Rxd Ack; Removing MessageCounter:159234498 from Retrans Table on exchange 5697i[0m
[0;34m[1784835337.355] [19620:19622] [DMG] ICR moving to [ResponseRe][0m
[0;34m[1784835337.355] [19620:19622] [DMG] InvokeResponseMessage =[0m
[0;34m[1784835337.355] [19620:19622] [DMG] {[0m
[0;34m[1784835337.355] [19620:19622] [DMG] 	suppressResponse = false, [0m
[0;34m[1784835337.355] [19620:19622] [DMG] 	InvokeResponseIBs =[0m
[0;34m[1784835337.355] [19620:19622] [DMG] 	[[0m
[0;34m[1784835337.355] [19620:19622] [DMG] 		InvokeResponseIB =[0m
[0;34m[1784835337.355] [19620:19622] [DMG] 		{[0m
[0;34m[1784835337.355] [19620:19622] [DMG] 			CommandDataIB =[0m
[0;34m[1784835337.355] [19620:19622] [DMG] 			{[0m
[0;34m[1784835337.355] [19620:19622] [DMG] 				CommandPathIB =[0m
[0;34m[1784835337.355] [19620:19622] [DMG] 				{[0m
[0;34m[1784835337.355] [19620:19622] [DMG] 					EndpointId = 0x0,[0m
[0;34m[1784835337.355] [19620:19622] [DMG] 					ClusterId = 0x3e,[0m
[0;34m[1784835337.355] [19620:19622] [DMG] 					CommandId = 0x3,[0m
[0;34m[1784835337.355] [19620:19622] [DMG] 				},[0m
[0;34m[1784835337.355] [19620:19622] [DMG] 				[0m
[0;34m[1784835337.355] [19620:19622] [DMG] 				CommandFields = [0m
[0;34m[1784835337.355] [19620:19622] [DMG] 				{[0m
[0;34m[1784835337.355] [19620:19622] [DMG] 					0x0 = [[0m
[0;34m[1784835337.355] [19620:19622] [DMG] 							0x30, 0x82, 0x01, 0xcb, 0x30, 0x82, 0x01, 0x71, 0xa0, 0x03, 0x02, 0x01, 0x02, 0x02, 0x08, 0x56, 0xad, 0x82, 0x22, 0xad, 0x94, 0x5b, 0x64, 0x30, 0x0a, 0x06, 0x08, 0x2a, 0x86, 0x48, 0xce, 0x3d, 0x04, 0x03, 0x02, 0x30, 0x30, 0x31, 0x18, 0x30, 0x16, 0x06, 0x03, 0x55, 0x04, 0x03, 0x0c, 0x0f, 0x4d, 0x61, 0x74, 0x74, 0x65, 0x72, 0x20, 0x54, 0x65, 0x73, 0x74, 0x20, 0x50, 0x41, 0x41, 0x31, 0x14, 0x30, 0x12, 0x06, 0x0a, 0x2b, 0x06, 0x01, 0x04, 0x01, 0x82, 0xa2, 0x7c, 0x02, 0x01, 0x0c, 0x04, 0x46, 0x46, 0x46, 0x31, 0x30, 0x20, 0x17, 0x0d, 0x32, 0x32, 0x30, 0x32, 0x30, 0x35, 0x30, 0x30, 0x30, 0x30, 0x30, 0x30, 0x5a, 0x18, 0x0f, 0x39, 0x39, 0x39, 0x39, 0x31, 0x32, 0x33, 0x31, 0x32, 0x33, 0x35, 0x39, 0x35, 0x39, 0x5a, 0x30, 0x3d, 0x31, 0x25, 0x30, 0x23, 0x06, 0x03, 0x55, 0x04, 0x03, 0x0c, 0x1c, 0x4d, 0x61, 0x74, 0x74, 0x65, 0x72, 0x20, 0x44, 0x65, 0x76, 0x20, 0x50, 0x41, 0x49, 0x20, 0x30, 0x78, 0x46, 0x46, 0x46, 0x31, 0x20, 0x6e, 0x6f, 0x20, 0x50, 0x49, 0x44, 0x31, 0x14, 0x30, 0x12, 0x06, 0x0a, 0x2b, 0x06, 0x01, 0x04, 0x01, 0x82, 0xa2, 0x7c, 0x02, 0x01, 0x0c, 0x04, 0x46, 0x46, 0x46, 0x31, 0x30, 0x59, 0x30, 0x13, 0x06, 0x07, 0x2a, 0x86, 0x48, 0xce, 0x3d, 0x02, 0x01, 0x06, 0x08, 0x2a, 0x86, 0x48, 0xce, 0x3d, 0x03, 0x01, 0x07, 0x03, 0x42, 0x00, 0x04, 0x41, 0x9a, 0x93, 0x15, 0xc2, 0x17, 0x3e, 0x0c, 0x8c, 0x87, 0x6d, 0x03, 0xcc, 0xfc, 0x94, 0x48, 0x52, 0x64, 0x7f, 0x7f, 0xec, 0x5e, 0x50, 0x82, 0xf4, 0x05, 0x99, 0x28, 0xec, 0xa8, 0x94, 0xc5, 0x94, 0x15, 0x13, 0x09, 0xac, 0x63, 0x1e, 0x4c, 0xb0, 0x33, 0x92, 0xaf, 0x68, 0x4b, 0x0b, 0xaf, 0xb7, 0xe6, 0x5b, 0x3b, 0x81, 0x62, 0xc2, 0xf5, 0x2b, 0xf9, 0x31, 0xb8, 0xe7, 0x7a, 0xaa, 0x82, 0xa3, 0x66, 0x30, 0x64, 0x30, 0x12, 0x06, 0x03, 0x55, 0x1d, 0x[0m
[0;34m[1784835337.355] [19620:19622] [DMG] 					] (463 bytes)[0m
[0;34m[1784835337.355] [19620:19622] [DMG] 				},[0m
[0;34m[1784835337.355] [19620:19622] [DMG] 			},[0m
[0;34m[1784835337.355] [19620:19622] [DMG] 			[0m
[0;34m[1784835337.355] [19620:19622] [DMG] 		},[0m
[0;34m[1784835337.355] [19620:19622] [DMG] 		[0m
[0;34m[1784835337.355] [19620:19622] [DMG] 	],[0m
[0;34m[1784835337.355] [19620:19622] [DMG] 	[0m
[0;34m[1784835337.355] [19620:19622] [DMG] 	InteractionModelRevision = 12[0m
[0;34m[1784835337.355] [19620:19622] [DMG] },[0m
[0;32m[1784835337.355] [19620:19622] [DMG] Received Command Response Data, Endpoint=0 Cluster=0x0000_003E Command=0x0000_0003[0m
[0;32m[1784835337.355] [19620:19622] [CTL] Received certificate chain from the device[0m
[0;32m[1784835337.355] [19620:19622] [CTL] Successfully finished commissioning step 'SendPAICertificateRequest'[0m
[0;32m[1784835337.355] [19620:19622] [CTL] Commissioning stage next step: 'SendPAICertificateRequest' -> 'SendDACCertificateRequest'[0m
[0;32m[1784835337.355] [19620:19622] [CTL] Performing next commissioning step 'SendDACCertificateRequest'[0m
[0;34m[1784835337.355] [19620:19622] [TOO] Starting commissioning stage 'SendDACCertificateRequest'[0m
[0;32m[1784835337.355] [19620:19622] [CTL] Sending request for DAC certificate[0m
[0;34m[1784835337.355] [19620:19622] [CTL] Sending Certificate Chain request to 0x7533a4033e20 device[0m
[0;34m[1784835337.355] [19620:19622] [DMG] ICR moving to [AddingComm][0m
[0;34m[1784835337.355] [19620:19622] [DMG] ICR moving to [AddedComma][0m
[0;32m[1784835337.355] [19620:19622] [EM] <<< [E:5698i S:47818 M:159234500] (S) Msg TX from 0000000000000000 to 0:FFFFFFFB00000000 [0000] [UDP:[fe80::bfe:a203:38f0:bce7%enp0s3]:5540] --- Type 0001:08 (IM:InvokeCommandRequest) (B:62)[0m
[0;32m[1784835337.355] [19620:19622] [EM] ??1 [E:5698i S:47818 M:159234500] (S) Msg Retransmission to 0:FFFFFFFB00000000 scheduled for 340ms from now [State:Active II:500 AI:300 AT:4000][0m
[0;34m[1784835337.355] [19620:19622] [DMG] ICR moving to [AwaitingRe][0m
[0;34m[1784835337.355] [19620:19622] [DMG] ICR moving to [AwaitingDe][0m
[0;32m[1784835337.355] [19620:19622] [EM] <<< [E:5697i S:47818 M:159234501 (Ack:252518483)] (S) Msg TX from 0000000000000000 to 0:FFFFFFFB00000000 [0000] [UDP:[fe80::bfe:a203:38f0:bce7%enp0s3]:5540] --- Type 0000:10 (SecureChannel:StandaloneAck) (B:34)[0m
[0;34m[1784835337.355] [19620:19622] [EM] Flushed pending ack for MessageCounter:252518483 on exchange 5697i[0m
[0;32m[1784835337.356] [19620:19622] [EM] >>> [E:5698i S:47818 M:252518484 (Ack:159234500)] (S) Msg RX from 0:FFFFFFFB00000000 [0000] to 0000000000000000 --- Type 0001:09 (IM:InvokeCommandResponse) (B:559)[0m
[0;34m[1784835337.356] [19620:19622] [EM] Found matching exchange: 5698i, Delegate: 0x7533a40382d8[0m
[0;34m[1784835337.356] [19620:19622] [EM] Rxd Ack; Removing MessageCounter:159234500 from Retrans Table on exchange 5698i[0m
[0;34m[1784835337.356] [19620:19622] [DMG] ICR moving to [ResponseRe][0m
[0;34m[1784835337.356] [19620:19622] [DMG] InvokeResponseMessage =[0m
[0;34m[1784835337.356] [19620:19622] [DMG] {[0m
[0;34m[1784835337.356] [19620:19622] [DMG] 	suppressResponse = false, [0m
[0;34m[1784835337.356] [19620:19622] [DMG] 	InvokeResponseIBs =[0m
[0;34m[1784835337.356] [19620:19622] [DMG] 	[[0m
[0;34m[1784835337.356] [19620:19622] [DMG] 		InvokeResponseIB =[0m
[0;34m[1784835337.356] [19620:19622] [DMG] 		{[0m
[0;34m[1784835337.356] [19620:19622] [DMG] 			CommandDataIB =[0m
[0;34m[1784835337.356] [19620:19622] [DMG] 			{[0m
[0;34m[1784835337.356] [19620:19622] [DMG] 				CommandPathIB =[0m
[0;34m[1784835337.356] [19620:19622] [DMG] 				{[0m
[0;34m[1784835337.356] [19620:19622] [DMG] 					EndpointId = 0x0,[0m
[0;34m[1784835337.356] [19620:19622] [DMG] 					ClusterId = 0x3e,[0m
[0;34m[1784835337.356] [19620:19622] [DMG] 					CommandId = 0x3,[0m
[0;34m[1784835337.356] [19620:19622] [DMG] 				},[0m
[0;34m[1784835337.356] [19620:19622] [DMG] 				[0m
[0;34m[1784835337.356] [19620:19622] [DMG] 				CommandFields = [0m
[0;34m[1784835337.356] [19620:19622] [DMG] 				{[0m
[0;34m[1784835337.356] [19620:19622] [DMG] 					0x0 = [[0m
[0;34m[1784835337.356] [19620:19622] [DMG] 							0x30, 0x82, 0x01, 0xe7, 0x30, 0x82, 0x01, 0x8e, 0xa0, 0x03, 0x02, 0x01, 0x02, 0x02, 0x08, 0x69, 0xcd, 0xf1, 0x0d, 0xe9, 0xe5, 0x4e, 0xd1, 0x30, 0x0a, 0x06, 0x08, 0x2a, 0x86, 0x48, 0xce, 0x3d, 0x04, 0x03, 0x02, 0x30, 0x3d, 0x31, 0x25, 0x30, 0x23, 0x06, 0x03, 0x55, 0x04, 0x03, 0x0c, 0x1c, 0x4d, 0x61, 0x74, 0x74, 0x65, 0x72, 0x20, 0x44, 0x65, 0x76, 0x20, 0x50, 0x41, 0x49, 0x20, 0x30, 0x78, 0x46, 0x46, 0x46, 0x31, 0x20, 0x6e, 0x6f, 0x20, 0x50, 0x49, 0x44, 0x31, 0x14, 0x30, 0x12, 0x06, 0x0a, 0x2b, 0x06, 0x01, 0x04, 0x01, 0x82, 0xa2, 0x7c, 0x02, 0x01, 0x0c, 0x04, 0x46, 0x46, 0x46, 0x31, 0x30, 0x20, 0x17, 0x0d, 0x32, 0x32, 0x30, 0x32, 0x30, 0x35, 0x30, 0x30, 0x30, 0x30, 0x30, 0x30, 0x5a, 0x18, 0x0f, 0x39, 0x39, 0x39, 0x39, 0x31, 0x32, 0x33, 0x31, 0x32, 0x33, 0x35, 0x39, 0x35, 0x39, 0x5a, 0x30, 0x53, 0x31, 0x25, 0x30, 0x23, 0x06, 0x03, 0x55, 0x04, 0x03, 0x0c, 0x1c, 0x4d, 0x61, 0x74, 0x74, 0x65, 0x72, 0x20, 0x44, 0x65, 0x76, 0x20, 0x44, 0x41, 0x43, 0x20, 0x30, 0x78, 0x46, 0x46, 0x46, 0x31, 0x2f, 0x30, 0x78, 0x38, 0x30, 0x30, 0x31, 0x31, 0x14, 0x30, 0x12, 0x06, 0x0a, 0x2b, 0x06, 0x01, 0x04, 0x01, 0x82, 0xa2, 0x7c, 0x02, 0x01, 0x0c, 0x04, 0x46, 0x46, 0x46, 0x31, 0x31, 0x14, 0x30, 0x12, 0x06, 0x0a, 0x2b, 0x06, 0x01, 0x04, 0x01, 0x82, 0xa2, 0x7c, 0x02, 0x02, 0x0c, 0x04, 0x38, 0x30, 0x30, 0x31, 0x30, 0x59, 0x30, 0x13, 0x06, 0x07, 0x2a, 0x86, 0x48, 0xce, 0x3d, 0x02, 0x01, 0x06, 0x08, 0x2a, 0x86, 0x48, 0xce, 0x3d, 0x03, 0x01, 0x07, 0x03, 0x42, 0x00, 0x04, 0x46, 0x3a, 0xc6, 0x93, 0x42, 0x91, 0x0a, 0x0e, 0x55, 0x88, 0xfc, 0x6f, 0xf5, 0x6b, 0xb6, 0x3e, 0x62, 0xec, 0xce, 0xcb, 0x14, 0x8f, 0x7d, 0x4e, 0xb0, 0x3e, 0xe5, 0x52, 0x60, 0x14, 0x15, 0x76, 0x7d, 0x16, 0xa5, 0xc6, 0x63, 0xf7, 0x93, 0x[0m
[0;34m[1784835337.356] [19620:19622] [DMG] 					] (491 bytes)[0m
[0;34m[1784835337.356] [19620:19622] [DMG] 				},[0m
[0;34m[1784835337.356] [19620:19622] [DMG] 			},[0m
[0;34m[1784835337.356] [19620:19622] [DMG] 			[0m
[0;34m[1784835337.356] [19620:19622] [DMG] 		},[0m
[0;34m[1784835337.356] [19620:19622] [DMG] 		[0m
[0;34m[1784835337.356] [19620:19622] [DMG] 	],[0m
[0;34m[1784835337.356] [19620:19622] [DMG] 	[0m
[0;34m[1784835337.356] [19620:19622] [DMG] 	InteractionModelRevision = 12[0m
[0;34m[1784835337.356] [19620:19622] [DMG] },[0m
[0;32m[1784835337.356] [19620:19622] [DMG] Received Command Response Data, Endpoint=0 Cluster=0x0000_003E Command=0x0000_0003[0m
[0;32m[1784835337.356] [19620:19622] [CTL] Received certificate chain from the device[0m
[0;32m[1784835337.356] [19620:19622] [CTL] Successfully finished commissioning step 'SendDACCertificateRequest'[0m
[0;32m[1784835337.356] [19620:19622] [CTL] Commissioning stage next step: 'SendDACCertificateRequest' -> 'SendAttestationRequest'[0m
[0;32m[1784835337.356] [19620:19622] [CTL] Performing next commissioning step 'SendAttestationRequest'[0m
[0;34m[1784835337.356] [19620:19622] [TOO] Starting commissioning stage 'SendAttestationRequest'[0m
[0;32m[1784835337.356] [19620:19622] [CTL] Sending Attestation Request to the device.[0m
[0;34m[1784835337.356] [19620:19622] [CTL] Sending Attestation request to 0x7533a4033e20 device[0m
[0;34m[1784835337.356] [19620:19622] [DMG] ICR moving to [AddingComm][0m
[0;34m[1784835337.356] [19620:19622] [DMG] ICR moving to [AddedComma][0m
[0;32m[1784835337.356] [19620:19622] [EM] <<< [E:5699i S:47818 M:159234502] (S) Msg TX from 0000000000000000 to 0:FFFFFFFB00000000 [0000] [UDP:[fe80::bfe:a203:38f0:bce7%enp0s3]:5540] --- Type 0001:08 (IM:InvokeCommandRequest) (B:94)[0m
[0;32m[1784835337.356] [19620:19622] [EM] ??1 [E:5699i S:47818 M:159234502] (S) Msg Retransmission to 0:FFFFFFFB00000000 scheduled for 382ms from now [State:Active II:500 AI:300 AT:4000][0m
[0;34m[1784835337.356] [19620:19622] [DMG] ICR moving to [AwaitingRe][0m
[0;34m[1784835337.356] [19620:19622] [CTL] Sent Attestation request, waiting for the Attestation Information[0m
[0;34m[1784835337.356] [19620:19622] [DMG] ICR moving to [AwaitingDe][0m
[0;32m[1784835337.356] [19620:19622] [EM] <<< [E:5698i S:47818 M:159234503 (Ack:252518484)] (S) Msg TX from 0000000000000000 to 0:FFFFFFFB00000000 [0000] [UDP:[fe80::bfe:a203:38f0:bce7%enp0s3]:5540] --- Type 0000:10 (SecureChannel:StandaloneAck) (B:34)[0m
[0;34m[1784835337.356] [19620:19622] [EM] Flushed pending ack for MessageCounter:252518484 on exchange 5698i[0m
[0;32m[1784835337.357] [19620:19622] [EM] >>> [E:5699i S:47818 M:252518485 (Ack:159234502)] (S) Msg RX from 0:FFFFFFFB00000000 [0000] to 0000000000000000 --- Type 0001:09 (IM:InvokeCommandResponse) (B:718)[0m
[0;34m[1784835337.357] [19620:19622] [EM] Found matching exchange: 5699i, Delegate: 0x7533a4035058[0m
[0;34m[1784835337.357] [19620:19622] [EM] Rxd Ack; Removing MessageCounter:159234502 from Retrans Table on exchange 5699i[0m
[0;34m[1784835337.357] [19620:19622] [DMG] ICR moving to [ResponseRe][0m
[0;34m[1784835337.357] [19620:19622] [DMG] InvokeResponseMessage =[0m
[0;34m[1784835337.357] [19620:19622] [DMG] {[0m
[0;34m[1784835337.357] [19620:19622] [DMG] 	suppressResponse = false, [0m
[0;34m[1784835337.357] [19620:19622] [DMG] 	InvokeResponseIBs =[0m
[0;34m[1784835337.357] [19620:19622] [DMG] 	[[0m
[0;34m[1784835337.357] [19620:19622] [DMG] 		InvokeResponseIB =[0m
[0;34m[1784835337.357] [19620:19622] [DMG] 		{[0m
[0;34m[1784835337.357] [19620:19622] [DMG] 			CommandDataIB =[0m
[0;34m[1784835337.357] [19620:19622] [DMG] 			{[0m
[0;34m[1784835337.357] [19620:19622] [DMG] 				CommandPathIB =[0m
[0;34m[1784835337.357] [19620:19622] [DMG] 				{[0m
[0;34m[1784835337.357] [19620:19622] [DMG] 					EndpointId = 0x0,[0m
[0;34m[1784835337.357] [19620:19622] [DMG] 					ClusterId = 0x3e,[0m
[0;34m[1784835337.357] [19620:19622] [DMG] 					CommandId = 0x1,[0m
[0;34m[1784835337.357] [19620:19622] [DMG] 				},[0m
[0;34m[1784835337.357] [19620:19622] [DMG] 				[0m
[0;34m[1784835337.357] [19620:19622] [DMG] 				CommandFields = [0m
[0;34m[1784835337.357] [19620:19622] [DMG] 				{[0m
[0;34m[1784835337.357] [19620:19622] [DMG] 					0x0 = [[0m
[0;34m[1784835337.357] [19620:19622] [DMG] 							0x15, 0x31, 0x01, 0x1b, 0x02, 0x30, 0x82, 0x02, 0x17, 0x06, 0x09, 0x2a, 0x86, 0x48, 0x86, 0xf7, 0x0d, 0x01, 0x07, 0x02, 0xa0, 0x82, 0x02, 0x08, 0x30, 0x82, 0x02, 0x04, 0x02, 0x01, 0x03, 0x31, 0x0d, 0x30, 0x0b, 0x06, 0x09, 0x60, 0x86, 0x48, 0x01, 0x65, 0x03, 0x04, 0x02, 0x01, 0x30, 0x82, 0x01, 0x70, 0x06, 0x09, 0x2a, 0x86, 0x48, 0x86, 0xf7, 0x0d, 0x01, 0x07, 0x01, 0xa0, 0x82, 0x01, 0x61, 0x04, 0x82, 0x01, 0x5d, 0x15, 0x24, 0x00, 0x01, 0x25, 0x01, 0xf1, 0xff, 0x36, 0x02, 0x05, 0x00, 0x80, 0x05, 0x01, 0x80, 0x05, 0x02, 0x80, 0x05, 0x03, 0x80, 0x05, 0x04, 0x80, 0x05, 0x05, 0x80, 0x05, 0x06, 0x80, 0x05, 0x07, 0x80, 0x05, 0x08, 0x80, 0x05, 0x09, 0x80, 0x05, 0x0a, 0x80, 0x05, 0x0b, 0x80, 0x05, 0x0c, 0x80, 0x05, 0x0d, 0x80, 0x05, 0x0e, 0x80, 0x05, 0x0f, 0x80, 0x05, 0x10, 0x80, 0x05, 0x11, 0x80, 0x05, 0x12, 0x80, 0x05, 0x13, 0x80, 0x05, 0x14, 0x80, 0x05, 0x15, 0x80, 0x05, 0x16, 0x80, 0x05, 0x17, 0x80, 0x05, 0x18, 0x80, 0x05, 0x19, 0x80, 0x05, 0x1a, 0x80, 0x05, 0x1b, 0x80, 0x05, 0x1c, 0x80, 0x05, 0x1d, 0x80, 0x05, 0x1e, 0x80, 0x05, 0x1f, 0x80, 0x05, 0x20, 0x80, 0x05, 0x21, 0x80, 0x05, 0x22, 0x80, 0x05, 0x23, 0x80, 0x05, 0x24, 0x80, 0x05, 0x25, 0x80, 0x05, 0x26, 0x80, 0x05, 0x27, 0x80, 0x05, 0x28, 0x80, 0x05, 0x29, 0x80, 0x05, 0x2a, 0x80, 0x05, 0x2b, 0x80, 0x05, 0x2c, 0x80, 0x05, 0x2d, 0x80, 0x05, 0x2e, 0x80, 0x05, 0x2f, 0x80, 0x05, 0x30, 0x80, 0x05, 0x31, 0x80, 0x05, 0x32, 0x80, 0x05, 0x33, 0x80, 0x05, 0x34, 0x80, 0x05, 0x35, 0x80, 0x05, 0x36, 0x80, 0x05, 0x37, 0x80, 0x05, 0x38, 0x80, 0x05, 0x39, 0x80, 0x05, 0x3a, 0x80, 0x05, 0x3b, 0x80, 0x05, 0x3c, 0x80, 0x05, 0x3d, 0x80, 0x05, 0x3e, 0x80, 0x05, 0x3f, 0x80, 0x05, 0x40, 0x80, 0x05, 0x41, 0x80, 0x05, 0x42, 0x80, 0x05, 0x43, 0x80, 0x[0m
[0;34m[1784835337.357] [19620:19622] [DMG] 					] (583 bytes)[0m
[0;34m[1784835337.357] [19620:19622] [DMG] 					0x1 = [[0m
[0;34m[1784835337.357] [19620:19622] [DMG] 							0xb7, 0x21, 0x03, 0x15, 0x79, 0xaa, 0x22, 0x69, 0x00, 0xd3, 0x8d, 0x78, 0x4a, 0x91, 0x04, 0x4b, 0x8d, 0xee, 0x59, 0x22, 0xfe, 0xb9, 0x68, 0x4c, 0x81, 0x01, 0x20, 0x2c, 0xc5, 0x61, 0x08, 0x08, 0xf6, 0xf7, 0x82, 0xa1, 0xc0, 0x22, 0x1f, 0x10, 0x9d, 0xd1, 0x02, 0xc5, 0x35, 0xcc, 0x7d, 0xcc, 0xb7, 0x4a, 0x97, 0x76, 0xc0, 0x4d, 0x06, 0x3a, 0x33, 0x88, 0x58, 0x0e, 0x7a, 0x2b, 0x71, 0xea, [0m
[0;34m[1784835337.357] [19620:19622] [DMG] 					] (64 bytes)[0m
[0;34m[1784835337.357] [19620:19622] [DMG] 				},[0m
[0;34m[1784835337.357] [19620:19622] [DMG] 			},[0m
[0;34m[1784835337.357] [19620:19622] [DMG] 			[0m
[0;34m[1784835337.357] [19620:19622] [DMG] 		},[0m
[0;34m[1784835337.357] [19620:19622] [DMG] 		[0m
[0;34m[1784835337.357] [19620:19622] [DMG] 	],[0m
[0;34m[1784835337.357] [19620:19622] [DMG] 	[0m
[0;34m[1784835337.357] [19620:19622] [DMG] 	InteractionModelRevision = 12[0m
[0;34m[1784835337.357] [19620:19622] [DMG] },[0m
[0;32m[1784835337.357] [19620:19622] [DMG] Received Command Response Data, Endpoint=0 Cluster=0x0000_003E Command=0x0000_0001[0m
[0;32m[1784835337.357] [19620:19622] [CTL] Received Attestation Information from the device[0m
[0;32m[1784835337.357] [19620:19622] [CTL] Successfully finished commissioning step 'SendAttestationRequest'[0m
[0;34m[1784835337.357] [19620:19622] [CTL] AutoCommissioner setting attestationElements buffer size 583/583[0m
[0;32m[1784835337.357] [19620:19622] [CTL] Commissioning stage next step: 'SendAttestationRequest' -> 'AttestationVerification'[0m
[0;32m[1784835337.357] [19620:19622] [CTL] Performing next commissioning step 'AttestationVerification'[0m
[0;34m[1784835337.357] [19620:19622] [TOO] Starting commissioning stage 'AttestationVerification'[0m
[0;32m[1784835337.357] [19620:19622] [CTL] Verifying Device Attestation information received from the device[0m
[0;32m[1784835337.360] [19620:19622] [-] Device candidate DAC chain details:[0m
[0;32m[1784835337.360] [19620:19622] [-] --> DAC's VID: 0xFFF1, PID: 0x8001[0m
[0;32m[1784835337.360] [19620:19622] [-] ==== DAC certificate considered (491 bytes) ====[0m
[0;32m[1784835337.360] [19620:19622] [-] -----BEGIN CERTIFICATE-----[0m
[0;32m[1784835337.360] [19620:19622] [-] MIIB5zCCAY6gAwIBAgIIac3xDenlTtEwCgYIKoZIzj0EAwIwPTElMCMGA1UEAwwc[0m
[0;32m[1784835337.360] [19620:19622] [-] TWF0dGVyIERldiBQQUkgMHhGRkYxIG5vIFBJRDEUMBIGCisGAQQBgqJ8AgEMBEZG[0m
[0;32m[1784835337.360] [19620:19622] [-] RjEwIBcNMjIwMjA1MDAwMDAwWhgPOTk5OTEyMzEyMzU5NTlaMFMxJTAjBgNVBAMM[0m
[0;32m[1784835337.360] [19620:19622] [-] HE1hdHRlciBEZXYgREFDIDB4RkZGMS8weDgwMDExFDASBgorBgEEAYKifAIBDARG[0m
[0;32m[1784835337.360] [19620:19622] [-] RkYxMRQwEgYKKwYBBAGConwCAgwEODAwMTBZMBMGByqGSM49AgEGCCqGSM49AwEH[0m
[0;32m[1784835337.360] [19620:19622] [-] A0IABEY6xpNCkQoOVYj8b/Vrtj5i7M7LFI99TrA+5VJgFBV2fRalxmP3k+SRIyYL[0m
[0;32m[1784835337.360] [19620:19622] [-] gpenzX58/HsxaznZjpDSk3dzjoKjYDBeMAwGA1UdEwEB/wQCMAAwDgYDVR0PAQH/[0m
[0;32m[1784835337.360] [19620:19622] [-] BAQDAgeAMB0GA1UdDgQWBBSI3eezADgpMs/3NMBGJIEPRBaKbzAfBgNVHSMEGDAW[0m
[0;32m[1784835337.360] [19620:19622] [-] gBRjVA5H9kscONE4hKRi0WwZXY/7PDAKBggqhkjOPQQDAgNHADBEAiABJ6J7S0Rh[0m
[0;32m[1784835337.360] [19620:19622] [-] DuL83E0reIVWNmC8D3bxchntagjfsrPBzQIga1ngr0Xz6yqFuRnTVzFSjGAoxBUj[0m
[0;32m[1784835337.360] [19620:19622] [-] lUXhCOTlTnCXE1M=[0m
[0;32m[1784835337.360] [19620:19622] [-] -----END CERTIFICATE-----[0m
[0;32m[1784835337.360] [19620:19622] [-] --> DAC certificate SKID: 88:DD:E7:B3:00:38:29:32:CF:F7:34:C0:46:24:81:0F:44:16:8A:6F[0m
[0;32m[1784835337.360] [19620:19622] [-] --> DAC certificate AKID: 63:54:0E:47:F6:4B:1C:38:D1:38:84:A4:62:D1:6C:19:5D:8F:FB:3C[0m
[0;32m[1784835337.360] [19620:19622] [-] ==== PAI certificate considered (463 bytes) ====[0m
[0;32m[1784835337.360] [19620:19622] [-] -----BEGIN CERTIFICATE-----[0m
[0;32m[1784835337.360] [19620:19622] [-] MIIByzCCAXGgAwIBAgIIVq2CIq2UW2QwCgYIKoZIzj0EAwIwMDEYMBYGA1UEAwwP[0m
[0;32m[1784835337.360] [19620:19622] [-] TWF0dGVyIFRlc3QgUEFBMRQwEgYKKwYBBAGConwCAQwERkZGMTAgFw0yMjAyMDUw[0m
[0;32m[1784835337.360] [19620:19622] [-] MDAwMDBaGA85OTk5MTIzMTIzNTk1OVowPTElMCMGA1UEAwwcTWF0dGVyIERldiBQ[0m
[0;32m[1784835337.360] [19620:19622] [-] QUkgMHhGRkYxIG5vIFBJRDEUMBIGCisGAQQBgqJ8AgEMBEZGRjEwWTATBgcqhkjO[0m
[0;32m[1784835337.360] [19620:19622] [-] PQIBBggqhkjOPQMBBwNCAARBmpMVwhc+DIyHbQPM/JRIUmR/f+xeUIL0BZko7KiU[0m
[0;32m[1784835337.360] [19620:19622] [-] xZQVEwmsYx5MsDOSr2hLC6+35ls7gWLC9Sv5MbjneqqCo2YwZDASBgNVHRMBAf8E[0m
[0;32m[1784835337.360] [19620:19622] [-] CDAGAQH/AgEAMA4GA1UdDwEB/wQEAwIBBjAdBgNVHQ4EFgQUY1QOR/ZLHDjROISk[0m
[0;32m[1784835337.360] [19620:19622] [-] YtFsGV2P+zwwHwYDVR0jBBgwFoAUav0idx9RH+y/FkGXZxDc3DGhcX4wCgYIKoZI[0m
[0;32m[1784835337.360] [19620:19622] [-] zj0EAwIDSAAwRQIhALLvJ/Sa6bUPuR7qyUxNC9u415KcbLiPrOUpNo0SBUwMAiBl[0m
[0;32m[1784835337.360] [19620:19622] [-] Xckrhr2QmIKmxiF3uCXX0F7b58Ivn+pxIg5+pwP4kQ==[0m
[0;32m[1784835337.360] [19620:19622] [-] -----END CERTIFICATE-----[0m
[0;32m[1784835337.361] [19620:19622] [-] --> PAI certificate SKID: 63:54:0E:47:F6:4B:1C:38:D1:38:84:A4:62:D1:6C:19:5D:8F:FB:3C[0m
[0;32m[1784835337.361] [19620:19622] [-] --> PAI certificate AKID: 6A:FD:22:77:1F:51:1F:EC:BF:16:41:97:67:10:DC:DC:31:A1:71:7E[0m
[0;32m[1784835337.363] [19620:19622] [-] ==== PAA certificate considered (449 bytes) ====[0m
[0;32m[1784835337.363] [19620:19622] [-] -----BEGIN CERTIFICATE-----[0m
[0;32m[1784835337.363] [19620:19622] [-] MIIBvTCCAWSgAwIBAgIITqjoMYLUHBwwCgYIKoZIzj0EAwIwMDEYMBYGA1UEAwwP[0m
[0;32m[1784835337.363] [19620:19622] [-] TWF0dGVyIFRlc3QgUEFBMRQwEgYKKwYBBAGConwCAQwERkZGMTAgFw0yMTA2Mjgx[0m
[0;32m[1784835337.363] [19620:19622] [-] NDIzNDNaGA85OTk5MTIzMTIzNTk1OVowMDEYMBYGA1UEAwwPTWF0dGVyIFRlc3Qg[0m
[0;32m[1784835337.363] [19620:19622] [-] UEFBMRQwEgYKKwYBBAGConwCAQwERkZGMTBZMBMGByqGSM49AgEGCCqGSM49AwEH[0m
[0;32m[1784835337.363] [19620:19622] [-] A0IABLbLY3KIfyko9brIGqnZOuJDHK2p154kL2UXfvnO2TKijs0Duq9qj8oYShpQ[0m
[0;32m[1784835337.363] [19620:19622] [-] NUKWDUU/MD8fGUIddR6Pjxqam3WjZjBkMBIGA1UdEwEB/wQIMAYBAf8CAQEwDgYD[0m
[0;32m[1784835337.363] [19620:19622] [-] VR0PAQH/BAQDAgEGMB0GA1UdDgQWBBRq/SJ3H1Ef7L8WQZdnENzcMaFxfjAfBgNV[0m
[0;32m[1784835337.363] [19620:19622] [-] HSMEGDAWgBRq/SJ3H1Ef7L8WQZdnENzcMaFxfjAKBggqhkjOPQQDAgNHADBEAiBQ[0m
[0;32m[1784835337.363] [19620:19622] [-] qoAC9NkyqaAFOPZTaK0P/8jvu8m+t9pWmDXPmqdRDgIgI7rI/g8j51RFtlM5CBpH[0m
[0;32m[1784835337.363] [19620:19622] [-] mUkpxyqvChVI1A0DTVFLJd4=[0m
[0;32m[1784835337.363] [19620:19622] [-] -----END CERTIFICATE-----[0m
[0;32m[1784835337.363] [19620:19622] [-] --> PAA certificate SKID: 6A:FD:22:77:1F:51:1F:EC:BF:16:41:97:67:10:DC:DC:31:A1:71:7E[0m
[0;32m[1784835337.363] [19620:19622] [-] --> PAA certificate AKID: 6A:FD:22:77:1F:51:1F:EC:BF:16:41:97:67:10:DC:DC:31:A1:71:7E[0m
[0;32m[1784835337.365] [19620:19622] [-] CD signing key identifier: FE:34:3F:95:99:47:76:3B:61:EE:45:39:13:13:38:49:4F:E6:7D:8E[0m
[0;32m[1784835337.366] [19620:19622] [-] Certification type 0[0m
[0;32m[1784835337.366] [19620:19622] [-] Device certification declaration details:[0m
[0;32m[1784835337.366] [19620:19622] [-] --> VID: 0xFFF1[0m
[0;32m[1784835337.366] [19620:19622] [-] --> Device type ID: 0x0000_0016[0m
[0;32m[1784835337.366] [19620:19622] [-] --> Certification type: 0 (Development and testing)[0m
[0;32m[1784835337.366] [19620:19622] [CTL] Successfully finished commissioning step 'AttestationVerification'[0m
[0;32m[1784835337.366] [19620:19622] [CTL] Commissioning stage next step: 'AttestationVerification' -> 'AttestationRevocationCheck'[0m
[0;32m[1784835337.366] [19620:19622] [CTL] Performing next commissioning step 'AttestationRevocationCheck'[0m
[0;34m[1784835337.366] [19620:19622] [TOO] Starting commissioning stage 'AttestationRevocationCheck'[0m
[0;32m[1784835337.366] [19620:19622] [CTL] Verifying the device's DAC chain revocation status[0m
[0;32m[1784835337.366] [19620:19622] [-] WARNING: No revocation delegate available. Revocation checks will be skipped![0m
[0;32m[1784835337.366] [19620:19622] [CTL] Successfully validated 'Attestation Information' command received from the device.[0m
[0;32m[1784835337.366] [19620:19622] [CTL] Successfully finished commissioning step 'AttestationRevocationCheck'[0m
[0;32m[1784835337.366] [19620:19622] [CTL] Commissioning stage next step: 'AttestationRevocationCheck' -> 'SendOpCertSigningRequest'[0m
[0;32m[1784835337.366] [19620:19622] [CTL] Performing next commissioning step 'SendOpCertSigningRequest'[0m
[0;34m[1784835337.366] [19620:19622] [TOO] Starting commissioning stage 'SendOpCertSigningRequest'[0m
[0;34m[1784835337.366] [19620:19622] [CTL] Sending CSR request to 0x7533a4033e20 device[0m
[0;34m[1784835337.366] [19620:19622] [DMG] ICR moving to [AddingComm][0m
[0;34m[1784835337.366] [19620:19622] [DMG] ICR moving to [AddedComma][0m
[0;32m[1784835337.366] [19620:19622] [EM] <<< [E:5700i S:47818 M:159234504] (S) Msg TX from 0000000000000000 to 0:FFFFFFFB00000000 [0000] [UDP:[fe80::bfe:a203:38f0:bce7%enp0s3]:5540] --- Type 0001:08 (IM:InvokeCommandRequest) (B:94)[0m
[0;32m[1784835337.366] [19620:19622] [EM] ??1 [E:5700i S:47818 M:159234504] (S) Msg Retransmission to 0:FFFFFFFB00000000 scheduled for 340ms from now [State:Active II:500 AI:300 AT:4000][0m
[0;34m[1784835337.366] [19620:19622] [DMG] ICR moving to [AwaitingRe][0m
[0;34m[1784835337.366] [19620:19622] [CTL] Sent CSR request, waiting for the CSR[0m
[0;34m[1784835337.366] [19620:19622] [DMG] ICR moving to [AwaitingDe][0m
[0;32m[1784835337.366] [19620:19622] [EM] <<< [E:5699i S:47818 M:159234505 (Ack:252518485)] (S) Msg TX from 0000000000000000 to 0:FFFFFFFB00000000 [0000] [UDP:[fe80::bfe:a203:38f0:bce7%enp0s3]:5540] --- Type 0000:10 (SecureChannel:StandaloneAck) (B:34)[0m
[0;34m[1784835337.366] [19620:19622] [EM] Flushed pending ack for MessageCounter:252518485 on exchange 5699i[0m
[0;32m[1784835337.367] [19620:19622] [EM] >>> [E:5700i S:47818 M:252518486 (Ack:159234504)] (S) Msg RX from 0:FFFFFFFB00000000 [0000] to 0000000000000000 --- Type 0001:09 (IM:InvokeCommandResponse) (B:376)[0m
[0;34m[1784835337.367] [19620:19622] [EM] Found matching exchange: 5700i, Delegate: 0x7533a40382d8[0m
[0;34m[1784835337.367] [19620:19622] [EM] Rxd Ack; Removing MessageCounter:159234504 from Retrans Table on exchange 5700i[0m
[0;34m[1784835337.367] [19620:19622] [DMG] ICR moving to [ResponseRe][0m
[0;34m[1784835337.367] [19620:19622] [DMG] InvokeResponseMessage =[0m
[0;34m[1784835337.367] [19620:19622] [DMG] {[0m
[0;34m[1784835337.367] [19620:19622] [DMG] 	suppressResponse = false, [0m
[0;34m[1784835337.367] [19620:19622] [DMG] 	InvokeResponseIBs =[0m
[0;34m[1784835337.367] [19620:19622] [DMG] 	[[0m
[0;34m[1784835337.367] [19620:19622] [DMG] 		InvokeResponseIB =[0m
[0;34m[1784835337.367] [19620:19622] [DMG] 		{[0m
[0;34m[1784835337.367] [19620:19622] [DMG] 			CommandDataIB =[0m
[0;34m[1784835337.367] [19620:19622] [DMG] 			{[0m
[0;34m[1784835337.367] [19620:19622] [DMG] 				CommandPathIB =[0m
[0;34m[1784835337.367] [19620:19622] [DMG] 				{[0m
[0;34m[1784835337.367] [19620:19622] [DMG] 					EndpointId = 0x0,[0m
[0;34m[1784835337.367] [19620:19622] [DMG] 					ClusterId = 0x3e,[0m
[0;34m[1784835337.367] [19620:19622] [DMG] 					CommandId = 0x5,[0m
[0;34m[1784835337.367] [19620:19622] [DMG] 				},[0m
[0;34m[1784835337.367] [19620:19622] [DMG] 				[0m
[0;34m[1784835337.367] [19620:19622] [DMG] 				CommandFields = [0m
[0;34m[1784835337.367] [19620:19622] [DMG] 				{[0m
[0;34m[1784835337.367] [19620:19622] [DMG] 					0x0 = [[0m
[0;34m[1784835337.367] [19620:19622] [DMG] 							0x15, 0x30, 0x01, 0xca, 0x30, 0x81, 0xc7, 0x30, 0x70, 0x02, 0x01, 0x00, 0x30, 0x0e, 0x31, 0x0c, 0x30, 0x0a, 0x06, 0x03, 0x55, 0x04, 0x0a, 0x0c, 0x03, 0x43, 0x53, 0x52, 0x30, 0x59, 0x30, 0x13, 0x06, 0x07, 0x2a, 0x86, 0x48, 0xce, 0x3d, 0x02, 0x01, 0x06, 0x08, 0x2a, 0x86, 0x48, 0xce, 0x3d, 0x03, 0x01, 0x07, 0x03, 0x42, 0x00, 0x04, 0x07, 0xab, 0x41, 0x8f, 0x83, 0xc7, 0xa5, 0xc1, 0x5b, 0xcf, 0x10, 0x6e, 0x2f, 0x77, 0xb3, 0xca, 0x5a, 0xad, 0x7e, 0x7f, 0x3b, 0x0d, 0x1e, 0x28, 0x96, 0x9c, 0x89, 0x89, 0x30, 0x03, 0xfc, 0x51, 0x09, 0xab, 0x0f, 0x08, 0xa0, 0x14, 0x17, 0xb5, 0xec, 0xd5, 0xd7, 0x15, 0x99, 0xdc, 0x6c, 0xa8, 0xf5, 0x97, 0x74, 0x5a, 0x80, 0x78, 0x3d, 0xd1, 0x67, 0xd1, 0x1c, 0x6f, 0x9c, 0x67, 0x90, 0x47, 0xa0, 0x00, 0x30, 0x0a, 0x06, 0x08, 0x2a, 0x86, 0x48, 0xce, 0x3d, 0x04, 0x03, 0x02, 0x03, 0x47, 0x00, 0x30, 0x44, 0x02, 0x20, 0x7f, 0x29, 0x40, 0xdb, 0xe1, 0x30, 0xe3, 0x11, 0x68, 0xc9, 0x4a, 0xe4, 0x18, 0x15, 0xab, 0x5a, 0x84, 0x34, 0x0b, 0x71, 0x38, 0xb3, 0xc7, 0x3e, 0x5c, 0x73, 0xe4, 0x88, 0x98, 0x80, 0x93, 0x78, 0x02, 0x20, 0x3e, 0x9f, 0xeb, 0x9c, 0x0e, 0xd3, 0x3e, 0x5a, 0x5c, 0x27, 0xa8, 0x5e, 0xb9, 0xee, 0x85, 0xfb, 0x88, 0x51, 0x1d, 0x5e, 0x67, 0x79, 0xcf, 0x13, 0x54, 0x82, 0x0c, 0xe0, 0x4a, 0xb2, 0x54, 0xce, 0x30, 0x02, 0x20, 0xff, 0xea, 0xc7, 0x92, 0xdd, 0x14, 0xa6, 0x70, 0xa5, 0x41, 0xc2, 0xb2, 0x25, 0x3b, 0x3b, 0xac, 0xa9, 0x91, 0xaa, 0x90, 0xfb, 0x3e, 0xaa, 0xbb, 0x57, 0x1d, 0x21, 0x03, 0xc4, 0x95, 0x19, 0x73, 0x18, [0m
[0;34m[1784835337.367] [19620:19622] [DMG] 					] (242 bytes)[0m
[0;34m[1784835337.367] [19620:19622] [DMG] 					0x1 = [[0m
[0;34m[1784835337.367] [19620:19622] [DMG] 							0x13, 0xc6, 0x8a, 0xd3, 0xb9, 0xc7, 0x68, 0x47, 0xe7, 0xb2, 0x3c, 0xf4, 0x59, 0x5c, 0x46, 0x5c, 0xfd, 0x6a, 0xd4, 0x23, 0x5c, 0xd4, 0x93, 0x66, 0xd3, 0x15, 0x63, 0x61, 0xf6, 0x21, 0xfc, 0xff, 0xbf, 0x49, 0xd9, 0x01, 0x09, 0xca, 0xb2, 0xf8, 0xa6, 0x01, 0xf0, 0x4a, 0x69, 0x18, 0xb7, 0xe0, 0x3a, 0x85, 0x32, 0xa1, 0xd3, 0xdf, 0x70, 0x24, 0xb7, 0x48, 0xe5, 0x0b, 0x54, 0x5e, 0xbf, 0x73, [0m
[0;34m[1784835337.367] [19620:19622] [DMG] 					] (64 bytes)[0m
[0;34m[1784835337.367] [19620:19622] [DMG] 				},[0m
[0;34m[1784835337.367] [19620:19622] [DMG] 			},[0m
[0;34m[1784835337.367] [19620:19622] [DMG] 			[0m
[0;34m[1784835337.367] [19620:19622] [DMG] 		},[0m
[0;34m[1784835337.367] [19620:19622] [DMG] 		[0m
[0;34m[1784835337.367] [19620:19622] [DMG] 	],[0m
[0;34m[1784835337.367] [19620:19622] [DMG] 	[0m
[0;34m[1784835337.367] [19620:19622] [DMG] 	InteractionModelRevision = 12[0m
[0;34m[1784835337.367] [19620:19622] [DMG] },[0m
[0;32m[1784835337.367] [19620:19622] [DMG] Received Command Response Data, Endpoint=0 Cluster=0x0000_003E Command=0x0000_0005[0m
[0;32m[1784835337.367] [19620:19622] [CTL] Received certificate signing request from the device[0m
[0;32m[1784835337.367] [19620:19622] [CTL] Successfully finished commissioning step 'SendOpCertSigningRequest'[0m
[0;32m[1784835337.367] [19620:19622] [CTL] Commissioning stage next step: 'SendOpCertSigningRequest' -> 'ValidateCSR'[0m
[0;32m[1784835337.367] [19620:19622] [CTL] Performing next commissioning step 'ValidateCSR'[0m
[0;34m[1784835337.367] [19620:19622] [TOO] Starting commissioning stage 'ValidateCSR'[0m
[0;32m[1784835337.368] [19620:19622] [CTL] Successfully finished commissioning step 'ValidateCSR'[0m
[0;32m[1784835337.368] [19620:19622] [CTL] Commissioning stage next step: 'ValidateCSR' -> 'GenerateNOCChain'[0m
[0;32m[1784835337.368] [19620:19622] [CTL] Performing next commissioning step 'GenerateNOCChain'[0m
[0;34m[1784835337.368] [19620:19622] [TOO] Starting commissioning stage 'GenerateNOCChain'[0m
[0;32m[1784835337.368] [19620:19622] [CTL] Getting certificate chain for the device from the issuer[0m
[0;32m[1784835337.368] [19620:19622] [CTL] Verifying Certificate Signing Request[0m
[0;32m[1784835337.369] [19620:19622] [CTL] Generating NOC[0m
[0;32m[1784835337.369] [19620:19622] [CTL] Providing certificate chain to the commissioner[0m
[0;32m[1784835337.369] [19620:19622] [CTL] Received callback from the CA for NOC Chain generation. Status: Success[0m
[0;32m[1784835337.369] [19620:19622] [CTL] Successfully finished commissioning step 'GenerateNOCChain'[0m
[0;32m[1784835337.369] [19620:19622] [CTL] Performing next commissioning step 'SendTrustedRootCert'[0m
[0;34m[1784835337.369] [19620:19622] [TOO] Starting commissioning stage 'SendTrustedRootCert'[0m
[0;32m[1784835337.369] [19620:19622] [CTL] Sending root certificate to the device[0m
[0;34m[1784835337.369] [19620:19622] [DMG] ICR moving to [AddingComm][0m
[0;34m[1784835337.369] [19620:19622] [DMG] ICR moving to [AddedComma][0m
[0;32m[1784835337.369] [19620:19622] [EM] <<< [E:5701i S:47818 M:159234506] (S) Msg TX from 0000000000000000 to 0:FFFFFFFB00000000 [0000] [UDP:[fe80::bfe:a203:38f0:bce7%enp0s3]:5540] --- Type 0001:08 (IM:InvokeCommandRequest) (B:293)[0m
[0;32m[1784835337.369] [19620:19622] [EM] ??1 [E:5701i S:47818 M:159234506] (S) Msg Retransmission to 0:FFFFFFFB00000000 scheduled for 331ms from now [State:Active II:500 AI:300 AT:4000][0m
[0;34m[1784835337.369] [19620:19622] [DMG] ICR moving to [AwaitingRe][0m
[0;32m[1784835337.369] [19620:19622] [CTL] Sent root certificate to the device[0m
[0;34m[1784835337.369] [19620:19622] [DMG] ICR moving to [AwaitingDe][0m
[0;32m[1784835337.369] [19620:19622] [EM] <<< [E:5700i S:47818 M:159234507 (Ack:252518486)] (S) Msg TX from 0000000000000000 to 0:FFFFFFFB00000000 [0000] [UDP:[fe80::bfe:a203:38f0:bce7%enp0s3]:5540] --- Type 0000:10 (SecureChannel:StandaloneAck) (B:34)[0m
[0;34m[1784835337.369] [19620:19622] [EM] Flushed pending ack for MessageCounter:252518486 on exchange 5700i[0m
[0;32m[1784835337.370] [19620:19622] [EM] >>> [E:5701i S:47818 M:252518487 (Ack:159234506)] (S) Msg RX from 0:FFFFFFFB00000000 [0000] to 0000000000000000 --- Type 0001:09 (IM:InvokeCommandResponse) (B:67)[0m
[0;34m[1784835337.370] [19620:19622] [EM] Found matching exchange: 5701i, Delegate: 0x7533a4035058[0m
[0;34m[1784835337.370] [19620:19622] [EM] Rxd Ack; Removing MessageCounter:159234506 from Retrans Table on exchange 5701i[0m
[0;34m[1784835337.370] [19620:19622] [DMG] ICR moving to [ResponseRe][0m
[0;34m[1784835337.370] [19620:19622] [DMG] InvokeResponseMessage =[0m
[0;34m[1784835337.370] [19620:19622] [DMG] {[0m
[0;34m[1784835337.370] [19620:19622] [DMG] 	suppressResponse = false, [0m
[0;34m[1784835337.370] [19620:19622] [DMG] 	InvokeResponseIBs =[0m
[0;34m[1784835337.370] [19620:19622] [DMG] 	[[0m
[0;34m[1784835337.370] [19620:19622] [DMG] 		InvokeResponseIB =[0m
[0;34m[1784835337.370] [19620:19622] [DMG] 		{[0m
[0;34m[1784835337.370] [19620:19622] [DMG] 			CommandStatusIB =[0m
[0;34m[1784835337.370] [19620:19622] [DMG] 			{[0m
[0;34m[1784835337.370] [19620:19622] [DMG] 				CommandPathIB =[0m
[0;34m[1784835337.370] [19620:19622] [DMG] 				{[0m
[0;34m[1784835337.370] [19620:19622] [DMG] 					EndpointId = 0x0,[0m
[0;34m[1784835337.370] [19620:19622] [DMG] 					ClusterId = 0x3e,[0m
[0;34m[1784835337.370] [19620:19622] [DMG] 					CommandId = 0xb,[0m
[0;34m[1784835337.370] [19620:19622] [DMG] 				},[0m
[0;34m[1784835337.370] [19620:19622] [DMG] 				[0m
[0;34m[1784835337.370] [19620:19622] [DMG] 				StatusIB =[0m
[0;34m[1784835337.370] [19620:19622] [DMG] 				{[0m
[0;34m[1784835337.370] [19620:19622] [DMG] 					status = 0x00 (SUCCESS),[0m
[0;34m[1784835337.370] [19620:19622] [DMG] 				},[0m
[0;34m[1784835337.370] [19620:19622] [DMG] 				[0m
[0;34m[1784835337.370] [19620:19622] [DMG] 			},[0m
[0;34m[1784835337.370] [19620:19622] [DMG] 			[0m
[0;34m[1784835337.370] [19620:19622] [DMG] 		},[0m
[0;34m[1784835337.370] [19620:19622] [DMG] 		[0m
[0;34m[1784835337.370] [19620:19622] [DMG] 	],[0m
[0;34m[1784835337.370] [19620:19622] [DMG] 	[0m
[0;34m[1784835337.370] [19620:19622] [DMG] 	InteractionModelRevision = 12[0m
[0;34m[1784835337.370] [19620:19622] [DMG] },[0m
[0;32m[1784835337.370] [19620:19622] [DMG] Received Command Response Status for Endpoint=0 Cluster=0x0000_003E Command=0x0000_000B Status=0x0[0m
[0;32m[1784835337.370] [19620:19622] [CTL] Device confirmed that it has received the root certificate[0m
[0;32m[1784835337.370] [19620:19622] [CTL] Successfully finished commissioning step 'SendTrustedRootCert'[0m
[0;32m[1784835337.370] [19620:19622] [CTL] Commissioning stage next step: 'SendTrustedRootCert' -> 'SendNOC'[0m
[0;32m[1784835337.370] [19620:19622] [CTL] Performing next commissioning step 'SendNOC'[0m
[0;34m[1784835337.370] [19620:19622] [TOO] Starting commissioning stage 'SendNOC'[0m
[0;34m[1784835337.370] [19620:19622] [DMG] ICR moving to [AddingComm][0m
[0;34m[1784835337.370] [19620:19622] [DMG] ICR moving to [AddedComma][0m
[0;32m[1784835337.370] [19620:19622] [EM] <<< [E:5702i S:47818 M:159234508] (S) Msg TX from 0000000000000000 to 0:FFFFFFFB00000000 [0000] [UDP:[fe80::bfe:a203:38f0:bce7%enp0s3]:5540] --- Type 0001:08 (IM:InvokeCommandRequest) (B:566)[0m
[0;32m[1784835337.370] [19620:19622] [EM] ??1 [E:5702i S:47818 M:159234508] (S) Msg Retransmission to 0:FFFFFFFB00000000 scheduled for 332ms from now [State:Active II:500 AI:300 AT:4000][0m
[0;34m[1784835337.370] [19620:19622] [DMG] ICR moving to [AwaitingRe][0m
[0;32m[1784835337.370] [19620:19622] [CTL] Sent operational certificate to the device[0m
[0;34m[1784835337.370] [19620:19622] [DMG] ICR moving to [AwaitingDe][0m
[0;32m[1784835337.370] [19620:19622] [EM] <<< [E:5701i S:47818 M:159234509 (Ack:252518487)] (S) Msg TX from 0000000000000000 to 0:FFFFFFFB00000000 [0000] [UDP:[fe80::bfe:a203:38f0:bce7%enp0s3]:5540] --- Type 0000:10 (SecureChannel:StandaloneAck) (B:34)[0m
[0;34m[1784835337.370] [19620:19622] [EM] Flushed pending ack for MessageCounter:252518487 on exchange 5701i[0m
[0;32m[1784835337.382] [19620:19622] [EM] >>> [E:5702i S:47818 M:252518488 (Ack:159234508)] (S) Msg RX from 0:FFFFFFFB00000000 [0000] to 0000000000000000 --- Type 0001:09 (IM:InvokeCommandResponse) (B:70)[0m
[0;34m[1784835337.382] [19620:19622] [EM] Found matching exchange: 5702i, Delegate: 0x7533a40382d8[0m
[0;34m[1784835337.382] [19620:19622] [EM] Rxd Ack; Removing MessageCounter:159234508 from Retrans Table on exchange 5702i[0m
[0;34m[1784835337.382] [19620:19622] [DMG] ICR moving to [ResponseRe][0m
[0;34m[1784835337.382] [19620:19622] [DMG] InvokeResponseMessage =[0m
[0;34m[1784835337.382] [19620:19622] [DMG] {[0m
[0;34m[1784835337.382] [19620:19622] [DMG] 	suppressResponse = false, [0m
[0;34m[1784835337.382] [19620:19622] [DMG] 	InvokeResponseIBs =[0m
[0;34m[1784835337.382] [19620:19622] [DMG] 	[[0m
[0;34m[1784835337.382] [19620:19622] [DMG] 		InvokeResponseIB =[0m
[0;34m[1784835337.382] [19620:19622] [DMG] 		{[0m
[0;34m[1784835337.382] [19620:19622] [DMG] 			CommandDataIB =[0m
[0;34m[1784835337.382] [19620:19622] [DMG] 			{[0m
[0;34m[1784835337.382] [19620:19622] [DMG] 				CommandPathIB =[0m
[0;34m[1784835337.382] [19620:19622] [DMG] 				{[0m
[0;34m[1784835337.382] [19620:19622] [DMG] 					EndpointId = 0x0,[0m
[0;34m[1784835337.382] [19620:19622] [DMG] 					ClusterId = 0x3e,[0m
[0;34m[1784835337.382] [19620:19622] [DMG] 					CommandId = 0x8,[0m
[0;34m[1784835337.382] [19620:19622] [DMG] 				},[0m
[0;34m[1784835337.382] [19620:19622] [DMG] 				[0m
[0;34m[1784835337.382] [19620:19622] [DMG] 				CommandFields = [0m
[0;34m[1784835337.382] [19620:19622] [DMG] 				{[0m
[0;34m[1784835337.382] [19620:19622] [DMG] 					0x0 = 0 (unsigned), [0m
[0;34m[1784835337.382] [19620:19622] [DMG] 					0x1 = 1 (unsigned), [0m
[0;34m[1784835337.382] [19620:19622] [DMG] 				},[0m
[0;34m[1784835337.382] [19620:19622] [DMG] 			},[0m
[0;34m[1784835337.382] [19620:19622] [DMG] 			[0m
[0;34m[1784835337.382] [19620:19622] [DMG] 		},[0m
[0;34m[1784835337.382] [19620:19622] [DMG] 		[0m
[0;34m[1784835337.382] [19620:19622] [DMG] 	],[0m
[0;34m[1784835337.382] [19620:19622] [DMG] 	[0m
[0;34m[1784835337.382] [19620:19622] [DMG] 	InteractionModelRevision = 12[0m
[0;34m[1784835337.382] [19620:19622] [DMG] },[0m
[0;32m[1784835337.382] [19620:19622] [DMG] Received Command Response Data, Endpoint=0 Cluster=0x0000_003E Command=0x0000_0008[0m
[0;32m[1784835337.382] [19620:19622] [CTL] Device returned status 0 on receiving the NOC[0m
[0;32m[1784835337.382] [19620:19622] [CTL] Operational credentials provisioned on device 0x7533a4033e20[0m
[0;32m[1784835337.382] [19620:19622] [TOO] Secure Pairing Success[0m
[0;32m[1784835337.382] [19620:19622] [TOO] CASE establishment successful[0m
[0;32m[1784835337.382] [19620:19622] [CTL] Successfully finished commissioning step 'SendNOC'[0m
[0;32m[1784835337.382] [19620:19622] [CTL] Commissioning stage next step: 'SendNOC' -> 'EvictPreviousCaseSessions'[0m
[0;32m[1784835337.382] [19620:19622] [CTL] Performing next commissioning step 'EvictPreviousCaseSessions'[0m
[0;34m[1784835337.382] [19620:19622] [TOO] Starting commissioning stage 'EvictPreviousCaseSessions'[0m
[0;34m[1784835337.382] [19620:19622] [IN] Expiring all sessions for node <0000000000000001, 1>!![0m
[0;32m[1784835337.382] [19620:19622] [CTL] Successfully finished commissioning step 'EvictPreviousCaseSessions'[0m
[0;32m[1784835337.382] [19620:19622] [CTL] Commissioning stage next step: 'EvictPreviousCaseSessions' -> 'FindOperationalForStayActive'[0m
[0;32m[1784835337.382] [19620:19622] [CTL] Performing next commissioning step 'FindOperationalForStayActive'[0m
[0;34m[1784835337.382] [19620:19622] [TOO] Starting commissioning stage 'FindOperationalForStayActive'[0m
[0;34m[1784835337.382] [19620:19622] [CSM] FindOrEstablishSession: PeerId = [1:0000000000000001][0m
[0;34m[1784835337.382] [19620:19622] [CSM] FindOrEstablishSession: No existing OperationalSessionSetup instance found[0m
[0;34m[1784835337.382] [19620:19622] [DIS] OperationalSessionSetup[1:0000000000000001]: State change 1 --> 2[0m
[0;32m[1784835337.383] [19620:19622] [DIS] Lookup started for 1688750E21B34E1A-0000000000000001[0m
[0;34m[1784835337.383] [19620:19622] [DMG] ICR moving to [AwaitingDe][0m
[0;32m[1784835337.383] [19620:19622] [EM] <<< [E:5702i S:47818 M:159234510 (Ack:252518488)] (S) Msg TX from 0000000000000000 to 0:FFFFFFFB00000000 [0000] [UDP:[fe80::bfe:a203:38f0:bce7%enp0s3]:5540] --- Type 0000:10 (SecureChannel:StandaloneAck) (B:34)[0m
[0;34m[1784835337.383] [19620:19622] [EM] Flushed pending ack for MessageCounter:252518488 on exchange 5702i[0m
[0;32m[1784835337.383] [19620:19622] [DIS] UDP:[fe80::bfe:a203:38f0:bce7%enp0s3]:5540: new best score: 7 (for 1688750E21B34E1A-0000000000000001)[0m
[0;34m[1784835337.383] [19620:19622] [DIS] Lookup clearing interface for non LL address[0m
[0;32m[1784835337.383] [19620:19622] [DIS] UDP:10.0.2.15%enp0s3:5540: new best score: 2 (for 1688750E21B34E1A-0000000000000001)[0m
[0;32m[1784835337.383] [19620:19622] [DIS] Checking node lookup status for 1688750E21B34E1A-0000000000000001 after 1 ms[0m
[0;32m[1784835337.383] [19620:19622] [DIS] Keeping DNSSD lookup active[0m
[0;32m[1784835337.383] [19620:19622] [DIS] UDP:[fe80::bfe:a203:38f0:bce7%enp0s3]:5540: score has not improved: 7 (for 1688750E21B34E1A-0000000000000001)[0m
[0;34m[1784835337.383] [19620:19622] [DIS] Lookup clearing interface for non LL address[0m
[0;32m[1784835337.383] [19620:19622] [DIS] UDP:10.0.2.15%enp0s3:5540: score has not improved: 2 (for 1688750E21B34E1A-0000000000000001)[0m
[0;32m[1784835337.383] [19620:19622] [DIS] Checking node lookup status for 1688750E21B34E1A-0000000000000001 after 1 ms[0m
[0;32m[1784835337.383] [19620:19622] [DIS] Keeping DNSSD lookup active[0m
[0;32m[1784835337.582] [19620:19622] [DIS] Checking node lookup status for 1688750E21B34E1A-0000000000000001 after 200 ms[0m
[0;34m[1784835337.582] [19620:19622] [DIS] OperationalSessionSetup[1:0000000000000001]: Updating device address to UDP:[fe80::bfe:a203:38f0:bce7%enp0s3]:5540 while in state 2[0m
[0;34m[1784835337.582] [19620:19622] [DIS] OperationalSessionSetup[1:0000000000000001]: State change 2 --> 3[0m
[0;34m[1784835337.582] [19620:19622] [IN] SecureSession[0x7533a40647b0]: Allocated Type:2 LSID:47819[0m
[0;32m[1784835337.582] [19620:19622] [SC] Initiating session on local FabricIndex 1 from 0x000000000001B669 -> 0x0000000000000001[0m
[0;32m[1784835337.582] [19620:19622] [EM] <<< [E:5703i S:0 M:139101118] (U) Msg TX from 85C20E5D48112224 to 0:0000000000000000 [0000] [UDP:[fe80::bfe:a203:38f0:bce7%enp0s3]:5540] --- Type 0000:30 (SecureChannel:CASE_Sigma1) (B:196)[0m
[0;32m[1784835337.583] [19620:19622] [EM] ??1 [E:5703i S:0 M:139101118] (U) Msg Retransmission to 0:0000000000000000 scheduled for 591ms from now [State:Idle II:500 AI:300 AT:4000][0m
[0;32m[1784835337.583] [19620:19622] [SC] Sent Sigma1 msg to <0000000000000001, 1> [II:500ms AI:300ms AT:4000ms][0m
[0;34m[1784835337.583] [19620:19622] [DIS] OperationalSessionSetup[1:0000000000000001]: State change 3 --> 4[0m
[0;32m[1784835337.584] [19620:19622] [EM] >>> [E:5703i S:0 M:198242077 (Ack:139101118)] (U) Msg RX from 0:0000000000000000 [0000] to 85C20E5D48112224 --- Type 0000:31 (SecureChannel:CASE_Sigma2) (B:751)[0m
[0;34m[1784835337.584] [19620:19622] [EM] Found matching exchange: 5703i, Delegate: 0x7533a4064e88[0m
[0;34m[1784835337.584] [19620:19622] [EM] Rxd Ack; Removing MessageCounter:139101118 from Retrans Table on exchange 5703i[0m
[0;32m[1784835337.584] [19620:19622] [SC] Received Sigma2 msg[0m
[0;34m[1784835337.584] [19620:19622] [SC] Found MRP parameters in the message[0m
[0;34m[1784835337.585] [19620:19622] [SC] Peer <0000000000000001, 1> assigned session ID 49415[0m
[0;34m[1784835337.585] [19620:19622] [SC] Sending Sigma3[0m
[0;32m[1784835337.586] [19620:19622] [EM] <<< [E:5703i S:0 M:139101119 (Ack:198242077)] (U) Msg TX from 85C20E5D48112224 to 0:0000000000000000 [0000] [UDP:[fe80::bfe:a203:38f0:bce7%enp0s3]:5540] --- Type 0000:32 (SecureChannel:CASE_Sigma3) (B:598)[0m
[0;32m[1784835337.586] [19620:19622] [EM] ??1 [E:5703i S:0 M:139101119] (U) Msg Retransmission to 0:0000000000000000 scheduled for 378ms from now [State:Active II:500 AI:300 AT:4000][0m
[0;32m[1784835337.586] [19620:19622] [SC] Sent Sigma3 msg[0m
[0;32m[1784835337.597] [19620:19622] [EM] >>> [E:5703i S:0 M:198242078 (Ack:139101119)] (U) Msg RX from 0:0000000000000000 [0000] to 85C20E5D48112224 --- Type 0000:40 (SecureChannel:StatusReport) (B:34)[0m
[0;34m[1784835337.597] [19620:19622] [EM] Found matching exchange: 5703i, Delegate: 0x7533a4064e88[0m
[0;34m[1784835337.597] [19620:19622] [EM] Rxd Ack; Removing MessageCounter:139101119 from Retrans Table on exchange 5703i[0m
[0;32m[1784835337.597] [19620:19622] [SC] Success status report received. Session was established[0m
[0;32m[1784835337.599] [19620:19622] [SC] SecureSession[0x7533a40647b0, LSID:47819]: State change 'kEstablishing' --> 'kActive'[0m
[0;34m[1784835337.599] [19620:19622] [IN] SecureSession[0x7533a40647b0]: Activated - Type:2 LSID:47819[0m
[0;34m[1784835337.599] [19620:19622] [IN] New secure session activated for device <0000000000000001, 1>, LSID:47819 PSID:49415![0m
[0;34m[1784835337.599] [19620:19622] [DIS] OperationalSessionSetup[1:0000000000000001]: State change 4 --> 5[0m
[0;32m[1784835337.599] [19620:19622] [CTL] Successfully finished commissioning step 'FindOperationalForStayActive'[0m
[0;32m[1784835337.599] [19620:19622] [CTL] Commissioning stage next step: 'FindOperationalForStayActive' -> 'ICDSendStayActive'[0m
[0;32m[1784835337.599] [19620:19622] [CTL] Performing next commissioning step 'ICDSendStayActive'[0m
[0;34m[1784835337.599] [19620:19622] [TOO] Starting commissioning stage 'ICDSendStayActive'[0m
[0;32m[1784835337.599] [19620:19622] [CTL] Skipping kICDSendStayActive[0m
[0;32m[1784835337.599] [19620:19622] [CTL] Successfully finished commissioning step 'ICDSendStayActive'[0m
[0;32m[1784835337.599] [19620:19622] [CTL] Commissioning stage next step: 'ICDSendStayActive' -> 'FindOperationalForCommissioningComplete'[0m
[0;32m[1784835337.599] [19620:19622] [CTL] Performing next commissioning step 'FindOperationalForCommissioningComplete'[0m
[0;34m[1784835337.599] [19620:19622] [TOO] Starting commissioning stage 'FindOperationalForCommissioningComplete'[0m
[0;34m[1784835337.599] [19620:19622] [CSM] FindOrEstablishSession: PeerId = [1:0000000000000001][0m
[0;34m[1784835337.599] [19620:19622] [CSM] FindOrEstablishSession: No existing OperationalSessionSetup instance found[0m
[0;32m[1784835337.599] [19620:19622] [DIS] Found an existing secure session to [1:0000000000000001]![0m
[0;34m[1784835337.599] [19620:19622] [DIS] OperationalSessionSetup[1:0000000000000001]: State change 1 --> 5[0m
[0;32m[1784835337.599] [19620:19622] [CTL] Successfully finished commissioning step 'FindOperationalForCommissioningComplete'[0m
[0;32m[1784835337.599] [19620:19622] [CTL] Commissioning stage next step: 'FindOperationalForCommissioningComplete' -> 'SendComplete'[0m
[0;32m[1784835337.599] [19620:19622] [CTL] Performing next commissioning step 'SendComplete'[0m
[0;34m[1784835337.599] [19620:19622] [TOO] Starting commissioning stage 'SendComplete'[0m
[0;34m[1784835337.599] [19620:19622] [DMG] ICR moving to [AddingComm][0m
[0;34m[1784835337.599] [19620:19622] [DMG] ICR moving to [AddedComma][0m
[0;32m[1784835337.600] [19620:19622] [EM] <<< [E:5704i S:47819 M:179026113] (S) Msg TX from 000000000001B669 to 1:0000000000000001 [4E1A] [UDP:[fe80::bfe:a203:38f0:bce7%enp0s3]:5540] --- Type 0001:08 (IM:InvokeCommandRequest) (B:59)[0m
[0;32m[1784835337.600] [19620:19622] [EM] ??1 [E:5704i S:47819 M:179026113] (S) Msg Retransmission to 1:0000000000000001 scheduled for 358ms from now [State:Active II:500 AI:300 AT:4000][0m
[0;34m[1784835337.600] [19620:19622] [DMG] ICR moving to [AwaitingRe][0m
[0;32m[1784835337.600] [19620:19622] [EM] <<< [E:5703i S:0 M:139101120 (Ack:198242078)] (U) Msg TX from 85C20E5D48112224 to 0:0000000000000000 [0000] [UDP:[fe80::bfe:a203:38f0:bce7%enp0s3]:5540] --- Type 0000:10 (SecureChannel:StandaloneAck) (B:26)[0m
[0;34m[1784835337.600] [19620:19622] [EM] Flushed pending ack for MessageCounter:198242078 on exchange 5703i[0m
[0;32m[1784835337.625] [19620:19622] [EM] >>> [E:5704i S:47819 M:25363600 (Ack:179026113)] (S) Msg RX from 1:0000000000000001 [4E1A] to 000000000001B669 --- Type 0001:09 (IM:InvokeCommandResponse) (B:70)[0m
[0;34m[1784835337.625] [19620:19622] [EM] Found matching exchange: 5704i, Delegate: 0x7533a40382d8[0m
[0;34m[1784835337.625] [19620:19622] [EM] Rxd Ack; Removing MessageCounter:179026113 from Retrans Table on exchange 5704i[0m
[0;34m[1784835337.625] [19620:19622] [DMG] ICR moving to [ResponseRe][0m
[0;34m[1784835337.625] [19620:19622] [DMG] InvokeResponseMessage =[0m
[0;34m[1784835337.625] [19620:19622] [DMG] {[0m
[0;34m[1784835337.625] [19620:19622] [DMG] 	suppressResponse = false, [0m
[0;34m[1784835337.626] [19620:19622] [DMG] 	InvokeResponseIBs =[0m
[0;34m[1784835337.626] [19620:19622] [DMG] 	[[0m
[0;34m[1784835337.626] [19620:19622] [DMG] 		InvokeResponseIB =[0m
[0;34m[1784835337.626] [19620:19622] [DMG] 		{[0m
[0;34m[1784835337.626] [19620:19622] [DMG] 			CommandDataIB =[0m
[0;34m[1784835337.626] [19620:19622] [DMG] 			{[0m
[0;34m[1784835337.626] [19620:19622] [DMG] 				CommandPathIB =[0m
[0;34m[1784835337.626] [19620:19622] [DMG] 				{[0m
[0;34m[1784835337.626] [19620:19622] [DMG] 					EndpointId = 0x0,[0m
[0;34m[1784835337.626] [19620:19622] [DMG] 					ClusterId = 0x30,[0m
[0;34m[1784835337.626] [19620:19622] [DMG] 					CommandId = 0x5,[0m
[0;34m[1784835337.626] [19620:19622] [DMG] 				},[0m
[0;34m[1784835337.626] [19620:19622] [DMG] 				[0m
[0;34m[1784835337.626] [19620:19622] [DMG] 				CommandFields = [0m
[0;34m[1784835337.626] [19620:19622] [DMG] 				{[0m
[0;34m[1784835337.626] [19620:19622] [DMG] 					0x0 = 0 (unsigned), [0m
[0;34m[1784835337.626] [19620:19622] [DMG] 					0x1 = "" (0 chars), [0m
[0;34m[1784835337.626] [19620:19622] [DMG] 				},[0m
[0;34m[1784835337.626] [19620:19622] [DMG] 			},[0m
[0;34m[1784835337.626] [19620:19622] [DMG] 			[0m
[0;34m[1784835337.626] [19620:19622] [DMG] 		},[0m
[0;34m[1784835337.626] [19620:19622] [DMG] 		[0m
[0;34m[1784835337.626] [19620:19622] [DMG] 	],[0m
[0;34m[1784835337.626] [19620:19622] [DMG] 	[0m
[0;34m[1784835337.626] [19620:19622] [DMG] 	InteractionModelRevision = 12[0m
[0;34m[1784835337.626] [19620:19622] [DMG] },[0m
[0;32m[1784835337.626] [19620:19622] [DMG] Received Command Response Data, Endpoint=0 Cluster=0x0000_0030 Command=0x0000_0005[0m
[0;32m[1784835337.626] [19620:19622] [CTL] Received CommissioningComplete response, errorCode=0[0m
[0;32m[1784835337.626] [19620:19622] [CTL] Successfully finished commissioning step 'SendComplete'[0m
[0;32m[1784835337.626] [19620:19622] [CTL] Commissioning stage next step: 'SendComplete' -> 'Cleanup'[0m
[0;32m[1784835337.626] [19620:19622] [CTL] Performing next commissioning step 'Cleanup'[0m
[0;34m[1784835337.626] [19620:19622] [TOO] Starting commissioning stage 'Cleanup'[0m
[0;32m[1784835337.626] [19620:19622] [CTL] Successfully finished commissioning step 'Cleanup'[0m
[0;34m[1784835337.626] [19620:19622] [IN] SecureSession[0x7533a4032f30]: MarkForEviction Type:1 LSID:47818[0m
[0;32m[1784835337.626] [19620:19622] [SC] SecureSession[0x7533a4032f30, LSID:47818]: State change 'kActive' --> 'kPendingEviction'[0m
[0;34m[1784835337.626] [19620:19622] [IN] SecureSession[0x7533a4032f30]: Released - Type:1 LSID:47818[0m
[0;32m[1784835337.626] [19620:19622] [CTL] Commissioning complete for node ID 0x0000000000000001: success[0m
[0;32m[1784835337.626] [19620:19622] [TOO] Device commissioning completed with success[0m
[0;34m[1784835337.626] [19620:19622] [DMG] ICR moving to [AwaitingDe][0m
[0;32m[1784835337.626] [19620:19622] [EM] <<< [E:5704i S:47819 M:179026114 (Ack:25363600)] (S) Msg TX from 000000000001B669 to 1:0000000000000001 [4E1A] [UDP:[fe80::bfe:a203:38f0:bce7%enp0s3]:5540] --- Type 0000:10 (SecureChannel:StandaloneAck) (B:34)[0m
[0;34m[1784835337.626] [19620:19622] [EM] Flushed pending ack for MessageCounter:25363600 on exchange 5704i[0m
[0;34m[1784835337.626] [19620:19620] [CTL] Shutting down the commissioner[0m
[0;32m[1784835337.626] [19620:19620] [PAF] WiFiPAF: Closing all WiFiPAF sessions to shutdown[0m
[0;34m[1784835337.626] [19620:19620] [CTL] Shutting down the controller[0m
[0;34m[1784835337.626] [19620:19620] [IN] Expiring all sessions for fabric 0x1!![0m
[0;34m[1784835337.626] [19620:19620] [IN] SecureSession[0x7533a40647b0]: MarkForEviction Type:2 LSID:47819[0m
[0;32m[1784835337.626] [19620:19620] [SC] SecureSession[0x7533a40647b0, LSID:47819]: State change 'kActive' --> 'kPendingEviction'[0m
[0;34m[1784835337.626] [19620:19620] [IN] SecureSession[0x7533a40647b0]: Released - Type:2 LSID:47819[0m
[0;32m[1784835337.627] [19620:19620] [FP] Forgetting fabric 0x1[0m
[0;32m[1784835337.627] [19620:19620] [TS] Pending Last Known Good Time: 2023-10-14T01:16:48[0m
[0;32m[1784835337.627] [19620:19620] [TS] Previous Last Known Good Time: 2023-10-14T01:16:48[0m
[0;32m[1784835337.627] [19620:19620] [TS] Reverted Last Known Good Time to previous value[0m
[0;34m[1784835337.627] [19620:19620] [CTL] Shutting down the commissioner[0m
[0;32m[1784835337.627] [19620:19620] [PAF] WiFiPAF: Closing all WiFiPAF sessions to shutdown[0m
[0;34m[1784835337.627] [19620:19620] [CTL] Shutting down the controller[0m
[0;34m[1784835337.627] [19620:19620] [CTL] Shutting down the System State, this will teardown the CHIP Stack[0m
[0;34m[1784835337.627] [19620:19620] [DMG] All ReadHandler-s are clean, clear GlobalDirtySet[0m
[0;32m[1784835337.627] [19620:19620] [FP] Shutting down FabricTable[0m
[0;32m[1784835337.627] [19620:19620] [TS] Pending Last Known Good Time: 2023-10-14T01:16:48[0m
[0;32m[1784835337.627] [19620:19620] [TS] Previous Last Known Good Time: 2023-10-14T01:16:48[0m
[0;32m[1784835337.627] [19620:19620] [TS] Reverted Last Known Good Time to previous value[0m
[0;34m[1784835337.630] [19620:19620] [DL] Wrote settings to /tmp/chip_counters.ini[0m
[0;32m[1784835337.630] [19620:19620] [DL] NVS set: chip-counters/total-operational-hours = 0 (0x0)[0m
[0;32m[1784835337.630] [19620:19620] [DL] Inet Layer shutdown[0m
[0;32m[1784835337.630] [19620:19620] [DL] BLE Layer shutdown[0m
[0;32m[1784835337.630] [19620:19620] [DL] WiFi-PAF Layer shutdown[0m
[0;32m[1784835337.630] [19620:19620] [PAF] WiFiPAF: Closing all WiFiPAF sessions to shutdown[0m
[0;32m[1784835337.630] [19620:19620] [DL] System Layer shutdown[0m
