[0;34m[1784836964.401] [20601:20601] [DL] ChipLinuxStorage::Init: Using KVS config file: /tmp/chip_tool_kvs[0m
[1;31m[1784836964.401] [20601:20601] [DL] ChipLinuxStorage::Init: Attempt to re-initialize with KVS config file: /tmp/chip_kvs, IGNORING.[0m
[0;34m[1784836964.402] [20601:20601] [DL] ChipLinuxStorage::Init: Using KVS config file: /tmp/chip_factory.ini[0m
[0;34m[1784836964.402] [20601:20601] [DL] ChipLinuxStorage::Init: Using KVS config file: /tmp/chip_config.ini[0m
[0;34m[1784836964.402] [20601:20601] [DL] ChipLinuxStorage::Init: Using KVS config file: /tmp/chip_counters.ini[0m
[0;34m[1784836964.405] [20601:20601] [DL] Wrote settings to /tmp/chip_counters.ini[0m
[0;32m[1784836964.405] [20601:20601] [DL] NVS set: chip-counters/reboot-count = 2 (0x2)[0m
[0;32m[1784836964.405] [20601:20601] [DL] Got Ethernet interface: enp0s3[0m
[0;32m[1784836964.405] [20601:20601] [DL] Found the primary Ethernet interface:enp0s3[0m
[1;31m[1784836964.405] [20601:20601] [DL] Failed to get WiFi interface[0m
[1;31m[1784836964.405] [20601:20601] [DL] Failed to reset WiFi statistic counts[0m
[0;32m[1784836964.405] [20601:20601] [PAF] WiFiPAF: WiFiPAFLayer::Init()[0m
[0;34m[1784836964.405] [20601:20601] [IN] UDP::Init bind&listen port=0[0m
[0;34m[1784836964.405] [20601:20601] [IN] UDP::Init bound to port=58120[0m
[0;34m[1784836964.405] [20601:20601] [IN] UDP::Init bind&listen port=0[0m
[0;34m[1784836964.405] [20601:20601] [IN] UDP::Init bound to port=34735[0m
[0;34m[1784836964.405] [20601:20601] [IN] BLEBase::Init - setting/overriding transport[0m
[0;34m[1784836964.405] [20601:20601] [IN] WiFiPAFBase::Init - setting/overriding transport[0m
[0;34m[1784836964.405] [20601:20601] [IN] TransportMgr initialized[0m
[0;34m[1784836964.405] [20601:20601] [FP] Initializing FabricTable from persistent storage[0m
[0;32m[1784836964.405] [20601:20601] [TS] Last Known Good Time: [unknown][0m
[0;32m[1784836964.405] [20601:20601] [TS] Setting Last Known Good Time to firmware build time 2023-10-14T01:16:48[0m
[0;32m[1784836964.407] [20601:20601] [DMG] Ember attribute persistence requires setting up[0m
[0;32m[1784836964.407] [20601:20601] [ZCL] Using ZAP configuration...[0m
[0;34m[1784836964.407] [20601:20601] [CTL] System State Initialized...[0m
[0;32m[1784836964.407] [20601:20601] [CTL] Setting attestation nonce to random value[0m
[0;32m[1784836964.407] [20601:20601] [CTL] Setting CSR nonce to random value[0m
[0;34m[1784836964.408] [20601:20603] [DL] CHIP task running[0m
[0;32m[1784836964.408] [20601:20603] [CTL] Setting attestation nonce to random value[0m
[0;32m[1784836964.408] [20601:20603] [CTL] Setting CSR nonce to random value[0m
[0;32m[1784836964.408] [20601:20603] [CTL] Couldn't get ExampleOpCredsCAKey from storage: src/controller/ExamplePersistentStorage.cpp:112: CHIP Error 0x000000A0: Value not found in the persisted storage[0m
[0;32m[1784836964.408] [20601:20603] [CTL] Couldn't get ExampleOpCredsICAKey from storage: src/controller/ExamplePersistentStorage.cpp:112: CHIP Error 0x000000A0: Value not found in the persisted storage[0m
[0;32m[1784836964.409] [20601:20603] [CTL] Generating RCAC[0m
[0;32m[1784836964.409] [20601:20603] [CTL] Generating ICAC[0m
[0;32m[1784836964.410] [20601:20603] [CTL] Generating NOC[0m
[0;32m[1784836964.410] [20601:20603] [FP] Validating NOC chain[0m
[0;32m[1784836964.410] [20601:20603] [FP] NOC chain validation successful[0m
[0;32m[1784836964.410] [20601:20603] [FP] Added new fabric at index: 0x1[0m
[0;32m[1784836964.410] [20601:20603] [FP] Assigned compressed fabric ID: 0x618FF6366593CA14, node ID: 0x000000000001B669[0m
[0;32m[1784836964.410] [20601:20603] [TS] Last Known Good Time: 2023-10-14T01:16:48[0m
[0;32m[1784836964.410] [20601:20603] [TS] New proposed Last Known Good Time: 2021-01-01T00:00:00[0m
[0;32m[1784836964.410] [20601:20603] [TS] Retaining current Last Known Good Time[0m
[0;32m[1784836964.411] [20601:20603] [FP] Metadata for Fabric 0x1 persisted to storage.[0m
[0;32m[1784836964.413] [20601:20603] [TS] Committing Last Known Good Time to storage: 2023-10-14T01:16:48[0m
[0;32m[1784836964.414] [20601:20603] [CTL] Joined the fabric at index 1. Fabric ID is 0x0000000000000001 (Compressed Fabric ID: 618FF6366593CA14)[0m
[0;32m[1784836964.425] [20601:20603] [TOO] Discovered Device: fe80::bfe:a203:38f0:bce7:5540[0m
[0;34m[1784836964.425] [20601:20603] [IN] SecureSession[0x751bf4032f30]: Allocated Type:1 LSID:30660[0m
[0;34m[1784836964.425] [20601:20603] [SC] Assigned local session key ID 30660[0m
[0;32m[1784836964.425] [20601:20603] [EM] <<< [E:2102i S:0 M:151617560] (U) Msg TX from DC30B295A0B0F102 to 0:0000000000000000 [0000] [UDP:[fe80::bfe:a203:38f0:bce7%enp0s3]:5540] --- Type 0000:20 (SecureChannel:PBKDFParamRequest) (B:98)[0m
[0;32m[1784836964.425] [20601:20603] [EM] ??1 [E:2102i S:0 M:151617560] (U) Msg Retransmission to 0:0000000000000000 scheduled for 394ms from now [State:Active II:500 AI:300 AT:4000][0m
[0;32m[1784836964.425] [20601:20603] [SC] Sent PBKDF param request [II:500ms AI:300ms AT:4000ms)[0m
[0;32m[1784836964.425] [20601:20603] [CTL] Setting attestation nonce to random value[0m
[0;32m[1784836964.425] [20601:20603] [CTL] Setting CSR nonce to random value[0m
[0;32m[1784836964.425] [20601:20603] [CTL] Commission called for node ID 0x0000000000000001[0m
[0;32m[1784836964.426] [20601:20603] [EM] >>> [E:2102i S:0 M:91459466 (Ack:151617560)] (U) Msg RX from 0:0000000000000000 [0000] to DC30B295A0B0F102 --- Type 0000:21 (SecureChannel:PBKDFParamResponse) (B:174)[0m
[0;34m[1784836964.426] [20601:20603] [EM] Found matching exchange: 2102i, Delegate: 0x751bf4033e80[0m
[0;34m[1784836964.426] [20601:20603] [EM] Rxd Ack; Removing MessageCounter:151617560 from Retrans Table on exchange 2102i[0m
[0;34m[1784836964.426] [20601:20603] [SC] Received PBKDF param response[0m
[0;34m[1784836964.426] [20601:20603] [SC] Peer assigned session ID 13652[0m
[0;34m[1784836964.426] [20601:20603] [SC] Found MRP parameters in the message[0m
[0;32m[1784836964.427] [20601:20603] [EM] <<< [E:2102i S:0 M:151617561 (Ack:91459466)] (U) Msg TX from DC30B295A0B0F102 to 0:0000000000000000 [0000] [UDP:[fe80::bfe:a203:38f0:bce7%enp0s3]:5540] --- Type 0000:22 (SecureChannel:PASE_Pake1) (B:96)[0m
[0;32m[1784836964.427] [20601:20603] [EM] ??1 [E:2102i S:0 M:151617561] (U) Msg Retransmission to 0:0000000000000000 scheduled for 394ms from now [State:Active II:500 AI:300 AT:4000][0m
[0;34m[1784836964.427] [20601:20603] [SC] Sent spake2p msg1[0m
[0;32m[1784836964.427] [20601:20603] [EM] >>> [E:2102i S:0 M:91459467 (Ack:151617561)] (U) Msg RX from 0:0000000000000000 [0000] to DC30B295A0B0F102 --- Type 0000:23 (SecureChannel:PASE_Pake2) (B:131)[0m
[0;34m[1784836964.427] [20601:20603] [EM] Found matching exchange: 2102i, Delegate: 0x751bf4033e80[0m
[0;34m[1784836964.427] [20601:20603] [EM] Rxd Ack; Removing MessageCounter:151617561 from Retrans Table on exchange 2102i[0m
[0;34m[1784836964.427] [20601:20603] [SC] Received spake2p msg2[0m
[0;32m[1784836964.428] [20601:20603] [EM] <<< [E:2102i S:0 M:151617562 (Ack:91459467)] (U) Msg TX from DC30B295A0B0F102 to 0:0000000000000000 [0000] [UDP:[fe80::bfe:a203:38f0:bce7%enp0s3]:5540] --- Type 0000:24 (SecureChannel:PASE_Pake3) (B:63)[0m
[0;32m[1784836964.428] [20601:20603] [EM] ??1 [E:2102i S:0 M:151617562] (U) Msg Retransmission to 0:0000000000000000 scheduled for 388ms from now [State:Active II:500 AI:300 AT:4000][0m
[0;34m[1784836964.428] [20601:20603] [SC] Sent spake2p msg3[0m
[0;32m[1784836964.428] [20601:20603] [EM] >>> [E:2102i S:0 M:91459468 (Ack:151617562)] (U) Msg RX from 0:0000000000000000 [0000] to DC30B295A0B0F102 --- Type 0000:40 (SecureChannel:StatusReport) (B:34)[0m
[0;34m[1784836964.428] [20601:20603] [EM] Found matching exchange: 2102i, Delegate: 0x751bf4033e80[0m
[0;34m[1784836964.428] [20601:20603] [EM] Rxd Ack; Removing MessageCounter:151617562 from Retrans Table on exchange 2102i[0m
[0;32m[1784836964.428] [20601:20603] [SC] SecureSession[0x751bf4032f30, LSID:30660]: State change 'kEstablishing' --> 'kActive'[0m
[0;34m[1784836964.428] [20601:20603] [IN] SecureSession[0x751bf4032f30]: Activated - Type:1 LSID:30660[0m
[0;34m[1784836964.428] [20601:20603] [IN] New secure session activated for device <FFFFFFFB00000000, 0>, LSID:30660 PSID:13652![0m
[0;34m[1784836964.428] [20601:20603] [CTL] Remote device completed SPAKE2+ handshake[0m
[0;32m[1784836964.428] [20601:20603] [TOO] Pairing Success[0m
[0;32m[1784836964.428] [20601:20603] [TOO] PASE establishment successful[0m
[0;32m[1784836964.428] [20601:20603] [CTL] Commissioning stage next step: 'SecurePairing' -> 'ReadCommissioningInfo'[0m
[0;32m[1784836964.428] [20601:20603] [CTL] Performing next commissioning step 'ReadCommissioningInfo'[0m
[0;34m[1784836964.428] [20601:20603] [TOO] Starting commissioning stage 'ReadCommissioningInfo'[0m
[0;32m[1784836964.428] [20601:20603] [CTL] Sending read requests for commissioning information[0m
[0;34m[1784836964.428] [20601:20603] [DMG] SendReadRequest ReadClient[0x751bf40351e0]: Sending Read Request[0m
[0;32m[1784836964.428] [20601:20603] [DMG] 0 data version filters provided, 0 not relevant, 0 encoded, 0 skipped due to lack of space[0m
[0;32m[1784836964.428] [20601:20603] [EM] <<< [E:2103i S:30660 M:172772586] (S) Msg TX from 0000000000000000 to 0:FFFFFFFB00000000 [0000] [UDP:[fe80::bfe:a203:38f0:bce7%enp0s3]:5540] --- Type 0001:02 (IM:ReadRequest) (B:136)[0m
[0;32m[1784836964.428] [20601:20603] [EM] ??1 [E:2103i S:30660 M:172772586] (S) Msg Retransmission to 0:FFFFFFFB00000000 scheduled for 353ms from now [State:Active II:500 AI:300 AT:4000][0m
[0;34m[1784836964.428] [20601:20603] [DMG] MoveToState ReadClient[0x751bf40351e0]: Moving to [AwaitingIn][0m
[0;32m[1784836964.428] [20601:20603] [EM] <<< [E:2102i S:0 M:151617563 (Ack:91459468)] (U) Msg TX from DC30B295A0B0F102 to 0:0000000000000000 [0000] [UDP:[fe80::bfe:a203:38f0:bce7%enp0s3]:5540] --- Type 0000:10 (SecureChannel:StandaloneAck) (B:26)[0m
[0;34m[1784836964.428] [20601:20603] [EM] Flushed pending ack for MessageCounter:91459468 on exchange 2102i[0m
[0;32m[1784836964.431] [20601:20603] [EM] >>> [E:2103i S:30660 M:32110754 (Ack:172772586)] (S) Msg RX from 0:FFFFFFFB00000000 [0000] to 0000000000000000 --- Type 0001:05 (IM:ReportData) (B:766)[0m
[0;34m[1784836964.431] [20601:20603] [EM] Found matching exchange: 2103i, Delegate: 0x751bf40351f0[0m
[0;34m[1784836964.431] [20601:20603] [EM] Rxd Ack; Removing MessageCounter:172772586 from Retrans Table on exchange 2103i[0m
[0;34m[1784836964.431] [20601:20603] [DMG] ReportDataMessage =[0m
[0;34m[1784836964.431] [20601:20603] [DMG] {[0m
[0;34m[1784836964.431] [20601:20603] [DMG] 	AttributeReportIBs =[0m
[0;34m[1784836964.431] [20601:20603] [DMG] 	[[0m
[0;34m[1784836964.431] [20601:20603] [DMG] 		AttributeReportIB =[0m
[0;34m[1784836964.431] [20601:20603] [DMG] 		{[0m
[0;34m[1784836964.431] [20601:20603] [DMG] 			AttributeDataIB =[0m
[0;34m[1784836964.431] [20601:20603] [DMG] 			{[0m
[0;34m[1784836964.431] [20601:20603] [DMG] 				DataVersion = 0x1d75f4b9,[0m
[0;34m[1784836964.431] [20601:20603] [DMG] 				AttributePathIB =[0m
[0;34m[1784836964.431] [20601:20603] [DMG] 				{[0m
[0;34m[1784836964.431] [20601:20603] [DMG] 					Endpoint = 0x0,[0m
[0;34m[1784836964.431] [20601:20603] [DMG] 					Cluster = 0x38,[0m
[0;34m[1784836964.431] [20601:20603] [DMG] 					Attribute = 0x0000_0000,[0m
[0;34m[1784836964.431] [20601:20603] [DMG] 				}[0m
[0;34m[1784836964.431] [20601:20603] [DMG] 					[0m
[0;34m[1784836964.431] [20601:20603] [DMG] 				Data = 838152164430320 (unsigned), [0m
[0;34m[1784836964.431] [20601:20603] [DMG] 			},[0m
[0;34m[1784836964.431] [20601:20603] [DMG] 			[0m
[0;34m[1784836964.431] [20601:20603] [DMG] 		},[0m
[0;34m[1784836964.431] [20601:20603] [DMG] 		[0m
[0;34m[1784836964.431] [20601:20603] [DMG] 		AttributeReportIB =[0m
[0;34m[1784836964.431] [20601:20603] [DMG] 		{[0m
[0;34m[1784836964.431] [20601:20603] [DMG] 			AttributeDataIB =[0m
[0;34m[1784836964.431] [20601:20603] [DMG] 			{[0m
[0;34m[1784836964.431] [20601:20603] [DMG] 				DataVersion = 0x1d75f4b9,[0m
[0;34m[1784836964.431] [20601:20603] [DMG] 				AttributePathIB =[0m
[0;34m[1784836964.431] [20601:20603] [DMG] 				{[0m
[0;34m[1784836964.431] [20601:20603] [DMG] 					Endpoint = 0x0,[0m
[0;34m[1784836964.431] [20601:20603] [DMG] 					Cluster = 0x38,[0m
[0;34m[1784836964.431] [20601:20603] [DMG] 					Attribute = 0x0000_0001,[0m
[0;34m[1784836964.431] [20601:20603] [DMG] 				}[0m
[0;34m[1784836964.431] [20601:20603] [DMG] 					[0m
[0;34m[1784836964.431] [20601:20603] [DMG] 				Data = 3 (unsigned), [0m
[0;34m[1784836964.431] [20601:20603] [DMG] 			},[0m
[0;34m[1784836964.431] [20601:20603] [DMG] 			[0m
[0;34m[1784836964.431] [20601:20603] [DMG] 		},[0m
[0;34m[1784836964.431] [20601:20603] [DMG] 		[0m
[0;34m[1784836964.431] [20601:20603] [DMG] 		AttributeReportIB =[0m
[0;34m[1784836964.431] [20601:20603] [DMG] 		{[0m
[0;34m[1784836964.431] [20601:20603] [DMG] 			AttributeDataIB =[0m
[0;34m[1784836964.431] [20601:20603] [DMG] 			{[0m
[0;34m[1784836964.431] [20601:20603] [DMG] 				DataVersion = 0x1d75f4b9,[0m
[0;34m[1784836964.431] [20601:20603] [DMG] 				AttributePathIB =[0m
[0;34m[1784836964.431] [20601:20603] [DMG] 				{[0m
[0;34m[1784836964.431] [20601:20603] [DMG] 					Endpoint = 0x0,[0m
[0;34m[1784836964.431] [20601:20603] [DMG] 					Cluster = 0x38,[0m
[0;34m[1784836964.431] [20601:20603] [DMG] 					Attribute = 0x0000_0002,[0m
[0;34m[1784836964.431] [20601:20603] [DMG] 				}[0m
[0;34m[1784836964.431] [20601:20603] [DMG] 					[0m
[0;34m[1784836964.431] [20601:20603] [DMG] 				Data = 8 (unsigned), [0m
[0;34m[1784836964.431] [20601:20603] [DMG] 			},[0m
[0;34m[1784836964.431] [20601:20603] [DMG] 			[0m
[0;34m[1784836964.431] [20601:20603] [DMG] 		},[0m
[0;34m[1784836964.431] [20601:20603] [DMG] 		[0m
[0;34m[1784836964.431] [20601:20603] [DMG] 		AttributeReportIB =[0m
[0;34m[1784836964.431] [20601:20603] [DMG] 		{[0m
[0;34m[1784836964.431] [20601:20603] [DMG] 			AttributeDataIB =[0m
[0;34m[1784836964.431] [20601:20603] [DMG] 			{[0m
[0;34m[1784836964.431] [20601:20603] [DMG] 				DataVersion = 0x1d75f4b9,[0m
[0;34m[1784836964.431] [20601:20603] [DMG] 				AttributePathIB =[0m
[0;34m[1784836964.431] [20601:20603] [DMG] 				{[0m
[0;34m[1784836964.431] [20601:20603] [DMG] 					Endpoint = 0x0,[0m
[0;34m[1784836964.431] [20601:20603] [DMG] 					Cluster = 0x38,[0m
[0;34m[1784836964.431] [20601:20603] [DMG] 					Attribute = 0x0000_0003,[0m
[0;34m[1784836964.431] [20601:20603] [DMG] 				}[0m
[0;34m[1784836964.431] [20601:20603] [DMG] 					[0m
[0;34m[1784836964.431] [20601:20603] [DMG] 				Data = NULL[0m
[0;34m[1784836964.431] [20601:20603] [DMG] 			},[0m
[0;34m[1784836964.431] [20601:20603] [DMG] 			[0m
[0;34m[1784836964.431] [20601:20603] [DMG] 		},[0m
[0;34m[1784836964.431] [20601:20603] [DMG] 		[0m
[0;34m[1784836964.431] [20601:20603] [DMG] 		AttributeReportIB =[0m
[0;34m[1784836964.431] [20601:20603] [DMG] 		{[0m
[0;34m[1784836964.431] [20601:20603] [DMG] 			AttributeDataIB =[0m
[0;34m[1784836964.431] [20601:20603] [DMG] 			{[0m
[0;34m[1784836964.431] [20601:20603] [DMG] 				DataVersion = 0x1d75f4b9,[0m
[0;34m[1784836964.431] [20601:20603] [DMG] 				AttributePathIB =[0m
[0;34m[1784836964.431] [20601:20603] [DMG] 				{[0m
[0;34m[1784836964.431] [20601:20603] [DMG] 					Endpoint = 0x0,[0m
[0;34m[1784836964.431] [20601:20603] [DMG] 					Cluster = 0x38,[0m
[0;34m[1784836964.431] [20601:20603] [DMG] 					Attribute = 0x0000_0004,[0m
[0;34m[1784836964.431] [20601:20603] [DMG] 				}[0m
[0;34m[1784836964.431] [20601:20603] [DMG] 					[0m
[0;34m[1784836964.431] [20601:20603] [DMG] 				Data = NULL[0m
[0;34m[1784836964.431] [20601:20603] [DMG] 			},[0m
[0;34m[1784836964.431] [20601:20603] [DMG] 			[0m
[0;34m[1784836964.431] [20601:20603] [DMG] 		},[0m
[0;34m[1784836964.431] [20601:20603] [DMG] 		[0m
[0;34m[1784836964.431] [20601:20603] [DMG] 		AttributeReportIB =[0m
[0;34m[1784836964.431] [20601:20603] [DMG] 		{[0m
[0;34m[1784836964.431] [20601:20603] [DMG] 			AttributeDataIB =[0m
[0;34m[1784836964.431] [20601:20603] [DMG] 			{[0m
[0;34m[1784836964.431] [20601:20603] [DMG] 				DataVersion = 0x1d75f4b9,[0m
[0;34m[1784836964.431] [20601:20603] [DMG] 				AttributePathIB =[0m
[0;34m[1784836964.431] [20601:20603] [DMG] 				{[0m
[0;34m[1784836964.431] [20601:20603] [DMG] 					Endpoint = 0x0,[0m
[0;34m[1784836964.431] [20601:20603] [DMG] 					Cluster = 0x38,[0m
[0;34m[1784836964.431] [20601:20603] [DMG] 					Attribute = 0x0000_0005,[0m
[0;34m[1784836964.431] [20601:20603] [DMG] 				}[0m
[0;34m[1784836964.431] [20601:20603] [DMG] 					[0m
[0;34m[1784836964.431] [20601:20603] [DMG] 				Data = [[0m
[0;34m[1784836964.431] [20601:20603] [DMG] 						[0m
[0;34m[1784836964.431] [20601:20603] [DMG] 					{[0m
[0;34m[1784836964.431] [20601:20603] [DMG] 						0x0 = 0 (signed), [0m
[0;34m[1784836964.431] [20601:20603] [DMG] 						0x1 = 0 (unsigned), [0m
[0;34m[1784836964.431] [20601:20603] [DMG] 					},[0m
[0;34m[1784836964.431] [20601:20603] [DMG] 				],[0m
[0;34m[1784836964.431] [20601:20603] [DMG] 			},[0m
[0;34m[1784836964.431] [20601:20603] [DMG] 			[0m
[0;34m[1784836964.431] [20601:20603] [DMG] 		},[0m
[0;34m[1784836964.431] [20601:20603] [DMG] 		[0m
[0;34m[1784836964.431] [20601:20603] [DMG] 		AttributeReportIB =[0m
[0;34m[1784836964.431] [20601:20603] [DMG] 		{[0m
[0;34m[1784836964.431] [20601:20603] [DMG] 			AttributeDataIB =[0m
[0;34m[1784836964.431] [20601:20603] [DMG] 			{[0m
[0;34m[1784836964.431] [20601:20603] [DMG] 				DataVersion = 0x1d75f4b9,[0m
[0;34m[1784836964.431] [20601:20603] [DMG] 				AttributePathIB =[0m
[0;34m[1784836964.431] [20601:20603] [DMG] 				{[0m
[0;34m[1784836964.431] [20601:20603] [DMG] 					Endpoint = 0x0,[0m
[0;34m[1784836964.431] [20601:20603] [DMG] 					Cluster = 0x38,[0m
[0;34m[1784836964.431] [20601:20603] [DMG] 					Attribute = 0x0000_0006,[0m
[0;34m[1784836964.431] [20601:20603] [DMG] 				}[0m
[0;34m[1784836964.431] [20601:20603] [DMG] 					[0m
[0;34m[1784836964.431] [20601:20603] [DMG] 				Data = [[0m
[0;34m[1784836964.431] [20601:20603] [DMG] 						[0m
[0;34m[1784836964.431] [20601:20603] [DMG] 				],[0m
[0;34m[1784836964.431] [20601:20603] [DMG] 			},[0m
[0;34m[1784836964.431] [20601:20603] [DMG] 			[0m
[0;34m[1784836964.431] [20601:20603] [DMG] 		},[0m
[0;34m[1784836964.431] [20601:20603] [DMG] 		[0m
[0;34m[1784836964.431] [20601:20603] [DMG] 		AttributeReportIB =[0m
[0;34m[1784836964.431] [20601:20603] [DMG] 		{[0m
[0;34m[1784836964.431] [20601:20603] [DMG] 			AttributeDataIB =[0m
[0;34m[1784836964.431] [20601:20603] [DMG] 			{[0m
[0;34m[1784836964.431] [20601:20603] [DMG] 				DataVersion = 0x1d75f4b9,[0m
[0;34m[1784836964.431] [20601:20603] [DMG] 				AttributePathIB =[0m
[0;34m[1784836964.431] [20601:20603] [DMG] 				{[0m
[0;34m[1784836964.431] [20601:20603] [DMG] 					Endpoint = 0x0,[0m
[0;34m[1784836964.431] [20601:20603] [DMG] 					Cluster = 0x38,[0m
[0;34m[1784836964.431] [20601:20603] [DMG] 					Attribute = 0x0000_0007,[0m
[0;34m[1784836964.431] [20601:20603] [DMG] 				}[0m
[0;34m[1784836964.431] [20601:20603] [DMG] 					[0m
[0;34m[1784836964.431] [20601:20603] [DMG] 				Data = NULL[0m
[0;34m[1784836964.431] [20601:20603] [DMG] 			},[0m
[0;34m[1784836964.431] [20601:20603] [DMG] 			[0m
[0;34m[1784836964.431] [20601:20603] [DMG] 		},[0m
[0;34m[1784836964.431] [20601:20603] [DMG] 		[0m
[0;34m[1784836964.431] [20601:20603] [DMG] 		AttributeReportIB =[0m
[0;34m[1784836964.431] [20601:20603] [DMG] 		{[0m
[0;34m[1784836964.431] [20601:20603] [DMG] 			AttributeDataIB =[0m
[0;34m[1784836964.431] [20601:20603] [DMG] 			{[0m
[0;34m[1784836964.431] [20601:20603] [DMG] 				DataVersion = 0x1d75f4b9,[0m
[0;34m[1784836964.431] [20601:20603] [DMG] 				AttributePathIB =[0m
[0;34m[1784836964.431] [20601:20603] [DMG] 				{[0m
[0;34m[1784836964.431] [20601:20603] [DMG] 					Endpoint = 0x0,[0m
[0;34m[1784836964.431] [20601:20603] [DMG] 					Cluster = 0x38,[0m
[0;34m[1784836964.431] [20601:20603] [DMG] 					Attribute = 0x0000_0008,[0m
[0;34m[1784836964.431] [20601:20603] [DMG] 				}[0m
[0;34m[1784836964.431] [20601:20603] [DMG] 					[0m
[0;34m[1784836964.431] [20601:20603] [DMG] 				Data = 0 (unsigned), [0m
[0;34m[1784836964.431] [20601:20603] [DMG] 			},[0m
[0;34m[1784836964.431] [20601:20603] [DMG] 			[0m
[0;34m[1784836964.431] [20601:20603] [DMG] 		},[0m
[0;34m[1784836964.431] [20601:20603] [DMG] 		[0m
[0;34m[1784836964.431] [20601:20603] [DMG] 		AttributeReportIB =[0m
[0;34m[1784836964.431] [20601:20603] [DMG] 		{[0m
[0;34m[1784836964.431] [20601:20603] [DMG] 			AttributeDataIB =[0m
[0;34m[1784836964.431] [20601:20603] [DMG] 			{[0m
[0;34m[1784836964.431] [20601:20603] [DMG] 				DataVersion = 0x1d75f4b9,[0m
[0;34m[1784836964.431] [20601:20603] [DMG] 				AttributePathIB =[0m
[0;34m[1784836964.431] [20601:20603] [DMG] 				{[0m
[0;34m[1784836964.431] [20601:20603] [DMG] 					Endpoint = 0x0,[0m
[0;34m[1784836964.431] [20601:20603] [DMG] 					Cluster = 0x38,[0m
[0;34m[1784836964.431] [20601:20603] [DMG] 					Attribute = 0x0000_000A,[0m
[0;34m[1784836964.431] [20601:20603] [DMG] 				}[0m
[0;34m[1784836964.431] [20601:20603] [DMG] 					[0m
[0;34m[1784836964.431] [20601:20603] [DMG] 				Data = 2 (unsigned), [0m
[0;34m[1784836964.431] [20601:20603] [DMG] 			},[0m
[0;34m[1784836964.431] [20601:20603] [DMG] 			[0m
[0;34m[1784836964.431] [20601:20603] [DMG] 		},[0m
[0;34m[1784836964.431] [20601:20603] [DMG] 		[0m
[0;34m[1784836964.431] [20601:20603] [DMG] 		AttributeReportIB =[0m
[0;34m[1784836964.431] [20601:20603] [DMG] 		{[0m
[0;34m[1784836964.431] [20601:20603] [DMG] 			AttributeDataIB =[0m
[0;34m[1784836964.431] [20601:20603] [DMG] 			{[0m
[0;34m[1784836964.431] [20601:20603] [DMG] 				DataVersion = 0x1d75f4b9,[0m
[0;34m[1784836964.431] [20601:20603] [DMG] 				AttributePathIB =[0m
[0;34m[1784836964.431] [20601:20603] [DMG] 				{[0m
[0;34m[1784836964.431] [20601:20603] [DMG] 					Endpoint = 0x0,[0m
[0;34m[1784836964.431] [20601:20603] [DMG] 					Cluster = 0x38,[0m
[0;34m[1784836964.431] [20601:20603] [DMG] 					Attribute = 0x0000_000B,[0m
[0;34m[1784836964.431] [20601:20603] [DMG] 				}[0m
[0;34m[1784836964.431] [20601:20603] [DMG] 					[0m
[0;34m[1784836964.431] [20601:20603] [DMG] 				Data = 2 (unsigned), [0m
[0;34m[1784836964.431] [20601:20603] [DMG] 			},[0m
[0;34m[1784836964.431] [20601:20603] [DMG] 			[0m
[0;34m[1784836964.431] [20601:20603] [DMG] 		},[0m
[0;34m[1784836964.431] [20601:20603] [DMG] 		[0m
[0;34m[1784836964.431] [20601:20603] [DMG] 		AttributeReportIB =[0m
[0;34m[1784836964.431] [20601:20603] [DMG] 		{[0m
[0;34m[1784836964.431] [20601:20603] [DMG] 			AttributeDataIB =[0m
[0;34m[1784836964.431] [20601:20603] [DMG] 			{[0m
[0;34m[1784836964.431] [20601:20603] [DMG] 				DataVersion = 0x1d75f4b9,[0m
[0;34m[1784836964.431] [20601:20603] [DMG] 				AttributePathIB =[0m
[0;34m[1784836964.431] [20601:20603] [DMG] 				{[0m
[0;34m[1784836964.431] [20601:20603] [DMG] 					Endpoint = 0x0,[0m
[0;34m[1784836964.431] [20601:20603] [DMG] 					Cluster = 0x38,[0m
[0;34m[1784836964.431] [20601:20603] [DMG] 					Attribute = 0x0000_000C,[0m
[0;34m[1784836964.431] [20601:20603] [DMG] 				}[0m
[0;34m[1784836964.431] [20601:20603] [DMG] 					[0m
[0;34m[1784836964.431] [20601:20603] [DMG] 				Data = true, [0m
[0;34m[1784836964.431] [20601:20603] [DMG] 			},[0m
[0;34m[1784836964.431] [20601:20603] [DMG] 			[0m
[0;34m[1784836964.431] [20601:20603] [DMG] 		},[0m
[0;34m[1784836964.431] [20601:20603] [DMG] 		[0m
[0;34m[1784836964.431] [20601:20603] [DMG] 		AttributeReportIB =[0m
[0;34m[1784836964.431] [20601:20603] [DMG] 		{[0m
[0;34m[1784836964.431] [20601:20603] [DMG] 			AttributeDataIB =[0m
[0;34m[1784836964.431] [20601:20603] [DMG] 			{[0m
[0;34m[1784836964.431] [20601:20603] [DMG] 				DataVersion = 0x1d75f4b9,[0m
[0;34m[1784836964.431] [20601:20603] [DMG] 				AttributePathIB =[0m
[0;34m[1784836964.431] [20601:20603] [DMG] 				{[0m
[0;34m[1784836964.431] [20601:20603] [DMG] 					Endpoint = 0x0,[0m
[0;34m[1784836964.431] [20601:20603] [DMG] 					Cluster = 0x38,[0m
[0;34m[1784836964.431] [20601:20603] [DMG] 					Attribute = 0x0000_FFFC,[0m
[0;34m[1784836964.431] [20601:20603] [DMG] 				}[0m
[0;34m[1784836964.431] [20601:20603] [DMG] 					[0m
[0;34m[1784836964.431] [20601:20603] [DMG] 				Data = 11 (unsigned), [0m
[0;34m[1784836964.431] [20601:20603] [DMG] 			},[0m
[0;34m[1784836964.431] [20601:20603] [DMG] 			[0m
[0;34m[1784836964.431] [20601:20603] [DMG] 		},[0m
[0;34m[1784836964.431] [20601:20603] [DMG] 		[0m
[0;34m[1784836964.431] [20601:20603] [DMG] 		AttributeReportIB =[0m
[0;34m[1784836964.431] [20601:20603] [DMG] 		{[0m
[0;34m[1784836964.431] [20601:20603] [DMG] 			AttributeDataIB =[0m
[0;34m[1784836964.431] [20601:20603] [DMG] 			{[0m
[0;34m[1784836964.431] [20601:20603] [DMG] 				DataVersion = 0x1d75f4b9,[0m
[0;34m[1784836964.431] [20601:20603] [DMG] 				AttributePathIB =[0m
[0;34m[1784836964.431] [20601:20603] [DMG] 				{[0m
[0;34m[1784836964.431] [20601:20603] [DMG] 					Endpoint = 0x0,[0m
[0;34m[1784836964.431] [20601:20603] [DMG] 					Cluster = 0x38,[0m
[0;34m[1784836964.431] [20601:20603] [DMG] 					Attribute = 0x0000_FFFD,[0m
[0;34m[1784836964.431] [20601:20603] [DMG] 				}[0m
[0;34m[1784836964.431] [20601:20603] [DMG] 					[0m
[0;34m[1784836964.431] [20601:20603] [DMG] 				Data = 2 (unsigned), [0m
[0;34m[1784836964.431] [20601:20603] [DMG] 			},[0m
[0;34m[1784836964.431] [20601:20603] [DMG] 			[0m
[0;34m[1784836964.431] [20601:20603] [DMG] 		},[0m
[0;34m[1784836964.431] [20601:20603] [DMG] 		[0m
[0;34m[1784836964.431] [20601:20603] [DMG] 		AttributeReportIB =[0m
[0;34m[1784836964.431] [20601:20603] [DMG] 		{[0m
[0;34m[1784836964.431] [20601:20603] [DMG] 			AttributeDataIB =[0m
[0;34m[1784836964.431] [20601:20603] [DMG] 			{[0m
[0;34m[1784836964.431] [20601:20603] [DMG] 				DataVersion = 0x1d75f4b9,[0m
[0;34m[1784836964.431] [20601:20603] [DMG] 				AttributePathIB =[0m
[0;34m[1784836964.431] [20601:20603] [DMG] 				{[0m
[0;34m[1784836964.431] [20601:20603] [DMG] 					Endpoint = 0x0,[0m
[0;34m[1784836964.431] [20601:20603] [DMG] 					Cluster = 0x38,[0m
[0;34m[1784836964.431] [20601:20603] [DMG] 					Attribute = 0x0000_FFF8,[0m
[0;34m[1784836964.431] [20601:20603] [DMG] 				}[0m
[0;34m[1784836964.431] [20601:20603] [DMG] 					[0m
[0;34m[1784836964.431] [20601:20603] [DMG] 				Data = [[0m
[0;34m[1784836964.431] [20601:20603] [DMG] 						3 (unsigned), [0m
[0;34m[1784836964.431] [20601:20603] [DMG] 				],[0m
[0;34m[1784836964.431] [20601:20603] [DMG] 			},[0m
[0;34m[1784836964.431] [20601:20603] [DMG] 			[0m
[0;34m[1784836964.431] [20601:20603] [DMG] 		},[0m
[0;34m[1784836964.431] [20601:20603] [DMG] 		[0m
[0;34m[1784836964.431] [20601:20603] [DMG] 		AttributeReportIB =[0m
[0;34m[1784836964.431] [20601:20603] [DMG] 		{[0m
[0;34m[1784836964.431] [20601:20603] [DMG] 			AttributeDataIB =[0m
[0;34m[1784836964.431] [20601:20603] [DMG] 			{[0m
[0;34m[1784836964.431] [20601:20603] [DMG] 				DataVersion = 0x1d75f4b9,[0m
[0;34m[1784836964.431] [20601:20603] [DMG] 				AttributePathIB =[0m
[0;34m[1784836964.431] [20601:20603] [DMG] 				{[0m
[0;34m[1784836964.431] [20601:20603] [DMG] 					Endpoint = 0x0,[0m
[0;34m[1784836964.431] [20601:20603] [DMG] 					Cluster = 0x38,[0m
[0;34m[1784836964.431] [20601:20603] [DMG] 					Attribute = 0x0000_FFF9,[0m
[0;34m[1784836964.431] [20601:20603] [DMG] 				}[0m
[0;34m[1784836964.431] [20601:20603] [DMG] 					[0m
[0;34m[1784836964.431] [20601:20603] [DMG] 				Data = [[0m
[0;34m[1784836964.431] [20601:20603] [DMG] 						0 (unsigned), 1 (unsigned), 2 (unsigned), 4 (unsigned), 5 (unsigned), [0m
[0;34m[1784836964.431] [20601:20603] [DMG] 				],[0m
[0;34m[1784836964.431] [20601:20603] [DMG] 			},[0m
[0;34m[1784836964.431] [20601:20603] [DMG] 			[0m
[0;34m[1784836964.431] [20601:20603] [DMG] 		},[0m
[0;34m[1784836964.431] [20601:20603] [DMG] 		[0m
[0;34m[1784836964.431] [20601:20603] [DMG] 		AttributeReportIB =[0m
[0;34m[1784836964.431] [20601:20603] [DMG] 		{[0m
[0;34m[1784836964.431] [20601:20603] [DMG] 			AttributeDataIB =[0m
[0;34m[1784836964.431] [20601:20603] [DMG] 			{[0m
[0;34m[1784836964.431] [20601:20603] [DMG] 				DataVersion = 0x1d75f4b9,[0m
[0;34m[1784836964.431] [20601:20603] [DMG] 				AttributePathIB =[0m
[0;34m[1784836964.431] [20601:20603] [DMG] 				{[0m
[0;34m[1784836964.431] [20601:20603] [DMG] 					Endpoint = 0x0,[0m
[0;34m[1784836964.431] [20601:20603] [DMG] 					Cluster = 0x38,[0m
[0;34m[1784836964.431] [20601:20603] [DMG] 					Attribute = 0x0000_FFFB,[0m
[0;34m[1784836964.431] [20601:20603] [DMG] 				}[0m
[0;34m[1784836964.431] [20601:20603] [DMG] 					[0m
[0;34m[1784836964.431] [20601:20603] [DMG] 				Data = [[0m
[0;34m[1784836964.431] [20601:20603] [DMG] 						0 (unsigned), 1 (unsigned), 2 (unsigned), 3 (unsigned), 4 (unsigned), 5 (unsigned), 6 (unsigned), 7 (unsigned), 8 (unsigned), 10 (unsigned), 11 (unsigned), 12 (unsigned), 65532 (unsigned), 65533 (unsigned), 65528 (unsigned), 65529 (unsigned), 65531 (unsigned), [0m
[0;34m[1784836964.431] [20601:20603] [DMG] 				],[0m
[0;34m[1784836964.431] [20601:20603] [DMG] 			},[0m
[0;34m[1784836964.431] [20601:20603] [DMG] 			[0m
[0;34m[1784836964.431] [20601:20603] [DMG] 		},[0m
[0;34m[1784836964.431] [20601:20603] [DMG] 		[0m
[0;34m[1784836964.431] [20601:20603] [DMG] 		AttributeReportIB =[0m
[0;34m[1784836964.431] [20601:20603] [DMG] 		{[0m
[0;34m[1784836964.431] [20601:20603] [DMG] 			AttributeDataIB =[0m
[0;34m[1784836964.431] [20601:20603] [DMG] 			{[0m
[0;34m[1784836964.431] [20601:20603] [DMG] 				DataVersion = 0x3729f650,[0m
[0;34m[1784836964.431] [20601:20603] [DMG] 				AttributePathIB =[0m
[0;34m[1784836964.431] [20601:20603] [DMG] 				{[0m
[0;34m[1784836964.431] [20601:20603] [DMG] 					Endpoint = 0x0,[0m
[0;34m[1784836964.431] [20601:20603] [DMG] 					Cluster = 0x28,[0m
[0;34m[1784836964.431] [20601:20603] [DMG] 					Attribute = 0x0000_0004,[0m
[0;34m[1784836964.431] [20601:20603] [DMG] 				}[0m
[0;34m[1784836964.431] [20601:20603] [DMG] 					[0m
[0;34m[1784836964.431] [20601:20603] [DMG] 				Data = 32769 (unsigned), [0m
[0;34m[1784836964.431] [20601:20603] [DMG] 			},[0m
[0;34m[1784836964.431] [20601:20603] [DMG] 			[0m
[0;34m[1784836964.431] [20601:20603] [DMG] 		},[0m
[0;34m[1784836964.431] [20601:20603] [DMG] 		[0m
[0;34m[1784836964.431] [20601:20603] [DMG] 		AttributeReportIB =[0m
[0;34m[1784836964.431] [20601:20603] [DMG] 		{[0m
[0;34m[1784836964.431] [20601:20603] [DMG] 			AttributeDataIB =[0m
[0;34m[1784836964.431] [20601:20603] [DMG] 			{[0m
[0;34m[1784836964.431] [20601:20603] [DMG] 				DataVersion = 0x3729f650,[0m
[0;34m[1784836964.431] [20601:20603] [DMG] 				AttributePathIB =[0m
[0;34m[1784836964.431] [20601:20603] [DMG] 				{[0m
[0;34m[1784836964.431] [20601:20603] [DMG] 					Endpoint = 0x0,[0m
[0;34m[1784836964.431] [20601:20603] [DMG] 					Cluster = 0x28,[0m
[0;34m[1784836964.431] [20601:20603] [DMG] 					Attribute = 0x0000_0002,[0m
[0;34m[1784836964.431] [20601:20603] [DMG] 				}[0m
[0;34m[1784836964.431] [20601:20603] [DMG] 					[0m
[0;34m[1784836964.431] [20601:20603] [DMG] 				Data = 65521 (unsigned), [0m
[0;34m[1784836964.431] [20601:20603] [DMG] 			},[0m
[0;34m[1784836964.431] [20601:20603] [DMG] 			[0m
[0;34m[1784836964.431] [20601:20603] [DMG] 		},[0m
[0;34m[1784836964.431] [20601:20603] [DMG] 		[0m
[0;34m[1784836964.431] [20601:20603] [DMG] 		AttributeReportIB =[0m
[0;34m[1784836964.431] [20601:20603] [DMG] 		{[0m
[0;34m[1784836964.431] [20601:20603] [DMG] 			AttributeStatusIB =[0m
[0;34m[1784836964.431] [20601:20603] [DMG] 			{[0m
[0;34m[1784836964.431] [20601:20603] [DMG] 				AttributePathIB =[0m
[0;34m[1784836964.431] [20601:20603] [DMG] 				{[0m
[0;34m[1784836964.431] [20601:20603] [DMG] 					Endpoint = 0x0,[0m
[0;34m[1784836964.431] [20601:20603] [DMG] 					Cluster = 0x30,[0m
[0;34m[1784836964.431] [20601:20603] [DMG] 					Attribute = 0x0000_000C,[0m
[0;34m[1784836964.431] [20601:20603] [DMG] 				}[0m
[0;34m[1784836964.431] [20601:20603] [DMG] 					[0m
[0;34m[1784836964.431] [20601:20603] [DMG] 				StatusIB =[0m
[0;34m[1784836964.431] [20601:20603] [DMG] 				{[0m
[0;34m[1784836964.431] [20601:20603] [DMG] 					status = 0x86 (UNSUPPORTED_ATTRIBUTE),[0m
[0;34m[1784836964.431] [20601:20603] [DMG] 				},[0m
[0;34m[1784836964.431] [20601:20603] [DMG] 				[0m
[0;34m[1784836964.431] [20601:20603] [DMG] 			},[0m
[0;34m[1784836964.431] [20601:20603] [DMG] 			[0m
[0;34m[1784836964.431] [20601:20603] [DMG] 		},[0m
[0;34m[1784836964.431] [20601:20603] [DMG] 		[0m
[0;34m[1784836964.431] [20601:20603] [DMG] 		AttributeReportIB =[0m
[0;34m[1784836964.431] [20601:20603] [DMG] 		{[0m
[0;34m[1784836964.431] [20601:20603] [DMG] 			AttributeDataIB =[0m
[0;34m[1784836964.431] [20601:20603] [DMG] 			{[0m
[0;34m[1784836964.431] [20601:20603] [DMG] 				DataVersion = 0x5bb16a80,[0m
[0;34m[1784836964.431] [20601:20603] [DMG] 				AttributePathIB =[0m
[0;34m[1784836964.431] [20601:20603] [DMG] 				{[0m
[0;34m[1784836964.431] [20601:20603] [DMG] 					Endpoint = 0x0,[0m
[0;34m[1784836964.431] [20601:20603] [DMG] 					Cluster = 0x30,[0m
[0;34m[1784836964.431] [20601:20603] [DMG] 					Attribute = 0x0000_0003,[0m
[0;34m[1784836964.431] [20601:20603] [DMG] 				}[0m
[0;34m[1784836964.431] [20601:20603] [DMG] 					[0m
[0;34m[1784836964.431] [20601:20603] [DMG] 				Data = 2 (unsigned), [0m
[0;34m[1784836964.431] [20601:20603] [DMG] 			},[0m
[0;34m[1784836964.431] [20601:20603] [DMG] 			[0m
[0;34m[1784836964.431] [20601:20603] [DMG] 		},[0m
[0;34m[1784836964.431] [20601:20603] [DMG] 		[0m
[0;34m[1784836964.431] [20601:20603] [DMG] 		AttributeReportIB =[0m
[0;34m[1784836964.431] [20601:20603] [DMG] 		{[0m
[0;34m[1784836964.431] [20601:20603] [DMG] 			AttributeDataIB =[0m
[0;34m[1784836964.431] [20601:20603] [DMG] 			{[0m
[0;34m[1784836964.431] [20601:20603] [DMG] 				DataVersion = 0x5bb16a80,[0m
[0;34m[1784836964.431] [20601:20603] [DMG] 				AttributePathIB =[0m
[0;34m[1784836964.431] [20601:20603] [DMG] 				{[0m
[0;34m[1784836964.431] [20601:20603] [DMG] 					Endpoint = 0x0,[0m
[0;34m[1784836964.431] [20601:20603] [DMG] 					Cluster = 0x30,[0m
[0;34m[1784836964.431] [20601:20603] [DMG] 					Attribute = 0x0000_0002,[0m
[0;34m[1784836964.431] [20601:20603] [DMG] 				}[0m
[0;34m[1784836964.431] [20601:20603] [DMG] 					[0m
[0;34m[1784836964.431] [20601:20603] [DMG] 				Data = 0 (unsigned), [0m
[0;34m[1784836964.431] [20601:20603] [DMG] 			},[0m
[0;34m[1784836964.431] [20601:20603] [DMG] 			[0m
[0;34m[1784836964.431] [20601:20603] [DMG] 		},[0m
[0;34m[1784836964.431] [20601:20603] [DMG] 		[0m
[0;34m[1784836964.431] [20601:20603] [DMG] 		AttributeReportIB =[0m
[0;34m[1784836964.431] [20601:20603] [DMG] 		{[0m
[0;34m[1784836964.431] [20601:20603] [DMG] 			AttributeDataIB =[0m
[0;34m[1784836964.431] [20601:20603] [DMG] 			{[0m
[0;34m[1784836964.431] [20601:20603] [DMG] 				DataVersion = 0x5bb16a80,[0m
[0;34m[1784836964.431] [20601:20603] [DMG] 				AttributePathIB =[0m
[0;34m[1784836964.431] [20601:20603] [DMG] 				{[0m
[0;34m[1784836964.431] [20601:20603] [DMG] 					Endpoint = 0x0,[0m
[0;34m[1784836964.431] [20601:20603] [DMG] 					Cluster = 0x30,[0m
[0;34m[1784836964.431] [20601:20603] [DMG] 					Attribute = 0x0000_0001,[0m
[0;34m[1784836964.431] [20601:20603] [DMG] 				}[0m
[0;34m[1784836964.431] [20601:20603] [DMG] 					[0m
[0;34m[1784836964.431] [20601:20603] [DMG] 				Data = [0m
[0;34m[1784836964.431] [20601:20603] [DMG] 				{[0m
[0;34m[1784836964.431] [20601:20603] [DMG] 					0x0 = 60 (unsigned), [0m
[0;34m[1784836964.431] [20601:20603] [DMG] 					0x1 = 900 (unsigned), [0m
[0;34m[1784836964.431] [20601:20603] [DMG] 				},[0m
[0;34m[1784836964.431] [20601:20603] [DMG] 			},[0m
[0;34m[1784836964.431] [20601:20603] [DMG] 			[0m
[0;34m[1784836964.431] [20601:20603] [DMG] 		},[0m
[0;34m[1784836964.431] [20601:20603] [DMG] 		[0m
[0;34m[1784836964.431] [20601:20603] [DMG] 		AttributeReportIB =[0m
[0;34m[1784836964.431] [20601:20603] [DMG] 		{[0m
[0;34m[1784836964.431] [20601:20603] [DMG] 			AttributeDataIB =[0m
[0;34m[1784836964.431] [20601:20603] [DMG] 			{[0m
[0;34m[1784836964.431] [20601:20603] [DMG] 				DataVersion = 0x5bb16a80,[0m
[0;34m[1784836964.431] [20601:20603] [DMG] 				AttributePathIB =[0m
[0;34m[1784836964.431] [20601:20603] [DMG] 				{[0m
[0;34m[1784836964.431] [20601:20603] [DMG] 					Endpoint = 0x0,[0m
[0;34m[1784836964.431] [20601:20603] [DMG] 					Cluster = 0x30,[0m
[0;34m[1784836964.431] [20601:20603] [DMG] 					Attribute = 0x0000_0000,[0m
[0;34m[1784836964.431] [20601:20603] [DMG] 				}[0m
[0;34m[1784836964.431] [20601:20603] [DMG] 					[0m
[0;34m[1784836964.431] [20601:20603] [DMG] 				Data = 0 (unsigned), [0m
[0;34m[1784836964.431] [20601:20603] [DMG] 			},[0m
[0;34m[1784836964.431] [20601:20603] [DMG] 			[0m
[0;34m[1784836964.431] [20601:20603] [DMG] 		},[0m
[0;34m[1784836964.431] [20601:20603] [DMG] 		[0m
[0;34m[1784836964.431] [20601:20603] [DMG] 		AttributeReportIB =[0m
[0;34m[1784836964.431] [20601:20603] [DMG] 		{[0m
[0;34m[1784836964.431] [20601:20603] [DMG] 			AttributeDataIB =[0m
[0;34m[1784836964.431] [20601:20603] [DMG] 			{[0m
[0;34m[1784836964.431] [20601:20603] [DMG] 				DataVersion = 0x5bb16a80,[0m
[0;34m[1784836964.431] [20601:20603] [DMG] 				AttributePathIB =[0m
[0;34m[1784836964.431] [20601:20603] [DMG] 				{[0m
[0;34m[1784836964.431] [20601:20603] [DMG] 					Endpoint = 0x0,[0m
[0;34m[1784836964.431] [20601:20603] [DMG] 					Cluster = 0x30,[0m
[0;34m[1784836964.431] [20601:20603] [DMG] 					Attribute = 0x0000_0004,[0m
[0;34m[1784836964.431] [20601:20603] [DMG] 				}[0m
[0;34m[1784836964.431] [20601:20603] [DMG] 					[0m
[0;34m[1784836964.431] [20601:20603] [DMG] 				Data = true, [0m
[0;34m[1784836964.431] [20601:20603] [DMG] 			},[0m
[0;34m[1784836964.431] [20601:20603] [DMG] 			[0m
[0;34m[1784836964.431] [20601:20603] [DMG] 		},[0m
[0;34m[1784836964.431] [20601:20603] [DMG] 		[0m
[0;34m[1784836964.431] [20601:20603] [DMG] 	],[0m
[0;34m[1784836964.431] [20601:20603] [DMG] 	[0m
[0;34m[1784836964.431] [20601:20603] [DMG] 	SuppressResponse = true, [0m
[0;34m[1784836964.431] [20601:20603] [DMG] 	InteractionModelRevision = 12[0m
[0;34m[1784836964.431] [20601:20603] [DMG] }[0m
[0;34m[1784836964.432] [20601:20603] [DMG] SendReadRequest ReadClient[0x751bf40351e0]: Sending Read Request[0m
[0;32m[1784836964.432] [20601:20603] [DMG] 0 data version filters provided, 0 not relevant, 0 encoded, 0 skipped due to lack of space[0m
[0;32m[1784836964.432] [20601:20603] [EM] <<< [E:2104i S:30660 M:172772587] (S) Msg TX from 0000000000000000 to 0:FFFFFFFB00000000 [0000] [UDP:[fe80::bfe:a203:38f0:bce7%enp0s3]:5540] --- Type 0001:02 (IM:ReadRequest) (B:112)[0m
[0;32m[1784836964.432] [20601:20603] [EM] ??1 [E:2104i S:30660 M:172772587] (S) Msg Retransmission to 0:FFFFFFFB00000000 scheduled for 405ms from now [State:Active II:500 AI:300 AT:4000][0m
[0;34m[1784836964.432] [20601:20603] [DMG] MoveToState ReadClient[0x751bf40351e0]: Moving to [AwaitingIn][0m
[0;32m[1784836964.432] [20601:20603] [EM] <<< [E:2103i S:30660 M:172772588 (Ack:32110754)] (S) Msg TX from 0000000000000000 to 0:FFFFFFFB00000000 [0000] [UDP:[fe80::bfe:a203:38f0:bce7%enp0s3]:5540] --- Type 0000:10 (SecureChannel:StandaloneAck) (B:34)[0m
[0;34m[1784836964.432] [20601:20603] [EM] Flushed pending ack for MessageCounter:32110754 on exchange 2103i[0m
[0;32m[1784836964.433] [20601:20603] [EM] >>> [E:2104i S:30660 M:32110755 (Ack:172772587)] (S) Msg RX from 0:FFFFFFFB00000000 [0000] to 0000000000000000 --- Type 0001:05 (IM:ReportData) (B:186)[0m
[0;34m[1784836964.433] [20601:20603] [EM] Found matching exchange: 2104i, Delegate: 0x751bf40351f0[0m
[0;34m[1784836964.433] [20601:20603] [EM] Rxd Ack; Removing MessageCounter:172772587 from Retrans Table on exchange 2104i[0m
[0;34m[1784836964.433] [20601:20603] [DMG] ReportDataMessage =[0m
[0;34m[1784836964.433] [20601:20603] [DMG] {[0m
[0;34m[1784836964.433] [20601:20603] [DMG] 	AttributeReportIBs =[0m
[0;34m[1784836964.433] [20601:20603] [DMG] 	[[0m
[0;34m[1784836964.433] [20601:20603] [DMG] 		AttributeReportIB =[0m
[0;34m[1784836964.433] [20601:20603] [DMG] 		{[0m
[0;34m[1784836964.433] [20601:20603] [DMG] 			AttributeStatusIB =[0m
[0;34m[1784836964.433] [20601:20603] [DMG] 			{[0m
[0;34m[1784836964.433] [20601:20603] [DMG] 				AttributePathIB =[0m
[0;34m[1784836964.433] [20601:20603] [DMG] 				{[0m
[0;34m[1784836964.433] [20601:20603] [DMG] 					Endpoint = 0x0,[0m
[0;34m[1784836964.433] [20601:20603] [DMG] 					Cluster = 0x46,[0m
[0;34m[1784836964.433] [20601:20603] [DMG] 					Attribute = 0x0000_0002,[0m
[0;34m[1784836964.433] [20601:20603] [DMG] 				}[0m
[0;34m[1784836964.433] [20601:20603] [DMG] 					[0m
[0;34m[1784836964.433] [20601:20603] [DMG] 				StatusIB =[0m
[0;34m[1784836964.433] [20601:20603] [DMG] 				{[0m
[0;34m[1784836964.433] [20601:20603] [DMG] 					status = 0xc3 (UNSUPPORTED_CLUSTER),[0m
[0;34m[1784836964.433] [20601:20603] [DMG] 				},[0m
[0;34m[1784836964.433] [20601:20603] [DMG] 				[0m
[0;34m[1784836964.433] [20601:20603] [DMG] 			},[0m
[0;34m[1784836964.433] [20601:20603] [DMG] 			[0m
[0;34m[1784836964.433] [20601:20603] [DMG] 		},[0m
[0;34m[1784836964.433] [20601:20603] [DMG] 		[0m
[0;34m[1784836964.433] [20601:20603] [DMG] 		AttributeReportIB =[0m
[0;34m[1784836964.433] [20601:20603] [DMG] 		{[0m
[0;34m[1784836964.433] [20601:20603] [DMG] 			AttributeStatusIB =[0m
[0;34m[1784836964.433] [20601:20603] [DMG] 			{[0m
[0;34m[1784836964.433] [20601:20603] [DMG] 				AttributePathIB =[0m
[0;34m[1784836964.433] [20601:20603] [DMG] 				{[0m
[0;34m[1784836964.433] [20601:20603] [DMG] 					Endpoint = 0x0,[0m
[0;34m[1784836964.433] [20601:20603] [DMG] 					Cluster = 0x46,[0m
[0;34m[1784836964.433] [20601:20603] [DMG] 					Attribute = 0x0000_0001,[0m
[0;34m[1784836964.433] [20601:20603] [DMG] 				}[0m
[0;34m[1784836964.433] [20601:20603] [DMG] 					[0m
[0;34m[1784836964.433] [20601:20603] [DMG] 				StatusIB =[0m
[0;34m[1784836964.433] [20601:20603] [DMG] 				{[0m
[0;34m[1784836964.433] [20601:20603] [DMG] 					status = 0xc3 (UNSUPPORTED_CLUSTER),[0m
[0;34m[1784836964.433] [20601:20603] [DMG] 				},[0m
[0;34m[1784836964.433] [20601:20603] [DMG] 				[0m
[0;34m[1784836964.433] [20601:20603] [DMG] 			},[0m
[0;34m[1784836964.433] [20601:20603] [DMG] 			[0m
[0;34m[1784836964.433] [20601:20603] [DMG] 		},[0m
[0;34m[1784836964.433] [20601:20603] [DMG] 		[0m
[0;34m[1784836964.433] [20601:20603] [DMG] 		AttributeReportIB =[0m
[0;34m[1784836964.433] [20601:20603] [DMG] 		{[0m
[0;34m[1784836964.433] [20601:20603] [DMG] 			AttributeStatusIB =[0m
[0;34m[1784836964.433] [20601:20603] [DMG] 			{[0m
[0;34m[1784836964.433] [20601:20603] [DMG] 				AttributePathIB =[0m
[0;34m[1784836964.433] [20601:20603] [DMG] 				{[0m
[0;34m[1784836964.433] [20601:20603] [DMG] 					Endpoint = 0x0,[0m
[0;34m[1784836964.433] [20601:20603] [DMG] 					Cluster = 0x46,[0m
[0;34m[1784836964.433] [20601:20603] [DMG] 					Attribute = 0x0000_0000,[0m
[0;34m[1784836964.433] [20601:20603] [DMG] 				}[0m
[0;34m[1784836964.433] [20601:20603] [DMG] 					[0m
[0;34m[1784836964.433] [20601:20603] [DMG] 				StatusIB =[0m
[0;34m[1784836964.433] [20601:20603] [DMG] 				{[0m
[0;34m[1784836964.433] [20601:20603] [DMG] 					status = 0xc3 (UNSUPPORTED_CLUSTER),[0m
[0;34m[1784836964.433] [20601:20603] [DMG] 				},[0m
[0;34m[1784836964.433] [20601:20603] [DMG] 				[0m
[0;34m[1784836964.433] [20601:20603] [DMG] 			},[0m
[0;34m[1784836964.433] [20601:20603] [DMG] 			[0m
[0;34m[1784836964.433] [20601:20603] [DMG] 		},[0m
[0;34m[1784836964.433] [20601:20603] [DMG] 		[0m
[0;34m[1784836964.433] [20601:20603] [DMG] 		AttributeReportIB =[0m
[0;34m[1784836964.433] [20601:20603] [DMG] 		{[0m
[0;34m[1784836964.433] [20601:20603] [DMG] 			AttributeStatusIB =[0m
[0;34m[1784836964.433] [20601:20603] [DMG] 			{[0m
[0;34m[1784836964.433] [20601:20603] [DMG] 				AttributePathIB =[0m
[0;34m[1784836964.433] [20601:20603] [DMG] 				{[0m
[0;34m[1784836964.433] [20601:20603] [DMG] 					Endpoint = 0x0,[0m
[0;34m[1784836964.433] [20601:20603] [DMG] 					Cluster = 0x46,[0m
[0;34m[1784836964.433] [20601:20603] [DMG] 					Attribute = 0x0000_0007,[0m
[0;34m[1784836964.433] [20601:20603] [DMG] 				}[0m
[0;34m[1784836964.433] [20601:20603] [DMG] 					[0m
[0;34m[1784836964.433] [20601:20603] [DMG] 				StatusIB =[0m
[0;34m[1784836964.433] [20601:20603] [DMG] 				{[0m
[0;34m[1784836964.433] [20601:20603] [DMG] 					status = 0xc3 (UNSUPPORTED_CLUSTER),[0m
[0;34m[1784836964.433] [20601:20603] [DMG] 				},[0m
[0;34m[1784836964.433] [20601:20603] [DMG] 				[0m
[0;34m[1784836964.433] [20601:20603] [DMG] 			},[0m
[0;34m[1784836964.433] [20601:20603] [DMG] 			[0m
[0;34m[1784836964.433] [20601:20603] [DMG] 		},[0m
[0;34m[1784836964.433] [20601:20603] [DMG] 		[0m
[0;34m[1784836964.433] [20601:20603] [DMG] 		AttributeReportIB =[0m
[0;34m[1784836964.433] [20601:20603] [DMG] 		{[0m
[0;34m[1784836964.433] [20601:20603] [DMG] 			AttributeStatusIB =[0m
[0;34m[1784836964.433] [20601:20603] [DMG] 			{[0m
[0;34m[1784836964.433] [20601:20603] [DMG] 				AttributePathIB =[0m
[0;34m[1784836964.433] [20601:20603] [DMG] 				{[0m
[0;34m[1784836964.433] [20601:20603] [DMG] 					Endpoint = 0x0,[0m
[0;34m[1784836964.433] [20601:20603] [DMG] 					Cluster = 0x46,[0m
[0;34m[1784836964.433] [20601:20603] [DMG] 					Attribute = 0x0000_0006,[0m
[0;34m[1784836964.433] [20601:20603] [DMG] 				}[0m
[0;34m[1784836964.433] [20601:20603] [DMG] 					[0m
[0;34m[1784836964.433] [20601:20603] [DMG] 				StatusIB =[0m
[0;34m[1784836964.433] [20601:20603] [DMG] 				{[0m
[0;34m[1784836964.433] [20601:20603] [DMG] 					status = 0xc3 (UNSUPPORTED_CLUSTER),[0m
[0;34m[1784836964.433] [20601:20603] [DMG] 				},[0m
[0;34m[1784836964.433] [20601:20603] [DMG] 				[0m
[0;34m[1784836964.433] [20601:20603] [DMG] 			},[0m
[0;34m[1784836964.433] [20601:20603] [DMG] 			[0m
[0;34m[1784836964.433] [20601:20603] [DMG] 		},[0m
[0;34m[1784836964.433] [20601:20603] [DMG] 		[0m
[0;34m[1784836964.433] [20601:20603] [DMG] 		AttributeReportIB =[0m
[0;34m[1784836964.433] [20601:20603] [DMG] 		{[0m
[0;34m[1784836964.433] [20601:20603] [DMG] 			AttributeDataIB =[0m
[0;34m[1784836964.433] [20601:20603] [DMG] 			{[0m
[0;34m[1784836964.433] [20601:20603] [DMG] 				DataVersion = 0xeb05a071,[0m
[0;34m[1784836964.433] [20601:20603] [DMG] 				AttributePathIB =[0m
[0;34m[1784836964.433] [20601:20603] [DMG] 				{[0m
[0;34m[1784836964.433] [20601:20603] [DMG] 					Endpoint = 0x0,[0m
[0;34m[1784836964.433] [20601:20603] [DMG] 					Cluster = 0x31,[0m
[0;34m[1784836964.433] [20601:20603] [DMG] 					Attribute = 0x0000_FFFC,[0m
[0;34m[1784836964.433] [20601:20603] [DMG] 				}[0m
[0;34m[1784836964.433] [20601:20603] [DMG] 					[0m
[0;34m[1784836964.433] [20601:20603] [DMG] 				Data = 4 (unsigned), [0m
[0;34m[1784836964.433] [20601:20603] [DMG] 			},[0m
[0;34m[1784836964.433] [20601:20603] [DMG] 			[0m
[0;34m[1784836964.433] [20601:20603] [DMG] 		},[0m
[0;34m[1784836964.433] [20601:20603] [DMG] 		[0m
[0;34m[1784836964.433] [20601:20603] [DMG] 	],[0m
[0;34m[1784836964.433] [20601:20603] [DMG] 	[0m
[0;34m[1784836964.433] [20601:20603] [DMG] 	SuppressResponse = true, [0m
[0;34m[1784836964.433] [20601:20603] [DMG] 	InteractionModelRevision = 12[0m
[0;34m[1784836964.433] [20601:20603] [DMG] }[0m
[1;31m[1784836964.433] [20601:20603] [CTL] Ignoring failure to read IsCommissioningWithoutPower: src/app/ClusterStateCache.cpp:294: CHIP Error 0x000000CA: Interaction Model Error[0m
[0;32m[1784836964.433] [20601:20603] [CTL] NetworkCommissioning Features: has Ethernet. endpointid = 0[0m
[0;32m[1784836964.433] [20601:20603] [SVR] OnReadCommissioningInfo - vendorId=0xFFF1 productId=0x8001[0m
[0;32m[1784836964.433] [20601:20603] [SVR] OnReadCommissioningInfo ICD - IdleModeDuration=0 activeModeDuration=0 activeModeThreshold=0[0m
[0;32m[1784836964.433] [20601:20603] [CTL] Successfully finished commissioning step 'ReadCommissioningInfo'[0m
[0;32m[1784836964.433] [20601:20603] [CTL] Commissioning stage next step: 'ReadCommissioningInfo' -> 'ArmFailSafe'[0m
[0;32m[1784836964.433] [20601:20603] [CTL] Performing next commissioning step 'ArmFailSafe'[0m
[0;34m[1784836964.433] [20601:20603] [TOO] Starting commissioning stage 'ArmFailSafe'[0m
[0;32m[1784836964.433] [20601:20603] [CTL] Arming failsafe (60 seconds)[0m
[0;34m[1784836964.433] [20601:20603] [DMG] ICR moving to [AddingComm][0m
[0;34m[1784836964.433] [20601:20603] [DMG] ICR moving to [AddedComma][0m
[0;32m[1784836964.433] [20601:20603] [EM] <<< [E:2105i S:30660 M:172772589] (S) Msg TX from 0000000000000000 to 0:FFFFFFFB00000000 [0000] [UDP:[fe80::bfe:a203:38f0:bce7%enp0s3]:5540] --- Type 0001:08 (IM:InvokeCommandRequest) (B:65)[0m
[0;32m[1784836964.433] [20601:20603] [EM] ??1 [E:2105i S:30660 M:172772589] (S) Msg Retransmission to 0:FFFFFFFB00000000 scheduled for 365ms from now [State:Active II:500 AI:300 AT:4000][0m
[0;34m[1784836964.433] [20601:20603] [DMG] ICR moving to [AwaitingRe][0m
[0;32m[1784836964.433] [20601:20603] [EM] <<< [E:2104i S:30660 M:172772590 (Ack:32110755)] (S) Msg TX from 0000000000000000 to 0:FFFFFFFB00000000 [0000] [UDP:[fe80::bfe:a203:38f0:bce7%enp0s3]:5540] --- Type 0000:10 (SecureChannel:StandaloneAck) (B:34)[0m
[0;34m[1784836964.433] [20601:20603] [EM] Flushed pending ack for MessageCounter:32110755 on exchange 2104i[0m
[0;32m[1784836964.433] [20601:20603] [EM] >>> [E:2105i S:30660 M:32110756 (Ack:172772589)] (S) Msg RX from 0:FFFFFFFB00000000 [0000] to 0000000000000000 --- Type 0001:09 (IM:InvokeCommandResponse) (B:70)[0m
[0;34m[1784836964.433] [20601:20603] [EM] Found matching exchange: 2105i, Delegate: 0x751bf40382d8[0m
[0;34m[1784836964.433] [20601:20603] [EM] Rxd Ack; Removing MessageCounter:172772589 from Retrans Table on exchange 2105i[0m
[0;34m[1784836964.433] [20601:20603] [DMG] ICR moving to [ResponseRe][0m
[0;34m[1784836964.433] [20601:20603] [DMG] InvokeResponseMessage =[0m
[0;34m[1784836964.433] [20601:20603] [DMG] {[0m
[0;34m[1784836964.433] [20601:20603] [DMG] 	suppressResponse = false, [0m
[0;34m[1784836964.433] [20601:20603] [DMG] 	InvokeResponseIBs =[0m
[0;34m[1784836964.433] [20601:20603] [DMG] 	[[0m
[0;34m[1784836964.433] [20601:20603] [DMG] 		InvokeResponseIB =[0m
[0;34m[1784836964.433] [20601:20603] [DMG] 		{[0m
[0;34m[1784836964.433] [20601:20603] [DMG] 			CommandDataIB =[0m
[0;34m[1784836964.433] [20601:20603] [DMG] 			{[0m
[0;34m[1784836964.433] [20601:20603] [DMG] 				CommandPathIB =[0m
[0;34m[1784836964.433] [20601:20603] [DMG] 				{[0m
[0;34m[1784836964.433] [20601:20603] [DMG] 					EndpointId = 0x0,[0m
[0;34m[1784836964.433] [20601:20603] [DMG] 					ClusterId = 0x30,[0m
[0;34m[1784836964.433] [20601:20603] [DMG] 					CommandId = 0x1,[0m
[0;34m[1784836964.433] [20601:20603] [DMG] 				},[0m
[0;34m[1784836964.433] [20601:20603] [DMG] 				[0m
[0;34m[1784836964.433] [20601:20603] [DMG] 				CommandFields = [0m
[0;34m[1784836964.433] [20601:20603] [DMG] 				{[0m
[0;34m[1784836964.433] [20601:20603] [DMG] 					0x0 = 0 (unsigned), [0m
[0;34m[1784836964.433] [20601:20603] [DMG] 					0x1 = "" (0 chars), [0m
[0;34m[1784836964.433] [20601:20603] [DMG] 				},[0m
[0;34m[1784836964.433] [20601:20603] [DMG] 			},[0m
[0;34m[1784836964.433] [20601:20603] [DMG] 			[0m
[0;34m[1784836964.433] [20601:20603] [DMG] 		},[0m
[0;34m[1784836964.434] [20601:20603] [DMG] 		[0m
[0;34m[1784836964.434] [20601:20603] [DMG] 	],[0m
[0;34m[1784836964.434] [20601:20603] [DMG] 	[0m
[0;34m[1784836964.434] [20601:20603] [DMG] 	InteractionModelRevision = 12[0m
[0;34m[1784836964.434] [20601:20603] [DMG] },[0m
[0;32m[1784836964.434] [20601:20603] [DMG] Received Command Response Data, Endpoint=0 Cluster=0x0000_0030 Command=0x0000_0001[0m
[0;32m[1784836964.434] [20601:20603] [CTL] Received ArmFailSafe response errorCode=0[0m
[0;32m[1784836964.434] [20601:20603] [CTL] Successfully finished commissioning step 'ArmFailSafe'[0m
[0;32m[1784836964.434] [20601:20603] [CTL] Commissioning stage next step: 'ArmFailSafe' -> 'ConfigRegulatory'[0m
[0;32m[1784836964.434] [20601:20603] [CTL] Performing next commissioning step 'ConfigRegulatory'[0m
[0;34m[1784836964.434] [20601:20603] [TOO] Starting commissioning stage 'ConfigRegulatory'[0m
[0;32m[1784836964.434] [20601:20603] [CTL] Setting Regulatory Config[0m
[0;32m[1784836964.434] [20601:20603] [CTL] No regulatory config supplied by controller, leaving as device default (0)[0m
[0;34m[1784836964.434] [20601:20603] [DMG] ICR moving to [AddingComm][0m
[0;34m[1784836964.434] [20601:20603] [DMG] ICR moving to [AddedComma][0m
[0;32m[1784836964.434] [20601:20603] [EM] <<< [E:2106i S:30660 M:172772591] (S) Msg TX from 0000000000000000 to 0:FFFFFFFB00000000 [0000] [UDP:[fe80::bfe:a203:38f0:bce7%enp0s3]:5540] --- Type 0001:08 (IM:InvokeCommandRequest) (B:70)[0m
[0;32m[1784836964.434] [20601:20603] [EM] ??1 [E:2106i S:30660 M:172772591] (S) Msg Retransmission to 0:FFFFFFFB00000000 scheduled for 348ms from now [State:Active II:500 AI:300 AT:4000][0m
[0;34m[1784836964.434] [20601:20603] [DMG] ICR moving to [AwaitingRe][0m
[0;34m[1784836964.434] [20601:20603] [DMG] ICR moving to [AwaitingDe][0m
[0;32m[1784836964.434] [20601:20603] [EM] <<< [E:2105i S:30660 M:172772592 (Ack:32110756)] (S) Msg TX from 0000000000000000 to 0:FFFFFFFB00000000 [0000] [UDP:[fe80::bfe:a203:38f0:bce7%enp0s3]:5540] --- Type 0000:10 (SecureChannel:StandaloneAck) (B:34)[0m
[0;34m[1784836964.434] [20601:20603] [EM] Flushed pending ack for MessageCounter:32110756 on exchange 2105i[0m
[0;32m[1784836964.439] [20601:20603] [EM] >>> [E:2106i S:30660 M:32110757 (Ack:172772591)] (S) Msg RX from 0:FFFFFFFB00000000 [0000] to 0000000000000000 --- Type 0001:09 (IM:InvokeCommandResponse) (B:70)[0m
[0;34m[1784836964.439] [20601:20603] [EM] Found matching exchange: 2106i, Delegate: 0x751bf4035058[0m
[0;34m[1784836964.439] [20601:20603] [EM] Rxd Ack; Removing MessageCounter:172772591 from Retrans Table on exchange 2106i[0m
[0;34m[1784836964.439] [20601:20603] [DMG] ICR moving to [ResponseRe][0m
[0;34m[1784836964.439] [20601:20603] [DMG] InvokeResponseMessage =[0m
[0;34m[1784836964.439] [20601:20603] [DMG] {[0m
[0;34m[1784836964.439] [20601:20603] [DMG] 	suppressResponse = false, [0m
[0;34m[1784836964.439] [20601:20603] [DMG] 	InvokeResponseIBs =[0m
[0;34m[1784836964.439] [20601:20603] [DMG] 	[[0m
[0;34m[1784836964.439] [20601:20603] [DMG] 		InvokeResponseIB =[0m
[0;34m[1784836964.439] [20601:20603] [DMG] 		{[0m
[0;34m[1784836964.439] [20601:20603] [DMG] 			CommandDataIB =[0m
[0;34m[1784836964.439] [20601:20603] [DMG] 			{[0m
[0;34m[1784836964.439] [20601:20603] [DMG] 				CommandPathIB =[0m
[0;34m[1784836964.439] [20601:20603] [DMG] 				{[0m
[0;34m[1784836964.439] [20601:20603] [DMG] 					EndpointId = 0x0,[0m
[0;34m[1784836964.439] [20601:20603] [DMG] 					ClusterId = 0x30,[0m
[0;34m[1784836964.439] [20601:20603] [DMG] 					CommandId = 0x3,[0m
[0;34m[1784836964.439] [20601:20603] [DMG] 				},[0m
[0;34m[1784836964.439] [20601:20603] [DMG] 				[0m
[0;34m[1784836964.439] [20601:20603] [DMG] 				CommandFields = [0m
[0;34m[1784836964.439] [20601:20603] [DMG] 				{[0m
[0;34m[1784836964.439] [20601:20603] [DMG] 					0x0 = 0 (unsigned), [0m
[0;34m[1784836964.439] [20601:20603] [DMG] 					0x1 = "" (0 chars), [0m
[0;34m[1784836964.439] [20601:20603] [DMG] 				},[0m
[0;34m[1784836964.439] [20601:20603] [DMG] 			},[0m
[0;34m[1784836964.439] [20601:20603] [DMG] 			[0m
[0;34m[1784836964.439] [20601:20603] [DMG] 		},[0m
[0;34m[1784836964.439] [20601:20603] [DMG] 		[0m
[0;34m[1784836964.439] [20601:20603] [DMG] 	],[0m
[0;34m[1784836964.439] [20601:20603] [DMG] 	[0m
[0;34m[1784836964.439] [20601:20603] [DMG] 	InteractionModelRevision = 12[0m
[0;34m[1784836964.439] [20601:20603] [DMG] },[0m
[0;32m[1784836964.439] [20601:20603] [DMG] Received Command Response Data, Endpoint=0 Cluster=0x0000_0030 Command=0x0000_0003[0m
[0;32m[1784836964.439] [20601:20603] [CTL] Received SetRegulatoryConfig response errorCode=0[0m
[0;32m[1784836964.439] [20601:20603] [CTL] Successfully finished commissioning step 'ConfigRegulatory'[0m
[0;32m[1784836964.439] [20601:20603] [CTL] Commissioning stage next step: 'ConfigRegulatory' -> 'ConfigureTCAcknowledgments'[0m
[0;32m[1784836964.439] [20601:20603] [CTL] Performing next commissioning step 'ConfigureTCAcknowledgments'[0m
[0;34m[1784836964.439] [20601:20603] [TOO] Starting commissioning stage 'ConfigureTCAcknowledgments'[0m
[0;32m[1784836964.439] [20601:20603] [CTL] Setting Terms and Conditions[0m
[0;32m[1784836964.439] [20601:20603] [CTL] Setting Terms and Conditions: Skipped[0m
[0;32m[1784836964.439] [20601:20603] [CTL] Successfully finished commissioning step 'ConfigureTCAcknowledgments'[0m
[0;32m[1784836964.439] [20601:20603] [CTL] Commissioning stage next step: 'ConfigureTCAcknowledgments' -> 'ConfigureUTCTime'[0m
[0;32m[1784836964.439] [20601:20603] [CTL] Performing next commissioning step 'ConfigureUTCTime'[0m
[0;34m[1784836964.439] [20601:20603] [TOO] Starting commissioning stage 'ConfigureUTCTime'[0m
[0;34m[1784836964.439] [20601:20603] [DMG] ICR moving to [AddingComm][0m
[0;34m[1784836964.439] [20601:20603] [DMG] ICR moving to [AddedComma][0m
[0;32m[1784836964.439] [20601:20603] [EM] <<< [E:2107i S:30660 M:172772593] (S) Msg TX from 0000000000000000 to 0:FFFFFFFB00000000 [0000] [UDP:[fe80::bfe:a203:38f0:bce7%enp0s3]:5540] --- Type 0001:08 (IM:InvokeCommandRequest) (B:72)[0m
[0;32m[1784836964.439] [20601:20603] [EM] ??1 [E:2107i S:30660 M:172772593] (S) Msg Retransmission to 0:FFFFFFFB00000000 scheduled for 407ms from now [State:Active II:500 AI:300 AT:4000][0m
[0;34m[1784836964.439] [20601:20603] [DMG] ICR moving to [AwaitingRe][0m
[0;34m[1784836964.439] [20601:20603] [DMG] ICR moving to [AwaitingDe][0m
[0;32m[1784836964.439] [20601:20603] [EM] <<< [E:2106i S:30660 M:172772594 (Ack:32110757)] (S) Msg TX from 0000000000000000 to 0:FFFFFFFB00000000 [0000] [UDP:[fe80::bfe:a203:38f0:bce7%enp0s3]:5540] --- Type 0000:10 (SecureChannel:StandaloneAck) (B:34)[0m
[0;34m[1784836964.439] [20601:20603] [EM] Flushed pending ack for MessageCounter:32110757 on exchange 2106i[0m
[0;32m[1784836964.439] [20601:20603] [EM] >>> [E:2107i S:30660 M:32110758 (Ack:172772593)] (S) Msg RX from 0:FFFFFFFB00000000 [0000] to 0000000000000000 --- Type 0001:09 (IM:InvokeCommandResponse) (B:70)[0m
[0;34m[1784836964.439] [20601:20603] [EM] Found matching exchange: 2107i, Delegate: 0x751bf40382d8[0m
[0;34m[1784836964.439] [20601:20603] [EM] Rxd Ack; Removing MessageCounter:172772593 from Retrans Table on exchange 2107i[0m
[0;34m[1784836964.439] [20601:20603] [DMG] ICR moving to [ResponseRe][0m
[0;34m[1784836964.439] [20601:20603] [DMG] InvokeResponseMessage =[0m
[0;34m[1784836964.439] [20601:20603] [DMG] {[0m
[0;34m[1784836964.439] [20601:20603] [DMG] 	suppressResponse = false, [0m
[0;34m[1784836964.439] [20601:20603] [DMG] 	InvokeResponseIBs =[0m
[0;34m[1784836964.439] [20601:20603] [DMG] 	[[0m
[0;34m[1784836964.439] [20601:20603] [DMG] 		InvokeResponseIB =[0m
[0;34m[1784836964.439] [20601:20603] [DMG] 		{[0m
[0;34m[1784836964.439] [20601:20603] [DMG] 			CommandStatusIB =[0m
[0;34m[1784836964.439] [20601:20603] [DMG] 			{[0m
[0;34m[1784836964.439] [20601:20603] [DMG] 				CommandPathIB =[0m
[0;34m[1784836964.439] [20601:20603] [DMG] 				{[0m
[0;34m[1784836964.439] [20601:20603] [DMG] 					EndpointId = 0x0,[0m
[0;34m[1784836964.439] [20601:20603] [DMG] 					ClusterId = 0x38,[0m
[0;34m[1784836964.439] [20601:20603] [DMG] 					CommandId = 0x0,[0m
[0;34m[1784836964.439] [20601:20603] [DMG] 				},[0m
[0;34m[1784836964.439] [20601:20603] [DMG] 				[0m
[0;34m[1784836964.439] [20601:20603] [DMG] 				StatusIB =[0m
[0;34m[1784836964.439] [20601:20603] [DMG] 				{[0m
[0;34m[1784836964.439] [20601:20603] [DMG] 					status = 0x01 (FAILURE),[0m
[0;34m[1784836964.439] [20601:20603] [DMG] 					cluster-status = 0x2,[0m
[0;34m[1784836964.439] [20601:20603] [DMG] 				},[0m
[0;34m[1784836964.439] [20601:20603] [DMG] 				[0m
[0;34m[1784836964.439] [20601:20603] [DMG] 			},[0m
[0;34m[1784836964.439] [20601:20603] [DMG] 			[0m
[0;34m[1784836964.439] [20601:20603] [DMG] 		},[0m
[0;34m[1784836964.439] [20601:20603] [DMG] 		[0m
[0;34m[1784836964.439] [20601:20603] [DMG] 	],[0m
[0;34m[1784836964.439] [20601:20603] [DMG] 	[0m
[0;34m[1784836964.439] [20601:20603] [DMG] 	InteractionModelRevision = 12[0m
[0;34m[1784836964.439] [20601:20603] [DMG] },[0m
[0;32m[1784836964.439] [20601:20603] [DMG] Received Command Response Status for Endpoint=0 Cluster=0x0000_0038 Command=0x0000_0000 Status=0x1[0m
[0;32m[1784836964.439] [20601:20603] [CTL] Successfully finished commissioning step 'ConfigureUTCTime'[0m
[0;32m[1784836964.439] [20601:20603] [CTL] Commissioning stage next step: 'ConfigureUTCTime' -> 'SendPAICertificateRequest'[0m
[0;32m[1784836964.439] [20601:20603] [CTL] Performing next commissioning step 'SendPAICertificateRequest'[0m
[0;34m[1784836964.439] [20601:20603] [TOO] Starting commissioning stage 'SendPAICertificateRequest'[0m
[0;32m[1784836964.439] [20601:20603] [CTL] Sending request for PAI certificate[0m
[0;34m[1784836964.439] [20601:20603] [CTL] Sending Certificate Chain request to 0x751bf4033e20 device[0m
[0;34m[1784836964.440] [20601:20603] [DMG] ICR moving to [AddingComm][0m
[0;34m[1784836964.440] [20601:20603] [DMG] ICR moving to [AddedComma][0m
[0;32m[1784836964.440] [20601:20603] [EM] <<< [E:2108i S:30660 M:172772595] (S) Msg TX from 0000000000000000 to 0:FFFFFFFB00000000 [0000] [UDP:[fe80::bfe:a203:38f0:bce7%enp0s3]:5540] --- Type 0001:08 (IM:InvokeCommandRequest) (B:62)[0m
[0;32m[1784836964.440] [20601:20603] [EM] ??1 [E:2108i S:30660 M:172772595] (S) Msg Retransmission to 0:FFFFFFFB00000000 scheduled for 402ms from now [State:Active II:500 AI:300 AT:4000][0m
[0;34m[1784836964.440] [20601:20603] [DMG] ICR moving to [AwaitingRe][0m
[0;34m[1784836964.440] [20601:20603] [DMG] ICR moving to [AwaitingDe][0m
[0;32m[1784836964.440] [20601:20603] [EM] <<< [E:2107i S:30660 M:172772596 (Ack:32110758)] (S) Msg TX from 0000000000000000 to 0:FFFFFFFB00000000 [0000] [UDP:[fe80::bfe:a203:38f0:bce7%enp0s3]:5540] --- Type 0000:10 (SecureChannel:StandaloneAck) (B:34)[0m
[0;34m[1784836964.440] [20601:20603] [EM] Flushed pending ack for MessageCounter:32110758 on exchange 2107i[0m
[0;32m[1784836964.440] [20601:20603] [EM] >>> [E:2108i S:30660 M:32110759 (Ack:172772595)] (S) Msg RX from 0:FFFFFFFB00000000 [0000] to 0000000000000000 --- Type 0001:09 (IM:InvokeCommandResponse) (B:531)[0m
[0;34m[1784836964.440] [20601:20603] [EM] Found matching exchange: 2108i, Delegate: 0x751bf4035058[0m
[0;34m[1784836964.440] [20601:20603] [EM] Rxd Ack; Removing MessageCounter:172772595 from Retrans Table on exchange 2108i[0m
[0;34m[1784836964.440] [20601:20603] [DMG] ICR moving to [ResponseRe][0m
[0;34m[1784836964.440] [20601:20603] [DMG] InvokeResponseMessage =[0m
[0;34m[1784836964.440] [20601:20603] [DMG] {[0m
[0;34m[1784836964.440] [20601:20603] [DMG] 	suppressResponse = false, [0m
[0;34m[1784836964.440] [20601:20603] [DMG] 	InvokeResponseIBs =[0m
[0;34m[1784836964.440] [20601:20603] [DMG] 	[[0m
[0;34m[1784836964.440] [20601:20603] [DMG] 		InvokeResponseIB =[0m
[0;34m[1784836964.440] [20601:20603] [DMG] 		{[0m
[0;34m[1784836964.440] [20601:20603] [DMG] 			CommandDataIB =[0m
[0;34m[1784836964.440] [20601:20603] [DMG] 			{[0m
[0;34m[1784836964.440] [20601:20603] [DMG] 				CommandPathIB =[0m
[0;34m[1784836964.440] [20601:20603] [DMG] 				{[0m
[0;34m[1784836964.440] [20601:20603] [DMG] 					EndpointId = 0x0,[0m
[0;34m[1784836964.440] [20601:20603] [DMG] 					ClusterId = 0x3e,[0m
[0;34m[1784836964.440] [20601:20603] [DMG] 					CommandId = 0x3,[0m
[0;34m[1784836964.440] [20601:20603] [DMG] 				},[0m
[0;34m[1784836964.440] [20601:20603] [DMG] 				[0m
[0;34m[1784836964.440] [20601:20603] [DMG] 				CommandFields = [0m
[0;34m[1784836964.440] [20601:20603] [DMG] 				{[0m
[0;34m[1784836964.440] [20601:20603] [DMG] 					0x0 = [[0m
[0;34m[1784836964.440] [20601:20603] [DMG] 							0x30, 0x82, 0x01, 0xcb, 0x30, 0x82, 0x01, 0x71, 0xa0, 0x03, 0x02, 0x01, 0x02, 0x02, 0x08, 0x56, 0xad, 0x82, 0x22, 0xad, 0x94, 0x5b, 0x64, 0x30, 0x0a, 0x06, 0x08, 0x2a, 0x86, 0x48, 0xce, 0x3d, 0x04, 0x03, 0x02, 0x30, 0x30, 0x31, 0x18, 0x30, 0x16, 0x06, 0x03, 0x55, 0x04, 0x03, 0x0c, 0x0f, 0x4d, 0x61, 0x74, 0x74, 0x65, 0x72, 0x20, 0x54, 0x65, 0x73, 0x74, 0x20, 0x50, 0x41, 0x41, 0x31, 0x14, 0x30, 0x12, 0x06, 0x0a, 0x2b, 0x06, 0x01, 0x04, 0x01, 0x82, 0xa2, 0x7c, 0x02, 0x01, 0x0c, 0x04, 0x46, 0x46, 0x46, 0x31, 0x30, 0x20, 0x17, 0x0d, 0x32, 0x32, 0x30, 0x32, 0x30, 0x35, 0x30, 0x30, 0x30, 0x30, 0x30, 0x30, 0x5a, 0x18, 0x0f, 0x39, 0x39, 0x39, 0x39, 0x31, 0x32, 0x33, 0x31, 0x32, 0x33, 0x35, 0x39, 0x35, 0x39, 0x5a, 0x30, 0x3d, 0x31, 0x25, 0x30, 0x23, 0x06, 0x03, 0x55, 0x04, 0x03, 0x0c, 0x1c, 0x4d, 0x61, 0x74, 0x74, 0x65, 0x72, 0x20, 0x44, 0x65, 0x76, 0x20, 0x50, 0x41, 0x49, 0x20, 0x30, 0x78, 0x46, 0x46, 0x46, 0x31, 0x20, 0x6e, 0x6f, 0x20, 0x50, 0x49, 0x44, 0x31, 0x14, 0x30, 0x12, 0x06, 0x0a, 0x2b, 0x06, 0x01, 0x04, 0x01, 0x82, 0xa2, 0x7c, 0x02, 0x01, 0x0c, 0x04, 0x46, 0x46, 0x46, 0x31, 0x30, 0x59, 0x30, 0x13, 0x06, 0x07, 0x2a, 0x86, 0x48, 0xce, 0x3d, 0x02, 0x01, 0x06, 0x08, 0x2a, 0x86, 0x48, 0xce, 0x3d, 0x03, 0x01, 0x07, 0x03, 0x42, 0x00, 0x04, 0x41, 0x9a, 0x93, 0x15, 0xc2, 0x17, 0x3e, 0x0c, 0x8c, 0x87, 0x6d, 0x03, 0xcc, 0xfc, 0x94, 0x48, 0x52, 0x64, 0x7f, 0x7f, 0xec, 0x5e, 0x50, 0x82, 0xf4, 0x05, 0x99, 0x28, 0xec, 0xa8, 0x94, 0xc5, 0x94, 0x15, 0x13, 0x09, 0xac, 0x63, 0x1e, 0x4c, 0xb0, 0x33, 0x92, 0xaf, 0x68, 0x4b, 0x0b, 0xaf, 0xb7, 0xe6, 0x5b, 0x3b, 0x81, 0x62, 0xc2, 0xf5, 0x2b, 0xf9, 0x31, 0xb8, 0xe7, 0x7a, 0xaa, 0x82, 0xa3, 0x66, 0x30, 0x64, 0x30, 0x12, 0x06, 0x03, 0x55, 0x1d, 0x[0m
[0;34m[1784836964.440] [20601:20603] [DMG] 					] (463 bytes)[0m
[0;34m[1784836964.440] [20601:20603] [DMG] 				},[0m
[0;34m[1784836964.440] [20601:20603] [DMG] 			},[0m
[0;34m[1784836964.440] [20601:20603] [DMG] 			[0m
[0;34m[1784836964.440] [20601:20603] [DMG] 		},[0m
[0;34m[1784836964.440] [20601:20603] [DMG] 		[0m
[0;34m[1784836964.440] [20601:20603] [DMG] 	],[0m
[0;34m[1784836964.440] [20601:20603] [DMG] 	[0m
[0;34m[1784836964.440] [20601:20603] [DMG] 	InteractionModelRevision = 12[0m
[0;34m[1784836964.440] [20601:20603] [DMG] },[0m
[0;32m[1784836964.440] [20601:20603] [DMG] Received Command Response Data, Endpoint=0 Cluster=0x0000_003E Command=0x0000_0003[0m
[0;32m[1784836964.440] [20601:20603] [CTL] Received certificate chain from the device[0m
[0;32m[1784836964.440] [20601:20603] [CTL] Successfully finished commissioning step 'SendPAICertificateRequest'[0m
[0;32m[1784836964.440] [20601:20603] [CTL] Commissioning stage next step: 'SendPAICertificateRequest' -> 'SendDACCertificateRequest'[0m
[0;32m[1784836964.440] [20601:20603] [CTL] Performing next commissioning step 'SendDACCertificateRequest'[0m
[0;34m[1784836964.440] [20601:20603] [TOO] Starting commissioning stage 'SendDACCertificateRequest'[0m
[0;32m[1784836964.440] [20601:20603] [CTL] Sending request for DAC certificate[0m
[0;34m[1784836964.440] [20601:20603] [CTL] Sending Certificate Chain request to 0x751bf4033e20 device[0m
[0;34m[1784836964.440] [20601:20603] [DMG] ICR moving to [AddingComm][0m
[0;34m[1784836964.440] [20601:20603] [DMG] ICR moving to [AddedComma][0m
[0;32m[1784836964.440] [20601:20603] [EM] <<< [E:2109i S:30660 M:172772597] (S) Msg TX from 0000000000000000 to 0:FFFFFFFB00000000 [0000] [UDP:[fe80::bfe:a203:38f0:bce7%enp0s3]:5540] --- Type 0001:08 (IM:InvokeCommandRequest) (B:62)[0m
[0;32m[1784836964.440] [20601:20603] [EM] ??1 [E:2109i S:30660 M:172772597] (S) Msg Retransmission to 0:FFFFFFFB00000000 scheduled for 381ms from now [State:Active II:500 AI:300 AT:4000][0m
[0;34m[1784836964.440] [20601:20603] [DMG] ICR moving to [AwaitingRe][0m
[0;34m[1784836964.440] [20601:20603] [DMG] ICR moving to [AwaitingDe][0m
[0;32m[1784836964.440] [20601:20603] [EM] <<< [E:2108i S:30660 M:172772598 (Ack:32110759)] (S) Msg TX from 0000000000000000 to 0:FFFFFFFB00000000 [0000] [UDP:[fe80::bfe:a203:38f0:bce7%enp0s3]:5540] --- Type 0000:10 (SecureChannel:StandaloneAck) (B:34)[0m
[0;34m[1784836964.440] [20601:20603] [EM] Flushed pending ack for MessageCounter:32110759 on exchange 2108i[0m
[0;32m[1784836964.440] [20601:20603] [EM] >>> [E:2109i S:30660 M:32110760 (Ack:172772597)] (S) Msg RX from 0:FFFFFFFB00000000 [0000] to 0000000000000000 --- Type 0001:09 (IM:InvokeCommandResponse) (B:559)[0m
[0;34m[1784836964.440] [20601:20603] [EM] Found matching exchange: 2109i, Delegate: 0x751bf40382d8[0m
[0;34m[1784836964.441] [20601:20603] [EM] Rxd Ack; Removing MessageCounter:172772597 from Retrans Table on exchange 2109i[0m
[0;34m[1784836964.441] [20601:20603] [DMG] ICR moving to [ResponseRe][0m
[0;34m[1784836964.441] [20601:20603] [DMG] InvokeResponseMessage =[0m
[0;34m[1784836964.441] [20601:20603] [DMG] {[0m
[0;34m[1784836964.441] [20601:20603] [DMG] 	suppressResponse = false, [0m
[0;34m[1784836964.441] [20601:20603] [DMG] 	InvokeResponseIBs =[0m
[0;34m[1784836964.441] [20601:20603] [DMG] 	[[0m
[0;34m[1784836964.441] [20601:20603] [DMG] 		InvokeResponseIB =[0m
[0;34m[1784836964.441] [20601:20603] [DMG] 		{[0m
[0;34m[1784836964.441] [20601:20603] [DMG] 			CommandDataIB =[0m
[0;34m[1784836964.441] [20601:20603] [DMG] 			{[0m
[0;34m[1784836964.441] [20601:20603] [DMG] 				CommandPathIB =[0m
[0;34m[1784836964.441] [20601:20603] [DMG] 				{[0m
[0;34m[1784836964.441] [20601:20603] [DMG] 					EndpointId = 0x0,[0m
[0;34m[1784836964.441] [20601:20603] [DMG] 					ClusterId = 0x3e,[0m
[0;34m[1784836964.441] [20601:20603] [DMG] 					CommandId = 0x3,[0m
[0;34m[1784836964.441] [20601:20603] [DMG] 				},[0m
[0;34m[1784836964.441] [20601:20603] [DMG] 				[0m
[0;34m[1784836964.441] [20601:20603] [DMG] 				CommandFields = [0m
[0;34m[1784836964.441] [20601:20603] [DMG] 				{[0m
[0;34m[1784836964.441] [20601:20603] [DMG] 					0x0 = [[0m
[0;34m[1784836964.441] [20601:20603] [DMG] 							0x30, 0x82, 0x01, 0xe7, 0x30, 0x82, 0x01, 0x8e, 0xa0, 0x03, 0x02, 0x01, 0x02, 0x02, 0x08, 0x69, 0xcd, 0xf1, 0x0d, 0xe9, 0xe5, 0x4e, 0xd1, 0x30, 0x0a, 0x06, 0x08, 0x2a, 0x86, 0x48, 0xce, 0x3d, 0x04, 0x03, 0x02, 0x30, 0x3d, 0x31, 0x25, 0x30, 0x23, 0x06, 0x03, 0x55, 0x04, 0x03, 0x0c, 0x1c, 0x4d, 0x61, 0x74, 0x74, 0x65, 0x72, 0x20, 0x44, 0x65, 0x76, 0x20, 0x50, 0x41, 0x49, 0x20, 0x30, 0x78, 0x46, 0x46, 0x46, 0x31, 0x20, 0x6e, 0x6f, 0x20, 0x50, 0x49, 0x44, 0x31, 0x14, 0x30, 0x12, 0x06, 0x0a, 0x2b, 0x06, 0x01, 0x04, 0x01, 0x82, 0xa2, 0x7c, 0x02, 0x01, 0x0c, 0x04, 0x46, 0x46, 0x46, 0x31, 0x30, 0x20, 0x17, 0x0d, 0x32, 0x32, 0x30, 0x32, 0x30, 0x35, 0x30, 0x30, 0x30, 0x30, 0x30, 0x30, 0x5a, 0x18, 0x0f, 0x39, 0x39, 0x39, 0x39, 0x31, 0x32, 0x33, 0x31, 0x32, 0x33, 0x35, 0x39, 0x35, 0x39, 0x5a, 0x30, 0x53, 0x31, 0x25, 0x30, 0x23, 0x06, 0x03, 0x55, 0x04, 0x03, 0x0c, 0x1c, 0x4d, 0x61, 0x74, 0x74, 0x65, 0x72, 0x20, 0x44, 0x65, 0x76, 0x20, 0x44, 0x41, 0x43, 0x20, 0x30, 0x78, 0x46, 0x46, 0x46, 0x31, 0x2f, 0x30, 0x78, 0x38, 0x30, 0x30, 0x31, 0x31, 0x14, 0x30, 0x12, 0x06, 0x0a, 0x2b, 0x06, 0x01, 0x04, 0x01, 0x82, 0xa2, 0x7c, 0x02, 0x01, 0x0c, 0x04, 0x46, 0x46, 0x46, 0x31, 0x31, 0x14, 0x30, 0x12, 0x06, 0x0a, 0x2b, 0x06, 0x01, 0x04, 0x01, 0x82, 0xa2, 0x7c, 0x02, 0x02, 0x0c, 0x04, 0x38, 0x30, 0x30, 0x31, 0x30, 0x59, 0x30, 0x13, 0x06, 0x07, 0x2a, 0x86, 0x48, 0xce, 0x3d, 0x02, 0x01, 0x06, 0x08, 0x2a, 0x86, 0x48, 0xce, 0x3d, 0x03, 0x01, 0x07, 0x03, 0x42, 0x00, 0x04, 0x46, 0x3a, 0xc6, 0x93, 0x42, 0x91, 0x0a, 0x0e, 0x55, 0x88, 0xfc, 0x6f, 0xf5, 0x6b, 0xb6, 0x3e, 0x62, 0xec, 0xce, 0xcb, 0x14, 0x8f, 0x7d, 0x4e, 0xb0, 0x3e, 0xe5, 0x52, 0x60, 0x14, 0x15, 0x76, 0x7d, 0x16, 0xa5, 0xc6, 0x63, 0xf7, 0x93, 0x[0m
[0;34m[1784836964.441] [20601:20603] [DMG] 					] (491 bytes)[0m
[0;34m[1784836964.441] [20601:20603] [DMG] 				},[0m
[0;34m[1784836964.441] [20601:20603] [DMG] 			},[0m
[0;34m[1784836964.441] [20601:20603] [DMG] 			[0m
[0;34m[1784836964.441] [20601:20603] [DMG] 		},[0m
[0;34m[1784836964.441] [20601:20603] [DMG] 		[0m
[0;34m[1784836964.441] [20601:20603] [DMG] 	],[0m
[0;34m[1784836964.441] [20601:20603] [DMG] 	[0m
[0;34m[1784836964.441] [20601:20603] [DMG] 	InteractionModelRevision = 12[0m
[0;34m[1784836964.441] [20601:20603] [DMG] },[0m
[0;32m[1784836964.441] [20601:20603] [DMG] Received Command Response Data, Endpoint=0 Cluster=0x0000_003E Command=0x0000_0003[0m
[0;32m[1784836964.441] [20601:20603] [CTL] Received certificate chain from the device[0m
[0;32m[1784836964.441] [20601:20603] [CTL] Successfully finished commissioning step 'SendDACCertificateRequest'[0m
[0;32m[1784836964.441] [20601:20603] [CTL] Commissioning stage next step: 'SendDACCertificateRequest' -> 'SendAttestationRequest'[0m
[0;32m[1784836964.441] [20601:20603] [CTL] Performing next commissioning step 'SendAttestationRequest'[0m
[0;34m[1784836964.441] [20601:20603] [TOO] Starting commissioning stage 'SendAttestationRequest'[0m
[0;32m[1784836964.441] [20601:20603] [CTL] Sending Attestation Request to the device.[0m
[0;34m[1784836964.441] [20601:20603] [CTL] Sending Attestation request to 0x751bf4033e20 device[0m
[0;34m[1784836964.441] [20601:20603] [DMG] ICR moving to [AddingComm][0m
[0;34m[1784836964.441] [20601:20603] [DMG] ICR moving to [AddedComma][0m
[0;32m[1784836964.441] [20601:20603] [EM] <<< [E:2110i S:30660 M:172772599] (S) Msg TX from 0000000000000000 to 0:FFFFFFFB00000000 [0000] [UDP:[fe80::bfe:a203:38f0:bce7%enp0s3]:5540] --- Type 0001:08 (IM:InvokeCommandRequest) (B:94)[0m
[0;32m[1784836964.441] [20601:20603] [EM] ??1 [E:2110i S:30660 M:172772599] (S) Msg Retransmission to 0:FFFFFFFB00000000 scheduled for 403ms from now [State:Active II:500 AI:300 AT:4000][0m
[0;34m[1784836964.441] [20601:20603] [DMG] ICR moving to [AwaitingRe][0m
[0;34m[1784836964.441] [20601:20603] [CTL] Sent Attestation request, waiting for the Attestation Information[0m
[0;34m[1784836964.441] [20601:20603] [DMG] ICR moving to [AwaitingDe][0m
[0;32m[1784836964.441] [20601:20603] [EM] <<< [E:2109i S:30660 M:172772600 (Ack:32110760)] (S) Msg TX from 0000000000000000 to 0:FFFFFFFB00000000 [0000] [UDP:[fe80::bfe:a203:38f0:bce7%enp0s3]:5540] --- Type 0000:10 (SecureChannel:StandaloneAck) (B:34)[0m
[0;34m[1784836964.441] [20601:20603] [EM] Flushed pending ack for MessageCounter:32110760 on exchange 2109i[0m
[0;32m[1784836964.441] [20601:20603] [EM] >>> [E:2110i S:30660 M:32110761 (Ack:172772599)] (S) Msg RX from 0:FFFFFFFB00000000 [0000] to 0000000000000000 --- Type 0001:09 (IM:InvokeCommandResponse) (B:718)[0m
[0;34m[1784836964.441] [20601:20603] [EM] Found matching exchange: 2110i, Delegate: 0x751bf4035058[0m
[0;34m[1784836964.441] [20601:20603] [EM] Rxd Ack; Removing MessageCounter:172772599 from Retrans Table on exchange 2110i[0m
[0;34m[1784836964.441] [20601:20603] [DMG] ICR moving to [ResponseRe][0m
[0;34m[1784836964.441] [20601:20603] [DMG] InvokeResponseMessage =[0m
[0;34m[1784836964.441] [20601:20603] [DMG] {[0m
[0;34m[1784836964.441] [20601:20603] [DMG] 	suppressResponse = false, [0m
[0;34m[1784836964.441] [20601:20603] [DMG] 	InvokeResponseIBs =[0m
[0;34m[1784836964.441] [20601:20603] [DMG] 	[[0m
[0;34m[1784836964.441] [20601:20603] [DMG] 		InvokeResponseIB =[0m
[0;34m[1784836964.441] [20601:20603] [DMG] 		{[0m
[0;34m[1784836964.441] [20601:20603] [DMG] 			CommandDataIB =[0m
[0;34m[1784836964.441] [20601:20603] [DMG] 			{[0m
[0;34m[1784836964.441] [20601:20603] [DMG] 				CommandPathIB =[0m
[0;34m[1784836964.441] [20601:20603] [DMG] 				{[0m
[0;34m[1784836964.441] [20601:20603] [DMG] 					EndpointId = 0x0,[0m
[0;34m[1784836964.441] [20601:20603] [DMG] 					ClusterId = 0x3e,[0m
[0;34m[1784836964.441] [20601:20603] [DMG] 					CommandId = 0x1,[0m
[0;34m[1784836964.441] [20601:20603] [DMG] 				},[0m
[0;34m[1784836964.441] [20601:20603] [DMG] 				[0m
[0;34m[1784836964.441] [20601:20603] [DMG] 				CommandFields = [0m
[0;34m[1784836964.441] [20601:20603] [DMG] 				{[0m
[0;34m[1784836964.441] [20601:20603] [DMG] 					0x0 = [[0m
[0;34m[1784836964.441] [20601:20603] [DMG] 							0x15, 0x31, 0x01, 0x1b, 0x02, 0x30, 0x82, 0x02, 0x17, 0x06, 0x09, 0x2a, 0x86, 0x48, 0x86, 0xf7, 0x0d, 0x01, 0x07, 0x02, 0xa0, 0x82, 0x02, 0x08, 0x30, 0x82, 0x02, 0x04, 0x02, 0x01, 0x03, 0x31, 0x0d, 0x30, 0x0b, 0x06, 0x09, 0x60, 0x86, 0x48, 0x01, 0x65, 0x03, 0x04, 0x02, 0x01, 0x30, 0x82, 0x01, 0x70, 0x06, 0x09, 0x2a, 0x86, 0x48, 0x86, 0xf7, 0x0d, 0x01, 0x07, 0x01, 0xa0, 0x82, 0x01, 0x61, 0x04, 0x82, 0x01, 0x5d, 0x15, 0x24, 0x00, 0x01, 0x25, 0x01, 0xf1, 0xff, 0x36, 0x02, 0x05, 0x00, 0x80, 0x05, 0x01, 0x80, 0x05, 0x02, 0x80, 0x05, 0x03, 0x80, 0x05, 0x04, 0x80, 0x05, 0x05, 0x80, 0x05, 0x06, 0x80, 0x05, 0x07, 0x80, 0x05, 0x08, 0x80, 0x05, 0x09, 0x80, 0x05, 0x0a, 0x80, 0x05, 0x0b, 0x80, 0x05, 0x0c, 0x80, 0x05, 0x0d, 0x80, 0x05, 0x0e, 0x80, 0x05, 0x0f, 0x80, 0x05, 0x10, 0x80, 0x05, 0x11, 0x80, 0x05, 0x12, 0x80, 0x05, 0x13, 0x80, 0x05, 0x14, 0x80, 0x05, 0x15, 0x80, 0x05, 0x16, 0x80, 0x05, 0x17, 0x80, 0x05, 0x18, 0x80, 0x05, 0x19, 0x80, 0x05, 0x1a, 0x80, 0x05, 0x1b, 0x80, 0x05, 0x1c, 0x80, 0x05, 0x1d, 0x80, 0x05, 0x1e, 0x80, 0x05, 0x1f, 0x80, 0x05, 0x20, 0x80, 0x05, 0x21, 0x80, 0x05, 0x22, 0x80, 0x05, 0x23, 0x80, 0x05, 0x24, 0x80, 0x05, 0x25, 0x80, 0x05, 0x26, 0x80, 0x05, 0x27, 0x80, 0x05, 0x28, 0x80, 0x05, 0x29, 0x80, 0x05, 0x2a, 0x80, 0x05, 0x2b, 0x80, 0x05, 0x2c, 0x80, 0x05, 0x2d, 0x80, 0x05, 0x2e, 0x80, 0x05, 0x2f, 0x80, 0x05, 0x30, 0x80, 0x05, 0x31, 0x80, 0x05, 0x32, 0x80, 0x05, 0x33, 0x80, 0x05, 0x34, 0x80, 0x05, 0x35, 0x80, 0x05, 0x36, 0x80, 0x05, 0x37, 0x80, 0x05, 0x38, 0x80, 0x05, 0x39, 0x80, 0x05, 0x3a, 0x80, 0x05, 0x3b, 0x80, 0x05, 0x3c, 0x80, 0x05, 0x3d, 0x80, 0x05, 0x3e, 0x80, 0x05, 0x3f, 0x80, 0x05, 0x40, 0x80, 0x05, 0x41, 0x80, 0x05, 0x42, 0x80, 0x05, 0x43, 0x80, 0x[0m
[0;34m[1784836964.441] [20601:20603] [DMG] 					] (583 bytes)[0m
[0;34m[1784836964.441] [20601:20603] [DMG] 					0x1 = [[0m
[0;34m[1784836964.441] [20601:20603] [DMG] 							0xa1, 0x81, 0xc0, 0xb0, 0xc9, 0xe7, 0x63, 0xb3, 0xd3, 0xa3, 0x0f, 0x8d, 0xa5, 0xad, 0x93, 0xce, 0x90, 0x3a, 0xc0, 0x34, 0x87, 0xd6, 0xe7, 0x96, 0x72, 0x4f, 0x00, 0x66, 0x3e, 0x37, 0x76, 0x30, 0xad, 0xb8, 0x62, 0x6f, 0xb1, 0xfa, 0xfc, 0x5d, 0x87, 0x8f, 0x19, 0x16, 0x78, 0xdd, 0x5d, 0x88, 0xae, 0xd2, 0x3e, 0xde, 0x58, 0x18, 0x10, 0x89, 0x39, 0x50, 0x9b, 0x79, 0x3c, 0xb1, 0xfd, 0x6d, [0m
[0;34m[1784836964.441] [20601:20603] [DMG] 					] (64 bytes)[0m
[0;34m[1784836964.441] [20601:20603] [DMG] 				},[0m
[0;34m[1784836964.441] [20601:20603] [DMG] 			},[0m
[0;34m[1784836964.441] [20601:20603] [DMG] 			[0m
[0;34m[1784836964.441] [20601:20603] [DMG] 		},[0m
[0;34m[1784836964.441] [20601:20603] [DMG] 		[0m
[0;34m[1784836964.441] [20601:20603] [DMG] 	],[0m
[0;34m[1784836964.441] [20601:20603] [DMG] 	[0m
[0;34m[1784836964.441] [20601:20603] [DMG] 	InteractionModelRevision = 12[0m
[0;34m[1784836964.441] [20601:20603] [DMG] },[0m
[0;32m[1784836964.441] [20601:20603] [DMG] Received Command Response Data, Endpoint=0 Cluster=0x0000_003E Command=0x0000_0001[0m
[0;32m[1784836964.441] [20601:20603] [CTL] Received Attestation Information from the device[0m
[0;32m[1784836964.441] [20601:20603] [CTL] Successfully finished commissioning step 'SendAttestationRequest'[0m
[0;34m[1784836964.441] [20601:20603] [CTL] AutoCommissioner setting attestationElements buffer size 583/583[0m
[0;32m[1784836964.441] [20601:20603] [CTL] Commissioning stage next step: 'SendAttestationRequest' -> 'AttestationVerification'[0m
[0;32m[1784836964.441] [20601:20603] [CTL] Performing next commissioning step 'AttestationVerification'[0m
[0;34m[1784836964.441] [20601:20603] [TOO] Starting commissioning stage 'AttestationVerification'[0m
[0;32m[1784836964.441] [20601:20603] [CTL] Verifying Device Attestation information received from the device[0m
[0;32m[1784836964.444] [20601:20603] [-] Device candidate DAC chain details:[0m
[0;32m[1784836964.444] [20601:20603] [-] --> DAC's VID: 0xFFF1, PID: 0x8001[0m
[0;32m[1784836964.444] [20601:20603] [-] ==== DAC certificate considered (491 bytes) ====[0m
[0;32m[1784836964.444] [20601:20603] [-] -----BEGIN CERTIFICATE-----[0m
[0;32m[1784836964.444] [20601:20603] [-] MIIB5zCCAY6gAwIBAgIIac3xDenlTtEwCgYIKoZIzj0EAwIwPTElMCMGA1UEAwwc[0m
[0;32m[1784836964.444] [20601:20603] [-] TWF0dGVyIERldiBQQUkgMHhGRkYxIG5vIFBJRDEUMBIGCisGAQQBgqJ8AgEMBEZG[0m
[0;32m[1784836964.444] [20601:20603] [-] RjEwIBcNMjIwMjA1MDAwMDAwWhgPOTk5OTEyMzEyMzU5NTlaMFMxJTAjBgNVBAMM[0m
[0;32m[1784836964.444] [20601:20603] [-] HE1hdHRlciBEZXYgREFDIDB4RkZGMS8weDgwMDExFDASBgorBgEEAYKifAIBDARG[0m
[0;32m[1784836964.444] [20601:20603] [-] RkYxMRQwEgYKKwYBBAGConwCAgwEODAwMTBZMBMGByqGSM49AgEGCCqGSM49AwEH[0m
[0;32m[1784836964.444] [20601:20603] [-] A0IABEY6xpNCkQoOVYj8b/Vrtj5i7M7LFI99TrA+5VJgFBV2fRalxmP3k+SRIyYL[0m
[0;32m[1784836964.444] [20601:20603] [-] gpenzX58/HsxaznZjpDSk3dzjoKjYDBeMAwGA1UdEwEB/wQCMAAwDgYDVR0PAQH/[0m
[0;32m[1784836964.444] [20601:20603] [-] BAQDAgeAMB0GA1UdDgQWBBSI3eezADgpMs/3NMBGJIEPRBaKbzAfBgNVHSMEGDAW[0m
[0;32m[1784836964.444] [20601:20603] [-] gBRjVA5H9kscONE4hKRi0WwZXY/7PDAKBggqhkjOPQQDAgNHADBEAiABJ6J7S0Rh[0m
[0;32m[1784836964.444] [20601:20603] [-] DuL83E0reIVWNmC8D3bxchntagjfsrPBzQIga1ngr0Xz6yqFuRnTVzFSjGAoxBUj[0m
[0;32m[1784836964.444] [20601:20603] [-] lUXhCOTlTnCXE1M=[0m
[0;32m[1784836964.444] [20601:20603] [-] -----END CERTIFICATE-----[0m
[0;32m[1784836964.444] [20601:20603] [-] --> DAC certificate SKID: 88:DD:E7:B3:00:38:29:32:CF:F7:34:C0:46:24:81:0F:44:16:8A:6F[0m
[0;32m[1784836964.444] [20601:20603] [-] --> DAC certificate AKID: 63:54:0E:47:F6:4B:1C:38:D1:38:84:A4:62:D1:6C:19:5D:8F:FB:3C[0m
[0;32m[1784836964.444] [20601:20603] [-] ==== PAI certificate considered (463 bytes) ====[0m
[0;32m[1784836964.444] [20601:20603] [-] -----BEGIN CERTIFICATE-----[0m
[0;32m[1784836964.444] [20601:20603] [-] MIIByzCCAXGgAwIBAgIIVq2CIq2UW2QwCgYIKoZIzj0EAwIwMDEYMBYGA1UEAwwP[0m
[0;32m[1784836964.444] [20601:20603] [-] TWF0dGVyIFRlc3QgUEFBMRQwEgYKKwYBBAGConwCAQwERkZGMTAgFw0yMjAyMDUw[0m
[0;32m[1784836964.444] [20601:20603] [-] MDAwMDBaGA85OTk5MTIzMTIzNTk1OVowPTElMCMGA1UEAwwcTWF0dGVyIERldiBQ[0m
[0;32m[1784836964.444] [20601:20603] [-] QUkgMHhGRkYxIG5vIFBJRDEUMBIGCisGAQQBgqJ8AgEMBEZGRjEwWTATBgcqhkjO[0m
[0;32m[1784836964.444] [20601:20603] [-] PQIBBggqhkjOPQMBBwNCAARBmpMVwhc+DIyHbQPM/JRIUmR/f+xeUIL0BZko7KiU[0m
[0;32m[1784836964.444] [20601:20603] [-] xZQVEwmsYx5MsDOSr2hLC6+35ls7gWLC9Sv5MbjneqqCo2YwZDASBgNVHRMBAf8E[0m
[0;32m[1784836964.444] [20601:20603] [-] CDAGAQH/AgEAMA4GA1UdDwEB/wQEAwIBBjAdBgNVHQ4EFgQUY1QOR/ZLHDjROISk[0m
[0;32m[1784836964.444] [20601:20603] [-] YtFsGV2P+zwwHwYDVR0jBBgwFoAUav0idx9RH+y/FkGXZxDc3DGhcX4wCgYIKoZI[0m
[0;32m[1784836964.444] [20601:20603] [-] zj0EAwIDSAAwRQIhALLvJ/Sa6bUPuR7qyUxNC9u415KcbLiPrOUpNo0SBUwMAiBl[0m
[0;32m[1784836964.444] [20601:20603] [-] Xckrhr2QmIKmxiF3uCXX0F7b58Ivn+pxIg5+pwP4kQ==[0m
[0;32m[1784836964.444] [20601:20603] [-] -----END CERTIFICATE-----[0m
[0;32m[1784836964.444] [20601:20603] [-] --> PAI certificate SKID: 63:54:0E:47:F6:4B:1C:38:D1:38:84:A4:62:D1:6C:19:5D:8F:FB:3C[0m
[0;32m[1784836964.444] [20601:20603] [-] --> PAI certificate AKID: 6A:FD:22:77:1F:51:1F:EC:BF:16:41:97:67:10:DC:DC:31:A1:71:7E[0m
[0;32m[1784836964.445] [20601:20603] [-] ==== PAA certificate considered (449 bytes) ====[0m
[0;32m[1784836964.445] [20601:20603] [-] -----BEGIN CERTIFICATE-----[0m
[0;32m[1784836964.445] [20601:20603] [-] MIIBvTCCAWSgAwIBAgIITqjoMYLUHBwwCgYIKoZIzj0EAwIwMDEYMBYGA1UEAwwP[0m
[0;32m[1784836964.445] [20601:20603] [-] TWF0dGVyIFRlc3QgUEFBMRQwEgYKKwYBBAGConwCAQwERkZGMTAgFw0yMTA2Mjgx[0m
[0;32m[1784836964.445] [20601:20603] [-] NDIzNDNaGA85OTk5MTIzMTIzNTk1OVowMDEYMBYGA1UEAwwPTWF0dGVyIFRlc3Qg[0m
[0;32m[1784836964.445] [20601:20603] [-] UEFBMRQwEgYKKwYBBAGConwCAQwERkZGMTBZMBMGByqGSM49AgEGCCqGSM49AwEH[0m
[0;32m[1784836964.445] [20601:20603] [-] A0IABLbLY3KIfyko9brIGqnZOuJDHK2p154kL2UXfvnO2TKijs0Duq9qj8oYShpQ[0m
[0;32m[1784836964.445] [20601:20603] [-] NUKWDUU/MD8fGUIddR6Pjxqam3WjZjBkMBIGA1UdEwEB/wQIMAYBAf8CAQEwDgYD[0m
[0;32m[1784836964.445] [20601:20603] [-] VR0PAQH/BAQDAgEGMB0GA1UdDgQWBBRq/SJ3H1Ef7L8WQZdnENzcMaFxfjAfBgNV[0m
[0;32m[1784836964.445] [20601:20603] [-] HSMEGDAWgBRq/SJ3H1Ef7L8WQZdnENzcMaFxfjAKBggqhkjOPQQDAgNHADBEAiBQ[0m
[0;32m[1784836964.445] [20601:20603] [-] qoAC9NkyqaAFOPZTaK0P/8jvu8m+t9pWmDXPmqdRDgIgI7rI/g8j51RFtlM5CBpH[0m
[0;32m[1784836964.445] [20601:20603] [-] mUkpxyqvChVI1A0DTVFLJd4=[0m
[0;32m[1784836964.445] [20601:20603] [-] -----END CERTIFICATE-----[0m
[0;32m[1784836964.446] [20601:20603] [-] --> PAA certificate SKID: 6A:FD:22:77:1F:51:1F:EC:BF:16:41:97:67:10:DC:DC:31:A1:71:7E[0m
[0;32m[1784836964.446] [20601:20603] [-] --> PAA certificate AKID: 6A:FD:22:77:1F:51:1F:EC:BF:16:41:97:67:10:DC:DC:31:A1:71:7E[0m
[0;32m[1784836964.447] [20601:20603] [-] CD signing key identifier: FE:34:3F:95:99:47:76:3B:61:EE:45:39:13:13:38:49:4F:E6:7D:8E[0m
[0;32m[1784836964.448] [20601:20603] [-] Certification type 0[0m
[0;32m[1784836964.448] [20601:20603] [-] Device certification declaration details:[0m
[0;32m[1784836964.448] [20601:20603] [-] --> VID: 0xFFF1[0m
[0;32m[1784836964.448] [20601:20603] [-] --> Device type ID: 0x0000_0016[0m
[0;32m[1784836964.448] [20601:20603] [-] --> Certification type: 0 (Development and testing)[0m
[0;32m[1784836964.448] [20601:20603] [CTL] Successfully finished commissioning step 'AttestationVerification'[0m
[0;32m[1784836964.448] [20601:20603] [CTL] Commissioning stage next step: 'AttestationVerification' -> 'AttestationRevocationCheck'[0m
[0;32m[1784836964.448] [20601:20603] [CTL] Performing next commissioning step 'AttestationRevocationCheck'[0m
[0;34m[1784836964.448] [20601:20603] [TOO] Starting commissioning stage 'AttestationRevocationCheck'[0m
[0;32m[1784836964.448] [20601:20603] [CTL] Verifying the device's DAC chain revocation status[0m
[0;32m[1784836964.448] [20601:20603] [-] WARNING: No revocation delegate available. Revocation checks will be skipped![0m
[0;32m[1784836964.448] [20601:20603] [CTL] Successfully validated 'Attestation Information' command received from the device.[0m
[0;32m[1784836964.448] [20601:20603] [CTL] Successfully finished commissioning step 'AttestationRevocationCheck'[0m
[0;32m[1784836964.448] [20601:20603] [CTL] Commissioning stage next step: 'AttestationRevocationCheck' -> 'SendOpCertSigningRequest'[0m
[0;32m[1784836964.448] [20601:20603] [CTL] Performing next commissioning step 'SendOpCertSigningRequest'[0m
[0;34m[1784836964.448] [20601:20603] [TOO] Starting commissioning stage 'SendOpCertSigningRequest'[0m
[0;34m[1784836964.448] [20601:20603] [CTL] Sending CSR request to 0x751bf4033e20 device[0m
[0;34m[1784836964.448] [20601:20603] [DMG] ICR moving to [AddingComm][0m
[0;34m[1784836964.448] [20601:20603] [DMG] ICR moving to [AddedComma][0m
[0;32m[1784836964.448] [20601:20603] [EM] <<< [E:2111i S:30660 M:172772601] (S) Msg TX from 0000000000000000 to 0:FFFFFFFB00000000 [0000] [UDP:[fe80::bfe:a203:38f0:bce7%enp0s3]:5540] --- Type 0001:08 (IM:InvokeCommandRequest) (B:94)[0m
[0;32m[1784836964.448] [20601:20603] [EM] ??1 [E:2111i S:30660 M:172772601] (S) Msg Retransmission to 0:FFFFFFFB00000000 scheduled for 370ms from now [State:Active II:500 AI:300 AT:4000][0m
[0;34m[1784836964.448] [20601:20603] [DMG] ICR moving to [AwaitingRe][0m
[0;34m[1784836964.448] [20601:20603] [CTL] Sent CSR request, waiting for the CSR[0m
[0;34m[1784836964.448] [20601:20603] [DMG] ICR moving to [AwaitingDe][0m
[0;32m[1784836964.448] [20601:20603] [EM] <<< [E:2110i S:30660 M:172772602 (Ack:32110761)] (S) Msg TX from 0000000000000000 to 0:FFFFFFFB00000000 [0000] [UDP:[fe80::bfe:a203:38f0:bce7%enp0s3]:5540] --- Type 0000:10 (SecureChannel:StandaloneAck) (B:34)[0m
[0;34m[1784836964.448] [20601:20603] [EM] Flushed pending ack for MessageCounter:32110761 on exchange 2110i[0m
[0;32m[1784836964.449] [20601:20603] [EM] >>> [E:2111i S:30660 M:32110762 (Ack:172772601)] (S) Msg RX from 0:FFFFFFFB00000000 [0000] to 0000000000000000 --- Type 0001:09 (IM:InvokeCommandResponse) (B:377)[0m
[0;34m[1784836964.449] [20601:20603] [EM] Found matching exchange: 2111i, Delegate: 0x751bf40382d8[0m
[0;34m[1784836964.449] [20601:20603] [EM] Rxd Ack; Removing MessageCounter:172772601 from Retrans Table on exchange 2111i[0m
[0;34m[1784836964.449] [20601:20603] [DMG] ICR moving to [ResponseRe][0m
[0;34m[1784836964.449] [20601:20603] [DMG] InvokeResponseMessage =[0m
[0;34m[1784836964.449] [20601:20603] [DMG] {[0m
[0;34m[1784836964.449] [20601:20603] [DMG] 	suppressResponse = false, [0m
[0;34m[1784836964.449] [20601:20603] [DMG] 	InvokeResponseIBs =[0m
[0;34m[1784836964.449] [20601:20603] [DMG] 	[[0m
[0;34m[1784836964.449] [20601:20603] [DMG] 		InvokeResponseIB =[0m
[0;34m[1784836964.449] [20601:20603] [DMG] 		{[0m
[0;34m[1784836964.449] [20601:20603] [DMG] 			CommandDataIB =[0m
[0;34m[1784836964.449] [20601:20603] [DMG] 			{[0m
[0;34m[1784836964.449] [20601:20603] [DMG] 				CommandPathIB =[0m
[0;34m[1784836964.449] [20601:20603] [DMG] 				{[0m
[0;34m[1784836964.449] [20601:20603] [DMG] 					EndpointId = 0x0,[0m
[0;34m[1784836964.449] [20601:20603] [DMG] 					ClusterId = 0x3e,[0m
[0;34m[1784836964.449] [20601:20603] [DMG] 					CommandId = 0x5,[0m
[0;34m[1784836964.449] [20601:20603] [DMG] 				},[0m
[0;34m[1784836964.449] [20601:20603] [DMG] 				[0m
[0;34m[1784836964.449] [20601:20603] [DMG] 				CommandFields = [0m
[0;34m[1784836964.449] [20601:20603] [DMG] 				{[0m
[0;34m[1784836964.449] [20601:20603] [DMG] 					0x0 = [[0m
[0;34m[1784836964.449] [20601:20603] [DMG] 							0x15, 0x30, 0x01, 0xcb, 0x30, 0x81, 0xc8, 0x30, 0x70, 0x02, 0x01, 0x00, 0x30, 0x0e, 0x31, 0x0c, 0x30, 0x0a, 0x06, 0x03, 0x55, 0x04, 0x0a, 0x0c, 0x03, 0x43, 0x53, 0x52, 0x30, 0x59, 0x30, 0x13, 0x06, 0x07, 0x2a, 0x86, 0x48, 0xce, 0x3d, 0x02, 0x01, 0x06, 0x08, 0x2a, 0x86, 0x48, 0xce, 0x3d, 0x03, 0x01, 0x07, 0x03, 0x42, 0x00, 0x04, 0xf8, 0x32, 0xb2, 0x38, 0xc1, 0x06, 0x52, 0x10, 0x33, 0x46, 0x73, 0x51, 0xcb, 0x4d, 0x81, 0xb3, 0x32, 0xa0, 0x72, 0x5a, 0xd3, 0x4a, 0xf6, 0x84, 0x94, 0x85, 0x0a, 0x7b, 0xd3, 0x6a, 0x8b, 0x94, 0x22, 0x32, 0xc6, 0x68, 0xc4, 0x6b, 0xdf, 0x8d, 0xf7, 0x97, 0x0c, 0x94, 0xfb, 0x4a, 0xee, 0xad, 0x12, 0x09, 0xf3, 0x50, 0x9a, 0x01, 0xdd, 0xd7, 0x89, 0xbb, 0x77, 0xed, 0x1e, 0xbe, 0x4e, 0x74, 0xa0, 0x00, 0x30, 0x0a, 0x06, 0x08, 0x2a, 0x86, 0x48, 0xce, 0x3d, 0x04, 0x03, 0x02, 0x03, 0x48, 0x00, 0x30, 0x45, 0x02, 0x20, 0x6f, 0x02, 0xae, 0xf3, 0x82, 0x80, 0x01, 0x10, 0xec, 0x68, 0x23, 0xdc, 0xd7, 0xfa, 0x96, 0x14, 0xcc, 0xf3, 0xa0, 0x91, 0x48, 0x28, 0xcc, 0xd9, 0xb5, 0x84, 0xa2, 0x09, 0x70, 0x78, 0x98, 0x14, 0x02, 0x21, 0x00, 0xf7, 0x7e, 0x90, 0xb8, 0x22, 0x85, 0x13, 0x48, 0x31, 0xa0, 0xc0, 0x8a, 0x28, 0x21, 0x80, 0x21, 0x77, 0x82, 0x0d, 0xf7, 0x77, 0xbe, 0x5a, 0x7d, 0x25, 0xe5, 0xf9, 0x1f, 0xcd, 0xc4, 0x9d, 0x16, 0x30, 0x02, 0x20, 0xb5, 0x7d, 0x89, 0x7e, 0x72, 0x56, 0x80, 0x53, 0x0a, 0x00, 0x51, 0x7f, 0x1b, 0x2e, 0x2d, 0xbe, 0xd9, 0x7e, 0xc9, 0x1b, 0x23, 0xce, 0x97, 0xf0, 0x39, 0x7d, 0x24, 0xc4, 0x75, 0xbf, 0x8c, 0xa7, 0x18, [0m
[0;34m[1784836964.449] [20601:20603] [DMG] 					] (243 bytes)[0m
[0;34m[1784836964.449] [20601:20603] [DMG] 					0x1 = [[0m
[0;34m[1784836964.449] [20601:20603] [DMG] 							0xbf, 0x2e, 0xd5, 0x57, 0x04, 0x5d, 0x5e, 0x37, 0x2b, 0x90, 0x46, 0x55, 0x7a, 0xd0, 0xbe, 0xf1, 0xfc, 0x30, 0x1e, 0xab, 0x1f, 0x3e, 0x75, 0x9c, 0x58, 0x1f, 0xfd, 0xf4, 0xce, 0xca, 0xf7, 0xa2, 0x54, 0xb8, 0x98, 0x09, 0xec, 0xc2, 0x68, 0x9a, 0xe9, 0x15, 0xd1, 0xa1, 0xb4, 0x5a, 0x53, 0x56, 0x50, 0x26, 0xef, 0xa3, 0xea, 0xd4, 0x46, 0x5a, 0xac, 0x09, 0x00, 0xff, 0x72, 0x07, 0xda, 0x82, [0m
[0;34m[1784836964.449] [20601:20603] [DMG] 					] (64 bytes)[0m
[0;34m[1784836964.449] [20601:20603] [DMG] 				},[0m
[0;34m[1784836964.449] [20601:20603] [DMG] 			},[0m
[0;34m[1784836964.449] [20601:20603] [DMG] 			[0m
[0;34m[1784836964.449] [20601:20603] [DMG] 		},[0m
[0;34m[1784836964.449] [20601:20603] [DMG] 		[0m
[0;34m[1784836964.449] [20601:20603] [DMG] 	],[0m
[0;34m[1784836964.449] [20601:20603] [DMG] 	[0m
[0;34m[1784836964.449] [20601:20603] [DMG] 	InteractionModelRevision = 12[0m
[0;34m[1784836964.449] [20601:20603] [DMG] },[0m
[0;32m[1784836964.449] [20601:20603] [DMG] Received Command Response Data, Endpoint=0 Cluster=0x0000_003E Command=0x0000_0005[0m
[0;32m[1784836964.449] [20601:20603] [CTL] Received certificate signing request from the device[0m
[0;32m[1784836964.449] [20601:20603] [CTL] Successfully finished commissioning step 'SendOpCertSigningRequest'[0m
[0;32m[1784836964.449] [20601:20603] [CTL] Commissioning stage next step: 'SendOpCertSigningRequest' -> 'ValidateCSR'[0m
[0;32m[1784836964.449] [20601:20603] [CTL] Performing next commissioning step 'ValidateCSR'[0m
[0;34m[1784836964.449] [20601:20603] [TOO] Starting commissioning stage 'ValidateCSR'[0m
[0;32m[1784836964.450] [20601:20603] [CTL] Successfully finished commissioning step 'ValidateCSR'[0m
[0;32m[1784836964.450] [20601:20603] [CTL] Commissioning stage next step: 'ValidateCSR' -> 'GenerateNOCChain'[0m
[0;32m[1784836964.450] [20601:20603] [CTL] Performing next commissioning step 'GenerateNOCChain'[0m
[0;34m[1784836964.450] [20601:20603] [TOO] Starting commissioning stage 'GenerateNOCChain'[0m
[0;32m[1784836964.450] [20601:20603] [CTL] Getting certificate chain for the device from the issuer[0m
[0;32m[1784836964.450] [20601:20603] [CTL] Verifying Certificate Signing Request[0m
[0;32m[1784836964.450] [20601:20603] [CTL] Generating NOC[0m
[0;32m[1784836964.451] [20601:20603] [CTL] Providing certificate chain to the commissioner[0m
[0;32m[1784836964.451] [20601:20603] [CTL] Received callback from the CA for NOC Chain generation. Status: Success[0m
[0;32m[1784836964.451] [20601:20603] [CTL] Successfully finished commissioning step 'GenerateNOCChain'[0m
[0;32m[1784836964.451] [20601:20603] [CTL] Performing next commissioning step 'SendTrustedRootCert'[0m
[0;34m[1784836964.451] [20601:20603] [TOO] Starting commissioning stage 'SendTrustedRootCert'[0m
[0;32m[1784836964.451] [20601:20603] [CTL] Sending root certificate to the device[0m
[0;34m[1784836964.451] [20601:20603] [DMG] ICR moving to [AddingComm][0m
[0;34m[1784836964.451] [20601:20603] [DMG] ICR moving to [AddedComma][0m
[0;32m[1784836964.451] [20601:20603] [EM] <<< [E:2112i S:30660 M:172772603] (S) Msg TX from 0000000000000000 to 0:FFFFFFFB00000000 [0000] [UDP:[fe80::bfe:a203:38f0:bce7%enp0s3]:5540] --- Type 0001:08 (IM:InvokeCommandRequest) (B:293)[0m
[0;32m[1784836964.451] [20601:20603] [EM] ??1 [E:2112i S:30660 M:172772603] (S) Msg Retransmission to 0:FFFFFFFB00000000 scheduled for 359ms from now [State:Active II:500 AI:300 AT:4000][0m
[0;34m[1784836964.451] [20601:20603] [DMG] ICR moving to [AwaitingRe][0m
[0;32m[1784836964.451] [20601:20603] [CTL] Sent root certificate to the device[0m
[0;34m[1784836964.451] [20601:20603] [DMG] ICR moving to [AwaitingDe][0m
[0;32m[1784836964.451] [20601:20603] [EM] <<< [E:2111i S:30660 M:172772604 (Ack:32110762)] (S) Msg TX from 0000000000000000 to 0:FFFFFFFB00000000 [0000] [UDP:[fe80::bfe:a203:38f0:bce7%enp0s3]:5540] --- Type 0000:10 (SecureChannel:StandaloneAck) (B:34)[0m
[0;34m[1784836964.451] [20601:20603] [EM] Flushed pending ack for MessageCounter:32110762 on exchange 2111i[0m
[0;32m[1784836964.451] [20601:20603] [EM] >>> [E:2112i S:30660 M:32110763 (Ack:172772603)] (S) Msg RX from 0:FFFFFFFB00000000 [0000] to 0000000000000000 --- Type 0001:09 (IM:InvokeCommandResponse) (B:67)[0m
[0;34m[1784836964.451] [20601:20603] [EM] Found matching exchange: 2112i, Delegate: 0x751bf4035058[0m
[0;34m[1784836964.451] [20601:20603] [EM] Rxd Ack; Removing MessageCounter:172772603 from Retrans Table on exchange 2112i[0m
[0;34m[1784836964.451] [20601:20603] [DMG] ICR moving to [ResponseRe][0m
[0;34m[1784836964.451] [20601:20603] [DMG] InvokeResponseMessage =[0m
[0;34m[1784836964.451] [20601:20603] [DMG] {[0m
[0;34m[1784836964.451] [20601:20603] [DMG] 	suppressResponse = false, [0m
[0;34m[1784836964.451] [20601:20603] [DMG] 	InvokeResponseIBs =[0m
[0;34m[1784836964.451] [20601:20603] [DMG] 	[[0m
[0;34m[1784836964.451] [20601:20603] [DMG] 		InvokeResponseIB =[0m
[0;34m[1784836964.451] [20601:20603] [DMG] 		{[0m
[0;34m[1784836964.451] [20601:20603] [DMG] 			CommandStatusIB =[0m
[0;34m[1784836964.451] [20601:20603] [DMG] 			{[0m
[0;34m[1784836964.451] [20601:20603] [DMG] 				CommandPathIB =[0m
[0;34m[1784836964.451] [20601:20603] [DMG] 				{[0m
[0;34m[1784836964.451] [20601:20603] [DMG] 					EndpointId = 0x0,[0m
[0;34m[1784836964.451] [20601:20603] [DMG] 					ClusterId = 0x3e,[0m
[0;34m[1784836964.451] [20601:20603] [DMG] 					CommandId = 0xb,[0m
[0;34m[1784836964.451] [20601:20603] [DMG] 				},[0m
[0;34m[1784836964.451] [20601:20603] [DMG] 				[0m
[0;34m[1784836964.451] [20601:20603] [DMG] 				StatusIB =[0m
[0;34m[1784836964.451] [20601:20603] [DMG] 				{[0m
[0;34m[1784836964.451] [20601:20603] [DMG] 					status = 0x00 (SUCCESS),[0m
[0;34m[1784836964.451] [20601:20603] [DMG] 				},[0m
[0;34m[1784836964.451] [20601:20603] [DMG] 				[0m
[0;34m[1784836964.451] [20601:20603] [DMG] 			},[0m
[0;34m[1784836964.451] [20601:20603] [DMG] 			[0m
[0;34m[1784836964.451] [20601:20603] [DMG] 		},[0m
[0;34m[1784836964.451] [20601:20603] [DMG] 		[0m
[0;34m[1784836964.451] [20601:20603] [DMG] 	],[0m
[0;34m[1784836964.451] [20601:20603] [DMG] 	[0m
[0;34m[1784836964.451] [20601:20603] [DMG] 	InteractionModelRevision = 12[0m
[0;34m[1784836964.451] [20601:20603] [DMG] },[0m
[0;32m[1784836964.451] [20601:20603] [DMG] Received Command Response Status for Endpoint=0 Cluster=0x0000_003E Command=0x0000_000B Status=0x0[0m
[0;32m[1784836964.451] [20601:20603] [CTL] Device confirmed that it has received the root certificate[0m
[0;32m[1784836964.451] [20601:20603] [CTL] Successfully finished commissioning step 'SendTrustedRootCert'[0m
[0;32m[1784836964.451] [20601:20603] [CTL] Commissioning stage next step: 'SendTrustedRootCert' -> 'SendNOC'[0m
[0;32m[1784836964.451] [20601:20603] [CTL] Performing next commissioning step 'SendNOC'[0m
[0;34m[1784836964.451] [20601:20603] [TOO] Starting commissioning stage 'SendNOC'[0m
[0;34m[1784836964.451] [20601:20603] [DMG] ICR moving to [AddingComm][0m
[0;34m[1784836964.451] [20601:20603] [DMG] ICR moving to [AddedComma][0m
[0;32m[1784836964.451] [20601:20603] [EM] <<< [E:2113i S:30660 M:172772605] (S) Msg TX from 0000000000000000 to 0:FFFFFFFB00000000 [0000] [UDP:[fe80::bfe:a203:38f0:bce7%enp0s3]:5540] --- Type 0001:08 (IM:InvokeCommandRequest) (B:566)[0m
[0;32m[1784836964.452] [20601:20603] [EM] ??1 [E:2113i S:30660 M:172772605] (S) Msg Retransmission to 0:FFFFFFFB00000000 scheduled for 401ms from now [State:Active II:500 AI:300 AT:4000][0m
[0;34m[1784836964.452] [20601:20603] [DMG] ICR moving to [AwaitingRe][0m
[0;32m[1784836964.452] [20601:20603] [CTL] Sent operational certificate to the device[0m
[0;34m[1784836964.452] [20601:20603] [DMG] ICR moving to [AwaitingDe][0m
[0;32m[1784836964.452] [20601:20603] [EM] <<< [E:2112i S:30660 M:172772606 (Ack:32110763)] (S) Msg TX from 0000000000000000 to 0:FFFFFFFB00000000 [0000] [UDP:[fe80::bfe:a203:38f0:bce7%enp0s3]:5540] --- Type 0000:10 (SecureChannel:StandaloneAck) (B:34)[0m
[0;34m[1784836964.452] [20601:20603] [EM] Flushed pending ack for MessageCounter:32110763 on exchange 2112i[0m
[0;32m[1784836964.461] [20601:20603] [EM] >>> [E:2113i S:30660 M:32110764 (Ack:172772605)] (S) Msg RX from 0:FFFFFFFB00000000 [0000] to 0000000000000000 --- Type 0001:09 (IM:InvokeCommandResponse) (B:70)[0m
[0;34m[1784836964.461] [20601:20603] [EM] Found matching exchange: 2113i, Delegate: 0x751bf40382d8[0m
[0;34m[1784836964.461] [20601:20603] [EM] Rxd Ack; Removing MessageCounter:172772605 from Retrans Table on exchange 2113i[0m
[0;34m[1784836964.461] [20601:20603] [DMG] ICR moving to [ResponseRe][0m
[0;34m[1784836964.461] [20601:20603] [DMG] InvokeResponseMessage =[0m
[0;34m[1784836964.461] [20601:20603] [DMG] {[0m
[0;34m[1784836964.461] [20601:20603] [DMG] 	suppressResponse = false, [0m
[0;34m[1784836964.461] [20601:20603] [DMG] 	InvokeResponseIBs =[0m
[0;34m[1784836964.461] [20601:20603] [DMG] 	[[0m
[0;34m[1784836964.461] [20601:20603] [DMG] 		InvokeResponseIB =[0m
[0;34m[1784836964.461] [20601:20603] [DMG] 		{[0m
[0;34m[1784836964.461] [20601:20603] [DMG] 			CommandDataIB =[0m
[0;34m[1784836964.461] [20601:20603] [DMG] 			{[0m
[0;34m[1784836964.461] [20601:20603] [DMG] 				CommandPathIB =[0m
[0;34m[1784836964.461] [20601:20603] [DMG] 				{[0m
[0;34m[1784836964.461] [20601:20603] [DMG] 					EndpointId = 0x0,[0m
[0;34m[1784836964.461] [20601:20603] [DMG] 					ClusterId = 0x3e,[0m
[0;34m[1784836964.461] [20601:20603] [DMG] 					CommandId = 0x8,[0m
[0;34m[1784836964.461] [20601:20603] [DMG] 				},[0m
[0;34m[1784836964.461] [20601:20603] [DMG] 				[0m
[0;34m[1784836964.461] [20601:20603] [DMG] 				CommandFields = [0m
[0;34m[1784836964.461] [20601:20603] [DMG] 				{[0m
[0;34m[1784836964.461] [20601:20603] [DMG] 					0x0 = 0 (unsigned), [0m
[0;34m[1784836964.461] [20601:20603] [DMG] 					0x1 = 1 (unsigned), [0m
[0;34m[1784836964.461] [20601:20603] [DMG] 				},[0m
[0;34m[1784836964.461] [20601:20603] [DMG] 			},[0m
[0;34m[1784836964.461] [20601:20603] [DMG] 			[0m
[0;34m[1784836964.461] [20601:20603] [DMG] 		},[0m
[0;34m[1784836964.461] [20601:20603] [DMG] 		[0m
[0;34m[1784836964.461] [20601:20603] [DMG] 	],[0m
[0;34m[1784836964.461] [20601:20603] [DMG] 	[0m
[0;34m[1784836964.461] [20601:20603] [DMG] 	InteractionModelRevision = 12[0m
[0;34m[1784836964.461] [20601:20603] [DMG] },[0m
[0;32m[1784836964.461] [20601:20603] [DMG] Received Command Response Data, Endpoint=0 Cluster=0x0000_003E Command=0x0000_0008[0m
[0;32m[1784836964.461] [20601:20603] [CTL] Device returned status 0 on receiving the NOC[0m
[0;32m[1784836964.461] [20601:20603] [CTL] Operational credentials provisioned on device 0x751bf4033e20[0m
[0;32m[1784836964.461] [20601:20603] [TOO] Secure Pairing Success[0m
[0;32m[1784836964.461] [20601:20603] [TOO] CASE establishment successful[0m
[0;32m[1784836964.461] [20601:20603] [CTL] Successfully finished commissioning step 'SendNOC'[0m
[0;32m[1784836964.461] [20601:20603] [CTL] Commissioning stage next step: 'SendNOC' -> 'EvictPreviousCaseSessions'[0m
[0;32m[1784836964.461] [20601:20603] [CTL] Performing next commissioning step 'EvictPreviousCaseSessions'[0m
[0;34m[1784836964.461] [20601:20603] [TOO] Starting commissioning stage 'EvictPreviousCaseSessions'[0m
[0;34m[1784836964.461] [20601:20603] [IN] Expiring all sessions for node <0000000000000001, 1>!![0m
[0;32m[1784836964.461] [20601:20603] [CTL] Successfully finished commissioning step 'EvictPreviousCaseSessions'[0m
[0;32m[1784836964.461] [20601:20603] [CTL] Commissioning stage next step: 'EvictPreviousCaseSessions' -> 'FindOperationalForStayActive'[0m
[0;32m[1784836964.461] [20601:20603] [CTL] Performing next commissioning step 'FindOperationalForStayActive'[0m
[0;34m[1784836964.461] [20601:20603] [TOO] Starting commissioning stage 'FindOperationalForStayActive'[0m
[0;34m[1784836964.461] [20601:20603] [CSM] FindOrEstablishSession: PeerId = [1:0000000000000001][0m
[0;34m[1784836964.461] [20601:20603] [CSM] FindOrEstablishSession: No existing OperationalSessionSetup instance found[0m
[0;34m[1784836964.461] [20601:20603] [DIS] OperationalSessionSetup[1:0000000000000001]: State change 1 --> 2[0m
[0;32m[1784836964.462] [20601:20603] [DIS] Lookup started for 618FF6366593CA14-0000000000000001[0m
[0;34m[1784836964.462] [20601:20603] [DMG] ICR moving to [AwaitingDe][0m
[0;32m[1784836964.462] [20601:20603] [EM] <<< [E:2113i S:30660 M:172772607 (Ack:32110764)] (S) Msg TX from 0000000000000000 to 0:FFFFFFFB00000000 [0000] [UDP:[fe80::bfe:a203:38f0:bce7%enp0s3]:5540] --- Type 0000:10 (SecureChannel:StandaloneAck) (B:34)[0m
[0;34m[1784836964.462] [20601:20603] [EM] Flushed pending ack for MessageCounter:32110764 on exchange 2113i[0m
[0;32m[1784836964.462] [20601:20603] [DIS] UDP:[fe80::bfe:a203:38f0:bce7%enp0s3]:5540: new best score: 7 (for 618FF6366593CA14-0000000000000001)[0m
[0;34m[1784836964.462] [20601:20603] [DIS] Lookup clearing interface for non LL address[0m
[0;32m[1784836964.462] [20601:20603] [DIS] UDP:10.0.2.15%enp0s3:5540: new best score: 2 (for 618FF6366593CA14-0000000000000001)[0m
[0;32m[1784836964.462] [20601:20603] [DIS] Checking node lookup status for 618FF6366593CA14-0000000000000001 after 1 ms[0m
[0;32m[1784836964.462] [20601:20603] [DIS] Keeping DNSSD lookup active[0m
[0;32m[1784836964.462] [20601:20603] [DIS] UDP:[fe80::bfe:a203:38f0:bce7%enp0s3]:5540: score has not improved: 7 (for 618FF6366593CA14-0000000000000001)[0m
[0;34m[1784836964.462] [20601:20603] [DIS] Lookup clearing interface for non LL address[0m
[0;32m[1784836964.462] [20601:20603] [DIS] UDP:10.0.2.15%enp0s3:5540: score has not improved: 2 (for 618FF6366593CA14-0000000000000001)[0m
[0;32m[1784836964.462] [20601:20603] [DIS] Checking node lookup status for 618FF6366593CA14-0000000000000001 after 1 ms[0m
[0;32m[1784836964.462] [20601:20603] [DIS] Keeping DNSSD lookup active[0m
[0;32m[1784836964.462] [20601:20603] [DIS] UDP:[fe80::bfe:a203:38f0:bce7%enp0s3]:5540: score has not improved: 7 (for 618FF6366593CA14-0000000000000001)[0m
[0;34m[1784836964.462] [20601:20603] [DIS] Lookup clearing interface for non LL address[0m
[0;32m[1784836964.462] [20601:20603] [DIS] UDP:10.0.2.15%enp0s3:5540: score has not improved: 2 (for 618FF6366593CA14-0000000000000001)[0m
[0;32m[1784836964.462] [20601:20603] [DIS] Checking node lookup status for 618FF6366593CA14-0000000000000001 after 1 ms[0m
[0;32m[1784836964.462] [20601:20603] [DIS] Keeping DNSSD lookup active[0m
[0;32m[1784836964.692] [20601:20603] [DIS] Checking node lookup status for 618FF6366593CA14-0000000000000001 after 231 ms[0m
[0;34m[1784836964.692] [20601:20603] [DIS] OperationalSessionSetup[1:0000000000000001]: Updating device address to UDP:[fe80::bfe:a203:38f0:bce7%enp0s3]:5540 while in state 2[0m
[0;34m[1784836964.692] [20601:20603] [DIS] OperationalSessionSetup[1:0000000000000001]: State change 2 --> 3[0m
[0;34m[1784836964.693] [20601:20603] [IN] SecureSession[0x751bf40647b0]: Allocated Type:2 LSID:30661[0m
[0;32m[1784836964.693] [20601:20603] [SC] Initiating session on local FabricIndex 1 from 0x000000000001B669 -> 0x0000000000000001[0m
[0;32m[1784836964.693] [20601:20603] [EM] <<< [E:2114i S:0 M:151617564] (U) Msg TX from 05077E23722FDF37 to 0:0000000000000000 [0000] [UDP:[fe80::bfe:a203:38f0:bce7%enp0s3]:5540] --- Type 0000:30 (SecureChannel:CASE_Sigma1) (B:196)[0m
[0;32m[1784836964.694] [20601:20603] [EM] ??1 [E:2114i S:0 M:151617564] (U) Msg Retransmission to 0:0000000000000000 scheduled for 556ms from now [State:Idle II:500 AI:300 AT:4000][0m
[0;32m[1784836964.694] [20601:20603] [SC] Sent Sigma1 msg to <0000000000000001, 1> [II:500ms AI:300ms AT:4000ms][0m
[0;34m[1784836964.694] [20601:20603] [DIS] OperationalSessionSetup[1:0000000000000001]: State change 3 --> 4[0m
[0;32m[1784836964.697] [20601:20603] [EM] >>> [E:2114i S:0 M:91459469 (Ack:151617564)] (U) Msg RX from 0:0000000000000000 [0000] to 05077E23722FDF37 --- Type 0000:31 (SecureChannel:CASE_Sigma2) (B:751)[0m
[0;34m[1784836964.697] [20601:20603] [EM] Found matching exchange: 2114i, Delegate: 0x751bf4064e88[0m
[0;34m[1784836964.697] [20601:20603] [EM] Rxd Ack; Removing MessageCounter:151617564 from Retrans Table on exchange 2114i[0m
[0;32m[1784836964.697] [20601:20603] [SC] Received Sigma2 msg[0m
[0;34m[1784836964.697] [20601:20603] [SC] Found MRP parameters in the message[0m
[0;34m[1784836964.698] [20601:20603] [SC] Peer <0000000000000001, 1> assigned session ID 13653[0m
[0;34m[1784836964.698] [20601:20603] [SC] Sending Sigma3[0m
[0;32m[1784836964.698] [20601:20603] [EM] <<< [E:2114i S:0 M:151617565 (Ack:91459469)] (U) Msg TX from 05077E23722FDF37 to 0:0000000000000000 [0000] [UDP:[fe80::bfe:a203:38f0:bce7%enp0s3]:5540] --- Type 0000:32 (SecureChannel:CASE_Sigma3) (B:598)[0m
[0;32m[1784836964.698] [20601:20603] [EM] ??1 [E:2114i S:0 M:151617565] (U) Msg Retransmission to 0:0000000000000000 scheduled for 378ms from now [State:Active II:500 AI:300 AT:4000][0m
[0;32m[1784836964.698] [20601:20603] [SC] Sent Sigma3 msg[0m
[0;32m[1784836964.707] [20601:20603] [EM] >>> [E:2114i S:0 M:91459470 (Ack:151617565)] (U) Msg RX from 0:0000000000000000 [0000] to 05077E23722FDF37 --- Type 0000:40 (SecureChannel:StatusReport) (B:34)[0m
[0;34m[1784836964.707] [20601:20603] [EM] Found matching exchange: 2114i, Delegate: 0x751bf4064e88[0m
[0;34m[1784836964.707] [20601:20603] [EM] Rxd Ack; Removing MessageCounter:151617565 from Retrans Table on exchange 2114i[0m
[0;32m[1784836964.707] [20601:20603] [SC] Success status report received. Session was established[0m
[0;32m[1784836964.709] [20601:20603] [SC] SecureSession[0x751bf40647b0, LSID:30661]: State change 'kEstablishing' --> 'kActive'[0m
[0;34m[1784836964.709] [20601:20603] [IN] SecureSession[0x751bf40647b0]: Activated - Type:2 LSID:30661[0m
[0;34m[1784836964.709] [20601:20603] [IN] New secure session activated for device <0000000000000001, 1>, LSID:30661 PSID:13653![0m
[0;34m[1784836964.709] [20601:20603] [DIS] OperationalSessionSetup[1:0000000000000001]: State change 4 --> 5[0m
[0;32m[1784836964.709] [20601:20603] [CTL] Successfully finished commissioning step 'FindOperationalForStayActive'[0m
[0;32m[1784836964.709] [20601:20603] [CTL] Commissioning stage next step: 'FindOperationalForStayActive' -> 'ICDSendStayActive'[0m
[0;32m[1784836964.709] [20601:20603] [CTL] Performing next commissioning step 'ICDSendStayActive'[0m
[0;34m[1784836964.709] [20601:20603] [TOO] Starting commissioning stage 'ICDSendStayActive'[0m
[0;32m[1784836964.709] [20601:20603] [CTL] Skipping kICDSendStayActive[0m
[0;32m[1784836964.709] [20601:20603] [CTL] Successfully finished commissioning step 'ICDSendStayActive'[0m
[0;32m[1784836964.709] [20601:20603] [CTL] Commissioning stage next step: 'ICDSendStayActive' -> 'FindOperationalForCommissioningComplete'[0m
[0;32m[1784836964.709] [20601:20603] [CTL] Performing next commissioning step 'FindOperationalForCommissioningComplete'[0m
[0;34m[1784836964.709] [20601:20603] [TOO] Starting commissioning stage 'FindOperationalForCommissioningComplete'[0m
[0;34m[1784836964.709] [20601:20603] [CSM] FindOrEstablishSession: PeerId = [1:0000000000000001][0m
[0;34m[1784836964.709] [20601:20603] [CSM] FindOrEstablishSession: No existing OperationalSessionSetup instance found[0m
[0;32m[1784836964.709] [20601:20603] [DIS] Found an existing secure session to [1:0000000000000001]![0m
[0;34m[1784836964.709] [20601:20603] [DIS] OperationalSessionSetup[1:0000000000000001]: State change 1 --> 5[0m
[0;32m[1784836964.709] [20601:20603] [CTL] Successfully finished commissioning step 'FindOperationalForCommissioningComplete'[0m
[0;32m[1784836964.709] [20601:20603] [CTL] Commissioning stage next step: 'FindOperationalForCommissioningComplete' -> 'SendComplete'[0m
[0;32m[1784836964.709] [20601:20603] [CTL] Performing next commissioning step 'SendComplete'[0m
[0;34m[1784836964.709] [20601:20603] [TOO] Starting commissioning stage 'SendComplete'[0m
[0;34m[1784836964.709] [20601:20603] [DMG] ICR moving to [AddingComm][0m
[0;34m[1784836964.709] [20601:20603] [DMG] ICR moving to [AddedComma][0m
[0;32m[1784836964.709] [20601:20603] [EM] <<< [E:2115i S:30661 M:126772513] (S) Msg TX from 000000000001B669 to 1:0000000000000001 [CA14] [UDP:[fe80::bfe:a203:38f0:bce7%enp0s3]:5540] --- Type 0001:08 (IM:InvokeCommandRequest) (B:59)[0m
[0;32m[1784836964.709] [20601:20603] [EM] ??1 [E:2115i S:30661 M:126772513] (S) Msg Retransmission to 1:0000000000000001 scheduled for 379ms from now [State:Active II:500 AI:300 AT:4000][0m
[0;34m[1784836964.709] [20601:20603] [DMG] ICR moving to [AwaitingRe][0m
[0;32m[1784836964.709] [20601:20603] [EM] <<< [E:2114i S:0 M:151617566 (Ack:91459470)] (U) Msg TX from 05077E23722FDF37 to 0:0000000000000000 [0000] [UDP:[fe80::bfe:a203:38f0:bce7%enp0s3]:5540] --- Type 0000:10 (SecureChannel:StandaloneAck) (B:26)[0m
[0;34m[1784836964.709] [20601:20603] [EM] Flushed pending ack for MessageCounter:91459470 on exchange 2114i[0m
[0;32m[1784836964.729] [20601:20603] [EM] >>> [E:2115i S:30661 M:250011310 (Ack:126772513)] (S) Msg RX from 1:0000000000000001 [CA14] to 000000000001B669 --- Type 0001:09 (IM:InvokeCommandResponse) (B:70)[0m
[0;34m[1784836964.729] [20601:20603] [EM] Found matching exchange: 2115i, Delegate: 0x751bf40382d8[0m
[0;34m[1784836964.729] [20601:20603] [EM] Rxd Ack; Removing MessageCounter:126772513 from Retrans Table on exchange 2115i[0m
[0;34m[1784836964.729] [20601:20603] [DMG] ICR moving to [ResponseRe][0m
[0;34m[1784836964.729] [20601:20603] [DMG] InvokeResponseMessage =[0m
[0;34m[1784836964.729] [20601:20603] [DMG] {[0m
[0;34m[1784836964.729] [20601:20603] [DMG] 	suppressResponse = false, [0m
[0;34m[1784836964.729] [20601:20603] [DMG] 	InvokeResponseIBs =[0m
[0;34m[1784836964.729] [20601:20603] [DMG] 	[[0m
[0;34m[1784836964.729] [20601:20603] [DMG] 		InvokeResponseIB =[0m
[0;34m[1784836964.729] [20601:20603] [DMG] 		{[0m
[0;34m[1784836964.729] [20601:20603] [DMG] 			CommandDataIB =[0m
[0;34m[1784836964.729] [20601:20603] [DMG] 			{[0m
[0;34m[1784836964.729] [20601:20603] [DMG] 				CommandPathIB =[0m
[0;34m[1784836964.729] [20601:20603] [DMG] 				{[0m
[0;34m[1784836964.729] [20601:20603] [DMG] 					EndpointId = 0x0,[0m
[0;34m[1784836964.729] [20601:20603] [DMG] 					ClusterId = 0x30,[0m
[0;34m[1784836964.729] [20601:20603] [DMG] 					CommandId = 0x5,[0m
[0;34m[1784836964.729] [20601:20603] [DMG] 				},[0m
[0;34m[1784836964.729] [20601:20603] [DMG] 				[0m
[0;34m[1784836964.729] [20601:20603] [DMG] 				CommandFields = [0m
[0;34m[1784836964.729] [20601:20603] [DMG] 				{[0m
[0;34m[1784836964.729] [20601:20603] [DMG] 					0x0 = 0 (unsigned), [0m
[0;34m[1784836964.729] [20601:20603] [DMG] 					0x1 = "" (0 chars), [0m
[0;34m[1784836964.729] [20601:20603] [DMG] 				},[0m
[0;34m[1784836964.729] [20601:20603] [DMG] 			},[0m
[0;34m[1784836964.729] [20601:20603] [DMG] 			[0m
[0;34m[1784836964.729] [20601:20603] [DMG] 		},[0m
[0;34m[1784836964.729] [20601:20603] [DMG] 		[0m
[0;34m[1784836964.729] [20601:20603] [DMG] 	],[0m
[0;34m[1784836964.729] [20601:20603] [DMG] 	[0m
[0;34m[1784836964.729] [20601:20603] [DMG] 	InteractionModelRevision = 12[0m
[0;34m[1784836964.729] [20601:20603] [DMG] },[0m
[0;32m[1784836964.729] [20601:20603] [DMG] Received Command Response Data, Endpoint=0 Cluster=0x0000_0030 Command=0x0000_0005[0m
[0;32m[1784836964.729] [20601:20603] [CTL] Received CommissioningComplete response, errorCode=0[0m
[0;32m[1784836964.729] [20601:20603] [CTL] Successfully finished commissioning step 'SendComplete'[0m
[0;32m[1784836964.729] [20601:20603] [CTL] Commissioning stage next step: 'SendComplete' -> 'Cleanup'[0m
[0;32m[1784836964.729] [20601:20603] [CTL] Performing next commissioning step 'Cleanup'[0m
[0;34m[1784836964.729] [20601:20603] [TOO] Starting commissioning stage 'Cleanup'[0m
[0;32m[1784836964.729] [20601:20603] [CTL] Successfully finished commissioning step 'Cleanup'[0m
[0;34m[1784836964.729] [20601:20603] [IN] SecureSession[0x751bf4032f30]: MarkForEviction Type:1 LSID:30660[0m
[0;32m[1784836964.729] [20601:20603] [SC] SecureSession[0x751bf4032f30, LSID:30660]: State change 'kActive' --> 'kPendingEviction'[0m
[0;34m[1784836964.729] [20601:20603] [IN] SecureSession[0x751bf4032f30]: Released - Type:1 LSID:30660[0m
[0;32m[1784836964.729] [20601:20603] [CTL] Commissioning complete for node ID 0x0000000000000001: success[0m
[0;32m[1784836964.729] [20601:20603] [TOO] Device commissioning completed with success[0m
[0;34m[1784836964.729] [20601:20603] [DMG] ICR moving to [AwaitingDe][0m
[0;32m[1784836964.729] [20601:20603] [EM] <<< [E:2115i S:30661 M:126772514 (Ack:250011310)] (S) Msg TX from 000000000001B669 to 1:0000000000000001 [CA14] [UDP:[fe80::bfe:a203:38f0:bce7%enp0s3]:5540] --- Type 0000:10 (SecureChannel:StandaloneAck) (B:34)[0m
[0;34m[1784836964.729] [20601:20603] [EM] Flushed pending ack for MessageCounter:250011310 on exchange 2115i[0m
[0;34m[1784836964.730] [20601:20601] [CTL] Shutting down the commissioner[0m
[0;32m[1784836964.730] [20601:20601] [PAF] WiFiPAF: Closing all WiFiPAF sessions to shutdown[0m
[0;34m[1784836964.730] [20601:20601] [CTL] Shutting down the controller[0m
[0;34m[1784836964.730] [20601:20601] [IN] Expiring all sessions for fabric 0x1!![0m
[0;34m[1784836964.730] [20601:20601] [IN] SecureSession[0x751bf40647b0]: MarkForEviction Type:2 LSID:30661[0m
[0;32m[1784836964.730] [20601:20601] [SC] SecureSession[0x751bf40647b0, LSID:30661]: State change 'kActive' --> 'kPendingEviction'[0m
[0;34m[1784836964.730] [20601:20601] [IN] SecureSession[0x751bf40647b0]: Released - Type:2 LSID:30661[0m
[0;32m[1784836964.730] [20601:20601] [FP] Forgetting fabric 0x1[0m
[0;32m[1784836964.730] [20601:20601] [TS] Pending Last Known Good Time: 2023-10-14T01:16:48[0m
[0;32m[1784836964.730] [20601:20601] [TS] Previous Last Known Good Time: 2023-10-14T01:16:48[0m
[0;32m[1784836964.730] [20601:20601] [TS] Reverted Last Known Good Time to previous value[0m
[0;34m[1784836964.730] [20601:20601] [CTL] Shutting down the commissioner[0m
[0;32m[1784836964.730] [20601:20601] [PAF] WiFiPAF: Closing all WiFiPAF sessions to shutdown[0m
[0;34m[1784836964.730] [20601:20601] [CTL] Shutting down the controller[0m
[0;34m[1784836964.730] [20601:20601] [CTL] Shutting down the System State, this will teardown the CHIP Stack[0m
[0;34m[1784836964.730] [20601:20601] [DMG] All ReadHandler-s are clean, clear GlobalDirtySet[0m
[0;32m[1784836964.730] [20601:20601] [FP] Shutting down FabricTable[0m
[0;32m[1784836964.730] [20601:20601] [TS] Pending Last Known Good Time: 2023-10-14T01:16:48[0m
[0;32m[1784836964.730] [20601:20601] [TS] Previous Last Known Good Time: 2023-10-14T01:16:48[0m
[0;32m[1784836964.730] [20601:20601] [TS] Reverted Last Known Good Time to previous value[0m
[0;34m[1784836964.733] [20601:20601] [DL] Wrote settings to /tmp/chip_counters.ini[0m
[0;32m[1784836964.733] [20601:20601] [DL] NVS set: chip-counters/total-operational-hours = 0 (0x0)[0m
[0;32m[1784836964.733] [20601:20601] [DL] Inet Layer shutdown[0m
[0;32m[1784836964.733] [20601:20601] [DL] BLE Layer shutdown[0m
[0;32m[1784836964.733] [20601:20601] [DL] WiFi-PAF Layer shutdown[0m
[0;32m[1784836964.733] [20601:20601] [PAF] WiFiPAF: Closing all WiFiPAF sessions to shutdown[0m
[0;32m[1784836964.733] [20601:20601] [DL] System Layer shutdown[0m
