[0;34m[1784654965.256] [6613:6613] [DL] ChipLinuxStorage::Init: Using KVS config file: /tmp/chip_kvs_test[0m
[0;34m[1784654965.260] [6613:6613] [DL] Wrote settings to /tmp/chip_kvs_test[0m
[1;31m[1784654965.260] [6613:6613] [DL] ChipLinuxStorage::Init: Attempt to re-initialize with KVS config file: /tmp/chip_kvs, IGNORING.[0m
[0;34m[1784654965.261] [6613:6613] [DL] ChipLinuxStorage::Init: Using KVS config file: /tmp/chip_factory.ini[0m
[0;34m[1784654965.264] [6613:6613] [DL] Wrote settings to /tmp/chip_factory.ini[0m
[0;34m[1784654965.264] [6613:6613] [DL] ChipLinuxStorage::Init: Using KVS config file: /tmp/chip_config.ini[0m
[0;34m[1784654965.266] [6613:6613] [DL] Wrote settings to /tmp/chip_config.ini[0m
[0;34m[1784654965.266] [6613:6613] [DL] ChipLinuxStorage::Init: Using KVS config file: /tmp/chip_counters.ini[0m
[0;34m[1784654965.267] [6613:6613] [DL] Wrote settings to /tmp/chip_counters.ini[0m
[0;34m[1784654965.270] [6613:6613] [DL] Wrote settings to /tmp/chip_config.ini[0m
[0;32m[1784654965.270] [6613:6613] [DL] NVS set: chip-config/unique-id = "F4DA36FCAE6ED75D"[0m
[0;34m[1784654965.272] [6613:6613] [DL] Wrote settings to /tmp/chip_factory.ini[0m
[0;32m[1784654965.272] [6613:6613] [DL] NVS set: chip-factory/vendor-id = 65521 (0xFFF1)[0m
[0;34m[1784654965.275] [6613:6613] [DL] Wrote settings to /tmp/chip_factory.ini[0m
[0;32m[1784654965.275] [6613:6613] [DL] NVS set: chip-factory/product-id = 32769 (0x8001)[0m
[0;34m[1784654965.277] [6613:6613] [DL] Wrote settings to /tmp/chip_counters.ini[0m
[0;32m[1784654965.277] [6613:6613] [DL] NVS set: chip-counters/reboot-count = 1 (0x1)[0m
[0;34m[1784654965.279] [6613:6613] [DL] Wrote settings to /tmp/chip_counters.ini[0m
[0;32m[1784654965.279] [6613:6613] [DL] NVS set: chip-counters/total-operational-hours = 0 (0x0)[0m
[0;34m[1784654965.282] [6613:6613] [DL] Wrote settings to /tmp/chip_counters.ini[0m
[0;32m[1784654965.282] [6613:6613] [DL] NVS set: chip-counters/boot-reason = 0 (0x0)[0m
[0;34m[1784654965.284] [6613:6613] [DL] Wrote settings to /tmp/chip_config.ini[0m
[0;32m[1784654965.284] [6613:6613] [DL] NVS set: chip-config/regulatory-location = 0 (0x0)[0m
[0;34m[1784654965.286] [6613:6613] [DL] Wrote settings to /tmp/chip_config.ini[0m
[0;32m[1784654965.286] [6613:6613] [DL] NVS set: chip-config/location-capability = 2 (0x2)[0m
[0;34m[1784654965.288] [6613:6613] [DL] Wrote settings to /tmp/chip_config.ini[0m
[0;32m[1784654965.288] [6613:6613] [DL] NVS set: chip-config/configuration-version = 1 (0x1)[0m
[0;32m[1784654965.288] [6613:6613] [DL] Got Ethernet interface: enp0s3[0m
[0;32m[1784654965.289] [6613:6613] [DL] Found the primary Ethernet interface:enp0s3[0m
[1;31m[1784654965.289] [6613:6613] [DL] Failed to get WiFi interface[0m
[1;31m[1784654965.289] [6613:6613] [DL] Failed to reset WiFi statistic counts[0m
[0;32m[1784654965.289] [6613:6613] [PAF] WiFiPAF: WiFiPAFLayer::Init()[0m
[1;31m[1784654965.289] [6613:6613] [-] *** WARNING: Using temporary passcode 20202021 due to no neither --passcode or --spake2p-verifier-base64 given on command line or factory configuration. This is temporary and will disappear. Please update your scripts to explicitly configure onboarding credentials. ***[0m
[1;31m[1784654965.289] [6613:6613] [-] *** WARNING: Using temporary test discriminator 3840 due to --discriminator not given on command line or factory configuration. This is temporary and will disappear. Please update your scripts to explicitly configure onboarding credentials. ***[0m
[0;32m[1784654965.289] [6613:6613] [SPT] LinuxCommissionableDataProvider didn't get a PASE salt, generating one.[0m
[0;32m[1784654965.290] [6613:6613] [DL] Device Configuration:[0m
[0;32m[1784654965.290] [6613:6613] [DL]   Serial Number: TEST_SN[0m
[0;32m[1784654965.290] [6613:6613] [DL]   Vendor Id: 65521 (0xFFF1)[0m
[0;32m[1784654965.290] [6613:6613] [DL]   Product Id: 32769 (0x8001)[0m
[0;32m[1784654965.290] [6613:6613] [DL]   Product Name: TEST_PRODUCT[0m
[0;32m[1784654965.290] [6613:6613] [DL]   Hardware Version: 0[0m
[0;32m[1784654965.290] [6613:6613] [DL]   Setup Pin Code (0 for UNKNOWN/ERROR): 20202021[0m
[0;32m[1784654965.290] [6613:6613] [DL]   Setup Discriminator (0xFFFF for UNKNOWN/ERROR): 3840 (0xF00)[0m
[0;32m[1784654965.290] [6613:6613] [DL]   Manufacturing Date: (not set)[0m
[0;32m[1784654965.290] [6613:6613] [DL]   Device Type: 257 (0x101)[0m
[0;32m[1784654965.290] [6613:6613] [-] ==== Onboarding payload for Standard Commissioning Flow ====[0m
[0;32m[1784654965.290] [6613:6613] [SVR] SetupQRCode: [MT:-24J042C00KA0648G00][0m
[0;32m[1784654965.290] [6613:6613] [SVR] Copy/paste the below URL in a browser to see the QR Code:[0m
[0;32m[1784654965.290] [6613:6613] [SVR] https://project-chip.github.io/connectedhomeip/qrcode.html?data=MT%3A-24J042C00KA0648G00[0m
[0;32m[1784654965.291] [6613:6613] [SVR] Manual pairing code: [34970112332][0m
[0;32m[1784654965.291] [6613:6613] [SVR] Initializing subscription resumption storage...[0m
[0;34m[1784654965.293] [6613:6613] [DL] Wrote settings to /tmp/chip_kvs_test[0m
[0;32m[1784654965.293] [6613:6613] [SVR] Server initializing...[0m
[0;34m[1784654965.293] [6613:6613] [FP] Initializing FabricTable from persistent storage[0m
[0;32m[1784654965.293] [6613:6613] [TS] Last Known Good Time: [unknown][0m
[0;32m[1784654965.293] [6613:6613] [TS] Setting Last Known Good Time to firmware build time 2023-10-14T01:16:48[0m
[0;34m[1784654965.295] [6613:6613] [DL] Wrote settings to /tmp/chip_kvs_test[0m
[0;32m[1784654965.295] [6613:6613] [DMG] AccessControl: initializing[0m
[0;32m[1784654965.295] [6613:6613] [DMG] Examples::AccessControlDelegate::Init[0m
[0;32m[1784654965.295] [6613:6613] [DMG] AccessControl: setting[0m
[0;32m[1784654965.295] [6613:6613] [DMG] DefaultAclStorage: initializing[0m
[0;32m[1784654965.295] [6613:6613] [DMG] DefaultAclStorage: 0 entries loaded[0m
[0;34m[1784654965.295] [6613:6613] [IN] UDP::Init bind&listen port=5540[0m
[0;34m[1784654965.295] [6613:6613] [IN] UDP::Init bound to port=5540[0m
[0;34m[1784654965.295] [6613:6613] [IN] UDP::Init bind&listen port=5540[0m
[0;34m[1784654965.295] [6613:6613] [IN] UDP::Init bound to port=5540[0m
[0;34m[1784654965.295] [6613:6613] [IN] BLEBase::Init - setting/overriding transport[0m
[0;32m[1784654965.295] [6613:6613] [IN] TCP server listening on port 5540 for incoming connections[0m
[0;32m[1784654965.295] [6613:6613] [IN] TCP server listening on port 5540 for incoming connections[0m
[0;34m[1784654965.295] [6613:6613] [IN] WiFiPAFBase::Init - setting/overriding transport[0m
[0;34m[1784654965.295] [6613:6613] [IN] TransportMgr initialized[0m
[0;34m[1784654965.297] [6613:6613] [DL] Wrote settings to /tmp/chip_kvs_test[0m
[0;34m[1784654965.299] [6613:6613] [DL] Wrote settings to /tmp/chip_kvs_test[0m
[0;34m[1784654965.302] [6613:6613] [DL] Wrote settings to /tmp/chip_kvs_test[0m
[0;32m[1784654965.302] [6613:6613] [DMG] Ember attribute persistence requires setting up[0m
[0;32m[1784654965.302] [6613:6613] [ZCL] Using ZAP configuration...[0m
[0;34m[1784654965.302] [6613:6613] [DMG] Failed to read stored attribute (1, 0x0000_0006, 0x0000_0000: src/platform/Linux/KeyValueStoreManagerImpl.cpp:53: CHIP Error 0x000000A0: Value not found in the persisted storage[0m
[0;34m[1784654965.302] [6613:6613] [DMG] Failed to read stored attribute (1, 0x0000_0006, 0x0000_4003: src/platform/Linux/KeyValueStoreManagerImpl.cpp:53: CHIP Error 0x000000A0: Value not found in the persisted storage[0m
[0;34m[1784654965.302] [6613:6613] [DMG] Failed to read stored attribute (1, 0x0000_0008, 0x0000_0000: src/platform/Linux/KeyValueStoreManagerImpl.cpp:53: CHIP Error 0x000000A0: Value not found in the persisted storage[0m
[0;34m[1784654965.302] [6613:6613] [DMG] Failed to read stored attribute (1, 0x0000_0008, 0x0000_4000: src/platform/Linux/KeyValueStoreManagerImpl.cpp:53: CHIP Error 0x000000A0: Value not found in the persisted storage[0m
[0;34m[1784654965.302] [6613:6613] [DMG] Failed to read stored attribute (1, 0x0000_0050, 0x0000_0003: src/platform/Linux/KeyValueStoreManagerImpl.cpp:53: CHIP Error 0x000000A0: Value not found in the persisted storage[0m
[0;34m[1784654965.302] [6613:6613] [DMG] Failed to read stored attribute (1, 0x0000_0050, 0x0000_0004: src/platform/Linux/KeyValueStoreManagerImpl.cpp:53: CHIP Error 0x000000A0: Value not found in the persisted storage[0m
[0;34m[1784654965.302] [6613:6613] [DMG] Failed to read stored attribute (1, 0x0000_0050, 0x0000_0005: src/platform/Linux/KeyValueStoreManagerImpl.cpp:53: CHIP Error 0x000000A0: Value not found in the persisted storage[0m
[0;34m[1784654965.302] [6613:6613] [DMG] Failed to read stored attribute (1, 0x0000_005C, 0x0000_0000: src/platform/Linux/KeyValueStoreManagerImpl.cpp:53: CHIP Error 0x000000A0: Value not found in the persisted storage[0m
[0;34m[1784654965.302] [6613:6613] [DMG] Failed to read stored attribute (1, 0x0000_005C, 0x0000_0001: src/platform/Linux/KeyValueStoreManagerImpl.cpp:53: CHIP Error 0x000000A0: Value not found in the persisted storage[0m
[0;34m[1784654965.302] [6613:6613] [DMG] Failed to read stored attribute (1, 0x0000_005C, 0x0000_0002: src/platform/Linux/KeyValueStoreManagerImpl.cpp:53: CHIP Error 0x000000A0: Value not found in the persisted storage[0m
[0;34m[1784654965.302] [6613:6613] [DMG] Failed to read stored attribute (1, 0x0000_005C, 0x0000_0003: src/platform/Linux/KeyValueStoreManagerImpl.cpp:53: CHIP Error 0x000000A0: Value not found in the persisted storage[0m
[0;34m[1784654965.302] [6613:6613] [DMG] Failed to read stored attribute (1, 0x0000_005C, 0x0000_0004: src/platform/Linux/KeyValueStoreManagerImpl.cpp:53: CHIP Error 0x000000A0: Value not found in the persisted storage[0m
[0;34m[1784654965.302] [6613:6613] [DMG] Failed to read stored attribute (1, 0x0000_005C, 0x0000_0006: src/platform/Linux/KeyValueStoreManagerImpl.cpp:53: CHIP Error 0x000000A0: Value not found in the persisted storage[0m
[0;34m[1784654965.302] [6613:6613] [DMG] Failed to read stored attribute (1, 0x0000_005C, 0x0000_0007: src/platform/Linux/KeyValueStoreManagerImpl.cpp:53: CHIP Error 0x000000A0: Value not found in the persisted storage[0m
[0;34m[1784654965.302] [6613:6613] [DMG] Failed to read stored attribute (1, 0x0000_0081, 0x0000_0001: src/platform/Linux/KeyValueStoreManagerImpl.cpp:53: CHIP Error 0x000000A0: Value not found in the persisted storage[0m
[0;34m[1784654965.302] [6613:6613] [DMG] Failed to read stored attribute (1, 0x0000_0081, 0x0000_0008: src/platform/Linux/KeyValueStoreManagerImpl.cpp:53: CHIP Error 0x000000A0: Value not found in the persisted storage[0m
[0;34m[1784654965.302] [6613:6613] [DMG] Failed to read stored attribute (1, 0x0000_0102, 0x0000_0003: src/platform/Linux/KeyValueStoreManagerImpl.cpp:53: CHIP Error 0x000000A0: Value not found in the persisted storage[0m
[0;34m[1784654965.302] [6613:6613] [DMG] Failed to read stored attribute (1, 0x0000_0102, 0x0000_0004: src/platform/Linux/KeyValueStoreManagerImpl.cpp:53: CHIP Error 0x000000A0: Value not found in the persisted storage[0m
[0;34m[1784654965.302] [6613:6613] [DMG] Failed to read stored attribute (1, 0x0000_0102, 0x0000_0005: src/platform/Linux/KeyValueStoreManagerImpl.cpp:53: CHIP Error 0x000000A0: Value not found in the persisted storage[0m
[0;34m[1784654965.302] [6613:6613] [DMG] Failed to read stored attribute (1, 0x0000_0102, 0x0000_0006: src/platform/Linux/KeyValueStoreManagerImpl.cpp:53: CHIP Error 0x000000A0: Value not found in the persisted storage[0m
[0;34m[1784654965.302] [6613:6613] [DMG] Failed to read stored attribute (1, 0x0000_0102, 0x0000_0007: src/platform/Linux/KeyValueStoreManagerImpl.cpp:53: CHIP Error 0x000000A0: Value not found in the persisted storage[0m
[0;34m[1784654965.302] [6613:6613] [DMG] Failed to read stored attribute (1, 0x0000_0102, 0x0000_0008: src/platform/Linux/KeyValueStoreManagerImpl.cpp:53: CHIP Error 0x000000A0: Value not found in the persisted storage[0m
[0;34m[1784654965.302] [6613:6613] [DMG] Failed to read stored attribute (1, 0x0000_0102, 0x0000_0009: src/platform/Linux/KeyValueStoreManagerImpl.cpp:53: CHIP Error 0x000000A0: Value not found in the persisted storage[0m
[0;34m[1784654965.302] [6613:6613] [DMG] Failed to read stored attribute (1, 0x0000_0102, 0x0000_000E: src/platform/Linux/KeyValueStoreManagerImpl.cpp:53: CHIP Error 0x000000A0: Value not found in the persisted storage[0m
[0;34m[1784654965.302] [6613:6613] [DMG] Failed to read stored attribute (1, 0x0000_0102, 0x0000_000F: src/platform/Linux/KeyValueStoreManagerImpl.cpp:53: CHIP Error 0x000000A0: Value not found in the persisted storage[0m
[0;34m[1784654965.302] [6613:6613] [DMG] Failed to read stored attribute (1, 0x0000_0102, 0x0000_0010: src/platform/Linux/KeyValueStoreManagerImpl.cpp:53: CHIP Error 0x000000A0: Value not found in the persisted storage[0m
[0;34m[1784654965.302] [6613:6613] [DMG] Failed to read stored attribute (1, 0x0000_0102, 0x0000_0011: src/platform/Linux/KeyValueStoreManagerImpl.cpp:53: CHIP Error 0x000000A0: Value not found in the persisted storage[0m
[0;34m[1784654965.302] [6613:6613] [DMG] Failed to read stored attribute (1, 0x0000_0102, 0x0000_0012: src/platform/Linux/KeyValueStoreManagerImpl.cpp:53: CHIP Error 0x000000A0: Value not found in the persisted storage[0m
[0;34m[1784654965.302] [6613:6613] [DMG] Failed to read stored attribute (1, 0x0000_0102, 0x0000_0013: src/platform/Linux/KeyValueStoreManagerImpl.cpp:53: CHIP Error 0x000000A0: Value not found in the persisted storage[0m
[0;34m[1784654965.302] [6613:6613] [DMG] Failed to read stored attribute (1, 0x0000_0102, 0x0000_0017: src/platform/Linux/KeyValueStoreManagerImpl.cpp:53: CHIP Error 0x000000A0: Value not found in the persisted storage[0m
[0;34m[1784654965.302] [6613:6613] [DMG] Failed to read stored attribute (1, 0x0000_0300, 0x0000_0000: src/platform/Linux/KeyValueStoreManagerImpl.cpp:53: CHIP Error 0x000000A0: Value not found in the persisted storage[0m
[0;34m[1784654965.302] [6613:6613] [DMG] Failed to read stored attribute (1, 0x0000_0300, 0x0000_0001: src/platform/Linux/KeyValueStoreManagerImpl.cpp:53: CHIP Error 0x000000A0: Value not found in the persisted storage[0m
[0;34m[1784654965.302] [6613:6613] [DMG] Failed to read stored attribute (1, 0x0000_0300, 0x0000_0003: src/platform/Linux/KeyValueStoreManagerImpl.cpp:53: CHIP Error 0x000000A0: Value not found in the persisted storage[0m
[0;34m[1784654965.302] [6613:6613] [DMG] Failed to read stored attribute (1, 0x0000_0300, 0x0000_0004: src/platform/Linux/KeyValueStoreManagerImpl.cpp:53: CHIP Error 0x000000A0: Value not found in the persisted storage[0m
[0;34m[1784654965.302] [6613:6613] [DMG] Failed to read stored attribute (1, 0x0000_0300, 0x0000_0007: src/platform/Linux/KeyValueStoreManagerImpl.cpp:53: CHIP Error 0x000000A0: Value not found in the persisted storage[0m
[0;34m[1784654965.302] [6613:6613] [DMG] Failed to read stored attribute (1, 0x0000_0300, 0x0000_4000: src/platform/Linux/KeyValueStoreManagerImpl.cpp:53: CHIP Error 0x000000A0: Value not found in the persisted storage[0m
[0;34m[1784654965.302] [6613:6613] [DMG] Failed to read stored attribute (1, 0x0000_0300, 0x0000_4001: src/platform/Linux/KeyValueStoreManagerImpl.cpp:53: CHIP Error 0x000000A0: Value not found in the persisted storage[0m
[0;34m[1784654965.302] [6613:6613] [DMG] Failed to read stored attribute (1, 0x0000_0300, 0x0000_4002: src/platform/Linux/KeyValueStoreManagerImpl.cpp:53: CHIP Error 0x000000A0: Value not found in the persisted storage[0m
[0;34m[1784654965.302] [6613:6613] [DMG] Failed to read stored attribute (1, 0x0000_0300, 0x0000_4003: src/platform/Linux/KeyValueStoreManagerImpl.cpp:53: CHIP Error 0x000000A0: Value not found in the persisted storage[0m
[0;34m[1784654965.302] [6613:6613] [DMG] Failed to read stored attribute (1, 0x0000_0300, 0x0000_4004: src/platform/Linux/KeyValueStoreManagerImpl.cpp:53: CHIP Error 0x000000A0: Value not found in the persisted storage[0m
[0;34m[1784654965.302] [6613:6613] [DMG] Failed to read stored attribute (1, 0x0000_0300, 0x0000_4010: src/platform/Linux/KeyValueStoreManagerImpl.cpp:53: CHIP Error 0x000000A0: Value not found in the persisted storage[0m
[0;34m[1784654965.304] [6613:6613] [DL] Wrote settings to /tmp/chip_kvs_test[0m
[0;34m[1784654965.304] [6613:6613] [EVL] LogEvent event number: 0x0000000000000000 priority: 1, endpoint id:  0x0 cluster id: 0x0000_0038 event id: 0x0 Epoch timestamp: 0x0000019F85B9AA38[0m
[0;32m[1784654965.304] [6613:6613] [ZCL] Emit DSTTableEmpty event [ep=0][0m
[0;32m[1784654965.304] [6613:6613] [ZCL] Initializing TLS Certificate Management cluster.[0m
[0;32m[1784654965.304] [6613:6613] [ZCL] Initializing TLS Client Management cluster.[0m
[0;34m[1784654965.304] [6613:6613] [ZCL] UnitLocalization ep0 set default TemperatureUnit: 1[0m
[0;34m[1784654965.304] [6613:6613] [DMG] Endpoint 0, Cluster 0x0000_0004 update version to b0349250[0m
[0;34m[1784654965.304] [6613:6613] [DMG] Endpoint 0, Cluster 0x0000_0004 update version to b0349251[0m
[0;34m[1784654965.304] [6613:6613] [DMG] Endpoint 1, Cluster 0x0000_0004 update version to 4ceafc19[0m
[0;34m[1784654965.304] [6613:6613] [DMG] Endpoint 1, Cluster 0x0000_0004 update version to 4ceafc1a[0m
[0;32m[1784654965.304] [6613:6613] [ZCL] Endpoint 1 On/off already set to new value[0m
[0;34m[1784654965.304] [6613:6613] [DMG] Endpoint 1, Cluster 0x0000_0008 update version to cb2f6296[0m
[0;34m[1784654965.304] [6613:6613] [ZCL] ModeBase: Unable to load the CurrentMode from the KVS. Assuming 0[0m
[0;34m[1784654965.304] [6613:6613] [ZCL] ModeBase: Unable to load the StartUpMode from the KVS. Assuming null[0m
[0;34m[1784654965.304] [6613:6613] [ZCL] ModeBase: Unable to load the OnMode from the KVS.      Assuming null[0m
[0;34m[1784654965.304] [6613:6613] [ZCL] ModeBase: Unable to load the CurrentMode from the KVS. Assuming 0[0m
[0;34m[1784654965.304] [6613:6613] [ZCL] ModeBase: Unable to load the StartUpMode from the KVS. Assuming null[0m
[0;34m[1784654965.304] [6613:6613] [ZCL] ModeBase: Unable to load the OnMode from the KVS.      Assuming null[0m
[0;34m[1784654965.304] [6613:6613] [ZCL] ModeBase: Unable to load the CurrentMode from the KVS. Assuming 0[0m
[0;34m[1784654965.304] [6613:6613] [ZCL] ModeBase: Unable to load the StartUpMode from the KVS. Assuming null[0m
[0;34m[1784654965.304] [6613:6613] [ZCL] ModeBase: Unable to load the OnMode from the KVS.      Assuming null[0m
[0;34m[1784654965.304] [6613:6613] [ZCL] ModeBase: Unable to load the CurrentMode from the KVS. Assuming 0[0m
[0;34m[1784654965.304] [6613:6613] [ZCL] ModeBase: Unable to load the StartUpMode from the KVS. Assuming null[0m
[0;34m[1784654965.304] [6613:6613] [ZCL] ModeBase: Unable to load the OnMode from the KVS.      Assuming null[0m
[0;34m[1784654965.304] [6613:6613] [ZCL] ModeBase: Unable to load the CurrentMode from the KVS. Assuming 0[0m
[0;34m[1784654965.304] [6613:6613] [ZCL] ModeBase: Unable to load the StartUpMode from the KVS. Assuming null[0m
[0;34m[1784654965.304] [6613:6613] [ZCL] ModeBase: Unable to load the OnMode from the KVS.      Assuming null[0m
[0;34m[1784654965.304] [6613:6613] [ZCL] ModeBase: Unable to load the CurrentMode from the KVS. Assuming 0[0m
[0;34m[1784654965.304] [6613:6613] [ZCL] ModeBase: Unable to load the StartUpMode from the KVS. Assuming null[0m
[0;34m[1784654965.304] [6613:6613] [ZCL] ModeBase: Unable to load the OnMode from the KVS.      Assuming null[0m
[0;34m[1784654965.305] [6613:6613] [ZCL] ModeBase: Unable to load the CurrentMode from the KVS. Assuming 0[0m
[0;34m[1784654965.305] [6613:6613] [ZCL] ModeBase: Unable to load the StartUpMode from the KVS. Assuming null[0m
[0;34m[1784654965.305] [6613:6613] [ZCL] ModeBase: Unable to load the OnMode from the KVS.      Assuming null[0m
[0;34m[1784654965.305] [6613:6613] [ZCL] ResourceMonitoring: Init[0m
[0;34m[1784654965.305] [6613:6613] [ZCL] ResourceMonitoring: Unable to load the LastChangedTime from the KVS. Assuming null[0m
[0;34m[1784654965.305] [6613:6613] [ZCL] ResourceMonitoring: calling mDelegate->Init()[0m
[0;34m[1784654965.305] [6613:6613] [ZCL] HepaFilterMonitoringDelegate::Init()[0m
[0;34m[1784654965.305] [6613:6613] [ZCL] ResourceMonitoring: Init[0m
[0;34m[1784654965.305] [6613:6613] [ZCL] ResourceMonitoring: Unable to load the LastChangedTime from the KVS. Assuming null[0m
[0;34m[1784654965.305] [6613:6613] [ZCL] ResourceMonitoring: calling mDelegate->Init()[0m
[0;34m[1784654965.305] [6613:6613] [ZCL] ActivatedCarbonFilterMonitoringDelegate::Init()[0m
[0;34m[1784654965.307] [6613:6613] [DL] Wrote settings to /tmp/chip_kvs_test[0m
[0;34m[1784654965.307] [6613:6613] [DMG] Endpoint 1, Cluster 0x0000_0102 update version to 48ecb03c[0m
[0;32m[1784654965.307] [6613:6613] [ZCL] WC POST ATTRIBUTE=7[0m
[0;32m[1784654965.307] [6613:6613] [ZCL] ConfigStatus 0x1B Operational=1 OnlineReserved=1[0m
[0;32m[1784654965.307] [6613:6613] [ZCL] Lift(PA=1 Encoder=0 Reversed=0) Tilt(PA=1 Encoder=0)[0m
[0;32m[1784654965.307] [6613:6613] [ZCL] Initialize PCC Server Cluster [EP:1][0m
[0;34m[1784654965.307] [6613:6613] [DMG] Endpoint 1, Cluster 0x0000_0300 update version to 6cf88c7d[0m
[0;34m[1784654965.307] [6613:6613] [DMG] Endpoint 1, Cluster 0x0000_0300 update version to 6cf88c7e[0m
[0;34m[1784654965.309] [6613:6613] [DL] Wrote settings to /tmp/chip_kvs_test[0m
[0;34m[1784654965.309] [6613:6613] [DMG] Endpoint 1, Cluster 0x0000_0300 update version to 6cf88c7f[0m
[0;34m[1784654965.309] [6613:6613] [DMG] Endpoint 1, Cluster 0x0000_0406 update version to 50197ad[0m
[0;34m[1784654965.309] [6613:6613] [DMG] Endpoint 1, Cluster 0x0000_0406 update version to 50197ae[0m
[0;34m[1784654965.309] [6613:6613] [DMG] Endpoint 1, Cluster 0x0000_040C update version to f4f43ee9[0m
[0;34m[1784654965.309] [6613:6613] [DMG] Endpoint 1, Cluster 0x0000_040C update version to f4f43eea[0m
[0;34m[1784654965.309] [6613:6613] [DMG] Endpoint 1, Cluster 0x0000_040C update version to f4f43eeb[0m
[0;34m[1784654965.309] [6613:6613] [DMG] Endpoint 1, Cluster 0x0000_040C update version to f4f43eec[0m
[0;34m[1784654965.309] [6613:6613] [DMG] Endpoint 1, Cluster 0x0000_040C update version to f4f43eed[0m
[0;34m[1784654965.309] [6613:6613] [DMG] Endpoint 1, Cluster 0x0000_040C update version to f4f43eee[0m
[0;34m[1784654965.309] [6613:6613] [DMG] Endpoint 1, Cluster 0x0000_040C update version to f4f43eef[0m
[0;34m[1784654965.309] [6613:6613] [DMG] Endpoint 1, Cluster 0x0000_040C update version to f4f43ef0[0m
[0;34m[1784654965.309] [6613:6613] [DMG] Endpoint 1, Cluster 0x0000_040D update version to 63e53474[0m
[0;34m[1784654965.309] [6613:6613] [DMG] Endpoint 1, Cluster 0x0000_040D update version to 63e53475[0m
[0;34m[1784654965.309] [6613:6613] [DMG] Endpoint 1, Cluster 0x0000_040D update version to 63e53476[0m
[0;34m[1784654965.309] [6613:6613] [DMG] Endpoint 1, Cluster 0x0000_040D update version to 63e53477[0m
[0;34m[1784654965.309] [6613:6613] [DMG] Endpoint 1, Cluster 0x0000_040D update version to 63e53478[0m
[0;34m[1784654965.309] [6613:6613] [DMG] Endpoint 1, Cluster 0x0000_040D update version to 63e53479[0m
[0;34m[1784654965.309] [6613:6613] [DMG] Endpoint 1, Cluster 0x0000_040D update version to 63e5347a[0m
[0;34m[1784654965.309] [6613:6613] [DMG] Endpoint 1, Cluster 0x0000_040D update version to 63e5347b[0m
[0;34m[1784654965.309] [6613:6613] [DMG] Endpoint 1, Cluster 0x0000_0413 update version to 250bcf46[0m
[0;34m[1784654965.309] [6613:6613] [DMG] Endpoint 1, Cluster 0x0000_0413 update version to 250bcf47[0m
[0;34m[1784654965.309] [6613:6613] [DMG] Endpoint 1, Cluster 0x0000_0413 update version to 250bcf48[0m
[0;34m[1784654965.309] [6613:6613] [DMG] Endpoint 1, Cluster 0x0000_0413 update version to 250bcf49[0m
[0;34m[1784654965.309] [6613:6613] [DMG] Endpoint 1, Cluster 0x0000_0413 update version to 250bcf4a[0m
[0;34m[1784654965.309] [6613:6613] [DMG] Endpoint 1, Cluster 0x0000_0413 update version to 250bcf4b[0m
[0;34m[1784654965.309] [6613:6613] [DMG] Endpoint 1, Cluster 0x0000_0413 update version to 250bcf4c[0m
[0;34m[1784654965.309] [6613:6613] [DMG] Endpoint 1, Cluster 0x0000_0413 update version to 250bcf4d[0m
[0;34m[1784654965.309] [6613:6613] [DMG] Endpoint 1, Cluster 0x0000_0415 update version to da59339d[0m
[0;34m[1784654965.309] [6613:6613] [DMG] Endpoint 1, Cluster 0x0000_0415 update version to da59339e[0m
[0;34m[1784654965.309] [6613:6613] [DMG] Endpoint 1, Cluster 0x0000_0415 update version to da59339f[0m
[0;34m[1784654965.309] [6613:6613] [DMG] Endpoint 1, Cluster 0x0000_0415 update version to da5933a0[0m
[0;34m[1784654965.309] [6613:6613] [DMG] Endpoint 1, Cluster 0x0000_0415 update version to da5933a1[0m
[0;34m[1784654965.309] [6613:6613] [DMG] Endpoint 1, Cluster 0x0000_0415 update version to da5933a2[0m
[0;34m[1784654965.309] [6613:6613] [DMG] Endpoint 1, Cluster 0x0000_0415 update version to da5933a3[0m
[0;34m[1784654965.309] [6613:6613] [DMG] Endpoint 1, Cluster 0x0000_0415 update version to da5933a4[0m
[0;34m[1784654965.309] [6613:6613] [DMG] Endpoint 1, Cluster 0x0000_042A update version to 592ed667[0m
[0;34m[1784654965.309] [6613:6613] [DMG] Endpoint 1, Cluster 0x0000_042A update version to 592ed668[0m
[0;34m[1784654965.309] [6613:6613] [DMG] Endpoint 1, Cluster 0x0000_042A update version to 592ed669[0m
[0;34m[1784654965.309] [6613:6613] [DMG] Endpoint 1, Cluster 0x0000_042A update version to 592ed66a[0m
[0;34m[1784654965.309] [6613:6613] [DMG] Endpoint 1, Cluster 0x0000_042A update version to 592ed66b[0m
[0;34m[1784654965.309] [6613:6613] [DMG] Endpoint 1, Cluster 0x0000_042A update version to 592ed66c[0m
[0;34m[1784654965.309] [6613:6613] [DMG] Endpoint 1, Cluster 0x0000_042A update version to 592ed66d[0m
[0;34m[1784654965.309] [6613:6613] [DMG] Endpoint 1, Cluster 0x0000_042A update version to 592ed66e[0m
[0;34m[1784654965.309] [6613:6613] [DMG] Endpoint 1, Cluster 0x0000_042B update version to 616acb29[0m
[0;34m[1784654965.309] [6613:6613] [DMG] Endpoint 1, Cluster 0x0000_042B update version to 616acb2a[0m
[0;34m[1784654965.309] [6613:6613] [DMG] Endpoint 1, Cluster 0x0000_042B update version to 616acb2b[0m
[0;34m[1784654965.309] [6613:6613] [DMG] Endpoint 1, Cluster 0x0000_042B update version to 616acb2c[0m
[0;34m[1784654965.309] [6613:6613] [DMG] Endpoint 1, Cluster 0x0000_042B update version to 616acb2d[0m
[0;34m[1784654965.309] [6613:6613] [DMG] Endpoint 1, Cluster 0x0000_042B update version to 616acb2e[0m
[0;34m[1784654965.309] [6613:6613] [DMG] Endpoint 1, Cluster 0x0000_042B update version to 616acb2f[0m
[0;34m[1784654965.309] [6613:6613] [DMG] Endpoint 1, Cluster 0x0000_042B update version to 616acb30[0m
[0;34m[1784654965.309] [6613:6613] [DMG] Endpoint 1, Cluster 0x0000_042C update version to 7b6b3fe3[0m
[0;34m[1784654965.309] [6613:6613] [DMG] Endpoint 1, Cluster 0x0000_042C update version to 7b6b3fe4[0m
[0;34m[1784654965.309] [6613:6613] [DMG] Endpoint 1, Cluster 0x0000_042C update version to 7b6b3fe5[0m
[0;34m[1784654965.309] [6613:6613] [DMG] Endpoint 1, Cluster 0x0000_042C update version to 7b6b3fe6[0m
[0;34m[1784654965.309] [6613:6613] [DMG] Endpoint 1, Cluster 0x0000_042C update version to 7b6b3fe7[0m
[0;34m[1784654965.309] [6613:6613] [DMG] Endpoint 1, Cluster 0x0000_042C update version to 7b6b3fe8[0m
[0;34m[1784654965.309] [6613:6613] [DMG] Endpoint 1, Cluster 0x0000_042C update version to 7b6b3fe9[0m
[0;34m[1784654965.309] [6613:6613] [DMG] Endpoint 1, Cluster 0x0000_042C update version to 7b6b3fea[0m
[0;34m[1784654965.309] [6613:6613] [DMG] Endpoint 1, Cluster 0x0000_042D update version to e1fce270[0m
[0;34m[1784654965.309] [6613:6613] [DMG] Endpoint 1, Cluster 0x0000_042D update version to e1fce271[0m
[0;34m[1784654965.309] [6613:6613] [DMG] Endpoint 1, Cluster 0x0000_042D update version to e1fce272[0m
[0;34m[1784654965.309] [6613:6613] [DMG] Endpoint 1, Cluster 0x0000_042D update version to e1fce273[0m
[0;34m[1784654965.309] [6613:6613] [DMG] Endpoint 1, Cluster 0x0000_042D update version to e1fce274[0m
[0;34m[1784654965.309] [6613:6613] [DMG] Endpoint 1, Cluster 0x0000_042D update version to e1fce275[0m
[0;34m[1784654965.309] [6613:6613] [DMG] Endpoint 1, Cluster 0x0000_042D update version to e1fce276[0m
[0;34m[1784654965.309] [6613:6613] [DMG] Endpoint 1, Cluster 0x0000_042D update version to e1fce277[0m
[0;34m[1784654965.309] [6613:6613] [DMG] Endpoint 1, Cluster 0x0000_042E update version to e637a7b4[0m
[0;34m[1784654965.309] [6613:6613] [DMG] Endpoint 1, Cluster 0x0000_042E update version to e637a7b5[0m
[0;34m[1784654965.309] [6613:6613] [DMG] Endpoint 1, Cluster 0x0000_042E update version to e637a7b6[0m
[0;34m[1784654965.309] [6613:6613] [DMG] Endpoint 1, Cluster 0x0000_042E update version to e637a7b7[0m
[0;34m[1784654965.309] [6613:6613] [DMG] Endpoint 1, Cluster 0x0000_042E update version to e637a7b8[0m
[0;34m[1784654965.309] [6613:6613] [DMG] Endpoint 1, Cluster 0x0000_042E update version to e637a7b9[0m
[0;34m[1784654965.309] [6613:6613] [DMG] Endpoint 1, Cluster 0x0000_042E update version to e637a7ba[0m
[0;34m[1784654965.309] [6613:6613] [DMG] Endpoint 1, Cluster 0x0000_042E update version to e637a7bb[0m
[0;34m[1784654965.309] [6613:6613] [DMG] Endpoint 1, Cluster 0x0000_042F update version to 29900da7[0m
[0;34m[1784654965.309] [6613:6613] [DMG] Endpoint 1, Cluster 0x0000_042F update version to 29900da8[0m
[0;34m[1784654965.309] [6613:6613] [DMG] Endpoint 1, Cluster 0x0000_042F update version to 29900da9[0m
[0;34m[1784654965.309] [6613:6613] [DMG] Endpoint 1, Cluster 0x0000_042F update version to 29900daa[0m
[0;34m[1784654965.309] [6613:6613] [DMG] Endpoint 1, Cluster 0x0000_042F update version to 29900dab[0m
[0;34m[1784654965.309] [6613:6613] [DMG] Endpoint 1, Cluster 0x0000_042F update version to 29900dac[0m
[0;34m[1784654965.309] [6613:6613] [DMG] Endpoint 1, Cluster 0x0000_042F update version to 29900dad[0m
[0;34m[1784654965.309] [6613:6613] [DMG] Endpoint 1, Cluster 0x0000_042F update version to 29900dae[0m
[0;32m[1784654965.309] [6613:6613] [-] Setting LowPower default delegate to global manager[0m
[0;34m[1784654965.309] [6613:6613] [DMG] Endpoint 2, Cluster 0x0000_0004 update version to aa5c1bf4[0m
[0;34m[1784654965.309] [6613:6613] [DMG] Endpoint 2, Cluster 0x0000_0004 update version to aa5c1bf5[0m
[1;31m[1784654965.309] [6613:6613] [IM] Duplicate attribute override registration failed[0m
[0;34m[1784654965.309] [6613:6613] [DMG] Endpoint 2, Cluster 0x0000_0406 update version to 94c288f7[0m
[0;34m[1784654965.309] [6613:6613] [DMG] Endpoint 2, Cluster 0x0000_0406 update version to 94c288f8[0m
[0;32m[1784654965.309] [6613:6613] [DMG] TLSClientManagementCluster: initializing[0m
[0;32m[1784654965.309] [6613:6613] [DMG] TLSCertificateManagementCluster: initializing[0m
[0;34m[1784654965.309] [6613:6613] [ZCL] Chime: Unable to load the SelectedChime attribute from the KVS. Defaulting to 0[0m
[0;34m[1784654965.309] [6613:6613] [ZCL] Chime: Unable to load the Enabled attribute from the KVS. Defaulting to 1[0m
[0;34m[1784654965.309] [6613:6613] [EVL] LogEvent event number: 0x0000000000000001 priority: 2, endpoint id:  0x0 cluster id: 0x0000_0033 event id: 0x3 Epoch timestamp: 0x0000019F85B9AA3D[0m
[0;34m[1784654965.311] [6613:6613] [DL] Wrote settings to /tmp/chip_kvs_test[0m
[0;32m[1784654965.311] [6613:6613] [DMG] AccessControlCluster: initializing[0m
[0;34m[1784654965.311] [6613:6613] [IN] SecureSession[0x5813ed468890]: Allocated Type:1 LSID:36855[0m
[0;34m[1784654965.311] [6613:6613] [SC] Assigned local session key ID 36855[0m
[0;34m[1784654965.311] [6613:6613] [SC] Waiting for PBKDF param request[0m
[0;32m[1784654965.311] [6613:6613] [DIS] Updating services using commissioning mode 1[0m
[0;32m[1784654965.312] [6613:6613] [DIS] CHIP minimal mDNS started advertising.[0m
[0;34m[1784654965.312] [6613:6613] [DL] Using WiFi MAC for hostname[0m
[0;34m[1784654965.312] [6613:6613] [DIS] DNS-SD Pairing Instruction not set[0m
[0;32m[1784654965.312] [6613:6613] [DIS] Advertise commission parameter vendorID=65521 productID=32769 discriminator=3840/15 cm=1 cp=0 jf=0[0m
[0;34m[1784654965.312] [6613:6613] [DIS] Responding with _matterc._udp.local[0m
[0;34m[1784654965.312] [6613:6613] [DIS] Responding with 1B59DA8D086B2C93._matterc._udp.local[0m
[0;34m[1784654965.312] [6613:6613] [DIS] Responding with 080027AE1A43.local[0m
[0;34m[1784654965.312] [6613:6613] [DIS] Responding with 080027AE1A43.local[0m
[0;34m[1784654965.312] [6613:6613] [DIS] Responding with _V65521._sub._matterc._udp.local[0m
[0;34m[1784654965.312] [6613:6613] [DIS] Responding with _T257._sub._matterc._udp.local[0m
[0;34m[1784654965.312] [6613:6613] [DIS] Responding with _S15._sub._matterc._udp.local[0m
[0;34m[1784654965.312] [6613:6613] [DIS] Responding with _L3840._sub._matterc._udp.local[0m
[0;34m[1784654965.312] [6613:6613] [DIS] Responding with _CM._sub._matterc._udp.local[0m
[0;34m[1784654965.312] [6613:6613] [DIS] Responding with 1B59DA8D086B2C93._matterc._udp.local[0m
[0;32m[1784654965.312] [6613:6613] [DIS] CHIP minimal mDNS configured as 'Commissionable node device'; instance name: 1B59DA8D086B2C93.[0m
[0;32m[1784654965.312] [6613:6613] [DIS] mDNS service published: _matterc._udp[0m
[0;32m[1784654965.312] [6613:6613] [DIS] Updating services using commissioning mode 1[0m
[0;32m[1784654965.312] [6613:6613] [DIS] CHIP minimal mDNS started advertising.[0m
[0;34m[1784654965.313] [6613:6613] [DL] Using WiFi MAC for hostname[0m
[0;34m[1784654965.313] [6613:6613] [DIS] DNS-SD Pairing Instruction not set[0m
[0;32m[1784654965.313] [6613:6613] [DIS] Advertise commission parameter vendorID=65521 productID=32769 discriminator=3840/15 cm=1 cp=0 jf=0[0m
[0;34m[1784654965.313] [6613:6613] [DIS] Responding with _matterc._udp.local[0m
[0;34m[1784654965.313] [6613:6613] [DIS] Responding with 1B59DA8D086B2C93._matterc._udp.local[0m
[0;34m[1784654965.313] [6613:6613] [DIS] Responding with 080027AE1A43.local[0m
[0;34m[1784654965.313] [6613:6613] [DIS] Responding with 080027AE1A43.local[0m
[0;34m[1784654965.313] [6613:6613] [DIS] Responding with _V65521._sub._matterc._udp.local[0m
[0;34m[1784654965.313] [6613:6613] [DIS] Responding with _T257._sub._matterc._udp.local[0m
[0;34m[1784654965.313] [6613:6613] [DIS] Responding with _S15._sub._matterc._udp.local[0m
[0;34m[1784654965.313] [6613:6613] [DIS] Responding with _L3840._sub._matterc._udp.local[0m
[0;34m[1784654965.313] [6613:6613] [DIS] Responding with _CM._sub._matterc._udp.local[0m
[0;34m[1784654965.313] [6613:6613] [DIS] Responding with 1B59DA8D086B2C93._matterc._udp.local[0m
[0;32m[1784654965.313] [6613:6613] [DIS] CHIP minimal mDNS configured as 'Commissionable node device'; instance name: 1B59DA8D086B2C93.[0m
[0;32m[1784654965.313] [6613:6613] [DIS] mDNS service published: _matterc._udp[0m
[0;32m[1784654965.313] [6613:6613] [IN] CASE Server enabling CASE session setups[0m
[0;34m[1784654965.313] [6613:6613] [IN] SecureSession[0x5813ed468da0]: Allocated Type:2 LSID:36856[0m
[0;34m[1784654965.313] [6613:6613] [SC] Allocated SecureSession (0x5813ed468da0) - waiting for Sigma1 msg[0m
[0;32m[1784654965.313] [6613:6613] [SVR] Joining Multicast groups[0m
[0;34m[1784654965.313] [6613:6613] [ZCL] Emitting StartUp event[0m
[0;34m[1784654965.313] [6613:6613] [EVL] LogEvent event number: 0x0000000000000002 priority: 2, endpoint id:  0x0 cluster id: 0x0000_0028 event id: 0x0 Epoch timestamp: 0x0000019F85B9AA41[0m
[0;32m[1784654965.313] [6613:6613] [SVR] Server initialization complete[0m
[0;32m[1784654965.313] [6613:6613] [SVR] Server Listening...[0m
[0;32m[1784654965.313] [6613:6613] [DL] Device Configuration:[0m
[0;32m[1784654965.313] [6613:6613] [DL]   Serial Number: TEST_SN[0m
[0;32m[1784654965.313] [6613:6613] [DL]   Vendor Id: 65521 (0xFFF1)[0m
[0;32m[1784654965.313] [6613:6613] [DL]   Product Id: 32769 (0x8001)[0m
[0;32m[1784654965.313] [6613:6613] [DL]   Product Name: TEST_PRODUCT[0m
[0;32m[1784654965.313] [6613:6613] [DL]   Hardware Version: 0[0m
[0;32m[1784654965.313] [6613:6613] [DL]   Setup Pin Code (0 for UNKNOWN/ERROR): 20202021[0m
[0;32m[1784654965.313] [6613:6613] [DL]   Setup Discriminator (0xFFFF for UNKNOWN/ERROR): 3840 (0xF00)[0m
[0;32m[1784654965.313] [6613:6613] [DL]   Manufacturing Date: (not set)[0m
[0;32m[1784654965.313] [6613:6613] [DL]   Device Type: 257 (0x101)[0m
[0;32m[1784654965.313] [6613:6613] [SVR] SetupQRCode: [MT:-24J042C00KA0648G00][0m
[0;32m[1784654965.313] [6613:6613] [SVR] Copy/paste the below URL in a browser to see the QR Code:[0m
[0;32m[1784654965.313] [6613:6613] [SVR] https://project-chip.github.io/connectedhomeip/qrcode.html?data=MT%3A-24J042C00KA0648G00[0m
[0;32m[1784654965.313] [6613:6613] [SVR] Manual pairing code: [34970112332][0m
[0;34m[1784654965.313] [6613:6613] [DMG] Endpoint 0, Cluster 0x0000_001D update version to 21fe0509[0m
[0;34m[1784654965.313] [6613:6613] [DMG] Endpoint 1, Cluster 0x0000_005D update version to d5bf8cad[0m
[0;34m[1784654965.313] [6613:6613] [DMG] Endpoint 1, Cluster 0x0000_005D update version to d5bf8cae[0m
[0;34m[1784654965.313] [6613:6613] [DMG] Endpoint 1, Cluster 0x0000_005D update version to d5bf8caf[0m
[0;34m[1784654965.313] [6613:6613] [DMG] Endpoint 1, Cluster 0x0000_005D update version to d5bf8cb0[0m
[0;34m[1784654965.313] [6613:6613] [EVL] LogEvent event number: 0x0000000000000003 priority: 1, endpoint id:  0x1 cluster id: 0x0000_005D event id: 0x0 Epoch timestamp: 0x0000019F85B9AA41[0m
[0;32m[1784654965.313] [6613:6613] [ZCL] Set number of supported temperature units to: 2[0m
[0;34m[1784654965.313] [6613:6613] [DMG] Endpoint 0, Cluster 0x0000_002D update version to 2ca14582[0m
[0;34m[1784654965.316] [6613:6613] [DL] Wrote settings to /tmp/chip_kvs_test[0m
[0;32m[1784654965.316] [6613:6613] [DL] ===== APP STATUS: Starting event loop =====[0m
[1;31m[1784654990.336] [6613:6617] [DL] FAIL: Get D-Bus object manager client: Error calling StartServiceByName for org.bluez: Failed to activate service 'org.bluez': timed out (service_start_timeout=25000ms)[0m
[1;31m[1784654990.336] [6613:6613] [DL] Disabling CHIPoBLE service due to error: src/platform/Linux/bluez/BluezObjectManager.cpp:280: CHIP Error 0x000000AC: Internal error[0m
[1;31m[1784654990.336] [6613:6613] [DL] Long dispatch time: 25020 ms, for event type 3[0m
[0;32m[1784654990.336] [6613:6613] [SVR] Cannot load binding table: src/platform/Linux/KeyValueStoreManagerImpl.cpp:53: CHIP Error 0x000000A0: Value not found in the persisted storage[0m
[0;32m[1784654990.336] [6613:6613] [DIS] Updating services using commissioning mode 1[0m
[0;32m[1784654990.336] [6613:6613] [DIS] CHIP minimal mDNS started advertising.[0m
[0;34m[1784654990.337] [6613:6613] [DL] Using WiFi MAC for hostname[0m
[0;34m[1784654990.337] [6613:6613] [DIS] DNS-SD Pairing Instruction not set[0m
[0;32m[1784654990.337] [6613:6613] [DIS] Advertise commission parameter vendorID=65521 productID=32769 discriminator=3840/15 cm=1 cp=0 jf=0[0m
[0;34m[1784654990.337] [6613:6613] [DIS] Responding with _matterc._udp.local[0m
[0;34m[1784654990.337] [6613:6613] [DIS] Responding with 1B59DA8D086B2C93._matterc._udp.local[0m
[0;34m[1784654990.337] [6613:6613] [DIS] Responding with 080027AE1A43.local[0m
[0;34m[1784654990.337] [6613:6613] [DIS] Responding with 080027AE1A43.local[0m
[0;34m[1784654990.337] [6613:6613] [DIS] Responding with _V65521._sub._matterc._udp.local[0m
[0;34m[1784654990.337] [6613:6613] [DIS] Responding with _T257._sub._matterc._udp.local[0m
[0;34m[1784654990.337] [6613:6613] [DIS] Responding with _S15._sub._matterc._udp.local[0m
[0;34m[1784654990.337] [6613:6613] [DIS] Responding with _L3840._sub._matterc._udp.local[0m
[0;34m[1784654990.337] [6613:6613] [DIS] Responding with _CM._sub._matterc._udp.local[0m
[0;34m[1784654990.337] [6613:6613] [DIS] Responding with 1B59DA8D086B2C93._matterc._udp.local[0m
[0;32m[1784654990.337] [6613:6613] [DIS] CHIP minimal mDNS configured as 'Commissionable node device'; instance name: 1B59DA8D086B2C93.[0m
[0;32m[1784654990.338] [6613:6613] [DIS] mDNS service published: _matterc._udp[0m
[0;32m[1784654990.338] [6613:6613] [IM] No subscriptions to resume[0m
[0;34m[1784654990.338] [6613:6613] [DMG] Endpoint 0, Cluster 0x0000_0038 update version to bd69af17[0m
[0;32m[1784654990.695] [6613:6613] [EM] >>> [E:52194r S:0 M:59752769] (U) Msg RX from 0:C1A31E956DCA4815 [0000] to 0000000000000000 --- Type 0000:20 (SecureChannel:PBKDFParamRequest) (B:98)[0m
[0;34m[1784654990.695] [6613:6613] [EM] Handling via exchange: 52194r, Delegate: 0x5813cefa6d08[0m
[0;34m[1784654990.695] [6613:6613] [SC] Received PBKDF param request[0m
[0;34m[1784654990.695] [6613:6613] [SC] Peer assigned session ID 46574[0m
[0;34m[1784654990.695] [6613:6613] [SC] Found MRP parameters in the message[0m
[0;32m[1784654990.695] [6613:6613] [EM] <<< [E:52194r S:0 M:71276406 (Ack:59752769)] (U) Msg TX from 0000000000000000 to 0:C1A31E956DCA4815 [0000] [UDP:[fe80::bfe:a203:38f0:bce7%enp0s3]:50415] --- Type 0000:21 (SecureChannel:PBKDFParamResponse) (B:174)[0m
[0;32m[1784654990.695] [6613:6613] [EM] ??1 [E:52194r S:0 M:71276406] (U) Msg Retransmission to 0:0000000000000000 scheduled for 335ms from now [State:Active II:500 AI:300 AT:4000][0m
[0;34m[1784654990.695] [6613:6613] [SC] Sent PBKDF param response[0m
[0;32m[1784654990.695] [6613:6613] [SVR] Commissioning session establishment step started[0m
[0;32m[1784654990.697] [6613:6613] [EM] >>> [E:52194r S:0 M:59752770 (Ack:71276406)] (U) Msg RX from 0:C1A31E956DCA4815 [0000] to 0000000000000000 --- Type 0000:22 (SecureChannel:PASE_Pake1) (B:96)[0m
[0;34m[1784654990.697] [6613:6613] [EM] Found matching exchange: 52194r, Delegate: 0x5813cefa6d08[0m
[0;34m[1784654990.697] [6613:6613] [EM] Rxd Ack; Removing MessageCounter:71276406 from Retrans Table on exchange 52194r[0m
[0;34m[1784654990.697] [6613:6613] [SC] Received spake2p msg1[0m
[0;32m[1784654990.698] [6613:6613] [EM] <<< [E:52194r S:0 M:71276407 (Ack:59752770)] (U) Msg TX from 0000000000000000 to 0:C1A31E956DCA4815 [0000] [UDP:[fe80::bfe:a203:38f0:bce7%enp0s3]:50415] --- Type 0000:23 (SecureChannel:PASE_Pake2) (B:131)[0m
[0;32m[1784654990.698] [6613:6613] [EM] ??1 [E:52194r S:0 M:71276407] (U) Msg Retransmission to 0:0000000000000000 scheduled for 402ms from now [State:Active II:500 AI:300 AT:4000][0m
[0;34m[1784654990.698] [6613:6613] [SC] Sent spake2p msg2[0m
[0;32m[1784654990.698] [6613:6613] [EM] >>> [E:52194r S:0 M:59752771 (Ack:71276407)] (U) Msg RX from 0:C1A31E956DCA4815 [0000] to 0000000000000000 --- Type 0000:24 (SecureChannel:PASE_Pake3) (B:63)[0m
[0;34m[1784654990.698] [6613:6613] [EM] Found matching exchange: 52194r, Delegate: 0x5813cefa6d08[0m
[0;34m[1784654990.698] [6613:6613] [EM] Rxd Ack; Removing MessageCounter:71276407 from Retrans Table on exchange 52194r[0m
[0;34m[1784654990.698] [6613:6613] [SC] Received spake2p msg3[0m
[0;34m[1784654990.698] [6613:6613] [SC] Sending status report. Protocol code 0, exchange 52194[0m
[0;32m[1784654990.698] [6613:6613] [EM] <<< [E:52194r S:0 M:71276408 (Ack:59752771)] (U) Msg TX from 0000000000000000 to 0:C1A31E956DCA4815 [0000] [UDP:[fe80::bfe:a203:38f0:bce7%enp0s3]:50415] --- Type 0000:40 (SecureChannel:StatusReport) (B:34)[0m
[0;32m[1784654990.698] [6613:6613] [EM] ??1 [E:52194r S:0 M:71276408] (U) Msg Retransmission to 0:0000000000000000 scheduled for 369ms from now [State:Active II:500 AI:300 AT:4000][0m
[0;32m[1784654990.699] [6613:6613] [SC] SecureSession[0x5813ed468890, LSID:36855]: State change 'kEstablishing' --> 'kActive'[0m
[0;34m[1784654990.699] [6613:6613] [IN] SecureSession[0x5813ed468890]: Activated - Type:1 LSID:36855[0m
[0;34m[1784654990.699] [6613:6613] [IN] New secure session activated for device <FFFFFFFB00000000, 0>, LSID:36855 PSID:46574![0m
[0;32m[1784654990.699] [6613:6613] [SVR] Commissioning completed session establishment step[0m
[0;32m[1784654990.699] [6613:6613] [DIS] Updating services using commissioning mode 0[0m
[0;32m[1784654990.699] [6613:6613] [DIS] CHIP minimal mDNS started advertising.[0m
[0;32m[1784654990.700] [6613:6613] [SVR] Device completed Rendezvous process[0m
[0;32m[1784654990.700] [6613:6613] [EM] >>> [E:52195r S:36855 M:915391] (S) Msg RX from 0:FFFFFFFB00000000 [0000] to 0000000000000000 --- Type 0001:02 (IM:ReadRequest) (B:136)[0m
[0;34m[1784654990.700] [6613:6613] [EM] Handling via exchange: 52195r, Delegate: 0x5813cefaeac8[0m
[0;34m[1784654990.700] [6613:6613] [IM] Received Read request[0m
[0;34m[1784654990.700] [6613:6613] [DMG] ReadRequestMessage =[0m
[0;34m[1784654990.700] [6613:6613] [DMG] {[0m
[0;34m[1784654990.700] [6613:6613] [DMG] 	AttributePathIBs =[0m
[0;34m[1784654990.700] [6613:6613] [DMG] 	[[0m
[0;34m[1784654990.700] [6613:6613] [DMG] 		AttributePathIB =[0m
[0;34m[1784654990.700] [6613:6613] [DMG] 		{[0m
[0;34m[1784654990.700] [6613:6613] [DMG] 			Endpoint = 0x0,[0m
[0;34m[1784654990.700] [6613:6613] [DMG] 			Cluster = 0x30,[0m
[0;34m[1784654990.700] [6613:6613] [DMG] 			Attribute = 0x0000_0004,[0m
[0;34m[1784654990.700] [6613:6613] [DMG] 		}[0m
[0;34m[1784654990.700] [6613:6613] [DMG] 			[0m
[0;34m[1784654990.700] [6613:6613] [DMG] 		AttributePathIB =[0m
[0;34m[1784654990.700] [6613:6613] [DMG] 		{[0m
[0;34m[1784654990.700] [6613:6613] [DMG] 			Endpoint = 0x0,[0m
[0;34m[1784654990.700] [6613:6613] [DMG] 			Cluster = 0x30,[0m
[0;34m[1784654990.700] [6613:6613] [DMG] 			Attribute = 0x0000_0000,[0m
[0;34m[1784654990.700] [6613:6613] [DMG] 		}[0m
[0;34m[1784654990.700] [6613:6613] [DMG] 			[0m
[0;34m[1784654990.700] [6613:6613] [DMG] 		AttributePathIB =[0m
[0;34m[1784654990.700] [6613:6613] [DMG] 		{[0m
[0;34m[1784654990.700] [6613:6613] [DMG] 			Endpoint = 0x0,[0m
[0;34m[1784654990.700] [6613:6613] [DMG] 			Cluster = 0x30,[0m
[0;34m[1784654990.700] [6613:6613] [DMG] 			Attribute = 0x0000_0001,[0m
[0;34m[1784654990.700] [6613:6613] [DMG] 		}[0m
[0;34m[1784654990.700] [6613:6613] [DMG] 			[0m
[0;34m[1784654990.700] [6613:6613] [DMG] 		AttributePathIB =[0m
[0;34m[1784654990.700] [6613:6613] [DMG] 		{[0m
[0;34m[1784654990.700] [6613:6613] [DMG] 			Endpoint = 0x0,[0m
[0;34m[1784654990.700] [6613:6613] [DMG] 			Cluster = 0x30,[0m
[0;34m[1784654990.700] [6613:6613] [DMG] 			Attribute = 0x0000_0002,[0m
[0;34m[1784654990.700] [6613:6613] [DMG] 		}[0m
[0;34m[1784654990.700] [6613:6613] [DMG] 			[0m
[0;34m[1784654990.700] [6613:6613] [DMG] 		AttributePathIB =[0m
[0;34m[1784654990.700] [6613:6613] [DMG] 		{[0m
[0;34m[1784654990.700] [6613:6613] [DMG] 			Endpoint = 0x0,[0m
[0;34m[1784654990.700] [6613:6613] [DMG] 			Cluster = 0x30,[0m
[0;34m[1784654990.700] [6613:6613] [DMG] 			Attribute = 0x0000_0003,[0m
[0;34m[1784654990.700] [6613:6613] [DMG] 		}[0m
[0;34m[1784654990.700] [6613:6613] [DMG] 			[0m
[0;34m[1784654990.700] [6613:6613] [DMG] 		AttributePathIB =[0m
[0;34m[1784654990.700] [6613:6613] [DMG] 		{[0m
[0;34m[1784654990.700] [6613:6613] [DMG] 			Endpoint = 0x0,[0m
[0;34m[1784654990.700] [6613:6613] [DMG] 			Cluster = 0x30,[0m
[0;34m[1784654990.700] [6613:6613] [DMG] 			Attribute = 0x0000_000C,[0m
[0;34m[1784654990.700] [6613:6613] [DMG] 		}[0m
[0;34m[1784654990.700] [6613:6613] [DMG] 			[0m
[0;34m[1784654990.700] [6613:6613] [DMG] 		AttributePathIB =[0m
[0;34m[1784654990.700] [6613:6613] [DMG] 		{[0m
[0;34m[1784654990.700] [6613:6613] [DMG] 			Endpoint = 0x0,[0m
[0;34m[1784654990.700] [6613:6613] [DMG] 			Cluster = 0x28,[0m
[0;34m[1784654990.700] [6613:6613] [DMG] 			Attribute = 0x0000_0002,[0m
[0;34m[1784654990.700] [6613:6613] [DMG] 		}[0m
[0;34m[1784654990.700] [6613:6613] [DMG] 			[0m
[0;34m[1784654990.700] [6613:6613] [DMG] 		AttributePathIB =[0m
[0;34m[1784654990.700] [6613:6613] [DMG] 		{[0m
[0;34m[1784654990.700] [6613:6613] [DMG] 			Endpoint = 0x0,[0m
[0;34m[1784654990.700] [6613:6613] [DMG] 			Cluster = 0x28,[0m
[0;34m[1784654990.700] [6613:6613] [DMG] 			Attribute = 0x0000_0004,[0m
[0;34m[1784654990.700] [6613:6613] [DMG] 		}[0m
[0;34m[1784654990.700] [6613:6613] [DMG] 			[0m
[0;34m[1784654990.700] [6613:6613] [DMG] 		AttributePathIB =[0m
[0;34m[1784654990.700] [6613:6613] [DMG] 		{[0m
[0;34m[1784654990.700] [6613:6613] [DMG] 			Endpoint = 0x0,[0m
[0;34m[1784654990.700] [6613:6613] [DMG] 			Cluster = 0x38,[0m
[0;34m[1784654990.700] [6613:6613] [DMG] 		}[0m
[0;34m[1784654990.700] [6613:6613] [DMG] 			[0m
[0;34m[1784654990.700] [6613:6613] [DMG] 	],[0m
[0;34m[1784654990.700] [6613:6613] [DMG] 		[0m
[0;34m[1784654990.700] [6613:6613] [DMG] 	isFabricFiltered = false, [0m
[0;34m[1784654990.700] [6613:6613] [DMG] 	InteractionModelRevision = 12[0m
[0;34m[1784654990.700] [6613:6613] [DMG] },[0m
[0;34m[1784654990.701] [6613:6613] [DMG] IM RH moving to [CanStartReporting][0m
[0;34m[1784654990.701] [6613:6613] [DMG] Building Reports for ReadHandler with LastReportGeneration = 0x0000000000000000 DirtyGeneration = 0x0000000000000000[0m
[0;34m[1784654990.701] [6613:6613] [DMG] <RE:Run> Cluster 38, Attribute 0 is dirty[0m
[0;32m[1784654990.701] [6613:6613] [DMG] AccessControl: checking f=0 a=p s=0xFFFFFFFB00000000 t= c=0x0000_0038 e=0 p=v r=r[0m
[0;32m[1784654990.701] [6613:6613] [DMG] AccessControl: implicit admin (PASE)[0m
[0;32m[1784654990.701] [6613:6613] [DMG] AccessControl: checking f=0 a=p s=0xFFFFFFFB00000000 t= c=0x0000_0038 e=0 p=v r=r[0m
[0;32m[1784654990.701] [6613:6613] [DMG] AccessControl: implicit admin (PASE)[0m
[0;34m[1784654990.701] [6613:6613] [DMG] Reading attribute: Cluster=0x0000_0038 Endpoint=0x0 AttributeId=0x0000_0000 (expanded=1)[0m
[0;34m[1784654990.701] [6613:6613] [DMG] <RE:Run> Cluster 38, Attribute 1 is dirty[0m
[0;32m[1784654990.701] [6613:6613] [DMG] AccessControl: checking f=0 a=p s=0xFFFFFFFB00000000 t= c=0x0000_0038 e=0 p=v r=r[0m
[0;32m[1784654990.701] [6613:6613] [DMG] AccessControl: implicit admin (PASE)[0m
[0;32m[1784654990.701] [6613:6613] [DMG] AccessControl: checking f=0 a=p s=0xFFFFFFFB00000000 t= c=0x0000_0038 e=0 p=v r=r[0m
[0;32m[1784654990.701] [6613:6613] [DMG] AccessControl: implicit admin (PASE)[0m
[0;34m[1784654990.701] [6613:6613] [DMG] Reading attribute: Cluster=0x0000_0038 Endpoint=0x0 AttributeId=0x0000_0001 (expanded=1)[0m
[0;34m[1784654990.701] [6613:6613] [DMG] <RE:Run> Cluster 38, Attribute 2 is dirty[0m
[0;32m[1784654990.701] [6613:6613] [DMG] AccessControl: checking f=0 a=p s=0xFFFFFFFB00000000 t= c=0x0000_0038 e=0 p=v r=r[0m
[0;32m[1784654990.701] [6613:6613] [DMG] AccessControl: implicit admin (PASE)[0m
[0;32m[1784654990.701] [6613:6613] [DMG] AccessControl: checking f=0 a=p s=0xFFFFFFFB00000000 t= c=0x0000_0038 e=0 p=v r=r[0m
[0;32m[1784654990.701] [6613:6613] [DMG] AccessControl: implicit admin (PASE)[0m
[0;34m[1784654990.701] [6613:6613] [DMG] Reading attribute: Cluster=0x0000_0038 Endpoint=0x0 AttributeId=0x0000_0002 (expanded=1)[0m
[0;34m[1784654990.701] [6613:6613] [DMG] <RE:Run> Cluster 38, Attribute 3 is dirty[0m
[0;32m[1784654990.701] [6613:6613] [DMG] AccessControl: checking f=0 a=p s=0xFFFFFFFB00000000 t= c=0x0000_0038 e=0 p=v r=r[0m
[0;32m[1784654990.701] [6613:6613] [DMG] AccessControl: implicit admin (PASE)[0m
[0;32m[1784654990.701] [6613:6613] [DMG] AccessControl: checking f=0 a=p s=0xFFFFFFFB00000000 t= c=0x0000_0038 e=0 p=v r=r[0m
[0;32m[1784654990.701] [6613:6613] [DMG] AccessControl: implicit admin (PASE)[0m
[0;34m[1784654990.701] [6613:6613] [DMG] Reading attribute: Cluster=0x0000_0038 Endpoint=0x0 AttributeId=0x0000_0003 (expanded=1)[0m
[0;34m[1784654990.701] [6613:6613] [DMG] <RE:Run> Cluster 38, Attribute 4 is dirty[0m
[0;32m[1784654990.701] [6613:6613] [DMG] AccessControl: checking f=0 a=p s=0xFFFFFFFB00000000 t= c=0x0000_0038 e=0 p=v r=r[0m
[0;32m[1784654990.701] [6613:6613] [DMG] AccessControl: implicit admin (PASE)[0m
[0;32m[1784654990.701] [6613:6613] [DMG] AccessControl: checking f=0 a=p s=0xFFFFFFFB00000000 t= c=0x0000_0038 e=0 p=v r=r[0m
[0;32m[1784654990.701] [6613:6613] [DMG] AccessControl: implicit admin (PASE)[0m
[0;34m[1784654990.701] [6613:6613] [DMG] Reading attribute: Cluster=0x0000_0038 Endpoint=0x0 AttributeId=0x0000_0004 (expanded=1)[0m
[0;34m[1784654990.701] [6613:6613] [DMG] <RE:Run> Cluster 38, Attribute 5 is dirty[0m
[0;32m[1784654990.701] [6613:6613] [DMG] AccessControl: checking f=0 a=p s=0xFFFFFFFB00000000 t= c=0x0000_0038 e=0 p=v r=r[0m
[0;32m[1784654990.701] [6613:6613] [DMG] AccessControl: implicit admin (PASE)[0m
[0;32m[1784654990.701] [6613:6613] [DMG] AccessControl: checking f=0 a=p s=0xFFFFFFFB00000000 t= c=0x0000_0038 e=0 p=v r=r[0m
[0;32m[1784654990.701] [6613:6613] [DMG] AccessControl: implicit admin (PASE)[0m
[0;34m[1784654990.701] [6613:6613] [DMG] Reading attribute: Cluster=0x0000_0038 Endpoint=0x0 AttributeId=0x0000_0005 (expanded=1)[0m
[0;34m[1784654990.701] [6613:6613] [DMG] <RE:Run> Cluster 38, Attribute 6 is dirty[0m
[0;32m[1784654990.701] [6613:6613] [DMG] AccessControl: checking f=0 a=p s=0xFFFFFFFB00000000 t= c=0x0000_0038 e=0 p=v r=r[0m
[0;32m[1784654990.701] [6613:6613] [DMG] AccessControl: implicit admin (PASE)[0m
[0;32m[1784654990.701] [6613:6613] [DMG] AccessControl: checking f=0 a=p s=0xFFFFFFFB00000000 t= c=0x0000_0038 e=0 p=v r=r[0m
[0;32m[1784654990.701] [6613:6613] [DMG] AccessControl: implicit admin (PASE)[0m
[0;34m[1784654990.701] [6613:6613] [DMG] Reading attribute: Cluster=0x0000_0038 Endpoint=0x0 AttributeId=0x0000_0006 (expanded=1)[0m
[0;34m[1784654990.701] [6613:6613] [DMG] <RE:Run> Cluster 38, Attribute 7 is dirty[0m
[0;32m[1784654990.701] [6613:6613] [DMG] AccessControl: checking f=0 a=p s=0xFFFFFFFB00000000 t= c=0x0000_0038 e=0 p=v r=r[0m
[0;32m[1784654990.701] [6613:6613] [DMG] AccessControl: implicit admin (PASE)[0m
[0;32m[1784654990.701] [6613:6613] [DMG] AccessControl: checking f=0 a=p s=0xFFFFFFFB00000000 t= c=0x0000_0038 e=0 p=v r=r[0m
[0;32m[1784654990.701] [6613:6613] [DMG] AccessControl: implicit admin (PASE)[0m
[0;34m[1784654990.701] [6613:6613] [DMG] Reading attribute: Cluster=0x0000_0038 Endpoint=0x0 AttributeId=0x0000_0007 (expanded=1)[0m
[0;34m[1784654990.701] [6613:6613] [DMG] <RE:Run> Cluster 38, Attribute 8 is dirty[0m
[0;32m[1784654990.701] [6613:6613] [DMG] AccessControl: checking f=0 a=p s=0xFFFFFFFB00000000 t= c=0x0000_0038 e=0 p=v r=r[0m
[0;32m[1784654990.701] [6613:6613] [DMG] AccessControl: implicit admin (PASE)[0m
[0;32m[1784654990.701] [6613:6613] [DMG] AccessControl: checking f=0 a=p s=0xFFFFFFFB00000000 t= c=0x0000_0038 e=0 p=v r=r[0m
[0;32m[1784654990.701] [6613:6613] [DMG] AccessControl: implicit admin (PASE)[0m
[0;34m[1784654990.701] [6613:6613] [DMG] Reading attribute: Cluster=0x0000_0038 Endpoint=0x0 AttributeId=0x0000_0008 (expanded=1)[0m
[0;34m[1784654990.701] [6613:6613] [DMG] <RE:Run> Cluster 38, Attribute a is dirty[0m
[0;32m[1784654990.701] [6613:6613] [DMG] AccessControl: checking f=0 a=p s=0xFFFFFFFB00000000 t= c=0x0000_0038 e=0 p=v r=r[0m
[0;32m[1784654990.701] [6613:6613] [DMG] AccessControl: implicit admin (PASE)[0m
[0;32m[1784654990.701] [6613:6613] [DMG] AccessControl: checking f=0 a=p s=0xFFFFFFFB00000000 t= c=0x0000_0038 e=0 p=v r=r[0m
[0;32m[1784654990.701] [6613:6613] [DMG] AccessControl: implicit admin (PASE)[0m
[0;34m[1784654990.701] [6613:6613] [DMG] Reading attribute: Cluster=0x0000_0038 Endpoint=0x0 AttributeId=0x0000_000A (expanded=1)[0m
[0;34m[1784654990.701] [6613:6613] [DMG] <RE:Run> Cluster 38, Attribute b is dirty[0m
[0;32m[1784654990.701] [6613:6613] [DMG] AccessControl: checking f=0 a=p s=0xFFFFFFFB00000000 t= c=0x0000_0038 e=0 p=v r=r[0m
[0;32m[1784654990.701] [6613:6613] [DMG] AccessControl: implicit admin (PASE)[0m
[0;32m[1784654990.701] [6613:6613] [DMG] AccessControl: checking f=0 a=p s=0xFFFFFFFB00000000 t= c=0x0000_0038 e=0 p=v r=r[0m
[0;32m[1784654990.701] [6613:6613] [DMG] AccessControl: implicit admin (PASE)[0m
[0;34m[1784654990.701] [6613:6613] [DMG] Reading attribute: Cluster=0x0000_0038 Endpoint=0x0 AttributeId=0x0000_000B (expanded=1)[0m
[0;34m[1784654990.701] [6613:6613] [DMG] <RE:Run> Cluster 38, Attribute c is dirty[0m
[0;32m[1784654990.701] [6613:6613] [DMG] AccessControl: checking f=0 a=p s=0xFFFFFFFB00000000 t= c=0x0000_0038 e=0 p=v r=r[0m
[0;32m[1784654990.701] [6613:6613] [DMG] AccessControl: implicit admin (PASE)[0m
[0;32m[1784654990.701] [6613:6613] [DMG] AccessControl: checking f=0 a=p s=0xFFFFFFFB00000000 t= c=0x0000_0038 e=0 p=v r=r[0m
[0;32m[1784654990.701] [6613:6613] [DMG] AccessControl: implicit admin (PASE)[0m
[0;34m[1784654990.701] [6613:6613] [DMG] Reading attribute: Cluster=0x0000_0038 Endpoint=0x0 AttributeId=0x0000_000C (expanded=1)[0m
[0;34m[1784654990.701] [6613:6613] [DMG] <RE:Run> Cluster 38, Attribute fffc is dirty[0m
[0;32m[1784654990.701] [6613:6613] [DMG] AccessControl: checking f=0 a=p s=0xFFFFFFFB00000000 t= c=0x0000_0038 e=0 p=v r=r[0m
[0;32m[1784654990.701] [6613:6613] [DMG] AccessControl: implicit admin (PASE)[0m
[0;32m[1784654990.701] [6613:6613] [DMG] AccessControl: checking f=0 a=p s=0xFFFFFFFB00000000 t= c=0x0000_0038 e=0 p=v r=r[0m
[0;32m[1784654990.701] [6613:6613] [DMG] AccessControl: implicit admin (PASE)[0m
[0;34m[1784654990.701] [6613:6613] [DMG] Reading attribute: Cluster=0x0000_0038 Endpoint=0x0 AttributeId=0x0000_FFFC (expanded=1)[0m
[0;34m[1784654990.701] [6613:6613] [DMG] <RE:Run> Cluster 38, Attribute fffd is dirty[0m
[0;32m[1784654990.701] [6613:6613] [DMG] AccessControl: checking f=0 a=p s=0xFFFFFFFB00000000 t= c=0x0000_0038 e=0 p=v r=r[0m
[0;32m[1784654990.701] [6613:6613] [DMG] AccessControl: implicit admin (PASE)[0m
[0;32m[1784654990.701] [6613:6613] [DMG] AccessControl: checking f=0 a=p s=0xFFFFFFFB00000000 t= c=0x0000_0038 e=0 p=v r=r[0m
[0;32m[1784654990.701] [6613:6613] [DMG] AccessControl: implicit admin (PASE)[0m
[0;34m[1784654990.701] [6613:6613] [DMG] Reading attribute: Cluster=0x0000_0038 Endpoint=0x0 AttributeId=0x0000_FFFD (expanded=1)[0m
[0;34m[1784654990.701] [6613:6613] [DMG] <RE:Run> Cluster 38, Attribute fff8 is dirty[0m
[0;32m[1784654990.701] [6613:6613] [DMG] AccessControl: checking f=0 a=p s=0xFFFFFFFB00000000 t= c=0x0000_0038 e=0 p=v r=r[0m
[0;32m[1784654990.701] [6613:6613] [DMG] AccessControl: implicit admin (PASE)[0m
[0;32m[1784654990.701] [6613:6613] [DMG] AccessControl: checking f=0 a=p s=0xFFFFFFFB00000000 t= c=0x0000_0038 e=0 p=v r=r[0m
[0;32m[1784654990.701] [6613:6613] [DMG] AccessControl: implicit admin (PASE)[0m
[0;34m[1784654990.701] [6613:6613] [DMG] <RE:Run> Cluster 38, Attribute fff9 is dirty[0m
[0;32m[1784654990.701] [6613:6613] [DMG] AccessControl: checking f=0 a=p s=0xFFFFFFFB00000000 t= c=0x0000_0038 e=0 p=v r=r[0m
[0;32m[1784654990.701] [6613:6613] [DMG] AccessControl: implicit admin (PASE)[0m
[0;32m[1784654990.701] [6613:6613] [DMG] AccessControl: checking f=0 a=p s=0xFFFFFFFB00000000 t= c=0x0000_0038 e=0 p=v r=r[0m
[0;32m[1784654990.701] [6613:6613] [DMG] AccessControl: implicit admin (PASE)[0m
[0;34m[1784654990.701] [6613:6613] [DMG] <RE:Run> Cluster 38, Attribute fffb is dirty[0m
[0;32m[1784654990.701] [6613:6613] [DMG] AccessControl: checking f=0 a=p s=0xFFFFFFFB00000000 t= c=0x0000_0038 e=0 p=v r=r[0m
[0;32m[1784654990.701] [6613:6613] [DMG] AccessControl: implicit admin (PASE)[0m
[0;32m[1784654990.701] [6613:6613] [DMG] AccessControl: checking f=0 a=p s=0xFFFFFFFB00000000 t= c=0x0000_0038 e=0 p=v r=r[0m
[0;32m[1784654990.701] [6613:6613] [DMG] AccessControl: implicit admin (PASE)[0m
[0;34m[1784654990.701] [6613:6613] [DMG] <RE:Run> Cluster 28, Attribute 4 is dirty[0m
[0;32m[1784654990.701] [6613:6613] [DMG] AccessControl: checking f=0 a=p s=0xFFFFFFFB00000000 t= c=0x0000_0028 e=0 p=v r=r[0m
[0;32m[1784654990.701] [6613:6613] [DMG] AccessControl: implicit admin (PASE)[0m
[0;32m[1784654990.701] [6613:6613] [DMG] AccessControl: checking f=0 a=p s=0xFFFFFFFB00000000 t= c=0x0000_0028 e=0 p=v r=r[0m
[0;32m[1784654990.701] [6613:6613] [DMG] AccessControl: implicit admin (PASE)[0m
[0;34m[1784654990.701] [6613:6613] [DMG] Reading attribute: Cluster=0x0000_0028 Endpoint=0x0 AttributeId=0x0000_0004 (expanded=0)[0m
[0;34m[1784654990.701] [6613:6613] [DMG] <RE:Run> Cluster 28, Attribute 2 is dirty[0m
[0;32m[1784654990.701] [6613:6613] [DMG] AccessControl: checking f=0 a=p s=0xFFFFFFFB00000000 t= c=0x0000_0028 e=0 p=v r=r[0m
[0;32m[1784654990.701] [6613:6613] [DMG] AccessControl: implicit admin (PASE)[0m
[0;32m[1784654990.701] [6613:6613] [DMG] AccessControl: checking f=0 a=p s=0xFFFFFFFB00000000 t= c=0x0000_0028 e=0 p=v r=r[0m
[0;32m[1784654990.701] [6613:6613] [DMG] AccessControl: implicit admin (PASE)[0m
[0;34m[1784654990.701] [6613:6613] [DMG] Reading attribute: Cluster=0x0000_0028 Endpoint=0x0 AttributeId=0x0000_0002 (expanded=0)[0m
[0;34m[1784654990.701] [6613:6613] [DMG] <RE:Run> Cluster 30, Attribute c is dirty[0m
[0;32m[1784654990.701] [6613:6613] [DMG] AccessControl: checking f=0 a=p s=0xFFFFFFFB00000000 t= c=0x0000_0030 e=0 p=v r=r[0m
[0;32m[1784654990.701] [6613:6613] [DMG] AccessControl: implicit admin (PASE)[0m
[1;31m[1784654990.701] [6613:6613] [DMG] Failed to read attribute: UNSUPPORTED_ATTRIBUTE(134)[0m
[1;31m[1784654990.701] [6613:6613] [DMG] Fail to retrieve data, roll back and encode status on clusterId: 0x0000_0030, attributeId: 0x0000_000Cerr = src/app/data-model-provider/ActionReturnStatus.cpp:104: IM Error 0x00000586: General error: 0x86 (UNSUPPORTED_ATTRIBUTE)[0m
[0;34m[1784654990.701] [6613:6613] [DMG] <RE:Run> Cluster 30, Attribute 3 is dirty[0m
[0;32m[1784654990.701] [6613:6613] [DMG] AccessControl: checking f=0 a=p s=0xFFFFFFFB00000000 t= c=0x0000_0030 e=0 p=v r=r[0m
[0;32m[1784654990.701] [6613:6613] [DMG] AccessControl: implicit admin (PASE)[0m
[0;32m[1784654990.701] [6613:6613] [DMG] AccessControl: checking f=0 a=p s=0xFFFFFFFB00000000 t= c=0x0000_0030 e=0 p=v r=r[0m
[0;32m[1784654990.701] [6613:6613] [DMG] AccessControl: implicit admin (PASE)[0m
[0;34m[1784654990.701] [6613:6613] [DMG] Reading attribute: Cluster=0x0000_0030 Endpoint=0x0 AttributeId=0x0000_0003 (expanded=0)[0m
[0;34m[1784654990.701] [6613:6613] [DMG] <RE:Run> Cluster 30, Attribute 2 is dirty[0m
[0;32m[1784654990.701] [6613:6613] [DMG] AccessControl: checking f=0 a=p s=0xFFFFFFFB00000000 t= c=0x0000_0030 e=0 p=v r=r[0m
[0;32m[1784654990.701] [6613:6613] [DMG] AccessControl: implicit admin (PASE)[0m
[0;32m[1784654990.701] [6613:6613] [DMG] AccessControl: checking f=0 a=p s=0xFFFFFFFB00000000 t= c=0x0000_0030 e=0 p=v r=r[0m
[0;32m[1784654990.701] [6613:6613] [DMG] AccessControl: implicit admin (PASE)[0m
[0;34m[1784654990.701] [6613:6613] [DMG] Reading attribute: Cluster=0x0000_0030 Endpoint=0x0 AttributeId=0x0000_0002 (expanded=0)[0m
[0;34m[1784654990.701] [6613:6613] [DMG] <RE:Run> Cluster 30, Attribute 1 is dirty[0m
[0;32m[1784654990.701] [6613:6613] [DMG] AccessControl: checking f=0 a=p s=0xFFFFFFFB00000000 t= c=0x0000_0030 e=0 p=v r=r[0m
[0;32m[1784654990.701] [6613:6613] [DMG] AccessControl: implicit admin (PASE)[0m
[0;32m[1784654990.701] [6613:6613] [DMG] AccessControl: checking f=0 a=p s=0xFFFFFFFB00000000 t= c=0x0000_0030 e=0 p=v r=r[0m
[0;32m[1784654990.701] [6613:6613] [DMG] AccessControl: implicit admin (PASE)[0m
[0;34m[1784654990.701] [6613:6613] [DMG] Reading attribute: Cluster=0x0000_0030 Endpoint=0x0 AttributeId=0x0000_0001 (expanded=0)[0m
[0;34m[1784654990.701] [6613:6613] [DMG] <RE:Run> Cluster 30, Attribute 0 is dirty[0m
[0;32m[1784654990.701] [6613:6613] [DMG] AccessControl: checking f=0 a=p s=0xFFFFFFFB00000000 t= c=0x0000_0030 e=0 p=v r=r[0m
[0;32m[1784654990.701] [6613:6613] [DMG] AccessControl: implicit admin (PASE)[0m
[0;32m[1784654990.701] [6613:6613] [DMG] AccessControl: checking f=0 a=p s=0xFFFFFFFB00000000 t= c=0x0000_0030 e=0 p=v r=r[0m
[0;32m[1784654990.701] [6613:6613] [DMG] AccessControl: implicit admin (PASE)[0m
[0;34m[1784654990.701] [6613:6613] [DMG] Reading attribute: Cluster=0x0000_0030 Endpoint=0x0 AttributeId=0x0000_0000 (expanded=0)[0m
[0;34m[1784654990.701] [6613:6613] [DMG] <RE:Run> Cluster 30, Attribute 4 is dirty[0m
[0;32m[1784654990.701] [6613:6613] [DMG] AccessControl: checking f=0 a=p s=0xFFFFFFFB00000000 t= c=0x0000_0030 e=0 p=v r=r[0m
[0;32m[1784654990.701] [6613:6613] [DMG] AccessControl: implicit admin (PASE)[0m
[0;32m[1784654990.701] [6613:6613] [DMG] AccessControl: checking f=0 a=p s=0xFFFFFFFB00000000 t= c=0x0000_0030 e=0 p=v r=r[0m
[0;32m[1784654990.701] [6613:6613] [DMG] AccessControl: implicit admin (PASE)[0m
[0;34m[1784654990.701] [6613:6613] [DMG] Reading attribute: Cluster=0x0000_0030 Endpoint=0x0 AttributeId=0x0000_0004 (expanded=0)[0m
[0;34m[1784654990.701] [6613:6613] [DMG] <RE> Sending report (payload has 732 bytes)...[0m
[0;32m[1784654990.701] [6613:6613] [EM] <<< [E:52195r S:36855 M:80723472 (Ack:915391)] (S) Msg TX from 0000000000000000 to 0:FFFFFFFB00000000 [0000] [UDP:[fe80::bfe:a203:38f0:bce7%enp0s3]:50415] --- Type 0001:05 (IM:ReportData) (B:766)[0m
[0;32m[1784654990.701] [6613:6613] [EM] ??1 [E:52195r S:36855 M:80723472] (S) Msg Retransmission to 0:FFFFFFFB00000000 scheduled for 333ms from now [State:Active II:500 AI:300 AT:4000][0m
[0;34m[1784654990.701] [6613:6613] [DMG] <RE> OnReportConfirm: NumReports = 0[0m
[0;34m[1784654990.701] [6613:6613] [DMG] <RE> ReportsInFlight = 0 with readHandler 0, RE has no more messages[0m
[0;34m[1784654990.701] [6613:6613] [DMG] IM RH moving to [AwaitingDestruction][0m
[0;34m[1784654990.702] [6613:6613] [DMG] All ReadHandler-s are clean, clear GlobalDirtySet[0m
[0;32m[1784654990.702] [6613:6613] [EM] >>> [E:52194r S:0 M:59752772 (Ack:71276408)] (U) Msg RX from 0:C1A31E956DCA4815 [0000] to 0000000000000000 --- Type 0000:10 (SecureChannel:StandaloneAck) (B:26)[0m
[0;34m[1784654990.702] [6613:6613] [EM] Found matching exchange: 52194r, Delegate: (nil)[0m
[0;34m[1784654990.702] [6613:6613] [EM] Rxd Ack; Removing MessageCounter:71276408 from Retrans Table on exchange 52194r[0m
[0;32m[1784654990.703] [6613:6613] [EM] >>> [E:52196r S:36855 M:915392] (S) Msg RX from 0:FFFFFFFB00000000 [0000] to 0000000000000000 --- Type 0001:02 (IM:ReadRequest) (B:112)[0m
[0;34m[1784654990.703] [6613:6613] [EM] Handling via exchange: 52196r, Delegate: 0x5813cefaeac8[0m
[0;34m[1784654990.703] [6613:6613] [IM] Received Read request[0m
[0;34m[1784654990.703] [6613:6613] [DMG] ReadRequestMessage =[0m
[0;34m[1784654990.703] [6613:6613] [DMG] {[0m
[0;34m[1784654990.703] [6613:6613] [DMG] 	AttributePathIBs =[0m
[0;34m[1784654990.703] [6613:6613] [DMG] 	[[0m
[0;34m[1784654990.703] [6613:6613] [DMG] 		AttributePathIB =[0m
[0;34m[1784654990.703] [6613:6613] [DMG] 		{[0m
[0;34m[1784654990.703] [6613:6613] [DMG] 			Cluster = 0x31,[0m
[0;34m[1784654990.703] [6613:6613] [DMG] 			Attribute = 0x0000_FFFC,[0m
[0;34m[1784654990.703] [6613:6613] [DMG] 		}[0m
[0;34m[1784654990.703] [6613:6613] [DMG] 			[0m
[0;34m[1784654990.703] [6613:6613] [DMG] 		AttributePathIB =[0m
[0;34m[1784654990.703] [6613:6613] [DMG] 		{[0m
[0;34m[1784654990.703] [6613:6613] [DMG] 			Cluster = 0x31,[0m
[0;34m[1784654990.703] [6613:6613] [DMG] 			Attribute = 0x0000_0003,[0m
[0;34m[1784654990.703] [6613:6613] [DMG] 		}[0m
[0;34m[1784654990.703] [6613:6613] [DMG] 			[0m
[0;34m[1784654990.703] [6613:6613] [DMG] 		AttributePathIB =[0m
[0;34m[1784654990.703] [6613:6613] [DMG] 		{[0m
[0;34m[1784654990.703] [6613:6613] [DMG] 			Endpoint = 0x0,[0m
[0;34m[1784654990.703] [6613:6613] [DMG] 			Cluster = 0x46,[0m
[0;34m[1784654990.703] [6613:6613] [DMG] 			Attribute = 0x0000_0006,[0m
[0;34m[1784654990.703] [6613:6613] [DMG] 		}[0m
[0;34m[1784654990.703] [6613:6613] [DMG] 			[0m
[0;34m[1784654990.703] [6613:6613] [DMG] 		AttributePathIB =[0m
[0;34m[1784654990.703] [6613:6613] [DMG] 		{[0m
[0;34m[1784654990.703] [6613:6613] [DMG] 			Endpoint = 0x0,[0m
[0;34m[1784654990.703] [6613:6613] [DMG] 			Cluster = 0x46,[0m
[0;34m[1784654990.703] [6613:6613] [DMG] 			Attribute = 0x0000_0007,[0m
[0;34m[1784654990.703] [6613:6613] [DMG] 		}[0m
[0;34m[1784654990.703] [6613:6613] [DMG] 			[0m
[0;34m[1784654990.703] [6613:6613] [DMG] 		AttributePathIB =[0m
[0;34m[1784654990.703] [6613:6613] [DMG] 		{[0m
[0;34m[1784654990.703] [6613:6613] [DMG] 			Endpoint = 0x0,[0m
[0;34m[1784654990.703] [6613:6613] [DMG] 			Cluster = 0x46,[0m
[0;34m[1784654990.703] [6613:6613] [DMG] 			Attribute = 0x0000_0000,[0m
[0;34m[1784654990.703] [6613:6613] [DMG] 		}[0m
[0;34m[1784654990.703] [6613:6613] [DMG] 			[0m
[0;34m[1784654990.703] [6613:6613] [DMG] 		AttributePathIB =[0m
[0;34m[1784654990.703] [6613:6613] [DMG] 		{[0m
[0;34m[1784654990.703] [6613:6613] [DMG] 			Endpoint = 0x0,[0m
[0;34m[1784654990.703] [6613:6613] [DMG] 			Cluster = 0x46,[0m
[0;34m[1784654990.703] [6613:6613] [DMG] 			Attribute = 0x0000_0001,[0m
[0;34m[1784654990.703] [6613:6613] [DMG] 		}[0m
[0;34m[1784654990.703] [6613:6613] [DMG] 			[0m
[0;34m[1784654990.703] [6613:6613] [DMG] 		AttributePathIB =[0m
[0;34m[1784654990.703] [6613:6613] [DMG] 		{[0m
[0;34m[1784654990.703] [6613:6613] [DMG] 			Endpoint = 0x0,[0m
[0;34m[1784654990.703] [6613:6613] [DMG] 			Cluster = 0x46,[0m
[0;34m[1784654990.703] [6613:6613] [DMG] 			Attribute = 0x0000_0002,[0m
[0;34m[1784654990.703] [6613:6613] [DMG] 		}[0m
[0;34m[1784654990.703] [6613:6613] [DMG] 			[0m
[0;34m[1784654990.703] [6613:6613] [DMG] 	],[0m
[0;34m[1784654990.703] [6613:6613] [DMG] 		[0m
[0;34m[1784654990.703] [6613:6613] [DMG] 	isFabricFiltered = false, [0m
[0;34m[1784654990.703] [6613:6613] [DMG] 	InteractionModelRevision = 12[0m
[0;34m[1784654990.703] [6613:6613] [DMG] },[0m
[0;34m[1784654990.703] [6613:6613] [DMG] IM RH moving to [CanStartReporting][0m
[0;34m[1784654990.703] [6613:6613] [DMG] Building Reports for ReadHandler with LastReportGeneration = 0x0000000000000000 DirtyGeneration = 0x0000000000000000[0m
[0;34m[1784654990.703] [6613:6613] [DMG] <RE:Run> Cluster 46, Attribute 2 is dirty[0m
[1;31m[1784654990.703] [6613:6613] [DMG] Read request on unknown cluster - no data version available[0m
[0;32m[1784654990.703] [6613:6613] [DMG] AccessControl: checking f=0 a=p s=0xFFFFFFFB00000000 t= c=0x0000_0046 e=0 p=v r=r[0m
[0;32m[1784654990.703] [6613:6613] [DMG] AccessControl: implicit admin (PASE)[0m
[1;31m[1784654990.703] [6613:6613] [DMG] Failed to read attribute: UNSUPPORTED_CLUSTER(195)[0m
[1;31m[1784654990.703] [6613:6613] [DMG] Fail to retrieve data, roll back and encode status on clusterId: 0x0000_0046, attributeId: 0x0000_0002err = src/app/data-model-provider/ActionReturnStatus.cpp:104: IM Error 0x000005C3: General error: 0xc3 (UNSUPPORTED_CLUSTER)[0m
[0;34m[1784654990.703] [6613:6613] [DMG] <RE:Run> Cluster 46, Attribute 1 is dirty[0m
[1;31m[1784654990.703] [6613:6613] [DMG] Read request on unknown cluster - no data version available[0m
[0;32m[1784654990.703] [6613:6613] [DMG] AccessControl: checking f=0 a=p s=0xFFFFFFFB00000000 t= c=0x0000_0046 e=0 p=v r=r[0m
[0;32m[1784654990.703] [6613:6613] [DMG] AccessControl: implicit admin (PASE)[0m
[1;31m[1784654990.703] [6613:6613] [DMG] Failed to read attribute: UNSUPPORTED_CLUSTER(195)[0m
[1;31m[1784654990.703] [6613:6613] [DMG] Fail to retrieve data, roll back and encode status on clusterId: 0x0000_0046, attributeId: 0x0000_0001err = src/app/data-model-provider/ActionReturnStatus.cpp:104: IM Error 0x000005C3: General error: 0xc3 (UNSUPPORTED_CLUSTER)[0m
[0;34m[1784654990.703] [6613:6613] [DMG] <RE:Run> Cluster 46, Attribute 0 is dirty[0m
[1;31m[1784654990.703] [6613:6613] [DMG] Read request on unknown cluster - no data version available[0m
[0;32m[1784654990.703] [6613:6613] [DMG] AccessControl: checking f=0 a=p s=0xFFFFFFFB00000000 t= c=0x0000_0046 e=0 p=v r=r[0m
[0;32m[1784654990.703] [6613:6613] [DMG] AccessControl: implicit admin (PASE)[0m
[1;31m[1784654990.703] [6613:6613] [DMG] Failed to read attribute: UNSUPPORTED_CLUSTER(195)[0m
[1;31m[1784654990.703] [6613:6613] [DMG] Fail to retrieve data, roll back and encode status on clusterId: 0x0000_0046, attributeId: 0x0000_0000err = src/app/data-model-provider/ActionReturnStatus.cpp:104: IM Error 0x000005C3: General error: 0xc3 (UNSUPPORTED_CLUSTER)[0m
[0;34m[1784654990.703] [6613:6613] [DMG] <RE:Run> Cluster 46, Attribute 7 is dirty[0m
[1;31m[1784654990.703] [6613:6613] [DMG] Read request on unknown cluster - no data version available[0m
[0;32m[1784654990.703] [6613:6613] [DMG] AccessControl: checking f=0 a=p s=0xFFFFFFFB00000000 t= c=0x0000_0046 e=0 p=v r=r[0m
[0;32m[1784654990.703] [6613:6613] [DMG] AccessControl: implicit admin (PASE)[0m
[1;31m[1784654990.703] [6613:6613] [DMG] Failed to read attribute: UNSUPPORTED_CLUSTER(195)[0m
[1;31m[1784654990.703] [6613:6613] [DMG] Fail to retrieve data, roll back and encode status on clusterId: 0x0000_0046, attributeId: 0x0000_0007err = src/app/data-model-provider/ActionReturnStatus.cpp:104: IM Error 0x000005C3: General error: 0xc3 (UNSUPPORTED_CLUSTER)[0m
[0;34m[1784654990.703] [6613:6613] [DMG] <RE:Run> Cluster 46, Attribute 6 is dirty[0m
[1;31m[1784654990.703] [6613:6613] [DMG] Read request on unknown cluster - no data version available[0m
[0;32m[1784654990.703] [6613:6613] [DMG] AccessControl: checking f=0 a=p s=0xFFFFFFFB00000000 t= c=0x0000_0046 e=0 p=v r=r[0m
[0;32m[1784654990.703] [6613:6613] [DMG] AccessControl: implicit admin (PASE)[0m
[1;31m[1784654990.703] [6613:6613] [DMG] Failed to read attribute: UNSUPPORTED_CLUSTER(195)[0m
[1;31m[1784654990.703] [6613:6613] [DMG] Fail to retrieve data, roll back and encode status on clusterId: 0x0000_0046, attributeId: 0x0000_0006err = src/app/data-model-provider/ActionReturnStatus.cpp:104: IM Error 0x000005C3: General error: 0xc3 (UNSUPPORTED_CLUSTER)[0m
[0;34m[1784654990.703] [6613:6613] [DMG] <RE:Run> Cluster 31, Attribute fffc is dirty[0m
[0;32m[1784654990.703] [6613:6613] [DMG] AccessControl: checking f=0 a=p s=0xFFFFFFFB00000000 t= c=0x0000_0031 e=0 p=v r=r[0m
[0;32m[1784654990.703] [6613:6613] [DMG] AccessControl: implicit admin (PASE)[0m
[0;32m[1784654990.703] [6613:6613] [DMG] AccessControl: checking f=0 a=p s=0xFFFFFFFB00000000 t= c=0x0000_0031 e=0 p=v r=r[0m
[0;32m[1784654990.703] [6613:6613] [DMG] AccessControl: implicit admin (PASE)[0m
[0;34m[1784654990.703] [6613:6613] [DMG] Reading attribute: Cluster=0x0000_0031 Endpoint=0x0 AttributeId=0x0000_FFFC (expanded=1)[0m
[0;34m[1784654990.703] [6613:6613] [DMG] <RE> Sending report (payload has 152 bytes)...[0m
[0;32m[1784654990.703] [6613:6613] [EM] <<< [E:52196r S:36855 M:80723473 (Ack:915392)] (S) Msg TX from 0000000000000000 to 0:FFFFFFFB00000000 [0000] [UDP:[fe80::bfe:a203:38f0:bce7%enp0s3]:50415] --- Type 0001:05 (IM:ReportData) (B:186)[0m
[0;32m[1784654990.703] [6613:6613] [EM] ??1 [E:52196r S:36855 M:80723473] (S) Msg Retransmission to 0:FFFFFFFB00000000 scheduled for 362ms from now [State:Active II:500 AI:300 AT:4000][0m
[0;34m[1784654990.703] [6613:6613] [DMG] <RE> OnReportConfirm: NumReports = 0[0m
[0;34m[1784654990.703] [6613:6613] [DMG] <RE> ReportsInFlight = 0 with readHandler 0, RE has no more messages[0m
[0;34m[1784654990.703] [6613:6613] [DMG] IM RH moving to [AwaitingDestruction][0m
[0;34m[1784654990.703] [6613:6613] [DMG] All ReadHandler-s are clean, clear GlobalDirtySet[0m
[0;32m[1784654990.703] [6613:6613] [EM] >>> [E:52195r S:36855 M:915393 (Ack:80723472)] (S) Msg RX from 0:FFFFFFFB00000000 [0000] to 0000000000000000 --- Type 0000:10 (SecureChannel:StandaloneAck) (B:34)[0m
[0;34m[1784654990.703] [6613:6613] [EM] Found matching exchange: 52195r, Delegate: (nil)[0m
[0;34m[1784654990.703] [6613:6613] [EM] Rxd Ack; Removing MessageCounter:80723472 from Retrans Table on exchange 52195r[0m
[0;32m[1784654990.704] [6613:6613] [EM] >>> [E:52197r S:36855 M:915394] (S) Msg RX from 0:FFFFFFFB00000000 [0000] to 0000000000000000 --- Type 0001:08 (IM:InvokeCommandRequest) (B:65)[0m
[0;34m[1784654990.704] [6613:6613] [EM] Handling via exchange: 52197r, Delegate: 0x5813cefaeac8[0m
[0;34m[1784654990.704] [6613:6613] [DMG] InvokeRequestMessage =[0m
[0;34m[1784654990.704] [6613:6613] [DMG] {[0m
[0;34m[1784654990.704] [6613:6613] [DMG] 	suppressResponse = false, [0m
[0;34m[1784654990.704] [6613:6613] [DMG] 	timedRequest = false, [0m
[0;34m[1784654990.704] [6613:6613] [DMG] 	InvokeRequests =[0m
[0;34m[1784654990.704] [6613:6613] [DMG] 	[[0m
[0;34m[1784654990.704] [6613:6613] [DMG] 		CommandDataIB =[0m
[0;34m[1784654990.704] [6613:6613] [DMG] 		{[0m
[0;34m[1784654990.704] [6613:6613] [DMG] 			CommandPathIB =[0m
[0;34m[1784654990.704] [6613:6613] [DMG] 			{[0m
[0;34m[1784654990.704] [6613:6613] [DMG] 				EndpointId = 0x0,[0m
[0;34m[1784654990.704] [6613:6613] [DMG] 				ClusterId = 0x30,[0m
[0;34m[1784654990.704] [6613:6613] [DMG] 				CommandId = 0x0,[0m
[0;34m[1784654990.704] [6613:6613] [DMG] 			},[0m
[0;34m[1784654990.704] [6613:6613] [DMG] 			[0m
[0;34m[1784654990.704] [6613:6613] [DMG] 			CommandFields = [0m
[0;34m[1784654990.704] [6613:6613] [DMG] 			{[0m
[0;34m[1784654990.704] [6613:6613] [DMG] 				0x0 = 60 (unsigned), [0m
[0;34m[1784654990.704] [6613:6613] [DMG] 				0x1 = 3 (unsigned), [0m
[0;34m[1784654990.704] [6613:6613] [DMG] 			},[0m
[0;34m[1784654990.704] [6613:6613] [DMG] 		},[0m
[0;34m[1784654990.704] [6613:6613] [DMG] 		[0m
[0;34m[1784654990.704] [6613:6613] [DMG] 	],[0m
[0;34m[1784654990.704] [6613:6613] [DMG] 	[0m
[0;34m[1784654990.704] [6613:6613] [DMG] 	InteractionModelRevision = 12[0m
[0;34m[1784654990.704] [6613:6613] [DMG] },[0m
[0;32m[1784654990.704] [6613:6613] [DMG] AccessControl: checking f=0 a=p s=0xFFFFFFFB00000000 t= c=0x0000_0030 e=0 p=o r=i[0m
[0;32m[1784654990.704] [6613:6613] [DMG] AccessControl: implicit admin (PASE)[0m
[0;32m[1784654990.704] [6613:6613] [DMG] AccessControl: checking f=0 a=p s=0xFFFFFFFB00000000 t= c=0x0000_0030 e=0 p=a r=i[0m
[0;32m[1784654990.704] [6613:6613] [DMG] AccessControl: implicit admin (PASE)[0m
[0;34m[1784654990.704] [6613:6613] [DMG] Received command for Endpoint=0 Cluster=0x0000_0030 Command=0x0000_0000[0m
[0;32m[1784654990.704] [6613:6613] [FS] GeneralCommissioning: Received ArmFailSafe (60s)[0m
[0;34m[1784654990.704] [6613:6613] [DMG] Command handler moving to [NewRespons][0m
[0;34m[1784654990.704] [6613:6613] [DMG] Command handler moving to [ Preparing][0m
[0;34m[1784654990.704] [6613:6613] [DMG] Command handler moving to [AddingComm][0m
[0;34m[1784654990.704] [6613:6613] [DMG] Command handler moving to [AddedComma][0m
[0;34m[1784654990.704] [6613:6613] [DMG] Decreasing reference count for CommandHandlerImpl, remaining 1[0m
[0;34m[1784654990.704] [6613:6613] [DMG] Decreasing reference count for CommandHandlerImpl, remaining 0[0m
[0;34m[1784654990.704] [6613:6613] [DMG] Command handler moving to [AwaitingDe][0m
[0;32m[1784654990.704] [6613:6613] [EM] <<< [E:52197r S:36855 M:80723474 (Ack:915394)] (S) Msg TX from 0000000000000000 to 0:FFFFFFFB00000000 [0000] [UDP:[fe80::bfe:a203:38f0:bce7%enp0s3]:50415] --- Type 0001:09 (IM:InvokeCommandResponse) (B:70)[0m
[0;32m[1784654990.704] [6613:6613] [EM] ??1 [E:52197r S:36855 M:80723474] (S) Msg Retransmission to 0:FFFFFFFB00000000 scheduled for 378ms from now [State:Active II:500 AI:300 AT:4000][0m
[0;34m[1784654990.704] [6613:6613] [DMG] Command response sender moving to [AllInvokeR][0m
[0;32m[1784654990.704] [6613:6613] [EM] >>> [E:52196r S:36855 M:915395 (Ack:80723473)] (S) Msg RX from 0:FFFFFFFB00000000 [0000] to 0000000000000000 --- Type 0000:10 (SecureChannel:StandaloneAck) (B:34)[0m
[0;34m[1784654990.704] [6613:6613] [EM] Found matching exchange: 52196r, Delegate: (nil)[0m
[0;34m[1784654990.704] [6613:6613] [EM] Rxd Ack; Removing MessageCounter:80723473 from Retrans Table on exchange 52196r[0m
[0;32m[1784654990.704] [6613:6613] [EM] >>> [E:52198r S:36855 M:915396] (S) Msg RX from 0:FFFFFFFB00000000 [0000] to 0000000000000000 --- Type 0001:08 (IM:InvokeCommandRequest) (B:70)[0m
[0;34m[1784654990.704] [6613:6613] [EM] Handling via exchange: 52198r, Delegate: 0x5813cefaeac8[0m
[0;34m[1784654990.704] [6613:6613] [DMG] InvokeRequestMessage =[0m
[0;34m[1784654990.704] [6613:6613] [DMG] {[0m
[0;34m[1784654990.704] [6613:6613] [DMG] 	suppressResponse = false, [0m
[0;34m[1784654990.704] [6613:6613] [DMG] 	timedRequest = false, [0m
[0;34m[1784654990.704] [6613:6613] [DMG] 	InvokeRequests =[0m
[0;34m[1784654990.704] [6613:6613] [DMG] 	[[0m
[0;34m[1784654990.704] [6613:6613] [DMG] 		CommandDataIB =[0m
[0;34m[1784654990.704] [6613:6613] [DMG] 		{[0m
[0;34m[1784654990.704] [6613:6613] [DMG] 			CommandPathIB =[0m
[0;34m[1784654990.704] [6613:6613] [DMG] 			{[0m
[0;34m[1784654990.704] [6613:6613] [DMG] 				EndpointId = 0x0,[0m
[0;34m[1784654990.704] [6613:6613] [DMG] 				ClusterId = 0x30,[0m
[0;34m[1784654990.704] [6613:6613] [DMG] 				CommandId = 0x2,[0m
[0;34m[1784654990.704] [6613:6613] [DMG] 			},[0m
[0;34m[1784654990.704] [6613:6613] [DMG] 			[0m
[0;34m[1784654990.704] [6613:6613] [DMG] 			CommandFields = [0m
[0;34m[1784654990.704] [6613:6613] [DMG] 			{[0m
[0;34m[1784654990.704] [6613:6613] [DMG] 				0x0 = 0 (unsigned), [0m
[0;34m[1784654990.704] [6613:6613] [DMG] 				0x1 = "XX" (2 chars), [0m
[0;34m[1784654990.704] [6613:6613] [DMG] 				0x2 = 4 (unsigned), [0m
[0;34m[1784654990.704] [6613:6613] [DMG] 			},[0m
[0;34m[1784654990.704] [6613:6613] [DMG] 		},[0m
[0;34m[1784654990.704] [6613:6613] [DMG] 		[0m
[0;34m[1784654990.704] [6613:6613] [DMG] 	],[0m
[0;34m[1784654990.704] [6613:6613] [DMG] 	[0m
[0;34m[1784654990.704] [6613:6613] [DMG] 	InteractionModelRevision = 12[0m
[0;34m[1784654990.704] [6613:6613] [DMG] },[0m
[0;32m[1784654990.704] [6613:6613] [DMG] AccessControl: checking f=0 a=p s=0xFFFFFFFB00000000 t= c=0x0000_0030 e=0 p=o r=i[0m
[0;32m[1784654990.704] [6613:6613] [DMG] AccessControl: implicit admin (PASE)[0m
[0;32m[1784654990.704] [6613:6613] [DMG] AccessControl: checking f=0 a=p s=0xFFFFFFFB00000000 t= c=0x0000_0030 e=0 p=a r=i[0m
[0;32m[1784654990.704] [6613:6613] [DMG] AccessControl: implicit admin (PASE)[0m
[0;34m[1784654990.704] [6613:6613] [DMG] Received command for Endpoint=0 Cluster=0x0000_0030 Command=0x0000_0002[0m
[0;34m[1784654990.711] [6613:6613] [DL] Wrote settings to /tmp/chip_config.ini[0m
[0;32m[1784654990.711] [6613:6613] [DL] NVS set: chip-config/regulatory-location = 0 (0x0)[0m
[0;34m[1784654990.713] [6613:6613] [DL] Wrote settings to /tmp/chip_config.ini[0m
[0;32m[1784654990.713] [6613:6613] [DL] NVS set: chip-config/country-code = "XX"[0m
[0;34m[1784654990.714] [6613:6613] [DMG] Command handler moving to [NewRespons][0m
[0;34m[1784654990.714] [6613:6613] [DMG] Command handler moving to [ Preparing][0m
[0;34m[1784654990.714] [6613:6613] [DMG] Command handler moving to [AddingComm][0m
[0;34m[1784654990.714] [6613:6613] [DMG] Command handler moving to [AddedComma][0m
[0;34m[1784654990.714] [6613:6613] [DMG] Decreasing reference count for CommandHandlerImpl, remaining 1[0m
[0;34m[1784654990.714] [6613:6613] [DMG] Decreasing reference count for CommandHandlerImpl, remaining 0[0m
[0;34m[1784654990.714] [6613:6613] [DMG] Command handler moving to [AwaitingDe][0m
[0;32m[1784654990.714] [6613:6613] [EM] <<< [E:52198r S:36855 M:80723475 (Ack:915396)] (S) Msg TX from 0000000000000000 to 0:FFFFFFFB00000000 [0000] [UDP:[fe80::bfe:a203:38f0:bce7%enp0s3]:50415] --- Type 0001:09 (IM:InvokeCommandResponse) (B:70)[0m
[0;32m[1784654990.714] [6613:6613] [EM] ??1 [E:52198r S:36855 M:80723475] (S) Msg Retransmission to 0:FFFFFFFB00000000 scheduled for 388ms from now [State:Active II:500 AI:300 AT:4000][0m
[0;34m[1784654990.714] [6613:6613] [DMG] Command response sender moving to [AllInvokeR][0m
[0;32m[1784654990.714] [6613:6613] [EM] >>> [E:52197r S:36855 M:915397 (Ack:80723474)] (S) Msg RX from 0:FFFFFFFB00000000 [0000] to 0000000000000000 --- Type 0000:10 (SecureChannel:StandaloneAck) (B:34)[0m
[0;34m[1784654990.714] [6613:6613] [EM] Found matching exchange: 52197r, Delegate: (nil)[0m
[0;34m[1784654990.714] [6613:6613] [EM] Rxd Ack; Removing MessageCounter:80723474 from Retrans Table on exchange 52197r[0m
[0;32m[1784654990.714] [6613:6613] [EM] >>> [E:52199r S:36855 M:915398] (S) Msg RX from 0:FFFFFFFB00000000 [0000] to 0000000000000000 --- Type 0001:08 (IM:InvokeCommandRequest) (B:72)[0m
[0;34m[1784654990.714] [6613:6613] [EM] Handling via exchange: 52199r, Delegate: 0x5813cefaeac8[0m
[0;34m[1784654990.714] [6613:6613] [DMG] InvokeRequestMessage =[0m
[0;34m[1784654990.714] [6613:6613] [DMG] {[0m
[0;34m[1784654990.714] [6613:6613] [DMG] 	suppressResponse = false, [0m
[0;34m[1784654990.714] [6613:6613] [DMG] 	timedRequest = false, [0m
[0;34m[1784654990.714] [6613:6613] [DMG] 	InvokeRequests =[0m
[0;34m[1784654990.714] [6613:6613] [DMG] 	[[0m
[0;34m[1784654990.714] [6613:6613] [DMG] 		CommandDataIB =[0m
[0;34m[1784654990.714] [6613:6613] [DMG] 		{[0m
[0;34m[1784654990.714] [6613:6613] [DMG] 			CommandPathIB =[0m
[0;34m[1784654990.714] [6613:6613] [DMG] 			{[0m
[0;34m[1784654990.714] [6613:6613] [DMG] 				EndpointId = 0x0,[0m
[0;34m[1784654990.714] [6613:6613] [DMG] 				ClusterId = 0x38,[0m
[0;34m[1784654990.714] [6613:6613] [DMG] 				CommandId = 0x0,[0m
[0;34m[1784654990.714] [6613:6613] [DMG] 			},[0m
[0;34m[1784654990.714] [6613:6613] [DMG] 			[0m
[0;34m[1784654990.714] [6613:6613] [DMG] 			CommandFields = [0m
[0;34m[1784654990.714] [6613:6613] [DMG] 			{[0m
[0;34m[1784654990.714] [6613:6613] [DMG] 				0x0 = 837970190714320 (unsigned), [0m
[0;34m[1784654990.714] [6613:6613] [DMG] 				0x1 = 2 (unsigned), [0m
[0;34m[1784654990.714] [6613:6613] [DMG] 			},[0m
[0;34m[1784654990.714] [6613:6613] [DMG] 		},[0m
[0;34m[1784654990.714] [6613:6613] [DMG] 		[0m
[0;34m[1784654990.714] [6613:6613] [DMG] 	],[0m
[0;34m[1784654990.714] [6613:6613] [DMG] 	[0m
[0;34m[1784654990.714] [6613:6613] [DMG] 	InteractionModelRevision = 12[0m
[0;34m[1784654990.714] [6613:6613] [DMG] },[0m
[0;32m[1784654990.714] [6613:6613] [DMG] AccessControl: checking f=0 a=p s=0xFFFFFFFB00000000 t= c=0x0000_0038 e=0 p=o r=i[0m
[0;32m[1784654990.714] [6613:6613] [DMG] AccessControl: implicit admin (PASE)[0m
[0;32m[1784654990.714] [6613:6613] [DMG] AccessControl: checking f=0 a=p s=0xFFFFFFFB00000000 t= c=0x0000_0038 e=0 p=a r=i[0m
[0;32m[1784654990.714] [6613:6613] [DMG] AccessControl: implicit admin (PASE)[0m
[0;34m[1784654990.714] [6613:6613] [DMG] Received command for Endpoint=0 Cluster=0x0000_0038 Command=0x0000_0000[0m
[1;31m[1784654990.714] [6613:6613] [DMG] Endpoint=0 Cluster=0x0000_0038 Command=0x0000_0000 status 0x01 (FAILURE) ClusterSpecificCode=2 (no additional context)[0m
[0;34m[1784654990.714] [6613:6613] [DMG] Command handler moving to [NewRespons][0m
[0;34m[1784654990.714] [6613:6613] [DMG] Command handler moving to [ Preparing][0m
[0;34m[1784654990.714] [6613:6613] [DMG] Command handler moving to [AddingComm][0m
[0;34m[1784654990.714] [6613:6613] [DMG] Command handler moving to [AddedComma][0m
[0;34m[1784654990.714] [6613:6613] [DMG] Decreasing reference count for CommandHandlerImpl, remaining 1[0m
[0;34m[1784654990.714] [6613:6613] [DMG] Decreasing reference count for CommandHandlerImpl, remaining 0[0m
[0;34m[1784654990.714] [6613:6613] [DMG] Command handler moving to [AwaitingDe][0m
[0;32m[1784654990.714] [6613:6613] [EM] <<< [E:52199r S:36855 M:80723476 (Ack:915398)] (S) Msg TX from 0000000000000000 to 0:FFFFFFFB00000000 [0000] [UDP:[fe80::bfe:a203:38f0:bce7%enp0s3]:50415] --- Type 0001:09 (IM:InvokeCommandResponse) (B:70)[0m
[0;32m[1784654990.714] [6613:6613] [EM] ??1 [E:52199r S:36855 M:80723476] (S) Msg Retransmission to 0:FFFFFFFB00000000 scheduled for 382ms from now [State:Active II:500 AI:300 AT:4000][0m
[0;34m[1784654990.714] [6613:6613] [DMG] Command response sender moving to [AllInvokeR][0m
[0;32m[1784654990.714] [6613:6613] [EM] >>> [E:52198r S:36855 M:915399 (Ack:80723475)] (S) Msg RX from 0:FFFFFFFB00000000 [0000] to 0000000000000000 --- Type 0000:10 (SecureChannel:StandaloneAck) (B:34)[0m
[0;34m[1784654990.714] [6613:6613] [EM] Found matching exchange: 52198r, Delegate: (nil)[0m
[0;34m[1784654990.714] [6613:6613] [EM] Rxd Ack; Removing MessageCounter:80723475 from Retrans Table on exchange 52198r[0m
[0;32m[1784654990.715] [6613:6613] [EM] >>> [E:52200r S:36855 M:915400] (S) Msg RX from 0:FFFFFFFB00000000 [0000] to 0000000000000000 --- Type 0001:08 (IM:InvokeCommandRequest) (B:62)[0m
[0;34m[1784654990.715] [6613:6613] [EM] Handling via exchange: 52200r, Delegate: 0x5813cefaeac8[0m
[0;34m[1784654990.715] [6613:6613] [DMG] InvokeRequestMessage =[0m
[0;34m[1784654990.715] [6613:6613] [DMG] {[0m
[0;34m[1784654990.715] [6613:6613] [DMG] 	suppressResponse = false, [0m
[0;34m[1784654990.715] [6613:6613] [DMG] 	timedRequest = false, [0m
[0;34m[1784654990.715] [6613:6613] [DMG] 	InvokeRequests =[0m
[0;34m[1784654990.715] [6613:6613] [DMG] 	[[0m
[0;34m[1784654990.715] [6613:6613] [DMG] 		CommandDataIB =[0m
[0;34m[1784654990.715] [6613:6613] [DMG] 		{[0m
[0;34m[1784654990.715] [6613:6613] [DMG] 			CommandPathIB =[0m
[0;34m[1784654990.715] [6613:6613] [DMG] 			{[0m
[0;34m[1784654990.715] [6613:6613] [DMG] 				EndpointId = 0x0,[0m
[0;34m[1784654990.715] [6613:6613] [DMG] 				ClusterId = 0x3e,[0m
[0;34m[1784654990.715] [6613:6613] [DMG] 				CommandId = 0x2,[0m
[0;34m[1784654990.715] [6613:6613] [DMG] 			},[0m
[0;34m[1784654990.715] [6613:6613] [DMG] 			[0m
[0;34m[1784654990.715] [6613:6613] [DMG] 			CommandFields = [0m
[0;34m[1784654990.715] [6613:6613] [DMG] 			{[0m
[0;34m[1784654990.715] [6613:6613] [DMG] 				0x0 = 2 (unsigned), [0m
[0;34m[1784654990.715] [6613:6613] [DMG] 			},[0m
[0;34m[1784654990.715] [6613:6613] [DMG] 		},[0m
[0;34m[1784654990.715] [6613:6613] [DMG] 		[0m
[0;34m[1784654990.715] [6613:6613] [DMG] 	],[0m
[0;34m[1784654990.715] [6613:6613] [DMG] 	[0m
[0;34m[1784654990.715] [6613:6613] [DMG] 	InteractionModelRevision = 12[0m
[0;34m[1784654990.715] [6613:6613] [DMG] },[0m
[0;32m[1784654990.715] [6613:6613] [DMG] AccessControl: checking f=0 a=p s=0xFFFFFFFB00000000 t= c=0x0000_003E e=0 p=o r=i[0m
[0;32m[1784654990.715] [6613:6613] [DMG] AccessControl: implicit admin (PASE)[0m
[0;32m[1784654990.715] [6613:6613] [DMG] AccessControl: checking f=0 a=p s=0xFFFFFFFB00000000 t= c=0x0000_003E e=0 p=a r=i[0m
[0;32m[1784654990.715] [6613:6613] [DMG] AccessControl: implicit admin (PASE)[0m
[0;34m[1784654990.715] [6613:6613] [DMG] Received command for Endpoint=0 Cluster=0x0000_003E Command=0x0000_0002[0m
[0;32m[1784654990.715] [6613:6613] [ZCL] OpCreds: Certificate Chain request received for PAI[0m
[0;34m[1784654990.715] [6613:6613] [DMG] Command handler moving to [NewRespons][0m
[0;34m[1784654990.715] [6613:6613] [DMG] Command handler moving to [ Preparing][0m
[0;34m[1784654990.715] [6613:6613] [DMG] Command handler moving to [AddingComm][0m
[0;34m[1784654990.715] [6613:6613] [DMG] Command handler moving to [AddedComma][0m
[0;34m[1784654990.715] [6613:6613] [DMG] Decreasing reference count for CommandHandlerImpl, remaining 1[0m
[0;34m[1784654990.715] [6613:6613] [DMG] Decreasing reference count for CommandHandlerImpl, remaining 0[0m
[0;34m[1784654990.715] [6613:6613] [DMG] Command handler moving to [AwaitingDe][0m
[0;32m[1784654990.715] [6613:6613] [EM] <<< [E:52200r S:36855 M:80723477 (Ack:915400)] (S) Msg TX from 0000000000000000 to 0:FFFFFFFB00000000 [0000] [UDP:[fe80::bfe:a203:38f0:bce7%enp0s3]:50415] --- Type 0001:09 (IM:InvokeCommandResponse) (B:531)[0m
[0;32m[1784654990.715] [6613:6613] [EM] ??1 [E:52200r S:36855 M:80723477] (S) Msg Retransmission to 0:FFFFFFFB00000000 scheduled for 343ms from now [State:Active II:500 AI:300 AT:4000][0m
[0;34m[1784654990.715] [6613:6613] [DMG] Command response sender moving to [AllInvokeR][0m
[0;32m[1784654990.715] [6613:6613] [EM] >>> [E:52199r S:36855 M:915401 (Ack:80723476)] (S) Msg RX from 0:FFFFFFFB00000000 [0000] to 0000000000000000 --- Type 0000:10 (SecureChannel:StandaloneAck) (B:34)[0m
[0;34m[1784654990.715] [6613:6613] [EM] Found matching exchange: 52199r, Delegate: (nil)[0m
[0;34m[1784654990.715] [6613:6613] [EM] Rxd Ack; Removing MessageCounter:80723476 from Retrans Table on exchange 52199r[0m
[0;32m[1784654990.715] [6613:6613] [EM] >>> [E:52201r S:36855 M:915402] (S) Msg RX from 0:FFFFFFFB00000000 [0000] to 0000000000000000 --- Type 0001:08 (IM:InvokeCommandRequest) (B:62)[0m
[0;34m[1784654990.715] [6613:6613] [EM] Handling via exchange: 52201r, Delegate: 0x5813cefaeac8[0m
[0;34m[1784654990.715] [6613:6613] [DMG] InvokeRequestMessage =[0m
[0;34m[1784654990.715] [6613:6613] [DMG] {[0m
[0;34m[1784654990.715] [6613:6613] [DMG] 	suppressResponse = false, [0m
[0;34m[1784654990.715] [6613:6613] [DMG] 	timedRequest = false, [0m
[0;34m[1784654990.715] [6613:6613] [DMG] 	InvokeRequests =[0m
[0;34m[1784654990.715] [6613:6613] [DMG] 	[[0m
[0;34m[1784654990.715] [6613:6613] [DMG] 		CommandDataIB =[0m
[0;34m[1784654990.715] [6613:6613] [DMG] 		{[0m
[0;34m[1784654990.715] [6613:6613] [DMG] 			CommandPathIB =[0m
[0;34m[1784654990.715] [6613:6613] [DMG] 			{[0m
[0;34m[1784654990.715] [6613:6613] [DMG] 				EndpointId = 0x0,[0m
[0;34m[1784654990.715] [6613:6613] [DMG] 				ClusterId = 0x3e,[0m
[0;34m[1784654990.715] [6613:6613] [DMG] 				CommandId = 0x2,[0m
[0;34m[1784654990.715] [6613:6613] [DMG] 			},[0m
[0;34m[1784654990.715] [6613:6613] [DMG] 			[0m
[0;34m[1784654990.715] [6613:6613] [DMG] 			CommandFields = [0m
[0;34m[1784654990.715] [6613:6613] [DMG] 			{[0m
[0;34m[1784654990.715] [6613:6613] [DMG] 				0x0 = 1 (unsigned), [0m
[0;34m[1784654990.715] [6613:6613] [DMG] 			},[0m
[0;34m[1784654990.715] [6613:6613] [DMG] 		},[0m
[0;34m[1784654990.715] [6613:6613] [DMG] 		[0m
[0;34m[1784654990.715] [6613:6613] [DMG] 	],[0m
[0;34m[1784654990.715] [6613:6613] [DMG] 	[0m
[0;34m[1784654990.715] [6613:6613] [DMG] 	InteractionModelRevision = 12[0m
[0;34m[1784654990.715] [6613:6613] [DMG] },[0m
[0;32m[1784654990.715] [6613:6613] [DMG] AccessControl: checking f=0 a=p s=0xFFFFFFFB00000000 t= c=0x0000_003E e=0 p=o r=i[0m
[0;32m[1784654990.715] [6613:6613] [DMG] AccessControl: implicit admin (PASE)[0m
[0;32m[1784654990.715] [6613:6613] [DMG] AccessControl: checking f=0 a=p s=0xFFFFFFFB00000000 t= c=0x0000_003E e=0 p=a r=i[0m
[0;32m[1784654990.715] [6613:6613] [DMG] AccessControl: implicit admin (PASE)[0m
[0;34m[1784654990.715] [6613:6613] [DMG] Received command for Endpoint=0 Cluster=0x0000_003E Command=0x0000_0002[0m
[0;32m[1784654990.715] [6613:6613] [ZCL] OpCreds: Certificate Chain request received for DAC[0m
[0;34m[1784654990.715] [6613:6613] [DMG] Command handler moving to [NewRespons][0m
[0;34m[1784654990.715] [6613:6613] [DMG] Command handler moving to [ Preparing][0m
[0;34m[1784654990.715] [6613:6613] [DMG] Command handler moving to [AddingComm][0m
[0;34m[1784654990.715] [6613:6613] [DMG] Command handler moving to [AddedComma][0m
[0;34m[1784654990.715] [6613:6613] [DMG] Decreasing reference count for CommandHandlerImpl, remaining 1[0m
[0;34m[1784654990.715] [6613:6613] [DMG] Decreasing reference count for CommandHandlerImpl, remaining 0[0m
[0;34m[1784654990.715] [6613:6613] [DMG] Command handler moving to [AwaitingDe][0m
[0;32m[1784654990.715] [6613:6613] [EM] <<< [E:52201r S:36855 M:80723478 (Ack:915402)] (S) Msg TX from 0000000000000000 to 0:FFFFFFFB00000000 [0000] [UDP:[fe80::bfe:a203:38f0:bce7%enp0s3]:50415] --- Type 0001:09 (IM:InvokeCommandResponse) (B:559)[0m
[0;32m[1784654990.715] [6613:6613] [EM] ??1 [E:52201r S:36855 M:80723478] (S) Msg Retransmission to 0:FFFFFFFB00000000 scheduled for 358ms from now [State:Active II:500 AI:300 AT:4000][0m
[0;34m[1784654990.715] [6613:6613] [DMG] Command response sender moving to [AllInvokeR][0m
[0;32m[1784654990.715] [6613:6613] [EM] >>> [E:52200r S:36855 M:915403 (Ack:80723477)] (S) Msg RX from 0:FFFFFFFB00000000 [0000] to 0000000000000000 --- Type 0000:10 (SecureChannel:StandaloneAck) (B:34)[0m
[0;34m[1784654990.715] [6613:6613] [EM] Found matching exchange: 52200r, Delegate: (nil)[0m
[0;34m[1784654990.715] [6613:6613] [EM] Rxd Ack; Removing MessageCounter:80723477 from Retrans Table on exchange 52200r[0m
[0;32m[1784654990.716] [6613:6613] [EM] >>> [E:52202r S:36855 M:915404] (S) Msg RX from 0:FFFFFFFB00000000 [0000] to 0000000000000000 --- Type 0001:08 (IM:InvokeCommandRequest) (B:94)[0m
[0;34m[1784654990.716] [6613:6613] [EM] Handling via exchange: 52202r, Delegate: 0x5813cefaeac8[0m
[0;34m[1784654990.716] [6613:6613] [DMG] InvokeRequestMessage =[0m
[0;34m[1784654990.716] [6613:6613] [DMG] {[0m
[0;34m[1784654990.716] [6613:6613] [DMG] 	suppressResponse = false, [0m
[0;34m[1784654990.716] [6613:6613] [DMG] 	timedRequest = false, [0m
[0;34m[1784654990.716] [6613:6613] [DMG] 	InvokeRequests =[0m
[0;34m[1784654990.716] [6613:6613] [DMG] 	[[0m
[0;34m[1784654990.716] [6613:6613] [DMG] 		CommandDataIB =[0m
[0;34m[1784654990.716] [6613:6613] [DMG] 		{[0m
[0;34m[1784654990.716] [6613:6613] [DMG] 			CommandPathIB =[0m
[0;34m[1784654990.716] [6613:6613] [DMG] 			{[0m
[0;34m[1784654990.716] [6613:6613] [DMG] 				EndpointId = 0x0,[0m
[0;34m[1784654990.716] [6613:6613] [DMG] 				ClusterId = 0x3e,[0m
[0;34m[1784654990.716] [6613:6613] [DMG] 				CommandId = 0x0,[0m
[0;34m[1784654990.716] [6613:6613] [DMG] 			},[0m
[0;34m[1784654990.716] [6613:6613] [DMG] 			[0m
[0;34m[1784654990.716] [6613:6613] [DMG] 			CommandFields = [0m
[0;34m[1784654990.716] [6613:6613] [DMG] 			{[0m
[0;34m[1784654990.716] [6613:6613] [DMG] 				0x0 = [[0m
[0;34m[1784654990.716] [6613:6613] [DMG] 						0xd7, 0xa1, 0x32, 0x96, 0x68, 0x9f, 0xbd, 0x0f, 0xdc, 0xb1, 0x95, 0xe3, 0xef, 0xbf, 0xdb, 0xdb, 0xec, 0x5a, 0xea, 0xf6, 0x7c, 0xf0, 0x8f, 0xaf, 0x66, 0x8c, 0xb6, 0xa9, 0xa4, 0x67, 0x82, 0xbb, [0m
[0;34m[1784654990.716] [6613:6613] [DMG] 				] (32 bytes)[0m
[0;34m[1784654990.716] [6613:6613] [DMG] 			},[0m
[0;34m[1784654990.716] [6613:6613] [DMG] 		},[0m
[0;34m[1784654990.716] [6613:6613] [DMG] 		[0m
[0;34m[1784654990.716] [6613:6613] [DMG] 	],[0m
[0;34m[1784654990.716] [6613:6613] [DMG] 	[0m
[0;34m[1784654990.716] [6613:6613] [DMG] 	InteractionModelRevision = 12[0m
[0;34m[1784654990.716] [6613:6613] [DMG] },[0m
[0;32m[1784654990.716] [6613:6613] [DMG] AccessControl: checking f=0 a=p s=0xFFFFFFFB00000000 t= c=0x0000_003E e=0 p=o r=i[0m
[0;32m[1784654990.716] [6613:6613] [DMG] AccessControl: implicit admin (PASE)[0m
[0;32m[1784654990.716] [6613:6613] [DMG] AccessControl: checking f=0 a=p s=0xFFFFFFFB00000000 t= c=0x0000_003E e=0 p=a r=i[0m
[0;32m[1784654990.716] [6613:6613] [DMG] AccessControl: implicit admin (PASE)[0m
[0;34m[1784654990.716] [6613:6613] [DMG] Received command for Endpoint=0 Cluster=0x0000_003E Command=0x0000_0000[0m
[0;32m[1784654990.716] [6613:6613] [ZCL] OpCreds: Received an AttestationRequest command[0m
[0;32m[1784654990.716] [6613:6613] [ZCL] OpCreds: AttestationRequest successful.[0m
[0;34m[1784654990.716] [6613:6613] [DMG] Command handler moving to [NewRespons][0m
[0;34m[1784654990.716] [6613:6613] [DMG] Command handler moving to [ Preparing][0m
[0;34m[1784654990.716] [6613:6613] [DMG] Command handler moving to [AddingComm][0m
[0;34m[1784654990.716] [6613:6613] [DMG] Command handler moving to [AddedComma][0m
[0;34m[1784654990.716] [6613:6613] [DMG] Decreasing reference count for CommandHandlerImpl, remaining 1[0m
[0;34m[1784654990.716] [6613:6613] [DMG] Decreasing reference count for CommandHandlerImpl, remaining 0[0m
[0;34m[1784654990.716] [6613:6613] [DMG] Command handler moving to [AwaitingDe][0m
[0;32m[1784654990.716] [6613:6613] [EM] <<< [E:52202r S:36855 M:80723479 (Ack:915404)] (S) Msg TX from 0000000000000000 to 0:FFFFFFFB00000000 [0000] [UDP:[fe80::bfe:a203:38f0:bce7%enp0s3]:50415] --- Type 0001:09 (IM:InvokeCommandResponse) (B:718)[0m
[0;32m[1784654990.716] [6613:6613] [EM] ??1 [E:52202r S:36855 M:80723479] (S) Msg Retransmission to 0:FFFFFFFB00000000 scheduled for 375ms from now [State:Active II:500 AI:300 AT:4000][0m
[0;34m[1784654990.716] [6613:6613] [DMG] Command response sender moving to [AllInvokeR][0m
[0;32m[1784654990.716] [6613:6613] [EM] >>> [E:52201r S:36855 M:915405 (Ack:80723478)] (S) Msg RX from 0:FFFFFFFB00000000 [0000] to 0000000000000000 --- Type 0000:10 (SecureChannel:StandaloneAck) (B:34)[0m
[0;34m[1784654990.716] [6613:6613] [EM] Found matching exchange: 52201r, Delegate: (nil)[0m
[0;34m[1784654990.716] [6613:6613] [EM] Rxd Ack; Removing MessageCounter:80723478 from Retrans Table on exchange 52201r[0m
[0;32m[1784654990.723] [6613:6613] [EM] >>> [E:52203r S:36855 M:915406] (S) Msg RX from 0:FFFFFFFB00000000 [0000] to 0000000000000000 --- Type 0001:08 (IM:InvokeCommandRequest) (B:94)[0m
[0;34m[1784654990.723] [6613:6613] [EM] Handling via exchange: 52203r, Delegate: 0x5813cefaeac8[0m
[0;34m[1784654990.723] [6613:6613] [DMG] InvokeRequestMessage =[0m
[0;34m[1784654990.723] [6613:6613] [DMG] {[0m
[0;34m[1784654990.723] [6613:6613] [DMG] 	suppressResponse = false, [0m
[0;34m[1784654990.723] [6613:6613] [DMG] 	timedRequest = false, [0m
[0;34m[1784654990.723] [6613:6613] [DMG] 	InvokeRequests =[0m
[0;34m[1784654990.723] [6613:6613] [DMG] 	[[0m
[0;34m[1784654990.723] [6613:6613] [DMG] 		CommandDataIB =[0m
[0;34m[1784654990.723] [6613:6613] [DMG] 		{[0m
[0;34m[1784654990.723] [6613:6613] [DMG] 			CommandPathIB =[0m
[0;34m[1784654990.723] [6613:6613] [DMG] 			{[0m
[0;34m[1784654990.723] [6613:6613] [DMG] 				EndpointId = 0x0,[0m
[0;34m[1784654990.723] [6613:6613] [DMG] 				ClusterId = 0x3e,[0m
[0;34m[1784654990.723] [6613:6613] [DMG] 				CommandId = 0x4,[0m
[0;34m[1784654990.723] [6613:6613] [DMG] 			},[0m
[0;34m[1784654990.723] [6613:6613] [DMG] 			[0m
[0;34m[1784654990.723] [6613:6613] [DMG] 			CommandFields = [0m
[0;34m[1784654990.723] [6613:6613] [DMG] 			{[0m
[0;34m[1784654990.723] [6613:6613] [DMG] 				0x0 = [[0m
[0;34m[1784654990.723] [6613:6613] [DMG] 						0x21, 0x31, 0xed, 0xf3, 0x97, 0xfd, 0xb0, 0x27, 0xd8, 0xa6, 0x7b, 0x4c, 0x20, 0x67, 0xe1, 0x7d, 0x5f, 0xa1, 0x66, 0x2f, 0xca, 0xc3, 0xfd, 0xff, 0xd8, 0x48, 0x08, 0x09, 0xc0, 0xaf, 0x73, 0x2c, [0m
[0;34m[1784654990.723] [6613:6613] [DMG] 				] (32 bytes)[0m
[0;34m[1784654990.723] [6613:6613] [DMG] 			},[0m
[0;34m[1784654990.723] [6613:6613] [DMG] 		},[0m
[0;34m[1784654990.723] [6613:6613] [DMG] 		[0m
[0;34m[1784654990.723] [6613:6613] [DMG] 	],[0m
[0;34m[1784654990.723] [6613:6613] [DMG] 	[0m
[0;34m[1784654990.723] [6613:6613] [DMG] 	InteractionModelRevision = 12[0m
[0;34m[1784654990.723] [6613:6613] [DMG] },[0m
[0;32m[1784654990.723] [6613:6613] [DMG] AccessControl: checking f=0 a=p s=0xFFFFFFFB00000000 t= c=0x0000_003E e=0 p=o r=i[0m
[0;32m[1784654990.723] [6613:6613] [DMG] AccessControl: implicit admin (PASE)[0m
[0;32m[1784654990.723] [6613:6613] [DMG] AccessControl: checking f=0 a=p s=0xFFFFFFFB00000000 t= c=0x0000_003E e=0 p=a r=i[0m
[0;32m[1784654990.723] [6613:6613] [DMG] AccessControl: implicit admin (PASE)[0m
[0;34m[1784654990.723] [6613:6613] [DMG] Received command for Endpoint=0 Cluster=0x0000_003E Command=0x0000_0004[0m
[0;32m[1784654990.723] [6613:6613] [ZCL] OpCreds: Received a CSRRequest command[0m
[0;32m[1784654990.724] [6613:6613] [ZCL] OpCreds: AllocatePendingOperationalKey succeeded[0m
[0;32m[1784654990.724] [6613:6613] [ZCL] OpCreds: CSRRequest successful.[0m
[0;34m[1784654990.724] [6613:6613] [DMG] Command handler moving to [NewRespons][0m
[0;34m[1784654990.724] [6613:6613] [DMG] Command handler moving to [ Preparing][0m
[0;34m[1784654990.724] [6613:6613] [DMG] Command handler moving to [AddingComm][0m
[0;34m[1784654990.724] [6613:6613] [DMG] Command handler moving to [AddedComma][0m
[0;34m[1784654990.724] [6613:6613] [DMG] Decreasing reference count for CommandHandlerImpl, remaining 1[0m
[0;34m[1784654990.724] [6613:6613] [DMG] Decreasing reference count for CommandHandlerImpl, remaining 0[0m
[0;34m[1784654990.724] [6613:6613] [DMG] Command handler moving to [AwaitingDe][0m
[0;32m[1784654990.724] [6613:6613] [EM] <<< [E:52203r S:36855 M:80723480 (Ack:915406)] (S) Msg TX from 0000000000000000 to 0:FFFFFFFB00000000 [0000] [UDP:[fe80::bfe:a203:38f0:bce7%enp0s3]:50415] --- Type 0001:09 (IM:InvokeCommandResponse) (B:378)[0m
[0;32m[1784654990.724] [6613:6613] [EM] ??1 [E:52203r S:36855 M:80723480] (S) Msg Retransmission to 0:FFFFFFFB00000000 scheduled for 378ms from now [State:Active II:500 AI:300 AT:4000][0m
[0;34m[1784654990.724] [6613:6613] [DMG] Command response sender moving to [AllInvokeR][0m
[0;32m[1784654990.724] [6613:6613] [EM] >>> [E:52202r S:36855 M:915407 (Ack:80723479)] (S) Msg RX from 0:FFFFFFFB00000000 [0000] to 0000000000000000 --- Type 0000:10 (SecureChannel:StandaloneAck) (B:34)[0m
[0;34m[1784654990.724] [6613:6613] [EM] Found matching exchange: 52202r, Delegate: (nil)[0m
[0;34m[1784654990.724] [6613:6613] [EM] Rxd Ack; Removing MessageCounter:80723479 from Retrans Table on exchange 52202r[0m
[0;32m[1784654990.726] [6613:6613] [EM] >>> [E:52204r S:36855 M:915408] (S) Msg RX from 0:FFFFFFFB00000000 [0000] to 0000000000000000 --- Type 0001:08 (IM:InvokeCommandRequest) (B:293)[0m
[0;34m[1784654990.726] [6613:6613] [EM] Handling via exchange: 52204r, Delegate: 0x5813cefaeac8[0m
[0;34m[1784654990.726] [6613:6613] [DMG] InvokeRequestMessage =[0m
[0;34m[1784654990.726] [6613:6613] [DMG] {[0m
[0;34m[1784654990.726] [6613:6613] [DMG] 	suppressResponse = false, [0m
[0;34m[1784654990.726] [6613:6613] [DMG] 	timedRequest = false, [0m
[0;34m[1784654990.726] [6613:6613] [DMG] 	InvokeRequests =[0m
[0;34m[1784654990.726] [6613:6613] [DMG] 	[[0m
[0;34m[1784654990.726] [6613:6613] [DMG] 		CommandDataIB =[0m
[0;34m[1784654990.726] [6613:6613] [DMG] 		{[0m
[0;34m[1784654990.726] [6613:6613] [DMG] 			CommandPathIB =[0m
[0;34m[1784654990.726] [6613:6613] [DMG] 			{[0m
[0;34m[1784654990.726] [6613:6613] [DMG] 				EndpointId = 0x0,[0m
[0;34m[1784654990.726] [6613:6613] [DMG] 				ClusterId = 0x3e,[0m
[0;34m[1784654990.726] [6613:6613] [DMG] 				CommandId = 0xb,[0m
[0;34m[1784654990.726] [6613:6613] [DMG] 			},[0m
[0;34m[1784654990.726] [6613:6613] [DMG] 			[0m
[0;34m[1784654990.726] [6613:6613] [DMG] 			CommandFields = [0m
[0;34m[1784654990.726] [6613:6613] [DMG] 			{[0m
[0;34m[1784654990.726] [6613:6613] [DMG] 				0x0 = [[0m
[0;34m[1784654990.726] [6613:6613] [DMG] 						0x15, 0x30, 0x01, 0x01, 0x01, 0x24, 0x02, 0x01, 0x37, 0x03, 0x24, 0x14, 0x01, 0x18, 0x26, 0x04, 0x80, 0x22, 0x81, 0x27, 0x26, 0x05, 0x80, 0x25, 0x4d, 0x3a, 0x37, 0x06, 0x24, 0x14, 0x01, 0x18, 0x24, 0x07, 0x01, 0x24, 0x08, 0x01, 0x30, 0x09, 0x41, 0x04, 0xff, 0x00, 0x35, 0x43, 0xeb, 0xf6, 0x2c, 0xc4, 0x3f, 0x32, 0x09, 0xb8, 0xa3, 0x7a, 0x6b, 0x4c, 0x69, 0xc9, 0x73, 0x7e, 0x0f, 0x92, 0x83, 0x94, 0x49, 0xfd, 0x78, 0x27, 0x04, 0x01, 0x60, 0x33, 0x14, 0xd5, 0x63, 0x9f, 0x0d, 0xaf, 0x1c, 0xb3, 0xa4, 0x6c, 0x1c, 0x9e, 0xcd, 0x5e, 0x17, 0x31, 0xe4, 0xa8, 0x14, 0x41, 0x26, 0xbc, 0xac, 0xc2, 0xf7, 0x81, 0xe2, 0xb6, 0xe7, 0xbe, 0x0a, 0x6f, 0x37, 0x0a, 0x35, 0x01, 0x29, 0x01, 0x18, 0x24, 0x02, 0x60, 0x30, 0x04, 0x14, 0xee, 0x86, 0x01, 0xf7, 0x8f, 0x0e, 0x9d, 0x74, 0xb0, 0xe9, 0xd2, 0x89, 0xd1, 0x5d, 0xcc, 0x98, 0x3f, 0xc3, 0x18, 0xd3, 0x30, 0x05, 0x14, 0xee, 0x86, 0x01, 0xf7, 0x8f, 0x0e, 0x9d, 0x74, 0xb0, 0xe9, 0xd2, 0x89, 0xd1, 0x5d, 0xcc, 0x98, 0x3f, 0xc3, 0x18, 0xd3, 0x18, 0x30, 0x0b, 0x40, 0x9d, 0xb2, 0xf3, 0xb8, 0x41, 0x65, 0x74, 0x66, 0xfc, 0x8f, 0xac, 0xa5, 0xa4, 0x93, 0x63, 0xf6, 0x21, 0x10, 0xee, 0xc1, 0x00, 0xc3, 0x8a, 0x6b, 0xbc, 0x24, 0xdb, 0x64, 0x7c, 0x2b, 0xda, 0x1c, 0x4e, 0x4c, 0x36, 0xa1, 0x36, 0x5d, 0x20, 0x1f, 0x74, 0xed, 0xc7, 0x00, 0xb9, 0xe6, 0x10, 0x0c, 0xe4, 0xbf, 0x25, 0x7d, 0xad, 0xc1, 0xaf, 0x5b, 0x51, 0xe5, 0x35, 0x2f, 0x3f, 0xff, 0x75, 0x8a, 0x18, [0m
[0;34m[1784654990.726] [6613:6613] [DMG] 				] (231 bytes)[0m
[0;34m[1784654990.726] [6613:6613] [DMG] 			},[0m
[0;34m[1784654990.726] [6613:6613] [DMG] 		},[0m
[0;34m[1784654990.726] [6613:6613] [DMG] 		[0m
[0;34m[1784654990.726] [6613:6613] [DMG] 	],[0m
[0;34m[1784654990.726] [6613:6613] [DMG] 	[0m
[0;34m[1784654990.726] [6613:6613] [DMG] 	InteractionModelRevision = 12[0m
[0;34m[1784654990.726] [6613:6613] [DMG] },[0m
[0;32m[1784654990.726] [6613:6613] [DMG] AccessControl: checking f=0 a=p s=0xFFFFFFFB00000000 t= c=0x0000_003E e=0 p=o r=i[0m
[0;32m[1784654990.726] [6613:6613] [DMG] AccessControl: implicit admin (PASE)[0m
[0;32m[1784654990.726] [6613:6613] [DMG] AccessControl: checking f=0 a=p s=0xFFFFFFFB00000000 t= c=0x0000_003E e=0 p=a r=i[0m
[0;32m[1784654990.726] [6613:6613] [DMG] AccessControl: implicit admin (PASE)[0m
[0;34m[1784654990.726] [6613:6613] [DMG] Received command for Endpoint=0 Cluster=0x0000_003E Command=0x0000_000B[0m
[0;32m[1784654990.726] [6613:6613] [ZCL] OpCreds: Received an AddTrustedRootCertificate command[0m
[0;32m[1784654990.726] [6613:6613] [ZCL] OpCreds: AddTrustedRootCertificate successful.[0m
[0;34m[1784654990.726] [6613:6613] [DMG] Command handler moving to [NewRespons][0m
[0;34m[1784654990.726] [6613:6613] [DMG] Command handler moving to [ Preparing][0m
[0;34m[1784654990.726] [6613:6613] [DMG] Command handler moving to [AddingComm][0m
[0;34m[1784654990.726] [6613:6613] [DMG] Command handler moving to [AddedComma][0m
[0;34m[1784654990.726] [6613:6613] [DMG] Decreasing reference count for CommandHandlerImpl, remaining 1[0m
[0;34m[1784654990.726] [6613:6613] [DMG] Decreasing reference count for CommandHandlerImpl, remaining 0[0m
[0;34m[1784654990.726] [6613:6613] [DMG] Command handler moving to [AwaitingDe][0m
[0;32m[1784654990.726] [6613:6613] [EM] <<< [E:52204r S:36855 M:80723481 (Ack:915408)] (S) Msg TX from 0000000000000000 to 0:FFFFFFFB00000000 [0000] [UDP:[fe80::bfe:a203:38f0:bce7%enp0s3]:50415] --- Type 0001:09 (IM:InvokeCommandResponse) (B:67)[0m
[0;32m[1784654990.726] [6613:6613] [EM] ??1 [E:52204r S:36855 M:80723481] (S) Msg Retransmission to 0:FFFFFFFB00000000 scheduled for 358ms from now [State:Active II:500 AI:300 AT:4000][0m
[0;34m[1784654990.726] [6613:6613] [DMG] Command response sender moving to [AllInvokeR][0m
[0;32m[1784654990.726] [6613:6613] [EM] >>> [E:52203r S:36855 M:915409 (Ack:80723480)] (S) Msg RX from 0:FFFFFFFB00000000 [0000] to 0000000000000000 --- Type 0000:10 (SecureChannel:StandaloneAck) (B:34)[0m
[0;34m[1784654990.726] [6613:6613] [EM] Found matching exchange: 52203r, Delegate: (nil)[0m
[0;34m[1784654990.726] [6613:6613] [EM] Rxd Ack; Removing MessageCounter:80723480 from Retrans Table on exchange 52203r[0m
[0;32m[1784654990.727] [6613:6613] [EM] >>> [E:52205r S:36855 M:915410] (S) Msg RX from 0:FFFFFFFB00000000 [0000] to 0000000000000000 --- Type 0001:08 (IM:InvokeCommandRequest) (B:566)[0m
[0;34m[1784654990.727] [6613:6613] [EM] Handling via exchange: 52205r, Delegate: 0x5813cefaeac8[0m
[0;34m[1784654990.727] [6613:6613] [DMG] InvokeRequestMessage =[0m
[0;34m[1784654990.727] [6613:6613] [DMG] {[0m
[0;34m[1784654990.727] [6613:6613] [DMG] 	suppressResponse = false, [0m
[0;34m[1784654990.727] [6613:6613] [DMG] 	timedRequest = false, [0m
[0;34m[1784654990.727] [6613:6613] [DMG] 	InvokeRequests =[0m
[0;34m[1784654990.727] [6613:6613] [DMG] 	[[0m
[0;34m[1784654990.727] [6613:6613] [DMG] 		CommandDataIB =[0m
[0;34m[1784654990.727] [6613:6613] [DMG] 		{[0m
[0;34m[1784654990.727] [6613:6613] [DMG] 			CommandPathIB =[0m
[0;34m[1784654990.727] [6613:6613] [DMG] 			{[0m
[0;34m[1784654990.727] [6613:6613] [DMG] 				EndpointId = 0x0,[0m
[0;34m[1784654990.727] [6613:6613] [DMG] 				ClusterId = 0x3e,[0m
[0;34m[1784654990.727] [6613:6613] [DMG] 				CommandId = 0x6,[0m
[0;34m[1784654990.727] [6613:6613] [DMG] 			},[0m
[0;34m[1784654990.727] [6613:6613] [DMG] 			[0m
[0;34m[1784654990.727] [6613:6613] [DMG] 			CommandFields = [0m
[0;34m[1784654990.727] [6613:6613] [DMG] 			{[0m
[0;34m[1784654990.727] [6613:6613] [DMG] 				0x0 = [[0m
[0;34m[1784654990.727] [6613:6613] [DMG] 						0x15, 0x30, 0x01, 0x01, 0x01, 0x24, 0x02, 0x01, 0x37, 0x03, 0x24, 0x13, 0x02, 0x18, 0x26, 0x04, 0x80, 0x22, 0x81, 0x27, 0x26, 0x05, 0x80, 0x25, 0x4d, 0x3a, 0x37, 0x06, 0x24, 0x15, 0x01, 0x24, 0x11, 0x01, 0x18, 0x24, 0x07, 0x01, 0x24, 0x08, 0x01, 0x30, 0x09, 0x41, 0x04, 0x36, 0x9b, 0x4d, 0xd5, 0xc4, 0xf1, 0x30, 0x78, 0x69, 0x7e, 0xa2, 0x64, 0xad, 0x2d, 0xe9, 0x3d, 0xc8, 0x6e, 0x26, 0xa9, 0xda, 0xc3, 0x4a, 0x44, 0xc0, 0xaa, 0xa0, 0xf7, 0x27, 0x47, 0xe7, 0x3c, 0x26, 0xa2, 0xb9, 0xea, 0x0a, 0xad, 0xe3, 0x7f, 0x1c, 0x7a, 0xe5, 0x4d, 0xab, 0x00, 0xf5, 0x4e, 0xf8, 0x4b, 0xfc, 0xcf, 0xe2, 0x2f, 0xea, 0x1a, 0xa0, 0x2d, 0x6b, 0xd8, 0xbd, 0x2d, 0x22, 0xff, 0x37, 0x0a, 0x35, 0x01, 0x28, 0x01, 0x18, 0x24, 0x02, 0x01, 0x36, 0x03, 0x04, 0x02, 0x04, 0x01, 0x18, 0x30, 0x04, 0x14, 0xbc, 0x88, 0xd8, 0x7b, 0x50, 0x30, 0xef, 0xc0, 0x37, 0x08, 0xd0, 0x72, 0x55, 0xf4, 0xa9, 0x11, 0x6d, 0x22, 0x0c, 0x9a, 0x30, 0x05, 0x14, 0x40, 0x37, 0xf7, 0xc8, 0x48, 0x72, 0xf7, 0x53, 0x5d, 0x47, 0x05, 0xbf, 0x39, 0xb6, 0x8b, 0x47, 0x05, 0x7e, 0xed, 0xab, 0x18, 0x30, 0x0b, 0x40, 0x3e, 0x7e, 0xf0, 0x04, 0x13, 0x47, 0xb9, 0x92, 0x5c, 0x69, 0xe1, 0x87, 0x9c, 0x69, 0xe0, 0xac, 0xe5, 0x8e, 0x4a, 0x19, 0x74, 0xcb, 0x5d, 0xd4, 0x17, 0xdf, 0x96, 0xcc, 0x68, 0x28, 0x52, 0x6e, 0x33, 0xc5, 0xcf, 0x3a, 0x44, 0x15, 0x7c, 0x24, 0x21, 0x96, 0xfb, 0xcf, 0xc2, 0x70, 0xf0, 0x8c, 0x61, 0x77, 0xa5, 0x47, 0xe7, 0x82, 0x05, 0xc1, 0x08, 0xaf, 0x03, 0x0f, 0xa0, 0x21, 0xc5, 0x03, 0x18, [0m
[0;34m[1784654990.727] [6613:6613] [DMG] 				] (241 bytes)[0m
[0;34m[1784654990.727] [6613:6613] [DMG] 				0x1 = [[0m
[0;34m[1784654990.727] [6613:6613] [DMG] 						0x15, 0x30, 0x01, 0x01, 0x01, 0x24, 0x02, 0x01, 0x37, 0x03, 0x24, 0x14, 0x01, 0x18, 0x26, 0x04, 0x80, 0x22, 0x81, 0x27, 0x26, 0x05, 0x80, 0x25, 0x4d, 0x3a, 0x37, 0x06, 0x24, 0x13, 0x02, 0x18, 0x24, 0x07, 0x01, 0x24, 0x08, 0x01, 0x30, 0x09, 0x41, 0x04, 0x7d, 0x13, 0xe8, 0x13, 0x7b, 0x88, 0x13, 0x23, 0x23, 0xf0, 0x2c, 0x75, 0x28, 0x3c, 0x47, 0xe6, 0xc6, 0x32, 0xca, 0x93, 0xef, 0x2c, 0x6c, 0x35, 0x93, 0x4f, 0x3e, 0x51, 0x61, 0x6d, 0x93, 0xbf, 0xfd, 0xf8, 0x1d, 0x26, 0xfd, 0xa5, 0xeb, 0xbb, 0xb6, 0x7b, 0x68, 0x7f, 0xe6, 0xfa, 0x5e, 0x23, 0xff, 0x66, 0x29, 0x8e, 0xbf, 0xc0, 0x6a, 0xce, 0xee, 0x7c, 0x67, 0x90, 0xb2, 0x70, 0xdd, 0x4c, 0x37, 0x0a, 0x35, 0x01, 0x29, 0x01, 0x18, 0x24, 0x02, 0x60, 0x30, 0x04, 0x14, 0x40, 0x37, 0xf7, 0xc8, 0x48, 0x72, 0xf7, 0x53, 0x5d, 0x47, 0x05, 0xbf, 0x39, 0xb6, 0x8b, 0x47, 0x05, 0x7e, 0xed, 0xab, 0x30, 0x05, 0x14, 0xee, 0x86, 0x01, 0xf7, 0x8f, 0x0e, 0x9d, 0x74, 0xb0, 0xe9, 0xd2, 0x89, 0xd1, 0x5d, 0xcc, 0x98, 0x3f, 0xc3, 0x18, 0xd3, 0x18, 0x30, 0x0b, 0x40, 0x2d, 0xf9, 0xa6, 0x01, 0x63, 0xd1, 0x97, 0x8f, 0xab, 0x2a, 0x90, 0x45, 0x18, 0x54, 0x14, 0x4e, 0x8b, 0xee, 0x3c, 0xdc, 0x8b, 0xc0, 0x8a, 0x91, 0x4f, 0x48, 0xea, 0xc7, 0x69, 0x75, 0xab, 0x0d, 0xb0, 0x88, 0xc9, 0x12, 0x36, 0x13, 0x20, 0xf1, 0xdd, 0x89, 0x2a, 0xfb, 0x81, 0xe4, 0xf5, 0xdb, 0x00, 0x3b, 0xd7, 0xf0, 0xa6, 0xef, 0xf1, 0x04, 0x72, 0x95, 0x52, 0x78, 0x4c, 0xa1, 0xe0, 0x89, 0x18, [0m
[0;34m[1784654990.727] [6613:6613] [DMG] 				] (231 bytes)[0m
[0;34m[1784654990.727] [6613:6613] [DMG] 				0x2 = [[0m
[0;34m[1784654990.727] [6613:6613] [DMG] 						0x74, 0x65, 0x6d, 0x70, 0x6f, 0x72, 0x61, 0x72, 0x79, 0x20, 0x69, 0x70, 0x6b, 0x20, 0x30, 0x31, [0m
[0;34m[1784654990.727] [6613:6613] [DMG] 				] (16 bytes)[0m
[0;34m[1784654990.727] [6613:6613] [DMG] 				0x3 = 112233 (unsigned), [0m
[0;34m[1784654990.727] [6613:6613] [DMG] 				0x4 = 65521 (unsigned), [0m
[0;34m[1784654990.727] [6613:6613] [DMG] 			},[0m
[0;34m[1784654990.727] [6613:6613] [DMG] 		},[0m
[0;34m[1784654990.727] [6613:6613] [DMG] 		[0m
[0;34m[1784654990.727] [6613:6613] [DMG] 	],[0m
[0;34m[1784654990.727] [6613:6613] [DMG] 	[0m
[0;34m[1784654990.727] [6613:6613] [DMG] 	InteractionModelRevision = 12[0m
[0;34m[1784654990.727] [6613:6613] [DMG] },[0m
[0;32m[1784654990.727] [6613:6613] [DMG] AccessControl: checking f=0 a=p s=0xFFFFFFFB00000000 t= c=0x0000_003E e=0 p=o r=i[0m
[0;32m[1784654990.727] [6613:6613] [DMG] AccessControl: implicit admin (PASE)[0m
[0;32m[1784654990.727] [6613:6613] [DMG] AccessControl: checking f=0 a=p s=0xFFFFFFFB00000000 t= c=0x0000_003E e=0 p=a r=i[0m
[0;32m[1784654990.727] [6613:6613] [DMG] AccessControl: implicit admin (PASE)[0m
[0;34m[1784654990.727] [6613:6613] [DMG] Received command for Endpoint=0 Cluster=0x0000_003E Command=0x0000_0006[0m
[0;32m[1784654990.727] [6613:6613] [ZCL] OpCreds: Received an AddNOC command[0m
[0;32m[1784654990.727] [6613:6613] [FP] Validating NOC chain[0m
[0;32m[1784654990.727] [6613:6613] [FP] NOC chain validation successful[0m
[0;32m[1784654990.727] [6613:6613] [FP] Added new fabric at index: 0x1[0m
[0;32m[1784654990.727] [6613:6613] [FP] Assigned compressed fabric ID: 0xAB987A54AF86E74B, node ID: 0x0000000000000001[0m
[0;32m[1784654990.727] [6613:6613] [TS] Last Known Good Time: 2023-10-14T01:16:48[0m
[0;32m[1784654990.727] [6613:6613] [TS] New proposed Last Known Good Time: 2021-01-01T00:00:00[0m
[0;32m[1784654990.727] [6613:6613] [TS] Retaining current Last Known Good Time[0m
[0;34m[1784654990.730] [6613:6613] [DL] Wrote settings to /tmp/chip_kvs_test[0m
[0;34m[1784654990.732] [6613:6613] [DL] Wrote settings to /tmp/chip_kvs_test[0m
[0;34m[1784654990.734] [6613:6613] [DL] Wrote settings to /tmp/chip_kvs_test[0m
[0;32m[1784654990.734] [6613:6613] [DMG] AccessControl: validating f=1 p=a a=c s=1 t=0[0m
[0;32m[1784654990.734] [6613:6613] [DMG]   validating subject 0x000000000001B669[0m
[0;34m[1784654990.736] [6613:6613] [DL] Wrote settings to /tmp/chip_kvs_test[0m
[0;34m[1784654990.736] [6613:6613] [EVL] LogEvent event number: 0x0000000000000004 priority: 1, endpoint id:  0x0 cluster id: 0x0000_001F event id: 0x0 Epoch timestamp: 0x0000019F85BA0D90[0m
[0;32m[1784654990.736] [6613:6613] [ZCL] OpCreds: ACL entry created for Fabric index 0x1 CASE Admin Subject 0x000000000001B669[0m
[0;34m[1784654990.736] [6613:6613] [DL] Using WiFi MAC for hostname[0m
[0;32m[1784654990.736] [6613:6613] [DIS] Advertise operational node AB987A54AF86E74B-0000000000000001[0m
[0;34m[1784654990.736] [6613:6613] [DIS] Responding with _matter._tcp.local[0m
[0;34m[1784654990.736] [6613:6613] [DIS] Responding with AB987A54AF86E74B-0000000000000001._matter._tcp.local[0m
[0;34m[1784654990.736] [6613:6613] [DIS] Responding with AB987A54AF86E74B-0000000000000001._matter._tcp.local[0m
[0;34m[1784654990.736] [6613:6613] [DIS] Responding with 080027AE1A43.local[0m
[0;34m[1784654990.736] [6613:6613] [DIS] Responding with 080027AE1A43.local[0m
[0;34m[1784654990.736] [6613:6613] [DIS] Responding with _IAB987A54AF86E74B._sub._matter._tcp.local[0m
[0;32m[1784654990.736] [6613:6613] [DIS] CHIP minimal mDNS configured as 'Operational device'; instance name: AB987A54AF86E74B-0000000000000001.[0m
[0;32m[1784654990.737] [6613:6613] [DIS] mDNS service published: _matter._tcp[0m
[0;34m[1784654990.737] [6613:6613] [DMG] Command handler moving to [NewRespons][0m
[0;34m[1784654990.737] [6613:6613] [DMG] Command handler moving to [ Preparing][0m
[0;34m[1784654990.737] [6613:6613] [DMG] Command handler moving to [AddingComm][0m
[0;34m[1784654990.737] [6613:6613] [DMG] Command handler moving to [AddedComma][0m
[0;32m[1784654990.737] [6613:6613] [ZCL] OpCreds: successfully created fabric index 0x1 via AddNOC[0m
[0;34m[1784654990.737] [6613:6613] [DMG] Decreasing reference count for CommandHandlerImpl, remaining 1[0m
[0;34m[1784654990.737] [6613:6613] [DMG] Decreasing reference count for CommandHandlerImpl, remaining 0[0m
[0;34m[1784654990.737] [6613:6613] [DMG] Command handler moving to [AwaitingDe][0m
[0;32m[1784654990.737] [6613:6613] [EM] <<< [E:52205r S:36855 M:80723482 (Ack:915410)] (S) Msg TX from 0000000000000000 to 1:FFFFFFFB00000000 [E74B] [UDP:[fe80::bfe:a203:38f0:bce7%enp0s3]:50415] --- Type 0001:09 (IM:InvokeCommandResponse) (B:70)[0m
[0;32m[1784654990.737] [6613:6613] [EM] ??1 [E:52205r S:36855 M:80723482] (S) Msg Retransmission to 1:FFFFFFFB00000000 scheduled for 342ms from now [State:Active II:500 AI:300 AT:4000][0m
[0;34m[1784654990.737] [6613:6613] [DMG] Command response sender moving to [AllInvokeR][0m
[0;32m[1784654990.737] [6613:6613] [EM] >>> [E:52204r S:36855 M:915411 (Ack:80723481)] (S) Msg RX from 1:FFFFFFFB00000000 [E74B] to 0000000000000000 --- Type 0000:10 (SecureChannel:StandaloneAck) (B:34)[0m
[0;34m[1784654990.737] [6613:6613] [EM] Found matching exchange: 52204r, Delegate: (nil)[0m
[0;34m[1784654990.737] [6613:6613] [EM] Rxd Ack; Removing MessageCounter:80723481 from Retrans Table on exchange 52204r[0m
[0;32m[1784654990.738] [6613:6613] [EM] >>> [E:52205r S:36855 M:915412 (Ack:80723482)] (S) Msg RX from 1:FFFFFFFB00000000 [E74B] to 0000000000000000 --- Type 0000:10 (SecureChannel:StandaloneAck) (B:34)[0m
[0;34m[1784654990.738] [6613:6613] [EM] Found matching exchange: 52205r, Delegate: (nil)[0m
[0;34m[1784654990.738] [6613:6613] [EM] Rxd Ack; Removing MessageCounter:80723482 from Retrans Table on exchange 52205r[0m
[0;32m[1784654990.941] [6613:6613] [EM] >>> [E:52206r S:0 M:59752773] (U) Msg RX from 0:F8D9DD23527122DE [0000] to 0000000000000000 --- Type 0000:30 (SecureChannel:CASE_Sigma1) (B:196)[0m
[0;34m[1784654990.942] [6613:6613] [EM] Handling via exchange: 52206r, Delegate: 0x5813cefa45f8[0m
[0;32m[1784654990.942] [6613:6613] [IN] CASE Server received Sigma1 message . Starting handshake. EC 0x5813ed47d470[0m
[0;32m[1784654990.942] [6613:6613] [SC] Received Sigma1 msg[0m
[0;34m[1784654990.942] [6613:6613] [SC] Found MRP parameters in the message[0m
[0;34m[1784654990.942] [6613:6613] [SC] Peer (Initiator) assigned session ID 46575[0m
[0;32m[1784654990.942] [6613:6613] [SC] CASE matched destination ID: fabricIndex 1, NodeID 0x0000000000000001[0m
[0;32m[1784654990.942] [6613:6613] [EM] <<< [E:52206r S:0 M:71276409 (Ack:59752773)] (U) Msg TX from 0000000000000000 to 0:F8D9DD23527122DE [0000] [UDP:[fe80::bfe:a203:38f0:bce7%enp0s3]:50415] --- Type 0000:31 (SecureChannel:CASE_Sigma2) (B:751)[0m
[0;32m[1784654990.942] [6613:6613] [EM] ??1 [E:52206r S:0 M:71276409] (U) Msg Retransmission to 0:0000000000000000 scheduled for 392ms from now [State:Active II:500 AI:300 AT:4000][0m
[0;32m[1784654990.942] [6613:6613] [SC] Sent Sigma2 msg[0m
[0;32m[1784654990.944] [6613:6613] [EM] >>> [E:52206r S:0 M:59752774 (Ack:71276409)] (U) Msg RX from 0:F8D9DD23527122DE [0000] to 0000000000000000 --- Type 0000:32 (SecureChannel:CASE_Sigma3) (B:598)[0m
[0;34m[1784654990.944] [6613:6613] [EM] Found matching exchange: 52206r, Delegate: 0x5813cefa4630[0m
[0;34m[1784654990.944] [6613:6613] [EM] Rxd Ack; Removing MessageCounter:71276409 from Retrans Table on exchange 52206r[0m
[0;32m[1784654990.944] [6613:6613] [SC] Received Sigma3 msg[0m
[1;31m[1784654990.944] [6613:6613] [SC] The device does not support GetClock_RealTimeMS() API: src/protocols/secure_channel/CASESession.cpp:2276: CHIP Error 0x0000006C: Required feature not supported by this configuration.  Falling back to Last Known Good UTC Time[0m
[0;34m[1784654990.948] [6613:6613] [DL] Wrote settings to /tmp/chip_kvs_test[0m
[0;34m[1784654990.951] [6613:6613] [DL] Wrote settings to /tmp/chip_kvs_test[0m
[0;34m[1784654990.953] [6613:6613] [DL] Wrote settings to /tmp/chip_kvs_test[0m
[0;34m[1784654990.953] [6613:6613] [SC] Sending status report. Protocol code 0, exchange 52206[0m
[0;32m[1784654990.953] [6613:6613] [EM] <<< [E:52206r S:0 M:71276410 (Ack:59752774)] (U) Msg TX from 0000000000000000 to 0:F8D9DD23527122DE [0000] [UDP:[fe80::bfe:a203:38f0:bce7%enp0s3]:50415] --- Type 0000:40 (SecureChannel:StatusReport) (B:34)[0m
[0;32m[1784654990.953] [6613:6613] [EM] ??1 [E:52206r S:0 M:71276410] (U) Msg Retransmission to 0:0000000000000000 scheduled for 396ms from now [State:Active II:500 AI:300 AT:4000][0m
[0;32m[1784654990.954] [6613:6613] [SC] SecureSession[0x5813ed468da0, LSID:36856]: State change 'kEstablishing' --> 'kActive'[0m
[0;34m[1784654990.954] [6613:6613] [IN] SecureSession[0x5813ed468da0]: Activated - Type:2 LSID:36856[0m
[0;34m[1784654990.954] [6613:6613] [IN] New secure session activated for device <000000000001B669, 1>, LSID:36856 PSID:46575![0m
[0;32m[1784654990.954] [6613:6613] [IN] CASE Session established to peer: <000000000001B669, 1>[0m
[0;34m[1784654990.954] [6613:6613] [IN] SecureSession[0x5813ed483d40]: Allocated Type:2 LSID:36857[0m
[0;34m[1784654990.954] [6613:6613] [SC] Allocated SecureSession (0x5813ed483d40) - waiting for Sigma1 msg[0m
[0;32m[1784654990.955] [6613:6613] [EM] >>> [E:52207r S:36856 M:173041975] (S) Msg RX from 1:000000000001B669 [E74B] to 0000000000000001 --- Type 0001:08 (IM:InvokeCommandRequest) (B:59)[0m
[0;34m[1784654990.956] [6613:6613] [EM] Handling via exchange: 52207r, Delegate: 0x5813cefaeac8[0m
[0;34m[1784654990.956] [6613:6613] [DMG] InvokeRequestMessage =[0m
[0;34m[1784654990.956] [6613:6613] [DMG] {[0m
[0;34m[1784654990.956] [6613:6613] [DMG] 	suppressResponse = false, [0m
[0;34m[1784654990.956] [6613:6613] [DMG] 	timedRequest = false, [0m
[0;34m[1784654990.956] [6613:6613] [DMG] 	InvokeRequests =[0m
[0;34m[1784654990.956] [6613:6613] [DMG] 	[[0m
[0;34m[1784654990.956] [6613:6613] [DMG] 		CommandDataIB =[0m
[0;34m[1784654990.956] [6613:6613] [DMG] 		{[0m
[0;34m[1784654990.956] [6613:6613] [DMG] 			CommandPathIB =[0m
[0;34m[1784654990.956] [6613:6613] [DMG] 			{[0m
[0;34m[1784654990.956] [6613:6613] [DMG] 				EndpointId = 0x0,[0m
[0;34m[1784654990.956] [6613:6613] [DMG] 				ClusterId = 0x30,[0m
[0;34m[1784654990.956] [6613:6613] [DMG] 				CommandId = 0x4,[0m
[0;34m[1784654990.956] [6613:6613] [DMG] 			},[0m
[0;34m[1784654990.956] [6613:6613] [DMG] 			[0m
[0;34m[1784654990.956] [6613:6613] [DMG] 			CommandFields = [0m
[0;34m[1784654990.956] [6613:6613] [DMG] 			{[0m
[0;34m[1784654990.956] [6613:6613] [DMG] 			},[0m
[0;34m[1784654990.956] [6613:6613] [DMG] 		},[0m
[0;34m[1784654990.956] [6613:6613] [DMG] 		[0m
[0;34m[1784654990.956] [6613:6613] [DMG] 	],[0m
[0;34m[1784654990.956] [6613:6613] [DMG] 	[0m
[0;34m[1784654990.956] [6613:6613] [DMG] 	InteractionModelRevision = 12[0m
[0;34m[1784654990.956] [6613:6613] [DMG] },[0m
[0;32m[1784654990.956] [6613:6613] [DMG] AccessControl: checking f=1 a=c s=0x000000000001B669 t= c=0x0000_0030 e=0 p=o r=i[0m
[0;32m[1784654990.956] [6613:6613] [DMG] AccessControl: allowed[0m
[0;32m[1784654990.956] [6613:6613] [DMG] AccessControl: checking f=1 a=c s=0x000000000001B669 t= c=0x0000_0030 e=0 p=a r=i[0m
[0;32m[1784654990.956] [6613:6613] [DMG] AccessControl: allowed[0m
[0;34m[1784654990.956] [6613:6613] [DMG] Received command for Endpoint=0 Cluster=0x0000_0030 Command=0x0000_0004[0m
[0;32m[1784654990.956] [6613:6613] [FS] GeneralCommissioning: Received CommissioningComplete[0m
[0;34m[1784654990.958] [6613:6613] [DL] Wrote settings to /tmp/chip_kvs_test[0m
[0;34m[1784654990.960] [6613:6613] [DL] Wrote settings to /tmp/chip_kvs_test[0m
[0;32m[1784654990.961] [6613:6613] [FP] Metadata for Fabric 0x1 persisted to storage.[0m
[0;34m[1784654990.963] [6613:6613] [DL] Wrote settings to /tmp/chip_kvs_test[0m
[0;34m[1784654990.966] [6613:6613] [DL] Wrote settings to /tmp/chip_kvs_test[0m
[0;34m[1784654990.968] [6613:6613] [DL] Wrote settings to /tmp/chip_kvs_test[0m
[0;34m[1784654990.970] [6613:6613] [DL] Wrote settings to /tmp/chip_kvs_test[0m
[0;32m[1784654990.970] [6613:6613] [TS] Committing Last Known Good Time to storage: 2023-10-14T01:16:48[0m
[0;34m[1784654990.972] [6613:6613] [DL] Wrote settings to /tmp/chip_kvs_test[0m
[0;34m[1784654990.975] [6613:6613] [DL] Wrote settings to /tmp/chip_kvs_test[0m
[0;32m[1784654990.975] [6613:6613] [ZCL] OpCreds: Fabric index 0x1 was committed to storage. Compressed Fabric Id 0xAB987A54AF86E74B, FabricId 0000000000000001, NodeId 0000000000000001, VendorId 0xFFF1[0m
[0;34m[1784654990.977] [6613:6613] [DL] Wrote settings to /tmp/chip_kvs_test[0m
[0;32m[1784654990.977] [6613:6613] [FS] GeneralCommissioning: Successfully committed pending fabric data[0m
[0;32m[1784654990.977] [6613:6613] [FS] Fail-safe cleanly disarmed[0m
[0;34m[1784654990.977] [6613:6613] [DMG] Command handler moving to [NewRespons][0m
[0;34m[1784654990.977] [6613:6613] [DMG] Command handler moving to [ Preparing][0m
[0;34m[1784654990.977] [6613:6613] [DMG] Command handler moving to [AddingComm][0m
[0;34m[1784654990.977] [6613:6613] [DMG] Command handler moving to [AddedComma][0m
[0;34m[1784654990.977] [6613:6613] [DMG] Decreasing reference count for CommandHandlerImpl, remaining 1[0m
[0;34m[1784654990.977] [6613:6613] [DMG] Decreasing reference count for CommandHandlerImpl, remaining 0[0m
[0;34m[1784654990.977] [6613:6613] [DMG] Command handler moving to [AwaitingDe][0m
[0;32m[1784654990.977] [6613:6613] [EM] <<< [E:52207r S:36856 M:24552390 (Ack:173041975)] (S) Msg TX from 0000000000000001 to 1:000000000001B669 [E74B] [UDP:[fe80::bfe:a203:38f0:bce7%enp0s3]:50415] --- Type 0001:09 (IM:InvokeCommandResponse) (B:70)[0m
[0;32m[1784654990.977] [6613:6613] [EM] ??1 [E:52207r S:36856 M:24552390] (S) Msg Retransmission to 1:000000000001B669 scheduled for 366ms from now [State:Active II:500 AI:300 AT:4000][0m
[0;34m[1784654990.977] [6613:6613] [DMG] Command response sender moving to [AllInvokeR][0m
[0;32m[1784654990.977] [6613:6613] [SVR] Commissioning completed successfully[0m
[0;32m[1784654990.977] [6613:6613] [DIS] Updating services using commissioning mode 0[0m
[0;32m[1784654990.977] [6613:6613] [DIS] CHIP minimal mDNS started advertising.[0m
[0;34m[1784654990.978] [6613:6613] [DL] Using WiFi MAC for hostname[0m
[0;32m[1784654990.978] [6613:6613] [DIS] Advertise operational node AB987A54AF86E74B-0000000000000001[0m
[0;34m[1784654990.978] [6613:6613] [DIS] Responding with _matter._tcp.local[0m
[0;34m[1784654990.978] [6613:6613] [DIS] Responding with AB987A54AF86E74B-0000000000000001._matter._tcp.local[0m
[0;34m[1784654990.978] [6613:6613] [DIS] Responding with AB987A54AF86E74B-0000000000000001._matter._tcp.local[0m
[0;34m[1784654990.978] [6613:6613] [DIS] Responding with 080027AE1A43.local[0m
[0;34m[1784654990.978] [6613:6613] [DIS] Responding with 080027AE1A43.local[0m
[0;34m[1784654990.978] [6613:6613] [DIS] Responding with _IAB987A54AF86E74B._sub._matter._tcp.local[0m
[0;32m[1784654990.978] [6613:6613] [DIS] CHIP minimal mDNS configured as 'Operational device'; instance name: AB987A54AF86E74B-0000000000000001.[0m
[0;32m[1784654990.979] [6613:6613] [DIS] mDNS service published: _matter._tcp[0m
[0;34m[1784654990.979] [6613:6613] [IN] Expiring all PASE sessions[0m
[0;34m[1784654990.979] [6613:6613] [IN] SecureSession[0x5813ed468890]: MarkForEviction Type:1 LSID:36855[0m
[0;32m[1784654990.979] [6613:6613] [SC] SecureSession[0x5813ed468890, LSID:36855]: State change 'kActive' --> 'kPendingEviction'[0m
[0;34m[1784654990.979] [6613:6613] [IN] SecureSession[0x5813ed468890]: Released - Type:1 LSID:36855[0m
[0;32m[1784654990.979] [6613:6613] [PAF] WiFiPAF: Closing all WiFiPAF sessions to shutdown[0m
[0;32m[1784654990.979] [6613:6613] [EM] >>> [E:52206r S:0 M:59752775 (Ack:71276410)] (U) Msg RX from 0:F8D9DD23527122DE [0000] to 0000000000000000 --- Type 0000:10 (SecureChannel:StandaloneAck) (B:26)[0m
[0;34m[1784654990.979] [6613:6613] [EM] Found matching exchange: 52206r, Delegate: (nil)[0m
[0;34m[1784654990.979] [6613:6613] [EM] Rxd Ack; Removing MessageCounter:71276410 from Retrans Table on exchange 52206r[0m
[0;32m[1784654990.979] [6613:6613] [EM] >>> [E:52207r S:36856 M:173041976 (Ack:24552390)] (S) Msg RX from 1:000000000001B669 [E74B] to 0000000000000001 --- Type 0000:10 (SecureChannel:StandaloneAck) (B:34)[0m
[0;34m[1784654990.979] [6613:6613] [EM] Found matching exchange: 52207r, Delegate: (nil)[0m
[0;34m[1784654990.979] [6613:6613] [EM] Rxd Ack; Removing MessageCounter:24552390 from Retrans Table on exchange 52207r[0m
[0;32m[1784654991.324] [6613:6613] [EM] >>> [E:33672r S:0 M:199727077] (U) Msg RX from 0:FE471ED0F85F1C20 [0000] to 0000000000000000 --- Type 0000:30 (SecureChannel:CASE_Sigma1) (B:196)[0m
[0;34m[1784654991.324] [6613:6613] [EM] Handling via exchange: 33672r, Delegate: 0x5813cefa45f8[0m
[0;32m[1784654991.324] [6613:6613] [IN] CASE Server received Sigma1 message . Starting handshake. EC 0x5813ed47d470[0m
[0;32m[1784654991.324] [6613:6613] [SC] Received Sigma1 msg[0m
[0;34m[1784654991.324] [6613:6613] [SC] Found MRP parameters in the message[0m
[0;34m[1784654991.324] [6613:6613] [SC] Peer (Initiator) assigned session ID 5397[0m
[0;32m[1784654991.325] [6613:6613] [SC] CASE matched destination ID: fabricIndex 1, NodeID 0x0000000000000001[0m
[0;32m[1784654991.325] [6613:6613] [EM] <<< [E:33672r S:0 M:71276411 (Ack:199727077)] (U) Msg TX from 0000000000000000 to 0:FE471ED0F85F1C20 [0000] [UDP:[fe80::bfe:a203:38f0:bce7%enp0s3]:58153] --- Type 0000:31 (SecureChannel:CASE_Sigma2) (B:751)[0m
[0;32m[1784654991.326] [6613:6613] [EM] ??1 [E:33672r S:0 M:71276411] (U) Msg Retransmission to 0:0000000000000000 scheduled for 411ms from now [State:Active II:500 AI:300 AT:4000][0m
[0;32m[1784654991.326] [6613:6613] [SC] Sent Sigma2 msg[0m
[0;32m[1784654991.327] [6613:6613] [EM] >>> [E:33672r S:0 M:199727078 (Ack:71276411)] (U) Msg RX from 0:FE471ED0F85F1C20 [0000] to 0000000000000000 --- Type 0000:32 (SecureChannel:CASE_Sigma3) (B:598)[0m
[0;34m[1784654991.327] [6613:6613] [EM] Found matching exchange: 33672r, Delegate: 0x5813cefa4630[0m
[0;34m[1784654991.327] [6613:6613] [EM] Rxd Ack; Removing MessageCounter:71276411 from Retrans Table on exchange 33672r[0m
[0;32m[1784654991.327] [6613:6613] [SC] Received Sigma3 msg[0m
[1;31m[1784654991.327] [6613:6613] [SC] The device does not support GetClock_RealTimeMS() API: src/protocols/secure_channel/CASESession.cpp:2276: CHIP Error 0x0000006C: Required feature not supported by this configuration.  Falling back to Last Known Good UTC Time[0m
[0;34m[1784654991.330] [6613:6613] [DL] Wrote settings to /tmp/chip_kvs_test[0m
[0;34m[1784654991.332] [6613:6613] [DL] Wrote settings to /tmp/chip_kvs_test[0m
[0;34m[1784654991.334] [6613:6613] [DL] Wrote settings to /tmp/chip_kvs_test[0m
[0;34m[1784654991.334] [6613:6613] [SC] Sending status report. Protocol code 0, exchange 33672[0m
[0;32m[1784654991.335] [6613:6613] [EM] <<< [E:33672r S:0 M:71276412 (Ack:199727078)] (U) Msg TX from 0000000000000000 to 0:FE471ED0F85F1C20 [0000] [UDP:[fe80::bfe:a203:38f0:bce7%enp0s3]:58153] --- Type 0000:40 (SecureChannel:StatusReport) (B:34)[0m
[0;32m[1784654991.335] [6613:6613] [EM] ??1 [E:33672r S:0 M:71276412] (U) Msg Retransmission to 0:0000000000000000 scheduled for 377ms from now [State:Active II:500 AI:300 AT:4000][0m
[0;32m[1784654991.335] [6613:6613] [SC] SecureSession[0x5813ed483d40, LSID:36857]: State change 'kEstablishing' --> 'kActive'[0m
[0;34m[1784654991.335] [6613:6613] [IN] SecureSession[0x5813ed483d40]: Activated - Type:2 LSID:36857[0m
[0;34m[1784654991.335] [6613:6613] [IN] New secure session activated for device <000000000001B669, 1>, LSID:36857 PSID:5397![0m
[0;32m[1784654991.335] [6613:6613] [IN] CASE Session established to peer: <000000000001B669, 1>[0m
[0;34m[1784654991.335] [6613:6613] [IN] SecureSession[0x5813ed468890]: Allocated Type:2 LSID:36858[0m
[0;34m[1784654991.335] [6613:6613] [SC] Allocated SecureSession (0x5813ed468890) - waiting for Sigma1 msg[0m
[0;32m[1784654991.337] [6613:6613] [EM] >>> [E:33673r S:36857 M:232036722] (S) Msg RX from 1:000000000001B669 [E74B] to 0000000000000001 --- Type 0001:08 (IM:InvokeCommandRequest) (B:65)[0m
[0;34m[1784654991.337] [6613:6613] [EM] Handling via exchange: 33673r, Delegate: 0x5813cefaeac8[0m
[0;34m[1784654991.337] [6613:6613] [DMG] InvokeRequestMessage =[0m
[0;34m[1784654991.337] [6613:6613] [DMG] {[0m
[0;34m[1784654991.337] [6613:6613] [DMG] 	suppressResponse = false, [0m
[0;34m[1784654991.337] [6613:6613] [DMG] 	timedRequest = false, [0m
[0;34m[1784654991.337] [6613:6613] [DMG] 	InvokeRequests =[0m
[0;34m[1784654991.337] [6613:6613] [DMG] 	[[0m
[0;34m[1784654991.337] [6613:6613] [DMG] 		CommandDataIB =[0m
[0;34m[1784654991.337] [6613:6613] [DMG] 		{[0m
[0;34m[1784654991.337] [6613:6613] [DMG] 			CommandPathIB =[0m
[0;34m[1784654991.337] [6613:6613] [DMG] 			{[0m
[0;34m[1784654991.337] [6613:6613] [DMG] 				EndpointId = 0x0,[0m
[0;34m[1784654991.337] [6613:6613] [DMG] 				ClusterId = 0x30,[0m
[0;34m[1784654991.337] [6613:6613] [DMG] 				CommandId = 0x0,[0m
[0;34m[1784654991.337] [6613:6613] [DMG] 			},[0m
[0;34m[1784654991.337] [6613:6613] [DMG] 			[0m
[0;34m[1784654991.337] [6613:6613] [DMG] 			CommandFields = [0m
[0;34m[1784654991.337] [6613:6613] [DMG] 			{[0m
[0;34m[1784654991.337] [6613:6613] [DMG] 				0x0 = 60 (unsigned), [0m
[0;34m[1784654991.337] [6613:6613] [DMG] 				0x1 = 0 (unsigned), [0m
[0;34m[1784654991.337] [6613:6613] [DMG] 			},[0m
[0;34m[1784654991.337] [6613:6613] [DMG] 		},[0m
[0;34m[1784654991.337] [6613:6613] [DMG] 		[0m
[0;34m[1784654991.337] [6613:6613] [DMG] 	],[0m
[0;34m[1784654991.337] [6613:6613] [DMG] 	[0m
[0;34m[1784654991.337] [6613:6613] [DMG] 	InteractionModelRevision = 12[0m
[0;34m[1784654991.337] [6613:6613] [DMG] },[0m
[0;32m[1784654991.337] [6613:6613] [DMG] AccessControl: checking f=1 a=c s=0x000000000001B669 t= c=0x0000_0030 e=0 p=o r=i[0m
[0;32m[1784654991.337] [6613:6613] [DMG] AccessControl: allowed[0m
[0;32m[1784654991.337] [6613:6613] [DMG] AccessControl: checking f=1 a=c s=0x000000000001B669 t= c=0x0000_0030 e=0 p=a r=i[0m
[0;32m[1784654991.337] [6613:6613] [DMG] AccessControl: allowed[0m
[0;34m[1784654991.337] [6613:6613] [DMG] Received command for Endpoint=0 Cluster=0x0000_0030 Command=0x0000_0000[0m
[0;32m[1784654991.337] [6613:6613] [FS] GeneralCommissioning: Received ArmFailSafe (60s)[0m
[0;34m[1784654991.337] [6613:6613] [DMG] Command handler moving to [NewRespons][0m
[0;34m[1784654991.337] [6613:6613] [DMG] Command handler moving to [ Preparing][0m
[0;34m[1784654991.337] [6613:6613] [DMG] Command handler moving to [AddingComm][0m
[0;34m[1784654991.337] [6613:6613] [DMG] Command handler moving to [AddedComma][0m
[0;34m[1784654991.337] [6613:6613] [DMG] Decreasing reference count for CommandHandlerImpl, remaining 1[0m
[0;34m[1784654991.337] [6613:6613] [DMG] Decreasing reference count for CommandHandlerImpl, remaining 0[0m
[0;34m[1784654991.337] [6613:6613] [DMG] Command handler moving to [AwaitingDe][0m
[0;32m[1784654991.337] [6613:6613] [EM] <<< [E:33673r S:36857 M:66199464 (Ack:232036722)] (S) Msg TX from 0000000000000001 to 1:000000000001B669 [E74B] [UDP:[fe80::bfe:a203:38f0:bce7%enp0s3]:58153] --- Type 0001:09 (IM:InvokeCommandResponse) (B:70)[0m
[0;32m[1784654991.337] [6613:6613] [EM] ??1 [E:33673r S:36857 M:66199464] (S) Msg Retransmission to 1:000000000001B669 scheduled for 344ms from now [State:Active II:500 AI:300 AT:4000][0m
[0;34m[1784654991.337] [6613:6613] [DMG] Command response sender moving to [AllInvokeR][0m
[0;32m[1784654991.337] [6613:6613] [EM] >>> [E:33672r S:0 M:199727079 (Ack:71276412)] (U) Msg RX from 0:FE471ED0F85F1C20 [0000] to 0000000000000000 --- Type 0000:10 (SecureChannel:StandaloneAck) (B:26)[0m
[0;34m[1784654991.337] [6613:6613] [EM] Found matching exchange: 33672r, Delegate: (nil)[0m
[0;34m[1784654991.337] [6613:6613] [EM] Rxd Ack; Removing MessageCounter:71276412 from Retrans Table on exchange 33672r[0m
[0;32m[1784654991.338] [6613:6613] [EM] >>> [E:33673r S:36857 M:232036723 (Ack:66199464)] (S) Msg RX from 1:000000000001B669 [E74B] to 0000000000000001 --- Type 0000:10 (SecureChannel:StandaloneAck) (B:34)[0m
[0;34m[1784654991.338] [6613:6613] [EM] Found matching exchange: 33673r, Delegate: (nil)[0m
[0;34m[1784654991.338] [6613:6613] [EM] Rxd Ack; Removing MessageCounter:66199464 from Retrans Table on exchange 33673r[0m
[0;32m[1784654991.615] [6613:6613] [EM] >>> [E:22620r S:0 M:31414650] (U) Msg RX from 0:65366BDD570CD06C [0000] to 0000000000000000 --- Type 0000:30 (SecureChannel:CASE_Sigma1) (B:196)[0m
[0;34m[1784654991.615] [6613:6613] [EM] Handling via exchange: 22620r, Delegate: 0x5813cefa45f8[0m
[0;32m[1784654991.615] [6613:6613] [IN] CASE Server received Sigma1 message . Starting handshake. EC 0x5813ed465770[0m
[0;32m[1784654991.615] [6613:6613] [SC] Received Sigma1 msg[0m
[0;34m[1784654991.615] [6613:6613] [SC] Found MRP parameters in the message[0m
[0;34m[1784654991.615] [6613:6613] [SC] Peer (Initiator) assigned session ID 63334[0m
[0;32m[1784654991.616] [6613:6613] [SC] CASE matched destination ID: fabricIndex 1, NodeID 0x0000000000000001[0m
[0;32m[1784654991.618] [6613:6613] [EM] <<< [E:22620r S:0 M:71276413 (Ack:31414650)] (U) Msg TX from 0000000000000000 to 0:65366BDD570CD06C [0000] [UDP:[fe80::bfe:a203:38f0:bce7%enp0s3]:37306] --- Type 0000:31 (SecureChannel:CASE_Sigma2) (B:751)[0m
[0;32m[1784654991.618] [6613:6613] [EM] ??1 [E:22620r S:0 M:71276413] (U) Msg Retransmission to 0:0000000000000000 scheduled for 349ms from now [State:Active II:500 AI:300 AT:4000][0m
[0;32m[1784654991.618] [6613:6613] [SC] Sent Sigma2 msg[0m
[0;32m[1784654991.620] [6613:6613] [EM] >>> [E:22620r S:0 M:31414651 (Ack:71276413)] (U) Msg RX from 0:65366BDD570CD06C [0000] to 0000000000000000 --- Type 0000:32 (SecureChannel:CASE_Sigma3) (B:598)[0m
[0;34m[1784654991.620] [6613:6613] [EM] Found matching exchange: 22620r, Delegate: 0x5813cefa4630[0m
[0;34m[1784654991.620] [6613:6613] [EM] Rxd Ack; Removing MessageCounter:71276413 from Retrans Table on exchange 22620r[0m
[0;32m[1784654991.620] [6613:6613] [SC] Received Sigma3 msg[0m
[1;31m[1784654991.620] [6613:6613] [SC] The device does not support GetClock_RealTimeMS() API: src/protocols/secure_channel/CASESession.cpp:2276: CHIP Error 0x0000006C: Required feature not supported by this configuration.  Falling back to Last Known Good UTC Time[0m
[0;34m[1784654991.624] [6613:6613] [DL] Wrote settings to /tmp/chip_kvs_test[0m
[0;34m[1784654991.626] [6613:6613] [DL] Wrote settings to /tmp/chip_kvs_test[0m
[0;34m[1784654991.628] [6613:6613] [DL] Wrote settings to /tmp/chip_kvs_test[0m
[0;34m[1784654991.628] [6613:6613] [SC] Sending status report. Protocol code 0, exchange 22620[0m
[0;32m[1784654991.628] [6613:6613] [EM] <<< [E:22620r S:0 M:71276414 (Ack:31414651)] (U) Msg TX from 0000000000000000 to 0:65366BDD570CD06C [0000] [UDP:[fe80::bfe:a203:38f0:bce7%enp0s3]:37306] --- Type 0000:40 (SecureChannel:StatusReport) (B:34)[0m
[0;32m[1784654991.628] [6613:6613] [EM] ??1 [E:22620r S:0 M:71276414] (U) Msg Retransmission to 0:0000000000000000 scheduled for 394ms from now [State:Active II:500 AI:300 AT:4000][0m
[0;32m[1784654991.628] [6613:6613] [SC] SecureSession[0x5813ed468890, LSID:36858]: State change 'kEstablishing' --> 'kActive'[0m
[0;34m[1784654991.628] [6613:6613] [IN] SecureSession[0x5813ed468890]: Activated - Type:2 LSID:36858[0m
[0;34m[1784654991.628] [6613:6613] [IN] New secure session activated for device <000000000001B669, 1>, LSID:36858 PSID:63334![0m
[0;32m[1784654991.629] [6613:6613] [IN] CASE Session established to peer: <000000000001B669, 1>[0m
[0;34m[1784654991.629] [6613:6613] [IN] SecureSession[0x5813ed485df0]: Allocated Type:2 LSID:36859[0m
[0;34m[1784654991.629] [6613:6613] [SC] Allocated SecureSession (0x5813ed485df0) - waiting for Sigma1 msg[0m
[0;32m[1784654991.631] [6613:6613] [EM] >>> [E:22621r S:36858 M:22310382] (S) Msg RX from 1:000000000001B669 [E74B] to 0000000000000001 --- Type 0001:08 (IM:InvokeCommandRequest) (B:96)[0m
[0;34m[1784654991.631] [6613:6613] [EM] Handling via exchange: 22621r, Delegate: 0x5813cefaeac8[0m
[0;34m[1784654991.631] [6613:6613] [DMG] InvokeRequestMessage =[0m
[0;34m[1784654991.631] [6613:6613] [DMG] {[0m
[0;34m[1784654991.631] [6613:6613] [DMG] 	suppressResponse = false, [0m
[0;34m[1784654991.631] [6613:6613] [DMG] 	timedRequest = false, [0m
[0;34m[1784654991.631] [6613:6613] [DMG] 	InvokeRequests =[0m
[0;34m[1784654991.631] [6613:6613] [DMG] 	[[0m
[0;34m[1784654991.631] [6613:6613] [DMG] 		CommandDataIB =[0m
[0;34m[1784654991.631] [6613:6613] [DMG] 		{[0m
[0;34m[1784654991.631] [6613:6613] [DMG] 			CommandPathIB =[0m
[0;34m[1784654991.631] [6613:6613] [DMG] 			{[0m
[0;34m[1784654991.631] [6613:6613] [DMG] 				EndpointId = 0x0,[0m
[0;34m[1784654991.631] [6613:6613] [DMG] 				ClusterId = 0x3e,[0m
[0;34m[1784654991.631] [6613:6613] [DMG] 				CommandId = 0x4,[0m
[0;34m[1784654991.631] [6613:6613] [DMG] 			},[0m
[0;34m[1784654991.631] [6613:6613] [DMG] 			[0m
[0;34m[1784654991.631] [6613:6613] [DMG] 			CommandFields = [0m
[0;34m[1784654991.631] [6613:6613] [DMG] 			{[0m
[0;34m[1784654991.631] [6613:6613] [DMG] 				0x0 = [[0m
[0;34m[1784654991.631] [6613:6613] [DMG] 						0x65, 0xdf, 0x9e, 0x11, 0xaf, 0x1a, 0xab, 0x0b, 0x40, 0xba, 0x31, 0x46, 0x79, 0x54, 0xe3, 0xfd, 0xbe, 0x28, 0x65, 0xdd, 0x05, 0xfc, 0x07, 0x91, 0xcb, 0x52, 0x96, 0x1d, 0x4c, 0x8e, 0xd8, 0x91, [0m
[0;34m[1784654991.631] [6613:6613] [DMG] 				] (32 bytes)[0m
[0;34m[1784654991.631] [6613:6613] [DMG] 				0x1 = true, [0m
[0;34m[1784654991.631] [6613:6613] [DMG] 			},[0m
[0;34m[1784654991.631] [6613:6613] [DMG] 		},[0m
[0;34m[1784654991.631] [6613:6613] [DMG] 		[0m
[0;34m[1784654991.631] [6613:6613] [DMG] 	],[0m
[0;34m[1784654991.631] [6613:6613] [DMG] 	[0m
[0;34m[1784654991.631] [6613:6613] [DMG] 	InteractionModelRevision = 12[0m
[0;34m[1784654991.631] [6613:6613] [DMG] },[0m
[0;32m[1784654991.631] [6613:6613] [DMG] AccessControl: checking f=1 a=c s=0x000000000001B669 t= c=0x0000_003E e=0 p=o r=i[0m
[0;32m[1784654991.631] [6613:6613] [DMG] AccessControl: allowed[0m
[0;32m[1784654991.631] [6613:6613] [DMG] AccessControl: checking f=1 a=c s=0x000000000001B669 t= c=0x0000_003E e=0 p=a r=i[0m
[0;32m[1784654991.631] [6613:6613] [DMG] AccessControl: allowed[0m
[0;34m[1784654991.631] [6613:6613] [DMG] Received command for Endpoint=0 Cluster=0x0000_003E Command=0x0000_0004[0m
[0;32m[1784654991.631] [6613:6613] [ZCL] OpCreds: Received a CSRRequest command[0m
[0;32m[1784654991.631] [6613:6613] [ZCL] OpCreds: AllocatePendingOperationalKey succeeded[0m
[0;32m[1784654991.631] [6613:6613] [ZCL] OpCreds: CSRRequest successful.[0m
[0;34m[1784654991.631] [6613:6613] [DMG] Command handler moving to [NewRespons][0m
[0;34m[1784654991.631] [6613:6613] [DMG] Command handler moving to [ Preparing][0m
[0;34m[1784654991.631] [6613:6613] [DMG] Command handler moving to [AddingComm][0m
[0;34m[1784654991.631] [6613:6613] [DMG] Command handler moving to [AddedComma][0m
[0;34m[1784654991.631] [6613:6613] [DMG] Decreasing reference count for CommandHandlerImpl, remaining 1[0m
[0;34m[1784654991.631] [6613:6613] [DMG] Decreasing reference count for CommandHandlerImpl, remaining 0[0m
[0;34m[1784654991.631] [6613:6613] [DMG] Command handler moving to [AwaitingDe][0m
[0;32m[1784654991.632] [6613:6613] [EM] <<< [E:22621r S:36858 M:191717511 (Ack:22310382)] (S) Msg TX from 0000000000000001 to 1:000000000001B669 [E74B] [UDP:[fe80::bfe:a203:38f0:bce7%enp0s3]:37306] --- Type 0001:09 (IM:InvokeCommandResponse) (B:378)[0m
[0;32m[1784654991.632] [6613:6613] [EM] ??1 [E:22621r S:36858 M:191717511] (S) Msg Retransmission to 1:000000000001B669 scheduled for 392ms from now [State:Active II:500 AI:300 AT:4000][0m
[0;34m[1784654991.632] [6613:6613] [DMG] Command response sender moving to [AllInvokeR][0m
[0;32m[1784654991.632] [6613:6613] [EM] >>> [E:22620r S:0 M:31414652 (Ack:71276414)] (U) Msg RX from 0:65366BDD570CD06C [0000] to 0000000000000000 --- Type 0000:10 (SecureChannel:StandaloneAck) (B:26)[0m
[0;34m[1784654991.632] [6613:6613] [EM] Found matching exchange: 22620r, Delegate: (nil)[0m
[0;34m[1784654991.632] [6613:6613] [EM] Rxd Ack; Removing MessageCounter:71276414 from Retrans Table on exchange 22620r[0m
[0;32m[1784654991.632] [6613:6613] [EM] >>> [E:22621r S:36858 M:22310383 (Ack:191717511)] (S) Msg RX from 1:000000000001B669 [E74B] to 0000000000000001 --- Type 0000:10 (SecureChannel:StandaloneAck) (B:34)[0m
[0;34m[1784654991.632] [6613:6613] [EM] Found matching exchange: 22621r, Delegate: (nil)[0m
[0;34m[1784654991.632] [6613:6613] [EM] Rxd Ack; Removing MessageCounter:191717511 from Retrans Table on exchange 22621r[0m
[0;32m[1784654992.015] [6613:6613] [EM] >>> [E:42026r S:0 M:236799099] (U) Msg RX from 0:31836DE4CB4E7352 [0000] to 0000000000000000 --- Type 0000:30 (SecureChannel:CASE_Sigma1) (B:196)[0m
[0;34m[1784654992.015] [6613:6613] [EM] Handling via exchange: 42026r, Delegate: 0x5813cefa45f8[0m
[0;32m[1784654992.015] [6613:6613] [IN] CASE Server received Sigma1 message . Starting handshake. EC 0x5813ed47aac0[0m
[0;32m[1784654992.015] [6613:6613] [SC] Received Sigma1 msg[0m
[0;34m[1784654992.015] [6613:6613] [SC] Found MRP parameters in the message[0m
[0;34m[1784654992.015] [6613:6613] [SC] Peer (Initiator) assigned session ID 1572[0m
[0;32m[1784654992.015] [6613:6613] [SC] CASE matched destination ID: fabricIndex 1, NodeID 0x0000000000000001[0m
[0;32m[1784654992.015] [6613:6613] [EM] <<< [E:42026r S:0 M:71276415 (Ack:236799099)] (U) Msg TX from 0000000000000000 to 0:31836DE4CB4E7352 [0000] [UDP:[fe80::bfe:a203:38f0:bce7%enp0s3]:42531] --- Type 0000:31 (SecureChannel:CASE_Sigma2) (B:751)[0m
[0;32m[1784654992.015] [6613:6613] [EM] ??1 [E:42026r S:0 M:71276415] (U) Msg Retransmission to 0:0000000000000000 scheduled for 340ms from now [State:Active II:500 AI:300 AT:4000][0m
[0;32m[1784654992.016] [6613:6613] [SC] Sent Sigma2 msg[0m
[0;32m[1784654992.018] [6613:6613] [EM] >>> [E:42026r S:0 M:236799100 (Ack:71276415)] (U) Msg RX from 0:31836DE4CB4E7352 [0000] to 0000000000000000 --- Type 0000:32 (SecureChannel:CASE_Sigma3) (B:598)[0m
[0;34m[1784654992.018] [6613:6613] [EM] Found matching exchange: 42026r, Delegate: 0x5813cefa4630[0m
[0;34m[1784654992.018] [6613:6613] [EM] Rxd Ack; Removing MessageCounter:71276415 from Retrans Table on exchange 42026r[0m
[0;32m[1784654992.018] [6613:6613] [SC] Received Sigma3 msg[0m
[1;31m[1784654992.018] [6613:6613] [SC] The device does not support GetClock_RealTimeMS() API: src/protocols/secure_channel/CASESession.cpp:2276: CHIP Error 0x0000006C: Required feature not supported by this configuration.  Falling back to Last Known Good UTC Time[0m
[0;34m[1784654992.022] [6613:6613] [DL] Wrote settings to /tmp/chip_kvs_test[0m
[0;34m[1784654992.025] [6613:6613] [DL] Wrote settings to /tmp/chip_kvs_test[0m
[0;34m[1784654992.027] [6613:6613] [DL] Wrote settings to /tmp/chip_kvs_test[0m
[0;34m[1784654992.027] [6613:6613] [SC] Sending status report. Protocol code 0, exchange 42026[0m
[0;32m[1784654992.027] [6613:6613] [EM] <<< [E:42026r S:0 M:71276416 (Ack:236799100)] (U) Msg TX from 0000000000000000 to 0:31836DE4CB4E7352 [0000] [UDP:[fe80::bfe:a203:38f0:bce7%enp0s3]:42531] --- Type 0000:40 (SecureChannel:StatusReport) (B:34)[0m
[0;32m[1784654992.027] [6613:6613] [EM] ??1 [E:42026r S:0 M:71276416] (U) Msg Retransmission to 0:0000000000000000 scheduled for 352ms from now [State:Active II:500 AI:300 AT:4000][0m
[0;32m[1784654992.028] [6613:6613] [SC] SecureSession[0x5813ed485df0, LSID:36859]: State change 'kEstablishing' --> 'kActive'[0m
[0;34m[1784654992.028] [6613:6613] [IN] SecureSession[0x5813ed485df0]: Activated - Type:2 LSID:36859[0m
[0;34m[1784654992.028] [6613:6613] [IN] New secure session activated for device <000000000001B669, 1>, LSID:36859 PSID:1572![0m
[0;32m[1784654992.028] [6613:6613] [IN] CASE Session established to peer: <000000000001B669, 1>[0m
[0;34m[1784654992.028] [6613:6613] [IN] SecureSession[0x5813ed486ea0]: Allocated Type:2 LSID:36860[0m
[0;34m[1784654992.028] [6613:6613] [SC] Allocated SecureSession (0x5813ed486ea0) - waiting for Sigma1 msg[0m
[0;32m[1784654992.029] [6613:6613] [EM] >>> [E:42027r S:36859 M:172505941] (S) Msg RX from 1:000000000001B669 [E74B] to 0000000000000001 --- Type 0001:02 (IM:ReadRequest) (B:51)[0m
[0;34m[1784654992.029] [6613:6613] [EM] Handling via exchange: 42027r, Delegate: 0x5813cefaeac8[0m
[0;34m[1784654992.029] [6613:6613] [IM] Received Read request[0m
[0;34m[1784654992.029] [6613:6613] [DMG] ReadRequestMessage =[0m
[0;34m[1784654992.029] [6613:6613] [DMG] {[0m
[0;34m[1784654992.029] [6613:6613] [DMG] 	AttributePathIBs =[0m
[0;34m[1784654992.029] [6613:6613] [DMG] 	[[0m
[0;34m[1784654992.029] [6613:6613] [DMG] 		AttributePathIB =[0m
[0;34m[1784654992.029] [6613:6613] [DMG] 		{[0m
[0;34m[1784654992.029] [6613:6613] [DMG] 			Endpoint = 0x0,[0m
[0;34m[1784654992.029] [6613:6613] [DMG] 			Cluster = 0x3e,[0m
[0;34m[1784654992.029] [6613:6613] [DMG] 			Attribute = 0x0000_0004,[0m
[0;34m[1784654992.029] [6613:6613] [DMG] 		}[0m
[0;34m[1784654992.029] [6613:6613] [DMG] 			[0m
[0;34m[1784654992.029] [6613:6613] [DMG] 	],[0m
[0;34m[1784654992.029] [6613:6613] [DMG] 		[0m
[0;34m[1784654992.029] [6613:6613] [DMG] 	isFabricFiltered = true, [0m
[0;34m[1784654992.029] [6613:6613] [DMG] 	InteractionModelRevision = 12[0m
[0;34m[1784654992.029] [6613:6613] [DMG] },[0m
[0;34m[1784654992.029] [6613:6613] [DMG] IM RH moving to [CanStartReporting][0m
[0;34m[1784654992.029] [6613:6613] [DMG] Building Reports for ReadHandler with LastReportGeneration = 0x0000000000000000 DirtyGeneration = 0x0000000000000000[0m
[0;34m[1784654992.029] [6613:6613] [DMG] <RE:Run> Cluster 3e, Attribute 4 is dirty[0m
[0;32m[1784654992.029] [6613:6613] [DMG] AccessControl: checking f=1 a=c s=0x000000000001B669 t= c=0x0000_003E e=0 p=v r=r[0m
[0;32m[1784654992.029] [6613:6613] [DMG] AccessControl: allowed[0m
[0;32m[1784654992.029] [6613:6613] [DMG] AccessControl: checking f=1 a=c s=0x000000000001B669 t= c=0x0000_003E e=0 p=v r=r[0m
[0;32m[1784654992.029] [6613:6613] [DMG] AccessControl: allowed[0m
[0;34m[1784654992.029] [6613:6613] [DMG] Reading attribute: Cluster=0x0000_003E Endpoint=0x0 AttributeId=0x0000_0004 (expanded=0)[0m
[0;34m[1784654992.029] [6613:6613] [DMG] <RE> Sending report (payload has 269 bytes)...[0m
[0;32m[1784654992.029] [6613:6613] [EM] <<< [E:42027r S:36859 M:166134031 (Ack:172505941)] (S) Msg TX from 0000000000000001 to 1:000000000001B669 [E74B] [UDP:[fe80::bfe:a203:38f0:bce7%enp0s3]:42531] --- Type 0001:05 (IM:ReportData) (B:303)[0m
[0;32m[1784654992.029] [6613:6613] [EM] ??1 [E:42027r S:36859 M:166134031] (S) Msg Retransmission to 1:000000000001B669 scheduled for 365ms from now [State:Active II:500 AI:300 AT:4000][0m
[0;34m[1784654992.029] [6613:6613] [DMG] <RE> OnReportConfirm: NumReports = 0[0m
[0;34m[1784654992.029] [6613:6613] [DMG] <RE> ReportsInFlight = 0 with readHandler 0, RE has no more messages[0m
[0;34m[1784654992.029] [6613:6613] [DMG] IM RH moving to [AwaitingDestruction][0m
[0;34m[1784654992.030] [6613:6613] [DMG] All ReadHandler-s are clean, clear GlobalDirtySet[0m
[0;32m[1784654992.030] [6613:6613] [EM] >>> [E:42026r S:0 M:236799101 (Ack:71276416)] (U) Msg RX from 0:31836DE4CB4E7352 [0000] to 0000000000000000 --- Type 0000:10 (SecureChannel:StandaloneAck) (B:26)[0m
[0;34m[1784654992.030] [6613:6613] [EM] Found matching exchange: 42026r, Delegate: (nil)[0m
[0;34m[1784654992.030] [6613:6613] [EM] Rxd Ack; Removing MessageCounter:71276416 from Retrans Table on exchange 42026r[0m
[0;32m[1784654992.030] [6613:6613] [EM] >>> [E:42027r S:36859 M:172505942 (Ack:166134031)] (S) Msg RX from 1:000000000001B669 [E74B] to 0000000000000001 --- Type 0000:10 (SecureChannel:StandaloneAck) (B:34)[0m
[0;34m[1784654992.030] [6613:6613] [EM] Found matching exchange: 42027r, Delegate: (nil)[0m
[0;34m[1784654992.030] [6613:6613] [EM] Rxd Ack; Removing MessageCounter:166134031 from Retrans Table on exchange 42027r[0m
[0;32m[1784654992.340] [6613:6613] [EM] >>> [E:52736r S:0 M:82405559] (U) Msg RX from 0:80451082F95C0401 [0000] to 0000000000000000 --- Type 0000:30 (SecureChannel:CASE_Sigma1) (B:196)[0m
[0;34m[1784654992.340] [6613:6613] [EM] Handling via exchange: 52736r, Delegate: 0x5813cefa45f8[0m
[0;32m[1784654992.340] [6613:6613] [IN] CASE Server received Sigma1 message . Starting handshake. EC 0x5813ed485860[0m
[0;32m[1784654992.340] [6613:6613] [SC] Received Sigma1 msg[0m
[0;34m[1784654992.340] [6613:6613] [SC] Found MRP parameters in the message[0m
[0;34m[1784654992.340] [6613:6613] [SC] Peer (Initiator) assigned session ID 53364[0m
[0;32m[1784654992.340] [6613:6613] [SC] CASE matched destination ID: fabricIndex 1, NodeID 0x0000000000000001[0m
[0;32m[1784654992.341] [6613:6613] [EM] <<< [E:52736r S:0 M:71276417 (Ack:82405559)] (U) Msg TX from 0000000000000000 to 0:80451082F95C0401 [0000] [UDP:[fe80::bfe:a203:38f0:bce7%enp0s3]:51793] --- Type 0000:31 (SecureChannel:CASE_Sigma2) (B:751)[0m
[0;32m[1784654992.341] [6613:6613] [EM] ??1 [E:52736r S:0 M:71276417] (U) Msg Retransmission to 0:0000000000000000 scheduled for 379ms from now [State:Active II:500 AI:300 AT:4000][0m
[0;32m[1784654992.341] [6613:6613] [SC] Sent Sigma2 msg[0m
[0;32m[1784654992.342] [6613:6613] [EM] >>> [E:52736r S:0 M:82405560 (Ack:71276417)] (U) Msg RX from 0:80451082F95C0401 [0000] to 0000000000000000 --- Type 0000:32 (SecureChannel:CASE_Sigma3) (B:598)[0m
[0;34m[1784654992.342] [6613:6613] [EM] Found matching exchange: 52736r, Delegate: 0x5813cefa4630[0m
[0;34m[1784654992.342] [6613:6613] [EM] Rxd Ack; Removing MessageCounter:71276417 from Retrans Table on exchange 52736r[0m
[0;32m[1784654992.342] [6613:6613] [SC] Received Sigma3 msg[0m
[1;31m[1784654992.342] [6613:6613] [SC] The device does not support GetClock_RealTimeMS() API: src/protocols/secure_channel/CASESession.cpp:2276: CHIP Error 0x0000006C: Required feature not supported by this configuration.  Falling back to Last Known Good UTC Time[0m
[0;34m[1784654992.346] [6613:6613] [DL] Wrote settings to /tmp/chip_kvs_test[0m
[0;34m[1784654992.348] [6613:6613] [DL] Wrote settings to /tmp/chip_kvs_test[0m
[0;34m[1784654992.351] [6613:6613] [DL] Wrote settings to /tmp/chip_kvs_test[0m
[0;34m[1784654992.351] [6613:6613] [SC] Sending status report. Protocol code 0, exchange 52736[0m
[0;32m[1784654992.351] [6613:6613] [EM] <<< [E:52736r S:0 M:71276418 (Ack:82405560)] (U) Msg TX from 0000000000000000 to 0:80451082F95C0401 [0000] [UDP:[fe80::bfe:a203:38f0:bce7%enp0s3]:51793] --- Type 0000:40 (SecureChannel:StatusReport) (B:34)[0m
[0;32m[1784654992.351] [6613:6613] [EM] ??1 [E:52736r S:0 M:71276418] (U) Msg Retransmission to 0:0000000000000000 scheduled for 412ms from now [State:Active II:500 AI:300 AT:4000][0m
[0;32m[1784654992.351] [6613:6613] [SC] SecureSession[0x5813ed486ea0, LSID:36860]: State change 'kEstablishing' --> 'kActive'[0m
[0;34m[1784654992.351] [6613:6613] [IN] SecureSession[0x5813ed486ea0]: Activated - Type:2 LSID:36860[0m
[0;34m[1784654992.351] [6613:6613] [IN] New secure session activated for device <000000000001B669, 1>, LSID:36860 PSID:53364![0m
[0;32m[1784654992.351] [6613:6613] [IN] CASE Session established to peer: <000000000001B669, 1>[0m
[0;34m[1784654992.351] [6613:6613] [IN] SecureSession[0x5813ed4878e0]: Allocated Type:2 LSID:36861[0m
[0;34m[1784654992.351] [6613:6613] [SC] Allocated SecureSession (0x5813ed4878e0) - waiting for Sigma1 msg[0m
[0;32m[1784654992.353] [6613:6613] [EM] >>> [E:52737r S:36860 M:224594307] (S) Msg RX from 1:000000000001B669 [E74B] to 0000000000000001 --- Type 0001:08 (IM:InvokeCommandRequest) (B:330)[0m
[0;34m[1784654992.353] [6613:6613] [EM] Handling via exchange: 52737r, Delegate: 0x5813cefaeac8[0m
[0;34m[1784654992.353] [6613:6613] [DMG] InvokeRequestMessage =[0m
[0;34m[1784654992.353] [6613:6613] [DMG] {[0m
[0;34m[1784654992.353] [6613:6613] [DMG] 	suppressResponse = false, [0m
[0;34m[1784654992.353] [6613:6613] [DMG] 	timedRequest = false, [0m
[0;34m[1784654992.353] [6613:6613] [DMG] 	InvokeRequests =[0m
[0;34m[1784654992.353] [6613:6613] [DMG] 	[[0m
[0;34m[1784654992.353] [6613:6613] [DMG] 		CommandDataIB =[0m
[0;34m[1784654992.353] [6613:6613] [DMG] 		{[0m
[0;34m[1784654992.353] [6613:6613] [DMG] 			CommandPathIB =[0m
[0;34m[1784654992.353] [6613:6613] [DMG] 			{[0m
[0;34m[1784654992.353] [6613:6613] [DMG] 				EndpointId = 0x0,[0m
[0;34m[1784654992.353] [6613:6613] [DMG] 				ClusterId = 0x3e,[0m
[0;34m[1784654992.353] [6613:6613] [DMG] 				CommandId = 0x7,[0m
[0;34m[1784654992.353] [6613:6613] [DMG] 			},[0m
[0;34m[1784654992.353] [6613:6613] [DMG] 			[0m
[0;34m[1784654992.353] [6613:6613] [DMG] 			CommandFields = [0m
[0;34m[1784654992.353] [6613:6613] [DMG] 			{[0m
[0;34m[1784654992.353] [6613:6613] [DMG] 				0x0 = [[0m
[0;34m[1784654992.353] [6613:6613] [DMG] 						0x15, 0x30, 0x01, 0x14, 0x28, 0xad, 0x9c, 0x31, 0x40, 0x63, 0x8d, 0x60, 0x14, 0xfb, 0x8a, 0x29, 0x4b, 0xe0, 0x01, 0x06, 0xe0, 0xf8, 0xb8, 0x1e, 0x24, 0x02, 0x01, 0x37, 0x03, 0x24, 0x14, 0x01, 0x18, 0x26, 0x04, 0x80, 0x9d, 0x9e, 0x25, 0x26, 0x05, 0xff, 0xd0, 0x7f, 0x27, 0x37, 0x06, 0x27, 0x11, 0x88, 0x77, 0x66, 0x55, 0x44, 0x33, 0x22, 0x11, 0x24, 0x15, 0x01, 0x18, 0x24, 0x07, 0x01, 0x24, 0x08, 0x01, 0x30, 0x09, 0x41, 0x04, 0x5f, 0x1d, 0x3c, 0x52, 0xfb, 0x00, 0x0e, 0x54, 0x43, 0x62, 0xb8, 0x87, 0xff, 0x6c, 0xff, 0x62, 0xec, 0xae, 0x5a, 0xf0, 0xc1, 0xcb, 0x09, 0xe3, 0x93, 0xee, 0x99, 0x30, 0x6a, 0x18, 0x56, 0x77, 0xcb, 0x7c, 0x4b, 0xc3, 0xba, 0xed, 0x0c, 0xd0, 0x1b, 0x2e, 0xfd, 0x1d, 0x98, 0x72, 0x77, 0xee, 0x9a, 0xf7, 0xac, 0x75, 0x7f, 0xda, 0x85, 0xd0, 0x64, 0x63, 0xb5, 0xc0, 0x74, 0x0f, 0xe7, 0x68, 0x37, 0x0a, 0x35, 0x01, 0x28, 0x01, 0x18, 0x24, 0x02, 0x01, 0x36, 0x03, 0x04, 0x01, 0x04, 0x02, 0x18, 0x30, 0x04, 0x14, 0x9f, 0x12, 0x06, 0x3d, 0x84, 0xab, 0x86, 0x2b, 0x16, 0x55, 0x38, 0x75, 0xda, 0x8e, 0xb4, 0x01, 0x4d, 0x52, 0x46, 0x2d, 0x30, 0x05, 0x14, 0xee, 0x86, 0x01, 0xf7, 0x8f, 0x0e, 0x9d, 0x74, 0xb0, 0xe9, 0xd2, 0x89, 0xd1, 0x5d, 0xcc, 0x98, 0x3f, 0xc3, 0x18, 0xd3, 0x18, 0x30, 0x0b, 0x40, 0x53, 0x80, 0x4c, 0xc4, 0x84, 0xc8, 0xfe, 0xe0, 0xf8, 0x52, 0xa4, 0xdf, 0xda, 0xec, 0x83, 0xe1, 0x06, 0xb2, 0x66, 0xbf, 0xf3, 0xbc, 0xdd, 0x84, 0x62, 0x71, 0xdd, 0x89, 0x45, 0x88, 0x28, 0x98, 0x95, 0x14, 0x87, 0x6b, 0x7d, 0x0e, 0xf8, 0x7e, 0x1e, 0x6b, 0xaf, 0xa4, 0x99, 0x5a, 0x80, 0xa6, 0xd4, 0x92, 0xf7, 0x0a, 0x59, 0x3a, 0x23, 0x43, 0xb5, 0x29, 0x8d, 0xc3, 0x7a, 0x45, 0x3a, 0x01, 0x18, [0m
[0;34m[1784654992.353] [6613:6613] [DMG] 				] (267 bytes)[0m
[0;34m[1784654992.353] [6613:6613] [DMG] 			},[0m
[0;34m[1784654992.353] [6613:6613] [DMG] 		},[0m
[0;34m[1784654992.353] [6613:6613] [DMG] 		[0m
[0;34m[1784654992.353] [6613:6613] [DMG] 	],[0m
[0;34m[1784654992.353] [6613:6613] [DMG] 	[0m
[0;34m[1784654992.353] [6613:6613] [DMG] 	InteractionModelRevision = 12[0m
[0;34m[1784654992.353] [6613:6613] [DMG] },[0m
[0;32m[1784654992.353] [6613:6613] [DMG] AccessControl: checking f=1 a=c s=0x000000000001B669 t= c=0x0000_003E e=0 p=o r=i[0m
[0;32m[1784654992.353] [6613:6613] [DMG] AccessControl: allowed[0m
[0;32m[1784654992.353] [6613:6613] [DMG] AccessControl: checking f=1 a=c s=0x000000000001B669 t= c=0x0000_003E e=0 p=a r=i[0m
[0;32m[1784654992.353] [6613:6613] [DMG] AccessControl: allowed[0m
[0;34m[1784654992.353] [6613:6613] [DMG] Received command for Endpoint=0 Cluster=0x0000_003E Command=0x0000_0007[0m
[0;32m[1784654992.353] [6613:6613] [ZCL] OpCreds: Received an UpdateNOC command[0m
[0;32m[1784654992.353] [6613:6613] [FP] Validating NOC chain[0m
[0;32m[1784654992.353] [6613:6613] [FP] NOC chain validation successful[0m
[0;32m[1784654992.353] [6613:6613] [FP] Updated fabric at index: 0x1, Node ID: 0x1122334455667788[0m
[0;32m[1784654992.353] [6613:6613] [TS] Last Known Good Time: 2023-10-14T01:16:48[0m
[0;32m[1784654992.353] [6613:6613] [TS] New proposed Last Known Good Time: 2021-01-01T00:00:00[0m
[0;32m[1784654992.353] [6613:6613] [TS] Retaining current Last Known Good Time[0m
[0;34m[1784654992.355] [6613:6613] [DL] Wrote settings to /tmp/chip_kvs_test[0m
[0;34m[1784654992.357] [6613:6613] [DL] Wrote settings to /tmp/chip_kvs_test[0m
[0;34m[1784654992.360] [6613:6613] [DL] Wrote settings to /tmp/chip_kvs_test[0m
[0;32m[1784654992.360] [6613:6613] [DIS] Updating services using commissioning mode 0[0m
[0;32m[1784654992.360] [6613:6613] [DIS] CHIP minimal mDNS started advertising.[0m
[0;34m[1784654992.361] [6613:6613] [DL] Using WiFi MAC for hostname[0m
[0;32m[1784654992.361] [6613:6613] [DIS] Advertise operational node AB987A54AF86E74B-1122334455667788[0m
[0;34m[1784654992.361] [6613:6613] [DIS] Responding with _matter._tcp.local[0m
[0;34m[1784654992.361] [6613:6613] [DIS] Responding with AB987A54AF86E74B-1122334455667788._matter._tcp.local[0m
[0;34m[1784654992.361] [6613:6613] [DIS] Responding with AB987A54AF86E74B-1122334455667788._matter._tcp.local[0m
[0;34m[1784654992.361] [6613:6613] [DIS] Responding with 080027AE1A43.local[0m
[0;34m[1784654992.361] [6613:6613] [DIS] Responding with 080027AE1A43.local[0m
[0;34m[1784654992.361] [6613:6613] [DIS] Responding with _IAB987A54AF86E74B._sub._matter._tcp.local[0m
[0;32m[1784654992.361] [6613:6613] [DIS] CHIP minimal mDNS configured as 'Operational device'; instance name: AB987A54AF86E74B-1122334455667788.[0m
[0;32m[1784654992.361] [6613:6613] [DIS] mDNS service published: _matter._tcp[0m
[0;34m[1784654992.361] [6613:6613] [DMG] Command handler moving to [NewRespons][0m
[0;34m[1784654992.361] [6613:6613] [DMG] Command handler moving to [ Preparing][0m
[0;34m[1784654992.361] [6613:6613] [DMG] Command handler moving to [AddingComm][0m
[0;34m[1784654992.361] [6613:6613] [DMG] Command handler moving to [AddedComma][0m
[0;32m[1784654992.361] [6613:6613] [ZCL] OpCreds: UpdateNOC successful.[0m
[0;34m[1784654992.361] [6613:6613] [IN] Expiring all sessions for fabric 0x1!![0m
[0;34m[1784654992.361] [6613:6613] [IN] SecureSession[0x5813ed468da0]: MarkForEviction Type:2 LSID:36856[0m
[0;32m[1784654992.361] [6613:6613] [SC] SecureSession[0x5813ed468da0, LSID:36856]: State change 'kActive' --> 'kPendingEviction'[0m
[0;34m[1784654992.361] [6613:6613] [IN] SecureSession[0x5813ed468da0]: Released - Type:2 LSID:36856[0m
[0;34m[1784654992.361] [6613:6613] [IN] SecureSession[0x5813ed483d40]: MarkForEviction Type:2 LSID:36857[0m
[0;32m[1784654992.361] [6613:6613] [SC] SecureSession[0x5813ed483d40, LSID:36857]: State change 'kActive' --> 'kPendingEviction'[0m
[0;34m[1784654992.361] [6613:6613] [IN] SecureSession[0x5813ed483d40]: Released - Type:2 LSID:36857[0m
[0;34m[1784654992.361] [6613:6613] [IN] SecureSession[0x5813ed468890]: MarkForEviction Type:2 LSID:36858[0m
[0;32m[1784654992.361] [6613:6613] [SC] SecureSession[0x5813ed468890, LSID:36858]: State change 'kActive' --> 'kPendingEviction'[0m
[0;34m[1784654992.361] [6613:6613] [IN] SecureSession[0x5813ed468890]: Released - Type:2 LSID:36858[0m
[0;34m[1784654992.361] [6613:6613] [IN] SecureSession[0x5813ed485df0]: MarkForEviction Type:2 LSID:36859[0m
[0;32m[1784654992.361] [6613:6613] [SC] SecureSession[0x5813ed485df0, LSID:36859]: State change 'kActive' --> 'kPendingEviction'[0m
[0;34m[1784654992.361] [6613:6613] [IN] SecureSession[0x5813ed485df0]: Released - Type:2 LSID:36859[0m
[0;34m[1784654992.361] [6613:6613] [IN] SecureSession[0x5813ed486ea0]: MarkForEviction Type:2 LSID:36860[0m
[0;32m[1784654992.361] [6613:6613] [SC] SecureSession[0x5813ed486ea0, LSID:36860]: State change 'kActive' --> 'kPendingEviction'[0m
[0;34m[1784654992.361] [6613:6613] [DMG] Decreasing reference count for CommandHandlerImpl, remaining 1[0m
[0;34m[1784654992.361] [6613:6613] [DMG] Decreasing reference count for CommandHandlerImpl, remaining 0[0m
[0;34m[1784654992.361] [6613:6613] [DMG] Command handler moving to [AwaitingDe][0m
[0;32m[1784654992.361] [6613:6613] [EM] <<< [E:52737r S:36860 M:183418438 (Ack:224594307)] (S) Msg TX from 0000000000000001 to 1:000000000001B669 [E74B] [UDP:[fe80::bfe:a203:38f0:bce7%enp0s3]:51793] --- Type 0001:09 (IM:InvokeCommandResponse) (B:70)[0m
[0;32m[1784654992.362] [6613:6613] [EM] ??1 [E:52737r S:36860 M:183418438] (S) Msg Retransmission to 1:000000000001B669 scheduled for 384ms from now [State:Active II:500 AI:300 AT:4000][0m
[0;34m[1784654992.362] [6613:6613] [DMG] Command response sender moving to [AllInvokeR][0m
[0;32m[1784654992.362] [6613:6613] [EM] >>> [E:52736r S:0 M:82405561 (Ack:71276418)] (U) Msg RX from 0:80451082F95C0401 [0000] to 0000000000000000 --- Type 0000:10 (SecureChannel:StandaloneAck) (B:26)[0m
[0;34m[1784654992.362] [6613:6613] [EM] Found matching exchange: 52736r, Delegate: (nil)[0m
[0;34m[1784654992.362] [6613:6613] [EM] Rxd Ack; Removing MessageCounter:71276418 from Retrans Table on exchange 52736r[0m
[0;32m[1784654992.362] [6613:6613] [EM] >>> [E:52737r S:36860 M:224594308 (Ack:183418438)] (S) Msg RX from 1:000000000001B669 [E74B] to 0000000000000001 --- Type 0000:10 (SecureChannel:StandaloneAck) (B:34)[0m
[0;34m[1784654992.362] [6613:6613] [EM] Found matching exchange: 52737r, Delegate: (nil)[0m
[0;34m[1784654992.362] [6613:6613] [EM] Rxd Ack; Removing MessageCounter:183418438 from Retrans Table on exchange 52737r[0m
[0;34m[1784654992.362] [6613:6613] [IN] SecureSession[0x5813ed486ea0]: Released - Type:2 LSID:36860[0m
[0;32m[1784654992.640] [6613:6613] [EM] >>> [E:25731r S:0 M:226376415] (U) Msg RX from 0:9A65E7CEB7F7AD02 [0000] to 0000000000000000 --- Type 0000:30 (SecureChannel:CASE_Sigma1) (B:196)[0m
[0;34m[1784654992.640] [6613:6613] [EM] Handling via exchange: 25731r, Delegate: 0x5813cefa45f8[0m
[0;32m[1784654992.640] [6613:6613] [IN] CASE Server received Sigma1 message . Starting handshake. EC 0x5813ed47d3f0[0m
[0;32m[1784654992.640] [6613:6613] [SC] Received Sigma1 msg[0m
[0;34m[1784654992.640] [6613:6613] [SC] Found MRP parameters in the message[0m
[0;34m[1784654992.640] [6613:6613] [SC] Peer (Initiator) assigned session ID 15507[0m
[0;32m[1784654992.641] [6613:6613] [SC] CASE matched destination ID: fabricIndex 1, NodeID 0x1122334455667788[0m
[0;32m[1784654992.641] [6613:6613] [EM] <<< [E:25731r S:0 M:71276419 (Ack:226376415)] (U) Msg TX from 0000000000000000 to 0:9A65E7CEB7F7AD02 [0000] [UDP:[fe80::bfe:a203:38f0:bce7%enp0s3]:46486] --- Type 0000:31 (SecureChannel:CASE_Sigma2) (B:544)[0m
[0;32m[1784654992.641] [6613:6613] [EM] ??1 [E:25731r S:0 M:71276419] (U) Msg Retransmission to 0:0000000000000000 scheduled for 393ms from now [State:Active II:500 AI:300 AT:4000][0m
[0;32m[1784654992.641] [6613:6613] [SC] Sent Sigma2 msg[0m
[0;32m[1784654992.642] [6613:6613] [EM] >>> [E:25731r S:0 M:226376416 (Ack:71276419)] (U) Msg RX from 0:9A65E7CEB7F7AD02 [0000] to 0000000000000000 --- Type 0000:32 (SecureChannel:CASE_Sigma3) (B:598)[0m
[0;34m[1784654992.642] [6613:6613] [EM] Found matching exchange: 25731r, Delegate: 0x5813cefa4630[0m
[0;34m[1784654992.642] [6613:6613] [EM] Rxd Ack; Removing MessageCounter:71276419 from Retrans Table on exchange 25731r[0m
[0;32m[1784654992.642] [6613:6613] [SC] Received Sigma3 msg[0m
[1;31m[1784654992.642] [6613:6613] [SC] The device does not support GetClock_RealTimeMS() API: src/protocols/secure_channel/CASESession.cpp:2276: CHIP Error 0x0000006C: Required feature not supported by this configuration.  Falling back to Last Known Good UTC Time[0m
[0;34m[1784654992.647] [6613:6613] [DL] Wrote settings to /tmp/chip_kvs_test[0m
[0;34m[1784654992.649] [6613:6613] [DL] Wrote settings to /tmp/chip_kvs_test[0m
[0;34m[1784654992.653] [6613:6613] [DL] Wrote settings to /tmp/chip_kvs_test[0m
[0;34m[1784654992.653] [6613:6613] [SC] Sending status report. Protocol code 0, exchange 25731[0m
[0;32m[1784654992.653] [6613:6613] [EM] <<< [E:25731r S:0 M:71276420 (Ack:226376416)] (U) Msg TX from 0000000000000000 to 0:9A65E7CEB7F7AD02 [0000] [UDP:[fe80::bfe:a203:38f0:bce7%enp0s3]:46486] --- Type 0000:40 (SecureChannel:StatusReport) (B:34)[0m
[0;32m[1784654992.653] [6613:6613] [EM] ??1 [E:25731r S:0 M:71276420] (U) Msg Retransmission to 0:0000000000000000 scheduled for 408ms from now [State:Active II:500 AI:300 AT:4000][0m
[0;32m[1784654992.653] [6613:6613] [SC] SecureSession[0x5813ed4878e0, LSID:36861]: State change 'kEstablishing' --> 'kActive'[0m
[0;34m[1784654992.653] [6613:6613] [IN] SecureSession[0x5813ed4878e0]: Activated - Type:2 LSID:36861[0m
[0;34m[1784654992.653] [6613:6613] [IN] New secure session activated for device <000000000001B669, 1>, LSID:36861 PSID:15507![0m
[0;32m[1784654992.653] [6613:6613] [IN] CASE Session established to peer: <000000000001B669, 1>[0m
[0;34m[1784654992.654] [6613:6613] [IN] SecureSession[0x5813ed486ea0]: Allocated Type:2 LSID:36862[0m
[0;34m[1784654992.654] [6613:6613] [SC] Allocated SecureSession (0x5813ed486ea0) - waiting for Sigma1 msg[0m
[0;32m[1784654992.655] [6613:6613] [EM] >>> [E:25732r S:36861 M:118345140] (S) Msg RX from 1:000000000001B669 [E74B] to 1122334455667788 --- Type 0001:02 (IM:ReadRequest) (B:51)[0m
[0;34m[1784654992.655] [6613:6613] [EM] Handling via exchange: 25732r, Delegate: 0x5813cefaeac8[0m
[0;34m[1784654992.655] [6613:6613] [IM] Received Read request[0m
[0;34m[1784654992.655] [6613:6613] [DMG] ReadRequestMessage =[0m
[0;34m[1784654992.655] [6613:6613] [DMG] {[0m
[0;34m[1784654992.655] [6613:6613] [DMG] 	AttributePathIBs =[0m
[0;34m[1784654992.655] [6613:6613] [DMG] 	[[0m
[0;34m[1784654992.655] [6613:6613] [DMG] 		AttributePathIB =[0m
[0;34m[1784654992.655] [6613:6613] [DMG] 		{[0m
[0;34m[1784654992.655] [6613:6613] [DMG] 			Endpoint = 0x0,[0m
[0;34m[1784654992.655] [6613:6613] [DMG] 			Cluster = 0x3e,[0m
[0;34m[1784654992.655] [6613:6613] [DMG] 			Attribute = 0x0000_0004,[0m
[0;34m[1784654992.655] [6613:6613] [DMG] 		}[0m
[0;34m[1784654992.655] [6613:6613] [DMG] 			[0m
[0;34m[1784654992.655] [6613:6613] [DMG] 	],[0m
[0;34m[1784654992.655] [6613:6613] [DMG] 		[0m
[0;34m[1784654992.655] [6613:6613] [DMG] 	isFabricFiltered = true, [0m
[0;34m[1784654992.655] [6613:6613] [DMG] 	InteractionModelRevision = 12[0m
[0;34m[1784654992.655] [6613:6613] [DMG] },[0m
[0;34m[1784654992.655] [6613:6613] [DMG] IM RH moving to [CanStartReporting][0m
[0;34m[1784654992.655] [6613:6613] [DMG] Building Reports for ReadHandler with LastReportGeneration = 0x0000000000000000 DirtyGeneration = 0x0000000000000000[0m
[0;34m[1784654992.655] [6613:6613] [DMG] <RE:Run> Cluster 3e, Attribute 4 is dirty[0m
[0;32m[1784654992.656] [6613:6613] [DMG] AccessControl: checking f=1 a=c s=0x000000000001B669 t= c=0x0000_003E e=0 p=v r=r[0m
[0;32m[1784654992.656] [6613:6613] [DMG] AccessControl: allowed[0m
[0;32m[1784654992.656] [6613:6613] [DMG] AccessControl: checking f=1 a=c s=0x000000000001B669 t= c=0x0000_003E e=0 p=v r=r[0m
[0;32m[1784654992.656] [6613:6613] [DMG] AccessControl: allowed[0m
[0;34m[1784654992.656] [6613:6613] [DMG] Reading attribute: Cluster=0x0000_003E Endpoint=0x0 AttributeId=0x0000_0004 (expanded=0)[0m
[0;34m[1784654992.656] [6613:6613] [DMG] <RE> Sending report (payload has 269 bytes)...[0m
[0;32m[1784654992.656] [6613:6613] [EM] <<< [E:25732r S:36861 M:91329576 (Ack:118345140)] (S) Msg TX from 1122334455667788 to 1:000000000001B669 [E74B] [UDP:[fe80::bfe:a203:38f0:bce7%enp0s3]:46486] --- Type 0001:05 (IM:ReportData) (B:303)[0m
[0;32m[1784654992.656] [6613:6613] [EM] ??1 [E:25732r S:36861 M:91329576] (S) Msg Retransmission to 1:000000000001B669 scheduled for 402ms from now [State:Active II:500 AI:300 AT:4000][0m
[0;34m[1784654992.656] [6613:6613] [DMG] <RE> OnReportConfirm: NumReports = 0[0m
[0;34m[1784654992.656] [6613:6613] [DMG] <RE> ReportsInFlight = 0 with readHandler 0, RE has no more messages[0m
[0;34m[1784654992.656] [6613:6613] [DMG] IM RH moving to [AwaitingDestruction][0m
[0;34m[1784654992.656] [6613:6613] [DMG] All ReadHandler-s are clean, clear GlobalDirtySet[0m
[0;32m[1784654992.656] [6613:6613] [EM] >>> [E:25731r S:0 M:226376417 (Ack:71276420)] (U) Msg RX from 0:9A65E7CEB7F7AD02 [0000] to 0000000000000000 --- Type 0000:10 (SecureChannel:StandaloneAck) (B:26)[0m
[0;34m[1784654992.656] [6613:6613] [EM] Found matching exchange: 25731r, Delegate: (nil)[0m
[0;34m[1784654992.656] [6613:6613] [EM] Rxd Ack; Removing MessageCounter:71276420 from Retrans Table on exchange 25731r[0m
[0;32m[1784654992.656] [6613:6613] [EM] >>> [E:25732r S:36861 M:118345141 (Ack:91329576)] (S) Msg RX from 1:000000000001B669 [E74B] to 1122334455667788 --- Type 0000:10 (SecureChannel:StandaloneAck) (B:34)[0m
[0;34m[1784654992.656] [6613:6613] [EM] Found matching exchange: 25732r, Delegate: (nil)[0m
[0;34m[1784654992.656] [6613:6613] [EM] Rxd Ack; Removing MessageCounter:91329576 from Retrans Table on exchange 25732r[0m
[0;34m[1784654992.670] [6613:6613] [ZCL] Emitting ShutDown event[0m
[0;34m[1784654992.670] [6613:6613] [EVL] LogEvent event number: 0x0000000000000005 priority: 2, endpoint id:  0x0 cluster id: 0x0000_0028 event id: 0x1 Epoch timestamp: 0x0000019F85BA151E[0m
[0;34m[1784654992.670] [6613:6613] [DMG] All ReadHandler-s are clean, clear GlobalDirtySet[0m
[0;34m[1784654992.670] [6613:6613] [IN] SecureSession[0x5813ed486ea0]: Released - Type:2 LSID:36862[0m
[0;34m[1784654992.671] [6613:6613] [DMG] All ReadHandler-s are clean, clear GlobalDirtySet[0m
[0;34m[1784654992.671] [6613:6613] [IN] SecureSession[0x5813ed4878e0]: MarkForEviction Type:2 LSID:36861[0m
[0;32m[1784654992.671] [6613:6613] [SC] SecureSession[0x5813ed4878e0, LSID:36861]: State change 'kActive' --> 'kPendingEviction'[0m
[0;34m[1784654992.671] [6613:6613] [IN] SecureSession[0x5813ed4878e0]: Released - Type:2 LSID:36861[0m
[0;32m[1784654992.671] [6613:6613] [DMG] AccessControl: finishing[0m
[0;32m[1784654992.671] [6613:6613] [DMG] Examples::AccessControlDelegate::Finish[0m
[0;34m[1784654992.673] [6613:6613] [DL] Wrote settings to /tmp/chip_counters.ini[0m
[0;32m[1784654992.673] [6613:6613] [DL] NVS set: chip-counters/total-operational-hours = 0 (0x0)[0m
[0;32m[1784654992.673] [6613:6613] [DL] Inet Layer shutdown[0m
[0;32m[1784654992.673] [6613:6613] [DL] BLE Layer shutdown[0m
[0;32m[1784654992.673] [6613:6613] [DL] WiFi-PAF Layer shutdown[0m
[0;32m[1784654992.673] [6613:6613] [PAF] WiFiPAF: Closing all WiFiPAF sessions to shutdown[0m
[0;32m[1784654992.673] [6613:6613] [DL] System Layer shutdown[0m
[0;32m[1784654992.674] [6613:6613] [DMG] TLSClientManagementCluster: shutdown[0m
[0;32m[1784654992.674] [6613:6613] [DMG] TLSCertificateManagementCluster: shutdown[0m
[0;32m[1784654992.674] [6613:6613] [DMG] AccessControlCluster: shutdown[0m
[0;32m[1784654992.674] [6613:6613] [BDX] Stop polling for messages[0m
