[0;34m[1784837353.092] [21211:21211] [DL] ChipLinuxStorage::Init: Using KVS config file: /tmp/chip_kvs_test[0m
[0;34m[1784837353.126] [21211:21211] [DL] Wrote settings to /tmp/chip_kvs_test[0m
[1;31m[1784837353.126] [21211:21211] [DL] ChipLinuxStorage::Init: Attempt to re-initialize with KVS config file: /tmp/chip_kvs, IGNORING.[0m
[0;34m[1784837353.127] [21211:21211] [DL] ChipLinuxStorage::Init: Using KVS config file: /tmp/chip_factory.ini[0m
[0;34m[1784837353.129] [21211:21211] [DL] Wrote settings to /tmp/chip_factory.ini[0m
[0;34m[1784837353.129] [21211:21211] [DL] ChipLinuxStorage::Init: Using KVS config file: /tmp/chip_config.ini[0m
[0;34m[1784837353.130] [21211:21211] [DL] Wrote settings to /tmp/chip_config.ini[0m
[0;34m[1784837353.130] [21211:21211] [DL] ChipLinuxStorage::Init: Using KVS config file: /tmp/chip_counters.ini[0m
[0;34m[1784837353.132] [21211:21211] [DL] Wrote settings to /tmp/chip_counters.ini[0m
[0;34m[1784837353.134] [21211:21211] [DL] Wrote settings to /tmp/chip_config.ini[0m
[0;32m[1784837353.134] [21211:21211] [DL] NVS set: chip-config/unique-id = "519271A6C23B5AFA"[0m
[0;34m[1784837353.137] [21211:21211] [DL] Wrote settings to /tmp/chip_factory.ini[0m
[0;32m[1784837353.137] [21211:21211] [DL] NVS set: chip-factory/vendor-id = 65521 (0xFFF1)[0m
[0;34m[1784837353.139] [21211:21211] [DL] Wrote settings to /tmp/chip_factory.ini[0m
[0;32m[1784837353.139] [21211:21211] [DL] NVS set: chip-factory/product-id = 32769 (0x8001)[0m
[0;34m[1784837353.141] [21211:21211] [DL] Wrote settings to /tmp/chip_counters.ini[0m
[0;32m[1784837353.141] [21211:21211] [DL] NVS set: chip-counters/reboot-count = 1 (0x1)[0m
[0;34m[1784837353.143] [21211:21211] [DL] Wrote settings to /tmp/chip_counters.ini[0m
[0;32m[1784837353.143] [21211:21211] [DL] NVS set: chip-counters/total-operational-hours = 0 (0x0)[0m
[0;34m[1784837353.145] [21211:21211] [DL] Wrote settings to /tmp/chip_counters.ini[0m
[0;32m[1784837353.145] [21211:21211] [DL] NVS set: chip-counters/boot-reason = 0 (0x0)[0m
[0;34m[1784837353.147] [21211:21211] [DL] Wrote settings to /tmp/chip_config.ini[0m
[0;32m[1784837353.147] [21211:21211] [DL] NVS set: chip-config/regulatory-location = 0 (0x0)[0m
[0;34m[1784837353.149] [21211:21211] [DL] Wrote settings to /tmp/chip_config.ini[0m
[0;32m[1784837353.149] [21211:21211] [DL] NVS set: chip-config/location-capability = 2 (0x2)[0m
[0;34m[1784837353.151] [21211:21211] [DL] Wrote settings to /tmp/chip_config.ini[0m
[0;32m[1784837353.151] [21211:21211] [DL] NVS set: chip-config/configuration-version = 1 (0x1)[0m
[0;32m[1784837353.151] [21211:21211] [DL] Got Ethernet interface: enp0s3[0m
[0;32m[1784837353.151] [21211:21211] [DL] Found the primary Ethernet interface:enp0s3[0m
[1;31m[1784837353.152] [21211:21211] [DL] Failed to get WiFi interface[0m
[1;31m[1784837353.152] [21211:21211] [DL] Failed to reset WiFi statistic counts[0m
[0;32m[1784837353.152] [21211:21211] [PAF] WiFiPAF: WiFiPAFLayer::Init()[0m
[1;31m[1784837353.152] [21211:21211] [-] *** WARNING: Using temporary passcode 20202021 due to no neither --passcode or --spake2p-verifier-base64 given on command line or factory configuration. This is temporary and will disappear. Please update your scripts to explicitly configure onboarding credentials. ***[0m
[1;31m[1784837353.152] [21211:21211] [-] *** WARNING: Using temporary test discriminator 3840 due to --discriminator not given on command line or factory configuration. This is temporary and will disappear. Please update your scripts to explicitly configure onboarding credentials. ***[0m
[0;32m[1784837353.152] [21211:21211] [SPT] LinuxCommissionableDataProvider didn't get a PASE salt, generating one.[0m
[0;32m[1784837353.153] [21211:21211] [DL] Device Configuration:[0m
[0;32m[1784837353.153] [21211:21211] [DL]   Serial Number: TEST_SN[0m
[0;32m[1784837353.153] [21211:21211] [DL]   Vendor Id: 65521 (0xFFF1)[0m
[0;32m[1784837353.153] [21211:21211] [DL]   Product Id: 32769 (0x8001)[0m
[0;32m[1784837353.153] [21211:21211] [DL]   Product Name: TEST_PRODUCT[0m
[0;32m[1784837353.153] [21211:21211] [DL]   Hardware Version: 0[0m
[0;32m[1784837353.153] [21211:21211] [DL]   Setup Pin Code (0 for UNKNOWN/ERROR): 20202021[0m
[0;32m[1784837353.153] [21211:21211] [DL]   Setup Discriminator (0xFFFF for UNKNOWN/ERROR): 3840 (0xF00)[0m
[0;32m[1784837353.153] [21211:21211] [DL]   Manufacturing Date: (not set)[0m
[0;32m[1784837353.153] [21211:21211] [DL]   Device Type: 257 (0x101)[0m
[0;32m[1784837353.153] [21211:21211] [-] ==== Onboarding payload for Standard Commissioning Flow ====[0m
[0;32m[1784837353.153] [21211:21211] [SVR] SetupQRCode: [MT:-24J042C00KA0648G00][0m
[0;32m[1784837353.153] [21211:21211] [SVR] Copy/paste the below URL in a browser to see the QR Code:[0m
[0;32m[1784837353.153] [21211:21211] [SVR] https://project-chip.github.io/connectedhomeip/qrcode.html?data=MT%3A-24J042C00KA0648G00[0m
[0;32m[1784837353.153] [21211:21211] [SVR] Manual pairing code: [34970112332][0m
[0;32m[1784837353.153] [21211:21211] [SVR] Initializing subscription resumption storage...[0m
[0;34m[1784837353.155] [21211:21211] [DL] Wrote settings to /tmp/chip_kvs_test[0m
[0;32m[1784837353.155] [21211:21211] [SVR] Server initializing...[0m
[0;34m[1784837353.155] [21211:21211] [FP] Initializing FabricTable from persistent storage[0m
[0;32m[1784837353.155] [21211:21211] [TS] Last Known Good Time: [unknown][0m
[0;32m[1784837353.155] [21211:21211] [TS] Setting Last Known Good Time to firmware build time 2023-10-14T01:16:48[0m
[0;34m[1784837353.158] [21211:21211] [DL] Wrote settings to /tmp/chip_kvs_test[0m
[0;32m[1784837353.158] [21211:21211] [DMG] AccessControl: initializing[0m
[0;32m[1784837353.158] [21211:21211] [DMG] Examples::AccessControlDelegate::Init[0m
[0;32m[1784837353.158] [21211:21211] [DMG] AccessControl: setting[0m
[0;32m[1784837353.158] [21211:21211] [DMG] DefaultAclStorage: initializing[0m
[0;32m[1784837353.158] [21211:21211] [DMG] DefaultAclStorage: 0 entries loaded[0m
[0;34m[1784837353.158] [21211:21211] [IN] UDP::Init bind&listen port=5540[0m
[0;34m[1784837353.158] [21211:21211] [IN] UDP::Init bound to port=5540[0m
[0;34m[1784837353.158] [21211:21211] [IN] UDP::Init bind&listen port=5540[0m
[0;34m[1784837353.158] [21211:21211] [IN] UDP::Init bound to port=5540[0m
[0;34m[1784837353.158] [21211:21211] [IN] BLEBase::Init - setting/overriding transport[0m
[0;32m[1784837353.158] [21211:21211] [IN] TCP server listening on port 5540 for incoming connections[0m
[0;32m[1784837353.158] [21211:21211] [IN] TCP server listening on port 5540 for incoming connections[0m
[0;34m[1784837353.158] [21211:21211] [IN] WiFiPAFBase::Init - setting/overriding transport[0m
[0;34m[1784837353.158] [21211:21211] [IN] TransportMgr initialized[0m
[0;34m[1784837353.160] [21211:21211] [DL] Wrote settings to /tmp/chip_kvs_test[0m
[0;34m[1784837353.162] [21211:21211] [DL] Wrote settings to /tmp/chip_kvs_test[0m
[0;34m[1784837353.165] [21211:21211] [DL] Wrote settings to /tmp/chip_kvs_test[0m
[0;32m[1784837353.165] [21211:21211] [DMG] Ember attribute persistence requires setting up[0m
[0;32m[1784837353.165] [21211:21211] [ZCL] Using ZAP configuration...[0m
[0;34m[1784837353.165] [21211:21211] [DMG] Failed to read stored attribute (1, 0x0000_0006, 0x0000_0000: src/platform/Linux/KeyValueStoreManagerImpl.cpp:53: CHIP Error 0x000000A0: Value not found in the persisted storage[0m
[0;34m[1784837353.165] [21211:21211] [DMG] Failed to read stored attribute (1, 0x0000_0006, 0x0000_4003: src/platform/Linux/KeyValueStoreManagerImpl.cpp:53: CHIP Error 0x000000A0: Value not found in the persisted storage[0m
[0;34m[1784837353.165] [21211:21211] [DMG] Failed to read stored attribute (1, 0x0000_0008, 0x0000_0000: src/platform/Linux/KeyValueStoreManagerImpl.cpp:53: CHIP Error 0x000000A0: Value not found in the persisted storage[0m
[0;34m[1784837353.165] [21211:21211] [DMG] Failed to read stored attribute (1, 0x0000_0008, 0x0000_4000: src/platform/Linux/KeyValueStoreManagerImpl.cpp:53: CHIP Error 0x000000A0: Value not found in the persisted storage[0m
[0;34m[1784837353.165] [21211:21211] [DMG] Failed to read stored attribute (1, 0x0000_0050, 0x0000_0003: src/platform/Linux/KeyValueStoreManagerImpl.cpp:53: CHIP Error 0x000000A0: Value not found in the persisted storage[0m
[0;34m[1784837353.165] [21211:21211] [DMG] Failed to read stored attribute (1, 0x0000_0050, 0x0000_0004: src/platform/Linux/KeyValueStoreManagerImpl.cpp:53: CHIP Error 0x000000A0: Value not found in the persisted storage[0m
[0;34m[1784837353.165] [21211:21211] [DMG] Failed to read stored attribute (1, 0x0000_0050, 0x0000_0005: src/platform/Linux/KeyValueStoreManagerImpl.cpp:53: CHIP Error 0x000000A0: Value not found in the persisted storage[0m
[0;34m[1784837353.165] [21211:21211] [DMG] Failed to read stored attribute (1, 0x0000_005C, 0x0000_0000: src/platform/Linux/KeyValueStoreManagerImpl.cpp:53: CHIP Error 0x000000A0: Value not found in the persisted storage[0m
[0;34m[1784837353.165] [21211:21211] [DMG] Failed to read stored attribute (1, 0x0000_005C, 0x0000_0001: src/platform/Linux/KeyValueStoreManagerImpl.cpp:53: CHIP Error 0x000000A0: Value not found in the persisted storage[0m
[0;34m[1784837353.165] [21211:21211] [DMG] Failed to read stored attribute (1, 0x0000_005C, 0x0000_0002: src/platform/Linux/KeyValueStoreManagerImpl.cpp:53: CHIP Error 0x000000A0: Value not found in the persisted storage[0m
[0;34m[1784837353.165] [21211:21211] [DMG] Failed to read stored attribute (1, 0x0000_005C, 0x0000_0003: src/platform/Linux/KeyValueStoreManagerImpl.cpp:53: CHIP Error 0x000000A0: Value not found in the persisted storage[0m
[0;34m[1784837353.165] [21211:21211] [DMG] Failed to read stored attribute (1, 0x0000_005C, 0x0000_0004: src/platform/Linux/KeyValueStoreManagerImpl.cpp:53: CHIP Error 0x000000A0: Value not found in the persisted storage[0m
[0;34m[1784837353.165] [21211:21211] [DMG] Failed to read stored attribute (1, 0x0000_005C, 0x0000_0006: src/platform/Linux/KeyValueStoreManagerImpl.cpp:53: CHIP Error 0x000000A0: Value not found in the persisted storage[0m
[0;34m[1784837353.165] [21211:21211] [DMG] Failed to read stored attribute (1, 0x0000_005C, 0x0000_0007: src/platform/Linux/KeyValueStoreManagerImpl.cpp:53: CHIP Error 0x000000A0: Value not found in the persisted storage[0m
[0;34m[1784837353.165] [21211:21211] [DMG] Failed to read stored attribute (1, 0x0000_0081, 0x0000_0001: src/platform/Linux/KeyValueStoreManagerImpl.cpp:53: CHIP Error 0x000000A0: Value not found in the persisted storage[0m
[0;34m[1784837353.165] [21211:21211] [DMG] Failed to read stored attribute (1, 0x0000_0081, 0x0000_0008: src/platform/Linux/KeyValueStoreManagerImpl.cpp:53: CHIP Error 0x000000A0: Value not found in the persisted storage[0m
[0;34m[1784837353.165] [21211:21211] [DMG] Failed to read stored attribute (1, 0x0000_0102, 0x0000_0003: src/platform/Linux/KeyValueStoreManagerImpl.cpp:53: CHIP Error 0x000000A0: Value not found in the persisted storage[0m
[0;34m[1784837353.165] [21211:21211] [DMG] Failed to read stored attribute (1, 0x0000_0102, 0x0000_0004: src/platform/Linux/KeyValueStoreManagerImpl.cpp:53: CHIP Error 0x000000A0: Value not found in the persisted storage[0m
[0;34m[1784837353.165] [21211:21211] [DMG] Failed to read stored attribute (1, 0x0000_0102, 0x0000_0005: src/platform/Linux/KeyValueStoreManagerImpl.cpp:53: CHIP Error 0x000000A0: Value not found in the persisted storage[0m
[0;34m[1784837353.165] [21211:21211] [DMG] Failed to read stored attribute (1, 0x0000_0102, 0x0000_0006: src/platform/Linux/KeyValueStoreManagerImpl.cpp:53: CHIP Error 0x000000A0: Value not found in the persisted storage[0m
[0;34m[1784837353.165] [21211:21211] [DMG] Failed to read stored attribute (1, 0x0000_0102, 0x0000_0007: src/platform/Linux/KeyValueStoreManagerImpl.cpp:53: CHIP Error 0x000000A0: Value not found in the persisted storage[0m
[0;34m[1784837353.165] [21211:21211] [DMG] Failed to read stored attribute (1, 0x0000_0102, 0x0000_0008: src/platform/Linux/KeyValueStoreManagerImpl.cpp:53: CHIP Error 0x000000A0: Value not found in the persisted storage[0m
[0;34m[1784837353.165] [21211:21211] [DMG] Failed to read stored attribute (1, 0x0000_0102, 0x0000_0009: src/platform/Linux/KeyValueStoreManagerImpl.cpp:53: CHIP Error 0x000000A0: Value not found in the persisted storage[0m
[0;34m[1784837353.165] [21211:21211] [DMG] Failed to read stored attribute (1, 0x0000_0102, 0x0000_000E: src/platform/Linux/KeyValueStoreManagerImpl.cpp:53: CHIP Error 0x000000A0: Value not found in the persisted storage[0m
[0;34m[1784837353.165] [21211:21211] [DMG] Failed to read stored attribute (1, 0x0000_0102, 0x0000_000F: src/platform/Linux/KeyValueStoreManagerImpl.cpp:53: CHIP Error 0x000000A0: Value not found in the persisted storage[0m
[0;34m[1784837353.165] [21211:21211] [DMG] Failed to read stored attribute (1, 0x0000_0102, 0x0000_0010: src/platform/Linux/KeyValueStoreManagerImpl.cpp:53: CHIP Error 0x000000A0: Value not found in the persisted storage[0m
[0;34m[1784837353.165] [21211:21211] [DMG] Failed to read stored attribute (1, 0x0000_0102, 0x0000_0011: src/platform/Linux/KeyValueStoreManagerImpl.cpp:53: CHIP Error 0x000000A0: Value not found in the persisted storage[0m
[0;34m[1784837353.165] [21211:21211] [DMG] Failed to read stored attribute (1, 0x0000_0102, 0x0000_0012: src/platform/Linux/KeyValueStoreManagerImpl.cpp:53: CHIP Error 0x000000A0: Value not found in the persisted storage[0m
[0;34m[1784837353.165] [21211:21211] [DMG] Failed to read stored attribute (1, 0x0000_0102, 0x0000_0013: src/platform/Linux/KeyValueStoreManagerImpl.cpp:53: CHIP Error 0x000000A0: Value not found in the persisted storage[0m
[0;34m[1784837353.165] [21211:21211] [DMG] Failed to read stored attribute (1, 0x0000_0102, 0x0000_0017: src/platform/Linux/KeyValueStoreManagerImpl.cpp:53: CHIP Error 0x000000A0: Value not found in the persisted storage[0m
[0;34m[1784837353.165] [21211:21211] [DMG] Failed to read stored attribute (1, 0x0000_0300, 0x0000_0000: src/platform/Linux/KeyValueStoreManagerImpl.cpp:53: CHIP Error 0x000000A0: Value not found in the persisted storage[0m
[0;34m[1784837353.165] [21211:21211] [DMG] Failed to read stored attribute (1, 0x0000_0300, 0x0000_0001: src/platform/Linux/KeyValueStoreManagerImpl.cpp:53: CHIP Error 0x000000A0: Value not found in the persisted storage[0m
[0;34m[1784837353.165] [21211:21211] [DMG] Failed to read stored attribute (1, 0x0000_0300, 0x0000_0003: src/platform/Linux/KeyValueStoreManagerImpl.cpp:53: CHIP Error 0x000000A0: Value not found in the persisted storage[0m
[0;34m[1784837353.165] [21211:21211] [DMG] Failed to read stored attribute (1, 0x0000_0300, 0x0000_0004: src/platform/Linux/KeyValueStoreManagerImpl.cpp:53: CHIP Error 0x000000A0: Value not found in the persisted storage[0m
[0;34m[1784837353.165] [21211:21211] [DMG] Failed to read stored attribute (1, 0x0000_0300, 0x0000_0007: src/platform/Linux/KeyValueStoreManagerImpl.cpp:53: CHIP Error 0x000000A0: Value not found in the persisted storage[0m
[0;34m[1784837353.165] [21211:21211] [DMG] Failed to read stored attribute (1, 0x0000_0300, 0x0000_4000: src/platform/Linux/KeyValueStoreManagerImpl.cpp:53: CHIP Error 0x000000A0: Value not found in the persisted storage[0m
[0;34m[1784837353.165] [21211:21211] [DMG] Failed to read stored attribute (1, 0x0000_0300, 0x0000_4001: src/platform/Linux/KeyValueStoreManagerImpl.cpp:53: CHIP Error 0x000000A0: Value not found in the persisted storage[0m
[0;34m[1784837353.165] [21211:21211] [DMG] Failed to read stored attribute (1, 0x0000_0300, 0x0000_4002: src/platform/Linux/KeyValueStoreManagerImpl.cpp:53: CHIP Error 0x000000A0: Value not found in the persisted storage[0m
[0;34m[1784837353.165] [21211:21211] [DMG] Failed to read stored attribute (1, 0x0000_0300, 0x0000_4003: src/platform/Linux/KeyValueStoreManagerImpl.cpp:53: CHIP Error 0x000000A0: Value not found in the persisted storage[0m
[0;34m[1784837353.165] [21211:21211] [DMG] Failed to read stored attribute (1, 0x0000_0300, 0x0000_4004: src/platform/Linux/KeyValueStoreManagerImpl.cpp:53: CHIP Error 0x000000A0: Value not found in the persisted storage[0m
[0;34m[1784837353.165] [21211:21211] [DMG] Failed to read stored attribute (1, 0x0000_0300, 0x0000_4010: src/platform/Linux/KeyValueStoreManagerImpl.cpp:53: CHIP Error 0x000000A0: Value not found in the persisted storage[0m
[0;34m[1784837353.167] [21211:21211] [DL] Wrote settings to /tmp/chip_kvs_test[0m
[0;34m[1784837353.167] [21211:21211] [EVL] LogEvent event number: 0x0000000000000000 priority: 1, endpoint id:  0x0 cluster id: 0x0000_0038 event id: 0x0 Epoch timestamp: 0x0000019F9098AECF[0m
[0;32m[1784837353.167] [21211:21211] [ZCL] Emit DSTTableEmpty event [ep=0][0m
[0;32m[1784837353.167] [21211:21211] [ZCL] Initializing TLS Certificate Management cluster.[0m
[0;32m[1784837353.167] [21211:21211] [ZCL] Initializing TLS Client Management cluster.[0m
[0;34m[1784837353.167] [21211:21211] [ZCL] UnitLocalization ep0 set default TemperatureUnit: 1[0m
[0;34m[1784837353.167] [21211:21211] [DMG] Endpoint 0, Cluster 0x0000_0004 update version to f6b7e9b7[0m
[0;34m[1784837353.167] [21211:21211] [DMG] Endpoint 0, Cluster 0x0000_0004 update version to f6b7e9b8[0m
[0;34m[1784837353.167] [21211:21211] [DMG] Endpoint 1, Cluster 0x0000_0004 update version to e0378e81[0m
[0;34m[1784837353.167] [21211:21211] [DMG] Endpoint 1, Cluster 0x0000_0004 update version to e0378e82[0m
[0;32m[1784837353.167] [21211:21211] [ZCL] Endpoint 1 On/off already set to new value[0m
[0;34m[1784837353.167] [21211:21211] [DMG] Endpoint 1, Cluster 0x0000_0008 update version to 5436bc1c[0m
[0;34m[1784837353.167] [21211:21211] [ZCL] ModeBase: Unable to load the CurrentMode from the KVS. Assuming 0[0m
[0;34m[1784837353.167] [21211:21211] [ZCL] ModeBase: Unable to load the StartUpMode from the KVS. Assuming null[0m
[0;34m[1784837353.167] [21211:21211] [ZCL] ModeBase: Unable to load the OnMode from the KVS.      Assuming null[0m
[0;34m[1784837353.167] [21211:21211] [ZCL] ModeBase: Unable to load the CurrentMode from the KVS. Assuming 0[0m
[0;34m[1784837353.167] [21211:21211] [ZCL] ModeBase: Unable to load the StartUpMode from the KVS. Assuming null[0m
[0;34m[1784837353.167] [21211:21211] [ZCL] ModeBase: Unable to load the OnMode from the KVS.      Assuming null[0m
[0;34m[1784837353.167] [21211:21211] [ZCL] ModeBase: Unable to load the CurrentMode from the KVS. Assuming 0[0m
[0;34m[1784837353.167] [21211:21211] [ZCL] ModeBase: Unable to load the StartUpMode from the KVS. Assuming null[0m
[0;34m[1784837353.167] [21211:21211] [ZCL] ModeBase: Unable to load the OnMode from the KVS.      Assuming null[0m
[0;34m[1784837353.167] [21211:21211] [ZCL] ModeBase: Unable to load the CurrentMode from the KVS. Assuming 0[0m
[0;34m[1784837353.167] [21211:21211] [ZCL] ModeBase: Unable to load the StartUpMode from the KVS. Assuming null[0m
[0;34m[1784837353.167] [21211:21211] [ZCL] ModeBase: Unable to load the OnMode from the KVS.      Assuming null[0m
[0;34m[1784837353.167] [21211:21211] [ZCL] ModeBase: Unable to load the CurrentMode from the KVS. Assuming 0[0m
[0;34m[1784837353.167] [21211:21211] [ZCL] ModeBase: Unable to load the StartUpMode from the KVS. Assuming null[0m
[0;34m[1784837353.167] [21211:21211] [ZCL] ModeBase: Unable to load the OnMode from the KVS.      Assuming null[0m
[0;34m[1784837353.167] [21211:21211] [ZCL] ModeBase: Unable to load the CurrentMode from the KVS. Assuming 0[0m
[0;34m[1784837353.167] [21211:21211] [ZCL] ModeBase: Unable to load the StartUpMode from the KVS. Assuming null[0m
[0;34m[1784837353.167] [21211:21211] [ZCL] ModeBase: Unable to load the OnMode from the KVS.      Assuming null[0m
[0;34m[1784837353.167] [21211:21211] [ZCL] ModeBase: Unable to load the CurrentMode from the KVS. Assuming 0[0m
[0;34m[1784837353.167] [21211:21211] [ZCL] ModeBase: Unable to load the StartUpMode from the KVS. Assuming null[0m
[0;34m[1784837353.167] [21211:21211] [ZCL] ModeBase: Unable to load the OnMode from the KVS.      Assuming null[0m
[0;34m[1784837353.167] [21211:21211] [ZCL] ResourceMonitoring: Init[0m
[0;34m[1784837353.167] [21211:21211] [ZCL] ResourceMonitoring: Unable to load the LastChangedTime from the KVS. Assuming null[0m
[0;34m[1784837353.167] [21211:21211] [ZCL] ResourceMonitoring: calling mDelegate->Init()[0m
[0;34m[1784837353.167] [21211:21211] [ZCL] HepaFilterMonitoringDelegate::Init()[0m
[0;34m[1784837353.167] [21211:21211] [ZCL] ResourceMonitoring: Init[0m
[0;34m[1784837353.167] [21211:21211] [ZCL] ResourceMonitoring: Unable to load the LastChangedTime from the KVS. Assuming null[0m
[0;34m[1784837353.167] [21211:21211] [ZCL] ResourceMonitoring: calling mDelegate->Init()[0m
[0;34m[1784837353.167] [21211:21211] [ZCL] ActivatedCarbonFilterMonitoringDelegate::Init()[0m
[0;34m[1784837353.169] [21211:21211] [DL] Wrote settings to /tmp/chip_kvs_test[0m
[0;34m[1784837353.169] [21211:21211] [DMG] Endpoint 1, Cluster 0x0000_0102 update version to ce4d09b8[0m
[0;32m[1784837353.169] [21211:21211] [ZCL] WC POST ATTRIBUTE=7[0m
[0;32m[1784837353.169] [21211:21211] [ZCL] ConfigStatus 0x1B Operational=1 OnlineReserved=1[0m
[0;32m[1784837353.169] [21211:21211] [ZCL] Lift(PA=1 Encoder=0 Reversed=0) Tilt(PA=1 Encoder=0)[0m
[0;32m[1784837353.169] [21211:21211] [ZCL] Initialize PCC Server Cluster [EP:1][0m
[0;34m[1784837353.169] [21211:21211] [DMG] Endpoint 1, Cluster 0x0000_0300 update version to b5e98b28[0m
[0;34m[1784837353.169] [21211:21211] [DMG] Endpoint 1, Cluster 0x0000_0300 update version to b5e98b29[0m
[0;34m[1784837353.172] [21211:21211] [DL] Wrote settings to /tmp/chip_kvs_test[0m
[0;34m[1784837353.172] [21211:21211] [DMG] Endpoint 1, Cluster 0x0000_0300 update version to b5e98b2a[0m
[0;34m[1784837353.172] [21211:21211] [DMG] Endpoint 1, Cluster 0x0000_0406 update version to 9cb52d0c[0m
[0;34m[1784837353.172] [21211:21211] [DMG] Endpoint 1, Cluster 0x0000_0406 update version to 9cb52d0d[0m
[0;34m[1784837353.172] [21211:21211] [DMG] Endpoint 1, Cluster 0x0000_040C update version to 1050faea[0m
[0;34m[1784837353.172] [21211:21211] [DMG] Endpoint 1, Cluster 0x0000_040C update version to 1050faeb[0m
[0;34m[1784837353.172] [21211:21211] [DMG] Endpoint 1, Cluster 0x0000_040C update version to 1050faec[0m
[0;34m[1784837353.172] [21211:21211] [DMG] Endpoint 1, Cluster 0x0000_040C update version to 1050faed[0m
[0;34m[1784837353.172] [21211:21211] [DMG] Endpoint 1, Cluster 0x0000_040C update version to 1050faee[0m
[0;34m[1784837353.172] [21211:21211] [DMG] Endpoint 1, Cluster 0x0000_040C update version to 1050faef[0m
[0;34m[1784837353.172] [21211:21211] [DMG] Endpoint 1, Cluster 0x0000_040C update version to 1050faf0[0m
[0;34m[1784837353.172] [21211:21211] [DMG] Endpoint 1, Cluster 0x0000_040C update version to 1050faf1[0m
[0;34m[1784837353.172] [21211:21211] [DMG] Endpoint 1, Cluster 0x0000_040D update version to e5efa271[0m
[0;34m[1784837353.172] [21211:21211] [DMG] Endpoint 1, Cluster 0x0000_040D update version to e5efa272[0m
[0;34m[1784837353.172] [21211:21211] [DMG] Endpoint 1, Cluster 0x0000_040D update version to e5efa273[0m
[0;34m[1784837353.172] [21211:21211] [DMG] Endpoint 1, Cluster 0x0000_040D update version to e5efa274[0m
[0;34m[1784837353.172] [21211:21211] [DMG] Endpoint 1, Cluster 0x0000_040D update version to e5efa275[0m
[0;34m[1784837353.172] [21211:21211] [DMG] Endpoint 1, Cluster 0x0000_040D update version to e5efa276[0m
[0;34m[1784837353.172] [21211:21211] [DMG] Endpoint 1, Cluster 0x0000_040D update version to e5efa277[0m
[0;34m[1784837353.172] [21211:21211] [DMG] Endpoint 1, Cluster 0x0000_040D update version to e5efa278[0m
[0;34m[1784837353.172] [21211:21211] [DMG] Endpoint 1, Cluster 0x0000_0413 update version to d23c5bc3[0m
[0;34m[1784837353.172] [21211:21211] [DMG] Endpoint 1, Cluster 0x0000_0413 update version to d23c5bc4[0m
[0;34m[1784837353.172] [21211:21211] [DMG] Endpoint 1, Cluster 0x0000_0413 update version to d23c5bc5[0m
[0;34m[1784837353.172] [21211:21211] [DMG] Endpoint 1, Cluster 0x0000_0413 update version to d23c5bc6[0m
[0;34m[1784837353.172] [21211:21211] [DMG] Endpoint 1, Cluster 0x0000_0413 update version to d23c5bc7[0m
[0;34m[1784837353.172] [21211:21211] [DMG] Endpoint 1, Cluster 0x0000_0413 update version to d23c5bc8[0m
[0;34m[1784837353.172] [21211:21211] [DMG] Endpoint 1, Cluster 0x0000_0413 update version to d23c5bc9[0m
[0;34m[1784837353.172] [21211:21211] [DMG] Endpoint 1, Cluster 0x0000_0413 update version to d23c5bca[0m
[0;34m[1784837353.172] [21211:21211] [DMG] Endpoint 1, Cluster 0x0000_0415 update version to 9d020ab[0m
[0;34m[1784837353.172] [21211:21211] [DMG] Endpoint 1, Cluster 0x0000_0415 update version to 9d020ac[0m
[0;34m[1784837353.172] [21211:21211] [DMG] Endpoint 1, Cluster 0x0000_0415 update version to 9d020ad[0m
[0;34m[1784837353.172] [21211:21211] [DMG] Endpoint 1, Cluster 0x0000_0415 update version to 9d020ae[0m
[0;34m[1784837353.172] [21211:21211] [DMG] Endpoint 1, Cluster 0x0000_0415 update version to 9d020af[0m
[0;34m[1784837353.172] [21211:21211] [DMG] Endpoint 1, Cluster 0x0000_0415 update version to 9d020b0[0m
[0;34m[1784837353.172] [21211:21211] [DMG] Endpoint 1, Cluster 0x0000_0415 update version to 9d020b1[0m
[0;34m[1784837353.172] [21211:21211] [DMG] Endpoint 1, Cluster 0x0000_0415 update version to 9d020b2[0m
[0;34m[1784837353.172] [21211:21211] [DMG] Endpoint 1, Cluster 0x0000_042A update version to e9a7c11f[0m
[0;34m[1784837353.172] [21211:21211] [DMG] Endpoint 1, Cluster 0x0000_042A update version to e9a7c120[0m
[0;34m[1784837353.172] [21211:21211] [DMG] Endpoint 1, Cluster 0x0000_042A update version to e9a7c121[0m
[0;34m[1784837353.172] [21211:21211] [DMG] Endpoint 1, Cluster 0x0000_042A update version to e9a7c122[0m
[0;34m[1784837353.172] [21211:21211] [DMG] Endpoint 1, Cluster 0x0000_042A update version to e9a7c123[0m
[0;34m[1784837353.172] [21211:21211] [DMG] Endpoint 1, Cluster 0x0000_042A update version to e9a7c124[0m
[0;34m[1784837353.172] [21211:21211] [DMG] Endpoint 1, Cluster 0x0000_042A update version to e9a7c125[0m
[0;34m[1784837353.172] [21211:21211] [DMG] Endpoint 1, Cluster 0x0000_042A update version to e9a7c126[0m
[0;34m[1784837353.172] [21211:21211] [DMG] Endpoint 1, Cluster 0x0000_042B update version to 893d7292[0m
[0;34m[1784837353.172] [21211:21211] [DMG] Endpoint 1, Cluster 0x0000_042B update version to 893d7293[0m
[0;34m[1784837353.172] [21211:21211] [DMG] Endpoint 1, Cluster 0x0000_042B update version to 893d7294[0m
[0;34m[1784837353.172] [21211:21211] [DMG] Endpoint 1, Cluster 0x0000_042B update version to 893d7295[0m
[0;34m[1784837353.172] [21211:21211] [DMG] Endpoint 1, Cluster 0x0000_042B update version to 893d7296[0m
[0;34m[1784837353.172] [21211:21211] [DMG] Endpoint 1, Cluster 0x0000_042B update version to 893d7297[0m
[0;34m[1784837353.172] [21211:21211] [DMG] Endpoint 1, Cluster 0x0000_042B update version to 893d7298[0m
[0;34m[1784837353.172] [21211:21211] [DMG] Endpoint 1, Cluster 0x0000_042B update version to 893d7299[0m
[0;34m[1784837353.172] [21211:21211] [DMG] Endpoint 1, Cluster 0x0000_042C update version to 48261375[0m
[0;34m[1784837353.172] [21211:21211] [DMG] Endpoint 1, Cluster 0x0000_042C update version to 48261376[0m
[0;34m[1784837353.172] [21211:21211] [DMG] Endpoint 1, Cluster 0x0000_042C update version to 48261377[0m
[0;34m[1784837353.172] [21211:21211] [DMG] Endpoint 1, Cluster 0x0000_042C update version to 48261378[0m
[0;34m[1784837353.172] [21211:21211] [DMG] Endpoint 1, Cluster 0x0000_042C update version to 48261379[0m
[0;34m[1784837353.172] [21211:21211] [DMG] Endpoint 1, Cluster 0x0000_042C update version to 4826137a[0m
[0;34m[1784837353.172] [21211:21211] [DMG] Endpoint 1, Cluster 0x0000_042C update version to 4826137b[0m
[0;34m[1784837353.172] [21211:21211] [DMG] Endpoint 1, Cluster 0x0000_042C update version to 4826137c[0m
[0;34m[1784837353.172] [21211:21211] [DMG] Endpoint 1, Cluster 0x0000_042D update version to 221184cb[0m
[0;34m[1784837353.172] [21211:21211] [DMG] Endpoint 1, Cluster 0x0000_042D update version to 221184cc[0m
[0;34m[1784837353.172] [21211:21211] [DMG] Endpoint 1, Cluster 0x0000_042D update version to 221184cd[0m
[0;34m[1784837353.172] [21211:21211] [DMG] Endpoint 1, Cluster 0x0000_042D update version to 221184ce[0m
[0;34m[1784837353.172] [21211:21211] [DMG] Endpoint 1, Cluster 0x0000_042D update version to 221184cf[0m
[0;34m[1784837353.172] [21211:21211] [DMG] Endpoint 1, Cluster 0x0000_042D update version to 221184d0[0m
[0;34m[1784837353.172] [21211:21211] [DMG] Endpoint 1, Cluster 0x0000_042D update version to 221184d1[0m
[0;34m[1784837353.172] [21211:21211] [DMG] Endpoint 1, Cluster 0x0000_042D update version to 221184d2[0m
[0;34m[1784837353.172] [21211:21211] [DMG] Endpoint 1, Cluster 0x0000_042E update version to 8cc4e7ae[0m
[0;34m[1784837353.172] [21211:21211] [DMG] Endpoint 1, Cluster 0x0000_042E update version to 8cc4e7af[0m
[0;34m[1784837353.172] [21211:21211] [DMG] Endpoint 1, Cluster 0x0000_042E update version to 8cc4e7b0[0m
[0;34m[1784837353.172] [21211:21211] [DMG] Endpoint 1, Cluster 0x0000_042E update version to 8cc4e7b1[0m
[0;34m[1784837353.172] [21211:21211] [DMG] Endpoint 1, Cluster 0x0000_042E update version to 8cc4e7b2[0m
[0;34m[1784837353.172] [21211:21211] [DMG] Endpoint 1, Cluster 0x0000_042E update version to 8cc4e7b3[0m
[0;34m[1784837353.172] [21211:21211] [DMG] Endpoint 1, Cluster 0x0000_042E update version to 8cc4e7b4[0m
[0;34m[1784837353.172] [21211:21211] [DMG] Endpoint 1, Cluster 0x0000_042E update version to 8cc4e7b5[0m
[0;34m[1784837353.172] [21211:21211] [DMG] Endpoint 1, Cluster 0x0000_042F update version to cd14f09[0m
[0;34m[1784837353.172] [21211:21211] [DMG] Endpoint 1, Cluster 0x0000_042F update version to cd14f0a[0m
[0;34m[1784837353.172] [21211:21211] [DMG] Endpoint 1, Cluster 0x0000_042F update version to cd14f0b[0m
[0;34m[1784837353.172] [21211:21211] [DMG] Endpoint 1, Cluster 0x0000_042F update version to cd14f0c[0m
[0;34m[1784837353.172] [21211:21211] [DMG] Endpoint 1, Cluster 0x0000_042F update version to cd14f0d[0m
[0;34m[1784837353.172] [21211:21211] [DMG] Endpoint 1, Cluster 0x0000_042F update version to cd14f0e[0m
[0;34m[1784837353.172] [21211:21211] [DMG] Endpoint 1, Cluster 0x0000_042F update version to cd14f0f[0m
[0;34m[1784837353.172] [21211:21211] [DMG] Endpoint 1, Cluster 0x0000_042F update version to cd14f10[0m
[0;32m[1784837353.172] [21211:21211] [-] Setting LowPower default delegate to global manager[0m
[0;34m[1784837353.172] [21211:21211] [DMG] Endpoint 2, Cluster 0x0000_0004 update version to c003e766[0m
[0;34m[1784837353.172] [21211:21211] [DMG] Endpoint 2, Cluster 0x0000_0004 update version to c003e767[0m
[1;31m[1784837353.172] [21211:21211] [IM] Duplicate attribute override registration failed[0m
[0;34m[1784837353.172] [21211:21211] [DMG] Endpoint 2, Cluster 0x0000_0406 update version to 691fcd1a[0m
[0;34m[1784837353.172] [21211:21211] [DMG] Endpoint 2, Cluster 0x0000_0406 update version to 691fcd1b[0m
[0;32m[1784837353.172] [21211:21211] [DMG] TLSClientManagementCluster: initializing[0m
[0;32m[1784837353.172] [21211:21211] [DMG] TLSCertificateManagementCluster: initializing[0m
[0;34m[1784837353.172] [21211:21211] [ZCL] Chime: Unable to load the SelectedChime attribute from the KVS. Defaulting to 0[0m
[0;34m[1784837353.172] [21211:21211] [ZCL] Chime: Unable to load the Enabled attribute from the KVS. Defaulting to 1[0m
[0;34m[1784837353.172] [21211:21211] [EVL] LogEvent event number: 0x0000000000000001 priority: 2, endpoint id:  0x0 cluster id: 0x0000_0033 event id: 0x3 Epoch timestamp: 0x0000019F9098AED4[0m
[0;34m[1784837353.174] [21211:21211] [DL] Wrote settings to /tmp/chip_kvs_test[0m
[0;32m[1784837353.174] [21211:21211] [DMG] AccessControlCluster: initializing[0m
[0;34m[1784837353.174] [21211:21211] [IN] SecureSession[0x5e322d348890]: Allocated Type:1 LSID:33351[0m
[0;34m[1784837353.174] [21211:21211] [SC] Assigned local session key ID 33351[0m
[0;34m[1784837353.174] [21211:21211] [SC] Waiting for PBKDF param request[0m
[0;32m[1784837353.174] [21211:21211] [DIS] Updating services using commissioning mode 1[0m
[0;32m[1784837353.174] [21211:21211] [DIS] CHIP minimal mDNS started advertising.[0m
[0;34m[1784837353.174] [21211:21211] [DL] Using WiFi MAC for hostname[0m
[0;34m[1784837353.174] [21211:21211] [DIS] DNS-SD Pairing Instruction not set[0m
[0;32m[1784837353.174] [21211:21211] [DIS] Advertise commission parameter vendorID=65521 productID=32769 discriminator=3840/15 cm=1 cp=0 jf=0[0m
[0;34m[1784837353.174] [21211:21211] [DIS] Responding with _matterc._udp.local[0m
[0;34m[1784837353.174] [21211:21211] [DIS] Responding with 895609433D9D0342._matterc._udp.local[0m
[0;34m[1784837353.174] [21211:21211] [DIS] Responding with 080027AE1A43.local[0m
[0;34m[1784837353.174] [21211:21211] [DIS] Responding with 080027AE1A43.local[0m
[0;34m[1784837353.174] [21211:21211] [DIS] Responding with _V65521._sub._matterc._udp.local[0m
[0;34m[1784837353.174] [21211:21211] [DIS] Responding with _T257._sub._matterc._udp.local[0m
[0;34m[1784837353.174] [21211:21211] [DIS] Responding with _S15._sub._matterc._udp.local[0m
[0;34m[1784837353.174] [21211:21211] [DIS] Responding with _L3840._sub._matterc._udp.local[0m
[0;34m[1784837353.174] [21211:21211] [DIS] Responding with _CM._sub._matterc._udp.local[0m
[0;34m[1784837353.174] [21211:21211] [DIS] Responding with 895609433D9D0342._matterc._udp.local[0m
[0;32m[1784837353.174] [21211:21211] [DIS] CHIP minimal mDNS configured as 'Commissionable node device'; instance name: 895609433D9D0342.[0m
[0;32m[1784837353.175] [21211:21211] [DIS] mDNS service published: _matterc._udp[0m
[0;32m[1784837353.175] [21211:21211] [DIS] Updating services using commissioning mode 1[0m
[0;32m[1784837353.175] [21211:21211] [DIS] CHIP minimal mDNS started advertising.[0m
[0;34m[1784837353.176] [21211:21211] [DL] Using WiFi MAC for hostname[0m
[0;34m[1784837353.176] [21211:21211] [DIS] DNS-SD Pairing Instruction not set[0m
[0;32m[1784837353.176] [21211:21211] [DIS] Advertise commission parameter vendorID=65521 productID=32769 discriminator=3840/15 cm=1 cp=0 jf=0[0m
[0;34m[1784837353.176] [21211:21211] [DIS] Responding with _matterc._udp.local[0m
[0;34m[1784837353.176] [21211:21211] [DIS] Responding with 895609433D9D0342._matterc._udp.local[0m
[0;34m[1784837353.176] [21211:21211] [DIS] Responding with 080027AE1A43.local[0m
[0;34m[1784837353.176] [21211:21211] [DIS] Responding with 080027AE1A43.local[0m
[0;34m[1784837353.176] [21211:21211] [DIS] Responding with _V65521._sub._matterc._udp.local[0m
[0;34m[1784837353.176] [21211:21211] [DIS] Responding with _T257._sub._matterc._udp.local[0m
[0;34m[1784837353.176] [21211:21211] [DIS] Responding with _S15._sub._matterc._udp.local[0m
[0;34m[1784837353.176] [21211:21211] [DIS] Responding with _L3840._sub._matterc._udp.local[0m
[0;34m[1784837353.176] [21211:21211] [DIS] Responding with _CM._sub._matterc._udp.local[0m
[0;34m[1784837353.176] [21211:21211] [DIS] Responding with 895609433D9D0342._matterc._udp.local[0m
[0;32m[1784837353.176] [21211:21211] [DIS] CHIP minimal mDNS configured as 'Commissionable node device'; instance name: 895609433D9D0342.[0m
[0;32m[1784837353.176] [21211:21211] [DIS] mDNS service published: _matterc._udp[0m
[0;32m[1784837353.176] [21211:21211] [IN] CASE Server enabling CASE session setups[0m
[0;34m[1784837353.176] [21211:21211] [IN] SecureSession[0x5e322d348da0]: Allocated Type:2 LSID:33352[0m
[0;34m[1784837353.176] [21211:21211] [SC] Allocated SecureSession (0x5e322d348da0) - waiting for Sigma1 msg[0m
[0;32m[1784837353.176] [21211:21211] [SVR] Joining Multicast groups[0m
[0;34m[1784837353.176] [21211:21211] [ZCL] Emitting StartUp event[0m
[0;34m[1784837353.176] [21211:21211] [EVL] LogEvent event number: 0x0000000000000002 priority: 2, endpoint id:  0x0 cluster id: 0x0000_0028 event id: 0x0 Epoch timestamp: 0x0000019F9098AED8[0m
[0;32m[1784837353.176] [21211:21211] [SVR] Server initialization complete[0m
[0;32m[1784837353.176] [21211:21211] [SVR] Server Listening...[0m
[0;32m[1784837353.176] [21211:21211] [DL] Device Configuration:[0m
[0;32m[1784837353.176] [21211:21211] [DL]   Serial Number: TEST_SN[0m
[0;32m[1784837353.176] [21211:21211] [DL]   Vendor Id: 65521 (0xFFF1)[0m
[0;32m[1784837353.176] [21211:21211] [DL]   Product Id: 32769 (0x8001)[0m
[0;32m[1784837353.176] [21211:21211] [DL]   Product Name: TEST_PRODUCT[0m
[0;32m[1784837353.176] [21211:21211] [DL]   Hardware Version: 0[0m
[0;32m[1784837353.176] [21211:21211] [DL]   Setup Pin Code (0 for UNKNOWN/ERROR): 20202021[0m
[0;32m[1784837353.176] [21211:21211] [DL]   Setup Discriminator (0xFFFF for UNKNOWN/ERROR): 3840 (0xF00)[0m
[0;32m[1784837353.176] [21211:21211] [DL]   Manufacturing Date: (not set)[0m
[0;32m[1784837353.176] [21211:21211] [DL]   Device Type: 257 (0x101)[0m
[0;32m[1784837353.176] [21211:21211] [SVR] SetupQRCode: [MT:-24J042C00KA0648G00][0m
[0;32m[1784837353.176] [21211:21211] [SVR] Copy/paste the below URL in a browser to see the QR Code:[0m
[0;32m[1784837353.176] [21211:21211] [SVR] https://project-chip.github.io/connectedhomeip/qrcode.html?data=MT%3A-24J042C00KA0648G00[0m
[0;32m[1784837353.176] [21211:21211] [SVR] Manual pairing code: [34970112332][0m
[0;34m[1784837353.176] [21211:21211] [DMG] Endpoint 0, Cluster 0x0000_001D update version to 7f0683c8[0m
[0;34m[1784837353.176] [21211:21211] [DMG] Endpoint 1, Cluster 0x0000_005D update version to c40c14c5[0m
[0;34m[1784837353.176] [21211:21211] [DMG] Endpoint 1, Cluster 0x0000_005D update version to c40c14c6[0m
[0;34m[1784837353.176] [21211:21211] [DMG] Endpoint 1, Cluster 0x0000_005D update version to c40c14c7[0m
[0;34m[1784837353.176] [21211:21211] [DMG] Endpoint 1, Cluster 0x0000_005D update version to c40c14c8[0m
[0;34m[1784837353.176] [21211:21211] [EVL] LogEvent event number: 0x0000000000000003 priority: 1, endpoint id:  0x1 cluster id: 0x0000_005D event id: 0x0 Epoch timestamp: 0x0000019F9098AED8[0m
[0;32m[1784837353.176] [21211:21211] [ZCL] Set number of supported temperature units to: 2[0m
[0;34m[1784837353.176] [21211:21211] [DMG] Endpoint 0, Cluster 0x0000_002D update version to 262cc324[0m
[0;34m[1784837353.179] [21211:21211] [DL] Wrote settings to /tmp/chip_kvs_test[0m
[0;32m[1784837353.179] [21211:21211] [DL] ===== APP STATUS: Starting event loop =====[0m
[1;31m[1784837378.187] [21211:21212] [DL] FAIL: Get D-Bus object manager client: Error calling StartServiceByName for org.bluez: Failed to activate service 'org.bluez': timed out (service_start_timeout=25000ms)[0m
[1;31m[1784837378.187] [21211:21211] [DL] Disabling CHIPoBLE service due to error: src/platform/Linux/bluez/BluezObjectManager.cpp:280: CHIP Error 0x000000AC: Internal error[0m
[1;31m[1784837378.187] [21211:21211] [DL] Long dispatch time: 25008 ms, for event type 3[0m
[0;32m[1784837378.188] [21211:21211] [SVR] Cannot load binding table: src/platform/Linux/KeyValueStoreManagerImpl.cpp:53: CHIP Error 0x000000A0: Value not found in the persisted storage[0m
[0;32m[1784837378.188] [21211:21211] [DIS] Updating services using commissioning mode 1[0m
[0;32m[1784837378.188] [21211:21211] [DIS] CHIP minimal mDNS started advertising.[0m
[0;34m[1784837378.189] [21211:21211] [DL] Using WiFi MAC for hostname[0m
[0;34m[1784837378.190] [21211:21211] [DIS] DNS-SD Pairing Instruction not set[0m
[0;32m[1784837378.190] [21211:21211] [DIS] Advertise commission parameter vendorID=65521 productID=32769 discriminator=3840/15 cm=1 cp=0 jf=0[0m
[0;34m[1784837378.190] [21211:21211] [DIS] Responding with _matterc._udp.local[0m
[0;34m[1784837378.190] [21211:21211] [DIS] Responding with 895609433D9D0342._matterc._udp.local[0m
[0;34m[1784837378.190] [21211:21211] [DIS] Responding with 080027AE1A43.local[0m
[0;34m[1784837378.190] [21211:21211] [DIS] Responding with 080027AE1A43.local[0m
[0;34m[1784837378.190] [21211:21211] [DIS] Responding with _V65521._sub._matterc._udp.local[0m
[0;34m[1784837378.190] [21211:21211] [DIS] Responding with _T257._sub._matterc._udp.local[0m
[0;34m[1784837378.190] [21211:21211] [DIS] Responding with _S15._sub._matterc._udp.local[0m
[0;34m[1784837378.190] [21211:21211] [DIS] Responding with _L3840._sub._matterc._udp.local[0m
[0;34m[1784837378.190] [21211:21211] [DIS] Responding with _CM._sub._matterc._udp.local[0m
[0;34m[1784837378.190] [21211:21211] [DIS] Responding with 895609433D9D0342._matterc._udp.local[0m
[0;32m[1784837378.190] [21211:21211] [DIS] CHIP minimal mDNS configured as 'Commissionable node device'; instance name: 895609433D9D0342.[0m
[0;32m[1784837378.190] [21211:21211] [DIS] mDNS service published: _matterc._udp[0m
[0;32m[1784837378.190] [21211:21211] [IM] No subscriptions to resume[0m
[0;34m[1784837378.190] [21211:21211] [DMG] Endpoint 0, Cluster 0x0000_0038 update version to 3812dc89[0m
[0;32m[1784837379.304] [21211:21211] [EM] >>> [E:27149r S:0 M:265594813] (U) Msg RX from 0:8BB322FFBB972BC8 [0000] to 0000000000000000 --- Type 0000:20 (SecureChannel:PBKDFParamRequest) (B:98)[0m
[0;34m[1784837379.304] [21211:21211] [EM] Handling via exchange: 27149r, Delegate: 0x5e32147f9d08[0m
[0;34m[1784837379.304] [21211:21211] [SC] Received PBKDF param request[0m
[0;34m[1784837379.304] [21211:21211] [SC] Peer assigned session ID 9767[0m
[0;34m[1784837379.304] [21211:21211] [SC] Found MRP parameters in the message[0m
[0;32m[1784837379.305] [21211:21211] [EM] <<< [E:27149r S:0 M:86942708 (Ack:265594813)] (U) Msg TX from 0000000000000000 to 0:8BB322FFBB972BC8 [0000] [UDP:[fe80::bfe:a203:38f0:bce7%enp0s3]:52433] --- Type 0000:21 (SecureChannel:PBKDFParamResponse) (B:174)[0m
[0;32m[1784837379.305] [21211:21211] [EM] ??1 [E:27149r S:0 M:86942708] (U) Msg Retransmission to 0:0000000000000000 scheduled for 353ms from now [State:Active II:500 AI:300 AT:4000][0m
[0;34m[1784837379.305] [21211:21211] [SC] Sent PBKDF param response[0m
[0;32m[1784837379.305] [21211:21211] [SVR] Commissioning session establishment step started[0m
[0;32m[1784837379.306] [21211:21211] [EM] >>> [E:27149r S:0 M:265594814 (Ack:86942708)] (U) Msg RX from 0:8BB322FFBB972BC8 [0000] to 0000000000000000 --- Type 0000:22 (SecureChannel:PASE_Pake1) (B:96)[0m
[0;34m[1784837379.306] [21211:21211] [EM] Found matching exchange: 27149r, Delegate: 0x5e32147f9d08[0m
[0;34m[1784837379.306] [21211:21211] [EM] Rxd Ack; Removing MessageCounter:86942708 from Retrans Table on exchange 27149r[0m
[0;34m[1784837379.306] [21211:21211] [SC] Received spake2p msg1[0m
[0;32m[1784837379.307] [21211:21211] [EM] <<< [E:27149r S:0 M:86942709 (Ack:265594814)] (U) Msg TX from 0000000000000000 to 0:8BB322FFBB972BC8 [0000] [UDP:[fe80::bfe:a203:38f0:bce7%enp0s3]:52433] --- Type 0000:23 (SecureChannel:PASE_Pake2) (B:131)[0m
[0;32m[1784837379.307] [21211:21211] [EM] ??1 [E:27149r S:0 M:86942709] (U) Msg Retransmission to 0:0000000000000000 scheduled for 371ms from now [State:Active II:500 AI:300 AT:4000][0m
[0;34m[1784837379.307] [21211:21211] [SC] Sent spake2p msg2[0m
[0;32m[1784837379.307] [21211:21211] [EM] >>> [E:27149r S:0 M:265594815 (Ack:86942709)] (U) Msg RX from 0:8BB322FFBB972BC8 [0000] to 0000000000000000 --- Type 0000:24 (SecureChannel:PASE_Pake3) (B:63)[0m
[0;34m[1784837379.307] [21211:21211] [EM] Found matching exchange: 27149r, Delegate: 0x5e32147f9d08[0m
[0;34m[1784837379.307] [21211:21211] [EM] Rxd Ack; Removing MessageCounter:86942709 from Retrans Table on exchange 27149r[0m
[0;34m[1784837379.307] [21211:21211] [SC] Received spake2p msg3[0m
[0;34m[1784837379.307] [21211:21211] [SC] Sending status report. Protocol code 0, exchange 27149[0m
[0;32m[1784837379.307] [21211:21211] [EM] <<< [E:27149r S:0 M:86942710 (Ack:265594815)] (U) Msg TX from 0000000000000000 to 0:8BB322FFBB972BC8 [0000] [UDP:[fe80::bfe:a203:38f0:bce7%enp0s3]:52433] --- Type 0000:40 (SecureChannel:StatusReport) (B:34)[0m
[0;32m[1784837379.307] [21211:21211] [EM] ??1 [E:27149r S:0 M:86942710] (U) Msg Retransmission to 0:0000000000000000 scheduled for 349ms from now [State:Active II:500 AI:300 AT:4000][0m
[0;32m[1784837379.307] [21211:21211] [SC] SecureSession[0x5e322d348890, LSID:33351]: State change 'kEstablishing' --> 'kActive'[0m
[0;34m[1784837379.307] [21211:21211] [IN] SecureSession[0x5e322d348890]: Activated - Type:1 LSID:33351[0m
[0;34m[1784837379.307] [21211:21211] [IN] New secure session activated for device <FFFFFFFB00000000, 0>, LSID:33351 PSID:9767![0m
[0;32m[1784837379.307] [21211:21211] [SVR] Commissioning completed session establishment step[0m
[0;32m[1784837379.307] [21211:21211] [DIS] Updating services using commissioning mode 0[0m
[0;32m[1784837379.307] [21211:21211] [DIS] CHIP minimal mDNS started advertising.[0m
[0;32m[1784837379.308] [21211:21211] [SVR] Device completed Rendezvous process[0m
[0;32m[1784837379.309] [21211:21211] [EM] >>> [E:27150r S:33351 M:31974655] (S) Msg RX from 0:FFFFFFFB00000000 [0000] to 0000000000000000 --- Type 0001:02 (IM:ReadRequest) (B:136)[0m
[0;34m[1784837379.309] [21211:21211] [EM] Handling via exchange: 27150r, Delegate: 0x5e3214801ac8[0m
[0;34m[1784837379.309] [21211:21211] [IM] Received Read request[0m
[0;34m[1784837379.309] [21211:21211] [DMG] ReadRequestMessage =[0m
[0;34m[1784837379.309] [21211:21211] [DMG] {[0m
[0;34m[1784837379.309] [21211:21211] [DMG] 	AttributePathIBs =[0m
[0;34m[1784837379.309] [21211:21211] [DMG] 	[[0m
[0;34m[1784837379.309] [21211:21211] [DMG] 		AttributePathIB =[0m
[0;34m[1784837379.309] [21211:21211] [DMG] 		{[0m
[0;34m[1784837379.309] [21211:21211] [DMG] 			Endpoint = 0x0,[0m
[0;34m[1784837379.309] [21211:21211] [DMG] 			Cluster = 0x30,[0m
[0;34m[1784837379.309] [21211:21211] [DMG] 			Attribute = 0x0000_0004,[0m
[0;34m[1784837379.309] [21211:21211] [DMG] 		}[0m
[0;34m[1784837379.309] [21211:21211] [DMG] 			[0m
[0;34m[1784837379.309] [21211:21211] [DMG] 		AttributePathIB =[0m
[0;34m[1784837379.309] [21211:21211] [DMG] 		{[0m
[0;34m[1784837379.309] [21211:21211] [DMG] 			Endpoint = 0x0,[0m
[0;34m[1784837379.309] [21211:21211] [DMG] 			Cluster = 0x30,[0m
[0;34m[1784837379.309] [21211:21211] [DMG] 			Attribute = 0x0000_0000,[0m
[0;34m[1784837379.309] [21211:21211] [DMG] 		}[0m
[0;34m[1784837379.309] [21211:21211] [DMG] 			[0m
[0;34m[1784837379.309] [21211:21211] [DMG] 		AttributePathIB =[0m
[0;34m[1784837379.309] [21211:21211] [DMG] 		{[0m
[0;34m[1784837379.309] [21211:21211] [DMG] 			Endpoint = 0x0,[0m
[0;34m[1784837379.309] [21211:21211] [DMG] 			Cluster = 0x30,[0m
[0;34m[1784837379.309] [21211:21211] [DMG] 			Attribute = 0x0000_0001,[0m
[0;34m[1784837379.309] [21211:21211] [DMG] 		}[0m
[0;34m[1784837379.309] [21211:21211] [DMG] 			[0m
[0;34m[1784837379.309] [21211:21211] [DMG] 		AttributePathIB =[0m
[0;34m[1784837379.309] [21211:21211] [DMG] 		{[0m
[0;34m[1784837379.309] [21211:21211] [DMG] 			Endpoint = 0x0,[0m
[0;34m[1784837379.309] [21211:21211] [DMG] 			Cluster = 0x30,[0m
[0;34m[1784837379.309] [21211:21211] [DMG] 			Attribute = 0x0000_0002,[0m
[0;34m[1784837379.309] [21211:21211] [DMG] 		}[0m
[0;34m[1784837379.309] [21211:21211] [DMG] 			[0m
[0;34m[1784837379.309] [21211:21211] [DMG] 		AttributePathIB =[0m
[0;34m[1784837379.309] [21211:21211] [DMG] 		{[0m
[0;34m[1784837379.309] [21211:21211] [DMG] 			Endpoint = 0x0,[0m
[0;34m[1784837379.309] [21211:21211] [DMG] 			Cluster = 0x30,[0m
[0;34m[1784837379.309] [21211:21211] [DMG] 			Attribute = 0x0000_0003,[0m
[0;34m[1784837379.309] [21211:21211] [DMG] 		}[0m
[0;34m[1784837379.309] [21211:21211] [DMG] 			[0m
[0;34m[1784837379.309] [21211:21211] [DMG] 		AttributePathIB =[0m
[0;34m[1784837379.309] [21211:21211] [DMG] 		{[0m
[0;34m[1784837379.309] [21211:21211] [DMG] 			Endpoint = 0x0,[0m
[0;34m[1784837379.309] [21211:21211] [DMG] 			Cluster = 0x30,[0m
[0;34m[1784837379.309] [21211:21211] [DMG] 			Attribute = 0x0000_000C,[0m
[0;34m[1784837379.309] [21211:21211] [DMG] 		}[0m
[0;34m[1784837379.309] [21211:21211] [DMG] 			[0m
[0;34m[1784837379.309] [21211:21211] [DMG] 		AttributePathIB =[0m
[0;34m[1784837379.309] [21211:21211] [DMG] 		{[0m
[0;34m[1784837379.309] [21211:21211] [DMG] 			Endpoint = 0x0,[0m
[0;34m[1784837379.309] [21211:21211] [DMG] 			Cluster = 0x28,[0m
[0;34m[1784837379.309] [21211:21211] [DMG] 			Attribute = 0x0000_0002,[0m
[0;34m[1784837379.309] [21211:21211] [DMG] 		}[0m
[0;34m[1784837379.309] [21211:21211] [DMG] 			[0m
[0;34m[1784837379.309] [21211:21211] [DMG] 		AttributePathIB =[0m
[0;34m[1784837379.309] [21211:21211] [DMG] 		{[0m
[0;34m[1784837379.309] [21211:21211] [DMG] 			Endpoint = 0x0,[0m
[0;34m[1784837379.309] [21211:21211] [DMG] 			Cluster = 0x28,[0m
[0;34m[1784837379.309] [21211:21211] [DMG] 			Attribute = 0x0000_0004,[0m
[0;34m[1784837379.309] [21211:21211] [DMG] 		}[0m
[0;34m[1784837379.309] [21211:21211] [DMG] 			[0m
[0;34m[1784837379.309] [21211:21211] [DMG] 		AttributePathIB =[0m
[0;34m[1784837379.309] [21211:21211] [DMG] 		{[0m
[0;34m[1784837379.309] [21211:21211] [DMG] 			Endpoint = 0x0,[0m
[0;34m[1784837379.309] [21211:21211] [DMG] 			Cluster = 0x38,[0m
[0;34m[1784837379.309] [21211:21211] [DMG] 		}[0m
[0;34m[1784837379.309] [21211:21211] [DMG] 			[0m
[0;34m[1784837379.309] [21211:21211] [DMG] 	],[0m
[0;34m[1784837379.309] [21211:21211] [DMG] 		[0m
[0;34m[1784837379.309] [21211:21211] [DMG] 	isFabricFiltered = false, [0m
[0;34m[1784837379.309] [21211:21211] [DMG] 	InteractionModelRevision = 12[0m
[0;34m[1784837379.309] [21211:21211] [DMG] },[0m
[0;34m[1784837379.309] [21211:21211] [DMG] IM RH moving to [CanStartReporting][0m
[0;34m[1784837379.309] [21211:21211] [DMG] Building Reports for ReadHandler with LastReportGeneration = 0x0000000000000000 DirtyGeneration = 0x0000000000000000[0m
[0;34m[1784837379.309] [21211:21211] [DMG] <RE:Run> Cluster 38, Attribute 0 is dirty[0m
[0;32m[1784837379.309] [21211:21211] [DMG] AccessControl: checking f=0 a=p s=0xFFFFFFFB00000000 t= c=0x0000_0038 e=0 p=v r=r[0m
[0;32m[1784837379.309] [21211:21211] [DMG] AccessControl: implicit admin (PASE)[0m
[0;32m[1784837379.309] [21211:21211] [DMG] AccessControl: checking f=0 a=p s=0xFFFFFFFB00000000 t= c=0x0000_0038 e=0 p=v r=r[0m
[0;32m[1784837379.309] [21211:21211] [DMG] AccessControl: implicit admin (PASE)[0m
[0;34m[1784837379.309] [21211:21211] [DMG] Reading attribute: Cluster=0x0000_0038 Endpoint=0x0 AttributeId=0x0000_0000 (expanded=1)[0m
[0;34m[1784837379.309] [21211:21211] [DMG] <RE:Run> Cluster 38, Attribute 1 is dirty[0m
[0;32m[1784837379.309] [21211:21211] [DMG] AccessControl: checking f=0 a=p s=0xFFFFFFFB00000000 t= c=0x0000_0038 e=0 p=v r=r[0m
[0;32m[1784837379.309] [21211:21211] [DMG] AccessControl: implicit admin (PASE)[0m
[0;32m[1784837379.309] [21211:21211] [DMG] AccessControl: checking f=0 a=p s=0xFFFFFFFB00000000 t= c=0x0000_0038 e=0 p=v r=r[0m
[0;32m[1784837379.309] [21211:21211] [DMG] AccessControl: implicit admin (PASE)[0m
[0;34m[1784837379.309] [21211:21211] [DMG] Reading attribute: Cluster=0x0000_0038 Endpoint=0x0 AttributeId=0x0000_0001 (expanded=1)[0m
[0;34m[1784837379.309] [21211:21211] [DMG] <RE:Run> Cluster 38, Attribute 2 is dirty[0m
[0;32m[1784837379.309] [21211:21211] [DMG] AccessControl: checking f=0 a=p s=0xFFFFFFFB00000000 t= c=0x0000_0038 e=0 p=v r=r[0m
[0;32m[1784837379.309] [21211:21211] [DMG] AccessControl: implicit admin (PASE)[0m
[0;32m[1784837379.309] [21211:21211] [DMG] AccessControl: checking f=0 a=p s=0xFFFFFFFB00000000 t= c=0x0000_0038 e=0 p=v r=r[0m
[0;32m[1784837379.309] [21211:21211] [DMG] AccessControl: implicit admin (PASE)[0m
[0;34m[1784837379.309] [21211:21211] [DMG] Reading attribute: Cluster=0x0000_0038 Endpoint=0x0 AttributeId=0x0000_0002 (expanded=1)[0m
[0;34m[1784837379.309] [21211:21211] [DMG] <RE:Run> Cluster 38, Attribute 3 is dirty[0m
[0;32m[1784837379.309] [21211:21211] [DMG] AccessControl: checking f=0 a=p s=0xFFFFFFFB00000000 t= c=0x0000_0038 e=0 p=v r=r[0m
[0;32m[1784837379.309] [21211:21211] [DMG] AccessControl: implicit admin (PASE)[0m
[0;32m[1784837379.309] [21211:21211] [DMG] AccessControl: checking f=0 a=p s=0xFFFFFFFB00000000 t= c=0x0000_0038 e=0 p=v r=r[0m
[0;32m[1784837379.309] [21211:21211] [DMG] AccessControl: implicit admin (PASE)[0m
[0;34m[1784837379.309] [21211:21211] [DMG] Reading attribute: Cluster=0x0000_0038 Endpoint=0x0 AttributeId=0x0000_0003 (expanded=1)[0m
[0;34m[1784837379.309] [21211:21211] [DMG] <RE:Run> Cluster 38, Attribute 4 is dirty[0m
[0;32m[1784837379.309] [21211:21211] [DMG] AccessControl: checking f=0 a=p s=0xFFFFFFFB00000000 t= c=0x0000_0038 e=0 p=v r=r[0m
[0;32m[1784837379.309] [21211:21211] [DMG] AccessControl: implicit admin (PASE)[0m
[0;32m[1784837379.309] [21211:21211] [DMG] AccessControl: checking f=0 a=p s=0xFFFFFFFB00000000 t= c=0x0000_0038 e=0 p=v r=r[0m
[0;32m[1784837379.309] [21211:21211] [DMG] AccessControl: implicit admin (PASE)[0m
[0;34m[1784837379.309] [21211:21211] [DMG] Reading attribute: Cluster=0x0000_0038 Endpoint=0x0 AttributeId=0x0000_0004 (expanded=1)[0m
[0;34m[1784837379.309] [21211:21211] [DMG] <RE:Run> Cluster 38, Attribute 5 is dirty[0m
[0;32m[1784837379.309] [21211:21211] [DMG] AccessControl: checking f=0 a=p s=0xFFFFFFFB00000000 t= c=0x0000_0038 e=0 p=v r=r[0m
[0;32m[1784837379.309] [21211:21211] [DMG] AccessControl: implicit admin (PASE)[0m
[0;32m[1784837379.309] [21211:21211] [DMG] AccessControl: checking f=0 a=p s=0xFFFFFFFB00000000 t= c=0x0000_0038 e=0 p=v r=r[0m
[0;32m[1784837379.309] [21211:21211] [DMG] AccessControl: implicit admin (PASE)[0m
[0;34m[1784837379.309] [21211:21211] [DMG] Reading attribute: Cluster=0x0000_0038 Endpoint=0x0 AttributeId=0x0000_0005 (expanded=1)[0m
[0;34m[1784837379.309] [21211:21211] [DMG] <RE:Run> Cluster 38, Attribute 6 is dirty[0m
[0;32m[1784837379.309] [21211:21211] [DMG] AccessControl: checking f=0 a=p s=0xFFFFFFFB00000000 t= c=0x0000_0038 e=0 p=v r=r[0m
[0;32m[1784837379.309] [21211:21211] [DMG] AccessControl: implicit admin (PASE)[0m
[0;32m[1784837379.309] [21211:21211] [DMG] AccessControl: checking f=0 a=p s=0xFFFFFFFB00000000 t= c=0x0000_0038 e=0 p=v r=r[0m
[0;32m[1784837379.309] [21211:21211] [DMG] AccessControl: implicit admin (PASE)[0m
[0;34m[1784837379.309] [21211:21211] [DMG] Reading attribute: Cluster=0x0000_0038 Endpoint=0x0 AttributeId=0x0000_0006 (expanded=1)[0m
[0;34m[1784837379.309] [21211:21211] [DMG] <RE:Run> Cluster 38, Attribute 7 is dirty[0m
[0;32m[1784837379.309] [21211:21211] [DMG] AccessControl: checking f=0 a=p s=0xFFFFFFFB00000000 t= c=0x0000_0038 e=0 p=v r=r[0m
[0;32m[1784837379.309] [21211:21211] [DMG] AccessControl: implicit admin (PASE)[0m
[0;32m[1784837379.309] [21211:21211] [DMG] AccessControl: checking f=0 a=p s=0xFFFFFFFB00000000 t= c=0x0000_0038 e=0 p=v r=r[0m
[0;32m[1784837379.309] [21211:21211] [DMG] AccessControl: implicit admin (PASE)[0m
[0;34m[1784837379.309] [21211:21211] [DMG] Reading attribute: Cluster=0x0000_0038 Endpoint=0x0 AttributeId=0x0000_0007 (expanded=1)[0m
[0;34m[1784837379.309] [21211:21211] [DMG] <RE:Run> Cluster 38, Attribute 8 is dirty[0m
[0;32m[1784837379.309] [21211:21211] [DMG] AccessControl: checking f=0 a=p s=0xFFFFFFFB00000000 t= c=0x0000_0038 e=0 p=v r=r[0m
[0;32m[1784837379.309] [21211:21211] [DMG] AccessControl: implicit admin (PASE)[0m
[0;32m[1784837379.309] [21211:21211] [DMG] AccessControl: checking f=0 a=p s=0xFFFFFFFB00000000 t= c=0x0000_0038 e=0 p=v r=r[0m
[0;32m[1784837379.309] [21211:21211] [DMG] AccessControl: implicit admin (PASE)[0m
[0;34m[1784837379.309] [21211:21211] [DMG] Reading attribute: Cluster=0x0000_0038 Endpoint=0x0 AttributeId=0x0000_0008 (expanded=1)[0m
[0;34m[1784837379.309] [21211:21211] [DMG] <RE:Run> Cluster 38, Attribute a is dirty[0m
[0;32m[1784837379.309] [21211:21211] [DMG] AccessControl: checking f=0 a=p s=0xFFFFFFFB00000000 t= c=0x0000_0038 e=0 p=v r=r[0m
[0;32m[1784837379.309] [21211:21211] [DMG] AccessControl: implicit admin (PASE)[0m
[0;32m[1784837379.309] [21211:21211] [DMG] AccessControl: checking f=0 a=p s=0xFFFFFFFB00000000 t= c=0x0000_0038 e=0 p=v r=r[0m
[0;32m[1784837379.309] [21211:21211] [DMG] AccessControl: implicit admin (PASE)[0m
[0;34m[1784837379.309] [21211:21211] [DMG] Reading attribute: Cluster=0x0000_0038 Endpoint=0x0 AttributeId=0x0000_000A (expanded=1)[0m
[0;34m[1784837379.309] [21211:21211] [DMG] <RE:Run> Cluster 38, Attribute b is dirty[0m
[0;32m[1784837379.309] [21211:21211] [DMG] AccessControl: checking f=0 a=p s=0xFFFFFFFB00000000 t= c=0x0000_0038 e=0 p=v r=r[0m
[0;32m[1784837379.309] [21211:21211] [DMG] AccessControl: implicit admin (PASE)[0m
[0;32m[1784837379.309] [21211:21211] [DMG] AccessControl: checking f=0 a=p s=0xFFFFFFFB00000000 t= c=0x0000_0038 e=0 p=v r=r[0m
[0;32m[1784837379.309] [21211:21211] [DMG] AccessControl: implicit admin (PASE)[0m
[0;34m[1784837379.309] [21211:21211] [DMG] Reading attribute: Cluster=0x0000_0038 Endpoint=0x0 AttributeId=0x0000_000B (expanded=1)[0m
[0;34m[1784837379.309] [21211:21211] [DMG] <RE:Run> Cluster 38, Attribute c is dirty[0m
[0;32m[1784837379.309] [21211:21211] [DMG] AccessControl: checking f=0 a=p s=0xFFFFFFFB00000000 t= c=0x0000_0038 e=0 p=v r=r[0m
[0;32m[1784837379.309] [21211:21211] [DMG] AccessControl: implicit admin (PASE)[0m
[0;32m[1784837379.309] [21211:21211] [DMG] AccessControl: checking f=0 a=p s=0xFFFFFFFB00000000 t= c=0x0000_0038 e=0 p=v r=r[0m
[0;32m[1784837379.309] [21211:21211] [DMG] AccessControl: implicit admin (PASE)[0m
[0;34m[1784837379.309] [21211:21211] [DMG] Reading attribute: Cluster=0x0000_0038 Endpoint=0x0 AttributeId=0x0000_000C (expanded=1)[0m
[0;34m[1784837379.309] [21211:21211] [DMG] <RE:Run> Cluster 38, Attribute fffc is dirty[0m
[0;32m[1784837379.309] [21211:21211] [DMG] AccessControl: checking f=0 a=p s=0xFFFFFFFB00000000 t= c=0x0000_0038 e=0 p=v r=r[0m
[0;32m[1784837379.309] [21211:21211] [DMG] AccessControl: implicit admin (PASE)[0m
[0;32m[1784837379.309] [21211:21211] [DMG] AccessControl: checking f=0 a=p s=0xFFFFFFFB00000000 t= c=0x0000_0038 e=0 p=v r=r[0m
[0;32m[1784837379.309] [21211:21211] [DMG] AccessControl: implicit admin (PASE)[0m
[0;34m[1784837379.309] [21211:21211] [DMG] Reading attribute: Cluster=0x0000_0038 Endpoint=0x0 AttributeId=0x0000_FFFC (expanded=1)[0m
[0;34m[1784837379.309] [21211:21211] [DMG] <RE:Run> Cluster 38, Attribute fffd is dirty[0m
[0;32m[1784837379.309] [21211:21211] [DMG] AccessControl: checking f=0 a=p s=0xFFFFFFFB00000000 t= c=0x0000_0038 e=0 p=v r=r[0m
[0;32m[1784837379.309] [21211:21211] [DMG] AccessControl: implicit admin (PASE)[0m
[0;32m[1784837379.309] [21211:21211] [DMG] AccessControl: checking f=0 a=p s=0xFFFFFFFB00000000 t= c=0x0000_0038 e=0 p=v r=r[0m
[0;32m[1784837379.309] [21211:21211] [DMG] AccessControl: implicit admin (PASE)[0m
[0;34m[1784837379.309] [21211:21211] [DMG] Reading attribute: Cluster=0x0000_0038 Endpoint=0x0 AttributeId=0x0000_FFFD (expanded=1)[0m
[0;34m[1784837379.309] [21211:21211] [DMG] <RE:Run> Cluster 38, Attribute fff8 is dirty[0m
[0;32m[1784837379.309] [21211:21211] [DMG] AccessControl: checking f=0 a=p s=0xFFFFFFFB00000000 t= c=0x0000_0038 e=0 p=v r=r[0m
[0;32m[1784837379.309] [21211:21211] [DMG] AccessControl: implicit admin (PASE)[0m
[0;32m[1784837379.309] [21211:21211] [DMG] AccessControl: checking f=0 a=p s=0xFFFFFFFB00000000 t= c=0x0000_0038 e=0 p=v r=r[0m
[0;32m[1784837379.309] [21211:21211] [DMG] AccessControl: implicit admin (PASE)[0m
[0;34m[1784837379.309] [21211:21211] [DMG] <RE:Run> Cluster 38, Attribute fff9 is dirty[0m
[0;32m[1784837379.309] [21211:21211] [DMG] AccessControl: checking f=0 a=p s=0xFFFFFFFB00000000 t= c=0x0000_0038 e=0 p=v r=r[0m
[0;32m[1784837379.309] [21211:21211] [DMG] AccessControl: implicit admin (PASE)[0m
[0;32m[1784837379.309] [21211:21211] [DMG] AccessControl: checking f=0 a=p s=0xFFFFFFFB00000000 t= c=0x0000_0038 e=0 p=v r=r[0m
[0;32m[1784837379.309] [21211:21211] [DMG] AccessControl: implicit admin (PASE)[0m
[0;34m[1784837379.309] [21211:21211] [DMG] <RE:Run> Cluster 38, Attribute fffb is dirty[0m
[0;32m[1784837379.309] [21211:21211] [DMG] AccessControl: checking f=0 a=p s=0xFFFFFFFB00000000 t= c=0x0000_0038 e=0 p=v r=r[0m
[0;32m[1784837379.309] [21211:21211] [DMG] AccessControl: implicit admin (PASE)[0m
[0;32m[1784837379.309] [21211:21211] [DMG] AccessControl: checking f=0 a=p s=0xFFFFFFFB00000000 t= c=0x0000_0038 e=0 p=v r=r[0m
[0;32m[1784837379.309] [21211:21211] [DMG] AccessControl: implicit admin (PASE)[0m
[0;34m[1784837379.309] [21211:21211] [DMG] <RE:Run> Cluster 28, Attribute 4 is dirty[0m
[0;32m[1784837379.309] [21211:21211] [DMG] AccessControl: checking f=0 a=p s=0xFFFFFFFB00000000 t= c=0x0000_0028 e=0 p=v r=r[0m
[0;32m[1784837379.309] [21211:21211] [DMG] AccessControl: implicit admin (PASE)[0m
[0;32m[1784837379.309] [21211:21211] [DMG] AccessControl: checking f=0 a=p s=0xFFFFFFFB00000000 t= c=0x0000_0028 e=0 p=v r=r[0m
[0;32m[1784837379.309] [21211:21211] [DMG] AccessControl: implicit admin (PASE)[0m
[0;34m[1784837379.309] [21211:21211] [DMG] Reading attribute: Cluster=0x0000_0028 Endpoint=0x0 AttributeId=0x0000_0004 (expanded=0)[0m
[0;34m[1784837379.309] [21211:21211] [DMG] <RE:Run> Cluster 28, Attribute 2 is dirty[0m
[0;32m[1784837379.309] [21211:21211] [DMG] AccessControl: checking f=0 a=p s=0xFFFFFFFB00000000 t= c=0x0000_0028 e=0 p=v r=r[0m
[0;32m[1784837379.309] [21211:21211] [DMG] AccessControl: implicit admin (PASE)[0m
[0;32m[1784837379.309] [21211:21211] [DMG] AccessControl: checking f=0 a=p s=0xFFFFFFFB00000000 t= c=0x0000_0028 e=0 p=v r=r[0m
[0;32m[1784837379.309] [21211:21211] [DMG] AccessControl: implicit admin (PASE)[0m
[0;34m[1784837379.309] [21211:21211] [DMG] Reading attribute: Cluster=0x0000_0028 Endpoint=0x0 AttributeId=0x0000_0002 (expanded=0)[0m
[0;34m[1784837379.309] [21211:21211] [DMG] <RE:Run> Cluster 30, Attribute c is dirty[0m
[0;32m[1784837379.309] [21211:21211] [DMG] AccessControl: checking f=0 a=p s=0xFFFFFFFB00000000 t= c=0x0000_0030 e=0 p=v r=r[0m
[0;32m[1784837379.309] [21211:21211] [DMG] AccessControl: implicit admin (PASE)[0m
[1;31m[1784837379.309] [21211:21211] [DMG] Failed to read attribute: UNSUPPORTED_ATTRIBUTE(134)[0m
[1;31m[1784837379.309] [21211:21211] [DMG] Fail to retrieve data, roll back and encode status on clusterId: 0x0000_0030, attributeId: 0x0000_000Cerr = src/app/data-model-provider/ActionReturnStatus.cpp:104: IM Error 0x00000586: General error: 0x86 (UNSUPPORTED_ATTRIBUTE)[0m
[0;34m[1784837379.309] [21211:21211] [DMG] <RE:Run> Cluster 30, Attribute 3 is dirty[0m
[0;32m[1784837379.309] [21211:21211] [DMG] AccessControl: checking f=0 a=p s=0xFFFFFFFB00000000 t= c=0x0000_0030 e=0 p=v r=r[0m
[0;32m[1784837379.309] [21211:21211] [DMG] AccessControl: implicit admin (PASE)[0m
[0;32m[1784837379.309] [21211:21211] [DMG] AccessControl: checking f=0 a=p s=0xFFFFFFFB00000000 t= c=0x0000_0030 e=0 p=v r=r[0m
[0;32m[1784837379.309] [21211:21211] [DMG] AccessControl: implicit admin (PASE)[0m
[0;34m[1784837379.309] [21211:21211] [DMG] Reading attribute: Cluster=0x0000_0030 Endpoint=0x0 AttributeId=0x0000_0003 (expanded=0)[0m
[0;34m[1784837379.309] [21211:21211] [DMG] <RE:Run> Cluster 30, Attribute 2 is dirty[0m
[0;32m[1784837379.310] [21211:21211] [DMG] AccessControl: checking f=0 a=p s=0xFFFFFFFB00000000 t= c=0x0000_0030 e=0 p=v r=r[0m
[0;32m[1784837379.310] [21211:21211] [DMG] AccessControl: implicit admin (PASE)[0m
[0;32m[1784837379.310] [21211:21211] [DMG] AccessControl: checking f=0 a=p s=0xFFFFFFFB00000000 t= c=0x0000_0030 e=0 p=v r=r[0m
[0;32m[1784837379.310] [21211:21211] [DMG] AccessControl: implicit admin (PASE)[0m
[0;34m[1784837379.310] [21211:21211] [DMG] Reading attribute: Cluster=0x0000_0030 Endpoint=0x0 AttributeId=0x0000_0002 (expanded=0)[0m
[0;34m[1784837379.310] [21211:21211] [DMG] <RE:Run> Cluster 30, Attribute 1 is dirty[0m
[0;32m[1784837379.310] [21211:21211] [DMG] AccessControl: checking f=0 a=p s=0xFFFFFFFB00000000 t= c=0x0000_0030 e=0 p=v r=r[0m
[0;32m[1784837379.310] [21211:21211] [DMG] AccessControl: implicit admin (PASE)[0m
[0;32m[1784837379.310] [21211:21211] [DMG] AccessControl: checking f=0 a=p s=0xFFFFFFFB00000000 t= c=0x0000_0030 e=0 p=v r=r[0m
[0;32m[1784837379.310] [21211:21211] [DMG] AccessControl: implicit admin (PASE)[0m
[0;34m[1784837379.310] [21211:21211] [DMG] Reading attribute: Cluster=0x0000_0030 Endpoint=0x0 AttributeId=0x0000_0001 (expanded=0)[0m
[0;34m[1784837379.310] [21211:21211] [DMG] <RE:Run> Cluster 30, Attribute 0 is dirty[0m
[0;32m[1784837379.310] [21211:21211] [DMG] AccessControl: checking f=0 a=p s=0xFFFFFFFB00000000 t= c=0x0000_0030 e=0 p=v r=r[0m
[0;32m[1784837379.310] [21211:21211] [DMG] AccessControl: implicit admin (PASE)[0m
[0;32m[1784837379.310] [21211:21211] [DMG] AccessControl: checking f=0 a=p s=0xFFFFFFFB00000000 t= c=0x0000_0030 e=0 p=v r=r[0m
[0;32m[1784837379.310] [21211:21211] [DMG] AccessControl: implicit admin (PASE)[0m
[0;34m[1784837379.310] [21211:21211] [DMG] Reading attribute: Cluster=0x0000_0030 Endpoint=0x0 AttributeId=0x0000_0000 (expanded=0)[0m
[0;34m[1784837379.310] [21211:21211] [DMG] <RE:Run> Cluster 30, Attribute 4 is dirty[0m
[0;32m[1784837379.310] [21211:21211] [DMG] AccessControl: checking f=0 a=p s=0xFFFFFFFB00000000 t= c=0x0000_0030 e=0 p=v r=r[0m
[0;32m[1784837379.310] [21211:21211] [DMG] AccessControl: implicit admin (PASE)[0m
[0;32m[1784837379.310] [21211:21211] [DMG] AccessControl: checking f=0 a=p s=0xFFFFFFFB00000000 t= c=0x0000_0030 e=0 p=v r=r[0m
[0;32m[1784837379.310] [21211:21211] [DMG] AccessControl: implicit admin (PASE)[0m
[0;34m[1784837379.310] [21211:21211] [DMG] Reading attribute: Cluster=0x0000_0030 Endpoint=0x0 AttributeId=0x0000_0004 (expanded=0)[0m
[0;34m[1784837379.310] [21211:21211] [DMG] <RE> Sending report (payload has 732 bytes)...[0m
[0;32m[1784837379.310] [21211:21211] [EM] <<< [E:27150r S:33351 M:173312743 (Ack:31974655)] (S) Msg TX from 0000000000000000 to 0:FFFFFFFB00000000 [0000] [UDP:[fe80::bfe:a203:38f0:bce7%enp0s3]:52433] --- Type 0001:05 (IM:ReportData) (B:766)[0m
[0;32m[1784837379.310] [21211:21211] [EM] ??1 [E:27150r S:33351 M:173312743] (S) Msg Retransmission to 0:FFFFFFFB00000000 scheduled for 370ms from now [State:Active II:500 AI:300 AT:4000][0m
[0;34m[1784837379.310] [21211:21211] [DMG] <RE> OnReportConfirm: NumReports = 0[0m
[0;34m[1784837379.310] [21211:21211] [DMG] <RE> ReportsInFlight = 0 with readHandler 0, RE has no more messages[0m
[0;34m[1784837379.310] [21211:21211] [DMG] IM RH moving to [AwaitingDestruction][0m
[0;34m[1784837379.310] [21211:21211] [DMG] All ReadHandler-s are clean, clear GlobalDirtySet[0m
[0;32m[1784837379.310] [21211:21211] [EM] >>> [E:27149r S:0 M:265594816 (Ack:86942710)] (U) Msg RX from 0:8BB322FFBB972BC8 [0000] to 0000000000000000 --- Type 0000:10 (SecureChannel:StandaloneAck) (B:26)[0m
[0;34m[1784837379.310] [21211:21211] [EM] Found matching exchange: 27149r, Delegate: (nil)[0m
[0;34m[1784837379.310] [21211:21211] [EM] Rxd Ack; Removing MessageCounter:86942710 from Retrans Table on exchange 27149r[0m
[0;32m[1784837379.311] [21211:21211] [EM] >>> [E:27151r S:33351 M:31974656] (S) Msg RX from 0:FFFFFFFB00000000 [0000] to 0000000000000000 --- Type 0001:02 (IM:ReadRequest) (B:112)[0m
[0;34m[1784837379.311] [21211:21211] [EM] Handling via exchange: 27151r, Delegate: 0x5e3214801ac8[0m
[0;34m[1784837379.311] [21211:21211] [IM] Received Read request[0m
[0;34m[1784837379.311] [21211:21211] [DMG] ReadRequestMessage =[0m
[0;34m[1784837379.311] [21211:21211] [DMG] {[0m
[0;34m[1784837379.311] [21211:21211] [DMG] 	AttributePathIBs =[0m
[0;34m[1784837379.311] [21211:21211] [DMG] 	[[0m
[0;34m[1784837379.311] [21211:21211] [DMG] 		AttributePathIB =[0m
[0;34m[1784837379.311] [21211:21211] [DMG] 		{[0m
[0;34m[1784837379.311] [21211:21211] [DMG] 			Cluster = 0x31,[0m
[0;34m[1784837379.311] [21211:21211] [DMG] 			Attribute = 0x0000_FFFC,[0m
[0;34m[1784837379.311] [21211:21211] [DMG] 		}[0m
[0;34m[1784837379.311] [21211:21211] [DMG] 			[0m
[0;34m[1784837379.311] [21211:21211] [DMG] 		AttributePathIB =[0m
[0;34m[1784837379.311] [21211:21211] [DMG] 		{[0m
[0;34m[1784837379.311] [21211:21211] [DMG] 			Cluster = 0x31,[0m
[0;34m[1784837379.311] [21211:21211] [DMG] 			Attribute = 0x0000_0003,[0m
[0;34m[1784837379.311] [21211:21211] [DMG] 		}[0m
[0;34m[1784837379.311] [21211:21211] [DMG] 			[0m
[0;34m[1784837379.311] [21211:21211] [DMG] 		AttributePathIB =[0m
[0;34m[1784837379.311] [21211:21211] [DMG] 		{[0m
[0;34m[1784837379.311] [21211:21211] [DMG] 			Endpoint = 0x0,[0m
[0;34m[1784837379.311] [21211:21211] [DMG] 			Cluster = 0x46,[0m
[0;34m[1784837379.311] [21211:21211] [DMG] 			Attribute = 0x0000_0006,[0m
[0;34m[1784837379.311] [21211:21211] [DMG] 		}[0m
[0;34m[1784837379.311] [21211:21211] [DMG] 			[0m
[0;34m[1784837379.311] [21211:21211] [DMG] 		AttributePathIB =[0m
[0;34m[1784837379.311] [21211:21211] [DMG] 		{[0m
[0;34m[1784837379.311] [21211:21211] [DMG] 			Endpoint = 0x0,[0m
[0;34m[1784837379.311] [21211:21211] [DMG] 			Cluster = 0x46,[0m
[0;34m[1784837379.311] [21211:21211] [DMG] 			Attribute = 0x0000_0007,[0m
[0;34m[1784837379.311] [21211:21211] [DMG] 		}[0m
[0;34m[1784837379.311] [21211:21211] [DMG] 			[0m
[0;34m[1784837379.311] [21211:21211] [DMG] 		AttributePathIB =[0m
[0;34m[1784837379.311] [21211:21211] [DMG] 		{[0m
[0;34m[1784837379.311] [21211:21211] [DMG] 			Endpoint = 0x0,[0m
[0;34m[1784837379.311] [21211:21211] [DMG] 			Cluster = 0x46,[0m
[0;34m[1784837379.311] [21211:21211] [DMG] 			Attribute = 0x0000_0000,[0m
[0;34m[1784837379.311] [21211:21211] [DMG] 		}[0m
[0;34m[1784837379.311] [21211:21211] [DMG] 			[0m
[0;34m[1784837379.311] [21211:21211] [DMG] 		AttributePathIB =[0m
[0;34m[1784837379.311] [21211:21211] [DMG] 		{[0m
[0;34m[1784837379.311] [21211:21211] [DMG] 			Endpoint = 0x0,[0m
[0;34m[1784837379.311] [21211:21211] [DMG] 			Cluster = 0x46,[0m
[0;34m[1784837379.311] [21211:21211] [DMG] 			Attribute = 0x0000_0001,[0m
[0;34m[1784837379.311] [21211:21211] [DMG] 		}[0m
[0;34m[1784837379.311] [21211:21211] [DMG] 			[0m
[0;34m[1784837379.311] [21211:21211] [DMG] 		AttributePathIB =[0m
[0;34m[1784837379.311] [21211:21211] [DMG] 		{[0m
[0;34m[1784837379.311] [21211:21211] [DMG] 			Endpoint = 0x0,[0m
[0;34m[1784837379.311] [21211:21211] [DMG] 			Cluster = 0x46,[0m
[0;34m[1784837379.311] [21211:21211] [DMG] 			Attribute = 0x0000_0002,[0m
[0;34m[1784837379.311] [21211:21211] [DMG] 		}[0m
[0;34m[1784837379.311] [21211:21211] [DMG] 			[0m
[0;34m[1784837379.311] [21211:21211] [DMG] 	],[0m
[0;34m[1784837379.311] [21211:21211] [DMG] 		[0m
[0;34m[1784837379.311] [21211:21211] [DMG] 	isFabricFiltered = false, [0m
[0;34m[1784837379.311] [21211:21211] [DMG] 	InteractionModelRevision = 12[0m
[0;34m[1784837379.311] [21211:21211] [DMG] },[0m
[0;34m[1784837379.311] [21211:21211] [DMG] IM RH moving to [CanStartReporting][0m
[0;34m[1784837379.311] [21211:21211] [DMG] Building Reports for ReadHandler with LastReportGeneration = 0x0000000000000000 DirtyGeneration = 0x0000000000000000[0m
[0;34m[1784837379.311] [21211:21211] [DMG] <RE:Run> Cluster 46, Attribute 2 is dirty[0m
[1;31m[1784837379.311] [21211:21211] [DMG] Read request on unknown cluster - no data version available[0m
[0;32m[1784837379.311] [21211:21211] [DMG] AccessControl: checking f=0 a=p s=0xFFFFFFFB00000000 t= c=0x0000_0046 e=0 p=v r=r[0m
[0;32m[1784837379.311] [21211:21211] [DMG] AccessControl: implicit admin (PASE)[0m
[1;31m[1784837379.312] [21211:21211] [DMG] Failed to read attribute: UNSUPPORTED_CLUSTER(195)[0m
[1;31m[1784837379.312] [21211:21211] [DMG] Fail to retrieve data, roll back and encode status on clusterId: 0x0000_0046, attributeId: 0x0000_0002err = src/app/data-model-provider/ActionReturnStatus.cpp:104: IM Error 0x000005C3: General error: 0xc3 (UNSUPPORTED_CLUSTER)[0m
[0;34m[1784837379.312] [21211:21211] [DMG] <RE:Run> Cluster 46, Attribute 1 is dirty[0m
[1;31m[1784837379.312] [21211:21211] [DMG] Read request on unknown cluster - no data version available[0m
[0;32m[1784837379.312] [21211:21211] [DMG] AccessControl: checking f=0 a=p s=0xFFFFFFFB00000000 t= c=0x0000_0046 e=0 p=v r=r[0m
[0;32m[1784837379.312] [21211:21211] [DMG] AccessControl: implicit admin (PASE)[0m
[1;31m[1784837379.312] [21211:21211] [DMG] Failed to read attribute: UNSUPPORTED_CLUSTER(195)[0m
[1;31m[1784837379.312] [21211:21211] [DMG] Fail to retrieve data, roll back and encode status on clusterId: 0x0000_0046, attributeId: 0x0000_0001err = src/app/data-model-provider/ActionReturnStatus.cpp:104: IM Error 0x000005C3: General error: 0xc3 (UNSUPPORTED_CLUSTER)[0m
[0;34m[1784837379.312] [21211:21211] [DMG] <RE:Run> Cluster 46, Attribute 0 is dirty[0m
[1;31m[1784837379.312] [21211:21211] [DMG] Read request on unknown cluster - no data version available[0m
[0;32m[1784837379.312] [21211:21211] [DMG] AccessControl: checking f=0 a=p s=0xFFFFFFFB00000000 t= c=0x0000_0046 e=0 p=v r=r[0m
[0;32m[1784837379.312] [21211:21211] [DMG] AccessControl: implicit admin (PASE)[0m
[1;31m[1784837379.312] [21211:21211] [DMG] Failed to read attribute: UNSUPPORTED_CLUSTER(195)[0m
[1;31m[1784837379.312] [21211:21211] [DMG] Fail to retrieve data, roll back and encode status on clusterId: 0x0000_0046, attributeId: 0x0000_0000err = src/app/data-model-provider/ActionReturnStatus.cpp:104: IM Error 0x000005C3: General error: 0xc3 (UNSUPPORTED_CLUSTER)[0m
[0;34m[1784837379.312] [21211:21211] [DMG] <RE:Run> Cluster 46, Attribute 7 is dirty[0m
[1;31m[1784837379.312] [21211:21211] [DMG] Read request on unknown cluster - no data version available[0m
[0;32m[1784837379.312] [21211:21211] [DMG] AccessControl: checking f=0 a=p s=0xFFFFFFFB00000000 t= c=0x0000_0046 e=0 p=v r=r[0m
[0;32m[1784837379.312] [21211:21211] [DMG] AccessControl: implicit admin (PASE)[0m
[1;31m[1784837379.312] [21211:21211] [DMG] Failed to read attribute: UNSUPPORTED_CLUSTER(195)[0m
[1;31m[1784837379.312] [21211:21211] [DMG] Fail to retrieve data, roll back and encode status on clusterId: 0x0000_0046, attributeId: 0x0000_0007err = src/app/data-model-provider/ActionReturnStatus.cpp:104: IM Error 0x000005C3: General error: 0xc3 (UNSUPPORTED_CLUSTER)[0m
[0;34m[1784837379.312] [21211:21211] [DMG] <RE:Run> Cluster 46, Attribute 6 is dirty[0m
[1;31m[1784837379.312] [21211:21211] [DMG] Read request on unknown cluster - no data version available[0m
[0;32m[1784837379.312] [21211:21211] [DMG] AccessControl: checking f=0 a=p s=0xFFFFFFFB00000000 t= c=0x0000_0046 e=0 p=v r=r[0m
[0;32m[1784837379.312] [21211:21211] [DMG] AccessControl: implicit admin (PASE)[0m
[1;31m[1784837379.312] [21211:21211] [DMG] Failed to read attribute: UNSUPPORTED_CLUSTER(195)[0m
[1;31m[1784837379.312] [21211:21211] [DMG] Fail to retrieve data, roll back and encode status on clusterId: 0x0000_0046, attributeId: 0x0000_0006err = src/app/data-model-provider/ActionReturnStatus.cpp:104: IM Error 0x000005C3: General error: 0xc3 (UNSUPPORTED_CLUSTER)[0m
[0;34m[1784837379.312] [21211:21211] [DMG] <RE:Run> Cluster 31, Attribute fffc is dirty[0m
[0;32m[1784837379.312] [21211:21211] [DMG] AccessControl: checking f=0 a=p s=0xFFFFFFFB00000000 t= c=0x0000_0031 e=0 p=v r=r[0m
[0;32m[1784837379.312] [21211:21211] [DMG] AccessControl: implicit admin (PASE)[0m
[0;32m[1784837379.312] [21211:21211] [DMG] AccessControl: checking f=0 a=p s=0xFFFFFFFB00000000 t= c=0x0000_0031 e=0 p=v r=r[0m
[0;32m[1784837379.312] [21211:21211] [DMG] AccessControl: implicit admin (PASE)[0m
[0;34m[1784837379.312] [21211:21211] [DMG] Reading attribute: Cluster=0x0000_0031 Endpoint=0x0 AttributeId=0x0000_FFFC (expanded=1)[0m
[0;34m[1784837379.312] [21211:21211] [DMG] <RE> Sending report (payload has 152 bytes)...[0m
[0;32m[1784837379.312] [21211:21211] [EM] <<< [E:27151r S:33351 M:173312744 (Ack:31974656)] (S) Msg TX from 0000000000000000 to 0:FFFFFFFB00000000 [0000] [UDP:[fe80::bfe:a203:38f0:bce7%enp0s3]:52433] --- Type 0001:05 (IM:ReportData) (B:186)[0m
[0;32m[1784837379.312] [21211:21211] [EM] ??1 [E:27151r S:33351 M:173312744] (S) Msg Retransmission to 0:FFFFFFFB00000000 scheduled for 397ms from now [State:Active II:500 AI:300 AT:4000][0m
[0;34m[1784837379.312] [21211:21211] [DMG] <RE> OnReportConfirm: NumReports = 0[0m
[0;34m[1784837379.312] [21211:21211] [DMG] <RE> ReportsInFlight = 0 with readHandler 0, RE has no more messages[0m
[0;34m[1784837379.312] [21211:21211] [DMG] IM RH moving to [AwaitingDestruction][0m
[0;34m[1784837379.312] [21211:21211] [DMG] All ReadHandler-s are clean, clear GlobalDirtySet[0m
[0;32m[1784837379.312] [21211:21211] [EM] >>> [E:27150r S:33351 M:31974657 (Ack:173312743)] (S) Msg RX from 0:FFFFFFFB00000000 [0000] to 0000000000000000 --- Type 0000:10 (SecureChannel:StandaloneAck) (B:34)[0m
[0;34m[1784837379.312] [21211:21211] [EM] Found matching exchange: 27150r, Delegate: (nil)[0m
[0;34m[1784837379.312] [21211:21211] [EM] Rxd Ack; Removing MessageCounter:173312743 from Retrans Table on exchange 27150r[0m
[0;32m[1784837379.313] [21211:21211] [EM] >>> [E:27152r S:33351 M:31974658] (S) Msg RX from 0:FFFFFFFB00000000 [0000] to 0000000000000000 --- Type 0001:08 (IM:InvokeCommandRequest) (B:65)[0m
[0;34m[1784837379.313] [21211:21211] [EM] Handling via exchange: 27152r, Delegate: 0x5e3214801ac8[0m
[0;34m[1784837379.313] [21211:21211] [DMG] InvokeRequestMessage =[0m
[0;34m[1784837379.313] [21211:21211] [DMG] {[0m
[0;34m[1784837379.313] [21211:21211] [DMG] 	suppressResponse = false, [0m
[0;34m[1784837379.313] [21211:21211] [DMG] 	timedRequest = false, [0m
[0;34m[1784837379.313] [21211:21211] [DMG] 	InvokeRequests =[0m
[0;34m[1784837379.313] [21211:21211] [DMG] 	[[0m
[0;34m[1784837379.313] [21211:21211] [DMG] 		CommandDataIB =[0m
[0;34m[1784837379.313] [21211:21211] [DMG] 		{[0m
[0;34m[1784837379.313] [21211:21211] [DMG] 			CommandPathIB =[0m
[0;34m[1784837379.313] [21211:21211] [DMG] 			{[0m
[0;34m[1784837379.313] [21211:21211] [DMG] 				EndpointId = 0x0,[0m
[0;34m[1784837379.313] [21211:21211] [DMG] 				ClusterId = 0x30,[0m
[0;34m[1784837379.313] [21211:21211] [DMG] 				CommandId = 0x0,[0m
[0;34m[1784837379.313] [21211:21211] [DMG] 			},[0m
[0;34m[1784837379.313] [21211:21211] [DMG] 			[0m
[0;34m[1784837379.313] [21211:21211] [DMG] 			CommandFields = [0m
[0;34m[1784837379.313] [21211:21211] [DMG] 			{[0m
[0;34m[1784837379.313] [21211:21211] [DMG] 				0x0 = 60 (unsigned), [0m
[0;34m[1784837379.313] [21211:21211] [DMG] 				0x1 = 3 (unsigned), [0m
[0;34m[1784837379.313] [21211:21211] [DMG] 			},[0m
[0;34m[1784837379.313] [21211:21211] [DMG] 		},[0m
[0;34m[1784837379.313] [21211:21211] [DMG] 		[0m
[0;34m[1784837379.313] [21211:21211] [DMG] 	],[0m
[0;34m[1784837379.313] [21211:21211] [DMG] 	[0m
[0;34m[1784837379.313] [21211:21211] [DMG] 	InteractionModelRevision = 12[0m
[0;34m[1784837379.313] [21211:21211] [DMG] },[0m
[0;32m[1784837379.313] [21211:21211] [DMG] AccessControl: checking f=0 a=p s=0xFFFFFFFB00000000 t= c=0x0000_0030 e=0 p=o r=i[0m
[0;32m[1784837379.313] [21211:21211] [DMG] AccessControl: implicit admin (PASE)[0m
[0;32m[1784837379.313] [21211:21211] [DMG] AccessControl: checking f=0 a=p s=0xFFFFFFFB00000000 t= c=0x0000_0030 e=0 p=a r=i[0m
[0;32m[1784837379.313] [21211:21211] [DMG] AccessControl: implicit admin (PASE)[0m
[0;34m[1784837379.313] [21211:21211] [DMG] Received command for Endpoint=0 Cluster=0x0000_0030 Command=0x0000_0000[0m
[0;32m[1784837379.313] [21211:21211] [FS] GeneralCommissioning: Received ArmFailSafe (60s)[0m
[0;34m[1784837379.313] [21211:21211] [DMG] Command handler moving to [NewRespons][0m
[0;34m[1784837379.313] [21211:21211] [DMG] Command handler moving to [ Preparing][0m
[0;34m[1784837379.313] [21211:21211] [DMG] Command handler moving to [AddingComm][0m
[0;34m[1784837379.313] [21211:21211] [DMG] Command handler moving to [AddedComma][0m
[0;34m[1784837379.313] [21211:21211] [DMG] Decreasing reference count for CommandHandlerImpl, remaining 1[0m
[0;34m[1784837379.313] [21211:21211] [DMG] Decreasing reference count for CommandHandlerImpl, remaining 0[0m
[0;34m[1784837379.313] [21211:21211] [DMG] Command handler moving to [AwaitingDe][0m
[0;32m[1784837379.313] [21211:21211] [EM] <<< [E:27152r S:33351 M:173312745 (Ack:31974658)] (S) Msg TX from 0000000000000000 to 0:FFFFFFFB00000000 [0000] [UDP:[fe80::bfe:a203:38f0:bce7%enp0s3]:52433] --- Type 0001:09 (IM:InvokeCommandResponse) (B:70)[0m
[0;32m[1784837379.313] [21211:21211] [EM] ??1 [E:27152r S:33351 M:173312745] (S) Msg Retransmission to 0:FFFFFFFB00000000 scheduled for 396ms from now [State:Active II:500 AI:300 AT:4000][0m
[0;34m[1784837379.313] [21211:21211] [DMG] Command response sender moving to [AllInvokeR][0m
[0;32m[1784837379.313] [21211:21211] [EM] >>> [E:27151r S:33351 M:31974659 (Ack:173312744)] (S) Msg RX from 0:FFFFFFFB00000000 [0000] to 0000000000000000 --- Type 0000:10 (SecureChannel:StandaloneAck) (B:34)[0m
[0;34m[1784837379.313] [21211:21211] [EM] Found matching exchange: 27151r, Delegate: (nil)[0m
[0;34m[1784837379.313] [21211:21211] [EM] Rxd Ack; Removing MessageCounter:173312744 from Retrans Table on exchange 27151r[0m
[0;32m[1784837379.313] [21211:21211] [EM] >>> [E:27153r S:33351 M:31974660] (S) Msg RX from 0:FFFFFFFB00000000 [0000] to 0000000000000000 --- Type 0001:08 (IM:InvokeCommandRequest) (B:70)[0m
[0;34m[1784837379.313] [21211:21211] [EM] Handling via exchange: 27153r, Delegate: 0x5e3214801ac8[0m
[0;34m[1784837379.313] [21211:21211] [DMG] InvokeRequestMessage =[0m
[0;34m[1784837379.313] [21211:21211] [DMG] {[0m
[0;34m[1784837379.313] [21211:21211] [DMG] 	suppressResponse = false, [0m
[0;34m[1784837379.313] [21211:21211] [DMG] 	timedRequest = false, [0m
[0;34m[1784837379.313] [21211:21211] [DMG] 	InvokeRequests =[0m
[0;34m[1784837379.313] [21211:21211] [DMG] 	[[0m
[0;34m[1784837379.313] [21211:21211] [DMG] 		CommandDataIB =[0m
[0;34m[1784837379.313] [21211:21211] [DMG] 		{[0m
[0;34m[1784837379.313] [21211:21211] [DMG] 			CommandPathIB =[0m
[0;34m[1784837379.313] [21211:21211] [DMG] 			{[0m
[0;34m[1784837379.313] [21211:21211] [DMG] 				EndpointId = 0x0,[0m
[0;34m[1784837379.313] [21211:21211] [DMG] 				ClusterId = 0x30,[0m
[0;34m[1784837379.313] [21211:21211] [DMG] 				CommandId = 0x2,[0m
[0;34m[1784837379.313] [21211:21211] [DMG] 			},[0m
[0;34m[1784837379.313] [21211:21211] [DMG] 			[0m
[0;34m[1784837379.313] [21211:21211] [DMG] 			CommandFields = [0m
[0;34m[1784837379.313] [21211:21211] [DMG] 			{[0m
[0;34m[1784837379.313] [21211:21211] [DMG] 				0x0 = 0 (unsigned), [0m
[0;34m[1784837379.313] [21211:21211] [DMG] 				0x1 = "XX" (2 chars), [0m
[0;34m[1784837379.313] [21211:21211] [DMG] 				0x2 = 4 (unsigned), [0m
[0;34m[1784837379.313] [21211:21211] [DMG] 			},[0m
[0;34m[1784837379.313] [21211:21211] [DMG] 		},[0m
[0;34m[1784837379.313] [21211:21211] [DMG] 		[0m
[0;34m[1784837379.313] [21211:21211] [DMG] 	],[0m
[0;34m[1784837379.313] [21211:21211] [DMG] 	[0m
[0;34m[1784837379.313] [21211:21211] [DMG] 	InteractionModelRevision = 12[0m
[0;34m[1784837379.313] [21211:21211] [DMG] },[0m
[0;32m[1784837379.313] [21211:21211] [DMG] AccessControl: checking f=0 a=p s=0xFFFFFFFB00000000 t= c=0x0000_0030 e=0 p=o r=i[0m
[0;32m[1784837379.313] [21211:21211] [DMG] AccessControl: implicit admin (PASE)[0m
[0;32m[1784837379.313] [21211:21211] [DMG] AccessControl: checking f=0 a=p s=0xFFFFFFFB00000000 t= c=0x0000_0030 e=0 p=a r=i[0m
[0;32m[1784837379.313] [21211:21211] [DMG] AccessControl: implicit admin (PASE)[0m
[0;34m[1784837379.313] [21211:21211] [DMG] Received command for Endpoint=0 Cluster=0x0000_0030 Command=0x0000_0002[0m
[0;34m[1784837379.316] [21211:21211] [DL] Wrote settings to /tmp/chip_config.ini[0m
[0;32m[1784837379.316] [21211:21211] [DL] NVS set: chip-config/regulatory-location = 0 (0x0)[0m
[0;34m[1784837379.318] [21211:21211] [DL] Wrote settings to /tmp/chip_config.ini[0m
[0;32m[1784837379.318] [21211:21211] [DL] NVS set: chip-config/country-code = "XX"[0m
[0;34m[1784837379.318] [21211:21211] [DMG] Command handler moving to [NewRespons][0m
[0;34m[1784837379.318] [21211:21211] [DMG] Command handler moving to [ Preparing][0m
[0;34m[1784837379.318] [21211:21211] [DMG] Command handler moving to [AddingComm][0m
[0;34m[1784837379.318] [21211:21211] [DMG] Command handler moving to [AddedComma][0m
[0;34m[1784837379.318] [21211:21211] [DMG] Decreasing reference count for CommandHandlerImpl, remaining 1[0m
[0;34m[1784837379.318] [21211:21211] [DMG] Decreasing reference count for CommandHandlerImpl, remaining 0[0m
[0;34m[1784837379.318] [21211:21211] [DMG] Command handler moving to [AwaitingDe][0m
[0;32m[1784837379.318] [21211:21211] [EM] <<< [E:27153r S:33351 M:173312746 (Ack:31974660)] (S) Msg TX from 0000000000000000 to 0:FFFFFFFB00000000 [0000] [UDP:[fe80::bfe:a203:38f0:bce7%enp0s3]:52433] --- Type 0001:09 (IM:InvokeCommandResponse) (B:70)[0m
[0;32m[1784837379.318] [21211:21211] [EM] ??1 [E:27153r S:33351 M:173312746] (S) Msg Retransmission to 0:FFFFFFFB00000000 scheduled for 384ms from now [State:Active II:500 AI:300 AT:4000][0m
[0;34m[1784837379.318] [21211:21211] [DMG] Command response sender moving to [AllInvokeR][0m
[0;32m[1784837379.319] [21211:21211] [EM] >>> [E:27152r S:33351 M:31974661 (Ack:173312745)] (S) Msg RX from 0:FFFFFFFB00000000 [0000] to 0000000000000000 --- Type 0000:10 (SecureChannel:StandaloneAck) (B:34)[0m
[0;34m[1784837379.319] [21211:21211] [EM] Found matching exchange: 27152r, Delegate: (nil)[0m
[0;34m[1784837379.319] [21211:21211] [EM] Rxd Ack; Removing MessageCounter:173312745 from Retrans Table on exchange 27152r[0m
[0;32m[1784837379.319] [21211:21211] [EM] >>> [E:27154r S:33351 M:31974662] (S) Msg RX from 0:FFFFFFFB00000000 [0000] to 0000000000000000 --- Type 0001:08 (IM:InvokeCommandRequest) (B:72)[0m
[0;34m[1784837379.319] [21211:21211] [EM] Handling via exchange: 27154r, Delegate: 0x5e3214801ac8[0m
[0;34m[1784837379.319] [21211:21211] [DMG] InvokeRequestMessage =[0m
[0;34m[1784837379.319] [21211:21211] [DMG] {[0m
[0;34m[1784837379.319] [21211:21211] [DMG] 	suppressResponse = false, [0m
[0;34m[1784837379.319] [21211:21211] [DMG] 	timedRequest = false, [0m
[0;34m[1784837379.319] [21211:21211] [DMG] 	InvokeRequests =[0m
[0;34m[1784837379.319] [21211:21211] [DMG] 	[[0m
[0;34m[1784837379.319] [21211:21211] [DMG] 		CommandDataIB =[0m
[0;34m[1784837379.319] [21211:21211] [DMG] 		{[0m
[0;34m[1784837379.319] [21211:21211] [DMG] 			CommandPathIB =[0m
[0;34m[1784837379.319] [21211:21211] [DMG] 			{[0m
[0;34m[1784837379.319] [21211:21211] [DMG] 				EndpointId = 0x0,[0m
[0;34m[1784837379.319] [21211:21211] [DMG] 				ClusterId = 0x38,[0m
[0;34m[1784837379.319] [21211:21211] [DMG] 				CommandId = 0x0,[0m
[0;34m[1784837379.319] [21211:21211] [DMG] 			},[0m
[0;34m[1784837379.319] [21211:21211] [DMG] 			[0m
[0;34m[1784837379.319] [21211:21211] [DMG] 			CommandFields = [0m
[0;34m[1784837379.319] [21211:21211] [DMG] 			{[0m
[0;34m[1784837379.319] [21211:21211] [DMG] 				0x0 = 838152579319134 (unsigned), [0m
[0;34m[1784837379.319] [21211:21211] [DMG] 				0x1 = 2 (unsigned), [0m
[0;34m[1784837379.319] [21211:21211] [DMG] 			},[0m
[0;34m[1784837379.319] [21211:21211] [DMG] 		},[0m
[0;34m[1784837379.319] [21211:21211] [DMG] 		[0m
[0;34m[1784837379.319] [21211:21211] [DMG] 	],[0m
[0;34m[1784837379.319] [21211:21211] [DMG] 	[0m
[0;34m[1784837379.319] [21211:21211] [DMG] 	InteractionModelRevision = 12[0m
[0;34m[1784837379.319] [21211:21211] [DMG] },[0m
[0;32m[1784837379.319] [21211:21211] [DMG] AccessControl: checking f=0 a=p s=0xFFFFFFFB00000000 t= c=0x0000_0038 e=0 p=o r=i[0m
[0;32m[1784837379.319] [21211:21211] [DMG] AccessControl: implicit admin (PASE)[0m
[0;32m[1784837379.319] [21211:21211] [DMG] AccessControl: checking f=0 a=p s=0xFFFFFFFB00000000 t= c=0x0000_0038 e=0 p=a r=i[0m
[0;32m[1784837379.319] [21211:21211] [DMG] AccessControl: implicit admin (PASE)[0m
[0;34m[1784837379.319] [21211:21211] [DMG] Received command for Endpoint=0 Cluster=0x0000_0038 Command=0x0000_0000[0m
[1;31m[1784837379.319] [21211:21211] [DMG] Endpoint=0 Cluster=0x0000_0038 Command=0x0000_0000 status 0x01 (FAILURE) ClusterSpecificCode=2 (no additional context)[0m
[0;34m[1784837379.319] [21211:21211] [DMG] Command handler moving to [NewRespons][0m
[0;34m[1784837379.319] [21211:21211] [DMG] Command handler moving to [ Preparing][0m
[0;34m[1784837379.319] [21211:21211] [DMG] Command handler moving to [AddingComm][0m
[0;34m[1784837379.319] [21211:21211] [DMG] Command handler moving to [AddedComma][0m
[0;34m[1784837379.319] [21211:21211] [DMG] Decreasing reference count for CommandHandlerImpl, remaining 1[0m
[0;34m[1784837379.319] [21211:21211] [DMG] Decreasing reference count for CommandHandlerImpl, remaining 0[0m
[0;34m[1784837379.319] [21211:21211] [DMG] Command handler moving to [AwaitingDe][0m
[0;32m[1784837379.319] [21211:21211] [EM] <<< [E:27154r S:33351 M:173312747 (Ack:31974662)] (S) Msg TX from 0000000000000000 to 0:FFFFFFFB00000000 [0000] [UDP:[fe80::bfe:a203:38f0:bce7%enp0s3]:52433] --- Type 0001:09 (IM:InvokeCommandResponse) (B:70)[0m
[0;32m[1784837379.319] [21211:21211] [EM] ??1 [E:27154r S:33351 M:173312747] (S) Msg Retransmission to 0:FFFFFFFB00000000 scheduled for 361ms from now [State:Active II:500 AI:300 AT:4000][0m
[0;34m[1784837379.319] [21211:21211] [DMG] Command response sender moving to [AllInvokeR][0m
[0;32m[1784837379.319] [21211:21211] [EM] >>> [E:27153r S:33351 M:31974663 (Ack:173312746)] (S) Msg RX from 0:FFFFFFFB00000000 [0000] to 0000000000000000 --- Type 0000:10 (SecureChannel:StandaloneAck) (B:34)[0m
[0;34m[1784837379.319] [21211:21211] [EM] Found matching exchange: 27153r, Delegate: (nil)[0m
[0;34m[1784837379.319] [21211:21211] [EM] Rxd Ack; Removing MessageCounter:173312746 from Retrans Table on exchange 27153r[0m
[0;32m[1784837379.319] [21211:21211] [EM] >>> [E:27155r S:33351 M:31974664] (S) Msg RX from 0:FFFFFFFB00000000 [0000] to 0000000000000000 --- Type 0001:08 (IM:InvokeCommandRequest) (B:62)[0m
[0;34m[1784837379.319] [21211:21211] [EM] Handling via exchange: 27155r, Delegate: 0x5e3214801ac8[0m
[0;34m[1784837379.319] [21211:21211] [DMG] InvokeRequestMessage =[0m
[0;34m[1784837379.319] [21211:21211] [DMG] {[0m
[0;34m[1784837379.319] [21211:21211] [DMG] 	suppressResponse = false, [0m
[0;34m[1784837379.319] [21211:21211] [DMG] 	timedRequest = false, [0m
[0;34m[1784837379.319] [21211:21211] [DMG] 	InvokeRequests =[0m
[0;34m[1784837379.319] [21211:21211] [DMG] 	[[0m
[0;34m[1784837379.319] [21211:21211] [DMG] 		CommandDataIB =[0m
[0;34m[1784837379.319] [21211:21211] [DMG] 		{[0m
[0;34m[1784837379.319] [21211:21211] [DMG] 			CommandPathIB =[0m
[0;34m[1784837379.319] [21211:21211] [DMG] 			{[0m
[0;34m[1784837379.319] [21211:21211] [DMG] 				EndpointId = 0x0,[0m
[0;34m[1784837379.319] [21211:21211] [DMG] 				ClusterId = 0x3e,[0m
[0;34m[1784837379.319] [21211:21211] [DMG] 				CommandId = 0x2,[0m
[0;34m[1784837379.319] [21211:21211] [DMG] 			},[0m
[0;34m[1784837379.319] [21211:21211] [DMG] 			[0m
[0;34m[1784837379.319] [21211:21211] [DMG] 			CommandFields = [0m
[0;34m[1784837379.319] [21211:21211] [DMG] 			{[0m
[0;34m[1784837379.319] [21211:21211] [DMG] 				0x0 = 2 (unsigned), [0m
[0;34m[1784837379.319] [21211:21211] [DMG] 			},[0m
[0;34m[1784837379.319] [21211:21211] [DMG] 		},[0m
[0;34m[1784837379.319] [21211:21211] [DMG] 		[0m
[0;34m[1784837379.319] [21211:21211] [DMG] 	],[0m
[0;34m[1784837379.319] [21211:21211] [DMG] 	[0m
[0;34m[1784837379.319] [21211:21211] [DMG] 	InteractionModelRevision = 12[0m
[0;34m[1784837379.319] [21211:21211] [DMG] },[0m
[0;32m[1784837379.320] [21211:21211] [DMG] AccessControl: checking f=0 a=p s=0xFFFFFFFB00000000 t= c=0x0000_003E e=0 p=o r=i[0m
[0;32m[1784837379.320] [21211:21211] [DMG] AccessControl: implicit admin (PASE)[0m
[0;32m[1784837379.320] [21211:21211] [DMG] AccessControl: checking f=0 a=p s=0xFFFFFFFB00000000 t= c=0x0000_003E e=0 p=a r=i[0m
[0;32m[1784837379.320] [21211:21211] [DMG] AccessControl: implicit admin (PASE)[0m
[0;34m[1784837379.320] [21211:21211] [DMG] Received command for Endpoint=0 Cluster=0x0000_003E Command=0x0000_0002[0m
[0;32m[1784837379.320] [21211:21211] [ZCL] OpCreds: Certificate Chain request received for PAI[0m
[0;34m[1784837379.320] [21211:21211] [DMG] Command handler moving to [NewRespons][0m
[0;34m[1784837379.320] [21211:21211] [DMG] Command handler moving to [ Preparing][0m
[0;34m[1784837379.320] [21211:21211] [DMG] Command handler moving to [AddingComm][0m
[0;34m[1784837379.320] [21211:21211] [DMG] Command handler moving to [AddedComma][0m
[0;34m[1784837379.320] [21211:21211] [DMG] Decreasing reference count for CommandHandlerImpl, remaining 1[0m
[0;34m[1784837379.320] [21211:21211] [DMG] Decreasing reference count for CommandHandlerImpl, remaining 0[0m
[0;34m[1784837379.320] [21211:21211] [DMG] Command handler moving to [AwaitingDe][0m
[0;32m[1784837379.320] [21211:21211] [EM] <<< [E:27155r S:33351 M:173312748 (Ack:31974664)] (S) Msg TX from 0000000000000000 to 0:FFFFFFFB00000000 [0000] [UDP:[fe80::bfe:a203:38f0:bce7%enp0s3]:52433] --- Type 0001:09 (IM:InvokeCommandResponse) (B:531)[0m
[0;32m[1784837379.320] [21211:21211] [EM] ??1 [E:27155r S:33351 M:173312748] (S) Msg Retransmission to 0:FFFFFFFB00000000 scheduled for 342ms from now [State:Active II:500 AI:300 AT:4000][0m
[0;34m[1784837379.320] [21211:21211] [DMG] Command response sender moving to [AllInvokeR][0m
[0;32m[1784837379.320] [21211:21211] [EM] >>> [E:27154r S:33351 M:31974665 (Ack:173312747)] (S) Msg RX from 0:FFFFFFFB00000000 [0000] to 0000000000000000 --- Type 0000:10 (SecureChannel:StandaloneAck) (B:34)[0m
[0;34m[1784837379.320] [21211:21211] [EM] Found matching exchange: 27154r, Delegate: (nil)[0m
[0;34m[1784837379.320] [21211:21211] [EM] Rxd Ack; Removing MessageCounter:173312747 from Retrans Table on exchange 27154r[0m
[0;32m[1784837379.320] [21211:21211] [EM] >>> [E:27156r S:33351 M:31974666] (S) Msg RX from 0:FFFFFFFB00000000 [0000] to 0000000000000000 --- Type 0001:08 (IM:InvokeCommandRequest) (B:62)[0m
[0;34m[1784837379.320] [21211:21211] [EM] Handling via exchange: 27156r, Delegate: 0x5e3214801ac8[0m
[0;34m[1784837379.320] [21211:21211] [DMG] InvokeRequestMessage =[0m
[0;34m[1784837379.320] [21211:21211] [DMG] {[0m
[0;34m[1784837379.320] [21211:21211] [DMG] 	suppressResponse = false, [0m
[0;34m[1784837379.320] [21211:21211] [DMG] 	timedRequest = false, [0m
[0;34m[1784837379.320] [21211:21211] [DMG] 	InvokeRequests =[0m
[0;34m[1784837379.320] [21211:21211] [DMG] 	[[0m
[0;34m[1784837379.320] [21211:21211] [DMG] 		CommandDataIB =[0m
[0;34m[1784837379.320] [21211:21211] [DMG] 		{[0m
[0;34m[1784837379.320] [21211:21211] [DMG] 			CommandPathIB =[0m
[0;34m[1784837379.320] [21211:21211] [DMG] 			{[0m
[0;34m[1784837379.320] [21211:21211] [DMG] 				EndpointId = 0x0,[0m
[0;34m[1784837379.320] [21211:21211] [DMG] 				ClusterId = 0x3e,[0m
[0;34m[1784837379.320] [21211:21211] [DMG] 				CommandId = 0x2,[0m
[0;34m[1784837379.320] [21211:21211] [DMG] 			},[0m
[0;34m[1784837379.320] [21211:21211] [DMG] 			[0m
[0;34m[1784837379.320] [21211:21211] [DMG] 			CommandFields = [0m
[0;34m[1784837379.320] [21211:21211] [DMG] 			{[0m
[0;34m[1784837379.320] [21211:21211] [DMG] 				0x0 = 1 (unsigned), [0m
[0;34m[1784837379.320] [21211:21211] [DMG] 			},[0m
[0;34m[1784837379.320] [21211:21211] [DMG] 		},[0m
[0;34m[1784837379.320] [21211:21211] [DMG] 		[0m
[0;34m[1784837379.320] [21211:21211] [DMG] 	],[0m
[0;34m[1784837379.320] [21211:21211] [DMG] 	[0m
[0;34m[1784837379.320] [21211:21211] [DMG] 	InteractionModelRevision = 12[0m
[0;34m[1784837379.320] [21211:21211] [DMG] },[0m
[0;32m[1784837379.320] [21211:21211] [DMG] AccessControl: checking f=0 a=p s=0xFFFFFFFB00000000 t= c=0x0000_003E e=0 p=o r=i[0m
[0;32m[1784837379.320] [21211:21211] [DMG] AccessControl: implicit admin (PASE)[0m
[0;32m[1784837379.320] [21211:21211] [DMG] AccessControl: checking f=0 a=p s=0xFFFFFFFB00000000 t= c=0x0000_003E e=0 p=a r=i[0m
[0;32m[1784837379.320] [21211:21211] [DMG] AccessControl: implicit admin (PASE)[0m
[0;34m[1784837379.320] [21211:21211] [DMG] Received command for Endpoint=0 Cluster=0x0000_003E Command=0x0000_0002[0m
[0;32m[1784837379.320] [21211:21211] [ZCL] OpCreds: Certificate Chain request received for DAC[0m
[0;34m[1784837379.320] [21211:21211] [DMG] Command handler moving to [NewRespons][0m
[0;34m[1784837379.320] [21211:21211] [DMG] Command handler moving to [ Preparing][0m
[0;34m[1784837379.320] [21211:21211] [DMG] Command handler moving to [AddingComm][0m
[0;34m[1784837379.320] [21211:21211] [DMG] Command handler moving to [AddedComma][0m
[0;34m[1784837379.320] [21211:21211] [DMG] Decreasing reference count for CommandHandlerImpl, remaining 1[0m
[0;34m[1784837379.320] [21211:21211] [DMG] Decreasing reference count for CommandHandlerImpl, remaining 0[0m
[0;34m[1784837379.320] [21211:21211] [DMG] Command handler moving to [AwaitingDe][0m
[0;32m[1784837379.320] [21211:21211] [EM] <<< [E:27156r S:33351 M:173312749 (Ack:31974666)] (S) Msg TX from 0000000000000000 to 0:FFFFFFFB00000000 [0000] [UDP:[fe80::bfe:a203:38f0:bce7%enp0s3]:52433] --- Type 0001:09 (IM:InvokeCommandResponse) (B:559)[0m
[0;32m[1784837379.320] [21211:21211] [EM] ??1 [E:27156r S:33351 M:173312749] (S) Msg Retransmission to 0:FFFFFFFB00000000 scheduled for 393ms from now [State:Active II:500 AI:300 AT:4000][0m
[0;34m[1784837379.320] [21211:21211] [DMG] Command response sender moving to [AllInvokeR][0m
[0;32m[1784837379.320] [21211:21211] [EM] >>> [E:27155r S:33351 M:31974667 (Ack:173312748)] (S) Msg RX from 0:FFFFFFFB00000000 [0000] to 0000000000000000 --- Type 0000:10 (SecureChannel:StandaloneAck) (B:34)[0m
[0;34m[1784837379.320] [21211:21211] [EM] Found matching exchange: 27155r, Delegate: (nil)[0m
[0;34m[1784837379.320] [21211:21211] [EM] Rxd Ack; Removing MessageCounter:173312748 from Retrans Table on exchange 27155r[0m
[0;32m[1784837379.320] [21211:21211] [EM] >>> [E:27157r S:33351 M:31974668] (S) Msg RX from 0:FFFFFFFB00000000 [0000] to 0000000000000000 --- Type 0001:08 (IM:InvokeCommandRequest) (B:94)[0m
[0;34m[1784837379.320] [21211:21211] [EM] Handling via exchange: 27157r, Delegate: 0x5e3214801ac8[0m
[0;34m[1784837379.320] [21211:21211] [DMG] InvokeRequestMessage =[0m
[0;34m[1784837379.320] [21211:21211] [DMG] {[0m
[0;34m[1784837379.320] [21211:21211] [DMG] 	suppressResponse = false, [0m
[0;34m[1784837379.320] [21211:21211] [DMG] 	timedRequest = false, [0m
[0;34m[1784837379.320] [21211:21211] [DMG] 	InvokeRequests =[0m
[0;34m[1784837379.320] [21211:21211] [DMG] 	[[0m
[0;34m[1784837379.320] [21211:21211] [DMG] 		CommandDataIB =[0m
[0;34m[1784837379.320] [21211:21211] [DMG] 		{[0m
[0;34m[1784837379.320] [21211:21211] [DMG] 			CommandPathIB =[0m
[0;34m[1784837379.320] [21211:21211] [DMG] 			{[0m
[0;34m[1784837379.320] [21211:21211] [DMG] 				EndpointId = 0x0,[0m
[0;34m[1784837379.320] [21211:21211] [DMG] 				ClusterId = 0x3e,[0m
[0;34m[1784837379.320] [21211:21211] [DMG] 				CommandId = 0x0,[0m
[0;34m[1784837379.320] [21211:21211] [DMG] 			},[0m
[0;34m[1784837379.320] [21211:21211] [DMG] 			[0m
[0;34m[1784837379.320] [21211:21211] [DMG] 			CommandFields = [0m
[0;34m[1784837379.320] [21211:21211] [DMG] 			{[0m
[0;34m[1784837379.320] [21211:21211] [DMG] 				0x0 = [[0m
[0;34m[1784837379.320] [21211:21211] [DMG] 						0xec, 0x2f, 0x32, 0x03, 0xe5, 0x38, 0x53, 0x9f, 0x15, 0x06, 0x61, 0xeb, 0xf6, 0xd7, 0x9c, 0xe7, 0xf2, 0xaa, 0xf9, 0x3e, 0x51, 0x67, 0x9e, 0x4e, 0x7d, 0xe2, 0xb7, 0xf2, 0x8a, 0xe4, 0xfe, 0x0a, [0m
[0;34m[1784837379.320] [21211:21211] [DMG] 				] (32 bytes)[0m
[0;34m[1784837379.320] [21211:21211] [DMG] 			},[0m
[0;34m[1784837379.320] [21211:21211] [DMG] 		},[0m
[0;34m[1784837379.320] [21211:21211] [DMG] 		[0m
[0;34m[1784837379.320] [21211:21211] [DMG] 	],[0m
[0;34m[1784837379.320] [21211:21211] [DMG] 	[0m
[0;34m[1784837379.320] [21211:21211] [DMG] 	InteractionModelRevision = 12[0m
[0;34m[1784837379.320] [21211:21211] [DMG] },[0m
[0;32m[1784837379.320] [21211:21211] [DMG] AccessControl: checking f=0 a=p s=0xFFFFFFFB00000000 t= c=0x0000_003E e=0 p=o r=i[0m
[0;32m[1784837379.320] [21211:21211] [DMG] AccessControl: implicit admin (PASE)[0m
[0;32m[1784837379.320] [21211:21211] [DMG] AccessControl: checking f=0 a=p s=0xFFFFFFFB00000000 t= c=0x0000_003E e=0 p=a r=i[0m
[0;32m[1784837379.320] [21211:21211] [DMG] AccessControl: implicit admin (PASE)[0m
[0;34m[1784837379.320] [21211:21211] [DMG] Received command for Endpoint=0 Cluster=0x0000_003E Command=0x0000_0000[0m
[0;32m[1784837379.320] [21211:21211] [ZCL] OpCreds: Received an AttestationRequest command[0m
[0;32m[1784837379.321] [21211:21211] [ZCL] OpCreds: AttestationRequest successful.[0m
[0;34m[1784837379.321] [21211:21211] [DMG] Command handler moving to [NewRespons][0m
[0;34m[1784837379.321] [21211:21211] [DMG] Command handler moving to [ Preparing][0m
[0;34m[1784837379.321] [21211:21211] [DMG] Command handler moving to [AddingComm][0m
[0;34m[1784837379.321] [21211:21211] [DMG] Command handler moving to [AddedComma][0m
[0;34m[1784837379.321] [21211:21211] [DMG] Decreasing reference count for CommandHandlerImpl, remaining 1[0m
[0;34m[1784837379.321] [21211:21211] [DMG] Decreasing reference count for CommandHandlerImpl, remaining 0[0m
[0;34m[1784837379.321] [21211:21211] [DMG] Command handler moving to [AwaitingDe][0m
[0;32m[1784837379.321] [21211:21211] [EM] <<< [E:27157r S:33351 M:173312750 (Ack:31974668)] (S) Msg TX from 0000000000000000 to 0:FFFFFFFB00000000 [0000] [UDP:[fe80::bfe:a203:38f0:bce7%enp0s3]:52433] --- Type 0001:09 (IM:InvokeCommandResponse) (B:718)[0m
[0;32m[1784837379.321] [21211:21211] [EM] ??1 [E:27157r S:33351 M:173312750] (S) Msg Retransmission to 0:FFFFFFFB00000000 scheduled for 370ms from now [State:Active II:500 AI:300 AT:4000][0m
[0;34m[1784837379.321] [21211:21211] [DMG] Command response sender moving to [AllInvokeR][0m
[0;32m[1784837379.321] [21211:21211] [EM] >>> [E:27156r S:33351 M:31974669 (Ack:173312749)] (S) Msg RX from 0:FFFFFFFB00000000 [0000] to 0000000000000000 --- Type 0000:10 (SecureChannel:StandaloneAck) (B:34)[0m
[0;34m[1784837379.321] [21211:21211] [EM] Found matching exchange: 27156r, Delegate: (nil)[0m
[0;34m[1784837379.321] [21211:21211] [EM] Rxd Ack; Removing MessageCounter:173312749 from Retrans Table on exchange 27156r[0m
[0;32m[1784837379.328] [21211:21211] [EM] >>> [E:27158r S:33351 M:31974670] (S) Msg RX from 0:FFFFFFFB00000000 [0000] to 0000000000000000 --- Type 0001:08 (IM:InvokeCommandRequest) (B:94)[0m
[0;34m[1784837379.328] [21211:21211] [EM] Handling via exchange: 27158r, Delegate: 0x5e3214801ac8[0m
[0;34m[1784837379.328] [21211:21211] [DMG] InvokeRequestMessage =[0m
[0;34m[1784837379.328] [21211:21211] [DMG] {[0m
[0;34m[1784837379.328] [21211:21211] [DMG] 	suppressResponse = false, [0m
[0;34m[1784837379.328] [21211:21211] [DMG] 	timedRequest = false, [0m
[0;34m[1784837379.328] [21211:21211] [DMG] 	InvokeRequests =[0m
[0;34m[1784837379.328] [21211:21211] [DMG] 	[[0m
[0;34m[1784837379.328] [21211:21211] [DMG] 		CommandDataIB =[0m
[0;34m[1784837379.328] [21211:21211] [DMG] 		{[0m
[0;34m[1784837379.328] [21211:21211] [DMG] 			CommandPathIB =[0m
[0;34m[1784837379.328] [21211:21211] [DMG] 			{[0m
[0;34m[1784837379.328] [21211:21211] [DMG] 				EndpointId = 0x0,[0m
[0;34m[1784837379.328] [21211:21211] [DMG] 				ClusterId = 0x3e,[0m
[0;34m[1784837379.328] [21211:21211] [DMG] 				CommandId = 0x4,[0m
[0;34m[1784837379.328] [21211:21211] [DMG] 			},[0m
[0;34m[1784837379.328] [21211:21211] [DMG] 			[0m
[0;34m[1784837379.328] [21211:21211] [DMG] 			CommandFields = [0m
[0;34m[1784837379.328] [21211:21211] [DMG] 			{[0m
[0;34m[1784837379.328] [21211:21211] [DMG] 				0x0 = [[0m
[0;34m[1784837379.328] [21211:21211] [DMG] 						0x70, 0xe6, 0x6e, 0x3e, 0x7c, 0xd7, 0xb1, 0x4c, 0x33, 0x37, 0xde, 0xa5, 0x15, 0xc5, 0xe8, 0xa4, 0x6e, 0x73, 0x1f, 0x34, 0x87, 0x12, 0xee, 0xdf, 0x0e, 0x8f, 0xeb, 0x52, 0x30, 0x6a, 0x38, 0x6c, [0m
[0;34m[1784837379.328] [21211:21211] [DMG] 				] (32 bytes)[0m
[0;34m[1784837379.328] [21211:21211] [DMG] 			},[0m
[0;34m[1784837379.328] [21211:21211] [DMG] 		},[0m
[0;34m[1784837379.328] [21211:21211] [DMG] 		[0m
[0;34m[1784837379.328] [21211:21211] [DMG] 	],[0m
[0;34m[1784837379.328] [21211:21211] [DMG] 	[0m
[0;34m[1784837379.328] [21211:21211] [DMG] 	InteractionModelRevision = 12[0m
[0;34m[1784837379.328] [21211:21211] [DMG] },[0m
[0;32m[1784837379.328] [21211:21211] [DMG] AccessControl: checking f=0 a=p s=0xFFFFFFFB00000000 t= c=0x0000_003E e=0 p=o r=i[0m
[0;32m[1784837379.328] [21211:21211] [DMG] AccessControl: implicit admin (PASE)[0m
[0;32m[1784837379.328] [21211:21211] [DMG] AccessControl: checking f=0 a=p s=0xFFFFFFFB00000000 t= c=0x0000_003E e=0 p=a r=i[0m
[0;32m[1784837379.328] [21211:21211] [DMG] AccessControl: implicit admin (PASE)[0m
[0;34m[1784837379.328] [21211:21211] [DMG] Received command for Endpoint=0 Cluster=0x0000_003E Command=0x0000_0004[0m
[0;32m[1784837379.328] [21211:21211] [ZCL] OpCreds: Received a CSRRequest command[0m
[0;32m[1784837379.329] [21211:21211] [ZCL] OpCreds: AllocatePendingOperationalKey succeeded[0m
[0;32m[1784837379.329] [21211:21211] [ZCL] OpCreds: CSRRequest successful.[0m
[0;34m[1784837379.329] [21211:21211] [DMG] Command handler moving to [NewRespons][0m
[0;34m[1784837379.329] [21211:21211] [DMG] Command handler moving to [ Preparing][0m
[0;34m[1784837379.329] [21211:21211] [DMG] Command handler moving to [AddingComm][0m
[0;34m[1784837379.329] [21211:21211] [DMG] Command handler moving to [AddedComma][0m
[0;34m[1784837379.329] [21211:21211] [DMG] Decreasing reference count for CommandHandlerImpl, remaining 1[0m
[0;34m[1784837379.329] [21211:21211] [DMG] Decreasing reference count for CommandHandlerImpl, remaining 0[0m
[0;34m[1784837379.329] [21211:21211] [DMG] Command handler moving to [AwaitingDe][0m
[0;32m[1784837379.329] [21211:21211] [EM] <<< [E:27158r S:33351 M:173312751 (Ack:31974670)] (S) Msg TX from 0000000000000000 to 0:FFFFFFFB00000000 [0000] [UDP:[fe80::bfe:a203:38f0:bce7%enp0s3]:52433] --- Type 0001:09 (IM:InvokeCommandResponse) (B:377)[0m
[0;32m[1784837379.329] [21211:21211] [EM] ??1 [E:27158r S:33351 M:173312751] (S) Msg Retransmission to 0:FFFFFFFB00000000 scheduled for 335ms from now [State:Active II:500 AI:300 AT:4000][0m
[0;34m[1784837379.329] [21211:21211] [DMG] Command response sender moving to [AllInvokeR][0m
[0;32m[1784837379.329] [21211:21211] [EM] >>> [E:27157r S:33351 M:31974671 (Ack:173312750)] (S) Msg RX from 0:FFFFFFFB00000000 [0000] to 0000000000000000 --- Type 0000:10 (SecureChannel:StandaloneAck) (B:34)[0m
[0;34m[1784837379.329] [21211:21211] [EM] Found matching exchange: 27157r, Delegate: (nil)[0m
[0;34m[1784837379.329] [21211:21211] [EM] Rxd Ack; Removing MessageCounter:173312750 from Retrans Table on exchange 27157r[0m
[0;32m[1784837379.331] [21211:21211] [EM] >>> [E:27159r S:33351 M:31974672] (S) Msg RX from 0:FFFFFFFB00000000 [0000] to 0000000000000000 --- Type 0001:08 (IM:InvokeCommandRequest) (B:293)[0m
[0;34m[1784837379.331] [21211:21211] [EM] Handling via exchange: 27159r, Delegate: 0x5e3214801ac8[0m
[0;34m[1784837379.331] [21211:21211] [DMG] InvokeRequestMessage =[0m
[0;34m[1784837379.331] [21211:21211] [DMG] {[0m
[0;34m[1784837379.331] [21211:21211] [DMG] 	suppressResponse = false, [0m
[0;34m[1784837379.331] [21211:21211] [DMG] 	timedRequest = false, [0m
[0;34m[1784837379.331] [21211:21211] [DMG] 	InvokeRequests =[0m
[0;34m[1784837379.331] [21211:21211] [DMG] 	[[0m
[0;34m[1784837379.331] [21211:21211] [DMG] 		CommandDataIB =[0m
[0;34m[1784837379.331] [21211:21211] [DMG] 		{[0m
[0;34m[1784837379.331] [21211:21211] [DMG] 			CommandPathIB =[0m
[0;34m[1784837379.331] [21211:21211] [DMG] 			{[0m
[0;34m[1784837379.331] [21211:21211] [DMG] 				EndpointId = 0x0,[0m
[0;34m[1784837379.331] [21211:21211] [DMG] 				ClusterId = 0x3e,[0m
[0;34m[1784837379.331] [21211:21211] [DMG] 				CommandId = 0xb,[0m
[0;34m[1784837379.331] [21211:21211] [DMG] 			},[0m
[0;34m[1784837379.331] [21211:21211] [DMG] 			[0m
[0;34m[1784837379.331] [21211:21211] [DMG] 			CommandFields = [0m
[0;34m[1784837379.331] [21211:21211] [DMG] 			{[0m
[0;34m[1784837379.331] [21211:21211] [DMG] 				0x0 = [[0m
[0;34m[1784837379.331] [21211:21211] [DMG] 						0x15, 0x30, 0x01, 0x01, 0x01, 0x24, 0x02, 0x01, 0x37, 0x03, 0x24, 0x14, 0x01, 0x18, 0x26, 0x04, 0x80, 0x22, 0x81, 0x27, 0x26, 0x05, 0x80, 0x25, 0x4d, 0x3a, 0x37, 0x06, 0x24, 0x14, 0x01, 0x18, 0x24, 0x07, 0x01, 0x24, 0x08, 0x01, 0x30, 0x09, 0x41, 0x04, 0x1a, 0x6b, 0x90, 0x34, 0x50, 0xa0, 0xaf, 0xaa, 0x18, 0xe2, 0x8e, 0x2e, 0xd0, 0x13, 0x3b, 0x67, 0xf7, 0x65, 0x89, 0xae, 0x80, 0x86, 0x65, 0x76, 0x4c, 0xa9, 0x7c, 0xf7, 0xf4, 0x29, 0xca, 0xc9, 0xeb, 0xa9, 0x38, 0x9c, 0xbc, 0xe8, 0x2a, 0x47, 0xef, 0x19, 0xc7, 0x60, 0x14, 0xba, 0xa8, 0xf4, 0x23, 0x1a, 0x91, 0x7f, 0xae, 0x2e, 0x1d, 0x8d, 0x4e, 0x9a, 0xaf, 0x31, 0x7d, 0xcb, 0xbd, 0x81, 0x37, 0x0a, 0x35, 0x01, 0x29, 0x01, 0x18, 0x24, 0x02, 0x60, 0x30, 0x04, 0x14, 0x26, 0x3a, 0x55, 0x4d, 0xa0, 0xb1, 0x62, 0xe6, 0xa3, 0x5d, 0x7e, 0x15, 0x6d, 0xa9, 0x6b, 0xc4, 0x48, 0x1d, 0xaa, 0xd2, 0x30, 0x05, 0x14, 0x26, 0x3a, 0x55, 0x4d, 0xa0, 0xb1, 0x62, 0xe6, 0xa3, 0x5d, 0x7e, 0x15, 0x6d, 0xa9, 0x6b, 0xc4, 0x48, 0x1d, 0xaa, 0xd2, 0x18, 0x30, 0x0b, 0x40, 0x6e, 0x38, 0x17, 0x7f, 0x1c, 0x31, 0x0b, 0xe8, 0x0b, 0xbd, 0xbb, 0xb4, 0xad, 0x53, 0x32, 0x5a, 0xbc, 0x5b, 0xbf, 0xa5, 0xf6, 0xfc, 0xbd, 0x11, 0xed, 0xf5, 0xfc, 0x96, 0x9e, 0x8d, 0xfe, 0x48, 0xc2, 0x0e, 0x8e, 0x11, 0xd4, 0xef, 0xeb, 0x6e, 0x8d, 0x13, 0x39, 0xe6, 0xec, 0xc6, 0x27, 0xf3, 0xa3, 0x30, 0x3a, 0x17, 0xbc, 0xc6, 0x17, 0x47, 0xd1, 0xa4, 0x1b, 0x5b, 0xfd, 0x71, 0x94, 0xfd, 0x18, [0m
[0;34m[1784837379.331] [21211:21211] [DMG] 				] (231 bytes)[0m
[0;34m[1784837379.331] [21211:21211] [DMG] 			},[0m
[0;34m[1784837379.331] [21211:21211] [DMG] 		},[0m
[0;34m[1784837379.331] [21211:21211] [DMG] 		[0m
[0;34m[1784837379.331] [21211:21211] [DMG] 	],[0m
[0;34m[1784837379.331] [21211:21211] [DMG] 	[0m
[0;34m[1784837379.331] [21211:21211] [DMG] 	InteractionModelRevision = 12[0m
[0;34m[1784837379.331] [21211:21211] [DMG] },[0m
[0;32m[1784837379.331] [21211:21211] [DMG] AccessControl: checking f=0 a=p s=0xFFFFFFFB00000000 t= c=0x0000_003E e=0 p=o r=i[0m
[0;32m[1784837379.331] [21211:21211] [DMG] AccessControl: implicit admin (PASE)[0m
[0;32m[1784837379.331] [21211:21211] [DMG] AccessControl: checking f=0 a=p s=0xFFFFFFFB00000000 t= c=0x0000_003E e=0 p=a r=i[0m
[0;32m[1784837379.331] [21211:21211] [DMG] AccessControl: implicit admin (PASE)[0m
[0;34m[1784837379.331] [21211:21211] [DMG] Received command for Endpoint=0 Cluster=0x0000_003E Command=0x0000_000B[0m
[0;32m[1784837379.331] [21211:21211] [ZCL] OpCreds: Received an AddTrustedRootCertificate command[0m
[0;32m[1784837379.331] [21211:21211] [ZCL] OpCreds: AddTrustedRootCertificate successful.[0m
[0;34m[1784837379.331] [21211:21211] [DMG] Command handler moving to [NewRespons][0m
[0;34m[1784837379.331] [21211:21211] [DMG] Command handler moving to [ Preparing][0m
[0;34m[1784837379.331] [21211:21211] [DMG] Command handler moving to [AddingComm][0m
[0;34m[1784837379.331] [21211:21211] [DMG] Command handler moving to [AddedComma][0m
[0;34m[1784837379.331] [21211:21211] [DMG] Decreasing reference count for CommandHandlerImpl, remaining 1[0m
[0;34m[1784837379.331] [21211:21211] [DMG] Decreasing reference count for CommandHandlerImpl, remaining 0[0m
[0;34m[1784837379.331] [21211:21211] [DMG] Command handler moving to [AwaitingDe][0m
[0;32m[1784837379.331] [21211:21211] [EM] <<< [E:27159r S:33351 M:173312752 (Ack:31974672)] (S) Msg TX from 0000000000000000 to 0:FFFFFFFB00000000 [0000] [UDP:[fe80::bfe:a203:38f0:bce7%enp0s3]:52433] --- Type 0001:09 (IM:InvokeCommandResponse) (B:67)[0m
[0;32m[1784837379.331] [21211:21211] [EM] ??1 [E:27159r S:33351 M:173312752] (S) Msg Retransmission to 0:FFFFFFFB00000000 scheduled for 346ms from now [State:Active II:500 AI:300 AT:4000][0m
[0;34m[1784837379.331] [21211:21211] [DMG] Command response sender moving to [AllInvokeR][0m
[0;32m[1784837379.331] [21211:21211] [EM] >>> [E:27158r S:33351 M:31974673 (Ack:173312751)] (S) Msg RX from 0:FFFFFFFB00000000 [0000] to 0000000000000000 --- Type 0000:10 (SecureChannel:StandaloneAck) (B:34)[0m
[0;34m[1784837379.331] [21211:21211] [EM] Found matching exchange: 27158r, Delegate: (nil)[0m
[0;34m[1784837379.331] [21211:21211] [EM] Rxd Ack; Removing MessageCounter:173312751 from Retrans Table on exchange 27158r[0m
[0;32m[1784837379.331] [21211:21211] [EM] >>> [E:27160r S:33351 M:31974674] (S) Msg RX from 0:FFFFFFFB00000000 [0000] to 0000000000000000 --- Type 0001:08 (IM:InvokeCommandRequest) (B:566)[0m
[0;34m[1784837379.331] [21211:21211] [EM] Handling via exchange: 27160r, Delegate: 0x5e3214801ac8[0m
[0;34m[1784837379.331] [21211:21211] [DMG] InvokeRequestMessage =[0m
[0;34m[1784837379.331] [21211:21211] [DMG] {[0m
[0;34m[1784837379.331] [21211:21211] [DMG] 	suppressResponse = false, [0m
[0;34m[1784837379.331] [21211:21211] [DMG] 	timedRequest = false, [0m
[0;34m[1784837379.331] [21211:21211] [DMG] 	InvokeRequests =[0m
[0;34m[1784837379.331] [21211:21211] [DMG] 	[[0m
[0;34m[1784837379.331] [21211:21211] [DMG] 		CommandDataIB =[0m
[0;34m[1784837379.331] [21211:21211] [DMG] 		{[0m
[0;34m[1784837379.331] [21211:21211] [DMG] 			CommandPathIB =[0m
[0;34m[1784837379.331] [21211:21211] [DMG] 			{[0m
[0;34m[1784837379.331] [21211:21211] [DMG] 				EndpointId = 0x0,[0m
[0;34m[1784837379.331] [21211:21211] [DMG] 				ClusterId = 0x3e,[0m
[0;34m[1784837379.331] [21211:21211] [DMG] 				CommandId = 0x6,[0m
[0;34m[1784837379.331] [21211:21211] [DMG] 			},[0m
[0;34m[1784837379.331] [21211:21211] [DMG] 			[0m
[0;34m[1784837379.331] [21211:21211] [DMG] 			CommandFields = [0m
[0;34m[1784837379.331] [21211:21211] [DMG] 			{[0m
[0;34m[1784837379.331] [21211:21211] [DMG] 				0x0 = [[0m
[0;34m[1784837379.331] [21211:21211] [DMG] 						0x15, 0x30, 0x01, 0x01, 0x01, 0x24, 0x02, 0x01, 0x37, 0x03, 0x24, 0x13, 0x02, 0x18, 0x26, 0x04, 0x80, 0x22, 0x81, 0x27, 0x26, 0x05, 0x80, 0x25, 0x4d, 0x3a, 0x37, 0x06, 0x24, 0x15, 0x01, 0x24, 0x11, 0x01, 0x18, 0x24, 0x07, 0x01, 0x24, 0x08, 0x01, 0x30, 0x09, 0x41, 0x04, 0x47, 0x7f, 0xc6, 0x6c, 0x40, 0xf9, 0x6b, 0x70, 0x4c, 0x85, 0x58, 0x07, 0xa6, 0xfe, 0xbf, 0x10, 0xf6, 0x44, 0xe8, 0xc2, 0x8e, 0x12, 0xbd, 0x72, 0x7f, 0x33, 0xa6, 0x5d, 0xc2, 0x8c, 0x24, 0xbf, 0x0a, 0x72, 0x6f, 0x78, 0x6b, 0xb2, 0x1a, 0x18, 0xd7, 0x1e, 0x81, 0x44, 0xb8, 0x74, 0x74, 0x21, 0x1c, 0x8f, 0xec, 0xdb, 0x74, 0x42, 0xe0, 0x3a, 0x70, 0xb2, 0xfa, 0xa1, 0xa5, 0xef, 0xaa, 0xca, 0x37, 0x0a, 0x35, 0x01, 0x28, 0x01, 0x18, 0x24, 0x02, 0x01, 0x36, 0x03, 0x04, 0x02, 0x04, 0x01, 0x18, 0x30, 0x04, 0x14, 0x86, 0x46, 0xb7, 0xc0, 0x13, 0x94, 0x38, 0x7f, 0xc5, 0xd6, 0xd5, 0x2e, 0x7c, 0xde, 0xaf, 0xcd, 0x47, 0x3d, 0x2c, 0x51, 0x30, 0x05, 0x14, 0x94, 0xfd, 0x35, 0x2c, 0x77, 0x88, 0x9c, 0x49, 0xc3, 0xde, 0xfb, 0x80, 0x7c, 0xff, 0x50, 0x4f, 0xe5, 0xc5, 0x76, 0x2c, 0x18, 0x30, 0x0b, 0x40, 0xb5, 0x30, 0x26, 0x3c, 0x17, 0x70, 0x1b, 0x38, 0xac, 0xae, 0x0d, 0x17, 0x59, 0xdd, 0x08, 0x1d, 0x3d, 0x04, 0xef, 0x4c, 0x97, 0x9c, 0x2c, 0x09, 0xe6, 0xf8, 0x2d, 0x49, 0x8b, 0xf2, 0x92, 0x7f, 0xa8, 0x1b, 0x68, 0x7b, 0x72, 0x4a, 0xf7, 0x7a, 0xd9, 0x52, 0x71, 0xeb, 0xc8, 0xba, 0xb2, 0xc7, 0xf1, 0xf2, 0x8f, 0xd2, 0xc5, 0x10, 0xd2, 0xf4, 0xca, 0x74, 0xf8, 0xb7, 0xc4, 0x6f, 0x02, 0xca, 0x18, [0m
[0;34m[1784837379.331] [21211:21211] [DMG] 				] (241 bytes)[0m
[0;34m[1784837379.331] [21211:21211] [DMG] 				0x1 = [[0m
[0;34m[1784837379.331] [21211:21211] [DMG] 						0x15, 0x30, 0x01, 0x01, 0x01, 0x24, 0x02, 0x01, 0x37, 0x03, 0x24, 0x14, 0x01, 0x18, 0x26, 0x04, 0x80, 0x22, 0x81, 0x27, 0x26, 0x05, 0x80, 0x25, 0x4d, 0x3a, 0x37, 0x06, 0x24, 0x13, 0x02, 0x18, 0x24, 0x07, 0x01, 0x24, 0x08, 0x01, 0x30, 0x09, 0x41, 0x04, 0xbe, 0x92, 0xb0, 0xa1, 0x78, 0x8f, 0x2f, 0x0d, 0xb6, 0xe4, 0x3a, 0x09, 0x86, 0xc5, 0x20, 0xa9, 0x9c, 0x6d, 0xb2, 0xf6, 0x88, 0x14, 0x0a, 0x5c, 0x47, 0xf0, 0x93, 0xc4, 0x95, 0x23, 0xb7, 0x45, 0x0b, 0xb2, 0x3d, 0x31, 0x02, 0x06, 0xd1, 0x6d, 0x4a, 0x7e, 0x78, 0x79, 0xa1, 0xc0, 0x79, 0x07, 0x89, 0xb1, 0xc7, 0x97, 0xf9, 0x4c, 0x4b, 0x08, 0xda, 0xff, 0xf5, 0xcc, 0xbf, 0xae, 0xee, 0x36, 0x37, 0x0a, 0x35, 0x01, 0x29, 0x01, 0x18, 0x24, 0x02, 0x60, 0x30, 0x04, 0x14, 0x94, 0xfd, 0x35, 0x2c, 0x77, 0x88, 0x9c, 0x49, 0xc3, 0xde, 0xfb, 0x80, 0x7c, 0xff, 0x50, 0x4f, 0xe5, 0xc5, 0x76, 0x2c, 0x30, 0x05, 0x14, 0x26, 0x3a, 0x55, 0x4d, 0xa0, 0xb1, 0x62, 0xe6, 0xa3, 0x5d, 0x7e, 0x15, 0x6d, 0xa9, 0x6b, 0xc4, 0x48, 0x1d, 0xaa, 0xd2, 0x18, 0x30, 0x0b, 0x40, 0x99, 0xe2, 0x01, 0xa2, 0x74, 0xa7, 0x6f, 0x0d, 0x9e, 0xeb, 0xdf, 0x07, 0x64, 0x6d, 0xb2, 0x6a, 0xa8, 0xaa, 0x20, 0xd2, 0x6b, 0x9e, 0x08, 0xa7, 0x74, 0xb3, 0xa6, 0x2e, 0xdf, 0x7d, 0x06, 0x86, 0x34, 0x3c, 0x7a, 0x2b, 0x07, 0x7d, 0x06, 0xfe, 0x61, 0x8d, 0xd5, 0xf0, 0x99, 0x12, 0x18, 0x57, 0x2e, 0xbe, 0x4b, 0x6d, 0x80, 0xbd, 0x90, 0xf0, 0x94, 0xe8, 0x20, 0xf6, 0xb6, 0x32, 0x06, 0x1e, 0x18, [0m
[0;34m[1784837379.331] [21211:21211] [DMG] 				] (231 bytes)[0m
[0;34m[1784837379.331] [21211:21211] [DMG] 				0x2 = [[0m
[0;34m[1784837379.331] [21211:21211] [DMG] 						0x74, 0x65, 0x6d, 0x70, 0x6f, 0x72, 0x61, 0x72, 0x79, 0x20, 0x69, 0x70, 0x6b, 0x20, 0x30, 0x31, [0m
[0;34m[1784837379.331] [21211:21211] [DMG] 				] (16 bytes)[0m
[0;34m[1784837379.331] [21211:21211] [DMG] 				0x3 = 112233 (unsigned), [0m
[0;34m[1784837379.331] [21211:21211] [DMG] 				0x4 = 65521 (unsigned), [0m
[0;34m[1784837379.331] [21211:21211] [DMG] 			},[0m
[0;34m[1784837379.331] [21211:21211] [DMG] 		},[0m
[0;34m[1784837379.331] [21211:21211] [DMG] 		[0m
[0;34m[1784837379.331] [21211:21211] [DMG] 	],[0m
[0;34m[1784837379.331] [21211:21211] [DMG] 	[0m
[0;34m[1784837379.331] [21211:21211] [DMG] 	InteractionModelRevision = 12[0m
[0;34m[1784837379.331] [21211:21211] [DMG] },[0m
[0;32m[1784837379.331] [21211:21211] [DMG] AccessControl: checking f=0 a=p s=0xFFFFFFFB00000000 t= c=0x0000_003E e=0 p=o r=i[0m
[0;32m[1784837379.331] [21211:21211] [DMG] AccessControl: implicit admin (PASE)[0m
[0;32m[1784837379.331] [21211:21211] [DMG] AccessControl: checking f=0 a=p s=0xFFFFFFFB00000000 t= c=0x0000_003E e=0 p=a r=i[0m
[0;32m[1784837379.331] [21211:21211] [DMG] AccessControl: implicit admin (PASE)[0m
[0;34m[1784837379.331] [21211:21211] [DMG] Received command for Endpoint=0 Cluster=0x0000_003E Command=0x0000_0006[0m
[0;32m[1784837379.331] [21211:21211] [ZCL] OpCreds: Received an AddNOC command[0m
[0;32m[1784837379.331] [21211:21211] [FP] Validating NOC chain[0m
[0;32m[1784837379.332] [21211:21211] [FP] NOC chain validation successful[0m
[0;32m[1784837379.332] [21211:21211] [FP] Added new fabric at index: 0x1[0m
[0;32m[1784837379.332] [21211:21211] [FP] Assigned compressed fabric ID: 0x959C9EC3C705773B, node ID: 0x0000000000000001[0m
[0;32m[1784837379.332] [21211:21211] [TS] Last Known Good Time: 2023-10-14T01:16:48[0m
[0;32m[1784837379.332] [21211:21211] [TS] New proposed Last Known Good Time: 2021-01-01T00:00:00[0m
[0;32m[1784837379.332] [21211:21211] [TS] Retaining current Last Known Good Time[0m
[0;34m[1784837379.334] [21211:21211] [DL] Wrote settings to /tmp/chip_kvs_test[0m
[0;34m[1784837379.337] [21211:21211] [DL] Wrote settings to /tmp/chip_kvs_test[0m
[0;34m[1784837379.339] [21211:21211] [DL] Wrote settings to /tmp/chip_kvs_test[0m
[0;32m[1784837379.339] [21211:21211] [DMG] AccessControl: validating f=1 p=a a=c s=1 t=0[0m
[0;32m[1784837379.339] [21211:21211] [DMG]   validating subject 0x000000000001B669[0m
[0;34m[1784837379.341] [21211:21211] [DL] Wrote settings to /tmp/chip_kvs_test[0m
[0;34m[1784837379.341] [21211:21211] [EVL] LogEvent event number: 0x0000000000000004 priority: 1, endpoint id:  0x0 cluster id: 0x0000_001F event id: 0x0 Epoch timestamp: 0x0000019F9099150D[0m
[0;32m[1784837379.341] [21211:21211] [ZCL] OpCreds: ACL entry created for Fabric index 0x1 CASE Admin Subject 0x000000000001B669[0m
[0;34m[1784837379.341] [21211:21211] [DL] Using WiFi MAC for hostname[0m
[0;32m[1784837379.341] [21211:21211] [DIS] Advertise operational node 959C9EC3C705773B-0000000000000001[0m
[0;34m[1784837379.341] [21211:21211] [DIS] Responding with _matter._tcp.local[0m
[0;34m[1784837379.341] [21211:21211] [DIS] Responding with 959C9EC3C705773B-0000000000000001._matter._tcp.local[0m
[0;34m[1784837379.341] [21211:21211] [DIS] Responding with 959C9EC3C705773B-0000000000000001._matter._tcp.local[0m
[0;34m[1784837379.341] [21211:21211] [DIS] Responding with 080027AE1A43.local[0m
[0;34m[1784837379.341] [21211:21211] [DIS] Responding with 080027AE1A43.local[0m
[0;34m[1784837379.341] [21211:21211] [DIS] Responding with _I959C9EC3C705773B._sub._matter._tcp.local[0m
[0;32m[1784837379.341] [21211:21211] [DIS] CHIP minimal mDNS configured as 'Operational device'; instance name: 959C9EC3C705773B-0000000000000001.[0m
[0;32m[1784837379.342] [21211:21211] [DIS] mDNS service published: _matter._tcp[0m
[0;34m[1784837379.342] [21211:21211] [DMG] Command handler moving to [NewRespons][0m
[0;34m[1784837379.342] [21211:21211] [DMG] Command handler moving to [ Preparing][0m
[0;34m[1784837379.342] [21211:21211] [DMG] Command handler moving to [AddingComm][0m
[0;34m[1784837379.342] [21211:21211] [DMG] Command handler moving to [AddedComma][0m
[0;32m[1784837379.342] [21211:21211] [ZCL] OpCreds: successfully created fabric index 0x1 via AddNOC[0m
[0;34m[1784837379.342] [21211:21211] [DMG] Decreasing reference count for CommandHandlerImpl, remaining 1[0m
[0;34m[1784837379.342] [21211:21211] [DMG] Decreasing reference count for CommandHandlerImpl, remaining 0[0m
[0;34m[1784837379.342] [21211:21211] [DMG] Command handler moving to [AwaitingDe][0m
[0;32m[1784837379.342] [21211:21211] [EM] <<< [E:27160r S:33351 M:173312753 (Ack:31974674)] (S) Msg TX from 0000000000000000 to 1:FFFFFFFB00000000 [773B] [UDP:[fe80::bfe:a203:38f0:bce7%enp0s3]:52433] --- Type 0001:09 (IM:InvokeCommandResponse) (B:70)[0m
[0;32m[1784837379.342] [21211:21211] [EM] ??1 [E:27160r S:33351 M:173312753] (S) Msg Retransmission to 1:FFFFFFFB00000000 scheduled for 380ms from now [State:Active II:500 AI:300 AT:4000][0m
[0;34m[1784837379.342] [21211:21211] [DMG] Command response sender moving to [AllInvokeR][0m
[0;32m[1784837379.342] [21211:21211] [EM] >>> [E:27159r S:33351 M:31974675 (Ack:173312752)] (S) Msg RX from 1:FFFFFFFB00000000 [773B] to 0000000000000000 --- Type 0000:10 (SecureChannel:StandaloneAck) (B:34)[0m
[0;34m[1784837379.342] [21211:21211] [EM] Found matching exchange: 27159r, Delegate: (nil)[0m
[0;34m[1784837379.342] [21211:21211] [EM] Rxd Ack; Removing MessageCounter:173312752 from Retrans Table on exchange 27159r[0m
[0;32m[1784837379.343] [21211:21211] [EM] >>> [E:27160r S:33351 M:31974676 (Ack:173312753)] (S) Msg RX from 1:FFFFFFFB00000000 [773B] to 0000000000000000 --- Type 0000:10 (SecureChannel:StandaloneAck) (B:34)[0m
[0;34m[1784837379.343] [21211:21211] [EM] Found matching exchange: 27160r, Delegate: (nil)[0m
[0;34m[1784837379.343] [21211:21211] [EM] Rxd Ack; Removing MessageCounter:173312753 from Retrans Table on exchange 27160r[0m
[0;32m[1784837379.545] [21211:21211] [EM] >>> [E:27161r S:0 M:265594817] (U) Msg RX from 0:DEEE98FFAC9D7A7B [0000] to 0000000000000000 --- Type 0000:30 (SecureChannel:CASE_Sigma1) (B:196)[0m
[0;34m[1784837379.545] [21211:21211] [EM] Handling via exchange: 27161r, Delegate: 0x5e32147f75f8[0m
[0;32m[1784837379.545] [21211:21211] [IN] CASE Server received Sigma1 message . Starting handshake. EC 0x5e322d35d470[0m
[0;32m[1784837379.545] [21211:21211] [SC] Received Sigma1 msg[0m
[0;34m[1784837379.545] [21211:21211] [SC] Found MRP parameters in the message[0m
[0;34m[1784837379.545] [21211:21211] [SC] Peer (Initiator) assigned session ID 9768[0m
[0;32m[1784837379.546] [21211:21211] [SC] CASE matched destination ID: fabricIndex 1, NodeID 0x0000000000000001[0m
[0;32m[1784837379.547] [21211:21211] [EM] <<< [E:27161r S:0 M:86942711 (Ack:265594817)] (U) Msg TX from 0000000000000000 to 0:DEEE98FFAC9D7A7B [0000] [UDP:[fe80::bfe:a203:38f0:bce7%enp0s3]:52433] --- Type 0000:31 (SecureChannel:CASE_Sigma2) (B:751)[0m
[0;32m[1784837379.547] [21211:21211] [EM] ??1 [E:27161r S:0 M:86942711] (U) Msg Retransmission to 0:0000000000000000 scheduled for 386ms from now [State:Active II:500 AI:300 AT:4000][0m
[0;32m[1784837379.547] [21211:21211] [SC] Sent Sigma2 msg[0m
[0;32m[1784837379.549] [21211:21211] [EM] >>> [E:27161r S:0 M:265594818 (Ack:86942711)] (U) Msg RX from 0:DEEE98FFAC9D7A7B [0000] to 0000000000000000 --- Type 0000:32 (SecureChannel:CASE_Sigma3) (B:598)[0m
[0;34m[1784837379.549] [21211:21211] [EM] Found matching exchange: 27161r, Delegate: 0x5e32147f7630[0m
[0;34m[1784837379.549] [21211:21211] [EM] Rxd Ack; Removing MessageCounter:86942711 from Retrans Table on exchange 27161r[0m
[0;32m[1784837379.549] [21211:21211] [SC] Received Sigma3 msg[0m
[0;34m[1784837379.553] [21211:21211] [DL] Wrote settings to /tmp/chip_kvs_test[0m
[0;34m[1784837379.555] [21211:21211] [DL] Wrote settings to /tmp/chip_kvs_test[0m
[0;34m[1784837379.557] [21211:21211] [DL] Wrote settings to /tmp/chip_kvs_test[0m
[0;34m[1784837379.557] [21211:21211] [SC] Sending status report. Protocol code 0, exchange 27161[0m
[0;32m[1784837379.557] [21211:21211] [EM] <<< [E:27161r S:0 M:86942712 (Ack:265594818)] (U) Msg TX from 0000000000000000 to 0:DEEE98FFAC9D7A7B [0000] [UDP:[fe80::bfe:a203:38f0:bce7%enp0s3]:52433] --- Type 0000:40 (SecureChannel:StatusReport) (B:34)[0m
[0;32m[1784837379.557] [21211:21211] [EM] ??1 [E:27161r S:0 M:86942712] (U) Msg Retransmission to 0:0000000000000000 scheduled for 336ms from now [State:Active II:500 AI:300 AT:4000][0m
[0;32m[1784837379.557] [21211:21211] [SC] SecureSession[0x5e322d348da0, LSID:33352]: State change 'kEstablishing' --> 'kActive'[0m
[0;34m[1784837379.557] [21211:21211] [IN] SecureSession[0x5e322d348da0]: Activated - Type:2 LSID:33352[0m
[0;34m[1784837379.557] [21211:21211] [IN] New secure session activated for device <000000000001B669, 1>, LSID:33352 PSID:9768![0m
[0;32m[1784837379.557] [21211:21211] [IN] CASE Session established to peer: <000000000001B669, 1>[0m
[0;34m[1784837379.557] [21211:21211] [IN] SecureSession[0x5e322d363d40]: Allocated Type:2 LSID:33353[0m
[0;34m[1784837379.557] [21211:21211] [SC] Allocated SecureSession (0x5e322d363d40) - waiting for Sigma1 msg[0m
[0;32m[1784837379.559] [21211:21211] [EM] >>> [E:27162r S:33352 M:181887663] (S) Msg RX from 1:000000000001B669 [773B] to 0000000000000001 --- Type 0001:08 (IM:InvokeCommandRequest) (B:59)[0m
[0;34m[1784837379.559] [21211:21211] [EM] Handling via exchange: 27162r, Delegate: 0x5e3214801ac8[0m
[0;34m[1784837379.559] [21211:21211] [DMG] InvokeRequestMessage =[0m
[0;34m[1784837379.559] [21211:21211] [DMG] {[0m
[0;34m[1784837379.559] [21211:21211] [DMG] 	suppressResponse = false, [0m
[0;34m[1784837379.559] [21211:21211] [DMG] 	timedRequest = false, [0m
[0;34m[1784837379.559] [21211:21211] [DMG] 	InvokeRequests =[0m
[0;34m[1784837379.559] [21211:21211] [DMG] 	[[0m
[0;34m[1784837379.559] [21211:21211] [DMG] 		CommandDataIB =[0m
[0;34m[1784837379.559] [21211:21211] [DMG] 		{[0m
[0;34m[1784837379.559] [21211:21211] [DMG] 			CommandPathIB =[0m
[0;34m[1784837379.559] [21211:21211] [DMG] 			{[0m
[0;34m[1784837379.559] [21211:21211] [DMG] 				EndpointId = 0x0,[0m
[0;34m[1784837379.559] [21211:21211] [DMG] 				ClusterId = 0x30,[0m
[0;34m[1784837379.559] [21211:21211] [DMG] 				CommandId = 0x4,[0m
[0;34m[1784837379.559] [21211:21211] [DMG] 			},[0m
[0;34m[1784837379.559] [21211:21211] [DMG] 			[0m
[0;34m[1784837379.559] [21211:21211] [DMG] 			CommandFields = [0m
[0;34m[1784837379.559] [21211:21211] [DMG] 			{[0m
[0;34m[1784837379.559] [21211:21211] [DMG] 			},[0m
[0;34m[1784837379.559] [21211:21211] [DMG] 		},[0m
[0;34m[1784837379.559] [21211:21211] [DMG] 		[0m
[0;34m[1784837379.559] [21211:21211] [DMG] 	],[0m
[0;34m[1784837379.559] [21211:21211] [DMG] 	[0m
[0;34m[1784837379.559] [21211:21211] [DMG] 	InteractionModelRevision = 12[0m
[0;34m[1784837379.559] [21211:21211] [DMG] },[0m
[0;32m[1784837379.559] [21211:21211] [DMG] AccessControl: checking f=1 a=c s=0x000000000001B669 t= c=0x0000_0030 e=0 p=o r=i[0m
[0;32m[1784837379.559] [21211:21211] [DMG] AccessControl: allowed[0m
[0;32m[1784837379.559] [21211:21211] [DMG] AccessControl: checking f=1 a=c s=0x000000000001B669 t= c=0x0000_0030 e=0 p=a r=i[0m
[0;32m[1784837379.559] [21211:21211] [DMG] AccessControl: allowed[0m
[0;34m[1784837379.559] [21211:21211] [DMG] Received command for Endpoint=0 Cluster=0x0000_0030 Command=0x0000_0004[0m
[0;32m[1784837379.559] [21211:21211] [FS] GeneralCommissioning: Received CommissioningComplete[0m
[0;34m[1784837379.561] [21211:21211] [DL] Wrote settings to /tmp/chip_kvs_test[0m
[0;34m[1784837379.563] [21211:21211] [DL] Wrote settings to /tmp/chip_kvs_test[0m
[0;32m[1784837379.563] [21211:21211] [FP] Metadata for Fabric 0x1 persisted to storage.[0m
[0;34m[1784837379.565] [21211:21211] [DL] Wrote settings to /tmp/chip_kvs_test[0m
[0;34m[1784837379.567] [21211:21211] [DL] Wrote settings to /tmp/chip_kvs_test[0m
[0;34m[1784837379.569] [21211:21211] [DL] Wrote settings to /tmp/chip_kvs_test[0m
[0;34m[1784837379.571] [21211:21211] [DL] Wrote settings to /tmp/chip_kvs_test[0m
[0;32m[1784837379.571] [21211:21211] [TS] Committing Last Known Good Time to storage: 2023-10-14T01:16:48[0m
[0;34m[1784837379.573] [21211:21211] [DL] Wrote settings to /tmp/chip_kvs_test[0m
[0;34m[1784837379.575] [21211:21211] [DL] Wrote settings to /tmp/chip_kvs_test[0m
[0;32m[1784837379.575] [21211:21211] [ZCL] OpCreds: Fabric index 0x1 was committed to storage. Compressed Fabric Id 0x959C9EC3C705773B, FabricId 0000000000000001, NodeId 0000000000000001, VendorId 0xFFF1[0m
[0;34m[1784837379.578] [21211:21211] [DL] Wrote settings to /tmp/chip_kvs_test[0m
[0;32m[1784837379.578] [21211:21211] [FS] GeneralCommissioning: Successfully committed pending fabric data[0m
[0;32m[1784837379.578] [21211:21211] [FS] Fail-safe cleanly disarmed[0m
[0;34m[1784837379.578] [21211:21211] [DMG] Command handler moving to [NewRespons][0m
[0;34m[1784837379.578] [21211:21211] [DMG] Command handler moving to [ Preparing][0m
[0;34m[1784837379.578] [21211:21211] [DMG] Command handler moving to [AddingComm][0m
[0;34m[1784837379.578] [21211:21211] [DMG] Command handler moving to [AddedComma][0m
[0;34m[1784837379.578] [21211:21211] [DMG] Decreasing reference count for CommandHandlerImpl, remaining 1[0m
[0;34m[1784837379.578] [21211:21211] [DMG] Decreasing reference count for CommandHandlerImpl, remaining 0[0m
[0;34m[1784837379.578] [21211:21211] [DMG] Command handler moving to [AwaitingDe][0m
[0;32m[1784837379.578] [21211:21211] [EM] <<< [E:27162r S:33352 M:240617065 (Ack:181887663)] (S) Msg TX from 0000000000000001 to 1:000000000001B669 [773B] [UDP:[fe80::bfe:a203:38f0:bce7%enp0s3]:52433] --- Type 0001:09 (IM:InvokeCommandResponse) (B:70)[0m
[0;32m[1784837379.578] [21211:21211] [EM] ??1 [E:27162r S:33352 M:240617065] (S) Msg Retransmission to 1:000000000001B669 scheduled for 343ms from now [State:Active II:500 AI:300 AT:4000][0m
[0;34m[1784837379.578] [21211:21211] [DMG] Command response sender moving to [AllInvokeR][0m
[0;32m[1784837379.578] [21211:21211] [SVR] Commissioning completed successfully[0m
[0;32m[1784837379.578] [21211:21211] [DIS] Updating services using commissioning mode 0[0m
[0;32m[1784837379.578] [21211:21211] [DIS] CHIP minimal mDNS started advertising.[0m
[0;34m[1784837379.579] [21211:21211] [DL] Using WiFi MAC for hostname[0m
[0;32m[1784837379.579] [21211:21211] [DIS] Advertise operational node 959C9EC3C705773B-0000000000000001[0m
[0;34m[1784837379.579] [21211:21211] [DIS] Responding with _matter._tcp.local[0m
[0;34m[1784837379.579] [21211:21211] [DIS] Responding with 959C9EC3C705773B-0000000000000001._matter._tcp.local[0m
[0;34m[1784837379.579] [21211:21211] [DIS] Responding with 959C9EC3C705773B-0000000000000001._matter._tcp.local[0m
[0;34m[1784837379.579] [21211:21211] [DIS] Responding with 080027AE1A43.local[0m
[0;34m[1784837379.579] [21211:21211] [DIS] Responding with 080027AE1A43.local[0m
[0;34m[1784837379.579] [21211:21211] [DIS] Responding with _I959C9EC3C705773B._sub._matter._tcp.local[0m
[0;32m[1784837379.579] [21211:21211] [DIS] CHIP minimal mDNS configured as 'Operational device'; instance name: 959C9EC3C705773B-0000000000000001.[0m
[0;32m[1784837379.580] [21211:21211] [DIS] mDNS service published: _matter._tcp[0m
[0;34m[1784837379.580] [21211:21211] [IN] Expiring all PASE sessions[0m
[0;34m[1784837379.580] [21211:21211] [IN] SecureSession[0x5e322d348890]: MarkForEviction Type:1 LSID:33351[0m
[0;32m[1784837379.580] [21211:21211] [SC] SecureSession[0x5e322d348890, LSID:33351]: State change 'kActive' --> 'kPendingEviction'[0m
[0;34m[1784837379.580] [21211:21211] [IN] SecureSession[0x5e322d348890]: Released - Type:1 LSID:33351[0m
[0;32m[1784837379.580] [21211:21211] [PAF] WiFiPAF: Closing all WiFiPAF sessions to shutdown[0m
[0;32m[1784837379.580] [21211:21211] [EM] >>> [E:27161r S:0 M:265594819 (Ack:86942712)] (U) Msg RX from 0:DEEE98FFAC9D7A7B [0000] to 0000000000000000 --- Type 0000:10 (SecureChannel:StandaloneAck) (B:26)[0m
[0;34m[1784837379.580] [21211:21211] [EM] Found matching exchange: 27161r, Delegate: (nil)[0m
[0;34m[1784837379.580] [21211:21211] [EM] Rxd Ack; Removing MessageCounter:86942712 from Retrans Table on exchange 27161r[0m
[0;32m[1784837379.581] [21211:21211] [EM] >>> [E:27162r S:33352 M:181887664 (Ack:240617065)] (S) Msg RX from 1:000000000001B669 [773B] to 0000000000000001 --- Type 0000:10 (SecureChannel:StandaloneAck) (B:34)[0m
[0;34m[1784837379.581] [21211:21211] [EM] Found matching exchange: 27162r, Delegate: (nil)[0m
[0;34m[1784837379.581] [21211:21211] [EM] Rxd Ack; Removing MessageCounter:240617065 from Retrans Table on exchange 27162r[0m
[0;32m[1784837379.850] [21211:21211] [EM] >>> [E:63974r S:0 M:258141009] (U) Msg RX from 0:B6E50B3F8690A9AD [0000] to 0000000000000000 --- Type 0000:30 (SecureChannel:CASE_Sigma1) (B:196)[0m
[0;34m[1784837379.850] [21211:21211] [EM] Handling via exchange: 63974r, Delegate: 0x5e32147f75f8[0m
[0;32m[1784837379.850] [21211:21211] [IN] CASE Server received Sigma1 message . Starting handshake. EC 0x5e322d35d470[0m
[0;32m[1784837379.850] [21211:21211] [SC] Received Sigma1 msg[0m
[0;34m[1784837379.850] [21211:21211] [SC] Found MRP parameters in the message[0m
[0;34m[1784837379.850] [21211:21211] [SC] Peer (Initiator) assigned session ID 38153[0m
[0;32m[1784837379.850] [21211:21211] [SC] CASE matched destination ID: fabricIndex 1, NodeID 0x0000000000000001[0m
[0;32m[1784837379.852] [21211:21211] [EM] <<< [E:63974r S:0 M:86942713 (Ack:258141009)] (U) Msg TX from 0000000000000000 to 0:B6E50B3F8690A9AD [0000] [UDP:[fe80::bfe:a203:38f0:bce7%enp0s3]:46164] --- Type 0000:31 (SecureChannel:CASE_Sigma2) (B:751)[0m
[0;32m[1784837379.852] [21211:21211] [EM] ??1 [E:63974r S:0 M:86942713] (U) Msg Retransmission to 0:0000000000000000 scheduled for 355ms from now [State:Active II:500 AI:300 AT:4000][0m
[0;32m[1784837379.852] [21211:21211] [SC] Sent Sigma2 msg[0m
[0;32m[1784837379.854] [21211:21211] [EM] >>> [E:63974r S:0 M:258141010 (Ack:86942713)] (U) Msg RX from 0:B6E50B3F8690A9AD [0000] to 0000000000000000 --- Type 0000:32 (SecureChannel:CASE_Sigma3) (B:598)[0m
[0;34m[1784837379.854] [21211:21211] [EM] Found matching exchange: 63974r, Delegate: 0x5e32147f7630[0m
[0;34m[1784837379.854] [21211:21211] [EM] Rxd Ack; Removing MessageCounter:86942713 from Retrans Table on exchange 63974r[0m
[0;32m[1784837379.854] [21211:21211] [SC] Received Sigma3 msg[0m
[0;34m[1784837379.857] [21211:21211] [DL] Wrote settings to /tmp/chip_kvs_test[0m
[0;34m[1784837379.859] [21211:21211] [DL] Wrote settings to /tmp/chip_kvs_test[0m
[0;34m[1784837379.861] [21211:21211] [DL] Wrote settings to /tmp/chip_kvs_test[0m
[0;34m[1784837379.861] [21211:21211] [SC] Sending status report. Protocol code 0, exchange 63974[0m
[0;32m[1784837379.861] [21211:21211] [EM] <<< [E:63974r S:0 M:86942714 (Ack:258141010)] (U) Msg TX from 0000000000000000 to 0:B6E50B3F8690A9AD [0000] [UDP:[fe80::bfe:a203:38f0:bce7%enp0s3]:46164] --- Type 0000:40 (SecureChannel:StatusReport) (B:34)[0m
[0;32m[1784837379.861] [21211:21211] [EM] ??1 [E:63974r S:0 M:86942714] (U) Msg Retransmission to 0:0000000000000000 scheduled for 394ms from now [State:Active II:500 AI:300 AT:4000][0m
[0;32m[1784837379.861] [21211:21211] [SC] SecureSession[0x5e322d363d40, LSID:33353]: State change 'kEstablishing' --> 'kActive'[0m
[0;34m[1784837379.861] [21211:21211] [IN] SecureSession[0x5e322d363d40]: Activated - Type:2 LSID:33353[0m
[0;34m[1784837379.861] [21211:21211] [IN] New secure session activated for device <000000000001B669, 1>, LSID:33353 PSID:38153![0m
[0;32m[1784837379.861] [21211:21211] [IN] CASE Session established to peer: <000000000001B669, 1>[0m
[0;34m[1784837379.862] [21211:21211] [IN] SecureSession[0x5e322d348890]: Allocated Type:2 LSID:33354[0m
[0;34m[1784837379.862] [21211:21211] [SC] Allocated SecureSession (0x5e322d348890) - waiting for Sigma1 msg[0m
[0;32m[1784837379.863] [21211:21211] [EM] >>> [E:63975r S:33353 M:165485946] (S) Msg RX from 1:000000000001B669 [773B] to 0000000000000001 --- Type 0001:02 (IM:ReadRequest) (B:51)[0m
[0;34m[1784837379.863] [21211:21211] [EM] Handling via exchange: 63975r, Delegate: 0x5e3214801ac8[0m
[0;34m[1784837379.863] [21211:21211] [IM] Received Read request[0m
[0;34m[1784837379.863] [21211:21211] [DMG] ReadRequestMessage =[0m
[0;34m[1784837379.863] [21211:21211] [DMG] {[0m
[0;34m[1784837379.863] [21211:21211] [DMG] 	AttributePathIBs =[0m
[0;34m[1784837379.863] [21211:21211] [DMG] 	[[0m
[0;34m[1784837379.863] [21211:21211] [DMG] 		AttributePathIB =[0m
[0;34m[1784837379.863] [21211:21211] [DMG] 		{[0m
[0;34m[1784837379.863] [21211:21211] [DMG] 			Endpoint = 0x0,[0m
[0;34m[1784837379.863] [21211:21211] [DMG] 			Cluster = 0x38,[0m
[0;34m[1784837379.863] [21211:21211] [DMG] 			Attribute = 0x0000_0000,[0m
[0;34m[1784837379.863] [21211:21211] [DMG] 		}[0m
[0;34m[1784837379.863] [21211:21211] [DMG] 			[0m
[0;34m[1784837379.863] [21211:21211] [DMG] 	],[0m
[0;34m[1784837379.863] [21211:21211] [DMG] 		[0m
[0;34m[1784837379.863] [21211:21211] [DMG] 	isFabricFiltered = true, [0m
[0;34m[1784837379.863] [21211:21211] [DMG] 	InteractionModelRevision = 12[0m
[0;34m[1784837379.863] [21211:21211] [DMG] },[0m
[0;34m[1784837379.863] [21211:21211] [DMG] IM RH moving to [CanStartReporting][0m
[0;34m[1784837379.863] [21211:21211] [DMG] Building Reports for ReadHandler with LastReportGeneration = 0x0000000000000000 DirtyGeneration = 0x0000000000000000[0m
[0;34m[1784837379.863] [21211:21211] [DMG] <RE:Run> Cluster 38, Attribute 0 is dirty[0m
[0;32m[1784837379.863] [21211:21211] [DMG] AccessControl: checking f=1 a=c s=0x000000000001B669 t= c=0x0000_0038 e=0 p=v r=r[0m
[0;32m[1784837379.863] [21211:21211] [DMG] AccessControl: allowed[0m
[0;32m[1784837379.863] [21211:21211] [DMG] AccessControl: checking f=1 a=c s=0x000000000001B669 t= c=0x0000_0038 e=0 p=v r=r[0m
[0;32m[1784837379.863] [21211:21211] [DMG] AccessControl: allowed[0m
[0;34m[1784837379.863] [21211:21211] [DMG] Reading attribute: Cluster=0x0000_0038 Endpoint=0x0 AttributeId=0x0000_0000 (expanded=0)[0m
[0;34m[1784837379.863] [21211:21211] [DMG] <RE> Sending report (payload has 43 bytes)...[0m
[0;32m[1784837379.863] [21211:21211] [EM] <<< [E:63975r S:33353 M:157350686 (Ack:165485946)] (S) Msg TX from 0000000000000001 to 1:000000000001B669 [773B] [UDP:[fe80::bfe:a203:38f0:bce7%enp0s3]:46164] --- Type 0001:05 (IM:ReportData) (B:77)[0m
[0;32m[1784837379.863] [21211:21211] [EM] ??1 [E:63975r S:33353 M:157350686] (S) Msg Retransmission to 1:000000000001B669 scheduled for 337ms from now [State:Active II:500 AI:300 AT:4000][0m
[0;34m[1784837379.863] [21211:21211] [DMG] <RE> OnReportConfirm: NumReports = 0[0m
[0;34m[1784837379.863] [21211:21211] [DMG] <RE> ReportsInFlight = 0 with readHandler 0, RE has no more messages[0m
[0;34m[1784837379.863] [21211:21211] [DMG] IM RH moving to [AwaitingDestruction][0m
[0;34m[1784837379.863] [21211:21211] [DMG] All ReadHandler-s are clean, clear GlobalDirtySet[0m
[0;32m[1784837379.863] [21211:21211] [EM] >>> [E:63974r S:0 M:258141011 (Ack:86942714)] (U) Msg RX from 0:B6E50B3F8690A9AD [0000] to 0000000000000000 --- Type 0000:10 (SecureChannel:StandaloneAck) (B:26)[0m
[0;34m[1784837379.863] [21211:21211] [EM] Found matching exchange: 63974r, Delegate: (nil)[0m
[0;34m[1784837379.863] [21211:21211] [EM] Rxd Ack; Removing MessageCounter:86942714 from Retrans Table on exchange 63974r[0m
[0;32m[1784837379.863] [21211:21211] [EM] >>> [E:63975r S:33353 M:165485947 (Ack:157350686)] (S) Msg RX from 1:000000000001B669 [773B] to 0000000000000001 --- Type 0000:10 (SecureChannel:StandaloneAck) (B:34)[0m
[0;34m[1784837379.863] [21211:21211] [EM] Found matching exchange: 63975r, Delegate: (nil)[0m
[0;34m[1784837379.863] [21211:21211] [EM] Rxd Ack; Removing MessageCounter:157350686 from Retrans Table on exchange 63975r[0m
