[0;34m[1784837621.304] [21570:21570] [DL] ChipLinuxStorage::Init: Using KVS config file: /tmp/chip_tool_kvs[0m
[1;31m[1784837621.305] [21570:21570] [DL] ChipLinuxStorage::Init: Attempt to re-initialize with KVS config file: /tmp/chip_kvs, IGNORING.[0m
[0;34m[1784837621.307] [21570:21570] [DL] ChipLinuxStorage::Init: Using KVS config file: /tmp/chip_factory.ini[0m
[0;34m[1784837621.307] [21570:21570] [DL] ChipLinuxStorage::Init: Using KVS config file: /tmp/chip_config.ini[0m
[0;34m[1784837621.307] [21570:21570] [DL] ChipLinuxStorage::Init: Using KVS config file: /tmp/chip_counters.ini[0m
[0;34m[1784837621.310] [21570:21570] [DL] Wrote settings to /tmp/chip_counters.ini[0m
[0;32m[1784837621.310] [21570:21570] [DL] NVS set: chip-counters/reboot-count = 2 (0x2)[0m
[0;32m[1784837621.310] [21570:21570] [DL] Got Ethernet interface: enp0s3[0m
[0;32m[1784837621.310] [21570:21570] [DL] Found the primary Ethernet interface:enp0s3[0m
[1;31m[1784837621.310] [21570:21570] [DL] Failed to get WiFi interface[0m
[1;31m[1784837621.310] [21570:21570] [DL] Failed to reset WiFi statistic counts[0m
[0;32m[1784837621.310] [21570:21570] [PAF] WiFiPAF: WiFiPAFLayer::Init()[0m
[0;34m[1784837621.310] [21570:21570] [IN] UDP::Init bind&listen port=0[0m
[0;34m[1784837621.310] [21570:21570] [IN] UDP::Init bound to port=53445[0m
[0;34m[1784837621.310] [21570:21570] [IN] UDP::Init bind&listen port=0[0m
[0;34m[1784837621.310] [21570:21570] [IN] UDP::Init bound to port=49304[0m
[0;34m[1784837621.310] [21570:21570] [IN] BLEBase::Init - setting/overriding transport[0m
[0;34m[1784837621.310] [21570:21570] [IN] WiFiPAFBase::Init - setting/overriding transport[0m
[0;34m[1784837621.310] [21570:21570] [IN] TransportMgr initialized[0m
[0;34m[1784837621.310] [21570:21570] [FP] Initializing FabricTable from persistent storage[0m
[0;32m[1784837621.310] [21570:21570] [TS] Last Known Good Time: [unknown][0m
[0;32m[1784837621.310] [21570:21570] [TS] Setting Last Known Good Time to firmware build time 2023-10-14T01:16:48[0m
[0;32m[1784837621.311] [21570:21570] [DMG] Ember attribute persistence requires setting up[0m
[0;32m[1784837621.311] [21570:21570] [ZCL] Using ZAP configuration...[0m
[0;34m[1784837621.311] [21570:21570] [CTL] System State Initialized...[0m
[0;32m[1784837621.311] [21570:21570] [CTL] Setting attestation nonce to random value[0m
[0;32m[1784837621.311] [21570:21570] [CTL] Setting CSR nonce to random value[0m
[0;34m[1784837621.312] [21570:21572] [DL] CHIP task running[0m
[0;32m[1784837621.312] [21570:21572] [CTL] Setting attestation nonce to random value[0m
[0;32m[1784837621.312] [21570:21572] [CTL] Setting CSR nonce to random value[0m
[0;32m[1784837621.312] [21570:21572] [CTL] Couldn't get ExampleOpCredsCAKey from storage: src/controller/ExamplePersistentStorage.cpp:112: CHIP Error 0x000000A0: Value not found in the persisted storage[0m
[0;32m[1784837621.312] [21570:21572] [CTL] Couldn't get ExampleOpCredsICAKey from storage: src/controller/ExamplePersistentStorage.cpp:112: CHIP Error 0x000000A0: Value not found in the persisted storage[0m
[0;32m[1784837621.313] [21570:21572] [CTL] Generating RCAC[0m
[0;32m[1784837621.313] [21570:21572] [CTL] Generating ICAC[0m
[0;32m[1784837621.314] [21570:21572] [CTL] Generating NOC[0m
[0;32m[1784837621.314] [21570:21572] [FP] Validating NOC chain[0m
[0;32m[1784837621.314] [21570:21572] [FP] NOC chain validation successful[0m
[0;32m[1784837621.314] [21570:21572] [FP] Added new fabric at index: 0x1[0m
[0;32m[1784837621.314] [21570:21572] [FP] Assigned compressed fabric ID: 0x7776C718AFD9DCEC, node ID: 0x000000000001B669[0m
[0;32m[1784837621.314] [21570:21572] [TS] Last Known Good Time: 2023-10-14T01:16:48[0m
[0;32m[1784837621.314] [21570:21572] [TS] New proposed Last Known Good Time: 2021-01-01T00:00:00[0m
[0;32m[1784837621.314] [21570:21572] [TS] Retaining current Last Known Good Time[0m
[0;32m[1784837621.315] [21570:21572] [FP] Metadata for Fabric 0x1 persisted to storage.[0m
[0;32m[1784837621.316] [21570:21572] [TS] Committing Last Known Good Time to storage: 2023-10-14T01:16:48[0m
[0;32m[1784837621.317] [21570:21572] [CTL] Joined the fabric at index 1. Fabric ID is 0x0000000000000001 (Compressed Fabric ID: 7776C718AFD9DCEC)[0m
[0;32m[1784837621.330] [21570:21572] [TOO] Discovered Device: fe80::bfe:a203:38f0:bce7:5540[0m
[0;34m[1784837621.330] [21570:21572] [IN] SecureSession[0x769610032f30]: Allocated Type:1 LSID:39914[0m
[0;34m[1784837621.330] [21570:21572] [SC] Assigned local session key ID 39914[0m
[0;32m[1784837621.330] [21570:21572] [EM] <<< [E:7000i S:0 M:138618124] (U) Msg TX from 382FCB37747960A6 to 0:0000000000000000 [0000] [UDP:[fe80::bfe:a203:38f0:bce7%enp0s3]:5540] --- Type 0000:20 (SecureChannel:PBKDFParamRequest) (B:98)[0m
[0;32m[1784837621.330] [21570:21572] [EM] ??1 [E:7000i S:0 M:138618124] (U) Msg Retransmission to 0:0000000000000000 scheduled for 406ms from now [State:Active II:500 AI:300 AT:4000][0m
[0;32m[1784837621.330] [21570:21572] [SC] Sent PBKDF param request [II:500ms AI:300ms AT:4000ms)[0m
[0;32m[1784837621.330] [21570:21572] [CTL] Setting attestation nonce to random value[0m
[0;32m[1784837621.330] [21570:21572] [CTL] Setting CSR nonce to random value[0m
[0;32m[1784837621.330] [21570:21572] [CTL] Commission called for node ID 0x0000000000000001[0m
[0;32m[1784837621.331] [21570:21572] [EM] >>> [E:7000i S:0 M:87476015 (Ack:138618124)] (U) Msg RX from 0:0000000000000000 [0000] to 382FCB37747960A6 --- Type 0000:21 (SecureChannel:PBKDFParamResponse) (B:174)[0m
[0;34m[1784837621.331] [21570:21572] [EM] Found matching exchange: 7000i, Delegate: 0x769610033e80[0m
[0;34m[1784837621.331] [21570:21572] [EM] Rxd Ack; Removing MessageCounter:138618124 from Retrans Table on exchange 7000i[0m
[0;34m[1784837621.331] [21570:21572] [SC] Received PBKDF param response[0m
[0;34m[1784837621.331] [21570:21572] [SC] Peer assigned session ID 506[0m
[0;34m[1784837621.331] [21570:21572] [SC] Found MRP parameters in the message[0m
[0;32m[1784837621.332] [21570:21572] [EM] <<< [E:7000i S:0 M:138618125 (Ack:87476015)] (U) Msg TX from 382FCB37747960A6 to 0:0000000000000000 [0000] [UDP:[fe80::bfe:a203:38f0:bce7%enp0s3]:5540] --- Type 0000:22 (SecureChannel:PASE_Pake1) (B:96)[0m
[0;32m[1784837621.332] [21570:21572] [EM] ??1 [E:7000i S:0 M:138618125] (U) Msg Retransmission to 0:0000000000000000 scheduled for 382ms from now [State:Active II:500 AI:300 AT:4000][0m
[0;34m[1784837621.332] [21570:21572] [SC] Sent spake2p msg1[0m
[0;32m[1784837621.333] [21570:21572] [EM] >>> [E:7000i S:0 M:87476016 (Ack:138618125)] (U) Msg RX from 0:0000000000000000 [0000] to 382FCB37747960A6 --- Type 0000:23 (SecureChannel:PASE_Pake2) (B:131)[0m
[0;34m[1784837621.333] [21570:21572] [EM] Found matching exchange: 7000i, Delegate: 0x769610033e80[0m
[0;34m[1784837621.333] [21570:21572] [EM] Rxd Ack; Removing MessageCounter:138618125 from Retrans Table on exchange 7000i[0m
[0;34m[1784837621.333] [21570:21572] [SC] Received spake2p msg2[0m
[0;32m[1784837621.333] [21570:21572] [EM] <<< [E:7000i S:0 M:138618126 (Ack:87476016)] (U) Msg TX from 382FCB37747960A6 to 0:0000000000000000 [0000] [UDP:[fe80::bfe:a203:38f0:bce7%enp0s3]:5540] --- Type 0000:24 (SecureChannel:PASE_Pake3) (B:63)[0m
[0;32m[1784837621.333] [21570:21572] [EM] ??1 [E:7000i S:0 M:138618126] (U) Msg Retransmission to 0:0000000000000000 scheduled for 378ms from now [State:Active II:500 AI:300 AT:4000][0m
[0;34m[1784837621.333] [21570:21572] [SC] Sent spake2p msg3[0m
[0;32m[1784837621.333] [21570:21572] [EM] >>> [E:7000i S:0 M:87476017 (Ack:138618126)] (U) Msg RX from 0:0000000000000000 [0000] to 382FCB37747960A6 --- Type 0000:40 (SecureChannel:StatusReport) (B:34)[0m
[0;34m[1784837621.333] [21570:21572] [EM] Found matching exchange: 7000i, Delegate: 0x769610033e80[0m
[0;34m[1784837621.333] [21570:21572] [EM] Rxd Ack; Removing MessageCounter:138618126 from Retrans Table on exchange 7000i[0m
[0;32m[1784837621.333] [21570:21572] [SC] SecureSession[0x769610032f30, LSID:39914]: State change 'kEstablishing' --> 'kActive'[0m
[0;34m[1784837621.333] [21570:21572] [IN] SecureSession[0x769610032f30]: Activated - Type:1 LSID:39914[0m
[0;34m[1784837621.333] [21570:21572] [IN] New secure session activated for device <FFFFFFFB00000000, 0>, LSID:39914 PSID:506![0m
[0;34m[1784837621.333] [21570:21572] [CTL] Remote device completed SPAKE2+ handshake[0m
[0;32m[1784837621.333] [21570:21572] [TOO] Pairing Success[0m
[0;32m[1784837621.333] [21570:21572] [TOO] PASE establishment successful[0m
[0;32m[1784837621.333] [21570:21572] [CTL] Commissioning stage next step: 'SecurePairing' -> 'ReadCommissioningInfo'[0m
[0;32m[1784837621.333] [21570:21572] [CTL] Performing next commissioning step 'ReadCommissioningInfo'[0m
[0;34m[1784837621.333] [21570:21572] [TOO] Starting commissioning stage 'ReadCommissioningInfo'[0m
[0;32m[1784837621.333] [21570:21572] [CTL] Sending read requests for commissioning information[0m
[0;34m[1784837621.333] [21570:21572] [DMG] SendReadRequest ReadClient[0x769610035210]: Sending Read Request[0m
[0;32m[1784837621.333] [21570:21572] [DMG] 0 data version filters provided, 0 not relevant, 0 encoded, 0 skipped due to lack of space[0m
[0;32m[1784837621.333] [21570:21572] [EM] <<< [E:7001i S:39914 M:107949160] (S) Msg TX from 0000000000000000 to 0:FFFFFFFB00000000 [0000] [UDP:[fe80::bfe:a203:38f0:bce7%enp0s3]:5540] --- Type 0001:02 (IM:ReadRequest) (B:136)[0m
[0;32m[1784837621.333] [21570:21572] [EM] ??1 [E:7001i S:39914 M:107949160] (S) Msg Retransmission to 0:FFFFFFFB00000000 scheduled for 371ms from now [State:Active II:500 AI:300 AT:4000][0m
[0;34m[1784837621.333] [21570:21572] [DMG] MoveToState ReadClient[0x769610035210]: Moving to [AwaitingIn][0m
[0;32m[1784837621.333] [21570:21572] [EM] <<< [E:7000i S:0 M:138618127 (Ack:87476017)] (U) Msg TX from 382FCB37747960A6 to 0:0000000000000000 [0000] [UDP:[fe80::bfe:a203:38f0:bce7%enp0s3]:5540] --- Type 0000:10 (SecureChannel:StandaloneAck) (B:26)[0m
[0;34m[1784837621.333] [21570:21572] [EM] Flushed pending ack for MessageCounter:87476017 on exchange 7000i[0m
[0;32m[1784837621.336] [21570:21572] [EM] >>> [E:7001i S:39914 M:42669767 (Ack:107949160)] (S) Msg RX from 0:FFFFFFFB00000000 [0000] to 0000000000000000 --- Type 0001:05 (IM:ReportData) (B:766)[0m
[0;34m[1784837621.336] [21570:21572] [EM] Found matching exchange: 7001i, Delegate: 0x769610035220[0m
[0;34m[1784837621.336] [21570:21572] [EM] Rxd Ack; Removing MessageCounter:107949160 from Retrans Table on exchange 7001i[0m
[0;34m[1784837621.336] [21570:21572] [DMG] ReportDataMessage =[0m
[0;34m[1784837621.336] [21570:21572] [DMG] {[0m
[0;34m[1784837621.336] [21570:21572] [DMG] 	AttributeReportIBs =[0m
[0;34m[1784837621.336] [21570:21572] [DMG] 	[[0m
[0;34m[1784837621.336] [21570:21572] [DMG] 		AttributeReportIB =[0m
[0;34m[1784837621.336] [21570:21572] [DMG] 		{[0m
[0;34m[1784837621.336] [21570:21572] [DMG] 			AttributeDataIB =[0m
[0;34m[1784837621.336] [21570:21572] [DMG] 			{[0m
[0;34m[1784837621.336] [21570:21572] [DMG] 				DataVersion = 0xda479066,[0m
[0;34m[1784837621.336] [21570:21572] [DMG] 				AttributePathIB =[0m
[0;34m[1784837621.336] [21570:21572] [DMG] 				{[0m
[0;34m[1784837621.336] [21570:21572] [DMG] 					Endpoint = 0x0,[0m
[0;34m[1784837621.336] [21570:21572] [DMG] 					Cluster = 0x38,[0m
[0;34m[1784837621.336] [21570:21572] [DMG] 					Attribute = 0x0000_0000,[0m
[0;34m[1784837621.336] [21570:21572] [DMG] 				}[0m
[0;34m[1784837621.336] [21570:21572] [DMG] 					[0m
[0;34m[1784837621.336] [21570:21572] [DMG] 				Data = 838152821335755 (unsigned), [0m
[0;34m[1784837621.336] [21570:21572] [DMG] 			},[0m
[0;34m[1784837621.336] [21570:21572] [DMG] 			[0m
[0;34m[1784837621.336] [21570:21572] [DMG] 		},[0m
[0;34m[1784837621.336] [21570:21572] [DMG] 		[0m
[0;34m[1784837621.336] [21570:21572] [DMG] 		AttributeReportIB =[0m
[0;34m[1784837621.336] [21570:21572] [DMG] 		{[0m
[0;34m[1784837621.336] [21570:21572] [DMG] 			AttributeDataIB =[0m
[0;34m[1784837621.336] [21570:21572] [DMG] 			{[0m
[0;34m[1784837621.336] [21570:21572] [DMG] 				DataVersion = 0xda479066,[0m
[0;34m[1784837621.336] [21570:21572] [DMG] 				AttributePathIB =[0m
[0;34m[1784837621.336] [21570:21572] [DMG] 				{[0m
[0;34m[1784837621.336] [21570:21572] [DMG] 					Endpoint = 0x0,[0m
[0;34m[1784837621.336] [21570:21572] [DMG] 					Cluster = 0x38,[0m
[0;34m[1784837621.336] [21570:21572] [DMG] 					Attribute = 0x0000_0001,[0m
[0;34m[1784837621.336] [21570:21572] [DMG] 				}[0m
[0;34m[1784837621.336] [21570:21572] [DMG] 					[0m
[0;34m[1784837621.336] [21570:21572] [DMG] 				Data = 3 (unsigned), [0m
[0;34m[1784837621.336] [21570:21572] [DMG] 			},[0m
[0;34m[1784837621.336] [21570:21572] [DMG] 			[0m
[0;34m[1784837621.336] [21570:21572] [DMG] 		},[0m
[0;34m[1784837621.336] [21570:21572] [DMG] 		[0m
[0;34m[1784837621.336] [21570:21572] [DMG] 		AttributeReportIB =[0m
[0;34m[1784837621.336] [21570:21572] [DMG] 		{[0m
[0;34m[1784837621.336] [21570:21572] [DMG] 			AttributeDataIB =[0m
[0;34m[1784837621.336] [21570:21572] [DMG] 			{[0m
[0;34m[1784837621.336] [21570:21572] [DMG] 				DataVersion = 0xda479066,[0m
[0;34m[1784837621.336] [21570:21572] [DMG] 				AttributePathIB =[0m
[0;34m[1784837621.336] [21570:21572] [DMG] 				{[0m
[0;34m[1784837621.336] [21570:21572] [DMG] 					Endpoint = 0x0,[0m
[0;34m[1784837621.336] [21570:21572] [DMG] 					Cluster = 0x38,[0m
[0;34m[1784837621.336] [21570:21572] [DMG] 					Attribute = 0x0000_0002,[0m
[0;34m[1784837621.336] [21570:21572] [DMG] 				}[0m
[0;34m[1784837621.336] [21570:21572] [DMG] 					[0m
[0;34m[1784837621.336] [21570:21572] [DMG] 				Data = 8 (unsigned), [0m
[0;34m[1784837621.336] [21570:21572] [DMG] 			},[0m
[0;34m[1784837621.336] [21570:21572] [DMG] 			[0m
[0;34m[1784837621.336] [21570:21572] [DMG] 		},[0m
[0;34m[1784837621.336] [21570:21572] [DMG] 		[0m
[0;34m[1784837621.336] [21570:21572] [DMG] 		AttributeReportIB =[0m
[0;34m[1784837621.336] [21570:21572] [DMG] 		{[0m
[0;34m[1784837621.336] [21570:21572] [DMG] 			AttributeDataIB =[0m
[0;34m[1784837621.336] [21570:21572] [DMG] 			{[0m
[0;34m[1784837621.336] [21570:21572] [DMG] 				DataVersion = 0xda479066,[0m
[0;34m[1784837621.336] [21570:21572] [DMG] 				AttributePathIB =[0m
[0;34m[1784837621.336] [21570:21572] [DMG] 				{[0m
[0;34m[1784837621.336] [21570:21572] [DMG] 					Endpoint = 0x0,[0m
[0;34m[1784837621.336] [21570:21572] [DMG] 					Cluster = 0x38,[0m
[0;34m[1784837621.336] [21570:21572] [DMG] 					Attribute = 0x0000_0003,[0m
[0;34m[1784837621.336] [21570:21572] [DMG] 				}[0m
[0;34m[1784837621.336] [21570:21572] [DMG] 					[0m
[0;34m[1784837621.336] [21570:21572] [DMG] 				Data = NULL[0m
[0;34m[1784837621.336] [21570:21572] [DMG] 			},[0m
[0;34m[1784837621.336] [21570:21572] [DMG] 			[0m
[0;34m[1784837621.336] [21570:21572] [DMG] 		},[0m
[0;34m[1784837621.336] [21570:21572] [DMG] 		[0m
[0;34m[1784837621.336] [21570:21572] [DMG] 		AttributeReportIB =[0m
[0;34m[1784837621.336] [21570:21572] [DMG] 		{[0m
[0;34m[1784837621.336] [21570:21572] [DMG] 			AttributeDataIB =[0m
[0;34m[1784837621.336] [21570:21572] [DMG] 			{[0m
[0;34m[1784837621.336] [21570:21572] [DMG] 				DataVersion = 0xda479066,[0m
[0;34m[1784837621.336] [21570:21572] [DMG] 				AttributePathIB =[0m
[0;34m[1784837621.336] [21570:21572] [DMG] 				{[0m
[0;34m[1784837621.336] [21570:21572] [DMG] 					Endpoint = 0x0,[0m
[0;34m[1784837621.336] [21570:21572] [DMG] 					Cluster = 0x38,[0m
[0;34m[1784837621.336] [21570:21572] [DMG] 					Attribute = 0x0000_0004,[0m
[0;34m[1784837621.336] [21570:21572] [DMG] 				}[0m
[0;34m[1784837621.336] [21570:21572] [DMG] 					[0m
[0;34m[1784837621.336] [21570:21572] [DMG] 				Data = NULL[0m
[0;34m[1784837621.336] [21570:21572] [DMG] 			},[0m
[0;34m[1784837621.336] [21570:21572] [DMG] 			[0m
[0;34m[1784837621.336] [21570:21572] [DMG] 		},[0m
[0;34m[1784837621.336] [21570:21572] [DMG] 		[0m
[0;34m[1784837621.336] [21570:21572] [DMG] 		AttributeReportIB =[0m
[0;34m[1784837621.336] [21570:21572] [DMG] 		{[0m
[0;34m[1784837621.336] [21570:21572] [DMG] 			AttributeDataIB =[0m
[0;34m[1784837621.336] [21570:21572] [DMG] 			{[0m
[0;34m[1784837621.336] [21570:21572] [DMG] 				DataVersion = 0xda479066,[0m
[0;34m[1784837621.336] [21570:21572] [DMG] 				AttributePathIB =[0m
[0;34m[1784837621.336] [21570:21572] [DMG] 				{[0m
[0;34m[1784837621.336] [21570:21572] [DMG] 					Endpoint = 0x0,[0m
[0;34m[1784837621.336] [21570:21572] [DMG] 					Cluster = 0x38,[0m
[0;34m[1784837621.336] [21570:21572] [DMG] 					Attribute = 0x0000_0005,[0m
[0;34m[1784837621.336] [21570:21572] [DMG] 				}[0m
[0;34m[1784837621.336] [21570:21572] [DMG] 					[0m
[0;34m[1784837621.336] [21570:21572] [DMG] 				Data = [[0m
[0;34m[1784837621.336] [21570:21572] [DMG] 						[0m
[0;34m[1784837621.336] [21570:21572] [DMG] 					{[0m
[0;34m[1784837621.336] [21570:21572] [DMG] 						0x0 = 0 (signed), [0m
[0;34m[1784837621.336] [21570:21572] [DMG] 						0x1 = 0 (unsigned), [0m
[0;34m[1784837621.336] [21570:21572] [DMG] 					},[0m
[0;34m[1784837621.336] [21570:21572] [DMG] 				],[0m
[0;34m[1784837621.336] [21570:21572] [DMG] 			},[0m
[0;34m[1784837621.336] [21570:21572] [DMG] 			[0m
[0;34m[1784837621.336] [21570:21572] [DMG] 		},[0m
[0;34m[1784837621.336] [21570:21572] [DMG] 		[0m
[0;34m[1784837621.336] [21570:21572] [DMG] 		AttributeReportIB =[0m
[0;34m[1784837621.336] [21570:21572] [DMG] 		{[0m
[0;34m[1784837621.336] [21570:21572] [DMG] 			AttributeDataIB =[0m
[0;34m[1784837621.336] [21570:21572] [DMG] 			{[0m
[0;34m[1784837621.336] [21570:21572] [DMG] 				DataVersion = 0xda479066,[0m
[0;34m[1784837621.336] [21570:21572] [DMG] 				AttributePathIB =[0m
[0;34m[1784837621.336] [21570:21572] [DMG] 				{[0m
[0;34m[1784837621.336] [21570:21572] [DMG] 					Endpoint = 0x0,[0m
[0;34m[1784837621.336] [21570:21572] [DMG] 					Cluster = 0x38,[0m
[0;34m[1784837621.336] [21570:21572] [DMG] 					Attribute = 0x0000_0006,[0m
[0;34m[1784837621.336] [21570:21572] [DMG] 				}[0m
[0;34m[1784837621.336] [21570:21572] [DMG] 					[0m
[0;34m[1784837621.336] [21570:21572] [DMG] 				Data = [[0m
[0;34m[1784837621.336] [21570:21572] [DMG] 						[0m
[0;34m[1784837621.336] [21570:21572] [DMG] 				],[0m
[0;34m[1784837621.336] [21570:21572] [DMG] 			},[0m
[0;34m[1784837621.336] [21570:21572] [DMG] 			[0m
[0;34m[1784837621.336] [21570:21572] [DMG] 		},[0m
[0;34m[1784837621.336] [21570:21572] [DMG] 		[0m
[0;34m[1784837621.336] [21570:21572] [DMG] 		AttributeReportIB =[0m
[0;34m[1784837621.336] [21570:21572] [DMG] 		{[0m
[0;34m[1784837621.336] [21570:21572] [DMG] 			AttributeDataIB =[0m
[0;34m[1784837621.336] [21570:21572] [DMG] 			{[0m
[0;34m[1784837621.336] [21570:21572] [DMG] 				DataVersion = 0xda479066,[0m
[0;34m[1784837621.336] [21570:21572] [DMG] 				AttributePathIB =[0m
[0;34m[1784837621.336] [21570:21572] [DMG] 				{[0m
[0;34m[1784837621.336] [21570:21572] [DMG] 					Endpoint = 0x0,[0m
[0;34m[1784837621.336] [21570:21572] [DMG] 					Cluster = 0x38,[0m
[0;34m[1784837621.336] [21570:21572] [DMG] 					Attribute = 0x0000_0007,[0m
[0;34m[1784837621.336] [21570:21572] [DMG] 				}[0m
[0;34m[1784837621.336] [21570:21572] [DMG] 					[0m
[0;34m[1784837621.336] [21570:21572] [DMG] 				Data = NULL[0m
[0;34m[1784837621.336] [21570:21572] [DMG] 			},[0m
[0;34m[1784837621.336] [21570:21572] [DMG] 			[0m
[0;34m[1784837621.336] [21570:21572] [DMG] 		},[0m
[0;34m[1784837621.336] [21570:21572] [DMG] 		[0m
[0;34m[1784837621.336] [21570:21572] [DMG] 		AttributeReportIB =[0m
[0;34m[1784837621.336] [21570:21572] [DMG] 		{[0m
[0;34m[1784837621.336] [21570:21572] [DMG] 			AttributeDataIB =[0m
[0;34m[1784837621.336] [21570:21572] [DMG] 			{[0m
[0;34m[1784837621.336] [21570:21572] [DMG] 				DataVersion = 0xda479066,[0m
[0;34m[1784837621.336] [21570:21572] [DMG] 				AttributePathIB =[0m
[0;34m[1784837621.336] [21570:21572] [DMG] 				{[0m
[0;34m[1784837621.336] [21570:21572] [DMG] 					Endpoint = 0x0,[0m
[0;34m[1784837621.336] [21570:21572] [DMG] 					Cluster = 0x38,[0m
[0;34m[1784837621.336] [21570:21572] [DMG] 					Attribute = 0x0000_0008,[0m
[0;34m[1784837621.336] [21570:21572] [DMG] 				}[0m
[0;34m[1784837621.336] [21570:21572] [DMG] 					[0m
[0;34m[1784837621.336] [21570:21572] [DMG] 				Data = 0 (unsigned), [0m
[0;34m[1784837621.336] [21570:21572] [DMG] 			},[0m
[0;34m[1784837621.336] [21570:21572] [DMG] 			[0m
[0;34m[1784837621.336] [21570:21572] [DMG] 		},[0m
[0;34m[1784837621.336] [21570:21572] [DMG] 		[0m
[0;34m[1784837621.336] [21570:21572] [DMG] 		AttributeReportIB =[0m
[0;34m[1784837621.336] [21570:21572] [DMG] 		{[0m
[0;34m[1784837621.336] [21570:21572] [DMG] 			AttributeDataIB =[0m
[0;34m[1784837621.336] [21570:21572] [DMG] 			{[0m
[0;34m[1784837621.336] [21570:21572] [DMG] 				DataVersion = 0xda479066,[0m
[0;34m[1784837621.336] [21570:21572] [DMG] 				AttributePathIB =[0m
[0;34m[1784837621.336] [21570:21572] [DMG] 				{[0m
[0;34m[1784837621.336] [21570:21572] [DMG] 					Endpoint = 0x0,[0m
[0;34m[1784837621.336] [21570:21572] [DMG] 					Cluster = 0x38,[0m
[0;34m[1784837621.336] [21570:21572] [DMG] 					Attribute = 0x0000_000A,[0m
[0;34m[1784837621.336] [21570:21572] [DMG] 				}[0m
[0;34m[1784837621.336] [21570:21572] [DMG] 					[0m
[0;34m[1784837621.336] [21570:21572] [DMG] 				Data = 2 (unsigned), [0m
[0;34m[1784837621.336] [21570:21572] [DMG] 			},[0m
[0;34m[1784837621.336] [21570:21572] [DMG] 			[0m
[0;34m[1784837621.336] [21570:21572] [DMG] 		},[0m
[0;34m[1784837621.336] [21570:21572] [DMG] 		[0m
[0;34m[1784837621.336] [21570:21572] [DMG] 		AttributeReportIB =[0m
[0;34m[1784837621.336] [21570:21572] [DMG] 		{[0m
[0;34m[1784837621.336] [21570:21572] [DMG] 			AttributeDataIB =[0m
[0;34m[1784837621.336] [21570:21572] [DMG] 			{[0m
[0;34m[1784837621.336] [21570:21572] [DMG] 				DataVersion = 0xda479066,[0m
[0;34m[1784837621.336] [21570:21572] [DMG] 				AttributePathIB =[0m
[0;34m[1784837621.336] [21570:21572] [DMG] 				{[0m
[0;34m[1784837621.336] [21570:21572] [DMG] 					Endpoint = 0x0,[0m
[0;34m[1784837621.336] [21570:21572] [DMG] 					Cluster = 0x38,[0m
[0;34m[1784837621.336] [21570:21572] [DMG] 					Attribute = 0x0000_000B,[0m
[0;34m[1784837621.336] [21570:21572] [DMG] 				}[0m
[0;34m[1784837621.336] [21570:21572] [DMG] 					[0m
[0;34m[1784837621.336] [21570:21572] [DMG] 				Data = 2 (unsigned), [0m
[0;34m[1784837621.336] [21570:21572] [DMG] 			},[0m
[0;34m[1784837621.336] [21570:21572] [DMG] 			[0m
[0;34m[1784837621.336] [21570:21572] [DMG] 		},[0m
[0;34m[1784837621.336] [21570:21572] [DMG] 		[0m
[0;34m[1784837621.336] [21570:21572] [DMG] 		AttributeReportIB =[0m
[0;34m[1784837621.336] [21570:21572] [DMG] 		{[0m
[0;34m[1784837621.336] [21570:21572] [DMG] 			AttributeDataIB =[0m
[0;34m[1784837621.336] [21570:21572] [DMG] 			{[0m
[0;34m[1784837621.336] [21570:21572] [DMG] 				DataVersion = 0xda479066,[0m
[0;34m[1784837621.336] [21570:21572] [DMG] 				AttributePathIB =[0m
[0;34m[1784837621.336] [21570:21572] [DMG] 				{[0m
[0;34m[1784837621.336] [21570:21572] [DMG] 					Endpoint = 0x0,[0m
[0;34m[1784837621.336] [21570:21572] [DMG] 					Cluster = 0x38,[0m
[0;34m[1784837621.336] [21570:21572] [DMG] 					Attribute = 0x0000_000C,[0m
[0;34m[1784837621.336] [21570:21572] [DMG] 				}[0m
[0;34m[1784837621.336] [21570:21572] [DMG] 					[0m
[0;34m[1784837621.336] [21570:21572] [DMG] 				Data = true, [0m
[0;34m[1784837621.336] [21570:21572] [DMG] 			},[0m
[0;34m[1784837621.336] [21570:21572] [DMG] 			[0m
[0;34m[1784837621.336] [21570:21572] [DMG] 		},[0m
[0;34m[1784837621.336] [21570:21572] [DMG] 		[0m
[0;34m[1784837621.336] [21570:21572] [DMG] 		AttributeReportIB =[0m
[0;34m[1784837621.336] [21570:21572] [DMG] 		{[0m
[0;34m[1784837621.336] [21570:21572] [DMG] 			AttributeDataIB =[0m
[0;34m[1784837621.336] [21570:21572] [DMG] 			{[0m
[0;34m[1784837621.336] [21570:21572] [DMG] 				DataVersion = 0xda479066,[0m
[0;34m[1784837621.336] [21570:21572] [DMG] 				AttributePathIB =[0m
[0;34m[1784837621.336] [21570:21572] [DMG] 				{[0m
[0;34m[1784837621.336] [21570:21572] [DMG] 					Endpoint = 0x0,[0m
[0;34m[1784837621.336] [21570:21572] [DMG] 					Cluster = 0x38,[0m
[0;34m[1784837621.336] [21570:21572] [DMG] 					Attribute = 0x0000_FFFC,[0m
[0;34m[1784837621.336] [21570:21572] [DMG] 				}[0m
[0;34m[1784837621.336] [21570:21572] [DMG] 					[0m
[0;34m[1784837621.336] [21570:21572] [DMG] 				Data = 11 (unsigned), [0m
[0;34m[1784837621.336] [21570:21572] [DMG] 			},[0m
[0;34m[1784837621.336] [21570:21572] [DMG] 			[0m
[0;34m[1784837621.336] [21570:21572] [DMG] 		},[0m
[0;34m[1784837621.336] [21570:21572] [DMG] 		[0m
[0;34m[1784837621.336] [21570:21572] [DMG] 		AttributeReportIB =[0m
[0;34m[1784837621.336] [21570:21572] [DMG] 		{[0m
[0;34m[1784837621.336] [21570:21572] [DMG] 			AttributeDataIB =[0m
[0;34m[1784837621.336] [21570:21572] [DMG] 			{[0m
[0;34m[1784837621.336] [21570:21572] [DMG] 				DataVersion = 0xda479066,[0m
[0;34m[1784837621.336] [21570:21572] [DMG] 				AttributePathIB =[0m
[0;34m[1784837621.336] [21570:21572] [DMG] 				{[0m
[0;34m[1784837621.336] [21570:21572] [DMG] 					Endpoint = 0x0,[0m
[0;34m[1784837621.336] [21570:21572] [DMG] 					Cluster = 0x38,[0m
[0;34m[1784837621.336] [21570:21572] [DMG] 					Attribute = 0x0000_FFFD,[0m
[0;34m[1784837621.336] [21570:21572] [DMG] 				}[0m
[0;34m[1784837621.336] [21570:21572] [DMG] 					[0m
[0;34m[1784837621.336] [21570:21572] [DMG] 				Data = 2 (unsigned), [0m
[0;34m[1784837621.336] [21570:21572] [DMG] 			},[0m
[0;34m[1784837621.336] [21570:21572] [DMG] 			[0m
[0;34m[1784837621.336] [21570:21572] [DMG] 		},[0m
[0;34m[1784837621.336] [21570:21572] [DMG] 		[0m
[0;34m[1784837621.336] [21570:21572] [DMG] 		AttributeReportIB =[0m
[0;34m[1784837621.336] [21570:21572] [DMG] 		{[0m
[0;34m[1784837621.336] [21570:21572] [DMG] 			AttributeDataIB =[0m
[0;34m[1784837621.336] [21570:21572] [DMG] 			{[0m
[0;34m[1784837621.336] [21570:21572] [DMG] 				DataVersion = 0xda479066,[0m
[0;34m[1784837621.336] [21570:21572] [DMG] 				AttributePathIB =[0m
[0;34m[1784837621.336] [21570:21572] [DMG] 				{[0m
[0;34m[1784837621.336] [21570:21572] [DMG] 					Endpoint = 0x0,[0m
[0;34m[1784837621.336] [21570:21572] [DMG] 					Cluster = 0x38,[0m
[0;34m[1784837621.336] [21570:21572] [DMG] 					Attribute = 0x0000_FFF8,[0m
[0;34m[1784837621.336] [21570:21572] [DMG] 				}[0m
[0;34m[1784837621.336] [21570:21572] [DMG] 					[0m
[0;34m[1784837621.336] [21570:21572] [DMG] 				Data = [[0m
[0;34m[1784837621.336] [21570:21572] [DMG] 						3 (unsigned), [0m
[0;34m[1784837621.336] [21570:21572] [DMG] 				],[0m
[0;34m[1784837621.336] [21570:21572] [DMG] 			},[0m
[0;34m[1784837621.336] [21570:21572] [DMG] 			[0m
[0;34m[1784837621.336] [21570:21572] [DMG] 		},[0m
[0;34m[1784837621.336] [21570:21572] [DMG] 		[0m
[0;34m[1784837621.336] [21570:21572] [DMG] 		AttributeReportIB =[0m
[0;34m[1784837621.337] [21570:21572] [DMG] 		{[0m
[0;34m[1784837621.337] [21570:21572] [DMG] 			AttributeDataIB =[0m
[0;34m[1784837621.337] [21570:21572] [DMG] 			{[0m
[0;34m[1784837621.337] [21570:21572] [DMG] 				DataVersion = 0xda479066,[0m
[0;34m[1784837621.337] [21570:21572] [DMG] 				AttributePathIB =[0m
[0;34m[1784837621.337] [21570:21572] [DMG] 				{[0m
[0;34m[1784837621.337] [21570:21572] [DMG] 					Endpoint = 0x0,[0m
[0;34m[1784837621.337] [21570:21572] [DMG] 					Cluster = 0x38,[0m
[0;34m[1784837621.337] [21570:21572] [DMG] 					Attribute = 0x0000_FFF9,[0m
[0;34m[1784837621.337] [21570:21572] [DMG] 				}[0m
[0;34m[1784837621.337] [21570:21572] [DMG] 					[0m
[0;34m[1784837621.337] [21570:21572] [DMG] 				Data = [[0m
[0;34m[1784837621.337] [21570:21572] [DMG] 						0 (unsigned), 1 (unsigned), 2 (unsigned), 4 (unsigned), 5 (unsigned), [0m
[0;34m[1784837621.337] [21570:21572] [DMG] 				],[0m
[0;34m[1784837621.337] [21570:21572] [DMG] 			},[0m
[0;34m[1784837621.337] [21570:21572] [DMG] 			[0m
[0;34m[1784837621.337] [21570:21572] [DMG] 		},[0m
[0;34m[1784837621.337] [21570:21572] [DMG] 		[0m
[0;34m[1784837621.337] [21570:21572] [DMG] 		AttributeReportIB =[0m
[0;34m[1784837621.337] [21570:21572] [DMG] 		{[0m
[0;34m[1784837621.337] [21570:21572] [DMG] 			AttributeDataIB =[0m
[0;34m[1784837621.337] [21570:21572] [DMG] 			{[0m
[0;34m[1784837621.337] [21570:21572] [DMG] 				DataVersion = 0xda479066,[0m
[0;34m[1784837621.337] [21570:21572] [DMG] 				AttributePathIB =[0m
[0;34m[1784837621.337] [21570:21572] [DMG] 				{[0m
[0;34m[1784837621.337] [21570:21572] [DMG] 					Endpoint = 0x0,[0m
[0;34m[1784837621.337] [21570:21572] [DMG] 					Cluster = 0x38,[0m
[0;34m[1784837621.337] [21570:21572] [DMG] 					Attribute = 0x0000_FFFB,[0m
[0;34m[1784837621.337] [21570:21572] [DMG] 				}[0m
[0;34m[1784837621.337] [21570:21572] [DMG] 					[0m
[0;34m[1784837621.337] [21570:21572] [DMG] 				Data = [[0m
[0;34m[1784837621.337] [21570:21572] [DMG] 						0 (unsigned), 1 (unsigned), 2 (unsigned), 3 (unsigned), 4 (unsigned), 5 (unsigned), 6 (unsigned), 7 (unsigned), 8 (unsigned), 10 (unsigned), 11 (unsigned), 12 (unsigned), 65532 (unsigned), 65533 (unsigned), 65528 (unsigned), 65529 (unsigned), 65531 (unsigned), [0m
[0;34m[1784837621.337] [21570:21572] [DMG] 				],[0m
[0;34m[1784837621.337] [21570:21572] [DMG] 			},[0m
[0;34m[1784837621.337] [21570:21572] [DMG] 			[0m
[0;34m[1784837621.337] [21570:21572] [DMG] 		},[0m
[0;34m[1784837621.337] [21570:21572] [DMG] 		[0m
[0;34m[1784837621.337] [21570:21572] [DMG] 		AttributeReportIB =[0m
[0;34m[1784837621.337] [21570:21572] [DMG] 		{[0m
[0;34m[1784837621.337] [21570:21572] [DMG] 			AttributeDataIB =[0m
[0;34m[1784837621.337] [21570:21572] [DMG] 			{[0m
[0;34m[1784837621.337] [21570:21572] [DMG] 				DataVersion = 0x8ef2962f,[0m
[0;34m[1784837621.337] [21570:21572] [DMG] 				AttributePathIB =[0m
[0;34m[1784837621.337] [21570:21572] [DMG] 				{[0m
[0;34m[1784837621.337] [21570:21572] [DMG] 					Endpoint = 0x0,[0m
[0;34m[1784837621.337] [21570:21572] [DMG] 					Cluster = 0x28,[0m
[0;34m[1784837621.337] [21570:21572] [DMG] 					Attribute = 0x0000_0004,[0m
[0;34m[1784837621.337] [21570:21572] [DMG] 				}[0m
[0;34m[1784837621.337] [21570:21572] [DMG] 					[0m
[0;34m[1784837621.337] [21570:21572] [DMG] 				Data = 32769 (unsigned), [0m
[0;34m[1784837621.337] [21570:21572] [DMG] 			},[0m
[0;34m[1784837621.337] [21570:21572] [DMG] 			[0m
[0;34m[1784837621.337] [21570:21572] [DMG] 		},[0m
[0;34m[1784837621.337] [21570:21572] [DMG] 		[0m
[0;34m[1784837621.337] [21570:21572] [DMG] 		AttributeReportIB =[0m
[0;34m[1784837621.337] [21570:21572] [DMG] 		{[0m
[0;34m[1784837621.337] [21570:21572] [DMG] 			AttributeDataIB =[0m
[0;34m[1784837621.337] [21570:21572] [DMG] 			{[0m
[0;34m[1784837621.337] [21570:21572] [DMG] 				DataVersion = 0x8ef2962f,[0m
[0;34m[1784837621.337] [21570:21572] [DMG] 				AttributePathIB =[0m
[0;34m[1784837621.337] [21570:21572] [DMG] 				{[0m
[0;34m[1784837621.337] [21570:21572] [DMG] 					Endpoint = 0x0,[0m
[0;34m[1784837621.337] [21570:21572] [DMG] 					Cluster = 0x28,[0m
[0;34m[1784837621.337] [21570:21572] [DMG] 					Attribute = 0x0000_0002,[0m
[0;34m[1784837621.337] [21570:21572] [DMG] 				}[0m
[0;34m[1784837621.337] [21570:21572] [DMG] 					[0m
[0;34m[1784837621.337] [21570:21572] [DMG] 				Data = 65521 (unsigned), [0m
[0;34m[1784837621.337] [21570:21572] [DMG] 			},[0m
[0;34m[1784837621.337] [21570:21572] [DMG] 			[0m
[0;34m[1784837621.337] [21570:21572] [DMG] 		},[0m
[0;34m[1784837621.337] [21570:21572] [DMG] 		[0m
[0;34m[1784837621.337] [21570:21572] [DMG] 		AttributeReportIB =[0m
[0;34m[1784837621.337] [21570:21572] [DMG] 		{[0m
[0;34m[1784837621.337] [21570:21572] [DMG] 			AttributeStatusIB =[0m
[0;34m[1784837621.337] [21570:21572] [DMG] 			{[0m
[0;34m[1784837621.337] [21570:21572] [DMG] 				AttributePathIB =[0m
[0;34m[1784837621.337] [21570:21572] [DMG] 				{[0m
[0;34m[1784837621.337] [21570:21572] [DMG] 					Endpoint = 0x0,[0m
[0;34m[1784837621.337] [21570:21572] [DMG] 					Cluster = 0x30,[0m
[0;34m[1784837621.337] [21570:21572] [DMG] 					Attribute = 0x0000_000C,[0m
[0;34m[1784837621.337] [21570:21572] [DMG] 				}[0m
[0;34m[1784837621.337] [21570:21572] [DMG] 					[0m
[0;34m[1784837621.337] [21570:21572] [DMG] 				StatusIB =[0m
[0;34m[1784837621.337] [21570:21572] [DMG] 				{[0m
[0;34m[1784837621.337] [21570:21572] [DMG] 					status = 0x86 (UNSUPPORTED_ATTRIBUTE),[0m
[0;34m[1784837621.337] [21570:21572] [DMG] 				},[0m
[0;34m[1784837621.337] [21570:21572] [DMG] 				[0m
[0;34m[1784837621.337] [21570:21572] [DMG] 			},[0m
[0;34m[1784837621.337] [21570:21572] [DMG] 			[0m
[0;34m[1784837621.337] [21570:21572] [DMG] 		},[0m
[0;34m[1784837621.337] [21570:21572] [DMG] 		[0m
[0;34m[1784837621.337] [21570:21572] [DMG] 		AttributeReportIB =[0m
[0;34m[1784837621.337] [21570:21572] [DMG] 		{[0m
[0;34m[1784837621.337] [21570:21572] [DMG] 			AttributeDataIB =[0m
[0;34m[1784837621.337] [21570:21572] [DMG] 			{[0m
[0;34m[1784837621.337] [21570:21572] [DMG] 				DataVersion = 0x21d79656,[0m
[0;34m[1784837621.337] [21570:21572] [DMG] 				AttributePathIB =[0m
[0;34m[1784837621.337] [21570:21572] [DMG] 				{[0m
[0;34m[1784837621.337] [21570:21572] [DMG] 					Endpoint = 0x0,[0m
[0;34m[1784837621.337] [21570:21572] [DMG] 					Cluster = 0x30,[0m
[0;34m[1784837621.337] [21570:21572] [DMG] 					Attribute = 0x0000_0003,[0m
[0;34m[1784837621.337] [21570:21572] [DMG] 				}[0m
[0;34m[1784837621.337] [21570:21572] [DMG] 					[0m
[0;34m[1784837621.337] [21570:21572] [DMG] 				Data = 2 (unsigned), [0m
[0;34m[1784837621.337] [21570:21572] [DMG] 			},[0m
[0;34m[1784837621.337] [21570:21572] [DMG] 			[0m
[0;34m[1784837621.337] [21570:21572] [DMG] 		},[0m
[0;34m[1784837621.337] [21570:21572] [DMG] 		[0m
[0;34m[1784837621.337] [21570:21572] [DMG] 		AttributeReportIB =[0m
[0;34m[1784837621.337] [21570:21572] [DMG] 		{[0m
[0;34m[1784837621.337] [21570:21572] [DMG] 			AttributeDataIB =[0m
[0;34m[1784837621.337] [21570:21572] [DMG] 			{[0m
[0;34m[1784837621.337] [21570:21572] [DMG] 				DataVersion = 0x21d79656,[0m
[0;34m[1784837621.337] [21570:21572] [DMG] 				AttributePathIB =[0m
[0;34m[1784837621.337] [21570:21572] [DMG] 				{[0m
[0;34m[1784837621.337] [21570:21572] [DMG] 					Endpoint = 0x0,[0m
[0;34m[1784837621.337] [21570:21572] [DMG] 					Cluster = 0x30,[0m
[0;34m[1784837621.337] [21570:21572] [DMG] 					Attribute = 0x0000_0002,[0m
[0;34m[1784837621.337] [21570:21572] [DMG] 				}[0m
[0;34m[1784837621.337] [21570:21572] [DMG] 					[0m
[0;34m[1784837621.337] [21570:21572] [DMG] 				Data = 0 (unsigned), [0m
[0;34m[1784837621.337] [21570:21572] [DMG] 			},[0m
[0;34m[1784837621.337] [21570:21572] [DMG] 			[0m
[0;34m[1784837621.337] [21570:21572] [DMG] 		},[0m
[0;34m[1784837621.337] [21570:21572] [DMG] 		[0m
[0;34m[1784837621.337] [21570:21572] [DMG] 		AttributeReportIB =[0m
[0;34m[1784837621.337] [21570:21572] [DMG] 		{[0m
[0;34m[1784837621.337] [21570:21572] [DMG] 			AttributeDataIB =[0m
[0;34m[1784837621.337] [21570:21572] [DMG] 			{[0m
[0;34m[1784837621.337] [21570:21572] [DMG] 				DataVersion = 0x21d79656,[0m
[0;34m[1784837621.337] [21570:21572] [DMG] 				AttributePathIB =[0m
[0;34m[1784837621.337] [21570:21572] [DMG] 				{[0m
[0;34m[1784837621.337] [21570:21572] [DMG] 					Endpoint = 0x0,[0m
[0;34m[1784837621.337] [21570:21572] [DMG] 					Cluster = 0x30,[0m
[0;34m[1784837621.337] [21570:21572] [DMG] 					Attribute = 0x0000_0001,[0m
[0;34m[1784837621.337] [21570:21572] [DMG] 				}[0m
[0;34m[1784837621.337] [21570:21572] [DMG] 					[0m
[0;34m[1784837621.337] [21570:21572] [DMG] 				Data = [0m
[0;34m[1784837621.337] [21570:21572] [DMG] 				{[0m
[0;34m[1784837621.337] [21570:21572] [DMG] 					0x0 = 60 (unsigned), [0m
[0;34m[1784837621.337] [21570:21572] [DMG] 					0x1 = 900 (unsigned), [0m
[0;34m[1784837621.337] [21570:21572] [DMG] 				},[0m
[0;34m[1784837621.337] [21570:21572] [DMG] 			},[0m
[0;34m[1784837621.337] [21570:21572] [DMG] 			[0m
[0;34m[1784837621.337] [21570:21572] [DMG] 		},[0m
[0;34m[1784837621.337] [21570:21572] [DMG] 		[0m
[0;34m[1784837621.337] [21570:21572] [DMG] 		AttributeReportIB =[0m
[0;34m[1784837621.337] [21570:21572] [DMG] 		{[0m
[0;34m[1784837621.337] [21570:21572] [DMG] 			AttributeDataIB =[0m
[0;34m[1784837621.337] [21570:21572] [DMG] 			{[0m
[0;34m[1784837621.337] [21570:21572] [DMG] 				DataVersion = 0x21d79656,[0m
[0;34m[1784837621.337] [21570:21572] [DMG] 				AttributePathIB =[0m
[0;34m[1784837621.337] [21570:21572] [DMG] 				{[0m
[0;34m[1784837621.337] [21570:21572] [DMG] 					Endpoint = 0x0,[0m
[0;34m[1784837621.337] [21570:21572] [DMG] 					Cluster = 0x30,[0m
[0;34m[1784837621.337] [21570:21572] [DMG] 					Attribute = 0x0000_0000,[0m
[0;34m[1784837621.337] [21570:21572] [DMG] 				}[0m
[0;34m[1784837621.337] [21570:21572] [DMG] 					[0m
[0;34m[1784837621.337] [21570:21572] [DMG] 				Data = 0 (unsigned), [0m
[0;34m[1784837621.337] [21570:21572] [DMG] 			},[0m
[0;34m[1784837621.337] [21570:21572] [DMG] 			[0m
[0;34m[1784837621.337] [21570:21572] [DMG] 		},[0m
[0;34m[1784837621.337] [21570:21572] [DMG] 		[0m
[0;34m[1784837621.337] [21570:21572] [DMG] 		AttributeReportIB =[0m
[0;34m[1784837621.337] [21570:21572] [DMG] 		{[0m
[0;34m[1784837621.337] [21570:21572] [DMG] 			AttributeDataIB =[0m
[0;34m[1784837621.337] [21570:21572] [DMG] 			{[0m
[0;34m[1784837621.337] [21570:21572] [DMG] 				DataVersion = 0x21d79656,[0m
[0;34m[1784837621.337] [21570:21572] [DMG] 				AttributePathIB =[0m
[0;34m[1784837621.337] [21570:21572] [DMG] 				{[0m
[0;34m[1784837621.337] [21570:21572] [DMG] 					Endpoint = 0x0,[0m
[0;34m[1784837621.337] [21570:21572] [DMG] 					Cluster = 0x30,[0m
[0;34m[1784837621.337] [21570:21572] [DMG] 					Attribute = 0x0000_0004,[0m
[0;34m[1784837621.337] [21570:21572] [DMG] 				}[0m
[0;34m[1784837621.337] [21570:21572] [DMG] 					[0m
[0;34m[1784837621.337] [21570:21572] [DMG] 				Data = true, [0m
[0;34m[1784837621.337] [21570:21572] [DMG] 			},[0m
[0;34m[1784837621.337] [21570:21572] [DMG] 			[0m
[0;34m[1784837621.337] [21570:21572] [DMG] 		},[0m
[0;34m[1784837621.337] [21570:21572] [DMG] 		[0m
[0;34m[1784837621.337] [21570:21572] [DMG] 	],[0m
[0;34m[1784837621.337] [21570:21572] [DMG] 	[0m
[0;34m[1784837621.337] [21570:21572] [DMG] 	SuppressResponse = true, [0m
[0;34m[1784837621.337] [21570:21572] [DMG] 	InteractionModelRevision = 12[0m
[0;34m[1784837621.337] [21570:21572] [DMG] }[0m
[0;34m[1784837621.337] [21570:21572] [DMG] SendReadRequest ReadClient[0x769610035210]: Sending Read Request[0m
[0;32m[1784837621.337] [21570:21572] [DMG] 0 data version filters provided, 0 not relevant, 0 encoded, 0 skipped due to lack of space[0m
[0;32m[1784837621.337] [21570:21572] [EM] <<< [E:7002i S:39914 M:107949161] (S) Msg TX from 0000000000000000 to 0:FFFFFFFB00000000 [0000] [UDP:[fe80::bfe:a203:38f0:bce7%enp0s3]:5540] --- Type 0001:02 (IM:ReadRequest) (B:112)[0m
[0;32m[1784837621.337] [21570:21572] [EM] ??1 [E:7002i S:39914 M:107949161] (S) Msg Retransmission to 0:FFFFFFFB00000000 scheduled for 383ms from now [State:Active II:500 AI:300 AT:4000][0m
[0;34m[1784837621.337] [21570:21572] [DMG] MoveToState ReadClient[0x769610035210]: Moving to [AwaitingIn][0m
[0;32m[1784837621.337] [21570:21572] [EM] <<< [E:7001i S:39914 M:107949162 (Ack:42669767)] (S) Msg TX from 0000000000000000 to 0:FFFFFFFB00000000 [0000] [UDP:[fe80::bfe:a203:38f0:bce7%enp0s3]:5540] --- Type 0000:10 (SecureChannel:StandaloneAck) (B:34)[0m
[0;34m[1784837621.337] [21570:21572] [EM] Flushed pending ack for MessageCounter:42669767 on exchange 7001i[0m
[0;32m[1784837621.338] [21570:21572] [EM] >>> [E:7002i S:39914 M:42669768 (Ack:107949161)] (S) Msg RX from 0:FFFFFFFB00000000 [0000] to 0000000000000000 --- Type 0001:05 (IM:ReportData) (B:186)[0m
[0;34m[1784837621.338] [21570:21572] [EM] Found matching exchange: 7002i, Delegate: 0x769610035220[0m
[0;34m[1784837621.338] [21570:21572] [EM] Rxd Ack; Removing MessageCounter:107949161 from Retrans Table on exchange 7002i[0m
[0;34m[1784837621.338] [21570:21572] [DMG] ReportDataMessage =[0m
[0;34m[1784837621.338] [21570:21572] [DMG] {[0m
[0;34m[1784837621.338] [21570:21572] [DMG] 	AttributeReportIBs =[0m
[0;34m[1784837621.338] [21570:21572] [DMG] 	[[0m
[0;34m[1784837621.338] [21570:21572] [DMG] 		AttributeReportIB =[0m
[0;34m[1784837621.338] [21570:21572] [DMG] 		{[0m
[0;34m[1784837621.338] [21570:21572] [DMG] 			AttributeStatusIB =[0m
[0;34m[1784837621.338] [21570:21572] [DMG] 			{[0m
[0;34m[1784837621.338] [21570:21572] [DMG] 				AttributePathIB =[0m
[0;34m[1784837621.338] [21570:21572] [DMG] 				{[0m
[0;34m[1784837621.338] [21570:21572] [DMG] 					Endpoint = 0x0,[0m
[0;34m[1784837621.338] [21570:21572] [DMG] 					Cluster = 0x46,[0m
[0;34m[1784837621.338] [21570:21572] [DMG] 					Attribute = 0x0000_0002,[0m
[0;34m[1784837621.338] [21570:21572] [DMG] 				}[0m
[0;34m[1784837621.338] [21570:21572] [DMG] 					[0m
[0;34m[1784837621.338] [21570:21572] [DMG] 				StatusIB =[0m
[0;34m[1784837621.338] [21570:21572] [DMG] 				{[0m
[0;34m[1784837621.338] [21570:21572] [DMG] 					status = 0xc3 (UNSUPPORTED_CLUSTER),[0m
[0;34m[1784837621.338] [21570:21572] [DMG] 				},[0m
[0;34m[1784837621.338] [21570:21572] [DMG] 				[0m
[0;34m[1784837621.338] [21570:21572] [DMG] 			},[0m
[0;34m[1784837621.338] [21570:21572] [DMG] 			[0m
[0;34m[1784837621.338] [21570:21572] [DMG] 		},[0m
[0;34m[1784837621.338] [21570:21572] [DMG] 		[0m
[0;34m[1784837621.338] [21570:21572] [DMG] 		AttributeReportIB =[0m
[0;34m[1784837621.338] [21570:21572] [DMG] 		{[0m
[0;34m[1784837621.338] [21570:21572] [DMG] 			AttributeStatusIB =[0m
[0;34m[1784837621.338] [21570:21572] [DMG] 			{[0m
[0;34m[1784837621.338] [21570:21572] [DMG] 				AttributePathIB =[0m
[0;34m[1784837621.338] [21570:21572] [DMG] 				{[0m
[0;34m[1784837621.338] [21570:21572] [DMG] 					Endpoint = 0x0,[0m
[0;34m[1784837621.338] [21570:21572] [DMG] 					Cluster = 0x46,[0m
[0;34m[1784837621.338] [21570:21572] [DMG] 					Attribute = 0x0000_0001,[0m
[0;34m[1784837621.338] [21570:21572] [DMG] 				}[0m
[0;34m[1784837621.338] [21570:21572] [DMG] 					[0m
[0;34m[1784837621.338] [21570:21572] [DMG] 				StatusIB =[0m
[0;34m[1784837621.338] [21570:21572] [DMG] 				{[0m
[0;34m[1784837621.338] [21570:21572] [DMG] 					status = 0xc3 (UNSUPPORTED_CLUSTER),[0m
[0;34m[1784837621.338] [21570:21572] [DMG] 				},[0m
[0;34m[1784837621.338] [21570:21572] [DMG] 				[0m
[0;34m[1784837621.338] [21570:21572] [DMG] 			},[0m
[0;34m[1784837621.338] [21570:21572] [DMG] 			[0m
[0;34m[1784837621.338] [21570:21572] [DMG] 		},[0m
[0;34m[1784837621.338] [21570:21572] [DMG] 		[0m
[0;34m[1784837621.338] [21570:21572] [DMG] 		AttributeReportIB =[0m
[0;34m[1784837621.338] [21570:21572] [DMG] 		{[0m
[0;34m[1784837621.338] [21570:21572] [DMG] 			AttributeStatusIB =[0m
[0;34m[1784837621.338] [21570:21572] [DMG] 			{[0m
[0;34m[1784837621.338] [21570:21572] [DMG] 				AttributePathIB =[0m
[0;34m[1784837621.338] [21570:21572] [DMG] 				{[0m
[0;34m[1784837621.338] [21570:21572] [DMG] 					Endpoint = 0x0,[0m
[0;34m[1784837621.338] [21570:21572] [DMG] 					Cluster = 0x46,[0m
[0;34m[1784837621.338] [21570:21572] [DMG] 					Attribute = 0x0000_0000,[0m
[0;34m[1784837621.338] [21570:21572] [DMG] 				}[0m
[0;34m[1784837621.338] [21570:21572] [DMG] 					[0m
[0;34m[1784837621.338] [21570:21572] [DMG] 				StatusIB =[0m
[0;34m[1784837621.338] [21570:21572] [DMG] 				{[0m
[0;34m[1784837621.338] [21570:21572] [DMG] 					status = 0xc3 (UNSUPPORTED_CLUSTER),[0m
[0;34m[1784837621.338] [21570:21572] [DMG] 				},[0m
[0;34m[1784837621.338] [21570:21572] [DMG] 				[0m
[0;34m[1784837621.338] [21570:21572] [DMG] 			},[0m
[0;34m[1784837621.338] [21570:21572] [DMG] 			[0m
[0;34m[1784837621.338] [21570:21572] [DMG] 		},[0m
[0;34m[1784837621.338] [21570:21572] [DMG] 		[0m
[0;34m[1784837621.338] [21570:21572] [DMG] 		AttributeReportIB =[0m
[0;34m[1784837621.338] [21570:21572] [DMG] 		{[0m
[0;34m[1784837621.338] [21570:21572] [DMG] 			AttributeStatusIB =[0m
[0;34m[1784837621.338] [21570:21572] [DMG] 			{[0m
[0;34m[1784837621.338] [21570:21572] [DMG] 				AttributePathIB =[0m
[0;34m[1784837621.338] [21570:21572] [DMG] 				{[0m
[0;34m[1784837621.338] [21570:21572] [DMG] 					Endpoint = 0x0,[0m
[0;34m[1784837621.338] [21570:21572] [DMG] 					Cluster = 0x46,[0m
[0;34m[1784837621.338] [21570:21572] [DMG] 					Attribute = 0x0000_0007,[0m
[0;34m[1784837621.338] [21570:21572] [DMG] 				}[0m
[0;34m[1784837621.338] [21570:21572] [DMG] 					[0m
[0;34m[1784837621.338] [21570:21572] [DMG] 				StatusIB =[0m
[0;34m[1784837621.338] [21570:21572] [DMG] 				{[0m
[0;34m[1784837621.338] [21570:21572] [DMG] 					status = 0xc3 (UNSUPPORTED_CLUSTER),[0m
[0;34m[1784837621.338] [21570:21572] [DMG] 				},[0m
[0;34m[1784837621.338] [21570:21572] [DMG] 				[0m
[0;34m[1784837621.338] [21570:21572] [DMG] 			},[0m
[0;34m[1784837621.338] [21570:21572] [DMG] 			[0m
[0;34m[1784837621.338] [21570:21572] [DMG] 		},[0m
[0;34m[1784837621.338] [21570:21572] [DMG] 		[0m
[0;34m[1784837621.338] [21570:21572] [DMG] 		AttributeReportIB =[0m
[0;34m[1784837621.338] [21570:21572] [DMG] 		{[0m
[0;34m[1784837621.338] [21570:21572] [DMG] 			AttributeStatusIB =[0m
[0;34m[1784837621.338] [21570:21572] [DMG] 			{[0m
[0;34m[1784837621.338] [21570:21572] [DMG] 				AttributePathIB =[0m
[0;34m[1784837621.338] [21570:21572] [DMG] 				{[0m
[0;34m[1784837621.338] [21570:21572] [DMG] 					Endpoint = 0x0,[0m
[0;34m[1784837621.338] [21570:21572] [DMG] 					Cluster = 0x46,[0m
[0;34m[1784837621.338] [21570:21572] [DMG] 					Attribute = 0x0000_0006,[0m
[0;34m[1784837621.338] [21570:21572] [DMG] 				}[0m
[0;34m[1784837621.338] [21570:21572] [DMG] 					[0m
[0;34m[1784837621.338] [21570:21572] [DMG] 				StatusIB =[0m
[0;34m[1784837621.338] [21570:21572] [DMG] 				{[0m
[0;34m[1784837621.338] [21570:21572] [DMG] 					status = 0xc3 (UNSUPPORTED_CLUSTER),[0m
[0;34m[1784837621.338] [21570:21572] [DMG] 				},[0m
[0;34m[1784837621.338] [21570:21572] [DMG] 				[0m
[0;34m[1784837621.338] [21570:21572] [DMG] 			},[0m
[0;34m[1784837621.338] [21570:21572] [DMG] 			[0m
[0;34m[1784837621.338] [21570:21572] [DMG] 		},[0m
[0;34m[1784837621.338] [21570:21572] [DMG] 		[0m
[0;34m[1784837621.338] [21570:21572] [DMG] 		AttributeReportIB =[0m
[0;34m[1784837621.338] [21570:21572] [DMG] 		{[0m
[0;34m[1784837621.338] [21570:21572] [DMG] 			AttributeDataIB =[0m
[0;34m[1784837621.338] [21570:21572] [DMG] 			{[0m
[0;34m[1784837621.338] [21570:21572] [DMG] 				DataVersion = 0x126f3b32,[0m
[0;34m[1784837621.338] [21570:21572] [DMG] 				AttributePathIB =[0m
[0;34m[1784837621.338] [21570:21572] [DMG] 				{[0m
[0;34m[1784837621.338] [21570:21572] [DMG] 					Endpoint = 0x0,[0m
[0;34m[1784837621.338] [21570:21572] [DMG] 					Cluster = 0x31,[0m
[0;34m[1784837621.338] [21570:21572] [DMG] 					Attribute = 0x0000_FFFC,[0m
[0;34m[1784837621.338] [21570:21572] [DMG] 				}[0m
[0;34m[1784837621.338] [21570:21572] [DMG] 					[0m
[0;34m[1784837621.338] [21570:21572] [DMG] 				Data = 4 (unsigned), [0m
[0;34m[1784837621.338] [21570:21572] [DMG] 			},[0m
[0;34m[1784837621.338] [21570:21572] [DMG] 			[0m
[0;34m[1784837621.338] [21570:21572] [DMG] 		},[0m
[0;34m[1784837621.338] [21570:21572] [DMG] 		[0m
[0;34m[1784837621.338] [21570:21572] [DMG] 	],[0m
[0;34m[1784837621.338] [21570:21572] [DMG] 	[0m
[0;34m[1784837621.338] [21570:21572] [DMG] 	SuppressResponse = true, [0m
[0;34m[1784837621.338] [21570:21572] [DMG] 	InteractionModelRevision = 12[0m
[0;34m[1784837621.338] [21570:21572] [DMG] }[0m
[1;31m[1784837621.338] [21570:21572] [CTL] Ignoring failure to read IsCommissioningWithoutPower: src/app/ClusterStateCache.cpp:294: CHIP Error 0x000000CA: Interaction Model Error[0m
[0;32m[1784837621.338] [21570:21572] [CTL] NetworkCommissioning Features: has Ethernet. endpointid = 0[0m
[0;32m[1784837621.338] [21570:21572] [SVR] OnReadCommissioningInfo - vendorId=0xFFF1 productId=0x8001[0m
[0;32m[1784837621.338] [21570:21572] [SVR] OnReadCommissioningInfo ICD - IdleModeDuration=0 activeModeDuration=0 activeModeThreshold=0[0m
[0;32m[1784837621.338] [21570:21572] [CTL] Successfully finished commissioning step 'ReadCommissioningInfo'[0m
[0;32m[1784837621.338] [21570:21572] [CTL] Commissioning stage next step: 'ReadCommissioningInfo' -> 'ArmFailSafe'[0m
[0;32m[1784837621.338] [21570:21572] [CTL] Performing next commissioning step 'ArmFailSafe'[0m
[0;34m[1784837621.338] [21570:21572] [TOO] Starting commissioning stage 'ArmFailSafe'[0m
[0;32m[1784837621.338] [21570:21572] [CTL] Arming failsafe (60 seconds)[0m
[0;34m[1784837621.338] [21570:21572] [DMG] ICR moving to [AddingComm][0m
[0;34m[1784837621.338] [21570:21572] [DMG] ICR moving to [AddedComma][0m
[0;32m[1784837621.338] [21570:21572] [EM] <<< [E:7003i S:39914 M:107949163] (S) Msg TX from 0000000000000000 to 0:FFFFFFFB00000000 [0000] [UDP:[fe80::bfe:a203:38f0:bce7%enp0s3]:5540] --- Type 0001:08 (IM:InvokeCommandRequest) (B:65)[0m
[0;32m[1784837621.338] [21570:21572] [EM] ??1 [E:7003i S:39914 M:107949163] (S) Msg Retransmission to 0:FFFFFFFB00000000 scheduled for 391ms from now [State:Active II:500 AI:300 AT:4000][0m
[0;34m[1784837621.338] [21570:21572] [DMG] ICR moving to [AwaitingRe][0m
[0;32m[1784837621.338] [21570:21572] [EM] <<< [E:7002i S:39914 M:107949164 (Ack:42669768)] (S) Msg TX from 0000000000000000 to 0:FFFFFFFB00000000 [0000] [UDP:[fe80::bfe:a203:38f0:bce7%enp0s3]:5540] --- Type 0000:10 (SecureChannel:StandaloneAck) (B:34)[0m
[0;34m[1784837621.338] [21570:21572] [EM] Flushed pending ack for MessageCounter:42669768 on exchange 7002i[0m
[0;32m[1784837621.339] [21570:21572] [EM] >>> [E:7003i S:39914 M:42669769 (Ack:107949163)] (S) Msg RX from 0:FFFFFFFB00000000 [0000] to 0000000000000000 --- Type 0001:09 (IM:InvokeCommandResponse) (B:70)[0m
[0;34m[1784837621.339] [21570:21572] [EM] Found matching exchange: 7003i, Delegate: 0x7696100382d8[0m
[0;34m[1784837621.339] [21570:21572] [EM] Rxd Ack; Removing MessageCounter:107949163 from Retrans Table on exchange 7003i[0m
[0;34m[1784837621.339] [21570:21572] [DMG] ICR moving to [ResponseRe][0m
[0;34m[1784837621.339] [21570:21572] [DMG] InvokeResponseMessage =[0m
[0;34m[1784837621.339] [21570:21572] [DMG] {[0m
[0;34m[1784837621.339] [21570:21572] [DMG] 	suppressResponse = false, [0m
[0;34m[1784837621.339] [21570:21572] [DMG] 	InvokeResponseIBs =[0m
[0;34m[1784837621.339] [21570:21572] [DMG] 	[[0m
[0;34m[1784837621.339] [21570:21572] [DMG] 		InvokeResponseIB =[0m
[0;34m[1784837621.339] [21570:21572] [DMG] 		{[0m
[0;34m[1784837621.339] [21570:21572] [DMG] 			CommandDataIB =[0m
[0;34m[1784837621.339] [21570:21572] [DMG] 			{[0m
[0;34m[1784837621.339] [21570:21572] [DMG] 				CommandPathIB =[0m
[0;34m[1784837621.339] [21570:21572] [DMG] 				{[0m
[0;34m[1784837621.339] [21570:21572] [DMG] 					EndpointId = 0x0,[0m
[0;34m[1784837621.339] [21570:21572] [DMG] 					ClusterId = 0x30,[0m
[0;34m[1784837621.339] [21570:21572] [DMG] 					CommandId = 0x1,[0m
[0;34m[1784837621.339] [21570:21572] [DMG] 				},[0m
[0;34m[1784837621.339] [21570:21572] [DMG] 				[0m
[0;34m[1784837621.339] [21570:21572] [DMG] 				CommandFields = [0m
[0;34m[1784837621.339] [21570:21572] [DMG] 				{[0m
[0;34m[1784837621.339] [21570:21572] [DMG] 					0x0 = 0 (unsigned), [0m
[0;34m[1784837621.339] [21570:21572] [DMG] 					0x1 = "" (0 chars), [0m
[0;34m[1784837621.339] [21570:21572] [DMG] 				},[0m
[0;34m[1784837621.339] [21570:21572] [DMG] 			},[0m
[0;34m[1784837621.339] [21570:21572] [DMG] 			[0m
[0;34m[1784837621.339] [21570:21572] [DMG] 		},[0m
[0;34m[1784837621.339] [21570:21572] [DMG] 		[0m
[0;34m[1784837621.339] [21570:21572] [DMG] 	],[0m
[0;34m[1784837621.339] [21570:21572] [DMG] 	[0m
[0;34m[1784837621.339] [21570:21572] [DMG] 	InteractionModelRevision = 12[0m
[0;34m[1784837621.339] [21570:21572] [DMG] },[0m
[0;32m[1784837621.339] [21570:21572] [DMG] Received Command Response Data, Endpoint=0 Cluster=0x0000_0030 Command=0x0000_0001[0m
[0;32m[1784837621.339] [21570:21572] [CTL] Received ArmFailSafe response errorCode=0[0m
[0;32m[1784837621.339] [21570:21572] [CTL] Successfully finished commissioning step 'ArmFailSafe'[0m
[0;32m[1784837621.339] [21570:21572] [CTL] Commissioning stage next step: 'ArmFailSafe' -> 'ConfigRegulatory'[0m
[0;32m[1784837621.339] [21570:21572] [CTL] Performing next commissioning step 'ConfigRegulatory'[0m
[0;34m[1784837621.339] [21570:21572] [TOO] Starting commissioning stage 'ConfigRegulatory'[0m
[0;32m[1784837621.339] [21570:21572] [CTL] Setting Regulatory Config[0m
[0;32m[1784837621.339] [21570:21572] [CTL] No regulatory config supplied by controller, leaving as device default (0)[0m
[0;34m[1784837621.339] [21570:21572] [DMG] ICR moving to [AddingComm][0m
[0;34m[1784837621.339] [21570:21572] [DMG] ICR moving to [AddedComma][0m
[0;32m[1784837621.339] [21570:21572] [EM] <<< [E:7004i S:39914 M:107949165] (S) Msg TX from 0000000000000000 to 0:FFFFFFFB00000000 [0000] [UDP:[fe80::bfe:a203:38f0:bce7%enp0s3]:5540] --- Type 0001:08 (IM:InvokeCommandRequest) (B:70)[0m
[0;32m[1784837621.339] [21570:21572] [EM] ??1 [E:7004i S:39914 M:107949165] (S) Msg Retransmission to 0:FFFFFFFB00000000 scheduled for 395ms from now [State:Active II:500 AI:300 AT:4000][0m
[0;34m[1784837621.339] [21570:21572] [DMG] ICR moving to [AwaitingRe][0m
[0;34m[1784837621.339] [21570:21572] [DMG] ICR moving to [AwaitingDe][0m
[0;32m[1784837621.339] [21570:21572] [EM] <<< [E:7003i S:39914 M:107949166 (Ack:42669769)] (S) Msg TX from 0000000000000000 to 0:FFFFFFFB00000000 [0000] [UDP:[fe80::bfe:a203:38f0:bce7%enp0s3]:5540] --- Type 0000:10 (SecureChannel:StandaloneAck) (B:34)[0m
[0;34m[1784837621.339] [21570:21572] [EM] Flushed pending ack for MessageCounter:42669769 on exchange 7003i[0m
[0;32m[1784837621.344] [21570:21572] [EM] >>> [E:7004i S:39914 M:42669770 (Ack:107949165)] (S) Msg RX from 0:FFFFFFFB00000000 [0000] to 0000000000000000 --- Type 0001:09 (IM:InvokeCommandResponse) (B:70)[0m
[0;34m[1784837621.344] [21570:21572] [EM] Found matching exchange: 7004i, Delegate: 0x769610035088[0m
[0;34m[1784837621.344] [21570:21572] [EM] Rxd Ack; Removing MessageCounter:107949165 from Retrans Table on exchange 7004i[0m
[0;34m[1784837621.344] [21570:21572] [DMG] ICR moving to [ResponseRe][0m
[0;34m[1784837621.344] [21570:21572] [DMG] InvokeResponseMessage =[0m
[0;34m[1784837621.344] [21570:21572] [DMG] {[0m
[0;34m[1784837621.344] [21570:21572] [DMG] 	suppressResponse = false, [0m
[0;34m[1784837621.344] [21570:21572] [DMG] 	InvokeResponseIBs =[0m
[0;34m[1784837621.344] [21570:21572] [DMG] 	[[0m
[0;34m[1784837621.344] [21570:21572] [DMG] 		InvokeResponseIB =[0m
[0;34m[1784837621.344] [21570:21572] [DMG] 		{[0m
[0;34m[1784837621.344] [21570:21572] [DMG] 			CommandDataIB =[0m
[0;34m[1784837621.344] [21570:21572] [DMG] 			{[0m
[0;34m[1784837621.344] [21570:21572] [DMG] 				CommandPathIB =[0m
[0;34m[1784837621.344] [21570:21572] [DMG] 				{[0m
[0;34m[1784837621.344] [21570:21572] [DMG] 					EndpointId = 0x0,[0m
[0;34m[1784837621.344] [21570:21572] [DMG] 					ClusterId = 0x30,[0m
[0;34m[1784837621.344] [21570:21572] [DMG] 					CommandId = 0x3,[0m
[0;34m[1784837621.344] [21570:21572] [DMG] 				},[0m
[0;34m[1784837621.344] [21570:21572] [DMG] 				[0m
[0;34m[1784837621.344] [21570:21572] [DMG] 				CommandFields = [0m
[0;34m[1784837621.344] [21570:21572] [DMG] 				{[0m
[0;34m[1784837621.344] [21570:21572] [DMG] 					0x0 = 0 (unsigned), [0m
[0;34m[1784837621.344] [21570:21572] [DMG] 					0x1 = "" (0 chars), [0m
[0;34m[1784837621.344] [21570:21572] [DMG] 				},[0m
[0;34m[1784837621.344] [21570:21572] [DMG] 			},[0m
[0;34m[1784837621.344] [21570:21572] [DMG] 			[0m
[0;34m[1784837621.344] [21570:21572] [DMG] 		},[0m
[0;34m[1784837621.344] [21570:21572] [DMG] 		[0m
[0;34m[1784837621.344] [21570:21572] [DMG] 	],[0m
[0;34m[1784837621.344] [21570:21572] [DMG] 	[0m
[0;34m[1784837621.344] [21570:21572] [DMG] 	InteractionModelRevision = 12[0m
[0;34m[1784837621.344] [21570:21572] [DMG] },[0m
[0;32m[1784837621.344] [21570:21572] [DMG] Received Command Response Data, Endpoint=0 Cluster=0x0000_0030 Command=0x0000_0003[0m
[0;32m[1784837621.344] [21570:21572] [CTL] Received SetRegulatoryConfig response errorCode=0[0m
[0;32m[1784837621.344] [21570:21572] [CTL] Successfully finished commissioning step 'ConfigRegulatory'[0m
[0;32m[1784837621.344] [21570:21572] [CTL] Commissioning stage next step: 'ConfigRegulatory' -> 'ConfigureTCAcknowledgments'[0m
[0;32m[1784837621.344] [21570:21572] [CTL] Performing next commissioning step 'ConfigureTCAcknowledgments'[0m
[0;34m[1784837621.344] [21570:21572] [TOO] Starting commissioning stage 'ConfigureTCAcknowledgments'[0m
[0;32m[1784837621.344] [21570:21572] [CTL] Setting Terms and Conditions[0m
[0;32m[1784837621.344] [21570:21572] [CTL] Setting Terms and Conditions: Skipped[0m
[0;32m[1784837621.344] [21570:21572] [CTL] Successfully finished commissioning step 'ConfigureTCAcknowledgments'[0m
[0;32m[1784837621.344] [21570:21572] [CTL] Commissioning stage next step: 'ConfigureTCAcknowledgments' -> 'ConfigureUTCTime'[0m
[0;32m[1784837621.344] [21570:21572] [CTL] Performing next commissioning step 'ConfigureUTCTime'[0m
[0;34m[1784837621.344] [21570:21572] [TOO] Starting commissioning stage 'ConfigureUTCTime'[0m
[0;34m[1784837621.344] [21570:21572] [DMG] ICR moving to [AddingComm][0m
[0;34m[1784837621.344] [21570:21572] [DMG] ICR moving to [AddedComma][0m
[0;32m[1784837621.344] [21570:21572] [EM] <<< [E:7005i S:39914 M:107949167] (S) Msg TX from 0000000000000000 to 0:FFFFFFFB00000000 [0000] [UDP:[fe80::bfe:a203:38f0:bce7%enp0s3]:5540] --- Type 0001:08 (IM:InvokeCommandRequest) (B:72)[0m
[0;32m[1784837621.344] [21570:21572] [EM] ??1 [E:7005i S:39914 M:107949167] (S) Msg Retransmission to 0:FFFFFFFB00000000 scheduled for 400ms from now [State:Active II:500 AI:300 AT:4000][0m
[0;34m[1784837621.344] [21570:21572] [DMG] ICR moving to [AwaitingRe][0m
[0;34m[1784837621.344] [21570:21572] [DMG] ICR moving to [AwaitingDe][0m
[0;32m[1784837621.344] [21570:21572] [EM] <<< [E:7004i S:39914 M:107949168 (Ack:42669770)] (S) Msg TX from 0000000000000000 to 0:FFFFFFFB00000000 [0000] [UDP:[fe80::bfe:a203:38f0:bce7%enp0s3]:5540] --- Type 0000:10 (SecureChannel:StandaloneAck) (B:34)[0m
[0;34m[1784837621.344] [21570:21572] [EM] Flushed pending ack for MessageCounter:42669770 on exchange 7004i[0m
[0;32m[1784837621.345] [21570:21572] [EM] >>> [E:7005i S:39914 M:42669771 (Ack:107949167)] (S) Msg RX from 0:FFFFFFFB00000000 [0000] to 0000000000000000 --- Type 0001:09 (IM:InvokeCommandResponse) (B:70)[0m
[0;34m[1784837621.345] [21570:21572] [EM] Found matching exchange: 7005i, Delegate: 0x7696100382d8[0m
[0;34m[1784837621.345] [21570:21572] [EM] Rxd Ack; Removing MessageCounter:107949167 from Retrans Table on exchange 7005i[0m
[0;34m[1784837621.345] [21570:21572] [DMG] ICR moving to [ResponseRe][0m
[0;34m[1784837621.345] [21570:21572] [DMG] InvokeResponseMessage =[0m
[0;34m[1784837621.345] [21570:21572] [DMG] {[0m
[0;34m[1784837621.345] [21570:21572] [DMG] 	suppressResponse = false, [0m
[0;34m[1784837621.345] [21570:21572] [DMG] 	InvokeResponseIBs =[0m
[0;34m[1784837621.345] [21570:21572] [DMG] 	[[0m
[0;34m[1784837621.345] [21570:21572] [DMG] 		InvokeResponseIB =[0m
[0;34m[1784837621.345] [21570:21572] [DMG] 		{[0m
[0;34m[1784837621.345] [21570:21572] [DMG] 			CommandStatusIB =[0m
[0;34m[1784837621.345] [21570:21572] [DMG] 			{[0m
[0;34m[1784837621.345] [21570:21572] [DMG] 				CommandPathIB =[0m
[0;34m[1784837621.345] [21570:21572] [DMG] 				{[0m
[0;34m[1784837621.345] [21570:21572] [DMG] 					EndpointId = 0x0,[0m
[0;34m[1784837621.345] [21570:21572] [DMG] 					ClusterId = 0x38,[0m
[0;34m[1784837621.345] [21570:21572] [DMG] 					CommandId = 0x0,[0m
[0;34m[1784837621.345] [21570:21572] [DMG] 				},[0m
[0;34m[1784837621.345] [21570:21572] [DMG] 				[0m
[0;34m[1784837621.345] [21570:21572] [DMG] 				StatusIB =[0m
[0;34m[1784837621.345] [21570:21572] [DMG] 				{[0m
[0;34m[1784837621.345] [21570:21572] [DMG] 					status = 0x01 (FAILURE),[0m
[0;34m[1784837621.345] [21570:21572] [DMG] 					cluster-status = 0x2,[0m
[0;34m[1784837621.345] [21570:21572] [DMG] 				},[0m
[0;34m[1784837621.345] [21570:21572] [DMG] 				[0m
[0;34m[1784837621.345] [21570:21572] [DMG] 			},[0m
[0;34m[1784837621.345] [21570:21572] [DMG] 			[0m
[0;34m[1784837621.345] [21570:21572] [DMG] 		},[0m
[0;34m[1784837621.345] [21570:21572] [DMG] 		[0m
[0;34m[1784837621.345] [21570:21572] [DMG] 	],[0m
[0;34m[1784837621.345] [21570:21572] [DMG] 	[0m
[0;34m[1784837621.345] [21570:21572] [DMG] 	InteractionModelRevision = 12[0m
[0;34m[1784837621.345] [21570:21572] [DMG] },[0m
[0;32m[1784837621.345] [21570:21572] [DMG] Received Command Response Status for Endpoint=0 Cluster=0x0000_0038 Command=0x0000_0000 Status=0x1[0m
[0;32m[1784837621.345] [21570:21572] [CTL] Successfully finished commissioning step 'ConfigureUTCTime'[0m
[0;32m[1784837621.345] [21570:21572] [CTL] Commissioning stage next step: 'ConfigureUTCTime' -> 'SendPAICertificateRequest'[0m
[0;32m[1784837621.345] [21570:21572] [CTL] Performing next commissioning step 'SendPAICertificateRequest'[0m
[0;34m[1784837621.345] [21570:21572] [TOO] Starting commissioning stage 'SendPAICertificateRequest'[0m
[0;32m[1784837621.345] [21570:21572] [CTL] Sending request for PAI certificate[0m
[0;34m[1784837621.345] [21570:21572] [CTL] Sending Certificate Chain request to 0x769610033e20 device[0m
[0;34m[1784837621.345] [21570:21572] [DMG] ICR moving to [AddingComm][0m
[0;34m[1784837621.345] [21570:21572] [DMG] ICR moving to [AddedComma][0m
[0;32m[1784837621.345] [21570:21572] [EM] <<< [E:7006i S:39914 M:107949169] (S) Msg TX from 0000000000000000 to 0:FFFFFFFB00000000 [0000] [UDP:[fe80::bfe:a203:38f0:bce7%enp0s3]:5540] --- Type 0001:08 (IM:InvokeCommandRequest) (B:62)[0m
[0;32m[1784837621.345] [21570:21572] [EM] ??1 [E:7006i S:39914 M:107949169] (S) Msg Retransmission to 0:FFFFFFFB00000000 scheduled for 368ms from now [State:Active II:500 AI:300 AT:4000][0m
[0;34m[1784837621.345] [21570:21572] [DMG] ICR moving to [AwaitingRe][0m
[0;34m[1784837621.345] [21570:21572] [DMG] ICR moving to [AwaitingDe][0m
[0;32m[1784837621.345] [21570:21572] [EM] <<< [E:7005i S:39914 M:107949170 (Ack:42669771)] (S) Msg TX from 0000000000000000 to 0:FFFFFFFB00000000 [0000] [UDP:[fe80::bfe:a203:38f0:bce7%enp0s3]:5540] --- Type 0000:10 (SecureChannel:StandaloneAck) (B:34)[0m
[0;34m[1784837621.345] [21570:21572] [EM] Flushed pending ack for MessageCounter:42669771 on exchange 7005i[0m
[0;32m[1784837621.345] [21570:21572] [EM] >>> [E:7006i S:39914 M:42669772 (Ack:107949169)] (S) Msg RX from 0:FFFFFFFB00000000 [0000] to 0000000000000000 --- Type 0001:09 (IM:InvokeCommandResponse) (B:531)[0m
[0;34m[1784837621.345] [21570:21572] [EM] Found matching exchange: 7006i, Delegate: 0x769610035088[0m
[0;34m[1784837621.345] [21570:21572] [EM] Rxd Ack; Removing MessageCounter:107949169 from Retrans Table on exchange 7006i[0m
[0;34m[1784837621.345] [21570:21572] [DMG] ICR moving to [ResponseRe][0m
[0;34m[1784837621.345] [21570:21572] [DMG] InvokeResponseMessage =[0m
[0;34m[1784837621.345] [21570:21572] [DMG] {[0m
[0;34m[1784837621.345] [21570:21572] [DMG] 	suppressResponse = false, [0m
[0;34m[1784837621.345] [21570:21572] [DMG] 	InvokeResponseIBs =[0m
[0;34m[1784837621.345] [21570:21572] [DMG] 	[[0m
[0;34m[1784837621.345] [21570:21572] [DMG] 		InvokeResponseIB =[0m
[0;34m[1784837621.345] [21570:21572] [DMG] 		{[0m
[0;34m[1784837621.345] [21570:21572] [DMG] 			CommandDataIB =[0m
[0;34m[1784837621.345] [21570:21572] [DMG] 			{[0m
[0;34m[1784837621.345] [21570:21572] [DMG] 				CommandPathIB =[0m
[0;34m[1784837621.345] [21570:21572] [DMG] 				{[0m
[0;34m[1784837621.345] [21570:21572] [DMG] 					EndpointId = 0x0,[0m
[0;34m[1784837621.345] [21570:21572] [DMG] 					ClusterId = 0x3e,[0m
[0;34m[1784837621.345] [21570:21572] [DMG] 					CommandId = 0x3,[0m
[0;34m[1784837621.345] [21570:21572] [DMG] 				},[0m
[0;34m[1784837621.345] [21570:21572] [DMG] 				[0m
[0;34m[1784837621.345] [21570:21572] [DMG] 				CommandFields = [0m
[0;34m[1784837621.345] [21570:21572] [DMG] 				{[0m
[0;34m[1784837621.345] [21570:21572] [DMG] 					0x0 = [[0m
[0;34m[1784837621.345] [21570:21572] [DMG] 							0x30, 0x82, 0x01, 0xcb, 0x30, 0x82, 0x01, 0x71, 0xa0, 0x03, 0x02, 0x01, 0x02, 0x02, 0x08, 0x56, 0xad, 0x82, 0x22, 0xad, 0x94, 0x5b, 0x64, 0x30, 0x0a, 0x06, 0x08, 0x2a, 0x86, 0x48, 0xce, 0x3d, 0x04, 0x03, 0x02, 0x30, 0x30, 0x31, 0x18, 0x30, 0x16, 0x06, 0x03, 0x55, 0x04, 0x03, 0x0c, 0x0f, 0x4d, 0x61, 0x74, 0x74, 0x65, 0x72, 0x20, 0x54, 0x65, 0x73, 0x74, 0x20, 0x50, 0x41, 0x41, 0x31, 0x14, 0x30, 0x12, 0x06, 0x0a, 0x2b, 0x06, 0x01, 0x04, 0x01, 0x82, 0xa2, 0x7c, 0x02, 0x01, 0x0c, 0x04, 0x46, 0x46, 0x46, 0x31, 0x30, 0x20, 0x17, 0x0d, 0x32, 0x32, 0x30, 0x32, 0x30, 0x35, 0x30, 0x30, 0x30, 0x30, 0x30, 0x30, 0x5a, 0x18, 0x0f, 0x39, 0x39, 0x39, 0x39, 0x31, 0x32, 0x33, 0x31, 0x32, 0x33, 0x35, 0x39, 0x35, 0x39, 0x5a, 0x30, 0x3d, 0x31, 0x25, 0x30, 0x23, 0x06, 0x03, 0x55, 0x04, 0x03, 0x0c, 0x1c, 0x4d, 0x61, 0x74, 0x74, 0x65, 0x72, 0x20, 0x44, 0x65, 0x76, 0x20, 0x50, 0x41, 0x49, 0x20, 0x30, 0x78, 0x46, 0x46, 0x46, 0x31, 0x20, 0x6e, 0x6f, 0x20, 0x50, 0x49, 0x44, 0x31, 0x14, 0x30, 0x12, 0x06, 0x0a, 0x2b, 0x06, 0x01, 0x04, 0x01, 0x82, 0xa2, 0x7c, 0x02, 0x01, 0x0c, 0x04, 0x46, 0x46, 0x46, 0x31, 0x30, 0x59, 0x30, 0x13, 0x06, 0x07, 0x2a, 0x86, 0x48, 0xce, 0x3d, 0x02, 0x01, 0x06, 0x08, 0x2a, 0x86, 0x48, 0xce, 0x3d, 0x03, 0x01, 0x07, 0x03, 0x42, 0x00, 0x04, 0x41, 0x9a, 0x93, 0x15, 0xc2, 0x17, 0x3e, 0x0c, 0x8c, 0x87, 0x6d, 0x03, 0xcc, 0xfc, 0x94, 0x48, 0x52, 0x64, 0x7f, 0x7f, 0xec, 0x5e, 0x50, 0x82, 0xf4, 0x05, 0x99, 0x28, 0xec, 0xa8, 0x94, 0xc5, 0x94, 0x15, 0x13, 0x09, 0xac, 0x63, 0x1e, 0x4c, 0xb0, 0x33, 0x92, 0xaf, 0x68, 0x4b, 0x0b, 0xaf, 0xb7, 0xe6, 0x5b, 0x3b, 0x81, 0x62, 0xc2, 0xf5, 0x2b, 0xf9, 0x31, 0xb8, 0xe7, 0x7a, 0xaa, 0x82, 0xa3, 0x66, 0x30, 0x64, 0x30, 0x12, 0x06, 0x03, 0x55, 0x1d, 0x[0m
[0;34m[1784837621.345] [21570:21572] [DMG] 					] (463 bytes)[0m
[0;34m[1784837621.345] [21570:21572] [DMG] 				},[0m
[0;34m[1784837621.345] [21570:21572] [DMG] 			},[0m
[0;34m[1784837621.345] [21570:21572] [DMG] 			[0m
[0;34m[1784837621.345] [21570:21572] [DMG] 		},[0m
[0;34m[1784837621.345] [21570:21572] [DMG] 		[0m
[0;34m[1784837621.345] [21570:21572] [DMG] 	],[0m
[0;34m[1784837621.345] [21570:21572] [DMG] 	[0m
[0;34m[1784837621.345] [21570:21572] [DMG] 	InteractionModelRevision = 12[0m
[0;34m[1784837621.345] [21570:21572] [DMG] },[0m
[0;32m[1784837621.345] [21570:21572] [DMG] Received Command Response Data, Endpoint=0 Cluster=0x0000_003E Command=0x0000_0003[0m
[0;32m[1784837621.345] [21570:21572] [CTL] Received certificate chain from the device[0m
[0;32m[1784837621.345] [21570:21572] [CTL] Successfully finished commissioning step 'SendPAICertificateRequest'[0m
[0;32m[1784837621.345] [21570:21572] [CTL] Commissioning stage next step: 'SendPAICertificateRequest' -> 'SendDACCertificateRequest'[0m
[0;32m[1784837621.345] [21570:21572] [CTL] Performing next commissioning step 'SendDACCertificateRequest'[0m
[0;34m[1784837621.345] [21570:21572] [TOO] Starting commissioning stage 'SendDACCertificateRequest'[0m
[0;32m[1784837621.345] [21570:21572] [CTL] Sending request for DAC certificate[0m
[0;34m[1784837621.345] [21570:21572] [CTL] Sending Certificate Chain request to 0x769610033e20 device[0m
[0;34m[1784837621.345] [21570:21572] [DMG] ICR moving to [AddingComm][0m
[0;34m[1784837621.345] [21570:21572] [DMG] ICR moving to [AddedComma][0m
[0;32m[1784837621.345] [21570:21572] [EM] <<< [E:7007i S:39914 M:107949171] (S) Msg TX from 0000000000000000 to 0:FFFFFFFB00000000 [0000] [UDP:[fe80::bfe:a203:38f0:bce7%enp0s3]:5540] --- Type 0001:08 (IM:InvokeCommandRequest) (B:62)[0m
[0;32m[1784837621.345] [21570:21572] [EM] ??1 [E:7007i S:39914 M:107949171] (S) Msg Retransmission to 0:FFFFFFFB00000000 scheduled for 352ms from now [State:Active II:500 AI:300 AT:4000][0m
[0;34m[1784837621.345] [21570:21572] [DMG] ICR moving to [AwaitingRe][0m
[0;34m[1784837621.345] [21570:21572] [DMG] ICR moving to [AwaitingDe][0m
[0;32m[1784837621.345] [21570:21572] [EM] <<< [E:7006i S:39914 M:107949172 (Ack:42669772)] (S) Msg TX from 0000000000000000 to 0:FFFFFFFB00000000 [0000] [UDP:[fe80::bfe:a203:38f0:bce7%enp0s3]:5540] --- Type 0000:10 (SecureChannel:StandaloneAck) (B:34)[0m
[0;34m[1784837621.345] [21570:21572] [EM] Flushed pending ack for MessageCounter:42669772 on exchange 7006i[0m
[0;32m[1784837621.346] [21570:21572] [EM] >>> [E:7007i S:39914 M:42669773 (Ack:107949171)] (S) Msg RX from 0:FFFFFFFB00000000 [0000] to 0000000000000000 --- Type 0001:09 (IM:InvokeCommandResponse) (B:559)[0m
[0;34m[1784837621.346] [21570:21572] [EM] Found matching exchange: 7007i, Delegate: 0x7696100382d8[0m
[0;34m[1784837621.346] [21570:21572] [EM] Rxd Ack; Removing MessageCounter:107949171 from Retrans Table on exchange 7007i[0m
[0;34m[1784837621.346] [21570:21572] [DMG] ICR moving to [ResponseRe][0m
[0;34m[1784837621.346] [21570:21572] [DMG] InvokeResponseMessage =[0m
[0;34m[1784837621.346] [21570:21572] [DMG] {[0m
[0;34m[1784837621.346] [21570:21572] [DMG] 	suppressResponse = false, [0m
[0;34m[1784837621.346] [21570:21572] [DMG] 	InvokeResponseIBs =[0m
[0;34m[1784837621.346] [21570:21572] [DMG] 	[[0m
[0;34m[1784837621.346] [21570:21572] [DMG] 		InvokeResponseIB =[0m
[0;34m[1784837621.346] [21570:21572] [DMG] 		{[0m
[0;34m[1784837621.346] [21570:21572] [DMG] 			CommandDataIB =[0m
[0;34m[1784837621.346] [21570:21572] [DMG] 			{[0m
[0;34m[1784837621.346] [21570:21572] [DMG] 				CommandPathIB =[0m
[0;34m[1784837621.346] [21570:21572] [DMG] 				{[0m
[0;34m[1784837621.346] [21570:21572] [DMG] 					EndpointId = 0x0,[0m
[0;34m[1784837621.346] [21570:21572] [DMG] 					ClusterId = 0x3e,[0m
[0;34m[1784837621.346] [21570:21572] [DMG] 					CommandId = 0x3,[0m
[0;34m[1784837621.346] [21570:21572] [DMG] 				},[0m
[0;34m[1784837621.346] [21570:21572] [DMG] 				[0m
[0;34m[1784837621.346] [21570:21572] [DMG] 				CommandFields = [0m
[0;34m[1784837621.346] [21570:21572] [DMG] 				{[0m
[0;34m[1784837621.346] [21570:21572] [DMG] 					0x0 = [[0m
[0;34m[1784837621.346] [21570:21572] [DMG] 							0x30, 0x82, 0x01, 0xe7, 0x30, 0x82, 0x01, 0x8e, 0xa0, 0x03, 0x02, 0x01, 0x02, 0x02, 0x08, 0x69, 0xcd, 0xf1, 0x0d, 0xe9, 0xe5, 0x4e, 0xd1, 0x30, 0x0a, 0x06, 0x08, 0x2a, 0x86, 0x48, 0xce, 0x3d, 0x04, 0x03, 0x02, 0x30, 0x3d, 0x31, 0x25, 0x30, 0x23, 0x06, 0x03, 0x55, 0x04, 0x03, 0x0c, 0x1c, 0x4d, 0x61, 0x74, 0x74, 0x65, 0x72, 0x20, 0x44, 0x65, 0x76, 0x20, 0x50, 0x41, 0x49, 0x20, 0x30, 0x78, 0x46, 0x46, 0x46, 0x31, 0x20, 0x6e, 0x6f, 0x20, 0x50, 0x49, 0x44, 0x31, 0x14, 0x30, 0x12, 0x06, 0x0a, 0x2b, 0x06, 0x01, 0x04, 0x01, 0x82, 0xa2, 0x7c, 0x02, 0x01, 0x0c, 0x04, 0x46, 0x46, 0x46, 0x31, 0x30, 0x20, 0x17, 0x0d, 0x32, 0x32, 0x30, 0x32, 0x30, 0x35, 0x30, 0x30, 0x30, 0x30, 0x30, 0x30, 0x5a, 0x18, 0x0f, 0x39, 0x39, 0x39, 0x39, 0x31, 0x32, 0x33, 0x31, 0x32, 0x33, 0x35, 0x39, 0x35, 0x39, 0x5a, 0x30, 0x53, 0x31, 0x25, 0x30, 0x23, 0x06, 0x03, 0x55, 0x04, 0x03, 0x0c, 0x1c, 0x4d, 0x61, 0x74, 0x74, 0x65, 0x72, 0x20, 0x44, 0x65, 0x76, 0x20, 0x44, 0x41, 0x43, 0x20, 0x30, 0x78, 0x46, 0x46, 0x46, 0x31, 0x2f, 0x30, 0x78, 0x38, 0x30, 0x30, 0x31, 0x31, 0x14, 0x30, 0x12, 0x06, 0x0a, 0x2b, 0x06, 0x01, 0x04, 0x01, 0x82, 0xa2, 0x7c, 0x02, 0x01, 0x0c, 0x04, 0x46, 0x46, 0x46, 0x31, 0x31, 0x14, 0x30, 0x12, 0x06, 0x0a, 0x2b, 0x06, 0x01, 0x04, 0x01, 0x82, 0xa2, 0x7c, 0x02, 0x02, 0x0c, 0x04, 0x38, 0x30, 0x30, 0x31, 0x30, 0x59, 0x30, 0x13, 0x06, 0x07, 0x2a, 0x86, 0x48, 0xce, 0x3d, 0x02, 0x01, 0x06, 0x08, 0x2a, 0x86, 0x48, 0xce, 0x3d, 0x03, 0x01, 0x07, 0x03, 0x42, 0x00, 0x04, 0x46, 0x3a, 0xc6, 0x93, 0x42, 0x91, 0x0a, 0x0e, 0x55, 0x88, 0xfc, 0x6f, 0xf5, 0x6b, 0xb6, 0x3e, 0x62, 0xec, 0xce, 0xcb, 0x14, 0x8f, 0x7d, 0x4e, 0xb0, 0x3e, 0xe5, 0x52, 0x60, 0x14, 0x15, 0x76, 0x7d, 0x16, 0xa5, 0xc6, 0x63, 0xf7, 0x93, 0x[0m
[0;34m[1784837621.346] [21570:21572] [DMG] 					] (491 bytes)[0m
[0;34m[1784837621.346] [21570:21572] [DMG] 				},[0m
[0;34m[1784837621.346] [21570:21572] [DMG] 			},[0m
[0;34m[1784837621.346] [21570:21572] [DMG] 			[0m
[0;34m[1784837621.346] [21570:21572] [DMG] 		},[0m
[0;34m[1784837621.346] [21570:21572] [DMG] 		[0m
[0;34m[1784837621.346] [21570:21572] [DMG] 	],[0m
[0;34m[1784837621.346] [21570:21572] [DMG] 	[0m
[0;34m[1784837621.346] [21570:21572] [DMG] 	InteractionModelRevision = 12[0m
[0;34m[1784837621.346] [21570:21572] [DMG] },[0m
[0;32m[1784837621.346] [21570:21572] [DMG] Received Command Response Data, Endpoint=0 Cluster=0x0000_003E Command=0x0000_0003[0m
[0;32m[1784837621.346] [21570:21572] [CTL] Received certificate chain from the device[0m
[0;32m[1784837621.346] [21570:21572] [CTL] Successfully finished commissioning step 'SendDACCertificateRequest'[0m
[0;32m[1784837621.346] [21570:21572] [CTL] Commissioning stage next step: 'SendDACCertificateRequest' -> 'SendAttestationRequest'[0m
[0;32m[1784837621.346] [21570:21572] [CTL] Performing next commissioning step 'SendAttestationRequest'[0m
[0;34m[1784837621.346] [21570:21572] [TOO] Starting commissioning stage 'SendAttestationRequest'[0m
[0;32m[1784837621.346] [21570:21572] [CTL] Sending Attestation Request to the device.[0m
[0;34m[1784837621.346] [21570:21572] [CTL] Sending Attestation request to 0x769610033e20 device[0m
[0;34m[1784837621.346] [21570:21572] [DMG] ICR moving to [AddingComm][0m
[0;34m[1784837621.346] [21570:21572] [DMG] ICR moving to [AddedComma][0m
[0;32m[1784837621.346] [21570:21572] [EM] <<< [E:7008i S:39914 M:107949173] (S) Msg TX from 0000000000000000 to 0:FFFFFFFB00000000 [0000] [UDP:[fe80::bfe:a203:38f0:bce7%enp0s3]:5540] --- Type 0001:08 (IM:InvokeCommandRequest) (B:94)[0m
[0;32m[1784837621.346] [21570:21572] [EM] ??1 [E:7008i S:39914 M:107949173] (S) Msg Retransmission to 0:FFFFFFFB00000000 scheduled for 371ms from now [State:Active II:500 AI:300 AT:4000][0m
[0;34m[1784837621.346] [21570:21572] [DMG] ICR moving to [AwaitingRe][0m
[0;34m[1784837621.346] [21570:21572] [CTL] Sent Attestation request, waiting for the Attestation Information[0m
[0;34m[1784837621.346] [21570:21572] [DMG] ICR moving to [AwaitingDe][0m
[0;32m[1784837621.346] [21570:21572] [EM] <<< [E:7007i S:39914 M:107949174 (Ack:42669773)] (S) Msg TX from 0000000000000000 to 0:FFFFFFFB00000000 [0000] [UDP:[fe80::bfe:a203:38f0:bce7%enp0s3]:5540] --- Type 0000:10 (SecureChannel:StandaloneAck) (B:34)[0m
[0;34m[1784837621.346] [21570:21572] [EM] Flushed pending ack for MessageCounter:42669773 on exchange 7007i[0m
[0;32m[1784837621.346] [21570:21572] [EM] >>> [E:7008i S:39914 M:42669774 (Ack:107949173)] (S) Msg RX from 0:FFFFFFFB00000000 [0000] to 0000000000000000 --- Type 0001:09 (IM:InvokeCommandResponse) (B:718)[0m
[0;34m[1784837621.346] [21570:21572] [EM] Found matching exchange: 7008i, Delegate: 0x769610035088[0m
[0;34m[1784837621.346] [21570:21572] [EM] Rxd Ack; Removing MessageCounter:107949173 from Retrans Table on exchange 7008i[0m
[0;34m[1784837621.346] [21570:21572] [DMG] ICR moving to [ResponseRe][0m
[0;34m[1784837621.346] [21570:21572] [DMG] InvokeResponseMessage =[0m
[0;34m[1784837621.346] [21570:21572] [DMG] {[0m
[0;34m[1784837621.346] [21570:21572] [DMG] 	suppressResponse = false, [0m
[0;34m[1784837621.346] [21570:21572] [DMG] 	InvokeResponseIBs =[0m
[0;34m[1784837621.346] [21570:21572] [DMG] 	[[0m
[0;34m[1784837621.346] [21570:21572] [DMG] 		InvokeResponseIB =[0m
[0;34m[1784837621.346] [21570:21572] [DMG] 		{[0m
[0;34m[1784837621.346] [21570:21572] [DMG] 			CommandDataIB =[0m
[0;34m[1784837621.346] [21570:21572] [DMG] 			{[0m
[0;34m[1784837621.346] [21570:21572] [DMG] 				CommandPathIB =[0m
[0;34m[1784837621.346] [21570:21572] [DMG] 				{[0m
[0;34m[1784837621.346] [21570:21572] [DMG] 					EndpointId = 0x0,[0m
[0;34m[1784837621.346] [21570:21572] [DMG] 					ClusterId = 0x3e,[0m
[0;34m[1784837621.346] [21570:21572] [DMG] 					CommandId = 0x1,[0m
[0;34m[1784837621.346] [21570:21572] [DMG] 				},[0m
[0;34m[1784837621.346] [21570:21572] [DMG] 				[0m
[0;34m[1784837621.346] [21570:21572] [DMG] 				CommandFields = [0m
[0;34m[1784837621.346] [21570:21572] [DMG] 				{[0m
[0;34m[1784837621.346] [21570:21572] [DMG] 					0x0 = [[0m
[0;34m[1784837621.346] [21570:21572] [DMG] 							0x15, 0x31, 0x01, 0x1b, 0x02, 0x30, 0x82, 0x02, 0x17, 0x06, 0x09, 0x2a, 0x86, 0x48, 0x86, 0xf7, 0x0d, 0x01, 0x07, 0x02, 0xa0, 0x82, 0x02, 0x08, 0x30, 0x82, 0x02, 0x04, 0x02, 0x01, 0x03, 0x31, 0x0d, 0x30, 0x0b, 0x06, 0x09, 0x60, 0x86, 0x48, 0x01, 0x65, 0x03, 0x04, 0x02, 0x01, 0x30, 0x82, 0x01, 0x70, 0x06, 0x09, 0x2a, 0x86, 0x48, 0x86, 0xf7, 0x0d, 0x01, 0x07, 0x01, 0xa0, 0x82, 0x01, 0x61, 0x04, 0x82, 0x01, 0x5d, 0x15, 0x24, 0x00, 0x01, 0x25, 0x01, 0xf1, 0xff, 0x36, 0x02, 0x05, 0x00, 0x80, 0x05, 0x01, 0x80, 0x05, 0x02, 0x80, 0x05, 0x03, 0x80, 0x05, 0x04, 0x80, 0x05, 0x05, 0x80, 0x05, 0x06, 0x80, 0x05, 0x07, 0x80, 0x05, 0x08, 0x80, 0x05, 0x09, 0x80, 0x05, 0x0a, 0x80, 0x05, 0x0b, 0x80, 0x05, 0x0c, 0x80, 0x05, 0x0d, 0x80, 0x05, 0x0e, 0x80, 0x05, 0x0f, 0x80, 0x05, 0x10, 0x80, 0x05, 0x11, 0x80, 0x05, 0x12, 0x80, 0x05, 0x13, 0x80, 0x05, 0x14, 0x80, 0x05, 0x15, 0x80, 0x05, 0x16, 0x80, 0x05, 0x17, 0x80, 0x05, 0x18, 0x80, 0x05, 0x19, 0x80, 0x05, 0x1a, 0x80, 0x05, 0x1b, 0x80, 0x05, 0x1c, 0x80, 0x05, 0x1d, 0x80, 0x05, 0x1e, 0x80, 0x05, 0x1f, 0x80, 0x05, 0x20, 0x80, 0x05, 0x21, 0x80, 0x05, 0x22, 0x80, 0x05, 0x23, 0x80, 0x05, 0x24, 0x80, 0x05, 0x25, 0x80, 0x05, 0x26, 0x80, 0x05, 0x27, 0x80, 0x05, 0x28, 0x80, 0x05, 0x29, 0x80, 0x05, 0x2a, 0x80, 0x05, 0x2b, 0x80, 0x05, 0x2c, 0x80, 0x05, 0x2d, 0x80, 0x05, 0x2e, 0x80, 0x05, 0x2f, 0x80, 0x05, 0x30, 0x80, 0x05, 0x31, 0x80, 0x05, 0x32, 0x80, 0x05, 0x33, 0x80, 0x05, 0x34, 0x80, 0x05, 0x35, 0x80, 0x05, 0x36, 0x80, 0x05, 0x37, 0x80, 0x05, 0x38, 0x80, 0x05, 0x39, 0x80, 0x05, 0x3a, 0x80, 0x05, 0x3b, 0x80, 0x05, 0x3c, 0x80, 0x05, 0x3d, 0x80, 0x05, 0x3e, 0x80, 0x05, 0x3f, 0x80, 0x05, 0x40, 0x80, 0x05, 0x41, 0x80, 0x05, 0x42, 0x80, 0x05, 0x43, 0x80, 0x[0m
[0;34m[1784837621.346] [21570:21572] [DMG] 					] (583 bytes)[0m
[0;34m[1784837621.346] [21570:21572] [DMG] 					0x1 = [[0m
[0;34m[1784837621.346] [21570:21572] [DMG] 							0x09, 0xe9, 0x65, 0xab, 0x52, 0xd6, 0x7a, 0x67, 0xa7, 0x65, 0x53, 0x52, 0x06, 0xf6, 0x31, 0xe0, 0xa9, 0xe4, 0x5a, 0xee, 0x74, 0x2e, 0x8e, 0x72, 0x0f, 0x8b, 0x17, 0x7c, 0x4f, 0xb2, 0x6e, 0x36, 0x8b, 0x3e, 0xf0, 0x08, 0xe2, 0xfe, 0x92, 0x5b, 0x4c, 0x1e, 0x8f, 0xb3, 0xf3, 0xd1, 0x22, 0xa3, 0x9f, 0x5e, 0xa4, 0x79, 0x4a, 0xb2, 0x63, 0x14, 0x0a, 0x44, 0x4a, 0x89, 0x92, 0xbd, 0x9e, 0xe6, [0m
[0;34m[1784837621.346] [21570:21572] [DMG] 					] (64 bytes)[0m
[0;34m[1784837621.346] [21570:21572] [DMG] 				},[0m
[0;34m[1784837621.346] [21570:21572] [DMG] 			},[0m
[0;34m[1784837621.346] [21570:21572] [DMG] 			[0m
[0;34m[1784837621.346] [21570:21572] [DMG] 		},[0m
[0;34m[1784837621.346] [21570:21572] [DMG] 		[0m
[0;34m[1784837621.346] [21570:21572] [DMG] 	],[0m
[0;34m[1784837621.346] [21570:21572] [DMG] 	[0m
[0;34m[1784837621.346] [21570:21572] [DMG] 	InteractionModelRevision = 12[0m
[0;34m[1784837621.346] [21570:21572] [DMG] },[0m
[0;32m[1784837621.346] [21570:21572] [DMG] Received Command Response Data, Endpoint=0 Cluster=0x0000_003E Command=0x0000_0001[0m
[0;32m[1784837621.346] [21570:21572] [CTL] Received Attestation Information from the device[0m
[0;32m[1784837621.346] [21570:21572] [CTL] Successfully finished commissioning step 'SendAttestationRequest'[0m
[0;34m[1784837621.346] [21570:21572] [CTL] AutoCommissioner setting attestationElements buffer size 583/583[0m
[0;32m[1784837621.346] [21570:21572] [CTL] Commissioning stage next step: 'SendAttestationRequest' -> 'AttestationVerification'[0m
[0;32m[1784837621.346] [21570:21572] [CTL] Performing next commissioning step 'AttestationVerification'[0m
[0;34m[1784837621.346] [21570:21572] [TOO] Starting commissioning stage 'AttestationVerification'[0m
[0;32m[1784837621.346] [21570:21572] [CTL] Verifying Device Attestation information received from the device[0m
[0;32m[1784837621.349] [21570:21572] [-] Device candidate DAC chain details:[0m
[0;32m[1784837621.349] [21570:21572] [-] --> DAC's VID: 0xFFF1, PID: 0x8001[0m
[0;32m[1784837621.349] [21570:21572] [-] ==== DAC certificate considered (491 bytes) ====[0m
[0;32m[1784837621.349] [21570:21572] [-] -----BEGIN CERTIFICATE-----[0m
[0;32m[1784837621.349] [21570:21572] [-] MIIB5zCCAY6gAwIBAgIIac3xDenlTtEwCgYIKoZIzj0EAwIwPTElMCMGA1UEAwwc[0m
[0;32m[1784837621.349] [21570:21572] [-] TWF0dGVyIERldiBQQUkgMHhGRkYxIG5vIFBJRDEUMBIGCisGAQQBgqJ8AgEMBEZG[0m
[0;32m[1784837621.349] [21570:21572] [-] RjEwIBcNMjIwMjA1MDAwMDAwWhgPOTk5OTEyMzEyMzU5NTlaMFMxJTAjBgNVBAMM[0m
[0;32m[1784837621.349] [21570:21572] [-] HE1hdHRlciBEZXYgREFDIDB4RkZGMS8weDgwMDExFDASBgorBgEEAYKifAIBDARG[0m
[0;32m[1784837621.349] [21570:21572] [-] RkYxMRQwEgYKKwYBBAGConwCAgwEODAwMTBZMBMGByqGSM49AgEGCCqGSM49AwEH[0m
[0;32m[1784837621.349] [21570:21572] [-] A0IABEY6xpNCkQoOVYj8b/Vrtj5i7M7LFI99TrA+5VJgFBV2fRalxmP3k+SRIyYL[0m
[0;32m[1784837621.349] [21570:21572] [-] gpenzX58/HsxaznZjpDSk3dzjoKjYDBeMAwGA1UdEwEB/wQCMAAwDgYDVR0PAQH/[0m
[0;32m[1784837621.349] [21570:21572] [-] BAQDAgeAMB0GA1UdDgQWBBSI3eezADgpMs/3NMBGJIEPRBaKbzAfBgNVHSMEGDAW[0m
[0;32m[1784837621.349] [21570:21572] [-] gBRjVA5H9kscONE4hKRi0WwZXY/7PDAKBggqhkjOPQQDAgNHADBEAiABJ6J7S0Rh[0m
[0;32m[1784837621.349] [21570:21572] [-] DuL83E0reIVWNmC8D3bxchntagjfsrPBzQIga1ngr0Xz6yqFuRnTVzFSjGAoxBUj[0m
[0;32m[1784837621.349] [21570:21572] [-] lUXhCOTlTnCXE1M=[0m
[0;32m[1784837621.349] [21570:21572] [-] -----END CERTIFICATE-----[0m
[0;32m[1784837621.349] [21570:21572] [-] --> DAC certificate SKID: 88:DD:E7:B3:00:38:29:32:CF:F7:34:C0:46:24:81:0F:44:16:8A:6F[0m
[0;32m[1784837621.350] [21570:21572] [-] --> DAC certificate AKID: 63:54:0E:47:F6:4B:1C:38:D1:38:84:A4:62:D1:6C:19:5D:8F:FB:3C[0m
[0;32m[1784837621.350] [21570:21572] [-] ==== PAI certificate considered (463 bytes) ====[0m
[0;32m[1784837621.350] [21570:21572] [-] -----BEGIN CERTIFICATE-----[0m
[0;32m[1784837621.350] [21570:21572] [-] MIIByzCCAXGgAwIBAgIIVq2CIq2UW2QwCgYIKoZIzj0EAwIwMDEYMBYGA1UEAwwP[0m
[0;32m[1784837621.350] [21570:21572] [-] TWF0dGVyIFRlc3QgUEFBMRQwEgYKKwYBBAGConwCAQwERkZGMTAgFw0yMjAyMDUw[0m
[0;32m[1784837621.350] [21570:21572] [-] MDAwMDBaGA85OTk5MTIzMTIzNTk1OVowPTElMCMGA1UEAwwcTWF0dGVyIERldiBQ[0m
[0;32m[1784837621.350] [21570:21572] [-] QUkgMHhGRkYxIG5vIFBJRDEUMBIGCisGAQQBgqJ8AgEMBEZGRjEwWTATBgcqhkjO[0m
[0;32m[1784837621.350] [21570:21572] [-] PQIBBggqhkjOPQMBBwNCAARBmpMVwhc+DIyHbQPM/JRIUmR/f+xeUIL0BZko7KiU[0m
[0;32m[1784837621.350] [21570:21572] [-] xZQVEwmsYx5MsDOSr2hLC6+35ls7gWLC9Sv5MbjneqqCo2YwZDASBgNVHRMBAf8E[0m
[0;32m[1784837621.350] [21570:21572] [-] CDAGAQH/AgEAMA4GA1UdDwEB/wQEAwIBBjAdBgNVHQ4EFgQUY1QOR/ZLHDjROISk[0m
[0;32m[1784837621.350] [21570:21572] [-] YtFsGV2P+zwwHwYDVR0jBBgwFoAUav0idx9RH+y/FkGXZxDc3DGhcX4wCgYIKoZI[0m
[0;32m[1784837621.350] [21570:21572] [-] zj0EAwIDSAAwRQIhALLvJ/Sa6bUPuR7qyUxNC9u415KcbLiPrOUpNo0SBUwMAiBl[0m
[0;32m[1784837621.350] [21570:21572] [-] Xckrhr2QmIKmxiF3uCXX0F7b58Ivn+pxIg5+pwP4kQ==[0m
[0;32m[1784837621.350] [21570:21572] [-] -----END CERTIFICATE-----[0m
[0;32m[1784837621.350] [21570:21572] [-] --> PAI certificate SKID: 63:54:0E:47:F6:4B:1C:38:D1:38:84:A4:62:D1:6C:19:5D:8F:FB:3C[0m
[0;32m[1784837621.350] [21570:21572] [-] --> PAI certificate AKID: 6A:FD:22:77:1F:51:1F:EC:BF:16:41:97:67:10:DC:DC:31:A1:71:7E[0m
[0;32m[1784837621.351] [21570:21572] [-] ==== PAA certificate considered (449 bytes) ====[0m
[0;32m[1784837621.351] [21570:21572] [-] -----BEGIN CERTIFICATE-----[0m
[0;32m[1784837621.351] [21570:21572] [-] MIIBvTCCAWSgAwIBAgIITqjoMYLUHBwwCgYIKoZIzj0EAwIwMDEYMBYGA1UEAwwP[0m
[0;32m[1784837621.351] [21570:21572] [-] TWF0dGVyIFRlc3QgUEFBMRQwEgYKKwYBBAGConwCAQwERkZGMTAgFw0yMTA2Mjgx[0m
[0;32m[1784837621.351] [21570:21572] [-] NDIzNDNaGA85OTk5MTIzMTIzNTk1OVowMDEYMBYGA1UEAwwPTWF0dGVyIFRlc3Qg[0m
[0;32m[1784837621.351] [21570:21572] [-] UEFBMRQwEgYKKwYBBAGConwCAQwERkZGMTBZMBMGByqGSM49AgEGCCqGSM49AwEH[0m
[0;32m[1784837621.351] [21570:21572] [-] A0IABLbLY3KIfyko9brIGqnZOuJDHK2p154kL2UXfvnO2TKijs0Duq9qj8oYShpQ[0m
[0;32m[1784837621.351] [21570:21572] [-] NUKWDUU/MD8fGUIddR6Pjxqam3WjZjBkMBIGA1UdEwEB/wQIMAYBAf8CAQEwDgYD[0m
[0;32m[1784837621.351] [21570:21572] [-] VR0PAQH/BAQDAgEGMB0GA1UdDgQWBBRq/SJ3H1Ef7L8WQZdnENzcMaFxfjAfBgNV[0m
[0;32m[1784837621.351] [21570:21572] [-] HSMEGDAWgBRq/SJ3H1Ef7L8WQZdnENzcMaFxfjAKBggqhkjOPQQDAgNHADBEAiBQ[0m
[0;32m[1784837621.351] [21570:21572] [-] qoAC9NkyqaAFOPZTaK0P/8jvu8m+t9pWmDXPmqdRDgIgI7rI/g8j51RFtlM5CBpH[0m
[0;32m[1784837621.351] [21570:21572] [-] mUkpxyqvChVI1A0DTVFLJd4=[0m
[0;32m[1784837621.351] [21570:21572] [-] -----END CERTIFICATE-----[0m
[0;32m[1784837621.352] [21570:21572] [-] --> PAA certificate SKID: 6A:FD:22:77:1F:51:1F:EC:BF:16:41:97:67:10:DC:DC:31:A1:71:7E[0m
[0;32m[1784837621.352] [21570:21572] [-] --> PAA certificate AKID: 6A:FD:22:77:1F:51:1F:EC:BF:16:41:97:67:10:DC:DC:31:A1:71:7E[0m
[0;32m[1784837621.353] [21570:21572] [-] CD signing key identifier: FE:34:3F:95:99:47:76:3B:61:EE:45:39:13:13:38:49:4F:E6:7D:8E[0m
[0;32m[1784837621.354] [21570:21572] [-] Certification type 0[0m
[0;32m[1784837621.354] [21570:21572] [-] Device certification declaration details:[0m
[0;32m[1784837621.354] [21570:21572] [-] --> VID: 0xFFF1[0m
[0;32m[1784837621.354] [21570:21572] [-] --> Device type ID: 0x0000_0016[0m
[0;32m[1784837621.354] [21570:21572] [-] --> Certification type: 0 (Development and testing)[0m
[0;32m[1784837621.354] [21570:21572] [CTL] Successfully finished commissioning step 'AttestationVerification'[0m
[0;32m[1784837621.354] [21570:21572] [CTL] Commissioning stage next step: 'AttestationVerification' -> 'AttestationRevocationCheck'[0m
[0;32m[1784837621.354] [21570:21572] [CTL] Performing next commissioning step 'AttestationRevocationCheck'[0m
[0;34m[1784837621.354] [21570:21572] [TOO] Starting commissioning stage 'AttestationRevocationCheck'[0m
[0;32m[1784837621.354] [21570:21572] [CTL] Verifying the device's DAC chain revocation status[0m
[0;32m[1784837621.354] [21570:21572] [-] WARNING: No revocation delegate available. Revocation checks will be skipped![0m
[0;32m[1784837621.354] [21570:21572] [CTL] Successfully validated 'Attestation Information' command received from the device.[0m
[0;32m[1784837621.354] [21570:21572] [CTL] Successfully finished commissioning step 'AttestationRevocationCheck'[0m
[0;32m[1784837621.354] [21570:21572] [CTL] Commissioning stage next step: 'AttestationRevocationCheck' -> 'SendOpCertSigningRequest'[0m
[0;32m[1784837621.354] [21570:21572] [CTL] Performing next commissioning step 'SendOpCertSigningRequest'[0m
[0;34m[1784837621.354] [21570:21572] [TOO] Starting commissioning stage 'SendOpCertSigningRequest'[0m
[0;34m[1784837621.354] [21570:21572] [CTL] Sending CSR request to 0x769610033e20 device[0m
[0;34m[1784837621.354] [21570:21572] [DMG] ICR moving to [AddingComm][0m
[0;34m[1784837621.354] [21570:21572] [DMG] ICR moving to [AddedComma][0m
[0;32m[1784837621.354] [21570:21572] [EM] <<< [E:7009i S:39914 M:107949175] (S) Msg TX from 0000000000000000 to 0:FFFFFFFB00000000 [0000] [UDP:[fe80::bfe:a203:38f0:bce7%enp0s3]:5540] --- Type 0001:08 (IM:InvokeCommandRequest) (B:94)[0m
[0;32m[1784837621.354] [21570:21572] [EM] ??1 [E:7009i S:39914 M:107949175] (S) Msg Retransmission to 0:FFFFFFFB00000000 scheduled for 359ms from now [State:Active II:500 AI:300 AT:4000][0m
[0;34m[1784837621.354] [21570:21572] [DMG] ICR moving to [AwaitingRe][0m
[0;34m[1784837621.354] [21570:21572] [CTL] Sent CSR request, waiting for the CSR[0m
[0;34m[1784837621.354] [21570:21572] [DMG] ICR moving to [AwaitingDe][0m
[0;32m[1784837621.354] [21570:21572] [EM] <<< [E:7008i S:39914 M:107949176 (Ack:42669774)] (S) Msg TX from 0000000000000000 to 0:FFFFFFFB00000000 [0000] [UDP:[fe80::bfe:a203:38f0:bce7%enp0s3]:5540] --- Type 0000:10 (SecureChannel:StandaloneAck) (B:34)[0m
[0;34m[1784837621.354] [21570:21572] [EM] Flushed pending ack for MessageCounter:42669774 on exchange 7008i[0m
[0;32m[1784837621.354] [21570:21572] [EM] >>> [E:7009i S:39914 M:42669775 (Ack:107949175)] (S) Msg RX from 0:FFFFFFFB00000000 [0000] to 0000000000000000 --- Type 0001:09 (IM:InvokeCommandResponse) (B:377)[0m
[0;34m[1784837621.354] [21570:21572] [EM] Found matching exchange: 7009i, Delegate: 0x7696100382d8[0m
[0;34m[1784837621.354] [21570:21572] [EM] Rxd Ack; Removing MessageCounter:107949175 from Retrans Table on exchange 7009i[0m
[0;34m[1784837621.354] [21570:21572] [DMG] ICR moving to [ResponseRe][0m
[0;34m[1784837621.354] [21570:21572] [DMG] InvokeResponseMessage =[0m
[0;34m[1784837621.354] [21570:21572] [DMG] {[0m
[0;34m[1784837621.354] [21570:21572] [DMG] 	suppressResponse = false, [0m
[0;34m[1784837621.354] [21570:21572] [DMG] 	InvokeResponseIBs =[0m
[0;34m[1784837621.355] [21570:21572] [DMG] 	[[0m
[0;34m[1784837621.355] [21570:21572] [DMG] 		InvokeResponseIB =[0m
[0;34m[1784837621.355] [21570:21572] [DMG] 		{[0m
[0;34m[1784837621.355] [21570:21572] [DMG] 			CommandDataIB =[0m
[0;34m[1784837621.355] [21570:21572] [DMG] 			{[0m
[0;34m[1784837621.355] [21570:21572] [DMG] 				CommandPathIB =[0m
[0;34m[1784837621.355] [21570:21572] [DMG] 				{[0m
[0;34m[1784837621.355] [21570:21572] [DMG] 					EndpointId = 0x0,[0m
[0;34m[1784837621.355] [21570:21572] [DMG] 					ClusterId = 0x3e,[0m
[0;34m[1784837621.355] [21570:21572] [DMG] 					CommandId = 0x5,[0m
[0;34m[1784837621.355] [21570:21572] [DMG] 				},[0m
[0;34m[1784837621.355] [21570:21572] [DMG] 				[0m
[0;34m[1784837621.355] [21570:21572] [DMG] 				CommandFields = [0m
[0;34m[1784837621.355] [21570:21572] [DMG] 				{[0m
[0;34m[1784837621.355] [21570:21572] [DMG] 					0x0 = [[0m
[0;34m[1784837621.355] [21570:21572] [DMG] 							0x15, 0x30, 0x01, 0xcb, 0x30, 0x81, 0xc8, 0x30, 0x70, 0x02, 0x01, 0x00, 0x30, 0x0e, 0x31, 0x0c, 0x30, 0x0a, 0x06, 0x03, 0x55, 0x04, 0x0a, 0x0c, 0x03, 0x43, 0x53, 0x52, 0x30, 0x59, 0x30, 0x13, 0x06, 0x07, 0x2a, 0x86, 0x48, 0xce, 0x3d, 0x02, 0x01, 0x06, 0x08, 0x2a, 0x86, 0x48, 0xce, 0x3d, 0x03, 0x01, 0x07, 0x03, 0x42, 0x00, 0x04, 0xdb, 0x20, 0xda, 0xf2, 0xb6, 0xf1, 0x7a, 0x2f, 0xbb, 0xce, 0x66, 0x55, 0x0d, 0xab, 0x46, 0xe7, 0xc1, 0x7f, 0x3f, 0xae, 0x5a, 0xc4, 0x21, 0xbc, 0x2b, 0x50, 0xbe, 0x89, 0x33, 0xcc, 0x63, 0x3f, 0xc0, 0x63, 0x8b, 0xfe, 0x43, 0x20, 0x6c, 0x77, 0xcf, 0x25, 0x06, 0x9a, 0x83, 0xf1, 0xd7, 0x73, 0x6e, 0xba, 0xc0, 0x38, 0x96, 0x3c, 0xc7, 0x50, 0xa6, 0x4a, 0xfd, 0x67, 0xc2, 0x09, 0x2c, 0x94, 0xa0, 0x00, 0x30, 0x0a, 0x06, 0x08, 0x2a, 0x86, 0x48, 0xce, 0x3d, 0x04, 0x03, 0x02, 0x03, 0x48, 0x00, 0x30, 0x45, 0x02, 0x20, 0x28, 0xef, 0xe8, 0x53, 0xaf, 0x7c, 0x95, 0xd8, 0x48, 0x97, 0xc1, 0x06, 0x26, 0x5c, 0xd5, 0x75, 0xcb, 0xd5, 0x5f, 0x73, 0x0d, 0x1b, 0xd4, 0xe4, 0xee, 0x36, 0x77, 0x81, 0xec, 0x5c, 0x0f, 0x16, 0x02, 0x21, 0x00, 0xe7, 0x2c, 0x96, 0x48, 0x55, 0x03, 0x62, 0x58, 0x50, 0x6e, 0xc4, 0x13, 0x18, 0x87, 0x81, 0x73, 0x14, 0xe9, 0x0b, 0x70, 0xca, 0xa2, 0xa9, 0x67, 0x9a, 0x9c, 0xde, 0xed, 0x76, 0x06, 0xd0, 0x87, 0x30, 0x02, 0x20, 0xa1, 0xae, 0xca, 0xac, 0x23, 0x4c, 0x1a, 0x79, 0x83, 0x17, 0xb8, 0x6a, 0xef, 0x12, 0x2f, 0x9b, 0xdc, 0xd4, 0x5a, 0xdc, 0x9d, 0x79, 0x89, 0xf7, 0xa2, 0x64, 0xd6, 0xa8, 0x92, 0x36, 0x75, 0x09, 0x18, [0m
[0;34m[1784837621.355] [21570:21572] [DMG] 					] (243 bytes)[0m
[0;34m[1784837621.355] [21570:21572] [DMG] 					0x1 = [[0m
[0;34m[1784837621.355] [21570:21572] [DMG] 							0x55, 0x07, 0xb8, 0x70, 0x10, 0x7c, 0x83, 0xc9, 0x49, 0x55, 0x7c, 0xdf, 0xe5, 0xca, 0x7a, 0x1d, 0x40, 0xd5, 0x01, 0x9c, 0xc6, 0xd2, 0x3b, 0x6c, 0x88, 0xba, 0xdb, 0xac, 0xf2, 0x56, 0x47, 0xea, 0xb7, 0x03, 0x19, 0xaa, 0x46, 0xf3, 0x16, 0x7f, 0x44, 0x0d, 0x10, 0x01, 0x34, 0xd4, 0x95, 0x60, 0xfe, 0x2e, 0xb5, 0x8d, 0xa9, 0x05, 0xaa, 0xe9, 0x8c, 0x5d, 0xf7, 0xd3, 0x17, 0xf5, 0xa1, 0xa0, [0m
[0;34m[1784837621.355] [21570:21572] [DMG] 					] (64 bytes)[0m
[0;34m[1784837621.355] [21570:21572] [DMG] 				},[0m
[0;34m[1784837621.355] [21570:21572] [DMG] 			},[0m
[0;34m[1784837621.355] [21570:21572] [DMG] 			[0m
[0;34m[1784837621.355] [21570:21572] [DMG] 		},[0m
[0;34m[1784837621.355] [21570:21572] [DMG] 		[0m
[0;34m[1784837621.355] [21570:21572] [DMG] 	],[0m
[0;34m[1784837621.355] [21570:21572] [DMG] 	[0m
[0;34m[1784837621.355] [21570:21572] [DMG] 	InteractionModelRevision = 12[0m
[0;34m[1784837621.355] [21570:21572] [DMG] },[0m
[0;32m[1784837621.355] [21570:21572] [DMG] Received Command Response Data, Endpoint=0 Cluster=0x0000_003E Command=0x0000_0005[0m
[0;32m[1784837621.355] [21570:21572] [CTL] Received certificate signing request from the device[0m
[0;32m[1784837621.355] [21570:21572] [CTL] Successfully finished commissioning step 'SendOpCertSigningRequest'[0m
[0;32m[1784837621.355] [21570:21572] [CTL] Commissioning stage next step: 'SendOpCertSigningRequest' -> 'ValidateCSR'[0m
[0;32m[1784837621.355] [21570:21572] [CTL] Performing next commissioning step 'ValidateCSR'[0m
[0;34m[1784837621.355] [21570:21572] [TOO] Starting commissioning stage 'ValidateCSR'[0m
[0;32m[1784837621.355] [21570:21572] [CTL] Successfully finished commissioning step 'ValidateCSR'[0m
[0;32m[1784837621.355] [21570:21572] [CTL] Commissioning stage next step: 'ValidateCSR' -> 'GenerateNOCChain'[0m
[0;32m[1784837621.355] [21570:21572] [CTL] Performing next commissioning step 'GenerateNOCChain'[0m
[0;34m[1784837621.355] [21570:21572] [TOO] Starting commissioning stage 'GenerateNOCChain'[0m
[0;32m[1784837621.355] [21570:21572] [CTL] Getting certificate chain for the device from the issuer[0m
[0;32m[1784837621.356] [21570:21572] [CTL] Verifying Certificate Signing Request[0m
[0;32m[1784837621.356] [21570:21572] [CTL] Generating NOC[0m
[0;32m[1784837621.356] [21570:21572] [CTL] Providing certificate chain to the commissioner[0m
[0;32m[1784837621.356] [21570:21572] [CTL] Received callback from the CA for NOC Chain generation. Status: Success[0m
[0;32m[1784837621.356] [21570:21572] [CTL] Successfully finished commissioning step 'GenerateNOCChain'[0m
[0;32m[1784837621.356] [21570:21572] [CTL] Performing next commissioning step 'SendTrustedRootCert'[0m
[0;34m[1784837621.356] [21570:21572] [TOO] Starting commissioning stage 'SendTrustedRootCert'[0m
[0;32m[1784837621.356] [21570:21572] [CTL] Sending root certificate to the device[0m
[0;34m[1784837621.356] [21570:21572] [DMG] ICR moving to [AddingComm][0m
[0;34m[1784837621.356] [21570:21572] [DMG] ICR moving to [AddedComma][0m
[0;32m[1784837621.356] [21570:21572] [EM] <<< [E:7010i S:39914 M:107949177] (S) Msg TX from 0000000000000000 to 0:FFFFFFFB00000000 [0000] [UDP:[fe80::bfe:a203:38f0:bce7%enp0s3]:5540] --- Type 0001:08 (IM:InvokeCommandRequest) (B:293)[0m
[0;32m[1784837621.357] [21570:21572] [EM] ??1 [E:7010i S:39914 M:107949177] (S) Msg Retransmission to 0:FFFFFFFB00000000 scheduled for 355ms from now [State:Active II:500 AI:300 AT:4000][0m
[0;34m[1784837621.357] [21570:21572] [DMG] ICR moving to [AwaitingRe][0m
[0;32m[1784837621.357] [21570:21572] [CTL] Sent root certificate to the device[0m
[0;34m[1784837621.357] [21570:21572] [DMG] ICR moving to [AwaitingDe][0m
[0;32m[1784837621.357] [21570:21572] [EM] <<< [E:7009i S:39914 M:107949178 (Ack:42669775)] (S) Msg TX from 0000000000000000 to 0:FFFFFFFB00000000 [0000] [UDP:[fe80::bfe:a203:38f0:bce7%enp0s3]:5540] --- Type 0000:10 (SecureChannel:StandaloneAck) (B:34)[0m
[0;34m[1784837621.357] [21570:21572] [EM] Flushed pending ack for MessageCounter:42669775 on exchange 7009i[0m
[0;32m[1784837621.357] [21570:21572] [EM] >>> [E:7010i S:39914 M:42669776 (Ack:107949177)] (S) Msg RX from 0:FFFFFFFB00000000 [0000] to 0000000000000000 --- Type 0001:09 (IM:InvokeCommandResponse) (B:67)[0m
[0;34m[1784837621.357] [21570:21572] [EM] Found matching exchange: 7010i, Delegate: 0x769610035088[0m
[0;34m[1784837621.357] [21570:21572] [EM] Rxd Ack; Removing MessageCounter:107949177 from Retrans Table on exchange 7010i[0m
[0;34m[1784837621.357] [21570:21572] [DMG] ICR moving to [ResponseRe][0m
[0;34m[1784837621.357] [21570:21572] [DMG] InvokeResponseMessage =[0m
[0;34m[1784837621.357] [21570:21572] [DMG] {[0m
[0;34m[1784837621.357] [21570:21572] [DMG] 	suppressResponse = false, [0m
[0;34m[1784837621.357] [21570:21572] [DMG] 	InvokeResponseIBs =[0m
[0;34m[1784837621.357] [21570:21572] [DMG] 	[[0m
[0;34m[1784837621.357] [21570:21572] [DMG] 		InvokeResponseIB =[0m
[0;34m[1784837621.357] [21570:21572] [DMG] 		{[0m
[0;34m[1784837621.357] [21570:21572] [DMG] 			CommandStatusIB =[0m
[0;34m[1784837621.357] [21570:21572] [DMG] 			{[0m
[0;34m[1784837621.357] [21570:21572] [DMG] 				CommandPathIB =[0m
[0;34m[1784837621.357] [21570:21572] [DMG] 				{[0m
[0;34m[1784837621.357] [21570:21572] [DMG] 					EndpointId = 0x0,[0m
[0;34m[1784837621.357] [21570:21572] [DMG] 					ClusterId = 0x3e,[0m
[0;34m[1784837621.357] [21570:21572] [DMG] 					CommandId = 0xb,[0m
[0;34m[1784837621.357] [21570:21572] [DMG] 				},[0m
[0;34m[1784837621.357] [21570:21572] [DMG] 				[0m
[0;34m[1784837621.357] [21570:21572] [DMG] 				StatusIB =[0m
[0;34m[1784837621.357] [21570:21572] [DMG] 				{[0m
[0;34m[1784837621.357] [21570:21572] [DMG] 					status = 0x00 (SUCCESS),[0m
[0;34m[1784837621.357] [21570:21572] [DMG] 				},[0m
[0;34m[1784837621.357] [21570:21572] [DMG] 				[0m
[0;34m[1784837621.357] [21570:21572] [DMG] 			},[0m
[0;34m[1784837621.357] [21570:21572] [DMG] 			[0m
[0;34m[1784837621.357] [21570:21572] [DMG] 		},[0m
[0;34m[1784837621.357] [21570:21572] [DMG] 		[0m
[0;34m[1784837621.357] [21570:21572] [DMG] 	],[0m
[0;34m[1784837621.357] [21570:21572] [DMG] 	[0m
[0;34m[1784837621.357] [21570:21572] [DMG] 	InteractionModelRevision = 12[0m
[0;34m[1784837621.357] [21570:21572] [DMG] },[0m
[0;32m[1784837621.357] [21570:21572] [DMG] Received Command Response Status for Endpoint=0 Cluster=0x0000_003E Command=0x0000_000B Status=0x0[0m
[0;32m[1784837621.357] [21570:21572] [CTL] Device confirmed that it has received the root certificate[0m
[0;32m[1784837621.357] [21570:21572] [CTL] Successfully finished commissioning step 'SendTrustedRootCert'[0m
[0;32m[1784837621.357] [21570:21572] [CTL] Commissioning stage next step: 'SendTrustedRootCert' -> 'SendNOC'[0m
[0;32m[1784837621.357] [21570:21572] [CTL] Performing next commissioning step 'SendNOC'[0m
[0;34m[1784837621.357] [21570:21572] [TOO] Starting commissioning stage 'SendNOC'[0m
[0;34m[1784837621.357] [21570:21572] [DMG] ICR moving to [AddingComm][0m
[0;34m[1784837621.357] [21570:21572] [DMG] ICR moving to [AddedComma][0m
[0;32m[1784837621.357] [21570:21572] [EM] <<< [E:7011i S:39914 M:107949179] (S) Msg TX from 0000000000000000 to 0:FFFFFFFB00000000 [0000] [UDP:[fe80::bfe:a203:38f0:bce7%enp0s3]:5540] --- Type 0001:08 (IM:InvokeCommandRequest) (B:566)[0m
[0;32m[1784837621.357] [21570:21572] [EM] ??1 [E:7011i S:39914 M:107949179] (S) Msg Retransmission to 0:FFFFFFFB00000000 scheduled for 394ms from now [State:Active II:500 AI:300 AT:4000][0m
[0;34m[1784837621.357] [21570:21572] [DMG] ICR moving to [AwaitingRe][0m
[0;32m[1784837621.357] [21570:21572] [CTL] Sent operational certificate to the device[0m
[0;34m[1784837621.357] [21570:21572] [DMG] ICR moving to [AwaitingDe][0m
[0;32m[1784837621.357] [21570:21572] [EM] <<< [E:7010i S:39914 M:107949180 (Ack:42669776)] (S) Msg TX from 0000000000000000 to 0:FFFFFFFB00000000 [0000] [UDP:[fe80::bfe:a203:38f0:bce7%enp0s3]:5540] --- Type 0000:10 (SecureChannel:StandaloneAck) (B:34)[0m
[0;34m[1784837621.357] [21570:21572] [EM] Flushed pending ack for MessageCounter:42669776 on exchange 7010i[0m
[0;32m[1784837621.367] [21570:21572] [EM] >>> [E:7011i S:39914 M:42669777 (Ack:107949179)] (S) Msg RX from 0:FFFFFFFB00000000 [0000] to 0000000000000000 --- Type 0001:09 (IM:InvokeCommandResponse) (B:70)[0m
[0;34m[1784837621.367] [21570:21572] [EM] Found matching exchange: 7011i, Delegate: 0x7696100382d8[0m
[0;34m[1784837621.367] [21570:21572] [EM] Rxd Ack; Removing MessageCounter:107949179 from Retrans Table on exchange 7011i[0m
[0;34m[1784837621.367] [21570:21572] [DMG] ICR moving to [ResponseRe][0m
[0;34m[1784837621.367] [21570:21572] [DMG] InvokeResponseMessage =[0m
[0;34m[1784837621.367] [21570:21572] [DMG] {[0m
[0;34m[1784837621.367] [21570:21572] [DMG] 	suppressResponse = false, [0m
[0;34m[1784837621.367] [21570:21572] [DMG] 	InvokeResponseIBs =[0m
[0;34m[1784837621.367] [21570:21572] [DMG] 	[[0m
[0;34m[1784837621.367] [21570:21572] [DMG] 		InvokeResponseIB =[0m
[0;34m[1784837621.367] [21570:21572] [DMG] 		{[0m
[0;34m[1784837621.367] [21570:21572] [DMG] 			CommandDataIB =[0m
[0;34m[1784837621.367] [21570:21572] [DMG] 			{[0m
[0;34m[1784837621.367] [21570:21572] [DMG] 				CommandPathIB =[0m
[0;34m[1784837621.367] [21570:21572] [DMG] 				{[0m
[0;34m[1784837621.367] [21570:21572] [DMG] 					EndpointId = 0x0,[0m
[0;34m[1784837621.367] [21570:21572] [DMG] 					ClusterId = 0x3e,[0m
[0;34m[1784837621.367] [21570:21572] [DMG] 					CommandId = 0x8,[0m
[0;34m[1784837621.367] [21570:21572] [DMG] 				},[0m
[0;34m[1784837621.367] [21570:21572] [DMG] 				[0m
[0;34m[1784837621.367] [21570:21572] [DMG] 				CommandFields = [0m
[0;34m[1784837621.367] [21570:21572] [DMG] 				{[0m
[0;34m[1784837621.367] [21570:21572] [DMG] 					0x0 = 0 (unsigned), [0m
[0;34m[1784837621.367] [21570:21572] [DMG] 					0x1 = 1 (unsigned), [0m
[0;34m[1784837621.367] [21570:21572] [DMG] 				},[0m
[0;34m[1784837621.367] [21570:21572] [DMG] 			},[0m
[0;34m[1784837621.367] [21570:21572] [DMG] 			[0m
[0;34m[1784837621.367] [21570:21572] [DMG] 		},[0m
[0;34m[1784837621.367] [21570:21572] [DMG] 		[0m
[0;34m[1784837621.367] [21570:21572] [DMG] 	],[0m
[0;34m[1784837621.367] [21570:21572] [DMG] 	[0m
[0;34m[1784837621.367] [21570:21572] [DMG] 	InteractionModelRevision = 12[0m
[0;34m[1784837621.367] [21570:21572] [DMG] },[0m
[0;32m[1784837621.367] [21570:21572] [DMG] Received Command Response Data, Endpoint=0 Cluster=0x0000_003E Command=0x0000_0008[0m
[0;32m[1784837621.367] [21570:21572] [CTL] Device returned status 0 on receiving the NOC[0m
[0;32m[1784837621.367] [21570:21572] [CTL] Operational credentials provisioned on device 0x769610033e20[0m
[0;32m[1784837621.367] [21570:21572] [TOO] Secure Pairing Success[0m
[0;32m[1784837621.367] [21570:21572] [TOO] CASE establishment successful[0m
[0;32m[1784837621.367] [21570:21572] [CTL] Successfully finished commissioning step 'SendNOC'[0m
[0;32m[1784837621.367] [21570:21572] [CTL] Commissioning stage next step: 'SendNOC' -> 'EvictPreviousCaseSessions'[0m
[0;32m[1784837621.367] [21570:21572] [CTL] Performing next commissioning step 'EvictPreviousCaseSessions'[0m
[0;34m[1784837621.367] [21570:21572] [TOO] Starting commissioning stage 'EvictPreviousCaseSessions'[0m
[0;34m[1784837621.367] [21570:21572] [IN] Expiring all sessions for node <0000000000000001, 1>!![0m
[0;32m[1784837621.367] [21570:21572] [CTL] Successfully finished commissioning step 'EvictPreviousCaseSessions'[0m
[0;32m[1784837621.367] [21570:21572] [CTL] Commissioning stage next step: 'EvictPreviousCaseSessions' -> 'FindOperationalForStayActive'[0m
[0;32m[1784837621.367] [21570:21572] [CTL] Performing next commissioning step 'FindOperationalForStayActive'[0m
[0;34m[1784837621.367] [21570:21572] [TOO] Starting commissioning stage 'FindOperationalForStayActive'[0m
[0;34m[1784837621.367] [21570:21572] [CSM] FindOrEstablishSession: PeerId = [1:0000000000000001][0m
[0;34m[1784837621.367] [21570:21572] [CSM] FindOrEstablishSession: No existing OperationalSessionSetup instance found[0m
[0;34m[1784837621.367] [21570:21572] [DIS] OperationalSessionSetup[1:0000000000000001]: State change 1 --> 2[0m
[0;32m[1784837621.367] [21570:21572] [DIS] Lookup started for 7776C718AFD9DCEC-0000000000000001[0m
[0;34m[1784837621.367] [21570:21572] [DMG] ICR moving to [AwaitingDe][0m
[0;32m[1784837621.367] [21570:21572] [EM] <<< [E:7011i S:39914 M:107949181 (Ack:42669777)] (S) Msg TX from 0000000000000000 to 0:FFFFFFFB00000000 [0000] [UDP:[fe80::bfe:a203:38f0:bce7%enp0s3]:5540] --- Type 0000:10 (SecureChannel:StandaloneAck) (B:34)[0m
[0;34m[1784837621.367] [21570:21572] [EM] Flushed pending ack for MessageCounter:42669777 on exchange 7011i[0m
[0;32m[1784837621.368] [21570:21572] [DIS] UDP:[fe80::bfe:a203:38f0:bce7%enp0s3]:5540: new best score: 7 (for 7776C718AFD9DCEC-0000000000000001)[0m
[0;34m[1784837621.368] [21570:21572] [DIS] Lookup clearing interface for non LL address[0m
[0;32m[1784837621.368] [21570:21572] [DIS] UDP:10.0.2.15%enp0s3:5540: new best score: 2 (for 7776C718AFD9DCEC-0000000000000001)[0m
[0;32m[1784837621.368] [21570:21572] [DIS] Checking node lookup status for 7776C718AFD9DCEC-0000000000000001 after 1 ms[0m
[0;32m[1784837621.368] [21570:21572] [DIS] Keeping DNSSD lookup active[0m
[0;32m[1784837621.368] [21570:21572] [DIS] UDP:[fe80::bfe:a203:38f0:bce7%enp0s3]:5540: score has not improved: 7 (for 7776C718AFD9DCEC-0000000000000001)[0m
[0;34m[1784837621.368] [21570:21572] [DIS] Lookup clearing interface for non LL address[0m
[0;32m[1784837621.368] [21570:21572] [DIS] UDP:10.0.2.15%enp0s3:5540: score has not improved: 2 (for 7776C718AFD9DCEC-0000000000000001)[0m
[0;32m[1784837621.368] [21570:21572] [DIS] Checking node lookup status for 7776C718AFD9DCEC-0000000000000001 after 1 ms[0m
[0;32m[1784837621.368] [21570:21572] [DIS] Keeping DNSSD lookup active[0m
[0;32m[1784837621.568] [21570:21572] [DIS] Checking node lookup status for 7776C718AFD9DCEC-0000000000000001 after 201 ms[0m
[0;34m[1784837621.568] [21570:21572] [DIS] OperationalSessionSetup[1:0000000000000001]: Updating device address to UDP:[fe80::bfe:a203:38f0:bce7%enp0s3]:5540 while in state 2[0m
[0;34m[1784837621.568] [21570:21572] [DIS] OperationalSessionSetup[1:0000000000000001]: State change 2 --> 3[0m
[0;34m[1784837621.568] [21570:21572] [IN] SecureSession[0x7696100647b0]: Allocated Type:2 LSID:39915[0m
[0;32m[1784837621.568] [21570:21572] [SC] Initiating session on local FabricIndex 1 from 0x000000000001B669 -> 0x0000000000000001[0m
[0;32m[1784837621.569] [21570:21572] [EM] <<< [E:7012i S:0 M:138618128] (U) Msg TX from 0DD252EFC3AEB52C to 0:0000000000000000 [0000] [UDP:[fe80::bfe:a203:38f0:bce7%enp0s3]:5540] --- Type 0000:30 (SecureChannel:CASE_Sigma1) (B:196)[0m
[0;32m[1784837621.569] [21570:21572] [EM] ??1 [E:7012i S:0 M:138618128] (U) Msg Retransmission to 0:0000000000000000 scheduled for 618ms from now [State:Idle II:500 AI:300 AT:4000][0m
[0;32m[1784837621.569] [21570:21572] [SC] Sent Sigma1 msg to <0000000000000001, 1> [II:500ms AI:300ms AT:4000ms][0m
[0;34m[1784837621.569] [21570:21572] [DIS] OperationalSessionSetup[1:0000000000000001]: State change 3 --> 4[0m
[0;32m[1784837621.570] [21570:21572] [EM] >>> [E:7012i S:0 M:87476018 (Ack:138618128)] (U) Msg RX from 0:0000000000000000 [0000] to 0DD252EFC3AEB52C --- Type 0000:31 (SecureChannel:CASE_Sigma2) (B:751)[0m
[0;34m[1784837621.570] [21570:21572] [EM] Found matching exchange: 7012i, Delegate: 0x769610064e88[0m
[0;34m[1784837621.570] [21570:21572] [EM] Rxd Ack; Removing MessageCounter:138618128 from Retrans Table on exchange 7012i[0m
[0;32m[1784837621.570] [21570:21572] [SC] Received Sigma2 msg[0m
[0;34m[1784837621.570] [21570:21572] [SC] Found MRP parameters in the message[0m
[0;34m[1784837621.571] [21570:21572] [SC] Peer <0000000000000001, 1> assigned session ID 507[0m
[0;34m[1784837621.571] [21570:21572] [SC] Sending Sigma3[0m
[0;32m[1784837621.571] [21570:21572] [EM] <<< [E:7012i S:0 M:138618129 (Ack:87476018)] (U) Msg TX from 0DD252EFC3AEB52C to 0:0000000000000000 [0000] [UDP:[fe80::bfe:a203:38f0:bce7%enp0s3]:5540] --- Type 0000:32 (SecureChannel:CASE_Sigma3) (B:598)[0m
[0;32m[1784837621.571] [21570:21572] [EM] ??1 [E:7012i S:0 M:138618129] (U) Msg Retransmission to 0:0000000000000000 scheduled for 409ms from now [State:Active II:500 AI:300 AT:4000][0m
[0;32m[1784837621.571] [21570:21572] [SC] Sent Sigma3 msg[0m
[0;32m[1784837621.578] [21570:21572] [EM] >>> [E:7012i S:0 M:87476019 (Ack:138618129)] (U) Msg RX from 0:0000000000000000 [0000] to 0DD252EFC3AEB52C --- Type 0000:40 (SecureChannel:StatusReport) (B:34)[0m
[0;34m[1784837621.578] [21570:21572] [EM] Found matching exchange: 7012i, Delegate: 0x769610064e88[0m
[0;34m[1784837621.578] [21570:21572] [EM] Rxd Ack; Removing MessageCounter:138618129 from Retrans Table on exchange 7012i[0m
[0;32m[1784837621.578] [21570:21572] [SC] Success status report received. Session was established[0m
[0;32m[1784837621.579] [21570:21572] [SC] SecureSession[0x7696100647b0, LSID:39915]: State change 'kEstablishing' --> 'kActive'[0m
[0;34m[1784837621.579] [21570:21572] [IN] SecureSession[0x7696100647b0]: Activated - Type:2 LSID:39915[0m
[0;34m[1784837621.579] [21570:21572] [IN] New secure session activated for device <0000000000000001, 1>, LSID:39915 PSID:507![0m
[0;34m[1784837621.579] [21570:21572] [DIS] OperationalSessionSetup[1:0000000000000001]: State change 4 --> 5[0m
[0;32m[1784837621.579] [21570:21572] [CTL] Successfully finished commissioning step 'FindOperationalForStayActive'[0m
[0;32m[1784837621.579] [21570:21572] [CTL] Commissioning stage next step: 'FindOperationalForStayActive' -> 'ICDSendStayActive'[0m
[0;32m[1784837621.579] [21570:21572] [CTL] Performing next commissioning step 'ICDSendStayActive'[0m
[0;34m[1784837621.579] [21570:21572] [TOO] Starting commissioning stage 'ICDSendStayActive'[0m
[0;32m[1784837621.579] [21570:21572] [CTL] Skipping kICDSendStayActive[0m
[0;32m[1784837621.579] [21570:21572] [CTL] Successfully finished commissioning step 'ICDSendStayActive'[0m
[0;32m[1784837621.579] [21570:21572] [CTL] Commissioning stage next step: 'ICDSendStayActive' -> 'FindOperationalForCommissioningComplete'[0m
[0;32m[1784837621.579] [21570:21572] [CTL] Performing next commissioning step 'FindOperationalForCommissioningComplete'[0m
[0;34m[1784837621.579] [21570:21572] [TOO] Starting commissioning stage 'FindOperationalForCommissioningComplete'[0m
[0;34m[1784837621.579] [21570:21572] [CSM] FindOrEstablishSession: PeerId = [1:0000000000000001][0m
[0;34m[1784837621.579] [21570:21572] [CSM] FindOrEstablishSession: No existing OperationalSessionSetup instance found[0m
[0;32m[1784837621.579] [21570:21572] [DIS] Found an existing secure session to [1:0000000000000001]![0m
[0;34m[1784837621.579] [21570:21572] [DIS] OperationalSessionSetup[1:0000000000000001]: State change 1 --> 5[0m
[0;32m[1784837621.579] [21570:21572] [CTL] Successfully finished commissioning step 'FindOperationalForCommissioningComplete'[0m
[0;32m[1784837621.579] [21570:21572] [CTL] Commissioning stage next step: 'FindOperationalForCommissioningComplete' -> 'SendComplete'[0m
[0;32m[1784837621.579] [21570:21572] [CTL] Performing next commissioning step 'SendComplete'[0m
[0;34m[1784837621.579] [21570:21572] [TOO] Starting commissioning stage 'SendComplete'[0m
[0;34m[1784837621.579] [21570:21572] [DMG] ICR moving to [AddingComm][0m
[0;34m[1784837621.579] [21570:21572] [DMG] ICR moving to [AddedComma][0m
[0;32m[1784837621.580] [21570:21572] [EM] <<< [E:7013i S:39915 M:44445863] (S) Msg TX from 000000000001B669 to 1:0000000000000001 [DCEC] [UDP:[fe80::bfe:a203:38f0:bce7%enp0s3]:5540] --- Type 0001:08 (IM:InvokeCommandRequest) (B:59)[0m
[0;32m[1784837621.580] [21570:21572] [EM] ??1 [E:7013i S:39915 M:44445863] (S) Msg Retransmission to 1:0000000000000001 scheduled for 351ms from now [State:Active II:500 AI:300 AT:4000][0m
[0;34m[1784837621.580] [21570:21572] [DMG] ICR moving to [AwaitingRe][0m
[0;32m[1784837621.580] [21570:21572] [EM] <<< [E:7012i S:0 M:138618130 (Ack:87476019)] (U) Msg TX from 0DD252EFC3AEB52C to 0:0000000000000000 [0000] [UDP:[fe80::bfe:a203:38f0:bce7%enp0s3]:5540] --- Type 0000:10 (SecureChannel:StandaloneAck) (B:26)[0m
[0;34m[1784837621.580] [21570:21572] [EM] Flushed pending ack for MessageCounter:87476019 on exchange 7012i[0m
[0;32m[1784837621.597] [21570:21572] [EM] >>> [E:7013i S:39915 M:62199050 (Ack:44445863)] (S) Msg RX from 1:0000000000000001 [DCEC] to 000000000001B669 --- Type 0001:09 (IM:InvokeCommandResponse) (B:70)[0m
[0;34m[1784837621.597] [21570:21572] [EM] Found matching exchange: 7013i, Delegate: 0x7696100382d8[0m
[0;34m[1784837621.597] [21570:21572] [EM] Rxd Ack; Removing MessageCounter:44445863 from Retrans Table on exchange 7013i[0m
[0;34m[1784837621.597] [21570:21572] [DMG] ICR moving to [ResponseRe][0m
[0;34m[1784837621.597] [21570:21572] [DMG] InvokeResponseMessage =[0m
[0;34m[1784837621.597] [21570:21572] [DMG] {[0m
[0;34m[1784837621.597] [21570:21572] [DMG] 	suppressResponse = false, [0m
[0;34m[1784837621.597] [21570:21572] [DMG] 	InvokeResponseIBs =[0m
[0;34m[1784837621.597] [21570:21572] [DMG] 	[[0m
[0;34m[1784837621.597] [21570:21572] [DMG] 		InvokeResponseIB =[0m
[0;34m[1784837621.597] [21570:21572] [DMG] 		{[0m
[0;34m[1784837621.597] [21570:21572] [DMG] 			CommandDataIB =[0m
[0;34m[1784837621.597] [21570:21572] [DMG] 			{[0m
[0;34m[1784837621.597] [21570:21572] [DMG] 				CommandPathIB =[0m
[0;34m[1784837621.597] [21570:21572] [DMG] 				{[0m
[0;34m[1784837621.597] [21570:21572] [DMG] 					EndpointId = 0x0,[0m
[0;34m[1784837621.597] [21570:21572] [DMG] 					ClusterId = 0x30,[0m
[0;34m[1784837621.597] [21570:21572] [DMG] 					CommandId = 0x5,[0m
[0;34m[1784837621.597] [21570:21572] [DMG] 				},[0m
[0;34m[1784837621.597] [21570:21572] [DMG] 				[0m
[0;34m[1784837621.597] [21570:21572] [DMG] 				CommandFields = [0m
[0;34m[1784837621.597] [21570:21572] [DMG] 				{[0m
[0;34m[1784837621.597] [21570:21572] [DMG] 					0x0 = 0 (unsigned), [0m
[0;34m[1784837621.597] [21570:21572] [DMG] 					0x1 = "" (0 chars), [0m
[0;34m[1784837621.597] [21570:21572] [DMG] 				},[0m
[0;34m[1784837621.597] [21570:21572] [DMG] 			},[0m
[0;34m[1784837621.597] [21570:21572] [DMG] 			[0m
[0;34m[1784837621.597] [21570:21572] [DMG] 		},[0m
[0;34m[1784837621.597] [21570:21572] [DMG] 		[0m
[0;34m[1784837621.597] [21570:21572] [DMG] 	],[0m
[0;34m[1784837621.597] [21570:21572] [DMG] 	[0m
[0;34m[1784837621.597] [21570:21572] [DMG] 	InteractionModelRevision = 12[0m
[0;34m[1784837621.597] [21570:21572] [DMG] },[0m
[0;32m[1784837621.597] [21570:21572] [DMG] Received Command Response Data, Endpoint=0 Cluster=0x0000_0030 Command=0x0000_0005[0m
[0;32m[1784837621.597] [21570:21572] [CTL] Received CommissioningComplete response, errorCode=0[0m
[0;32m[1784837621.597] [21570:21572] [CTL] Successfully finished commissioning step 'SendComplete'[0m
[0;32m[1784837621.597] [21570:21572] [CTL] Commissioning stage next step: 'SendComplete' -> 'Cleanup'[0m
[0;32m[1784837621.597] [21570:21572] [CTL] Performing next commissioning step 'Cleanup'[0m
[0;34m[1784837621.597] [21570:21572] [TOO] Starting commissioning stage 'Cleanup'[0m
[0;32m[1784837621.597] [21570:21572] [CTL] Successfully finished commissioning step 'Cleanup'[0m
[0;34m[1784837621.597] [21570:21572] [IN] SecureSession[0x769610032f30]: MarkForEviction Type:1 LSID:39914[0m
[0;32m[1784837621.597] [21570:21572] [SC] SecureSession[0x769610032f30, LSID:39914]: State change 'kActive' --> 'kPendingEviction'[0m
[0;34m[1784837621.597] [21570:21572] [IN] SecureSession[0x769610032f30]: Released - Type:1 LSID:39914[0m
[0;32m[1784837621.597] [21570:21572] [CTL] Commissioning complete for node ID 0x0000000000000001: success[0m
[0;32m[1784837621.597] [21570:21572] [TOO] Device commissioning completed with success[0m
[0;34m[1784837621.598] [21570:21572] [DMG] ICR moving to [AwaitingDe][0m
[0;32m[1784837621.598] [21570:21572] [EM] <<< [E:7013i S:39915 M:44445864 (Ack:62199050)] (S) Msg TX from 000000000001B669 to 1:0000000000000001 [DCEC] [UDP:[fe80::bfe:a203:38f0:bce7%enp0s3]:5540] --- Type 0000:10 (SecureChannel:StandaloneAck) (B:34)[0m
[0;34m[1784837621.598] [21570:21572] [EM] Flushed pending ack for MessageCounter:62199050 on exchange 7013i[0m
[0;34m[1784837621.598] [21570:21570] [CTL] Shutting down the commissioner[0m
[0;32m[1784837621.598] [21570:21570] [PAF] WiFiPAF: Closing all WiFiPAF sessions to shutdown[0m
[0;34m[1784837621.598] [21570:21570] [CTL] Shutting down the controller[0m
[0;34m[1784837621.598] [21570:21570] [IN] Expiring all sessions for fabric 0x1!![0m
[0;34m[1784837621.598] [21570:21570] [IN] SecureSession[0x7696100647b0]: MarkForEviction Type:2 LSID:39915[0m
[0;32m[1784837621.598] [21570:21570] [SC] SecureSession[0x7696100647b0, LSID:39915]: State change 'kActive' --> 'kPendingEviction'[0m
[0;34m[1784837621.598] [21570:21570] [IN] SecureSession[0x7696100647b0]: Released - Type:2 LSID:39915[0m
[0;32m[1784837621.598] [21570:21570] [FP] Forgetting fabric 0x1[0m
[0;32m[1784837621.598] [21570:21570] [TS] Pending Last Known Good Time: 2023-10-14T01:16:48[0m
[0;32m[1784837621.598] [21570:21570] [TS] Previous Last Known Good Time: 2023-10-14T01:16:48[0m
[0;32m[1784837621.598] [21570:21570] [TS] Reverted Last Known Good Time to previous value[0m
[0;34m[1784837621.598] [21570:21570] [CTL] Shutting down the commissioner[0m
[0;32m[1784837621.598] [21570:21570] [PAF] WiFiPAF: Closing all WiFiPAF sessions to shutdown[0m
[0;34m[1784837621.598] [21570:21570] [CTL] Shutting down the controller[0m
[0;34m[1784837621.598] [21570:21570] [CTL] Shutting down the System State, this will teardown the CHIP Stack[0m
[0;34m[1784837621.598] [21570:21570] [DMG] All ReadHandler-s are clean, clear GlobalDirtySet[0m
[0;32m[1784837621.598] [21570:21570] [FP] Shutting down FabricTable[0m
[0;32m[1784837621.598] [21570:21570] [TS] Pending Last Known Good Time: 2023-10-14T01:16:48[0m
[0;32m[1784837621.598] [21570:21570] [TS] Previous Last Known Good Time: 2023-10-14T01:16:48[0m
[0;32m[1784837621.598] [21570:21570] [TS] Reverted Last Known Good Time to previous value[0m
[0;34m[1784837621.600] [21570:21570] [DL] Wrote settings to /tmp/chip_counters.ini[0m
[0;32m[1784837621.601] [21570:21570] [DL] NVS set: chip-counters/total-operational-hours = 0 (0x0)[0m
[0;32m[1784837621.601] [21570:21570] [DL] Inet Layer shutdown[0m
[0;32m[1784837621.601] [21570:21570] [DL] BLE Layer shutdown[0m
[0;32m[1784837621.601] [21570:21570] [DL] WiFi-PAF Layer shutdown[0m
[0;32m[1784837621.601] [21570:21570] [PAF] WiFiPAF: Closing all WiFiPAF sessions to shutdown[0m
[0;32m[1784837621.601] [21570:21570] [DL] System Layer shutdown[0m
