[0;34m[1784833717.088] [11404:11404] [DL] ChipLinuxStorage::Init: Using KVS config file: /tmp/chip_kvs_test[0m
[0;34m[1784833717.094] [11404:11404] [DL] Wrote settings to /tmp/chip_kvs_test[0m
[1;31m[1784833717.095] [11404:11404] [DL] ChipLinuxStorage::Init: Attempt to re-initialize with KVS config file: /tmp/chip_kvs, IGNORING.[0m
[0;34m[1784833717.096] [11404:11404] [DL] ChipLinuxStorage::Init: Using KVS config file: /tmp/chip_factory.ini[0m
[0;34m[1784833717.097] [11404:11404] [DL] Wrote settings to /tmp/chip_factory.ini[0m
[0;34m[1784833717.097] [11404:11404] [DL] ChipLinuxStorage::Init: Using KVS config file: /tmp/chip_config.ini[0m
[0;34m[1784833717.099] [11404:11404] [DL] Wrote settings to /tmp/chip_config.ini[0m
[0;34m[1784833717.099] [11404:11404] [DL] ChipLinuxStorage::Init: Using KVS config file: /tmp/chip_counters.ini[0m
[0;34m[1784833717.101] [11404:11404] [DL] Wrote settings to /tmp/chip_counters.ini[0m
[0;34m[1784833717.103] [11404:11404] [DL] Wrote settings to /tmp/chip_config.ini[0m
[0;32m[1784833717.103] [11404:11404] [DL] NVS set: chip-config/unique-id = "0FA3C1629EF37B1C"[0m
[0;34m[1784833717.105] [11404:11404] [DL] Wrote settings to /tmp/chip_factory.ini[0m
[0;32m[1784833717.105] [11404:11404] [DL] NVS set: chip-factory/vendor-id = 65521 (0xFFF1)[0m
[0;34m[1784833717.107] [11404:11404] [DL] Wrote settings to /tmp/chip_factory.ini[0m
[0;32m[1784833717.107] [11404:11404] [DL] NVS set: chip-factory/product-id = 32769 (0x8001)[0m
[0;34m[1784833717.108] [11404:11404] [DL] Wrote settings to /tmp/chip_counters.ini[0m
[0;32m[1784833717.108] [11404:11404] [DL] NVS set: chip-counters/reboot-count = 1 (0x1)[0m
[0;34m[1784833717.110] [11404:11404] [DL] Wrote settings to /tmp/chip_counters.ini[0m
[0;32m[1784833717.110] [11404:11404] [DL] NVS set: chip-counters/total-operational-hours = 0 (0x0)[0m
[0;34m[1784833717.112] [11404:11404] [DL] Wrote settings to /tmp/chip_counters.ini[0m
[0;32m[1784833717.112] [11404:11404] [DL] NVS set: chip-counters/boot-reason = 0 (0x0)[0m
[0;34m[1784833717.113] [11404:11404] [DL] Wrote settings to /tmp/chip_config.ini[0m
[0;32m[1784833717.113] [11404:11404] [DL] NVS set: chip-config/regulatory-location = 0 (0x0)[0m
[0;34m[1784833717.116] [11404:11404] [DL] Wrote settings to /tmp/chip_config.ini[0m
[0;32m[1784833717.116] [11404:11404] [DL] NVS set: chip-config/location-capability = 2 (0x2)[0m
[0;34m[1784833717.117] [11404:11404] [DL] Wrote settings to /tmp/chip_config.ini[0m
[0;32m[1784833717.117] [11404:11404] [DL] NVS set: chip-config/configuration-version = 1 (0x1)[0m
[0;32m[1784833717.118] [11404:11404] [DL] Got Ethernet interface: enp0s3[0m
[0;32m[1784833717.118] [11404:11404] [DL] Found the primary Ethernet interface:enp0s3[0m
[1;31m[1784833717.118] [11404:11404] [DL] Failed to get WiFi interface[0m
[1;31m[1784833717.118] [11404:11404] [DL] Failed to reset WiFi statistic counts[0m
[0;32m[1784833717.118] [11404:11404] [PAF] WiFiPAF: WiFiPAFLayer::Init()[0m
[1;31m[1784833717.118] [11404:11404] [-] *** WARNING: Using temporary passcode 20202021 due to no neither --passcode or --spake2p-verifier-base64 given on command line or factory configuration. This is temporary and will disappear. Please update your scripts to explicitly configure onboarding credentials. ***[0m
[1;31m[1784833717.118] [11404:11404] [-] *** WARNING: Using temporary test discriminator 3840 due to --discriminator not given on command line or factory configuration. This is temporary and will disappear. Please update your scripts to explicitly configure onboarding credentials. ***[0m
[0;32m[1784833717.118] [11404:11404] [SPT] LinuxCommissionableDataProvider didn't get a PASE salt, generating one.[0m
[0;32m[1784833717.119] [11404:11404] [DL] Device Configuration:[0m
[0;32m[1784833717.119] [11404:11404] [DL]   Serial Number: TEST_SN[0m
[0;32m[1784833717.119] [11404:11404] [DL]   Vendor Id: 65521 (0xFFF1)[0m
[0;32m[1784833717.119] [11404:11404] [DL]   Product Id: 32769 (0x8001)[0m
[0;32m[1784833717.119] [11404:11404] [DL]   Product Name: TEST_PRODUCT[0m
[0;32m[1784833717.119] [11404:11404] [DL]   Hardware Version: 0[0m
[0;32m[1784833717.119] [11404:11404] [DL]   Setup Pin Code (0 for UNKNOWN/ERROR): 20202021[0m
[0;32m[1784833717.119] [11404:11404] [DL]   Setup Discriminator (0xFFFF for UNKNOWN/ERROR): 3840 (0xF00)[0m
[0;32m[1784833717.119] [11404:11404] [DL]   Manufacturing Date: (not set)[0m
[0;32m[1784833717.119] [11404:11404] [DL]   Device Type: 257 (0x101)[0m
[0;32m[1784833717.119] [11404:11404] [-] ==== Onboarding payload for Standard Commissioning Flow ====[0m
[0;32m[1784833717.119] [11404:11404] [SVR] SetupQRCode: [MT:-24J042C00KA0648G00][0m
[0;32m[1784833717.119] [11404:11404] [SVR] Copy/paste the below URL in a browser to see the QR Code:[0m
[0;32m[1784833717.119] [11404:11404] [SVR] https://project-chip.github.io/connectedhomeip/qrcode.html?data=MT%3A-24J042C00KA0648G00[0m
[0;32m[1784833717.119] [11404:11404] [SVR] Manual pairing code: [34970112332][0m
[0;32m[1784833717.119] [11404:11404] [SVR] Initializing subscription resumption storage...[0m
[0;34m[1784833717.121] [11404:11404] [DL] Wrote settings to /tmp/chip_kvs_test[0m
[0;32m[1784833717.122] [11404:11404] [SVR] Server initializing...[0m
[0;34m[1784833717.122] [11404:11404] [FP] Initializing FabricTable from persistent storage[0m
[0;32m[1784833717.122] [11404:11404] [TS] Last Known Good Time: [unknown][0m
[0;32m[1784833717.122] [11404:11404] [TS] Setting Last Known Good Time to firmware build time 2023-10-14T01:16:48[0m
[0;34m[1784833717.123] [11404:11404] [DL] Wrote settings to /tmp/chip_kvs_test[0m
[0;32m[1784833717.123] [11404:11404] [DMG] AccessControl: initializing[0m
[0;32m[1784833717.123] [11404:11404] [DMG] Examples::AccessControlDelegate::Init[0m
[0;32m[1784833717.123] [11404:11404] [DMG] AccessControl: setting[0m
[0;32m[1784833717.123] [11404:11404] [DMG] DefaultAclStorage: initializing[0m
[0;32m[1784833717.123] [11404:11404] [DMG] DefaultAclStorage: 0 entries loaded[0m
[0;34m[1784833717.123] [11404:11404] [IN] UDP::Init bind&listen port=5540[0m
[0;34m[1784833717.124] [11404:11404] [IN] UDP::Init bound to port=5540[0m
[0;34m[1784833717.124] [11404:11404] [IN] UDP::Init bind&listen port=5540[0m
[0;34m[1784833717.124] [11404:11404] [IN] UDP::Init bound to port=5540[0m
[0;34m[1784833717.124] [11404:11404] [IN] BLEBase::Init - setting/overriding transport[0m
[0;32m[1784833717.124] [11404:11404] [IN] TCP server listening on port 5540 for incoming connections[0m
[0;32m[1784833717.124] [11404:11404] [IN] TCP server listening on port 5540 for incoming connections[0m
[0;34m[1784833717.124] [11404:11404] [IN] WiFiPAFBase::Init - setting/overriding transport[0m
[0;34m[1784833717.124] [11404:11404] [IN] TransportMgr initialized[0m
[0;34m[1784833717.125] [11404:11404] [DL] Wrote settings to /tmp/chip_kvs_test[0m
[0;34m[1784833717.127] [11404:11404] [DL] Wrote settings to /tmp/chip_kvs_test[0m
[0;34m[1784833717.129] [11404:11404] [DL] Wrote settings to /tmp/chip_kvs_test[0m
[0;32m[1784833717.129] [11404:11404] [DMG] Ember attribute persistence requires setting up[0m
[0;32m[1784833717.129] [11404:11404] [ZCL] Using ZAP configuration...[0m
[0;34m[1784833717.129] [11404:11404] [DMG] Failed to read stored attribute (1, 0x0000_0006, 0x0000_0000: src/platform/Linux/KeyValueStoreManagerImpl.cpp:53: CHIP Error 0x000000A0: Value not found in the persisted storage[0m
[0;34m[1784833717.129] [11404:11404] [DMG] Failed to read stored attribute (1, 0x0000_0006, 0x0000_4003: src/platform/Linux/KeyValueStoreManagerImpl.cpp:53: CHIP Error 0x000000A0: Value not found in the persisted storage[0m
[0;34m[1784833717.129] [11404:11404] [DMG] Failed to read stored attribute (1, 0x0000_0008, 0x0000_0000: src/platform/Linux/KeyValueStoreManagerImpl.cpp:53: CHIP Error 0x000000A0: Value not found in the persisted storage[0m
[0;34m[1784833717.129] [11404:11404] [DMG] Failed to read stored attribute (1, 0x0000_0008, 0x0000_4000: src/platform/Linux/KeyValueStoreManagerImpl.cpp:53: CHIP Error 0x000000A0: Value not found in the persisted storage[0m
[0;34m[1784833717.129] [11404:11404] [DMG] Failed to read stored attribute (1, 0x0000_0050, 0x0000_0003: src/platform/Linux/KeyValueStoreManagerImpl.cpp:53: CHIP Error 0x000000A0: Value not found in the persisted storage[0m
[0;34m[1784833717.129] [11404:11404] [DMG] Failed to read stored attribute (1, 0x0000_0050, 0x0000_0004: src/platform/Linux/KeyValueStoreManagerImpl.cpp:53: CHIP Error 0x000000A0: Value not found in the persisted storage[0m
[0;34m[1784833717.129] [11404:11404] [DMG] Failed to read stored attribute (1, 0x0000_0050, 0x0000_0005: src/platform/Linux/KeyValueStoreManagerImpl.cpp:53: CHIP Error 0x000000A0: Value not found in the persisted storage[0m
[0;34m[1784833717.129] [11404:11404] [DMG] Failed to read stored attribute (1, 0x0000_005C, 0x0000_0000: src/platform/Linux/KeyValueStoreManagerImpl.cpp:53: CHIP Error 0x000000A0: Value not found in the persisted storage[0m
[0;34m[1784833717.130] [11404:11404] [DMG] Failed to read stored attribute (1, 0x0000_005C, 0x0000_0001: src/platform/Linux/KeyValueStoreManagerImpl.cpp:53: CHIP Error 0x000000A0: Value not found in the persisted storage[0m
[0;34m[1784833717.130] [11404:11404] [DMG] Failed to read stored attribute (1, 0x0000_005C, 0x0000_0002: src/platform/Linux/KeyValueStoreManagerImpl.cpp:53: CHIP Error 0x000000A0: Value not found in the persisted storage[0m
[0;34m[1784833717.130] [11404:11404] [DMG] Failed to read stored attribute (1, 0x0000_005C, 0x0000_0003: src/platform/Linux/KeyValueStoreManagerImpl.cpp:53: CHIP Error 0x000000A0: Value not found in the persisted storage[0m
[0;34m[1784833717.130] [11404:11404] [DMG] Failed to read stored attribute (1, 0x0000_005C, 0x0000_0004: src/platform/Linux/KeyValueStoreManagerImpl.cpp:53: CHIP Error 0x000000A0: Value not found in the persisted storage[0m
[0;34m[1784833717.130] [11404:11404] [DMG] Failed to read stored attribute (1, 0x0000_005C, 0x0000_0006: src/platform/Linux/KeyValueStoreManagerImpl.cpp:53: CHIP Error 0x000000A0: Value not found in the persisted storage[0m
[0;34m[1784833717.130] [11404:11404] [DMG] Failed to read stored attribute (1, 0x0000_005C, 0x0000_0007: src/platform/Linux/KeyValueStoreManagerImpl.cpp:53: CHIP Error 0x000000A0: Value not found in the persisted storage[0m
[0;34m[1784833717.130] [11404:11404] [DMG] Failed to read stored attribute (1, 0x0000_0081, 0x0000_0001: src/platform/Linux/KeyValueStoreManagerImpl.cpp:53: CHIP Error 0x000000A0: Value not found in the persisted storage[0m
[0;34m[1784833717.130] [11404:11404] [DMG] Failed to read stored attribute (1, 0x0000_0081, 0x0000_0008: src/platform/Linux/KeyValueStoreManagerImpl.cpp:53: CHIP Error 0x000000A0: Value not found in the persisted storage[0m
[0;34m[1784833717.130] [11404:11404] [DMG] Failed to read stored attribute (1, 0x0000_0102, 0x0000_0003: src/platform/Linux/KeyValueStoreManagerImpl.cpp:53: CHIP Error 0x000000A0: Value not found in the persisted storage[0m
[0;34m[1784833717.130] [11404:11404] [DMG] Failed to read stored attribute (1, 0x0000_0102, 0x0000_0004: src/platform/Linux/KeyValueStoreManagerImpl.cpp:53: CHIP Error 0x000000A0: Value not found in the persisted storage[0m
[0;34m[1784833717.130] [11404:11404] [DMG] Failed to read stored attribute (1, 0x0000_0102, 0x0000_0005: src/platform/Linux/KeyValueStoreManagerImpl.cpp:53: CHIP Error 0x000000A0: Value not found in the persisted storage[0m
[0;34m[1784833717.130] [11404:11404] [DMG] Failed to read stored attribute (1, 0x0000_0102, 0x0000_0006: src/platform/Linux/KeyValueStoreManagerImpl.cpp:53: CHIP Error 0x000000A0: Value not found in the persisted storage[0m
[0;34m[1784833717.130] [11404:11404] [DMG] Failed to read stored attribute (1, 0x0000_0102, 0x0000_0007: src/platform/Linux/KeyValueStoreManagerImpl.cpp:53: CHIP Error 0x000000A0: Value not found in the persisted storage[0m
[0;34m[1784833717.130] [11404:11404] [DMG] Failed to read stored attribute (1, 0x0000_0102, 0x0000_0008: src/platform/Linux/KeyValueStoreManagerImpl.cpp:53: CHIP Error 0x000000A0: Value not found in the persisted storage[0m
[0;34m[1784833717.130] [11404:11404] [DMG] Failed to read stored attribute (1, 0x0000_0102, 0x0000_0009: src/platform/Linux/KeyValueStoreManagerImpl.cpp:53: CHIP Error 0x000000A0: Value not found in the persisted storage[0m
[0;34m[1784833717.130] [11404:11404] [DMG] Failed to read stored attribute (1, 0x0000_0102, 0x0000_000E: src/platform/Linux/KeyValueStoreManagerImpl.cpp:53: CHIP Error 0x000000A0: Value not found in the persisted storage[0m
[0;34m[1784833717.130] [11404:11404] [DMG] Failed to read stored attribute (1, 0x0000_0102, 0x0000_000F: src/platform/Linux/KeyValueStoreManagerImpl.cpp:53: CHIP Error 0x000000A0: Value not found in the persisted storage[0m
[0;34m[1784833717.130] [11404:11404] [DMG] Failed to read stored attribute (1, 0x0000_0102, 0x0000_0010: src/platform/Linux/KeyValueStoreManagerImpl.cpp:53: CHIP Error 0x000000A0: Value not found in the persisted storage[0m
[0;34m[1784833717.130] [11404:11404] [DMG] Failed to read stored attribute (1, 0x0000_0102, 0x0000_0011: src/platform/Linux/KeyValueStoreManagerImpl.cpp:53: CHIP Error 0x000000A0: Value not found in the persisted storage[0m
[0;34m[1784833717.130] [11404:11404] [DMG] Failed to read stored attribute (1, 0x0000_0102, 0x0000_0012: src/platform/Linux/KeyValueStoreManagerImpl.cpp:53: CHIP Error 0x000000A0: Value not found in the persisted storage[0m
[0;34m[1784833717.130] [11404:11404] [DMG] Failed to read stored attribute (1, 0x0000_0102, 0x0000_0013: src/platform/Linux/KeyValueStoreManagerImpl.cpp:53: CHIP Error 0x000000A0: Value not found in the persisted storage[0m
[0;34m[1784833717.130] [11404:11404] [DMG] Failed to read stored attribute (1, 0x0000_0102, 0x0000_0017: src/platform/Linux/KeyValueStoreManagerImpl.cpp:53: CHIP Error 0x000000A0: Value not found in the persisted storage[0m
[0;34m[1784833717.130] [11404:11404] [DMG] Failed to read stored attribute (1, 0x0000_0300, 0x0000_0000: src/platform/Linux/KeyValueStoreManagerImpl.cpp:53: CHIP Error 0x000000A0: Value not found in the persisted storage[0m
[0;34m[1784833717.130] [11404:11404] [DMG] Failed to read stored attribute (1, 0x0000_0300, 0x0000_0001: src/platform/Linux/KeyValueStoreManagerImpl.cpp:53: CHIP Error 0x000000A0: Value not found in the persisted storage[0m
[0;34m[1784833717.130] [11404:11404] [DMG] Failed to read stored attribute (1, 0x0000_0300, 0x0000_0003: src/platform/Linux/KeyValueStoreManagerImpl.cpp:53: CHIP Error 0x000000A0: Value not found in the persisted storage[0m
[0;34m[1784833717.130] [11404:11404] [DMG] Failed to read stored attribute (1, 0x0000_0300, 0x0000_0004: src/platform/Linux/KeyValueStoreManagerImpl.cpp:53: CHIP Error 0x000000A0: Value not found in the persisted storage[0m
[0;34m[1784833717.130] [11404:11404] [DMG] Failed to read stored attribute (1, 0x0000_0300, 0x0000_0007: src/platform/Linux/KeyValueStoreManagerImpl.cpp:53: CHIP Error 0x000000A0: Value not found in the persisted storage[0m
[0;34m[1784833717.130] [11404:11404] [DMG] Failed to read stored attribute (1, 0x0000_0300, 0x0000_4000: src/platform/Linux/KeyValueStoreManagerImpl.cpp:53: CHIP Error 0x000000A0: Value not found in the persisted storage[0m
[0;34m[1784833717.130] [11404:11404] [DMG] Failed to read stored attribute (1, 0x0000_0300, 0x0000_4001: src/platform/Linux/KeyValueStoreManagerImpl.cpp:53: CHIP Error 0x000000A0: Value not found in the persisted storage[0m
[0;34m[1784833717.130] [11404:11404] [DMG] Failed to read stored attribute (1, 0x0000_0300, 0x0000_4002: src/platform/Linux/KeyValueStoreManagerImpl.cpp:53: CHIP Error 0x000000A0: Value not found in the persisted storage[0m
[0;34m[1784833717.130] [11404:11404] [DMG] Failed to read stored attribute (1, 0x0000_0300, 0x0000_4003: src/platform/Linux/KeyValueStoreManagerImpl.cpp:53: CHIP Error 0x000000A0: Value not found in the persisted storage[0m
[0;34m[1784833717.130] [11404:11404] [DMG] Failed to read stored attribute (1, 0x0000_0300, 0x0000_4004: src/platform/Linux/KeyValueStoreManagerImpl.cpp:53: CHIP Error 0x000000A0: Value not found in the persisted storage[0m
[0;34m[1784833717.130] [11404:11404] [DMG] Failed to read stored attribute (1, 0x0000_0300, 0x0000_4010: src/platform/Linux/KeyValueStoreManagerImpl.cpp:53: CHIP Error 0x000000A0: Value not found in the persisted storage[0m
[0;34m[1784833717.132] [11404:11404] [DL] Wrote settings to /tmp/chip_kvs_test[0m
[0;34m[1784833717.132] [11404:11404] [EVL] LogEvent event number: 0x0000000000000000 priority: 1, endpoint id:  0x0 cluster id: 0x0000_0038 event id: 0x0 Epoch timestamp: 0x0000019F9061338C[0m
[0;32m[1784833717.132] [11404:11404] [ZCL] Emit DSTTableEmpty event [ep=0][0m
[0;32m[1784833717.132] [11404:11404] [ZCL] Initializing TLS Certificate Management cluster.[0m
[0;32m[1784833717.132] [11404:11404] [ZCL] Initializing TLS Client Management cluster.[0m
[0;34m[1784833717.132] [11404:11404] [ZCL] UnitLocalization ep0 set default TemperatureUnit: 1[0m
[0;34m[1784833717.132] [11404:11404] [DMG] Endpoint 0, Cluster 0x0000_0004 update version to 20b2e446[0m
[0;34m[1784833717.132] [11404:11404] [DMG] Endpoint 0, Cluster 0x0000_0004 update version to 20b2e447[0m
[0;34m[1784833717.132] [11404:11404] [DMG] Endpoint 1, Cluster 0x0000_0004 update version to f97d67a3[0m
[0;34m[1784833717.132] [11404:11404] [DMG] Endpoint 1, Cluster 0x0000_0004 update version to f97d67a4[0m
[0;32m[1784833717.132] [11404:11404] [ZCL] Endpoint 1 On/off already set to new value[0m
[0;34m[1784833717.132] [11404:11404] [DMG] Endpoint 1, Cluster 0x0000_0008 update version to 57234610[0m
[0;34m[1784833717.132] [11404:11404] [ZCL] ModeBase: Unable to load the CurrentMode from the KVS. Assuming 0[0m
[0;34m[1784833717.132] [11404:11404] [ZCL] ModeBase: Unable to load the StartUpMode from the KVS. Assuming null[0m
[0;34m[1784833717.132] [11404:11404] [ZCL] ModeBase: Unable to load the OnMode from the KVS.      Assuming null[0m
[0;34m[1784833717.132] [11404:11404] [ZCL] ModeBase: Unable to load the CurrentMode from the KVS. Assuming 0[0m
[0;34m[1784833717.132] [11404:11404] [ZCL] ModeBase: Unable to load the StartUpMode from the KVS. Assuming null[0m
[0;34m[1784833717.132] [11404:11404] [ZCL] ModeBase: Unable to load the OnMode from the KVS.      Assuming null[0m
[0;34m[1784833717.132] [11404:11404] [ZCL] ModeBase: Unable to load the CurrentMode from the KVS. Assuming 0[0m
[0;34m[1784833717.132] [11404:11404] [ZCL] ModeBase: Unable to load the StartUpMode from the KVS. Assuming null[0m
[0;34m[1784833717.132] [11404:11404] [ZCL] ModeBase: Unable to load the OnMode from the KVS.      Assuming null[0m
[0;34m[1784833717.132] [11404:11404] [ZCL] ModeBase: Unable to load the CurrentMode from the KVS. Assuming 0[0m
[0;34m[1784833717.132] [11404:11404] [ZCL] ModeBase: Unable to load the StartUpMode from the KVS. Assuming null[0m
[0;34m[1784833717.132] [11404:11404] [ZCL] ModeBase: Unable to load the OnMode from the KVS.      Assuming null[0m
[0;34m[1784833717.132] [11404:11404] [ZCL] ModeBase: Unable to load the CurrentMode from the KVS. Assuming 0[0m
[0;34m[1784833717.132] [11404:11404] [ZCL] ModeBase: Unable to load the StartUpMode from the KVS. Assuming null[0m
[0;34m[1784833717.132] [11404:11404] [ZCL] ModeBase: Unable to load the OnMode from the KVS.      Assuming null[0m
[0;34m[1784833717.132] [11404:11404] [ZCL] ModeBase: Unable to load the CurrentMode from the KVS. Assuming 0[0m
[0;34m[1784833717.132] [11404:11404] [ZCL] ModeBase: Unable to load the StartUpMode from the KVS. Assuming null[0m
[0;34m[1784833717.132] [11404:11404] [ZCL] ModeBase: Unable to load the OnMode from the KVS.      Assuming null[0m
[0;34m[1784833717.132] [11404:11404] [ZCL] ModeBase: Unable to load the CurrentMode from the KVS. Assuming 0[0m
[0;34m[1784833717.132] [11404:11404] [ZCL] ModeBase: Unable to load the StartUpMode from the KVS. Assuming null[0m
[0;34m[1784833717.132] [11404:11404] [ZCL] ModeBase: Unable to load the OnMode from the KVS.      Assuming null[0m
[0;34m[1784833717.132] [11404:11404] [ZCL] ResourceMonitoring: Init[0m
[0;34m[1784833717.132] [11404:11404] [ZCL] ResourceMonitoring: Unable to load the LastChangedTime from the KVS. Assuming null[0m
[0;34m[1784833717.132] [11404:11404] [ZCL] ResourceMonitoring: calling mDelegate->Init()[0m
[0;34m[1784833717.132] [11404:11404] [ZCL] HepaFilterMonitoringDelegate::Init()[0m
[0;34m[1784833717.132] [11404:11404] [ZCL] ResourceMonitoring: Init[0m
[0;34m[1784833717.132] [11404:11404] [ZCL] ResourceMonitoring: Unable to load the LastChangedTime from the KVS. Assuming null[0m
[0;34m[1784833717.132] [11404:11404] [ZCL] ResourceMonitoring: calling mDelegate->Init()[0m
[0;34m[1784833717.132] [11404:11404] [ZCL] ActivatedCarbonFilterMonitoringDelegate::Init()[0m
[0;34m[1784833717.135] [11404:11404] [DL] Wrote settings to /tmp/chip_kvs_test[0m
[0;34m[1784833717.135] [11404:11404] [DMG] Endpoint 1, Cluster 0x0000_0102 update version to c58e5777[0m
[0;32m[1784833717.135] [11404:11404] [ZCL] WC POST ATTRIBUTE=7[0m
[0;32m[1784833717.135] [11404:11404] [ZCL] ConfigStatus 0x1B Operational=1 OnlineReserved=1[0m
[0;32m[1784833717.135] [11404:11404] [ZCL] Lift(PA=1 Encoder=0 Reversed=0) Tilt(PA=1 Encoder=0)[0m
[0;32m[1784833717.135] [11404:11404] [ZCL] Initialize PCC Server Cluster [EP:1][0m
[0;34m[1784833717.135] [11404:11404] [DMG] Endpoint 1, Cluster 0x0000_0300 update version to 18e19606[0m
[0;34m[1784833717.135] [11404:11404] [DMG] Endpoint 1, Cluster 0x0000_0300 update version to 18e19607[0m
[0;34m[1784833717.137] [11404:11404] [DL] Wrote settings to /tmp/chip_kvs_test[0m
[0;34m[1784833717.137] [11404:11404] [DMG] Endpoint 1, Cluster 0x0000_0300 update version to 18e19608[0m
[0;34m[1784833717.137] [11404:11404] [DMG] Endpoint 1, Cluster 0x0000_0406 update version to 66c3eafd[0m
[0;34m[1784833717.137] [11404:11404] [DMG] Endpoint 1, Cluster 0x0000_0406 update version to 66c3eafe[0m
[0;34m[1784833717.137] [11404:11404] [DMG] Endpoint 1, Cluster 0x0000_040C update version to 2e235f6a[0m
[0;34m[1784833717.137] [11404:11404] [DMG] Endpoint 1, Cluster 0x0000_040C update version to 2e235f6b[0m
[0;34m[1784833717.137] [11404:11404] [DMG] Endpoint 1, Cluster 0x0000_040C update version to 2e235f6c[0m
[0;34m[1784833717.137] [11404:11404] [DMG] Endpoint 1, Cluster 0x0000_040C update version to 2e235f6d[0m
[0;34m[1784833717.137] [11404:11404] [DMG] Endpoint 1, Cluster 0x0000_040C update version to 2e235f6e[0m
[0;34m[1784833717.137] [11404:11404] [DMG] Endpoint 1, Cluster 0x0000_040C update version to 2e235f6f[0m
[0;34m[1784833717.137] [11404:11404] [DMG] Endpoint 1, Cluster 0x0000_040C update version to 2e235f70[0m
[0;34m[1784833717.137] [11404:11404] [DMG] Endpoint 1, Cluster 0x0000_040C update version to 2e235f71[0m
[0;34m[1784833717.137] [11404:11404] [DMG] Endpoint 1, Cluster 0x0000_040D update version to dbf35f61[0m
[0;34m[1784833717.137] [11404:11404] [DMG] Endpoint 1, Cluster 0x0000_040D update version to dbf35f62[0m
[0;34m[1784833717.137] [11404:11404] [DMG] Endpoint 1, Cluster 0x0000_040D update version to dbf35f63[0m
[0;34m[1784833717.137] [11404:11404] [DMG] Endpoint 1, Cluster 0x0000_040D update version to dbf35f64[0m
[0;34m[1784833717.137] [11404:11404] [DMG] Endpoint 1, Cluster 0x0000_040D update version to dbf35f65[0m
[0;34m[1784833717.137] [11404:11404] [DMG] Endpoint 1, Cluster 0x0000_040D update version to dbf35f66[0m
[0;34m[1784833717.137] [11404:11404] [DMG] Endpoint 1, Cluster 0x0000_040D update version to dbf35f67[0m
[0;34m[1784833717.137] [11404:11404] [DMG] Endpoint 1, Cluster 0x0000_040D update version to dbf35f68[0m
[0;34m[1784833717.137] [11404:11404] [DMG] Endpoint 1, Cluster 0x0000_0413 update version to 139b619d[0m
[0;34m[1784833717.137] [11404:11404] [DMG] Endpoint 1, Cluster 0x0000_0413 update version to 139b619e[0m
[0;34m[1784833717.137] [11404:11404] [DMG] Endpoint 1, Cluster 0x0000_0413 update version to 139b619f[0m
[0;34m[1784833717.137] [11404:11404] [DMG] Endpoint 1, Cluster 0x0000_0413 update version to 139b61a0[0m
[0;34m[1784833717.137] [11404:11404] [DMG] Endpoint 1, Cluster 0x0000_0413 update version to 139b61a1[0m
[0;34m[1784833717.137] [11404:11404] [DMG] Endpoint 1, Cluster 0x0000_0413 update version to 139b61a2[0m
[0;34m[1784833717.137] [11404:11404] [DMG] Endpoint 1, Cluster 0x0000_0413 update version to 139b61a3[0m
[0;34m[1784833717.137] [11404:11404] [DMG] Endpoint 1, Cluster 0x0000_0413 update version to 139b61a4[0m
[0;34m[1784833717.137] [11404:11404] [DMG] Endpoint 1, Cluster 0x0000_0415 update version to 2c67e5a6[0m
[0;34m[1784833717.137] [11404:11404] [DMG] Endpoint 1, Cluster 0x0000_0415 update version to 2c67e5a7[0m
[0;34m[1784833717.137] [11404:11404] [DMG] Endpoint 1, Cluster 0x0000_0415 update version to 2c67e5a8[0m
[0;34m[1784833717.137] [11404:11404] [DMG] Endpoint 1, Cluster 0x0000_0415 update version to 2c67e5a9[0m
[0;34m[1784833717.137] [11404:11404] [DMG] Endpoint 1, Cluster 0x0000_0415 update version to 2c67e5aa[0m
[0;34m[1784833717.137] [11404:11404] [DMG] Endpoint 1, Cluster 0x0000_0415 update version to 2c67e5ab[0m
[0;34m[1784833717.137] [11404:11404] [DMG] Endpoint 1, Cluster 0x0000_0415 update version to 2c67e5ac[0m
[0;34m[1784833717.137] [11404:11404] [DMG] Endpoint 1, Cluster 0x0000_0415 update version to 2c67e5ad[0m
[0;34m[1784833717.137] [11404:11404] [DMG] Endpoint 1, Cluster 0x0000_042A update version to e3937c7c[0m
[0;34m[1784833717.137] [11404:11404] [DMG] Endpoint 1, Cluster 0x0000_042A update version to e3937c7d[0m
[0;34m[1784833717.137] [11404:11404] [DMG] Endpoint 1, Cluster 0x0000_042A update version to e3937c7e[0m
[0;34m[1784833717.137] [11404:11404] [DMG] Endpoint 1, Cluster 0x0000_042A update version to e3937c7f[0m
[0;34m[1784833717.137] [11404:11404] [DMG] Endpoint 1, Cluster 0x0000_042A update version to e3937c80[0m
[0;34m[1784833717.137] [11404:11404] [DMG] Endpoint 1, Cluster 0x0000_042A update version to e3937c81[0m
[0;34m[1784833717.137] [11404:11404] [DMG] Endpoint 1, Cluster 0x0000_042A update version to e3937c82[0m
[0;34m[1784833717.137] [11404:11404] [DMG] Endpoint 1, Cluster 0x0000_042A update version to e3937c83[0m
[0;34m[1784833717.137] [11404:11404] [DMG] Endpoint 1, Cluster 0x0000_042B update version to aabb89b6[0m
[0;34m[1784833717.137] [11404:11404] [DMG] Endpoint 1, Cluster 0x0000_042B update version to aabb89b7[0m
[0;34m[1784833717.137] [11404:11404] [DMG] Endpoint 1, Cluster 0x0000_042B update version to aabb89b8[0m
[0;34m[1784833717.137] [11404:11404] [DMG] Endpoint 1, Cluster 0x0000_042B update version to aabb89b9[0m
[0;34m[1784833717.137] [11404:11404] [DMG] Endpoint 1, Cluster 0x0000_042B update version to aabb89ba[0m
[0;34m[1784833717.137] [11404:11404] [DMG] Endpoint 1, Cluster 0x0000_042B update version to aabb89bb[0m
[0;34m[1784833717.137] [11404:11404] [DMG] Endpoint 1, Cluster 0x0000_042B update version to aabb89bc[0m
[0;34m[1784833717.137] [11404:11404] [DMG] Endpoint 1, Cluster 0x0000_042B update version to aabb89bd[0m
[0;34m[1784833717.137] [11404:11404] [DMG] Endpoint 1, Cluster 0x0000_042C update version to 4e18b36b[0m
[0;34m[1784833717.137] [11404:11404] [DMG] Endpoint 1, Cluster 0x0000_042C update version to 4e18b36c[0m
[0;34m[1784833717.137] [11404:11404] [DMG] Endpoint 1, Cluster 0x0000_042C update version to 4e18b36d[0m
[0;34m[1784833717.137] [11404:11404] [DMG] Endpoint 1, Cluster 0x0000_042C update version to 4e18b36e[0m
[0;34m[1784833717.137] [11404:11404] [DMG] Endpoint 1, Cluster 0x0000_042C update version to 4e18b36f[0m
[0;34m[1784833717.137] [11404:11404] [DMG] Endpoint 1, Cluster 0x0000_042C update version to 4e18b370[0m
[0;34m[1784833717.137] [11404:11404] [DMG] Endpoint 1, Cluster 0x0000_042C update version to 4e18b371[0m
[0;34m[1784833717.137] [11404:11404] [DMG] Endpoint 1, Cluster 0x0000_042C update version to 4e18b372[0m
[0;34m[1784833717.137] [11404:11404] [DMG] Endpoint 1, Cluster 0x0000_042D update version to badfcc32[0m
[0;34m[1784833717.137] [11404:11404] [DMG] Endpoint 1, Cluster 0x0000_042D update version to badfcc33[0m
[0;34m[1784833717.137] [11404:11404] [DMG] Endpoint 1, Cluster 0x0000_042D update version to badfcc34[0m
[0;34m[1784833717.137] [11404:11404] [DMG] Endpoint 1, Cluster 0x0000_042D update version to badfcc35[0m
[0;34m[1784833717.137] [11404:11404] [DMG] Endpoint 1, Cluster 0x0000_042D update version to badfcc36[0m
[0;34m[1784833717.137] [11404:11404] [DMG] Endpoint 1, Cluster 0x0000_042D update version to badfcc37[0m
[0;34m[1784833717.137] [11404:11404] [DMG] Endpoint 1, Cluster 0x0000_042D update version to badfcc38[0m
[0;34m[1784833717.137] [11404:11404] [DMG] Endpoint 1, Cluster 0x0000_042D update version to badfcc39[0m
[0;34m[1784833717.137] [11404:11404] [DMG] Endpoint 1, Cluster 0x0000_042E update version to c1911261[0m
[0;34m[1784833717.137] [11404:11404] [DMG] Endpoint 1, Cluster 0x0000_042E update version to c1911262[0m
[0;34m[1784833717.137] [11404:11404] [DMG] Endpoint 1, Cluster 0x0000_042E update version to c1911263[0m
[0;34m[1784833717.137] [11404:11404] [DMG] Endpoint 1, Cluster 0x0000_042E update version to c1911264[0m
[0;34m[1784833717.137] [11404:11404] [DMG] Endpoint 1, Cluster 0x0000_042E update version to c1911265[0m
[0;34m[1784833717.137] [11404:11404] [DMG] Endpoint 1, Cluster 0x0000_042E update version to c1911266[0m
[0;34m[1784833717.137] [11404:11404] [DMG] Endpoint 1, Cluster 0x0000_042E update version to c1911267[0m
[0;34m[1784833717.137] [11404:11404] [DMG] Endpoint 1, Cluster 0x0000_042E update version to c1911268[0m
[0;34m[1784833717.137] [11404:11404] [DMG] Endpoint 1, Cluster 0x0000_042F update version to d612336[0m
[0;34m[1784833717.137] [11404:11404] [DMG] Endpoint 1, Cluster 0x0000_042F update version to d612337[0m
[0;34m[1784833717.137] [11404:11404] [DMG] Endpoint 1, Cluster 0x0000_042F update version to d612338[0m
[0;34m[1784833717.137] [11404:11404] [DMG] Endpoint 1, Cluster 0x0000_042F update version to d612339[0m
[0;34m[1784833717.137] [11404:11404] [DMG] Endpoint 1, Cluster 0x0000_042F update version to d61233a[0m
[0;34m[1784833717.137] [11404:11404] [DMG] Endpoint 1, Cluster 0x0000_042F update version to d61233b[0m
[0;34m[1784833717.137] [11404:11404] [DMG] Endpoint 1, Cluster 0x0000_042F update version to d61233c[0m
[0;34m[1784833717.137] [11404:11404] [DMG] Endpoint 1, Cluster 0x0000_042F update version to d61233d[0m
[0;32m[1784833717.137] [11404:11404] [-] Setting LowPower default delegate to global manager[0m
[0;34m[1784833717.137] [11404:11404] [DMG] Endpoint 2, Cluster 0x0000_0004 update version to f317366[0m
[0;34m[1784833717.137] [11404:11404] [DMG] Endpoint 2, Cluster 0x0000_0004 update version to f317367[0m
[1;31m[1784833717.137] [11404:11404] [IM] Duplicate attribute override registration failed[0m
[0;34m[1784833717.137] [11404:11404] [DMG] Endpoint 2, Cluster 0x0000_0406 update version to d46cdf8b[0m
[0;34m[1784833717.137] [11404:11404] [DMG] Endpoint 2, Cluster 0x0000_0406 update version to d46cdf8c[0m
[0;32m[1784833717.137] [11404:11404] [DMG] TLSClientManagementCluster: initializing[0m
[0;32m[1784833717.137] [11404:11404] [DMG] TLSCertificateManagementCluster: initializing[0m
[0;34m[1784833717.137] [11404:11404] [ZCL] Chime: Unable to load the SelectedChime attribute from the KVS. Defaulting to 0[0m
[0;34m[1784833717.137] [11404:11404] [ZCL] Chime: Unable to load the Enabled attribute from the KVS. Defaulting to 1[0m
[0;34m[1784833717.137] [11404:11404] [EVL] LogEvent event number: 0x0000000000000001 priority: 2, endpoint id:  0x0 cluster id: 0x0000_0033 event id: 0x3 Epoch timestamp: 0x0000019F90613391[0m
[0;34m[1784833717.139] [11404:11404] [DL] Wrote settings to /tmp/chip_kvs_test[0m
[0;32m[1784833717.139] [11404:11404] [DMG] AccessControlCluster: initializing[0m
[0;34m[1784833717.139] [11404:11404] [IN] SecureSession[0x5e5199bc1890]: Allocated Type:1 LSID:5895[0m
[0;34m[1784833717.139] [11404:11404] [SC] Assigned local session key ID 5895[0m
[0;34m[1784833717.139] [11404:11404] [SC] Waiting for PBKDF param request[0m
[0;32m[1784833717.139] [11404:11404] [DIS] Updating services using commissioning mode 1[0m
[0;32m[1784833717.139] [11404:11404] [DIS] CHIP minimal mDNS started advertising.[0m
[0;34m[1784833717.140] [11404:11404] [DL] Using WiFi MAC for hostname[0m
[0;34m[1784833717.140] [11404:11404] [DIS] DNS-SD Pairing Instruction not set[0m
[0;32m[1784833717.140] [11404:11404] [DIS] Advertise commission parameter vendorID=65521 productID=32769 discriminator=3840/15 cm=1 cp=0 jf=0[0m
[0;34m[1784833717.140] [11404:11404] [DIS] Responding with _matterc._udp.local[0m
[0;34m[1784833717.140] [11404:11404] [DIS] Responding with C5FD5DCFE5B29498._matterc._udp.local[0m
[0;34m[1784833717.140] [11404:11404] [DIS] Responding with 080027AE1A43.local[0m
[0;34m[1784833717.140] [11404:11404] [DIS] Responding with 080027AE1A43.local[0m
[0;34m[1784833717.140] [11404:11404] [DIS] Responding with _V65521._sub._matterc._udp.local[0m
[0;34m[1784833717.140] [11404:11404] [DIS] Responding with _T257._sub._matterc._udp.local[0m
[0;34m[1784833717.140] [11404:11404] [DIS] Responding with _S15._sub._matterc._udp.local[0m
[0;34m[1784833717.140] [11404:11404] [DIS] Responding with _L3840._sub._matterc._udp.local[0m
[0;34m[1784833717.140] [11404:11404] [DIS] Responding with _CM._sub._matterc._udp.local[0m
[0;34m[1784833717.140] [11404:11404] [DIS] Responding with C5FD5DCFE5B29498._matterc._udp.local[0m
[0;32m[1784833717.140] [11404:11404] [DIS] CHIP minimal mDNS configured as 'Commissionable node device'; instance name: C5FD5DCFE5B29498.[0m
[0;32m[1784833717.140] [11404:11404] [DIS] mDNS service published: _matterc._udp[0m
[0;32m[1784833717.140] [11404:11404] [DIS] Updating services using commissioning mode 1[0m
[0;32m[1784833717.140] [11404:11404] [DIS] CHIP minimal mDNS started advertising.[0m
[0;34m[1784833717.141] [11404:11404] [DL] Using WiFi MAC for hostname[0m
[0;34m[1784833717.141] [11404:11404] [DIS] DNS-SD Pairing Instruction not set[0m
[0;32m[1784833717.141] [11404:11404] [DIS] Advertise commission parameter vendorID=65521 productID=32769 discriminator=3840/15 cm=1 cp=0 jf=0[0m
[0;34m[1784833717.141] [11404:11404] [DIS] Responding with _matterc._udp.local[0m
[0;34m[1784833717.141] [11404:11404] [DIS] Responding with C5FD5DCFE5B29498._matterc._udp.local[0m
[0;34m[1784833717.141] [11404:11404] [DIS] Responding with 080027AE1A43.local[0m
[0;34m[1784833717.141] [11404:11404] [DIS] Responding with 080027AE1A43.local[0m
[0;34m[1784833717.141] [11404:11404] [DIS] Responding with _V65521._sub._matterc._udp.local[0m
[0;34m[1784833717.141] [11404:11404] [DIS] Responding with _T257._sub._matterc._udp.local[0m
[0;34m[1784833717.141] [11404:11404] [DIS] Responding with _S15._sub._matterc._udp.local[0m
[0;34m[1784833717.141] [11404:11404] [DIS] Responding with _L3840._sub._matterc._udp.local[0m
[0;34m[1784833717.141] [11404:11404] [DIS] Responding with _CM._sub._matterc._udp.local[0m
[0;34m[1784833717.141] [11404:11404] [DIS] Responding with C5FD5DCFE5B29498._matterc._udp.local[0m
[0;32m[1784833717.141] [11404:11404] [DIS] CHIP minimal mDNS configured as 'Commissionable node device'; instance name: C5FD5DCFE5B29498.[0m
[0;32m[1784833717.141] [11404:11404] [DIS] mDNS service published: _matterc._udp[0m
[0;32m[1784833717.141] [11404:11404] [IN] CASE Server enabling CASE session setups[0m
[0;34m[1784833717.141] [11404:11404] [IN] SecureSession[0x5e5199bc1da0]: Allocated Type:2 LSID:5896[0m
[0;34m[1784833717.141] [11404:11404] [SC] Allocated SecureSession (0x5e5199bc1da0) - waiting for Sigma1 msg[0m
[0;32m[1784833717.141] [11404:11404] [SVR] Joining Multicast groups[0m
[0;34m[1784833717.141] [11404:11404] [ZCL] Emitting StartUp event[0m
[0;34m[1784833717.141] [11404:11404] [EVL] LogEvent event number: 0x0000000000000002 priority: 2, endpoint id:  0x0 cluster id: 0x0000_0028 event id: 0x0 Epoch timestamp: 0x0000019F90613395[0m
[0;32m[1784833717.141] [11404:11404] [SVR] Server initialization complete[0m
[0;32m[1784833717.141] [11404:11404] [SVR] Server Listening...[0m
[0;32m[1784833717.141] [11404:11404] [DL] Device Configuration:[0m
[0;32m[1784833717.141] [11404:11404] [DL]   Serial Number: TEST_SN[0m
[0;32m[1784833717.141] [11404:11404] [DL]   Vendor Id: 65521 (0xFFF1)[0m
[0;32m[1784833717.141] [11404:11404] [DL]   Product Id: 32769 (0x8001)[0m
[0;32m[1784833717.141] [11404:11404] [DL]   Product Name: TEST_PRODUCT[0m
[0;32m[1784833717.141] [11404:11404] [DL]   Hardware Version: 0[0m
[0;32m[1784833717.141] [11404:11404] [DL]   Setup Pin Code (0 for UNKNOWN/ERROR): 20202021[0m
[0;32m[1784833717.141] [11404:11404] [DL]   Setup Discriminator (0xFFFF for UNKNOWN/ERROR): 3840 (0xF00)[0m
[0;32m[1784833717.141] [11404:11404] [DL]   Manufacturing Date: (not set)[0m
[0;32m[1784833717.141] [11404:11404] [DL]   Device Type: 257 (0x101)[0m
[0;32m[1784833717.141] [11404:11404] [SVR] SetupQRCode: [MT:-24J042C00KA0648G00][0m
[0;32m[1784833717.141] [11404:11404] [SVR] Copy/paste the below URL in a browser to see the QR Code:[0m
[0;32m[1784833717.141] [11404:11404] [SVR] https://project-chip.github.io/connectedhomeip/qrcode.html?data=MT%3A-24J042C00KA0648G00[0m
[0;32m[1784833717.141] [11404:11404] [SVR] Manual pairing code: [34970112332][0m
[0;34m[1784833717.141] [11404:11404] [DMG] Endpoint 0, Cluster 0x0000_001D update version to a1b84746[0m
[0;34m[1784833717.141] [11404:11404] [DMG] Endpoint 1, Cluster 0x0000_005D update version to e95cbdf3[0m
[0;34m[1784833717.141] [11404:11404] [DMG] Endpoint 1, Cluster 0x0000_005D update version to e95cbdf4[0m
[0;34m[1784833717.141] [11404:11404] [DMG] Endpoint 1, Cluster 0x0000_005D update version to e95cbdf5[0m
[0;34m[1784833717.141] [11404:11404] [DMG] Endpoint 1, Cluster 0x0000_005D update version to e95cbdf6[0m
[0;34m[1784833717.141] [11404:11404] [EVL] LogEvent event number: 0x0000000000000003 priority: 1, endpoint id:  0x1 cluster id: 0x0000_005D event id: 0x0 Epoch timestamp: 0x0000019F90613395[0m
[0;32m[1784833717.141] [11404:11404] [ZCL] Set number of supported temperature units to: 2[0m
[0;34m[1784833717.141] [11404:11404] [DMG] Endpoint 0, Cluster 0x0000_002D update version to d7d7bffe[0m
[0;34m[1784833717.143] [11404:11404] [DL] Wrote settings to /tmp/chip_kvs_test[0m
[0;32m[1784833717.143] [11404:11404] [DL] ===== APP STATUS: Starting event loop =====[0m
[1;31m[1784833742.150] [11404:11405] [DL] FAIL: Get D-Bus object manager client: Error calling StartServiceByName for org.bluez: Failed to activate service 'org.bluez': timed out (service_start_timeout=25000ms)[0m
[1;31m[1784833742.150] [11404:11404] [DL] Disabling CHIPoBLE service due to error: src/platform/Linux/bluez/BluezObjectManager.cpp:280: CHIP Error 0x000000AC: Internal error[0m
[1;31m[1784833742.150] [11404:11404] [DL] Long dispatch time: 25006 ms, for event type 3[0m
[0;32m[1784833742.150] [11404:11404] [SVR] Cannot load binding table: src/platform/Linux/KeyValueStoreManagerImpl.cpp:53: CHIP Error 0x000000A0: Value not found in the persisted storage[0m
[0;32m[1784833742.150] [11404:11404] [DIS] Updating services using commissioning mode 1[0m
[0;32m[1784833742.150] [11404:11404] [DIS] CHIP minimal mDNS started advertising.[0m
[0;34m[1784833742.151] [11404:11404] [DL] Using WiFi MAC for hostname[0m
[0;34m[1784833742.151] [11404:11404] [DIS] DNS-SD Pairing Instruction not set[0m
[0;32m[1784833742.151] [11404:11404] [DIS] Advertise commission parameter vendorID=65521 productID=32769 discriminator=3840/15 cm=1 cp=0 jf=0[0m
[0;34m[1784833742.151] [11404:11404] [DIS] Responding with _matterc._udp.local[0m
[0;34m[1784833742.151] [11404:11404] [DIS] Responding with C5FD5DCFE5B29498._matterc._udp.local[0m
[0;34m[1784833742.151] [11404:11404] [DIS] Responding with 080027AE1A43.local[0m
[0;34m[1784833742.151] [11404:11404] [DIS] Responding with 080027AE1A43.local[0m
[0;34m[1784833742.151] [11404:11404] [DIS] Responding with _V65521._sub._matterc._udp.local[0m
[0;34m[1784833742.151] [11404:11404] [DIS] Responding with _T257._sub._matterc._udp.local[0m
[0;34m[1784833742.151] [11404:11404] [DIS] Responding with _S15._sub._matterc._udp.local[0m
[0;34m[1784833742.151] [11404:11404] [DIS] Responding with _L3840._sub._matterc._udp.local[0m
[0;34m[1784833742.151] [11404:11404] [DIS] Responding with _CM._sub._matterc._udp.local[0m
[0;34m[1784833742.151] [11404:11404] [DIS] Responding with C5FD5DCFE5B29498._matterc._udp.local[0m
[0;32m[1784833742.151] [11404:11404] [DIS] CHIP minimal mDNS configured as 'Commissionable node device'; instance name: C5FD5DCFE5B29498.[0m
[0;32m[1784833742.152] [11404:11404] [DIS] mDNS service published: _matterc._udp[0m
[0;32m[1784833742.152] [11404:11404] [IM] No subscriptions to resume[0m
[0;34m[1784833742.152] [11404:11404] [DMG] Endpoint 0, Cluster 0x0000_0038 update version to ab6ab66f[0m
[0;32m[1784833742.344] [11404:11404] [EM] >>> [E:45729r S:0 M:216216162] (U) Msg RX from 0:29378E5E143C50BE [0000] to 0000000000000000 --- Type 0000:20 (SecureChannel:PBKDFParamRequest) (B:98)[0m
[0;34m[1784833742.344] [11404:11404] [EM] Handling via exchange: 45729r, Delegate: 0x5e5181dfed08[0m
[0;34m[1784833742.344] [11404:11404] [SC] Received PBKDF param request[0m
[0;34m[1784833742.344] [11404:11404] [SC] Peer assigned session ID 45825[0m
[0;34m[1784833742.344] [11404:11404] [SC] Found MRP parameters in the message[0m
[0;32m[1784833742.344] [11404:11404] [EM] <<< [E:45729r S:0 M:229131686 (Ack:216216162)] (U) Msg TX from 0000000000000000 to 0:29378E5E143C50BE [0000] [UDP:[fe80::bfe:a203:38f0:bce7%enp0s3]:58872] --- Type 0000:21 (SecureChannel:PBKDFParamResponse) (B:174)[0m
[0;32m[1784833742.344] [11404:11404] [EM] ??1 [E:45729r S:0 M:229131686] (U) Msg Retransmission to 0:0000000000000000 scheduled for 359ms from now [State:Active II:500 AI:300 AT:4000][0m
[0;34m[1784833742.344] [11404:11404] [SC] Sent PBKDF param response[0m
[0;32m[1784833742.344] [11404:11404] [SVR] Commissioning session establishment step started[0m
[0;32m[1784833742.345] [11404:11404] [EM] >>> [E:45729r S:0 M:216216163 (Ack:229131686)] (U) Msg RX from 0:29378E5E143C50BE [0000] to 0000000000000000 --- Type 0000:22 (SecureChannel:PASE_Pake1) (B:96)[0m
[0;34m[1784833742.345] [11404:11404] [EM] Found matching exchange: 45729r, Delegate: 0x5e5181dfed08[0m
[0;34m[1784833742.345] [11404:11404] [EM] Rxd Ack; Removing MessageCounter:229131686 from Retrans Table on exchange 45729r[0m
[0;34m[1784833742.345] [11404:11404] [SC] Received spake2p msg1[0m
[0;32m[1784833742.346] [11404:11404] [EM] <<< [E:45729r S:0 M:229131687 (Ack:216216163)] (U) Msg TX from 0000000000000000 to 0:29378E5E143C50BE [0000] [UDP:[fe80::bfe:a203:38f0:bce7%enp0s3]:58872] --- Type 0000:23 (SecureChannel:PASE_Pake2) (B:131)[0m
[0;32m[1784833742.346] [11404:11404] [EM] ??1 [E:45729r S:0 M:229131687] (U) Msg Retransmission to 0:0000000000000000 scheduled for 391ms from now [State:Active II:500 AI:300 AT:4000][0m
[0;34m[1784833742.346] [11404:11404] [SC] Sent spake2p msg2[0m
[0;32m[1784833742.346] [11404:11404] [EM] >>> [E:45729r S:0 M:216216164 (Ack:229131687)] (U) Msg RX from 0:29378E5E143C50BE [0000] to 0000000000000000 --- Type 0000:24 (SecureChannel:PASE_Pake3) (B:63)[0m
[0;34m[1784833742.346] [11404:11404] [EM] Found matching exchange: 45729r, Delegate: 0x5e5181dfed08[0m
[0;34m[1784833742.346] [11404:11404] [EM] Rxd Ack; Removing MessageCounter:229131687 from Retrans Table on exchange 45729r[0m
[0;34m[1784833742.346] [11404:11404] [SC] Received spake2p msg3[0m
[0;34m[1784833742.346] [11404:11404] [SC] Sending status report. Protocol code 0, exchange 45729[0m
[0;32m[1784833742.346] [11404:11404] [EM] <<< [E:45729r S:0 M:229131688 (Ack:216216164)] (U) Msg TX from 0000000000000000 to 0:29378E5E143C50BE [0000] [UDP:[fe80::bfe:a203:38f0:bce7%enp0s3]:58872] --- Type 0000:40 (SecureChannel:StatusReport) (B:34)[0m
[0;32m[1784833742.346] [11404:11404] [EM] ??1 [E:45729r S:0 M:229131688] (U) Msg Retransmission to 0:0000000000000000 scheduled for 334ms from now [State:Active II:500 AI:300 AT:4000][0m
[0;32m[1784833742.346] [11404:11404] [SC] SecureSession[0x5e5199bc1890, LSID:5895]: State change 'kEstablishing' --> 'kActive'[0m
[0;34m[1784833742.346] [11404:11404] [IN] SecureSession[0x5e5199bc1890]: Activated - Type:1 LSID:5895[0m
[0;34m[1784833742.346] [11404:11404] [IN] New secure session activated for device <FFFFFFFB00000000, 0>, LSID:5895 PSID:45825![0m
[0;32m[1784833742.346] [11404:11404] [SVR] Commissioning completed session establishment step[0m
[0;32m[1784833742.346] [11404:11404] [DIS] Updating services using commissioning mode 0[0m
[0;32m[1784833742.346] [11404:11404] [DIS] CHIP minimal mDNS started advertising.[0m
[0;32m[1784833742.347] [11404:11404] [SVR] Device completed Rendezvous process[0m
[0;32m[1784833742.347] [11404:11404] [EM] >>> [E:45730r S:5895 M:246878756] (S) Msg RX from 0:FFFFFFFB00000000 [0000] to 0000000000000000 --- Type 0001:02 (IM:ReadRequest) (B:136)[0m
[0;34m[1784833742.347] [11404:11404] [EM] Handling via exchange: 45730r, Delegate: 0x5e5181e06ac8[0m
[0;34m[1784833742.347] [11404:11404] [IM] Received Read request[0m
[0;34m[1784833742.347] [11404:11404] [DMG] ReadRequestMessage =[0m
[0;34m[1784833742.347] [11404:11404] [DMG] {[0m
[0;34m[1784833742.347] [11404:11404] [DMG] 	AttributePathIBs =[0m
[0;34m[1784833742.347] [11404:11404] [DMG] 	[[0m
[0;34m[1784833742.347] [11404:11404] [DMG] 		AttributePathIB =[0m
[0;34m[1784833742.347] [11404:11404] [DMG] 		{[0m
[0;34m[1784833742.347] [11404:11404] [DMG] 			Endpoint = 0x0,[0m
[0;34m[1784833742.347] [11404:11404] [DMG] 			Cluster = 0x30,[0m
[0;34m[1784833742.347] [11404:11404] [DMG] 			Attribute = 0x0000_0004,[0m
[0;34m[1784833742.347] [11404:11404] [DMG] 		}[0m
[0;34m[1784833742.347] [11404:11404] [DMG] 			[0m
[0;34m[1784833742.347] [11404:11404] [DMG] 		AttributePathIB =[0m
[0;34m[1784833742.347] [11404:11404] [DMG] 		{[0m
[0;34m[1784833742.347] [11404:11404] [DMG] 			Endpoint = 0x0,[0m
[0;34m[1784833742.347] [11404:11404] [DMG] 			Cluster = 0x30,[0m
[0;34m[1784833742.347] [11404:11404] [DMG] 			Attribute = 0x0000_0000,[0m
[0;34m[1784833742.347] [11404:11404] [DMG] 		}[0m
[0;34m[1784833742.347] [11404:11404] [DMG] 			[0m
[0;34m[1784833742.347] [11404:11404] [DMG] 		AttributePathIB =[0m
[0;34m[1784833742.347] [11404:11404] [DMG] 		{[0m
[0;34m[1784833742.347] [11404:11404] [DMG] 			Endpoint = 0x0,[0m
[0;34m[1784833742.347] [11404:11404] [DMG] 			Cluster = 0x30,[0m
[0;34m[1784833742.347] [11404:11404] [DMG] 			Attribute = 0x0000_0001,[0m
[0;34m[1784833742.347] [11404:11404] [DMG] 		}[0m
[0;34m[1784833742.347] [11404:11404] [DMG] 			[0m
[0;34m[1784833742.347] [11404:11404] [DMG] 		AttributePathIB =[0m
[0;34m[1784833742.347] [11404:11404] [DMG] 		{[0m
[0;34m[1784833742.347] [11404:11404] [DMG] 			Endpoint = 0x0,[0m
[0;34m[1784833742.347] [11404:11404] [DMG] 			Cluster = 0x30,[0m
[0;34m[1784833742.347] [11404:11404] [DMG] 			Attribute = 0x0000_0002,[0m
[0;34m[1784833742.347] [11404:11404] [DMG] 		}[0m
[0;34m[1784833742.347] [11404:11404] [DMG] 			[0m
[0;34m[1784833742.347] [11404:11404] [DMG] 		AttributePathIB =[0m
[0;34m[1784833742.347] [11404:11404] [DMG] 		{[0m
[0;34m[1784833742.347] [11404:11404] [DMG] 			Endpoint = 0x0,[0m
[0;34m[1784833742.347] [11404:11404] [DMG] 			Cluster = 0x30,[0m
[0;34m[1784833742.347] [11404:11404] [DMG] 			Attribute = 0x0000_0003,[0m
[0;34m[1784833742.347] [11404:11404] [DMG] 		}[0m
[0;34m[1784833742.347] [11404:11404] [DMG] 			[0m
[0;34m[1784833742.347] [11404:11404] [DMG] 		AttributePathIB =[0m
[0;34m[1784833742.347] [11404:11404] [DMG] 		{[0m
[0;34m[1784833742.347] [11404:11404] [DMG] 			Endpoint = 0x0,[0m
[0;34m[1784833742.347] [11404:11404] [DMG] 			Cluster = 0x30,[0m
[0;34m[1784833742.347] [11404:11404] [DMG] 			Attribute = 0x0000_000C,[0m
[0;34m[1784833742.347] [11404:11404] [DMG] 		}[0m
[0;34m[1784833742.347] [11404:11404] [DMG] 			[0m
[0;34m[1784833742.347] [11404:11404] [DMG] 		AttributePathIB =[0m
[0;34m[1784833742.347] [11404:11404] [DMG] 		{[0m
[0;34m[1784833742.347] [11404:11404] [DMG] 			Endpoint = 0x0,[0m
[0;34m[1784833742.347] [11404:11404] [DMG] 			Cluster = 0x28,[0m
[0;34m[1784833742.347] [11404:11404] [DMG] 			Attribute = 0x0000_0002,[0m
[0;34m[1784833742.347] [11404:11404] [DMG] 		}[0m
[0;34m[1784833742.347] [11404:11404] [DMG] 			[0m
[0;34m[1784833742.347] [11404:11404] [DMG] 		AttributePathIB =[0m
[0;34m[1784833742.347] [11404:11404] [DMG] 		{[0m
[0;34m[1784833742.347] [11404:11404] [DMG] 			Endpoint = 0x0,[0m
[0;34m[1784833742.347] [11404:11404] [DMG] 			Cluster = 0x28,[0m
[0;34m[1784833742.347] [11404:11404] [DMG] 			Attribute = 0x0000_0004,[0m
[0;34m[1784833742.347] [11404:11404] [DMG] 		}[0m
[0;34m[1784833742.347] [11404:11404] [DMG] 			[0m
[0;34m[1784833742.347] [11404:11404] [DMG] 		AttributePathIB =[0m
[0;34m[1784833742.347] [11404:11404] [DMG] 		{[0m
[0;34m[1784833742.347] [11404:11404] [DMG] 			Endpoint = 0x0,[0m
[0;34m[1784833742.347] [11404:11404] [DMG] 			Cluster = 0x38,[0m
[0;34m[1784833742.347] [11404:11404] [DMG] 		}[0m
[0;34m[1784833742.347] [11404:11404] [DMG] 			[0m
[0;34m[1784833742.347] [11404:11404] [DMG] 	],[0m
[0;34m[1784833742.347] [11404:11404] [DMG] 		[0m
[0;34m[1784833742.347] [11404:11404] [DMG] 	isFabricFiltered = false, [0m
[0;34m[1784833742.347] [11404:11404] [DMG] 	InteractionModelRevision = 12[0m
[0;34m[1784833742.347] [11404:11404] [DMG] },[0m
[0;34m[1784833742.347] [11404:11404] [DMG] IM RH moving to [CanStartReporting][0m
[0;34m[1784833742.347] [11404:11404] [DMG] Building Reports for ReadHandler with LastReportGeneration = 0x0000000000000000 DirtyGeneration = 0x0000000000000000[0m
[0;34m[1784833742.347] [11404:11404] [DMG] <RE:Run> Cluster 38, Attribute 0 is dirty[0m
[0;32m[1784833742.347] [11404:11404] [DMG] AccessControl: checking f=0 a=p s=0xFFFFFFFB00000000 t= c=0x0000_0038 e=0 p=v r=r[0m
[0;32m[1784833742.347] [11404:11404] [DMG] AccessControl: implicit admin (PASE)[0m
[0;32m[1784833742.347] [11404:11404] [DMG] AccessControl: checking f=0 a=p s=0xFFFFFFFB00000000 t= c=0x0000_0038 e=0 p=v r=r[0m
[0;32m[1784833742.347] [11404:11404] [DMG] AccessControl: implicit admin (PASE)[0m
[0;34m[1784833742.347] [11404:11404] [DMG] Reading attribute: Cluster=0x0000_0038 Endpoint=0x0 AttributeId=0x0000_0000 (expanded=1)[0m
[0;34m[1784833742.347] [11404:11404] [DMG] <RE:Run> Cluster 38, Attribute 1 is dirty[0m
[0;32m[1784833742.347] [11404:11404] [DMG] AccessControl: checking f=0 a=p s=0xFFFFFFFB00000000 t= c=0x0000_0038 e=0 p=v r=r[0m
[0;32m[1784833742.347] [11404:11404] [DMG] AccessControl: implicit admin (PASE)[0m
[0;32m[1784833742.347] [11404:11404] [DMG] AccessControl: checking f=0 a=p s=0xFFFFFFFB00000000 t= c=0x0000_0038 e=0 p=v r=r[0m
[0;32m[1784833742.347] [11404:11404] [DMG] AccessControl: implicit admin (PASE)[0m
[0;34m[1784833742.347] [11404:11404] [DMG] Reading attribute: Cluster=0x0000_0038 Endpoint=0x0 AttributeId=0x0000_0001 (expanded=1)[0m
[0;34m[1784833742.347] [11404:11404] [DMG] <RE:Run> Cluster 38, Attribute 2 is dirty[0m
[0;32m[1784833742.348] [11404:11404] [DMG] AccessControl: checking f=0 a=p s=0xFFFFFFFB00000000 t= c=0x0000_0038 e=0 p=v r=r[0m
[0;32m[1784833742.348] [11404:11404] [DMG] AccessControl: implicit admin (PASE)[0m
[0;32m[1784833742.348] [11404:11404] [DMG] AccessControl: checking f=0 a=p s=0xFFFFFFFB00000000 t= c=0x0000_0038 e=0 p=v r=r[0m
[0;32m[1784833742.348] [11404:11404] [DMG] AccessControl: implicit admin (PASE)[0m
[0;34m[1784833742.348] [11404:11404] [DMG] Reading attribute: Cluster=0x0000_0038 Endpoint=0x0 AttributeId=0x0000_0002 (expanded=1)[0m
[0;34m[1784833742.348] [11404:11404] [DMG] <RE:Run> Cluster 38, Attribute 3 is dirty[0m
[0;32m[1784833742.348] [11404:11404] [DMG] AccessControl: checking f=0 a=p s=0xFFFFFFFB00000000 t= c=0x0000_0038 e=0 p=v r=r[0m
[0;32m[1784833742.348] [11404:11404] [DMG] AccessControl: implicit admin (PASE)[0m
[0;32m[1784833742.348] [11404:11404] [DMG] AccessControl: checking f=0 a=p s=0xFFFFFFFB00000000 t= c=0x0000_0038 e=0 p=v r=r[0m
[0;32m[1784833742.348] [11404:11404] [DMG] AccessControl: implicit admin (PASE)[0m
[0;34m[1784833742.348] [11404:11404] [DMG] Reading attribute: Cluster=0x0000_0038 Endpoint=0x0 AttributeId=0x0000_0003 (expanded=1)[0m
[0;34m[1784833742.348] [11404:11404] [DMG] <RE:Run> Cluster 38, Attribute 4 is dirty[0m
[0;32m[1784833742.348] [11404:11404] [DMG] AccessControl: checking f=0 a=p s=0xFFFFFFFB00000000 t= c=0x0000_0038 e=0 p=v r=r[0m
[0;32m[1784833742.348] [11404:11404] [DMG] AccessControl: implicit admin (PASE)[0m
[0;32m[1784833742.348] [11404:11404] [DMG] AccessControl: checking f=0 a=p s=0xFFFFFFFB00000000 t= c=0x0000_0038 e=0 p=v r=r[0m
[0;32m[1784833742.348] [11404:11404] [DMG] AccessControl: implicit admin (PASE)[0m
[0;34m[1784833742.348] [11404:11404] [DMG] Reading attribute: Cluster=0x0000_0038 Endpoint=0x0 AttributeId=0x0000_0004 (expanded=1)[0m
[0;34m[1784833742.348] [11404:11404] [DMG] <RE:Run> Cluster 38, Attribute 5 is dirty[0m
[0;32m[1784833742.348] [11404:11404] [DMG] AccessControl: checking f=0 a=p s=0xFFFFFFFB00000000 t= c=0x0000_0038 e=0 p=v r=r[0m
[0;32m[1784833742.348] [11404:11404] [DMG] AccessControl: implicit admin (PASE)[0m
[0;32m[1784833742.348] [11404:11404] [DMG] AccessControl: checking f=0 a=p s=0xFFFFFFFB00000000 t= c=0x0000_0038 e=0 p=v r=r[0m
[0;32m[1784833742.348] [11404:11404] [DMG] AccessControl: implicit admin (PASE)[0m
[0;34m[1784833742.348] [11404:11404] [DMG] Reading attribute: Cluster=0x0000_0038 Endpoint=0x0 AttributeId=0x0000_0005 (expanded=1)[0m
[0;34m[1784833742.348] [11404:11404] [DMG] <RE:Run> Cluster 38, Attribute 6 is dirty[0m
[0;32m[1784833742.348] [11404:11404] [DMG] AccessControl: checking f=0 a=p s=0xFFFFFFFB00000000 t= c=0x0000_0038 e=0 p=v r=r[0m
[0;32m[1784833742.348] [11404:11404] [DMG] AccessControl: implicit admin (PASE)[0m
[0;32m[1784833742.348] [11404:11404] [DMG] AccessControl: checking f=0 a=p s=0xFFFFFFFB00000000 t= c=0x0000_0038 e=0 p=v r=r[0m
[0;32m[1784833742.348] [11404:11404] [DMG] AccessControl: implicit admin (PASE)[0m
[0;34m[1784833742.348] [11404:11404] [DMG] Reading attribute: Cluster=0x0000_0038 Endpoint=0x0 AttributeId=0x0000_0006 (expanded=1)[0m
[0;34m[1784833742.348] [11404:11404] [DMG] <RE:Run> Cluster 38, Attribute 7 is dirty[0m
[0;32m[1784833742.348] [11404:11404] [DMG] AccessControl: checking f=0 a=p s=0xFFFFFFFB00000000 t= c=0x0000_0038 e=0 p=v r=r[0m
[0;32m[1784833742.348] [11404:11404] [DMG] AccessControl: implicit admin (PASE)[0m
[0;32m[1784833742.348] [11404:11404] [DMG] AccessControl: checking f=0 a=p s=0xFFFFFFFB00000000 t= c=0x0000_0038 e=0 p=v r=r[0m
[0;32m[1784833742.348] [11404:11404] [DMG] AccessControl: implicit admin (PASE)[0m
[0;34m[1784833742.348] [11404:11404] [DMG] Reading attribute: Cluster=0x0000_0038 Endpoint=0x0 AttributeId=0x0000_0007 (expanded=1)[0m
[0;34m[1784833742.348] [11404:11404] [DMG] <RE:Run> Cluster 38, Attribute 8 is dirty[0m
[0;32m[1784833742.348] [11404:11404] [DMG] AccessControl: checking f=0 a=p s=0xFFFFFFFB00000000 t= c=0x0000_0038 e=0 p=v r=r[0m
[0;32m[1784833742.348] [11404:11404] [DMG] AccessControl: implicit admin (PASE)[0m
[0;32m[1784833742.348] [11404:11404] [DMG] AccessControl: checking f=0 a=p s=0xFFFFFFFB00000000 t= c=0x0000_0038 e=0 p=v r=r[0m
[0;32m[1784833742.348] [11404:11404] [DMG] AccessControl: implicit admin (PASE)[0m
[0;34m[1784833742.348] [11404:11404] [DMG] Reading attribute: Cluster=0x0000_0038 Endpoint=0x0 AttributeId=0x0000_0008 (expanded=1)[0m
[0;34m[1784833742.348] [11404:11404] [DMG] <RE:Run> Cluster 38, Attribute a is dirty[0m
[0;32m[1784833742.348] [11404:11404] [DMG] AccessControl: checking f=0 a=p s=0xFFFFFFFB00000000 t= c=0x0000_0038 e=0 p=v r=r[0m
[0;32m[1784833742.348] [11404:11404] [DMG] AccessControl: implicit admin (PASE)[0m
[0;32m[1784833742.348] [11404:11404] [DMG] AccessControl: checking f=0 a=p s=0xFFFFFFFB00000000 t= c=0x0000_0038 e=0 p=v r=r[0m
[0;32m[1784833742.348] [11404:11404] [DMG] AccessControl: implicit admin (PASE)[0m
[0;34m[1784833742.348] [11404:11404] [DMG] Reading attribute: Cluster=0x0000_0038 Endpoint=0x0 AttributeId=0x0000_000A (expanded=1)[0m
[0;34m[1784833742.348] [11404:11404] [DMG] <RE:Run> Cluster 38, Attribute b is dirty[0m
[0;32m[1784833742.348] [11404:11404] [DMG] AccessControl: checking f=0 a=p s=0xFFFFFFFB00000000 t= c=0x0000_0038 e=0 p=v r=r[0m
[0;32m[1784833742.348] [11404:11404] [DMG] AccessControl: implicit admin (PASE)[0m
[0;32m[1784833742.348] [11404:11404] [DMG] AccessControl: checking f=0 a=p s=0xFFFFFFFB00000000 t= c=0x0000_0038 e=0 p=v r=r[0m
[0;32m[1784833742.348] [11404:11404] [DMG] AccessControl: implicit admin (PASE)[0m
[0;34m[1784833742.348] [11404:11404] [DMG] Reading attribute: Cluster=0x0000_0038 Endpoint=0x0 AttributeId=0x0000_000B (expanded=1)[0m
[0;34m[1784833742.348] [11404:11404] [DMG] <RE:Run> Cluster 38, Attribute c is dirty[0m
[0;32m[1784833742.348] [11404:11404] [DMG] AccessControl: checking f=0 a=p s=0xFFFFFFFB00000000 t= c=0x0000_0038 e=0 p=v r=r[0m
[0;32m[1784833742.348] [11404:11404] [DMG] AccessControl: implicit admin (PASE)[0m
[0;32m[1784833742.348] [11404:11404] [DMG] AccessControl: checking f=0 a=p s=0xFFFFFFFB00000000 t= c=0x0000_0038 e=0 p=v r=r[0m
[0;32m[1784833742.348] [11404:11404] [DMG] AccessControl: implicit admin (PASE)[0m
[0;34m[1784833742.348] [11404:11404] [DMG] Reading attribute: Cluster=0x0000_0038 Endpoint=0x0 AttributeId=0x0000_000C (expanded=1)[0m
[0;34m[1784833742.348] [11404:11404] [DMG] <RE:Run> Cluster 38, Attribute fffc is dirty[0m
[0;32m[1784833742.348] [11404:11404] [DMG] AccessControl: checking f=0 a=p s=0xFFFFFFFB00000000 t= c=0x0000_0038 e=0 p=v r=r[0m
[0;32m[1784833742.348] [11404:11404] [DMG] AccessControl: implicit admin (PASE)[0m
[0;32m[1784833742.348] [11404:11404] [DMG] AccessControl: checking f=0 a=p s=0xFFFFFFFB00000000 t= c=0x0000_0038 e=0 p=v r=r[0m
[0;32m[1784833742.348] [11404:11404] [DMG] AccessControl: implicit admin (PASE)[0m
[0;34m[1784833742.348] [11404:11404] [DMG] Reading attribute: Cluster=0x0000_0038 Endpoint=0x0 AttributeId=0x0000_FFFC (expanded=1)[0m
[0;34m[1784833742.348] [11404:11404] [DMG] <RE:Run> Cluster 38, Attribute fffd is dirty[0m
[0;32m[1784833742.348] [11404:11404] [DMG] AccessControl: checking f=0 a=p s=0xFFFFFFFB00000000 t= c=0x0000_0038 e=0 p=v r=r[0m
[0;32m[1784833742.348] [11404:11404] [DMG] AccessControl: implicit admin (PASE)[0m
[0;32m[1784833742.348] [11404:11404] [DMG] AccessControl: checking f=0 a=p s=0xFFFFFFFB00000000 t= c=0x0000_0038 e=0 p=v r=r[0m
[0;32m[1784833742.348] [11404:11404] [DMG] AccessControl: implicit admin (PASE)[0m
[0;34m[1784833742.348] [11404:11404] [DMG] Reading attribute: Cluster=0x0000_0038 Endpoint=0x0 AttributeId=0x0000_FFFD (expanded=1)[0m
[0;34m[1784833742.348] [11404:11404] [DMG] <RE:Run> Cluster 38, Attribute fff8 is dirty[0m
[0;32m[1784833742.348] [11404:11404] [DMG] AccessControl: checking f=0 a=p s=0xFFFFFFFB00000000 t= c=0x0000_0038 e=0 p=v r=r[0m
[0;32m[1784833742.348] [11404:11404] [DMG] AccessControl: implicit admin (PASE)[0m
[0;32m[1784833742.348] [11404:11404] [DMG] AccessControl: checking f=0 a=p s=0xFFFFFFFB00000000 t= c=0x0000_0038 e=0 p=v r=r[0m
[0;32m[1784833742.348] [11404:11404] [DMG] AccessControl: implicit admin (PASE)[0m
[0;34m[1784833742.348] [11404:11404] [DMG] <RE:Run> Cluster 38, Attribute fff9 is dirty[0m
[0;32m[1784833742.348] [11404:11404] [DMG] AccessControl: checking f=0 a=p s=0xFFFFFFFB00000000 t= c=0x0000_0038 e=0 p=v r=r[0m
[0;32m[1784833742.348] [11404:11404] [DMG] AccessControl: implicit admin (PASE)[0m
[0;32m[1784833742.348] [11404:11404] [DMG] AccessControl: checking f=0 a=p s=0xFFFFFFFB00000000 t= c=0x0000_0038 e=0 p=v r=r[0m
[0;32m[1784833742.348] [11404:11404] [DMG] AccessControl: implicit admin (PASE)[0m
[0;34m[1784833742.348] [11404:11404] [DMG] <RE:Run> Cluster 38, Attribute fffb is dirty[0m
[0;32m[1784833742.348] [11404:11404] [DMG] AccessControl: checking f=0 a=p s=0xFFFFFFFB00000000 t= c=0x0000_0038 e=0 p=v r=r[0m
[0;32m[1784833742.348] [11404:11404] [DMG] AccessControl: implicit admin (PASE)[0m
[0;32m[1784833742.348] [11404:11404] [DMG] AccessControl: checking f=0 a=p s=0xFFFFFFFB00000000 t= c=0x0000_0038 e=0 p=v r=r[0m
[0;32m[1784833742.348] [11404:11404] [DMG] AccessControl: implicit admin (PASE)[0m
[0;34m[1784833742.348] [11404:11404] [DMG] <RE:Run> Cluster 28, Attribute 4 is dirty[0m
[0;32m[1784833742.348] [11404:11404] [DMG] AccessControl: checking f=0 a=p s=0xFFFFFFFB00000000 t= c=0x0000_0028 e=0 p=v r=r[0m
[0;32m[1784833742.348] [11404:11404] [DMG] AccessControl: implicit admin (PASE)[0m
[0;32m[1784833742.348] [11404:11404] [DMG] AccessControl: checking f=0 a=p s=0xFFFFFFFB00000000 t= c=0x0000_0028 e=0 p=v r=r[0m
[0;32m[1784833742.348] [11404:11404] [DMG] AccessControl: implicit admin (PASE)[0m
[0;34m[1784833742.348] [11404:11404] [DMG] Reading attribute: Cluster=0x0000_0028 Endpoint=0x0 AttributeId=0x0000_0004 (expanded=0)[0m
[0;34m[1784833742.348] [11404:11404] [DMG] <RE:Run> Cluster 28, Attribute 2 is dirty[0m
[0;32m[1784833742.348] [11404:11404] [DMG] AccessControl: checking f=0 a=p s=0xFFFFFFFB00000000 t= c=0x0000_0028 e=0 p=v r=r[0m
[0;32m[1784833742.348] [11404:11404] [DMG] AccessControl: implicit admin (PASE)[0m
[0;32m[1784833742.348] [11404:11404] [DMG] AccessControl: checking f=0 a=p s=0xFFFFFFFB00000000 t= c=0x0000_0028 e=0 p=v r=r[0m
[0;32m[1784833742.348] [11404:11404] [DMG] AccessControl: implicit admin (PASE)[0m
[0;34m[1784833742.348] [11404:11404] [DMG] Reading attribute: Cluster=0x0000_0028 Endpoint=0x0 AttributeId=0x0000_0002 (expanded=0)[0m
[0;34m[1784833742.348] [11404:11404] [DMG] <RE:Run> Cluster 30, Attribute c is dirty[0m
[0;32m[1784833742.348] [11404:11404] [DMG] AccessControl: checking f=0 a=p s=0xFFFFFFFB00000000 t= c=0x0000_0030 e=0 p=v r=r[0m
[0;32m[1784833742.348] [11404:11404] [DMG] AccessControl: implicit admin (PASE)[0m
[1;31m[1784833742.348] [11404:11404] [DMG] Failed to read attribute: UNSUPPORTED_ATTRIBUTE(134)[0m
[1;31m[1784833742.348] [11404:11404] [DMG] Fail to retrieve data, roll back and encode status on clusterId: 0x0000_0030, attributeId: 0x0000_000Cerr = src/app/data-model-provider/ActionReturnStatus.cpp:104: IM Error 0x00000586: General error: 0x86 (UNSUPPORTED_ATTRIBUTE)[0m
[0;34m[1784833742.348] [11404:11404] [DMG] <RE:Run> Cluster 30, Attribute 3 is dirty[0m
[0;32m[1784833742.348] [11404:11404] [DMG] AccessControl: checking f=0 a=p s=0xFFFFFFFB00000000 t= c=0x0000_0030 e=0 p=v r=r[0m
[0;32m[1784833742.348] [11404:11404] [DMG] AccessControl: implicit admin (PASE)[0m
[0;32m[1784833742.348] [11404:11404] [DMG] AccessControl: checking f=0 a=p s=0xFFFFFFFB00000000 t= c=0x0000_0030 e=0 p=v r=r[0m
[0;32m[1784833742.348] [11404:11404] [DMG] AccessControl: implicit admin (PASE)[0m
[0;34m[1784833742.348] [11404:11404] [DMG] Reading attribute: Cluster=0x0000_0030 Endpoint=0x0 AttributeId=0x0000_0003 (expanded=0)[0m
[0;34m[1784833742.348] [11404:11404] [DMG] <RE:Run> Cluster 30, Attribute 2 is dirty[0m
[0;32m[1784833742.348] [11404:11404] [DMG] AccessControl: checking f=0 a=p s=0xFFFFFFFB00000000 t= c=0x0000_0030 e=0 p=v r=r[0m
[0;32m[1784833742.348] [11404:11404] [DMG] AccessControl: implicit admin (PASE)[0m
[0;32m[1784833742.348] [11404:11404] [DMG] AccessControl: checking f=0 a=p s=0xFFFFFFFB00000000 t= c=0x0000_0030 e=0 p=v r=r[0m
[0;32m[1784833742.348] [11404:11404] [DMG] AccessControl: implicit admin (PASE)[0m
[0;34m[1784833742.348] [11404:11404] [DMG] Reading attribute: Cluster=0x0000_0030 Endpoint=0x0 AttributeId=0x0000_0002 (expanded=0)[0m
[0;34m[1784833742.348] [11404:11404] [DMG] <RE:Run> Cluster 30, Attribute 1 is dirty[0m
[0;32m[1784833742.348] [11404:11404] [DMG] AccessControl: checking f=0 a=p s=0xFFFFFFFB00000000 t= c=0x0000_0030 e=0 p=v r=r[0m
[0;32m[1784833742.348] [11404:11404] [DMG] AccessControl: implicit admin (PASE)[0m
[0;32m[1784833742.348] [11404:11404] [DMG] AccessControl: checking f=0 a=p s=0xFFFFFFFB00000000 t= c=0x0000_0030 e=0 p=v r=r[0m
[0;32m[1784833742.348] [11404:11404] [DMG] AccessControl: implicit admin (PASE)[0m
[0;34m[1784833742.348] [11404:11404] [DMG] Reading attribute: Cluster=0x0000_0030 Endpoint=0x0 AttributeId=0x0000_0001 (expanded=0)[0m
[0;34m[1784833742.348] [11404:11404] [DMG] <RE:Run> Cluster 30, Attribute 0 is dirty[0m
[0;32m[1784833742.348] [11404:11404] [DMG] AccessControl: checking f=0 a=p s=0xFFFFFFFB00000000 t= c=0x0000_0030 e=0 p=v r=r[0m
[0;32m[1784833742.348] [11404:11404] [DMG] AccessControl: implicit admin (PASE)[0m
[0;32m[1784833742.348] [11404:11404] [DMG] AccessControl: checking f=0 a=p s=0xFFFFFFFB00000000 t= c=0x0000_0030 e=0 p=v r=r[0m
[0;32m[1784833742.348] [11404:11404] [DMG] AccessControl: implicit admin (PASE)[0m
[0;34m[1784833742.348] [11404:11404] [DMG] Reading attribute: Cluster=0x0000_0030 Endpoint=0x0 AttributeId=0x0000_0000 (expanded=0)[0m
[0;34m[1784833742.348] [11404:11404] [DMG] <RE:Run> Cluster 30, Attribute 4 is dirty[0m
[0;32m[1784833742.348] [11404:11404] [DMG] AccessControl: checking f=0 a=p s=0xFFFFFFFB00000000 t= c=0x0000_0030 e=0 p=v r=r[0m
[0;32m[1784833742.348] [11404:11404] [DMG] AccessControl: implicit admin (PASE)[0m
[0;32m[1784833742.348] [11404:11404] [DMG] AccessControl: checking f=0 a=p s=0xFFFFFFFB00000000 t= c=0x0000_0030 e=0 p=v r=r[0m
[0;32m[1784833742.348] [11404:11404] [DMG] AccessControl: implicit admin (PASE)[0m
[0;34m[1784833742.348] [11404:11404] [DMG] Reading attribute: Cluster=0x0000_0030 Endpoint=0x0 AttributeId=0x0000_0004 (expanded=0)[0m
[0;34m[1784833742.348] [11404:11404] [DMG] <RE> Sending report (payload has 732 bytes)...[0m
[0;32m[1784833742.348] [11404:11404] [EM] <<< [E:45730r S:5895 M:5178460 (Ack:246878756)] (S) Msg TX from 0000000000000000 to 0:FFFFFFFB00000000 [0000] [UDP:[fe80::bfe:a203:38f0:bce7%enp0s3]:58872] --- Type 0001:05 (IM:ReportData) (B:766)[0m
[0;32m[1784833742.348] [11404:11404] [EM] ??1 [E:45730r S:5895 M:5178460] (S) Msg Retransmission to 0:FFFFFFFB00000000 scheduled for 361ms from now [State:Active II:500 AI:300 AT:4000][0m
[0;34m[1784833742.348] [11404:11404] [DMG] <RE> OnReportConfirm: NumReports = 0[0m
[0;34m[1784833742.348] [11404:11404] [DMG] <RE> ReportsInFlight = 0 with readHandler 0, RE has no more messages[0m
[0;34m[1784833742.348] [11404:11404] [DMG] IM RH moving to [AwaitingDestruction][0m
[0;34m[1784833742.348] [11404:11404] [DMG] All ReadHandler-s are clean, clear GlobalDirtySet[0m
[0;32m[1784833742.348] [11404:11404] [EM] >>> [E:45729r S:0 M:216216165 (Ack:229131688)] (U) Msg RX from 0:29378E5E143C50BE [0000] to 0000000000000000 --- Type 0000:10 (SecureChannel:StandaloneAck) (B:26)[0m
[0;34m[1784833742.348] [11404:11404] [EM] Found matching exchange: 45729r, Delegate: (nil)[0m
[0;34m[1784833742.348] [11404:11404] [EM] Rxd Ack; Removing MessageCounter:229131688 from Retrans Table on exchange 45729r[0m
[0;32m[1784833742.350] [11404:11404] [EM] >>> [E:45731r S:5895 M:246878757] (S) Msg RX from 0:FFFFFFFB00000000 [0000] to 0000000000000000 --- Type 0001:02 (IM:ReadRequest) (B:112)[0m
[0;34m[1784833742.350] [11404:11404] [EM] Handling via exchange: 45731r, Delegate: 0x5e5181e06ac8[0m
[0;34m[1784833742.350] [11404:11404] [IM] Received Read request[0m
[0;34m[1784833742.350] [11404:11404] [DMG] ReadRequestMessage =[0m
[0;34m[1784833742.350] [11404:11404] [DMG] {[0m
[0;34m[1784833742.350] [11404:11404] [DMG] 	AttributePathIBs =[0m
[0;34m[1784833742.350] [11404:11404] [DMG] 	[[0m
[0;34m[1784833742.350] [11404:11404] [DMG] 		AttributePathIB =[0m
[0;34m[1784833742.350] [11404:11404] [DMG] 		{[0m
[0;34m[1784833742.350] [11404:11404] [DMG] 			Cluster = 0x31,[0m
[0;34m[1784833742.350] [11404:11404] [DMG] 			Attribute = 0x0000_FFFC,[0m
[0;34m[1784833742.350] [11404:11404] [DMG] 		}[0m
[0;34m[1784833742.350] [11404:11404] [DMG] 			[0m
[0;34m[1784833742.350] [11404:11404] [DMG] 		AttributePathIB =[0m
[0;34m[1784833742.350] [11404:11404] [DMG] 		{[0m
[0;34m[1784833742.350] [11404:11404] [DMG] 			Cluster = 0x31,[0m
[0;34m[1784833742.350] [11404:11404] [DMG] 			Attribute = 0x0000_0003,[0m
[0;34m[1784833742.350] [11404:11404] [DMG] 		}[0m
[0;34m[1784833742.350] [11404:11404] [DMG] 			[0m
[0;34m[1784833742.350] [11404:11404] [DMG] 		AttributePathIB =[0m
[0;34m[1784833742.350] [11404:11404] [DMG] 		{[0m
[0;34m[1784833742.350] [11404:11404] [DMG] 			Endpoint = 0x0,[0m
[0;34m[1784833742.350] [11404:11404] [DMG] 			Cluster = 0x46,[0m
[0;34m[1784833742.350] [11404:11404] [DMG] 			Attribute = 0x0000_0006,[0m
[0;34m[1784833742.350] [11404:11404] [DMG] 		}[0m
[0;34m[1784833742.350] [11404:11404] [DMG] 			[0m
[0;34m[1784833742.350] [11404:11404] [DMG] 		AttributePathIB =[0m
[0;34m[1784833742.350] [11404:11404] [DMG] 		{[0m
[0;34m[1784833742.350] [11404:11404] [DMG] 			Endpoint = 0x0,[0m
[0;34m[1784833742.350] [11404:11404] [DMG] 			Cluster = 0x46,[0m
[0;34m[1784833742.350] [11404:11404] [DMG] 			Attribute = 0x0000_0007,[0m
[0;34m[1784833742.350] [11404:11404] [DMG] 		}[0m
[0;34m[1784833742.350] [11404:11404] [DMG] 			[0m
[0;34m[1784833742.350] [11404:11404] [DMG] 		AttributePathIB =[0m
[0;34m[1784833742.350] [11404:11404] [DMG] 		{[0m
[0;34m[1784833742.350] [11404:11404] [DMG] 			Endpoint = 0x0,[0m
[0;34m[1784833742.350] [11404:11404] [DMG] 			Cluster = 0x46,[0m
[0;34m[1784833742.350] [11404:11404] [DMG] 			Attribute = 0x0000_0000,[0m
[0;34m[1784833742.350] [11404:11404] [DMG] 		}[0m
[0;34m[1784833742.350] [11404:11404] [DMG] 			[0m
[0;34m[1784833742.350] [11404:11404] [DMG] 		AttributePathIB =[0m
[0;34m[1784833742.350] [11404:11404] [DMG] 		{[0m
[0;34m[1784833742.350] [11404:11404] [DMG] 			Endpoint = 0x0,[0m
[0;34m[1784833742.350] [11404:11404] [DMG] 			Cluster = 0x46,[0m
[0;34m[1784833742.350] [11404:11404] [DMG] 			Attribute = 0x0000_0001,[0m
[0;34m[1784833742.350] [11404:11404] [DMG] 		}[0m
[0;34m[1784833742.350] [11404:11404] [DMG] 			[0m
[0;34m[1784833742.350] [11404:11404] [DMG] 		AttributePathIB =[0m
[0;34m[1784833742.350] [11404:11404] [DMG] 		{[0m
[0;34m[1784833742.350] [11404:11404] [DMG] 			Endpoint = 0x0,[0m
[0;34m[1784833742.350] [11404:11404] [DMG] 			Cluster = 0x46,[0m
[0;34m[1784833742.350] [11404:11404] [DMG] 			Attribute = 0x0000_0002,[0m
[0;34m[1784833742.350] [11404:11404] [DMG] 		}[0m
[0;34m[1784833742.350] [11404:11404] [DMG] 			[0m
[0;34m[1784833742.350] [11404:11404] [DMG] 	],[0m
[0;34m[1784833742.350] [11404:11404] [DMG] 		[0m
[0;34m[1784833742.350] [11404:11404] [DMG] 	isFabricFiltered = false, [0m
[0;34m[1784833742.350] [11404:11404] [DMG] 	InteractionModelRevision = 12[0m
[0;34m[1784833742.350] [11404:11404] [DMG] },[0m
[0;34m[1784833742.350] [11404:11404] [DMG] IM RH moving to [CanStartReporting][0m
[0;34m[1784833742.350] [11404:11404] [DMG] Building Reports for ReadHandler with LastReportGeneration = 0x0000000000000000 DirtyGeneration = 0x0000000000000000[0m
[0;34m[1784833742.350] [11404:11404] [DMG] <RE:Run> Cluster 46, Attribute 2 is dirty[0m
[1;31m[1784833742.350] [11404:11404] [DMG] Read request on unknown cluster - no data version available[0m
[0;32m[1784833742.350] [11404:11404] [DMG] AccessControl: checking f=0 a=p s=0xFFFFFFFB00000000 t= c=0x0000_0046 e=0 p=v r=r[0m
[0;32m[1784833742.350] [11404:11404] [DMG] AccessControl: implicit admin (PASE)[0m
[1;31m[1784833742.350] [11404:11404] [DMG] Failed to read attribute: UNSUPPORTED_CLUSTER(195)[0m
[1;31m[1784833742.350] [11404:11404] [DMG] Fail to retrieve data, roll back and encode status on clusterId: 0x0000_0046, attributeId: 0x0000_0002err = src/app/data-model-provider/ActionReturnStatus.cpp:104: IM Error 0x000005C3: General error: 0xc3 (UNSUPPORTED_CLUSTER)[0m
[0;34m[1784833742.350] [11404:11404] [DMG] <RE:Run> Cluster 46, Attribute 1 is dirty[0m
[1;31m[1784833742.350] [11404:11404] [DMG] Read request on unknown cluster - no data version available[0m
[0;32m[1784833742.350] [11404:11404] [DMG] AccessControl: checking f=0 a=p s=0xFFFFFFFB00000000 t= c=0x0000_0046 e=0 p=v r=r[0m
[0;32m[1784833742.350] [11404:11404] [DMG] AccessControl: implicit admin (PASE)[0m
[1;31m[1784833742.350] [11404:11404] [DMG] Failed to read attribute: UNSUPPORTED_CLUSTER(195)[0m
[1;31m[1784833742.350] [11404:11404] [DMG] Fail to retrieve data, roll back and encode status on clusterId: 0x0000_0046, attributeId: 0x0000_0001err = src/app/data-model-provider/ActionReturnStatus.cpp:104: IM Error 0x000005C3: General error: 0xc3 (UNSUPPORTED_CLUSTER)[0m
[0;34m[1784833742.350] [11404:11404] [DMG] <RE:Run> Cluster 46, Attribute 0 is dirty[0m
[1;31m[1784833742.350] [11404:11404] [DMG] Read request on unknown cluster - no data version available[0m
[0;32m[1784833742.350] [11404:11404] [DMG] AccessControl: checking f=0 a=p s=0xFFFFFFFB00000000 t= c=0x0000_0046 e=0 p=v r=r[0m
[0;32m[1784833742.350] [11404:11404] [DMG] AccessControl: implicit admin (PASE)[0m
[1;31m[1784833742.350] [11404:11404] [DMG] Failed to read attribute: UNSUPPORTED_CLUSTER(195)[0m
[1;31m[1784833742.350] [11404:11404] [DMG] Fail to retrieve data, roll back and encode status on clusterId: 0x0000_0046, attributeId: 0x0000_0000err = src/app/data-model-provider/ActionReturnStatus.cpp:104: IM Error 0x000005C3: General error: 0xc3 (UNSUPPORTED_CLUSTER)[0m
[0;34m[1784833742.350] [11404:11404] [DMG] <RE:Run> Cluster 46, Attribute 7 is dirty[0m
[1;31m[1784833742.350] [11404:11404] [DMG] Read request on unknown cluster - no data version available[0m
[0;32m[1784833742.350] [11404:11404] [DMG] AccessControl: checking f=0 a=p s=0xFFFFFFFB00000000 t= c=0x0000_0046 e=0 p=v r=r[0m
[0;32m[1784833742.350] [11404:11404] [DMG] AccessControl: implicit admin (PASE)[0m
[1;31m[1784833742.350] [11404:11404] [DMG] Failed to read attribute: UNSUPPORTED_CLUSTER(195)[0m
[1;31m[1784833742.350] [11404:11404] [DMG] Fail to retrieve data, roll back and encode status on clusterId: 0x0000_0046, attributeId: 0x0000_0007err = src/app/data-model-provider/ActionReturnStatus.cpp:104: IM Error 0x000005C3: General error: 0xc3 (UNSUPPORTED_CLUSTER)[0m
[0;34m[1784833742.350] [11404:11404] [DMG] <RE:Run> Cluster 46, Attribute 6 is dirty[0m
[1;31m[1784833742.350] [11404:11404] [DMG] Read request on unknown cluster - no data version available[0m
[0;32m[1784833742.350] [11404:11404] [DMG] AccessControl: checking f=0 a=p s=0xFFFFFFFB00000000 t= c=0x0000_0046 e=0 p=v r=r[0m
[0;32m[1784833742.350] [11404:11404] [DMG] AccessControl: implicit admin (PASE)[0m
[1;31m[1784833742.350] [11404:11404] [DMG] Failed to read attribute: UNSUPPORTED_CLUSTER(195)[0m
[1;31m[1784833742.350] [11404:11404] [DMG] Fail to retrieve data, roll back and encode status on clusterId: 0x0000_0046, attributeId: 0x0000_0006err = src/app/data-model-provider/ActionReturnStatus.cpp:104: IM Error 0x000005C3: General error: 0xc3 (UNSUPPORTED_CLUSTER)[0m
[0;34m[1784833742.350] [11404:11404] [DMG] <RE:Run> Cluster 31, Attribute fffc is dirty[0m
[0;32m[1784833742.350] [11404:11404] [DMG] AccessControl: checking f=0 a=p s=0xFFFFFFFB00000000 t= c=0x0000_0031 e=0 p=v r=r[0m
[0;32m[1784833742.350] [11404:11404] [DMG] AccessControl: implicit admin (PASE)[0m
[0;32m[1784833742.350] [11404:11404] [DMG] AccessControl: checking f=0 a=p s=0xFFFFFFFB00000000 t= c=0x0000_0031 e=0 p=v r=r[0m
[0;32m[1784833742.350] [11404:11404] [DMG] AccessControl: implicit admin (PASE)[0m
[0;34m[1784833742.350] [11404:11404] [DMG] Reading attribute: Cluster=0x0000_0031 Endpoint=0x0 AttributeId=0x0000_FFFC (expanded=1)[0m
[0;34m[1784833742.350] [11404:11404] [DMG] <RE> Sending report (payload has 152 bytes)...[0m
[0;32m[1784833742.350] [11404:11404] [EM] <<< [E:45731r S:5895 M:5178461 (Ack:246878757)] (S) Msg TX from 0000000000000000 to 0:FFFFFFFB00000000 [0000] [UDP:[fe80::bfe:a203:38f0:bce7%enp0s3]:58872] --- Type 0001:05 (IM:ReportData) (B:186)[0m
[0;32m[1784833742.350] [11404:11404] [EM] ??1 [E:45731r S:5895 M:5178461] (S) Msg Retransmission to 0:FFFFFFFB00000000 scheduled for 349ms from now [State:Active II:500 AI:300 AT:4000][0m
[0;34m[1784833742.350] [11404:11404] [DMG] <RE> OnReportConfirm: NumReports = 0[0m
[0;34m[1784833742.350] [11404:11404] [DMG] <RE> ReportsInFlight = 0 with readHandler 0, RE has no more messages[0m
[0;34m[1784833742.350] [11404:11404] [DMG] IM RH moving to [AwaitingDestruction][0m
[0;34m[1784833742.350] [11404:11404] [DMG] All ReadHandler-s are clean, clear GlobalDirtySet[0m
[0;32m[1784833742.350] [11404:11404] [EM] >>> [E:45730r S:5895 M:246878758 (Ack:5178460)] (S) Msg RX from 0:FFFFFFFB00000000 [0000] to 0000000000000000 --- Type 0000:10 (SecureChannel:StandaloneAck) (B:34)[0m
[0;34m[1784833742.350] [11404:11404] [EM] Found matching exchange: 45730r, Delegate: (nil)[0m
[0;34m[1784833742.350] [11404:11404] [EM] Rxd Ack; Removing MessageCounter:5178460 from Retrans Table on exchange 45730r[0m
[0;32m[1784833742.351] [11404:11404] [EM] >>> [E:45732r S:5895 M:246878759] (S) Msg RX from 0:FFFFFFFB00000000 [0000] to 0000000000000000 --- Type 0001:08 (IM:InvokeCommandRequest) (B:65)[0m
[0;34m[1784833742.351] [11404:11404] [EM] Handling via exchange: 45732r, Delegate: 0x5e5181e06ac8[0m
[0;34m[1784833742.351] [11404:11404] [DMG] InvokeRequestMessage =[0m
[0;34m[1784833742.351] [11404:11404] [DMG] {[0m
[0;34m[1784833742.351] [11404:11404] [DMG] 	suppressResponse = false, [0m
[0;34m[1784833742.351] [11404:11404] [DMG] 	timedRequest = false, [0m
[0;34m[1784833742.351] [11404:11404] [DMG] 	InvokeRequests =[0m
[0;34m[1784833742.351] [11404:11404] [DMG] 	[[0m
[0;34m[1784833742.351] [11404:11404] [DMG] 		CommandDataIB =[0m
[0;34m[1784833742.351] [11404:11404] [DMG] 		{[0m
[0;34m[1784833742.351] [11404:11404] [DMG] 			CommandPathIB =[0m
[0;34m[1784833742.351] [11404:11404] [DMG] 			{[0m
[0;34m[1784833742.351] [11404:11404] [DMG] 				EndpointId = 0x0,[0m
[0;34m[1784833742.351] [11404:11404] [DMG] 				ClusterId = 0x30,[0m
[0;34m[1784833742.351] [11404:11404] [DMG] 				CommandId = 0x0,[0m
[0;34m[1784833742.351] [11404:11404] [DMG] 			},[0m
[0;34m[1784833742.351] [11404:11404] [DMG] 			[0m
[0;34m[1784833742.351] [11404:11404] [DMG] 			CommandFields = [0m
[0;34m[1784833742.351] [11404:11404] [DMG] 			{[0m
[0;34m[1784833742.351] [11404:11404] [DMG] 				0x0 = 60 (unsigned), [0m
[0;34m[1784833742.351] [11404:11404] [DMG] 				0x1 = 3 (unsigned), [0m
[0;34m[1784833742.351] [11404:11404] [DMG] 			},[0m
[0;34m[1784833742.351] [11404:11404] [DMG] 		},[0m
[0;34m[1784833742.351] [11404:11404] [DMG] 		[0m
[0;34m[1784833742.351] [11404:11404] [DMG] 	],[0m
[0;34m[1784833742.351] [11404:11404] [DMG] 	[0m
[0;34m[1784833742.351] [11404:11404] [DMG] 	InteractionModelRevision = 12[0m
[0;34m[1784833742.351] [11404:11404] [DMG] },[0m
[0;32m[1784833742.351] [11404:11404] [DMG] AccessControl: checking f=0 a=p s=0xFFFFFFFB00000000 t= c=0x0000_0030 e=0 p=o r=i[0m
[0;32m[1784833742.351] [11404:11404] [DMG] AccessControl: implicit admin (PASE)[0m
[0;32m[1784833742.351] [11404:11404] [DMG] AccessControl: checking f=0 a=p s=0xFFFFFFFB00000000 t= c=0x0000_0030 e=0 p=a r=i[0m
[0;32m[1784833742.351] [11404:11404] [DMG] AccessControl: implicit admin (PASE)[0m
[0;34m[1784833742.351] [11404:11404] [DMG] Received command for Endpoint=0 Cluster=0x0000_0030 Command=0x0000_0000[0m
[0;32m[1784833742.351] [11404:11404] [FS] GeneralCommissioning: Received ArmFailSafe (60s)[0m
[0;34m[1784833742.351] [11404:11404] [DMG] Command handler moving to [NewRespons][0m
[0;34m[1784833742.351] [11404:11404] [DMG] Command handler moving to [ Preparing][0m
[0;34m[1784833742.351] [11404:11404] [DMG] Command handler moving to [AddingComm][0m
[0;34m[1784833742.351] [11404:11404] [DMG] Command handler moving to [AddedComma][0m
[0;34m[1784833742.351] [11404:11404] [DMG] Decreasing reference count for CommandHandlerImpl, remaining 1[0m
[0;34m[1784833742.351] [11404:11404] [DMG] Decreasing reference count for CommandHandlerImpl, remaining 0[0m
[0;34m[1784833742.351] [11404:11404] [DMG] Command handler moving to [AwaitingDe][0m
[0;32m[1784833742.351] [11404:11404] [EM] <<< [E:45732r S:5895 M:5178462 (Ack:246878759)] (S) Msg TX from 0000000000000000 to 0:FFFFFFFB00000000 [0000] [UDP:[fe80::bfe:a203:38f0:bce7%enp0s3]:58872] --- Type 0001:09 (IM:InvokeCommandResponse) (B:70)[0m
[0;32m[1784833742.351] [11404:11404] [EM] ??1 [E:45732r S:5895 M:5178462] (S) Msg Retransmission to 0:FFFFFFFB00000000 scheduled for 353ms from now [State:Active II:500 AI:300 AT:4000][0m
[0;34m[1784833742.351] [11404:11404] [DMG] Command response sender moving to [AllInvokeR][0m
[0;32m[1784833742.351] [11404:11404] [EM] >>> [E:45731r S:5895 M:246878760 (Ack:5178461)] (S) Msg RX from 0:FFFFFFFB00000000 [0000] to 0000000000000000 --- Type 0000:10 (SecureChannel:StandaloneAck) (B:34)[0m
[0;34m[1784833742.351] [11404:11404] [EM] Found matching exchange: 45731r, Delegate: (nil)[0m
[0;34m[1784833742.351] [11404:11404] [EM] Rxd Ack; Removing MessageCounter:5178461 from Retrans Table on exchange 45731r[0m
[0;32m[1784833742.351] [11404:11404] [EM] >>> [E:45733r S:5895 M:246878761] (S) Msg RX from 0:FFFFFFFB00000000 [0000] to 0000000000000000 --- Type 0001:08 (IM:InvokeCommandRequest) (B:70)[0m
[0;34m[1784833742.351] [11404:11404] [EM] Handling via exchange: 45733r, Delegate: 0x5e5181e06ac8[0m
[0;34m[1784833742.351] [11404:11404] [DMG] InvokeRequestMessage =[0m
[0;34m[1784833742.351] [11404:11404] [DMG] {[0m
[0;34m[1784833742.351] [11404:11404] [DMG] 	suppressResponse = false, [0m
[0;34m[1784833742.351] [11404:11404] [DMG] 	timedRequest = false, [0m
[0;34m[1784833742.351] [11404:11404] [DMG] 	InvokeRequests =[0m
[0;34m[1784833742.351] [11404:11404] [DMG] 	[[0m
[0;34m[1784833742.351] [11404:11404] [DMG] 		CommandDataIB =[0m
[0;34m[1784833742.351] [11404:11404] [DMG] 		{[0m
[0;34m[1784833742.351] [11404:11404] [DMG] 			CommandPathIB =[0m
[0;34m[1784833742.351] [11404:11404] [DMG] 			{[0m
[0;34m[1784833742.351] [11404:11404] [DMG] 				EndpointId = 0x0,[0m
[0;34m[1784833742.351] [11404:11404] [DMG] 				ClusterId = 0x30,[0m
[0;34m[1784833742.351] [11404:11404] [DMG] 				CommandId = 0x2,[0m
[0;34m[1784833742.351] [11404:11404] [DMG] 			},[0m
[0;34m[1784833742.351] [11404:11404] [DMG] 			[0m
[0;34m[1784833742.351] [11404:11404] [DMG] 			CommandFields = [0m
[0;34m[1784833742.351] [11404:11404] [DMG] 			{[0m
[0;34m[1784833742.351] [11404:11404] [DMG] 				0x0 = 0 (unsigned), [0m
[0;34m[1784833742.351] [11404:11404] [DMG] 				0x1 = "XX" (2 chars), [0m
[0;34m[1784833742.351] [11404:11404] [DMG] 				0x2 = 4 (unsigned), [0m
[0;34m[1784833742.351] [11404:11404] [DMG] 			},[0m
[0;34m[1784833742.351] [11404:11404] [DMG] 		},[0m
[0;34m[1784833742.351] [11404:11404] [DMG] 		[0m
[0;34m[1784833742.351] [11404:11404] [DMG] 	],[0m
[0;34m[1784833742.351] [11404:11404] [DMG] 	[0m
[0;34m[1784833742.351] [11404:11404] [DMG] 	InteractionModelRevision = 12[0m
[0;34m[1784833742.351] [11404:11404] [DMG] },[0m
[0;32m[1784833742.351] [11404:11404] [DMG] AccessControl: checking f=0 a=p s=0xFFFFFFFB00000000 t= c=0x0000_0030 e=0 p=o r=i[0m
[0;32m[1784833742.351] [11404:11404] [DMG] AccessControl: implicit admin (PASE)[0m
[0;32m[1784833742.351] [11404:11404] [DMG] AccessControl: checking f=0 a=p s=0xFFFFFFFB00000000 t= c=0x0000_0030 e=0 p=a r=i[0m
[0;32m[1784833742.351] [11404:11404] [DMG] AccessControl: implicit admin (PASE)[0m
[0;34m[1784833742.351] [11404:11404] [DMG] Received command for Endpoint=0 Cluster=0x0000_0030 Command=0x0000_0002[0m
[0;34m[1784833742.354] [11404:11404] [DL] Wrote settings to /tmp/chip_config.ini[0m
[0;32m[1784833742.354] [11404:11404] [DL] NVS set: chip-config/regulatory-location = 0 (0x0)[0m
[0;34m[1784833742.356] [11404:11404] [DL] Wrote settings to /tmp/chip_config.ini[0m
[0;32m[1784833742.356] [11404:11404] [DL] NVS set: chip-config/country-code = "XX"[0m
[0;34m[1784833742.356] [11404:11404] [DMG] Command handler moving to [NewRespons][0m
[0;34m[1784833742.356] [11404:11404] [DMG] Command handler moving to [ Preparing][0m
[0;34m[1784833742.356] [11404:11404] [DMG] Command handler moving to [AddingComm][0m
[0;34m[1784833742.356] [11404:11404] [DMG] Command handler moving to [AddedComma][0m
[0;34m[1784833742.356] [11404:11404] [DMG] Decreasing reference count for CommandHandlerImpl, remaining 1[0m
[0;34m[1784833742.356] [11404:11404] [DMG] Decreasing reference count for CommandHandlerImpl, remaining 0[0m
[0;34m[1784833742.356] [11404:11404] [DMG] Command handler moving to [AwaitingDe][0m
[0;32m[1784833742.356] [11404:11404] [EM] <<< [E:45733r S:5895 M:5178463 (Ack:246878761)] (S) Msg TX from 0000000000000000 to 0:FFFFFFFB00000000 [0000] [UDP:[fe80::bfe:a203:38f0:bce7%enp0s3]:58872] --- Type 0001:09 (IM:InvokeCommandResponse) (B:70)[0m
[0;32m[1784833742.356] [11404:11404] [EM] ??1 [E:45733r S:5895 M:5178463] (S) Msg Retransmission to 0:FFFFFFFB00000000 scheduled for 390ms from now [State:Active II:500 AI:300 AT:4000][0m
[0;34m[1784833742.356] [11404:11404] [DMG] Command response sender moving to [AllInvokeR][0m
[0;32m[1784833742.356] [11404:11404] [EM] >>> [E:45732r S:5895 M:246878762 (Ack:5178462)] (S) Msg RX from 0:FFFFFFFB00000000 [0000] to 0000000000000000 --- Type 0000:10 (SecureChannel:StandaloneAck) (B:34)[0m
[0;34m[1784833742.356] [11404:11404] [EM] Found matching exchange: 45732r, Delegate: (nil)[0m
[0;34m[1784833742.356] [11404:11404] [EM] Rxd Ack; Removing MessageCounter:5178462 from Retrans Table on exchange 45732r[0m
[0;32m[1784833742.357] [11404:11404] [EM] >>> [E:45734r S:5895 M:246878763] (S) Msg RX from 0:FFFFFFFB00000000 [0000] to 0000000000000000 --- Type 0001:08 (IM:InvokeCommandRequest) (B:72)[0m
[0;34m[1784833742.357] [11404:11404] [EM] Handling via exchange: 45734r, Delegate: 0x5e5181e06ac8[0m
[0;34m[1784833742.357] [11404:11404] [DMG] InvokeRequestMessage =[0m
[0;34m[1784833742.357] [11404:11404] [DMG] {[0m
[0;34m[1784833742.357] [11404:11404] [DMG] 	suppressResponse = false, [0m
[0;34m[1784833742.357] [11404:11404] [DMG] 	timedRequest = false, [0m
[0;34m[1784833742.357] [11404:11404] [DMG] 	InvokeRequests =[0m
[0;34m[1784833742.357] [11404:11404] [DMG] 	[[0m
[0;34m[1784833742.357] [11404:11404] [DMG] 		CommandDataIB =[0m
[0;34m[1784833742.357] [11404:11404] [DMG] 		{[0m
[0;34m[1784833742.357] [11404:11404] [DMG] 			CommandPathIB =[0m
[0;34m[1784833742.357] [11404:11404] [DMG] 			{[0m
[0;34m[1784833742.357] [11404:11404] [DMG] 				EndpointId = 0x0,[0m
[0;34m[1784833742.357] [11404:11404] [DMG] 				ClusterId = 0x38,[0m
[0;34m[1784833742.357] [11404:11404] [DMG] 				CommandId = 0x0,[0m
[0;34m[1784833742.357] [11404:11404] [DMG] 			},[0m
[0;34m[1784833742.357] [11404:11404] [DMG] 			[0m
[0;34m[1784833742.357] [11404:11404] [DMG] 			CommandFields = [0m
[0;34m[1784833742.357] [11404:11404] [DMG] 			{[0m
[0;34m[1784833742.357] [11404:11404] [DMG] 				0x0 = 838148942357017 (unsigned), [0m
[0;34m[1784833742.357] [11404:11404] [DMG] 				0x1 = 2 (unsigned), [0m
[0;34m[1784833742.357] [11404:11404] [DMG] 			},[0m
[0;34m[1784833742.357] [11404:11404] [DMG] 		},[0m
[0;34m[1784833742.357] [11404:11404] [DMG] 		[0m
[0;34m[1784833742.357] [11404:11404] [DMG] 	],[0m
[0;34m[1784833742.357] [11404:11404] [DMG] 	[0m
[0;34m[1784833742.357] [11404:11404] [DMG] 	InteractionModelRevision = 12[0m
[0;34m[1784833742.357] [11404:11404] [DMG] },[0m
[0;32m[1784833742.357] [11404:11404] [DMG] AccessControl: checking f=0 a=p s=0xFFFFFFFB00000000 t= c=0x0000_0038 e=0 p=o r=i[0m
[0;32m[1784833742.357] [11404:11404] [DMG] AccessControl: implicit admin (PASE)[0m
[0;32m[1784833742.357] [11404:11404] [DMG] AccessControl: checking f=0 a=p s=0xFFFFFFFB00000000 t= c=0x0000_0038 e=0 p=a r=i[0m
[0;32m[1784833742.357] [11404:11404] [DMG] AccessControl: implicit admin (PASE)[0m
[0;34m[1784833742.357] [11404:11404] [DMG] Received command for Endpoint=0 Cluster=0x0000_0038 Command=0x0000_0000[0m
[1;31m[1784833742.357] [11404:11404] [DMG] Endpoint=0 Cluster=0x0000_0038 Command=0x0000_0000 status 0x01 (FAILURE) ClusterSpecificCode=2 (no additional context)[0m
[0;34m[1784833742.357] [11404:11404] [DMG] Command handler moving to [NewRespons][0m
[0;34m[1784833742.357] [11404:11404] [DMG] Command handler moving to [ Preparing][0m
[0;34m[1784833742.357] [11404:11404] [DMG] Command handler moving to [AddingComm][0m
[0;34m[1784833742.357] [11404:11404] [DMG] Command handler moving to [AddedComma][0m
[0;34m[1784833742.357] [11404:11404] [DMG] Decreasing reference count for CommandHandlerImpl, remaining 1[0m
[0;34m[1784833742.357] [11404:11404] [DMG] Decreasing reference count for CommandHandlerImpl, remaining 0[0m
[0;34m[1784833742.357] [11404:11404] [DMG] Command handler moving to [AwaitingDe][0m
[0;32m[1784833742.357] [11404:11404] [EM] <<< [E:45734r S:5895 M:5178464 (Ack:246878763)] (S) Msg TX from 0000000000000000 to 0:FFFFFFFB00000000 [0000] [UDP:[fe80::bfe:a203:38f0:bce7%enp0s3]:58872] --- Type 0001:09 (IM:InvokeCommandResponse) (B:70)[0m
[0;32m[1784833742.357] [11404:11404] [EM] ??1 [E:45734r S:5895 M:5178464] (S) Msg Retransmission to 0:FFFFFFFB00000000 scheduled for 356ms from now [State:Active II:500 AI:300 AT:4000][0m
[0;34m[1784833742.357] [11404:11404] [DMG] Command response sender moving to [AllInvokeR][0m
[0;32m[1784833742.357] [11404:11404] [EM] >>> [E:45733r S:5895 M:246878764 (Ack:5178463)] (S) Msg RX from 0:FFFFFFFB00000000 [0000] to 0000000000000000 --- Type 0000:10 (SecureChannel:StandaloneAck) (B:34)[0m
[0;34m[1784833742.357] [11404:11404] [EM] Found matching exchange: 45733r, Delegate: (nil)[0m
[0;34m[1784833742.357] [11404:11404] [EM] Rxd Ack; Removing MessageCounter:5178463 from Retrans Table on exchange 45733r[0m
[0;32m[1784833742.357] [11404:11404] [EM] >>> [E:45735r S:5895 M:246878765] (S) Msg RX from 0:FFFFFFFB00000000 [0000] to 0000000000000000 --- Type 0001:08 (IM:InvokeCommandRequest) (B:62)[0m
[0;34m[1784833742.357] [11404:11404] [EM] Handling via exchange: 45735r, Delegate: 0x5e5181e06ac8[0m
[0;34m[1784833742.357] [11404:11404] [DMG] InvokeRequestMessage =[0m
[0;34m[1784833742.357] [11404:11404] [DMG] {[0m
[0;34m[1784833742.357] [11404:11404] [DMG] 	suppressResponse = false, [0m
[0;34m[1784833742.357] [11404:11404] [DMG] 	timedRequest = false, [0m
[0;34m[1784833742.357] [11404:11404] [DMG] 	InvokeRequests =[0m
[0;34m[1784833742.357] [11404:11404] [DMG] 	[[0m
[0;34m[1784833742.357] [11404:11404] [DMG] 		CommandDataIB =[0m
[0;34m[1784833742.357] [11404:11404] [DMG] 		{[0m
[0;34m[1784833742.357] [11404:11404] [DMG] 			CommandPathIB =[0m
[0;34m[1784833742.357] [11404:11404] [DMG] 			{[0m
[0;34m[1784833742.357] [11404:11404] [DMG] 				EndpointId = 0x0,[0m
[0;34m[1784833742.357] [11404:11404] [DMG] 				ClusterId = 0x3e,[0m
[0;34m[1784833742.357] [11404:11404] [DMG] 				CommandId = 0x2,[0m
[0;34m[1784833742.357] [11404:11404] [DMG] 			},[0m
[0;34m[1784833742.357] [11404:11404] [DMG] 			[0m
[0;34m[1784833742.357] [11404:11404] [DMG] 			CommandFields = [0m
[0;34m[1784833742.357] [11404:11404] [DMG] 			{[0m
[0;34m[1784833742.357] [11404:11404] [DMG] 				0x0 = 2 (unsigned), [0m
[0;34m[1784833742.357] [11404:11404] [DMG] 			},[0m
[0;34m[1784833742.357] [11404:11404] [DMG] 		},[0m
[0;34m[1784833742.357] [11404:11404] [DMG] 		[0m
[0;34m[1784833742.357] [11404:11404] [DMG] 	],[0m
[0;34m[1784833742.357] [11404:11404] [DMG] 	[0m
[0;34m[1784833742.357] [11404:11404] [DMG] 	InteractionModelRevision = 12[0m
[0;34m[1784833742.357] [11404:11404] [DMG] },[0m
[0;32m[1784833742.357] [11404:11404] [DMG] AccessControl: checking f=0 a=p s=0xFFFFFFFB00000000 t= c=0x0000_003E e=0 p=o r=i[0m
[0;32m[1784833742.357] [11404:11404] [DMG] AccessControl: implicit admin (PASE)[0m
[0;32m[1784833742.357] [11404:11404] [DMG] AccessControl: checking f=0 a=p s=0xFFFFFFFB00000000 t= c=0x0000_003E e=0 p=a r=i[0m
[0;32m[1784833742.357] [11404:11404] [DMG] AccessControl: implicit admin (PASE)[0m
[0;34m[1784833742.357] [11404:11404] [DMG] Received command for Endpoint=0 Cluster=0x0000_003E Command=0x0000_0002[0m
[0;32m[1784833742.357] [11404:11404] [ZCL] OpCreds: Certificate Chain request received for PAI[0m
[0;34m[1784833742.357] [11404:11404] [DMG] Command handler moving to [NewRespons][0m
[0;34m[1784833742.357] [11404:11404] [DMG] Command handler moving to [ Preparing][0m
[0;34m[1784833742.357] [11404:11404] [DMG] Command handler moving to [AddingComm][0m
[0;34m[1784833742.357] [11404:11404] [DMG] Command handler moving to [AddedComma][0m
[0;34m[1784833742.357] [11404:11404] [DMG] Decreasing reference count for CommandHandlerImpl, remaining 1[0m
[0;34m[1784833742.357] [11404:11404] [DMG] Decreasing reference count for CommandHandlerImpl, remaining 0[0m
[0;34m[1784833742.357] [11404:11404] [DMG] Command handler moving to [AwaitingDe][0m
[0;32m[1784833742.357] [11404:11404] [EM] <<< [E:45735r S:5895 M:5178465 (Ack:246878765)] (S) Msg TX from 0000000000000000 to 0:FFFFFFFB00000000 [0000] [UDP:[fe80::bfe:a203:38f0:bce7%enp0s3]:58872] --- Type 0001:09 (IM:InvokeCommandResponse) (B:531)[0m
[0;32m[1784833742.358] [11404:11404] [EM] ??1 [E:45735r S:5895 M:5178465] (S) Msg Retransmission to 0:FFFFFFFB00000000 scheduled for 395ms from now [State:Active II:500 AI:300 AT:4000][0m
[0;34m[1784833742.358] [11404:11404] [DMG] Command response sender moving to [AllInvokeR][0m
[0;32m[1784833742.358] [11404:11404] [EM] >>> [E:45734r S:5895 M:246878766 (Ack:5178464)] (S) Msg RX from 0:FFFFFFFB00000000 [0000] to 0000000000000000 --- Type 0000:10 (SecureChannel:StandaloneAck) (B:34)[0m
[0;34m[1784833742.358] [11404:11404] [EM] Found matching exchange: 45734r, Delegate: (nil)[0m
[0;34m[1784833742.358] [11404:11404] [EM] Rxd Ack; Removing MessageCounter:5178464 from Retrans Table on exchange 45734r[0m
[0;32m[1784833742.358] [11404:11404] [EM] >>> [E:45736r S:5895 M:246878767] (S) Msg RX from 0:FFFFFFFB00000000 [0000] to 0000000000000000 --- Type 0001:08 (IM:InvokeCommandRequest) (B:62)[0m
[0;34m[1784833742.358] [11404:11404] [EM] Handling via exchange: 45736r, Delegate: 0x5e5181e06ac8[0m
[0;34m[1784833742.358] [11404:11404] [DMG] InvokeRequestMessage =[0m
[0;34m[1784833742.358] [11404:11404] [DMG] {[0m
[0;34m[1784833742.358] [11404:11404] [DMG] 	suppressResponse = false, [0m
[0;34m[1784833742.358] [11404:11404] [DMG] 	timedRequest = false, [0m
[0;34m[1784833742.358] [11404:11404] [DMG] 	InvokeRequests =[0m
[0;34m[1784833742.358] [11404:11404] [DMG] 	[[0m
[0;34m[1784833742.358] [11404:11404] [DMG] 		CommandDataIB =[0m
[0;34m[1784833742.358] [11404:11404] [DMG] 		{[0m
[0;34m[1784833742.358] [11404:11404] [DMG] 			CommandPathIB =[0m
[0;34m[1784833742.358] [11404:11404] [DMG] 			{[0m
[0;34m[1784833742.358] [11404:11404] [DMG] 				EndpointId = 0x0,[0m
[0;34m[1784833742.358] [11404:11404] [DMG] 				ClusterId = 0x3e,[0m
[0;34m[1784833742.358] [11404:11404] [DMG] 				CommandId = 0x2,[0m
[0;34m[1784833742.358] [11404:11404] [DMG] 			},[0m
[0;34m[1784833742.358] [11404:11404] [DMG] 			[0m
[0;34m[1784833742.358] [11404:11404] [DMG] 			CommandFields = [0m
[0;34m[1784833742.358] [11404:11404] [DMG] 			{[0m
[0;34m[1784833742.358] [11404:11404] [DMG] 				0x0 = 1 (unsigned), [0m
[0;34m[1784833742.358] [11404:11404] [DMG] 			},[0m
[0;34m[1784833742.358] [11404:11404] [DMG] 		},[0m
[0;34m[1784833742.358] [11404:11404] [DMG] 		[0m
[0;34m[1784833742.358] [11404:11404] [DMG] 	],[0m
[0;34m[1784833742.358] [11404:11404] [DMG] 	[0m
[0;34m[1784833742.358] [11404:11404] [DMG] 	InteractionModelRevision = 12[0m
[0;34m[1784833742.358] [11404:11404] [DMG] },[0m
[0;32m[1784833742.358] [11404:11404] [DMG] AccessControl: checking f=0 a=p s=0xFFFFFFFB00000000 t= c=0x0000_003E e=0 p=o r=i[0m
[0;32m[1784833742.358] [11404:11404] [DMG] AccessControl: implicit admin (PASE)[0m
[0;32m[1784833742.358] [11404:11404] [DMG] AccessControl: checking f=0 a=p s=0xFFFFFFFB00000000 t= c=0x0000_003E e=0 p=a r=i[0m
[0;32m[1784833742.358] [11404:11404] [DMG] AccessControl: implicit admin (PASE)[0m
[0;34m[1784833742.358] [11404:11404] [DMG] Received command for Endpoint=0 Cluster=0x0000_003E Command=0x0000_0002[0m
[0;32m[1784833742.358] [11404:11404] [ZCL] OpCreds: Certificate Chain request received for DAC[0m
[0;34m[1784833742.358] [11404:11404] [DMG] Command handler moving to [NewRespons][0m
[0;34m[1784833742.358] [11404:11404] [DMG] Command handler moving to [ Preparing][0m
[0;34m[1784833742.358] [11404:11404] [DMG] Command handler moving to [AddingComm][0m
[0;34m[1784833742.358] [11404:11404] [DMG] Command handler moving to [AddedComma][0m
[0;34m[1784833742.358] [11404:11404] [DMG] Decreasing reference count for CommandHandlerImpl, remaining 1[0m
[0;34m[1784833742.358] [11404:11404] [DMG] Decreasing reference count for CommandHandlerImpl, remaining 0[0m
[0;34m[1784833742.358] [11404:11404] [DMG] Command handler moving to [AwaitingDe][0m
[0;32m[1784833742.358] [11404:11404] [EM] <<< [E:45736r S:5895 M:5178466 (Ack:246878767)] (S) Msg TX from 0000000000000000 to 0:FFFFFFFB00000000 [0000] [UDP:[fe80::bfe:a203:38f0:bce7%enp0s3]:58872] --- Type 0001:09 (IM:InvokeCommandResponse) (B:559)[0m
[0;32m[1784833742.358] [11404:11404] [EM] ??1 [E:45736r S:5895 M:5178466] (S) Msg Retransmission to 0:FFFFFFFB00000000 scheduled for 350ms from now [State:Active II:500 AI:300 AT:4000][0m
[0;34m[1784833742.358] [11404:11404] [DMG] Command response sender moving to [AllInvokeR][0m
[0;32m[1784833742.358] [11404:11404] [EM] >>> [E:45735r S:5895 M:246878768 (Ack:5178465)] (S) Msg RX from 0:FFFFFFFB00000000 [0000] to 0000000000000000 --- Type 0000:10 (SecureChannel:StandaloneAck) (B:34)[0m
[0;34m[1784833742.358] [11404:11404] [EM] Found matching exchange: 45735r, Delegate: (nil)[0m
[0;34m[1784833742.358] [11404:11404] [EM] Rxd Ack; Removing MessageCounter:5178465 from Retrans Table on exchange 45735r[0m
[0;32m[1784833742.359] [11404:11404] [EM] >>> [E:45737r S:5895 M:246878769] (S) Msg RX from 0:FFFFFFFB00000000 [0000] to 0000000000000000 --- Type 0001:08 (IM:InvokeCommandRequest) (B:94)[0m
[0;34m[1784833742.359] [11404:11404] [EM] Handling via exchange: 45737r, Delegate: 0x5e5181e06ac8[0m
[0;34m[1784833742.359] [11404:11404] [DMG] InvokeRequestMessage =[0m
[0;34m[1784833742.359] [11404:11404] [DMG] {[0m
[0;34m[1784833742.359] [11404:11404] [DMG] 	suppressResponse = false, [0m
[0;34m[1784833742.359] [11404:11404] [DMG] 	timedRequest = false, [0m
[0;34m[1784833742.359] [11404:11404] [DMG] 	InvokeRequests =[0m
[0;34m[1784833742.359] [11404:11404] [DMG] 	[[0m
[0;34m[1784833742.359] [11404:11404] [DMG] 		CommandDataIB =[0m
[0;34m[1784833742.359] [11404:11404] [DMG] 		{[0m
[0;34m[1784833742.359] [11404:11404] [DMG] 			CommandPathIB =[0m
[0;34m[1784833742.359] [11404:11404] [DMG] 			{[0m
[0;34m[1784833742.359] [11404:11404] [DMG] 				EndpointId = 0x0,[0m
[0;34m[1784833742.359] [11404:11404] [DMG] 				ClusterId = 0x3e,[0m
[0;34m[1784833742.359] [11404:11404] [DMG] 				CommandId = 0x0,[0m
[0;34m[1784833742.359] [11404:11404] [DMG] 			},[0m
[0;34m[1784833742.359] [11404:11404] [DMG] 			[0m
[0;34m[1784833742.359] [11404:11404] [DMG] 			CommandFields = [0m
[0;34m[1784833742.359] [11404:11404] [DMG] 			{[0m
[0;34m[1784833742.359] [11404:11404] [DMG] 				0x0 = [[0m
[0;34m[1784833742.359] [11404:11404] [DMG] 						0x4c, 0xb4, 0xfa, 0xb1, 0x07, 0xb4, 0x3f, 0x06, 0xba, 0x84, 0x7f, 0x32, 0x52, 0x31, 0x60, 0x29, 0xc3, 0x73, 0xd3, 0x03, 0xc5, 0x8e, 0x4b, 0xe8, 0x71, 0xa6, 0xe4, 0x52, 0x45, 0x33, 0xe9, 0x1c, [0m
[0;34m[1784833742.359] [11404:11404] [DMG] 				] (32 bytes)[0m
[0;34m[1784833742.359] [11404:11404] [DMG] 			},[0m
[0;34m[1784833742.359] [11404:11404] [DMG] 		},[0m
[0;34m[1784833742.359] [11404:11404] [DMG] 		[0m
[0;34m[1784833742.359] [11404:11404] [DMG] 	],[0m
[0;34m[1784833742.359] [11404:11404] [DMG] 	[0m
[0;34m[1784833742.359] [11404:11404] [DMG] 	InteractionModelRevision = 12[0m
[0;34m[1784833742.359] [11404:11404] [DMG] },[0m
[0;32m[1784833742.359] [11404:11404] [DMG] AccessControl: checking f=0 a=p s=0xFFFFFFFB00000000 t= c=0x0000_003E e=0 p=o r=i[0m
[0;32m[1784833742.359] [11404:11404] [DMG] AccessControl: implicit admin (PASE)[0m
[0;32m[1784833742.359] [11404:11404] [DMG] AccessControl: checking f=0 a=p s=0xFFFFFFFB00000000 t= c=0x0000_003E e=0 p=a r=i[0m
[0;32m[1784833742.359] [11404:11404] [DMG] AccessControl: implicit admin (PASE)[0m
[0;34m[1784833742.359] [11404:11404] [DMG] Received command for Endpoint=0 Cluster=0x0000_003E Command=0x0000_0000[0m
[0;32m[1784833742.359] [11404:11404] [ZCL] OpCreds: Received an AttestationRequest command[0m
[0;32m[1784833742.359] [11404:11404] [ZCL] OpCreds: AttestationRequest successful.[0m
[0;34m[1784833742.359] [11404:11404] [DMG] Command handler moving to [NewRespons][0m
[0;34m[1784833742.359] [11404:11404] [DMG] Command handler moving to [ Preparing][0m
[0;34m[1784833742.359] [11404:11404] [DMG] Command handler moving to [AddingComm][0m
[0;34m[1784833742.359] [11404:11404] [DMG] Command handler moving to [AddedComma][0m
[0;34m[1784833742.359] [11404:11404] [DMG] Decreasing reference count for CommandHandlerImpl, remaining 1[0m
[0;34m[1784833742.359] [11404:11404] [DMG] Decreasing reference count for CommandHandlerImpl, remaining 0[0m
[0;34m[1784833742.359] [11404:11404] [DMG] Command handler moving to [AwaitingDe][0m
[0;32m[1784833742.359] [11404:11404] [EM] <<< [E:45737r S:5895 M:5178467 (Ack:246878769)] (S) Msg TX from 0000000000000000 to 0:FFFFFFFB00000000 [0000] [UDP:[fe80::bfe:a203:38f0:bce7%enp0s3]:58872] --- Type 0001:09 (IM:InvokeCommandResponse) (B:718)[0m
[0;32m[1784833742.359] [11404:11404] [EM] ??1 [E:45737r S:5895 M:5178467] (S) Msg Retransmission to 0:FFFFFFFB00000000 scheduled for 382ms from now [State:Active II:500 AI:300 AT:4000][0m
[0;34m[1784833742.359] [11404:11404] [DMG] Command response sender moving to [AllInvokeR][0m
[0;32m[1784833742.359] [11404:11404] [EM] >>> [E:45736r S:5895 M:246878770 (Ack:5178466)] (S) Msg RX from 0:FFFFFFFB00000000 [0000] to 0000000000000000 --- Type 0000:10 (SecureChannel:StandaloneAck) (B:34)[0m
[0;34m[1784833742.359] [11404:11404] [EM] Found matching exchange: 45736r, Delegate: (nil)[0m
[0;34m[1784833742.359] [11404:11404] [EM] Rxd Ack; Removing MessageCounter:5178466 from Retrans Table on exchange 45736r[0m
[0;32m[1784833742.365] [11404:11404] [EM] >>> [E:45738r S:5895 M:246878771] (S) Msg RX from 0:FFFFFFFB00000000 [0000] to 0000000000000000 --- Type 0001:08 (IM:InvokeCommandRequest) (B:94)[0m
[0;34m[1784833742.365] [11404:11404] [EM] Handling via exchange: 45738r, Delegate: 0x5e5181e06ac8[0m
[0;34m[1784833742.365] [11404:11404] [DMG] InvokeRequestMessage =[0m
[0;34m[1784833742.365] [11404:11404] [DMG] {[0m
[0;34m[1784833742.365] [11404:11404] [DMG] 	suppressResponse = false, [0m
[0;34m[1784833742.365] [11404:11404] [DMG] 	timedRequest = false, [0m
[0;34m[1784833742.365] [11404:11404] [DMG] 	InvokeRequests =[0m
[0;34m[1784833742.365] [11404:11404] [DMG] 	[[0m
[0;34m[1784833742.365] [11404:11404] [DMG] 		CommandDataIB =[0m
[0;34m[1784833742.365] [11404:11404] [DMG] 		{[0m
[0;34m[1784833742.365] [11404:11404] [DMG] 			CommandPathIB =[0m
[0;34m[1784833742.365] [11404:11404] [DMG] 			{[0m
[0;34m[1784833742.365] [11404:11404] [DMG] 				EndpointId = 0x0,[0m
[0;34m[1784833742.365] [11404:11404] [DMG] 				ClusterId = 0x3e,[0m
[0;34m[1784833742.365] [11404:11404] [DMG] 				CommandId = 0x4,[0m
[0;34m[1784833742.366] [11404:11404] [DMG] 			},[0m
[0;34m[1784833742.366] [11404:11404] [DMG] 			[0m
[0;34m[1784833742.366] [11404:11404] [DMG] 			CommandFields = [0m
[0;34m[1784833742.366] [11404:11404] [DMG] 			{[0m
[0;34m[1784833742.366] [11404:11404] [DMG] 				0x0 = [[0m
[0;34m[1784833742.366] [11404:11404] [DMG] 						0x58, 0x60, 0x68, 0x60, 0xa2, 0x84, 0xd1, 0xdb, 0xc6, 0x56, 0x6c, 0x3a, 0x3c, 0xeb, 0xcb, 0x82, 0x8e, 0xef, 0x19, 0xfe, 0x25, 0xbd, 0xd6, 0x02, 0x50, 0x0a, 0xda, 0x6b, 0xb9, 0x55, 0x5a, 0x18, [0m
[0;34m[1784833742.366] [11404:11404] [DMG] 				] (32 bytes)[0m
[0;34m[1784833742.366] [11404:11404] [DMG] 			},[0m
[0;34m[1784833742.366] [11404:11404] [DMG] 		},[0m
[0;34m[1784833742.366] [11404:11404] [DMG] 		[0m
[0;34m[1784833742.366] [11404:11404] [DMG] 	],[0m
[0;34m[1784833742.366] [11404:11404] [DMG] 	[0m
[0;34m[1784833742.366] [11404:11404] [DMG] 	InteractionModelRevision = 12[0m
[0;34m[1784833742.366] [11404:11404] [DMG] },[0m
[0;32m[1784833742.366] [11404:11404] [DMG] AccessControl: checking f=0 a=p s=0xFFFFFFFB00000000 t= c=0x0000_003E e=0 p=o r=i[0m
[0;32m[1784833742.366] [11404:11404] [DMG] AccessControl: implicit admin (PASE)[0m
[0;32m[1784833742.366] [11404:11404] [DMG] AccessControl: checking f=0 a=p s=0xFFFFFFFB00000000 t= c=0x0000_003E e=0 p=a r=i[0m
[0;32m[1784833742.366] [11404:11404] [DMG] AccessControl: implicit admin (PASE)[0m
[0;34m[1784833742.366] [11404:11404] [DMG] Received command for Endpoint=0 Cluster=0x0000_003E Command=0x0000_0004[0m
[0;32m[1784833742.366] [11404:11404] [ZCL] OpCreds: Received a CSRRequest command[0m
[0;32m[1784833742.366] [11404:11404] [ZCL] OpCreds: AllocatePendingOperationalKey succeeded[0m
[0;32m[1784833742.366] [11404:11404] [ZCL] OpCreds: CSRRequest successful.[0m
[0;34m[1784833742.366] [11404:11404] [DMG] Command handler moving to [NewRespons][0m
[0;34m[1784833742.366] [11404:11404] [DMG] Command handler moving to [ Preparing][0m
[0;34m[1784833742.366] [11404:11404] [DMG] Command handler moving to [AddingComm][0m
[0;34m[1784833742.366] [11404:11404] [DMG] Command handler moving to [AddedComma][0m
[0;34m[1784833742.366] [11404:11404] [DMG] Decreasing reference count for CommandHandlerImpl, remaining 1[0m
[0;34m[1784833742.366] [11404:11404] [DMG] Decreasing reference count for CommandHandlerImpl, remaining 0[0m
[0;34m[1784833742.366] [11404:11404] [DMG] Command handler moving to [AwaitingDe][0m
[0;32m[1784833742.367] [11404:11404] [EM] <<< [E:45738r S:5895 M:5178468 (Ack:246878771)] (S) Msg TX from 0000000000000000 to 0:FFFFFFFB00000000 [0000] [UDP:[fe80::bfe:a203:38f0:bce7%enp0s3]:58872] --- Type 0001:09 (IM:InvokeCommandResponse) (B:378)[0m
[0;32m[1784833742.367] [11404:11404] [EM] ??1 [E:45738r S:5895 M:5178468] (S) Msg Retransmission to 0:FFFFFFFB00000000 scheduled for 387ms from now [State:Active II:500 AI:300 AT:4000][0m
[0;34m[1784833742.367] [11404:11404] [DMG] Command response sender moving to [AllInvokeR][0m
[0;32m[1784833742.367] [11404:11404] [EM] >>> [E:45737r S:5895 M:246878772 (Ack:5178467)] (S) Msg RX from 0:FFFFFFFB00000000 [0000] to 0000000000000000 --- Type 0000:10 (SecureChannel:StandaloneAck) (B:34)[0m
[0;34m[1784833742.367] [11404:11404] [EM] Found matching exchange: 45737r, Delegate: (nil)[0m
[0;34m[1784833742.367] [11404:11404] [EM] Rxd Ack; Removing MessageCounter:5178467 from Retrans Table on exchange 45737r[0m
[0;32m[1784833742.369] [11404:11404] [EM] >>> [E:45739r S:5895 M:246878773] (S) Msg RX from 0:FFFFFFFB00000000 [0000] to 0000000000000000 --- Type 0001:08 (IM:InvokeCommandRequest) (B:293)[0m
[0;34m[1784833742.369] [11404:11404] [EM] Handling via exchange: 45739r, Delegate: 0x5e5181e06ac8[0m
[0;34m[1784833742.369] [11404:11404] [DMG] InvokeRequestMessage =[0m
[0;34m[1784833742.369] [11404:11404] [DMG] {[0m
[0;34m[1784833742.369] [11404:11404] [DMG] 	suppressResponse = false, [0m
[0;34m[1784833742.369] [11404:11404] [DMG] 	timedRequest = false, [0m
[0;34m[1784833742.369] [11404:11404] [DMG] 	InvokeRequests =[0m
[0;34m[1784833742.369] [11404:11404] [DMG] 	[[0m
[0;34m[1784833742.369] [11404:11404] [DMG] 		CommandDataIB =[0m
[0;34m[1784833742.369] [11404:11404] [DMG] 		{[0m
[0;34m[1784833742.369] [11404:11404] [DMG] 			CommandPathIB =[0m
[0;34m[1784833742.369] [11404:11404] [DMG] 			{[0m
[0;34m[1784833742.369] [11404:11404] [DMG] 				EndpointId = 0x0,[0m
[0;34m[1784833742.369] [11404:11404] [DMG] 				ClusterId = 0x3e,[0m
[0;34m[1784833742.369] [11404:11404] [DMG] 				CommandId = 0xb,[0m
[0;34m[1784833742.369] [11404:11404] [DMG] 			},[0m
[0;34m[1784833742.369] [11404:11404] [DMG] 			[0m
[0;34m[1784833742.369] [11404:11404] [DMG] 			CommandFields = [0m
[0;34m[1784833742.369] [11404:11404] [DMG] 			{[0m
[0;34m[1784833742.369] [11404:11404] [DMG] 				0x0 = [[0m
[0;34m[1784833742.369] [11404:11404] [DMG] 						0x15, 0x30, 0x01, 0x01, 0x01, 0x24, 0x02, 0x01, 0x37, 0x03, 0x24, 0x14, 0x01, 0x18, 0x26, 0x04, 0x80, 0x22, 0x81, 0x27, 0x26, 0x05, 0x80, 0x25, 0x4d, 0x3a, 0x37, 0x06, 0x24, 0x14, 0x01, 0x18, 0x24, 0x07, 0x01, 0x24, 0x08, 0x01, 0x30, 0x09, 0x41, 0x04, 0x10, 0x1c, 0xc5, 0x7a, 0x1a, 0xff, 0x17, 0x2b, 0xa8, 0x93, 0xdc, 0xf7, 0x84, 0xd5, 0x8a, 0x3e, 0xdc, 0xcc, 0x5c, 0x3e, 0xb5, 0xc4, 0x09, 0xb0, 0xb2, 0xfb, 0x59, 0x8c, 0x11, 0x2c, 0x65, 0x23, 0x28, 0x04, 0xbd, 0x5f, 0xd5, 0xaf, 0xd2, 0x74, 0xee, 0xbe, 0x07, 0xde, 0x43, 0xd3, 0xfd, 0x90, 0x04, 0x4b, 0x95, 0x68, 0xba, 0xd5, 0x1d, 0x49, 0x36, 0xc7, 0x44, 0x9b, 0x08, 0x28, 0xed, 0x6c, 0x37, 0x0a, 0x35, 0x01, 0x29, 0x01, 0x18, 0x24, 0x02, 0x60, 0x30, 0x04, 0x14, 0x6e, 0x0c, 0x92, 0xda, 0xf9, 0xae, 0x96, 0xea, 0x33, 0xcf, 0xb9, 0x56, 0x57, 0x59, 0x90, 0xb6, 0x91, 0x4c, 0x0e, 0x6b, 0x30, 0x05, 0x14, 0x6e, 0x0c, 0x92, 0xda, 0xf9, 0xae, 0x96, 0xea, 0x33, 0xcf, 0xb9, 0x56, 0x57, 0x59, 0x90, 0xb6, 0x91, 0x4c, 0x0e, 0x6b, 0x18, 0x30, 0x0b, 0x40, 0x7b, 0xe8, 0xb2, 0x22, 0x7d, 0x5d, 0xf5, 0x39, 0x81, 0x91, 0xa8, 0xbb, 0xd4, 0xf4, 0x0d, 0x3d, 0xcd, 0x15, 0xa2, 0x8c, 0x5a, 0xb2, 0xc9, 0x73, 0x3e, 0x39, 0x04, 0x5e, 0xfb, 0xdb, 0x3b, 0x47, 0x29, 0x27, 0xfb, 0x02, 0xa3, 0x8b, 0x29, 0xd7, 0x8d, 0x3e, 0x5f, 0x80, 0x5d, 0x0d, 0x9c, 0x68, 0xcc, 0x4b, 0x28, 0x66, 0x40, 0x39, 0x70, 0xa8, 0x0f, 0xa3, 0x0f, 0x08, 0x54, 0x75, 0xe0, 0xc3, 0x18, [0m
[0;34m[1784833742.369] [11404:11404] [DMG] 				] (231 bytes)[0m
[0;34m[1784833742.369] [11404:11404] [DMG] 			},[0m
[0;34m[1784833742.369] [11404:11404] [DMG] 		},[0m
[0;34m[1784833742.369] [11404:11404] [DMG] 		[0m
[0;34m[1784833742.369] [11404:11404] [DMG] 	],[0m
[0;34m[1784833742.369] [11404:11404] [DMG] 	[0m
[0;34m[1784833742.369] [11404:11404] [DMG] 	InteractionModelRevision = 12[0m
[0;34m[1784833742.369] [11404:11404] [DMG] },[0m
[0;32m[1784833742.369] [11404:11404] [DMG] AccessControl: checking f=0 a=p s=0xFFFFFFFB00000000 t= c=0x0000_003E e=0 p=o r=i[0m
[0;32m[1784833742.369] [11404:11404] [DMG] AccessControl: implicit admin (PASE)[0m
[0;32m[1784833742.369] [11404:11404] [DMG] AccessControl: checking f=0 a=p s=0xFFFFFFFB00000000 t= c=0x0000_003E e=0 p=a r=i[0m
[0;32m[1784833742.369] [11404:11404] [DMG] AccessControl: implicit admin (PASE)[0m
[0;34m[1784833742.369] [11404:11404] [DMG] Received command for Endpoint=0 Cluster=0x0000_003E Command=0x0000_000B[0m
[0;32m[1784833742.369] [11404:11404] [ZCL] OpCreds: Received an AddTrustedRootCertificate command[0m
[0;32m[1784833742.369] [11404:11404] [ZCL] OpCreds: AddTrustedRootCertificate successful.[0m
[0;34m[1784833742.369] [11404:11404] [DMG] Command handler moving to [NewRespons][0m
[0;34m[1784833742.369] [11404:11404] [DMG] Command handler moving to [ Preparing][0m
[0;34m[1784833742.369] [11404:11404] [DMG] Command handler moving to [AddingComm][0m
[0;34m[1784833742.369] [11404:11404] [DMG] Command handler moving to [AddedComma][0m
[0;34m[1784833742.369] [11404:11404] [DMG] Decreasing reference count for CommandHandlerImpl, remaining 1[0m
[0;34m[1784833742.369] [11404:11404] [DMG] Decreasing reference count for CommandHandlerImpl, remaining 0[0m
[0;34m[1784833742.369] [11404:11404] [DMG] Command handler moving to [AwaitingDe][0m
[0;32m[1784833742.370] [11404:11404] [EM] <<< [E:45739r S:5895 M:5178469 (Ack:246878773)] (S) Msg TX from 0000000000000000 to 0:FFFFFFFB00000000 [0000] [UDP:[fe80::bfe:a203:38f0:bce7%enp0s3]:58872] --- Type 0001:09 (IM:InvokeCommandResponse) (B:67)[0m
[0;32m[1784833742.370] [11404:11404] [EM] ??1 [E:45739r S:5895 M:5178469] (S) Msg Retransmission to 0:FFFFFFFB00000000 scheduled for 405ms from now [State:Active II:500 AI:300 AT:4000][0m
[0;34m[1784833742.370] [11404:11404] [DMG] Command response sender moving to [AllInvokeR][0m
[0;32m[1784833742.370] [11404:11404] [EM] >>> [E:45738r S:5895 M:246878774 (Ack:5178468)] (S) Msg RX from 0:FFFFFFFB00000000 [0000] to 0000000000000000 --- Type 0000:10 (SecureChannel:StandaloneAck) (B:34)[0m
[0;34m[1784833742.370] [11404:11404] [EM] Found matching exchange: 45738r, Delegate: (nil)[0m
[0;34m[1784833742.370] [11404:11404] [EM] Rxd Ack; Removing MessageCounter:5178468 from Retrans Table on exchange 45738r[0m
[0;32m[1784833742.370] [11404:11404] [EM] >>> [E:45740r S:5895 M:246878775] (S) Msg RX from 0:FFFFFFFB00000000 [0000] to 0000000000000000 --- Type 0001:08 (IM:InvokeCommandRequest) (B:566)[0m
[0;34m[1784833742.370] [11404:11404] [EM] Handling via exchange: 45740r, Delegate: 0x5e5181e06ac8[0m
[0;34m[1784833742.370] [11404:11404] [DMG] InvokeRequestMessage =[0m
[0;34m[1784833742.370] [11404:11404] [DMG] {[0m
[0;34m[1784833742.370] [11404:11404] [DMG] 	suppressResponse = false, [0m
[0;34m[1784833742.370] [11404:11404] [DMG] 	timedRequest = false, [0m
[0;34m[1784833742.370] [11404:11404] [DMG] 	InvokeRequests =[0m
[0;34m[1784833742.370] [11404:11404] [DMG] 	[[0m
[0;34m[1784833742.370] [11404:11404] [DMG] 		CommandDataIB =[0m
[0;34m[1784833742.370] [11404:11404] [DMG] 		{[0m
[0;34m[1784833742.370] [11404:11404] [DMG] 			CommandPathIB =[0m
[0;34m[1784833742.370] [11404:11404] [DMG] 			{[0m
[0;34m[1784833742.370] [11404:11404] [DMG] 				EndpointId = 0x0,[0m
[0;34m[1784833742.370] [11404:11404] [DMG] 				ClusterId = 0x3e,[0m
[0;34m[1784833742.370] [11404:11404] [DMG] 				CommandId = 0x6,[0m
[0;34m[1784833742.370] [11404:11404] [DMG] 			},[0m
[0;34m[1784833742.370] [11404:11404] [DMG] 			[0m
[0;34m[1784833742.370] [11404:11404] [DMG] 			CommandFields = [0m
[0;34m[1784833742.370] [11404:11404] [DMG] 			{[0m
[0;34m[1784833742.370] [11404:11404] [DMG] 				0x0 = [[0m
[0;34m[1784833742.370] [11404:11404] [DMG] 						0x15, 0x30, 0x01, 0x01, 0x01, 0x24, 0x02, 0x01, 0x37, 0x03, 0x24, 0x13, 0x02, 0x18, 0x26, 0x04, 0x80, 0x22, 0x81, 0x27, 0x26, 0x05, 0x80, 0x25, 0x4d, 0x3a, 0x37, 0x06, 0x24, 0x15, 0x01, 0x24, 0x11, 0x01, 0x18, 0x24, 0x07, 0x01, 0x24, 0x08, 0x01, 0x30, 0x09, 0x41, 0x04, 0x4c, 0xa8, 0x1d, 0xcc, 0xc7, 0x39, 0xb9, 0x65, 0x0a, 0x5b, 0x14, 0x20, 0xb0, 0xb1, 0x34, 0xff, 0xb8, 0x20, 0x5f, 0xd5, 0xc9, 0x28, 0x5f, 0x2f, 0xa1, 0x6b, 0x33, 0x10, 0x00, 0x30, 0x26, 0xa0, 0xda, 0x31, 0xfe, 0xcb, 0x5b, 0x87, 0x7a, 0x2c, 0xa8, 0xde, 0xe4, 0x7a, 0x5b, 0x66, 0x0b, 0xf4, 0x10, 0x18, 0xc2, 0x92, 0x15, 0x28, 0x15, 0x64, 0xbe, 0xad, 0x6c, 0xb5, 0xec, 0xf3, 0xab, 0x25, 0x37, 0x0a, 0x35, 0x01, 0x28, 0x01, 0x18, 0x24, 0x02, 0x01, 0x36, 0x03, 0x04, 0x02, 0x04, 0x01, 0x18, 0x30, 0x04, 0x14, 0x79, 0x78, 0xa8, 0xf1, 0x73, 0xc0, 0x25, 0x30, 0x82, 0xf9, 0xfd, 0x09, 0xe3, 0x35, 0x97, 0xfb, 0x0c, 0xcb, 0xbb, 0x1f, 0x30, 0x05, 0x14, 0x9f, 0x1e, 0xf9, 0xfa, 0x01, 0xd1, 0x27, 0x92, 0x34, 0x5c, 0xd1, 0xb6, 0x2b, 0x12, 0xfd, 0x91, 0x8c, 0x07, 0x90, 0x22, 0x18, 0x30, 0x0b, 0x40, 0x6e, 0xf3, 0xf8, 0x21, 0x10, 0xda, 0x9e, 0x60, 0xe3, 0x62, 0x1f, 0x51, 0x70, 0x67, 0x45, 0xa7, 0x6a, 0x64, 0x92, 0xbb, 0x09, 0xaa, 0x4e, 0xcc, 0x9b, 0x1a, 0xf9, 0x96, 0xd2, 0x93, 0x3e, 0x78, 0x8f, 0x99, 0xd9, 0xa0, 0xf3, 0x6c, 0xcd, 0xb6, 0xca, 0x6a, 0xe5, 0xc6, 0xac, 0x65, 0xd9, 0xfb, 0x6c, 0xca, 0x97, 0x68, 0x64, 0x95, 0x25, 0x1d, 0xb1, 0x35, 0xd8, 0xef, 0x56, 0x4d, 0xa8, 0x04, 0x18, [0m
[0;34m[1784833742.370] [11404:11404] [DMG] 				] (241 bytes)[0m
[0;34m[1784833742.370] [11404:11404] [DMG] 				0x1 = [[0m
[0;34m[1784833742.370] [11404:11404] [DMG] 						0x15, 0x30, 0x01, 0x01, 0x01, 0x24, 0x02, 0x01, 0x37, 0x03, 0x24, 0x14, 0x01, 0x18, 0x26, 0x04, 0x80, 0x22, 0x81, 0x27, 0x26, 0x05, 0x80, 0x25, 0x4d, 0x3a, 0x37, 0x06, 0x24, 0x13, 0x02, 0x18, 0x24, 0x07, 0x01, 0x24, 0x08, 0x01, 0x30, 0x09, 0x41, 0x04, 0xcd, 0xdb, 0x72, 0x05, 0xf2, 0x12, 0xbb, 0xea, 0x4d, 0xf9, 0x53, 0xa7, 0x7f, 0x93, 0xf3, 0x24, 0xda, 0x27, 0xbf, 0xb5, 0x08, 0xa1, 0xd3, 0x79, 0xa4, 0x0e, 0x97, 0x17, 0xa8, 0x7d, 0xa7, 0x4c, 0xf3, 0x00, 0x18, 0x25, 0x91, 0xf7, 0xf7, 0x0e, 0xf9, 0x7f, 0xe3, 0xdc, 0x6e, 0xdb, 0x05, 0x40, 0x41, 0x52, 0xec, 0x80, 0xb7, 0x85, 0xf1, 0x4d, 0x2e, 0xa5, 0xf6, 0xc7, 0xb5, 0x5f, 0x69, 0x96, 0x37, 0x0a, 0x35, 0x01, 0x29, 0x01, 0x18, 0x24, 0x02, 0x60, 0x30, 0x04, 0x14, 0x9f, 0x1e, 0xf9, 0xfa, 0x01, 0xd1, 0x27, 0x92, 0x34, 0x5c, 0xd1, 0xb6, 0x2b, 0x12, 0xfd, 0x91, 0x8c, 0x07, 0x90, 0x22, 0x30, 0x05, 0x14, 0x6e, 0x0c, 0x92, 0xda, 0xf9, 0xae, 0x96, 0xea, 0x33, 0xcf, 0xb9, 0x56, 0x57, 0x59, 0x90, 0xb6, 0x91, 0x4c, 0x0e, 0x6b, 0x18, 0x30, 0x0b, 0x40, 0x96, 0xa9, 0xbd, 0x8a, 0xa7, 0xa8, 0xa9, 0x83, 0xcd, 0x69, 0x04, 0x91, 0xc0, 0x9f, 0xb6, 0x8d, 0x85, 0x44, 0x06, 0x96, 0x2b, 0x68, 0xae, 0x38, 0x7e, 0xc6, 0xdc, 0xf4, 0xbb, 0xd6, 0x47, 0x4d, 0xfc, 0x0a, 0xd4, 0x32, 0xd3, 0xf0, 0xdb, 0xd5, 0x51, 0x9e, 0x93, 0xb5, 0xcf, 0x1e, 0xb9, 0x86, 0xb0, 0xee, 0x68, 0xb8, 0x93, 0x8c, 0xfa, 0x2b, 0x54, 0x7b, 0xdf, 0xc3, 0xed, 0xfe, 0x47, 0x82, 0x18, [0m
[0;34m[1784833742.370] [11404:11404] [DMG] 				] (231 bytes)[0m
[0;34m[1784833742.370] [11404:11404] [DMG] 				0x2 = [[0m
[0;34m[1784833742.370] [11404:11404] [DMG] 						0x74, 0x65, 0x6d, 0x70, 0x6f, 0x72, 0x61, 0x72, 0x79, 0x20, 0x69, 0x70, 0x6b, 0x20, 0x30, 0x31, [0m
[0;34m[1784833742.370] [11404:11404] [DMG] 				] (16 bytes)[0m
[0;34m[1784833742.370] [11404:11404] [DMG] 				0x3 = 112233 (unsigned), [0m
[0;34m[1784833742.370] [11404:11404] [DMG] 				0x4 = 65521 (unsigned), [0m
[0;34m[1784833742.370] [11404:11404] [DMG] 			},[0m
[0;34m[1784833742.370] [11404:11404] [DMG] 		},[0m
[0;34m[1784833742.370] [11404:11404] [DMG] 		[0m
[0;34m[1784833742.370] [11404:11404] [DMG] 	],[0m
[0;34m[1784833742.370] [11404:11404] [DMG] 	[0m
[0;34m[1784833742.370] [11404:11404] [DMG] 	InteractionModelRevision = 12[0m
[0;34m[1784833742.370] [11404:11404] [DMG] },[0m
[0;32m[1784833742.370] [11404:11404] [DMG] AccessControl: checking f=0 a=p s=0xFFFFFFFB00000000 t= c=0x0000_003E e=0 p=o r=i[0m
[0;32m[1784833742.370] [11404:11404] [DMG] AccessControl: implicit admin (PASE)[0m
[0;32m[1784833742.370] [11404:11404] [DMG] AccessControl: checking f=0 a=p s=0xFFFFFFFB00000000 t= c=0x0000_003E e=0 p=a r=i[0m
[0;32m[1784833742.370] [11404:11404] [DMG] AccessControl: implicit admin (PASE)[0m
[0;34m[1784833742.370] [11404:11404] [DMG] Received command for Endpoint=0 Cluster=0x0000_003E Command=0x0000_0006[0m
[0;32m[1784833742.370] [11404:11404] [ZCL] OpCreds: Received an AddNOC command[0m
[0;32m[1784833742.370] [11404:11404] [FP] Validating NOC chain[0m
[0;32m[1784833742.371] [11404:11404] [FP] NOC chain validation successful[0m
[0;32m[1784833742.371] [11404:11404] [FP] Added new fabric at index: 0x1[0m
[0;32m[1784833742.371] [11404:11404] [FP] Assigned compressed fabric ID: 0x759AA75D3383AD2E, node ID: 0x0000000000000001[0m
[0;32m[1784833742.371] [11404:11404] [TS] Last Known Good Time: 2023-10-14T01:16:48[0m
[0;32m[1784833742.371] [11404:11404] [TS] New proposed Last Known Good Time: 2021-01-01T00:00:00[0m
[0;32m[1784833742.371] [11404:11404] [TS] Retaining current Last Known Good Time[0m
[0;34m[1784833742.373] [11404:11404] [DL] Wrote settings to /tmp/chip_kvs_test[0m
[0;34m[1784833742.374] [11404:11404] [DL] Wrote settings to /tmp/chip_kvs_test[0m
[0;34m[1784833742.376] [11404:11404] [DL] Wrote settings to /tmp/chip_kvs_test[0m
[0;32m[1784833742.376] [11404:11404] [DMG] AccessControl: validating f=1 p=a a=c s=1 t=0[0m
[0;32m[1784833742.376] [11404:11404] [DMG]   validating subject 0x000000000001B669[0m
[0;34m[1784833742.378] [11404:11404] [DL] Wrote settings to /tmp/chip_kvs_test[0m
[0;34m[1784833742.378] [11404:11404] [EVL] LogEvent event number: 0x0000000000000004 priority: 1, endpoint id:  0x0 cluster id: 0x0000_001F event id: 0x0 Epoch timestamp: 0x0000019F9061962A[0m
[0;32m[1784833742.378] [11404:11404] [ZCL] OpCreds: ACL entry created for Fabric index 0x1 CASE Admin Subject 0x000000000001B669[0m
[0;34m[1784833742.378] [11404:11404] [DL] Using WiFi MAC for hostname[0m
[0;32m[1784833742.378] [11404:11404] [DIS] Advertise operational node 759AA75D3383AD2E-0000000000000001[0m
[0;34m[1784833742.378] [11404:11404] [DIS] Responding with _matter._tcp.local[0m
[0;34m[1784833742.378] [11404:11404] [DIS] Responding with 759AA75D3383AD2E-0000000000000001._matter._tcp.local[0m
[0;34m[1784833742.378] [11404:11404] [DIS] Responding with 759AA75D3383AD2E-0000000000000001._matter._tcp.local[0m
[0;34m[1784833742.378] [11404:11404] [DIS] Responding with 080027AE1A43.local[0m
[0;34m[1784833742.378] [11404:11404] [DIS] Responding with 080027AE1A43.local[0m
[0;34m[1784833742.378] [11404:11404] [DIS] Responding with _I759AA75D3383AD2E._sub._matter._tcp.local[0m
[0;32m[1784833742.378] [11404:11404] [DIS] CHIP minimal mDNS configured as 'Operational device'; instance name: 759AA75D3383AD2E-0000000000000001.[0m
[0;32m[1784833742.378] [11404:11404] [DIS] mDNS service published: _matter._tcp[0m
[0;34m[1784833742.378] [11404:11404] [DMG] Command handler moving to [NewRespons][0m
[0;34m[1784833742.378] [11404:11404] [DMG] Command handler moving to [ Preparing][0m
[0;34m[1784833742.378] [11404:11404] [DMG] Command handler moving to [AddingComm][0m
[0;34m[1784833742.378] [11404:11404] [DMG] Command handler moving to [AddedComma][0m
[0;32m[1784833742.378] [11404:11404] [ZCL] OpCreds: successfully created fabric index 0x1 via AddNOC[0m
[0;34m[1784833742.378] [11404:11404] [DMG] Decreasing reference count for CommandHandlerImpl, remaining 1[0m
[0;34m[1784833742.378] [11404:11404] [DMG] Decreasing reference count for CommandHandlerImpl, remaining 0[0m
[0;34m[1784833742.378] [11404:11404] [DMG] Command handler moving to [AwaitingDe][0m
[0;32m[1784833742.378] [11404:11404] [EM] <<< [E:45740r S:5895 M:5178470 (Ack:246878775)] (S) Msg TX from 0000000000000000 to 1:FFFFFFFB00000000 [AD2E] [UDP:[fe80::bfe:a203:38f0:bce7%enp0s3]:58872] --- Type 0001:09 (IM:InvokeCommandResponse) (B:70)[0m
[0;32m[1784833742.378] [11404:11404] [EM] ??1 [E:45740r S:5895 M:5178470] (S) Msg Retransmission to 1:FFFFFFFB00000000 scheduled for 353ms from now [State:Active II:500 AI:300 AT:4000][0m
[0;34m[1784833742.378] [11404:11404] [DMG] Command response sender moving to [AllInvokeR][0m
[0;32m[1784833742.378] [11404:11404] [EM] >>> [E:45739r S:5895 M:246878776 (Ack:5178469)] (S) Msg RX from 1:FFFFFFFB00000000 [AD2E] to 0000000000000000 --- Type 0000:10 (SecureChannel:StandaloneAck) (B:34)[0m
[0;34m[1784833742.378] [11404:11404] [EM] Found matching exchange: 45739r, Delegate: (nil)[0m
[0;34m[1784833742.378] [11404:11404] [EM] Rxd Ack; Removing MessageCounter:5178469 from Retrans Table on exchange 45739r[0m
[0;32m[1784833742.379] [11404:11404] [EM] >>> [E:45740r S:5895 M:246878777 (Ack:5178470)] (S) Msg RX from 1:FFFFFFFB00000000 [AD2E] to 0000000000000000 --- Type 0000:10 (SecureChannel:StandaloneAck) (B:34)[0m
[0;34m[1784833742.379] [11404:11404] [EM] Found matching exchange: 45740r, Delegate: (nil)[0m
[0;34m[1784833742.379] [11404:11404] [EM] Rxd Ack; Removing MessageCounter:5178470 from Retrans Table on exchange 45740r[0m
[0;32m[1784833742.582] [11404:11404] [EM] >>> [E:45741r S:0 M:216216166] (U) Msg RX from 0:329793301E7EFCE8 [0000] to 0000000000000000 --- Type 0000:30 (SecureChannel:CASE_Sigma1) (B:196)[0m
[0;34m[1784833742.582] [11404:11404] [EM] Handling via exchange: 45741r, Delegate: 0x5e5181dfc5f8[0m
[0;32m[1784833742.582] [11404:11404] [IN] CASE Server received Sigma1 message . Starting handshake. EC 0x5e5199bda500[0m
[0;32m[1784833742.582] [11404:11404] [SC] Received Sigma1 msg[0m
[0;34m[1784833742.582] [11404:11404] [SC] Found MRP parameters in the message[0m
[0;34m[1784833742.582] [11404:11404] [SC] Peer (Initiator) assigned session ID 45826[0m
[0;32m[1784833742.582] [11404:11404] [SC] CASE matched destination ID: fabricIndex 1, NodeID 0x0000000000000001[0m
[0;32m[1784833742.583] [11404:11404] [EM] <<< [E:45741r S:0 M:229131689 (Ack:216216166)] (U) Msg TX from 0000000000000000 to 0:329793301E7EFCE8 [0000] [UDP:[fe80::bfe:a203:38f0:bce7%enp0s3]:58872] --- Type 0000:31 (SecureChannel:CASE_Sigma2) (B:751)[0m
[0;32m[1784833742.583] [11404:11404] [EM] ??1 [E:45741r S:0 M:229131689] (U) Msg Retransmission to 0:0000000000000000 scheduled for 347ms from now [State:Active II:500 AI:300 AT:4000][0m
[0;32m[1784833742.583] [11404:11404] [SC] Sent Sigma2 msg[0m
[0;32m[1784833742.584] [11404:11404] [EM] >>> [E:45741r S:0 M:216216167 (Ack:229131689)] (U) Msg RX from 0:329793301E7EFCE8 [0000] to 0000000000000000 --- Type 0000:32 (SecureChannel:CASE_Sigma3) (B:598)[0m
[0;34m[1784833742.584] [11404:11404] [EM] Found matching exchange: 45741r, Delegate: 0x5e5181dfc630[0m
[0;34m[1784833742.584] [11404:11404] [EM] Rxd Ack; Removing MessageCounter:229131689 from Retrans Table on exchange 45741r[0m
[0;32m[1784833742.584] [11404:11404] [SC] Received Sigma3 msg[0m
[0;34m[1784833742.587] [11404:11404] [DL] Wrote settings to /tmp/chip_kvs_test[0m
[0;34m[1784833742.589] [11404:11404] [DL] Wrote settings to /tmp/chip_kvs_test[0m
[0;34m[1784833742.590] [11404:11404] [DL] Wrote settings to /tmp/chip_kvs_test[0m
[0;34m[1784833742.591] [11404:11404] [SC] Sending status report. Protocol code 0, exchange 45741[0m
[0;32m[1784833742.591] [11404:11404] [EM] <<< [E:45741r S:0 M:229131690 (Ack:216216167)] (U) Msg TX from 0000000000000000 to 0:329793301E7EFCE8 [0000] [UDP:[fe80::bfe:a203:38f0:bce7%enp0s3]:58872] --- Type 0000:40 (SecureChannel:StatusReport) (B:34)[0m
[0;32m[1784833742.591] [11404:11404] [EM] ??1 [E:45741r S:0 M:229131690] (U) Msg Retransmission to 0:0000000000000000 scheduled for 385ms from now [State:Active II:500 AI:300 AT:4000][0m
[0;32m[1784833742.591] [11404:11404] [SC] SecureSession[0x5e5199bc1da0, LSID:5896]: State change 'kEstablishing' --> 'kActive'[0m
[0;34m[1784833742.591] [11404:11404] [IN] SecureSession[0x5e5199bc1da0]: Activated - Type:2 LSID:5896[0m
[0;34m[1784833742.591] [11404:11404] [IN] New secure session activated for device <000000000001B669, 1>, LSID:5896 PSID:45826![0m
[0;32m[1784833742.591] [11404:11404] [IN] CASE Session established to peer: <000000000001B669, 1>[0m
[0;34m[1784833742.591] [11404:11404] [IN] SecureSession[0x5e5199bdcdf0]: Allocated Type:2 LSID:5897[0m
[0;34m[1784833742.591] [11404:11404] [SC] Allocated SecureSession (0x5e5199bdcdf0) - waiting for Sigma1 msg[0m
[0;32m[1784833742.592] [11404:11404] [EM] >>> [E:45742r S:5896 M:28344021] (S) Msg RX from 1:000000000001B669 [AD2E] to 0000000000000001 --- Type 0001:08 (IM:InvokeCommandRequest) (B:59)[0m
[0;34m[1784833742.592] [11404:11404] [EM] Handling via exchange: 45742r, Delegate: 0x5e5181e06ac8[0m
[0;34m[1784833742.592] [11404:11404] [DMG] InvokeRequestMessage =[0m
[0;34m[1784833742.592] [11404:11404] [DMG] {[0m
[0;34m[1784833742.592] [11404:11404] [DMG] 	suppressResponse = false, [0m
[0;34m[1784833742.592] [11404:11404] [DMG] 	timedRequest = false, [0m
[0;34m[1784833742.592] [11404:11404] [DMG] 	InvokeRequests =[0m
[0;34m[1784833742.592] [11404:11404] [DMG] 	[[0m
[0;34m[1784833742.592] [11404:11404] [DMG] 		CommandDataIB =[0m
[0;34m[1784833742.592] [11404:11404] [DMG] 		{[0m
[0;34m[1784833742.592] [11404:11404] [DMG] 			CommandPathIB =[0m
[0;34m[1784833742.592] [11404:11404] [DMG] 			{[0m
[0;34m[1784833742.592] [11404:11404] [DMG] 				EndpointId = 0x0,[0m
[0;34m[1784833742.592] [11404:11404] [DMG] 				ClusterId = 0x30,[0m
[0;34m[1784833742.592] [11404:11404] [DMG] 				CommandId = 0x4,[0m
[0;34m[1784833742.592] [11404:11404] [DMG] 			},[0m
[0;34m[1784833742.592] [11404:11404] [DMG] 			[0m
[0;34m[1784833742.593] [11404:11404] [DMG] 			CommandFields = [0m
[0;34m[1784833742.593] [11404:11404] [DMG] 			{[0m
[0;34m[1784833742.593] [11404:11404] [DMG] 			},[0m
[0;34m[1784833742.593] [11404:11404] [DMG] 		},[0m
[0;34m[1784833742.593] [11404:11404] [DMG] 		[0m
[0;34m[1784833742.593] [11404:11404] [DMG] 	],[0m
[0;34m[1784833742.593] [11404:11404] [DMG] 	[0m
[0;34m[1784833742.593] [11404:11404] [DMG] 	InteractionModelRevision = 12[0m
[0;34m[1784833742.593] [11404:11404] [DMG] },[0m
[0;32m[1784833742.593] [11404:11404] [DMG] AccessControl: checking f=1 a=c s=0x000000000001B669 t= c=0x0000_0030 e=0 p=o r=i[0m
[0;32m[1784833742.593] [11404:11404] [DMG] AccessControl: allowed[0m
[0;32m[1784833742.593] [11404:11404] [DMG] AccessControl: checking f=1 a=c s=0x000000000001B669 t= c=0x0000_0030 e=0 p=a r=i[0m
[0;32m[1784833742.593] [11404:11404] [DMG] AccessControl: allowed[0m
[0;34m[1784833742.593] [11404:11404] [DMG] Received command for Endpoint=0 Cluster=0x0000_0030 Command=0x0000_0004[0m
[0;32m[1784833742.593] [11404:11404] [FS] GeneralCommissioning: Received CommissioningComplete[0m
[0;34m[1784833742.595] [11404:11404] [DL] Wrote settings to /tmp/chip_kvs_test[0m
[0;34m[1784833742.597] [11404:11404] [DL] Wrote settings to /tmp/chip_kvs_test[0m
[0;32m[1784833742.597] [11404:11404] [FP] Metadata for Fabric 0x1 persisted to storage.[0m
[0;34m[1784833742.599] [11404:11404] [DL] Wrote settings to /tmp/chip_kvs_test[0m
[0;34m[1784833742.600] [11404:11404] [DL] Wrote settings to /tmp/chip_kvs_test[0m
[0;34m[1784833742.602] [11404:11404] [DL] Wrote settings to /tmp/chip_kvs_test[0m
[0;34m[1784833742.604] [11404:11404] [DL] Wrote settings to /tmp/chip_kvs_test[0m
[0;32m[1784833742.604] [11404:11404] [TS] Committing Last Known Good Time to storage: 2023-10-14T01:16:48[0m
[0;34m[1784833742.606] [11404:11404] [DL] Wrote settings to /tmp/chip_kvs_test[0m
[0;34m[1784833742.607] [11404:11404] [DL] Wrote settings to /tmp/chip_kvs_test[0m
[0;32m[1784833742.608] [11404:11404] [ZCL] OpCreds: Fabric index 0x1 was committed to storage. Compressed Fabric Id 0x759AA75D3383AD2E, FabricId 0000000000000001, NodeId 0000000000000001, VendorId 0xFFF1[0m
[0;34m[1784833742.609] [11404:11404] [DL] Wrote settings to /tmp/chip_kvs_test[0m
[0;32m[1784833742.609] [11404:11404] [FS] GeneralCommissioning: Successfully committed pending fabric data[0m
[0;32m[1784833742.609] [11404:11404] [FS] Fail-safe cleanly disarmed[0m
[0;34m[1784833742.609] [11404:11404] [DMG] Command handler moving to [NewRespons][0m
[0;34m[1784833742.609] [11404:11404] [DMG] Command handler moving to [ Preparing][0m
[0;34m[1784833742.609] [11404:11404] [DMG] Command handler moving to [AddingComm][0m
[0;34m[1784833742.609] [11404:11404] [DMG] Command handler moving to [AddedComma][0m
[0;34m[1784833742.609] [11404:11404] [DMG] Decreasing reference count for CommandHandlerImpl, remaining 1[0m
[0;34m[1784833742.609] [11404:11404] [DMG] Decreasing reference count for CommandHandlerImpl, remaining 0[0m
[0;34m[1784833742.609] [11404:11404] [DMG] Command handler moving to [AwaitingDe][0m
[0;32m[1784833742.609] [11404:11404] [EM] <<< [E:45742r S:5896 M:158822224 (Ack:28344021)] (S) Msg TX from 0000000000000001 to 1:000000000001B669 [AD2E] [UDP:[fe80::bfe:a203:38f0:bce7%enp0s3]:58872] --- Type 0001:09 (IM:InvokeCommandResponse) (B:70)[0m
[0;32m[1784833742.609] [11404:11404] [EM] ??1 [E:45742r S:5896 M:158822224] (S) Msg Retransmission to 1:000000000001B669 scheduled for 331ms from now [State:Active II:500 AI:300 AT:4000][0m
[0;34m[1784833742.609] [11404:11404] [DMG] Command response sender moving to [AllInvokeR][0m
[0;32m[1784833742.609] [11404:11404] [SVR] Commissioning completed successfully[0m
[0;32m[1784833742.609] [11404:11404] [DIS] Updating services using commissioning mode 0[0m
[0;32m[1784833742.610] [11404:11404] [DIS] CHIP minimal mDNS started advertising.[0m
[0;34m[1784833742.611] [11404:11404] [DL] Using WiFi MAC for hostname[0m
[0;32m[1784833742.611] [11404:11404] [DIS] Advertise operational node 759AA75D3383AD2E-0000000000000001[0m
[0;34m[1784833742.611] [11404:11404] [DIS] Responding with _matter._tcp.local[0m
[0;34m[1784833742.611] [11404:11404] [DIS] Responding with 759AA75D3383AD2E-0000000000000001._matter._tcp.local[0m
[0;34m[1784833742.611] [11404:11404] [DIS] Responding with 759AA75D3383AD2E-0000000000000001._matter._tcp.local[0m
[0;34m[1784833742.611] [11404:11404] [DIS] Responding with 080027AE1A43.local[0m
[0;34m[1784833742.611] [11404:11404] [DIS] Responding with 080027AE1A43.local[0m
[0;34m[1784833742.611] [11404:11404] [DIS] Responding with _I759AA75D3383AD2E._sub._matter._tcp.local[0m
[0;32m[1784833742.611] [11404:11404] [DIS] CHIP minimal mDNS configured as 'Operational device'; instance name: 759AA75D3383AD2E-0000000000000001.[0m
[0;32m[1784833742.611] [11404:11404] [DIS] mDNS service published: _matter._tcp[0m
[0;34m[1784833742.611] [11404:11404] [IN] Expiring all PASE sessions[0m
[0;34m[1784833742.611] [11404:11404] [IN] SecureSession[0x5e5199bc1890]: MarkForEviction Type:1 LSID:5895[0m
[0;32m[1784833742.611] [11404:11404] [SC] SecureSession[0x5e5199bc1890, LSID:5895]: State change 'kActive' --> 'kPendingEviction'[0m
[0;34m[1784833742.611] [11404:11404] [IN] SecureSession[0x5e5199bc1890]: Released - Type:1 LSID:5895[0m
[0;32m[1784833742.611] [11404:11404] [PAF] WiFiPAF: Closing all WiFiPAF sessions to shutdown[0m
[0;32m[1784833742.611] [11404:11404] [EM] >>> [E:45741r S:0 M:216216168 (Ack:229131690)] (U) Msg RX from 0:329793301E7EFCE8 [0000] to 0000000000000000 --- Type 0000:10 (SecureChannel:StandaloneAck) (B:26)[0m
[0;34m[1784833742.611] [11404:11404] [EM] Found matching exchange: 45741r, Delegate: (nil)[0m
[0;34m[1784833742.611] [11404:11404] [EM] Rxd Ack; Removing MessageCounter:229131690 from Retrans Table on exchange 45741r[0m
[0;32m[1784833742.611] [11404:11404] [EM] >>> [E:45742r S:5896 M:28344022 (Ack:158822224)] (S) Msg RX from 1:000000000001B669 [AD2E] to 0000000000000001 --- Type 0000:10 (SecureChannel:StandaloneAck) (B:34)[0m
[0;34m[1784833742.611] [11404:11404] [EM] Found matching exchange: 45742r, Delegate: (nil)[0m
[0;34m[1784833742.611] [11404:11404] [EM] Rxd Ack; Removing MessageCounter:158822224 from Retrans Table on exchange 45742r[0m
[0;32m[1784833742.896] [11404:11404] [EM] >>> [E:19829r S:0 M:209875653] (U) Msg RX from 0:3DAF228957311980 [0000] to 0000000000000000 --- Type 0000:30 (SecureChannel:CASE_Sigma1) (B:196)[0m
[0;34m[1784833742.896] [11404:11404] [EM] Handling via exchange: 19829r, Delegate: 0x5e5181dfc5f8[0m
[0;32m[1784833742.896] [11404:11404] [IN] CASE Server received Sigma1 message . Starting handshake. EC 0x5e5199bda500[0m
[0;32m[1784833742.897] [11404:11404] [SC] Received Sigma1 msg[0m
[0;34m[1784833742.897] [11404:11404] [SC] Found MRP parameters in the message[0m
[0;34m[1784833742.897] [11404:11404] [SC] Peer (Initiator) assigned session ID 51200[0m
[0;32m[1784833742.897] [11404:11404] [SC] CASE matched destination ID: fabricIndex 1, NodeID 0x0000000000000001[0m
[0;32m[1784833742.898] [11404:11404] [EM] <<< [E:19829r S:0 M:229131691 (Ack:209875653)] (U) Msg TX from 0000000000000000 to 0:3DAF228957311980 [0000] [UDP:[fe80::bfe:a203:38f0:bce7%enp0s3]:35436] --- Type 0000:31 (SecureChannel:CASE_Sigma2) (B:751)[0m
[0;32m[1784833742.898] [11404:11404] [EM] ??1 [E:19829r S:0 M:229131691] (U) Msg Retransmission to 0:0000000000000000 scheduled for 330ms from now [State:Active II:500 AI:300 AT:4000][0m
[0;32m[1784833742.899] [11404:11404] [SC] Sent Sigma2 msg[0m
[0;32m[1784833742.902] [11404:11404] [EM] >>> [E:19829r S:0 M:209875654 (Ack:229131691)] (U) Msg RX from 0:3DAF228957311980 [0000] to 0000000000000000 --- Type 0000:32 (SecureChannel:CASE_Sigma3) (B:598)[0m
[0;34m[1784833742.902] [11404:11404] [EM] Found matching exchange: 19829r, Delegate: 0x5e5181dfc630[0m
[0;34m[1784833742.902] [11404:11404] [EM] Rxd Ack; Removing MessageCounter:229131691 from Retrans Table on exchange 19829r[0m
[0;32m[1784833742.902] [11404:11404] [SC] Received Sigma3 msg[0m
[0;34m[1784833742.907] [11404:11404] [DL] Wrote settings to /tmp/chip_kvs_test[0m
[0;34m[1784833742.909] [11404:11404] [DL] Wrote settings to /tmp/chip_kvs_test[0m
[0;34m[1784833742.912] [11404:11404] [DL] Wrote settings to /tmp/chip_kvs_test[0m
[0;34m[1784833742.912] [11404:11404] [SC] Sending status report. Protocol code 0, exchange 19829[0m
[0;32m[1784833742.912] [11404:11404] [EM] <<< [E:19829r S:0 M:229131692 (Ack:209875654)] (U) Msg TX from 0000000000000000 to 0:3DAF228957311980 [0000] [UDP:[fe80::bfe:a203:38f0:bce7%enp0s3]:35436] --- Type 0000:40 (SecureChannel:StatusReport) (B:34)[0m
[0;32m[1784833742.912] [11404:11404] [EM] ??1 [E:19829r S:0 M:229131692] (U) Msg Retransmission to 0:0000000000000000 scheduled for 367ms from now [State:Active II:500 AI:300 AT:4000][0m
[0;32m[1784833742.912] [11404:11404] [SC] SecureSession[0x5e5199bdcdf0, LSID:5897]: State change 'kEstablishing' --> 'kActive'[0m
[0;34m[1784833742.912] [11404:11404] [IN] SecureSession[0x5e5199bdcdf0]: Activated - Type:2 LSID:5897[0m
[0;34m[1784833742.912] [11404:11404] [IN] New secure session activated for device <000000000001B669, 1>, LSID:5897 PSID:51200![0m
[0;32m[1784833742.912] [11404:11404] [IN] CASE Session established to peer: <000000000001B669, 1>[0m
[0;34m[1784833742.912] [11404:11404] [IN] SecureSession[0x5e5199bc1890]: Allocated Type:2 LSID:5898[0m
[0;34m[1784833742.912] [11404:11404] [SC] Allocated SecureSession (0x5e5199bc1890) - waiting for Sigma1 msg[0m
[0;32m[1784833742.914] [11404:11404] [EM] >>> [E:19830r S:5897 M:151664580] (S) Msg RX from 1:000000000001B669 [AD2E] to 0000000000000001 --- Type 0001:08 (IM:InvokeCommandRequest) (B:72)[0m
[0;34m[1784833742.914] [11404:11404] [EM] Handling via exchange: 19830r, Delegate: 0x5e5181e06ac8[0m
[0;34m[1784833742.914] [11404:11404] [DMG] InvokeRequestMessage =[0m
[0;34m[1784833742.914] [11404:11404] [DMG] {[0m
[0;34m[1784833742.914] [11404:11404] [DMG] 	suppressResponse = false, [0m
[0;34m[1784833742.914] [11404:11404] [DMG] 	timedRequest = false, [0m
[0;34m[1784833742.914] [11404:11404] [DMG] 	InvokeRequests =[0m
[0;34m[1784833742.914] [11404:11404] [DMG] 	[[0m
[0;34m[1784833742.914] [11404:11404] [DMG] 		CommandDataIB =[0m
[0;34m[1784833742.914] [11404:11404] [DMG] 		{[0m
[0;34m[1784833742.914] [11404:11404] [DMG] 			CommandPathIB =[0m
[0;34m[1784833742.914] [11404:11404] [DMG] 			{[0m
[0;34m[1784833742.914] [11404:11404] [DMG] 				EndpointId = 0x0,[0m
[0;34m[1784833742.914] [11404:11404] [DMG] 				ClusterId = 0x38,[0m
[0;34m[1784833742.914] [11404:11404] [DMG] 				CommandId = 0x0,[0m
[0;34m[1784833742.914] [11404:11404] [DMG] 			},[0m
[0;34m[1784833742.914] [11404:11404] [DMG] 			[0m
[0;34m[1784833742.914] [11404:11404] [DMG] 			CommandFields = [0m
[0;34m[1784833742.914] [11404:11404] [DMG] 			{[0m
[0;34m[1784833742.914] [11404:11404] [DMG] 				0x0 = 1577923200000000 (unsigned), [0m
[0;34m[1784833742.914] [11404:11404] [DMG] 				0x1 = 4 (unsigned), [0m
[0;34m[1784833742.914] [11404:11404] [DMG] 			},[0m
[0;34m[1784833742.914] [11404:11404] [DMG] 		},[0m
[0;34m[1784833742.914] [11404:11404] [DMG] 		[0m
[0;34m[1784833742.914] [11404:11404] [DMG] 	],[0m
[0;34m[1784833742.914] [11404:11404] [DMG] 	[0m
[0;34m[1784833742.914] [11404:11404] [DMG] 	InteractionModelRevision = 12[0m
[0;34m[1784833742.914] [11404:11404] [DMG] },[0m
[0;32m[1784833742.914] [11404:11404] [DMG] AccessControl: checking f=1 a=c s=0x000000000001B669 t= c=0x0000_0038 e=0 p=o r=i[0m
[0;32m[1784833742.914] [11404:11404] [DMG] AccessControl: allowed[0m
[0;32m[1784833742.914] [11404:11404] [DMG] AccessControl: checking f=1 a=c s=0x000000000001B669 t= c=0x0000_0038 e=0 p=a r=i[0m
[0;32m[1784833742.914] [11404:11404] [DMG] AccessControl: allowed[0m
[0;34m[1784833742.914] [11404:11404] [DMG] Received command for Endpoint=0 Cluster=0x0000_0038 Command=0x0000_0000[0m
[0;32m[1784833742.915] [11404:11404] [TS] Last Known Good Time: 2023-10-14T01:16:48[0m
[0;32m[1784833742.915] [11404:11404] [TS] New proposed Last Known Good Time: 2050-01-01T00:00:00[0m
[0;34m[1784833742.917] [11404:11404] [DL] Wrote settings to /tmp/chip_kvs_test[0m
[0;32m[1784833742.917] [11404:11404] [TS] Updating Last Known Good Time to 2050-01-01T00:00:00[0m
[0;32m[2524608000.000] [11404:11404] [DL] Real time clock set to 2524608000 (0150/00/01 01:00:00 UTC)[0m
[0;34m[2524608000.000] [11404:11404] [DMG] Endpoint 0, Cluster 0x0000_0038 update version to ab6ab670[0m
[0;34m[2524608000.000] [11404:11404] [DMG] Command handler moving to [NewRespons][0m
[0;34m[2524608000.000] [11404:11404] [DMG] Command handler moving to [ Preparing][0m
[0;34m[2524608000.000] [11404:11404] [DMG] Command handler moving to [AddingComm][0m
[0;34m[2524608000.000] [11404:11404] [DMG] Command handler moving to [AddedComma][0m
[0;34m[2524608000.000] [11404:11404] [DMG] Decreasing reference count for CommandHandlerImpl, remaining 1[0m
[0;34m[2524608000.000] [11404:11404] [DMG] Decreasing reference count for CommandHandlerImpl, remaining 0[0m
[0;34m[2524608000.000] [11404:11404] [DMG] Command handler moving to [AwaitingDe][0m
[0;32m[2524608000.000] [11404:11404] [EM] <<< [E:19830r S:5897 M:47061405 (Ack:151664580)] (S) Msg TX from 0000000000000001 to 1:000000000001B669 [AD2E] [UDP:[fe80::bfe:a203:38f0:bce7%enp0s3]:35436] --- Type 0001:09 (IM:InvokeCommandResponse) (B:67)[0m
[0;32m[2524608000.000] [11404:11404] [EM] ??1 [E:19830r S:5897 M:47061405] (S) Msg Retransmission to 1:000000000001B669 scheduled for 386ms from now [State:Active II:500 AI:300 AT:4000][0m
[0;34m[2524608000.000] [11404:11404] [DMG] Command response sender moving to [AllInvokeR][0m
[0;32m[2524608000.000] [11404:11404] [EM] >>> [E:19829r S:0 M:209875655 (Ack:229131692)] (U) Msg RX from 0:3DAF228957311980 [0000] to 0000000000000000 --- Type 0000:10 (SecureChannel:StandaloneAck) (B:26)[0m
[0;34m[2524608000.000] [11404:11404] [EM] Found matching exchange: 19829r, Delegate: (nil)[0m
[0;34m[2524608000.000] [11404:11404] [EM] Rxd Ack; Removing MessageCounter:229131692 from Retrans Table on exchange 19829r[0m
[0;32m[2524608000.001] [11404:11404] [EM] >>> [E:19830r S:5897 M:151664581 (Ack:47061405)] (S) Msg RX from 1:000000000001B669 [AD2E] to 0000000000000001 --- Type 0000:10 (SecureChannel:StandaloneAck) (B:34)[0m
[0;34m[2524608000.001] [11404:11404] [EM] Found matching exchange: 19830r, Delegate: (nil)[0m
[0;34m[2524608000.001] [11404:11404] [EM] Rxd Ack; Removing MessageCounter:47061405 from Retrans Table on exchange 19830r[0m
[0;32m[2524608000.427] [11404:11404] [EM] >>> [E:8716r S:0 M:111519531] (U) Msg RX from 0:14A1981F7E22B0D1 [0000] to 0000000000000000 --- Type 0000:30 (SecureChannel:CASE_Sigma1) (B:196)[0m
[0;34m[2524608000.427] [11404:11404] [EM] Handling via exchange: 8716r, Delegate: 0x5e5181dfc5f8[0m
[0;32m[2524608000.427] [11404:11404] [IN] CASE Server received Sigma1 message . Starting handshake. EC 0x5e5199bca420[0m
[0;32m[2524608000.427] [11404:11404] [SC] Received Sigma1 msg[0m
[0;34m[2524608000.427] [11404:11404] [SC] Found MRP parameters in the message[0m
[0;34m[2524608000.427] [11404:11404] [SC] Peer (Initiator) assigned session ID 31747[0m
[0;32m[2524608000.427] [11404:11404] [SC] CASE matched destination ID: fabricIndex 1, NodeID 0x0000000000000001[0m
[0;32m[2524608000.428] [11404:11404] [EM] <<< [E:8716r S:0 M:229131693 (Ack:111519531)] (U) Msg TX from 0000000000000000 to 0:14A1981F7E22B0D1 [0000] [UDP:[fe80::bfe:a203:38f0:bce7%enp0s3]:42163] --- Type 0000:31 (SecureChannel:CASE_Sigma2) (B:751)[0m
[0;32m[2524608000.429] [11404:11404] [EM] ??1 [E:8716r S:0 M:229131693] (U) Msg Retransmission to 0:0000000000000000 scheduled for 373ms from now [State:Active II:500 AI:300 AT:4000][0m
[0;32m[2524608000.429] [11404:11404] [SC] Sent Sigma2 msg[0m
[0;32m[2524608000.430] [11404:11404] [EM] >>> [E:8716r S:0 M:111519532 (Ack:229131693)] (U) Msg RX from 0:14A1981F7E22B0D1 [0000] to 0000000000000000 --- Type 0000:40 (SecureChannel:StatusReport) (B:34)[0m
[0;34m[2524608000.430] [11404:11404] [EM] Found matching exchange: 8716r, Delegate: 0x5e5181dfc630[0m
[0;34m[2524608000.430] [11404:11404] [EM] Rxd Ack; Removing MessageCounter:229131693 from Retrans Table on exchange 8716r[0m
[1;31m[2524608000.430] [11404:11404] [SC] Received error (protocol code 2) during pairing process: src/protocols/secure_channel/CASESession.cpp:2346: CHIP Error 0x00000054: Invalid CASE parameter[0m
[1;31m[2524608000.430] [11404:11404] [IN] CASE Session establishment failed: src/protocols/secure_channel/CASESession.cpp:2346: CHIP Error 0x00000054: Invalid CASE parameter[0m
[0;34m[2524608000.430] [11404:11404] [IN] SecureSession[0x5e5199bc1890]: Released - Type:2 LSID:5898[0m
[0;34m[2524608000.430] [11404:11404] [IN] SecureSession[0x5e5199bc1890]: Allocated Type:2 LSID:5899[0m
[0;34m[2524608000.430] [11404:11404] [SC] Allocated SecureSession (0x5e5199bc1890) - waiting for Sigma1 msg[0m
[0;32m[2524608000.430] [11404:11404] [EM] <<< [E:8716r S:0 M:229131694 (Ack:111519532)] (U) Msg TX from 0000000000000000 to 0:14A1981F7E22B0D1 [0000] [UDP:[fe80::bfe:a203:38f0:bce7%enp0s3]:42163] --- Type 0000:10 (SecureChannel:StandaloneAck) (B:26)[0m
[0;34m[2524608000.430] [11404:11404] [EM] Flushed pending ack for MessageCounter:111519532 on exchange 8716r[0m
[0;32m[2524608000.751] [11404:11404] [EM] >>> [E:65022r S:0 M:153145547] (U) Msg RX from 0:BA633C5870FD4060 [0000] to 0000000000000000 --- Type 0000:30 (SecureChannel:CASE_Sigma1) (B:196)[0m
[0;34m[2524608000.751] [11404:11404] [EM] Handling via exchange: 65022r, Delegate: 0x5e5181dfc5f8[0m
[0;32m[2524608000.751] [11404:11404] [IN] CASE Server received Sigma1 message . Starting handshake. EC 0x5e5199bca420[0m
[0;32m[2524608000.751] [11404:11404] [SC] Received Sigma1 msg[0m
[0;34m[2524608000.751] [11404:11404] [SC] Found MRP parameters in the message[0m
[0;34m[2524608000.751] [11404:11404] [SC] Peer (Initiator) assigned session ID 8609[0m
[0;32m[2524608000.751] [11404:11404] [SC] CASE matched destination ID: fabricIndex 1, NodeID 0x0000000000000001[0m
[0;32m[2524608000.752] [11404:11404] [EM] <<< [E:65022r S:0 M:229131695 (Ack:153145547)] (U) Msg TX from 0000000000000000 to 0:BA633C5870FD4060 [0000] [UDP:[fe80::bfe:a203:38f0:bce7%enp0s3]:47854] --- Type 0000:31 (SecureChannel:CASE_Sigma2) (B:751)[0m
[0;32m[2524608000.752] [11404:11404] [EM] ??1 [E:65022r S:0 M:229131695] (U) Msg Retransmission to 0:0000000000000000 scheduled for 404ms from now [State:Active II:500 AI:300 AT:4000][0m
[0;32m[2524608000.752] [11404:11404] [SC] Sent Sigma2 msg[0m
[0;32m[2524608000.753] [11404:11404] [EM] >>> [E:65022r S:0 M:153145548 (Ack:229131695)] (U) Msg RX from 0:BA633C5870FD4060 [0000] to 0000000000000000 --- Type 0000:40 (SecureChannel:StatusReport) (B:34)[0m
[0;34m[2524608000.753] [11404:11404] [EM] Found matching exchange: 65022r, Delegate: 0x5e5181dfc630[0m
[0;34m[2524608000.753] [11404:11404] [EM] Rxd Ack; Removing MessageCounter:229131695 from Retrans Table on exchange 65022r[0m
[1;31m[2524608000.753] [11404:11404] [SC] Received error (protocol code 2) during pairing process: src/protocols/secure_channel/CASESession.cpp:2346: CHIP Error 0x00000054: Invalid CASE parameter[0m
[1;31m[2524608000.753] [11404:11404] [IN] CASE Session establishment failed: src/protocols/secure_channel/CASESession.cpp:2346: CHIP Error 0x00000054: Invalid CASE parameter[0m
[0;34m[2524608000.753] [11404:11404] [IN] SecureSession[0x5e5199bc1890]: Released - Type:2 LSID:5899[0m
[0;34m[2524608000.753] [11404:11404] [IN] SecureSession[0x5e5199bc1890]: Allocated Type:2 LSID:5900[0m
[0;34m[2524608000.753] [11404:11404] [SC] Allocated SecureSession (0x5e5199bc1890) - waiting for Sigma1 msg[0m
[0;32m[2524608000.753] [11404:11404] [EM] <<< [E:65022r S:0 M:229131696 (Ack:153145548)] (U) Msg TX from 0000000000000000 to 0:BA633C5870FD4060 [0000] [UDP:[fe80::bfe:a203:38f0:bce7%enp0s3]:47854] --- Type 0000:10 (SecureChannel:StandaloneAck) (B:26)[0m
[0;34m[2524608000.753] [11404:11404] [EM] Flushed pending ack for MessageCounter:153145548 on exchange 65022r[0m
