[0;34m[1784834210.104] [13744:13744] [DL] ChipLinuxStorage::Init: Using KVS config file: /tmp/chip_kvs_test[0m
[0;34m[1784834210.110] [13744:13744] [DL] Wrote settings to /tmp/chip_kvs_test[0m
[1;31m[1784834210.110] [13744:13744] [DL] ChipLinuxStorage::Init: Attempt to re-initialize with KVS config file: /tmp/chip_kvs, IGNORING.[0m
[0;34m[1784834210.112] [13744:13744] [DL] ChipLinuxStorage::Init: Using KVS config file: /tmp/chip_factory.ini[0m
[0;34m[1784834210.113] [13744:13744] [DL] Wrote settings to /tmp/chip_factory.ini[0m
[0;34m[1784834210.113] [13744:13744] [DL] ChipLinuxStorage::Init: Using KVS config file: /tmp/chip_config.ini[0m
[0;34m[1784834210.115] [13744:13744] [DL] Wrote settings to /tmp/chip_config.ini[0m
[0;34m[1784834210.115] [13744:13744] [DL] ChipLinuxStorage::Init: Using KVS config file: /tmp/chip_counters.ini[0m
[0;34m[1784834210.117] [13744:13744] [DL] Wrote settings to /tmp/chip_counters.ini[0m
[0;34m[1784834210.119] [13744:13744] [DL] Wrote settings to /tmp/chip_config.ini[0m
[0;32m[1784834210.119] [13744:13744] [DL] NVS set: chip-config/unique-id = "C35081906A515F12"[0m
[0;34m[1784834210.121] [13744:13744] [DL] Wrote settings to /tmp/chip_factory.ini[0m
[0;32m[1784834210.121] [13744:13744] [DL] NVS set: chip-factory/vendor-id = 65521 (0xFFF1)[0m
[0;34m[1784834210.123] [13744:13744] [DL] Wrote settings to /tmp/chip_factory.ini[0m
[0;32m[1784834210.123] [13744:13744] [DL] NVS set: chip-factory/product-id = 32769 (0x8001)[0m
[0;34m[1784834210.126] [13744:13744] [DL] Wrote settings to /tmp/chip_counters.ini[0m
[0;32m[1784834210.126] [13744:13744] [DL] NVS set: chip-counters/reboot-count = 1 (0x1)[0m
[0;34m[1784834210.128] [13744:13744] [DL] Wrote settings to /tmp/chip_counters.ini[0m
[0;32m[1784834210.128] [13744:13744] [DL] NVS set: chip-counters/total-operational-hours = 0 (0x0)[0m
[0;34m[1784834210.130] [13744:13744] [DL] Wrote settings to /tmp/chip_counters.ini[0m
[0;32m[1784834210.130] [13744:13744] [DL] NVS set: chip-counters/boot-reason = 0 (0x0)[0m
[0;34m[1784834210.132] [13744:13744] [DL] Wrote settings to /tmp/chip_config.ini[0m
[0;32m[1784834210.132] [13744:13744] [DL] NVS set: chip-config/regulatory-location = 0 (0x0)[0m
[0;34m[1784834210.134] [13744:13744] [DL] Wrote settings to /tmp/chip_config.ini[0m
[0;32m[1784834210.134] [13744:13744] [DL] NVS set: chip-config/location-capability = 2 (0x2)[0m
[0;34m[1784834210.136] [13744:13744] [DL] Wrote settings to /tmp/chip_config.ini[0m
[0;32m[1784834210.136] [13744:13744] [DL] NVS set: chip-config/configuration-version = 1 (0x1)[0m
[0;32m[1784834210.136] [13744:13744] [DL] Got Ethernet interface: enp0s3[0m
[0;32m[1784834210.136] [13744:13744] [DL] Found the primary Ethernet interface:enp0s3[0m
[1;31m[1784834210.136] [13744:13744] [DL] Failed to get WiFi interface[0m
[1;31m[1784834210.136] [13744:13744] [DL] Failed to reset WiFi statistic counts[0m
[0;32m[1784834210.136] [13744:13744] [PAF] WiFiPAF: WiFiPAFLayer::Init()[0m
[1;31m[1784834210.136] [13744:13744] [-] *** WARNING: Using temporary passcode 20202021 due to no neither --passcode or --spake2p-verifier-base64 given on command line or factory configuration. This is temporary and will disappear. Please update your scripts to explicitly configure onboarding credentials. ***[0m
[1;31m[1784834210.136] [13744:13744] [-] *** WARNING: Using temporary test discriminator 3840 due to --discriminator not given on command line or factory configuration. This is temporary and will disappear. Please update your scripts to explicitly configure onboarding credentials. ***[0m
[0;32m[1784834210.136] [13744:13744] [SPT] LinuxCommissionableDataProvider didn't get a PASE salt, generating one.[0m
[0;32m[1784834210.138] [13744:13744] [DL] Device Configuration:[0m
[0;32m[1784834210.138] [13744:13744] [DL]   Serial Number: TEST_SN[0m
[0;32m[1784834210.138] [13744:13744] [DL]   Vendor Id: 65521 (0xFFF1)[0m
[0;32m[1784834210.138] [13744:13744] [DL]   Product Id: 32769 (0x8001)[0m
[0;32m[1784834210.138] [13744:13744] [DL]   Product Name: TEST_PRODUCT[0m
[0;32m[1784834210.138] [13744:13744] [DL]   Hardware Version: 0[0m
[0;32m[1784834210.138] [13744:13744] [DL]   Setup Pin Code (0 for UNKNOWN/ERROR): 20202021[0m
[0;32m[1784834210.138] [13744:13744] [DL]   Setup Discriminator (0xFFFF for UNKNOWN/ERROR): 3840 (0xF00)[0m
[0;32m[1784834210.138] [13744:13744] [DL]   Manufacturing Date: (not set)[0m
[0;32m[1784834210.138] [13744:13744] [DL]   Device Type: 257 (0x101)[0m
[0;32m[1784834210.138] [13744:13744] [-] ==== Onboarding payload for Standard Commissioning Flow ====[0m
[0;32m[1784834210.138] [13744:13744] [SVR] SetupQRCode: [MT:-24J042C00KA0648G00][0m
[0;32m[1784834210.138] [13744:13744] [SVR] Copy/paste the below URL in a browser to see the QR Code:[0m
[0;32m[1784834210.138] [13744:13744] [SVR] https://project-chip.github.io/connectedhomeip/qrcode.html?data=MT%3A-24J042C00KA0648G00[0m
[0;32m[1784834210.138] [13744:13744] [SVR] Manual pairing code: [34970112332][0m
[0;32m[1784834210.138] [13744:13744] [SVR] Initializing subscription resumption storage...[0m
[0;34m[1784834210.140] [13744:13744] [DL] Wrote settings to /tmp/chip_kvs_test[0m
[0;32m[1784834210.140] [13744:13744] [SVR] Server initializing...[0m
[0;34m[1784834210.140] [13744:13744] [FP] Initializing FabricTable from persistent storage[0m
[0;32m[1784834210.140] [13744:13744] [TS] Last Known Good Time: [unknown][0m
[0;32m[1784834210.140] [13744:13744] [TS] Setting Last Known Good Time to firmware build time 2023-10-14T01:16:48[0m
[0;34m[1784834210.142] [13744:13744] [DL] Wrote settings to /tmp/chip_kvs_test[0m
[0;32m[1784834210.142] [13744:13744] [DMG] AccessControl: initializing[0m
[0;32m[1784834210.142] [13744:13744] [DMG] Examples::AccessControlDelegate::Init[0m
[0;32m[1784834210.142] [13744:13744] [DMG] AccessControl: setting[0m
[0;32m[1784834210.142] [13744:13744] [DMG] DefaultAclStorage: initializing[0m
[0;32m[1784834210.142] [13744:13744] [DMG] DefaultAclStorage: 0 entries loaded[0m
[0;34m[1784834210.142] [13744:13744] [IN] UDP::Init bind&listen port=5540[0m
[0;34m[1784834210.142] [13744:13744] [IN] UDP::Init bound to port=5540[0m
[0;34m[1784834210.142] [13744:13744] [IN] UDP::Init bind&listen port=5540[0m
[0;34m[1784834210.142] [13744:13744] [IN] UDP::Init bound to port=5540[0m
[0;34m[1784834210.142] [13744:13744] [IN] BLEBase::Init - setting/overriding transport[0m
[0;32m[1784834210.142] [13744:13744] [IN] TCP server listening on port 5540 for incoming connections[0m
[0;32m[1784834210.143] [13744:13744] [IN] TCP server listening on port 5540 for incoming connections[0m
[0;34m[1784834210.143] [13744:13744] [IN] WiFiPAFBase::Init - setting/overriding transport[0m
[0;34m[1784834210.143] [13744:13744] [IN] TransportMgr initialized[0m
[0;34m[1784834210.144] [13744:13744] [DL] Wrote settings to /tmp/chip_kvs_test[0m
[0;34m[1784834210.146] [13744:13744] [DL] Wrote settings to /tmp/chip_kvs_test[0m
[0;34m[1784834210.149] [13744:13744] [DL] Wrote settings to /tmp/chip_kvs_test[0m
[0;32m[1784834210.149] [13744:13744] [DMG] Ember attribute persistence requires setting up[0m
[0;32m[1784834210.149] [13744:13744] [ZCL] Using ZAP configuration...[0m
[0;34m[1784834210.149] [13744:13744] [DMG] Failed to read stored attribute (1, 0x0000_0006, 0x0000_0000: src/platform/Linux/KeyValueStoreManagerImpl.cpp:53: CHIP Error 0x000000A0: Value not found in the persisted storage[0m
[0;34m[1784834210.149] [13744:13744] [DMG] Failed to read stored attribute (1, 0x0000_0006, 0x0000_4003: src/platform/Linux/KeyValueStoreManagerImpl.cpp:53: CHIP Error 0x000000A0: Value not found in the persisted storage[0m
[0;34m[1784834210.149] [13744:13744] [DMG] Failed to read stored attribute (1, 0x0000_0008, 0x0000_0000: src/platform/Linux/KeyValueStoreManagerImpl.cpp:53: CHIP Error 0x000000A0: Value not found in the persisted storage[0m
[0;34m[1784834210.149] [13744:13744] [DMG] Failed to read stored attribute (1, 0x0000_0008, 0x0000_4000: src/platform/Linux/KeyValueStoreManagerImpl.cpp:53: CHIP Error 0x000000A0: Value not found in the persisted storage[0m
[0;34m[1784834210.149] [13744:13744] [DMG] Failed to read stored attribute (1, 0x0000_0050, 0x0000_0003: src/platform/Linux/KeyValueStoreManagerImpl.cpp:53: CHIP Error 0x000000A0: Value not found in the persisted storage[0m
[0;34m[1784834210.149] [13744:13744] [DMG] Failed to read stored attribute (1, 0x0000_0050, 0x0000_0004: src/platform/Linux/KeyValueStoreManagerImpl.cpp:53: CHIP Error 0x000000A0: Value not found in the persisted storage[0m
[0;34m[1784834210.149] [13744:13744] [DMG] Failed to read stored attribute (1, 0x0000_0050, 0x0000_0005: src/platform/Linux/KeyValueStoreManagerImpl.cpp:53: CHIP Error 0x000000A0: Value not found in the persisted storage[0m
[0;34m[1784834210.149] [13744:13744] [DMG] Failed to read stored attribute (1, 0x0000_005C, 0x0000_0000: src/platform/Linux/KeyValueStoreManagerImpl.cpp:53: CHIP Error 0x000000A0: Value not found in the persisted storage[0m
[0;34m[1784834210.149] [13744:13744] [DMG] Failed to read stored attribute (1, 0x0000_005C, 0x0000_0001: src/platform/Linux/KeyValueStoreManagerImpl.cpp:53: CHIP Error 0x000000A0: Value not found in the persisted storage[0m
[0;34m[1784834210.149] [13744:13744] [DMG] Failed to read stored attribute (1, 0x0000_005C, 0x0000_0002: src/platform/Linux/KeyValueStoreManagerImpl.cpp:53: CHIP Error 0x000000A0: Value not found in the persisted storage[0m
[0;34m[1784834210.149] [13744:13744] [DMG] Failed to read stored attribute (1, 0x0000_005C, 0x0000_0003: src/platform/Linux/KeyValueStoreManagerImpl.cpp:53: CHIP Error 0x000000A0: Value not found in the persisted storage[0m
[0;34m[1784834210.149] [13744:13744] [DMG] Failed to read stored attribute (1, 0x0000_005C, 0x0000_0004: src/platform/Linux/KeyValueStoreManagerImpl.cpp:53: CHIP Error 0x000000A0: Value not found in the persisted storage[0m
[0;34m[1784834210.149] [13744:13744] [DMG] Failed to read stored attribute (1, 0x0000_005C, 0x0000_0006: src/platform/Linux/KeyValueStoreManagerImpl.cpp:53: CHIP Error 0x000000A0: Value not found in the persisted storage[0m
[0;34m[1784834210.149] [13744:13744] [DMG] Failed to read stored attribute (1, 0x0000_005C, 0x0000_0007: src/platform/Linux/KeyValueStoreManagerImpl.cpp:53: CHIP Error 0x000000A0: Value not found in the persisted storage[0m
[0;34m[1784834210.149] [13744:13744] [DMG] Failed to read stored attribute (1, 0x0000_0081, 0x0000_0001: src/platform/Linux/KeyValueStoreManagerImpl.cpp:53: CHIP Error 0x000000A0: Value not found in the persisted storage[0m
[0;34m[1784834210.149] [13744:13744] [DMG] Failed to read stored attribute (1, 0x0000_0081, 0x0000_0008: src/platform/Linux/KeyValueStoreManagerImpl.cpp:53: CHIP Error 0x000000A0: Value not found in the persisted storage[0m
[0;34m[1784834210.149] [13744:13744] [DMG] Failed to read stored attribute (1, 0x0000_0102, 0x0000_0003: src/platform/Linux/KeyValueStoreManagerImpl.cpp:53: CHIP Error 0x000000A0: Value not found in the persisted storage[0m
[0;34m[1784834210.149] [13744:13744] [DMG] Failed to read stored attribute (1, 0x0000_0102, 0x0000_0004: src/platform/Linux/KeyValueStoreManagerImpl.cpp:53: CHIP Error 0x000000A0: Value not found in the persisted storage[0m
[0;34m[1784834210.149] [13744:13744] [DMG] Failed to read stored attribute (1, 0x0000_0102, 0x0000_0005: src/platform/Linux/KeyValueStoreManagerImpl.cpp:53: CHIP Error 0x000000A0: Value not found in the persisted storage[0m
[0;34m[1784834210.149] [13744:13744] [DMG] Failed to read stored attribute (1, 0x0000_0102, 0x0000_0006: src/platform/Linux/KeyValueStoreManagerImpl.cpp:53: CHIP Error 0x000000A0: Value not found in the persisted storage[0m
[0;34m[1784834210.149] [13744:13744] [DMG] Failed to read stored attribute (1, 0x0000_0102, 0x0000_0007: src/platform/Linux/KeyValueStoreManagerImpl.cpp:53: CHIP Error 0x000000A0: Value not found in the persisted storage[0m
[0;34m[1784834210.149] [13744:13744] [DMG] Failed to read stored attribute (1, 0x0000_0102, 0x0000_0008: src/platform/Linux/KeyValueStoreManagerImpl.cpp:53: CHIP Error 0x000000A0: Value not found in the persisted storage[0m
[0;34m[1784834210.149] [13744:13744] [DMG] Failed to read stored attribute (1, 0x0000_0102, 0x0000_0009: src/platform/Linux/KeyValueStoreManagerImpl.cpp:53: CHIP Error 0x000000A0: Value not found in the persisted storage[0m
[0;34m[1784834210.149] [13744:13744] [DMG] Failed to read stored attribute (1, 0x0000_0102, 0x0000_000E: src/platform/Linux/KeyValueStoreManagerImpl.cpp:53: CHIP Error 0x000000A0: Value not found in the persisted storage[0m
[0;34m[1784834210.149] [13744:13744] [DMG] Failed to read stored attribute (1, 0x0000_0102, 0x0000_000F: src/platform/Linux/KeyValueStoreManagerImpl.cpp:53: CHIP Error 0x000000A0: Value not found in the persisted storage[0m
[0;34m[1784834210.149] [13744:13744] [DMG] Failed to read stored attribute (1, 0x0000_0102, 0x0000_0010: src/platform/Linux/KeyValueStoreManagerImpl.cpp:53: CHIP Error 0x000000A0: Value not found in the persisted storage[0m
[0;34m[1784834210.149] [13744:13744] [DMG] Failed to read stored attribute (1, 0x0000_0102, 0x0000_0011: src/platform/Linux/KeyValueStoreManagerImpl.cpp:53: CHIP Error 0x000000A0: Value not found in the persisted storage[0m
[0;34m[1784834210.149] [13744:13744] [DMG] Failed to read stored attribute (1, 0x0000_0102, 0x0000_0012: src/platform/Linux/KeyValueStoreManagerImpl.cpp:53: CHIP Error 0x000000A0: Value not found in the persisted storage[0m
[0;34m[1784834210.149] [13744:13744] [DMG] Failed to read stored attribute (1, 0x0000_0102, 0x0000_0013: src/platform/Linux/KeyValueStoreManagerImpl.cpp:53: CHIP Error 0x000000A0: Value not found in the persisted storage[0m
[0;34m[1784834210.149] [13744:13744] [DMG] Failed to read stored attribute (1, 0x0000_0102, 0x0000_0017: src/platform/Linux/KeyValueStoreManagerImpl.cpp:53: CHIP Error 0x000000A0: Value not found in the persisted storage[0m
[0;34m[1784834210.149] [13744:13744] [DMG] Failed to read stored attribute (1, 0x0000_0300, 0x0000_0000: src/platform/Linux/KeyValueStoreManagerImpl.cpp:53: CHIP Error 0x000000A0: Value not found in the persisted storage[0m
[0;34m[1784834210.149] [13744:13744] [DMG] Failed to read stored attribute (1, 0x0000_0300, 0x0000_0001: src/platform/Linux/KeyValueStoreManagerImpl.cpp:53: CHIP Error 0x000000A0: Value not found in the persisted storage[0m
[0;34m[1784834210.149] [13744:13744] [DMG] Failed to read stored attribute (1, 0x0000_0300, 0x0000_0003: src/platform/Linux/KeyValueStoreManagerImpl.cpp:53: CHIP Error 0x000000A0: Value not found in the persisted storage[0m
[0;34m[1784834210.149] [13744:13744] [DMG] Failed to read stored attribute (1, 0x0000_0300, 0x0000_0004: src/platform/Linux/KeyValueStoreManagerImpl.cpp:53: CHIP Error 0x000000A0: Value not found in the persisted storage[0m
[0;34m[1784834210.149] [13744:13744] [DMG] Failed to read stored attribute (1, 0x0000_0300, 0x0000_0007: src/platform/Linux/KeyValueStoreManagerImpl.cpp:53: CHIP Error 0x000000A0: Value not found in the persisted storage[0m
[0;34m[1784834210.149] [13744:13744] [DMG] Failed to read stored attribute (1, 0x0000_0300, 0x0000_4000: src/platform/Linux/KeyValueStoreManagerImpl.cpp:53: CHIP Error 0x000000A0: Value not found in the persisted storage[0m
[0;34m[1784834210.149] [13744:13744] [DMG] Failed to read stored attribute (1, 0x0000_0300, 0x0000_4001: src/platform/Linux/KeyValueStoreManagerImpl.cpp:53: CHIP Error 0x000000A0: Value not found in the persisted storage[0m
[0;34m[1784834210.149] [13744:13744] [DMG] Failed to read stored attribute (1, 0x0000_0300, 0x0000_4002: src/platform/Linux/KeyValueStoreManagerImpl.cpp:53: CHIP Error 0x000000A0: Value not found in the persisted storage[0m
[0;34m[1784834210.149] [13744:13744] [DMG] Failed to read stored attribute (1, 0x0000_0300, 0x0000_4003: src/platform/Linux/KeyValueStoreManagerImpl.cpp:53: CHIP Error 0x000000A0: Value not found in the persisted storage[0m
[0;34m[1784834210.149] [13744:13744] [DMG] Failed to read stored attribute (1, 0x0000_0300, 0x0000_4004: src/platform/Linux/KeyValueStoreManagerImpl.cpp:53: CHIP Error 0x000000A0: Value not found in the persisted storage[0m
[0;34m[1784834210.149] [13744:13744] [DMG] Failed to read stored attribute (1, 0x0000_0300, 0x0000_4010: src/platform/Linux/KeyValueStoreManagerImpl.cpp:53: CHIP Error 0x000000A0: Value not found in the persisted storage[0m
[0;34m[1784834210.152] [13744:13744] [DL] Wrote settings to /tmp/chip_kvs_test[0m
[0;34m[1784834210.152] [13744:13744] [EVL] LogEvent event number: 0x0000000000000000 priority: 1, endpoint id:  0x0 cluster id: 0x0000_0038 event id: 0x0 Epoch timestamp: 0x0000019F9068B968[0m
[0;32m[1784834210.152] [13744:13744] [ZCL] Emit DSTTableEmpty event [ep=0][0m
[0;32m[1784834210.152] [13744:13744] [ZCL] Initializing TLS Certificate Management cluster.[0m
[0;32m[1784834210.152] [13744:13744] [ZCL] Initializing TLS Client Management cluster.[0m
[0;34m[1784834210.152] [13744:13744] [ZCL] UnitLocalization ep0 set default TemperatureUnit: 1[0m
[0;34m[1784834210.152] [13744:13744] [DMG] Endpoint 0, Cluster 0x0000_0004 update version to 3fbed487[0m
[0;34m[1784834210.152] [13744:13744] [DMG] Endpoint 0, Cluster 0x0000_0004 update version to 3fbed488[0m
[0;34m[1784834210.152] [13744:13744] [DMG] Endpoint 1, Cluster 0x0000_0004 update version to d984002f[0m
[0;34m[1784834210.152] [13744:13744] [DMG] Endpoint 1, Cluster 0x0000_0004 update version to d9840030[0m
[0;32m[1784834210.152] [13744:13744] [ZCL] Endpoint 1 On/off already set to new value[0m
[0;34m[1784834210.152] [13744:13744] [DMG] Endpoint 1, Cluster 0x0000_0008 update version to a1ceae0[0m
[0;34m[1784834210.152] [13744:13744] [ZCL] ModeBase: Unable to load the CurrentMode from the KVS. Assuming 0[0m
[0;34m[1784834210.152] [13744:13744] [ZCL] ModeBase: Unable to load the StartUpMode from the KVS. Assuming null[0m
[0;34m[1784834210.152] [13744:13744] [ZCL] ModeBase: Unable to load the OnMode from the KVS.      Assuming null[0m
[0;34m[1784834210.152] [13744:13744] [ZCL] ModeBase: Unable to load the CurrentMode from the KVS. Assuming 0[0m
[0;34m[1784834210.152] [13744:13744] [ZCL] ModeBase: Unable to load the StartUpMode from the KVS. Assuming null[0m
[0;34m[1784834210.152] [13744:13744] [ZCL] ModeBase: Unable to load the OnMode from the KVS.      Assuming null[0m
[0;34m[1784834210.152] [13744:13744] [ZCL] ModeBase: Unable to load the CurrentMode from the KVS. Assuming 0[0m
[0;34m[1784834210.152] [13744:13744] [ZCL] ModeBase: Unable to load the StartUpMode from the KVS. Assuming null[0m
[0;34m[1784834210.152] [13744:13744] [ZCL] ModeBase: Unable to load the OnMode from the KVS.      Assuming null[0m
[0;34m[1784834210.152] [13744:13744] [ZCL] ModeBase: Unable to load the CurrentMode from the KVS. Assuming 0[0m
[0;34m[1784834210.152] [13744:13744] [ZCL] ModeBase: Unable to load the StartUpMode from the KVS. Assuming null[0m
[0;34m[1784834210.152] [13744:13744] [ZCL] ModeBase: Unable to load the OnMode from the KVS.      Assuming null[0m
[0;34m[1784834210.152] [13744:13744] [ZCL] ModeBase: Unable to load the CurrentMode from the KVS. Assuming 0[0m
[0;34m[1784834210.152] [13744:13744] [ZCL] ModeBase: Unable to load the StartUpMode from the KVS. Assuming null[0m
[0;34m[1784834210.152] [13744:13744] [ZCL] ModeBase: Unable to load the OnMode from the KVS.      Assuming null[0m
[0;34m[1784834210.152] [13744:13744] [ZCL] ModeBase: Unable to load the CurrentMode from the KVS. Assuming 0[0m
[0;34m[1784834210.152] [13744:13744] [ZCL] ModeBase: Unable to load the StartUpMode from the KVS. Assuming null[0m
[0;34m[1784834210.152] [13744:13744] [ZCL] ModeBase: Unable to load the OnMode from the KVS.      Assuming null[0m
[0;34m[1784834210.152] [13744:13744] [ZCL] ModeBase: Unable to load the CurrentMode from the KVS. Assuming 0[0m
[0;34m[1784834210.152] [13744:13744] [ZCL] ModeBase: Unable to load the StartUpMode from the KVS. Assuming null[0m
[0;34m[1784834210.152] [13744:13744] [ZCL] ModeBase: Unable to load the OnMode from the KVS.      Assuming null[0m
[0;34m[1784834210.152] [13744:13744] [ZCL] ResourceMonitoring: Init[0m
[0;34m[1784834210.152] [13744:13744] [ZCL] ResourceMonitoring: Unable to load the LastChangedTime from the KVS. Assuming null[0m
[0;34m[1784834210.152] [13744:13744] [ZCL] ResourceMonitoring: calling mDelegate->Init()[0m
[0;34m[1784834210.152] [13744:13744] [ZCL] HepaFilterMonitoringDelegate::Init()[0m
[0;34m[1784834210.152] [13744:13744] [ZCL] ResourceMonitoring: Init[0m
[0;34m[1784834210.152] [13744:13744] [ZCL] ResourceMonitoring: Unable to load the LastChangedTime from the KVS. Assuming null[0m
[0;34m[1784834210.152] [13744:13744] [ZCL] ResourceMonitoring: calling mDelegate->Init()[0m
[0;34m[1784834210.152] [13744:13744] [ZCL] ActivatedCarbonFilterMonitoringDelegate::Init()[0m
[0;34m[1784834210.154] [13744:13744] [DL] Wrote settings to /tmp/chip_kvs_test[0m
[0;34m[1784834210.154] [13744:13744] [DMG] Endpoint 1, Cluster 0x0000_0102 update version to 4b5bb147[0m
[0;32m[1784834210.154] [13744:13744] [ZCL] WC POST ATTRIBUTE=7[0m
[0;32m[1784834210.154] [13744:13744] [ZCL] ConfigStatus 0x1B Operational=1 OnlineReserved=1[0m
[0;32m[1784834210.154] [13744:13744] [ZCL] Lift(PA=1 Encoder=0 Reversed=0) Tilt(PA=1 Encoder=0)[0m
[0;32m[1784834210.154] [13744:13744] [ZCL] Initialize PCC Server Cluster [EP:1][0m
[0;34m[1784834210.154] [13744:13744] [DMG] Endpoint 1, Cluster 0x0000_0300 update version to bb8adb69[0m
[0;34m[1784834210.154] [13744:13744] [DMG] Endpoint 1, Cluster 0x0000_0300 update version to bb8adb6a[0m
[0;34m[1784834210.156] [13744:13744] [DL] Wrote settings to /tmp/chip_kvs_test[0m
[0;34m[1784834210.156] [13744:13744] [DMG] Endpoint 1, Cluster 0x0000_0300 update version to bb8adb6b[0m
[0;34m[1784834210.157] [13744:13744] [DMG] Endpoint 1, Cluster 0x0000_0406 update version to f414c761[0m
[0;34m[1784834210.157] [13744:13744] [DMG] Endpoint 1, Cluster 0x0000_0406 update version to f414c762[0m
[0;34m[1784834210.157] [13744:13744] [DMG] Endpoint 1, Cluster 0x0000_040C update version to 65ed38d7[0m
[0;34m[1784834210.157] [13744:13744] [DMG] Endpoint 1, Cluster 0x0000_040C update version to 65ed38d8[0m
[0;34m[1784834210.157] [13744:13744] [DMG] Endpoint 1, Cluster 0x0000_040C update version to 65ed38d9[0m
[0;34m[1784834210.157] [13744:13744] [DMG] Endpoint 1, Cluster 0x0000_040C update version to 65ed38da[0m
[0;34m[1784834210.157] [13744:13744] [DMG] Endpoint 1, Cluster 0x0000_040C update version to 65ed38db[0m
[0;34m[1784834210.157] [13744:13744] [DMG] Endpoint 1, Cluster 0x0000_040C update version to 65ed38dc[0m
[0;34m[1784834210.157] [13744:13744] [DMG] Endpoint 1, Cluster 0x0000_040C update version to 65ed38dd[0m
[0;34m[1784834210.157] [13744:13744] [DMG] Endpoint 1, Cluster 0x0000_040C update version to 65ed38de[0m
[0;34m[1784834210.157] [13744:13744] [DMG] Endpoint 1, Cluster 0x0000_040D update version to f9913251[0m
[0;34m[1784834210.157] [13744:13744] [DMG] Endpoint 1, Cluster 0x0000_040D update version to f9913252[0m
[0;34m[1784834210.157] [13744:13744] [DMG] Endpoint 1, Cluster 0x0000_040D update version to f9913253[0m
[0;34m[1784834210.157] [13744:13744] [DMG] Endpoint 1, Cluster 0x0000_040D update version to f9913254[0m
[0;34m[1784834210.157] [13744:13744] [DMG] Endpoint 1, Cluster 0x0000_040D update version to f9913255[0m
[0;34m[1784834210.157] [13744:13744] [DMG] Endpoint 1, Cluster 0x0000_040D update version to f9913256[0m
[0;34m[1784834210.157] [13744:13744] [DMG] Endpoint 1, Cluster 0x0000_040D update version to f9913257[0m
[0;34m[1784834210.157] [13744:13744] [DMG] Endpoint 1, Cluster 0x0000_040D update version to f9913258[0m
[0;34m[1784834210.157] [13744:13744] [DMG] Endpoint 1, Cluster 0x0000_0413 update version to ee1f8450[0m
[0;34m[1784834210.157] [13744:13744] [DMG] Endpoint 1, Cluster 0x0000_0413 update version to ee1f8451[0m
[0;34m[1784834210.157] [13744:13744] [DMG] Endpoint 1, Cluster 0x0000_0413 update version to ee1f8452[0m
[0;34m[1784834210.157] [13744:13744] [DMG] Endpoint 1, Cluster 0x0000_0413 update version to ee1f8453[0m
[0;34m[1784834210.157] [13744:13744] [DMG] Endpoint 1, Cluster 0x0000_0413 update version to ee1f8454[0m
[0;34m[1784834210.157] [13744:13744] [DMG] Endpoint 1, Cluster 0x0000_0413 update version to ee1f8455[0m
[0;34m[1784834210.157] [13744:13744] [DMG] Endpoint 1, Cluster 0x0000_0413 update version to ee1f8456[0m
[0;34m[1784834210.157] [13744:13744] [DMG] Endpoint 1, Cluster 0x0000_0413 update version to ee1f8457[0m
[0;34m[1784834210.157] [13744:13744] [DMG] Endpoint 1, Cluster 0x0000_0415 update version to 1411f60f[0m
[0;34m[1784834210.157] [13744:13744] [DMG] Endpoint 1, Cluster 0x0000_0415 update version to 1411f610[0m
[0;34m[1784834210.157] [13744:13744] [DMG] Endpoint 1, Cluster 0x0000_0415 update version to 1411f611[0m
[0;34m[1784834210.157] [13744:13744] [DMG] Endpoint 1, Cluster 0x0000_0415 update version to 1411f612[0m
[0;34m[1784834210.157] [13744:13744] [DMG] Endpoint 1, Cluster 0x0000_0415 update version to 1411f613[0m
[0;34m[1784834210.157] [13744:13744] [DMG] Endpoint 1, Cluster 0x0000_0415 update version to 1411f614[0m
[0;34m[1784834210.157] [13744:13744] [DMG] Endpoint 1, Cluster 0x0000_0415 update version to 1411f615[0m
[0;34m[1784834210.157] [13744:13744] [DMG] Endpoint 1, Cluster 0x0000_0415 update version to 1411f616[0m
[0;34m[1784834210.157] [13744:13744] [DMG] Endpoint 1, Cluster 0x0000_042A update version to 937f7cb[0m
[0;34m[1784834210.157] [13744:13744] [DMG] Endpoint 1, Cluster 0x0000_042A update version to 937f7cc[0m
[0;34m[1784834210.157] [13744:13744] [DMG] Endpoint 1, Cluster 0x0000_042A update version to 937f7cd[0m
[0;34m[1784834210.157] [13744:13744] [DMG] Endpoint 1, Cluster 0x0000_042A update version to 937f7ce[0m
[0;34m[1784834210.157] [13744:13744] [DMG] Endpoint 1, Cluster 0x0000_042A update version to 937f7cf[0m
[0;34m[1784834210.157] [13744:13744] [DMG] Endpoint 1, Cluster 0x0000_042A update version to 937f7d0[0m
[0;34m[1784834210.157] [13744:13744] [DMG] Endpoint 1, Cluster 0x0000_042A update version to 937f7d1[0m
[0;34m[1784834210.157] [13744:13744] [DMG] Endpoint 1, Cluster 0x0000_042A update version to 937f7d2[0m
[0;34m[1784834210.157] [13744:13744] [DMG] Endpoint 1, Cluster 0x0000_042B update version to 544b8571[0m
[0;34m[1784834210.157] [13744:13744] [DMG] Endpoint 1, Cluster 0x0000_042B update version to 544b8572[0m
[0;34m[1784834210.157] [13744:13744] [DMG] Endpoint 1, Cluster 0x0000_042B update version to 544b8573[0m
[0;34m[1784834210.157] [13744:13744] [DMG] Endpoint 1, Cluster 0x0000_042B update version to 544b8574[0m
[0;34m[1784834210.157] [13744:13744] [DMG] Endpoint 1, Cluster 0x0000_042B update version to 544b8575[0m
[0;34m[1784834210.157] [13744:13744] [DMG] Endpoint 1, Cluster 0x0000_042B update version to 544b8576[0m
[0;34m[1784834210.157] [13744:13744] [DMG] Endpoint 1, Cluster 0x0000_042B update version to 544b8577[0m
[0;34m[1784834210.157] [13744:13744] [DMG] Endpoint 1, Cluster 0x0000_042B update version to 544b8578[0m
[0;34m[1784834210.157] [13744:13744] [DMG] Endpoint 1, Cluster 0x0000_042C update version to c7d6f7d5[0m
[0;34m[1784834210.157] [13744:13744] [DMG] Endpoint 1, Cluster 0x0000_042C update version to c7d6f7d6[0m
[0;34m[1784834210.157] [13744:13744] [DMG] Endpoint 1, Cluster 0x0000_042C update version to c7d6f7d7[0m
[0;34m[1784834210.157] [13744:13744] [DMG] Endpoint 1, Cluster 0x0000_042C update version to c7d6f7d8[0m
[0;34m[1784834210.157] [13744:13744] [DMG] Endpoint 1, Cluster 0x0000_042C update version to c7d6f7d9[0m
[0;34m[1784834210.157] [13744:13744] [DMG] Endpoint 1, Cluster 0x0000_042C update version to c7d6f7da[0m
[0;34m[1784834210.157] [13744:13744] [DMG] Endpoint 1, Cluster 0x0000_042C update version to c7d6f7db[0m
[0;34m[1784834210.157] [13744:13744] [DMG] Endpoint 1, Cluster 0x0000_042C update version to c7d6f7dc[0m
[0;34m[1784834210.157] [13744:13744] [DMG] Endpoint 1, Cluster 0x0000_042D update version to c75847b5[0m
[0;34m[1784834210.157] [13744:13744] [DMG] Endpoint 1, Cluster 0x0000_042D update version to c75847b6[0m
[0;34m[1784834210.157] [13744:13744] [DMG] Endpoint 1, Cluster 0x0000_042D update version to c75847b7[0m
[0;34m[1784834210.157] [13744:13744] [DMG] Endpoint 1, Cluster 0x0000_042D update version to c75847b8[0m
[0;34m[1784834210.157] [13744:13744] [DMG] Endpoint 1, Cluster 0x0000_042D update version to c75847b9[0m
[0;34m[1784834210.157] [13744:13744] [DMG] Endpoint 1, Cluster 0x0000_042D update version to c75847ba[0m
[0;34m[1784834210.157] [13744:13744] [DMG] Endpoint 1, Cluster 0x0000_042D update version to c75847bb[0m
[0;34m[1784834210.157] [13744:13744] [DMG] Endpoint 1, Cluster 0x0000_042D update version to c75847bc[0m
[0;34m[1784834210.157] [13744:13744] [DMG] Endpoint 1, Cluster 0x0000_042E update version to 88489ce4[0m
[0;34m[1784834210.157] [13744:13744] [DMG] Endpoint 1, Cluster 0x0000_042E update version to 88489ce5[0m
[0;34m[1784834210.157] [13744:13744] [DMG] Endpoint 1, Cluster 0x0000_042E update version to 88489ce6[0m
[0;34m[1784834210.157] [13744:13744] [DMG] Endpoint 1, Cluster 0x0000_042E update version to 88489ce7[0m
[0;34m[1784834210.157] [13744:13744] [DMG] Endpoint 1, Cluster 0x0000_042E update version to 88489ce8[0m
[0;34m[1784834210.157] [13744:13744] [DMG] Endpoint 1, Cluster 0x0000_042E update version to 88489ce9[0m
[0;34m[1784834210.157] [13744:13744] [DMG] Endpoint 1, Cluster 0x0000_042E update version to 88489cea[0m
[0;34m[1784834210.157] [13744:13744] [DMG] Endpoint 1, Cluster 0x0000_042E update version to 88489ceb[0m
[0;34m[1784834210.157] [13744:13744] [DMG] Endpoint 1, Cluster 0x0000_042F update version to 96c1945a[0m
[0;34m[1784834210.157] [13744:13744] [DMG] Endpoint 1, Cluster 0x0000_042F update version to 96c1945b[0m
[0;34m[1784834210.157] [13744:13744] [DMG] Endpoint 1, Cluster 0x0000_042F update version to 96c1945c[0m
[0;34m[1784834210.157] [13744:13744] [DMG] Endpoint 1, Cluster 0x0000_042F update version to 96c1945d[0m
[0;34m[1784834210.157] [13744:13744] [DMG] Endpoint 1, Cluster 0x0000_042F update version to 96c1945e[0m
[0;34m[1784834210.157] [13744:13744] [DMG] Endpoint 1, Cluster 0x0000_042F update version to 96c1945f[0m
[0;34m[1784834210.157] [13744:13744] [DMG] Endpoint 1, Cluster 0x0000_042F update version to 96c19460[0m
[0;34m[1784834210.157] [13744:13744] [DMG] Endpoint 1, Cluster 0x0000_042F update version to 96c19461[0m
[0;32m[1784834210.157] [13744:13744] [-] Setting LowPower default delegate to global manager[0m
[0;34m[1784834210.157] [13744:13744] [DMG] Endpoint 2, Cluster 0x0000_0004 update version to 79ecd82[0m
[0;34m[1784834210.157] [13744:13744] [DMG] Endpoint 2, Cluster 0x0000_0004 update version to 79ecd83[0m
[1;31m[1784834210.157] [13744:13744] [IM] Duplicate attribute override registration failed[0m
[0;34m[1784834210.157] [13744:13744] [DMG] Endpoint 2, Cluster 0x0000_0406 update version to 54632147[0m
[0;34m[1784834210.157] [13744:13744] [DMG] Endpoint 2, Cluster 0x0000_0406 update version to 54632148[0m
[0;32m[1784834210.157] [13744:13744] [DMG] TLSClientManagementCluster: initializing[0m
[0;32m[1784834210.157] [13744:13744] [DMG] TLSCertificateManagementCluster: initializing[0m
[0;34m[1784834210.157] [13744:13744] [ZCL] Chime: Unable to load the SelectedChime attribute from the KVS. Defaulting to 0[0m
[0;34m[1784834210.157] [13744:13744] [ZCL] Chime: Unable to load the Enabled attribute from the KVS. Defaulting to 1[0m
[0;34m[1784834210.157] [13744:13744] [EVL] LogEvent event number: 0x0000000000000001 priority: 2, endpoint id:  0x0 cluster id: 0x0000_0033 event id: 0x3 Epoch timestamp: 0x0000019F9068B96D[0m
[0;34m[1784834210.159] [13744:13744] [DL] Wrote settings to /tmp/chip_kvs_test[0m
[0;32m[1784834210.159] [13744:13744] [DMG] AccessControlCluster: initializing[0m
[0;34m[1784834210.159] [13744:13744] [IN] SecureSession[0x5a34cef48890]: Allocated Type:1 LSID:40703[0m
[0;34m[1784834210.159] [13744:13744] [SC] Assigned local session key ID 40703[0m
[0;34m[1784834210.159] [13744:13744] [SC] Waiting for PBKDF param request[0m
[0;32m[1784834210.159] [13744:13744] [DIS] Updating services using commissioning mode 1[0m
[0;32m[1784834210.159] [13744:13744] [DIS] CHIP minimal mDNS started advertising.[0m
[0;34m[1784834210.159] [13744:13744] [DL] Using WiFi MAC for hostname[0m
[0;34m[1784834210.159] [13744:13744] [DIS] DNS-SD Pairing Instruction not set[0m
[0;32m[1784834210.159] [13744:13744] [DIS] Advertise commission parameter vendorID=65521 productID=32769 discriminator=3840/15 cm=1 cp=0 jf=0[0m
[0;34m[1784834210.159] [13744:13744] [DIS] Responding with _matterc._udp.local[0m
[0;34m[1784834210.159] [13744:13744] [DIS] Responding with 44CC7D1087CEB9F3._matterc._udp.local[0m
[0;34m[1784834210.159] [13744:13744] [DIS] Responding with 080027AE1A43.local[0m
[0;34m[1784834210.159] [13744:13744] [DIS] Responding with 080027AE1A43.local[0m
[0;34m[1784834210.159] [13744:13744] [DIS] Responding with _V65521._sub._matterc._udp.local[0m
[0;34m[1784834210.159] [13744:13744] [DIS] Responding with _T257._sub._matterc._udp.local[0m
[0;34m[1784834210.159] [13744:13744] [DIS] Responding with _S15._sub._matterc._udp.local[0m
[0;34m[1784834210.159] [13744:13744] [DIS] Responding with _L3840._sub._matterc._udp.local[0m
[0;34m[1784834210.159] [13744:13744] [DIS] Responding with _CM._sub._matterc._udp.local[0m
[0;34m[1784834210.159] [13744:13744] [DIS] Responding with 44CC7D1087CEB9F3._matterc._udp.local[0m
[0;32m[1784834210.159] [13744:13744] [DIS] CHIP minimal mDNS configured as 'Commissionable node device'; instance name: 44CC7D1087CEB9F3.[0m
[0;32m[1784834210.160] [13744:13744] [DIS] mDNS service published: _matterc._udp[0m
[0;32m[1784834210.160] [13744:13744] [DIS] Updating services using commissioning mode 1[0m
[0;32m[1784834210.160] [13744:13744] [DIS] CHIP minimal mDNS started advertising.[0m
[0;34m[1784834210.161] [13744:13744] [DL] Using WiFi MAC for hostname[0m
[0;34m[1784834210.161] [13744:13744] [DIS] DNS-SD Pairing Instruction not set[0m
[0;32m[1784834210.161] [13744:13744] [DIS] Advertise commission parameter vendorID=65521 productID=32769 discriminator=3840/15 cm=1 cp=0 jf=0[0m
[0;34m[1784834210.161] [13744:13744] [DIS] Responding with _matterc._udp.local[0m
[0;34m[1784834210.161] [13744:13744] [DIS] Responding with 44CC7D1087CEB9F3._matterc._udp.local[0m
[0;34m[1784834210.161] [13744:13744] [DIS] Responding with 080027AE1A43.local[0m
[0;34m[1784834210.161] [13744:13744] [DIS] Responding with 080027AE1A43.local[0m
[0;34m[1784834210.161] [13744:13744] [DIS] Responding with _V65521._sub._matterc._udp.local[0m
[0;34m[1784834210.161] [13744:13744] [DIS] Responding with _T257._sub._matterc._udp.local[0m
[0;34m[1784834210.161] [13744:13744] [DIS] Responding with _S15._sub._matterc._udp.local[0m
[0;34m[1784834210.161] [13744:13744] [DIS] Responding with _L3840._sub._matterc._udp.local[0m
[0;34m[1784834210.161] [13744:13744] [DIS] Responding with _CM._sub._matterc._udp.local[0m
[0;34m[1784834210.161] [13744:13744] [DIS] Responding with 44CC7D1087CEB9F3._matterc._udp.local[0m
[0;32m[1784834210.161] [13744:13744] [DIS] CHIP minimal mDNS configured as 'Commissionable node device'; instance name: 44CC7D1087CEB9F3.[0m
[0;32m[1784834210.162] [13744:13744] [DIS] mDNS service published: _matterc._udp[0m
[0;32m[1784834210.162] [13744:13744] [IN] CASE Server enabling CASE session setups[0m
[0;34m[1784834210.162] [13744:13744] [IN] SecureSession[0x5a34cef48da0]: Allocated Type:2 LSID:40704[0m
[0;34m[1784834210.162] [13744:13744] [SC] Allocated SecureSession (0x5a34cef48da0) - waiting for Sigma1 msg[0m
[0;32m[1784834210.162] [13744:13744] [SVR] Joining Multicast groups[0m
[0;34m[1784834210.162] [13744:13744] [ZCL] Emitting StartUp event[0m
[0;34m[1784834210.162] [13744:13744] [EVL] LogEvent event number: 0x0000000000000002 priority: 2, endpoint id:  0x0 cluster id: 0x0000_0028 event id: 0x0 Epoch timestamp: 0x0000019F9068B972[0m
[0;32m[1784834210.162] [13744:13744] [SVR] Server initialization complete[0m
[0;32m[1784834210.162] [13744:13744] [SVR] Server Listening...[0m
[0;32m[1784834210.162] [13744:13744] [DL] Device Configuration:[0m
[0;32m[1784834210.162] [13744:13744] [DL]   Serial Number: TEST_SN[0m
[0;32m[1784834210.162] [13744:13744] [DL]   Vendor Id: 65521 (0xFFF1)[0m
[0;32m[1784834210.162] [13744:13744] [DL]   Product Id: 32769 (0x8001)[0m
[0;32m[1784834210.162] [13744:13744] [DL]   Product Name: TEST_PRODUCT[0m
[0;32m[1784834210.162] [13744:13744] [DL]   Hardware Version: 0[0m
[0;32m[1784834210.162] [13744:13744] [DL]   Setup Pin Code (0 for UNKNOWN/ERROR): 20202021[0m
[0;32m[1784834210.162] [13744:13744] [DL]   Setup Discriminator (0xFFFF for UNKNOWN/ERROR): 3840 (0xF00)[0m
[0;32m[1784834210.162] [13744:13744] [DL]   Manufacturing Date: (not set)[0m
[0;32m[1784834210.162] [13744:13744] [DL]   Device Type: 257 (0x101)[0m
[0;32m[1784834210.162] [13744:13744] [SVR] SetupQRCode: [MT:-24J042C00KA0648G00][0m
[0;32m[1784834210.162] [13744:13744] [SVR] Copy/paste the below URL in a browser to see the QR Code:[0m
[0;32m[1784834210.162] [13744:13744] [SVR] https://project-chip.github.io/connectedhomeip/qrcode.html?data=MT%3A-24J042C00KA0648G00[0m
[0;32m[1784834210.162] [13744:13744] [SVR] Manual pairing code: [34970112332][0m
[0;34m[1784834210.162] [13744:13744] [DMG] Endpoint 0, Cluster 0x0000_001D update version to 783e9bbf[0m
[0;34m[1784834210.162] [13744:13744] [DMG] Endpoint 1, Cluster 0x0000_005D update version to d4633dcc[0m
[0;34m[1784834210.162] [13744:13744] [DMG] Endpoint 1, Cluster 0x0000_005D update version to d4633dcd[0m
[0;34m[1784834210.162] [13744:13744] [DMG] Endpoint 1, Cluster 0x0000_005D update version to d4633dce[0m
[0;34m[1784834210.162] [13744:13744] [DMG] Endpoint 1, Cluster 0x0000_005D update version to d4633dcf[0m
[0;34m[1784834210.162] [13744:13744] [EVL] LogEvent event number: 0x0000000000000003 priority: 1, endpoint id:  0x1 cluster id: 0x0000_005D event id: 0x0 Epoch timestamp: 0x0000019F9068B972[0m
[0;32m[1784834210.162] [13744:13744] [ZCL] Set number of supported temperature units to: 2[0m
[0;34m[1784834210.162] [13744:13744] [DMG] Endpoint 0, Cluster 0x0000_002D update version to 71467155[0m
[0;34m[1784834210.164] [13744:13744] [DL] Wrote settings to /tmp/chip_kvs_test[0m
[0;32m[1784834210.164] [13744:13744] [DL] ===== APP STATUS: Starting event loop =====[0m
[1;31m[1784834235.170] [13744:13745] [DL] FAIL: Get D-Bus object manager client: Error calling StartServiceByName for org.bluez: Failed to activate service 'org.bluez': timed out (service_start_timeout=25000ms)[0m
[1;31m[1784834235.171] [13744:13744] [DL] Disabling CHIPoBLE service due to error: src/platform/Linux/bluez/BluezObjectManager.cpp:280: CHIP Error 0x000000AC: Internal error[0m
[1;31m[1784834235.171] [13744:13744] [DL] Long dispatch time: 25007 ms, for event type 3[0m
[0;32m[1784834235.171] [13744:13744] [SVR] Cannot load binding table: src/platform/Linux/KeyValueStoreManagerImpl.cpp:53: CHIP Error 0x000000A0: Value not found in the persisted storage[0m
[0;32m[1784834235.171] [13744:13744] [DIS] Updating services using commissioning mode 1[0m
[0;32m[1784834235.171] [13744:13744] [DIS] CHIP minimal mDNS started advertising.[0m
[0;34m[1784834235.173] [13744:13744] [DL] Using WiFi MAC for hostname[0m
[0;34m[1784834235.173] [13744:13744] [DIS] DNS-SD Pairing Instruction not set[0m
[0;32m[1784834235.173] [13744:13744] [DIS] Advertise commission parameter vendorID=65521 productID=32769 discriminator=3840/15 cm=1 cp=0 jf=0[0m
[0;34m[1784834235.173] [13744:13744] [DIS] Responding with _matterc._udp.local[0m
[0;34m[1784834235.174] [13744:13744] [DIS] Responding with 44CC7D1087CEB9F3._matterc._udp.local[0m
[0;34m[1784834235.174] [13744:13744] [DIS] Responding with 080027AE1A43.local[0m
[0;34m[1784834235.174] [13744:13744] [DIS] Responding with 080027AE1A43.local[0m
[0;34m[1784834235.174] [13744:13744] [DIS] Responding with _V65521._sub._matterc._udp.local[0m
[0;34m[1784834235.174] [13744:13744] [DIS] Responding with _T257._sub._matterc._udp.local[0m
[0;34m[1784834235.174] [13744:13744] [DIS] Responding with _S15._sub._matterc._udp.local[0m
[0;34m[1784834235.174] [13744:13744] [DIS] Responding with _L3840._sub._matterc._udp.local[0m
[0;34m[1784834235.174] [13744:13744] [DIS] Responding with _CM._sub._matterc._udp.local[0m
[0;34m[1784834235.174] [13744:13744] [DIS] Responding with 44CC7D1087CEB9F3._matterc._udp.local[0m
[0;32m[1784834235.174] [13744:13744] [DIS] CHIP minimal mDNS configured as 'Commissionable node device'; instance name: 44CC7D1087CEB9F3.[0m
[0;32m[1784834235.174] [13744:13744] [DIS] mDNS service published: _matterc._udp[0m
[0;32m[1784834235.174] [13744:13744] [IM] No subscriptions to resume[0m
[0;34m[1784834235.174] [13744:13744] [DMG] Endpoint 0, Cluster 0x0000_0038 update version to e373335b[0m
[0;32m[1784834235.578] [13744:13744] [EM] >>> [E:2599r S:0 M:226691275] (U) Msg RX from 0:E48F7E7FE12888C5 [0000] to 0000000000000000 --- Type 0000:20 (SecureChannel:PBKDFParamRequest) (B:98)[0m
[0;34m[1784834235.578] [13744:13744] [EM] Handling via exchange: 2599r, Delegate: 0x5a34b56c6d08[0m
[0;34m[1784834235.578] [13744:13744] [SC] Received PBKDF param request[0m
[0;34m[1784834235.578] [13744:13744] [SC] Peer assigned session ID 6429[0m
[0;34m[1784834235.578] [13744:13744] [SC] Found MRP parameters in the message[0m
[0;32m[1784834235.578] [13744:13744] [EM] <<< [E:2599r S:0 M:259921901 (Ack:226691275)] (U) Msg TX from 0000000000000000 to 0:E48F7E7FE12888C5 [0000] [UDP:[fe80::bfe:a203:38f0:bce7%enp0s3]:43030] --- Type 0000:21 (SecureChannel:PBKDFParamResponse) (B:174)[0m
[0;32m[1784834235.578] [13744:13744] [EM] ??1 [E:2599r S:0 M:259921901] (U) Msg Retransmission to 0:0000000000000000 scheduled for 357ms from now [State:Active II:500 AI:300 AT:4000][0m
[0;34m[1784834235.578] [13744:13744] [SC] Sent PBKDF param response[0m
[0;32m[1784834235.578] [13744:13744] [SVR] Commissioning session establishment step started[0m
[0;32m[1784834235.580] [13744:13744] [EM] >>> [E:2599r S:0 M:226691276 (Ack:259921901)] (U) Msg RX from 0:E48F7E7FE12888C5 [0000] to 0000000000000000 --- Type 0000:22 (SecureChannel:PASE_Pake1) (B:96)[0m
[0;34m[1784834235.580] [13744:13744] [EM] Found matching exchange: 2599r, Delegate: 0x5a34b56c6d08[0m
[0;34m[1784834235.580] [13744:13744] [EM] Rxd Ack; Removing MessageCounter:259921901 from Retrans Table on exchange 2599r[0m
[0;34m[1784834235.580] [13744:13744] [SC] Received spake2p msg1[0m
[0;32m[1784834235.580] [13744:13744] [EM] <<< [E:2599r S:0 M:259921902 (Ack:226691276)] (U) Msg TX from 0000000000000000 to 0:E48F7E7FE12888C5 [0000] [UDP:[fe80::bfe:a203:38f0:bce7%enp0s3]:43030] --- Type 0000:23 (SecureChannel:PASE_Pake2) (B:131)[0m
[0;32m[1784834235.580] [13744:13744] [EM] ??1 [E:2599r S:0 M:259921902] (U) Msg Retransmission to 0:0000000000000000 scheduled for 376ms from now [State:Active II:500 AI:300 AT:4000][0m
[0;34m[1784834235.580] [13744:13744] [SC] Sent spake2p msg2[0m
[0;32m[1784834235.581] [13744:13744] [EM] >>> [E:2599r S:0 M:226691277 (Ack:259921902)] (U) Msg RX from 0:E48F7E7FE12888C5 [0000] to 0000000000000000 --- Type 0000:24 (SecureChannel:PASE_Pake3) (B:63)[0m
[0;34m[1784834235.581] [13744:13744] [EM] Found matching exchange: 2599r, Delegate: 0x5a34b56c6d08[0m
[0;34m[1784834235.581] [13744:13744] [EM] Rxd Ack; Removing MessageCounter:259921902 from Retrans Table on exchange 2599r[0m
[0;34m[1784834235.581] [13744:13744] [SC] Received spake2p msg3[0m
[0;34m[1784834235.581] [13744:13744] [SC] Sending status report. Protocol code 0, exchange 2599[0m
[0;32m[1784834235.581] [13744:13744] [EM] <<< [E:2599r S:0 M:259921903 (Ack:226691277)] (U) Msg TX from 0000000000000000 to 0:E48F7E7FE12888C5 [0000] [UDP:[fe80::bfe:a203:38f0:bce7%enp0s3]:43030] --- Type 0000:40 (SecureChannel:StatusReport) (B:34)[0m
[0;32m[1784834235.581] [13744:13744] [EM] ??1 [E:2599r S:0 M:259921903] (U) Msg Retransmission to 0:0000000000000000 scheduled for 358ms from now [State:Active II:500 AI:300 AT:4000][0m
[0;32m[1784834235.581] [13744:13744] [SC] SecureSession[0x5a34cef48890, LSID:40703]: State change 'kEstablishing' --> 'kActive'[0m
[0;34m[1784834235.581] [13744:13744] [IN] SecureSession[0x5a34cef48890]: Activated - Type:1 LSID:40703[0m
[0;34m[1784834235.581] [13744:13744] [IN] New secure session activated for device <FFFFFFFB00000000, 0>, LSID:40703 PSID:6429![0m
[0;32m[1784834235.581] [13744:13744] [SVR] Commissioning completed session establishment step[0m
[0;32m[1784834235.581] [13744:13744] [DIS] Updating services using commissioning mode 0[0m
[0;32m[1784834235.581] [13744:13744] [DIS] CHIP minimal mDNS started advertising.[0m
[0;32m[1784834235.582] [13744:13744] [SVR] Device completed Rendezvous process[0m
[0;32m[1784834235.582] [13744:13744] [EM] >>> [E:2600r S:40703 M:202727161] (S) Msg RX from 0:FFFFFFFB00000000 [0000] to 0000000000000000 --- Type 0001:02 (IM:ReadRequest) (B:136)[0m
[0;34m[1784834235.582] [13744:13744] [EM] Handling via exchange: 2600r, Delegate: 0x5a34b56ceac8[0m
[0;34m[1784834235.582] [13744:13744] [IM] Received Read request[0m
[0;34m[1784834235.582] [13744:13744] [DMG] ReadRequestMessage =[0m
[0;34m[1784834235.582] [13744:13744] [DMG] {[0m
[0;34m[1784834235.582] [13744:13744] [DMG] 	AttributePathIBs =[0m
[0;34m[1784834235.582] [13744:13744] [DMG] 	[[0m
[0;34m[1784834235.582] [13744:13744] [DMG] 		AttributePathIB =[0m
[0;34m[1784834235.582] [13744:13744] [DMG] 		{[0m
[0;34m[1784834235.582] [13744:13744] [DMG] 			Endpoint = 0x0,[0m
[0;34m[1784834235.582] [13744:13744] [DMG] 			Cluster = 0x30,[0m
[0;34m[1784834235.582] [13744:13744] [DMG] 			Attribute = 0x0000_0004,[0m
[0;34m[1784834235.582] [13744:13744] [DMG] 		}[0m
[0;34m[1784834235.582] [13744:13744] [DMG] 			[0m
[0;34m[1784834235.582] [13744:13744] [DMG] 		AttributePathIB =[0m
[0;34m[1784834235.582] [13744:13744] [DMG] 		{[0m
[0;34m[1784834235.582] [13744:13744] [DMG] 			Endpoint = 0x0,[0m
[0;34m[1784834235.582] [13744:13744] [DMG] 			Cluster = 0x30,[0m
[0;34m[1784834235.582] [13744:13744] [DMG] 			Attribute = 0x0000_0000,[0m
[0;34m[1784834235.582] [13744:13744] [DMG] 		}[0m
[0;34m[1784834235.582] [13744:13744] [DMG] 			[0m
[0;34m[1784834235.582] [13744:13744] [DMG] 		AttributePathIB =[0m
[0;34m[1784834235.582] [13744:13744] [DMG] 		{[0m
[0;34m[1784834235.582] [13744:13744] [DMG] 			Endpoint = 0x0,[0m
[0;34m[1784834235.582] [13744:13744] [DMG] 			Cluster = 0x30,[0m
[0;34m[1784834235.582] [13744:13744] [DMG] 			Attribute = 0x0000_0001,[0m
[0;34m[1784834235.582] [13744:13744] [DMG] 		}[0m
[0;34m[1784834235.582] [13744:13744] [DMG] 			[0m
[0;34m[1784834235.582] [13744:13744] [DMG] 		AttributePathIB =[0m
[0;34m[1784834235.582] [13744:13744] [DMG] 		{[0m
[0;34m[1784834235.582] [13744:13744] [DMG] 			Endpoint = 0x0,[0m
[0;34m[1784834235.582] [13744:13744] [DMG] 			Cluster = 0x30,[0m
[0;34m[1784834235.582] [13744:13744] [DMG] 			Attribute = 0x0000_0002,[0m
[0;34m[1784834235.582] [13744:13744] [DMG] 		}[0m
[0;34m[1784834235.582] [13744:13744] [DMG] 			[0m
[0;34m[1784834235.582] [13744:13744] [DMG] 		AttributePathIB =[0m
[0;34m[1784834235.582] [13744:13744] [DMG] 		{[0m
[0;34m[1784834235.582] [13744:13744] [DMG] 			Endpoint = 0x0,[0m
[0;34m[1784834235.582] [13744:13744] [DMG] 			Cluster = 0x30,[0m
[0;34m[1784834235.582] [13744:13744] [DMG] 			Attribute = 0x0000_0003,[0m
[0;34m[1784834235.582] [13744:13744] [DMG] 		}[0m
[0;34m[1784834235.582] [13744:13744] [DMG] 			[0m
[0;34m[1784834235.582] [13744:13744] [DMG] 		AttributePathIB =[0m
[0;34m[1784834235.582] [13744:13744] [DMG] 		{[0m
[0;34m[1784834235.582] [13744:13744] [DMG] 			Endpoint = 0x0,[0m
[0;34m[1784834235.582] [13744:13744] [DMG] 			Cluster = 0x30,[0m
[0;34m[1784834235.582] [13744:13744] [DMG] 			Attribute = 0x0000_000C,[0m
[0;34m[1784834235.582] [13744:13744] [DMG] 		}[0m
[0;34m[1784834235.582] [13744:13744] [DMG] 			[0m
[0;34m[1784834235.582] [13744:13744] [DMG] 		AttributePathIB =[0m
[0;34m[1784834235.582] [13744:13744] [DMG] 		{[0m
[0;34m[1784834235.582] [13744:13744] [DMG] 			Endpoint = 0x0,[0m
[0;34m[1784834235.582] [13744:13744] [DMG] 			Cluster = 0x28,[0m
[0;34m[1784834235.582] [13744:13744] [DMG] 			Attribute = 0x0000_0002,[0m
[0;34m[1784834235.582] [13744:13744] [DMG] 		}[0m
[0;34m[1784834235.582] [13744:13744] [DMG] 			[0m
[0;34m[1784834235.582] [13744:13744] [DMG] 		AttributePathIB =[0m
[0;34m[1784834235.582] [13744:13744] [DMG] 		{[0m
[0;34m[1784834235.582] [13744:13744] [DMG] 			Endpoint = 0x0,[0m
[0;34m[1784834235.582] [13744:13744] [DMG] 			Cluster = 0x28,[0m
[0;34m[1784834235.582] [13744:13744] [DMG] 			Attribute = 0x0000_0004,[0m
[0;34m[1784834235.582] [13744:13744] [DMG] 		}[0m
[0;34m[1784834235.582] [13744:13744] [DMG] 			[0m
[0;34m[1784834235.582] [13744:13744] [DMG] 		AttributePathIB =[0m
[0;34m[1784834235.582] [13744:13744] [DMG] 		{[0m
[0;34m[1784834235.582] [13744:13744] [DMG] 			Endpoint = 0x0,[0m
[0;34m[1784834235.582] [13744:13744] [DMG] 			Cluster = 0x38,[0m
[0;34m[1784834235.582] [13744:13744] [DMG] 		}[0m
[0;34m[1784834235.582] [13744:13744] [DMG] 			[0m
[0;34m[1784834235.582] [13744:13744] [DMG] 	],[0m
[0;34m[1784834235.582] [13744:13744] [DMG] 		[0m
[0;34m[1784834235.582] [13744:13744] [DMG] 	isFabricFiltered = false, [0m
[0;34m[1784834235.582] [13744:13744] [DMG] 	InteractionModelRevision = 12[0m
[0;34m[1784834235.582] [13744:13744] [DMG] },[0m
[0;34m[1784834235.582] [13744:13744] [DMG] IM RH moving to [CanStartReporting][0m
[0;34m[1784834235.583] [13744:13744] [DMG] Building Reports for ReadHandler with LastReportGeneration = 0x0000000000000000 DirtyGeneration = 0x0000000000000000[0m
[0;34m[1784834235.583] [13744:13744] [DMG] <RE:Run> Cluster 38, Attribute 0 is dirty[0m
[0;32m[1784834235.583] [13744:13744] [DMG] AccessControl: checking f=0 a=p s=0xFFFFFFFB00000000 t= c=0x0000_0038 e=0 p=v r=r[0m
[0;32m[1784834235.583] [13744:13744] [DMG] AccessControl: implicit admin (PASE)[0m
[0;32m[1784834235.583] [13744:13744] [DMG] AccessControl: checking f=0 a=p s=0xFFFFFFFB00000000 t= c=0x0000_0038 e=0 p=v r=r[0m
[0;32m[1784834235.583] [13744:13744] [DMG] AccessControl: implicit admin (PASE)[0m
[0;34m[1784834235.583] [13744:13744] [DMG] Reading attribute: Cluster=0x0000_0038 Endpoint=0x0 AttributeId=0x0000_0000 (expanded=1)[0m
[0;34m[1784834235.583] [13744:13744] [DMG] <RE:Run> Cluster 38, Attribute 1 is dirty[0m
[0;32m[1784834235.583] [13744:13744] [DMG] AccessControl: checking f=0 a=p s=0xFFFFFFFB00000000 t= c=0x0000_0038 e=0 p=v r=r[0m
[0;32m[1784834235.583] [13744:13744] [DMG] AccessControl: implicit admin (PASE)[0m
[0;32m[1784834235.583] [13744:13744] [DMG] AccessControl: checking f=0 a=p s=0xFFFFFFFB00000000 t= c=0x0000_0038 e=0 p=v r=r[0m
[0;32m[1784834235.583] [13744:13744] [DMG] AccessControl: implicit admin (PASE)[0m
[0;34m[1784834235.583] [13744:13744] [DMG] Reading attribute: Cluster=0x0000_0038 Endpoint=0x0 AttributeId=0x0000_0001 (expanded=1)[0m
[0;34m[1784834235.583] [13744:13744] [DMG] <RE:Run> Cluster 38, Attribute 2 is dirty[0m
[0;32m[1784834235.583] [13744:13744] [DMG] AccessControl: checking f=0 a=p s=0xFFFFFFFB00000000 t= c=0x0000_0038 e=0 p=v r=r[0m
[0;32m[1784834235.583] [13744:13744] [DMG] AccessControl: implicit admin (PASE)[0m
[0;32m[1784834235.583] [13744:13744] [DMG] AccessControl: checking f=0 a=p s=0xFFFFFFFB00000000 t= c=0x0000_0038 e=0 p=v r=r[0m
[0;32m[1784834235.583] [13744:13744] [DMG] AccessControl: implicit admin (PASE)[0m
[0;34m[1784834235.583] [13744:13744] [DMG] Reading attribute: Cluster=0x0000_0038 Endpoint=0x0 AttributeId=0x0000_0002 (expanded=1)[0m
[0;34m[1784834235.583] [13744:13744] [DMG] <RE:Run> Cluster 38, Attribute 3 is dirty[0m
[0;32m[1784834235.583] [13744:13744] [DMG] AccessControl: checking f=0 a=p s=0xFFFFFFFB00000000 t= c=0x0000_0038 e=0 p=v r=r[0m
[0;32m[1784834235.583] [13744:13744] [DMG] AccessControl: implicit admin (PASE)[0m
[0;32m[1784834235.583] [13744:13744] [DMG] AccessControl: checking f=0 a=p s=0xFFFFFFFB00000000 t= c=0x0000_0038 e=0 p=v r=r[0m
[0;32m[1784834235.583] [13744:13744] [DMG] AccessControl: implicit admin (PASE)[0m
[0;34m[1784834235.583] [13744:13744] [DMG] Reading attribute: Cluster=0x0000_0038 Endpoint=0x0 AttributeId=0x0000_0003 (expanded=1)[0m
[0;34m[1784834235.583] [13744:13744] [DMG] <RE:Run> Cluster 38, Attribute 4 is dirty[0m
[0;32m[1784834235.583] [13744:13744] [DMG] AccessControl: checking f=0 a=p s=0xFFFFFFFB00000000 t= c=0x0000_0038 e=0 p=v r=r[0m
[0;32m[1784834235.583] [13744:13744] [DMG] AccessControl: implicit admin (PASE)[0m
[0;32m[1784834235.583] [13744:13744] [DMG] AccessControl: checking f=0 a=p s=0xFFFFFFFB00000000 t= c=0x0000_0038 e=0 p=v r=r[0m
[0;32m[1784834235.583] [13744:13744] [DMG] AccessControl: implicit admin (PASE)[0m
[0;34m[1784834235.583] [13744:13744] [DMG] Reading attribute: Cluster=0x0000_0038 Endpoint=0x0 AttributeId=0x0000_0004 (expanded=1)[0m
[0;34m[1784834235.583] [13744:13744] [DMG] <RE:Run> Cluster 38, Attribute 5 is dirty[0m
[0;32m[1784834235.583] [13744:13744] [DMG] AccessControl: checking f=0 a=p s=0xFFFFFFFB00000000 t= c=0x0000_0038 e=0 p=v r=r[0m
[0;32m[1784834235.583] [13744:13744] [DMG] AccessControl: implicit admin (PASE)[0m
[0;32m[1784834235.583] [13744:13744] [DMG] AccessControl: checking f=0 a=p s=0xFFFFFFFB00000000 t= c=0x0000_0038 e=0 p=v r=r[0m
[0;32m[1784834235.583] [13744:13744] [DMG] AccessControl: implicit admin (PASE)[0m
[0;34m[1784834235.583] [13744:13744] [DMG] Reading attribute: Cluster=0x0000_0038 Endpoint=0x0 AttributeId=0x0000_0005 (expanded=1)[0m
[0;34m[1784834235.583] [13744:13744] [DMG] <RE:Run> Cluster 38, Attribute 6 is dirty[0m
[0;32m[1784834235.583] [13744:13744] [DMG] AccessControl: checking f=0 a=p s=0xFFFFFFFB00000000 t= c=0x0000_0038 e=0 p=v r=r[0m
[0;32m[1784834235.583] [13744:13744] [DMG] AccessControl: implicit admin (PASE)[0m
[0;32m[1784834235.583] [13744:13744] [DMG] AccessControl: checking f=0 a=p s=0xFFFFFFFB00000000 t= c=0x0000_0038 e=0 p=v r=r[0m
[0;32m[1784834235.583] [13744:13744] [DMG] AccessControl: implicit admin (PASE)[0m
[0;34m[1784834235.583] [13744:13744] [DMG] Reading attribute: Cluster=0x0000_0038 Endpoint=0x0 AttributeId=0x0000_0006 (expanded=1)[0m
[0;34m[1784834235.583] [13744:13744] [DMG] <RE:Run> Cluster 38, Attribute 7 is dirty[0m
[0;32m[1784834235.583] [13744:13744] [DMG] AccessControl: checking f=0 a=p s=0xFFFFFFFB00000000 t= c=0x0000_0038 e=0 p=v r=r[0m
[0;32m[1784834235.583] [13744:13744] [DMG] AccessControl: implicit admin (PASE)[0m
[0;32m[1784834235.583] [13744:13744] [DMG] AccessControl: checking f=0 a=p s=0xFFFFFFFB00000000 t= c=0x0000_0038 e=0 p=v r=r[0m
[0;32m[1784834235.583] [13744:13744] [DMG] AccessControl: implicit admin (PASE)[0m
[0;34m[1784834235.583] [13744:13744] [DMG] Reading attribute: Cluster=0x0000_0038 Endpoint=0x0 AttributeId=0x0000_0007 (expanded=1)[0m
[0;34m[1784834235.583] [13744:13744] [DMG] <RE:Run> Cluster 38, Attribute 8 is dirty[0m
[0;32m[1784834235.583] [13744:13744] [DMG] AccessControl: checking f=0 a=p s=0xFFFFFFFB00000000 t= c=0x0000_0038 e=0 p=v r=r[0m
[0;32m[1784834235.583] [13744:13744] [DMG] AccessControl: implicit admin (PASE)[0m
[0;32m[1784834235.583] [13744:13744] [DMG] AccessControl: checking f=0 a=p s=0xFFFFFFFB00000000 t= c=0x0000_0038 e=0 p=v r=r[0m
[0;32m[1784834235.583] [13744:13744] [DMG] AccessControl: implicit admin (PASE)[0m
[0;34m[1784834235.583] [13744:13744] [DMG] Reading attribute: Cluster=0x0000_0038 Endpoint=0x0 AttributeId=0x0000_0008 (expanded=1)[0m
[0;34m[1784834235.583] [13744:13744] [DMG] <RE:Run> Cluster 38, Attribute a is dirty[0m
[0;32m[1784834235.583] [13744:13744] [DMG] AccessControl: checking f=0 a=p s=0xFFFFFFFB00000000 t= c=0x0000_0038 e=0 p=v r=r[0m
[0;32m[1784834235.583] [13744:13744] [DMG] AccessControl: implicit admin (PASE)[0m
[0;32m[1784834235.583] [13744:13744] [DMG] AccessControl: checking f=0 a=p s=0xFFFFFFFB00000000 t= c=0x0000_0038 e=0 p=v r=r[0m
[0;32m[1784834235.583] [13744:13744] [DMG] AccessControl: implicit admin (PASE)[0m
[0;34m[1784834235.583] [13744:13744] [DMG] Reading attribute: Cluster=0x0000_0038 Endpoint=0x0 AttributeId=0x0000_000A (expanded=1)[0m
[0;34m[1784834235.583] [13744:13744] [DMG] <RE:Run> Cluster 38, Attribute b is dirty[0m
[0;32m[1784834235.583] [13744:13744] [DMG] AccessControl: checking f=0 a=p s=0xFFFFFFFB00000000 t= c=0x0000_0038 e=0 p=v r=r[0m
[0;32m[1784834235.583] [13744:13744] [DMG] AccessControl: implicit admin (PASE)[0m
[0;32m[1784834235.583] [13744:13744] [DMG] AccessControl: checking f=0 a=p s=0xFFFFFFFB00000000 t= c=0x0000_0038 e=0 p=v r=r[0m
[0;32m[1784834235.583] [13744:13744] [DMG] AccessControl: implicit admin (PASE)[0m
[0;34m[1784834235.583] [13744:13744] [DMG] Reading attribute: Cluster=0x0000_0038 Endpoint=0x0 AttributeId=0x0000_000B (expanded=1)[0m
[0;34m[1784834235.583] [13744:13744] [DMG] <RE:Run> Cluster 38, Attribute c is dirty[0m
[0;32m[1784834235.583] [13744:13744] [DMG] AccessControl: checking f=0 a=p s=0xFFFFFFFB00000000 t= c=0x0000_0038 e=0 p=v r=r[0m
[0;32m[1784834235.583] [13744:13744] [DMG] AccessControl: implicit admin (PASE)[0m
[0;32m[1784834235.583] [13744:13744] [DMG] AccessControl: checking f=0 a=p s=0xFFFFFFFB00000000 t= c=0x0000_0038 e=0 p=v r=r[0m
[0;32m[1784834235.583] [13744:13744] [DMG] AccessControl: implicit admin (PASE)[0m
[0;34m[1784834235.583] [13744:13744] [DMG] Reading attribute: Cluster=0x0000_0038 Endpoint=0x0 AttributeId=0x0000_000C (expanded=1)[0m
[0;34m[1784834235.583] [13744:13744] [DMG] <RE:Run> Cluster 38, Attribute fffc is dirty[0m
[0;32m[1784834235.583] [13744:13744] [DMG] AccessControl: checking f=0 a=p s=0xFFFFFFFB00000000 t= c=0x0000_0038 e=0 p=v r=r[0m
[0;32m[1784834235.583] [13744:13744] [DMG] AccessControl: implicit admin (PASE)[0m
[0;32m[1784834235.583] [13744:13744] [DMG] AccessControl: checking f=0 a=p s=0xFFFFFFFB00000000 t= c=0x0000_0038 e=0 p=v r=r[0m
[0;32m[1784834235.583] [13744:13744] [DMG] AccessControl: implicit admin (PASE)[0m
[0;34m[1784834235.583] [13744:13744] [DMG] Reading attribute: Cluster=0x0000_0038 Endpoint=0x0 AttributeId=0x0000_FFFC (expanded=1)[0m
[0;34m[1784834235.583] [13744:13744] [DMG] <RE:Run> Cluster 38, Attribute fffd is dirty[0m
[0;32m[1784834235.583] [13744:13744] [DMG] AccessControl: checking f=0 a=p s=0xFFFFFFFB00000000 t= c=0x0000_0038 e=0 p=v r=r[0m
[0;32m[1784834235.583] [13744:13744] [DMG] AccessControl: implicit admin (PASE)[0m
[0;32m[1784834235.583] [13744:13744] [DMG] AccessControl: checking f=0 a=p s=0xFFFFFFFB00000000 t= c=0x0000_0038 e=0 p=v r=r[0m
[0;32m[1784834235.583] [13744:13744] [DMG] AccessControl: implicit admin (PASE)[0m
[0;34m[1784834235.583] [13744:13744] [DMG] Reading attribute: Cluster=0x0000_0038 Endpoint=0x0 AttributeId=0x0000_FFFD (expanded=1)[0m
[0;34m[1784834235.583] [13744:13744] [DMG] <RE:Run> Cluster 38, Attribute fff8 is dirty[0m
[0;32m[1784834235.583] [13744:13744] [DMG] AccessControl: checking f=0 a=p s=0xFFFFFFFB00000000 t= c=0x0000_0038 e=0 p=v r=r[0m
[0;32m[1784834235.583] [13744:13744] [DMG] AccessControl: implicit admin (PASE)[0m
[0;32m[1784834235.583] [13744:13744] [DMG] AccessControl: checking f=0 a=p s=0xFFFFFFFB00000000 t= c=0x0000_0038 e=0 p=v r=r[0m
[0;32m[1784834235.583] [13744:13744] [DMG] AccessControl: implicit admin (PASE)[0m
[0;34m[1784834235.583] [13744:13744] [DMG] <RE:Run> Cluster 38, Attribute fff9 is dirty[0m
[0;32m[1784834235.583] [13744:13744] [DMG] AccessControl: checking f=0 a=p s=0xFFFFFFFB00000000 t= c=0x0000_0038 e=0 p=v r=r[0m
[0;32m[1784834235.583] [13744:13744] [DMG] AccessControl: implicit admin (PASE)[0m
[0;32m[1784834235.583] [13744:13744] [DMG] AccessControl: checking f=0 a=p s=0xFFFFFFFB00000000 t= c=0x0000_0038 e=0 p=v r=r[0m
[0;32m[1784834235.583] [13744:13744] [DMG] AccessControl: implicit admin (PASE)[0m
[0;34m[1784834235.583] [13744:13744] [DMG] <RE:Run> Cluster 38, Attribute fffb is dirty[0m
[0;32m[1784834235.583] [13744:13744] [DMG] AccessControl: checking f=0 a=p s=0xFFFFFFFB00000000 t= c=0x0000_0038 e=0 p=v r=r[0m
[0;32m[1784834235.583] [13744:13744] [DMG] AccessControl: implicit admin (PASE)[0m
[0;32m[1784834235.583] [13744:13744] [DMG] AccessControl: checking f=0 a=p s=0xFFFFFFFB00000000 t= c=0x0000_0038 e=0 p=v r=r[0m
[0;32m[1784834235.583] [13744:13744] [DMG] AccessControl: implicit admin (PASE)[0m
[0;34m[1784834235.583] [13744:13744] [DMG] <RE:Run> Cluster 28, Attribute 4 is dirty[0m
[0;32m[1784834235.583] [13744:13744] [DMG] AccessControl: checking f=0 a=p s=0xFFFFFFFB00000000 t= c=0x0000_0028 e=0 p=v r=r[0m
[0;32m[1784834235.583] [13744:13744] [DMG] AccessControl: implicit admin (PASE)[0m
[0;32m[1784834235.583] [13744:13744] [DMG] AccessControl: checking f=0 a=p s=0xFFFFFFFB00000000 t= c=0x0000_0028 e=0 p=v r=r[0m
[0;32m[1784834235.583] [13744:13744] [DMG] AccessControl: implicit admin (PASE)[0m
[0;34m[1784834235.583] [13744:13744] [DMG] Reading attribute: Cluster=0x0000_0028 Endpoint=0x0 AttributeId=0x0000_0004 (expanded=0)[0m
[0;34m[1784834235.583] [13744:13744] [DMG] <RE:Run> Cluster 28, Attribute 2 is dirty[0m
[0;32m[1784834235.583] [13744:13744] [DMG] AccessControl: checking f=0 a=p s=0xFFFFFFFB00000000 t= c=0x0000_0028 e=0 p=v r=r[0m
[0;32m[1784834235.583] [13744:13744] [DMG] AccessControl: implicit admin (PASE)[0m
[0;32m[1784834235.583] [13744:13744] [DMG] AccessControl: checking f=0 a=p s=0xFFFFFFFB00000000 t= c=0x0000_0028 e=0 p=v r=r[0m
[0;32m[1784834235.583] [13744:13744] [DMG] AccessControl: implicit admin (PASE)[0m
[0;34m[1784834235.583] [13744:13744] [DMG] Reading attribute: Cluster=0x0000_0028 Endpoint=0x0 AttributeId=0x0000_0002 (expanded=0)[0m
[0;34m[1784834235.583] [13744:13744] [DMG] <RE:Run> Cluster 30, Attribute c is dirty[0m
[0;32m[1784834235.583] [13744:13744] [DMG] AccessControl: checking f=0 a=p s=0xFFFFFFFB00000000 t= c=0x0000_0030 e=0 p=v r=r[0m
[0;32m[1784834235.583] [13744:13744] [DMG] AccessControl: implicit admin (PASE)[0m
[1;31m[1784834235.583] [13744:13744] [DMG] Failed to read attribute: UNSUPPORTED_ATTRIBUTE(134)[0m
[1;31m[1784834235.583] [13744:13744] [DMG] Fail to retrieve data, roll back and encode status on clusterId: 0x0000_0030, attributeId: 0x0000_000Cerr = src/app/data-model-provider/ActionReturnStatus.cpp:104: IM Error 0x00000586: General error: 0x86 (UNSUPPORTED_ATTRIBUTE)[0m
[0;34m[1784834235.583] [13744:13744] [DMG] <RE:Run> Cluster 30, Attribute 3 is dirty[0m
[0;32m[1784834235.583] [13744:13744] [DMG] AccessControl: checking f=0 a=p s=0xFFFFFFFB00000000 t= c=0x0000_0030 e=0 p=v r=r[0m
[0;32m[1784834235.583] [13744:13744] [DMG] AccessControl: implicit admin (PASE)[0m
[0;32m[1784834235.583] [13744:13744] [DMG] AccessControl: checking f=0 a=p s=0xFFFFFFFB00000000 t= c=0x0000_0030 e=0 p=v r=r[0m
[0;32m[1784834235.583] [13744:13744] [DMG] AccessControl: implicit admin (PASE)[0m
[0;34m[1784834235.583] [13744:13744] [DMG] Reading attribute: Cluster=0x0000_0030 Endpoint=0x0 AttributeId=0x0000_0003 (expanded=0)[0m
[0;34m[1784834235.583] [13744:13744] [DMG] <RE:Run> Cluster 30, Attribute 2 is dirty[0m
[0;32m[1784834235.583] [13744:13744] [DMG] AccessControl: checking f=0 a=p s=0xFFFFFFFB00000000 t= c=0x0000_0030 e=0 p=v r=r[0m
[0;32m[1784834235.583] [13744:13744] [DMG] AccessControl: implicit admin (PASE)[0m
[0;32m[1784834235.583] [13744:13744] [DMG] AccessControl: checking f=0 a=p s=0xFFFFFFFB00000000 t= c=0x0000_0030 e=0 p=v r=r[0m
[0;32m[1784834235.583] [13744:13744] [DMG] AccessControl: implicit admin (PASE)[0m
[0;34m[1784834235.583] [13744:13744] [DMG] Reading attribute: Cluster=0x0000_0030 Endpoint=0x0 AttributeId=0x0000_0002 (expanded=0)[0m
[0;34m[1784834235.583] [13744:13744] [DMG] <RE:Run> Cluster 30, Attribute 1 is dirty[0m
[0;32m[1784834235.583] [13744:13744] [DMG] AccessControl: checking f=0 a=p s=0xFFFFFFFB00000000 t= c=0x0000_0030 e=0 p=v r=r[0m
[0;32m[1784834235.583] [13744:13744] [DMG] AccessControl: implicit admin (PASE)[0m
[0;32m[1784834235.583] [13744:13744] [DMG] AccessControl: checking f=0 a=p s=0xFFFFFFFB00000000 t= c=0x0000_0030 e=0 p=v r=r[0m
[0;32m[1784834235.583] [13744:13744] [DMG] AccessControl: implicit admin (PASE)[0m
[0;34m[1784834235.583] [13744:13744] [DMG] Reading attribute: Cluster=0x0000_0030 Endpoint=0x0 AttributeId=0x0000_0001 (expanded=0)[0m
[0;34m[1784834235.583] [13744:13744] [DMG] <RE:Run> Cluster 30, Attribute 0 is dirty[0m
[0;32m[1784834235.583] [13744:13744] [DMG] AccessControl: checking f=0 a=p s=0xFFFFFFFB00000000 t= c=0x0000_0030 e=0 p=v r=r[0m
[0;32m[1784834235.583] [13744:13744] [DMG] AccessControl: implicit admin (PASE)[0m
[0;32m[1784834235.583] [13744:13744] [DMG] AccessControl: checking f=0 a=p s=0xFFFFFFFB00000000 t= c=0x0000_0030 e=0 p=v r=r[0m
[0;32m[1784834235.583] [13744:13744] [DMG] AccessControl: implicit admin (PASE)[0m
[0;34m[1784834235.583] [13744:13744] [DMG] Reading attribute: Cluster=0x0000_0030 Endpoint=0x0 AttributeId=0x0000_0000 (expanded=0)[0m
[0;34m[1784834235.583] [13744:13744] [DMG] <RE:Run> Cluster 30, Attribute 4 is dirty[0m
[0;32m[1784834235.583] [13744:13744] [DMG] AccessControl: checking f=0 a=p s=0xFFFFFFFB00000000 t= c=0x0000_0030 e=0 p=v r=r[0m
[0;32m[1784834235.583] [13744:13744] [DMG] AccessControl: implicit admin (PASE)[0m
[0;32m[1784834235.583] [13744:13744] [DMG] AccessControl: checking f=0 a=p s=0xFFFFFFFB00000000 t= c=0x0000_0030 e=0 p=v r=r[0m
[0;32m[1784834235.583] [13744:13744] [DMG] AccessControl: implicit admin (PASE)[0m
[0;34m[1784834235.583] [13744:13744] [DMG] Reading attribute: Cluster=0x0000_0030 Endpoint=0x0 AttributeId=0x0000_0004 (expanded=0)[0m
[0;34m[1784834235.583] [13744:13744] [DMG] <RE> Sending report (payload has 732 bytes)...[0m
[0;32m[1784834235.584] [13744:13744] [EM] <<< [E:2600r S:40703 M:110477733 (Ack:202727161)] (S) Msg TX from 0000000000000000 to 0:FFFFFFFB00000000 [0000] [UDP:[fe80::bfe:a203:38f0:bce7%enp0s3]:43030] --- Type 0001:05 (IM:ReportData) (B:766)[0m
[0;32m[1784834235.584] [13744:13744] [EM] ??1 [E:2600r S:40703 M:110477733] (S) Msg Retransmission to 0:FFFFFFFB00000000 scheduled for 407ms from now [State:Active II:500 AI:300 AT:4000][0m
[0;34m[1784834235.584] [13744:13744] [DMG] <RE> OnReportConfirm: NumReports = 0[0m
[0;34m[1784834235.584] [13744:13744] [DMG] <RE> ReportsInFlight = 0 with readHandler 0, RE has no more messages[0m
[0;34m[1784834235.584] [13744:13744] [DMG] IM RH moving to [AwaitingDestruction][0m
[0;34m[1784834235.584] [13744:13744] [DMG] All ReadHandler-s are clean, clear GlobalDirtySet[0m
[0;32m[1784834235.584] [13744:13744] [EM] >>> [E:2599r S:0 M:226691278 (Ack:259921903)] (U) Msg RX from 0:E48F7E7FE12888C5 [0000] to 0000000000000000 --- Type 0000:10 (SecureChannel:StandaloneAck) (B:26)[0m
[0;34m[1784834235.584] [13744:13744] [EM] Found matching exchange: 2599r, Delegate: (nil)[0m
[0;34m[1784834235.584] [13744:13744] [EM] Rxd Ack; Removing MessageCounter:259921903 from Retrans Table on exchange 2599r[0m
[0;32m[1784834235.585] [13744:13744] [EM] >>> [E:2601r S:40703 M:202727162] (S) Msg RX from 0:FFFFFFFB00000000 [0000] to 0000000000000000 --- Type 0001:02 (IM:ReadRequest) (B:112)[0m
[0;34m[1784834235.585] [13744:13744] [EM] Handling via exchange: 2601r, Delegate: 0x5a34b56ceac8[0m
[0;34m[1784834235.585] [13744:13744] [IM] Received Read request[0m
[0;34m[1784834235.585] [13744:13744] [DMG] ReadRequestMessage =[0m
[0;34m[1784834235.585] [13744:13744] [DMG] {[0m
[0;34m[1784834235.585] [13744:13744] [DMG] 	AttributePathIBs =[0m
[0;34m[1784834235.585] [13744:13744] [DMG] 	[[0m
[0;34m[1784834235.585] [13744:13744] [DMG] 		AttributePathIB =[0m
[0;34m[1784834235.585] [13744:13744] [DMG] 		{[0m
[0;34m[1784834235.585] [13744:13744] [DMG] 			Cluster = 0x31,[0m
[0;34m[1784834235.585] [13744:13744] [DMG] 			Attribute = 0x0000_FFFC,[0m
[0;34m[1784834235.585] [13744:13744] [DMG] 		}[0m
[0;34m[1784834235.585] [13744:13744] [DMG] 			[0m
[0;34m[1784834235.585] [13744:13744] [DMG] 		AttributePathIB =[0m
[0;34m[1784834235.585] [13744:13744] [DMG] 		{[0m
[0;34m[1784834235.585] [13744:13744] [DMG] 			Cluster = 0x31,[0m
[0;34m[1784834235.585] [13744:13744] [DMG] 			Attribute = 0x0000_0003,[0m
[0;34m[1784834235.585] [13744:13744] [DMG] 		}[0m
[0;34m[1784834235.585] [13744:13744] [DMG] 			[0m
[0;34m[1784834235.585] [13744:13744] [DMG] 		AttributePathIB =[0m
[0;34m[1784834235.585] [13744:13744] [DMG] 		{[0m
[0;34m[1784834235.585] [13744:13744] [DMG] 			Endpoint = 0x0,[0m
[0;34m[1784834235.585] [13744:13744] [DMG] 			Cluster = 0x46,[0m
[0;34m[1784834235.585] [13744:13744] [DMG] 			Attribute = 0x0000_0006,[0m
[0;34m[1784834235.585] [13744:13744] [DMG] 		}[0m
[0;34m[1784834235.585] [13744:13744] [DMG] 			[0m
[0;34m[1784834235.585] [13744:13744] [DMG] 		AttributePathIB =[0m
[0;34m[1784834235.586] [13744:13744] [DMG] 		{[0m
[0;34m[1784834235.586] [13744:13744] [DMG] 			Endpoint = 0x0,[0m
[0;34m[1784834235.586] [13744:13744] [DMG] 			Cluster = 0x46,[0m
[0;34m[1784834235.586] [13744:13744] [DMG] 			Attribute = 0x0000_0007,[0m
[0;34m[1784834235.586] [13744:13744] [DMG] 		}[0m
[0;34m[1784834235.586] [13744:13744] [DMG] 			[0m
[0;34m[1784834235.586] [13744:13744] [DMG] 		AttributePathIB =[0m
[0;34m[1784834235.586] [13744:13744] [DMG] 		{[0m
[0;34m[1784834235.586] [13744:13744] [DMG] 			Endpoint = 0x0,[0m
[0;34m[1784834235.586] [13744:13744] [DMG] 			Cluster = 0x46,[0m
[0;34m[1784834235.586] [13744:13744] [DMG] 			Attribute = 0x0000_0000,[0m
[0;34m[1784834235.586] [13744:13744] [DMG] 		}[0m
[0;34m[1784834235.586] [13744:13744] [DMG] 			[0m
[0;34m[1784834235.586] [13744:13744] [DMG] 		AttributePathIB =[0m
[0;34m[1784834235.586] [13744:13744] [DMG] 		{[0m
[0;34m[1784834235.586] [13744:13744] [DMG] 			Endpoint = 0x0,[0m
[0;34m[1784834235.586] [13744:13744] [DMG] 			Cluster = 0x46,[0m
[0;34m[1784834235.586] [13744:13744] [DMG] 			Attribute = 0x0000_0001,[0m
[0;34m[1784834235.586] [13744:13744] [DMG] 		}[0m
[0;34m[1784834235.586] [13744:13744] [DMG] 			[0m
[0;34m[1784834235.586] [13744:13744] [DMG] 		AttributePathIB =[0m
[0;34m[1784834235.586] [13744:13744] [DMG] 		{[0m
[0;34m[1784834235.586] [13744:13744] [DMG] 			Endpoint = 0x0,[0m
[0;34m[1784834235.586] [13744:13744] [DMG] 			Cluster = 0x46,[0m
[0;34m[1784834235.586] [13744:13744] [DMG] 			Attribute = 0x0000_0002,[0m
[0;34m[1784834235.586] [13744:13744] [DMG] 		}[0m
[0;34m[1784834235.586] [13744:13744] [DMG] 			[0m
[0;34m[1784834235.586] [13744:13744] [DMG] 	],[0m
[0;34m[1784834235.586] [13744:13744] [DMG] 		[0m
[0;34m[1784834235.586] [13744:13744] [DMG] 	isFabricFiltered = false, [0m
[0;34m[1784834235.586] [13744:13744] [DMG] 	InteractionModelRevision = 12[0m
[0;34m[1784834235.586] [13744:13744] [DMG] },[0m
[0;34m[1784834235.586] [13744:13744] [DMG] IM RH moving to [CanStartReporting][0m
[0;34m[1784834235.586] [13744:13744] [DMG] Building Reports for ReadHandler with LastReportGeneration = 0x0000000000000000 DirtyGeneration = 0x0000000000000000[0m
[0;34m[1784834235.586] [13744:13744] [DMG] <RE:Run> Cluster 46, Attribute 2 is dirty[0m
[1;31m[1784834235.586] [13744:13744] [DMG] Read request on unknown cluster - no data version available[0m
[0;32m[1784834235.586] [13744:13744] [DMG] AccessControl: checking f=0 a=p s=0xFFFFFFFB00000000 t= c=0x0000_0046 e=0 p=v r=r[0m
[0;32m[1784834235.586] [13744:13744] [DMG] AccessControl: implicit admin (PASE)[0m
[1;31m[1784834235.586] [13744:13744] [DMG] Failed to read attribute: UNSUPPORTED_CLUSTER(195)[0m
[1;31m[1784834235.586] [13744:13744] [DMG] Fail to retrieve data, roll back and encode status on clusterId: 0x0000_0046, attributeId: 0x0000_0002err = src/app/data-model-provider/ActionReturnStatus.cpp:104: IM Error 0x000005C3: General error: 0xc3 (UNSUPPORTED_CLUSTER)[0m
[0;34m[1784834235.586] [13744:13744] [DMG] <RE:Run> Cluster 46, Attribute 1 is dirty[0m
[1;31m[1784834235.586] [13744:13744] [DMG] Read request on unknown cluster - no data version available[0m
[0;32m[1784834235.586] [13744:13744] [DMG] AccessControl: checking f=0 a=p s=0xFFFFFFFB00000000 t= c=0x0000_0046 e=0 p=v r=r[0m
[0;32m[1784834235.586] [13744:13744] [DMG] AccessControl: implicit admin (PASE)[0m
[1;31m[1784834235.586] [13744:13744] [DMG] Failed to read attribute: UNSUPPORTED_CLUSTER(195)[0m
[1;31m[1784834235.586] [13744:13744] [DMG] Fail to retrieve data, roll back and encode status on clusterId: 0x0000_0046, attributeId: 0x0000_0001err = src/app/data-model-provider/ActionReturnStatus.cpp:104: IM Error 0x000005C3: General error: 0xc3 (UNSUPPORTED_CLUSTER)[0m
[0;34m[1784834235.586] [13744:13744] [DMG] <RE:Run> Cluster 46, Attribute 0 is dirty[0m
[1;31m[1784834235.586] [13744:13744] [DMG] Read request on unknown cluster - no data version available[0m
[0;32m[1784834235.586] [13744:13744] [DMG] AccessControl: checking f=0 a=p s=0xFFFFFFFB00000000 t= c=0x0000_0046 e=0 p=v r=r[0m
[0;32m[1784834235.586] [13744:13744] [DMG] AccessControl: implicit admin (PASE)[0m
[1;31m[1784834235.586] [13744:13744] [DMG] Failed to read attribute: UNSUPPORTED_CLUSTER(195)[0m
[1;31m[1784834235.586] [13744:13744] [DMG] Fail to retrieve data, roll back and encode status on clusterId: 0x0000_0046, attributeId: 0x0000_0000err = src/app/data-model-provider/ActionReturnStatus.cpp:104: IM Error 0x000005C3: General error: 0xc3 (UNSUPPORTED_CLUSTER)[0m
[0;34m[1784834235.586] [13744:13744] [DMG] <RE:Run> Cluster 46, Attribute 7 is dirty[0m
[1;31m[1784834235.586] [13744:13744] [DMG] Read request on unknown cluster - no data version available[0m
[0;32m[1784834235.586] [13744:13744] [DMG] AccessControl: checking f=0 a=p s=0xFFFFFFFB00000000 t= c=0x0000_0046 e=0 p=v r=r[0m
[0;32m[1784834235.586] [13744:13744] [DMG] AccessControl: implicit admin (PASE)[0m
[1;31m[1784834235.586] [13744:13744] [DMG] Failed to read attribute: UNSUPPORTED_CLUSTER(195)[0m
[1;31m[1784834235.586] [13744:13744] [DMG] Fail to retrieve data, roll back and encode status on clusterId: 0x0000_0046, attributeId: 0x0000_0007err = src/app/data-model-provider/ActionReturnStatus.cpp:104: IM Error 0x000005C3: General error: 0xc3 (UNSUPPORTED_CLUSTER)[0m
[0;34m[1784834235.586] [13744:13744] [DMG] <RE:Run> Cluster 46, Attribute 6 is dirty[0m
[1;31m[1784834235.586] [13744:13744] [DMG] Read request on unknown cluster - no data version available[0m
[0;32m[1784834235.586] [13744:13744] [DMG] AccessControl: checking f=0 a=p s=0xFFFFFFFB00000000 t= c=0x0000_0046 e=0 p=v r=r[0m
[0;32m[1784834235.586] [13744:13744] [DMG] AccessControl: implicit admin (PASE)[0m
[1;31m[1784834235.586] [13744:13744] [DMG] Failed to read attribute: UNSUPPORTED_CLUSTER(195)[0m
[1;31m[1784834235.586] [13744:13744] [DMG] Fail to retrieve data, roll back and encode status on clusterId: 0x0000_0046, attributeId: 0x0000_0006err = src/app/data-model-provider/ActionReturnStatus.cpp:104: IM Error 0x000005C3: General error: 0xc3 (UNSUPPORTED_CLUSTER)[0m
[0;34m[1784834235.586] [13744:13744] [DMG] <RE:Run> Cluster 31, Attribute fffc is dirty[0m
[0;32m[1784834235.586] [13744:13744] [DMG] AccessControl: checking f=0 a=p s=0xFFFFFFFB00000000 t= c=0x0000_0031 e=0 p=v r=r[0m
[0;32m[1784834235.586] [13744:13744] [DMG] AccessControl: implicit admin (PASE)[0m
[0;32m[1784834235.586] [13744:13744] [DMG] AccessControl: checking f=0 a=p s=0xFFFFFFFB00000000 t= c=0x0000_0031 e=0 p=v r=r[0m
[0;32m[1784834235.586] [13744:13744] [DMG] AccessControl: implicit admin (PASE)[0m
[0;34m[1784834235.586] [13744:13744] [DMG] Reading attribute: Cluster=0x0000_0031 Endpoint=0x0 AttributeId=0x0000_FFFC (expanded=1)[0m
[0;34m[1784834235.586] [13744:13744] [DMG] <RE> Sending report (payload has 152 bytes)...[0m
[0;32m[1784834235.586] [13744:13744] [EM] <<< [E:2601r S:40703 M:110477734 (Ack:202727162)] (S) Msg TX from 0000000000000000 to 0:FFFFFFFB00000000 [0000] [UDP:[fe80::bfe:a203:38f0:bce7%enp0s3]:43030] --- Type 0001:05 (IM:ReportData) (B:186)[0m
[0;32m[1784834235.586] [13744:13744] [EM] ??1 [E:2601r S:40703 M:110477734] (S) Msg Retransmission to 0:FFFFFFFB00000000 scheduled for 373ms from now [State:Active II:500 AI:300 AT:4000][0m
[0;34m[1784834235.586] [13744:13744] [DMG] <RE> OnReportConfirm: NumReports = 0[0m
[0;34m[1784834235.586] [13744:13744] [DMG] <RE> ReportsInFlight = 0 with readHandler 0, RE has no more messages[0m
[0;34m[1784834235.586] [13744:13744] [DMG] IM RH moving to [AwaitingDestruction][0m
[0;34m[1784834235.587] [13744:13744] [DMG] All ReadHandler-s are clean, clear GlobalDirtySet[0m
[0;32m[1784834235.587] [13744:13744] [EM] >>> [E:2600r S:40703 M:202727163 (Ack:110477733)] (S) Msg RX from 0:FFFFFFFB00000000 [0000] to 0000000000000000 --- Type 0000:10 (SecureChannel:StandaloneAck) (B:34)[0m
[0;34m[1784834235.587] [13744:13744] [EM] Found matching exchange: 2600r, Delegate: (nil)[0m
[0;34m[1784834235.587] [13744:13744] [EM] Rxd Ack; Removing MessageCounter:110477733 from Retrans Table on exchange 2600r[0m
[0;32m[1784834235.589] [13744:13744] [EM] >>> [E:2602r S:40703 M:202727164] (S) Msg RX from 0:FFFFFFFB00000000 [0000] to 0000000000000000 --- Type 0001:08 (IM:InvokeCommandRequest) (B:65)[0m
[0;34m[1784834235.589] [13744:13744] [EM] Handling via exchange: 2602r, Delegate: 0x5a34b56ceac8[0m
[0;34m[1784834235.590] [13744:13744] [DMG] InvokeRequestMessage =[0m
[0;34m[1784834235.590] [13744:13744] [DMG] {[0m
[0;34m[1784834235.590] [13744:13744] [DMG] 	suppressResponse = false, [0m
[0;34m[1784834235.590] [13744:13744] [DMG] 	timedRequest = false, [0m
[0;34m[1784834235.590] [13744:13744] [DMG] 	InvokeRequests =[0m
[0;34m[1784834235.590] [13744:13744] [DMG] 	[[0m
[0;34m[1784834235.590] [13744:13744] [DMG] 		CommandDataIB =[0m
[0;34m[1784834235.590] [13744:13744] [DMG] 		{[0m
[0;34m[1784834235.590] [13744:13744] [DMG] 			CommandPathIB =[0m
[0;34m[1784834235.590] [13744:13744] [DMG] 			{[0m
[0;34m[1784834235.590] [13744:13744] [DMG] 				EndpointId = 0x0,[0m
[0;34m[1784834235.590] [13744:13744] [DMG] 				ClusterId = 0x30,[0m
[0;34m[1784834235.590] [13744:13744] [DMG] 				CommandId = 0x0,[0m
[0;34m[1784834235.590] [13744:13744] [DMG] 			},[0m
[0;34m[1784834235.590] [13744:13744] [DMG] 			[0m
[0;34m[1784834235.590] [13744:13744] [DMG] 			CommandFields = [0m
[0;34m[1784834235.590] [13744:13744] [DMG] 			{[0m
[0;34m[1784834235.590] [13744:13744] [DMG] 				0x0 = 60 (unsigned), [0m
[0;34m[1784834235.590] [13744:13744] [DMG] 				0x1 = 3 (unsigned), [0m
[0;34m[1784834235.590] [13744:13744] [DMG] 			},[0m
[0;34m[1784834235.590] [13744:13744] [DMG] 		},[0m
[0;34m[1784834235.590] [13744:13744] [DMG] 		[0m
[0;34m[1784834235.590] [13744:13744] [DMG] 	],[0m
[0;34m[1784834235.590] [13744:13744] [DMG] 	[0m
[0;34m[1784834235.590] [13744:13744] [DMG] 	InteractionModelRevision = 12[0m
[0;34m[1784834235.590] [13744:13744] [DMG] },[0m
[0;32m[1784834235.590] [13744:13744] [DMG] AccessControl: checking f=0 a=p s=0xFFFFFFFB00000000 t= c=0x0000_0030 e=0 p=o r=i[0m
[0;32m[1784834235.590] [13744:13744] [DMG] AccessControl: implicit admin (PASE)[0m
[0;32m[1784834235.590] [13744:13744] [DMG] AccessControl: checking f=0 a=p s=0xFFFFFFFB00000000 t= c=0x0000_0030 e=0 p=a r=i[0m
[0;32m[1784834235.590] [13744:13744] [DMG] AccessControl: implicit admin (PASE)[0m
[0;34m[1784834235.590] [13744:13744] [DMG] Received command for Endpoint=0 Cluster=0x0000_0030 Command=0x0000_0000[0m
[0;32m[1784834235.590] [13744:13744] [FS] GeneralCommissioning: Received ArmFailSafe (60s)[0m
[0;34m[1784834235.590] [13744:13744] [DMG] Command handler moving to [NewRespons][0m
[0;34m[1784834235.590] [13744:13744] [DMG] Command handler moving to [ Preparing][0m
[0;34m[1784834235.590] [13744:13744] [DMG] Command handler moving to [AddingComm][0m
[0;34m[1784834235.590] [13744:13744] [DMG] Command handler moving to [AddedComma][0m
[0;34m[1784834235.590] [13744:13744] [DMG] Decreasing reference count for CommandHandlerImpl, remaining 1[0m
[0;34m[1784834235.590] [13744:13744] [DMG] Decreasing reference count for CommandHandlerImpl, remaining 0[0m
[0;34m[1784834235.590] [13744:13744] [DMG] Command handler moving to [AwaitingDe][0m
[0;32m[1784834235.590] [13744:13744] [EM] <<< [E:2602r S:40703 M:110477735 (Ack:202727164)] (S) Msg TX from 0000000000000000 to 0:FFFFFFFB00000000 [0000] [UDP:[fe80::bfe:a203:38f0:bce7%enp0s3]:43030] --- Type 0001:09 (IM:InvokeCommandResponse) (B:70)[0m
[0;32m[1784834235.591] [13744:13744] [EM] ??1 [E:2602r S:40703 M:110477735] (S) Msg Retransmission to 0:FFFFFFFB00000000 scheduled for 409ms from now [State:Active II:500 AI:300 AT:4000][0m
[0;34m[1784834235.591] [13744:13744] [DMG] Command response sender moving to [AllInvokeR][0m
[0;32m[1784834235.591] [13744:13744] [EM] >>> [E:2601r S:40703 M:202727165 (Ack:110477734)] (S) Msg RX from 0:FFFFFFFB00000000 [0000] to 0000000000000000 --- Type 0000:10 (SecureChannel:StandaloneAck) (B:34)[0m
[0;34m[1784834235.591] [13744:13744] [EM] Found matching exchange: 2601r, Delegate: (nil)[0m
[0;34m[1784834235.591] [13744:13744] [EM] Rxd Ack; Removing MessageCounter:110477734 from Retrans Table on exchange 2601r[0m
[0;32m[1784834235.592] [13744:13744] [EM] >>> [E:2603r S:40703 M:202727166] (S) Msg RX from 0:FFFFFFFB00000000 [0000] to 0000000000000000 --- Type 0001:08 (IM:InvokeCommandRequest) (B:70)[0m
[0;34m[1784834235.592] [13744:13744] [EM] Handling via exchange: 2603r, Delegate: 0x5a34b56ceac8[0m
[0;34m[1784834235.592] [13744:13744] [DMG] InvokeRequestMessage =[0m
[0;34m[1784834235.592] [13744:13744] [DMG] {[0m
[0;34m[1784834235.592] [13744:13744] [DMG] 	suppressResponse = false, [0m
[0;34m[1784834235.592] [13744:13744] [DMG] 	timedRequest = false, [0m
[0;34m[1784834235.592] [13744:13744] [DMG] 	InvokeRequests =[0m
[0;34m[1784834235.592] [13744:13744] [DMG] 	[[0m
[0;34m[1784834235.592] [13744:13744] [DMG] 		CommandDataIB =[0m
[0;34m[1784834235.592] [13744:13744] [DMG] 		{[0m
[0;34m[1784834235.592] [13744:13744] [DMG] 			CommandPathIB =[0m
[0;34m[1784834235.592] [13744:13744] [DMG] 			{[0m
[0;34m[1784834235.592] [13744:13744] [DMG] 				EndpointId = 0x0,[0m
[0;34m[1784834235.592] [13744:13744] [DMG] 				ClusterId = 0x30,[0m
[0;34m[1784834235.592] [13744:13744] [DMG] 				CommandId = 0x2,[0m
[0;34m[1784834235.592] [13744:13744] [DMG] 			},[0m
[0;34m[1784834235.592] [13744:13744] [DMG] 			[0m
[0;34m[1784834235.592] [13744:13744] [DMG] 			CommandFields = [0m
[0;34m[1784834235.592] [13744:13744] [DMG] 			{[0m
[0;34m[1784834235.592] [13744:13744] [DMG] 				0x0 = 0 (unsigned), [0m
[0;34m[1784834235.592] [13744:13744] [DMG] 				0x1 = "XX" (2 chars), [0m
[0;34m[1784834235.592] [13744:13744] [DMG] 				0x2 = 4 (unsigned), [0m
[0;34m[1784834235.592] [13744:13744] [DMG] 			},[0m
[0;34m[1784834235.592] [13744:13744] [DMG] 		},[0m
[0;34m[1784834235.592] [13744:13744] [DMG] 		[0m
[0;34m[1784834235.592] [13744:13744] [DMG] 	],[0m
[0;34m[1784834235.592] [13744:13744] [DMG] 	[0m
[0;34m[1784834235.592] [13744:13744] [DMG] 	InteractionModelRevision = 12[0m
[0;34m[1784834235.592] [13744:13744] [DMG] },[0m
[0;32m[1784834235.592] [13744:13744] [DMG] AccessControl: checking f=0 a=p s=0xFFFFFFFB00000000 t= c=0x0000_0030 e=0 p=o r=i[0m
[0;32m[1784834235.592] [13744:13744] [DMG] AccessControl: implicit admin (PASE)[0m
[0;32m[1784834235.592] [13744:13744] [DMG] AccessControl: checking f=0 a=p s=0xFFFFFFFB00000000 t= c=0x0000_0030 e=0 p=a r=i[0m
[0;32m[1784834235.592] [13744:13744] [DMG] AccessControl: implicit admin (PASE)[0m
[0;34m[1784834235.592] [13744:13744] [DMG] Received command for Endpoint=0 Cluster=0x0000_0030 Command=0x0000_0002[0m
[0;34m[1784834235.595] [13744:13744] [DL] Wrote settings to /tmp/chip_config.ini[0m
[0;32m[1784834235.595] [13744:13744] [DL] NVS set: chip-config/regulatory-location = 0 (0x0)[0m
[0;34m[1784834235.598] [13744:13744] [DL] Wrote settings to /tmp/chip_config.ini[0m
[0;32m[1784834235.598] [13744:13744] [DL] NVS set: chip-config/country-code = "XX"[0m
[0;34m[1784834235.598] [13744:13744] [DMG] Command handler moving to [NewRespons][0m
[0;34m[1784834235.598] [13744:13744] [DMG] Command handler moving to [ Preparing][0m
[0;34m[1784834235.598] [13744:13744] [DMG] Command handler moving to [AddingComm][0m
[0;34m[1784834235.598] [13744:13744] [DMG] Command handler moving to [AddedComma][0m
[0;34m[1784834235.598] [13744:13744] [DMG] Decreasing reference count for CommandHandlerImpl, remaining 1[0m
[0;34m[1784834235.598] [13744:13744] [DMG] Decreasing reference count for CommandHandlerImpl, remaining 0[0m
[0;34m[1784834235.598] [13744:13744] [DMG] Command handler moving to [AwaitingDe][0m
[0;32m[1784834235.598] [13744:13744] [EM] <<< [E:2603r S:40703 M:110477736 (Ack:202727166)] (S) Msg TX from 0000000000000000 to 0:FFFFFFFB00000000 [0000] [UDP:[fe80::bfe:a203:38f0:bce7%enp0s3]:43030] --- Type 0001:09 (IM:InvokeCommandResponse) (B:70)[0m
[0;32m[1784834235.598] [13744:13744] [EM] ??1 [E:2603r S:40703 M:110477736] (S) Msg Retransmission to 0:FFFFFFFB00000000 scheduled for 369ms from now [State:Active II:500 AI:300 AT:4000][0m
[0;34m[1784834235.598] [13744:13744] [DMG] Command response sender moving to [AllInvokeR][0m
[0;32m[1784834235.598] [13744:13744] [EM] >>> [E:2602r S:40703 M:202727167 (Ack:110477735)] (S) Msg RX from 0:FFFFFFFB00000000 [0000] to 0000000000000000 --- Type 0000:10 (SecureChannel:StandaloneAck) (B:34)[0m
[0;34m[1784834235.598] [13744:13744] [EM] Found matching exchange: 2602r, Delegate: (nil)[0m
[0;34m[1784834235.598] [13744:13744] [EM] Rxd Ack; Removing MessageCounter:110477735 from Retrans Table on exchange 2602r[0m
[0;32m[1784834235.598] [13744:13744] [EM] >>> [E:2604r S:40703 M:202727168] (S) Msg RX from 0:FFFFFFFB00000000 [0000] to 0000000000000000 --- Type 0001:08 (IM:InvokeCommandRequest) (B:72)[0m
[0;34m[1784834235.598] [13744:13744] [EM] Handling via exchange: 2604r, Delegate: 0x5a34b56ceac8[0m
[0;34m[1784834235.598] [13744:13744] [DMG] InvokeRequestMessage =[0m
[0;34m[1784834235.598] [13744:13744] [DMG] {[0m
[0;34m[1784834235.598] [13744:13744] [DMG] 	suppressResponse = false, [0m
[0;34m[1784834235.598] [13744:13744] [DMG] 	timedRequest = false, [0m
[0;34m[1784834235.598] [13744:13744] [DMG] 	InvokeRequests =[0m
[0;34m[1784834235.598] [13744:13744] [DMG] 	[[0m
[0;34m[1784834235.598] [13744:13744] [DMG] 		CommandDataIB =[0m
[0;34m[1784834235.598] [13744:13744] [DMG] 		{[0m
[0;34m[1784834235.598] [13744:13744] [DMG] 			CommandPathIB =[0m
[0;34m[1784834235.598] [13744:13744] [DMG] 			{[0m
[0;34m[1784834235.598] [13744:13744] [DMG] 				EndpointId = 0x0,[0m
[0;34m[1784834235.598] [13744:13744] [DMG] 				ClusterId = 0x38,[0m
[0;34m[1784834235.598] [13744:13744] [DMG] 				CommandId = 0x0,[0m
[0;34m[1784834235.598] [13744:13744] [DMG] 			},[0m
[0;34m[1784834235.598] [13744:13744] [DMG] 			[0m
[0;34m[1784834235.598] [13744:13744] [DMG] 			CommandFields = [0m
[0;34m[1784834235.598] [13744:13744] [DMG] 			{[0m
[0;34m[1784834235.598] [13744:13744] [DMG] 				0x0 = 838149435598766 (unsigned), [0m
[0;34m[1784834235.598] [13744:13744] [DMG] 				0x1 = 2 (unsigned), [0m
[0;34m[1784834235.598] [13744:13744] [DMG] 			},[0m
[0;34m[1784834235.598] [13744:13744] [DMG] 		},[0m
[0;34m[1784834235.598] [13744:13744] [DMG] 		[0m
[0;34m[1784834235.598] [13744:13744] [DMG] 	],[0m
[0;34m[1784834235.598] [13744:13744] [DMG] 	[0m
[0;34m[1784834235.598] [13744:13744] [DMG] 	InteractionModelRevision = 12[0m
[0;34m[1784834235.598] [13744:13744] [DMG] },[0m
[0;32m[1784834235.598] [13744:13744] [DMG] AccessControl: checking f=0 a=p s=0xFFFFFFFB00000000 t= c=0x0000_0038 e=0 p=o r=i[0m
[0;32m[1784834235.598] [13744:13744] [DMG] AccessControl: implicit admin (PASE)[0m
[0;32m[1784834235.599] [13744:13744] [DMG] AccessControl: checking f=0 a=p s=0xFFFFFFFB00000000 t= c=0x0000_0038 e=0 p=a r=i[0m
[0;32m[1784834235.599] [13744:13744] [DMG] AccessControl: implicit admin (PASE)[0m
[0;34m[1784834235.599] [13744:13744] [DMG] Received command for Endpoint=0 Cluster=0x0000_0038 Command=0x0000_0000[0m
[1;31m[1784834235.599] [13744:13744] [DMG] Endpoint=0 Cluster=0x0000_0038 Command=0x0000_0000 status 0x01 (FAILURE) ClusterSpecificCode=2 (no additional context)[0m
[0;34m[1784834235.599] [13744:13744] [DMG] Command handler moving to [NewRespons][0m
[0;34m[1784834235.599] [13744:13744] [DMG] Command handler moving to [ Preparing][0m
[0;34m[1784834235.599] [13744:13744] [DMG] Command handler moving to [AddingComm][0m
[0;34m[1784834235.599] [13744:13744] [DMG] Command handler moving to [AddedComma][0m
[0;34m[1784834235.599] [13744:13744] [DMG] Decreasing reference count for CommandHandlerImpl, remaining 1[0m
[0;34m[1784834235.599] [13744:13744] [DMG] Decreasing reference count for CommandHandlerImpl, remaining 0[0m
[0;34m[1784834235.599] [13744:13744] [DMG] Command handler moving to [AwaitingDe][0m
[0;32m[1784834235.599] [13744:13744] [EM] <<< [E:2604r S:40703 M:110477737 (Ack:202727168)] (S) Msg TX from 0000000000000000 to 0:FFFFFFFB00000000 [0000] [UDP:[fe80::bfe:a203:38f0:bce7%enp0s3]:43030] --- Type 0001:09 (IM:InvokeCommandResponse) (B:70)[0m
[0;32m[1784834235.599] [13744:13744] [EM] ??1 [E:2604r S:40703 M:110477737] (S) Msg Retransmission to 0:FFFFFFFB00000000 scheduled for 404ms from now [State:Active II:500 AI:300 AT:4000][0m
[0;34m[1784834235.599] [13744:13744] [DMG] Command response sender moving to [AllInvokeR][0m
[0;32m[1784834235.599] [13744:13744] [EM] >>> [E:2603r S:40703 M:202727169 (Ack:110477736)] (S) Msg RX from 0:FFFFFFFB00000000 [0000] to 0000000000000000 --- Type 0000:10 (SecureChannel:StandaloneAck) (B:34)[0m
[0;34m[1784834235.599] [13744:13744] [EM] Found matching exchange: 2603r, Delegate: (nil)[0m
[0;34m[1784834235.599] [13744:13744] [EM] Rxd Ack; Removing MessageCounter:110477736 from Retrans Table on exchange 2603r[0m
[0;32m[1784834235.599] [13744:13744] [EM] >>> [E:2605r S:40703 M:202727170] (S) Msg RX from 0:FFFFFFFB00000000 [0000] to 0000000000000000 --- Type 0001:08 (IM:InvokeCommandRequest) (B:62)[0m
[0;34m[1784834235.599] [13744:13744] [EM] Handling via exchange: 2605r, Delegate: 0x5a34b56ceac8[0m
[0;34m[1784834235.599] [13744:13744] [DMG] InvokeRequestMessage =[0m
[0;34m[1784834235.599] [13744:13744] [DMG] {[0m
[0;34m[1784834235.599] [13744:13744] [DMG] 	suppressResponse = false, [0m
[0;34m[1784834235.599] [13744:13744] [DMG] 	timedRequest = false, [0m
[0;34m[1784834235.599] [13744:13744] [DMG] 	InvokeRequests =[0m
[0;34m[1784834235.599] [13744:13744] [DMG] 	[[0m
[0;34m[1784834235.599] [13744:13744] [DMG] 		CommandDataIB =[0m
[0;34m[1784834235.599] [13744:13744] [DMG] 		{[0m
[0;34m[1784834235.599] [13744:13744] [DMG] 			CommandPathIB =[0m
[0;34m[1784834235.599] [13744:13744] [DMG] 			{[0m
[0;34m[1784834235.599] [13744:13744] [DMG] 				EndpointId = 0x0,[0m
[0;34m[1784834235.599] [13744:13744] [DMG] 				ClusterId = 0x3e,[0m
[0;34m[1784834235.599] [13744:13744] [DMG] 				CommandId = 0x2,[0m
[0;34m[1784834235.599] [13744:13744] [DMG] 			},[0m
[0;34m[1784834235.599] [13744:13744] [DMG] 			[0m
[0;34m[1784834235.599] [13744:13744] [DMG] 			CommandFields = [0m
[0;34m[1784834235.599] [13744:13744] [DMG] 			{[0m
[0;34m[1784834235.599] [13744:13744] [DMG] 				0x0 = 2 (unsigned), [0m
[0;34m[1784834235.599] [13744:13744] [DMG] 			},[0m
[0;34m[1784834235.599] [13744:13744] [DMG] 		},[0m
[0;34m[1784834235.599] [13744:13744] [DMG] 		[0m
[0;34m[1784834235.599] [13744:13744] [DMG] 	],[0m
[0;34m[1784834235.599] [13744:13744] [DMG] 	[0m
[0;34m[1784834235.599] [13744:13744] [DMG] 	InteractionModelRevision = 12[0m
[0;34m[1784834235.599] [13744:13744] [DMG] },[0m
[0;32m[1784834235.599] [13744:13744] [DMG] AccessControl: checking f=0 a=p s=0xFFFFFFFB00000000 t= c=0x0000_003E e=0 p=o r=i[0m
[0;32m[1784834235.599] [13744:13744] [DMG] AccessControl: implicit admin (PASE)[0m
[0;32m[1784834235.599] [13744:13744] [DMG] AccessControl: checking f=0 a=p s=0xFFFFFFFB00000000 t= c=0x0000_003E e=0 p=a r=i[0m
[0;32m[1784834235.599] [13744:13744] [DMG] AccessControl: implicit admin (PASE)[0m
[0;34m[1784834235.599] [13744:13744] [DMG] Received command for Endpoint=0 Cluster=0x0000_003E Command=0x0000_0002[0m
[0;32m[1784834235.599] [13744:13744] [ZCL] OpCreds: Certificate Chain request received for PAI[0m
[0;34m[1784834235.599] [13744:13744] [DMG] Command handler moving to [NewRespons][0m
[0;34m[1784834235.599] [13744:13744] [DMG] Command handler moving to [ Preparing][0m
[0;34m[1784834235.599] [13744:13744] [DMG] Command handler moving to [AddingComm][0m
[0;34m[1784834235.599] [13744:13744] [DMG] Command handler moving to [AddedComma][0m
[0;34m[1784834235.599] [13744:13744] [DMG] Decreasing reference count for CommandHandlerImpl, remaining 1[0m
[0;34m[1784834235.599] [13744:13744] [DMG] Decreasing reference count for CommandHandlerImpl, remaining 0[0m
[0;34m[1784834235.599] [13744:13744] [DMG] Command handler moving to [AwaitingDe][0m
[0;32m[1784834235.599] [13744:13744] [EM] <<< [E:2605r S:40703 M:110477738 (Ack:202727170)] (S) Msg TX from 0000000000000000 to 0:FFFFFFFB00000000 [0000] [UDP:[fe80::bfe:a203:38f0:bce7%enp0s3]:43030] --- Type 0001:09 (IM:InvokeCommandResponse) (B:531)[0m
[0;32m[1784834235.599] [13744:13744] [EM] ??1 [E:2605r S:40703 M:110477738] (S) Msg Retransmission to 0:FFFFFFFB00000000 scheduled for 358ms from now [State:Active II:500 AI:300 AT:4000][0m
[0;34m[1784834235.599] [13744:13744] [DMG] Command response sender moving to [AllInvokeR][0m
[0;32m[1784834235.599] [13744:13744] [EM] >>> [E:2604r S:40703 M:202727171 (Ack:110477737)] (S) Msg RX from 0:FFFFFFFB00000000 [0000] to 0000000000000000 --- Type 0000:10 (SecureChannel:StandaloneAck) (B:34)[0m
[0;34m[1784834235.599] [13744:13744] [EM] Found matching exchange: 2604r, Delegate: (nil)[0m
[0;34m[1784834235.599] [13744:13744] [EM] Rxd Ack; Removing MessageCounter:110477737 from Retrans Table on exchange 2604r[0m
[0;32m[1784834235.599] [13744:13744] [EM] >>> [E:2606r S:40703 M:202727172] (S) Msg RX from 0:FFFFFFFB00000000 [0000] to 0000000000000000 --- Type 0001:08 (IM:InvokeCommandRequest) (B:62)[0m
[0;34m[1784834235.599] [13744:13744] [EM] Handling via exchange: 2606r, Delegate: 0x5a34b56ceac8[0m
[0;34m[1784834235.599] [13744:13744] [DMG] InvokeRequestMessage =[0m
[0;34m[1784834235.599] [13744:13744] [DMG] {[0m
[0;34m[1784834235.599] [13744:13744] [DMG] 	suppressResponse = false, [0m
[0;34m[1784834235.599] [13744:13744] [DMG] 	timedRequest = false, [0m
[0;34m[1784834235.599] [13744:13744] [DMG] 	InvokeRequests =[0m
[0;34m[1784834235.599] [13744:13744] [DMG] 	[[0m
[0;34m[1784834235.599] [13744:13744] [DMG] 		CommandDataIB =[0m
[0;34m[1784834235.599] [13744:13744] [DMG] 		{[0m
[0;34m[1784834235.599] [13744:13744] [DMG] 			CommandPathIB =[0m
[0;34m[1784834235.599] [13744:13744] [DMG] 			{[0m
[0;34m[1784834235.599] [13744:13744] [DMG] 				EndpointId = 0x0,[0m
[0;34m[1784834235.599] [13744:13744] [DMG] 				ClusterId = 0x3e,[0m
[0;34m[1784834235.599] [13744:13744] [DMG] 				CommandId = 0x2,[0m
[0;34m[1784834235.599] [13744:13744] [DMG] 			},[0m
[0;34m[1784834235.599] [13744:13744] [DMG] 			[0m
[0;34m[1784834235.599] [13744:13744] [DMG] 			CommandFields = [0m
[0;34m[1784834235.599] [13744:13744] [DMG] 			{[0m
[0;34m[1784834235.599] [13744:13744] [DMG] 				0x0 = 1 (unsigned), [0m
[0;34m[1784834235.599] [13744:13744] [DMG] 			},[0m
[0;34m[1784834235.599] [13744:13744] [DMG] 		},[0m
[0;34m[1784834235.599] [13744:13744] [DMG] 		[0m
[0;34m[1784834235.599] [13744:13744] [DMG] 	],[0m
[0;34m[1784834235.599] [13744:13744] [DMG] 	[0m
[0;34m[1784834235.599] [13744:13744] [DMG] 	InteractionModelRevision = 12[0m
[0;34m[1784834235.600] [13744:13744] [DMG] },[0m
[0;32m[1784834235.600] [13744:13744] [DMG] AccessControl: checking f=0 a=p s=0xFFFFFFFB00000000 t= c=0x0000_003E e=0 p=o r=i[0m
[0;32m[1784834235.600] [13744:13744] [DMG] AccessControl: implicit admin (PASE)[0m
[0;32m[1784834235.600] [13744:13744] [DMG] AccessControl: checking f=0 a=p s=0xFFFFFFFB00000000 t= c=0x0000_003E e=0 p=a r=i[0m
[0;32m[1784834235.600] [13744:13744] [DMG] AccessControl: implicit admin (PASE)[0m
[0;34m[1784834235.600] [13744:13744] [DMG] Received command for Endpoint=0 Cluster=0x0000_003E Command=0x0000_0002[0m
[0;32m[1784834235.600] [13744:13744] [ZCL] OpCreds: Certificate Chain request received for DAC[0m
[0;34m[1784834235.600] [13744:13744] [DMG] Command handler moving to [NewRespons][0m
[0;34m[1784834235.600] [13744:13744] [DMG] Command handler moving to [ Preparing][0m
[0;34m[1784834235.600] [13744:13744] [DMG] Command handler moving to [AddingComm][0m
[0;34m[1784834235.600] [13744:13744] [DMG] Command handler moving to [AddedComma][0m
[0;34m[1784834235.600] [13744:13744] [DMG] Decreasing reference count for CommandHandlerImpl, remaining 1[0m
[0;34m[1784834235.600] [13744:13744] [DMG] Decreasing reference count for CommandHandlerImpl, remaining 0[0m
[0;34m[1784834235.600] [13744:13744] [DMG] Command handler moving to [AwaitingDe][0m
[0;32m[1784834235.600] [13744:13744] [EM] <<< [E:2606r S:40703 M:110477739 (Ack:202727172)] (S) Msg TX from 0000000000000000 to 0:FFFFFFFB00000000 [0000] [UDP:[fe80::bfe:a203:38f0:bce7%enp0s3]:43030] --- Type 0001:09 (IM:InvokeCommandResponse) (B:559)[0m
[0;32m[1784834235.600] [13744:13744] [EM] ??1 [E:2606r S:40703 M:110477739] (S) Msg Retransmission to 0:FFFFFFFB00000000 scheduled for 404ms from now [State:Active II:500 AI:300 AT:4000][0m
[0;34m[1784834235.600] [13744:13744] [DMG] Command response sender moving to [AllInvokeR][0m
[0;32m[1784834235.600] [13744:13744] [EM] >>> [E:2605r S:40703 M:202727173 (Ack:110477738)] (S) Msg RX from 0:FFFFFFFB00000000 [0000] to 0000000000000000 --- Type 0000:10 (SecureChannel:StandaloneAck) (B:34)[0m
[0;34m[1784834235.600] [13744:13744] [EM] Found matching exchange: 2605r, Delegate: (nil)[0m
[0;34m[1784834235.600] [13744:13744] [EM] Rxd Ack; Removing MessageCounter:110477738 from Retrans Table on exchange 2605r[0m
[0;32m[1784834235.600] [13744:13744] [EM] >>> [E:2607r S:40703 M:202727174] (S) Msg RX from 0:FFFFFFFB00000000 [0000] to 0000000000000000 --- Type 0001:08 (IM:InvokeCommandRequest) (B:94)[0m
[0;34m[1784834235.600] [13744:13744] [EM] Handling via exchange: 2607r, Delegate: 0x5a34b56ceac8[0m
[0;34m[1784834235.600] [13744:13744] [DMG] InvokeRequestMessage =[0m
[0;34m[1784834235.600] [13744:13744] [DMG] {[0m
[0;34m[1784834235.600] [13744:13744] [DMG] 	suppressResponse = false, [0m
[0;34m[1784834235.600] [13744:13744] [DMG] 	timedRequest = false, [0m
[0;34m[1784834235.600] [13744:13744] [DMG] 	InvokeRequests =[0m
[0;34m[1784834235.600] [13744:13744] [DMG] 	[[0m
[0;34m[1784834235.600] [13744:13744] [DMG] 		CommandDataIB =[0m
[0;34m[1784834235.600] [13744:13744] [DMG] 		{[0m
[0;34m[1784834235.600] [13744:13744] [DMG] 			CommandPathIB =[0m
[0;34m[1784834235.600] [13744:13744] [DMG] 			{[0m
[0;34m[1784834235.600] [13744:13744] [DMG] 				EndpointId = 0x0,[0m
[0;34m[1784834235.600] [13744:13744] [DMG] 				ClusterId = 0x3e,[0m
[0;34m[1784834235.600] [13744:13744] [DMG] 				CommandId = 0x0,[0m
[0;34m[1784834235.600] [13744:13744] [DMG] 			},[0m
[0;34m[1784834235.600] [13744:13744] [DMG] 			[0m
[0;34m[1784834235.600] [13744:13744] [DMG] 			CommandFields = [0m
[0;34m[1784834235.600] [13744:13744] [DMG] 			{[0m
[0;34m[1784834235.600] [13744:13744] [DMG] 				0x0 = [[0m
[0;34m[1784834235.600] [13744:13744] [DMG] 						0xad, 0x16, 0xdf, 0xfa, 0x84, 0x87, 0xe7, 0xd7, 0x97, 0x0c, 0xdf, 0xb6, 0xe0, 0xbd, 0x2a, 0xb7, 0x1c, 0x3d, 0xea, 0x2c, 0xb0, 0xcd, 0x2f, 0x71, 0x7d, 0x7e, 0x13, 0x88, 0xe6, 0x11, 0xfb, 0x0d, [0m
[0;34m[1784834235.600] [13744:13744] [DMG] 				] (32 bytes)[0m
[0;34m[1784834235.600] [13744:13744] [DMG] 			},[0m
[0;34m[1784834235.600] [13744:13744] [DMG] 		},[0m
[0;34m[1784834235.600] [13744:13744] [DMG] 		[0m
[0;34m[1784834235.600] [13744:13744] [DMG] 	],[0m
[0;34m[1784834235.600] [13744:13744] [DMG] 	[0m
[0;34m[1784834235.600] [13744:13744] [DMG] 	InteractionModelRevision = 12[0m
[0;34m[1784834235.600] [13744:13744] [DMG] },[0m
[0;32m[1784834235.600] [13744:13744] [DMG] AccessControl: checking f=0 a=p s=0xFFFFFFFB00000000 t= c=0x0000_003E e=0 p=o r=i[0m
[0;32m[1784834235.600] [13744:13744] [DMG] AccessControl: implicit admin (PASE)[0m
[0;32m[1784834235.600] [13744:13744] [DMG] AccessControl: checking f=0 a=p s=0xFFFFFFFB00000000 t= c=0x0000_003E e=0 p=a r=i[0m
[0;32m[1784834235.600] [13744:13744] [DMG] AccessControl: implicit admin (PASE)[0m
[0;34m[1784834235.600] [13744:13744] [DMG] Received command for Endpoint=0 Cluster=0x0000_003E Command=0x0000_0000[0m
[0;32m[1784834235.600] [13744:13744] [ZCL] OpCreds: Received an AttestationRequest command[0m
[0;32m[1784834235.600] [13744:13744] [ZCL] OpCreds: AttestationRequest successful.[0m
[0;34m[1784834235.600] [13744:13744] [DMG] Command handler moving to [NewRespons][0m
[0;34m[1784834235.600] [13744:13744] [DMG] Command handler moving to [ Preparing][0m
[0;34m[1784834235.600] [13744:13744] [DMG] Command handler moving to [AddingComm][0m
[0;34m[1784834235.600] [13744:13744] [DMG] Command handler moving to [AddedComma][0m
[0;34m[1784834235.600] [13744:13744] [DMG] Decreasing reference count for CommandHandlerImpl, remaining 1[0m
[0;34m[1784834235.600] [13744:13744] [DMG] Decreasing reference count for CommandHandlerImpl, remaining 0[0m
[0;34m[1784834235.600] [13744:13744] [DMG] Command handler moving to [AwaitingDe][0m
[0;32m[1784834235.600] [13744:13744] [EM] <<< [E:2607r S:40703 M:110477740 (Ack:202727174)] (S) Msg TX from 0000000000000000 to 0:FFFFFFFB00000000 [0000] [UDP:[fe80::bfe:a203:38f0:bce7%enp0s3]:43030] --- Type 0001:09 (IM:InvokeCommandResponse) (B:718)[0m
[0;32m[1784834235.600] [13744:13744] [EM] ??1 [E:2607r S:40703 M:110477740] (S) Msg Retransmission to 0:FFFFFFFB00000000 scheduled for 371ms from now [State:Active II:500 AI:300 AT:4000][0m
[0;34m[1784834235.600] [13744:13744] [DMG] Command response sender moving to [AllInvokeR][0m
[0;32m[1784834235.600] [13744:13744] [EM] >>> [E:2606r S:40703 M:202727175 (Ack:110477739)] (S) Msg RX from 0:FFFFFFFB00000000 [0000] to 0000000000000000 --- Type 0000:10 (SecureChannel:StandaloneAck) (B:34)[0m
[0;34m[1784834235.600] [13744:13744] [EM] Found matching exchange: 2606r, Delegate: (nil)[0m
[0;34m[1784834235.600] [13744:13744] [EM] Rxd Ack; Removing MessageCounter:110477739 from Retrans Table on exchange 2606r[0m
[0;32m[1784834235.608] [13744:13744] [EM] >>> [E:2608r S:40703 M:202727176] (S) Msg RX from 0:FFFFFFFB00000000 [0000] to 0000000000000000 --- Type 0001:08 (IM:InvokeCommandRequest) (B:94)[0m
[0;34m[1784834235.608] [13744:13744] [EM] Handling via exchange: 2608r, Delegate: 0x5a34b56ceac8[0m
[0;34m[1784834235.608] [13744:13744] [DMG] InvokeRequestMessage =[0m
[0;34m[1784834235.608] [13744:13744] [DMG] {[0m
[0;34m[1784834235.608] [13744:13744] [DMG] 	suppressResponse = false, [0m
[0;34m[1784834235.608] [13744:13744] [DMG] 	timedRequest = false, [0m
[0;34m[1784834235.608] [13744:13744] [DMG] 	InvokeRequests =[0m
[0;34m[1784834235.608] [13744:13744] [DMG] 	[[0m
[0;34m[1784834235.608] [13744:13744] [DMG] 		CommandDataIB =[0m
[0;34m[1784834235.608] [13744:13744] [DMG] 		{[0m
[0;34m[1784834235.608] [13744:13744] [DMG] 			CommandPathIB =[0m
[0;34m[1784834235.608] [13744:13744] [DMG] 			{[0m
[0;34m[1784834235.608] [13744:13744] [DMG] 				EndpointId = 0x0,[0m
[0;34m[1784834235.608] [13744:13744] [DMG] 				ClusterId = 0x3e,[0m
[0;34m[1784834235.608] [13744:13744] [DMG] 				CommandId = 0x4,[0m
[0;34m[1784834235.608] [13744:13744] [DMG] 			},[0m
[0;34m[1784834235.608] [13744:13744] [DMG] 			[0m
[0;34m[1784834235.608] [13744:13744] [DMG] 			CommandFields = [0m
[0;34m[1784834235.608] [13744:13744] [DMG] 			{[0m
[0;34m[1784834235.608] [13744:13744] [DMG] 				0x0 = [[0m
[0;34m[1784834235.608] [13744:13744] [DMG] 						0x98, 0xe8, 0xb8, 0x36, 0x1f, 0xd8, 0x46, 0x98, 0xc6, 0x11, 0x36, 0xab, 0x61, 0xa4, 0x38, 0x1e, 0x03, 0x39, 0x29, 0xf9, 0x2f, 0x59, 0x06, 0xcf, 0xdd, 0x7b, 0xa6, 0x34, 0x46, 0x94, 0x99, 0xe6, [0m
[0;34m[1784834235.608] [13744:13744] [DMG] 				] (32 bytes)[0m
[0;34m[1784834235.608] [13744:13744] [DMG] 			},[0m
[0;34m[1784834235.608] [13744:13744] [DMG] 		},[0m
[0;34m[1784834235.608] [13744:13744] [DMG] 		[0m
[0;34m[1784834235.608] [13744:13744] [DMG] 	],[0m
[0;34m[1784834235.608] [13744:13744] [DMG] 	[0m
[0;34m[1784834235.608] [13744:13744] [DMG] 	InteractionModelRevision = 12[0m
[0;34m[1784834235.608] [13744:13744] [DMG] },[0m
[0;32m[1784834235.608] [13744:13744] [DMG] AccessControl: checking f=0 a=p s=0xFFFFFFFB00000000 t= c=0x0000_003E e=0 p=o r=i[0m
[0;32m[1784834235.608] [13744:13744] [DMG] AccessControl: implicit admin (PASE)[0m
[0;32m[1784834235.608] [13744:13744] [DMG] AccessControl: checking f=0 a=p s=0xFFFFFFFB00000000 t= c=0x0000_003E e=0 p=a r=i[0m
[0;32m[1784834235.608] [13744:13744] [DMG] AccessControl: implicit admin (PASE)[0m
[0;34m[1784834235.608] [13744:13744] [DMG] Received command for Endpoint=0 Cluster=0x0000_003E Command=0x0000_0004[0m
[0;32m[1784834235.608] [13744:13744] [ZCL] OpCreds: Received a CSRRequest command[0m
[0;32m[1784834235.608] [13744:13744] [ZCL] OpCreds: AllocatePendingOperationalKey succeeded[0m
[0;32m[1784834235.608] [13744:13744] [ZCL] OpCreds: CSRRequest successful.[0m
[0;34m[1784834235.608] [13744:13744] [DMG] Command handler moving to [NewRespons][0m
[0;34m[1784834235.608] [13744:13744] [DMG] Command handler moving to [ Preparing][0m
[0;34m[1784834235.608] [13744:13744] [DMG] Command handler moving to [AddingComm][0m
[0;34m[1784834235.608] [13744:13744] [DMG] Command handler moving to [AddedComma][0m
[0;34m[1784834235.608] [13744:13744] [DMG] Decreasing reference count for CommandHandlerImpl, remaining 1[0m
[0;34m[1784834235.608] [13744:13744] [DMG] Decreasing reference count for CommandHandlerImpl, remaining 0[0m
[0;34m[1784834235.608] [13744:13744] [DMG] Command handler moving to [AwaitingDe][0m
[0;32m[1784834235.608] [13744:13744] [EM] <<< [E:2608r S:40703 M:110477741 (Ack:202727176)] (S) Msg TX from 0000000000000000 to 0:FFFFFFFB00000000 [0000] [UDP:[fe80::bfe:a203:38f0:bce7%enp0s3]:43030] --- Type 0001:09 (IM:InvokeCommandResponse) (B:377)[0m
[0;32m[1784834235.608] [13744:13744] [EM] ??1 [E:2608r S:40703 M:110477741] (S) Msg Retransmission to 0:FFFFFFFB00000000 scheduled for 338ms from now [State:Active II:500 AI:300 AT:4000][0m
[0;34m[1784834235.608] [13744:13744] [DMG] Command response sender moving to [AllInvokeR][0m
[0;32m[1784834235.608] [13744:13744] [EM] >>> [E:2607r S:40703 M:202727177 (Ack:110477740)] (S) Msg RX from 0:FFFFFFFB00000000 [0000] to 0000000000000000 --- Type 0000:10 (SecureChannel:StandaloneAck) (B:34)[0m
[0;34m[1784834235.608] [13744:13744] [EM] Found matching exchange: 2607r, Delegate: (nil)[0m
[0;34m[1784834235.608] [13744:13744] [EM] Rxd Ack; Removing MessageCounter:110477740 from Retrans Table on exchange 2607r[0m
[0;32m[1784834235.610] [13744:13744] [EM] >>> [E:2609r S:40703 M:202727178] (S) Msg RX from 0:FFFFFFFB00000000 [0000] to 0000000000000000 --- Type 0001:08 (IM:InvokeCommandRequest) (B:293)[0m
[0;34m[1784834235.610] [13744:13744] [EM] Handling via exchange: 2609r, Delegate: 0x5a34b56ceac8[0m
[0;34m[1784834235.610] [13744:13744] [DMG] InvokeRequestMessage =[0m
[0;34m[1784834235.610] [13744:13744] [DMG] {[0m
[0;34m[1784834235.610] [13744:13744] [DMG] 	suppressResponse = false, [0m
[0;34m[1784834235.610] [13744:13744] [DMG] 	timedRequest = false, [0m
[0;34m[1784834235.610] [13744:13744] [DMG] 	InvokeRequests =[0m
[0;34m[1784834235.610] [13744:13744] [DMG] 	[[0m
[0;34m[1784834235.610] [13744:13744] [DMG] 		CommandDataIB =[0m
[0;34m[1784834235.611] [13744:13744] [DMG] 		{[0m
[0;34m[1784834235.611] [13744:13744] [DMG] 			CommandPathIB =[0m
[0;34m[1784834235.611] [13744:13744] [DMG] 			{[0m
[0;34m[1784834235.611] [13744:13744] [DMG] 				EndpointId = 0x0,[0m
[0;34m[1784834235.611] [13744:13744] [DMG] 				ClusterId = 0x3e,[0m
[0;34m[1784834235.611] [13744:13744] [DMG] 				CommandId = 0xb,[0m
[0;34m[1784834235.611] [13744:13744] [DMG] 			},[0m
[0;34m[1784834235.611] [13744:13744] [DMG] 			[0m
[0;34m[1784834235.611] [13744:13744] [DMG] 			CommandFields = [0m
[0;34m[1784834235.611] [13744:13744] [DMG] 			{[0m
[0;34m[1784834235.611] [13744:13744] [DMG] 				0x0 = [[0m
[0;34m[1784834235.611] [13744:13744] [DMG] 						0x15, 0x30, 0x01, 0x01, 0x01, 0x24, 0x02, 0x01, 0x37, 0x03, 0x24, 0x14, 0x01, 0x18, 0x26, 0x04, 0x80, 0x22, 0x81, 0x27, 0x26, 0x05, 0x80, 0x25, 0x4d, 0x3a, 0x37, 0x06, 0x24, 0x14, 0x01, 0x18, 0x24, 0x07, 0x01, 0x24, 0x08, 0x01, 0x30, 0x09, 0x41, 0x04, 0x12, 0xa3, 0x91, 0xb8, 0xfe, 0xc4, 0x28, 0xdc, 0xb2, 0xe9, 0x91, 0xca, 0x8a, 0x8e, 0x0b, 0xea, 0x0d, 0xbe, 0x5c, 0xca, 0xca, 0x77, 0x18, 0x2c, 0xad, 0x62, 0x40, 0xd0, 0xd1, 0x9f, 0xf6, 0x97, 0xec, 0xcd, 0x9a, 0x85, 0x6d, 0x64, 0x00, 0x31, 0x11, 0x17, 0x06, 0x75, 0x04, 0xc3, 0xf6, 0xf0, 0x5e, 0xf1, 0x24, 0x53, 0xf4, 0x87, 0x64, 0xf0, 0xaf, 0x5f, 0xeb, 0xa9, 0x7f, 0xf6, 0xf1, 0x72, 0x37, 0x0a, 0x35, 0x01, 0x29, 0x01, 0x18, 0x24, 0x02, 0x60, 0x30, 0x04, 0x14, 0x2c, 0xbe, 0x76, 0x9c, 0x9a, 0x08, 0xe1, 0x05, 0x37, 0xee, 0xbf, 0x10, 0x6a, 0xa9, 0x05, 0x47, 0xb9, 0x4d, 0x2b, 0xba, 0x30, 0x05, 0x14, 0x2c, 0xbe, 0x76, 0x9c, 0x9a, 0x08, 0xe1, 0x05, 0x37, 0xee, 0xbf, 0x10, 0x6a, 0xa9, 0x05, 0x47, 0xb9, 0x4d, 0x2b, 0xba, 0x18, 0x30, 0x0b, 0x40, 0xcf, 0xa4, 0xc1, 0x9a, 0x2e, 0x38, 0x8d, 0xc0, 0x0b, 0xa4, 0xfb, 0xb5, 0x5e, 0xfb, 0xf3, 0xd4, 0x98, 0x9d, 0x34, 0x4c, 0xca, 0xff, 0xcc, 0x6e, 0xe6, 0x5e, 0x4a, 0xb7, 0x33, 0x24, 0x86, 0xd1, 0x49, 0x20, 0x7b, 0x54, 0x54, 0x55, 0x79, 0xbd, 0x59, 0x3f, 0x90, 0x3c, 0x4d, 0xae, 0xc9, 0xea, 0xd9, 0x2b, 0x81, 0xba, 0x4d, 0x29, 0x28, 0xed, 0xc3, 0xf5, 0x40, 0x40, 0x17, 0xb9, 0x21, 0xce, 0x18, [0m
[0;34m[1784834235.611] [13744:13744] [DMG] 				] (231 bytes)[0m
[0;34m[1784834235.611] [13744:13744] [DMG] 			},[0m
[0;34m[1784834235.611] [13744:13744] [DMG] 		},[0m
[0;34m[1784834235.611] [13744:13744] [DMG] 		[0m
[0;34m[1784834235.611] [13744:13744] [DMG] 	],[0m
[0;34m[1784834235.611] [13744:13744] [DMG] 	[0m
[0;34m[1784834235.611] [13744:13744] [DMG] 	InteractionModelRevision = 12[0m
[0;34m[1784834235.611] [13744:13744] [DMG] },[0m
[0;32m[1784834235.611] [13744:13744] [DMG] AccessControl: checking f=0 a=p s=0xFFFFFFFB00000000 t= c=0x0000_003E e=0 p=o r=i[0m
[0;32m[1784834235.611] [13744:13744] [DMG] AccessControl: implicit admin (PASE)[0m
[0;32m[1784834235.611] [13744:13744] [DMG] AccessControl: checking f=0 a=p s=0xFFFFFFFB00000000 t= c=0x0000_003E e=0 p=a r=i[0m
[0;32m[1784834235.611] [13744:13744] [DMG] AccessControl: implicit admin (PASE)[0m
[0;34m[1784834235.611] [13744:13744] [DMG] Received command for Endpoint=0 Cluster=0x0000_003E Command=0x0000_000B[0m
[0;32m[1784834235.611] [13744:13744] [ZCL] OpCreds: Received an AddTrustedRootCertificate command[0m
[0;32m[1784834235.611] [13744:13744] [ZCL] OpCreds: AddTrustedRootCertificate successful.[0m
[0;34m[1784834235.611] [13744:13744] [DMG] Command handler moving to [NewRespons][0m
[0;34m[1784834235.611] [13744:13744] [DMG] Command handler moving to [ Preparing][0m
[0;34m[1784834235.611] [13744:13744] [DMG] Command handler moving to [AddingComm][0m
[0;34m[1784834235.611] [13744:13744] [DMG] Command handler moving to [AddedComma][0m
[0;34m[1784834235.611] [13744:13744] [DMG] Decreasing reference count for CommandHandlerImpl, remaining 1[0m
[0;34m[1784834235.611] [13744:13744] [DMG] Decreasing reference count for CommandHandlerImpl, remaining 0[0m
[0;34m[1784834235.611] [13744:13744] [DMG] Command handler moving to [AwaitingDe][0m
[0;32m[1784834235.611] [13744:13744] [EM] <<< [E:2609r S:40703 M:110477742 (Ack:202727178)] (S) Msg TX from 0000000000000000 to 0:FFFFFFFB00000000 [0000] [UDP:[fe80::bfe:a203:38f0:bce7%enp0s3]:43030] --- Type 0001:09 (IM:InvokeCommandResponse) (B:67)[0m
[0;32m[1784834235.611] [13744:13744] [EM] ??1 [E:2609r S:40703 M:110477742] (S) Msg Retransmission to 0:FFFFFFFB00000000 scheduled for 334ms from now [State:Active II:500 AI:300 AT:4000][0m
[0;34m[1784834235.611] [13744:13744] [DMG] Command response sender moving to [AllInvokeR][0m
[0;32m[1784834235.611] [13744:13744] [EM] >>> [E:2608r S:40703 M:202727179 (Ack:110477741)] (S) Msg RX from 0:FFFFFFFB00000000 [0000] to 0000000000000000 --- Type 0000:10 (SecureChannel:StandaloneAck) (B:34)[0m
[0;34m[1784834235.611] [13744:13744] [EM] Found matching exchange: 2608r, Delegate: (nil)[0m
[0;34m[1784834235.611] [13744:13744] [EM] Rxd Ack; Removing MessageCounter:110477741 from Retrans Table on exchange 2608r[0m
[0;32m[1784834235.611] [13744:13744] [EM] >>> [E:2610r S:40703 M:202727180] (S) Msg RX from 0:FFFFFFFB00000000 [0000] to 0000000000000000 --- Type 0001:08 (IM:InvokeCommandRequest) (B:566)[0m
[0;34m[1784834235.611] [13744:13744] [EM] Handling via exchange: 2610r, Delegate: 0x5a34b56ceac8[0m
[0;34m[1784834235.611] [13744:13744] [DMG] InvokeRequestMessage =[0m
[0;34m[1784834235.611] [13744:13744] [DMG] {[0m
[0;34m[1784834235.611] [13744:13744] [DMG] 	suppressResponse = false, [0m
[0;34m[1784834235.611] [13744:13744] [DMG] 	timedRequest = false, [0m
[0;34m[1784834235.611] [13744:13744] [DMG] 	InvokeRequests =[0m
[0;34m[1784834235.611] [13744:13744] [DMG] 	[[0m
[0;34m[1784834235.611] [13744:13744] [DMG] 		CommandDataIB =[0m
[0;34m[1784834235.611] [13744:13744] [DMG] 		{[0m
[0;34m[1784834235.611] [13744:13744] [DMG] 			CommandPathIB =[0m
[0;34m[1784834235.611] [13744:13744] [DMG] 			{[0m
[0;34m[1784834235.611] [13744:13744] [DMG] 				EndpointId = 0x0,[0m
[0;34m[1784834235.611] [13744:13744] [DMG] 				ClusterId = 0x3e,[0m
[0;34m[1784834235.611] [13744:13744] [DMG] 				CommandId = 0x6,[0m
[0;34m[1784834235.611] [13744:13744] [DMG] 			},[0m
[0;34m[1784834235.611] [13744:13744] [DMG] 			[0m
[0;34m[1784834235.611] [13744:13744] [DMG] 			CommandFields = [0m
[0;34m[1784834235.611] [13744:13744] [DMG] 			{[0m
[0;34m[1784834235.611] [13744:13744] [DMG] 				0x0 = [[0m
[0;34m[1784834235.611] [13744:13744] [DMG] 						0x15, 0x30, 0x01, 0x01, 0x01, 0x24, 0x02, 0x01, 0x37, 0x03, 0x24, 0x13, 0x02, 0x18, 0x26, 0x04, 0x80, 0x22, 0x81, 0x27, 0x26, 0x05, 0x80, 0x25, 0x4d, 0x3a, 0x37, 0x06, 0x24, 0x15, 0x01, 0x24, 0x11, 0x01, 0x18, 0x24, 0x07, 0x01, 0x24, 0x08, 0x01, 0x30, 0x09, 0x41, 0x04, 0x9e, 0xa2, 0x76, 0x99, 0xbf, 0xfc, 0x82, 0xc0, 0x7f, 0x29, 0xea, 0xfb, 0x6b, 0xa5, 0x61, 0xb9, 0x0f, 0x82, 0x00, 0x5c, 0x5d, 0x1e, 0xad, 0x36, 0x8c, 0xdf, 0x5f, 0x25, 0x2e, 0x87, 0x28, 0x8f, 0xbe, 0x91, 0x9b, 0x16, 0xcf, 0x52, 0xd3, 0xaf, 0x27, 0x53, 0x6b, 0x6e, 0xf4, 0x30, 0x7b, 0x5c, 0x86, 0xa4, 0x0a, 0xa5, 0x6f, 0x37, 0x5c, 0xe2, 0xe4, 0x65, 0x4e, 0x1b, 0x3f, 0xa8, 0xe5, 0xab, 0x37, 0x0a, 0x35, 0x01, 0x28, 0x01, 0x18, 0x24, 0x02, 0x01, 0x36, 0x03, 0x04, 0x02, 0x04, 0x01, 0x18, 0x30, 0x04, 0x14, 0xfe, 0xb8, 0x0e, 0x55, 0xa3, 0xfd, 0xaa, 0x76, 0xa9, 0x22, 0x57, 0xdf, 0x0d, 0x77, 0x5d, 0xad, 0xcd, 0x64, 0xb3, 0x65, 0x30, 0x05, 0x14, 0x91, 0x20, 0xbc, 0x9d, 0x01, 0x2f, 0x13, 0xc6, 0x85, 0x20, 0x72, 0x63, 0x23, 0xab, 0x81, 0x40, 0x4c, 0x3b, 0xa5, 0x8e, 0x18, 0x30, 0x0b, 0x40, 0x3b, 0x6a, 0xcd, 0xa9, 0xe3, 0x65, 0x2a, 0x54, 0x64, 0x72, 0xab, 0x13, 0x4e, 0x0f, 0x6b, 0x85, 0x82, 0xd1, 0x51, 0x9d, 0x66, 0x41, 0x30, 0xbe, 0x26, 0xe7, 0x96, 0xd6, 0xbf, 0xff, 0x15, 0xaf, 0xed, 0x71, 0x72, 0x80, 0x2b, 0x72, 0x0c, 0xfe, 0x3c, 0x9a, 0xd3, 0x7b, 0xa5, 0x67, 0xd8, 0xff, 0xdc, 0xde, 0xc8, 0x03, 0xa2, 0xd1, 0xb4, 0x49, 0x92, 0xfb, 0xd9, 0x2b, 0xbc, 0x98, 0x37, 0x36, 0x18, [0m
[0;34m[1784834235.611] [13744:13744] [DMG] 				] (241 bytes)[0m
[0;34m[1784834235.611] [13744:13744] [DMG] 				0x1 = [[0m
[0;34m[1784834235.611] [13744:13744] [DMG] 						0x15, 0x30, 0x01, 0x01, 0x01, 0x24, 0x02, 0x01, 0x37, 0x03, 0x24, 0x14, 0x01, 0x18, 0x26, 0x04, 0x80, 0x22, 0x81, 0x27, 0x26, 0x05, 0x80, 0x25, 0x4d, 0x3a, 0x37, 0x06, 0x24, 0x13, 0x02, 0x18, 0x24, 0x07, 0x01, 0x24, 0x08, 0x01, 0x30, 0x09, 0x41, 0x04, 0xab, 0x53, 0xe6, 0x22, 0xfb, 0x11, 0x3c, 0xd2, 0x61, 0xdc, 0x74, 0x6d, 0x7c, 0x48, 0xfd, 0x9a, 0xa2, 0x0b, 0xc9, 0x83, 0x3e, 0x83, 0xc0, 0x00, 0xb4, 0x47, 0xdb, 0xfd, 0x96, 0x79, 0x8a, 0x24, 0x64, 0x4f, 0x90, 0x5f, 0xfe, 0x33, 0x87, 0xb8, 0x68, 0xc7, 0x3a, 0x25, 0xe2, 0xb6, 0xe8, 0x96, 0x31, 0xc7, 0x04, 0x31, 0xb0, 0xee, 0x27, 0xfe, 0x66, 0xd4, 0xba, 0x4e, 0x3d, 0x2a, 0x1e, 0x8d, 0x37, 0x0a, 0x35, 0x01, 0x29, 0x01, 0x18, 0x24, 0x02, 0x60, 0x30, 0x04, 0x14, 0x91, 0x20, 0xbc, 0x9d, 0x01, 0x2f, 0x13, 0xc6, 0x85, 0x20, 0x72, 0x63, 0x23, 0xab, 0x81, 0x40, 0x4c, 0x3b, 0xa5, 0x8e, 0x30, 0x05, 0x14, 0x2c, 0xbe, 0x76, 0x9c, 0x9a, 0x08, 0xe1, 0x05, 0x37, 0xee, 0xbf, 0x10, 0x6a, 0xa9, 0x05, 0x47, 0xb9, 0x4d, 0x2b, 0xba, 0x18, 0x30, 0x0b, 0x40, 0x77, 0x37, 0xa6, 0xef, 0x9c, 0x08, 0xb0, 0x44, 0x93, 0xe8, 0x7e, 0x33, 0xb4, 0xce, 0xf2, 0x66, 0xe9, 0x36, 0x67, 0x93, 0xe3, 0x8d, 0xa4, 0xd4, 0x32, 0xa5, 0x00, 0xd1, 0xb5, 0xbb, 0x3b, 0x5d, 0x8b, 0x58, 0x4f, 0xd9, 0x62, 0xe9, 0x61, 0x0c, 0xfe, 0x60, 0xa4, 0x38, 0xa7, 0xf0, 0x74, 0xbb, 0x0f, 0xa7, 0x5b, 0x45, 0x26, 0x5b, 0x63, 0x62, 0xfb, 0x6e, 0xac, 0xd5, 0xb7, 0x80, 0x84, 0xbc, 0x18, [0m
[0;34m[1784834235.611] [13744:13744] [DMG] 				] (231 bytes)[0m
[0;34m[1784834235.611] [13744:13744] [DMG] 				0x2 = [[0m
[0;34m[1784834235.611] [13744:13744] [DMG] 						0x74, 0x65, 0x6d, 0x70, 0x6f, 0x72, 0x61, 0x72, 0x79, 0x20, 0x69, 0x70, 0x6b, 0x20, 0x30, 0x31, [0m
[0;34m[1784834235.611] [13744:13744] [DMG] 				] (16 bytes)[0m
[0;34m[1784834235.611] [13744:13744] [DMG] 				0x3 = 112233 (unsigned), [0m
[0;34m[1784834235.611] [13744:13744] [DMG] 				0x4 = 65521 (unsigned), [0m
[0;34m[1784834235.611] [13744:13744] [DMG] 			},[0m
[0;34m[1784834235.611] [13744:13744] [DMG] 		},[0m
[0;34m[1784834235.611] [13744:13744] [DMG] 		[0m
[0;34m[1784834235.611] [13744:13744] [DMG] 	],[0m
[0;34m[1784834235.611] [13744:13744] [DMG] 	[0m
[0;34m[1784834235.611] [13744:13744] [DMG] 	InteractionModelRevision = 12[0m
[0;34m[1784834235.611] [13744:13744] [DMG] },[0m
[0;32m[1784834235.611] [13744:13744] [DMG] AccessControl: checking f=0 a=p s=0xFFFFFFFB00000000 t= c=0x0000_003E e=0 p=o r=i[0m
[0;32m[1784834235.611] [13744:13744] [DMG] AccessControl: implicit admin (PASE)[0m
[0;32m[1784834235.611] [13744:13744] [DMG] AccessControl: checking f=0 a=p s=0xFFFFFFFB00000000 t= c=0x0000_003E e=0 p=a r=i[0m
[0;32m[1784834235.611] [13744:13744] [DMG] AccessControl: implicit admin (PASE)[0m
[0;34m[1784834235.611] [13744:13744] [DMG] Received command for Endpoint=0 Cluster=0x0000_003E Command=0x0000_0006[0m
[0;32m[1784834235.611] [13744:13744] [ZCL] OpCreds: Received an AddNOC command[0m
[0;32m[1784834235.611] [13744:13744] [FP] Validating NOC chain[0m
[0;32m[1784834235.612] [13744:13744] [FP] NOC chain validation successful[0m
[0;32m[1784834235.612] [13744:13744] [FP] Added new fabric at index: 0x1[0m
[0;32m[1784834235.612] [13744:13744] [FP] Assigned compressed fabric ID: 0x899B71469A878B99, node ID: 0x0000000000000001[0m
[0;32m[1784834235.612] [13744:13744] [TS] Last Known Good Time: 2023-10-14T01:16:48[0m
[0;32m[1784834235.612] [13744:13744] [TS] New proposed Last Known Good Time: 2021-01-01T00:00:00[0m
[0;32m[1784834235.612] [13744:13744] [TS] Retaining current Last Known Good Time[0m
[0;34m[1784834235.614] [13744:13744] [DL] Wrote settings to /tmp/chip_kvs_test[0m
[0;34m[1784834235.616] [13744:13744] [DL] Wrote settings to /tmp/chip_kvs_test[0m
[0;34m[1784834235.618] [13744:13744] [DL] Wrote settings to /tmp/chip_kvs_test[0m
[0;32m[1784834235.618] [13744:13744] [DMG] AccessControl: validating f=1 p=a a=c s=1 t=0[0m
[0;32m[1784834235.618] [13744:13744] [DMG]   validating subject 0x000000000001B669[0m
[0;34m[1784834235.620] [13744:13744] [DL] Wrote settings to /tmp/chip_kvs_test[0m
[0;34m[1784834235.620] [13744:13744] [EVL] LogEvent event number: 0x0000000000000004 priority: 1, endpoint id:  0x0 cluster id: 0x0000_001F event id: 0x0 Epoch timestamp: 0x0000019F90691CE4[0m
[0;32m[1784834235.620] [13744:13744] [ZCL] OpCreds: ACL entry created for Fabric index 0x1 CASE Admin Subject 0x000000000001B669[0m
[0;34m[1784834235.620] [13744:13744] [DL] Using WiFi MAC for hostname[0m
[0;32m[1784834235.620] [13744:13744] [DIS] Advertise operational node 899B71469A878B99-0000000000000001[0m
[0;34m[1784834235.620] [13744:13744] [DIS] Responding with _matter._tcp.local[0m
[0;34m[1784834235.620] [13744:13744] [DIS] Responding with 899B71469A878B99-0000000000000001._matter._tcp.local[0m
[0;34m[1784834235.620] [13744:13744] [DIS] Responding with 899B71469A878B99-0000000000000001._matter._tcp.local[0m
[0;34m[1784834235.620] [13744:13744] [DIS] Responding with 080027AE1A43.local[0m
[0;34m[1784834235.620] [13744:13744] [DIS] Responding with 080027AE1A43.local[0m
[0;34m[1784834235.620] [13744:13744] [DIS] Responding with _I899B71469A878B99._sub._matter._tcp.local[0m
[0;32m[1784834235.620] [13744:13744] [DIS] CHIP minimal mDNS configured as 'Operational device'; instance name: 899B71469A878B99-0000000000000001.[0m
[0;32m[1784834235.621] [13744:13744] [DIS] mDNS service published: _matter._tcp[0m
[0;34m[1784834235.621] [13744:13744] [DMG] Command handler moving to [NewRespons][0m
[0;34m[1784834235.621] [13744:13744] [DMG] Command handler moving to [ Preparing][0m
[0;34m[1784834235.621] [13744:13744] [DMG] Command handler moving to [AddingComm][0m
[0;34m[1784834235.621] [13744:13744] [DMG] Command handler moving to [AddedComma][0m
[0;32m[1784834235.621] [13744:13744] [ZCL] OpCreds: successfully created fabric index 0x1 via AddNOC[0m
[0;34m[1784834235.621] [13744:13744] [DMG] Decreasing reference count for CommandHandlerImpl, remaining 1[0m
[0;34m[1784834235.621] [13744:13744] [DMG] Decreasing reference count for CommandHandlerImpl, remaining 0[0m
[0;34m[1784834235.621] [13744:13744] [DMG] Command handler moving to [AwaitingDe][0m
[0;32m[1784834235.621] [13744:13744] [EM] <<< [E:2610r S:40703 M:110477743 (Ack:202727180)] (S) Msg TX from 0000000000000000 to 1:FFFFFFFB00000000 [8B99] [UDP:[fe80::bfe:a203:38f0:bce7%enp0s3]:43030] --- Type 0001:09 (IM:InvokeCommandResponse) (B:70)[0m
[0;32m[1784834235.621] [13744:13744] [EM] ??1 [E:2610r S:40703 M:110477743] (S) Msg Retransmission to 1:FFFFFFFB00000000 scheduled for 346ms from now [State:Active II:500 AI:300 AT:4000][0m
[0;34m[1784834235.621] [13744:13744] [DMG] Command response sender moving to [AllInvokeR][0m
[0;32m[1784834235.621] [13744:13744] [EM] >>> [E:2609r S:40703 M:202727181 (Ack:110477742)] (S) Msg RX from 1:FFFFFFFB00000000 [8B99] to 0000000000000000 --- Type 0000:10 (SecureChannel:StandaloneAck) (B:34)[0m
[0;34m[1784834235.621] [13744:13744] [EM] Found matching exchange: 2609r, Delegate: (nil)[0m
[0;34m[1784834235.621] [13744:13744] [EM] Rxd Ack; Removing MessageCounter:110477742 from Retrans Table on exchange 2609r[0m
[0;32m[1784834235.622] [13744:13744] [EM] >>> [E:2610r S:40703 M:202727182 (Ack:110477743)] (S) Msg RX from 1:FFFFFFFB00000000 [8B99] to 0000000000000000 --- Type 0000:10 (SecureChannel:StandaloneAck) (B:34)[0m
[0;34m[1784834235.622] [13744:13744] [EM] Found matching exchange: 2610r, Delegate: (nil)[0m
[0;34m[1784834235.622] [13744:13744] [EM] Rxd Ack; Removing MessageCounter:110477743 from Retrans Table on exchange 2610r[0m
[0;32m[1784834235.824] [13744:13744] [EM] >>> [E:2611r S:0 M:226691279] (U) Msg RX from 0:0E54C57A0749C0E8 [0000] to 0000000000000000 --- Type 0000:30 (SecureChannel:CASE_Sigma1) (B:196)[0m
[0;34m[1784834235.824] [13744:13744] [EM] Handling via exchange: 2611r, Delegate: 0x5a34b56c45f8[0m
[0;32m[1784834235.824] [13744:13744] [IN] CASE Server received Sigma1 message . Starting handshake. EC 0x5a34cef61500[0m
[0;32m[1784834235.824] [13744:13744] [SC] Received Sigma1 msg[0m
[0;34m[1784834235.824] [13744:13744] [SC] Found MRP parameters in the message[0m
[0;34m[1784834235.824] [13744:13744] [SC] Peer (Initiator) assigned session ID 6430[0m
[0;32m[1784834235.824] [13744:13744] [SC] CASE matched destination ID: fabricIndex 1, NodeID 0x0000000000000001[0m
[0;32m[1784834235.825] [13744:13744] [EM] <<< [E:2611r S:0 M:259921904 (Ack:226691279)] (U) Msg TX from 0000000000000000 to 0:0E54C57A0749C0E8 [0000] [UDP:[fe80::bfe:a203:38f0:bce7%enp0s3]:43030] --- Type 0000:31 (SecureChannel:CASE_Sigma2) (B:751)[0m
[0;32m[1784834235.825] [13744:13744] [EM] ??1 [E:2611r S:0 M:259921904] (U) Msg Retransmission to 0:0000000000000000 scheduled for 366ms from now [State:Active II:500 AI:300 AT:4000][0m
[0;32m[1784834235.825] [13744:13744] [SC] Sent Sigma2 msg[0m
[0;32m[1784834235.827] [13744:13744] [EM] >>> [E:2611r S:0 M:226691280 (Ack:259921904)] (U) Msg RX from 0:0E54C57A0749C0E8 [0000] to 0000000000000000 --- Type 0000:32 (SecureChannel:CASE_Sigma3) (B:598)[0m
[0;34m[1784834235.827] [13744:13744] [EM] Found matching exchange: 2611r, Delegate: 0x5a34b56c4630[0m
[0;34m[1784834235.827] [13744:13744] [EM] Rxd Ack; Removing MessageCounter:259921904 from Retrans Table on exchange 2611r[0m
[0;32m[1784834235.827] [13744:13744] [SC] Received Sigma3 msg[0m
[0;34m[1784834235.830] [13744:13744] [DL] Wrote settings to /tmp/chip_kvs_test[0m
[0;34m[1784834235.832] [13744:13744] [DL] Wrote settings to /tmp/chip_kvs_test[0m
[0;34m[1784834235.834] [13744:13744] [DL] Wrote settings to /tmp/chip_kvs_test[0m
[0;34m[1784834235.834] [13744:13744] [SC] Sending status report. Protocol code 0, exchange 2611[0m
[0;32m[1784834235.834] [13744:13744] [EM] <<< [E:2611r S:0 M:259921905 (Ack:226691280)] (U) Msg TX from 0000000000000000 to 0:0E54C57A0749C0E8 [0000] [UDP:[fe80::bfe:a203:38f0:bce7%enp0s3]:43030] --- Type 0000:40 (SecureChannel:StatusReport) (B:34)[0m
[0;32m[1784834235.834] [13744:13744] [EM] ??1 [E:2611r S:0 M:259921905] (U) Msg Retransmission to 0:0000000000000000 scheduled for 346ms from now [State:Active II:500 AI:300 AT:4000][0m
[0;32m[1784834235.834] [13744:13744] [SC] SecureSession[0x5a34cef48da0, LSID:40704]: State change 'kEstablishing' --> 'kActive'[0m
[0;34m[1784834235.834] [13744:13744] [IN] SecureSession[0x5a34cef48da0]: Activated - Type:2 LSID:40704[0m
[0;34m[1784834235.834] [13744:13744] [IN] New secure session activated for device <000000000001B669, 1>, LSID:40704 PSID:6430![0m
[0;32m[1784834235.834] [13744:13744] [IN] CASE Session established to peer: <000000000001B669, 1>[0m
[0;34m[1784834235.835] [13744:13744] [IN] SecureSession[0x5a34cef63df0]: Allocated Type:2 LSID:40705[0m
[0;34m[1784834235.835] [13744:13744] [SC] Allocated SecureSession (0x5a34cef63df0) - waiting for Sigma1 msg[0m
[0;32m[1784834235.836] [13744:13744] [EM] >>> [E:2612r S:40704 M:90710718] (S) Msg RX from 1:000000000001B669 [8B99] to 0000000000000001 --- Type 0001:08 (IM:InvokeCommandRequest) (B:59)[0m
[0;34m[1784834235.836] [13744:13744] [EM] Handling via exchange: 2612r, Delegate: 0x5a34b56ceac8[0m
[0;34m[1784834235.836] [13744:13744] [DMG] InvokeRequestMessage =[0m
[0;34m[1784834235.836] [13744:13744] [DMG] {[0m
[0;34m[1784834235.836] [13744:13744] [DMG] 	suppressResponse = false, [0m
[0;34m[1784834235.836] [13744:13744] [DMG] 	timedRequest = false, [0m
[0;34m[1784834235.836] [13744:13744] [DMG] 	InvokeRequests =[0m
[0;34m[1784834235.836] [13744:13744] [DMG] 	[[0m
[0;34m[1784834235.836] [13744:13744] [DMG] 		CommandDataIB =[0m
[0;34m[1784834235.836] [13744:13744] [DMG] 		{[0m
[0;34m[1784834235.836] [13744:13744] [DMG] 			CommandPathIB =[0m
[0;34m[1784834235.836] [13744:13744] [DMG] 			{[0m
[0;34m[1784834235.836] [13744:13744] [DMG] 				EndpointId = 0x0,[0m
[0;34m[1784834235.837] [13744:13744] [DMG] 				ClusterId = 0x30,[0m
[0;34m[1784834235.837] [13744:13744] [DMG] 				CommandId = 0x4,[0m
[0;34m[1784834235.837] [13744:13744] [DMG] 			},[0m
[0;34m[1784834235.837] [13744:13744] [DMG] 			[0m
[0;34m[1784834235.837] [13744:13744] [DMG] 			CommandFields = [0m
[0;34m[1784834235.837] [13744:13744] [DMG] 			{[0m
[0;34m[1784834235.837] [13744:13744] [DMG] 			},[0m
[0;34m[1784834235.837] [13744:13744] [DMG] 		},[0m
[0;34m[1784834235.837] [13744:13744] [DMG] 		[0m
[0;34m[1784834235.837] [13744:13744] [DMG] 	],[0m
[0;34m[1784834235.837] [13744:13744] [DMG] 	[0m
[0;34m[1784834235.837] [13744:13744] [DMG] 	InteractionModelRevision = 12[0m
[0;34m[1784834235.837] [13744:13744] [DMG] },[0m
[0;32m[1784834235.837] [13744:13744] [DMG] AccessControl: checking f=1 a=c s=0x000000000001B669 t= c=0x0000_0030 e=0 p=o r=i[0m
[0;32m[1784834235.837] [13744:13744] [DMG] AccessControl: allowed[0m
[0;32m[1784834235.837] [13744:13744] [DMG] AccessControl: checking f=1 a=c s=0x000000000001B669 t= c=0x0000_0030 e=0 p=a r=i[0m
[0;32m[1784834235.837] [13744:13744] [DMG] AccessControl: allowed[0m
[0;34m[1784834235.837] [13744:13744] [DMG] Received command for Endpoint=0 Cluster=0x0000_0030 Command=0x0000_0004[0m
[0;32m[1784834235.837] [13744:13744] [FS] GeneralCommissioning: Received CommissioningComplete[0m
[0;34m[1784834235.839] [13744:13744] [DL] Wrote settings to /tmp/chip_kvs_test[0m
[0;34m[1784834235.841] [13744:13744] [DL] Wrote settings to /tmp/chip_kvs_test[0m
[0;32m[1784834235.841] [13744:13744] [FP] Metadata for Fabric 0x1 persisted to storage.[0m
[0;34m[1784834235.844] [13744:13744] [DL] Wrote settings to /tmp/chip_kvs_test[0m
[0;34m[1784834235.846] [13744:13744] [DL] Wrote settings to /tmp/chip_kvs_test[0m
[0;34m[1784834235.848] [13744:13744] [DL] Wrote settings to /tmp/chip_kvs_test[0m
[0;34m[1784834235.851] [13744:13744] [DL] Wrote settings to /tmp/chip_kvs_test[0m
[0;32m[1784834235.851] [13744:13744] [TS] Committing Last Known Good Time to storage: 2023-10-14T01:16:48[0m
[0;34m[1784834235.853] [13744:13744] [DL] Wrote settings to /tmp/chip_kvs_test[0m
[0;34m[1784834235.855] [13744:13744] [DL] Wrote settings to /tmp/chip_kvs_test[0m
[0;32m[1784834235.855] [13744:13744] [ZCL] OpCreds: Fabric index 0x1 was committed to storage. Compressed Fabric Id 0x899B71469A878B99, FabricId 0000000000000001, NodeId 0000000000000001, VendorId 0xFFF1[0m
[0;34m[1784834235.857] [13744:13744] [DL] Wrote settings to /tmp/chip_kvs_test[0m
[0;32m[1784834235.857] [13744:13744] [FS] GeneralCommissioning: Successfully committed pending fabric data[0m
[0;32m[1784834235.857] [13744:13744] [FS] Fail-safe cleanly disarmed[0m
[0;34m[1784834235.857] [13744:13744] [DMG] Command handler moving to [NewRespons][0m
[0;34m[1784834235.857] [13744:13744] [DMG] Command handler moving to [ Preparing][0m
[0;34m[1784834235.857] [13744:13744] [DMG] Command handler moving to [AddingComm][0m
[0;34m[1784834235.857] [13744:13744] [DMG] Command handler moving to [AddedComma][0m
[0;34m[1784834235.857] [13744:13744] [DMG] Decreasing reference count for CommandHandlerImpl, remaining 1[0m
[0;34m[1784834235.857] [13744:13744] [DMG] Decreasing reference count for CommandHandlerImpl, remaining 0[0m
[0;34m[1784834235.857] [13744:13744] [DMG] Command handler moving to [AwaitingDe][0m
[0;32m[1784834235.857] [13744:13744] [EM] <<< [E:2612r S:40704 M:130339568 (Ack:90710718)] (S) Msg TX from 0000000000000001 to 1:000000000001B669 [8B99] [UDP:[fe80::bfe:a203:38f0:bce7%enp0s3]:43030] --- Type 0001:09 (IM:InvokeCommandResponse) (B:70)[0m
[0;32m[1784834235.857] [13744:13744] [EM] ??1 [E:2612r S:40704 M:130339568] (S) Msg Retransmission to 1:000000000001B669 scheduled for 409ms from now [State:Active II:500 AI:300 AT:4000][0m
[0;34m[1784834235.857] [13744:13744] [DMG] Command response sender moving to [AllInvokeR][0m
[0;32m[1784834235.857] [13744:13744] [SVR] Commissioning completed successfully[0m
[0;32m[1784834235.857] [13744:13744] [DIS] Updating services using commissioning mode 0[0m
[0;32m[1784834235.857] [13744:13744] [DIS] CHIP minimal mDNS started advertising.[0m
[0;34m[1784834235.858] [13744:13744] [DL] Using WiFi MAC for hostname[0m
[0;32m[1784834235.858] [13744:13744] [DIS] Advertise operational node 899B71469A878B99-0000000000000001[0m
[0;34m[1784834235.858] [13744:13744] [DIS] Responding with _matter._tcp.local[0m
[0;34m[1784834235.858] [13744:13744] [DIS] Responding with 899B71469A878B99-0000000000000001._matter._tcp.local[0m
[0;34m[1784834235.858] [13744:13744] [DIS] Responding with 899B71469A878B99-0000000000000001._matter._tcp.local[0m
[0;34m[1784834235.858] [13744:13744] [DIS] Responding with 080027AE1A43.local[0m
[0;34m[1784834235.858] [13744:13744] [DIS] Responding with 080027AE1A43.local[0m
[0;34m[1784834235.858] [13744:13744] [DIS] Responding with _I899B71469A878B99._sub._matter._tcp.local[0m
[0;32m[1784834235.858] [13744:13744] [DIS] CHIP minimal mDNS configured as 'Operational device'; instance name: 899B71469A878B99-0000000000000001.[0m
[0;32m[1784834235.859] [13744:13744] [DIS] mDNS service published: _matter._tcp[0m
[0;34m[1784834235.859] [13744:13744] [IN] Expiring all PASE sessions[0m
[0;34m[1784834235.859] [13744:13744] [IN] SecureSession[0x5a34cef48890]: MarkForEviction Type:1 LSID:40703[0m
[0;32m[1784834235.859] [13744:13744] [SC] SecureSession[0x5a34cef48890, LSID:40703]: State change 'kActive' --> 'kPendingEviction'[0m
[0;34m[1784834235.859] [13744:13744] [IN] SecureSession[0x5a34cef48890]: Released - Type:1 LSID:40703[0m
[0;32m[1784834235.859] [13744:13744] [PAF] WiFiPAF: Closing all WiFiPAF sessions to shutdown[0m
[0;32m[1784834235.859] [13744:13744] [EM] >>> [E:2611r S:0 M:226691281 (Ack:259921905)] (U) Msg RX from 0:0E54C57A0749C0E8 [0000] to 0000000000000000 --- Type 0000:10 (SecureChannel:StandaloneAck) (B:26)[0m
[0;34m[1784834235.859] [13744:13744] [EM] Found matching exchange: 2611r, Delegate: (nil)[0m
[0;34m[1784834235.859] [13744:13744] [EM] Rxd Ack; Removing MessageCounter:259921905 from Retrans Table on exchange 2611r[0m
[0;32m[1784834235.859] [13744:13744] [EM] >>> [E:2612r S:40704 M:90710719 (Ack:130339568)] (S) Msg RX from 1:000000000001B669 [8B99] to 0000000000000001 --- Type 0000:10 (SecureChannel:StandaloneAck) (B:34)[0m
[0;34m[1784834235.859] [13744:13744] [EM] Found matching exchange: 2612r, Delegate: (nil)[0m
[0;34m[1784834235.859] [13744:13744] [EM] Rxd Ack; Removing MessageCounter:130339568 from Retrans Table on exchange 2612r[0m
[0;32m[1784834236.134] [13744:13744] [EM] >>> [E:26321r S:0 M:222142732] (U) Msg RX from 0:30A70544B383C850 [0000] to 0000000000000000 --- Type 0000:30 (SecureChannel:CASE_Sigma1) (B:196)[0m
[0;34m[1784834236.134] [13744:13744] [EM] Handling via exchange: 26321r, Delegate: 0x5a34b56c45f8[0m
[0;32m[1784834236.134] [13744:13744] [IN] CASE Server received Sigma1 message . Starting handshake. EC 0x5a34cef61500[0m
[0;32m[1784834236.134] [13744:13744] [SC] Received Sigma1 msg[0m
[0;34m[1784834236.134] [13744:13744] [SC] Found MRP parameters in the message[0m
[0;34m[1784834236.134] [13744:13744] [SC] Peer (Initiator) assigned session ID 16137[0m
[0;32m[1784834236.135] [13744:13744] [SC] CASE matched destination ID: fabricIndex 1, NodeID 0x0000000000000001[0m
[0;32m[1784834236.136] [13744:13744] [EM] <<< [E:26321r S:0 M:259921906 (Ack:222142732)] (U) Msg TX from 0000000000000000 to 0:30A70544B383C850 [0000] [UDP:[fe80::bfe:a203:38f0:bce7%enp0s3]:43005] --- Type 0000:31 (SecureChannel:CASE_Sigma2) (B:751)[0m
[0;32m[1784834236.136] [13744:13744] [EM] ??1 [E:26321r S:0 M:259921906] (U) Msg Retransmission to 0:0000000000000000 scheduled for 409ms from now [State:Active II:500 AI:300 AT:4000][0m
[0;32m[1784834236.136] [13744:13744] [SC] Sent Sigma2 msg[0m
[0;32m[1784834236.138] [13744:13744] [EM] >>> [E:26321r S:0 M:222142733 (Ack:259921906)] (U) Msg RX from 0:30A70544B383C850 [0000] to 0000000000000000 --- Type 0000:32 (SecureChannel:CASE_Sigma3) (B:598)[0m
[0;34m[1784834236.138] [13744:13744] [EM] Found matching exchange: 26321r, Delegate: 0x5a34b56c4630[0m
[0;34m[1784834236.138] [13744:13744] [EM] Rxd Ack; Removing MessageCounter:259921906 from Retrans Table on exchange 26321r[0m
[0;32m[1784834236.138] [13744:13744] [SC] Received Sigma3 msg[0m
[0;34m[1784834236.142] [13744:13744] [DL] Wrote settings to /tmp/chip_kvs_test[0m
[0;34m[1784834236.145] [13744:13744] [DL] Wrote settings to /tmp/chip_kvs_test[0m
[0;34m[1784834236.147] [13744:13744] [DL] Wrote settings to /tmp/chip_kvs_test[0m
[0;34m[1784834236.147] [13744:13744] [SC] Sending status report. Protocol code 0, exchange 26321[0m
[0;32m[1784834236.147] [13744:13744] [EM] <<< [E:26321r S:0 M:259921907 (Ack:222142733)] (U) Msg TX from 0000000000000000 to 0:30A70544B383C850 [0000] [UDP:[fe80::bfe:a203:38f0:bce7%enp0s3]:43005] --- Type 0000:40 (SecureChannel:StatusReport) (B:34)[0m
[0;32m[1784834236.147] [13744:13744] [EM] ??1 [E:26321r S:0 M:259921907] (U) Msg Retransmission to 0:0000000000000000 scheduled for 411ms from now [State:Active II:500 AI:300 AT:4000][0m
[0;32m[1784834236.147] [13744:13744] [SC] SecureSession[0x5a34cef63df0, LSID:40705]: State change 'kEstablishing' --> 'kActive'[0m
[0;34m[1784834236.147] [13744:13744] [IN] SecureSession[0x5a34cef63df0]: Activated - Type:2 LSID:40705[0m
[0;34m[1784834236.147] [13744:13744] [IN] New secure session activated for device <000000000001B669, 1>, LSID:40705 PSID:16137![0m
[0;32m[1784834236.147] [13744:13744] [IN] CASE Session established to peer: <000000000001B669, 1>[0m
[0;34m[1784834236.147] [13744:13744] [IN] SecureSession[0x5a34cef48890]: Allocated Type:2 LSID:40706[0m
[0;34m[1784834236.147] [13744:13744] [SC] Allocated SecureSession (0x5a34cef48890) - waiting for Sigma1 msg[0m
[0;32m[1784834236.149] [13744:13744] [EM] >>> [E:26322r S:40705 M:73324444] (S) Msg RX from 1:000000000001B669 [8B99] to 0000000000000001 --- Type 0001:08 (IM:InvokeCommandRequest) (B:72)[0m
[0;34m[1784834236.149] [13744:13744] [EM] Handling via exchange: 26322r, Delegate: 0x5a34b56ceac8[0m
[0;34m[1784834236.149] [13744:13744] [DMG] InvokeRequestMessage =[0m
[0;34m[1784834236.149] [13744:13744] [DMG] {[0m
[0;34m[1784834236.149] [13744:13744] [DMG] 	suppressResponse = false, [0m
[0;34m[1784834236.149] [13744:13744] [DMG] 	timedRequest = false, [0m
[0;34m[1784834236.149] [13744:13744] [DMG] 	InvokeRequests =[0m
[0;34m[1784834236.149] [13744:13744] [DMG] 	[[0m
[0;34m[1784834236.149] [13744:13744] [DMG] 		CommandDataIB =[0m
[0;34m[1784834236.149] [13744:13744] [DMG] 		{[0m
[0;34m[1784834236.149] [13744:13744] [DMG] 			CommandPathIB =[0m
[0;34m[1784834236.149] [13744:13744] [DMG] 			{[0m
[0;34m[1784834236.149] [13744:13744] [DMG] 				EndpointId = 0x0,[0m
[0;34m[1784834236.149] [13744:13744] [DMG] 				ClusterId = 0x38,[0m
[0;34m[1784834236.149] [13744:13744] [DMG] 				CommandId = 0x0,[0m
[0;34m[1784834236.149] [13744:13744] [DMG] 			},[0m
[0;34m[1784834236.149] [13744:13744] [DMG] 			[0m
[0;34m[1784834236.149] [13744:13744] [DMG] 			CommandFields = [0m
[0;34m[1784834236.149] [13744:13744] [DMG] 			{[0m
[0;34m[1784834236.149] [13744:13744] [DMG] 				0x0 = 1577923200000000 (unsigned), [0m
[0;34m[1784834236.149] [13744:13744] [DMG] 				0x1 = 4 (unsigned), [0m
[0;34m[1784834236.149] [13744:13744] [DMG] 			},[0m
[0;34m[1784834236.149] [13744:13744] [DMG] 		},[0m
[0;34m[1784834236.149] [13744:13744] [DMG] 		[0m
[0;34m[1784834236.149] [13744:13744] [DMG] 	],[0m
[0;34m[1784834236.149] [13744:13744] [DMG] 	[0m
[0;34m[1784834236.149] [13744:13744] [DMG] 	InteractionModelRevision = 12[0m
[0;34m[1784834236.149] [13744:13744] [DMG] },[0m
[0;32m[1784834236.149] [13744:13744] [DMG] AccessControl: checking f=1 a=c s=0x000000000001B669 t= c=0x0000_0038 e=0 p=o r=i[0m
[0;32m[1784834236.149] [13744:13744] [DMG] AccessControl: allowed[0m
[0;32m[1784834236.149] [13744:13744] [DMG] AccessControl: checking f=1 a=c s=0x000000000001B669 t= c=0x0000_0038 e=0 p=a r=i[0m
[0;32m[1784834236.149] [13744:13744] [DMG] AccessControl: allowed[0m
[0;34m[1784834236.149] [13744:13744] [DMG] Received command for Endpoint=0 Cluster=0x0000_0038 Command=0x0000_0000[0m
[0;32m[1784834236.149] [13744:13744] [TS] Last Known Good Time: 2023-10-14T01:16:48[0m
[0;32m[1784834236.149] [13744:13744] [TS] New proposed Last Known Good Time: 2050-01-01T00:00:00[0m
[0;34m[1784834236.152] [13744:13744] [DL] Wrote settings to /tmp/chip_kvs_test[0m
[0;32m[1784834236.152] [13744:13744] [TS] Updating Last Known Good Time to 2050-01-01T00:00:00[0m
[0;32m[2524608000.000] [13744:13744] [DL] Real time clock set to 2524608000 (0150/00/01 01:00:00 UTC)[0m
[0;34m[2524608000.000] [13744:13744] [DMG] Endpoint 0, Cluster 0x0000_0038 update version to e373335c[0m
[0;34m[2524608000.000] [13744:13744] [DMG] Command handler moving to [NewRespons][0m
[0;34m[2524608000.000] [13744:13744] [DMG] Command handler moving to [ Preparing][0m
[0;34m[2524608000.000] [13744:13744] [DMG] Command handler moving to [AddingComm][0m
[0;34m[2524608000.000] [13744:13744] [DMG] Command handler moving to [AddedComma][0m
[0;34m[2524608000.000] [13744:13744] [DMG] Decreasing reference count for CommandHandlerImpl, remaining 1[0m
[0;34m[2524608000.000] [13744:13744] [DMG] Decreasing reference count for CommandHandlerImpl, remaining 0[0m
[0;34m[2524608000.000] [13744:13744] [DMG] Command handler moving to [AwaitingDe][0m
[0;32m[2524608000.000] [13744:13744] [EM] <<< [E:26322r S:40705 M:263931864 (Ack:73324444)] (S) Msg TX from 0000000000000001 to 1:000000000001B669 [8B99] [UDP:[fe80::bfe:a203:38f0:bce7%enp0s3]:43005] --- Type 0001:09 (IM:InvokeCommandResponse) (B:67)[0m
[0;32m[2524608000.000] [13744:13744] [EM] ??1 [E:26322r S:40705 M:263931864] (S) Msg Retransmission to 1:000000000001B669 scheduled for 362ms from now [State:Active II:500 AI:300 AT:4000][0m
[0;34m[2524608000.000] [13744:13744] [DMG] Command response sender moving to [AllInvokeR][0m
[0;32m[2524608000.000] [13744:13744] [EM] >>> [E:26321r S:0 M:222142734 (Ack:259921907)] (U) Msg RX from 0:30A70544B383C850 [0000] to 0000000000000000 --- Type 0000:10 (SecureChannel:StandaloneAck) (B:26)[0m
[0;34m[2524608000.000] [13744:13744] [EM] Found matching exchange: 26321r, Delegate: (nil)[0m
[0;34m[2524608000.000] [13744:13744] [EM] Rxd Ack; Removing MessageCounter:259921907 from Retrans Table on exchange 26321r[0m
[0;32m[2524608000.001] [13744:13744] [EM] >>> [E:26322r S:40705 M:73324445 (Ack:263931864)] (S) Msg RX from 1:000000000001B669 [8B99] to 0000000000000001 --- Type 0000:10 (SecureChannel:StandaloneAck) (B:34)[0m
[0;34m[2524608000.002] [13744:13744] [EM] Found matching exchange: 26322r, Delegate: (nil)[0m
[0;34m[2524608000.002] [13744:13744] [EM] Rxd Ack; Removing MessageCounter:263931864 from Retrans Table on exchange 26322r[0m
[0;32m[2524608000.355] [13744:13744] [EM] >>> [E:6444r S:0 M:250786710] (U) Msg RX from 0:8B82E76927935A6C [0000] to 0000000000000000 --- Type 0000:30 (SecureChannel:CASE_Sigma1) (B:196)[0m
[0;34m[2524608000.355] [13744:13744] [EM] Handling via exchange: 6444r, Delegate: 0x5a34b56c45f8[0m
[0;32m[2524608000.355] [13744:13744] [IN] CASE Server received Sigma1 message . Starting handshake. EC 0x5a34cef51420[0m
[0;32m[2524608000.355] [13744:13744] [SC] Received Sigma1 msg[0m
[0;34m[2524608000.355] [13744:13744] [SC] Found MRP parameters in the message[0m
[0;34m[2524608000.355] [13744:13744] [SC] Peer (Initiator) assigned session ID 60155[0m
[0;32m[2524608000.356] [13744:13744] [SC] CASE matched destination ID: fabricIndex 1, NodeID 0x0000000000000001[0m
[0;32m[2524608000.357] [13744:13744] [EM] <<< [E:6444r S:0 M:259921908 (Ack:250786710)] (U) Msg TX from 0000000000000000 to 0:8B82E76927935A6C [0000] [UDP:[fe80::bfe:a203:38f0:bce7%enp0s3]:38040] --- Type 0000:31 (SecureChannel:CASE_Sigma2) (B:751)[0m
[0;32m[2524608000.357] [13744:13744] [EM] ??1 [E:6444r S:0 M:259921908] (U) Msg Retransmission to 0:0000000000000000 scheduled for 351ms from now [State:Active II:500 AI:300 AT:4000][0m
[0;32m[2524608000.357] [13744:13744] [SC] Sent Sigma2 msg[0m
[0;32m[2524608000.358] [13744:13744] [EM] >>> [E:6444r S:0 M:250786711 (Ack:259921908)] (U) Msg RX from 0:8B82E76927935A6C [0000] to 0000000000000000 --- Type 0000:40 (SecureChannel:StatusReport) (B:34)[0m
[0;34m[2524608000.358] [13744:13744] [EM] Found matching exchange: 6444r, Delegate: 0x5a34b56c4630[0m
[0;34m[2524608000.358] [13744:13744] [EM] Rxd Ack; Removing MessageCounter:259921908 from Retrans Table on exchange 6444r[0m
[1;31m[2524608000.358] [13744:13744] [SC] Received error (protocol code 2) during pairing process: src/protocols/secure_channel/CASESession.cpp:2346: CHIP Error 0x00000054: Invalid CASE parameter[0m
[1;31m[2524608000.358] [13744:13744] [IN] CASE Session establishment failed: src/protocols/secure_channel/CASESession.cpp:2346: CHIP Error 0x00000054: Invalid CASE parameter[0m
[0;34m[2524608000.358] [13744:13744] [IN] SecureSession[0x5a34cef48890]: Released - Type:2 LSID:40706[0m
[0;34m[2524608000.358] [13744:13744] [IN] SecureSession[0x5a34cef48890]: Allocated Type:2 LSID:40707[0m
[0;34m[2524608000.358] [13744:13744] [SC] Allocated SecureSession (0x5a34cef48890) - waiting for Sigma1 msg[0m
[0;32m[2524608000.358] [13744:13744] [EM] <<< [E:6444r S:0 M:259921909 (Ack:250786711)] (U) Msg TX from 0000000000000000 to 0:8B82E76927935A6C [0000] [UDP:[fe80::bfe:a203:38f0:bce7%enp0s3]:38040] --- Type 0000:10 (SecureChannel:StandaloneAck) (B:26)[0m
[0;34m[2524608000.358] [13744:13744] [EM] Flushed pending ack for MessageCounter:250786711 on exchange 6444r[0m
[0;32m[2524608000.635] [13744:13744] [EM] >>> [E:46134r S:0 M:17778889] (U) Msg RX from 0:EE24C0999A526E96 [0000] to 0000000000000000 --- Type 0000:30 (SecureChannel:CASE_Sigma1) (B:196)[0m
[0;34m[2524608000.635] [13744:13744] [EM] Handling via exchange: 46134r, Delegate: 0x5a34b56c45f8[0m
[0;32m[2524608000.635] [13744:13744] [IN] CASE Server received Sigma1 message . Starting handshake. EC 0x5a34cef51420[0m
[0;32m[2524608000.635] [13744:13744] [SC] Received Sigma1 msg[0m
[0;34m[2524608000.635] [13744:13744] [SC] Found MRP parameters in the message[0m
[0;34m[2524608000.635] [13744:13744] [SC] Peer (Initiator) assigned session ID 39165[0m
[0;32m[2524608000.635] [13744:13744] [SC] CASE matched destination ID: fabricIndex 1, NodeID 0x0000000000000001[0m
[0;32m[2524608000.636] [13744:13744] [EM] <<< [E:46134r S:0 M:259921910 (Ack:17778889)] (U) Msg TX from 0000000000000000 to 0:EE24C0999A526E96 [0000] [UDP:[fe80::bfe:a203:38f0:bce7%enp0s3]:36469] --- Type 0000:31 (SecureChannel:CASE_Sigma2) (B:751)[0m
[0;32m[2524608000.636] [13744:13744] [EM] ??1 [E:46134r S:0 M:259921910] (U) Msg Retransmission to 0:0000000000000000 scheduled for 397ms from now [State:Active II:500 AI:300 AT:4000][0m
[0;32m[2524608000.636] [13744:13744] [SC] Sent Sigma2 msg[0m
[0;32m[2524608000.637] [13744:13744] [EM] >>> [E:46134r S:0 M:17778890 (Ack:259921910)] (U) Msg RX from 0:EE24C0999A526E96 [0000] to 0000000000000000 --- Type 0000:40 (SecureChannel:StatusReport) (B:34)[0m
[0;34m[2524608000.637] [13744:13744] [EM] Found matching exchange: 46134r, Delegate: 0x5a34b56c4630[0m
[0;34m[2524608000.637] [13744:13744] [EM] Rxd Ack; Removing MessageCounter:259921910 from Retrans Table on exchange 46134r[0m
[1;31m[2524608000.637] [13744:13744] [SC] Received error (protocol code 2) during pairing process: src/protocols/secure_channel/CASESession.cpp:2346: CHIP Error 0x00000054: Invalid CASE parameter[0m
[1;31m[2524608000.637] [13744:13744] [IN] CASE Session establishment failed: src/protocols/secure_channel/CASESession.cpp:2346: CHIP Error 0x00000054: Invalid CASE parameter[0m
[0;34m[2524608000.637] [13744:13744] [IN] SecureSession[0x5a34cef48890]: Released - Type:2 LSID:40707[0m
[0;34m[2524608000.637] [13744:13744] [IN] SecureSession[0x5a34cef48890]: Allocated Type:2 LSID:40708[0m
[0;34m[2524608000.637] [13744:13744] [SC] Allocated SecureSession (0x5a34cef48890) - waiting for Sigma1 msg[0m
[0;32m[2524608000.637] [13744:13744] [EM] <<< [E:46134r S:0 M:259921911 (Ack:17778890)] (U) Msg TX from 0000000000000000 to 0:EE24C0999A526E96 [0000] [UDP:[fe80::bfe:a203:38f0:bce7%enp0s3]:36469] --- Type 0000:10 (SecureChannel:StandaloneAck) (B:26)[0m
[0;34m[2524608000.637] [13744:13744] [EM] Flushed pending ack for MessageCounter:17778890 on exchange 46134r[0m
