[0;34m[1784654874.636] [6309:6309] [DL] ChipLinuxStorage::Init: Using KVS config file: /tmp/chip_kvs_test[0m
[0;34m[1784654874.639] [6309:6309] [DL] Wrote settings to /tmp/chip_kvs_test[0m
[1;31m[1784654874.640] [6309:6309] [DL] ChipLinuxStorage::Init: Attempt to re-initialize with KVS config file: /tmp/chip_kvs, IGNORING.[0m
[0;34m[1784654874.641] [6309:6309] [DL] ChipLinuxStorage::Init: Using KVS config file: /tmp/chip_factory.ini[0m
[0;34m[1784654874.643] [6309:6309] [DL] Wrote settings to /tmp/chip_factory.ini[0m
[0;34m[1784654874.643] [6309:6309] [DL] ChipLinuxStorage::Init: Using KVS config file: /tmp/chip_config.ini[0m
[0;34m[1784654874.645] [6309:6309] [DL] Wrote settings to /tmp/chip_config.ini[0m
[0;34m[1784654874.645] [6309:6309] [DL] ChipLinuxStorage::Init: Using KVS config file: /tmp/chip_counters.ini[0m
[0;34m[1784654874.647] [6309:6309] [DL] Wrote settings to /tmp/chip_counters.ini[0m
[0;34m[1784654874.649] [6309:6309] [DL] Wrote settings to /tmp/chip_config.ini[0m
[0;32m[1784654874.649] [6309:6309] [DL] NVS set: chip-config/unique-id = "D42E5483DB72BDAB"[0m
[0;34m[1784654874.651] [6309:6309] [DL] Wrote settings to /tmp/chip_factory.ini[0m
[0;32m[1784654874.651] [6309:6309] [DL] NVS set: chip-factory/vendor-id = 65521 (0xFFF1)[0m
[0;34m[1784654874.654] [6309:6309] [DL] Wrote settings to /tmp/chip_factory.ini[0m
[0;32m[1784654874.654] [6309:6309] [DL] NVS set: chip-factory/product-id = 32769 (0x8001)[0m
[0;34m[1784654874.656] [6309:6309] [DL] Wrote settings to /tmp/chip_counters.ini[0m
[0;32m[1784654874.656] [6309:6309] [DL] NVS set: chip-counters/reboot-count = 1 (0x1)[0m
[0;34m[1784654874.658] [6309:6309] [DL] Wrote settings to /tmp/chip_counters.ini[0m
[0;32m[1784654874.658] [6309:6309] [DL] NVS set: chip-counters/total-operational-hours = 0 (0x0)[0m
[0;34m[1784654874.660] [6309:6309] [DL] Wrote settings to /tmp/chip_counters.ini[0m
[0;32m[1784654874.660] [6309:6309] [DL] NVS set: chip-counters/boot-reason = 0 (0x0)[0m
[0;34m[1784654874.662] [6309:6309] [DL] Wrote settings to /tmp/chip_config.ini[0m
[0;32m[1784654874.662] [6309:6309] [DL] NVS set: chip-config/regulatory-location = 0 (0x0)[0m
[0;34m[1784654874.664] [6309:6309] [DL] Wrote settings to /tmp/chip_config.ini[0m
[0;32m[1784654874.664] [6309:6309] [DL] NVS set: chip-config/location-capability = 2 (0x2)[0m
[0;34m[1784654874.666] [6309:6309] [DL] Wrote settings to /tmp/chip_config.ini[0m
[0;32m[1784654874.666] [6309:6309] [DL] NVS set: chip-config/configuration-version = 1 (0x1)[0m
[0;32m[1784654874.666] [6309:6309] [DL] Got Ethernet interface: enp0s3[0m
[0;32m[1784654874.666] [6309:6309] [DL] Found the primary Ethernet interface:enp0s3[0m
[1;31m[1784654874.667] [6309:6309] [DL] Failed to get WiFi interface[0m
[1;31m[1784654874.667] [6309:6309] [DL] Failed to reset WiFi statistic counts[0m
[0;32m[1784654874.667] [6309:6309] [PAF] WiFiPAF: WiFiPAFLayer::Init()[0m
[1;31m[1784654874.667] [6309:6309] [-] *** WARNING: Using temporary passcode 20202021 due to no neither --passcode or --spake2p-verifier-base64 given on command line or factory configuration. This is temporary and will disappear. Please update your scripts to explicitly configure onboarding credentials. ***[0m
[1;31m[1784654874.667] [6309:6309] [-] *** WARNING: Using temporary test discriminator 3840 due to --discriminator not given on command line or factory configuration. This is temporary and will disappear. Please update your scripts to explicitly configure onboarding credentials. ***[0m
[0;32m[1784654874.667] [6309:6309] [SPT] LinuxCommissionableDataProvider didn't get a PASE salt, generating one.[0m
[0;32m[1784654874.668] [6309:6309] [DL] Device Configuration:[0m
[0;32m[1784654874.668] [6309:6309] [DL]   Serial Number: TEST_SN[0m
[0;32m[1784654874.668] [6309:6309] [DL]   Vendor Id: 65521 (0xFFF1)[0m
[0;32m[1784654874.668] [6309:6309] [DL]   Product Id: 32769 (0x8001)[0m
[0;32m[1784654874.668] [6309:6309] [DL]   Product Name: TEST_PRODUCT[0m
[0;32m[1784654874.668] [6309:6309] [DL]   Hardware Version: 0[0m
[0;32m[1784654874.668] [6309:6309] [DL]   Setup Pin Code (0 for UNKNOWN/ERROR): 20202021[0m
[0;32m[1784654874.668] [6309:6309] [DL]   Setup Discriminator (0xFFFF for UNKNOWN/ERROR): 3840 (0xF00)[0m
[0;32m[1784654874.668] [6309:6309] [DL]   Manufacturing Date: (not set)[0m
[0;32m[1784654874.668] [6309:6309] [DL]   Device Type: 257 (0x101)[0m
[0;32m[1784654874.668] [6309:6309] [-] ==== Onboarding payload for Standard Commissioning Flow ====[0m
[0;32m[1784654874.668] [6309:6309] [SVR] SetupQRCode: [MT:-24J042C00KA0648G00][0m
[0;32m[1784654874.668] [6309:6309] [SVR] Copy/paste the below URL in a browser to see the QR Code:[0m
[0;32m[1784654874.668] [6309:6309] [SVR] https://project-chip.github.io/connectedhomeip/qrcode.html?data=MT%3A-24J042C00KA0648G00[0m
[0;32m[1784654874.668] [6309:6309] [SVR] Manual pairing code: [34970112332][0m
[0;32m[1784654874.668] [6309:6309] [SVR] Initializing subscription resumption storage...[0m
[0;34m[1784654874.670] [6309:6309] [DL] Wrote settings to /tmp/chip_kvs_test[0m
[0;32m[1784654874.670] [6309:6309] [SVR] Server initializing...[0m
[0;34m[1784654874.670] [6309:6309] [FP] Initializing FabricTable from persistent storage[0m
[0;32m[1784654874.670] [6309:6309] [TS] Last Known Good Time: [unknown][0m
[0;32m[1784654874.671] [6309:6309] [TS] Setting Last Known Good Time to firmware build time 2023-10-14T01:16:48[0m
[0;34m[1784654874.673] [6309:6309] [DL] Wrote settings to /tmp/chip_kvs_test[0m
[0;32m[1784654874.673] [6309:6309] [DMG] AccessControl: initializing[0m
[0;32m[1784654874.673] [6309:6309] [DMG] Examples::AccessControlDelegate::Init[0m
[0;32m[1784654874.673] [6309:6309] [DMG] AccessControl: setting[0m
[0;32m[1784654874.673] [6309:6309] [DMG] DefaultAclStorage: initializing[0m
[0;32m[1784654874.673] [6309:6309] [DMG] DefaultAclStorage: 0 entries loaded[0m
[0;34m[1784654874.673] [6309:6309] [IN] UDP::Init bind&listen port=5540[0m
[0;34m[1784654874.673] [6309:6309] [IN] UDP::Init bound to port=5540[0m
[0;34m[1784654874.673] [6309:6309] [IN] UDP::Init bind&listen port=5540[0m
[0;34m[1784654874.673] [6309:6309] [IN] UDP::Init bound to port=5540[0m
[0;34m[1784654874.673] [6309:6309] [IN] BLEBase::Init - setting/overriding transport[0m
[0;32m[1784654874.673] [6309:6309] [IN] TCP server listening on port 5540 for incoming connections[0m
[0;32m[1784654874.673] [6309:6309] [IN] TCP server listening on port 5540 for incoming connections[0m
[0;34m[1784654874.673] [6309:6309] [IN] WiFiPAFBase::Init - setting/overriding transport[0m
[0;34m[1784654874.673] [6309:6309] [IN] TransportMgr initialized[0m
[0;34m[1784654874.675] [6309:6309] [DL] Wrote settings to /tmp/chip_kvs_test[0m
[0;34m[1784654874.677] [6309:6309] [DL] Wrote settings to /tmp/chip_kvs_test[0m
[0;34m[1784654874.679] [6309:6309] [DL] Wrote settings to /tmp/chip_kvs_test[0m
[0;32m[1784654874.679] [6309:6309] [DMG] Ember attribute persistence requires setting up[0m
[0;32m[1784654874.679] [6309:6309] [ZCL] Using ZAP configuration...[0m
[0;34m[1784654874.679] [6309:6309] [DMG] Failed to read stored attribute (1, 0x0000_0006, 0x0000_0000: src/platform/Linux/KeyValueStoreManagerImpl.cpp:53: CHIP Error 0x000000A0: Value not found in the persisted storage[0m
[0;34m[1784654874.679] [6309:6309] [DMG] Failed to read stored attribute (1, 0x0000_0006, 0x0000_4003: src/platform/Linux/KeyValueStoreManagerImpl.cpp:53: CHIP Error 0x000000A0: Value not found in the persisted storage[0m
[0;34m[1784654874.679] [6309:6309] [DMG] Failed to read stored attribute (1, 0x0000_0008, 0x0000_0000: src/platform/Linux/KeyValueStoreManagerImpl.cpp:53: CHIP Error 0x000000A0: Value not found in the persisted storage[0m
[0;34m[1784654874.679] [6309:6309] [DMG] Failed to read stored attribute (1, 0x0000_0008, 0x0000_4000: src/platform/Linux/KeyValueStoreManagerImpl.cpp:53: CHIP Error 0x000000A0: Value not found in the persisted storage[0m
[0;34m[1784654874.679] [6309:6309] [DMG] Failed to read stored attribute (1, 0x0000_0050, 0x0000_0003: src/platform/Linux/KeyValueStoreManagerImpl.cpp:53: CHIP Error 0x000000A0: Value not found in the persisted storage[0m
[0;34m[1784654874.679] [6309:6309] [DMG] Failed to read stored attribute (1, 0x0000_0050, 0x0000_0004: src/platform/Linux/KeyValueStoreManagerImpl.cpp:53: CHIP Error 0x000000A0: Value not found in the persisted storage[0m
[0;34m[1784654874.679] [6309:6309] [DMG] Failed to read stored attribute (1, 0x0000_0050, 0x0000_0005: src/platform/Linux/KeyValueStoreManagerImpl.cpp:53: CHIP Error 0x000000A0: Value not found in the persisted storage[0m
[0;34m[1784654874.679] [6309:6309] [DMG] Failed to read stored attribute (1, 0x0000_005C, 0x0000_0000: src/platform/Linux/KeyValueStoreManagerImpl.cpp:53: CHIP Error 0x000000A0: Value not found in the persisted storage[0m
[0;34m[1784654874.679] [6309:6309] [DMG] Failed to read stored attribute (1, 0x0000_005C, 0x0000_0001: src/platform/Linux/KeyValueStoreManagerImpl.cpp:53: CHIP Error 0x000000A0: Value not found in the persisted storage[0m
[0;34m[1784654874.679] [6309:6309] [DMG] Failed to read stored attribute (1, 0x0000_005C, 0x0000_0002: src/platform/Linux/KeyValueStoreManagerImpl.cpp:53: CHIP Error 0x000000A0: Value not found in the persisted storage[0m
[0;34m[1784654874.679] [6309:6309] [DMG] Failed to read stored attribute (1, 0x0000_005C, 0x0000_0003: src/platform/Linux/KeyValueStoreManagerImpl.cpp:53: CHIP Error 0x000000A0: Value not found in the persisted storage[0m
[0;34m[1784654874.680] [6309:6309] [DMG] Failed to read stored attribute (1, 0x0000_005C, 0x0000_0004: src/platform/Linux/KeyValueStoreManagerImpl.cpp:53: CHIP Error 0x000000A0: Value not found in the persisted storage[0m
[0;34m[1784654874.680] [6309:6309] [DMG] Failed to read stored attribute (1, 0x0000_005C, 0x0000_0006: src/platform/Linux/KeyValueStoreManagerImpl.cpp:53: CHIP Error 0x000000A0: Value not found in the persisted storage[0m
[0;34m[1784654874.680] [6309:6309] [DMG] Failed to read stored attribute (1, 0x0000_005C, 0x0000_0007: src/platform/Linux/KeyValueStoreManagerImpl.cpp:53: CHIP Error 0x000000A0: Value not found in the persisted storage[0m
[0;34m[1784654874.680] [6309:6309] [DMG] Failed to read stored attribute (1, 0x0000_0081, 0x0000_0001: src/platform/Linux/KeyValueStoreManagerImpl.cpp:53: CHIP Error 0x000000A0: Value not found in the persisted storage[0m
[0;34m[1784654874.680] [6309:6309] [DMG] Failed to read stored attribute (1, 0x0000_0081, 0x0000_0008: src/platform/Linux/KeyValueStoreManagerImpl.cpp:53: CHIP Error 0x000000A0: Value not found in the persisted storage[0m
[0;34m[1784654874.680] [6309:6309] [DMG] Failed to read stored attribute (1, 0x0000_0102, 0x0000_0003: src/platform/Linux/KeyValueStoreManagerImpl.cpp:53: CHIP Error 0x000000A0: Value not found in the persisted storage[0m
[0;34m[1784654874.680] [6309:6309] [DMG] Failed to read stored attribute (1, 0x0000_0102, 0x0000_0004: src/platform/Linux/KeyValueStoreManagerImpl.cpp:53: CHIP Error 0x000000A0: Value not found in the persisted storage[0m
[0;34m[1784654874.680] [6309:6309] [DMG] Failed to read stored attribute (1, 0x0000_0102, 0x0000_0005: src/platform/Linux/KeyValueStoreManagerImpl.cpp:53: CHIP Error 0x000000A0: Value not found in the persisted storage[0m
[0;34m[1784654874.680] [6309:6309] [DMG] Failed to read stored attribute (1, 0x0000_0102, 0x0000_0006: src/platform/Linux/KeyValueStoreManagerImpl.cpp:53: CHIP Error 0x000000A0: Value not found in the persisted storage[0m
[0;34m[1784654874.680] [6309:6309] [DMG] Failed to read stored attribute (1, 0x0000_0102, 0x0000_0007: src/platform/Linux/KeyValueStoreManagerImpl.cpp:53: CHIP Error 0x000000A0: Value not found in the persisted storage[0m
[0;34m[1784654874.680] [6309:6309] [DMG] Failed to read stored attribute (1, 0x0000_0102, 0x0000_0008: src/platform/Linux/KeyValueStoreManagerImpl.cpp:53: CHIP Error 0x000000A0: Value not found in the persisted storage[0m
[0;34m[1784654874.680] [6309:6309] [DMG] Failed to read stored attribute (1, 0x0000_0102, 0x0000_0009: src/platform/Linux/KeyValueStoreManagerImpl.cpp:53: CHIP Error 0x000000A0: Value not found in the persisted storage[0m
[0;34m[1784654874.680] [6309:6309] [DMG] Failed to read stored attribute (1, 0x0000_0102, 0x0000_000E: src/platform/Linux/KeyValueStoreManagerImpl.cpp:53: CHIP Error 0x000000A0: Value not found in the persisted storage[0m
[0;34m[1784654874.680] [6309:6309] [DMG] Failed to read stored attribute (1, 0x0000_0102, 0x0000_000F: src/platform/Linux/KeyValueStoreManagerImpl.cpp:53: CHIP Error 0x000000A0: Value not found in the persisted storage[0m
[0;34m[1784654874.680] [6309:6309] [DMG] Failed to read stored attribute (1, 0x0000_0102, 0x0000_0010: src/platform/Linux/KeyValueStoreManagerImpl.cpp:53: CHIP Error 0x000000A0: Value not found in the persisted storage[0m
[0;34m[1784654874.680] [6309:6309] [DMG] Failed to read stored attribute (1, 0x0000_0102, 0x0000_0011: src/platform/Linux/KeyValueStoreManagerImpl.cpp:53: CHIP Error 0x000000A0: Value not found in the persisted storage[0m
[0;34m[1784654874.680] [6309:6309] [DMG] Failed to read stored attribute (1, 0x0000_0102, 0x0000_0012: src/platform/Linux/KeyValueStoreManagerImpl.cpp:53: CHIP Error 0x000000A0: Value not found in the persisted storage[0m
[0;34m[1784654874.680] [6309:6309] [DMG] Failed to read stored attribute (1, 0x0000_0102, 0x0000_0013: src/platform/Linux/KeyValueStoreManagerImpl.cpp:53: CHIP Error 0x000000A0: Value not found in the persisted storage[0m
[0;34m[1784654874.680] [6309:6309] [DMG] Failed to read stored attribute (1, 0x0000_0102, 0x0000_0017: src/platform/Linux/KeyValueStoreManagerImpl.cpp:53: CHIP Error 0x000000A0: Value not found in the persisted storage[0m
[0;34m[1784654874.680] [6309:6309] [DMG] Failed to read stored attribute (1, 0x0000_0300, 0x0000_0000: src/platform/Linux/KeyValueStoreManagerImpl.cpp:53: CHIP Error 0x000000A0: Value not found in the persisted storage[0m
[0;34m[1784654874.680] [6309:6309] [DMG] Failed to read stored attribute (1, 0x0000_0300, 0x0000_0001: src/platform/Linux/KeyValueStoreManagerImpl.cpp:53: CHIP Error 0x000000A0: Value not found in the persisted storage[0m
[0;34m[1784654874.680] [6309:6309] [DMG] Failed to read stored attribute (1, 0x0000_0300, 0x0000_0003: src/platform/Linux/KeyValueStoreManagerImpl.cpp:53: CHIP Error 0x000000A0: Value not found in the persisted storage[0m
[0;34m[1784654874.680] [6309:6309] [DMG] Failed to read stored attribute (1, 0x0000_0300, 0x0000_0004: src/platform/Linux/KeyValueStoreManagerImpl.cpp:53: CHIP Error 0x000000A0: Value not found in the persisted storage[0m
[0;34m[1784654874.680] [6309:6309] [DMG] Failed to read stored attribute (1, 0x0000_0300, 0x0000_0007: src/platform/Linux/KeyValueStoreManagerImpl.cpp:53: CHIP Error 0x000000A0: Value not found in the persisted storage[0m
[0;34m[1784654874.680] [6309:6309] [DMG] Failed to read stored attribute (1, 0x0000_0300, 0x0000_4000: src/platform/Linux/KeyValueStoreManagerImpl.cpp:53: CHIP Error 0x000000A0: Value not found in the persisted storage[0m
[0;34m[1784654874.680] [6309:6309] [DMG] Failed to read stored attribute (1, 0x0000_0300, 0x0000_4001: src/platform/Linux/KeyValueStoreManagerImpl.cpp:53: CHIP Error 0x000000A0: Value not found in the persisted storage[0m
[0;34m[1784654874.680] [6309:6309] [DMG] Failed to read stored attribute (1, 0x0000_0300, 0x0000_4002: src/platform/Linux/KeyValueStoreManagerImpl.cpp:53: CHIP Error 0x000000A0: Value not found in the persisted storage[0m
[0;34m[1784654874.680] [6309:6309] [DMG] Failed to read stored attribute (1, 0x0000_0300, 0x0000_4003: src/platform/Linux/KeyValueStoreManagerImpl.cpp:53: CHIP Error 0x000000A0: Value not found in the persisted storage[0m
[0;34m[1784654874.680] [6309:6309] [DMG] Failed to read stored attribute (1, 0x0000_0300, 0x0000_4004: src/platform/Linux/KeyValueStoreManagerImpl.cpp:53: CHIP Error 0x000000A0: Value not found in the persisted storage[0m
[0;34m[1784654874.680] [6309:6309] [DMG] Failed to read stored attribute (1, 0x0000_0300, 0x0000_4010: src/platform/Linux/KeyValueStoreManagerImpl.cpp:53: CHIP Error 0x000000A0: Value not found in the persisted storage[0m
[0;34m[1784654874.682] [6309:6309] [DL] Wrote settings to /tmp/chip_kvs_test[0m
[0;34m[1784654874.682] [6309:6309] [EVL] LogEvent event number: 0x0000000000000000 priority: 1, endpoint id:  0x0 cluster id: 0x0000_0038 event id: 0x0 Epoch timestamp: 0x0000019F85B8483A[0m
[0;32m[1784654874.682] [6309:6309] [ZCL] Emit DSTTableEmpty event [ep=0][0m
[0;32m[1784654874.682] [6309:6309] [ZCL] Initializing TLS Certificate Management cluster.[0m
[0;32m[1784654874.682] [6309:6309] [ZCL] Initializing TLS Client Management cluster.[0m
[0;34m[1784654874.682] [6309:6309] [ZCL] UnitLocalization ep0 set default TemperatureUnit: 1[0m
[0;34m[1784654874.682] [6309:6309] [DMG] Endpoint 0, Cluster 0x0000_0004 update version to 12b9adc3[0m
[0;34m[1784654874.682] [6309:6309] [DMG] Endpoint 0, Cluster 0x0000_0004 update version to 12b9adc4[0m
[0;34m[1784654874.682] [6309:6309] [DMG] Endpoint 1, Cluster 0x0000_0004 update version to c44b3337[0m
[0;34m[1784654874.682] [6309:6309] [DMG] Endpoint 1, Cluster 0x0000_0004 update version to c44b3338[0m
[0;32m[1784654874.682] [6309:6309] [ZCL] Endpoint 1 On/off already set to new value[0m
[0;34m[1784654874.682] [6309:6309] [DMG] Endpoint 1, Cluster 0x0000_0008 update version to 8da34222[0m
[0;34m[1784654874.682] [6309:6309] [ZCL] ModeBase: Unable to load the CurrentMode from the KVS. Assuming 0[0m
[0;34m[1784654874.682] [6309:6309] [ZCL] ModeBase: Unable to load the StartUpMode from the KVS. Assuming null[0m
[0;34m[1784654874.682] [6309:6309] [ZCL] ModeBase: Unable to load the OnMode from the KVS.      Assuming null[0m
[0;34m[1784654874.682] [6309:6309] [ZCL] ModeBase: Unable to load the CurrentMode from the KVS. Assuming 0[0m
[0;34m[1784654874.682] [6309:6309] [ZCL] ModeBase: Unable to load the StartUpMode from the KVS. Assuming null[0m
[0;34m[1784654874.682] [6309:6309] [ZCL] ModeBase: Unable to load the OnMode from the KVS.      Assuming null[0m
[0;34m[1784654874.682] [6309:6309] [ZCL] ModeBase: Unable to load the CurrentMode from the KVS. Assuming 0[0m
[0;34m[1784654874.682] [6309:6309] [ZCL] ModeBase: Unable to load the StartUpMode from the KVS. Assuming null[0m
[0;34m[1784654874.682] [6309:6309] [ZCL] ModeBase: Unable to load the OnMode from the KVS.      Assuming null[0m
[0;34m[1784654874.682] [6309:6309] [ZCL] ModeBase: Unable to load the CurrentMode from the KVS. Assuming 0[0m
[0;34m[1784654874.682] [6309:6309] [ZCL] ModeBase: Unable to load the StartUpMode from the KVS. Assuming null[0m
[0;34m[1784654874.682] [6309:6309] [ZCL] ModeBase: Unable to load the OnMode from the KVS.      Assuming null[0m
[0;34m[1784654874.682] [6309:6309] [ZCL] ModeBase: Unable to load the CurrentMode from the KVS. Assuming 0[0m
[0;34m[1784654874.682] [6309:6309] [ZCL] ModeBase: Unable to load the StartUpMode from the KVS. Assuming null[0m
[0;34m[1784654874.682] [6309:6309] [ZCL] ModeBase: Unable to load the OnMode from the KVS.      Assuming null[0m
[0;34m[1784654874.682] [6309:6309] [ZCL] ModeBase: Unable to load the CurrentMode from the KVS. Assuming 0[0m
[0;34m[1784654874.682] [6309:6309] [ZCL] ModeBase: Unable to load the StartUpMode from the KVS. Assuming null[0m
[0;34m[1784654874.682] [6309:6309] [ZCL] ModeBase: Unable to load the OnMode from the KVS.      Assuming null[0m
[0;34m[1784654874.682] [6309:6309] [ZCL] ModeBase: Unable to load the CurrentMode from the KVS. Assuming 0[0m
[0;34m[1784654874.682] [6309:6309] [ZCL] ModeBase: Unable to load the StartUpMode from the KVS. Assuming null[0m
[0;34m[1784654874.682] [6309:6309] [ZCL] ModeBase: Unable to load the OnMode from the KVS.      Assuming null[0m
[0;34m[1784654874.682] [6309:6309] [ZCL] ResourceMonitoring: Init[0m
[0;34m[1784654874.682] [6309:6309] [ZCL] ResourceMonitoring: Unable to load the LastChangedTime from the KVS. Assuming null[0m
[0;34m[1784654874.682] [6309:6309] [ZCL] ResourceMonitoring: calling mDelegate->Init()[0m
[0;34m[1784654874.682] [6309:6309] [ZCL] HepaFilterMonitoringDelegate::Init()[0m
[0;34m[1784654874.682] [6309:6309] [ZCL] ResourceMonitoring: Init[0m
[0;34m[1784654874.682] [6309:6309] [ZCL] ResourceMonitoring: Unable to load the LastChangedTime from the KVS. Assuming null[0m
[0;34m[1784654874.682] [6309:6309] [ZCL] ResourceMonitoring: calling mDelegate->Init()[0m
[0;34m[1784654874.682] [6309:6309] [ZCL] ActivatedCarbonFilterMonitoringDelegate::Init()[0m
[0;34m[1784654874.684] [6309:6309] [DL] Wrote settings to /tmp/chip_kvs_test[0m
[0;34m[1784654874.684] [6309:6309] [DMG] Endpoint 1, Cluster 0x0000_0102 update version to d9f17668[0m
[0;32m[1784654874.684] [6309:6309] [ZCL] WC POST ATTRIBUTE=7[0m
[0;32m[1784654874.684] [6309:6309] [ZCL] ConfigStatus 0x1B Operational=1 OnlineReserved=1[0m
[0;32m[1784654874.684] [6309:6309] [ZCL] Lift(PA=1 Encoder=0 Reversed=0) Tilt(PA=1 Encoder=0)[0m
[0;32m[1784654874.684] [6309:6309] [ZCL] Initialize PCC Server Cluster [EP:1][0m
[0;34m[1784654874.684] [6309:6309] [DMG] Endpoint 1, Cluster 0x0000_0300 update version to fc5c6688[0m
[0;34m[1784654874.684] [6309:6309] [DMG] Endpoint 1, Cluster 0x0000_0300 update version to fc5c6689[0m
[0;34m[1784654874.687] [6309:6309] [DL] Wrote settings to /tmp/chip_kvs_test[0m
[0;34m[1784654874.687] [6309:6309] [DMG] Endpoint 1, Cluster 0x0000_0300 update version to fc5c668a[0m
[0;34m[1784654874.687] [6309:6309] [DMG] Endpoint 1, Cluster 0x0000_0406 update version to c69ab813[0m
[0;34m[1784654874.687] [6309:6309] [DMG] Endpoint 1, Cluster 0x0000_0406 update version to c69ab814[0m
[0;34m[1784654874.687] [6309:6309] [DMG] Endpoint 1, Cluster 0x0000_040C update version to f6ebddee[0m
[0;34m[1784654874.687] [6309:6309] [DMG] Endpoint 1, Cluster 0x0000_040C update version to f6ebddef[0m
[0;34m[1784654874.687] [6309:6309] [DMG] Endpoint 1, Cluster 0x0000_040C update version to f6ebddf0[0m
[0;34m[1784654874.687] [6309:6309] [DMG] Endpoint 1, Cluster 0x0000_040C update version to f6ebddf1[0m
[0;34m[1784654874.687] [6309:6309] [DMG] Endpoint 1, Cluster 0x0000_040C update version to f6ebddf2[0m
[0;34m[1784654874.687] [6309:6309] [DMG] Endpoint 1, Cluster 0x0000_040C update version to f6ebddf3[0m
[0;34m[1784654874.687] [6309:6309] [DMG] Endpoint 1, Cluster 0x0000_040C update version to f6ebddf4[0m
[0;34m[1784654874.687] [6309:6309] [DMG] Endpoint 1, Cluster 0x0000_040C update version to f6ebddf5[0m
[0;34m[1784654874.687] [6309:6309] [DMG] Endpoint 1, Cluster 0x0000_040D update version to 3cf5b8ed[0m
[0;34m[1784654874.687] [6309:6309] [DMG] Endpoint 1, Cluster 0x0000_040D update version to 3cf5b8ee[0m
[0;34m[1784654874.687] [6309:6309] [DMG] Endpoint 1, Cluster 0x0000_040D update version to 3cf5b8ef[0m
[0;34m[1784654874.687] [6309:6309] [DMG] Endpoint 1, Cluster 0x0000_040D update version to 3cf5b8f0[0m
[0;34m[1784654874.687] [6309:6309] [DMG] Endpoint 1, Cluster 0x0000_040D update version to 3cf5b8f1[0m
[0;34m[1784654874.687] [6309:6309] [DMG] Endpoint 1, Cluster 0x0000_040D update version to 3cf5b8f2[0m
[0;34m[1784654874.687] [6309:6309] [DMG] Endpoint 1, Cluster 0x0000_040D update version to 3cf5b8f3[0m
[0;34m[1784654874.687] [6309:6309] [DMG] Endpoint 1, Cluster 0x0000_040D update version to 3cf5b8f4[0m
[0;34m[1784654874.687] [6309:6309] [DMG] Endpoint 1, Cluster 0x0000_0413 update version to 47791de5[0m
[0;34m[1784654874.687] [6309:6309] [DMG] Endpoint 1, Cluster 0x0000_0413 update version to 47791de6[0m
[0;34m[1784654874.687] [6309:6309] [DMG] Endpoint 1, Cluster 0x0000_0413 update version to 47791de7[0m
[0;34m[1784654874.687] [6309:6309] [DMG] Endpoint 1, Cluster 0x0000_0413 update version to 47791de8[0m
[0;34m[1784654874.687] [6309:6309] [DMG] Endpoint 1, Cluster 0x0000_0413 update version to 47791de9[0m
[0;34m[1784654874.687] [6309:6309] [DMG] Endpoint 1, Cluster 0x0000_0413 update version to 47791dea[0m
[0;34m[1784654874.687] [6309:6309] [DMG] Endpoint 1, Cluster 0x0000_0413 update version to 47791deb[0m
[0;34m[1784654874.687] [6309:6309] [DMG] Endpoint 1, Cluster 0x0000_0413 update version to 47791dec[0m
[0;34m[1784654874.687] [6309:6309] [DMG] Endpoint 1, Cluster 0x0000_0415 update version to 4b25ef46[0m
[0;34m[1784654874.687] [6309:6309] [DMG] Endpoint 1, Cluster 0x0000_0415 update version to 4b25ef47[0m
[0;34m[1784654874.687] [6309:6309] [DMG] Endpoint 1, Cluster 0x0000_0415 update version to 4b25ef48[0m
[0;34m[1784654874.687] [6309:6309] [DMG] Endpoint 1, Cluster 0x0000_0415 update version to 4b25ef49[0m
[0;34m[1784654874.687] [6309:6309] [DMG] Endpoint 1, Cluster 0x0000_0415 update version to 4b25ef4a[0m
[0;34m[1784654874.687] [6309:6309] [DMG] Endpoint 1, Cluster 0x0000_0415 update version to 4b25ef4b[0m
[0;34m[1784654874.687] [6309:6309] [DMG] Endpoint 1, Cluster 0x0000_0415 update version to 4b25ef4c[0m
[0;34m[1784654874.687] [6309:6309] [DMG] Endpoint 1, Cluster 0x0000_0415 update version to 4b25ef4d[0m
[0;34m[1784654874.687] [6309:6309] [DMG] Endpoint 1, Cluster 0x0000_042A update version to 1f3e07de[0m
[0;34m[1784654874.687] [6309:6309] [DMG] Endpoint 1, Cluster 0x0000_042A update version to 1f3e07df[0m
[0;34m[1784654874.687] [6309:6309] [DMG] Endpoint 1, Cluster 0x0000_042A update version to 1f3e07e0[0m
[0;34m[1784654874.687] [6309:6309] [DMG] Endpoint 1, Cluster 0x0000_042A update version to 1f3e07e1[0m
[0;34m[1784654874.687] [6309:6309] [DMG] Endpoint 1, Cluster 0x0000_042A update version to 1f3e07e2[0m
[0;34m[1784654874.687] [6309:6309] [DMG] Endpoint 1, Cluster 0x0000_042A update version to 1f3e07e3[0m
[0;34m[1784654874.687] [6309:6309] [DMG] Endpoint 1, Cluster 0x0000_042A update version to 1f3e07e4[0m
[0;34m[1784654874.687] [6309:6309] [DMG] Endpoint 1, Cluster 0x0000_042A update version to 1f3e07e5[0m
[0;34m[1784654874.687] [6309:6309] [DMG] Endpoint 1, Cluster 0x0000_042B update version to ae498c1f[0m
[0;34m[1784654874.687] [6309:6309] [DMG] Endpoint 1, Cluster 0x0000_042B update version to ae498c20[0m
[0;34m[1784654874.687] [6309:6309] [DMG] Endpoint 1, Cluster 0x0000_042B update version to ae498c21[0m
[0;34m[1784654874.687] [6309:6309] [DMG] Endpoint 1, Cluster 0x0000_042B update version to ae498c22[0m
[0;34m[1784654874.687] [6309:6309] [DMG] Endpoint 1, Cluster 0x0000_042B update version to ae498c23[0m
[0;34m[1784654874.687] [6309:6309] [DMG] Endpoint 1, Cluster 0x0000_042B update version to ae498c24[0m
[0;34m[1784654874.687] [6309:6309] [DMG] Endpoint 1, Cluster 0x0000_042B update version to ae498c25[0m
[0;34m[1784654874.687] [6309:6309] [DMG] Endpoint 1, Cluster 0x0000_042B update version to ae498c26[0m
[0;34m[1784654874.687] [6309:6309] [DMG] Endpoint 1, Cluster 0x0000_042C update version to 30339671[0m
[0;34m[1784654874.687] [6309:6309] [DMG] Endpoint 1, Cluster 0x0000_042C update version to 30339672[0m
[0;34m[1784654874.687] [6309:6309] [DMG] Endpoint 1, Cluster 0x0000_042C update version to 30339673[0m
[0;34m[1784654874.687] [6309:6309] [DMG] Endpoint 1, Cluster 0x0000_042C update version to 30339674[0m
[0;34m[1784654874.687] [6309:6309] [DMG] Endpoint 1, Cluster 0x0000_042C update version to 30339675[0m
[0;34m[1784654874.687] [6309:6309] [DMG] Endpoint 1, Cluster 0x0000_042C update version to 30339676[0m
[0;34m[1784654874.687] [6309:6309] [DMG] Endpoint 1, Cluster 0x0000_042C update version to 30339677[0m
[0;34m[1784654874.687] [6309:6309] [DMG] Endpoint 1, Cluster 0x0000_042C update version to 30339678[0m
[0;34m[1784654874.687] [6309:6309] [DMG] Endpoint 1, Cluster 0x0000_042D update version to dffae423[0m
[0;34m[1784654874.687] [6309:6309] [DMG] Endpoint 1, Cluster 0x0000_042D update version to dffae424[0m
[0;34m[1784654874.687] [6309:6309] [DMG] Endpoint 1, Cluster 0x0000_042D update version to dffae425[0m
[0;34m[1784654874.687] [6309:6309] [DMG] Endpoint 1, Cluster 0x0000_042D update version to dffae426[0m
[0;34m[1784654874.687] [6309:6309] [DMG] Endpoint 1, Cluster 0x0000_042D update version to dffae427[0m
[0;34m[1784654874.687] [6309:6309] [DMG] Endpoint 1, Cluster 0x0000_042D update version to dffae428[0m
[0;34m[1784654874.687] [6309:6309] [DMG] Endpoint 1, Cluster 0x0000_042D update version to dffae429[0m
[0;34m[1784654874.687] [6309:6309] [DMG] Endpoint 1, Cluster 0x0000_042D update version to dffae42a[0m
[0;34m[1784654874.687] [6309:6309] [DMG] Endpoint 1, Cluster 0x0000_042E update version to aabc632b[0m
[0;34m[1784654874.687] [6309:6309] [DMG] Endpoint 1, Cluster 0x0000_042E update version to aabc632c[0m
[0;34m[1784654874.687] [6309:6309] [DMG] Endpoint 1, Cluster 0x0000_042E update version to aabc632d[0m
[0;34m[1784654874.687] [6309:6309] [DMG] Endpoint 1, Cluster 0x0000_042E update version to aabc632e[0m
[0;34m[1784654874.687] [6309:6309] [DMG] Endpoint 1, Cluster 0x0000_042E update version to aabc632f[0m
[0;34m[1784654874.687] [6309:6309] [DMG] Endpoint 1, Cluster 0x0000_042E update version to aabc6330[0m
[0;34m[1784654874.687] [6309:6309] [DMG] Endpoint 1, Cluster 0x0000_042E update version to aabc6331[0m
[0;34m[1784654874.687] [6309:6309] [DMG] Endpoint 1, Cluster 0x0000_042E update version to aabc6332[0m
[0;34m[1784654874.687] [6309:6309] [DMG] Endpoint 1, Cluster 0x0000_042F update version to cd08807f[0m
[0;34m[1784654874.687] [6309:6309] [DMG] Endpoint 1, Cluster 0x0000_042F update version to cd088080[0m
[0;34m[1784654874.687] [6309:6309] [DMG] Endpoint 1, Cluster 0x0000_042F update version to cd088081[0m
[0;34m[1784654874.687] [6309:6309] [DMG] Endpoint 1, Cluster 0x0000_042F update version to cd088082[0m
[0;34m[1784654874.687] [6309:6309] [DMG] Endpoint 1, Cluster 0x0000_042F update version to cd088083[0m
[0;34m[1784654874.687] [6309:6309] [DMG] Endpoint 1, Cluster 0x0000_042F update version to cd088084[0m
[0;34m[1784654874.687] [6309:6309] [DMG] Endpoint 1, Cluster 0x0000_042F update version to cd088085[0m
[0;34m[1784654874.687] [6309:6309] [DMG] Endpoint 1, Cluster 0x0000_042F update version to cd088086[0m
[0;32m[1784654874.687] [6309:6309] [-] Setting LowPower default delegate to global manager[0m
[0;34m[1784654874.687] [6309:6309] [DMG] Endpoint 2, Cluster 0x0000_0004 update version to 1245b3c4[0m
[0;34m[1784654874.687] [6309:6309] [DMG] Endpoint 2, Cluster 0x0000_0004 update version to 1245b3c5[0m
[1;31m[1784654874.687] [6309:6309] [IM] Duplicate attribute override registration failed[0m
[0;34m[1784654874.687] [6309:6309] [DMG] Endpoint 2, Cluster 0x0000_0406 update version to fb471656[0m
[0;34m[1784654874.687] [6309:6309] [DMG] Endpoint 2, Cluster 0x0000_0406 update version to fb471657[0m
[0;32m[1784654874.687] [6309:6309] [DMG] TLSClientManagementCluster: initializing[0m
[0;32m[1784654874.687] [6309:6309] [DMG] TLSCertificateManagementCluster: initializing[0m
[0;34m[1784654874.687] [6309:6309] [ZCL] Chime: Unable to load the SelectedChime attribute from the KVS. Defaulting to 0[0m
[0;34m[1784654874.687] [6309:6309] [ZCL] Chime: Unable to load the Enabled attribute from the KVS. Defaulting to 1[0m
[0;34m[1784654874.687] [6309:6309] [EVL] LogEvent event number: 0x0000000000000001 priority: 2, endpoint id:  0x0 cluster id: 0x0000_0033 event id: 0x3 Epoch timestamp: 0x0000019F85B8483F[0m
[0;34m[1784654874.689] [6309:6309] [DL] Wrote settings to /tmp/chip_kvs_test[0m
[0;32m[1784654874.689] [6309:6309] [DMG] AccessControlCluster: initializing[0m
[0;34m[1784654874.689] [6309:6309] [IN] SecureSession[0x6133593dc890]: Allocated Type:1 LSID:14693[0m
[0;34m[1784654874.689] [6309:6309] [SC] Assigned local session key ID 14693[0m
[0;34m[1784654874.689] [6309:6309] [SC] Waiting for PBKDF param request[0m
[0;32m[1784654874.689] [6309:6309] [DIS] Updating services using commissioning mode 1[0m
[0;32m[1784654874.689] [6309:6309] [DIS] CHIP minimal mDNS started advertising.[0m
[0;34m[1784654874.689] [6309:6309] [DL] Using WiFi MAC for hostname[0m
[0;34m[1784654874.689] [6309:6309] [DIS] DNS-SD Pairing Instruction not set[0m
[0;32m[1784654874.689] [6309:6309] [DIS] Advertise commission parameter vendorID=65521 productID=32769 discriminator=3840/15 cm=1 cp=0 jf=0[0m
[0;34m[1784654874.689] [6309:6309] [DIS] Responding with _matterc._udp.local[0m
[0;34m[1784654874.689] [6309:6309] [DIS] Responding with FFC8CBACAC3EC420._matterc._udp.local[0m
[0;34m[1784654874.689] [6309:6309] [DIS] Responding with 080027AE1A43.local[0m
[0;34m[1784654874.689] [6309:6309] [DIS] Responding with 080027AE1A43.local[0m
[0;34m[1784654874.689] [6309:6309] [DIS] Responding with _V65521._sub._matterc._udp.local[0m
[0;34m[1784654874.689] [6309:6309] [DIS] Responding with _T257._sub._matterc._udp.local[0m
[0;34m[1784654874.689] [6309:6309] [DIS] Responding with _S15._sub._matterc._udp.local[0m
[0;34m[1784654874.689] [6309:6309] [DIS] Responding with _L3840._sub._matterc._udp.local[0m
[0;34m[1784654874.689] [6309:6309] [DIS] Responding with _CM._sub._matterc._udp.local[0m
[0;34m[1784654874.689] [6309:6309] [DIS] Responding with FFC8CBACAC3EC420._matterc._udp.local[0m
[0;32m[1784654874.689] [6309:6309] [DIS] CHIP minimal mDNS configured as 'Commissionable node device'; instance name: FFC8CBACAC3EC420.[0m
[0;32m[1784654874.690] [6309:6309] [DIS] mDNS service published: _matterc._udp[0m
[0;32m[1784654874.690] [6309:6309] [DIS] Updating services using commissioning mode 1[0m
[0;32m[1784654874.690] [6309:6309] [DIS] CHIP minimal mDNS started advertising.[0m
[0;34m[1784654874.691] [6309:6309] [DL] Using WiFi MAC for hostname[0m
[0;34m[1784654874.691] [6309:6309] [DIS] DNS-SD Pairing Instruction not set[0m
[0;32m[1784654874.691] [6309:6309] [DIS] Advertise commission parameter vendorID=65521 productID=32769 discriminator=3840/15 cm=1 cp=0 jf=0[0m
[0;34m[1784654874.691] [6309:6309] [DIS] Responding with _matterc._udp.local[0m
[0;34m[1784654874.691] [6309:6309] [DIS] Responding with FFC8CBACAC3EC420._matterc._udp.local[0m
[0;34m[1784654874.691] [6309:6309] [DIS] Responding with 080027AE1A43.local[0m
[0;34m[1784654874.691] [6309:6309] [DIS] Responding with 080027AE1A43.local[0m
[0;34m[1784654874.691] [6309:6309] [DIS] Responding with _V65521._sub._matterc._udp.local[0m
[0;34m[1784654874.691] [6309:6309] [DIS] Responding with _T257._sub._matterc._udp.local[0m
[0;34m[1784654874.691] [6309:6309] [DIS] Responding with _S15._sub._matterc._udp.local[0m
[0;34m[1784654874.691] [6309:6309] [DIS] Responding with _L3840._sub._matterc._udp.local[0m
[0;34m[1784654874.691] [6309:6309] [DIS] Responding with _CM._sub._matterc._udp.local[0m
[0;34m[1784654874.691] [6309:6309] [DIS] Responding with FFC8CBACAC3EC420._matterc._udp.local[0m
[0;32m[1784654874.691] [6309:6309] [DIS] CHIP minimal mDNS configured as 'Commissionable node device'; instance name: FFC8CBACAC3EC420.[0m
[0;32m[1784654874.691] [6309:6309] [DIS] mDNS service published: _matterc._udp[0m
[0;32m[1784654874.691] [6309:6309] [IN] CASE Server enabling CASE session setups[0m
[0;34m[1784654874.691] [6309:6309] [IN] SecureSession[0x6133593dcda0]: Allocated Type:2 LSID:14694[0m
[0;34m[1784654874.691] [6309:6309] [SC] Allocated SecureSession (0x6133593dcda0) - waiting for Sigma1 msg[0m
[0;32m[1784654874.691] [6309:6309] [SVR] Joining Multicast groups[0m
[0;34m[1784654874.692] [6309:6309] [ZCL] Emitting StartUp event[0m
[0;34m[1784654874.692] [6309:6309] [EVL] LogEvent event number: 0x0000000000000002 priority: 2, endpoint id:  0x0 cluster id: 0x0000_0028 event id: 0x0 Epoch timestamp: 0x0000019F85B84844[0m
[0;32m[1784654874.692] [6309:6309] [SVR] Server initialization complete[0m
[0;32m[1784654874.692] [6309:6309] [SVR] Server Listening...[0m
[0;32m[1784654874.692] [6309:6309] [DL] Device Configuration:[0m
[0;32m[1784654874.692] [6309:6309] [DL]   Serial Number: TEST_SN[0m
[0;32m[1784654874.692] [6309:6309] [DL]   Vendor Id: 65521 (0xFFF1)[0m
[0;32m[1784654874.692] [6309:6309] [DL]   Product Id: 32769 (0x8001)[0m
[0;32m[1784654874.692] [6309:6309] [DL]   Product Name: TEST_PRODUCT[0m
[0;32m[1784654874.692] [6309:6309] [DL]   Hardware Version: 0[0m
[0;32m[1784654874.692] [6309:6309] [DL]   Setup Pin Code (0 for UNKNOWN/ERROR): 20202021[0m
[0;32m[1784654874.692] [6309:6309] [DL]   Setup Discriminator (0xFFFF for UNKNOWN/ERROR): 3840 (0xF00)[0m
[0;32m[1784654874.692] [6309:6309] [DL]   Manufacturing Date: (not set)[0m
[0;32m[1784654874.692] [6309:6309] [DL]   Device Type: 257 (0x101)[0m
[0;32m[1784654874.692] [6309:6309] [SVR] SetupQRCode: [MT:-24J042C00KA0648G00][0m
[0;32m[1784654874.692] [6309:6309] [SVR] Copy/paste the below URL in a browser to see the QR Code:[0m
[0;32m[1784654874.692] [6309:6309] [SVR] https://project-chip.github.io/connectedhomeip/qrcode.html?data=MT%3A-24J042C00KA0648G00[0m
[0;32m[1784654874.692] [6309:6309] [SVR] Manual pairing code: [34970112332][0m
[0;34m[1784654874.692] [6309:6309] [DMG] Endpoint 0, Cluster 0x0000_001D update version to 995d424c[0m
[0;34m[1784654874.692] [6309:6309] [DMG] Endpoint 1, Cluster 0x0000_005D update version to 4b3102e9[0m
[0;34m[1784654874.692] [6309:6309] [DMG] Endpoint 1, Cluster 0x0000_005D update version to 4b3102ea[0m
[0;34m[1784654874.692] [6309:6309] [DMG] Endpoint 1, Cluster 0x0000_005D update version to 4b3102eb[0m
[0;34m[1784654874.692] [6309:6309] [DMG] Endpoint 1, Cluster 0x0000_005D update version to 4b3102ec[0m
[0;34m[1784654874.692] [6309:6309] [EVL] LogEvent event number: 0x0000000000000003 priority: 1, endpoint id:  0x1 cluster id: 0x0000_005D event id: 0x0 Epoch timestamp: 0x0000019F85B84844[0m
[0;32m[1784654874.692] [6309:6309] [ZCL] Set number of supported temperature units to: 2[0m
[0;34m[1784654874.692] [6309:6309] [DMG] Endpoint 0, Cluster 0x0000_002D update version to cf003729[0m
[0;34m[1784654874.694] [6309:6309] [DL] Wrote settings to /tmp/chip_kvs_test[0m
[0;32m[1784654874.694] [6309:6309] [DL] ===== APP STATUS: Starting event loop =====[0m
[1;31m[1784654899.703] [6309:6313] [DL] FAIL: Get D-Bus object manager client: Error calling StartServiceByName for org.bluez: Failed to activate service 'org.bluez': timed out (service_start_timeout=25000ms)[0m
[1;31m[1784654899.703] [6309:6309] [DL] Disabling CHIPoBLE service due to error: src/platform/Linux/bluez/BluezObjectManager.cpp:280: CHIP Error 0x000000AC: Internal error[0m
[1;31m[1784654899.703] [6309:6309] [DL] Long dispatch time: 25008 ms, for event type 3[0m
[0;32m[1784654899.703] [6309:6309] [SVR] Cannot load binding table: src/platform/Linux/KeyValueStoreManagerImpl.cpp:53: CHIP Error 0x000000A0: Value not found in the persisted storage[0m
[0;32m[1784654899.703] [6309:6309] [DIS] Updating services using commissioning mode 1[0m
[0;32m[1784654899.703] [6309:6309] [DIS] CHIP minimal mDNS started advertising.[0m
[0;34m[1784654899.704] [6309:6309] [DL] Using WiFi MAC for hostname[0m
[0;34m[1784654899.704] [6309:6309] [DIS] DNS-SD Pairing Instruction not set[0m
[0;32m[1784654899.704] [6309:6309] [DIS] Advertise commission parameter vendorID=65521 productID=32769 discriminator=3840/15 cm=1 cp=0 jf=0[0m
[0;34m[1784654899.704] [6309:6309] [DIS] Responding with _matterc._udp.local[0m
[0;34m[1784654899.704] [6309:6309] [DIS] Responding with FFC8CBACAC3EC420._matterc._udp.local[0m
[0;34m[1784654899.704] [6309:6309] [DIS] Responding with 080027AE1A43.local[0m
[0;34m[1784654899.704] [6309:6309] [DIS] Responding with 080027AE1A43.local[0m
[0;34m[1784654899.704] [6309:6309] [DIS] Responding with _V65521._sub._matterc._udp.local[0m
[0;34m[1784654899.704] [6309:6309] [DIS] Responding with _T257._sub._matterc._udp.local[0m
[0;34m[1784654899.704] [6309:6309] [DIS] Responding with _S15._sub._matterc._udp.local[0m
[0;34m[1784654899.704] [6309:6309] [DIS] Responding with _L3840._sub._matterc._udp.local[0m
[0;34m[1784654899.704] [6309:6309] [DIS] Responding with _CM._sub._matterc._udp.local[0m
[0;34m[1784654899.704] [6309:6309] [DIS] Responding with FFC8CBACAC3EC420._matterc._udp.local[0m
[0;32m[1784654899.704] [6309:6309] [DIS] CHIP minimal mDNS configured as 'Commissionable node device'; instance name: FFC8CBACAC3EC420.[0m
[0;32m[1784654899.705] [6309:6309] [DIS] mDNS service published: _matterc._udp[0m
[0;32m[1784654899.705] [6309:6309] [IM] No subscriptions to resume[0m
[0;34m[1784654899.705] [6309:6309] [DMG] Endpoint 0, Cluster 0x0000_0038 update version to 779c6d13[0m
[0;32m[1784654900.030] [6309:6309] [EM] >>> [E:19877r S:0 M:5361036] (U) Msg RX from 0:A2673D1EE573B7C8 [0000] to 0000000000000000 --- Type 0000:20 (SecureChannel:PBKDFParamRequest) (B:98)[0m
[0;34m[1784654900.030] [6309:6309] [EM] Handling via exchange: 19877r, Delegate: 0x61331fa2fd08[0m
[0;34m[1784654900.030] [6309:6309] [SC] Received PBKDF param request[0m
[0;34m[1784654900.030] [6309:6309] [SC] Peer assigned session ID 5443[0m
[0;34m[1784654900.030] [6309:6309] [SC] Found MRP parameters in the message[0m
[0;32m[1784654900.030] [6309:6309] [EM] <<< [E:19877r S:0 M:218595746 (Ack:5361036)] (U) Msg TX from 0000000000000000 to 0:A2673D1EE573B7C8 [0000] [UDP:[fe80::bfe:a203:38f0:bce7%enp0s3]:50871] --- Type 0000:21 (SecureChannel:PBKDFParamResponse) (B:174)[0m
[0;32m[1784654900.030] [6309:6309] [EM] ??1 [E:19877r S:0 M:218595746] (U) Msg Retransmission to 0:0000000000000000 scheduled for 377ms from now [State:Active II:500 AI:300 AT:4000][0m
[0;34m[1784654900.030] [6309:6309] [SC] Sent PBKDF param response[0m
[0;32m[1784654900.030] [6309:6309] [SVR] Commissioning session establishment step started[0m
[0;32m[1784654900.031] [6309:6309] [EM] >>> [E:19877r S:0 M:5361037 (Ack:218595746)] (U) Msg RX from 0:A2673D1EE573B7C8 [0000] to 0000000000000000 --- Type 0000:22 (SecureChannel:PASE_Pake1) (B:96)[0m
[0;34m[1784654900.031] [6309:6309] [EM] Found matching exchange: 19877r, Delegate: 0x61331fa2fd08[0m
[0;34m[1784654900.031] [6309:6309] [EM] Rxd Ack; Removing MessageCounter:218595746 from Retrans Table on exchange 19877r[0m
[0;34m[1784654900.031] [6309:6309] [SC] Received spake2p msg1[0m
[0;32m[1784654900.032] [6309:6309] [EM] <<< [E:19877r S:0 M:218595747 (Ack:5361037)] (U) Msg TX from 0000000000000000 to 0:A2673D1EE573B7C8 [0000] [UDP:[fe80::bfe:a203:38f0:bce7%enp0s3]:50871] --- Type 0000:23 (SecureChannel:PASE_Pake2) (B:131)[0m
[0;32m[1784654900.032] [6309:6309] [EM] ??1 [E:19877r S:0 M:218595747] (U) Msg Retransmission to 0:0000000000000000 scheduled for 402ms from now [State:Active II:500 AI:300 AT:4000][0m
[0;34m[1784654900.032] [6309:6309] [SC] Sent spake2p msg2[0m
[0;32m[1784654900.032] [6309:6309] [EM] >>> [E:19877r S:0 M:5361038 (Ack:218595747)] (U) Msg RX from 0:A2673D1EE573B7C8 [0000] to 0000000000000000 --- Type 0000:24 (SecureChannel:PASE_Pake3) (B:63)[0m
[0;34m[1784654900.032] [6309:6309] [EM] Found matching exchange: 19877r, Delegate: 0x61331fa2fd08[0m
[0;34m[1784654900.032] [6309:6309] [EM] Rxd Ack; Removing MessageCounter:218595747 from Retrans Table on exchange 19877r[0m
[0;34m[1784654900.032] [6309:6309] [SC] Received spake2p msg3[0m
[0;34m[1784654900.032] [6309:6309] [SC] Sending status report. Protocol code 0, exchange 19877[0m
[0;32m[1784654900.032] [6309:6309] [EM] <<< [E:19877r S:0 M:218595748 (Ack:5361038)] (U) Msg TX from 0000000000000000 to 0:A2673D1EE573B7C8 [0000] [UDP:[fe80::bfe:a203:38f0:bce7%enp0s3]:50871] --- Type 0000:40 (SecureChannel:StatusReport) (B:34)[0m
[0;32m[1784654900.032] [6309:6309] [EM] ??1 [E:19877r S:0 M:218595748] (U) Msg Retransmission to 0:0000000000000000 scheduled for 399ms from now [State:Active II:500 AI:300 AT:4000][0m
[0;32m[1784654900.032] [6309:6309] [SC] SecureSession[0x6133593dc890, LSID:14693]: State change 'kEstablishing' --> 'kActive'[0m
[0;34m[1784654900.032] [6309:6309] [IN] SecureSession[0x6133593dc890]: Activated - Type:1 LSID:14693[0m
[0;34m[1784654900.032] [6309:6309] [IN] New secure session activated for device <FFFFFFFB00000000, 0>, LSID:14693 PSID:5443![0m
[0;32m[1784654900.032] [6309:6309] [SVR] Commissioning completed session establishment step[0m
[0;32m[1784654900.032] [6309:6309] [DIS] Updating services using commissioning mode 0[0m
[0;32m[1784654900.033] [6309:6309] [DIS] CHIP minimal mDNS started advertising.[0m
[0;32m[1784654900.034] [6309:6309] [SVR] Device completed Rendezvous process[0m
[0;32m[1784654900.034] [6309:6309] [EM] >>> [E:19878r S:14693 M:151084254] (S) Msg RX from 0:FFFFFFFB00000000 [0000] to 0000000000000000 --- Type 0001:02 (IM:ReadRequest) (B:136)[0m
[0;34m[1784654900.034] [6309:6309] [EM] Handling via exchange: 19878r, Delegate: 0x61331fa37ac8[0m
[0;34m[1784654900.034] [6309:6309] [IM] Received Read request[0m
[0;34m[1784654900.034] [6309:6309] [DMG] ReadRequestMessage =[0m
[0;34m[1784654900.034] [6309:6309] [DMG] {[0m
[0;34m[1784654900.034] [6309:6309] [DMG] 	AttributePathIBs =[0m
[0;34m[1784654900.034] [6309:6309] [DMG] 	[[0m
[0;34m[1784654900.034] [6309:6309] [DMG] 		AttributePathIB =[0m
[0;34m[1784654900.034] [6309:6309] [DMG] 		{[0m
[0;34m[1784654900.034] [6309:6309] [DMG] 			Endpoint = 0x0,[0m
[0;34m[1784654900.034] [6309:6309] [DMG] 			Cluster = 0x30,[0m
[0;34m[1784654900.034] [6309:6309] [DMG] 			Attribute = 0x0000_0004,[0m
[0;34m[1784654900.034] [6309:6309] [DMG] 		}[0m
[0;34m[1784654900.034] [6309:6309] [DMG] 			[0m
[0;34m[1784654900.034] [6309:6309] [DMG] 		AttributePathIB =[0m
[0;34m[1784654900.034] [6309:6309] [DMG] 		{[0m
[0;34m[1784654900.034] [6309:6309] [DMG] 			Endpoint = 0x0,[0m
[0;34m[1784654900.034] [6309:6309] [DMG] 			Cluster = 0x30,[0m
[0;34m[1784654900.034] [6309:6309] [DMG] 			Attribute = 0x0000_0000,[0m
[0;34m[1784654900.034] [6309:6309] [DMG] 		}[0m
[0;34m[1784654900.034] [6309:6309] [DMG] 			[0m
[0;34m[1784654900.034] [6309:6309] [DMG] 		AttributePathIB =[0m
[0;34m[1784654900.034] [6309:6309] [DMG] 		{[0m
[0;34m[1784654900.034] [6309:6309] [DMG] 			Endpoint = 0x0,[0m
[0;34m[1784654900.034] [6309:6309] [DMG] 			Cluster = 0x30,[0m
[0;34m[1784654900.034] [6309:6309] [DMG] 			Attribute = 0x0000_0001,[0m
[0;34m[1784654900.034] [6309:6309] [DMG] 		}[0m
[0;34m[1784654900.034] [6309:6309] [DMG] 			[0m
[0;34m[1784654900.034] [6309:6309] [DMG] 		AttributePathIB =[0m
[0;34m[1784654900.034] [6309:6309] [DMG] 		{[0m
[0;34m[1784654900.034] [6309:6309] [DMG] 			Endpoint = 0x0,[0m
[0;34m[1784654900.034] [6309:6309] [DMG] 			Cluster = 0x30,[0m
[0;34m[1784654900.034] [6309:6309] [DMG] 			Attribute = 0x0000_0002,[0m
[0;34m[1784654900.034] [6309:6309] [DMG] 		}[0m
[0;34m[1784654900.034] [6309:6309] [DMG] 			[0m
[0;34m[1784654900.034] [6309:6309] [DMG] 		AttributePathIB =[0m
[0;34m[1784654900.034] [6309:6309] [DMG] 		{[0m
[0;34m[1784654900.034] [6309:6309] [DMG] 			Endpoint = 0x0,[0m
[0;34m[1784654900.034] [6309:6309] [DMG] 			Cluster = 0x30,[0m
[0;34m[1784654900.034] [6309:6309] [DMG] 			Attribute = 0x0000_0003,[0m
[0;34m[1784654900.034] [6309:6309] [DMG] 		}[0m
[0;34m[1784654900.034] [6309:6309] [DMG] 			[0m
[0;34m[1784654900.034] [6309:6309] [DMG] 		AttributePathIB =[0m
[0;34m[1784654900.034] [6309:6309] [DMG] 		{[0m
[0;34m[1784654900.034] [6309:6309] [DMG] 			Endpoint = 0x0,[0m
[0;34m[1784654900.034] [6309:6309] [DMG] 			Cluster = 0x30,[0m
[0;34m[1784654900.034] [6309:6309] [DMG] 			Attribute = 0x0000_000C,[0m
[0;34m[1784654900.034] [6309:6309] [DMG] 		}[0m
[0;34m[1784654900.034] [6309:6309] [DMG] 			[0m
[0;34m[1784654900.034] [6309:6309] [DMG] 		AttributePathIB =[0m
[0;34m[1784654900.034] [6309:6309] [DMG] 		{[0m
[0;34m[1784654900.034] [6309:6309] [DMG] 			Endpoint = 0x0,[0m
[0;34m[1784654900.034] [6309:6309] [DMG] 			Cluster = 0x28,[0m
[0;34m[1784654900.034] [6309:6309] [DMG] 			Attribute = 0x0000_0002,[0m
[0;34m[1784654900.034] [6309:6309] [DMG] 		}[0m
[0;34m[1784654900.034] [6309:6309] [DMG] 			[0m
[0;34m[1784654900.034] [6309:6309] [DMG] 		AttributePathIB =[0m
[0;34m[1784654900.034] [6309:6309] [DMG] 		{[0m
[0;34m[1784654900.034] [6309:6309] [DMG] 			Endpoint = 0x0,[0m
[0;34m[1784654900.034] [6309:6309] [DMG] 			Cluster = 0x28,[0m
[0;34m[1784654900.034] [6309:6309] [DMG] 			Attribute = 0x0000_0004,[0m
[0;34m[1784654900.034] [6309:6309] [DMG] 		}[0m
[0;34m[1784654900.034] [6309:6309] [DMG] 			[0m
[0;34m[1784654900.034] [6309:6309] [DMG] 		AttributePathIB =[0m
[0;34m[1784654900.034] [6309:6309] [DMG] 		{[0m
[0;34m[1784654900.034] [6309:6309] [DMG] 			Endpoint = 0x0,[0m
[0;34m[1784654900.034] [6309:6309] [DMG] 			Cluster = 0x38,[0m
[0;34m[1784654900.034] [6309:6309] [DMG] 		}[0m
[0;34m[1784654900.034] [6309:6309] [DMG] 			[0m
[0;34m[1784654900.034] [6309:6309] [DMG] 	],[0m
[0;34m[1784654900.034] [6309:6309] [DMG] 		[0m
[0;34m[1784654900.034] [6309:6309] [DMG] 	isFabricFiltered = false, [0m
[0;34m[1784654900.034] [6309:6309] [DMG] 	InteractionModelRevision = 12[0m
[0;34m[1784654900.034] [6309:6309] [DMG] },[0m
[0;34m[1784654900.034] [6309:6309] [DMG] IM RH moving to [CanStartReporting][0m
[0;34m[1784654900.034] [6309:6309] [DMG] Building Reports for ReadHandler with LastReportGeneration = 0x0000000000000000 DirtyGeneration = 0x0000000000000000[0m
[0;34m[1784654900.034] [6309:6309] [DMG] <RE:Run> Cluster 38, Attribute 0 is dirty[0m
[0;32m[1784654900.034] [6309:6309] [DMG] AccessControl: checking f=0 a=p s=0xFFFFFFFB00000000 t= c=0x0000_0038 e=0 p=v r=r[0m
[0;32m[1784654900.034] [6309:6309] [DMG] AccessControl: implicit admin (PASE)[0m
[0;32m[1784654900.034] [6309:6309] [DMG] AccessControl: checking f=0 a=p s=0xFFFFFFFB00000000 t= c=0x0000_0038 e=0 p=v r=r[0m
[0;32m[1784654900.034] [6309:6309] [DMG] AccessControl: implicit admin (PASE)[0m
[0;34m[1784654900.034] [6309:6309] [DMG] Reading attribute: Cluster=0x0000_0038 Endpoint=0x0 AttributeId=0x0000_0000 (expanded=1)[0m
[0;34m[1784654900.034] [6309:6309] [DMG] <RE:Run> Cluster 38, Attribute 1 is dirty[0m
[0;32m[1784654900.034] [6309:6309] [DMG] AccessControl: checking f=0 a=p s=0xFFFFFFFB00000000 t= c=0x0000_0038 e=0 p=v r=r[0m
[0;32m[1784654900.034] [6309:6309] [DMG] AccessControl: implicit admin (PASE)[0m
[0;32m[1784654900.034] [6309:6309] [DMG] AccessControl: checking f=0 a=p s=0xFFFFFFFB00000000 t= c=0x0000_0038 e=0 p=v r=r[0m
[0;32m[1784654900.034] [6309:6309] [DMG] AccessControl: implicit admin (PASE)[0m
[0;34m[1784654900.034] [6309:6309] [DMG] Reading attribute: Cluster=0x0000_0038 Endpoint=0x0 AttributeId=0x0000_0001 (expanded=1)[0m
[0;34m[1784654900.034] [6309:6309] [DMG] <RE:Run> Cluster 38, Attribute 2 is dirty[0m
[0;32m[1784654900.034] [6309:6309] [DMG] AccessControl: checking f=0 a=p s=0xFFFFFFFB00000000 t= c=0x0000_0038 e=0 p=v r=r[0m
[0;32m[1784654900.034] [6309:6309] [DMG] AccessControl: implicit admin (PASE)[0m
[0;32m[1784654900.034] [6309:6309] [DMG] AccessControl: checking f=0 a=p s=0xFFFFFFFB00000000 t= c=0x0000_0038 e=0 p=v r=r[0m
[0;32m[1784654900.034] [6309:6309] [DMG] AccessControl: implicit admin (PASE)[0m
[0;34m[1784654900.034] [6309:6309] [DMG] Reading attribute: Cluster=0x0000_0038 Endpoint=0x0 AttributeId=0x0000_0002 (expanded=1)[0m
[0;34m[1784654900.034] [6309:6309] [DMG] <RE:Run> Cluster 38, Attribute 3 is dirty[0m
[0;32m[1784654900.034] [6309:6309] [DMG] AccessControl: checking f=0 a=p s=0xFFFFFFFB00000000 t= c=0x0000_0038 e=0 p=v r=r[0m
[0;32m[1784654900.034] [6309:6309] [DMG] AccessControl: implicit admin (PASE)[0m
[0;32m[1784654900.034] [6309:6309] [DMG] AccessControl: checking f=0 a=p s=0xFFFFFFFB00000000 t= c=0x0000_0038 e=0 p=v r=r[0m
[0;32m[1784654900.034] [6309:6309] [DMG] AccessControl: implicit admin (PASE)[0m
[0;34m[1784654900.034] [6309:6309] [DMG] Reading attribute: Cluster=0x0000_0038 Endpoint=0x0 AttributeId=0x0000_0003 (expanded=1)[0m
[0;34m[1784654900.034] [6309:6309] [DMG] <RE:Run> Cluster 38, Attribute 4 is dirty[0m
[0;32m[1784654900.034] [6309:6309] [DMG] AccessControl: checking f=0 a=p s=0xFFFFFFFB00000000 t= c=0x0000_0038 e=0 p=v r=r[0m
[0;32m[1784654900.034] [6309:6309] [DMG] AccessControl: implicit admin (PASE)[0m
[0;32m[1784654900.034] [6309:6309] [DMG] AccessControl: checking f=0 a=p s=0xFFFFFFFB00000000 t= c=0x0000_0038 e=0 p=v r=r[0m
[0;32m[1784654900.034] [6309:6309] [DMG] AccessControl: implicit admin (PASE)[0m
[0;34m[1784654900.034] [6309:6309] [DMG] Reading attribute: Cluster=0x0000_0038 Endpoint=0x0 AttributeId=0x0000_0004 (expanded=1)[0m
[0;34m[1784654900.034] [6309:6309] [DMG] <RE:Run> Cluster 38, Attribute 5 is dirty[0m
[0;32m[1784654900.034] [6309:6309] [DMG] AccessControl: checking f=0 a=p s=0xFFFFFFFB00000000 t= c=0x0000_0038 e=0 p=v r=r[0m
[0;32m[1784654900.034] [6309:6309] [DMG] AccessControl: implicit admin (PASE)[0m
[0;32m[1784654900.034] [6309:6309] [DMG] AccessControl: checking f=0 a=p s=0xFFFFFFFB00000000 t= c=0x0000_0038 e=0 p=v r=r[0m
[0;32m[1784654900.034] [6309:6309] [DMG] AccessControl: implicit admin (PASE)[0m
[0;34m[1784654900.034] [6309:6309] [DMG] Reading attribute: Cluster=0x0000_0038 Endpoint=0x0 AttributeId=0x0000_0005 (expanded=1)[0m
[0;34m[1784654900.034] [6309:6309] [DMG] <RE:Run> Cluster 38, Attribute 6 is dirty[0m
[0;32m[1784654900.034] [6309:6309] [DMG] AccessControl: checking f=0 a=p s=0xFFFFFFFB00000000 t= c=0x0000_0038 e=0 p=v r=r[0m
[0;32m[1784654900.034] [6309:6309] [DMG] AccessControl: implicit admin (PASE)[0m
[0;32m[1784654900.034] [6309:6309] [DMG] AccessControl: checking f=0 a=p s=0xFFFFFFFB00000000 t= c=0x0000_0038 e=0 p=v r=r[0m
[0;32m[1784654900.034] [6309:6309] [DMG] AccessControl: implicit admin (PASE)[0m
[0;34m[1784654900.034] [6309:6309] [DMG] Reading attribute: Cluster=0x0000_0038 Endpoint=0x0 AttributeId=0x0000_0006 (expanded=1)[0m
[0;34m[1784654900.034] [6309:6309] [DMG] <RE:Run> Cluster 38, Attribute 7 is dirty[0m
[0;32m[1784654900.034] [6309:6309] [DMG] AccessControl: checking f=0 a=p s=0xFFFFFFFB00000000 t= c=0x0000_0038 e=0 p=v r=r[0m
[0;32m[1784654900.034] [6309:6309] [DMG] AccessControl: implicit admin (PASE)[0m
[0;32m[1784654900.034] [6309:6309] [DMG] AccessControl: checking f=0 a=p s=0xFFFFFFFB00000000 t= c=0x0000_0038 e=0 p=v r=r[0m
[0;32m[1784654900.034] [6309:6309] [DMG] AccessControl: implicit admin (PASE)[0m
[0;34m[1784654900.034] [6309:6309] [DMG] Reading attribute: Cluster=0x0000_0038 Endpoint=0x0 AttributeId=0x0000_0007 (expanded=1)[0m
[0;34m[1784654900.034] [6309:6309] [DMG] <RE:Run> Cluster 38, Attribute 8 is dirty[0m
[0;32m[1784654900.034] [6309:6309] [DMG] AccessControl: checking f=0 a=p s=0xFFFFFFFB00000000 t= c=0x0000_0038 e=0 p=v r=r[0m
[0;32m[1784654900.034] [6309:6309] [DMG] AccessControl: implicit admin (PASE)[0m
[0;32m[1784654900.034] [6309:6309] [DMG] AccessControl: checking f=0 a=p s=0xFFFFFFFB00000000 t= c=0x0000_0038 e=0 p=v r=r[0m
[0;32m[1784654900.034] [6309:6309] [DMG] AccessControl: implicit admin (PASE)[0m
[0;34m[1784654900.034] [6309:6309] [DMG] Reading attribute: Cluster=0x0000_0038 Endpoint=0x0 AttributeId=0x0000_0008 (expanded=1)[0m
[0;34m[1784654900.034] [6309:6309] [DMG] <RE:Run> Cluster 38, Attribute a is dirty[0m
[0;32m[1784654900.034] [6309:6309] [DMG] AccessControl: checking f=0 a=p s=0xFFFFFFFB00000000 t= c=0x0000_0038 e=0 p=v r=r[0m
[0;32m[1784654900.034] [6309:6309] [DMG] AccessControl: implicit admin (PASE)[0m
[0;32m[1784654900.034] [6309:6309] [DMG] AccessControl: checking f=0 a=p s=0xFFFFFFFB00000000 t= c=0x0000_0038 e=0 p=v r=r[0m
[0;32m[1784654900.034] [6309:6309] [DMG] AccessControl: implicit admin (PASE)[0m
[0;34m[1784654900.034] [6309:6309] [DMG] Reading attribute: Cluster=0x0000_0038 Endpoint=0x0 AttributeId=0x0000_000A (expanded=1)[0m
[0;34m[1784654900.034] [6309:6309] [DMG] <RE:Run> Cluster 38, Attribute b is dirty[0m
[0;32m[1784654900.034] [6309:6309] [DMG] AccessControl: checking f=0 a=p s=0xFFFFFFFB00000000 t= c=0x0000_0038 e=0 p=v r=r[0m
[0;32m[1784654900.034] [6309:6309] [DMG] AccessControl: implicit admin (PASE)[0m
[0;32m[1784654900.034] [6309:6309] [DMG] AccessControl: checking f=0 a=p s=0xFFFFFFFB00000000 t= c=0x0000_0038 e=0 p=v r=r[0m
[0;32m[1784654900.034] [6309:6309] [DMG] AccessControl: implicit admin (PASE)[0m
[0;34m[1784654900.034] [6309:6309] [DMG] Reading attribute: Cluster=0x0000_0038 Endpoint=0x0 AttributeId=0x0000_000B (expanded=1)[0m
[0;34m[1784654900.034] [6309:6309] [DMG] <RE:Run> Cluster 38, Attribute c is dirty[0m
[0;32m[1784654900.034] [6309:6309] [DMG] AccessControl: checking f=0 a=p s=0xFFFFFFFB00000000 t= c=0x0000_0038 e=0 p=v r=r[0m
[0;32m[1784654900.034] [6309:6309] [DMG] AccessControl: implicit admin (PASE)[0m
[0;32m[1784654900.034] [6309:6309] [DMG] AccessControl: checking f=0 a=p s=0xFFFFFFFB00000000 t= c=0x0000_0038 e=0 p=v r=r[0m
[0;32m[1784654900.034] [6309:6309] [DMG] AccessControl: implicit admin (PASE)[0m
[0;34m[1784654900.034] [6309:6309] [DMG] Reading attribute: Cluster=0x0000_0038 Endpoint=0x0 AttributeId=0x0000_000C (expanded=1)[0m
[0;34m[1784654900.034] [6309:6309] [DMG] <RE:Run> Cluster 38, Attribute fffc is dirty[0m
[0;32m[1784654900.034] [6309:6309] [DMG] AccessControl: checking f=0 a=p s=0xFFFFFFFB00000000 t= c=0x0000_0038 e=0 p=v r=r[0m
[0;32m[1784654900.034] [6309:6309] [DMG] AccessControl: implicit admin (PASE)[0m
[0;32m[1784654900.034] [6309:6309] [DMG] AccessControl: checking f=0 a=p s=0xFFFFFFFB00000000 t= c=0x0000_0038 e=0 p=v r=r[0m
[0;32m[1784654900.034] [6309:6309] [DMG] AccessControl: implicit admin (PASE)[0m
[0;34m[1784654900.034] [6309:6309] [DMG] Reading attribute: Cluster=0x0000_0038 Endpoint=0x0 AttributeId=0x0000_FFFC (expanded=1)[0m
[0;34m[1784654900.034] [6309:6309] [DMG] <RE:Run> Cluster 38, Attribute fffd is dirty[0m
[0;32m[1784654900.034] [6309:6309] [DMG] AccessControl: checking f=0 a=p s=0xFFFFFFFB00000000 t= c=0x0000_0038 e=0 p=v r=r[0m
[0;32m[1784654900.034] [6309:6309] [DMG] AccessControl: implicit admin (PASE)[0m
[0;32m[1784654900.034] [6309:6309] [DMG] AccessControl: checking f=0 a=p s=0xFFFFFFFB00000000 t= c=0x0000_0038 e=0 p=v r=r[0m
[0;32m[1784654900.034] [6309:6309] [DMG] AccessControl: implicit admin (PASE)[0m
[0;34m[1784654900.034] [6309:6309] [DMG] Reading attribute: Cluster=0x0000_0038 Endpoint=0x0 AttributeId=0x0000_FFFD (expanded=1)[0m
[0;34m[1784654900.034] [6309:6309] [DMG] <RE:Run> Cluster 38, Attribute fff8 is dirty[0m
[0;32m[1784654900.034] [6309:6309] [DMG] AccessControl: checking f=0 a=p s=0xFFFFFFFB00000000 t= c=0x0000_0038 e=0 p=v r=r[0m
[0;32m[1784654900.034] [6309:6309] [DMG] AccessControl: implicit admin (PASE)[0m
[0;32m[1784654900.034] [6309:6309] [DMG] AccessControl: checking f=0 a=p s=0xFFFFFFFB00000000 t= c=0x0000_0038 e=0 p=v r=r[0m
[0;32m[1784654900.034] [6309:6309] [DMG] AccessControl: implicit admin (PASE)[0m
[0;34m[1784654900.034] [6309:6309] [DMG] <RE:Run> Cluster 38, Attribute fff9 is dirty[0m
[0;32m[1784654900.034] [6309:6309] [DMG] AccessControl: checking f=0 a=p s=0xFFFFFFFB00000000 t= c=0x0000_0038 e=0 p=v r=r[0m
[0;32m[1784654900.034] [6309:6309] [DMG] AccessControl: implicit admin (PASE)[0m
[0;32m[1784654900.034] [6309:6309] [DMG] AccessControl: checking f=0 a=p s=0xFFFFFFFB00000000 t= c=0x0000_0038 e=0 p=v r=r[0m
[0;32m[1784654900.034] [6309:6309] [DMG] AccessControl: implicit admin (PASE)[0m
[0;34m[1784654900.034] [6309:6309] [DMG] <RE:Run> Cluster 38, Attribute fffb is dirty[0m
[0;32m[1784654900.034] [6309:6309] [DMG] AccessControl: checking f=0 a=p s=0xFFFFFFFB00000000 t= c=0x0000_0038 e=0 p=v r=r[0m
[0;32m[1784654900.034] [6309:6309] [DMG] AccessControl: implicit admin (PASE)[0m
[0;32m[1784654900.034] [6309:6309] [DMG] AccessControl: checking f=0 a=p s=0xFFFFFFFB00000000 t= c=0x0000_0038 e=0 p=v r=r[0m
[0;32m[1784654900.034] [6309:6309] [DMG] AccessControl: implicit admin (PASE)[0m
[0;34m[1784654900.034] [6309:6309] [DMG] <RE:Run> Cluster 28, Attribute 4 is dirty[0m
[0;32m[1784654900.035] [6309:6309] [DMG] AccessControl: checking f=0 a=p s=0xFFFFFFFB00000000 t= c=0x0000_0028 e=0 p=v r=r[0m
[0;32m[1784654900.035] [6309:6309] [DMG] AccessControl: implicit admin (PASE)[0m
[0;32m[1784654900.035] [6309:6309] [DMG] AccessControl: checking f=0 a=p s=0xFFFFFFFB00000000 t= c=0x0000_0028 e=0 p=v r=r[0m
[0;32m[1784654900.035] [6309:6309] [DMG] AccessControl: implicit admin (PASE)[0m
[0;34m[1784654900.035] [6309:6309] [DMG] Reading attribute: Cluster=0x0000_0028 Endpoint=0x0 AttributeId=0x0000_0004 (expanded=0)[0m
[0;34m[1784654900.035] [6309:6309] [DMG] <RE:Run> Cluster 28, Attribute 2 is dirty[0m
[0;32m[1784654900.035] [6309:6309] [DMG] AccessControl: checking f=0 a=p s=0xFFFFFFFB00000000 t= c=0x0000_0028 e=0 p=v r=r[0m
[0;32m[1784654900.035] [6309:6309] [DMG] AccessControl: implicit admin (PASE)[0m
[0;32m[1784654900.035] [6309:6309] [DMG] AccessControl: checking f=0 a=p s=0xFFFFFFFB00000000 t= c=0x0000_0028 e=0 p=v r=r[0m
[0;32m[1784654900.035] [6309:6309] [DMG] AccessControl: implicit admin (PASE)[0m
[0;34m[1784654900.035] [6309:6309] [DMG] Reading attribute: Cluster=0x0000_0028 Endpoint=0x0 AttributeId=0x0000_0002 (expanded=0)[0m
[0;34m[1784654900.035] [6309:6309] [DMG] <RE:Run> Cluster 30, Attribute c is dirty[0m
[0;32m[1784654900.035] [6309:6309] [DMG] AccessControl: checking f=0 a=p s=0xFFFFFFFB00000000 t= c=0x0000_0030 e=0 p=v r=r[0m
[0;32m[1784654900.035] [6309:6309] [DMG] AccessControl: implicit admin (PASE)[0m
[1;31m[1784654900.035] [6309:6309] [DMG] Failed to read attribute: UNSUPPORTED_ATTRIBUTE(134)[0m
[1;31m[1784654900.035] [6309:6309] [DMG] Fail to retrieve data, roll back and encode status on clusterId: 0x0000_0030, attributeId: 0x0000_000Cerr = src/app/data-model-provider/ActionReturnStatus.cpp:104: IM Error 0x00000586: General error: 0x86 (UNSUPPORTED_ATTRIBUTE)[0m
[0;34m[1784654900.035] [6309:6309] [DMG] <RE:Run> Cluster 30, Attribute 3 is dirty[0m
[0;32m[1784654900.035] [6309:6309] [DMG] AccessControl: checking f=0 a=p s=0xFFFFFFFB00000000 t= c=0x0000_0030 e=0 p=v r=r[0m
[0;32m[1784654900.035] [6309:6309] [DMG] AccessControl: implicit admin (PASE)[0m
[0;32m[1784654900.035] [6309:6309] [DMG] AccessControl: checking f=0 a=p s=0xFFFFFFFB00000000 t= c=0x0000_0030 e=0 p=v r=r[0m
[0;32m[1784654900.035] [6309:6309] [DMG] AccessControl: implicit admin (PASE)[0m
[0;34m[1784654900.035] [6309:6309] [DMG] Reading attribute: Cluster=0x0000_0030 Endpoint=0x0 AttributeId=0x0000_0003 (expanded=0)[0m
[0;34m[1784654900.035] [6309:6309] [DMG] <RE:Run> Cluster 30, Attribute 2 is dirty[0m
[0;32m[1784654900.035] [6309:6309] [DMG] AccessControl: checking f=0 a=p s=0xFFFFFFFB00000000 t= c=0x0000_0030 e=0 p=v r=r[0m
[0;32m[1784654900.035] [6309:6309] [DMG] AccessControl: implicit admin (PASE)[0m
[0;32m[1784654900.035] [6309:6309] [DMG] AccessControl: checking f=0 a=p s=0xFFFFFFFB00000000 t= c=0x0000_0030 e=0 p=v r=r[0m
[0;32m[1784654900.035] [6309:6309] [DMG] AccessControl: implicit admin (PASE)[0m
[0;34m[1784654900.035] [6309:6309] [DMG] Reading attribute: Cluster=0x0000_0030 Endpoint=0x0 AttributeId=0x0000_0002 (expanded=0)[0m
[0;34m[1784654900.035] [6309:6309] [DMG] <RE:Run> Cluster 30, Attribute 1 is dirty[0m
[0;32m[1784654900.035] [6309:6309] [DMG] AccessControl: checking f=0 a=p s=0xFFFFFFFB00000000 t= c=0x0000_0030 e=0 p=v r=r[0m
[0;32m[1784654900.035] [6309:6309] [DMG] AccessControl: implicit admin (PASE)[0m
[0;32m[1784654900.035] [6309:6309] [DMG] AccessControl: checking f=0 a=p s=0xFFFFFFFB00000000 t= c=0x0000_0030 e=0 p=v r=r[0m
[0;32m[1784654900.035] [6309:6309] [DMG] AccessControl: implicit admin (PASE)[0m
[0;34m[1784654900.035] [6309:6309] [DMG] Reading attribute: Cluster=0x0000_0030 Endpoint=0x0 AttributeId=0x0000_0001 (expanded=0)[0m
[0;34m[1784654900.035] [6309:6309] [DMG] <RE:Run> Cluster 30, Attribute 0 is dirty[0m
[0;32m[1784654900.035] [6309:6309] [DMG] AccessControl: checking f=0 a=p s=0xFFFFFFFB00000000 t= c=0x0000_0030 e=0 p=v r=r[0m
[0;32m[1784654900.035] [6309:6309] [DMG] AccessControl: implicit admin (PASE)[0m
[0;32m[1784654900.035] [6309:6309] [DMG] AccessControl: checking f=0 a=p s=0xFFFFFFFB00000000 t= c=0x0000_0030 e=0 p=v r=r[0m
[0;32m[1784654900.035] [6309:6309] [DMG] AccessControl: implicit admin (PASE)[0m
[0;34m[1784654900.035] [6309:6309] [DMG] Reading attribute: Cluster=0x0000_0030 Endpoint=0x0 AttributeId=0x0000_0000 (expanded=0)[0m
[0;34m[1784654900.035] [6309:6309] [DMG] <RE:Run> Cluster 30, Attribute 4 is dirty[0m
[0;32m[1784654900.035] [6309:6309] [DMG] AccessControl: checking f=0 a=p s=0xFFFFFFFB00000000 t= c=0x0000_0030 e=0 p=v r=r[0m
[0;32m[1784654900.035] [6309:6309] [DMG] AccessControl: implicit admin (PASE)[0m
[0;32m[1784654900.035] [6309:6309] [DMG] AccessControl: checking f=0 a=p s=0xFFFFFFFB00000000 t= c=0x0000_0030 e=0 p=v r=r[0m
[0;32m[1784654900.035] [6309:6309] [DMG] AccessControl: implicit admin (PASE)[0m
[0;34m[1784654900.035] [6309:6309] [DMG] Reading attribute: Cluster=0x0000_0030 Endpoint=0x0 AttributeId=0x0000_0004 (expanded=0)[0m
[0;34m[1784654900.035] [6309:6309] [DMG] <RE> Sending report (payload has 732 bytes)...[0m
[0;32m[1784654900.035] [6309:6309] [EM] <<< [E:19878r S:14693 M:260475637 (Ack:151084254)] (S) Msg TX from 0000000000000000 to 0:FFFFFFFB00000000 [0000] [UDP:[fe80::bfe:a203:38f0:bce7%enp0s3]:50871] --- Type 0001:05 (IM:ReportData) (B:766)[0m
[0;32m[1784654900.035] [6309:6309] [EM] ??1 [E:19878r S:14693 M:260475637] (S) Msg Retransmission to 0:FFFFFFFB00000000 scheduled for 355ms from now [State:Active II:500 AI:300 AT:4000][0m
[0;34m[1784654900.035] [6309:6309] [DMG] <RE> OnReportConfirm: NumReports = 0[0m
[0;34m[1784654900.035] [6309:6309] [DMG] <RE> ReportsInFlight = 0 with readHandler 0, RE has no more messages[0m
[0;34m[1784654900.035] [6309:6309] [DMG] IM RH moving to [AwaitingDestruction][0m
[0;34m[1784654900.035] [6309:6309] [DMG] All ReadHandler-s are clean, clear GlobalDirtySet[0m
[0;32m[1784654900.035] [6309:6309] [EM] >>> [E:19877r S:0 M:5361039 (Ack:218595748)] (U) Msg RX from 0:A2673D1EE573B7C8 [0000] to 0000000000000000 --- Type 0000:10 (SecureChannel:StandaloneAck) (B:26)[0m
[0;34m[1784654900.035] [6309:6309] [EM] Found matching exchange: 19877r, Delegate: (nil)[0m
[0;34m[1784654900.035] [6309:6309] [EM] Rxd Ack; Removing MessageCounter:218595748 from Retrans Table on exchange 19877r[0m
[0;32m[1784654900.037] [6309:6309] [EM] >>> [E:19879r S:14693 M:151084255] (S) Msg RX from 0:FFFFFFFB00000000 [0000] to 0000000000000000 --- Type 0001:02 (IM:ReadRequest) (B:112)[0m
[0;34m[1784654900.037] [6309:6309] [EM] Handling via exchange: 19879r, Delegate: 0x61331fa37ac8[0m
[0;34m[1784654900.037] [6309:6309] [IM] Received Read request[0m
[0;34m[1784654900.037] [6309:6309] [DMG] ReadRequestMessage =[0m
[0;34m[1784654900.037] [6309:6309] [DMG] {[0m
[0;34m[1784654900.037] [6309:6309] [DMG] 	AttributePathIBs =[0m
[0;34m[1784654900.037] [6309:6309] [DMG] 	[[0m
[0;34m[1784654900.037] [6309:6309] [DMG] 		AttributePathIB =[0m
[0;34m[1784654900.037] [6309:6309] [DMG] 		{[0m
[0;34m[1784654900.037] [6309:6309] [DMG] 			Cluster = 0x31,[0m
[0;34m[1784654900.037] [6309:6309] [DMG] 			Attribute = 0x0000_FFFC,[0m
[0;34m[1784654900.037] [6309:6309] [DMG] 		}[0m
[0;34m[1784654900.037] [6309:6309] [DMG] 			[0m
[0;34m[1784654900.037] [6309:6309] [DMG] 		AttributePathIB =[0m
[0;34m[1784654900.037] [6309:6309] [DMG] 		{[0m
[0;34m[1784654900.037] [6309:6309] [DMG] 			Cluster = 0x31,[0m
[0;34m[1784654900.037] [6309:6309] [DMG] 			Attribute = 0x0000_0003,[0m
[0;34m[1784654900.037] [6309:6309] [DMG] 		}[0m
[0;34m[1784654900.037] [6309:6309] [DMG] 			[0m
[0;34m[1784654900.037] [6309:6309] [DMG] 		AttributePathIB =[0m
[0;34m[1784654900.037] [6309:6309] [DMG] 		{[0m
[0;34m[1784654900.037] [6309:6309] [DMG] 			Endpoint = 0x0,[0m
[0;34m[1784654900.037] [6309:6309] [DMG] 			Cluster = 0x46,[0m
[0;34m[1784654900.037] [6309:6309] [DMG] 			Attribute = 0x0000_0006,[0m
[0;34m[1784654900.037] [6309:6309] [DMG] 		}[0m
[0;34m[1784654900.037] [6309:6309] [DMG] 			[0m
[0;34m[1784654900.037] [6309:6309] [DMG] 		AttributePathIB =[0m
[0;34m[1784654900.037] [6309:6309] [DMG] 		{[0m
[0;34m[1784654900.037] [6309:6309] [DMG] 			Endpoint = 0x0,[0m
[0;34m[1784654900.037] [6309:6309] [DMG] 			Cluster = 0x46,[0m
[0;34m[1784654900.037] [6309:6309] [DMG] 			Attribute = 0x0000_0007,[0m
[0;34m[1784654900.037] [6309:6309] [DMG] 		}[0m
[0;34m[1784654900.037] [6309:6309] [DMG] 			[0m
[0;34m[1784654900.037] [6309:6309] [DMG] 		AttributePathIB =[0m
[0;34m[1784654900.037] [6309:6309] [DMG] 		{[0m
[0;34m[1784654900.037] [6309:6309] [DMG] 			Endpoint = 0x0,[0m
[0;34m[1784654900.037] [6309:6309] [DMG] 			Cluster = 0x46,[0m
[0;34m[1784654900.037] [6309:6309] [DMG] 			Attribute = 0x0000_0000,[0m
[0;34m[1784654900.037] [6309:6309] [DMG] 		}[0m
[0;34m[1784654900.037] [6309:6309] [DMG] 			[0m
[0;34m[1784654900.037] [6309:6309] [DMG] 		AttributePathIB =[0m
[0;34m[1784654900.037] [6309:6309] [DMG] 		{[0m
[0;34m[1784654900.037] [6309:6309] [DMG] 			Endpoint = 0x0,[0m
[0;34m[1784654900.037] [6309:6309] [DMG] 			Cluster = 0x46,[0m
[0;34m[1784654900.037] [6309:6309] [DMG] 			Attribute = 0x0000_0001,[0m
[0;34m[1784654900.037] [6309:6309] [DMG] 		}[0m
[0;34m[1784654900.037] [6309:6309] [DMG] 			[0m
[0;34m[1784654900.037] [6309:6309] [DMG] 		AttributePathIB =[0m
[0;34m[1784654900.037] [6309:6309] [DMG] 		{[0m
[0;34m[1784654900.037] [6309:6309] [DMG] 			Endpoint = 0x0,[0m
[0;34m[1784654900.037] [6309:6309] [DMG] 			Cluster = 0x46,[0m
[0;34m[1784654900.037] [6309:6309] [DMG] 			Attribute = 0x0000_0002,[0m
[0;34m[1784654900.037] [6309:6309] [DMG] 		}[0m
[0;34m[1784654900.037] [6309:6309] [DMG] 			[0m
[0;34m[1784654900.037] [6309:6309] [DMG] 	],[0m
[0;34m[1784654900.037] [6309:6309] [DMG] 		[0m
[0;34m[1784654900.037] [6309:6309] [DMG] 	isFabricFiltered = false, [0m
[0;34m[1784654900.037] [6309:6309] [DMG] 	InteractionModelRevision = 12[0m
[0;34m[1784654900.037] [6309:6309] [DMG] },[0m
[0;34m[1784654900.037] [6309:6309] [DMG] IM RH moving to [CanStartReporting][0m
[0;34m[1784654900.037] [6309:6309] [DMG] Building Reports for ReadHandler with LastReportGeneration = 0x0000000000000000 DirtyGeneration = 0x0000000000000000[0m
[0;34m[1784654900.037] [6309:6309] [DMG] <RE:Run> Cluster 46, Attribute 2 is dirty[0m
[1;31m[1784654900.037] [6309:6309] [DMG] Read request on unknown cluster - no data version available[0m
[0;32m[1784654900.037] [6309:6309] [DMG] AccessControl: checking f=0 a=p s=0xFFFFFFFB00000000 t= c=0x0000_0046 e=0 p=v r=r[0m
[0;32m[1784654900.037] [6309:6309] [DMG] AccessControl: implicit admin (PASE)[0m
[1;31m[1784654900.037] [6309:6309] [DMG] Failed to read attribute: UNSUPPORTED_CLUSTER(195)[0m
[1;31m[1784654900.037] [6309:6309] [DMG] Fail to retrieve data, roll back and encode status on clusterId: 0x0000_0046, attributeId: 0x0000_0002err = src/app/data-model-provider/ActionReturnStatus.cpp:104: IM Error 0x000005C3: General error: 0xc3 (UNSUPPORTED_CLUSTER)[0m
[0;34m[1784654900.037] [6309:6309] [DMG] <RE:Run> Cluster 46, Attribute 1 is dirty[0m
[1;31m[1784654900.037] [6309:6309] [DMG] Read request on unknown cluster - no data version available[0m
[0;32m[1784654900.037] [6309:6309] [DMG] AccessControl: checking f=0 a=p s=0xFFFFFFFB00000000 t= c=0x0000_0046 e=0 p=v r=r[0m
[0;32m[1784654900.037] [6309:6309] [DMG] AccessControl: implicit admin (PASE)[0m
[1;31m[1784654900.037] [6309:6309] [DMG] Failed to read attribute: UNSUPPORTED_CLUSTER(195)[0m
[1;31m[1784654900.037] [6309:6309] [DMG] Fail to retrieve data, roll back and encode status on clusterId: 0x0000_0046, attributeId: 0x0000_0001err = src/app/data-model-provider/ActionReturnStatus.cpp:104: IM Error 0x000005C3: General error: 0xc3 (UNSUPPORTED_CLUSTER)[0m
[0;34m[1784654900.037] [6309:6309] [DMG] <RE:Run> Cluster 46, Attribute 0 is dirty[0m
[1;31m[1784654900.037] [6309:6309] [DMG] Read request on unknown cluster - no data version available[0m
[0;32m[1784654900.037] [6309:6309] [DMG] AccessControl: checking f=0 a=p s=0xFFFFFFFB00000000 t= c=0x0000_0046 e=0 p=v r=r[0m
[0;32m[1784654900.037] [6309:6309] [DMG] AccessControl: implicit admin (PASE)[0m
[1;31m[1784654900.037] [6309:6309] [DMG] Failed to read attribute: UNSUPPORTED_CLUSTER(195)[0m
[1;31m[1784654900.037] [6309:6309] [DMG] Fail to retrieve data, roll back and encode status on clusterId: 0x0000_0046, attributeId: 0x0000_0000err = src/app/data-model-provider/ActionReturnStatus.cpp:104: IM Error 0x000005C3: General error: 0xc3 (UNSUPPORTED_CLUSTER)[0m
[0;34m[1784654900.037] [6309:6309] [DMG] <RE:Run> Cluster 46, Attribute 7 is dirty[0m
[1;31m[1784654900.037] [6309:6309] [DMG] Read request on unknown cluster - no data version available[0m
[0;32m[1784654900.037] [6309:6309] [DMG] AccessControl: checking f=0 a=p s=0xFFFFFFFB00000000 t= c=0x0000_0046 e=0 p=v r=r[0m
[0;32m[1784654900.037] [6309:6309] [DMG] AccessControl: implicit admin (PASE)[0m
[1;31m[1784654900.037] [6309:6309] [DMG] Failed to read attribute: UNSUPPORTED_CLUSTER(195)[0m
[1;31m[1784654900.037] [6309:6309] [DMG] Fail to retrieve data, roll back and encode status on clusterId: 0x0000_0046, attributeId: 0x0000_0007err = src/app/data-model-provider/ActionReturnStatus.cpp:104: IM Error 0x000005C3: General error: 0xc3 (UNSUPPORTED_CLUSTER)[0m
[0;34m[1784654900.037] [6309:6309] [DMG] <RE:Run> Cluster 46, Attribute 6 is dirty[0m
[1;31m[1784654900.037] [6309:6309] [DMG] Read request on unknown cluster - no data version available[0m
[0;32m[1784654900.037] [6309:6309] [DMG] AccessControl: checking f=0 a=p s=0xFFFFFFFB00000000 t= c=0x0000_0046 e=0 p=v r=r[0m
[0;32m[1784654900.037] [6309:6309] [DMG] AccessControl: implicit admin (PASE)[0m
[1;31m[1784654900.037] [6309:6309] [DMG] Failed to read attribute: UNSUPPORTED_CLUSTER(195)[0m
[1;31m[1784654900.037] [6309:6309] [DMG] Fail to retrieve data, roll back and encode status on clusterId: 0x0000_0046, attributeId: 0x0000_0006err = src/app/data-model-provider/ActionReturnStatus.cpp:104: IM Error 0x000005C3: General error: 0xc3 (UNSUPPORTED_CLUSTER)[0m
[0;34m[1784654900.037] [6309:6309] [DMG] <RE:Run> Cluster 31, Attribute fffc is dirty[0m
[0;32m[1784654900.037] [6309:6309] [DMG] AccessControl: checking f=0 a=p s=0xFFFFFFFB00000000 t= c=0x0000_0031 e=0 p=v r=r[0m
[0;32m[1784654900.037] [6309:6309] [DMG] AccessControl: implicit admin (PASE)[0m
[0;32m[1784654900.037] [6309:6309] [DMG] AccessControl: checking f=0 a=p s=0xFFFFFFFB00000000 t= c=0x0000_0031 e=0 p=v r=r[0m
[0;32m[1784654900.037] [6309:6309] [DMG] AccessControl: implicit admin (PASE)[0m
[0;34m[1784654900.037] [6309:6309] [DMG] Reading attribute: Cluster=0x0000_0031 Endpoint=0x0 AttributeId=0x0000_FFFC (expanded=1)[0m
[0;34m[1784654900.037] [6309:6309] [DMG] <RE> Sending report (payload has 152 bytes)...[0m
[0;32m[1784654900.037] [6309:6309] [EM] <<< [E:19879r S:14693 M:260475638 (Ack:151084255)] (S) Msg TX from 0000000000000000 to 0:FFFFFFFB00000000 [0000] [UDP:[fe80::bfe:a203:38f0:bce7%enp0s3]:50871] --- Type 0001:05 (IM:ReportData) (B:186)[0m
[0;32m[1784654900.037] [6309:6309] [EM] ??1 [E:19879r S:14693 M:260475638] (S) Msg Retransmission to 0:FFFFFFFB00000000 scheduled for 393ms from now [State:Active II:500 AI:300 AT:4000][0m
[0;34m[1784654900.037] [6309:6309] [DMG] <RE> OnReportConfirm: NumReports = 0[0m
[0;34m[1784654900.037] [6309:6309] [DMG] <RE> ReportsInFlight = 0 with readHandler 0, RE has no more messages[0m
[0;34m[1784654900.037] [6309:6309] [DMG] IM RH moving to [AwaitingDestruction][0m
[0;34m[1784654900.037] [6309:6309] [DMG] All ReadHandler-s are clean, clear GlobalDirtySet[0m
[0;32m[1784654900.037] [6309:6309] [EM] >>> [E:19878r S:14693 M:151084256 (Ack:260475637)] (S) Msg RX from 0:FFFFFFFB00000000 [0000] to 0000000000000000 --- Type 0000:10 (SecureChannel:StandaloneAck) (B:34)[0m
[0;34m[1784654900.037] [6309:6309] [EM] Found matching exchange: 19878r, Delegate: (nil)[0m
[0;34m[1784654900.037] [6309:6309] [EM] Rxd Ack; Removing MessageCounter:260475637 from Retrans Table on exchange 19878r[0m
[0;32m[1784654900.038] [6309:6309] [EM] >>> [E:19880r S:14693 M:151084257] (S) Msg RX from 0:FFFFFFFB00000000 [0000] to 0000000000000000 --- Type 0001:08 (IM:InvokeCommandRequest) (B:65)[0m
[0;34m[1784654900.038] [6309:6309] [EM] Handling via exchange: 19880r, Delegate: 0x61331fa37ac8[0m
[0;34m[1784654900.038] [6309:6309] [DMG] InvokeRequestMessage =[0m
[0;34m[1784654900.038] [6309:6309] [DMG] {[0m
[0;34m[1784654900.038] [6309:6309] [DMG] 	suppressResponse = false, [0m
[0;34m[1784654900.038] [6309:6309] [DMG] 	timedRequest = false, [0m
[0;34m[1784654900.038] [6309:6309] [DMG] 	InvokeRequests =[0m
[0;34m[1784654900.038] [6309:6309] [DMG] 	[[0m
[0;34m[1784654900.038] [6309:6309] [DMG] 		CommandDataIB =[0m
[0;34m[1784654900.038] [6309:6309] [DMG] 		{[0m
[0;34m[1784654900.038] [6309:6309] [DMG] 			CommandPathIB =[0m
[0;34m[1784654900.038] [6309:6309] [DMG] 			{[0m
[0;34m[1784654900.038] [6309:6309] [DMG] 				EndpointId = 0x0,[0m
[0;34m[1784654900.038] [6309:6309] [DMG] 				ClusterId = 0x30,[0m
[0;34m[1784654900.038] [6309:6309] [DMG] 				CommandId = 0x0,[0m
[0;34m[1784654900.038] [6309:6309] [DMG] 			},[0m
[0;34m[1784654900.038] [6309:6309] [DMG] 			[0m
[0;34m[1784654900.038] [6309:6309] [DMG] 			CommandFields = [0m
[0;34m[1784654900.038] [6309:6309] [DMG] 			{[0m
[0;34m[1784654900.038] [6309:6309] [DMG] 				0x0 = 60 (unsigned), [0m
[0;34m[1784654900.038] [6309:6309] [DMG] 				0x1 = 3 (unsigned), [0m
[0;34m[1784654900.038] [6309:6309] [DMG] 			},[0m
[0;34m[1784654900.038] [6309:6309] [DMG] 		},[0m
[0;34m[1784654900.038] [6309:6309] [DMG] 		[0m
[0;34m[1784654900.038] [6309:6309] [DMG] 	],[0m
[0;34m[1784654900.038] [6309:6309] [DMG] 	[0m
[0;34m[1784654900.038] [6309:6309] [DMG] 	InteractionModelRevision = 12[0m
[0;34m[1784654900.038] [6309:6309] [DMG] },[0m
[0;32m[1784654900.038] [6309:6309] [DMG] AccessControl: checking f=0 a=p s=0xFFFFFFFB00000000 t= c=0x0000_0030 e=0 p=o r=i[0m
[0;32m[1784654900.038] [6309:6309] [DMG] AccessControl: implicit admin (PASE)[0m
[0;32m[1784654900.038] [6309:6309] [DMG] AccessControl: checking f=0 a=p s=0xFFFFFFFB00000000 t= c=0x0000_0030 e=0 p=a r=i[0m
[0;32m[1784654900.038] [6309:6309] [DMG] AccessControl: implicit admin (PASE)[0m
[0;34m[1784654900.038] [6309:6309] [DMG] Received command for Endpoint=0 Cluster=0x0000_0030 Command=0x0000_0000[0m
[0;32m[1784654900.038] [6309:6309] [FS] GeneralCommissioning: Received ArmFailSafe (60s)[0m
[0;34m[1784654900.038] [6309:6309] [DMG] Command handler moving to [NewRespons][0m
[0;34m[1784654900.038] [6309:6309] [DMG] Command handler moving to [ Preparing][0m
[0;34m[1784654900.038] [6309:6309] [DMG] Command handler moving to [AddingComm][0m
[0;34m[1784654900.038] [6309:6309] [DMG] Command handler moving to [AddedComma][0m
[0;34m[1784654900.038] [6309:6309] [DMG] Decreasing reference count for CommandHandlerImpl, remaining 1[0m
[0;34m[1784654900.038] [6309:6309] [DMG] Decreasing reference count for CommandHandlerImpl, remaining 0[0m
[0;34m[1784654900.038] [6309:6309] [DMG] Command handler moving to [AwaitingDe][0m
[0;32m[1784654900.038] [6309:6309] [EM] <<< [E:19880r S:14693 M:260475639 (Ack:151084257)] (S) Msg TX from 0000000000000000 to 0:FFFFFFFB00000000 [0000] [UDP:[fe80::bfe:a203:38f0:bce7%enp0s3]:50871] --- Type 0001:09 (IM:InvokeCommandResponse) (B:70)[0m
[0;32m[1784654900.038] [6309:6309] [EM] ??1 [E:19880r S:14693 M:260475639] (S) Msg Retransmission to 0:FFFFFFFB00000000 scheduled for 409ms from now [State:Active II:500 AI:300 AT:4000][0m
[0;34m[1784654900.038] [6309:6309] [DMG] Command response sender moving to [AllInvokeR][0m
[0;32m[1784654900.038] [6309:6309] [EM] >>> [E:19879r S:14693 M:151084258 (Ack:260475638)] (S) Msg RX from 0:FFFFFFFB00000000 [0000] to 0000000000000000 --- Type 0000:10 (SecureChannel:StandaloneAck) (B:34)[0m
[0;34m[1784654900.038] [6309:6309] [EM] Found matching exchange: 19879r, Delegate: (nil)[0m
[0;34m[1784654900.038] [6309:6309] [EM] Rxd Ack; Removing MessageCounter:260475638 from Retrans Table on exchange 19879r[0m
[0;32m[1784654900.038] [6309:6309] [EM] >>> [E:19881r S:14693 M:151084259] (S) Msg RX from 0:FFFFFFFB00000000 [0000] to 0000000000000000 --- Type 0001:08 (IM:InvokeCommandRequest) (B:70)[0m
[0;34m[1784654900.038] [6309:6309] [EM] Handling via exchange: 19881r, Delegate: 0x61331fa37ac8[0m
[0;34m[1784654900.038] [6309:6309] [DMG] InvokeRequestMessage =[0m
[0;34m[1784654900.038] [6309:6309] [DMG] {[0m
[0;34m[1784654900.038] [6309:6309] [DMG] 	suppressResponse = false, [0m
[0;34m[1784654900.038] [6309:6309] [DMG] 	timedRequest = false, [0m
[0;34m[1784654900.038] [6309:6309] [DMG] 	InvokeRequests =[0m
[0;34m[1784654900.038] [6309:6309] [DMG] 	[[0m
[0;34m[1784654900.038] [6309:6309] [DMG] 		CommandDataIB =[0m
[0;34m[1784654900.038] [6309:6309] [DMG] 		{[0m
[0;34m[1784654900.038] [6309:6309] [DMG] 			CommandPathIB =[0m
[0;34m[1784654900.038] [6309:6309] [DMG] 			{[0m
[0;34m[1784654900.038] [6309:6309] [DMG] 				EndpointId = 0x0,[0m
[0;34m[1784654900.038] [6309:6309] [DMG] 				ClusterId = 0x30,[0m
[0;34m[1784654900.038] [6309:6309] [DMG] 				CommandId = 0x2,[0m
[0;34m[1784654900.038] [6309:6309] [DMG] 			},[0m
[0;34m[1784654900.038] [6309:6309] [DMG] 			[0m
[0;34m[1784654900.038] [6309:6309] [DMG] 			CommandFields = [0m
[0;34m[1784654900.038] [6309:6309] [DMG] 			{[0m
[0;34m[1784654900.038] [6309:6309] [DMG] 				0x0 = 0 (unsigned), [0m
[0;34m[1784654900.038] [6309:6309] [DMG] 				0x1 = "XX" (2 chars), [0m
[0;34m[1784654900.038] [6309:6309] [DMG] 				0x2 = 4 (unsigned), [0m
[0;34m[1784654900.038] [6309:6309] [DMG] 			},[0m
[0;34m[1784654900.038] [6309:6309] [DMG] 		},[0m
[0;34m[1784654900.038] [6309:6309] [DMG] 		[0m
[0;34m[1784654900.038] [6309:6309] [DMG] 	],[0m
[0;34m[1784654900.038] [6309:6309] [DMG] 	[0m
[0;34m[1784654900.038] [6309:6309] [DMG] 	InteractionModelRevision = 12[0m
[0;34m[1784654900.038] [6309:6309] [DMG] },[0m
[0;32m[1784654900.038] [6309:6309] [DMG] AccessControl: checking f=0 a=p s=0xFFFFFFFB00000000 t= c=0x0000_0030 e=0 p=o r=i[0m
[0;32m[1784654900.038] [6309:6309] [DMG] AccessControl: implicit admin (PASE)[0m
[0;32m[1784654900.038] [6309:6309] [DMG] AccessControl: checking f=0 a=p s=0xFFFFFFFB00000000 t= c=0x0000_0030 e=0 p=a r=i[0m
[0;32m[1784654900.038] [6309:6309] [DMG] AccessControl: implicit admin (PASE)[0m
[0;34m[1784654900.038] [6309:6309] [DMG] Received command for Endpoint=0 Cluster=0x0000_0030 Command=0x0000_0002[0m
[0;34m[1784654900.041] [6309:6309] [DL] Wrote settings to /tmp/chip_config.ini[0m
[0;32m[1784654900.041] [6309:6309] [DL] NVS set: chip-config/regulatory-location = 0 (0x0)[0m
[0;34m[1784654900.043] [6309:6309] [DL] Wrote settings to /tmp/chip_config.ini[0m
[0;32m[1784654900.043] [6309:6309] [DL] NVS set: chip-config/country-code = "XX"[0m
[0;34m[1784654900.043] [6309:6309] [DMG] Command handler moving to [NewRespons][0m
[0;34m[1784654900.043] [6309:6309] [DMG] Command handler moving to [ Preparing][0m
[0;34m[1784654900.043] [6309:6309] [DMG] Command handler moving to [AddingComm][0m
[0;34m[1784654900.043] [6309:6309] [DMG] Command handler moving to [AddedComma][0m
[0;34m[1784654900.043] [6309:6309] [DMG] Decreasing reference count for CommandHandlerImpl, remaining 1[0m
[0;34m[1784654900.043] [6309:6309] [DMG] Decreasing reference count for CommandHandlerImpl, remaining 0[0m
[0;34m[1784654900.043] [6309:6309] [DMG] Command handler moving to [AwaitingDe][0m
[0;32m[1784654900.043] [6309:6309] [EM] <<< [E:19881r S:14693 M:260475640 (Ack:151084259)] (S) Msg TX from 0000000000000000 to 0:FFFFFFFB00000000 [0000] [UDP:[fe80::bfe:a203:38f0:bce7%enp0s3]:50871] --- Type 0001:09 (IM:InvokeCommandResponse) (B:70)[0m
[0;32m[1784654900.043] [6309:6309] [EM] ??1 [E:19881r S:14693 M:260475640] (S) Msg Retransmission to 0:FFFFFFFB00000000 scheduled for 393ms from now [State:Active II:500 AI:300 AT:4000][0m
[0;34m[1784654900.043] [6309:6309] [DMG] Command response sender moving to [AllInvokeR][0m
[0;32m[1784654900.043] [6309:6309] [EM] >>> [E:19880r S:14693 M:151084260 (Ack:260475639)] (S) Msg RX from 0:FFFFFFFB00000000 [0000] to 0000000000000000 --- Type 0000:10 (SecureChannel:StandaloneAck) (B:34)[0m
[0;34m[1784654900.043] [6309:6309] [EM] Found matching exchange: 19880r, Delegate: (nil)[0m
[0;34m[1784654900.043] [6309:6309] [EM] Rxd Ack; Removing MessageCounter:260475639 from Retrans Table on exchange 19880r[0m
[0;32m[1784654900.043] [6309:6309] [EM] >>> [E:19882r S:14693 M:151084261] (S) Msg RX from 0:FFFFFFFB00000000 [0000] to 0000000000000000 --- Type 0001:08 (IM:InvokeCommandRequest) (B:72)[0m
[0;34m[1784654900.043] [6309:6309] [EM] Handling via exchange: 19882r, Delegate: 0x61331fa37ac8[0m
[0;34m[1784654900.043] [6309:6309] [DMG] InvokeRequestMessage =[0m
[0;34m[1784654900.043] [6309:6309] [DMG] {[0m
[0;34m[1784654900.043] [6309:6309] [DMG] 	suppressResponse = false, [0m
[0;34m[1784654900.043] [6309:6309] [DMG] 	timedRequest = false, [0m
[0;34m[1784654900.043] [6309:6309] [DMG] 	InvokeRequests =[0m
[0;34m[1784654900.043] [6309:6309] [DMG] 	[[0m
[0;34m[1784654900.043] [6309:6309] [DMG] 		CommandDataIB =[0m
[0;34m[1784654900.043] [6309:6309] [DMG] 		{[0m
[0;34m[1784654900.043] [6309:6309] [DMG] 			CommandPathIB =[0m
[0;34m[1784654900.043] [6309:6309] [DMG] 			{[0m
[0;34m[1784654900.043] [6309:6309] [DMG] 				EndpointId = 0x0,[0m
[0;34m[1784654900.043] [6309:6309] [DMG] 				ClusterId = 0x38,[0m
[0;34m[1784654900.043] [6309:6309] [DMG] 				CommandId = 0x0,[0m
[0;34m[1784654900.043] [6309:6309] [DMG] 			},[0m
[0;34m[1784654900.043] [6309:6309] [DMG] 			[0m
[0;34m[1784654900.043] [6309:6309] [DMG] 			CommandFields = [0m
[0;34m[1784654900.043] [6309:6309] [DMG] 			{[0m
[0;34m[1784654900.043] [6309:6309] [DMG] 				0x0 = 837970100043482 (unsigned), [0m
[0;34m[1784654900.043] [6309:6309] [DMG] 				0x1 = 2 (unsigned), [0m
[0;34m[1784654900.043] [6309:6309] [DMG] 			},[0m
[0;34m[1784654900.043] [6309:6309] [DMG] 		},[0m
[0;34m[1784654900.043] [6309:6309] [DMG] 		[0m
[0;34m[1784654900.043] [6309:6309] [DMG] 	],[0m
[0;34m[1784654900.043] [6309:6309] [DMG] 	[0m
[0;34m[1784654900.043] [6309:6309] [DMG] 	InteractionModelRevision = 12[0m
[0;34m[1784654900.043] [6309:6309] [DMG] },[0m
[0;32m[1784654900.043] [6309:6309] [DMG] AccessControl: checking f=0 a=p s=0xFFFFFFFB00000000 t= c=0x0000_0038 e=0 p=o r=i[0m
[0;32m[1784654900.043] [6309:6309] [DMG] AccessControl: implicit admin (PASE)[0m
[0;32m[1784654900.043] [6309:6309] [DMG] AccessControl: checking f=0 a=p s=0xFFFFFFFB00000000 t= c=0x0000_0038 e=0 p=a r=i[0m
[0;32m[1784654900.043] [6309:6309] [DMG] AccessControl: implicit admin (PASE)[0m
[0;34m[1784654900.043] [6309:6309] [DMG] Received command for Endpoint=0 Cluster=0x0000_0038 Command=0x0000_0000[0m
[1;31m[1784654900.043] [6309:6309] [DMG] Endpoint=0 Cluster=0x0000_0038 Command=0x0000_0000 status 0x01 (FAILURE) ClusterSpecificCode=2 (no additional context)[0m
[0;34m[1784654900.043] [6309:6309] [DMG] Command handler moving to [NewRespons][0m
[0;34m[1784654900.043] [6309:6309] [DMG] Command handler moving to [ Preparing][0m
[0;34m[1784654900.043] [6309:6309] [DMG] Command handler moving to [AddingComm][0m
[0;34m[1784654900.043] [6309:6309] [DMG] Command handler moving to [AddedComma][0m
[0;34m[1784654900.043] [6309:6309] [DMG] Decreasing reference count for CommandHandlerImpl, remaining 1[0m
[0;34m[1784654900.043] [6309:6309] [DMG] Decreasing reference count for CommandHandlerImpl, remaining 0[0m
[0;34m[1784654900.043] [6309:6309] [DMG] Command handler moving to [AwaitingDe][0m
[0;32m[1784654900.043] [6309:6309] [EM] <<< [E:19882r S:14693 M:260475641 (Ack:151084261)] (S) Msg TX from 0000000000000000 to 0:FFFFFFFB00000000 [0000] [UDP:[fe80::bfe:a203:38f0:bce7%enp0s3]:50871] --- Type 0001:09 (IM:InvokeCommandResponse) (B:70)[0m
[0;32m[1784654900.043] [6309:6309] [EM] ??1 [E:19882r S:14693 M:260475641] (S) Msg Retransmission to 0:FFFFFFFB00000000 scheduled for 370ms from now [State:Active II:500 AI:300 AT:4000][0m
[0;34m[1784654900.043] [6309:6309] [DMG] Command response sender moving to [AllInvokeR][0m
[0;32m[1784654900.043] [6309:6309] [EM] >>> [E:19881r S:14693 M:151084262 (Ack:260475640)] (S) Msg RX from 0:FFFFFFFB00000000 [0000] to 0000000000000000 --- Type 0000:10 (SecureChannel:StandaloneAck) (B:34)[0m
[0;34m[1784654900.043] [6309:6309] [EM] Found matching exchange: 19881r, Delegate: (nil)[0m
[0;34m[1784654900.043] [6309:6309] [EM] Rxd Ack; Removing MessageCounter:260475640 from Retrans Table on exchange 19881r[0m
[0;32m[1784654900.044] [6309:6309] [EM] >>> [E:19883r S:14693 M:151084263] (S) Msg RX from 0:FFFFFFFB00000000 [0000] to 0000000000000000 --- Type 0001:08 (IM:InvokeCommandRequest) (B:62)[0m
[0;34m[1784654900.044] [6309:6309] [EM] Handling via exchange: 19883r, Delegate: 0x61331fa37ac8[0m
[0;34m[1784654900.044] [6309:6309] [DMG] InvokeRequestMessage =[0m
[0;34m[1784654900.044] [6309:6309] [DMG] {[0m
[0;34m[1784654900.044] [6309:6309] [DMG] 	suppressResponse = false, [0m
[0;34m[1784654900.044] [6309:6309] [DMG] 	timedRequest = false, [0m
[0;34m[1784654900.044] [6309:6309] [DMG] 	InvokeRequests =[0m
[0;34m[1784654900.044] [6309:6309] [DMG] 	[[0m
[0;34m[1784654900.044] [6309:6309] [DMG] 		CommandDataIB =[0m
[0;34m[1784654900.044] [6309:6309] [DMG] 		{[0m
[0;34m[1784654900.044] [6309:6309] [DMG] 			CommandPathIB =[0m
[0;34m[1784654900.044] [6309:6309] [DMG] 			{[0m
[0;34m[1784654900.044] [6309:6309] [DMG] 				EndpointId = 0x0,[0m
[0;34m[1784654900.044] [6309:6309] [DMG] 				ClusterId = 0x3e,[0m
[0;34m[1784654900.044] [6309:6309] [DMG] 				CommandId = 0x2,[0m
[0;34m[1784654900.044] [6309:6309] [DMG] 			},[0m
[0;34m[1784654900.044] [6309:6309] [DMG] 			[0m
[0;34m[1784654900.044] [6309:6309] [DMG] 			CommandFields = [0m
[0;34m[1784654900.044] [6309:6309] [DMG] 			{[0m
[0;34m[1784654900.044] [6309:6309] [DMG] 				0x0 = 2 (unsigned), [0m
[0;34m[1784654900.044] [6309:6309] [DMG] 			},[0m
[0;34m[1784654900.044] [6309:6309] [DMG] 		},[0m
[0;34m[1784654900.044] [6309:6309] [DMG] 		[0m
[0;34m[1784654900.044] [6309:6309] [DMG] 	],[0m
[0;34m[1784654900.044] [6309:6309] [DMG] 	[0m
[0;34m[1784654900.044] [6309:6309] [DMG] 	InteractionModelRevision = 12[0m
[0;34m[1784654900.044] [6309:6309] [DMG] },[0m
[0;32m[1784654900.044] [6309:6309] [DMG] AccessControl: checking f=0 a=p s=0xFFFFFFFB00000000 t= c=0x0000_003E e=0 p=o r=i[0m
[0;32m[1784654900.044] [6309:6309] [DMG] AccessControl: implicit admin (PASE)[0m
[0;32m[1784654900.044] [6309:6309] [DMG] AccessControl: checking f=0 a=p s=0xFFFFFFFB00000000 t= c=0x0000_003E e=0 p=a r=i[0m
[0;32m[1784654900.044] [6309:6309] [DMG] AccessControl: implicit admin (PASE)[0m
[0;34m[1784654900.044] [6309:6309] [DMG] Received command for Endpoint=0 Cluster=0x0000_003E Command=0x0000_0002[0m
[0;32m[1784654900.044] [6309:6309] [ZCL] OpCreds: Certificate Chain request received for PAI[0m
[0;34m[1784654900.044] [6309:6309] [DMG] Command handler moving to [NewRespons][0m
[0;34m[1784654900.044] [6309:6309] [DMG] Command handler moving to [ Preparing][0m
[0;34m[1784654900.044] [6309:6309] [DMG] Command handler moving to [AddingComm][0m
[0;34m[1784654900.044] [6309:6309] [DMG] Command handler moving to [AddedComma][0m
[0;34m[1784654900.044] [6309:6309] [DMG] Decreasing reference count for CommandHandlerImpl, remaining 1[0m
[0;34m[1784654900.044] [6309:6309] [DMG] Decreasing reference count for CommandHandlerImpl, remaining 0[0m
[0;34m[1784654900.044] [6309:6309] [DMG] Command handler moving to [AwaitingDe][0m
[0;32m[1784654900.044] [6309:6309] [EM] <<< [E:19883r S:14693 M:260475642 (Ack:151084263)] (S) Msg TX from 0000000000000000 to 0:FFFFFFFB00000000 [0000] [UDP:[fe80::bfe:a203:38f0:bce7%enp0s3]:50871] --- Type 0001:09 (IM:InvokeCommandResponse) (B:531)[0m
[0;32m[1784654900.044] [6309:6309] [EM] ??1 [E:19883r S:14693 M:260475642] (S) Msg Retransmission to 0:FFFFFFFB00000000 scheduled for 374ms from now [State:Active II:500 AI:300 AT:4000][0m
[0;34m[1784654900.044] [6309:6309] [DMG] Command response sender moving to [AllInvokeR][0m
[0;32m[1784654900.044] [6309:6309] [EM] >>> [E:19882r S:14693 M:151084264 (Ack:260475641)] (S) Msg RX from 0:FFFFFFFB00000000 [0000] to 0000000000000000 --- Type 0000:10 (SecureChannel:StandaloneAck) (B:34)[0m
[0;34m[1784654900.044] [6309:6309] [EM] Found matching exchange: 19882r, Delegate: (nil)[0m
[0;34m[1784654900.044] [6309:6309] [EM] Rxd Ack; Removing MessageCounter:260475641 from Retrans Table on exchange 19882r[0m
[0;32m[1784654900.044] [6309:6309] [EM] >>> [E:19884r S:14693 M:151084265] (S) Msg RX from 0:FFFFFFFB00000000 [0000] to 0000000000000000 --- Type 0001:08 (IM:InvokeCommandRequest) (B:62)[0m
[0;34m[1784654900.044] [6309:6309] [EM] Handling via exchange: 19884r, Delegate: 0x61331fa37ac8[0m
[0;34m[1784654900.044] [6309:6309] [DMG] InvokeRequestMessage =[0m
[0;34m[1784654900.044] [6309:6309] [DMG] {[0m
[0;34m[1784654900.044] [6309:6309] [DMG] 	suppressResponse = false, [0m
[0;34m[1784654900.044] [6309:6309] [DMG] 	timedRequest = false, [0m
[0;34m[1784654900.044] [6309:6309] [DMG] 	InvokeRequests =[0m
[0;34m[1784654900.044] [6309:6309] [DMG] 	[[0m
[0;34m[1784654900.044] [6309:6309] [DMG] 		CommandDataIB =[0m
[0;34m[1784654900.044] [6309:6309] [DMG] 		{[0m
[0;34m[1784654900.044] [6309:6309] [DMG] 			CommandPathIB =[0m
[0;34m[1784654900.044] [6309:6309] [DMG] 			{[0m
[0;34m[1784654900.044] [6309:6309] [DMG] 				EndpointId = 0x0,[0m
[0;34m[1784654900.044] [6309:6309] [DMG] 				ClusterId = 0x3e,[0m
[0;34m[1784654900.044] [6309:6309] [DMG] 				CommandId = 0x2,[0m
[0;34m[1784654900.044] [6309:6309] [DMG] 			},[0m
[0;34m[1784654900.044] [6309:6309] [DMG] 			[0m
[0;34m[1784654900.044] [6309:6309] [DMG] 			CommandFields = [0m
[0;34m[1784654900.044] [6309:6309] [DMG] 			{[0m
[0;34m[1784654900.044] [6309:6309] [DMG] 				0x0 = 1 (unsigned), [0m
[0;34m[1784654900.044] [6309:6309] [DMG] 			},[0m
[0;34m[1784654900.044] [6309:6309] [DMG] 		},[0m
[0;34m[1784654900.044] [6309:6309] [DMG] 		[0m
[0;34m[1784654900.044] [6309:6309] [DMG] 	],[0m
[0;34m[1784654900.044] [6309:6309] [DMG] 	[0m
[0;34m[1784654900.044] [6309:6309] [DMG] 	InteractionModelRevision = 12[0m
[0;34m[1784654900.044] [6309:6309] [DMG] },[0m
[0;32m[1784654900.044] [6309:6309] [DMG] AccessControl: checking f=0 a=p s=0xFFFFFFFB00000000 t= c=0x0000_003E e=0 p=o r=i[0m
[0;32m[1784654900.044] [6309:6309] [DMG] AccessControl: implicit admin (PASE)[0m
[0;32m[1784654900.044] [6309:6309] [DMG] AccessControl: checking f=0 a=p s=0xFFFFFFFB00000000 t= c=0x0000_003E e=0 p=a r=i[0m
[0;32m[1784654900.044] [6309:6309] [DMG] AccessControl: implicit admin (PASE)[0m
[0;34m[1784654900.044] [6309:6309] [DMG] Received command for Endpoint=0 Cluster=0x0000_003E Command=0x0000_0002[0m
[0;32m[1784654900.044] [6309:6309] [ZCL] OpCreds: Certificate Chain request received for DAC[0m
[0;34m[1784654900.044] [6309:6309] [DMG] Command handler moving to [NewRespons][0m
[0;34m[1784654900.044] [6309:6309] [DMG] Command handler moving to [ Preparing][0m
[0;34m[1784654900.044] [6309:6309] [DMG] Command handler moving to [AddingComm][0m
[0;34m[1784654900.044] [6309:6309] [DMG] Command handler moving to [AddedComma][0m
[0;34m[1784654900.044] [6309:6309] [DMG] Decreasing reference count for CommandHandlerImpl, remaining 1[0m
[0;34m[1784654900.044] [6309:6309] [DMG] Decreasing reference count for CommandHandlerImpl, remaining 0[0m
[0;34m[1784654900.044] [6309:6309] [DMG] Command handler moving to [AwaitingDe][0m
[0;32m[1784654900.044] [6309:6309] [EM] <<< [E:19884r S:14693 M:260475643 (Ack:151084265)] (S) Msg TX from 0000000000000000 to 0:FFFFFFFB00000000 [0000] [UDP:[fe80::bfe:a203:38f0:bce7%enp0s3]:50871] --- Type 0001:09 (IM:InvokeCommandResponse) (B:559)[0m
[0;32m[1784654900.044] [6309:6309] [EM] ??1 [E:19884r S:14693 M:260475643] (S) Msg Retransmission to 0:FFFFFFFB00000000 scheduled for 336ms from now [State:Active II:500 AI:300 AT:4000][0m
[0;34m[1784654900.044] [6309:6309] [DMG] Command response sender moving to [AllInvokeR][0m
[0;32m[1784654900.044] [6309:6309] [EM] >>> [E:19883r S:14693 M:151084266 (Ack:260475642)] (S) Msg RX from 0:FFFFFFFB00000000 [0000] to 0000000000000000 --- Type 0000:10 (SecureChannel:StandaloneAck) (B:34)[0m
[0;34m[1784654900.044] [6309:6309] [EM] Found matching exchange: 19883r, Delegate: (nil)[0m
[0;34m[1784654900.044] [6309:6309] [EM] Rxd Ack; Removing MessageCounter:260475642 from Retrans Table on exchange 19883r[0m
[0;32m[1784654900.045] [6309:6309] [EM] >>> [E:19885r S:14693 M:151084267] (S) Msg RX from 0:FFFFFFFB00000000 [0000] to 0000000000000000 --- Type 0001:08 (IM:InvokeCommandRequest) (B:94)[0m
[0;34m[1784654900.045] [6309:6309] [EM] Handling via exchange: 19885r, Delegate: 0x61331fa37ac8[0m
[0;34m[1784654900.045] [6309:6309] [DMG] InvokeRequestMessage =[0m
[0;34m[1784654900.045] [6309:6309] [DMG] {[0m
[0;34m[1784654900.045] [6309:6309] [DMG] 	suppressResponse = false, [0m
[0;34m[1784654900.045] [6309:6309] [DMG] 	timedRequest = false, [0m
[0;34m[1784654900.045] [6309:6309] [DMG] 	InvokeRequests =[0m
[0;34m[1784654900.045] [6309:6309] [DMG] 	[[0m
[0;34m[1784654900.045] [6309:6309] [DMG] 		CommandDataIB =[0m
[0;34m[1784654900.045] [6309:6309] [DMG] 		{[0m
[0;34m[1784654900.045] [6309:6309] [DMG] 			CommandPathIB =[0m
[0;34m[1784654900.045] [6309:6309] [DMG] 			{[0m
[0;34m[1784654900.045] [6309:6309] [DMG] 				EndpointId = 0x0,[0m
[0;34m[1784654900.045] [6309:6309] [DMG] 				ClusterId = 0x3e,[0m
[0;34m[1784654900.045] [6309:6309] [DMG] 				CommandId = 0x0,[0m
[0;34m[1784654900.045] [6309:6309] [DMG] 			},[0m
[0;34m[1784654900.045] [6309:6309] [DMG] 			[0m
[0;34m[1784654900.045] [6309:6309] [DMG] 			CommandFields = [0m
[0;34m[1784654900.045] [6309:6309] [DMG] 			{[0m
[0;34m[1784654900.045] [6309:6309] [DMG] 				0x0 = [[0m
[0;34m[1784654900.045] [6309:6309] [DMG] 						0x45, 0xbf, 0xe1, 0x1a, 0x6f, 0x42, 0x55, 0x9f, 0x0b, 0x34, 0xdf, 0x8d, 0xa2, 0xb8, 0x75, 0x2e, 0xd0, 0x6c, 0x1b, 0xd8, 0x21, 0xa1, 0xeb, 0xcb, 0x9e, 0xe9, 0xf0, 0x44, 0x79, 0x6f, 0x43, 0x9e, [0m
[0;34m[1784654900.045] [6309:6309] [DMG] 				] (32 bytes)[0m
[0;34m[1784654900.045] [6309:6309] [DMG] 			},[0m
[0;34m[1784654900.045] [6309:6309] [DMG] 		},[0m
[0;34m[1784654900.045] [6309:6309] [DMG] 		[0m
[0;34m[1784654900.045] [6309:6309] [DMG] 	],[0m
[0;34m[1784654900.045] [6309:6309] [DMG] 	[0m
[0;34m[1784654900.045] [6309:6309] [DMG] 	InteractionModelRevision = 12[0m
[0;34m[1784654900.045] [6309:6309] [DMG] },[0m
[0;32m[1784654900.045] [6309:6309] [DMG] AccessControl: checking f=0 a=p s=0xFFFFFFFB00000000 t= c=0x0000_003E e=0 p=o r=i[0m
[0;32m[1784654900.045] [6309:6309] [DMG] AccessControl: implicit admin (PASE)[0m
[0;32m[1784654900.045] [6309:6309] [DMG] AccessControl: checking f=0 a=p s=0xFFFFFFFB00000000 t= c=0x0000_003E e=0 p=a r=i[0m
[0;32m[1784654900.045] [6309:6309] [DMG] AccessControl: implicit admin (PASE)[0m
[0;34m[1784654900.045] [6309:6309] [DMG] Received command for Endpoint=0 Cluster=0x0000_003E Command=0x0000_0000[0m
[0;32m[1784654900.045] [6309:6309] [ZCL] OpCreds: Received an AttestationRequest command[0m
[0;32m[1784654900.045] [6309:6309] [ZCL] OpCreds: AttestationRequest successful.[0m
[0;34m[1784654900.045] [6309:6309] [DMG] Command handler moving to [NewRespons][0m
[0;34m[1784654900.045] [6309:6309] [DMG] Command handler moving to [ Preparing][0m
[0;34m[1784654900.045] [6309:6309] [DMG] Command handler moving to [AddingComm][0m
[0;34m[1784654900.045] [6309:6309] [DMG] Command handler moving to [AddedComma][0m
[0;34m[1784654900.045] [6309:6309] [DMG] Decreasing reference count for CommandHandlerImpl, remaining 1[0m
[0;34m[1784654900.045] [6309:6309] [DMG] Decreasing reference count for CommandHandlerImpl, remaining 0[0m
[0;34m[1784654900.045] [6309:6309] [DMG] Command handler moving to [AwaitingDe][0m
[0;32m[1784654900.045] [6309:6309] [EM] <<< [E:19885r S:14693 M:260475644 (Ack:151084267)] (S) Msg TX from 0000000000000000 to 0:FFFFFFFB00000000 [0000] [UDP:[fe80::bfe:a203:38f0:bce7%enp0s3]:50871] --- Type 0001:09 (IM:InvokeCommandResponse) (B:718)[0m
[0;32m[1784654900.045] [6309:6309] [EM] ??1 [E:19885r S:14693 M:260475644] (S) Msg Retransmission to 0:FFFFFFFB00000000 scheduled for 409ms from now [State:Active II:500 AI:300 AT:4000][0m
[0;34m[1784654900.045] [6309:6309] [DMG] Command response sender moving to [AllInvokeR][0m
[0;32m[1784654900.045] [6309:6309] [EM] >>> [E:19884r S:14693 M:151084268 (Ack:260475643)] (S) Msg RX from 0:FFFFFFFB00000000 [0000] to 0000000000000000 --- Type 0000:10 (SecureChannel:StandaloneAck) (B:34)[0m
[0;34m[1784654900.045] [6309:6309] [EM] Found matching exchange: 19884r, Delegate: (nil)[0m
[0;34m[1784654900.045] [6309:6309] [EM] Rxd Ack; Removing MessageCounter:260475643 from Retrans Table on exchange 19884r[0m
[0;32m[1784654900.052] [6309:6309] [EM] >>> [E:19886r S:14693 M:151084269] (S) Msg RX from 0:FFFFFFFB00000000 [0000] to 0000000000000000 --- Type 0001:08 (IM:InvokeCommandRequest) (B:94)[0m
[0;34m[1784654900.052] [6309:6309] [EM] Handling via exchange: 19886r, Delegate: 0x61331fa37ac8[0m
[0;34m[1784654900.052] [6309:6309] [DMG] InvokeRequestMessage =[0m
[0;34m[1784654900.052] [6309:6309] [DMG] {[0m
[0;34m[1784654900.052] [6309:6309] [DMG] 	suppressResponse = false, [0m
[0;34m[1784654900.052] [6309:6309] [DMG] 	timedRequest = false, [0m
[0;34m[1784654900.052] [6309:6309] [DMG] 	InvokeRequests =[0m
[0;34m[1784654900.052] [6309:6309] [DMG] 	[[0m
[0;34m[1784654900.052] [6309:6309] [DMG] 		CommandDataIB =[0m
[0;34m[1784654900.052] [6309:6309] [DMG] 		{[0m
[0;34m[1784654900.052] [6309:6309] [DMG] 			CommandPathIB =[0m
[0;34m[1784654900.052] [6309:6309] [DMG] 			{[0m
[0;34m[1784654900.052] [6309:6309] [DMG] 				EndpointId = 0x0,[0m
[0;34m[1784654900.052] [6309:6309] [DMG] 				ClusterId = 0x3e,[0m
[0;34m[1784654900.052] [6309:6309] [DMG] 				CommandId = 0x4,[0m
[0;34m[1784654900.052] [6309:6309] [DMG] 			},[0m
[0;34m[1784654900.052] [6309:6309] [DMG] 			[0m
[0;34m[1784654900.052] [6309:6309] [DMG] 			CommandFields = [0m
[0;34m[1784654900.052] [6309:6309] [DMG] 			{[0m
[0;34m[1784654900.052] [6309:6309] [DMG] 				0x0 = [[0m
[0;34m[1784654900.052] [6309:6309] [DMG] 						0xa0, 0xa2, 0x99, 0x71, 0x67, 0xa9, 0x7b, 0x7d, 0x1e, 0xb7, 0x66, 0xb7, 0x4e, 0x11, 0x12, 0xe6, 0x87, 0x9d, 0x05, 0xfc, 0xe6, 0x9c, 0x29, 0xed, 0x09, 0x2c, 0x15, 0x89, 0x72, 0x53, 0xf7, 0x0e, [0m
[0;34m[1784654900.052] [6309:6309] [DMG] 				] (32 bytes)[0m
[0;34m[1784654900.052] [6309:6309] [DMG] 			},[0m
[0;34m[1784654900.052] [6309:6309] [DMG] 		},[0m
[0;34m[1784654900.052] [6309:6309] [DMG] 		[0m
[0;34m[1784654900.052] [6309:6309] [DMG] 	],[0m
[0;34m[1784654900.052] [6309:6309] [DMG] 	[0m
[0;34m[1784654900.052] [6309:6309] [DMG] 	InteractionModelRevision = 12[0m
[0;34m[1784654900.052] [6309:6309] [DMG] },[0m
[0;32m[1784654900.052] [6309:6309] [DMG] AccessControl: checking f=0 a=p s=0xFFFFFFFB00000000 t= c=0x0000_003E e=0 p=o r=i[0m
[0;32m[1784654900.052] [6309:6309] [DMG] AccessControl: implicit admin (PASE)[0m
[0;32m[1784654900.052] [6309:6309] [DMG] AccessControl: checking f=0 a=p s=0xFFFFFFFB00000000 t= c=0x0000_003E e=0 p=a r=i[0m
[0;32m[1784654900.052] [6309:6309] [DMG] AccessControl: implicit admin (PASE)[0m
[0;34m[1784654900.052] [6309:6309] [DMG] Received command for Endpoint=0 Cluster=0x0000_003E Command=0x0000_0004[0m
[0;32m[1784654900.052] [6309:6309] [ZCL] OpCreds: Received a CSRRequest command[0m
[0;32m[1784654900.053] [6309:6309] [ZCL] OpCreds: AllocatePendingOperationalKey succeeded[0m
[0;32m[1784654900.053] [6309:6309] [ZCL] OpCreds: CSRRequest successful.[0m
[0;34m[1784654900.053] [6309:6309] [DMG] Command handler moving to [NewRespons][0m
[0;34m[1784654900.053] [6309:6309] [DMG] Command handler moving to [ Preparing][0m
[0;34m[1784654900.053] [6309:6309] [DMG] Command handler moving to [AddingComm][0m
[0;34m[1784654900.053] [6309:6309] [DMG] Command handler moving to [AddedComma][0m
[0;34m[1784654900.053] [6309:6309] [DMG] Decreasing reference count for CommandHandlerImpl, remaining 1[0m
[0;34m[1784654900.053] [6309:6309] [DMG] Decreasing reference count for CommandHandlerImpl, remaining 0[0m
[0;34m[1784654900.053] [6309:6309] [DMG] Command handler moving to [AwaitingDe][0m
[0;32m[1784654900.053] [6309:6309] [EM] <<< [E:19886r S:14693 M:260475645 (Ack:151084269)] (S) Msg TX from 0000000000000000 to 0:FFFFFFFB00000000 [0000] [UDP:[fe80::bfe:a203:38f0:bce7%enp0s3]:50871] --- Type 0001:09 (IM:InvokeCommandResponse) (B:378)[0m
[0;32m[1784654900.053] [6309:6309] [EM] ??1 [E:19886r S:14693 M:260475645] (S) Msg Retransmission to 0:FFFFFFFB00000000 scheduled for 374ms from now [State:Active II:500 AI:300 AT:4000][0m
[0;34m[1784654900.053] [6309:6309] [DMG] Command response sender moving to [AllInvokeR][0m
[0;32m[1784654900.053] [6309:6309] [EM] >>> [E:19885r S:14693 M:151084270 (Ack:260475644)] (S) Msg RX from 0:FFFFFFFB00000000 [0000] to 0000000000000000 --- Type 0000:10 (SecureChannel:StandaloneAck) (B:34)[0m
[0;34m[1784654900.053] [6309:6309] [EM] Found matching exchange: 19885r, Delegate: (nil)[0m
[0;34m[1784654900.053] [6309:6309] [EM] Rxd Ack; Removing MessageCounter:260475644 from Retrans Table on exchange 19885r[0m
[0;32m[1784654900.056] [6309:6309] [EM] >>> [E:19887r S:14693 M:151084271] (S) Msg RX from 0:FFFFFFFB00000000 [0000] to 0000000000000000 --- Type 0001:08 (IM:InvokeCommandRequest) (B:293)[0m
[0;34m[1784654900.056] [6309:6309] [EM] Handling via exchange: 19887r, Delegate: 0x61331fa37ac8[0m
[0;34m[1784654900.056] [6309:6309] [DMG] InvokeRequestMessage =[0m
[0;34m[1784654900.056] [6309:6309] [DMG] {[0m
[0;34m[1784654900.056] [6309:6309] [DMG] 	suppressResponse = false, [0m
[0;34m[1784654900.056] [6309:6309] [DMG] 	timedRequest = false, [0m
[0;34m[1784654900.056] [6309:6309] [DMG] 	InvokeRequests =[0m
[0;34m[1784654900.056] [6309:6309] [DMG] 	[[0m
[0;34m[1784654900.056] [6309:6309] [DMG] 		CommandDataIB =[0m
[0;34m[1784654900.056] [6309:6309] [DMG] 		{[0m
[0;34m[1784654900.056] [6309:6309] [DMG] 			CommandPathIB =[0m
[0;34m[1784654900.056] [6309:6309] [DMG] 			{[0m
[0;34m[1784654900.056] [6309:6309] [DMG] 				EndpointId = 0x0,[0m
[0;34m[1784654900.056] [6309:6309] [DMG] 				ClusterId = 0x3e,[0m
[0;34m[1784654900.056] [6309:6309] [DMG] 				CommandId = 0xb,[0m
[0;34m[1784654900.056] [6309:6309] [DMG] 			},[0m
[0;34m[1784654900.056] [6309:6309] [DMG] 			[0m
[0;34m[1784654900.056] [6309:6309] [DMG] 			CommandFields = [0m
[0;34m[1784654900.056] [6309:6309] [DMG] 			{[0m
[0;34m[1784654900.056] [6309:6309] [DMG] 				0x0 = [[0m
[0;34m[1784654900.056] [6309:6309] [DMG] 						0x15, 0x30, 0x01, 0x01, 0x01, 0x24, 0x02, 0x01, 0x37, 0x03, 0x24, 0x14, 0x01, 0x18, 0x26, 0x04, 0x80, 0x22, 0x81, 0x27, 0x26, 0x05, 0x80, 0x25, 0x4d, 0x3a, 0x37, 0x06, 0x24, 0x14, 0x01, 0x18, 0x24, 0x07, 0x01, 0x24, 0x08, 0x01, 0x30, 0x09, 0x41, 0x04, 0xc0, 0x6b, 0x68, 0x62, 0xe7, 0x96, 0xa8, 0x26, 0xd2, 0xfe, 0xd4, 0xe6, 0x63, 0xce, 0xcb, 0x71, 0xe1, 0xa2, 0x67, 0x3d, 0xa3, 0x1e, 0x66, 0x94, 0xad, 0x26, 0x67, 0x2a, 0xe2, 0xb8, 0x6a, 0x98, 0x0f, 0x82, 0x30, 0x33, 0x20, 0x6f, 0xcd, 0xfd, 0x81, 0xe3, 0xf9, 0xf1, 0x78, 0xc0, 0x87, 0xd5, 0x1b, 0x5a, 0x06, 0xd9, 0x84, 0x1e, 0xd6, 0x6d, 0xb8, 0x1e, 0x66, 0x1b, 0x42, 0xb1, 0xeb, 0xad, 0x37, 0x0a, 0x35, 0x01, 0x29, 0x01, 0x18, 0x24, 0x02, 0x60, 0x30, 0x04, 0x14, 0x2e, 0xab, 0xaa, 0xf8, 0xc1, 0x83, 0x9b, 0x52, 0xf8, 0x46, 0x08, 0x0d, 0xc0, 0x27, 0xdc, 0x41, 0x0f, 0x1a, 0xed, 0xae, 0x30, 0x05, 0x14, 0x2e, 0xab, 0xaa, 0xf8, 0xc1, 0x83, 0x9b, 0x52, 0xf8, 0x46, 0x08, 0x0d, 0xc0, 0x27, 0xdc, 0x41, 0x0f, 0x1a, 0xed, 0xae, 0x18, 0x30, 0x0b, 0x40, 0xa5, 0xae, 0x16, 0x64, 0xa2, 0x90, 0x78, 0xdd, 0x77, 0xde, 0xed, 0x18, 0x02, 0x77, 0xbf, 0xe9, 0xf9, 0x9e, 0x16, 0x03, 0xe5, 0x10, 0x2d, 0x77, 0x5f, 0x88, 0x74, 0xd1, 0xf1, 0xb6, 0x50, 0x35, 0xa9, 0x0a, 0x49, 0xba, 0x09, 0x00, 0xc2, 0x8f, 0x01, 0x8a, 0x42, 0x92, 0xc2, 0x3f, 0x08, 0x8b, 0x9a, 0xfd, 0x18, 0x8e, 0xaa, 0xd1, 0xf2, 0x2f, 0xcf, 0x0f, 0xd9, 0x3f, 0xd0, 0x56, 0x45, 0xde, 0x18, [0m
[0;34m[1784654900.056] [6309:6309] [DMG] 				] (231 bytes)[0m
[0;34m[1784654900.056] [6309:6309] [DMG] 			},[0m
[0;34m[1784654900.056] [6309:6309] [DMG] 		},[0m
[0;34m[1784654900.056] [6309:6309] [DMG] 		[0m
[0;34m[1784654900.056] [6309:6309] [DMG] 	],[0m
[0;34m[1784654900.056] [6309:6309] [DMG] 	[0m
[0;34m[1784654900.056] [6309:6309] [DMG] 	InteractionModelRevision = 12[0m
[0;34m[1784654900.056] [6309:6309] [DMG] },[0m
[0;32m[1784654900.056] [6309:6309] [DMG] AccessControl: checking f=0 a=p s=0xFFFFFFFB00000000 t= c=0x0000_003E e=0 p=o r=i[0m
[0;32m[1784654900.056] [6309:6309] [DMG] AccessControl: implicit admin (PASE)[0m
[0;32m[1784654900.056] [6309:6309] [DMG] AccessControl: checking f=0 a=p s=0xFFFFFFFB00000000 t= c=0x0000_003E e=0 p=a r=i[0m
[0;32m[1784654900.056] [6309:6309] [DMG] AccessControl: implicit admin (PASE)[0m
[0;34m[1784654900.056] [6309:6309] [DMG] Received command for Endpoint=0 Cluster=0x0000_003E Command=0x0000_000B[0m
[0;32m[1784654900.056] [6309:6309] [ZCL] OpCreds: Received an AddTrustedRootCertificate command[0m
[0;32m[1784654900.056] [6309:6309] [ZCL] OpCreds: AddTrustedRootCertificate successful.[0m
[0;34m[1784654900.056] [6309:6309] [DMG] Command handler moving to [NewRespons][0m
[0;34m[1784654900.056] [6309:6309] [DMG] Command handler moving to [ Preparing][0m
[0;34m[1784654900.056] [6309:6309] [DMG] Command handler moving to [AddingComm][0m
[0;34m[1784654900.056] [6309:6309] [DMG] Command handler moving to [AddedComma][0m
[0;34m[1784654900.056] [6309:6309] [DMG] Decreasing reference count for CommandHandlerImpl, remaining 1[0m
[0;34m[1784654900.056] [6309:6309] [DMG] Decreasing reference count for CommandHandlerImpl, remaining 0[0m
[0;34m[1784654900.056] [6309:6309] [DMG] Command handler moving to [AwaitingDe][0m
[0;32m[1784654900.056] [6309:6309] [EM] <<< [E:19887r S:14693 M:260475646 (Ack:151084271)] (S) Msg TX from 0000000000000000 to 0:FFFFFFFB00000000 [0000] [UDP:[fe80::bfe:a203:38f0:bce7%enp0s3]:50871] --- Type 0001:09 (IM:InvokeCommandResponse) (B:67)[0m
[0;32m[1784654900.056] [6309:6309] [EM] ??1 [E:19887r S:14693 M:260475646] (S) Msg Retransmission to 0:FFFFFFFB00000000 scheduled for 332ms from now [State:Active II:500 AI:300 AT:4000][0m
[0;34m[1784654900.056] [6309:6309] [DMG] Command response sender moving to [AllInvokeR][0m
[0;32m[1784654900.056] [6309:6309] [EM] >>> [E:19886r S:14693 M:151084272 (Ack:260475645)] (S) Msg RX from 0:FFFFFFFB00000000 [0000] to 0000000000000000 --- Type 0000:10 (SecureChannel:StandaloneAck) (B:34)[0m
[0;34m[1784654900.056] [6309:6309] [EM] Found matching exchange: 19886r, Delegate: (nil)[0m
[0;34m[1784654900.056] [6309:6309] [EM] Rxd Ack; Removing MessageCounter:260475645 from Retrans Table on exchange 19886r[0m
[0;32m[1784654900.057] [6309:6309] [EM] >>> [E:19888r S:14693 M:151084273] (S) Msg RX from 0:FFFFFFFB00000000 [0000] to 0000000000000000 --- Type 0001:08 (IM:InvokeCommandRequest) (B:566)[0m
[0;34m[1784654900.057] [6309:6309] [EM] Handling via exchange: 19888r, Delegate: 0x61331fa37ac8[0m
[0;34m[1784654900.057] [6309:6309] [DMG] InvokeRequestMessage =[0m
[0;34m[1784654900.057] [6309:6309] [DMG] {[0m
[0;34m[1784654900.057] [6309:6309] [DMG] 	suppressResponse = false, [0m
[0;34m[1784654900.057] [6309:6309] [DMG] 	timedRequest = false, [0m
[0;34m[1784654900.057] [6309:6309] [DMG] 	InvokeRequests =[0m
[0;34m[1784654900.057] [6309:6309] [DMG] 	[[0m
[0;34m[1784654900.057] [6309:6309] [DMG] 		CommandDataIB =[0m
[0;34m[1784654900.057] [6309:6309] [DMG] 		{[0m
[0;34m[1784654900.057] [6309:6309] [DMG] 			CommandPathIB =[0m
[0;34m[1784654900.057] [6309:6309] [DMG] 			{[0m
[0;34m[1784654900.057] [6309:6309] [DMG] 				EndpointId = 0x0,[0m
[0;34m[1784654900.057] [6309:6309] [DMG] 				ClusterId = 0x3e,[0m
[0;34m[1784654900.057] [6309:6309] [DMG] 				CommandId = 0x6,[0m
[0;34m[1784654900.057] [6309:6309] [DMG] 			},[0m
[0;34m[1784654900.057] [6309:6309] [DMG] 			[0m
[0;34m[1784654900.057] [6309:6309] [DMG] 			CommandFields = [0m
[0;34m[1784654900.057] [6309:6309] [DMG] 			{[0m
[0;34m[1784654900.057] [6309:6309] [DMG] 				0x0 = [[0m
[0;34m[1784654900.057] [6309:6309] [DMG] 						0x15, 0x30, 0x01, 0x01, 0x01, 0x24, 0x02, 0x01, 0x37, 0x03, 0x24, 0x13, 0x02, 0x18, 0x26, 0x04, 0x80, 0x22, 0x81, 0x27, 0x26, 0x05, 0x80, 0x25, 0x4d, 0x3a, 0x37, 0x06, 0x24, 0x15, 0x01, 0x24, 0x11, 0x01, 0x18, 0x24, 0x07, 0x01, 0x24, 0x08, 0x01, 0x30, 0x09, 0x41, 0x04, 0x73, 0xfc, 0x10, 0x91, 0x3d, 0x01, 0x44, 0xdb, 0xa4, 0x6d, 0xf1, 0x05, 0xa3, 0xab, 0xfa, 0xd3, 0xaf, 0x84, 0x34, 0x06, 0x2c, 0x33, 0x7d, 0x0a, 0xb4, 0x3b, 0x41, 0x4a, 0x71, 0x72, 0xb9, 0x18, 0xd7, 0x4d, 0x30, 0xcd, 0xcb, 0xf1, 0xb1, 0x2f, 0x60, 0x80, 0x6b, 0xe5, 0x34, 0xe8, 0xf3, 0xee, 0x14, 0x35, 0x20, 0xa4, 0x88, 0x05, 0x72, 0xd2, 0xf6, 0xe5, 0x72, 0xb4, 0x3d, 0x3f, 0x74, 0xde, 0x37, 0x0a, 0x35, 0x01, 0x28, 0x01, 0x18, 0x24, 0x02, 0x01, 0x36, 0x03, 0x04, 0x02, 0x04, 0x01, 0x18, 0x30, 0x04, 0x14, 0xfa, 0xf4, 0x7c, 0x80, 0xdd, 0xe4, 0x5a, 0x83, 0x48, 0x4e, 0xaa, 0xaa, 0x07, 0x3f, 0x20, 0x27, 0x26, 0x50, 0x58, 0xe9, 0x30, 0x05, 0x14, 0xef, 0x93, 0x9d, 0x05, 0x86, 0xd2, 0xba, 0xec, 0x7a, 0xe4, 0x9c, 0x7c, 0xbf, 0x58, 0xcd, 0x76, 0xbb, 0x0a, 0x5f, 0x0c, 0x18, 0x30, 0x0b, 0x40, 0x7b, 0x2e, 0xde, 0xf0, 0x94, 0x65, 0xd5, 0xfe, 0x8a, 0x37, 0xea, 0x32, 0xf1, 0x4f, 0x43, 0xa8, 0x19, 0x7c, 0x2d, 0x19, 0x04, 0x00, 0x50, 0x00, 0xe2, 0x37, 0xfa, 0x92, 0xaa, 0x7e, 0xda, 0xa8, 0x3e, 0xf9, 0x80, 0x5d, 0x65, 0x52, 0x6e, 0x73, 0x6d, 0xce, 0x7a, 0x11, 0xfe, 0xae, 0xeb, 0xc8, 0xcc, 0xd4, 0x20, 0x54, 0xc6, 0x15, 0x50, 0xdd, 0xd6, 0x70, 0x42, 0x08, 0x2e, 0x94, 0xfc, 0x27, 0x18, [0m
[0;34m[1784654900.057] [6309:6309] [DMG] 				] (241 bytes)[0m
[0;34m[1784654900.057] [6309:6309] [DMG] 				0x1 = [[0m
[0;34m[1784654900.057] [6309:6309] [DMG] 						0x15, 0x30, 0x01, 0x01, 0x01, 0x24, 0x02, 0x01, 0x37, 0x03, 0x24, 0x14, 0x01, 0x18, 0x26, 0x04, 0x80, 0x22, 0x81, 0x27, 0x26, 0x05, 0x80, 0x25, 0x4d, 0x3a, 0x37, 0x06, 0x24, 0x13, 0x02, 0x18, 0x24, 0x07, 0x01, 0x24, 0x08, 0x01, 0x30, 0x09, 0x41, 0x04, 0xe6, 0xf4, 0xd1, 0x47, 0xaa, 0xcf, 0x80, 0x9e, 0x79, 0xa9, 0x95, 0xd1, 0x13, 0x29, 0x4b, 0xe8, 0x9d, 0x09, 0xa4, 0x29, 0x8f, 0x10, 0x1e, 0x0f, 0x3e, 0xe9, 0x22, 0xc9, 0x01, 0x4d, 0x3e, 0xba, 0xc3, 0xdb, 0xd3, 0x41, 0xf7, 0xf9, 0xb9, 0xdc, 0x07, 0xec, 0x64, 0x8e, 0xd2, 0xb3, 0x0b, 0x76, 0x63, 0xd4, 0xc8, 0xbc, 0x48, 0x68, 0xfc, 0xa5, 0x4b, 0x01, 0xdf, 0x50, 0xc5, 0x52, 0x31, 0x4e, 0x37, 0x0a, 0x35, 0x01, 0x29, 0x01, 0x18, 0x24, 0x02, 0x60, 0x30, 0x04, 0x14, 0xef, 0x93, 0x9d, 0x05, 0x86, 0xd2, 0xba, 0xec, 0x7a, 0xe4, 0x9c, 0x7c, 0xbf, 0x58, 0xcd, 0x76, 0xbb, 0x0a, 0x5f, 0x0c, 0x30, 0x05, 0x14, 0x2e, 0xab, 0xaa, 0xf8, 0xc1, 0x83, 0x9b, 0x52, 0xf8, 0x46, 0x08, 0x0d, 0xc0, 0x27, 0xdc, 0x41, 0x0f, 0x1a, 0xed, 0xae, 0x18, 0x30, 0x0b, 0x40, 0x79, 0xa7, 0xd8, 0xab, 0x92, 0x35, 0xd7, 0x7a, 0x1c, 0x34, 0x8a, 0xf1, 0xfe, 0x6c, 0x0a, 0x8f, 0x05, 0xb6, 0x0c, 0x8e, 0x33, 0x14, 0x69, 0x28, 0xb9, 0xf0, 0xdd, 0x55, 0xd6, 0x3d, 0x1a, 0x80, 0x3e, 0x91, 0x13, 0x30, 0x11, 0x48, 0x58, 0x29, 0xc6, 0xc7, 0xf6, 0x40, 0xe9, 0xf8, 0xee, 0x13, 0xd2, 0xfb, 0x01, 0x46, 0xd9, 0xab, 0x33, 0xd0, 0xd9, 0xdc, 0x02, 0x98, 0xc9, 0xae, 0xb2, 0x47, 0x18, [0m
[0;34m[1784654900.057] [6309:6309] [DMG] 				] (231 bytes)[0m
[0;34m[1784654900.057] [6309:6309] [DMG] 				0x2 = [[0m
[0;34m[1784654900.057] [6309:6309] [DMG] 						0x74, 0x65, 0x6d, 0x70, 0x6f, 0x72, 0x61, 0x72, 0x79, 0x20, 0x69, 0x70, 0x6b, 0x20, 0x30, 0x31, [0m
[0;34m[1784654900.057] [6309:6309] [DMG] 				] (16 bytes)[0m
[0;34m[1784654900.057] [6309:6309] [DMG] 				0x3 = 112233 (unsigned), [0m
[0;34m[1784654900.057] [6309:6309] [DMG] 				0x4 = 65521 (unsigned), [0m
[0;34m[1784654900.057] [6309:6309] [DMG] 			},[0m
[0;34m[1784654900.057] [6309:6309] [DMG] 		},[0m
[0;34m[1784654900.057] [6309:6309] [DMG] 		[0m
[0;34m[1784654900.057] [6309:6309] [DMG] 	],[0m
[0;34m[1784654900.057] [6309:6309] [DMG] 	[0m
[0;34m[1784654900.057] [6309:6309] [DMG] 	InteractionModelRevision = 12[0m
[0;34m[1784654900.057] [6309:6309] [DMG] },[0m
[0;32m[1784654900.057] [6309:6309] [DMG] AccessControl: checking f=0 a=p s=0xFFFFFFFB00000000 t= c=0x0000_003E e=0 p=o r=i[0m
[0;32m[1784654900.057] [6309:6309] [DMG] AccessControl: implicit admin (PASE)[0m
[0;32m[1784654900.057] [6309:6309] [DMG] AccessControl: checking f=0 a=p s=0xFFFFFFFB00000000 t= c=0x0000_003E e=0 p=a r=i[0m
[0;32m[1784654900.057] [6309:6309] [DMG] AccessControl: implicit admin (PASE)[0m
[0;34m[1784654900.057] [6309:6309] [DMG] Received command for Endpoint=0 Cluster=0x0000_003E Command=0x0000_0006[0m
[0;32m[1784654900.057] [6309:6309] [ZCL] OpCreds: Received an AddNOC command[0m
[0;32m[1784654900.057] [6309:6309] [FP] Validating NOC chain[0m
[0;32m[1784654900.057] [6309:6309] [FP] NOC chain validation successful[0m
[0;32m[1784654900.057] [6309:6309] [FP] Added new fabric at index: 0x1[0m
[0;32m[1784654900.057] [6309:6309] [FP] Assigned compressed fabric ID: 0xED4A5D3DA4A7399B, node ID: 0x0000000000000001[0m
[0;32m[1784654900.057] [6309:6309] [TS] Last Known Good Time: 2023-10-14T01:16:48[0m
[0;32m[1784654900.057] [6309:6309] [TS] New proposed Last Known Good Time: 2021-01-01T00:00:00[0m
[0;32m[1784654900.057] [6309:6309] [TS] Retaining current Last Known Good Time[0m
[0;34m[1784654900.061] [6309:6309] [DL] Wrote settings to /tmp/chip_kvs_test[0m
[0;34m[1784654900.063] [6309:6309] [DL] Wrote settings to /tmp/chip_kvs_test[0m
[0;34m[1784654900.065] [6309:6309] [DL] Wrote settings to /tmp/chip_kvs_test[0m
[0;32m[1784654900.065] [6309:6309] [DMG] AccessControl: validating f=1 p=a a=c s=1 t=0[0m
[0;32m[1784654900.065] [6309:6309] [DMG]   validating subject 0x000000000001B669[0m
[0;34m[1784654900.067] [6309:6309] [DL] Wrote settings to /tmp/chip_kvs_test[0m
[0;34m[1784654900.067] [6309:6309] [EVL] LogEvent event number: 0x0000000000000004 priority: 1, endpoint id:  0x0 cluster id: 0x0000_001F event id: 0x0 Epoch timestamp: 0x0000019F85B8AB63[0m
[0;32m[1784654900.067] [6309:6309] [ZCL] OpCreds: ACL entry created for Fabric index 0x1 CASE Admin Subject 0x000000000001B669[0m
[0;34m[1784654900.067] [6309:6309] [DL] Using WiFi MAC for hostname[0m
[0;32m[1784654900.067] [6309:6309] [DIS] Advertise operational node ED4A5D3DA4A7399B-0000000000000001[0m
[0;34m[1784654900.067] [6309:6309] [DIS] Responding with _matter._tcp.local[0m
[0;34m[1784654900.067] [6309:6309] [DIS] Responding with ED4A5D3DA4A7399B-0000000000000001._matter._tcp.local[0m
[0;34m[1784654900.067] [6309:6309] [DIS] Responding with ED4A5D3DA4A7399B-0000000000000001._matter._tcp.local[0m
[0;34m[1784654900.067] [6309:6309] [DIS] Responding with 080027AE1A43.local[0m
[0;34m[1784654900.067] [6309:6309] [DIS] Responding with 080027AE1A43.local[0m
[0;34m[1784654900.067] [6309:6309] [DIS] Responding with _IED4A5D3DA4A7399B._sub._matter._tcp.local[0m
[0;32m[1784654900.067] [6309:6309] [DIS] CHIP minimal mDNS configured as 'Operational device'; instance name: ED4A5D3DA4A7399B-0000000000000001.[0m
[0;32m[1784654900.067] [6309:6309] [DIS] mDNS service published: _matter._tcp[0m
[0;34m[1784654900.067] [6309:6309] [DMG] Command handler moving to [NewRespons][0m
[0;34m[1784654900.067] [6309:6309] [DMG] Command handler moving to [ Preparing][0m
[0;34m[1784654900.067] [6309:6309] [DMG] Command handler moving to [AddingComm][0m
[0;34m[1784654900.067] [6309:6309] [DMG] Command handler moving to [AddedComma][0m
[0;32m[1784654900.067] [6309:6309] [ZCL] OpCreds: successfully created fabric index 0x1 via AddNOC[0m
[0;34m[1784654900.067] [6309:6309] [DMG] Decreasing reference count for CommandHandlerImpl, remaining 1[0m
[0;34m[1784654900.067] [6309:6309] [DMG] Decreasing reference count for CommandHandlerImpl, remaining 0[0m
[0;34m[1784654900.067] [6309:6309] [DMG] Command handler moving to [AwaitingDe][0m
[0;32m[1784654900.068] [6309:6309] [EM] <<< [E:19888r S:14693 M:260475647 (Ack:151084273)] (S) Msg TX from 0000000000000000 to 1:FFFFFFFB00000000 [399B] [UDP:[fe80::bfe:a203:38f0:bce7%enp0s3]:50871] --- Type 0001:09 (IM:InvokeCommandResponse) (B:70)[0m
[0;32m[1784654900.068] [6309:6309] [EM] ??1 [E:19888r S:14693 M:260475647] (S) Msg Retransmission to 1:FFFFFFFB00000000 scheduled for 341ms from now [State:Active II:500 AI:300 AT:4000][0m
[0;34m[1784654900.068] [6309:6309] [DMG] Command response sender moving to [AllInvokeR][0m
[0;32m[1784654900.068] [6309:6309] [EM] >>> [E:19887r S:14693 M:151084274 (Ack:260475646)] (S) Msg RX from 1:FFFFFFFB00000000 [399B] to 0000000000000000 --- Type 0000:10 (SecureChannel:StandaloneAck) (B:34)[0m
[0;34m[1784654900.068] [6309:6309] [EM] Found matching exchange: 19887r, Delegate: (nil)[0m
[0;34m[1784654900.068] [6309:6309] [EM] Rxd Ack; Removing MessageCounter:260475646 from Retrans Table on exchange 19887r[0m
[0;32m[1784654900.069] [6309:6309] [EM] >>> [E:19888r S:14693 M:151084275 (Ack:260475647)] (S) Msg RX from 1:FFFFFFFB00000000 [399B] to 0000000000000000 --- Type 0000:10 (SecureChannel:StandaloneAck) (B:34)[0m
[0;34m[1784654900.069] [6309:6309] [EM] Found matching exchange: 19888r, Delegate: (nil)[0m
[0;34m[1784654900.069] [6309:6309] [EM] Rxd Ack; Removing MessageCounter:260475647 from Retrans Table on exchange 19888r[0m
[0;32m[1784654900.274] [6309:6309] [EM] >>> [E:19889r S:0 M:5361040] (U) Msg RX from 0:896D961A0228EBA2 [0000] to 0000000000000000 --- Type 0000:30 (SecureChannel:CASE_Sigma1) (B:196)[0m
[0;34m[1784654900.274] [6309:6309] [EM] Handling via exchange: 19889r, Delegate: 0x61331fa2d5f8[0m
[0;32m[1784654900.274] [6309:6309] [IN] CASE Server received Sigma1 message . Starting handshake. EC 0x6133593f1470[0m
[0;32m[1784654900.274] [6309:6309] [SC] Received Sigma1 msg[0m
[0;34m[1784654900.274] [6309:6309] [SC] Found MRP parameters in the message[0m
[0;34m[1784654900.274] [6309:6309] [SC] Peer (Initiator) assigned session ID 5444[0m
[0;32m[1784654900.274] [6309:6309] [SC] CASE matched destination ID: fabricIndex 1, NodeID 0x0000000000000001[0m
[0;32m[1784654900.275] [6309:6309] [EM] <<< [E:19889r S:0 M:218595749 (Ack:5361040)] (U) Msg TX from 0000000000000000 to 0:896D961A0228EBA2 [0000] [UDP:[fe80::bfe:a203:38f0:bce7%enp0s3]:50871] --- Type 0000:31 (SecureChannel:CASE_Sigma2) (B:751)[0m
[0;32m[1784654900.275] [6309:6309] [EM] ??1 [E:19889r S:0 M:218595749] (U) Msg Retransmission to 0:0000000000000000 scheduled for 377ms from now [State:Active II:500 AI:300 AT:4000][0m
[0;32m[1784654900.275] [6309:6309] [SC] Sent Sigma2 msg[0m
[0;32m[1784654900.277] [6309:6309] [EM] >>> [E:19889r S:0 M:5361041 (Ack:218595749)] (U) Msg RX from 0:896D961A0228EBA2 [0000] to 0000000000000000 --- Type 0000:32 (SecureChannel:CASE_Sigma3) (B:598)[0m
[0;34m[1784654900.277] [6309:6309] [EM] Found matching exchange: 19889r, Delegate: 0x61331fa2d630[0m
[0;34m[1784654900.277] [6309:6309] [EM] Rxd Ack; Removing MessageCounter:218595749 from Retrans Table on exchange 19889r[0m
[0;32m[1784654900.277] [6309:6309] [SC] Received Sigma3 msg[0m
[1;31m[1784654900.277] [6309:6309] [SC] The device does not support GetClock_RealTimeMS() API: src/protocols/secure_channel/CASESession.cpp:2276: CHIP Error 0x0000006C: Required feature not supported by this configuration.  Falling back to Last Known Good UTC Time[0m
[0;34m[1784654900.280] [6309:6309] [DL] Wrote settings to /tmp/chip_kvs_test[0m
[0;34m[1784654900.283] [6309:6309] [DL] Wrote settings to /tmp/chip_kvs_test[0m
[0;34m[1784654900.285] [6309:6309] [DL] Wrote settings to /tmp/chip_kvs_test[0m
[0;34m[1784654900.285] [6309:6309] [SC] Sending status report. Protocol code 0, exchange 19889[0m
[0;32m[1784654900.285] [6309:6309] [EM] <<< [E:19889r S:0 M:218595750 (Ack:5361041)] (U) Msg TX from 0000000000000000 to 0:896D961A0228EBA2 [0000] [UDP:[fe80::bfe:a203:38f0:bce7%enp0s3]:50871] --- Type 0000:40 (SecureChannel:StatusReport) (B:34)[0m
[0;32m[1784654900.285] [6309:6309] [EM] ??1 [E:19889r S:0 M:218595750] (U) Msg Retransmission to 0:0000000000000000 scheduled for 408ms from now [State:Active II:500 AI:300 AT:4000][0m
[0;32m[1784654900.285] [6309:6309] [SC] SecureSession[0x6133593dcda0, LSID:14694]: State change 'kEstablishing' --> 'kActive'[0m
[0;34m[1784654900.285] [6309:6309] [IN] SecureSession[0x6133593dcda0]: Activated - Type:2 LSID:14694[0m
[0;34m[1784654900.285] [6309:6309] [IN] New secure session activated for device <000000000001B669, 1>, LSID:14694 PSID:5444![0m
[0;32m[1784654900.285] [6309:6309] [IN] CASE Session established to peer: <000000000001B669, 1>[0m
[0;34m[1784654900.285] [6309:6309] [IN] SecureSession[0x6133593f7d40]: Allocated Type:2 LSID:14695[0m
[0;34m[1784654900.285] [6309:6309] [SC] Allocated SecureSession (0x6133593f7d40) - waiting for Sigma1 msg[0m
[0;32m[1784654900.287] [6309:6309] [EM] >>> [E:19890r S:14694 M:146432098] (S) Msg RX from 1:000000000001B669 [399B] to 0000000000000001 --- Type 0001:08 (IM:InvokeCommandRequest) (B:59)[0m
[0;34m[1784654900.287] [6309:6309] [EM] Handling via exchange: 19890r, Delegate: 0x61331fa37ac8[0m
[0;34m[1784654900.287] [6309:6309] [DMG] InvokeRequestMessage =[0m
[0;34m[1784654900.287] [6309:6309] [DMG] {[0m
[0;34m[1784654900.287] [6309:6309] [DMG] 	suppressResponse = false, [0m
[0;34m[1784654900.287] [6309:6309] [DMG] 	timedRequest = false, [0m
[0;34m[1784654900.287] [6309:6309] [DMG] 	InvokeRequests =[0m
[0;34m[1784654900.287] [6309:6309] [DMG] 	[[0m
[0;34m[1784654900.287] [6309:6309] [DMG] 		CommandDataIB =[0m
[0;34m[1784654900.287] [6309:6309] [DMG] 		{[0m
[0;34m[1784654900.287] [6309:6309] [DMG] 			CommandPathIB =[0m
[0;34m[1784654900.287] [6309:6309] [DMG] 			{[0m
[0;34m[1784654900.287] [6309:6309] [DMG] 				EndpointId = 0x0,[0m
[0;34m[1784654900.287] [6309:6309] [DMG] 				ClusterId = 0x30,[0m
[0;34m[1784654900.287] [6309:6309] [DMG] 				CommandId = 0x4,[0m
[0;34m[1784654900.287] [6309:6309] [DMG] 			},[0m
[0;34m[1784654900.287] [6309:6309] [DMG] 			[0m
[0;34m[1784654900.287] [6309:6309] [DMG] 			CommandFields = [0m
[0;34m[1784654900.287] [6309:6309] [DMG] 			{[0m
[0;34m[1784654900.287] [6309:6309] [DMG] 			},[0m
[0;34m[1784654900.287] [6309:6309] [DMG] 		},[0m
[0;34m[1784654900.287] [6309:6309] [DMG] 		[0m
[0;34m[1784654900.287] [6309:6309] [DMG] 	],[0m
[0;34m[1784654900.287] [6309:6309] [DMG] 	[0m
[0;34m[1784654900.287] [6309:6309] [DMG] 	InteractionModelRevision = 12[0m
[0;34m[1784654900.287] [6309:6309] [DMG] },[0m
[0;32m[1784654900.287] [6309:6309] [DMG] AccessControl: checking f=1 a=c s=0x000000000001B669 t= c=0x0000_0030 e=0 p=o r=i[0m
[0;32m[1784654900.287] [6309:6309] [DMG] AccessControl: allowed[0m
[0;32m[1784654900.287] [6309:6309] [DMG] AccessControl: checking f=1 a=c s=0x000000000001B669 t= c=0x0000_0030 e=0 p=a r=i[0m
[0;32m[1784654900.287] [6309:6309] [DMG] AccessControl: allowed[0m
[0;34m[1784654900.287] [6309:6309] [DMG] Received command for Endpoint=0 Cluster=0x0000_0030 Command=0x0000_0004[0m
[0;32m[1784654900.287] [6309:6309] [FS] GeneralCommissioning: Received CommissioningComplete[0m
[0;34m[1784654900.290] [6309:6309] [DL] Wrote settings to /tmp/chip_kvs_test[0m
[0;34m[1784654900.293] [6309:6309] [DL] Wrote settings to /tmp/chip_kvs_test[0m
[0;32m[1784654900.293] [6309:6309] [FP] Metadata for Fabric 0x1 persisted to storage.[0m
[0;34m[1784654900.295] [6309:6309] [DL] Wrote settings to /tmp/chip_kvs_test[0m
[0;34m[1784654900.298] [6309:6309] [DL] Wrote settings to /tmp/chip_kvs_test[0m
[0;34m[1784654900.300] [6309:6309] [DL] Wrote settings to /tmp/chip_kvs_test[0m
[0;34m[1784654900.302] [6309:6309] [DL] Wrote settings to /tmp/chip_kvs_test[0m
[0;32m[1784654900.302] [6309:6309] [TS] Committing Last Known Good Time to storage: 2023-10-14T01:16:48[0m
[0;34m[1784654900.304] [6309:6309] [DL] Wrote settings to /tmp/chip_kvs_test[0m
[0;34m[1784654900.307] [6309:6309] [DL] Wrote settings to /tmp/chip_kvs_test[0m
[0;32m[1784654900.307] [6309:6309] [ZCL] OpCreds: Fabric index 0x1 was committed to storage. Compressed Fabric Id 0xED4A5D3DA4A7399B, FabricId 0000000000000001, NodeId 0000000000000001, VendorId 0xFFF1[0m
[0;34m[1784654900.309] [6309:6309] [DL] Wrote settings to /tmp/chip_kvs_test[0m
[0;32m[1784654900.309] [6309:6309] [FS] GeneralCommissioning: Successfully committed pending fabric data[0m
[0;32m[1784654900.309] [6309:6309] [FS] Fail-safe cleanly disarmed[0m
[0;34m[1784654900.309] [6309:6309] [DMG] Command handler moving to [NewRespons][0m
[0;34m[1784654900.309] [6309:6309] [DMG] Command handler moving to [ Preparing][0m
[0;34m[1784654900.309] [6309:6309] [DMG] Command handler moving to [AddingComm][0m
[0;34m[1784654900.309] [6309:6309] [DMG] Command handler moving to [AddedComma][0m
[0;34m[1784654900.309] [6309:6309] [DMG] Decreasing reference count for CommandHandlerImpl, remaining 1[0m
[0;34m[1784654900.309] [6309:6309] [DMG] Decreasing reference count for CommandHandlerImpl, remaining 0[0m
[0;34m[1784654900.309] [6309:6309] [DMG] Command handler moving to [AwaitingDe][0m
[0;32m[1784654900.309] [6309:6309] [EM] <<< [E:19890r S:14694 M:134472194 (Ack:146432098)] (S) Msg TX from 0000000000000001 to 1:000000000001B669 [399B] [UDP:[fe80::bfe:a203:38f0:bce7%enp0s3]:50871] --- Type 0001:09 (IM:InvokeCommandResponse) (B:70)[0m
[0;32m[1784654900.309] [6309:6309] [EM] ??1 [E:19890r S:14694 M:134472194] (S) Msg Retransmission to 1:000000000001B669 scheduled for 356ms from now [State:Active II:500 AI:300 AT:4000][0m
[0;34m[1784654900.309] [6309:6309] [DMG] Command response sender moving to [AllInvokeR][0m
[0;32m[1784654900.309] [6309:6309] [SVR] Commissioning completed successfully[0m
[0;32m[1784654900.309] [6309:6309] [DIS] Updating services using commissioning mode 0[0m
[0;32m[1784654900.309] [6309:6309] [DIS] CHIP minimal mDNS started advertising.[0m
[0;34m[1784654900.310] [6309:6309] [DL] Using WiFi MAC for hostname[0m
[0;32m[1784654900.310] [6309:6309] [DIS] Advertise operational node ED4A5D3DA4A7399B-0000000000000001[0m
[0;34m[1784654900.310] [6309:6309] [DIS] Responding with _matter._tcp.local[0m
[0;34m[1784654900.310] [6309:6309] [DIS] Responding with ED4A5D3DA4A7399B-0000000000000001._matter._tcp.local[0m
[0;34m[1784654900.310] [6309:6309] [DIS] Responding with ED4A5D3DA4A7399B-0000000000000001._matter._tcp.local[0m
[0;34m[1784654900.310] [6309:6309] [DIS] Responding with 080027AE1A43.local[0m
[0;34m[1784654900.310] [6309:6309] [DIS] Responding with 080027AE1A43.local[0m
[0;34m[1784654900.310] [6309:6309] [DIS] Responding with _IED4A5D3DA4A7399B._sub._matter._tcp.local[0m
[0;32m[1784654900.310] [6309:6309] [DIS] CHIP minimal mDNS configured as 'Operational device'; instance name: ED4A5D3DA4A7399B-0000000000000001.[0m
[0;32m[1784654900.311] [6309:6309] [DIS] mDNS service published: _matter._tcp[0m
[0;34m[1784654900.311] [6309:6309] [IN] Expiring all PASE sessions[0m
[0;34m[1784654900.311] [6309:6309] [IN] SecureSession[0x6133593dc890]: MarkForEviction Type:1 LSID:14693[0m
[0;32m[1784654900.311] [6309:6309] [SC] SecureSession[0x6133593dc890, LSID:14693]: State change 'kActive' --> 'kPendingEviction'[0m
[0;34m[1784654900.311] [6309:6309] [IN] SecureSession[0x6133593dc890]: Released - Type:1 LSID:14693[0m
[0;32m[1784654900.311] [6309:6309] [PAF] WiFiPAF: Closing all WiFiPAF sessions to shutdown[0m
[0;32m[1784654900.311] [6309:6309] [EM] >>> [E:19889r S:0 M:5361042 (Ack:218595750)] (U) Msg RX from 0:896D961A0228EBA2 [0000] to 0000000000000000 --- Type 0000:10 (SecureChannel:StandaloneAck) (B:26)[0m
[0;34m[1784654900.311] [6309:6309] [EM] Found matching exchange: 19889r, Delegate: (nil)[0m
[0;34m[1784654900.311] [6309:6309] [EM] Rxd Ack; Removing MessageCounter:218595750 from Retrans Table on exchange 19889r[0m
[0;32m[1784654900.311] [6309:6309] [EM] >>> [E:19890r S:14694 M:146432099 (Ack:134472194)] (S) Msg RX from 1:000000000001B669 [399B] to 0000000000000001 --- Type 0000:10 (SecureChannel:StandaloneAck) (B:34)[0m
[0;34m[1784654900.311] [6309:6309] [EM] Found matching exchange: 19890r, Delegate: (nil)[0m
[0;34m[1784654900.311] [6309:6309] [EM] Rxd Ack; Removing MessageCounter:134472194 from Retrans Table on exchange 19890r[0m
[0;32m[1784654900.580] [6309:6309] [EM] >>> [E:17624r S:0 M:168579367] (U) Msg RX from 0:BDB1439EFBD23075 [0000] to 0000000000000000 --- Type 0000:30 (SecureChannel:CASE_Sigma1) (B:196)[0m
[0;34m[1784654900.580] [6309:6309] [EM] Handling via exchange: 17624r, Delegate: 0x61331fa2d5f8[0m
[0;32m[1784654900.580] [6309:6309] [IN] CASE Server received Sigma1 message . Starting handshake. EC 0x6133593f1470[0m
[0;32m[1784654900.580] [6309:6309] [SC] Received Sigma1 msg[0m
[0;34m[1784654900.580] [6309:6309] [SC] Found MRP parameters in the message[0m
[0;34m[1784654900.580] [6309:6309] [SC] Peer (Initiator) assigned session ID 51114[0m
[0;32m[1784654900.580] [6309:6309] [SC] CASE matched destination ID: fabricIndex 1, NodeID 0x0000000000000001[0m
[0;32m[1784654900.581] [6309:6309] [EM] <<< [E:17624r S:0 M:218595751 (Ack:168579367)] (U) Msg TX from 0000000000000000 to 0:BDB1439EFBD23075 [0000] [UDP:[fe80::bfe:a203:38f0:bce7%enp0s3]:47675] --- Type 0000:31 (SecureChannel:CASE_Sigma2) (B:751)[0m
[0;32m[1784654900.581] [6309:6309] [EM] ??1 [E:17624r S:0 M:218595751] (U) Msg Retransmission to 0:0000000000000000 scheduled for 362ms from now [State:Active II:500 AI:300 AT:4000][0m
[0;32m[1784654900.581] [6309:6309] [SC] Sent Sigma2 msg[0m
[0;32m[1784654900.582] [6309:6309] [EM] >>> [E:17624r S:0 M:168579368 (Ack:218595751)] (U) Msg RX from 0:BDB1439EFBD23075 [0000] to 0000000000000000 --- Type 0000:32 (SecureChannel:CASE_Sigma3) (B:598)[0m
[0;34m[1784654900.582] [6309:6309] [EM] Found matching exchange: 17624r, Delegate: 0x61331fa2d630[0m
[0;34m[1784654900.582] [6309:6309] [EM] Rxd Ack; Removing MessageCounter:218595751 from Retrans Table on exchange 17624r[0m
[0;32m[1784654900.583] [6309:6309] [SC] Received Sigma3 msg[0m
[1;31m[1784654900.583] [6309:6309] [SC] The device does not support GetClock_RealTimeMS() API: src/protocols/secure_channel/CASESession.cpp:2276: CHIP Error 0x0000006C: Required feature not supported by this configuration.  Falling back to Last Known Good UTC Time[0m
[0;34m[1784654900.586] [6309:6309] [DL] Wrote settings to /tmp/chip_kvs_test[0m
[0;34m[1784654900.588] [6309:6309] [DL] Wrote settings to /tmp/chip_kvs_test[0m
[0;34m[1784654900.591] [6309:6309] [DL] Wrote settings to /tmp/chip_kvs_test[0m
[0;34m[1784654900.591] [6309:6309] [SC] Sending status report. Protocol code 0, exchange 17624[0m
[0;32m[1784654900.591] [6309:6309] [EM] <<< [E:17624r S:0 M:218595752 (Ack:168579368)] (U) Msg TX from 0000000000000000 to 0:BDB1439EFBD23075 [0000] [UDP:[fe80::bfe:a203:38f0:bce7%enp0s3]:47675] --- Type 0000:40 (SecureChannel:StatusReport) (B:34)[0m
[0;32m[1784654900.591] [6309:6309] [EM] ??1 [E:17624r S:0 M:218595752] (U) Msg Retransmission to 0:0000000000000000 scheduled for 409ms from now [State:Active II:500 AI:300 AT:4000][0m
[0;32m[1784654900.591] [6309:6309] [SC] SecureSession[0x6133593f7d40, LSID:14695]: State change 'kEstablishing' --> 'kActive'[0m
[0;34m[1784654900.591] [6309:6309] [IN] SecureSession[0x6133593f7d40]: Activated - Type:2 LSID:14695[0m
[0;34m[1784654900.591] [6309:6309] [IN] New secure session activated for device <000000000001B669, 1>, LSID:14695 PSID:51114![0m
[0;32m[1784654900.591] [6309:6309] [IN] CASE Session established to peer: <000000000001B669, 1>[0m
[0;34m[1784654900.591] [6309:6309] [IN] SecureSession[0x6133593dc890]: Allocated Type:2 LSID:14696[0m
[0;34m[1784654900.591] [6309:6309] [SC] Allocated SecureSession (0x6133593dc890) - waiting for Sigma1 msg[0m
[0;32m[1784654900.593] [6309:6309] [EM] >>> [E:17625r S:14695 M:2605462] (S) Msg RX from 1:000000000001B669 [399B] to 0000000000000001 --- Type 0001:08 (IM:InvokeCommandRequest) (B:65)[0m
[0;34m[1784654900.593] [6309:6309] [EM] Handling via exchange: 17625r, Delegate: 0x61331fa37ac8[0m
[0;34m[1784654900.593] [6309:6309] [DMG] InvokeRequestMessage =[0m
[0;34m[1784654900.593] [6309:6309] [DMG] {[0m
[0;34m[1784654900.593] [6309:6309] [DMG] 	suppressResponse = false, [0m
[0;34m[1784654900.593] [6309:6309] [DMG] 	timedRequest = false, [0m
[0;34m[1784654900.593] [6309:6309] [DMG] 	InvokeRequests =[0m
[0;34m[1784654900.593] [6309:6309] [DMG] 	[[0m
[0;34m[1784654900.593] [6309:6309] [DMG] 		CommandDataIB =[0m
[0;34m[1784654900.593] [6309:6309] [DMG] 		{[0m
[0;34m[1784654900.593] [6309:6309] [DMG] 			CommandPathIB =[0m
[0;34m[1784654900.593] [6309:6309] [DMG] 			{[0m
[0;34m[1784654900.593] [6309:6309] [DMG] 				EndpointId = 0x0,[0m
[0;34m[1784654900.593] [6309:6309] [DMG] 				ClusterId = 0x30,[0m
[0;34m[1784654900.593] [6309:6309] [DMG] 				CommandId = 0x0,[0m
[0;34m[1784654900.593] [6309:6309] [DMG] 			},[0m
[0;34m[1784654900.593] [6309:6309] [DMG] 			[0m
[0;34m[1784654900.593] [6309:6309] [DMG] 			CommandFields = [0m
[0;34m[1784654900.593] [6309:6309] [DMG] 			{[0m
[0;34m[1784654900.593] [6309:6309] [DMG] 				0x0 = 60 (unsigned), [0m
[0;34m[1784654900.593] [6309:6309] [DMG] 				0x1 = 0 (unsigned), [0m
[0;34m[1784654900.593] [6309:6309] [DMG] 			},[0m
[0;34m[1784654900.593] [6309:6309] [DMG] 		},[0m
[0;34m[1784654900.593] [6309:6309] [DMG] 		[0m
[0;34m[1784654900.593] [6309:6309] [DMG] 	],[0m
[0;34m[1784654900.593] [6309:6309] [DMG] 	[0m
[0;34m[1784654900.593] [6309:6309] [DMG] 	InteractionModelRevision = 12[0m
[0;34m[1784654900.593] [6309:6309] [DMG] },[0m
[0;32m[1784654900.593] [6309:6309] [DMG] AccessControl: checking f=1 a=c s=0x000000000001B669 t= c=0x0000_0030 e=0 p=o r=i[0m
[0;32m[1784654900.593] [6309:6309] [DMG] AccessControl: allowed[0m
[0;32m[1784654900.593] [6309:6309] [DMG] AccessControl: checking f=1 a=c s=0x000000000001B669 t= c=0x0000_0030 e=0 p=a r=i[0m
[0;32m[1784654900.593] [6309:6309] [DMG] AccessControl: allowed[0m
[0;34m[1784654900.593] [6309:6309] [DMG] Received command for Endpoint=0 Cluster=0x0000_0030 Command=0x0000_0000[0m
[0;32m[1784654900.593] [6309:6309] [FS] GeneralCommissioning: Received ArmFailSafe (60s)[0m
[0;34m[1784654900.593] [6309:6309] [DMG] Command handler moving to [NewRespons][0m
[0;34m[1784654900.593] [6309:6309] [DMG] Command handler moving to [ Preparing][0m
[0;34m[1784654900.593] [6309:6309] [DMG] Command handler moving to [AddingComm][0m
[0;34m[1784654900.593] [6309:6309] [DMG] Command handler moving to [AddedComma][0m
[0;34m[1784654900.593] [6309:6309] [DMG] Decreasing reference count for CommandHandlerImpl, remaining 1[0m
[0;34m[1784654900.593] [6309:6309] [DMG] Decreasing reference count for CommandHandlerImpl, remaining 0[0m
[0;34m[1784654900.593] [6309:6309] [DMG] Command handler moving to [AwaitingDe][0m
[0;32m[1784654900.593] [6309:6309] [EM] <<< [E:17625r S:14695 M:34217725 (Ack:2605462)] (S) Msg TX from 0000000000000001 to 1:000000000001B669 [399B] [UDP:[fe80::bfe:a203:38f0:bce7%enp0s3]:47675] --- Type 0001:09 (IM:InvokeCommandResponse) (B:70)[0m
[0;32m[1784654900.593] [6309:6309] [EM] ??1 [E:17625r S:14695 M:34217725] (S) Msg Retransmission to 1:000000000001B669 scheduled for 382ms from now [State:Active II:500 AI:300 AT:4000][0m
[0;34m[1784654900.593] [6309:6309] [DMG] Command response sender moving to [AllInvokeR][0m
[0;32m[1784654900.593] [6309:6309] [EM] >>> [E:17624r S:0 M:168579369 (Ack:218595752)] (U) Msg RX from 0:BDB1439EFBD23075 [0000] to 0000000000000000 --- Type 0000:10 (SecureChannel:StandaloneAck) (B:26)[0m
[0;34m[1784654900.593] [6309:6309] [EM] Found matching exchange: 17624r, Delegate: (nil)[0m
[0;34m[1784654900.593] [6309:6309] [EM] Rxd Ack; Removing MessageCounter:218595752 from Retrans Table on exchange 17624r[0m
[0;32m[1784654900.593] [6309:6309] [EM] >>> [E:17625r S:14695 M:2605463 (Ack:34217725)] (S) Msg RX from 1:000000000001B669 [399B] to 0000000000000001 --- Type 0000:10 (SecureChannel:StandaloneAck) (B:34)[0m
[0;34m[1784654900.593] [6309:6309] [EM] Found matching exchange: 17625r, Delegate: (nil)[0m
[0;34m[1784654900.593] [6309:6309] [EM] Rxd Ack; Removing MessageCounter:34217725 from Retrans Table on exchange 17625r[0m
[0;32m[1784654900.873] [6309:6309] [EM] >>> [E:14425r S:0 M:264208868] (U) Msg RX from 0:757AA2C144A32BBC [0000] to 0000000000000000 --- Type 0000:30 (SecureChannel:CASE_Sigma1) (B:196)[0m
[0;34m[1784654900.873] [6309:6309] [EM] Handling via exchange: 14425r, Delegate: 0x61331fa2d5f8[0m
[0;32m[1784654900.873] [6309:6309] [IN] CASE Server received Sigma1 message . Starting handshake. EC 0x6133593d9770[0m
[0;32m[1784654900.873] [6309:6309] [SC] Received Sigma1 msg[0m
[0;34m[1784654900.873] [6309:6309] [SC] Found MRP parameters in the message[0m
[0;34m[1784654900.873] [6309:6309] [SC] Peer (Initiator) assigned session ID 35996[0m
[0;32m[1784654900.873] [6309:6309] [SC] CASE matched destination ID: fabricIndex 1, NodeID 0x0000000000000001[0m
[0;32m[1784654900.875] [6309:6309] [EM] <<< [E:14425r S:0 M:218595753 (Ack:264208868)] (U) Msg TX from 0000000000000000 to 0:757AA2C144A32BBC [0000] [UDP:[fe80::bfe:a203:38f0:bce7%enp0s3]:57611] --- Type 0000:31 (SecureChannel:CASE_Sigma2) (B:751)[0m
[0;32m[1784654900.875] [6309:6309] [EM] ??1 [E:14425r S:0 M:218595753] (U) Msg Retransmission to 0:0000000000000000 scheduled for 406ms from now [State:Active II:500 AI:300 AT:4000][0m
[0;32m[1784654900.875] [6309:6309] [SC] Sent Sigma2 msg[0m
[0;32m[1784654900.877] [6309:6309] [EM] >>> [E:14425r S:0 M:264208869 (Ack:218595753)] (U) Msg RX from 0:757AA2C144A32BBC [0000] to 0000000000000000 --- Type 0000:32 (SecureChannel:CASE_Sigma3) (B:598)[0m
[0;34m[1784654900.877] [6309:6309] [EM] Found matching exchange: 14425r, Delegate: 0x61331fa2d630[0m
[0;34m[1784654900.877] [6309:6309] [EM] Rxd Ack; Removing MessageCounter:218595753 from Retrans Table on exchange 14425r[0m
[0;32m[1784654900.877] [6309:6309] [SC] Received Sigma3 msg[0m
[1;31m[1784654900.877] [6309:6309] [SC] The device does not support GetClock_RealTimeMS() API: src/protocols/secure_channel/CASESession.cpp:2276: CHIP Error 0x0000006C: Required feature not supported by this configuration.  Falling back to Last Known Good UTC Time[0m
[0;34m[1784654900.881] [6309:6309] [DL] Wrote settings to /tmp/chip_kvs_test[0m
[0;34m[1784654900.883] [6309:6309] [DL] Wrote settings to /tmp/chip_kvs_test[0m
[0;34m[1784654900.885] [6309:6309] [DL] Wrote settings to /tmp/chip_kvs_test[0m
[0;34m[1784654900.885] [6309:6309] [SC] Sending status report. Protocol code 0, exchange 14425[0m
[0;32m[1784654900.885] [6309:6309] [EM] <<< [E:14425r S:0 M:218595754 (Ack:264208869)] (U) Msg TX from 0000000000000000 to 0:757AA2C144A32BBC [0000] [UDP:[fe80::bfe:a203:38f0:bce7%enp0s3]:57611] --- Type 0000:40 (SecureChannel:StatusReport) (B:34)[0m
[0;32m[1784654900.885] [6309:6309] [EM] ??1 [E:14425r S:0 M:218595754] (U) Msg Retransmission to 0:0000000000000000 scheduled for 410ms from now [State:Active II:500 AI:300 AT:4000][0m
[0;32m[1784654900.885] [6309:6309] [SC] SecureSession[0x6133593dc890, LSID:14696]: State change 'kEstablishing' --> 'kActive'[0m
[0;34m[1784654900.885] [6309:6309] [IN] SecureSession[0x6133593dc890]: Activated - Type:2 LSID:14696[0m
[0;34m[1784654900.885] [6309:6309] [IN] New secure session activated for device <000000000001B669, 1>, LSID:14696 PSID:35996![0m
[0;32m[1784654900.885] [6309:6309] [IN] CASE Session established to peer: <000000000001B669, 1>[0m
[0;34m[1784654900.885] [6309:6309] [IN] SecureSession[0x6133593f9df0]: Allocated Type:2 LSID:14697[0m
[0;34m[1784654900.885] [6309:6309] [SC] Allocated SecureSession (0x6133593f9df0) - waiting for Sigma1 msg[0m
[0;32m[1784654900.887] [6309:6309] [EM] >>> [E:14426r S:14696 M:130457585] (S) Msg RX from 1:000000000001B669 [399B] to 0000000000000001 --- Type 0001:08 (IM:InvokeCommandRequest) (B:96)[0m
[0;34m[1784654900.887] [6309:6309] [EM] Handling via exchange: 14426r, Delegate: 0x61331fa37ac8[0m
[0;34m[1784654900.887] [6309:6309] [DMG] InvokeRequestMessage =[0m
[0;34m[1784654900.887] [6309:6309] [DMG] {[0m
[0;34m[1784654900.887] [6309:6309] [DMG] 	suppressResponse = false, [0m
[0;34m[1784654900.887] [6309:6309] [DMG] 	timedRequest = false, [0m
[0;34m[1784654900.887] [6309:6309] [DMG] 	InvokeRequests =[0m
[0;34m[1784654900.887] [6309:6309] [DMG] 	[[0m
[0;34m[1784654900.887] [6309:6309] [DMG] 		CommandDataIB =[0m
[0;34m[1784654900.887] [6309:6309] [DMG] 		{[0m
[0;34m[1784654900.887] [6309:6309] [DMG] 			CommandPathIB =[0m
[0;34m[1784654900.887] [6309:6309] [DMG] 			{[0m
[0;34m[1784654900.887] [6309:6309] [DMG] 				EndpointId = 0x0,[0m
[0;34m[1784654900.887] [6309:6309] [DMG] 				ClusterId = 0x3e,[0m
[0;34m[1784654900.887] [6309:6309] [DMG] 				CommandId = 0x4,[0m
[0;34m[1784654900.887] [6309:6309] [DMG] 			},[0m
[0;34m[1784654900.887] [6309:6309] [DMG] 			[0m
[0;34m[1784654900.887] [6309:6309] [DMG] 			CommandFields = [0m
[0;34m[1784654900.887] [6309:6309] [DMG] 			{[0m
[0;34m[1784654900.887] [6309:6309] [DMG] 				0x0 = [[0m
[0;34m[1784654900.887] [6309:6309] [DMG] 						0x16, 0xf6, 0x3e, 0xb0, 0x06, 0x29, 0x43, 0x39, 0xb5, 0x4a, 0xf3, 0xcc, 0xac, 0x83, 0x2e, 0x1e, 0xe7, 0x3f, 0xec, 0x96, 0xc7, 0xfe, 0xc4, 0xda, 0xd6, 0x7a, 0x80, 0x78, 0xac, 0x69, 0x97, 0xcc, [0m
[0;34m[1784654900.887] [6309:6309] [DMG] 				] (32 bytes)[0m
[0;34m[1784654900.887] [6309:6309] [DMG] 				0x1 = true, [0m
[0;34m[1784654900.887] [6309:6309] [DMG] 			},[0m
[0;34m[1784654900.887] [6309:6309] [DMG] 		},[0m
[0;34m[1784654900.887] [6309:6309] [DMG] 		[0m
[0;34m[1784654900.887] [6309:6309] [DMG] 	],[0m
[0;34m[1784654900.887] [6309:6309] [DMG] 	[0m
[0;34m[1784654900.887] [6309:6309] [DMG] 	InteractionModelRevision = 12[0m
[0;34m[1784654900.887] [6309:6309] [DMG] },[0m
[0;32m[1784654900.887] [6309:6309] [DMG] AccessControl: checking f=1 a=c s=0x000000000001B669 t= c=0x0000_003E e=0 p=o r=i[0m
[0;32m[1784654900.887] [6309:6309] [DMG] AccessControl: allowed[0m
[0;32m[1784654900.887] [6309:6309] [DMG] AccessControl: checking f=1 a=c s=0x000000000001B669 t= c=0x0000_003E e=0 p=a r=i[0m
[0;32m[1784654900.887] [6309:6309] [DMG] AccessControl: allowed[0m
[0;34m[1784654900.887] [6309:6309] [DMG] Received command for Endpoint=0 Cluster=0x0000_003E Command=0x0000_0004[0m
[0;32m[1784654900.887] [6309:6309] [ZCL] OpCreds: Received a CSRRequest command[0m
[0;32m[1784654900.887] [6309:6309] [ZCL] OpCreds: AllocatePendingOperationalKey succeeded[0m
[0;32m[1784654900.887] [6309:6309] [ZCL] OpCreds: CSRRequest successful.[0m
[0;34m[1784654900.887] [6309:6309] [DMG] Command handler moving to [NewRespons][0m
[0;34m[1784654900.887] [6309:6309] [DMG] Command handler moving to [ Preparing][0m
[0;34m[1784654900.887] [6309:6309] [DMG] Command handler moving to [AddingComm][0m
[0;34m[1784654900.887] [6309:6309] [DMG] Command handler moving to [AddedComma][0m
[0;34m[1784654900.887] [6309:6309] [DMG] Decreasing reference count for CommandHandlerImpl, remaining 1[0m
[0;34m[1784654900.887] [6309:6309] [DMG] Decreasing reference count for CommandHandlerImpl, remaining 0[0m
[0;34m[1784654900.887] [6309:6309] [DMG] Command handler moving to [AwaitingDe][0m
[0;32m[1784654900.887] [6309:6309] [EM] <<< [E:14426r S:14696 M:203653149 (Ack:130457585)] (S) Msg TX from 0000000000000001 to 1:000000000001B669 [399B] [UDP:[fe80::bfe:a203:38f0:bce7%enp0s3]:57611] --- Type 0001:09 (IM:InvokeCommandResponse) (B:377)[0m
[0;32m[1784654900.887] [6309:6309] [EM] ??1 [E:14426r S:14696 M:203653149] (S) Msg Retransmission to 1:000000000001B669 scheduled for 382ms from now [State:Active II:500 AI:300 AT:4000][0m
[0;34m[1784654900.887] [6309:6309] [DMG] Command response sender moving to [AllInvokeR][0m
[0;32m[1784654900.887] [6309:6309] [EM] >>> [E:14425r S:0 M:264208870 (Ack:218595754)] (U) Msg RX from 0:757AA2C144A32BBC [0000] to 0000000000000000 --- Type 0000:10 (SecureChannel:StandaloneAck) (B:26)[0m
[0;34m[1784654900.887] [6309:6309] [EM] Found matching exchange: 14425r, Delegate: (nil)[0m
[0;34m[1784654900.887] [6309:6309] [EM] Rxd Ack; Removing MessageCounter:218595754 from Retrans Table on exchange 14425r[0m
[0;32m[1784654900.888] [6309:6309] [EM] >>> [E:14426r S:14696 M:130457586 (Ack:203653149)] (S) Msg RX from 1:000000000001B669 [399B] to 0000000000000001 --- Type 0000:10 (SecureChannel:StandaloneAck) (B:34)[0m
[0;34m[1784654900.888] [6309:6309] [EM] Found matching exchange: 14426r, Delegate: (nil)[0m
[0;34m[1784654900.888] [6309:6309] [EM] Rxd Ack; Removing MessageCounter:203653149 from Retrans Table on exchange 14426r[0m
[0;32m[1784654901.203] [6309:6309] [EM] >>> [E:48011r S:0 M:78680262] (U) Msg RX from 0:19E465074A6937C3 [0000] to 0000000000000000 --- Type 0000:30 (SecureChannel:CASE_Sigma1) (B:196)[0m
[0;34m[1784654901.203] [6309:6309] [EM] Handling via exchange: 48011r, Delegate: 0x61331fa2d5f8[0m
[0;32m[1784654901.203] [6309:6309] [IN] CASE Server received Sigma1 message . Starting handshake. EC 0x6133593eeac0[0m
[0;32m[1784654901.203] [6309:6309] [SC] Received Sigma1 msg[0m
[0;34m[1784654901.203] [6309:6309] [SC] Found MRP parameters in the message[0m
[0;34m[1784654901.203] [6309:6309] [SC] Peer (Initiator) assigned session ID 30589[0m
[0;32m[1784654901.204] [6309:6309] [SC] CASE matched destination ID: fabricIndex 1, NodeID 0x0000000000000001[0m
[0;32m[1784654901.205] [6309:6309] [EM] <<< [E:48011r S:0 M:218595755 (Ack:78680262)] (U) Msg TX from 0000000000000000 to 0:19E465074A6937C3 [0000] [UDP:[fe80::bfe:a203:38f0:bce7%enp0s3]:57464] --- Type 0000:31 (SecureChannel:CASE_Sigma2) (B:751)[0m
[0;32m[1784654901.205] [6309:6309] [EM] ??1 [E:48011r S:0 M:218595755] (U) Msg Retransmission to 0:0000000000000000 scheduled for 356ms from now [State:Active II:500 AI:300 AT:4000][0m
[0;32m[1784654901.205] [6309:6309] [SC] Sent Sigma2 msg[0m
[0;32m[1784654901.206] [6309:6309] [EM] >>> [E:48011r S:0 M:78680263 (Ack:218595755)] (U) Msg RX from 0:19E465074A6937C3 [0000] to 0000000000000000 --- Type 0000:32 (SecureChannel:CASE_Sigma3) (B:598)[0m
[0;34m[1784654901.206] [6309:6309] [EM] Found matching exchange: 48011r, Delegate: 0x61331fa2d630[0m
[0;34m[1784654901.206] [6309:6309] [EM] Rxd Ack; Removing MessageCounter:218595755 from Retrans Table on exchange 48011r[0m
[0;32m[1784654901.206] [6309:6309] [SC] Received Sigma3 msg[0m
[1;31m[1784654901.206] [6309:6309] [SC] The device does not support GetClock_RealTimeMS() API: src/protocols/secure_channel/CASESession.cpp:2276: CHIP Error 0x0000006C: Required feature not supported by this configuration.  Falling back to Last Known Good UTC Time[0m
[0;34m[1784654901.210] [6309:6309] [DL] Wrote settings to /tmp/chip_kvs_test[0m
[0;34m[1784654901.213] [6309:6309] [DL] Wrote settings to /tmp/chip_kvs_test[0m
[0;34m[1784654901.215] [6309:6309] [DL] Wrote settings to /tmp/chip_kvs_test[0m
[0;34m[1784654901.215] [6309:6309] [SC] Sending status report. Protocol code 0, exchange 48011[0m
[0;32m[1784654901.215] [6309:6309] [EM] <<< [E:48011r S:0 M:218595756 (Ack:78680263)] (U) Msg TX from 0000000000000000 to 0:19E465074A6937C3 [0000] [UDP:[fe80::bfe:a203:38f0:bce7%enp0s3]:57464] --- Type 0000:40 (SecureChannel:StatusReport) (B:34)[0m
[0;32m[1784654901.215] [6309:6309] [EM] ??1 [E:48011r S:0 M:218595756] (U) Msg Retransmission to 0:0000000000000000 scheduled for 369ms from now [State:Active II:500 AI:300 AT:4000][0m
[0;32m[1784654901.215] [6309:6309] [SC] SecureSession[0x6133593f9df0, LSID:14697]: State change 'kEstablishing' --> 'kActive'[0m
[0;34m[1784654901.215] [6309:6309] [IN] SecureSession[0x6133593f9df0]: Activated - Type:2 LSID:14697[0m
[0;34m[1784654901.215] [6309:6309] [IN] New secure session activated for device <000000000001B669, 1>, LSID:14697 PSID:30589![0m
[0;32m[1784654901.215] [6309:6309] [IN] CASE Session established to peer: <000000000001B669, 1>[0m
[0;34m[1784654901.215] [6309:6309] [IN] SecureSession[0x6133593faea0]: Allocated Type:2 LSID:14698[0m
[0;34m[1784654901.215] [6309:6309] [SC] Allocated SecureSession (0x6133593faea0) - waiting for Sigma1 msg[0m
[0;32m[1784654901.217] [6309:6309] [EM] >>> [E:48012r S:14697 M:229824679] (S) Msg RX from 1:000000000001B669 [399B] to 0000000000000001 --- Type 0001:02 (IM:ReadRequest) (B:51)[0m
[0;34m[1784654901.217] [6309:6309] [EM] Handling via exchange: 48012r, Delegate: 0x61331fa37ac8[0m
[0;34m[1784654901.217] [6309:6309] [IM] Received Read request[0m
[0;34m[1784654901.217] [6309:6309] [DMG] ReadRequestMessage =[0m
[0;34m[1784654901.217] [6309:6309] [DMG] {[0m
[0;34m[1784654901.217] [6309:6309] [DMG] 	AttributePathIBs =[0m
[0;34m[1784654901.217] [6309:6309] [DMG] 	[[0m
[0;34m[1784654901.217] [6309:6309] [DMG] 		AttributePathIB =[0m
[0;34m[1784654901.217] [6309:6309] [DMG] 		{[0m
[0;34m[1784654901.217] [6309:6309] [DMG] 			Endpoint = 0x0,[0m
[0;34m[1784654901.217] [6309:6309] [DMG] 			Cluster = 0x3e,[0m
[0;34m[1784654901.217] [6309:6309] [DMG] 			Attribute = 0x0000_0004,[0m
[0;34m[1784654901.217] [6309:6309] [DMG] 		}[0m
[0;34m[1784654901.217] [6309:6309] [DMG] 			[0m
[0;34m[1784654901.217] [6309:6309] [DMG] 	],[0m
[0;34m[1784654901.217] [6309:6309] [DMG] 		[0m
[0;34m[1784654901.217] [6309:6309] [DMG] 	isFabricFiltered = true, [0m
[0;34m[1784654901.217] [6309:6309] [DMG] 	InteractionModelRevision = 12[0m
[0;34m[1784654901.217] [6309:6309] [DMG] },[0m
[0;34m[1784654901.217] [6309:6309] [DMG] IM RH moving to [CanStartReporting][0m
[0;34m[1784654901.217] [6309:6309] [DMG] Building Reports for ReadHandler with LastReportGeneration = 0x0000000000000000 DirtyGeneration = 0x0000000000000000[0m
[0;34m[1784654901.217] [6309:6309] [DMG] <RE:Run> Cluster 3e, Attribute 4 is dirty[0m
[0;32m[1784654901.217] [6309:6309] [DMG] AccessControl: checking f=1 a=c s=0x000000000001B669 t= c=0x0000_003E e=0 p=v r=r[0m
[0;32m[1784654901.217] [6309:6309] [DMG] AccessControl: allowed[0m
[0;32m[1784654901.217] [6309:6309] [DMG] AccessControl: checking f=1 a=c s=0x000000000001B669 t= c=0x0000_003E e=0 p=v r=r[0m
[0;32m[1784654901.217] [6309:6309] [DMG] AccessControl: allowed[0m
[0;34m[1784654901.217] [6309:6309] [DMG] Reading attribute: Cluster=0x0000_003E Endpoint=0x0 AttributeId=0x0000_0004 (expanded=0)[0m
[0;34m[1784654901.217] [6309:6309] [DMG] <RE> Sending report (payload has 269 bytes)...[0m
[0;32m[1784654901.217] [6309:6309] [EM] <<< [E:48012r S:14697 M:113630705 (Ack:229824679)] (S) Msg TX from 0000000000000001 to 1:000000000001B669 [399B] [UDP:[fe80::bfe:a203:38f0:bce7%enp0s3]:57464] --- Type 0001:05 (IM:ReportData) (B:303)[0m
[0;32m[1784654901.217] [6309:6309] [EM] ??1 [E:48012r S:14697 M:113630705] (S) Msg Retransmission to 1:000000000001B669 scheduled for 357ms from now [State:Active II:500 AI:300 AT:4000][0m
[0;34m[1784654901.217] [6309:6309] [DMG] <RE> OnReportConfirm: NumReports = 0[0m
[0;34m[1784654901.217] [6309:6309] [DMG] <RE> ReportsInFlight = 0 with readHandler 0, RE has no more messages[0m
[0;34m[1784654901.217] [6309:6309] [DMG] IM RH moving to [AwaitingDestruction][0m
[0;34m[1784654901.218] [6309:6309] [DMG] All ReadHandler-s are clean, clear GlobalDirtySet[0m
[0;32m[1784654901.218] [6309:6309] [EM] >>> [E:48011r S:0 M:78680264 (Ack:218595756)] (U) Msg RX from 0:19E465074A6937C3 [0000] to 0000000000000000 --- Type 0000:10 (SecureChannel:StandaloneAck) (B:26)[0m
[0;34m[1784654901.218] [6309:6309] [EM] Found matching exchange: 48011r, Delegate: (nil)[0m
[0;34m[1784654901.218] [6309:6309] [EM] Rxd Ack; Removing MessageCounter:218595756 from Retrans Table on exchange 48011r[0m
[0;32m[1784654901.218] [6309:6309] [EM] >>> [E:48012r S:14697 M:229824680 (Ack:113630705)] (S) Msg RX from 1:000000000001B669 [399B] to 0000000000000001 --- Type 0000:10 (SecureChannel:StandaloneAck) (B:34)[0m
[0;34m[1784654901.218] [6309:6309] [EM] Found matching exchange: 48012r, Delegate: (nil)[0m
[0;34m[1784654901.218] [6309:6309] [EM] Rxd Ack; Removing MessageCounter:113630705 from Retrans Table on exchange 48012r[0m
[0;32m[1784654901.525] [6309:6309] [EM] >>> [E:56081r S:0 M:53194958] (U) Msg RX from 0:5657E4BA87279967 [0000] to 0000000000000000 --- Type 0000:30 (SecureChannel:CASE_Sigma1) (B:196)[0m
[0;34m[1784654901.525] [6309:6309] [EM] Handling via exchange: 56081r, Delegate: 0x61331fa2d5f8[0m
[0;32m[1784654901.525] [6309:6309] [IN] CASE Server received Sigma1 message . Starting handshake. EC 0x6133593f9860[0m
[0;32m[1784654901.526] [6309:6309] [SC] Received Sigma1 msg[0m
[0;34m[1784654901.526] [6309:6309] [SC] Found MRP parameters in the message[0m
[0;34m[1784654901.526] [6309:6309] [SC] Peer (Initiator) assigned session ID 20105[0m
[0;32m[1784654901.527] [6309:6309] [SC] CASE matched destination ID: fabricIndex 1, NodeID 0x0000000000000001[0m
[0;32m[1784654901.530] [6309:6309] [EM] <<< [E:56081r S:0 M:218595757 (Ack:53194958)] (U) Msg TX from 0000000000000000 to 0:5657E4BA87279967 [0000] [UDP:[fe80::bfe:a203:38f0:bce7%enp0s3]:41004] --- Type 0000:31 (SecureChannel:CASE_Sigma2) (B:751)[0m
[0;32m[1784654901.530] [6309:6309] [EM] ??1 [E:56081r S:0 M:218595757] (U) Msg Retransmission to 0:0000000000000000 scheduled for 346ms from now [State:Active II:500 AI:300 AT:4000][0m
[0;32m[1784654901.530] [6309:6309] [SC] Sent Sigma2 msg[0m
[0;32m[1784654901.532] [6309:6309] [EM] >>> [E:56081r S:0 M:53194959 (Ack:218595757)] (U) Msg RX from 0:5657E4BA87279967 [0000] to 0000000000000000 --- Type 0000:32 (SecureChannel:CASE_Sigma3) (B:598)[0m
[0;34m[1784654901.532] [6309:6309] [EM] Found matching exchange: 56081r, Delegate: 0x61331fa2d630[0m
[0;34m[1784654901.532] [6309:6309] [EM] Rxd Ack; Removing MessageCounter:218595757 from Retrans Table on exchange 56081r[0m
[0;32m[1784654901.532] [6309:6309] [SC] Received Sigma3 msg[0m
[1;31m[1784654901.532] [6309:6309] [SC] The device does not support GetClock_RealTimeMS() API: src/protocols/secure_channel/CASESession.cpp:2276: CHIP Error 0x0000006C: Required feature not supported by this configuration.  Falling back to Last Known Good UTC Time[0m
[0;34m[1784654901.536] [6309:6309] [DL] Wrote settings to /tmp/chip_kvs_test[0m
[0;34m[1784654901.538] [6309:6309] [DL] Wrote settings to /tmp/chip_kvs_test[0m
[0;34m[1784654901.540] [6309:6309] [DL] Wrote settings to /tmp/chip_kvs_test[0m
[0;34m[1784654901.540] [6309:6309] [SC] Sending status report. Protocol code 0, exchange 56081[0m
[0;32m[1784654901.540] [6309:6309] [EM] <<< [E:56081r S:0 M:218595758 (Ack:53194959)] (U) Msg TX from 0000000000000000 to 0:5657E4BA87279967 [0000] [UDP:[fe80::bfe:a203:38f0:bce7%enp0s3]:41004] --- Type 0000:40 (SecureChannel:StatusReport) (B:34)[0m
[0;32m[1784654901.540] [6309:6309] [EM] ??1 [E:56081r S:0 M:218595758] (U) Msg Retransmission to 0:0000000000000000 scheduled for 371ms from now [State:Active II:500 AI:300 AT:4000][0m
[0;32m[1784654901.540] [6309:6309] [SC] SecureSession[0x6133593faea0, LSID:14698]: State change 'kEstablishing' --> 'kActive'[0m
[0;34m[1784654901.540] [6309:6309] [IN] SecureSession[0x6133593faea0]: Activated - Type:2 LSID:14698[0m
[0;34m[1784654901.540] [6309:6309] [IN] New secure session activated for device <000000000001B669, 1>, LSID:14698 PSID:20105![0m
[0;32m[1784654901.540] [6309:6309] [IN] CASE Session established to peer: <000000000001B669, 1>[0m
[0;34m[1784654901.540] [6309:6309] [IN] SecureSession[0x6133593fb8e0]: Allocated Type:2 LSID:14699[0m
[0;34m[1784654901.540] [6309:6309] [SC] Allocated SecureSession (0x6133593fb8e0) - waiting for Sigma1 msg[0m
[0;32m[1784654901.542] [6309:6309] [EM] >>> [E:56082r S:14698 M:122140920] (S) Msg RX from 1:000000000001B669 [399B] to 0000000000000001 --- Type 0001:08 (IM:InvokeCommandRequest) (B:330)[0m
[0;34m[1784654901.542] [6309:6309] [EM] Handling via exchange: 56082r, Delegate: 0x61331fa37ac8[0m
[0;34m[1784654901.542] [6309:6309] [DMG] InvokeRequestMessage =[0m
[0;34m[1784654901.542] [6309:6309] [DMG] {[0m
[0;34m[1784654901.542] [6309:6309] [DMG] 	suppressResponse = false, [0m
[0;34m[1784654901.542] [6309:6309] [DMG] 	timedRequest = false, [0m
[0;34m[1784654901.542] [6309:6309] [DMG] 	InvokeRequests =[0m
[0;34m[1784654901.542] [6309:6309] [DMG] 	[[0m
[0;34m[1784654901.542] [6309:6309] [DMG] 		CommandDataIB =[0m
[0;34m[1784654901.542] [6309:6309] [DMG] 		{[0m
[0;34m[1784654901.542] [6309:6309] [DMG] 			CommandPathIB =[0m
[0;34m[1784654901.542] [6309:6309] [DMG] 			{[0m
[0;34m[1784654901.542] [6309:6309] [DMG] 				EndpointId = 0x0,[0m
[0;34m[1784654901.542] [6309:6309] [DMG] 				ClusterId = 0x3e,[0m
[0;34m[1784654901.542] [6309:6309] [DMG] 				CommandId = 0x7,[0m
[0;34m[1784654901.542] [6309:6309] [DMG] 			},[0m
[0;34m[1784654901.542] [6309:6309] [DMG] 			[0m
[0;34m[1784654901.542] [6309:6309] [DMG] 			CommandFields = [0m
[0;34m[1784654901.542] [6309:6309] [DMG] 			{[0m
[0;34m[1784654901.542] [6309:6309] [DMG] 				0x0 = [[0m
[0;34m[1784654901.542] [6309:6309] [DMG] 						0x15, 0x30, 0x01, 0x14, 0x68, 0x79, 0x0f, 0x63, 0xd6, 0x02, 0x5f, 0xff, 0x20, 0x86, 0x72, 0x9c, 0x8f, 0x35, 0xb8, 0xb3, 0x09, 0x79, 0x8a, 0xbc, 0x24, 0x02, 0x01, 0x37, 0x03, 0x24, 0x14, 0x01, 0x18, 0x26, 0x04, 0x80, 0x9d, 0x9e, 0x25, 0x26, 0x05, 0xff, 0xd0, 0x7f, 0x27, 0x37, 0x06, 0x27, 0x11, 0x88, 0x77, 0x66, 0x55, 0x44, 0x33, 0x22, 0x11, 0x24, 0x15, 0x01, 0x18, 0x24, 0x07, 0x01, 0x24, 0x08, 0x01, 0x30, 0x09, 0x41, 0x04, 0x32, 0x73, 0x59, 0x37, 0xf5, 0x4a, 0x4a, 0xbd, 0x08, 0xa1, 0x99, 0x62, 0x1a, 0xad, 0x19, 0x2f, 0x8b, 0x5e, 0x68, 0xbd, 0x7b, 0xae, 0xe1, 0x6d, 0x75, 0x68, 0x3f, 0xd8, 0x95, 0x02, 0xeb, 0xa6, 0xc2, 0xee, 0x6a, 0x73, 0x4e, 0xd9, 0xea, 0x94, 0x0a, 0x8d, 0x3b, 0x75, 0xf6, 0xc5, 0x9a, 0xc5, 0xc8, 0xc4, 0x9b, 0xa2, 0xd0, 0x4e, 0xa1, 0xb2, 0x6d, 0x20, 0xae, 0x18, 0xe8, 0x95, 0x24, 0x36, 0x37, 0x0a, 0x35, 0x01, 0x28, 0x01, 0x18, 0x24, 0x02, 0x01, 0x36, 0x03, 0x04, 0x01, 0x04, 0x02, 0x18, 0x30, 0x04, 0x14, 0xab, 0xe1, 0x0b, 0xe7, 0xe9, 0x40, 0x9c, 0xca, 0x63, 0xce, 0xb3, 0x5d, 0xb2, 0x44, 0x10, 0xa0, 0xe8, 0x51, 0x05, 0x01, 0x30, 0x05, 0x14, 0x2e, 0xab, 0xaa, 0xf8, 0xc1, 0x83, 0x9b, 0x52, 0xf8, 0x46, 0x08, 0x0d, 0xc0, 0x27, 0xdc, 0x41, 0x0f, 0x1a, 0xed, 0xae, 0x18, 0x30, 0x0b, 0x40, 0x87, 0xe0, 0x3e, 0x39, 0x41, 0x06, 0x71, 0x64, 0x84, 0x8c, 0x8c, 0xeb, 0xe3, 0x00, 0x4b, 0xa3, 0xfd, 0x72, 0xdb, 0xca, 0xc6, 0x50, 0xed, 0x26, 0x42, 0x83, 0x1c, 0x14, 0xa6, 0xe0, 0xcf, 0x09, 0x9a, 0xf5, 0xed, 0x15, 0xf8, 0x3d, 0x14, 0x31, 0xd0, 0x5f, 0xe7, 0xb5, 0x1e, 0x61, 0x36, 0x87, 0x89, 0xf3, 0x0c, 0xb9, 0x74, 0xca, 0x39, 0x02, 0x08, 0x93, 0xed, 0x36, 0x6c, 0x6f, 0x3e, 0xe0, 0x18, [0m
[0;34m[1784654901.542] [6309:6309] [DMG] 				] (267 bytes)[0m
[0;34m[1784654901.542] [6309:6309] [DMG] 			},[0m
[0;34m[1784654901.542] [6309:6309] [DMG] 		},[0m
[0;34m[1784654901.542] [6309:6309] [DMG] 		[0m
[0;34m[1784654901.542] [6309:6309] [DMG] 	],[0m
[0;34m[1784654901.542] [6309:6309] [DMG] 	[0m
[0;34m[1784654901.542] [6309:6309] [DMG] 	InteractionModelRevision = 12[0m
[0;34m[1784654901.542] [6309:6309] [DMG] },[0m
[0;32m[1784654901.542] [6309:6309] [DMG] AccessControl: checking f=1 a=c s=0x000000000001B669 t= c=0x0000_003E e=0 p=o r=i[0m
[0;32m[1784654901.542] [6309:6309] [DMG] AccessControl: allowed[0m
[0;32m[1784654901.542] [6309:6309] [DMG] AccessControl: checking f=1 a=c s=0x000000000001B669 t= c=0x0000_003E e=0 p=a r=i[0m
[0;32m[1784654901.542] [6309:6309] [DMG] AccessControl: allowed[0m
[0;34m[1784654901.542] [6309:6309] [DMG] Received command for Endpoint=0 Cluster=0x0000_003E Command=0x0000_0007[0m
[0;32m[1784654901.542] [6309:6309] [ZCL] OpCreds: Received an UpdateNOC command[0m
[0;32m[1784654901.542] [6309:6309] [FP] Validating NOC chain[0m
[0;32m[1784654901.542] [6309:6309] [FP] NOC chain validation successful[0m
[0;32m[1784654901.542] [6309:6309] [FP] Updated fabric at index: 0x1, Node ID: 0x1122334455667788[0m
[0;32m[1784654901.542] [6309:6309] [TS] Last Known Good Time: 2023-10-14T01:16:48[0m
[0;32m[1784654901.542] [6309:6309] [TS] New proposed Last Known Good Time: 2021-01-01T00:00:00[0m
[0;32m[1784654901.542] [6309:6309] [TS] Retaining current Last Known Good Time[0m
[0;34m[1784654901.545] [6309:6309] [DL] Wrote settings to /tmp/chip_kvs_test[0m
[0;34m[1784654901.547] [6309:6309] [DL] Wrote settings to /tmp/chip_kvs_test[0m
[0;34m[1784654901.549] [6309:6309] [DL] Wrote settings to /tmp/chip_kvs_test[0m
[0;32m[1784654901.549] [6309:6309] [DIS] Updating services using commissioning mode 0[0m
[0;32m[1784654901.549] [6309:6309] [DIS] CHIP minimal mDNS started advertising.[0m
[0;34m[1784654901.550] [6309:6309] [DL] Using WiFi MAC for hostname[0m
[0;32m[1784654901.550] [6309:6309] [DIS] Advertise operational node ED4A5D3DA4A7399B-1122334455667788[0m
[0;34m[1784654901.550] [6309:6309] [DIS] Responding with _matter._tcp.local[0m
[0;34m[1784654901.550] [6309:6309] [DIS] Responding with ED4A5D3DA4A7399B-1122334455667788._matter._tcp.local[0m
[0;34m[1784654901.550] [6309:6309] [DIS] Responding with ED4A5D3DA4A7399B-1122334455667788._matter._tcp.local[0m
[0;34m[1784654901.550] [6309:6309] [DIS] Responding with 080027AE1A43.local[0m
[0;34m[1784654901.550] [6309:6309] [DIS] Responding with 080027AE1A43.local[0m
[0;34m[1784654901.550] [6309:6309] [DIS] Responding with _IED4A5D3DA4A7399B._sub._matter._tcp.local[0m
[0;32m[1784654901.550] [6309:6309] [DIS] CHIP minimal mDNS configured as 'Operational device'; instance name: ED4A5D3DA4A7399B-1122334455667788.[0m
[0;32m[1784654901.551] [6309:6309] [DIS] mDNS service published: _matter._tcp[0m
[0;34m[1784654901.551] [6309:6309] [DMG] Command handler moving to [NewRespons][0m
[0;34m[1784654901.551] [6309:6309] [DMG] Command handler moving to [ Preparing][0m
[0;34m[1784654901.551] [6309:6309] [DMG] Command handler moving to [AddingComm][0m
[0;34m[1784654901.551] [6309:6309] [DMG] Command handler moving to [AddedComma][0m
[0;32m[1784654901.551] [6309:6309] [ZCL] OpCreds: UpdateNOC successful.[0m
[0;34m[1784654901.551] [6309:6309] [IN] Expiring all sessions for fabric 0x1!![0m
[0;34m[1784654901.551] [6309:6309] [IN] SecureSession[0x6133593dcda0]: MarkForEviction Type:2 LSID:14694[0m
[0;32m[1784654901.551] [6309:6309] [SC] SecureSession[0x6133593dcda0, LSID:14694]: State change 'kActive' --> 'kPendingEviction'[0m
[0;34m[1784654901.551] [6309:6309] [IN] SecureSession[0x6133593dcda0]: Released - Type:2 LSID:14694[0m
[0;34m[1784654901.551] [6309:6309] [IN] SecureSession[0x6133593f7d40]: MarkForEviction Type:2 LSID:14695[0m
[0;32m[1784654901.551] [6309:6309] [SC] SecureSession[0x6133593f7d40, LSID:14695]: State change 'kActive' --> 'kPendingEviction'[0m
[0;34m[1784654901.551] [6309:6309] [IN] SecureSession[0x6133593f7d40]: Released - Type:2 LSID:14695[0m
[0;34m[1784654901.551] [6309:6309] [IN] SecureSession[0x6133593dc890]: MarkForEviction Type:2 LSID:14696[0m
[0;32m[1784654901.551] [6309:6309] [SC] SecureSession[0x6133593dc890, LSID:14696]: State change 'kActive' --> 'kPendingEviction'[0m
[0;34m[1784654901.551] [6309:6309] [IN] SecureSession[0x6133593dc890]: Released - Type:2 LSID:14696[0m
[0;34m[1784654901.551] [6309:6309] [IN] SecureSession[0x6133593f9df0]: MarkForEviction Type:2 LSID:14697[0m
[0;32m[1784654901.551] [6309:6309] [SC] SecureSession[0x6133593f9df0, LSID:14697]: State change 'kActive' --> 'kPendingEviction'[0m
[0;34m[1784654901.551] [6309:6309] [IN] SecureSession[0x6133593f9df0]: Released - Type:2 LSID:14697[0m
[0;34m[1784654901.551] [6309:6309] [IN] SecureSession[0x6133593faea0]: MarkForEviction Type:2 LSID:14698[0m
[0;32m[1784654901.551] [6309:6309] [SC] SecureSession[0x6133593faea0, LSID:14698]: State change 'kActive' --> 'kPendingEviction'[0m
[0;34m[1784654901.551] [6309:6309] [DMG] Decreasing reference count for CommandHandlerImpl, remaining 1[0m
[0;34m[1784654901.551] [6309:6309] [DMG] Decreasing reference count for CommandHandlerImpl, remaining 0[0m
[0;34m[1784654901.551] [6309:6309] [DMG] Command handler moving to [AwaitingDe][0m
[0;32m[1784654901.551] [6309:6309] [EM] <<< [E:56082r S:14698 M:243178160 (Ack:122140920)] (S) Msg TX from 0000000000000001 to 1:000000000001B669 [399B] [UDP:[fe80::bfe:a203:38f0:bce7%enp0s3]:41004] --- Type 0001:09 (IM:InvokeCommandResponse) (B:70)[0m
[0;32m[1784654901.551] [6309:6309] [EM] ??1 [E:56082r S:14698 M:243178160] (S) Msg Retransmission to 1:000000000001B669 scheduled for 346ms from now [State:Active II:500 AI:300 AT:4000][0m
[0;34m[1784654901.551] [6309:6309] [DMG] Command response sender moving to [AllInvokeR][0m
[0;32m[1784654901.551] [6309:6309] [EM] >>> [E:56081r S:0 M:53194960 (Ack:218595758)] (U) Msg RX from 0:5657E4BA87279967 [0000] to 0000000000000000 --- Type 0000:10 (SecureChannel:StandaloneAck) (B:26)[0m
[0;34m[1784654901.551] [6309:6309] [EM] Found matching exchange: 56081r, Delegate: (nil)[0m
[0;34m[1784654901.551] [6309:6309] [EM] Rxd Ack; Removing MessageCounter:218595758 from Retrans Table on exchange 56081r[0m
[0;32m[1784654901.551] [6309:6309] [EM] >>> [E:56082r S:14698 M:122140921 (Ack:243178160)] (S) Msg RX from 1:000000000001B669 [399B] to 0000000000000001 --- Type 0000:10 (SecureChannel:StandaloneAck) (B:34)[0m
[0;34m[1784654901.551] [6309:6309] [EM] Found matching exchange: 56082r, Delegate: (nil)[0m
[0;34m[1784654901.551] [6309:6309] [EM] Rxd Ack; Removing MessageCounter:243178160 from Retrans Table on exchange 56082r[0m
[0;34m[1784654901.551] [6309:6309] [IN] SecureSession[0x6133593faea0]: Released - Type:2 LSID:14698[0m
[0;32m[1784654901.820] [6309:6309] [EM] >>> [E:32035r S:0 M:76646602] (U) Msg RX from 0:0BE762FD14CE8810 [0000] to 0000000000000000 --- Type 0000:30 (SecureChannel:CASE_Sigma1) (B:196)[0m
[0;34m[1784654901.820] [6309:6309] [EM] Handling via exchange: 32035r, Delegate: 0x61331fa2d5f8[0m
[0;32m[1784654901.821] [6309:6309] [IN] CASE Server received Sigma1 message . Starting handshake. EC 0x6133593f13f0[0m
[0;32m[1784654901.821] [6309:6309] [SC] Received Sigma1 msg[0m
[0;34m[1784654901.821] [6309:6309] [SC] Found MRP parameters in the message[0m
[0;34m[1784654901.821] [6309:6309] [SC] Peer (Initiator) assigned session ID 7809[0m
[0;32m[1784654901.821] [6309:6309] [SC] CASE matched destination ID: fabricIndex 1, NodeID 0x1122334455667788[0m
[0;32m[1784654901.822] [6309:6309] [EM] <<< [E:32035r S:0 M:218595759 (Ack:76646602)] (U) Msg TX from 0000000000000000 to 0:0BE762FD14CE8810 [0000] [UDP:[fe80::bfe:a203:38f0:bce7%enp0s3]:50463] --- Type 0000:31 (SecureChannel:CASE_Sigma2) (B:544)[0m
[0;32m[1784654901.822] [6309:6309] [EM] ??1 [E:32035r S:0 M:218595759] (U) Msg Retransmission to 0:0000000000000000 scheduled for 385ms from now [State:Active II:500 AI:300 AT:4000][0m
[0;32m[1784654901.822] [6309:6309] [SC] Sent Sigma2 msg[0m
[0;32m[1784654901.824] [6309:6309] [EM] >>> [E:32035r S:0 M:76646603 (Ack:218595759)] (U) Msg RX from 0:0BE762FD14CE8810 [0000] to 0000000000000000 --- Type 0000:32 (SecureChannel:CASE_Sigma3) (B:598)[0m
[0;34m[1784654901.824] [6309:6309] [EM] Found matching exchange: 32035r, Delegate: 0x61331fa2d630[0m
[0;34m[1784654901.824] [6309:6309] [EM] Rxd Ack; Removing MessageCounter:218595759 from Retrans Table on exchange 32035r[0m
[0;32m[1784654901.824] [6309:6309] [SC] Received Sigma3 msg[0m
[1;31m[1784654901.824] [6309:6309] [SC] The device does not support GetClock_RealTimeMS() API: src/protocols/secure_channel/CASESession.cpp:2276: CHIP Error 0x0000006C: Required feature not supported by this configuration.  Falling back to Last Known Good UTC Time[0m
[0;34m[1784654901.827] [6309:6309] [DL] Wrote settings to /tmp/chip_kvs_test[0m
[0;34m[1784654901.830] [6309:6309] [DL] Wrote settings to /tmp/chip_kvs_test[0m
[0;34m[1784654901.832] [6309:6309] [DL] Wrote settings to /tmp/chip_kvs_test[0m
[0;34m[1784654901.832] [6309:6309] [SC] Sending status report. Protocol code 0, exchange 32035[0m
[0;32m[1784654901.832] [6309:6309] [EM] <<< [E:32035r S:0 M:218595760 (Ack:76646603)] (U) Msg TX from 0000000000000000 to 0:0BE762FD14CE8810 [0000] [UDP:[fe80::bfe:a203:38f0:bce7%enp0s3]:50463] --- Type 0000:40 (SecureChannel:StatusReport) (B:34)[0m
[0;32m[1784654901.832] [6309:6309] [EM] ??1 [E:32035r S:0 M:218595760] (U) Msg Retransmission to 0:0000000000000000 scheduled for 383ms from now [State:Active II:500 AI:300 AT:4000][0m
[0;32m[1784654901.832] [6309:6309] [SC] SecureSession[0x6133593fb8e0, LSID:14699]: State change 'kEstablishing' --> 'kActive'[0m
[0;34m[1784654901.832] [6309:6309] [IN] SecureSession[0x6133593fb8e0]: Activated - Type:2 LSID:14699[0m
[0;34m[1784654901.832] [6309:6309] [IN] New secure session activated for device <000000000001B669, 1>, LSID:14699 PSID:7809![0m
[0;32m[1784654901.832] [6309:6309] [IN] CASE Session established to peer: <000000000001B669, 1>[0m
[0;34m[1784654901.832] [6309:6309] [IN] SecureSession[0x6133593faea0]: Allocated Type:2 LSID:14700[0m
[0;34m[1784654901.832] [6309:6309] [SC] Allocated SecureSession (0x6133593faea0) - waiting for Sigma1 msg[0m
[0;32m[1784654901.833] [6309:6309] [EM] >>> [E:32036r S:14699 M:88453801] (S) Msg RX from 1:000000000001B669 [399B] to 1122334455667788 --- Type 0001:02 (IM:ReadRequest) (B:51)[0m
[0;34m[1784654901.833] [6309:6309] [EM] Handling via exchange: 32036r, Delegate: 0x61331fa37ac8[0m
[0;34m[1784654901.833] [6309:6309] [IM] Received Read request[0m
[0;34m[1784654901.833] [6309:6309] [DMG] ReadRequestMessage =[0m
[0;34m[1784654901.833] [6309:6309] [DMG] {[0m
[0;34m[1784654901.833] [6309:6309] [DMG] 	AttributePathIBs =[0m
[0;34m[1784654901.833] [6309:6309] [DMG] 	[[0m
[0;34m[1784654901.833] [6309:6309] [DMG] 		AttributePathIB =[0m
[0;34m[1784654901.833] [6309:6309] [DMG] 		{[0m
[0;34m[1784654901.833] [6309:6309] [DMG] 			Endpoint = 0x0,[0m
[0;34m[1784654901.833] [6309:6309] [DMG] 			Cluster = 0x3e,[0m
[0;34m[1784654901.833] [6309:6309] [DMG] 			Attribute = 0x0000_0004,[0m
[0;34m[1784654901.833] [6309:6309] [DMG] 		}[0m
[0;34m[1784654901.833] [6309:6309] [DMG] 			[0m
[0;34m[1784654901.833] [6309:6309] [DMG] 	],[0m
[0;34m[1784654901.833] [6309:6309] [DMG] 		[0m
[0;34m[1784654901.833] [6309:6309] [DMG] 	isFabricFiltered = true, [0m
[0;34m[1784654901.833] [6309:6309] [DMG] 	InteractionModelRevision = 12[0m
[0;34m[1784654901.833] [6309:6309] [DMG] },[0m
[0;34m[1784654901.833] [6309:6309] [DMG] IM RH moving to [CanStartReporting][0m
[0;34m[1784654901.833] [6309:6309] [DMG] Building Reports for ReadHandler with LastReportGeneration = 0x0000000000000000 DirtyGeneration = 0x0000000000000000[0m
[0;34m[1784654901.833] [6309:6309] [DMG] <RE:Run> Cluster 3e, Attribute 4 is dirty[0m
[0;32m[1784654901.833] [6309:6309] [DMG] AccessControl: checking f=1 a=c s=0x000000000001B669 t= c=0x0000_003E e=0 p=v r=r[0m
[0;32m[1784654901.833] [6309:6309] [DMG] AccessControl: allowed[0m
[0;32m[1784654901.833] [6309:6309] [DMG] AccessControl: checking f=1 a=c s=0x000000000001B669 t= c=0x0000_003E e=0 p=v r=r[0m
[0;32m[1784654901.833] [6309:6309] [DMG] AccessControl: allowed[0m
[0;34m[1784654901.833] [6309:6309] [DMG] Reading attribute: Cluster=0x0000_003E Endpoint=0x0 AttributeId=0x0000_0004 (expanded=0)[0m
[0;34m[1784654901.833] [6309:6309] [DMG] <RE> Sending report (payload has 269 bytes)...[0m
[0;32m[1784654901.833] [6309:6309] [EM] <<< [E:32036r S:14699 M:196667965 (Ack:88453801)] (S) Msg TX from 1122334455667788 to 1:000000000001B669 [399B] [UDP:[fe80::bfe:a203:38f0:bce7%enp0s3]:50463] --- Type 0001:05 (IM:ReportData) (B:303)[0m
[0;32m[1784654901.834] [6309:6309] [EM] ??1 [E:32036r S:14699 M:196667965] (S) Msg Retransmission to 1:000000000001B669 scheduled for 344ms from now [State:Active II:500 AI:300 AT:4000][0m
[0;34m[1784654901.834] [6309:6309] [DMG] <RE> OnReportConfirm: NumReports = 0[0m
[0;34m[1784654901.834] [6309:6309] [DMG] <RE> ReportsInFlight = 0 with readHandler 0, RE has no more messages[0m
[0;34m[1784654901.834] [6309:6309] [DMG] IM RH moving to [AwaitingDestruction][0m
[0;34m[1784654901.834] [6309:6309] [DMG] All ReadHandler-s are clean, clear GlobalDirtySet[0m
[0;32m[1784654901.834] [6309:6309] [EM] >>> [E:32035r S:0 M:76646604 (Ack:218595760)] (U) Msg RX from 0:0BE762FD14CE8810 [0000] to 0000000000000000 --- Type 0000:10 (SecureChannel:StandaloneAck) (B:26)[0m
[0;34m[1784654901.834] [6309:6309] [EM] Found matching exchange: 32035r, Delegate: (nil)[0m
[0;34m[1784654901.834] [6309:6309] [EM] Rxd Ack; Removing MessageCounter:218595760 from Retrans Table on exchange 32035r[0m
[0;32m[1784654901.834] [6309:6309] [EM] >>> [E:32036r S:14699 M:88453802 (Ack:196667965)] (S) Msg RX from 1:000000000001B669 [399B] to 1122334455667788 --- Type 0000:10 (SecureChannel:StandaloneAck) (B:34)[0m
[0;34m[1784654901.834] [6309:6309] [EM] Found matching exchange: 32036r, Delegate: (nil)[0m
[0;34m[1784654901.834] [6309:6309] [EM] Rxd Ack; Removing MessageCounter:196667965 from Retrans Table on exchange 32036r[0m
[0;34m[1784654901.847] [6309:6309] [ZCL] Emitting ShutDown event[0m
[0;34m[1784654901.847] [6309:6309] [EVL] LogEvent event number: 0x0000000000000005 priority: 2, endpoint id:  0x0 cluster id: 0x0000_0028 event id: 0x1 Epoch timestamp: 0x0000019F85B8B257[0m
[0;34m[1784654901.847] [6309:6309] [DMG] All ReadHandler-s are clean, clear GlobalDirtySet[0m
[0;34m[1784654901.847] [6309:6309] [IN] SecureSession[0x6133593faea0]: Released - Type:2 LSID:14700[0m
[0;34m[1784654901.848] [6309:6309] [DMG] All ReadHandler-s are clean, clear GlobalDirtySet[0m
[0;34m[1784654901.848] [6309:6309] [IN] SecureSession[0x6133593fb8e0]: MarkForEviction Type:2 LSID:14699[0m
[0;32m[1784654901.848] [6309:6309] [SC] SecureSession[0x6133593fb8e0, LSID:14699]: State change 'kActive' --> 'kPendingEviction'[0m
[0;34m[1784654901.848] [6309:6309] [IN] SecureSession[0x6133593fb8e0]: Released - Type:2 LSID:14699[0m
[0;32m[1784654901.848] [6309:6309] [DMG] AccessControl: finishing[0m
[0;32m[1784654901.848] [6309:6309] [DMG] Examples::AccessControlDelegate::Finish[0m
[0;34m[1784654901.850] [6309:6309] [DL] Wrote settings to /tmp/chip_counters.ini[0m
[0;32m[1784654901.850] [6309:6309] [DL] NVS set: chip-counters/total-operational-hours = 0 (0x0)[0m
[0;32m[1784654901.850] [6309:6309] [DL] Inet Layer shutdown[0m
[0;32m[1784654901.850] [6309:6309] [DL] BLE Layer shutdown[0m
[0;32m[1784654901.851] [6309:6309] [DL] WiFi-PAF Layer shutdown[0m
[0;32m[1784654901.851] [6309:6309] [PAF] WiFiPAF: Closing all WiFiPAF sessions to shutdown[0m
[0;32m[1784654901.851] [6309:6309] [DL] System Layer shutdown[0m
[0;32m[1784654901.851] [6309:6309] [DMG] TLSClientManagementCluster: shutdown[0m
[0;32m[1784654901.851] [6309:6309] [DMG] TLSCertificateManagementCluster: shutdown[0m
[0;32m[1784654901.851] [6309:6309] [DMG] AccessControlCluster: shutdown[0m
[0;32m[1784654901.851] [6309:6309] [BDX] Stop polling for messages[0m
