[0;34m[1784838346.286] [22636:22636] [DL] ChipLinuxStorage::Init: Using KVS config file: /tmp/chip_tool_kvs[0m
[1;31m[1784838346.286] [22636:22636] [DL] ChipLinuxStorage::Init: Attempt to re-initialize with KVS config file: /tmp/chip_kvs, IGNORING.[0m
[0;34m[1784838346.288] [22636:22636] [DL] ChipLinuxStorage::Init: Using KVS config file: /tmp/chip_factory.ini[0m
[0;34m[1784838346.288] [22636:22636] [DL] ChipLinuxStorage::Init: Using KVS config file: /tmp/chip_config.ini[0m
[0;34m[1784838346.288] [22636:22636] [DL] ChipLinuxStorage::Init: Using KVS config file: /tmp/chip_counters.ini[0m
[0;34m[1784838346.290] [22636:22636] [DL] Wrote settings to /tmp/chip_counters.ini[0m
[0;32m[1784838346.290] [22636:22636] [DL] NVS set: chip-counters/reboot-count = 2 (0x2)[0m
[0;32m[1784838346.290] [22636:22636] [DL] Got Ethernet interface: enp0s3[0m
[0;32m[1784838346.290] [22636:22636] [DL] Found the primary Ethernet interface:enp0s3[0m
[1;31m[1784838346.291] [22636:22636] [DL] Failed to get WiFi interface[0m
[1;31m[1784838346.291] [22636:22636] [DL] Failed to reset WiFi statistic counts[0m
[0;32m[1784838346.291] [22636:22636] [PAF] WiFiPAF: WiFiPAFLayer::Init()[0m
[0;34m[1784838346.291] [22636:22636] [IN] UDP::Init bind&listen port=0[0m
[0;34m[1784838346.291] [22636:22636] [IN] UDP::Init bound to port=52379[0m
[0;34m[1784838346.291] [22636:22636] [IN] UDP::Init bind&listen port=0[0m
[0;34m[1784838346.291] [22636:22636] [IN] UDP::Init bound to port=57006[0m
[0;34m[1784838346.291] [22636:22636] [IN] BLEBase::Init - setting/overriding transport[0m
[0;34m[1784838346.291] [22636:22636] [IN] WiFiPAFBase::Init - setting/overriding transport[0m
[0;34m[1784838346.291] [22636:22636] [IN] TransportMgr initialized[0m
[0;34m[1784838346.291] [22636:22636] [FP] Initializing FabricTable from persistent storage[0m
[0;32m[1784838346.291] [22636:22636] [TS] Last Known Good Time: [unknown][0m
[0;32m[1784838346.291] [22636:22636] [TS] Setting Last Known Good Time to firmware build time 2023-10-14T01:16:48[0m
[0;32m[1784838346.292] [22636:22636] [DMG] Ember attribute persistence requires setting up[0m
[0;32m[1784838346.292] [22636:22636] [ZCL] Using ZAP configuration...[0m
[0;34m[1784838346.292] [22636:22636] [CTL] System State Initialized...[0m
[0;32m[1784838346.292] [22636:22636] [CTL] Setting attestation nonce to random value[0m
[0;32m[1784838346.292] [22636:22636] [CTL] Setting CSR nonce to random value[0m
[0;34m[1784838346.293] [22636:22638] [DL] CHIP task running[0m
[0;32m[1784838346.293] [22636:22638] [CTL] Setting attestation nonce to random value[0m
[0;32m[1784838346.293] [22636:22638] [CTL] Setting CSR nonce to random value[0m
[0;32m[1784838346.293] [22636:22638] [CTL] Couldn't get ExampleOpCredsCAKey from storage: src/controller/ExamplePersistentStorage.cpp:112: CHIP Error 0x000000A0: Value not found in the persisted storage[0m
[0;32m[1784838346.293] [22636:22638] [CTL] Couldn't get ExampleOpCredsICAKey from storage: src/controller/ExamplePersistentStorage.cpp:112: CHIP Error 0x000000A0: Value not found in the persisted storage[0m
[0;32m[1784838346.294] [22636:22638] [CTL] Generating RCAC[0m
[0;32m[1784838346.294] [22636:22638] [CTL] Generating ICAC[0m
[0;32m[1784838346.294] [22636:22638] [CTL] Generating NOC[0m
[0;32m[1784838346.295] [22636:22638] [FP] Validating NOC chain[0m
[0;32m[1784838346.295] [22636:22638] [FP] NOC chain validation successful[0m
[0;32m[1784838346.295] [22636:22638] [FP] Added new fabric at index: 0x1[0m
[0;32m[1784838346.295] [22636:22638] [FP] Assigned compressed fabric ID: 0x26070101333722E0, node ID: 0x000000000001B669[0m
[0;32m[1784838346.295] [22636:22638] [TS] Last Known Good Time: 2023-10-14T01:16:48[0m
[0;32m[1784838346.295] [22636:22638] [TS] New proposed Last Known Good Time: 2021-01-01T00:00:00[0m
[0;32m[1784838346.295] [22636:22638] [TS] Retaining current Last Known Good Time[0m
[0;32m[1784838346.295] [22636:22638] [FP] Metadata for Fabric 0x1 persisted to storage.[0m
[0;32m[1784838346.297] [22636:22638] [TS] Committing Last Known Good Time to storage: 2023-10-14T01:16:48[0m
[0;32m[1784838346.298] [22636:22638] [CTL] Joined the fabric at index 1. Fabric ID is 0x0000000000000001 (Compressed Fabric ID: 26070101333722E0)[0m
[0;32m[1784838346.311] [22636:22638] [TOO] Discovered Device: fe80::bfe:a203:38f0:bce7:5540[0m
[0;34m[1784838346.311] [22636:22638] [IN] SecureSession[0x7f1840032f30]: Allocated Type:1 LSID:62861[0m
[0;34m[1784838346.311] [22636:22638] [SC] Assigned local session key ID 62861[0m
[0;32m[1784838346.311] [22636:22638] [EM] <<< [E:59135i S:0 M:180369566] (U) Msg TX from 6F1C94DCB7318DDE to 0:0000000000000000 [0000] [UDP:[fe80::bfe:a203:38f0:bce7%enp0s3]:5540] --- Type 0000:20 (SecureChannel:PBKDFParamRequest) (B:98)[0m
[0;32m[1784838346.311] [22636:22638] [EM] ??1 [E:59135i S:0 M:180369566] (U) Msg Retransmission to 0:0000000000000000 scheduled for 349ms from now [State:Active II:500 AI:300 AT:4000][0m
[0;32m[1784838346.311] [22636:22638] [SC] Sent PBKDF param request [II:500ms AI:300ms AT:4000ms)[0m
[0;32m[1784838346.311] [22636:22638] [CTL] Setting attestation nonce to random value[0m
[0;32m[1784838346.311] [22636:22638] [CTL] Setting CSR nonce to random value[0m
[0;32m[1784838346.311] [22636:22638] [CTL] Commission called for node ID 0x0000000000000001[0m
[0;32m[1784838346.311] [22636:22638] [EM] >>> [E:59135i S:0 M:47216231 (Ack:180369566)] (U) Msg RX from 0:0000000000000000 [0000] to 6F1C94DCB7318DDE --- Type 0000:21 (SecureChannel:PBKDFParamResponse) (B:174)[0m
[0;34m[1784838346.311] [22636:22638] [EM] Found matching exchange: 59135i, Delegate: 0x7f1840033e80[0m
[0;34m[1784838346.311] [22636:22638] [EM] Rxd Ack; Removing MessageCounter:180369566 from Retrans Table on exchange 59135i[0m
[0;34m[1784838346.311] [22636:22638] [SC] Received PBKDF param response[0m
[0;34m[1784838346.311] [22636:22638] [SC] Peer assigned session ID 40560[0m
[0;34m[1784838346.311] [22636:22638] [SC] Found MRP parameters in the message[0m
[0;32m[1784838346.313] [22636:22638] [EM] <<< [E:59135i S:0 M:180369567 (Ack:47216231)] (U) Msg TX from 6F1C94DCB7318DDE to 0:0000000000000000 [0000] [UDP:[fe80::bfe:a203:38f0:bce7%enp0s3]:5540] --- Type 0000:22 (SecureChannel:PASE_Pake1) (B:96)[0m
[0;32m[1784838346.313] [22636:22638] [EM] ??1 [E:59135i S:0 M:180369567] (U) Msg Retransmission to 0:0000000000000000 scheduled for 340ms from now [State:Active II:500 AI:300 AT:4000][0m
[0;34m[1784838346.313] [22636:22638] [SC] Sent spake2p msg1[0m
[0;32m[1784838346.313] [22636:22638] [EM] >>> [E:59135i S:0 M:47216232 (Ack:180369567)] (U) Msg RX from 0:0000000000000000 [0000] to 6F1C94DCB7318DDE --- Type 0000:23 (SecureChannel:PASE_Pake2) (B:131)[0m
[0;34m[1784838346.313] [22636:22638] [EM] Found matching exchange: 59135i, Delegate: 0x7f1840033e80[0m
[0;34m[1784838346.313] [22636:22638] [EM] Rxd Ack; Removing MessageCounter:180369567 from Retrans Table on exchange 59135i[0m
[0;34m[1784838346.313] [22636:22638] [SC] Received spake2p msg2[0m
[0;32m[1784838346.313] [22636:22638] [EM] <<< [E:59135i S:0 M:180369568 (Ack:47216232)] (U) Msg TX from 6F1C94DCB7318DDE to 0:0000000000000000 [0000] [UDP:[fe80::bfe:a203:38f0:bce7%enp0s3]:5540] --- Type 0000:24 (SecureChannel:PASE_Pake3) (B:63)[0m
[0;32m[1784838346.313] [22636:22638] [EM] ??1 [E:59135i S:0 M:180369568] (U) Msg Retransmission to 0:0000000000000000 scheduled for 407ms from now [State:Active II:500 AI:300 AT:4000][0m
[0;34m[1784838346.313] [22636:22638] [SC] Sent spake2p msg3[0m
[0;32m[1784838346.314] [22636:22638] [EM] >>> [E:59135i S:0 M:47216233 (Ack:180369568)] (U) Msg RX from 0:0000000000000000 [0000] to 6F1C94DCB7318DDE --- Type 0000:40 (SecureChannel:StatusReport) (B:34)[0m
[0;34m[1784838346.314] [22636:22638] [EM] Found matching exchange: 59135i, Delegate: 0x7f1840033e80[0m
[0;34m[1784838346.314] [22636:22638] [EM] Rxd Ack; Removing MessageCounter:180369568 from Retrans Table on exchange 59135i[0m
[0;32m[1784838346.314] [22636:22638] [SC] SecureSession[0x7f1840032f30, LSID:62861]: State change 'kEstablishing' --> 'kActive'[0m
[0;34m[1784838346.314] [22636:22638] [IN] SecureSession[0x7f1840032f30]: Activated - Type:1 LSID:62861[0m
[0;34m[1784838346.314] [22636:22638] [IN] New secure session activated for device <FFFFFFFB00000000, 0>, LSID:62861 PSID:40560![0m
[0;34m[1784838346.314] [22636:22638] [CTL] Remote device completed SPAKE2+ handshake[0m
[0;32m[1784838346.314] [22636:22638] [TOO] Pairing Success[0m
[0;32m[1784838346.314] [22636:22638] [TOO] PASE establishment successful[0m
[0;32m[1784838346.314] [22636:22638] [CTL] Commissioning stage next step: 'SecurePairing' -> 'ReadCommissioningInfo'[0m
[0;32m[1784838346.314] [22636:22638] [CTL] Performing next commissioning step 'ReadCommissioningInfo'[0m
[0;34m[1784838346.314] [22636:22638] [TOO] Starting commissioning stage 'ReadCommissioningInfo'[0m
[0;32m[1784838346.314] [22636:22638] [CTL] Sending read requests for commissioning information[0m
[0;34m[1784838346.314] [22636:22638] [DMG] SendReadRequest ReadClient[0x7f1840035210]: Sending Read Request[0m
[0;32m[1784838346.314] [22636:22638] [DMG] 0 data version filters provided, 0 not relevant, 0 encoded, 0 skipped due to lack of space[0m
[0;32m[1784838346.314] [22636:22638] [EM] <<< [E:59136i S:62861 M:32615730] (S) Msg TX from 0000000000000000 to 0:FFFFFFFB00000000 [0000] [UDP:[fe80::bfe:a203:38f0:bce7%enp0s3]:5540] --- Type 0001:02 (IM:ReadRequest) (B:136)[0m
[0;32m[1784838346.314] [22636:22638] [EM] ??1 [E:59136i S:62861 M:32615730] (S) Msg Retransmission to 0:FFFFFFFB00000000 scheduled for 352ms from now [State:Active II:500 AI:300 AT:4000][0m
[0;34m[1784838346.314] [22636:22638] [DMG] MoveToState ReadClient[0x7f1840035210]: Moving to [AwaitingIn][0m
[0;32m[1784838346.314] [22636:22638] [EM] <<< [E:59135i S:0 M:180369569 (Ack:47216233)] (U) Msg TX from 6F1C94DCB7318DDE to 0:0000000000000000 [0000] [UDP:[fe80::bfe:a203:38f0:bce7%enp0s3]:5540] --- Type 0000:10 (SecureChannel:StandaloneAck) (B:26)[0m
[0;34m[1784838346.314] [22636:22638] [EM] Flushed pending ack for MessageCounter:47216233 on exchange 59135i[0m
[0;32m[1784838346.316] [22636:22638] [EM] >>> [E:59136i S:62861 M:63986955 (Ack:32615730)] (S) Msg RX from 0:FFFFFFFB00000000 [0000] to 0000000000000000 --- Type 0001:05 (IM:ReportData) (B:766)[0m
[0;34m[1784838346.316] [22636:22638] [EM] Found matching exchange: 59136i, Delegate: 0x7f1840035220[0m
[0;34m[1784838346.316] [22636:22638] [EM] Rxd Ack; Removing MessageCounter:32615730 from Retrans Table on exchange 59136i[0m
[0;34m[1784838346.316] [22636:22638] [DMG] ReportDataMessage =[0m
[0;34m[1784838346.316] [22636:22638] [DMG] {[0m
[0;34m[1784838346.316] [22636:22638] [DMG] 	AttributeReportIBs =[0m
[0;34m[1784838346.316] [22636:22638] [DMG] 	[[0m
[0;34m[1784838346.316] [22636:22638] [DMG] 		AttributeReportIB =[0m
[0;34m[1784838346.316] [22636:22638] [DMG] 		{[0m
[0;34m[1784838346.316] [22636:22638] [DMG] 			AttributeDataIB =[0m
[0;34m[1784838346.316] [22636:22638] [DMG] 			{[0m
[0;34m[1784838346.316] [22636:22638] [DMG] 				DataVersion = 0x7d9be84d,[0m
[0;34m[1784838346.316] [22636:22638] [DMG] 				AttributePathIB =[0m
[0;34m[1784838346.316] [22636:22638] [DMG] 				{[0m
[0;34m[1784838346.316] [22636:22638] [DMG] 					Endpoint = 0x0,[0m
[0;34m[1784838346.316] [22636:22638] [DMG] 					Cluster = 0x38,[0m
[0;34m[1784838346.316] [22636:22638] [DMG] 					Attribute = 0x0000_0000,[0m
[0;34m[1784838346.316] [22636:22638] [DMG] 				}[0m
[0;34m[1784838346.316] [22636:22638] [DMG] 					[0m
[0;34m[1784838346.316] [22636:22638] [DMG] 				Data = 838153546315816 (unsigned), [0m
[0;34m[1784838346.316] [22636:22638] [DMG] 			},[0m
[0;34m[1784838346.316] [22636:22638] [DMG] 			[0m
[0;34m[1784838346.316] [22636:22638] [DMG] 		},[0m
[0;34m[1784838346.316] [22636:22638] [DMG] 		[0m
[0;34m[1784838346.316] [22636:22638] [DMG] 		AttributeReportIB =[0m
[0;34m[1784838346.316] [22636:22638] [DMG] 		{[0m
[0;34m[1784838346.316] [22636:22638] [DMG] 			AttributeDataIB =[0m
[0;34m[1784838346.316] [22636:22638] [DMG] 			{[0m
[0;34m[1784838346.316] [22636:22638] [DMG] 				DataVersion = 0x7d9be84d,[0m
[0;34m[1784838346.316] [22636:22638] [DMG] 				AttributePathIB =[0m
[0;34m[1784838346.316] [22636:22638] [DMG] 				{[0m
[0;34m[1784838346.316] [22636:22638] [DMG] 					Endpoint = 0x0,[0m
[0;34m[1784838346.316] [22636:22638] [DMG] 					Cluster = 0x38,[0m
[0;34m[1784838346.316] [22636:22638] [DMG] 					Attribute = 0x0000_0001,[0m
[0;34m[1784838346.316] [22636:22638] [DMG] 				}[0m
[0;34m[1784838346.316] [22636:22638] [DMG] 					[0m
[0;34m[1784838346.316] [22636:22638] [DMG] 				Data = 3 (unsigned), [0m
[0;34m[1784838346.316] [22636:22638] [DMG] 			},[0m
[0;34m[1784838346.316] [22636:22638] [DMG] 			[0m
[0;34m[1784838346.316] [22636:22638] [DMG] 		},[0m
[0;34m[1784838346.316] [22636:22638] [DMG] 		[0m
[0;34m[1784838346.316] [22636:22638] [DMG] 		AttributeReportIB =[0m
[0;34m[1784838346.316] [22636:22638] [DMG] 		{[0m
[0;34m[1784838346.316] [22636:22638] [DMG] 			AttributeDataIB =[0m
[0;34m[1784838346.316] [22636:22638] [DMG] 			{[0m
[0;34m[1784838346.316] [22636:22638] [DMG] 				DataVersion = 0x7d9be84d,[0m
[0;34m[1784838346.316] [22636:22638] [DMG] 				AttributePathIB =[0m
[0;34m[1784838346.316] [22636:22638] [DMG] 				{[0m
[0;34m[1784838346.316] [22636:22638] [DMG] 					Endpoint = 0x0,[0m
[0;34m[1784838346.316] [22636:22638] [DMG] 					Cluster = 0x38,[0m
[0;34m[1784838346.316] [22636:22638] [DMG] 					Attribute = 0x0000_0002,[0m
[0;34m[1784838346.316] [22636:22638] [DMG] 				}[0m
[0;34m[1784838346.316] [22636:22638] [DMG] 					[0m
[0;34m[1784838346.316] [22636:22638] [DMG] 				Data = 8 (unsigned), [0m
[0;34m[1784838346.316] [22636:22638] [DMG] 			},[0m
[0;34m[1784838346.316] [22636:22638] [DMG] 			[0m
[0;34m[1784838346.316] [22636:22638] [DMG] 		},[0m
[0;34m[1784838346.316] [22636:22638] [DMG] 		[0m
[0;34m[1784838346.316] [22636:22638] [DMG] 		AttributeReportIB =[0m
[0;34m[1784838346.316] [22636:22638] [DMG] 		{[0m
[0;34m[1784838346.316] [22636:22638] [DMG] 			AttributeDataIB =[0m
[0;34m[1784838346.316] [22636:22638] [DMG] 			{[0m
[0;34m[1784838346.316] [22636:22638] [DMG] 				DataVersion = 0x7d9be84d,[0m
[0;34m[1784838346.316] [22636:22638] [DMG] 				AttributePathIB =[0m
[0;34m[1784838346.316] [22636:22638] [DMG] 				{[0m
[0;34m[1784838346.316] [22636:22638] [DMG] 					Endpoint = 0x0,[0m
[0;34m[1784838346.316] [22636:22638] [DMG] 					Cluster = 0x38,[0m
[0;34m[1784838346.316] [22636:22638] [DMG] 					Attribute = 0x0000_0003,[0m
[0;34m[1784838346.316] [22636:22638] [DMG] 				}[0m
[0;34m[1784838346.316] [22636:22638] [DMG] 					[0m
[0;34m[1784838346.316] [22636:22638] [DMG] 				Data = NULL[0m
[0;34m[1784838346.316] [22636:22638] [DMG] 			},[0m
[0;34m[1784838346.316] [22636:22638] [DMG] 			[0m
[0;34m[1784838346.316] [22636:22638] [DMG] 		},[0m
[0;34m[1784838346.316] [22636:22638] [DMG] 		[0m
[0;34m[1784838346.316] [22636:22638] [DMG] 		AttributeReportIB =[0m
[0;34m[1784838346.316] [22636:22638] [DMG] 		{[0m
[0;34m[1784838346.316] [22636:22638] [DMG] 			AttributeDataIB =[0m
[0;34m[1784838346.316] [22636:22638] [DMG] 			{[0m
[0;34m[1784838346.316] [22636:22638] [DMG] 				DataVersion = 0x7d9be84d,[0m
[0;34m[1784838346.316] [22636:22638] [DMG] 				AttributePathIB =[0m
[0;34m[1784838346.316] [22636:22638] [DMG] 				{[0m
[0;34m[1784838346.316] [22636:22638] [DMG] 					Endpoint = 0x0,[0m
[0;34m[1784838346.316] [22636:22638] [DMG] 					Cluster = 0x38,[0m
[0;34m[1784838346.316] [22636:22638] [DMG] 					Attribute = 0x0000_0004,[0m
[0;34m[1784838346.316] [22636:22638] [DMG] 				}[0m
[0;34m[1784838346.316] [22636:22638] [DMG] 					[0m
[0;34m[1784838346.316] [22636:22638] [DMG] 				Data = NULL[0m
[0;34m[1784838346.316] [22636:22638] [DMG] 			},[0m
[0;34m[1784838346.316] [22636:22638] [DMG] 			[0m
[0;34m[1784838346.316] [22636:22638] [DMG] 		},[0m
[0;34m[1784838346.316] [22636:22638] [DMG] 		[0m
[0;34m[1784838346.316] [22636:22638] [DMG] 		AttributeReportIB =[0m
[0;34m[1784838346.316] [22636:22638] [DMG] 		{[0m
[0;34m[1784838346.316] [22636:22638] [DMG] 			AttributeDataIB =[0m
[0;34m[1784838346.316] [22636:22638] [DMG] 			{[0m
[0;34m[1784838346.316] [22636:22638] [DMG] 				DataVersion = 0x7d9be84d,[0m
[0;34m[1784838346.316] [22636:22638] [DMG] 				AttributePathIB =[0m
[0;34m[1784838346.316] [22636:22638] [DMG] 				{[0m
[0;34m[1784838346.316] [22636:22638] [DMG] 					Endpoint = 0x0,[0m
[0;34m[1784838346.316] [22636:22638] [DMG] 					Cluster = 0x38,[0m
[0;34m[1784838346.316] [22636:22638] [DMG] 					Attribute = 0x0000_0005,[0m
[0;34m[1784838346.316] [22636:22638] [DMG] 				}[0m
[0;34m[1784838346.316] [22636:22638] [DMG] 					[0m
[0;34m[1784838346.316] [22636:22638] [DMG] 				Data = [[0m
[0;34m[1784838346.316] [22636:22638] [DMG] 						[0m
[0;34m[1784838346.316] [22636:22638] [DMG] 					{[0m
[0;34m[1784838346.316] [22636:22638] [DMG] 						0x0 = 0 (signed), [0m
[0;34m[1784838346.316] [22636:22638] [DMG] 						0x1 = 0 (unsigned), [0m
[0;34m[1784838346.316] [22636:22638] [DMG] 					},[0m
[0;34m[1784838346.316] [22636:22638] [DMG] 				],[0m
[0;34m[1784838346.316] [22636:22638] [DMG] 			},[0m
[0;34m[1784838346.316] [22636:22638] [DMG] 			[0m
[0;34m[1784838346.316] [22636:22638] [DMG] 		},[0m
[0;34m[1784838346.316] [22636:22638] [DMG] 		[0m
[0;34m[1784838346.316] [22636:22638] [DMG] 		AttributeReportIB =[0m
[0;34m[1784838346.316] [22636:22638] [DMG] 		{[0m
[0;34m[1784838346.316] [22636:22638] [DMG] 			AttributeDataIB =[0m
[0;34m[1784838346.316] [22636:22638] [DMG] 			{[0m
[0;34m[1784838346.316] [22636:22638] [DMG] 				DataVersion = 0x7d9be84d,[0m
[0;34m[1784838346.316] [22636:22638] [DMG] 				AttributePathIB =[0m
[0;34m[1784838346.316] [22636:22638] [DMG] 				{[0m
[0;34m[1784838346.316] [22636:22638] [DMG] 					Endpoint = 0x0,[0m
[0;34m[1784838346.316] [22636:22638] [DMG] 					Cluster = 0x38,[0m
[0;34m[1784838346.316] [22636:22638] [DMG] 					Attribute = 0x0000_0006,[0m
[0;34m[1784838346.316] [22636:22638] [DMG] 				}[0m
[0;34m[1784838346.316] [22636:22638] [DMG] 					[0m
[0;34m[1784838346.316] [22636:22638] [DMG] 				Data = [[0m
[0;34m[1784838346.316] [22636:22638] [DMG] 						[0m
[0;34m[1784838346.316] [22636:22638] [DMG] 				],[0m
[0;34m[1784838346.316] [22636:22638] [DMG] 			},[0m
[0;34m[1784838346.316] [22636:22638] [DMG] 			[0m
[0;34m[1784838346.316] [22636:22638] [DMG] 		},[0m
[0;34m[1784838346.316] [22636:22638] [DMG] 		[0m
[0;34m[1784838346.316] [22636:22638] [DMG] 		AttributeReportIB =[0m
[0;34m[1784838346.316] [22636:22638] [DMG] 		{[0m
[0;34m[1784838346.316] [22636:22638] [DMG] 			AttributeDataIB =[0m
[0;34m[1784838346.316] [22636:22638] [DMG] 			{[0m
[0;34m[1784838346.316] [22636:22638] [DMG] 				DataVersion = 0x7d9be84d,[0m
[0;34m[1784838346.316] [22636:22638] [DMG] 				AttributePathIB =[0m
[0;34m[1784838346.316] [22636:22638] [DMG] 				{[0m
[0;34m[1784838346.316] [22636:22638] [DMG] 					Endpoint = 0x0,[0m
[0;34m[1784838346.316] [22636:22638] [DMG] 					Cluster = 0x38,[0m
[0;34m[1784838346.316] [22636:22638] [DMG] 					Attribute = 0x0000_0007,[0m
[0;34m[1784838346.316] [22636:22638] [DMG] 				}[0m
[0;34m[1784838346.316] [22636:22638] [DMG] 					[0m
[0;34m[1784838346.316] [22636:22638] [DMG] 				Data = NULL[0m
[0;34m[1784838346.316] [22636:22638] [DMG] 			},[0m
[0;34m[1784838346.316] [22636:22638] [DMG] 			[0m
[0;34m[1784838346.316] [22636:22638] [DMG] 		},[0m
[0;34m[1784838346.316] [22636:22638] [DMG] 		[0m
[0;34m[1784838346.316] [22636:22638] [DMG] 		AttributeReportIB =[0m
[0;34m[1784838346.316] [22636:22638] [DMG] 		{[0m
[0;34m[1784838346.316] [22636:22638] [DMG] 			AttributeDataIB =[0m
[0;34m[1784838346.317] [22636:22638] [DMG] 			{[0m
[0;34m[1784838346.317] [22636:22638] [DMG] 				DataVersion = 0x7d9be84d,[0m
[0;34m[1784838346.317] [22636:22638] [DMG] 				AttributePathIB =[0m
[0;34m[1784838346.317] [22636:22638] [DMG] 				{[0m
[0;34m[1784838346.317] [22636:22638] [DMG] 					Endpoint = 0x0,[0m
[0;34m[1784838346.317] [22636:22638] [DMG] 					Cluster = 0x38,[0m
[0;34m[1784838346.317] [22636:22638] [DMG] 					Attribute = 0x0000_0008,[0m
[0;34m[1784838346.317] [22636:22638] [DMG] 				}[0m
[0;34m[1784838346.317] [22636:22638] [DMG] 					[0m
[0;34m[1784838346.317] [22636:22638] [DMG] 				Data = 0 (unsigned), [0m
[0;34m[1784838346.317] [22636:22638] [DMG] 			},[0m
[0;34m[1784838346.317] [22636:22638] [DMG] 			[0m
[0;34m[1784838346.317] [22636:22638] [DMG] 		},[0m
[0;34m[1784838346.317] [22636:22638] [DMG] 		[0m
[0;34m[1784838346.317] [22636:22638] [DMG] 		AttributeReportIB =[0m
[0;34m[1784838346.317] [22636:22638] [DMG] 		{[0m
[0;34m[1784838346.317] [22636:22638] [DMG] 			AttributeDataIB =[0m
[0;34m[1784838346.317] [22636:22638] [DMG] 			{[0m
[0;34m[1784838346.317] [22636:22638] [DMG] 				DataVersion = 0x7d9be84d,[0m
[0;34m[1784838346.317] [22636:22638] [DMG] 				AttributePathIB =[0m
[0;34m[1784838346.317] [22636:22638] [DMG] 				{[0m
[0;34m[1784838346.317] [22636:22638] [DMG] 					Endpoint = 0x0,[0m
[0;34m[1784838346.317] [22636:22638] [DMG] 					Cluster = 0x38,[0m
[0;34m[1784838346.317] [22636:22638] [DMG] 					Attribute = 0x0000_000A,[0m
[0;34m[1784838346.317] [22636:22638] [DMG] 				}[0m
[0;34m[1784838346.317] [22636:22638] [DMG] 					[0m
[0;34m[1784838346.317] [22636:22638] [DMG] 				Data = 2 (unsigned), [0m
[0;34m[1784838346.317] [22636:22638] [DMG] 			},[0m
[0;34m[1784838346.317] [22636:22638] [DMG] 			[0m
[0;34m[1784838346.317] [22636:22638] [DMG] 		},[0m
[0;34m[1784838346.317] [22636:22638] [DMG] 		[0m
[0;34m[1784838346.317] [22636:22638] [DMG] 		AttributeReportIB =[0m
[0;34m[1784838346.317] [22636:22638] [DMG] 		{[0m
[0;34m[1784838346.317] [22636:22638] [DMG] 			AttributeDataIB =[0m
[0;34m[1784838346.317] [22636:22638] [DMG] 			{[0m
[0;34m[1784838346.317] [22636:22638] [DMG] 				DataVersion = 0x7d9be84d,[0m
[0;34m[1784838346.317] [22636:22638] [DMG] 				AttributePathIB =[0m
[0;34m[1784838346.317] [22636:22638] [DMG] 				{[0m
[0;34m[1784838346.317] [22636:22638] [DMG] 					Endpoint = 0x0,[0m
[0;34m[1784838346.317] [22636:22638] [DMG] 					Cluster = 0x38,[0m
[0;34m[1784838346.317] [22636:22638] [DMG] 					Attribute = 0x0000_000B,[0m
[0;34m[1784838346.317] [22636:22638] [DMG] 				}[0m
[0;34m[1784838346.317] [22636:22638] [DMG] 					[0m
[0;34m[1784838346.317] [22636:22638] [DMG] 				Data = 2 (unsigned), [0m
[0;34m[1784838346.317] [22636:22638] [DMG] 			},[0m
[0;34m[1784838346.317] [22636:22638] [DMG] 			[0m
[0;34m[1784838346.317] [22636:22638] [DMG] 		},[0m
[0;34m[1784838346.317] [22636:22638] [DMG] 		[0m
[0;34m[1784838346.317] [22636:22638] [DMG] 		AttributeReportIB =[0m
[0;34m[1784838346.317] [22636:22638] [DMG] 		{[0m
[0;34m[1784838346.317] [22636:22638] [DMG] 			AttributeDataIB =[0m
[0;34m[1784838346.317] [22636:22638] [DMG] 			{[0m
[0;34m[1784838346.317] [22636:22638] [DMG] 				DataVersion = 0x7d9be84d,[0m
[0;34m[1784838346.317] [22636:22638] [DMG] 				AttributePathIB =[0m
[0;34m[1784838346.317] [22636:22638] [DMG] 				{[0m
[0;34m[1784838346.317] [22636:22638] [DMG] 					Endpoint = 0x0,[0m
[0;34m[1784838346.317] [22636:22638] [DMG] 					Cluster = 0x38,[0m
[0;34m[1784838346.317] [22636:22638] [DMG] 					Attribute = 0x0000_000C,[0m
[0;34m[1784838346.317] [22636:22638] [DMG] 				}[0m
[0;34m[1784838346.317] [22636:22638] [DMG] 					[0m
[0;34m[1784838346.317] [22636:22638] [DMG] 				Data = true, [0m
[0;34m[1784838346.317] [22636:22638] [DMG] 			},[0m
[0;34m[1784838346.317] [22636:22638] [DMG] 			[0m
[0;34m[1784838346.317] [22636:22638] [DMG] 		},[0m
[0;34m[1784838346.317] [22636:22638] [DMG] 		[0m
[0;34m[1784838346.317] [22636:22638] [DMG] 		AttributeReportIB =[0m
[0;34m[1784838346.317] [22636:22638] [DMG] 		{[0m
[0;34m[1784838346.317] [22636:22638] [DMG] 			AttributeDataIB =[0m
[0;34m[1784838346.317] [22636:22638] [DMG] 			{[0m
[0;34m[1784838346.317] [22636:22638] [DMG] 				DataVersion = 0x7d9be84d,[0m
[0;34m[1784838346.317] [22636:22638] [DMG] 				AttributePathIB =[0m
[0;34m[1784838346.317] [22636:22638] [DMG] 				{[0m
[0;34m[1784838346.317] [22636:22638] [DMG] 					Endpoint = 0x0,[0m
[0;34m[1784838346.317] [22636:22638] [DMG] 					Cluster = 0x38,[0m
[0;34m[1784838346.317] [22636:22638] [DMG] 					Attribute = 0x0000_FFFC,[0m
[0;34m[1784838346.317] [22636:22638] [DMG] 				}[0m
[0;34m[1784838346.317] [22636:22638] [DMG] 					[0m
[0;34m[1784838346.317] [22636:22638] [DMG] 				Data = 11 (unsigned), [0m
[0;34m[1784838346.317] [22636:22638] [DMG] 			},[0m
[0;34m[1784838346.317] [22636:22638] [DMG] 			[0m
[0;34m[1784838346.317] [22636:22638] [DMG] 		},[0m
[0;34m[1784838346.317] [22636:22638] [DMG] 		[0m
[0;34m[1784838346.317] [22636:22638] [DMG] 		AttributeReportIB =[0m
[0;34m[1784838346.317] [22636:22638] [DMG] 		{[0m
[0;34m[1784838346.317] [22636:22638] [DMG] 			AttributeDataIB =[0m
[0;34m[1784838346.317] [22636:22638] [DMG] 			{[0m
[0;34m[1784838346.317] [22636:22638] [DMG] 				DataVersion = 0x7d9be84d,[0m
[0;34m[1784838346.317] [22636:22638] [DMG] 				AttributePathIB =[0m
[0;34m[1784838346.317] [22636:22638] [DMG] 				{[0m
[0;34m[1784838346.317] [22636:22638] [DMG] 					Endpoint = 0x0,[0m
[0;34m[1784838346.317] [22636:22638] [DMG] 					Cluster = 0x38,[0m
[0;34m[1784838346.317] [22636:22638] [DMG] 					Attribute = 0x0000_FFFD,[0m
[0;34m[1784838346.317] [22636:22638] [DMG] 				}[0m
[0;34m[1784838346.317] [22636:22638] [DMG] 					[0m
[0;34m[1784838346.317] [22636:22638] [DMG] 				Data = 2 (unsigned), [0m
[0;34m[1784838346.317] [22636:22638] [DMG] 			},[0m
[0;34m[1784838346.317] [22636:22638] [DMG] 			[0m
[0;34m[1784838346.317] [22636:22638] [DMG] 		},[0m
[0;34m[1784838346.317] [22636:22638] [DMG] 		[0m
[0;34m[1784838346.317] [22636:22638] [DMG] 		AttributeReportIB =[0m
[0;34m[1784838346.317] [22636:22638] [DMG] 		{[0m
[0;34m[1784838346.317] [22636:22638] [DMG] 			AttributeDataIB =[0m
[0;34m[1784838346.317] [22636:22638] [DMG] 			{[0m
[0;34m[1784838346.317] [22636:22638] [DMG] 				DataVersion = 0x7d9be84d,[0m
[0;34m[1784838346.317] [22636:22638] [DMG] 				AttributePathIB =[0m
[0;34m[1784838346.317] [22636:22638] [DMG] 				{[0m
[0;34m[1784838346.317] [22636:22638] [DMG] 					Endpoint = 0x0,[0m
[0;34m[1784838346.317] [22636:22638] [DMG] 					Cluster = 0x38,[0m
[0;34m[1784838346.317] [22636:22638] [DMG] 					Attribute = 0x0000_FFF8,[0m
[0;34m[1784838346.317] [22636:22638] [DMG] 				}[0m
[0;34m[1784838346.317] [22636:22638] [DMG] 					[0m
[0;34m[1784838346.317] [22636:22638] [DMG] 				Data = [[0m
[0;34m[1784838346.317] [22636:22638] [DMG] 						3 (unsigned), [0m
[0;34m[1784838346.317] [22636:22638] [DMG] 				],[0m
[0;34m[1784838346.317] [22636:22638] [DMG] 			},[0m
[0;34m[1784838346.317] [22636:22638] [DMG] 			[0m
[0;34m[1784838346.317] [22636:22638] [DMG] 		},[0m
[0;34m[1784838346.317] [22636:22638] [DMG] 		[0m
[0;34m[1784838346.317] [22636:22638] [DMG] 		AttributeReportIB =[0m
[0;34m[1784838346.317] [22636:22638] [DMG] 		{[0m
[0;34m[1784838346.317] [22636:22638] [DMG] 			AttributeDataIB =[0m
[0;34m[1784838346.317] [22636:22638] [DMG] 			{[0m
[0;34m[1784838346.317] [22636:22638] [DMG] 				DataVersion = 0x7d9be84d,[0m
[0;34m[1784838346.317] [22636:22638] [DMG] 				AttributePathIB =[0m
[0;34m[1784838346.317] [22636:22638] [DMG] 				{[0m
[0;34m[1784838346.317] [22636:22638] [DMG] 					Endpoint = 0x0,[0m
[0;34m[1784838346.317] [22636:22638] [DMG] 					Cluster = 0x38,[0m
[0;34m[1784838346.317] [22636:22638] [DMG] 					Attribute = 0x0000_FFF9,[0m
[0;34m[1784838346.317] [22636:22638] [DMG] 				}[0m
[0;34m[1784838346.317] [22636:22638] [DMG] 					[0m
[0;34m[1784838346.317] [22636:22638] [DMG] 				Data = [[0m
[0;34m[1784838346.317] [22636:22638] [DMG] 						0 (unsigned), 1 (unsigned), 2 (unsigned), 4 (unsigned), 5 (unsigned), [0m
[0;34m[1784838346.317] [22636:22638] [DMG] 				],[0m
[0;34m[1784838346.317] [22636:22638] [DMG] 			},[0m
[0;34m[1784838346.317] [22636:22638] [DMG] 			[0m
[0;34m[1784838346.317] [22636:22638] [DMG] 		},[0m
[0;34m[1784838346.317] [22636:22638] [DMG] 		[0m
[0;34m[1784838346.317] [22636:22638] [DMG] 		AttributeReportIB =[0m
[0;34m[1784838346.317] [22636:22638] [DMG] 		{[0m
[0;34m[1784838346.317] [22636:22638] [DMG] 			AttributeDataIB =[0m
[0;34m[1784838346.317] [22636:22638] [DMG] 			{[0m
[0;34m[1784838346.317] [22636:22638] [DMG] 				DataVersion = 0x7d9be84d,[0m
[0;34m[1784838346.317] [22636:22638] [DMG] 				AttributePathIB =[0m
[0;34m[1784838346.317] [22636:22638] [DMG] 				{[0m
[0;34m[1784838346.317] [22636:22638] [DMG] 					Endpoint = 0x0,[0m
[0;34m[1784838346.317] [22636:22638] [DMG] 					Cluster = 0x38,[0m
[0;34m[1784838346.317] [22636:22638] [DMG] 					Attribute = 0x0000_FFFB,[0m
[0;34m[1784838346.317] [22636:22638] [DMG] 				}[0m
[0;34m[1784838346.317] [22636:22638] [DMG] 					[0m
[0;34m[1784838346.317] [22636:22638] [DMG] 				Data = [[0m
[0;34m[1784838346.317] [22636:22638] [DMG] 						0 (unsigned), 1 (unsigned), 2 (unsigned), 3 (unsigned), 4 (unsigned), 5 (unsigned), 6 (unsigned), 7 (unsigned), 8 (unsigned), 10 (unsigned), 11 (unsigned), 12 (unsigned), 65532 (unsigned), 65533 (unsigned), 65528 (unsigned), 65529 (unsigned), 65531 (unsigned), [0m
[0;34m[1784838346.317] [22636:22638] [DMG] 				],[0m
[0;34m[1784838346.317] [22636:22638] [DMG] 			},[0m
[0;34m[1784838346.317] [22636:22638] [DMG] 			[0m
[0;34m[1784838346.317] [22636:22638] [DMG] 		},[0m
[0;34m[1784838346.317] [22636:22638] [DMG] 		[0m
[0;34m[1784838346.317] [22636:22638] [DMG] 		AttributeReportIB =[0m
[0;34m[1784838346.317] [22636:22638] [DMG] 		{[0m
[0;34m[1784838346.317] [22636:22638] [DMG] 			AttributeDataIB =[0m
[0;34m[1784838346.317] [22636:22638] [DMG] 			{[0m
[0;34m[1784838346.317] [22636:22638] [DMG] 				DataVersion = 0x9d17409c,[0m
[0;34m[1784838346.317] [22636:22638] [DMG] 				AttributePathIB =[0m
[0;34m[1784838346.317] [22636:22638] [DMG] 				{[0m
[0;34m[1784838346.317] [22636:22638] [DMG] 					Endpoint = 0x0,[0m
[0;34m[1784838346.317] [22636:22638] [DMG] 					Cluster = 0x28,[0m
[0;34m[1784838346.317] [22636:22638] [DMG] 					Attribute = 0x0000_0004,[0m
[0;34m[1784838346.317] [22636:22638] [DMG] 				}[0m
[0;34m[1784838346.317] [22636:22638] [DMG] 					[0m
[0;34m[1784838346.317] [22636:22638] [DMG] 				Data = 32769 (unsigned), [0m
[0;34m[1784838346.317] [22636:22638] [DMG] 			},[0m
[0;34m[1784838346.317] [22636:22638] [DMG] 			[0m
[0;34m[1784838346.317] [22636:22638] [DMG] 		},[0m
[0;34m[1784838346.317] [22636:22638] [DMG] 		[0m
[0;34m[1784838346.317] [22636:22638] [DMG] 		AttributeReportIB =[0m
[0;34m[1784838346.317] [22636:22638] [DMG] 		{[0m
[0;34m[1784838346.317] [22636:22638] [DMG] 			AttributeDataIB =[0m
[0;34m[1784838346.317] [22636:22638] [DMG] 			{[0m
[0;34m[1784838346.317] [22636:22638] [DMG] 				DataVersion = 0x9d17409c,[0m
[0;34m[1784838346.317] [22636:22638] [DMG] 				AttributePathIB =[0m
[0;34m[1784838346.317] [22636:22638] [DMG] 				{[0m
[0;34m[1784838346.317] [22636:22638] [DMG] 					Endpoint = 0x0,[0m
[0;34m[1784838346.317] [22636:22638] [DMG] 					Cluster = 0x28,[0m
[0;34m[1784838346.317] [22636:22638] [DMG] 					Attribute = 0x0000_0002,[0m
[0;34m[1784838346.317] [22636:22638] [DMG] 				}[0m
[0;34m[1784838346.317] [22636:22638] [DMG] 					[0m
[0;34m[1784838346.317] [22636:22638] [DMG] 				Data = 65521 (unsigned), [0m
[0;34m[1784838346.317] [22636:22638] [DMG] 			},[0m
[0;34m[1784838346.317] [22636:22638] [DMG] 			[0m
[0;34m[1784838346.317] [22636:22638] [DMG] 		},[0m
[0;34m[1784838346.317] [22636:22638] [DMG] 		[0m
[0;34m[1784838346.317] [22636:22638] [DMG] 		AttributeReportIB =[0m
[0;34m[1784838346.317] [22636:22638] [DMG] 		{[0m
[0;34m[1784838346.317] [22636:22638] [DMG] 			AttributeStatusIB =[0m
[0;34m[1784838346.317] [22636:22638] [DMG] 			{[0m
[0;34m[1784838346.317] [22636:22638] [DMG] 				AttributePathIB =[0m
[0;34m[1784838346.317] [22636:22638] [DMG] 				{[0m
[0;34m[1784838346.317] [22636:22638] [DMG] 					Endpoint = 0x0,[0m
[0;34m[1784838346.317] [22636:22638] [DMG] 					Cluster = 0x30,[0m
[0;34m[1784838346.317] [22636:22638] [DMG] 					Attribute = 0x0000_000C,[0m
[0;34m[1784838346.317] [22636:22638] [DMG] 				}[0m
[0;34m[1784838346.317] [22636:22638] [DMG] 					[0m
[0;34m[1784838346.317] [22636:22638] [DMG] 				StatusIB =[0m
[0;34m[1784838346.317] [22636:22638] [DMG] 				{[0m
[0;34m[1784838346.317] [22636:22638] [DMG] 					status = 0x86 (UNSUPPORTED_ATTRIBUTE),[0m
[0;34m[1784838346.317] [22636:22638] [DMG] 				},[0m
[0;34m[1784838346.317] [22636:22638] [DMG] 				[0m
[0;34m[1784838346.317] [22636:22638] [DMG] 			},[0m
[0;34m[1784838346.317] [22636:22638] [DMG] 			[0m
[0;34m[1784838346.317] [22636:22638] [DMG] 		},[0m
[0;34m[1784838346.317] [22636:22638] [DMG] 		[0m
[0;34m[1784838346.317] [22636:22638] [DMG] 		AttributeReportIB =[0m
[0;34m[1784838346.317] [22636:22638] [DMG] 		{[0m
[0;34m[1784838346.317] [22636:22638] [DMG] 			AttributeDataIB =[0m
[0;34m[1784838346.317] [22636:22638] [DMG] 			{[0m
[0;34m[1784838346.317] [22636:22638] [DMG] 				DataVersion = 0xf6231a00,[0m
[0;34m[1784838346.317] [22636:22638] [DMG] 				AttributePathIB =[0m
[0;34m[1784838346.317] [22636:22638] [DMG] 				{[0m
[0;34m[1784838346.317] [22636:22638] [DMG] 					Endpoint = 0x0,[0m
[0;34m[1784838346.317] [22636:22638] [DMG] 					Cluster = 0x30,[0m
[0;34m[1784838346.317] [22636:22638] [DMG] 					Attribute = 0x0000_0003,[0m
[0;34m[1784838346.317] [22636:22638] [DMG] 				}[0m
[0;34m[1784838346.317] [22636:22638] [DMG] 					[0m
[0;34m[1784838346.317] [22636:22638] [DMG] 				Data = 2 (unsigned), [0m
[0;34m[1784838346.317] [22636:22638] [DMG] 			},[0m
[0;34m[1784838346.317] [22636:22638] [DMG] 			[0m
[0;34m[1784838346.317] [22636:22638] [DMG] 		},[0m
[0;34m[1784838346.317] [22636:22638] [DMG] 		[0m
[0;34m[1784838346.317] [22636:22638] [DMG] 		AttributeReportIB =[0m
[0;34m[1784838346.317] [22636:22638] [DMG] 		{[0m
[0;34m[1784838346.317] [22636:22638] [DMG] 			AttributeDataIB =[0m
[0;34m[1784838346.317] [22636:22638] [DMG] 			{[0m
[0;34m[1784838346.317] [22636:22638] [DMG] 				DataVersion = 0xf6231a00,[0m
[0;34m[1784838346.317] [22636:22638] [DMG] 				AttributePathIB =[0m
[0;34m[1784838346.317] [22636:22638] [DMG] 				{[0m
[0;34m[1784838346.317] [22636:22638] [DMG] 					Endpoint = 0x0,[0m
[0;34m[1784838346.317] [22636:22638] [DMG] 					Cluster = 0x30,[0m
[0;34m[1784838346.317] [22636:22638] [DMG] 					Attribute = 0x0000_0002,[0m
[0;34m[1784838346.317] [22636:22638] [DMG] 				}[0m
[0;34m[1784838346.317] [22636:22638] [DMG] 					[0m
[0;34m[1784838346.317] [22636:22638] [DMG] 				Data = 0 (unsigned), [0m
[0;34m[1784838346.317] [22636:22638] [DMG] 			},[0m
[0;34m[1784838346.317] [22636:22638] [DMG] 			[0m
[0;34m[1784838346.317] [22636:22638] [DMG] 		},[0m
[0;34m[1784838346.317] [22636:22638] [DMG] 		[0m
[0;34m[1784838346.317] [22636:22638] [DMG] 		AttributeReportIB =[0m
[0;34m[1784838346.317] [22636:22638] [DMG] 		{[0m
[0;34m[1784838346.317] [22636:22638] [DMG] 			AttributeDataIB =[0m
[0;34m[1784838346.317] [22636:22638] [DMG] 			{[0m
[0;34m[1784838346.317] [22636:22638] [DMG] 				DataVersion = 0xf6231a00,[0m
[0;34m[1784838346.317] [22636:22638] [DMG] 				AttributePathIB =[0m
[0;34m[1784838346.317] [22636:22638] [DMG] 				{[0m
[0;34m[1784838346.317] [22636:22638] [DMG] 					Endpoint = 0x0,[0m
[0;34m[1784838346.317] [22636:22638] [DMG] 					Cluster = 0x30,[0m
[0;34m[1784838346.317] [22636:22638] [DMG] 					Attribute = 0x0000_0001,[0m
[0;34m[1784838346.317] [22636:22638] [DMG] 				}[0m
[0;34m[1784838346.317] [22636:22638] [DMG] 					[0m
[0;34m[1784838346.317] [22636:22638] [DMG] 				Data = [0m
[0;34m[1784838346.317] [22636:22638] [DMG] 				{[0m
[0;34m[1784838346.317] [22636:22638] [DMG] 					0x0 = 60 (unsigned), [0m
[0;34m[1784838346.317] [22636:22638] [DMG] 					0x1 = 900 (unsigned), [0m
[0;34m[1784838346.317] [22636:22638] [DMG] 				},[0m
[0;34m[1784838346.317] [22636:22638] [DMG] 			},[0m
[0;34m[1784838346.317] [22636:22638] [DMG] 			[0m
[0;34m[1784838346.317] [22636:22638] [DMG] 		},[0m
[0;34m[1784838346.317] [22636:22638] [DMG] 		[0m
[0;34m[1784838346.317] [22636:22638] [DMG] 		AttributeReportIB =[0m
[0;34m[1784838346.317] [22636:22638] [DMG] 		{[0m
[0;34m[1784838346.317] [22636:22638] [DMG] 			AttributeDataIB =[0m
[0;34m[1784838346.317] [22636:22638] [DMG] 			{[0m
[0;34m[1784838346.317] [22636:22638] [DMG] 				DataVersion = 0xf6231a00,[0m
[0;34m[1784838346.317] [22636:22638] [DMG] 				AttributePathIB =[0m
[0;34m[1784838346.317] [22636:22638] [DMG] 				{[0m
[0;34m[1784838346.317] [22636:22638] [DMG] 					Endpoint = 0x0,[0m
[0;34m[1784838346.317] [22636:22638] [DMG] 					Cluster = 0x30,[0m
[0;34m[1784838346.317] [22636:22638] [DMG] 					Attribute = 0x0000_0000,[0m
[0;34m[1784838346.317] [22636:22638] [DMG] 				}[0m
[0;34m[1784838346.317] [22636:22638] [DMG] 					[0m
[0;34m[1784838346.317] [22636:22638] [DMG] 				Data = 0 (unsigned), [0m
[0;34m[1784838346.317] [22636:22638] [DMG] 			},[0m
[0;34m[1784838346.317] [22636:22638] [DMG] 			[0m
[0;34m[1784838346.317] [22636:22638] [DMG] 		},[0m
[0;34m[1784838346.317] [22636:22638] [DMG] 		[0m
[0;34m[1784838346.317] [22636:22638] [DMG] 		AttributeReportIB =[0m
[0;34m[1784838346.317] [22636:22638] [DMG] 		{[0m
[0;34m[1784838346.317] [22636:22638] [DMG] 			AttributeDataIB =[0m
[0;34m[1784838346.317] [22636:22638] [DMG] 			{[0m
[0;34m[1784838346.317] [22636:22638] [DMG] 				DataVersion = 0xf6231a00,[0m
[0;34m[1784838346.317] [22636:22638] [DMG] 				AttributePathIB =[0m
[0;34m[1784838346.317] [22636:22638] [DMG] 				{[0m
[0;34m[1784838346.317] [22636:22638] [DMG] 					Endpoint = 0x0,[0m
[0;34m[1784838346.317] [22636:22638] [DMG] 					Cluster = 0x30,[0m
[0;34m[1784838346.317] [22636:22638] [DMG] 					Attribute = 0x0000_0004,[0m
[0;34m[1784838346.317] [22636:22638] [DMG] 				}[0m
[0;34m[1784838346.317] [22636:22638] [DMG] 					[0m
[0;34m[1784838346.317] [22636:22638] [DMG] 				Data = true, [0m
[0;34m[1784838346.317] [22636:22638] [DMG] 			},[0m
[0;34m[1784838346.317] [22636:22638] [DMG] 			[0m
[0;34m[1784838346.317] [22636:22638] [DMG] 		},[0m
[0;34m[1784838346.317] [22636:22638] [DMG] 		[0m
[0;34m[1784838346.317] [22636:22638] [DMG] 	],[0m
[0;34m[1784838346.317] [22636:22638] [DMG] 	[0m
[0;34m[1784838346.317] [22636:22638] [DMG] 	SuppressResponse = true, [0m
[0;34m[1784838346.317] [22636:22638] [DMG] 	InteractionModelRevision = 12[0m
[0;34m[1784838346.317] [22636:22638] [DMG] }[0m
[0;34m[1784838346.317] [22636:22638] [DMG] SendReadRequest ReadClient[0x7f1840035210]: Sending Read Request[0m
[0;32m[1784838346.317] [22636:22638] [DMG] 0 data version filters provided, 0 not relevant, 0 encoded, 0 skipped due to lack of space[0m
[0;32m[1784838346.317] [22636:22638] [EM] <<< [E:59137i S:62861 M:32615731] (S) Msg TX from 0000000000000000 to 0:FFFFFFFB00000000 [0000] [UDP:[fe80::bfe:a203:38f0:bce7%enp0s3]:5540] --- Type 0001:02 (IM:ReadRequest) (B:112)[0m
[0;32m[1784838346.317] [22636:22638] [EM] ??1 [E:59137i S:62861 M:32615731] (S) Msg Retransmission to 0:FFFFFFFB00000000 scheduled for 383ms from now [State:Active II:500 AI:300 AT:4000][0m
[0;34m[1784838346.318] [22636:22638] [DMG] MoveToState ReadClient[0x7f1840035210]: Moving to [AwaitingIn][0m
[0;32m[1784838346.318] [22636:22638] [EM] <<< [E:59136i S:62861 M:32615732 (Ack:63986955)] (S) Msg TX from 0000000000000000 to 0:FFFFFFFB00000000 [0000] [UDP:[fe80::bfe:a203:38f0:bce7%enp0s3]:5540] --- Type 0000:10 (SecureChannel:StandaloneAck) (B:34)[0m
[0;34m[1784838346.318] [22636:22638] [EM] Flushed pending ack for MessageCounter:63986955 on exchange 59136i[0m
[0;32m[1784838346.318] [22636:22638] [EM] >>> [E:59137i S:62861 M:63986956 (Ack:32615731)] (S) Msg RX from 0:FFFFFFFB00000000 [0000] to 0000000000000000 --- Type 0001:05 (IM:ReportData) (B:186)[0m
[0;34m[1784838346.318] [22636:22638] [EM] Found matching exchange: 59137i, Delegate: 0x7f1840035220[0m
[0;34m[1784838346.318] [22636:22638] [EM] Rxd Ack; Removing MessageCounter:32615731 from Retrans Table on exchange 59137i[0m
[0;34m[1784838346.318] [22636:22638] [DMG] ReportDataMessage =[0m
[0;34m[1784838346.318] [22636:22638] [DMG] {[0m
[0;34m[1784838346.318] [22636:22638] [DMG] 	AttributeReportIBs =[0m
[0;34m[1784838346.318] [22636:22638] [DMG] 	[[0m
[0;34m[1784838346.318] [22636:22638] [DMG] 		AttributeReportIB =[0m
[0;34m[1784838346.318] [22636:22638] [DMG] 		{[0m
[0;34m[1784838346.318] [22636:22638] [DMG] 			AttributeStatusIB =[0m
[0;34m[1784838346.318] [22636:22638] [DMG] 			{[0m
[0;34m[1784838346.318] [22636:22638] [DMG] 				AttributePathIB =[0m
[0;34m[1784838346.318] [22636:22638] [DMG] 				{[0m
[0;34m[1784838346.318] [22636:22638] [DMG] 					Endpoint = 0x0,[0m
[0;34m[1784838346.318] [22636:22638] [DMG] 					Cluster = 0x46,[0m
[0;34m[1784838346.318] [22636:22638] [DMG] 					Attribute = 0x0000_0002,[0m
[0;34m[1784838346.318] [22636:22638] [DMG] 				}[0m
[0;34m[1784838346.318] [22636:22638] [DMG] 					[0m
[0;34m[1784838346.318] [22636:22638] [DMG] 				StatusIB =[0m
[0;34m[1784838346.318] [22636:22638] [DMG] 				{[0m
[0;34m[1784838346.318] [22636:22638] [DMG] 					status = 0xc3 (UNSUPPORTED_CLUSTER),[0m
[0;34m[1784838346.318] [22636:22638] [DMG] 				},[0m
[0;34m[1784838346.318] [22636:22638] [DMG] 				[0m
[0;34m[1784838346.318] [22636:22638] [DMG] 			},[0m
[0;34m[1784838346.318] [22636:22638] [DMG] 			[0m
[0;34m[1784838346.318] [22636:22638] [DMG] 		},[0m
[0;34m[1784838346.318] [22636:22638] [DMG] 		[0m
[0;34m[1784838346.318] [22636:22638] [DMG] 		AttributeReportIB =[0m
[0;34m[1784838346.318] [22636:22638] [DMG] 		{[0m
[0;34m[1784838346.318] [22636:22638] [DMG] 			AttributeStatusIB =[0m
[0;34m[1784838346.318] [22636:22638] [DMG] 			{[0m
[0;34m[1784838346.318] [22636:22638] [DMG] 				AttributePathIB =[0m
[0;34m[1784838346.318] [22636:22638] [DMG] 				{[0m
[0;34m[1784838346.318] [22636:22638] [DMG] 					Endpoint = 0x0,[0m
[0;34m[1784838346.318] [22636:22638] [DMG] 					Cluster = 0x46,[0m
[0;34m[1784838346.318] [22636:22638] [DMG] 					Attribute = 0x0000_0001,[0m
[0;34m[1784838346.318] [22636:22638] [DMG] 				}[0m
[0;34m[1784838346.318] [22636:22638] [DMG] 					[0m
[0;34m[1784838346.318] [22636:22638] [DMG] 				StatusIB =[0m
[0;34m[1784838346.318] [22636:22638] [DMG] 				{[0m
[0;34m[1784838346.318] [22636:22638] [DMG] 					status = 0xc3 (UNSUPPORTED_CLUSTER),[0m
[0;34m[1784838346.318] [22636:22638] [DMG] 				},[0m
[0;34m[1784838346.318] [22636:22638] [DMG] 				[0m
[0;34m[1784838346.318] [22636:22638] [DMG] 			},[0m
[0;34m[1784838346.318] [22636:22638] [DMG] 			[0m
[0;34m[1784838346.318] [22636:22638] [DMG] 		},[0m
[0;34m[1784838346.318] [22636:22638] [DMG] 		[0m
[0;34m[1784838346.318] [22636:22638] [DMG] 		AttributeReportIB =[0m
[0;34m[1784838346.318] [22636:22638] [DMG] 		{[0m
[0;34m[1784838346.318] [22636:22638] [DMG] 			AttributeStatusIB =[0m
[0;34m[1784838346.318] [22636:22638] [DMG] 			{[0m
[0;34m[1784838346.318] [22636:22638] [DMG] 				AttributePathIB =[0m
[0;34m[1784838346.318] [22636:22638] [DMG] 				{[0m
[0;34m[1784838346.318] [22636:22638] [DMG] 					Endpoint = 0x0,[0m
[0;34m[1784838346.318] [22636:22638] [DMG] 					Cluster = 0x46,[0m
[0;34m[1784838346.318] [22636:22638] [DMG] 					Attribute = 0x0000_0000,[0m
[0;34m[1784838346.318] [22636:22638] [DMG] 				}[0m
[0;34m[1784838346.318] [22636:22638] [DMG] 					[0m
[0;34m[1784838346.318] [22636:22638] [DMG] 				StatusIB =[0m
[0;34m[1784838346.318] [22636:22638] [DMG] 				{[0m
[0;34m[1784838346.318] [22636:22638] [DMG] 					status = 0xc3 (UNSUPPORTED_CLUSTER),[0m
[0;34m[1784838346.318] [22636:22638] [DMG] 				},[0m
[0;34m[1784838346.318] [22636:22638] [DMG] 				[0m
[0;34m[1784838346.318] [22636:22638] [DMG] 			},[0m
[0;34m[1784838346.318] [22636:22638] [DMG] 			[0m
[0;34m[1784838346.318] [22636:22638] [DMG] 		},[0m
[0;34m[1784838346.318] [22636:22638] [DMG] 		[0m
[0;34m[1784838346.318] [22636:22638] [DMG] 		AttributeReportIB =[0m
[0;34m[1784838346.318] [22636:22638] [DMG] 		{[0m
[0;34m[1784838346.318] [22636:22638] [DMG] 			AttributeStatusIB =[0m
[0;34m[1784838346.318] [22636:22638] [DMG] 			{[0m
[0;34m[1784838346.318] [22636:22638] [DMG] 				AttributePathIB =[0m
[0;34m[1784838346.318] [22636:22638] [DMG] 				{[0m
[0;34m[1784838346.318] [22636:22638] [DMG] 					Endpoint = 0x0,[0m
[0;34m[1784838346.318] [22636:22638] [DMG] 					Cluster = 0x46,[0m
[0;34m[1784838346.318] [22636:22638] [DMG] 					Attribute = 0x0000_0007,[0m
[0;34m[1784838346.318] [22636:22638] [DMG] 				}[0m
[0;34m[1784838346.318] [22636:22638] [DMG] 					[0m
[0;34m[1784838346.318] [22636:22638] [DMG] 				StatusIB =[0m
[0;34m[1784838346.318] [22636:22638] [DMG] 				{[0m
[0;34m[1784838346.318] [22636:22638] [DMG] 					status = 0xc3 (UNSUPPORTED_CLUSTER),[0m
[0;34m[1784838346.318] [22636:22638] [DMG] 				},[0m
[0;34m[1784838346.318] [22636:22638] [DMG] 				[0m
[0;34m[1784838346.318] [22636:22638] [DMG] 			},[0m
[0;34m[1784838346.318] [22636:22638] [DMG] 			[0m
[0;34m[1784838346.318] [22636:22638] [DMG] 		},[0m
[0;34m[1784838346.318] [22636:22638] [DMG] 		[0m
[0;34m[1784838346.318] [22636:22638] [DMG] 		AttributeReportIB =[0m
[0;34m[1784838346.318] [22636:22638] [DMG] 		{[0m
[0;34m[1784838346.318] [22636:22638] [DMG] 			AttributeStatusIB =[0m
[0;34m[1784838346.318] [22636:22638] [DMG] 			{[0m
[0;34m[1784838346.318] [22636:22638] [DMG] 				AttributePathIB =[0m
[0;34m[1784838346.318] [22636:22638] [DMG] 				{[0m
[0;34m[1784838346.318] [22636:22638] [DMG] 					Endpoint = 0x0,[0m
[0;34m[1784838346.318] [22636:22638] [DMG] 					Cluster = 0x46,[0m
[0;34m[1784838346.318] [22636:22638] [DMG] 					Attribute = 0x0000_0006,[0m
[0;34m[1784838346.318] [22636:22638] [DMG] 				}[0m
[0;34m[1784838346.318] [22636:22638] [DMG] 					[0m
[0;34m[1784838346.318] [22636:22638] [DMG] 				StatusIB =[0m
[0;34m[1784838346.318] [22636:22638] [DMG] 				{[0m
[0;34m[1784838346.318] [22636:22638] [DMG] 					status = 0xc3 (UNSUPPORTED_CLUSTER),[0m
[0;34m[1784838346.318] [22636:22638] [DMG] 				},[0m
[0;34m[1784838346.318] [22636:22638] [DMG] 				[0m
[0;34m[1784838346.318] [22636:22638] [DMG] 			},[0m
[0;34m[1784838346.318] [22636:22638] [DMG] 			[0m
[0;34m[1784838346.318] [22636:22638] [DMG] 		},[0m
[0;34m[1784838346.318] [22636:22638] [DMG] 		[0m
[0;34m[1784838346.318] [22636:22638] [DMG] 		AttributeReportIB =[0m
[0;34m[1784838346.318] [22636:22638] [DMG] 		{[0m
[0;34m[1784838346.318] [22636:22638] [DMG] 			AttributeDataIB =[0m
[0;34m[1784838346.318] [22636:22638] [DMG] 			{[0m
[0;34m[1784838346.318] [22636:22638] [DMG] 				DataVersion = 0x1cd3eb23,[0m
[0;34m[1784838346.318] [22636:22638] [DMG] 				AttributePathIB =[0m
[0;34m[1784838346.318] [22636:22638] [DMG] 				{[0m
[0;34m[1784838346.318] [22636:22638] [DMG] 					Endpoint = 0x0,[0m
[0;34m[1784838346.318] [22636:22638] [DMG] 					Cluster = 0x31,[0m
[0;34m[1784838346.318] [22636:22638] [DMG] 					Attribute = 0x0000_FFFC,[0m
[0;34m[1784838346.318] [22636:22638] [DMG] 				}[0m
[0;34m[1784838346.318] [22636:22638] [DMG] 					[0m
[0;34m[1784838346.318] [22636:22638] [DMG] 				Data = 4 (unsigned), [0m
[0;34m[1784838346.318] [22636:22638] [DMG] 			},[0m
[0;34m[1784838346.318] [22636:22638] [DMG] 			[0m
[0;34m[1784838346.318] [22636:22638] [DMG] 		},[0m
[0;34m[1784838346.318] [22636:22638] [DMG] 		[0m
[0;34m[1784838346.318] [22636:22638] [DMG] 	],[0m
[0;34m[1784838346.318] [22636:22638] [DMG] 	[0m
[0;34m[1784838346.318] [22636:22638] [DMG] 	SuppressResponse = true, [0m
[0;34m[1784838346.318] [22636:22638] [DMG] 	InteractionModelRevision = 12[0m
[0;34m[1784838346.318] [22636:22638] [DMG] }[0m
[1;31m[1784838346.319] [22636:22638] [CTL] Ignoring failure to read IsCommissioningWithoutPower: src/app/ClusterStateCache.cpp:294: CHIP Error 0x000000CA: Interaction Model Error[0m
[0;32m[1784838346.319] [22636:22638] [CTL] NetworkCommissioning Features: has Ethernet. endpointid = 0[0m
[0;32m[1784838346.319] [22636:22638] [SVR] OnReadCommissioningInfo - vendorId=0xFFF1 productId=0x8001[0m
[0;32m[1784838346.319] [22636:22638] [SVR] OnReadCommissioningInfo ICD - IdleModeDuration=0 activeModeDuration=0 activeModeThreshold=0[0m
[0;32m[1784838346.319] [22636:22638] [CTL] Successfully finished commissioning step 'ReadCommissioningInfo'[0m
[0;32m[1784838346.319] [22636:22638] [CTL] Commissioning stage next step: 'ReadCommissioningInfo' -> 'ArmFailSafe'[0m
[0;32m[1784838346.319] [22636:22638] [CTL] Performing next commissioning step 'ArmFailSafe'[0m
[0;34m[1784838346.319] [22636:22638] [TOO] Starting commissioning stage 'ArmFailSafe'[0m
[0;32m[1784838346.319] [22636:22638] [CTL] Arming failsafe (60 seconds)[0m
[0;34m[1784838346.319] [22636:22638] [DMG] ICR moving to [AddingComm][0m
[0;34m[1784838346.319] [22636:22638] [DMG] ICR moving to [AddedComma][0m
[0;32m[1784838346.319] [22636:22638] [EM] <<< [E:59138i S:62861 M:32615733] (S) Msg TX from 0000000000000000 to 0:FFFFFFFB00000000 [0000] [UDP:[fe80::bfe:a203:38f0:bce7%enp0s3]:5540] --- Type 0001:08 (IM:InvokeCommandRequest) (B:65)[0m
[0;32m[1784838346.319] [22636:22638] [EM] ??1 [E:59138i S:62861 M:32615733] (S) Msg Retransmission to 0:FFFFFFFB00000000 scheduled for 349ms from now [State:Active II:500 AI:300 AT:4000][0m
[0;34m[1784838346.319] [22636:22638] [DMG] ICR moving to [AwaitingRe][0m
[0;32m[1784838346.319] [22636:22638] [EM] <<< [E:59137i S:62861 M:32615734 (Ack:63986956)] (S) Msg TX from 0000000000000000 to 0:FFFFFFFB00000000 [0000] [UDP:[fe80::bfe:a203:38f0:bce7%enp0s3]:5540] --- Type 0000:10 (SecureChannel:StandaloneAck) (B:34)[0m
[0;34m[1784838346.319] [22636:22638] [EM] Flushed pending ack for MessageCounter:63986956 on exchange 59137i[0m
[0;32m[1784838346.319] [22636:22638] [EM] >>> [E:59138i S:62861 M:63986957 (Ack:32615733)] (S) Msg RX from 0:FFFFFFFB00000000 [0000] to 0000000000000000 --- Type 0001:09 (IM:InvokeCommandResponse) (B:70)[0m
[0;34m[1784838346.319] [22636:22638] [EM] Found matching exchange: 59138i, Delegate: 0x7f18400382d8[0m
[0;34m[1784838346.319] [22636:22638] [EM] Rxd Ack; Removing MessageCounter:32615733 from Retrans Table on exchange 59138i[0m
[0;34m[1784838346.319] [22636:22638] [DMG] ICR moving to [ResponseRe][0m
[0;34m[1784838346.319] [22636:22638] [DMG] InvokeResponseMessage =[0m
[0;34m[1784838346.319] [22636:22638] [DMG] {[0m
[0;34m[1784838346.319] [22636:22638] [DMG] 	suppressResponse = false, [0m
[0;34m[1784838346.319] [22636:22638] [DMG] 	InvokeResponseIBs =[0m
[0;34m[1784838346.319] [22636:22638] [DMG] 	[[0m
[0;34m[1784838346.319] [22636:22638] [DMG] 		InvokeResponseIB =[0m
[0;34m[1784838346.319] [22636:22638] [DMG] 		{[0m
[0;34m[1784838346.319] [22636:22638] [DMG] 			CommandDataIB =[0m
[0;34m[1784838346.319] [22636:22638] [DMG] 			{[0m
[0;34m[1784838346.319] [22636:22638] [DMG] 				CommandPathIB =[0m
[0;34m[1784838346.319] [22636:22638] [DMG] 				{[0m
[0;34m[1784838346.319] [22636:22638] [DMG] 					EndpointId = 0x0,[0m
[0;34m[1784838346.319] [22636:22638] [DMG] 					ClusterId = 0x30,[0m
[0;34m[1784838346.319] [22636:22638] [DMG] 					CommandId = 0x1,[0m
[0;34m[1784838346.319] [22636:22638] [DMG] 				},[0m
[0;34m[1784838346.319] [22636:22638] [DMG] 				[0m
[0;34m[1784838346.319] [22636:22638] [DMG] 				CommandFields = [0m
[0;34m[1784838346.319] [22636:22638] [DMG] 				{[0m
[0;34m[1784838346.319] [22636:22638] [DMG] 					0x0 = 0 (unsigned), [0m
[0;34m[1784838346.319] [22636:22638] [DMG] 					0x1 = "" (0 chars), [0m
[0;34m[1784838346.319] [22636:22638] [DMG] 				},[0m
[0;34m[1784838346.319] [22636:22638] [DMG] 			},[0m
[0;34m[1784838346.319] [22636:22638] [DMG] 			[0m
[0;34m[1784838346.319] [22636:22638] [DMG] 		},[0m
[0;34m[1784838346.319] [22636:22638] [DMG] 		[0m
[0;34m[1784838346.319] [22636:22638] [DMG] 	],[0m
[0;34m[1784838346.319] [22636:22638] [DMG] 	[0m
[0;34m[1784838346.319] [22636:22638] [DMG] 	InteractionModelRevision = 12[0m
[0;34m[1784838346.319] [22636:22638] [DMG] },[0m
[0;32m[1784838346.319] [22636:22638] [DMG] Received Command Response Data, Endpoint=0 Cluster=0x0000_0030 Command=0x0000_0001[0m
[0;32m[1784838346.319] [22636:22638] [CTL] Received ArmFailSafe response errorCode=0[0m
[0;32m[1784838346.319] [22636:22638] [CTL] Successfully finished commissioning step 'ArmFailSafe'[0m
[0;32m[1784838346.319] [22636:22638] [CTL] Commissioning stage next step: 'ArmFailSafe' -> 'ConfigRegulatory'[0m
[0;32m[1784838346.319] [22636:22638] [CTL] Performing next commissioning step 'ConfigRegulatory'[0m
[0;34m[1784838346.319] [22636:22638] [TOO] Starting commissioning stage 'ConfigRegulatory'[0m
[0;32m[1784838346.319] [22636:22638] [CTL] Setting Regulatory Config[0m
[0;32m[1784838346.319] [22636:22638] [CTL] No regulatory config supplied by controller, leaving as device default (0)[0m
[0;34m[1784838346.319] [22636:22638] [DMG] ICR moving to [AddingComm][0m
[0;34m[1784838346.319] [22636:22638] [DMG] ICR moving to [AddedComma][0m
[0;32m[1784838346.319] [22636:22638] [EM] <<< [E:59139i S:62861 M:32615735] (S) Msg TX from 0000000000000000 to 0:FFFFFFFB00000000 [0000] [UDP:[fe80::bfe:a203:38f0:bce7%enp0s3]:5540] --- Type 0001:08 (IM:InvokeCommandRequest) (B:70)[0m
[0;32m[1784838346.319] [22636:22638] [EM] ??1 [E:59139i S:62861 M:32615735] (S) Msg Retransmission to 0:FFFFFFFB00000000 scheduled for 353ms from now [State:Active II:500 AI:300 AT:4000][0m
[0;34m[1784838346.319] [22636:22638] [DMG] ICR moving to [AwaitingRe][0m
[0;34m[1784838346.319] [22636:22638] [DMG] ICR moving to [AwaitingDe][0m
[0;32m[1784838346.319] [22636:22638] [EM] <<< [E:59138i S:62861 M:32615736 (Ack:63986957)] (S) Msg TX from 0000000000000000 to 0:FFFFFFFB00000000 [0000] [UDP:[fe80::bfe:a203:38f0:bce7%enp0s3]:5540] --- Type 0000:10 (SecureChannel:StandaloneAck) (B:34)[0m
[0;34m[1784838346.319] [22636:22638] [EM] Flushed pending ack for MessageCounter:63986957 on exchange 59138i[0m
[0;32m[1784838346.326] [22636:22638] [EM] >>> [E:59139i S:62861 M:63986958 (Ack:32615735)] (S) Msg RX from 0:FFFFFFFB00000000 [0000] to 0000000000000000 --- Type 0001:09 (IM:InvokeCommandResponse) (B:70)[0m
[0;34m[1784838346.326] [22636:22638] [EM] Found matching exchange: 59139i, Delegate: 0x7f1840035088[0m
[0;34m[1784838346.326] [22636:22638] [EM] Rxd Ack; Removing MessageCounter:32615735 from Retrans Table on exchange 59139i[0m
[0;34m[1784838346.326] [22636:22638] [DMG] ICR moving to [ResponseRe][0m
[0;34m[1784838346.326] [22636:22638] [DMG] InvokeResponseMessage =[0m
[0;34m[1784838346.326] [22636:22638] [DMG] {[0m
[0;34m[1784838346.326] [22636:22638] [DMG] 	suppressResponse = false, [0m
[0;34m[1784838346.326] [22636:22638] [DMG] 	InvokeResponseIBs =[0m
[0;34m[1784838346.326] [22636:22638] [DMG] 	[[0m
[0;34m[1784838346.326] [22636:22638] [DMG] 		InvokeResponseIB =[0m
[0;34m[1784838346.326] [22636:22638] [DMG] 		{[0m
[0;34m[1784838346.326] [22636:22638] [DMG] 			CommandDataIB =[0m
[0;34m[1784838346.326] [22636:22638] [DMG] 			{[0m
[0;34m[1784838346.326] [22636:22638] [DMG] 				CommandPathIB =[0m
[0;34m[1784838346.326] [22636:22638] [DMG] 				{[0m
[0;34m[1784838346.326] [22636:22638] [DMG] 					EndpointId = 0x0,[0m
[0;34m[1784838346.326] [22636:22638] [DMG] 					ClusterId = 0x30,[0m
[0;34m[1784838346.326] [22636:22638] [DMG] 					CommandId = 0x3,[0m
[0;34m[1784838346.326] [22636:22638] [DMG] 				},[0m
[0;34m[1784838346.326] [22636:22638] [DMG] 				[0m
[0;34m[1784838346.326] [22636:22638] [DMG] 				CommandFields = [0m
[0;34m[1784838346.326] [22636:22638] [DMG] 				{[0m
[0;34m[1784838346.326] [22636:22638] [DMG] 					0x0 = 0 (unsigned), [0m
[0;34m[1784838346.326] [22636:22638] [DMG] 					0x1 = "" (0 chars), [0m
[0;34m[1784838346.326] [22636:22638] [DMG] 				},[0m
[0;34m[1784838346.326] [22636:22638] [DMG] 			},[0m
[0;34m[1784838346.326] [22636:22638] [DMG] 			[0m
[0;34m[1784838346.326] [22636:22638] [DMG] 		},[0m
[0;34m[1784838346.326] [22636:22638] [DMG] 		[0m
[0;34m[1784838346.326] [22636:22638] [DMG] 	],[0m
[0;34m[1784838346.326] [22636:22638] [DMG] 	[0m
[0;34m[1784838346.326] [22636:22638] [DMG] 	InteractionModelRevision = 12[0m
[0;34m[1784838346.326] [22636:22638] [DMG] },[0m
[0;32m[1784838346.326] [22636:22638] [DMG] Received Command Response Data, Endpoint=0 Cluster=0x0000_0030 Command=0x0000_0003[0m
[0;32m[1784838346.326] [22636:22638] [CTL] Received SetRegulatoryConfig response errorCode=0[0m
[0;32m[1784838346.326] [22636:22638] [CTL] Successfully finished commissioning step 'ConfigRegulatory'[0m
[0;32m[1784838346.326] [22636:22638] [CTL] Commissioning stage next step: 'ConfigRegulatory' -> 'ConfigureTCAcknowledgments'[0m
[0;32m[1784838346.326] [22636:22638] [CTL] Performing next commissioning step 'ConfigureTCAcknowledgments'[0m
[0;34m[1784838346.326] [22636:22638] [TOO] Starting commissioning stage 'ConfigureTCAcknowledgments'[0m
[0;32m[1784838346.326] [22636:22638] [CTL] Setting Terms and Conditions[0m
[0;32m[1784838346.326] [22636:22638] [CTL] Setting Terms and Conditions: Skipped[0m
[0;32m[1784838346.326] [22636:22638] [CTL] Successfully finished commissioning step 'ConfigureTCAcknowledgments'[0m
[0;32m[1784838346.326] [22636:22638] [CTL] Commissioning stage next step: 'ConfigureTCAcknowledgments' -> 'ConfigureUTCTime'[0m
[0;32m[1784838346.326] [22636:22638] [CTL] Performing next commissioning step 'ConfigureUTCTime'[0m
[0;34m[1784838346.326] [22636:22638] [TOO] Starting commissioning stage 'ConfigureUTCTime'[0m
[0;34m[1784838346.326] [22636:22638] [DMG] ICR moving to [AddingComm][0m
[0;34m[1784838346.326] [22636:22638] [DMG] ICR moving to [AddedComma][0m
[0;32m[1784838346.326] [22636:22638] [EM] <<< [E:59140i S:62861 M:32615737] (S) Msg TX from 0000000000000000 to 0:FFFFFFFB00000000 [0000] [UDP:[fe80::bfe:a203:38f0:bce7%enp0s3]:5540] --- Type 0001:08 (IM:InvokeCommandRequest) (B:72)[0m
[0;32m[1784838346.326] [22636:22638] [EM] ??1 [E:59140i S:62861 M:32615737] (S) Msg Retransmission to 0:FFFFFFFB00000000 scheduled for 370ms from now [State:Active II:500 AI:300 AT:4000][0m
[0;34m[1784838346.326] [22636:22638] [DMG] ICR moving to [AwaitingRe][0m
[0;34m[1784838346.326] [22636:22638] [DMG] ICR moving to [AwaitingDe][0m
[0;32m[1784838346.326] [22636:22638] [EM] <<< [E:59139i S:62861 M:32615738 (Ack:63986958)] (S) Msg TX from 0000000000000000 to 0:FFFFFFFB00000000 [0000] [UDP:[fe80::bfe:a203:38f0:bce7%enp0s3]:5540] --- Type 0000:10 (SecureChannel:StandaloneAck) (B:34)[0m
[0;34m[1784838346.326] [22636:22638] [EM] Flushed pending ack for MessageCounter:63986958 on exchange 59139i[0m
[0;32m[1784838346.326] [22636:22638] [EM] >>> [E:59140i S:62861 M:63986959 (Ack:32615737)] (S) Msg RX from 0:FFFFFFFB00000000 [0000] to 0000000000000000 --- Type 0001:09 (IM:InvokeCommandResponse) (B:70)[0m
[0;34m[1784838346.326] [22636:22638] [EM] Found matching exchange: 59140i, Delegate: 0x7f18400382d8[0m
[0;34m[1784838346.326] [22636:22638] [EM] Rxd Ack; Removing MessageCounter:32615737 from Retrans Table on exchange 59140i[0m
[0;34m[1784838346.326] [22636:22638] [DMG] ICR moving to [ResponseRe][0m
[0;34m[1784838346.326] [22636:22638] [DMG] InvokeResponseMessage =[0m
[0;34m[1784838346.326] [22636:22638] [DMG] {[0m
[0;34m[1784838346.326] [22636:22638] [DMG] 	suppressResponse = false, [0m
[0;34m[1784838346.326] [22636:22638] [DMG] 	InvokeResponseIBs =[0m
[0;34m[1784838346.326] [22636:22638] [DMG] 	[[0m
[0;34m[1784838346.326] [22636:22638] [DMG] 		InvokeResponseIB =[0m
[0;34m[1784838346.326] [22636:22638] [DMG] 		{[0m
[0;34m[1784838346.326] [22636:22638] [DMG] 			CommandStatusIB =[0m
[0;34m[1784838346.326] [22636:22638] [DMG] 			{[0m
[0;34m[1784838346.326] [22636:22638] [DMG] 				CommandPathIB =[0m
[0;34m[1784838346.326] [22636:22638] [DMG] 				{[0m
[0;34m[1784838346.326] [22636:22638] [DMG] 					EndpointId = 0x0,[0m
[0;34m[1784838346.326] [22636:22638] [DMG] 					ClusterId = 0x38,[0m
[0;34m[1784838346.326] [22636:22638] [DMG] 					CommandId = 0x0,[0m
[0;34m[1784838346.326] [22636:22638] [DMG] 				},[0m
[0;34m[1784838346.326] [22636:22638] [DMG] 				[0m
[0;34m[1784838346.326] [22636:22638] [DMG] 				StatusIB =[0m
[0;34m[1784838346.326] [22636:22638] [DMG] 				{[0m
[0;34m[1784838346.326] [22636:22638] [DMG] 					status = 0x01 (FAILURE),[0m
[0;34m[1784838346.326] [22636:22638] [DMG] 					cluster-status = 0x2,[0m
[0;34m[1784838346.326] [22636:22638] [DMG] 				},[0m
[0;34m[1784838346.326] [22636:22638] [DMG] 				[0m
[0;34m[1784838346.326] [22636:22638] [DMG] 			},[0m
[0;34m[1784838346.326] [22636:22638] [DMG] 			[0m
[0;34m[1784838346.326] [22636:22638] [DMG] 		},[0m
[0;34m[1784838346.326] [22636:22638] [DMG] 		[0m
[0;34m[1784838346.326] [22636:22638] [DMG] 	],[0m
[0;34m[1784838346.326] [22636:22638] [DMG] 	[0m
[0;34m[1784838346.326] [22636:22638] [DMG] 	InteractionModelRevision = 12[0m
[0;34m[1784838346.326] [22636:22638] [DMG] },[0m
[0;32m[1784838346.326] [22636:22638] [DMG] Received Command Response Status for Endpoint=0 Cluster=0x0000_0038 Command=0x0000_0000 Status=0x1[0m
[0;32m[1784838346.326] [22636:22638] [CTL] Successfully finished commissioning step 'ConfigureUTCTime'[0m
[0;32m[1784838346.326] [22636:22638] [CTL] Commissioning stage next step: 'ConfigureUTCTime' -> 'SendPAICertificateRequest'[0m
[0;32m[1784838346.326] [22636:22638] [CTL] Performing next commissioning step 'SendPAICertificateRequest'[0m
[0;34m[1784838346.326] [22636:22638] [TOO] Starting commissioning stage 'SendPAICertificateRequest'[0m
[0;32m[1784838346.326] [22636:22638] [CTL] Sending request for PAI certificate[0m
[0;34m[1784838346.326] [22636:22638] [CTL] Sending Certificate Chain request to 0x7f1840033e20 device[0m
[0;34m[1784838346.326] [22636:22638] [DMG] ICR moving to [AddingComm][0m
[0;34m[1784838346.326] [22636:22638] [DMG] ICR moving to [AddedComma][0m
[0;32m[1784838346.326] [22636:22638] [EM] <<< [E:59141i S:62861 M:32615739] (S) Msg TX from 0000000000000000 to 0:FFFFFFFB00000000 [0000] [UDP:[fe80::bfe:a203:38f0:bce7%enp0s3]:5540] --- Type 0001:08 (IM:InvokeCommandRequest) (B:62)[0m
[0;32m[1784838346.327] [22636:22638] [EM] ??1 [E:59141i S:62861 M:32615739] (S) Msg Retransmission to 0:FFFFFFFB00000000 scheduled for 411ms from now [State:Active II:500 AI:300 AT:4000][0m
[0;34m[1784838346.327] [22636:22638] [DMG] ICR moving to [AwaitingRe][0m
[0;34m[1784838346.327] [22636:22638] [DMG] ICR moving to [AwaitingDe][0m
[0;32m[1784838346.327] [22636:22638] [EM] <<< [E:59140i S:62861 M:32615740 (Ack:63986959)] (S) Msg TX from 0000000000000000 to 0:FFFFFFFB00000000 [0000] [UDP:[fe80::bfe:a203:38f0:bce7%enp0s3]:5540] --- Type 0000:10 (SecureChannel:StandaloneAck) (B:34)[0m
[0;34m[1784838346.327] [22636:22638] [EM] Flushed pending ack for MessageCounter:63986959 on exchange 59140i[0m
[0;32m[1784838346.327] [22636:22638] [EM] >>> [E:59141i S:62861 M:63986960 (Ack:32615739)] (S) Msg RX from 0:FFFFFFFB00000000 [0000] to 0000000000000000 --- Type 0001:09 (IM:InvokeCommandResponse) (B:531)[0m
[0;34m[1784838346.327] [22636:22638] [EM] Found matching exchange: 59141i, Delegate: 0x7f1840035088[0m
[0;34m[1784838346.327] [22636:22638] [EM] Rxd Ack; Removing MessageCounter:32615739 from Retrans Table on exchange 59141i[0m
[0;34m[1784838346.327] [22636:22638] [DMG] ICR moving to [ResponseRe][0m
[0;34m[1784838346.327] [22636:22638] [DMG] InvokeResponseMessage =[0m
[0;34m[1784838346.327] [22636:22638] [DMG] {[0m
[0;34m[1784838346.327] [22636:22638] [DMG] 	suppressResponse = false, [0m
[0;34m[1784838346.327] [22636:22638] [DMG] 	InvokeResponseIBs =[0m
[0;34m[1784838346.327] [22636:22638] [DMG] 	[[0m
[0;34m[1784838346.327] [22636:22638] [DMG] 		InvokeResponseIB =[0m
[0;34m[1784838346.327] [22636:22638] [DMG] 		{[0m
[0;34m[1784838346.327] [22636:22638] [DMG] 			CommandDataIB =[0m
[0;34m[1784838346.327] [22636:22638] [DMG] 			{[0m
[0;34m[1784838346.327] [22636:22638] [DMG] 				CommandPathIB =[0m
[0;34m[1784838346.327] [22636:22638] [DMG] 				{[0m
[0;34m[1784838346.327] [22636:22638] [DMG] 					EndpointId = 0x0,[0m
[0;34m[1784838346.327] [22636:22638] [DMG] 					ClusterId = 0x3e,[0m
[0;34m[1784838346.327] [22636:22638] [DMG] 					CommandId = 0x3,[0m
[0;34m[1784838346.327] [22636:22638] [DMG] 				},[0m
[0;34m[1784838346.327] [22636:22638] [DMG] 				[0m
[0;34m[1784838346.327] [22636:22638] [DMG] 				CommandFields = [0m
[0;34m[1784838346.327] [22636:22638] [DMG] 				{[0m
[0;34m[1784838346.327] [22636:22638] [DMG] 					0x0 = [[0m
[0;34m[1784838346.327] [22636:22638] [DMG] 							0x30, 0x82, 0x01, 0xcb, 0x30, 0x82, 0x01, 0x71, 0xa0, 0x03, 0x02, 0x01, 0x02, 0x02, 0x08, 0x56, 0xad, 0x82, 0x22, 0xad, 0x94, 0x5b, 0x64, 0x30, 0x0a, 0x06, 0x08, 0x2a, 0x86, 0x48, 0xce, 0x3d, 0x04, 0x03, 0x02, 0x30, 0x30, 0x31, 0x18, 0x30, 0x16, 0x06, 0x03, 0x55, 0x04, 0x03, 0x0c, 0x0f, 0x4d, 0x61, 0x74, 0x74, 0x65, 0x72, 0x20, 0x54, 0x65, 0x73, 0x74, 0x20, 0x50, 0x41, 0x41, 0x31, 0x14, 0x30, 0x12, 0x06, 0x0a, 0x2b, 0x06, 0x01, 0x04, 0x01, 0x82, 0xa2, 0x7c, 0x02, 0x01, 0x0c, 0x04, 0x46, 0x46, 0x46, 0x31, 0x30, 0x20, 0x17, 0x0d, 0x32, 0x32, 0x30, 0x32, 0x30, 0x35, 0x30, 0x30, 0x30, 0x30, 0x30, 0x30, 0x5a, 0x18, 0x0f, 0x39, 0x39, 0x39, 0x39, 0x31, 0x32, 0x33, 0x31, 0x32, 0x33, 0x35, 0x39, 0x35, 0x39, 0x5a, 0x30, 0x3d, 0x31, 0x25, 0x30, 0x23, 0x06, 0x03, 0x55, 0x04, 0x03, 0x0c, 0x1c, 0x4d, 0x61, 0x74, 0x74, 0x65, 0x72, 0x20, 0x44, 0x65, 0x76, 0x20, 0x50, 0x41, 0x49, 0x20, 0x30, 0x78, 0x46, 0x46, 0x46, 0x31, 0x20, 0x6e, 0x6f, 0x20, 0x50, 0x49, 0x44, 0x31, 0x14, 0x30, 0x12, 0x06, 0x0a, 0x2b, 0x06, 0x01, 0x04, 0x01, 0x82, 0xa2, 0x7c, 0x02, 0x01, 0x0c, 0x04, 0x46, 0x46, 0x46, 0x31, 0x30, 0x59, 0x30, 0x13, 0x06, 0x07, 0x2a, 0x86, 0x48, 0xce, 0x3d, 0x02, 0x01, 0x06, 0x08, 0x2a, 0x86, 0x48, 0xce, 0x3d, 0x03, 0x01, 0x07, 0x03, 0x42, 0x00, 0x04, 0x41, 0x9a, 0x93, 0x15, 0xc2, 0x17, 0x3e, 0x0c, 0x8c, 0x87, 0x6d, 0x03, 0xcc, 0xfc, 0x94, 0x48, 0x52, 0x64, 0x7f, 0x7f, 0xec, 0x5e, 0x50, 0x82, 0xf4, 0x05, 0x99, 0x28, 0xec, 0xa8, 0x94, 0xc5, 0x94, 0x15, 0x13, 0x09, 0xac, 0x63, 0x1e, 0x4c, 0xb0, 0x33, 0x92, 0xaf, 0x68, 0x4b, 0x0b, 0xaf, 0xb7, 0xe6, 0x5b, 0x3b, 0x81, 0x62, 0xc2, 0xf5, 0x2b, 0xf9, 0x31, 0xb8, 0xe7, 0x7a, 0xaa, 0x82, 0xa3, 0x66, 0x30, 0x64, 0x30, 0x12, 0x06, 0x03, 0x55, 0x1d, 0x[0m
[0;34m[1784838346.327] [22636:22638] [DMG] 					] (463 bytes)[0m
[0;34m[1784838346.327] [22636:22638] [DMG] 				},[0m
[0;34m[1784838346.327] [22636:22638] [DMG] 			},[0m
[0;34m[1784838346.327] [22636:22638] [DMG] 			[0m
[0;34m[1784838346.327] [22636:22638] [DMG] 		},[0m
[0;34m[1784838346.327] [22636:22638] [DMG] 		[0m
[0;34m[1784838346.327] [22636:22638] [DMG] 	],[0m
[0;34m[1784838346.327] [22636:22638] [DMG] 	[0m
[0;34m[1784838346.327] [22636:22638] [DMG] 	InteractionModelRevision = 12[0m
[0;34m[1784838346.327] [22636:22638] [DMG] },[0m
[0;32m[1784838346.327] [22636:22638] [DMG] Received Command Response Data, Endpoint=0 Cluster=0x0000_003E Command=0x0000_0003[0m
[0;32m[1784838346.327] [22636:22638] [CTL] Received certificate chain from the device[0m
[0;32m[1784838346.327] [22636:22638] [CTL] Successfully finished commissioning step 'SendPAICertificateRequest'[0m
[0;32m[1784838346.327] [22636:22638] [CTL] Commissioning stage next step: 'SendPAICertificateRequest' -> 'SendDACCertificateRequest'[0m
[0;32m[1784838346.327] [22636:22638] [CTL] Performing next commissioning step 'SendDACCertificateRequest'[0m
[0;34m[1784838346.327] [22636:22638] [TOO] Starting commissioning stage 'SendDACCertificateRequest'[0m
[0;32m[1784838346.327] [22636:22638] [CTL] Sending request for DAC certificate[0m
[0;34m[1784838346.327] [22636:22638] [CTL] Sending Certificate Chain request to 0x7f1840033e20 device[0m
[0;34m[1784838346.327] [22636:22638] [DMG] ICR moving to [AddingComm][0m
[0;34m[1784838346.327] [22636:22638] [DMG] ICR moving to [AddedComma][0m
[0;32m[1784838346.327] [22636:22638] [EM] <<< [E:59142i S:62861 M:32615741] (S) Msg TX from 0000000000000000 to 0:FFFFFFFB00000000 [0000] [UDP:[fe80::bfe:a203:38f0:bce7%enp0s3]:5540] --- Type 0001:08 (IM:InvokeCommandRequest) (B:62)[0m
[0;32m[1784838346.327] [22636:22638] [EM] ??1 [E:59142i S:62861 M:32615741] (S) Msg Retransmission to 0:FFFFFFFB00000000 scheduled for 403ms from now [State:Active II:500 AI:300 AT:4000][0m
[0;34m[1784838346.327] [22636:22638] [DMG] ICR moving to [AwaitingRe][0m
[0;34m[1784838346.327] [22636:22638] [DMG] ICR moving to [AwaitingDe][0m
[0;32m[1784838346.327] [22636:22638] [EM] <<< [E:59141i S:62861 M:32615742 (Ack:63986960)] (S) Msg TX from 0000000000000000 to 0:FFFFFFFB00000000 [0000] [UDP:[fe80::bfe:a203:38f0:bce7%enp0s3]:5540] --- Type 0000:10 (SecureChannel:StandaloneAck) (B:34)[0m
[0;34m[1784838346.327] [22636:22638] [EM] Flushed pending ack for MessageCounter:63986960 on exchange 59141i[0m
[0;32m[1784838346.327] [22636:22638] [EM] >>> [E:59142i S:62861 M:63986961 (Ack:32615741)] (S) Msg RX from 0:FFFFFFFB00000000 [0000] to 0000000000000000 --- Type 0001:09 (IM:InvokeCommandResponse) (B:559)[0m
[0;34m[1784838346.327] [22636:22638] [EM] Found matching exchange: 59142i, Delegate: 0x7f18400382d8[0m
[0;34m[1784838346.327] [22636:22638] [EM] Rxd Ack; Removing MessageCounter:32615741 from Retrans Table on exchange 59142i[0m
[0;34m[1784838346.327] [22636:22638] [DMG] ICR moving to [ResponseRe][0m
[0;34m[1784838346.327] [22636:22638] [DMG] InvokeResponseMessage =[0m
[0;34m[1784838346.327] [22636:22638] [DMG] {[0m
[0;34m[1784838346.327] [22636:22638] [DMG] 	suppressResponse = false, [0m
[0;34m[1784838346.327] [22636:22638] [DMG] 	InvokeResponseIBs =[0m
[0;34m[1784838346.327] [22636:22638] [DMG] 	[[0m
[0;34m[1784838346.327] [22636:22638] [DMG] 		InvokeResponseIB =[0m
[0;34m[1784838346.327] [22636:22638] [DMG] 		{[0m
[0;34m[1784838346.327] [22636:22638] [DMG] 			CommandDataIB =[0m
[0;34m[1784838346.327] [22636:22638] [DMG] 			{[0m
[0;34m[1784838346.327] [22636:22638] [DMG] 				CommandPathIB =[0m
[0;34m[1784838346.327] [22636:22638] [DMG] 				{[0m
[0;34m[1784838346.327] [22636:22638] [DMG] 					EndpointId = 0x0,[0m
[0;34m[1784838346.327] [22636:22638] [DMG] 					ClusterId = 0x3e,[0m
[0;34m[1784838346.327] [22636:22638] [DMG] 					CommandId = 0x3,[0m
[0;34m[1784838346.327] [22636:22638] [DMG] 				},[0m
[0;34m[1784838346.327] [22636:22638] [DMG] 				[0m
[0;34m[1784838346.327] [22636:22638] [DMG] 				CommandFields = [0m
[0;34m[1784838346.327] [22636:22638] [DMG] 				{[0m
[0;34m[1784838346.327] [22636:22638] [DMG] 					0x0 = [[0m
[0;34m[1784838346.327] [22636:22638] [DMG] 							0x30, 0x82, 0x01, 0xe7, 0x30, 0x82, 0x01, 0x8e, 0xa0, 0x03, 0x02, 0x01, 0x02, 0x02, 0x08, 0x69, 0xcd, 0xf1, 0x0d, 0xe9, 0xe5, 0x4e, 0xd1, 0x30, 0x0a, 0x06, 0x08, 0x2a, 0x86, 0x48, 0xce, 0x3d, 0x04, 0x03, 0x02, 0x30, 0x3d, 0x31, 0x25, 0x30, 0x23, 0x06, 0x03, 0x55, 0x04, 0x03, 0x0c, 0x1c, 0x4d, 0x61, 0x74, 0x74, 0x65, 0x72, 0x20, 0x44, 0x65, 0x76, 0x20, 0x50, 0x41, 0x49, 0x20, 0x30, 0x78, 0x46, 0x46, 0x46, 0x31, 0x20, 0x6e, 0x6f, 0x20, 0x50, 0x49, 0x44, 0x31, 0x14, 0x30, 0x12, 0x06, 0x0a, 0x2b, 0x06, 0x01, 0x04, 0x01, 0x82, 0xa2, 0x7c, 0x02, 0x01, 0x0c, 0x04, 0x46, 0x46, 0x46, 0x31, 0x30, 0x20, 0x17, 0x0d, 0x32, 0x32, 0x30, 0x32, 0x30, 0x35, 0x30, 0x30, 0x30, 0x30, 0x30, 0x30, 0x5a, 0x18, 0x0f, 0x39, 0x39, 0x39, 0x39, 0x31, 0x32, 0x33, 0x31, 0x32, 0x33, 0x35, 0x39, 0x35, 0x39, 0x5a, 0x30, 0x53, 0x31, 0x25, 0x30, 0x23, 0x06, 0x03, 0x55, 0x04, 0x03, 0x0c, 0x1c, 0x4d, 0x61, 0x74, 0x74, 0x65, 0x72, 0x20, 0x44, 0x65, 0x76, 0x20, 0x44, 0x41, 0x43, 0x20, 0x30, 0x78, 0x46, 0x46, 0x46, 0x31, 0x2f, 0x30, 0x78, 0x38, 0x30, 0x30, 0x31, 0x31, 0x14, 0x30, 0x12, 0x06, 0x0a, 0x2b, 0x06, 0x01, 0x04, 0x01, 0x82, 0xa2, 0x7c, 0x02, 0x01, 0x0c, 0x04, 0x46, 0x46, 0x46, 0x31, 0x31, 0x14, 0x30, 0x12, 0x06, 0x0a, 0x2b, 0x06, 0x01, 0x04, 0x01, 0x82, 0xa2, 0x7c, 0x02, 0x02, 0x0c, 0x04, 0x38, 0x30, 0x30, 0x31, 0x30, 0x59, 0x30, 0x13, 0x06, 0x07, 0x2a, 0x86, 0x48, 0xce, 0x3d, 0x02, 0x01, 0x06, 0x08, 0x2a, 0x86, 0x48, 0xce, 0x3d, 0x03, 0x01, 0x07, 0x03, 0x42, 0x00, 0x04, 0x46, 0x3a, 0xc6, 0x93, 0x42, 0x91, 0x0a, 0x0e, 0x55, 0x88, 0xfc, 0x6f, 0xf5, 0x6b, 0xb6, 0x3e, 0x62, 0xec, 0xce, 0xcb, 0x14, 0x8f, 0x7d, 0x4e, 0xb0, 0x3e, 0xe5, 0x52, 0x60, 0x14, 0x15, 0x76, 0x7d, 0x16, 0xa5, 0xc6, 0x63, 0xf7, 0x93, 0x[0m
[0;34m[1784838346.327] [22636:22638] [DMG] 					] (491 bytes)[0m
[0;34m[1784838346.327] [22636:22638] [DMG] 				},[0m
[0;34m[1784838346.327] [22636:22638] [DMG] 			},[0m
[0;34m[1784838346.327] [22636:22638] [DMG] 			[0m
[0;34m[1784838346.327] [22636:22638] [DMG] 		},[0m
[0;34m[1784838346.327] [22636:22638] [DMG] 		[0m
[0;34m[1784838346.328] [22636:22638] [DMG] 	],[0m
[0;34m[1784838346.328] [22636:22638] [DMG] 	[0m
[0;34m[1784838346.328] [22636:22638] [DMG] 	InteractionModelRevision = 12[0m
[0;34m[1784838346.328] [22636:22638] [DMG] },[0m
[0;32m[1784838346.328] [22636:22638] [DMG] Received Command Response Data, Endpoint=0 Cluster=0x0000_003E Command=0x0000_0003[0m
[0;32m[1784838346.328] [22636:22638] [CTL] Received certificate chain from the device[0m
[0;32m[1784838346.328] [22636:22638] [CTL] Successfully finished commissioning step 'SendDACCertificateRequest'[0m
[0;32m[1784838346.328] [22636:22638] [CTL] Commissioning stage next step: 'SendDACCertificateRequest' -> 'SendAttestationRequest'[0m
[0;32m[1784838346.328] [22636:22638] [CTL] Performing next commissioning step 'SendAttestationRequest'[0m
[0;34m[1784838346.328] [22636:22638] [TOO] Starting commissioning stage 'SendAttestationRequest'[0m
[0;32m[1784838346.328] [22636:22638] [CTL] Sending Attestation Request to the device.[0m
[0;34m[1784838346.328] [22636:22638] [CTL] Sending Attestation request to 0x7f1840033e20 device[0m
[0;34m[1784838346.328] [22636:22638] [DMG] ICR moving to [AddingComm][0m
[0;34m[1784838346.328] [22636:22638] [DMG] ICR moving to [AddedComma][0m
[0;32m[1784838346.328] [22636:22638] [EM] <<< [E:59143i S:62861 M:32615743] (S) Msg TX from 0000000000000000 to 0:FFFFFFFB00000000 [0000] [UDP:[fe80::bfe:a203:38f0:bce7%enp0s3]:5540] --- Type 0001:08 (IM:InvokeCommandRequest) (B:94)[0m
[0;32m[1784838346.328] [22636:22638] [EM] ??1 [E:59143i S:62861 M:32615743] (S) Msg Retransmission to 0:FFFFFFFB00000000 scheduled for 365ms from now [State:Active II:500 AI:300 AT:4000][0m
[0;34m[1784838346.328] [22636:22638] [DMG] ICR moving to [AwaitingRe][0m
[0;34m[1784838346.328] [22636:22638] [CTL] Sent Attestation request, waiting for the Attestation Information[0m
[0;34m[1784838346.328] [22636:22638] [DMG] ICR moving to [AwaitingDe][0m
[0;32m[1784838346.328] [22636:22638] [EM] <<< [E:59142i S:62861 M:32615744 (Ack:63986961)] (S) Msg TX from 0000000000000000 to 0:FFFFFFFB00000000 [0000] [UDP:[fe80::bfe:a203:38f0:bce7%enp0s3]:5540] --- Type 0000:10 (SecureChannel:StandaloneAck) (B:34)[0m
[0;34m[1784838346.328] [22636:22638] [EM] Flushed pending ack for MessageCounter:63986961 on exchange 59142i[0m
[0;32m[1784838346.328] [22636:22638] [EM] >>> [E:59143i S:62861 M:63986962 (Ack:32615743)] (S) Msg RX from 0:FFFFFFFB00000000 [0000] to 0000000000000000 --- Type 0001:09 (IM:InvokeCommandResponse) (B:718)[0m
[0;34m[1784838346.328] [22636:22638] [EM] Found matching exchange: 59143i, Delegate: 0x7f1840035088[0m
[0;34m[1784838346.328] [22636:22638] [EM] Rxd Ack; Removing MessageCounter:32615743 from Retrans Table on exchange 59143i[0m
[0;34m[1784838346.328] [22636:22638] [DMG] ICR moving to [ResponseRe][0m
[0;34m[1784838346.328] [22636:22638] [DMG] InvokeResponseMessage =[0m
[0;34m[1784838346.328] [22636:22638] [DMG] {[0m
[0;34m[1784838346.328] [22636:22638] [DMG] 	suppressResponse = false, [0m
[0;34m[1784838346.328] [22636:22638] [DMG] 	InvokeResponseIBs =[0m
[0;34m[1784838346.328] [22636:22638] [DMG] 	[[0m
[0;34m[1784838346.328] [22636:22638] [DMG] 		InvokeResponseIB =[0m
[0;34m[1784838346.328] [22636:22638] [DMG] 		{[0m
[0;34m[1784838346.328] [22636:22638] [DMG] 			CommandDataIB =[0m
[0;34m[1784838346.328] [22636:22638] [DMG] 			{[0m
[0;34m[1784838346.328] [22636:22638] [DMG] 				CommandPathIB =[0m
[0;34m[1784838346.328] [22636:22638] [DMG] 				{[0m
[0;34m[1784838346.328] [22636:22638] [DMG] 					EndpointId = 0x0,[0m
[0;34m[1784838346.328] [22636:22638] [DMG] 					ClusterId = 0x3e,[0m
[0;34m[1784838346.328] [22636:22638] [DMG] 					CommandId = 0x1,[0m
[0;34m[1784838346.328] [22636:22638] [DMG] 				},[0m
[0;34m[1784838346.328] [22636:22638] [DMG] 				[0m
[0;34m[1784838346.328] [22636:22638] [DMG] 				CommandFields = [0m
[0;34m[1784838346.328] [22636:22638] [DMG] 				{[0m
[0;34m[1784838346.328] [22636:22638] [DMG] 					0x0 = [[0m
[0;34m[1784838346.328] [22636:22638] [DMG] 							0x15, 0x31, 0x01, 0x1b, 0x02, 0x30, 0x82, 0x02, 0x17, 0x06, 0x09, 0x2a, 0x86, 0x48, 0x86, 0xf7, 0x0d, 0x01, 0x07, 0x02, 0xa0, 0x82, 0x02, 0x08, 0x30, 0x82, 0x02, 0x04, 0x02, 0x01, 0x03, 0x31, 0x0d, 0x30, 0x0b, 0x06, 0x09, 0x60, 0x86, 0x48, 0x01, 0x65, 0x03, 0x04, 0x02, 0x01, 0x30, 0x82, 0x01, 0x70, 0x06, 0x09, 0x2a, 0x86, 0x48, 0x86, 0xf7, 0x0d, 0x01, 0x07, 0x01, 0xa0, 0x82, 0x01, 0x61, 0x04, 0x82, 0x01, 0x5d, 0x15, 0x24, 0x00, 0x01, 0x25, 0x01, 0xf1, 0xff, 0x36, 0x02, 0x05, 0x00, 0x80, 0x05, 0x01, 0x80, 0x05, 0x02, 0x80, 0x05, 0x03, 0x80, 0x05, 0x04, 0x80, 0x05, 0x05, 0x80, 0x05, 0x06, 0x80, 0x05, 0x07, 0x80, 0x05, 0x08, 0x80, 0x05, 0x09, 0x80, 0x05, 0x0a, 0x80, 0x05, 0x0b, 0x80, 0x05, 0x0c, 0x80, 0x05, 0x0d, 0x80, 0x05, 0x0e, 0x80, 0x05, 0x0f, 0x80, 0x05, 0x10, 0x80, 0x05, 0x11, 0x80, 0x05, 0x12, 0x80, 0x05, 0x13, 0x80, 0x05, 0x14, 0x80, 0x05, 0x15, 0x80, 0x05, 0x16, 0x80, 0x05, 0x17, 0x80, 0x05, 0x18, 0x80, 0x05, 0x19, 0x80, 0x05, 0x1a, 0x80, 0x05, 0x1b, 0x80, 0x05, 0x1c, 0x80, 0x05, 0x1d, 0x80, 0x05, 0x1e, 0x80, 0x05, 0x1f, 0x80, 0x05, 0x20, 0x80, 0x05, 0x21, 0x80, 0x05, 0x22, 0x80, 0x05, 0x23, 0x80, 0x05, 0x24, 0x80, 0x05, 0x25, 0x80, 0x05, 0x26, 0x80, 0x05, 0x27, 0x80, 0x05, 0x28, 0x80, 0x05, 0x29, 0x80, 0x05, 0x2a, 0x80, 0x05, 0x2b, 0x80, 0x05, 0x2c, 0x80, 0x05, 0x2d, 0x80, 0x05, 0x2e, 0x80, 0x05, 0x2f, 0x80, 0x05, 0x30, 0x80, 0x05, 0x31, 0x80, 0x05, 0x32, 0x80, 0x05, 0x33, 0x80, 0x05, 0x34, 0x80, 0x05, 0x35, 0x80, 0x05, 0x36, 0x80, 0x05, 0x37, 0x80, 0x05, 0x38, 0x80, 0x05, 0x39, 0x80, 0x05, 0x3a, 0x80, 0x05, 0x3b, 0x80, 0x05, 0x3c, 0x80, 0x05, 0x3d, 0x80, 0x05, 0x3e, 0x80, 0x05, 0x3f, 0x80, 0x05, 0x40, 0x80, 0x05, 0x41, 0x80, 0x05, 0x42, 0x80, 0x05, 0x43, 0x80, 0x[0m
[0;34m[1784838346.328] [22636:22638] [DMG] 					] (583 bytes)[0m
[0;34m[1784838346.328] [22636:22638] [DMG] 					0x1 = [[0m
[0;34m[1784838346.328] [22636:22638] [DMG] 							0xf2, 0xc2, 0xcb, 0x3b, 0x59, 0xae, 0x03, 0x97, 0x89, 0x52, 0x9d, 0x5d, 0x9e, 0x77, 0x30, 0xd6, 0x87, 0x9d, 0x24, 0xaa, 0x29, 0x5a, 0xdd, 0x03, 0x41, 0xcc, 0x6c, 0x58, 0xb6, 0x46, 0x84, 0x2e, 0xc8, 0xaf, 0xcb, 0x0c, 0xee, 0x85, 0x2a, 0x88, 0x5a, 0x87, 0x74, 0x8b, 0xb3, 0x34, 0x08, 0xb1, 0xd4, 0xd5, 0x02, 0x3d, 0x04, 0x2f, 0xfa, 0xd7, 0x43, 0x54, 0xde, 0xa9, 0xad, 0x0a, 0xce, 0x9d, [0m
[0;34m[1784838346.328] [22636:22638] [DMG] 					] (64 bytes)[0m
[0;34m[1784838346.328] [22636:22638] [DMG] 				},[0m
[0;34m[1784838346.328] [22636:22638] [DMG] 			},[0m
[0;34m[1784838346.328] [22636:22638] [DMG] 			[0m
[0;34m[1784838346.328] [22636:22638] [DMG] 		},[0m
[0;34m[1784838346.328] [22636:22638] [DMG] 		[0m
[0;34m[1784838346.328] [22636:22638] [DMG] 	],[0m
[0;34m[1784838346.328] [22636:22638] [DMG] 	[0m
[0;34m[1784838346.328] [22636:22638] [DMG] 	InteractionModelRevision = 12[0m
[0;34m[1784838346.328] [22636:22638] [DMG] },[0m
[0;32m[1784838346.328] [22636:22638] [DMG] Received Command Response Data, Endpoint=0 Cluster=0x0000_003E Command=0x0000_0001[0m
[0;32m[1784838346.328] [22636:22638] [CTL] Received Attestation Information from the device[0m
[0;32m[1784838346.328] [22636:22638] [CTL] Successfully finished commissioning step 'SendAttestationRequest'[0m
[0;34m[1784838346.328] [22636:22638] [CTL] AutoCommissioner setting attestationElements buffer size 583/583[0m
[0;32m[1784838346.328] [22636:22638] [CTL] Commissioning stage next step: 'SendAttestationRequest' -> 'AttestationVerification'[0m
[0;32m[1784838346.328] [22636:22638] [CTL] Performing next commissioning step 'AttestationVerification'[0m
[0;34m[1784838346.328] [22636:22638] [TOO] Starting commissioning stage 'AttestationVerification'[0m
[0;32m[1784838346.328] [22636:22638] [CTL] Verifying Device Attestation information received from the device[0m
[0;32m[1784838346.330] [22636:22638] [-] Device candidate DAC chain details:[0m
[0;32m[1784838346.331] [22636:22638] [-] --> DAC's VID: 0xFFF1, PID: 0x8001[0m
[0;32m[1784838346.331] [22636:22638] [-] ==== DAC certificate considered (491 bytes) ====[0m
[0;32m[1784838346.331] [22636:22638] [-] -----BEGIN CERTIFICATE-----[0m
[0;32m[1784838346.331] [22636:22638] [-] MIIB5zCCAY6gAwIBAgIIac3xDenlTtEwCgYIKoZIzj0EAwIwPTElMCMGA1UEAwwc[0m
[0;32m[1784838346.331] [22636:22638] [-] TWF0dGVyIERldiBQQUkgMHhGRkYxIG5vIFBJRDEUMBIGCisGAQQBgqJ8AgEMBEZG[0m
[0;32m[1784838346.331] [22636:22638] [-] RjEwIBcNMjIwMjA1MDAwMDAwWhgPOTk5OTEyMzEyMzU5NTlaMFMxJTAjBgNVBAMM[0m
[0;32m[1784838346.331] [22636:22638] [-] HE1hdHRlciBEZXYgREFDIDB4RkZGMS8weDgwMDExFDASBgorBgEEAYKifAIBDARG[0m
[0;32m[1784838346.331] [22636:22638] [-] RkYxMRQwEgYKKwYBBAGConwCAgwEODAwMTBZMBMGByqGSM49AgEGCCqGSM49AwEH[0m
[0;32m[1784838346.331] [22636:22638] [-] A0IABEY6xpNCkQoOVYj8b/Vrtj5i7M7LFI99TrA+5VJgFBV2fRalxmP3k+SRIyYL[0m
[0;32m[1784838346.331] [22636:22638] [-] gpenzX58/HsxaznZjpDSk3dzjoKjYDBeMAwGA1UdEwEB/wQCMAAwDgYDVR0PAQH/[0m
[0;32m[1784838346.331] [22636:22638] [-] BAQDAgeAMB0GA1UdDgQWBBSI3eezADgpMs/3NMBGJIEPRBaKbzAfBgNVHSMEGDAW[0m
[0;32m[1784838346.331] [22636:22638] [-] gBRjVA5H9kscONE4hKRi0WwZXY/7PDAKBggqhkjOPQQDAgNHADBEAiABJ6J7S0Rh[0m
[0;32m[1784838346.331] [22636:22638] [-] DuL83E0reIVWNmC8D3bxchntagjfsrPBzQIga1ngr0Xz6yqFuRnTVzFSjGAoxBUj[0m
[0;32m[1784838346.331] [22636:22638] [-] lUXhCOTlTnCXE1M=[0m
[0;32m[1784838346.331] [22636:22638] [-] -----END CERTIFICATE-----[0m
[0;32m[1784838346.331] [22636:22638] [-] --> DAC certificate SKID: 88:DD:E7:B3:00:38:29:32:CF:F7:34:C0:46:24:81:0F:44:16:8A:6F[0m
[0;32m[1784838346.331] [22636:22638] [-] --> DAC certificate AKID: 63:54:0E:47:F6:4B:1C:38:D1:38:84:A4:62:D1:6C:19:5D:8F:FB:3C[0m
[0;32m[1784838346.331] [22636:22638] [-] ==== PAI certificate considered (463 bytes) ====[0m
[0;32m[1784838346.331] [22636:22638] [-] -----BEGIN CERTIFICATE-----[0m
[0;32m[1784838346.331] [22636:22638] [-] MIIByzCCAXGgAwIBAgIIVq2CIq2UW2QwCgYIKoZIzj0EAwIwMDEYMBYGA1UEAwwP[0m
[0;32m[1784838346.331] [22636:22638] [-] TWF0dGVyIFRlc3QgUEFBMRQwEgYKKwYBBAGConwCAQwERkZGMTAgFw0yMjAyMDUw[0m
[0;32m[1784838346.331] [22636:22638] [-] MDAwMDBaGA85OTk5MTIzMTIzNTk1OVowPTElMCMGA1UEAwwcTWF0dGVyIERldiBQ[0m
[0;32m[1784838346.331] [22636:22638] [-] QUkgMHhGRkYxIG5vIFBJRDEUMBIGCisGAQQBgqJ8AgEMBEZGRjEwWTATBgcqhkjO[0m
[0;32m[1784838346.331] [22636:22638] [-] PQIBBggqhkjOPQMBBwNCAARBmpMVwhc+DIyHbQPM/JRIUmR/f+xeUIL0BZko7KiU[0m
[0;32m[1784838346.331] [22636:22638] [-] xZQVEwmsYx5MsDOSr2hLC6+35ls7gWLC9Sv5MbjneqqCo2YwZDASBgNVHRMBAf8E[0m
[0;32m[1784838346.331] [22636:22638] [-] CDAGAQH/AgEAMA4GA1UdDwEB/wQEAwIBBjAdBgNVHQ4EFgQUY1QOR/ZLHDjROISk[0m
[0;32m[1784838346.331] [22636:22638] [-] YtFsGV2P+zwwHwYDVR0jBBgwFoAUav0idx9RH+y/FkGXZxDc3DGhcX4wCgYIKoZI[0m
[0;32m[1784838346.331] [22636:22638] [-] zj0EAwIDSAAwRQIhALLvJ/Sa6bUPuR7qyUxNC9u415KcbLiPrOUpNo0SBUwMAiBl[0m
[0;32m[1784838346.331] [22636:22638] [-] Xckrhr2QmIKmxiF3uCXX0F7b58Ivn+pxIg5+pwP4kQ==[0m
[0;32m[1784838346.331] [22636:22638] [-] -----END CERTIFICATE-----[0m
[0;32m[1784838346.331] [22636:22638] [-] --> PAI certificate SKID: 63:54:0E:47:F6:4B:1C:38:D1:38:84:A4:62:D1:6C:19:5D:8F:FB:3C[0m
[0;32m[1784838346.331] [22636:22638] [-] --> PAI certificate AKID: 6A:FD:22:77:1F:51:1F:EC:BF:16:41:97:67:10:DC:DC:31:A1:71:7E[0m
[0;32m[1784838346.333] [22636:22638] [-] ==== PAA certificate considered (449 bytes) ====[0m
[0;32m[1784838346.333] [22636:22638] [-] -----BEGIN CERTIFICATE-----[0m
[0;32m[1784838346.333] [22636:22638] [-] MIIBvTCCAWSgAwIBAgIITqjoMYLUHBwwCgYIKoZIzj0EAwIwMDEYMBYGA1UEAwwP[0m
[0;32m[1784838346.333] [22636:22638] [-] TWF0dGVyIFRlc3QgUEFBMRQwEgYKKwYBBAGConwCAQwERkZGMTAgFw0yMTA2Mjgx[0m
[0;32m[1784838346.333] [22636:22638] [-] NDIzNDNaGA85OTk5MTIzMTIzNTk1OVowMDEYMBYGA1UEAwwPTWF0dGVyIFRlc3Qg[0m
[0;32m[1784838346.333] [22636:22638] [-] UEFBMRQwEgYKKwYBBAGConwCAQwERkZGMTBZMBMGByqGSM49AgEGCCqGSM49AwEH[0m
[0;32m[1784838346.333] [22636:22638] [-] A0IABLbLY3KIfyko9brIGqnZOuJDHK2p154kL2UXfvnO2TKijs0Duq9qj8oYShpQ[0m
[0;32m[1784838346.333] [22636:22638] [-] NUKWDUU/MD8fGUIddR6Pjxqam3WjZjBkMBIGA1UdEwEB/wQIMAYBAf8CAQEwDgYD[0m
[0;32m[1784838346.333] [22636:22638] [-] VR0PAQH/BAQDAgEGMB0GA1UdDgQWBBRq/SJ3H1Ef7L8WQZdnENzcMaFxfjAfBgNV[0m
[0;32m[1784838346.333] [22636:22638] [-] HSMEGDAWgBRq/SJ3H1Ef7L8WQZdnENzcMaFxfjAKBggqhkjOPQQDAgNHADBEAiBQ[0m
[0;32m[1784838346.333] [22636:22638] [-] qoAC9NkyqaAFOPZTaK0P/8jvu8m+t9pWmDXPmqdRDgIgI7rI/g8j51RFtlM5CBpH[0m
[0;32m[1784838346.333] [22636:22638] [-] mUkpxyqvChVI1A0DTVFLJd4=[0m
[0;32m[1784838346.333] [22636:22638] [-] -----END CERTIFICATE-----[0m
[0;32m[1784838346.333] [22636:22638] [-] --> PAA certificate SKID: 6A:FD:22:77:1F:51:1F:EC:BF:16:41:97:67:10:DC:DC:31:A1:71:7E[0m
[0;32m[1784838346.333] [22636:22638] [-] --> PAA certificate AKID: 6A:FD:22:77:1F:51:1F:EC:BF:16:41:97:67:10:DC:DC:31:A1:71:7E[0m
[0;32m[1784838346.335] [22636:22638] [-] CD signing key identifier: FE:34:3F:95:99:47:76:3B:61:EE:45:39:13:13:38:49:4F:E6:7D:8E[0m
[0;32m[1784838346.335] [22636:22638] [-] Certification type 0[0m
[0;32m[1784838346.335] [22636:22638] [-] Device certification declaration details:[0m
[0;32m[1784838346.335] [22636:22638] [-] --> VID: 0xFFF1[0m
[0;32m[1784838346.335] [22636:22638] [-] --> Device type ID: 0x0000_0016[0m
[0;32m[1784838346.335] [22636:22638] [-] --> Certification type: 0 (Development and testing)[0m
[0;32m[1784838346.335] [22636:22638] [CTL] Successfully finished commissioning step 'AttestationVerification'[0m
[0;32m[1784838346.335] [22636:22638] [CTL] Commissioning stage next step: 'AttestationVerification' -> 'AttestationRevocationCheck'[0m
[0;32m[1784838346.335] [22636:22638] [CTL] Performing next commissioning step 'AttestationRevocationCheck'[0m
[0;34m[1784838346.335] [22636:22638] [TOO] Starting commissioning stage 'AttestationRevocationCheck'[0m
[0;32m[1784838346.335] [22636:22638] [CTL] Verifying the device's DAC chain revocation status[0m
[0;32m[1784838346.335] [22636:22638] [-] WARNING: No revocation delegate available. Revocation checks will be skipped![0m
[0;32m[1784838346.335] [22636:22638] [CTL] Successfully validated 'Attestation Information' command received from the device.[0m
[0;32m[1784838346.335] [22636:22638] [CTL] Successfully finished commissioning step 'AttestationRevocationCheck'[0m
[0;32m[1784838346.335] [22636:22638] [CTL] Commissioning stage next step: 'AttestationRevocationCheck' -> 'SendOpCertSigningRequest'[0m
[0;32m[1784838346.335] [22636:22638] [CTL] Performing next commissioning step 'SendOpCertSigningRequest'[0m
[0;34m[1784838346.335] [22636:22638] [TOO] Starting commissioning stage 'SendOpCertSigningRequest'[0m
[0;34m[1784838346.335] [22636:22638] [CTL] Sending CSR request to 0x7f1840033e20 device[0m
[0;34m[1784838346.335] [22636:22638] [DMG] ICR moving to [AddingComm][0m
[0;34m[1784838346.335] [22636:22638] [DMG] ICR moving to [AddedComma][0m
[0;32m[1784838346.335] [22636:22638] [EM] <<< [E:59144i S:62861 M:32615745] (S) Msg TX from 0000000000000000 to 0:FFFFFFFB00000000 [0000] [UDP:[fe80::bfe:a203:38f0:bce7%enp0s3]:5540] --- Type 0001:08 (IM:InvokeCommandRequest) (B:94)[0m
[0;32m[1784838346.335] [22636:22638] [EM] ??1 [E:59144i S:62861 M:32615745] (S) Msg Retransmission to 0:FFFFFFFB00000000 scheduled for 378ms from now [State:Active II:500 AI:300 AT:4000][0m
[0;34m[1784838346.335] [22636:22638] [DMG] ICR moving to [AwaitingRe][0m
[0;34m[1784838346.335] [22636:22638] [CTL] Sent CSR request, waiting for the CSR[0m
[0;34m[1784838346.335] [22636:22638] [DMG] ICR moving to [AwaitingDe][0m
[0;32m[1784838346.335] [22636:22638] [EM] <<< [E:59143i S:62861 M:32615746 (Ack:63986962)] (S) Msg TX from 0000000000000000 to 0:FFFFFFFB00000000 [0000] [UDP:[fe80::bfe:a203:38f0:bce7%enp0s3]:5540] --- Type 0000:10 (SecureChannel:StandaloneAck) (B:34)[0m
[0;34m[1784838346.335] [22636:22638] [EM] Flushed pending ack for MessageCounter:63986962 on exchange 59143i[0m
[0;32m[1784838346.337] [22636:22638] [EM] >>> [E:59144i S:62861 M:63986963 (Ack:32615745)] (S) Msg RX from 0:FFFFFFFB00000000 [0000] to 0000000000000000 --- Type 0001:09 (IM:InvokeCommandResponse) (B:376)[0m
[0;34m[1784838346.337] [22636:22638] [EM] Found matching exchange: 59144i, Delegate: 0x7f18400382d8[0m
[0;34m[1784838346.337] [22636:22638] [EM] Rxd Ack; Removing MessageCounter:32615745 from Retrans Table on exchange 59144i[0m
[0;34m[1784838346.337] [22636:22638] [DMG] ICR moving to [ResponseRe][0m
[0;34m[1784838346.337] [22636:22638] [DMG] InvokeResponseMessage =[0m
[0;34m[1784838346.337] [22636:22638] [DMG] {[0m
[0;34m[1784838346.337] [22636:22638] [DMG] 	suppressResponse = false, [0m
[0;34m[1784838346.337] [22636:22638] [DMG] 	InvokeResponseIBs =[0m
[0;34m[1784838346.337] [22636:22638] [DMG] 	[[0m
[0;34m[1784838346.337] [22636:22638] [DMG] 		InvokeResponseIB =[0m
[0;34m[1784838346.337] [22636:22638] [DMG] 		{[0m
[0;34m[1784838346.337] [22636:22638] [DMG] 			CommandDataIB =[0m
[0;34m[1784838346.337] [22636:22638] [DMG] 			{[0m
[0;34m[1784838346.337] [22636:22638] [DMG] 				CommandPathIB =[0m
[0;34m[1784838346.337] [22636:22638] [DMG] 				{[0m
[0;34m[1784838346.337] [22636:22638] [DMG] 					EndpointId = 0x0,[0m
[0;34m[1784838346.337] [22636:22638] [DMG] 					ClusterId = 0x3e,[0m
[0;34m[1784838346.337] [22636:22638] [DMG] 					CommandId = 0x5,[0m
[0;34m[1784838346.337] [22636:22638] [DMG] 				},[0m
[0;34m[1784838346.337] [22636:22638] [DMG] 				[0m
[0;34m[1784838346.337] [22636:22638] [DMG] 				CommandFields = [0m
[0;34m[1784838346.337] [22636:22638] [DMG] 				{[0m
[0;34m[1784838346.337] [22636:22638] [DMG] 					0x0 = [[0m
[0;34m[1784838346.337] [22636:22638] [DMG] 							0x15, 0x30, 0x01, 0xca, 0x30, 0x81, 0xc7, 0x30, 0x70, 0x02, 0x01, 0x00, 0x30, 0x0e, 0x31, 0x0c, 0x30, 0x0a, 0x06, 0x03, 0x55, 0x04, 0x0a, 0x0c, 0x03, 0x43, 0x53, 0x52, 0x30, 0x59, 0x30, 0x13, 0x06, 0x07, 0x2a, 0x86, 0x48, 0xce, 0x3d, 0x02, 0x01, 0x06, 0x08, 0x2a, 0x86, 0x48, 0xce, 0x3d, 0x03, 0x01, 0x07, 0x03, 0x42, 0x00, 0x04, 0x5d, 0x98, 0x40, 0x51, 0xd6, 0xc9, 0x4c, 0x9e, 0x85, 0x66, 0xbe, 0x04, 0x6a, 0xe2, 0x86, 0x97, 0xd8, 0x9c, 0x8f, 0xff, 0xa1, 0x83, 0x63, 0x62, 0xe3, 0xa3, 0x64, 0x6e, 0x01, 0x17, 0x2f, 0x8e, 0x3a, 0xd9, 0x61, 0x2f, 0x39, 0x3c, 0x6a, 0x6f, 0xbe, 0xf5, 0xd1, 0x37, 0x84, 0x10, 0x1e, 0xc0, 0x20, 0x5d, 0x36, 0x10, 0x33, 0x7a, 0x95, 0x2e, 0x97, 0xd5, 0xfa, 0x83, 0x46, 0x7e, 0xcd, 0x43, 0xa0, 0x00, 0x30, 0x0a, 0x06, 0x08, 0x2a, 0x86, 0x48, 0xce, 0x3d, 0x04, 0x03, 0x02, 0x03, 0x47, 0x00, 0x30, 0x44, 0x02, 0x20, 0x32, 0x30, 0x84, 0x44, 0x69, 0x20, 0x15, 0x5b, 0x0a, 0x5d, 0x04, 0xb1, 0x2e, 0xef, 0xd1, 0x43, 0x2a, 0xf7, 0x70, 0x0b, 0xc7, 0x10, 0x08, 0x4b, 0x42, 0x8f, 0x0e, 0xc1, 0x4a, 0x50, 0xd3, 0x10, 0x02, 0x20, 0x54, 0xc4, 0xfd, 0x0a, 0x44, 0xac, 0xff, 0x47, 0xcf, 0x24, 0x7f, 0x16, 0xa3, 0xbc, 0x5d, 0x0a, 0x45, 0xe2, 0x98, 0xf1, 0xa5, 0x09, 0x18, 0xdd, 0xb5, 0x35, 0x9f, 0x82, 0xb2, 0xcb, 0xe7, 0xe7, 0x30, 0x02, 0x20, 0x97, 0x75, 0xa6, 0x2a, 0xf3, 0x5c, 0xf8, 0x26, 0xd2, 0xcf, 0xab, 0xc8, 0x55, 0xdc, 0xeb, 0xdb, 0x15, 0xce, 0x95, 0x0e, 0xef, 0x13, 0x89, 0x29, 0xa2, 0xbe, 0xd6, 0x99, 0x82, 0x36, 0x0a, 0x85, 0x18, [0m
[0;34m[1784838346.337] [22636:22638] [DMG] 					] (242 bytes)[0m
[0;34m[1784838346.337] [22636:22638] [DMG] 					0x1 = [[0m
[0;34m[1784838346.337] [22636:22638] [DMG] 							0x68, 0x6c, 0x4c, 0xd4, 0xab, 0x3f, 0xb8, 0x11, 0xb1, 0xf0, 0xc0, 0x19, 0xcd, 0xa6, 0x30, 0x34, 0xc5, 0xdf, 0x8a, 0xec, 0xcf, 0xc8, 0x33, 0x19, 0xd8, 0x48, 0x6e, 0x30, 0xd0, 0x70, 0x47, 0x44, 0x32, 0xc5, 0x78, 0xd8, 0xcb, 0xef, 0xaa, 0x6f, 0xb6, 0x2f, 0x49, 0xad, 0xc5, 0x0d, 0xa8, 0x46, 0x6e, 0x95, 0xe0, 0x1d, 0x4c, 0x91, 0xca, 0xb0, 0x08, 0xb1, 0x0a, 0x0e, 0x62, 0xd8, 0x47, 0x8e, [0m
[0;34m[1784838346.337] [22636:22638] [DMG] 					] (64 bytes)[0m
[0;34m[1784838346.337] [22636:22638] [DMG] 				},[0m
[0;34m[1784838346.337] [22636:22638] [DMG] 			},[0m
[0;34m[1784838346.337] [22636:22638] [DMG] 			[0m
[0;34m[1784838346.337] [22636:22638] [DMG] 		},[0m
[0;34m[1784838346.337] [22636:22638] [DMG] 		[0m
[0;34m[1784838346.337] [22636:22638] [DMG] 	],[0m
[0;34m[1784838346.337] [22636:22638] [DMG] 	[0m
[0;34m[1784838346.337] [22636:22638] [DMG] 	InteractionModelRevision = 12[0m
[0;34m[1784838346.337] [22636:22638] [DMG] },[0m
[0;32m[1784838346.337] [22636:22638] [DMG] Received Command Response Data, Endpoint=0 Cluster=0x0000_003E Command=0x0000_0005[0m
[0;32m[1784838346.337] [22636:22638] [CTL] Received certificate signing request from the device[0m
[0;32m[1784838346.337] [22636:22638] [CTL] Successfully finished commissioning step 'SendOpCertSigningRequest'[0m
[0;32m[1784838346.337] [22636:22638] [CTL] Commissioning stage next step: 'SendOpCertSigningRequest' -> 'ValidateCSR'[0m
[0;32m[1784838346.337] [22636:22638] [CTL] Performing next commissioning step 'ValidateCSR'[0m
[0;34m[1784838346.337] [22636:22638] [TOO] Starting commissioning stage 'ValidateCSR'[0m
[0;32m[1784838346.338] [22636:22638] [CTL] Successfully finished commissioning step 'ValidateCSR'[0m
[0;32m[1784838346.338] [22636:22638] [CTL] Commissioning stage next step: 'ValidateCSR' -> 'GenerateNOCChain'[0m
[0;32m[1784838346.338] [22636:22638] [CTL] Performing next commissioning step 'GenerateNOCChain'[0m
[0;34m[1784838346.338] [22636:22638] [TOO] Starting commissioning stage 'GenerateNOCChain'[0m
[0;32m[1784838346.338] [22636:22638] [CTL] Getting certificate chain for the device from the issuer[0m
[0;32m[1784838346.338] [22636:22638] [CTL] Verifying Certificate Signing Request[0m
[0;32m[1784838346.338] [22636:22638] [CTL] Generating NOC[0m
[0;32m[1784838346.339] [22636:22638] [CTL] Providing certificate chain to the commissioner[0m
[0;32m[1784838346.339] [22636:22638] [CTL] Received callback from the CA for NOC Chain generation. Status: Success[0m
[0;32m[1784838346.339] [22636:22638] [CTL] Successfully finished commissioning step 'GenerateNOCChain'[0m
[0;32m[1784838346.339] [22636:22638] [CTL] Performing next commissioning step 'SendTrustedRootCert'[0m
[0;34m[1784838346.339] [22636:22638] [TOO] Starting commissioning stage 'SendTrustedRootCert'[0m
[0;32m[1784838346.339] [22636:22638] [CTL] Sending root certificate to the device[0m
[0;34m[1784838346.339] [22636:22638] [DMG] ICR moving to [AddingComm][0m
[0;34m[1784838346.339] [22636:22638] [DMG] ICR moving to [AddedComma][0m
[0;32m[1784838346.339] [22636:22638] [EM] <<< [E:59145i S:62861 M:32615747] (S) Msg TX from 0000000000000000 to 0:FFFFFFFB00000000 [0000] [UDP:[fe80::bfe:a203:38f0:bce7%enp0s3]:5540] --- Type 0001:08 (IM:InvokeCommandRequest) (B:293)[0m
[0;32m[1784838346.339] [22636:22638] [EM] ??1 [E:59145i S:62861 M:32615747] (S) Msg Retransmission to 0:FFFFFFFB00000000 scheduled for 388ms from now [State:Active II:500 AI:300 AT:4000][0m
[0;34m[1784838346.339] [22636:22638] [DMG] ICR moving to [AwaitingRe][0m
[0;32m[1784838346.339] [22636:22638] [CTL] Sent root certificate to the device[0m
[0;34m[1784838346.339] [22636:22638] [DMG] ICR moving to [AwaitingDe][0m
[0;32m[1784838346.339] [22636:22638] [EM] <<< [E:59144i S:62861 M:32615748 (Ack:63986963)] (S) Msg TX from 0000000000000000 to 0:FFFFFFFB00000000 [0000] [UDP:[fe80::bfe:a203:38f0:bce7%enp0s3]:5540] --- Type 0000:10 (SecureChannel:StandaloneAck) (B:34)[0m
[0;34m[1784838346.339] [22636:22638] [EM] Flushed pending ack for MessageCounter:63986963 on exchange 59144i[0m
[0;32m[1784838346.340] [22636:22638] [EM] >>> [E:59145i S:62861 M:63986964 (Ack:32615747)] (S) Msg RX from 0:FFFFFFFB00000000 [0000] to 0000000000000000 --- Type 0001:09 (IM:InvokeCommandResponse) (B:67)[0m
[0;34m[1784838346.340] [22636:22638] [EM] Found matching exchange: 59145i, Delegate: 0x7f1840035088[0m
[0;34m[1784838346.340] [22636:22638] [EM] Rxd Ack; Removing MessageCounter:32615747 from Retrans Table on exchange 59145i[0m
[0;34m[1784838346.340] [22636:22638] [DMG] ICR moving to [ResponseRe][0m
[0;34m[1784838346.340] [22636:22638] [DMG] InvokeResponseMessage =[0m
[0;34m[1784838346.340] [22636:22638] [DMG] {[0m
[0;34m[1784838346.340] [22636:22638] [DMG] 	suppressResponse = false, [0m
[0;34m[1784838346.340] [22636:22638] [DMG] 	InvokeResponseIBs =[0m
[0;34m[1784838346.340] [22636:22638] [DMG] 	[[0m
[0;34m[1784838346.340] [22636:22638] [DMG] 		InvokeResponseIB =[0m
[0;34m[1784838346.340] [22636:22638] [DMG] 		{[0m
[0;34m[1784838346.340] [22636:22638] [DMG] 			CommandStatusIB =[0m
[0;34m[1784838346.340] [22636:22638] [DMG] 			{[0m
[0;34m[1784838346.340] [22636:22638] [DMG] 				CommandPathIB =[0m
[0;34m[1784838346.340] [22636:22638] [DMG] 				{[0m
[0;34m[1784838346.340] [22636:22638] [DMG] 					EndpointId = 0x0,[0m
[0;34m[1784838346.340] [22636:22638] [DMG] 					ClusterId = 0x3e,[0m
[0;34m[1784838346.340] [22636:22638] [DMG] 					CommandId = 0xb,[0m
[0;34m[1784838346.340] [22636:22638] [DMG] 				},[0m
[0;34m[1784838346.340] [22636:22638] [DMG] 				[0m
[0;34m[1784838346.340] [22636:22638] [DMG] 				StatusIB =[0m
[0;34m[1784838346.340] [22636:22638] [DMG] 				{[0m
[0;34m[1784838346.340] [22636:22638] [DMG] 					status = 0x00 (SUCCESS),[0m
[0;34m[1784838346.340] [22636:22638] [DMG] 				},[0m
[0;34m[1784838346.340] [22636:22638] [DMG] 				[0m
[0;34m[1784838346.340] [22636:22638] [DMG] 			},[0m
[0;34m[1784838346.340] [22636:22638] [DMG] 			[0m
[0;34m[1784838346.340] [22636:22638] [DMG] 		},[0m
[0;34m[1784838346.340] [22636:22638] [DMG] 		[0m
[0;34m[1784838346.340] [22636:22638] [DMG] 	],[0m
[0;34m[1784838346.340] [22636:22638] [DMG] 	[0m
[0;34m[1784838346.340] [22636:22638] [DMG] 	InteractionModelRevision = 12[0m
[0;34m[1784838346.340] [22636:22638] [DMG] },[0m
[0;32m[1784838346.340] [22636:22638] [DMG] Received Command Response Status for Endpoint=0 Cluster=0x0000_003E Command=0x0000_000B Status=0x0[0m
[0;32m[1784838346.340] [22636:22638] [CTL] Device confirmed that it has received the root certificate[0m
[0;32m[1784838346.340] [22636:22638] [CTL] Successfully finished commissioning step 'SendTrustedRootCert'[0m
[0;32m[1784838346.340] [22636:22638] [CTL] Commissioning stage next step: 'SendTrustedRootCert' -> 'SendNOC'[0m
[0;32m[1784838346.340] [22636:22638] [CTL] Performing next commissioning step 'SendNOC'[0m
[0;34m[1784838346.340] [22636:22638] [TOO] Starting commissioning stage 'SendNOC'[0m
[0;34m[1784838346.340] [22636:22638] [DMG] ICR moving to [AddingComm][0m
[0;34m[1784838346.340] [22636:22638] [DMG] ICR moving to [AddedComma][0m
[0;32m[1784838346.340] [22636:22638] [EM] <<< [E:59146i S:62861 M:32615749] (S) Msg TX from 0000000000000000 to 0:FFFFFFFB00000000 [0000] [UDP:[fe80::bfe:a203:38f0:bce7%enp0s3]:5540] --- Type 0001:08 (IM:InvokeCommandRequest) (B:566)[0m
[0;32m[1784838346.340] [22636:22638] [EM] ??1 [E:59146i S:62861 M:32615749] (S) Msg Retransmission to 0:FFFFFFFB00000000 scheduled for 349ms from now [State:Active II:500 AI:300 AT:4000][0m
[0;34m[1784838346.340] [22636:22638] [DMG] ICR moving to [AwaitingRe][0m
[0;32m[1784838346.340] [22636:22638] [CTL] Sent operational certificate to the device[0m
[0;34m[1784838346.340] [22636:22638] [DMG] ICR moving to [AwaitingDe][0m
[0;32m[1784838346.340] [22636:22638] [EM] <<< [E:59145i S:62861 M:32615750 (Ack:63986964)] (S) Msg TX from 0000000000000000 to 0:FFFFFFFB00000000 [0000] [UDP:[fe80::bfe:a203:38f0:bce7%enp0s3]:5540] --- Type 0000:10 (SecureChannel:StandaloneAck) (B:34)[0m
[0;34m[1784838346.340] [22636:22638] [EM] Flushed pending ack for MessageCounter:63986964 on exchange 59145i[0m
[0;32m[1784838346.353] [22636:22638] [EM] >>> [E:59146i S:62861 M:63986965 (Ack:32615749)] (S) Msg RX from 0:FFFFFFFB00000000 [0000] to 0000000000000000 --- Type 0001:09 (IM:InvokeCommandResponse) (B:70)[0m
[0;34m[1784838346.353] [22636:22638] [EM] Found matching exchange: 59146i, Delegate: 0x7f18400382d8[0m
[0;34m[1784838346.353] [22636:22638] [EM] Rxd Ack; Removing MessageCounter:32615749 from Retrans Table on exchange 59146i[0m
[0;34m[1784838346.353] [22636:22638] [DMG] ICR moving to [ResponseRe][0m
[0;34m[1784838346.353] [22636:22638] [DMG] InvokeResponseMessage =[0m
[0;34m[1784838346.353] [22636:22638] [DMG] {[0m
[0;34m[1784838346.353] [22636:22638] [DMG] 	suppressResponse = false, [0m
[0;34m[1784838346.353] [22636:22638] [DMG] 	InvokeResponseIBs =[0m
[0;34m[1784838346.353] [22636:22638] [DMG] 	[[0m
[0;34m[1784838346.353] [22636:22638] [DMG] 		InvokeResponseIB =[0m
[0;34m[1784838346.353] [22636:22638] [DMG] 		{[0m
[0;34m[1784838346.353] [22636:22638] [DMG] 			CommandDataIB =[0m
[0;34m[1784838346.353] [22636:22638] [DMG] 			{[0m
[0;34m[1784838346.353] [22636:22638] [DMG] 				CommandPathIB =[0m
[0;34m[1784838346.353] [22636:22638] [DMG] 				{[0m
[0;34m[1784838346.353] [22636:22638] [DMG] 					EndpointId = 0x0,[0m
[0;34m[1784838346.353] [22636:22638] [DMG] 					ClusterId = 0x3e,[0m
[0;34m[1784838346.353] [22636:22638] [DMG] 					CommandId = 0x8,[0m
[0;34m[1784838346.353] [22636:22638] [DMG] 				},[0m
[0;34m[1784838346.353] [22636:22638] [DMG] 				[0m
[0;34m[1784838346.353] [22636:22638] [DMG] 				CommandFields = [0m
[0;34m[1784838346.353] [22636:22638] [DMG] 				{[0m
[0;34m[1784838346.353] [22636:22638] [DMG] 					0x0 = 0 (unsigned), [0m
[0;34m[1784838346.353] [22636:22638] [DMG] 					0x1 = 1 (unsigned), [0m
[0;34m[1784838346.353] [22636:22638] [DMG] 				},[0m
[0;34m[1784838346.353] [22636:22638] [DMG] 			},[0m
[0;34m[1784838346.353] [22636:22638] [DMG] 			[0m
[0;34m[1784838346.353] [22636:22638] [DMG] 		},[0m
[0;34m[1784838346.353] [22636:22638] [DMG] 		[0m
[0;34m[1784838346.353] [22636:22638] [DMG] 	],[0m
[0;34m[1784838346.353] [22636:22638] [DMG] 	[0m
[0;34m[1784838346.353] [22636:22638] [DMG] 	InteractionModelRevision = 12[0m
[0;34m[1784838346.353] [22636:22638] [DMG] },[0m
[0;32m[1784838346.353] [22636:22638] [DMG] Received Command Response Data, Endpoint=0 Cluster=0x0000_003E Command=0x0000_0008[0m
[0;32m[1784838346.353] [22636:22638] [CTL] Device returned status 0 on receiving the NOC[0m
[0;32m[1784838346.353] [22636:22638] [CTL] Operational credentials provisioned on device 0x7f1840033e20[0m
[0;32m[1784838346.353] [22636:22638] [TOO] Secure Pairing Success[0m
[0;32m[1784838346.353] [22636:22638] [TOO] CASE establishment successful[0m
[0;32m[1784838346.353] [22636:22638] [CTL] Successfully finished commissioning step 'SendNOC'[0m
[0;32m[1784838346.353] [22636:22638] [CTL] Commissioning stage next step: 'SendNOC' -> 'EvictPreviousCaseSessions'[0m
[0;32m[1784838346.353] [22636:22638] [CTL] Performing next commissioning step 'EvictPreviousCaseSessions'[0m
[0;34m[1784838346.353] [22636:22638] [TOO] Starting commissioning stage 'EvictPreviousCaseSessions'[0m
[0;34m[1784838346.353] [22636:22638] [IN] Expiring all sessions for node <0000000000000001, 1>!![0m
[0;32m[1784838346.353] [22636:22638] [CTL] Successfully finished commissioning step 'EvictPreviousCaseSessions'[0m
[0;32m[1784838346.353] [22636:22638] [CTL] Commissioning stage next step: 'EvictPreviousCaseSessions' -> 'FindOperationalForStayActive'[0m
[0;32m[1784838346.353] [22636:22638] [CTL] Performing next commissioning step 'FindOperationalForStayActive'[0m
[0;34m[1784838346.353] [22636:22638] [TOO] Starting commissioning stage 'FindOperationalForStayActive'[0m
[0;34m[1784838346.353] [22636:22638] [CSM] FindOrEstablishSession: PeerId = [1:0000000000000001][0m
[0;34m[1784838346.353] [22636:22638] [CSM] FindOrEstablishSession: No existing OperationalSessionSetup instance found[0m
[0;34m[1784838346.353] [22636:22638] [DIS] OperationalSessionSetup[1:0000000000000001]: State change 1 --> 2[0m
[0;32m[1784838346.354] [22636:22638] [DIS] Lookup started for 26070101333722E0-0000000000000001[0m
[0;34m[1784838346.354] [22636:22638] [DMG] ICR moving to [AwaitingDe][0m
[0;32m[1784838346.354] [22636:22638] [EM] <<< [E:59146i S:62861 M:32615751 (Ack:63986965)] (S) Msg TX from 0000000000000000 to 0:FFFFFFFB00000000 [0000] [UDP:[fe80::bfe:a203:38f0:bce7%enp0s3]:5540] --- Type 0000:10 (SecureChannel:StandaloneAck) (B:34)[0m
[0;34m[1784838346.354] [22636:22638] [EM] Flushed pending ack for MessageCounter:63986965 on exchange 59146i[0m
[0;32m[1784838346.354] [22636:22638] [DIS] UDP:[fe80::bfe:a203:38f0:bce7%enp0s3]:5540: new best score: 7 (for 26070101333722E0-0000000000000001)[0m
[0;34m[1784838346.354] [22636:22638] [DIS] Lookup clearing interface for non LL address[0m
[0;32m[1784838346.354] [22636:22638] [DIS] UDP:10.0.2.15%enp0s3:5540: new best score: 2 (for 26070101333722E0-0000000000000001)[0m
[0;32m[1784838346.354] [22636:22638] [DIS] Checking node lookup status for 26070101333722E0-0000000000000001 after 1 ms[0m
[0;32m[1784838346.354] [22636:22638] [DIS] Keeping DNSSD lookup active[0m
[0;32m[1784838346.354] [22636:22638] [DIS] UDP:[fe80::bfe:a203:38f0:bce7%enp0s3]:5540: score has not improved: 7 (for 26070101333722E0-0000000000000001)[0m
[0;34m[1784838346.354] [22636:22638] [DIS] Lookup clearing interface for non LL address[0m
[0;32m[1784838346.354] [22636:22638] [DIS] UDP:10.0.2.15%enp0s3:5540: score has not improved: 2 (for 26070101333722E0-0000000000000001)[0m
[0;32m[1784838346.354] [22636:22638] [DIS] Checking node lookup status for 26070101333722E0-0000000000000001 after 1 ms[0m
[0;32m[1784838346.354] [22636:22638] [DIS] Keeping DNSSD lookup active[0m
[0;32m[1784838346.554] [22636:22638] [DIS] Checking node lookup status for 26070101333722E0-0000000000000001 after 201 ms[0m
[0;34m[1784838346.554] [22636:22638] [DIS] OperationalSessionSetup[1:0000000000000001]: Updating device address to UDP:[fe80::bfe:a203:38f0:bce7%enp0s3]:5540 while in state 2[0m
[0;34m[1784838346.554] [22636:22638] [DIS] OperationalSessionSetup[1:0000000000000001]: State change 2 --> 3[0m
[0;34m[1784838346.554] [22636:22638] [IN] SecureSession[0x7f18400647b0]: Allocated Type:2 LSID:62862[0m
[0;32m[1784838346.554] [22636:22638] [SC] Initiating session on local FabricIndex 1 from 0x000000000001B669 -> 0x0000000000000001[0m
[0;32m[1784838346.555] [22636:22638] [EM] <<< [E:59147i S:0 M:180369570] (U) Msg TX from B0612A3A5832CC87 to 0:0000000000000000 [0000] [UDP:[fe80::bfe:a203:38f0:bce7%enp0s3]:5540] --- Type 0000:30 (SecureChannel:CASE_Sigma1) (B:196)[0m
[0;32m[1784838346.555] [22636:22638] [EM] ??1 [E:59147i S:0 M:180369570] (U) Msg Retransmission to 0:0000000000000000 scheduled for 625ms from now [State:Idle II:500 AI:300 AT:4000][0m
[0;32m[1784838346.555] [22636:22638] [SC] Sent Sigma1 msg to <0000000000000001, 1> [II:500ms AI:300ms AT:4000ms][0m
[0;34m[1784838346.555] [22636:22638] [DIS] OperationalSessionSetup[1:0000000000000001]: State change 3 --> 4[0m
[0;32m[1784838346.556] [22636:22638] [EM] >>> [E:59147i S:0 M:47216234 (Ack:180369570)] (U) Msg RX from 0:0000000000000000 [0000] to B0612A3A5832CC87 --- Type 0000:31 (SecureChannel:CASE_Sigma2) (B:751)[0m
[0;34m[1784838346.556] [22636:22638] [EM] Found matching exchange: 59147i, Delegate: 0x7f1840064e88[0m
[0;34m[1784838346.556] [22636:22638] [EM] Rxd Ack; Removing MessageCounter:180369570 from Retrans Table on exchange 59147i[0m
[0;32m[1784838346.556] [22636:22638] [SC] Received Sigma2 msg[0m
[0;34m[1784838346.556] [22636:22638] [SC] Found MRP parameters in the message[0m
[0;34m[1784838346.557] [22636:22638] [SC] Peer <0000000000000001, 1> assigned session ID 40561[0m
[0;34m[1784838346.557] [22636:22638] [SC] Sending Sigma3[0m
[0;32m[1784838346.557] [22636:22638] [EM] <<< [E:59147i S:0 M:180369571 (Ack:47216234)] (U) Msg TX from B0612A3A5832CC87 to 0:0000000000000000 [0000] [UDP:[fe80::bfe:a203:38f0:bce7%enp0s3]:5540] --- Type 0000:32 (SecureChannel:CASE_Sigma3) (B:598)[0m
[0;32m[1784838346.557] [22636:22638] [EM] ??1 [E:59147i S:0 M:180369571] (U) Msg Retransmission to 0:0000000000000000 scheduled for 369ms from now [State:Active II:500 AI:300 AT:4000][0m
[0;32m[1784838346.557] [22636:22638] [SC] Sent Sigma3 msg[0m
[0;32m[1784838346.566] [22636:22638] [EM] >>> [E:59147i S:0 M:47216235 (Ack:180369571)] (U) Msg RX from 0:0000000000000000 [0000] to B0612A3A5832CC87 --- Type 0000:40 (SecureChannel:StatusReport) (B:34)[0m
[0;34m[1784838346.566] [22636:22638] [EM] Found matching exchange: 59147i, Delegate: 0x7f1840064e88[0m
[0;34m[1784838346.566] [22636:22638] [EM] Rxd Ack; Removing MessageCounter:180369571 from Retrans Table on exchange 59147i[0m
[0;32m[1784838346.566] [22636:22638] [SC] Success status report received. Session was established[0m
[0;32m[1784838346.567] [22636:22638] [SC] SecureSession[0x7f18400647b0, LSID:62862]: State change 'kEstablishing' --> 'kActive'[0m
[0;34m[1784838346.567] [22636:22638] [IN] SecureSession[0x7f18400647b0]: Activated - Type:2 LSID:62862[0m
[0;34m[1784838346.567] [22636:22638] [IN] New secure session activated for device <0000000000000001, 1>, LSID:62862 PSID:40561![0m
[0;34m[1784838346.567] [22636:22638] [DIS] OperationalSessionSetup[1:0000000000000001]: State change 4 --> 5[0m
[0;32m[1784838346.567] [22636:22638] [CTL] Successfully finished commissioning step 'FindOperationalForStayActive'[0m
[0;32m[1784838346.567] [22636:22638] [CTL] Commissioning stage next step: 'FindOperationalForStayActive' -> 'ICDSendStayActive'[0m
[0;32m[1784838346.567] [22636:22638] [CTL] Performing next commissioning step 'ICDSendStayActive'[0m
[0;34m[1784838346.567] [22636:22638] [TOO] Starting commissioning stage 'ICDSendStayActive'[0m
[0;32m[1784838346.567] [22636:22638] [CTL] Skipping kICDSendStayActive[0m
[0;32m[1784838346.567] [22636:22638] [CTL] Successfully finished commissioning step 'ICDSendStayActive'[0m
[0;32m[1784838346.567] [22636:22638] [CTL] Commissioning stage next step: 'ICDSendStayActive' -> 'FindOperationalForCommissioningComplete'[0m
[0;32m[1784838346.567] [22636:22638] [CTL] Performing next commissioning step 'FindOperationalForCommissioningComplete'[0m
[0;34m[1784838346.567] [22636:22638] [TOO] Starting commissioning stage 'FindOperationalForCommissioningComplete'[0m
[0;34m[1784838346.567] [22636:22638] [CSM] FindOrEstablishSession: PeerId = [1:0000000000000001][0m
[0;34m[1784838346.567] [22636:22638] [CSM] FindOrEstablishSession: No existing OperationalSessionSetup instance found[0m
[0;32m[1784838346.567] [22636:22638] [DIS] Found an existing secure session to [1:0000000000000001]![0m
[0;34m[1784838346.567] [22636:22638] [DIS] OperationalSessionSetup[1:0000000000000001]: State change 1 --> 5[0m
[0;32m[1784838346.568] [22636:22638] [CTL] Successfully finished commissioning step 'FindOperationalForCommissioningComplete'[0m
[0;32m[1784838346.568] [22636:22638] [CTL] Commissioning stage next step: 'FindOperationalForCommissioningComplete' -> 'SendComplete'[0m
[0;32m[1784838346.568] [22636:22638] [CTL] Performing next commissioning step 'SendComplete'[0m
[0;34m[1784838346.568] [22636:22638] [TOO] Starting commissioning stage 'SendComplete'[0m
[0;34m[1784838346.568] [22636:22638] [DMG] ICR moving to [AddingComm][0m
[0;34m[1784838346.568] [22636:22638] [DMG] ICR moving to [AddedComma][0m
[0;32m[1784838346.568] [22636:22638] [EM] <<< [E:59148i S:62862 M:176307346] (S) Msg TX from 000000000001B669 to 1:0000000000000001 [22E0] [UDP:[fe80::bfe:a203:38f0:bce7%enp0s3]:5540] --- Type 0001:08 (IM:InvokeCommandRequest) (B:59)[0m
[0;32m[1784838346.568] [22636:22638] [EM] ??1 [E:59148i S:62862 M:176307346] (S) Msg Retransmission to 1:0000000000000001 scheduled for 399ms from now [State:Active II:500 AI:300 AT:4000][0m
[0;34m[1784838346.568] [22636:22638] [DMG] ICR moving to [AwaitingRe][0m
[0;32m[1784838346.568] [22636:22638] [EM] <<< [E:59147i S:0 M:180369572 (Ack:47216235)] (U) Msg TX from B0612A3A5832CC87 to 0:0000000000000000 [0000] [UDP:[fe80::bfe:a203:38f0:bce7%enp0s3]:5540] --- Type 0000:10 (SecureChannel:StandaloneAck) (B:26)[0m
[0;34m[1784838346.568] [22636:22638] [EM] Flushed pending ack for MessageCounter:47216235 on exchange 59147i[0m
[0;32m[1784838346.590] [22636:22638] [EM] >>> [E:59148i S:62862 M:244186872 (Ack:176307346)] (S) Msg RX from 1:0000000000000001 [22E0] to 000000000001B669 --- Type 0001:09 (IM:InvokeCommandResponse) (B:70)[0m
[0;34m[1784838346.590] [22636:22638] [EM] Found matching exchange: 59148i, Delegate: 0x7f18400382d8[0m
[0;34m[1784838346.590] [22636:22638] [EM] Rxd Ack; Removing MessageCounter:176307346 from Retrans Table on exchange 59148i[0m
[0;34m[1784838346.590] [22636:22638] [DMG] ICR moving to [ResponseRe][0m
[0;34m[1784838346.590] [22636:22638] [DMG] InvokeResponseMessage =[0m
[0;34m[1784838346.590] [22636:22638] [DMG] {[0m
[0;34m[1784838346.590] [22636:22638] [DMG] 	suppressResponse = false, [0m
[0;34m[1784838346.590] [22636:22638] [DMG] 	InvokeResponseIBs =[0m
[0;34m[1784838346.590] [22636:22638] [DMG] 	[[0m
[0;34m[1784838346.590] [22636:22638] [DMG] 		InvokeResponseIB =[0m
[0;34m[1784838346.590] [22636:22638] [DMG] 		{[0m
[0;34m[1784838346.590] [22636:22638] [DMG] 			CommandDataIB =[0m
[0;34m[1784838346.590] [22636:22638] [DMG] 			{[0m
[0;34m[1784838346.590] [22636:22638] [DMG] 				CommandPathIB =[0m
[0;34m[1784838346.590] [22636:22638] [DMG] 				{[0m
[0;34m[1784838346.590] [22636:22638] [DMG] 					EndpointId = 0x0,[0m
[0;34m[1784838346.590] [22636:22638] [DMG] 					ClusterId = 0x30,[0m
[0;34m[1784838346.590] [22636:22638] [DMG] 					CommandId = 0x5,[0m
[0;34m[1784838346.590] [22636:22638] [DMG] 				},[0m
[0;34m[1784838346.590] [22636:22638] [DMG] 				[0m
[0;34m[1784838346.590] [22636:22638] [DMG] 				CommandFields = [0m
[0;34m[1784838346.590] [22636:22638] [DMG] 				{[0m
[0;34m[1784838346.590] [22636:22638] [DMG] 					0x0 = 0 (unsigned), [0m
[0;34m[1784838346.590] [22636:22638] [DMG] 					0x1 = "" (0 chars), [0m
[0;34m[1784838346.590] [22636:22638] [DMG] 				},[0m
[0;34m[1784838346.590] [22636:22638] [DMG] 			},[0m
[0;34m[1784838346.590] [22636:22638] [DMG] 			[0m
[0;34m[1784838346.590] [22636:22638] [DMG] 		},[0m
[0;34m[1784838346.590] [22636:22638] [DMG] 		[0m
[0;34m[1784838346.590] [22636:22638] [DMG] 	],[0m
[0;34m[1784838346.590] [22636:22638] [DMG] 	[0m
[0;34m[1784838346.590] [22636:22638] [DMG] 	InteractionModelRevision = 12[0m
[0;34m[1784838346.590] [22636:22638] [DMG] },[0m
[0;32m[1784838346.590] [22636:22638] [DMG] Received Command Response Data, Endpoint=0 Cluster=0x0000_0030 Command=0x0000_0005[0m
[0;32m[1784838346.590] [22636:22638] [CTL] Received CommissioningComplete response, errorCode=0[0m
[0;32m[1784838346.590] [22636:22638] [CTL] Successfully finished commissioning step 'SendComplete'[0m
[0;32m[1784838346.590] [22636:22638] [CTL] Commissioning stage next step: 'SendComplete' -> 'Cleanup'[0m
[0;32m[1784838346.590] [22636:22638] [CTL] Performing next commissioning step 'Cleanup'[0m
[0;34m[1784838346.590] [22636:22638] [TOO] Starting commissioning stage 'Cleanup'[0m
[0;32m[1784838346.590] [22636:22638] [CTL] Successfully finished commissioning step 'Cleanup'[0m
[0;34m[1784838346.590] [22636:22638] [IN] SecureSession[0x7f1840032f30]: MarkForEviction Type:1 LSID:62861[0m
[0;32m[1784838346.590] [22636:22638] [SC] SecureSession[0x7f1840032f30, LSID:62861]: State change 'kActive' --> 'kPendingEviction'[0m
[0;34m[1784838346.590] [22636:22638] [IN] SecureSession[0x7f1840032f30]: Released - Type:1 LSID:62861[0m
[0;32m[1784838346.590] [22636:22638] [CTL] Commissioning complete for node ID 0x0000000000000001: success[0m
[0;32m[1784838346.590] [22636:22638] [TOO] Device commissioning completed with success[0m
[0;34m[1784838346.591] [22636:22638] [DMG] ICR moving to [AwaitingDe][0m
[0;32m[1784838346.591] [22636:22638] [EM] <<< [E:59148i S:62862 M:176307347 (Ack:244186872)] (S) Msg TX from 000000000001B669 to 1:0000000000000001 [22E0] [UDP:[fe80::bfe:a203:38f0:bce7%enp0s3]:5540] --- Type 0000:10 (SecureChannel:StandaloneAck) (B:34)[0m
[0;34m[1784838346.591] [22636:22638] [EM] Flushed pending ack for MessageCounter:244186872 on exchange 59148i[0m
[0;34m[1784838346.592] [22636:22636] [CTL] Shutting down the commissioner[0m
[0;32m[1784838346.592] [22636:22636] [PAF] WiFiPAF: Closing all WiFiPAF sessions to shutdown[0m
[0;34m[1784838346.592] [22636:22636] [CTL] Shutting down the controller[0m
[0;34m[1784838346.592] [22636:22636] [IN] Expiring all sessions for fabric 0x1!![0m
[0;34m[1784838346.592] [22636:22636] [IN] SecureSession[0x7f18400647b0]: MarkForEviction Type:2 LSID:62862[0m
[0;32m[1784838346.592] [22636:22636] [SC] SecureSession[0x7f18400647b0, LSID:62862]: State change 'kActive' --> 'kPendingEviction'[0m
[0;34m[1784838346.592] [22636:22636] [IN] SecureSession[0x7f18400647b0]: Released - Type:2 LSID:62862[0m
[0;32m[1784838346.592] [22636:22636] [FP] Forgetting fabric 0x1[0m
[0;32m[1784838346.592] [22636:22636] [TS] Pending Last Known Good Time: 2023-10-14T01:16:48[0m
[0;32m[1784838346.592] [22636:22636] [TS] Previous Last Known Good Time: 2023-10-14T01:16:48[0m
[0;32m[1784838346.592] [22636:22636] [TS] Reverted Last Known Good Time to previous value[0m
[0;34m[1784838346.592] [22636:22636] [CTL] Shutting down the commissioner[0m
[0;32m[1784838346.592] [22636:22636] [PAF] WiFiPAF: Closing all WiFiPAF sessions to shutdown[0m
[0;34m[1784838346.592] [22636:22636] [CTL] Shutting down the controller[0m
[0;34m[1784838346.592] [22636:22636] [CTL] Shutting down the System State, this will teardown the CHIP Stack[0m
[0;34m[1784838346.592] [22636:22636] [DMG] All ReadHandler-s are clean, clear GlobalDirtySet[0m
[0;32m[1784838346.592] [22636:22636] [FP] Shutting down FabricTable[0m
[0;32m[1784838346.592] [22636:22636] [TS] Pending Last Known Good Time: 2023-10-14T01:16:48[0m
[0;32m[1784838346.592] [22636:22636] [TS] Previous Last Known Good Time: 2023-10-14T01:16:48[0m
[0;32m[1784838346.592] [22636:22636] [TS] Reverted Last Known Good Time to previous value[0m
[0;34m[1784838346.594] [22636:22636] [DL] Wrote settings to /tmp/chip_counters.ini[0m
[0;32m[1784838346.594] [22636:22636] [DL] NVS set: chip-counters/total-operational-hours = 0 (0x0)[0m
[0;32m[1784838346.594] [22636:22636] [DL] Inet Layer shutdown[0m
[0;32m[1784838346.594] [22636:22636] [DL] BLE Layer shutdown[0m
[0;32m[1784838346.594] [22636:22636] [DL] WiFi-PAF Layer shutdown[0m
[0;32m[1784838346.594] [22636:22636] [PAF] WiFiPAF: Closing all WiFiPAF sessions to shutdown[0m
[0;32m[1784838346.594] [22636:22636] [DL] System Layer shutdown[0m
