[0;34m[1784838321.085] [22627:22627] [DL] ChipLinuxStorage::Init: Using KVS config file: /tmp/chip_kvs_test[0m
[0;34m[1784838321.118] [22627:22627] [DL] Wrote settings to /tmp/chip_kvs_test[0m
[1;31m[1784838321.119] [22627:22627] [DL] ChipLinuxStorage::Init: Attempt to re-initialize with KVS config file: /tmp/chip_kvs, IGNORING.[0m
[0;34m[1784838321.121] [22627:22627] [DL] ChipLinuxStorage::Init: Using KVS config file: /tmp/chip_factory.ini[0m
[0;34m[1784838321.123] [22627:22627] [DL] Wrote settings to /tmp/chip_factory.ini[0m
[0;34m[1784838321.123] [22627:22627] [DL] ChipLinuxStorage::Init: Using KVS config file: /tmp/chip_config.ini[0m
[0;34m[1784838321.126] [22627:22627] [DL] Wrote settings to /tmp/chip_config.ini[0m
[0;34m[1784838321.126] [22627:22627] [DL] ChipLinuxStorage::Init: Using KVS config file: /tmp/chip_counters.ini[0m
[0;34m[1784838321.128] [22627:22627] [DL] Wrote settings to /tmp/chip_counters.ini[0m
[0;34m[1784838321.130] [22627:22627] [DL] Wrote settings to /tmp/chip_config.ini[0m
[0;32m[1784838321.130] [22627:22627] [DL] NVS set: chip-config/unique-id = "B303868FC3F3BCE7"[0m
[0;34m[1784838321.132] [22627:22627] [DL] Wrote settings to /tmp/chip_factory.ini[0m
[0;32m[1784838321.132] [22627:22627] [DL] NVS set: chip-factory/vendor-id = 65521 (0xFFF1)[0m
[0;34m[1784838321.134] [22627:22627] [DL] Wrote settings to /tmp/chip_factory.ini[0m
[0;32m[1784838321.134] [22627:22627] [DL] NVS set: chip-factory/product-id = 32769 (0x8001)[0m
[0;34m[1784838321.137] [22627:22627] [DL] Wrote settings to /tmp/chip_counters.ini[0m
[0;32m[1784838321.137] [22627:22627] [DL] NVS set: chip-counters/reboot-count = 1 (0x1)[0m
[0;34m[1784838321.139] [22627:22627] [DL] Wrote settings to /tmp/chip_counters.ini[0m
[0;32m[1784838321.139] [22627:22627] [DL] NVS set: chip-counters/total-operational-hours = 0 (0x0)[0m
[0;34m[1784838321.141] [22627:22627] [DL] Wrote settings to /tmp/chip_counters.ini[0m
[0;32m[1784838321.141] [22627:22627] [DL] NVS set: chip-counters/boot-reason = 0 (0x0)[0m
[0;34m[1784838321.143] [22627:22627] [DL] Wrote settings to /tmp/chip_config.ini[0m
[0;32m[1784838321.143] [22627:22627] [DL] NVS set: chip-config/regulatory-location = 0 (0x0)[0m
[0;34m[1784838321.145] [22627:22627] [DL] Wrote settings to /tmp/chip_config.ini[0m
[0;32m[1784838321.145] [22627:22627] [DL] NVS set: chip-config/location-capability = 2 (0x2)[0m
[0;34m[1784838321.147] [22627:22627] [DL] Wrote settings to /tmp/chip_config.ini[0m
[0;32m[1784838321.147] [22627:22627] [DL] NVS set: chip-config/configuration-version = 1 (0x1)[0m
[0;32m[1784838321.147] [22627:22627] [DL] Got Ethernet interface: enp0s3[0m
[0;32m[1784838321.147] [22627:22627] [DL] Found the primary Ethernet interface:enp0s3[0m
[1;31m[1784838321.147] [22627:22627] [DL] Failed to get WiFi interface[0m
[1;31m[1784838321.147] [22627:22627] [DL] Failed to reset WiFi statistic counts[0m
[0;32m[1784838321.147] [22627:22627] [PAF] WiFiPAF: WiFiPAFLayer::Init()[0m
[1;31m[1784838321.147] [22627:22627] [-] *** WARNING: Using temporary passcode 20202021 due to no neither --passcode or --spake2p-verifier-base64 given on command line or factory configuration. This is temporary and will disappear. Please update your scripts to explicitly configure onboarding credentials. ***[0m
[1;31m[1784838321.147] [22627:22627] [-] *** WARNING: Using temporary test discriminator 3840 due to --discriminator not given on command line or factory configuration. This is temporary and will disappear. Please update your scripts to explicitly configure onboarding credentials. ***[0m
[0;32m[1784838321.147] [22627:22627] [SPT] LinuxCommissionableDataProvider didn't get a PASE salt, generating one.[0m
[0;32m[1784838321.149] [22627:22627] [DL] Device Configuration:[0m
[0;32m[1784838321.149] [22627:22627] [DL]   Serial Number: TEST_SN[0m
[0;32m[1784838321.149] [22627:22627] [DL]   Vendor Id: 65521 (0xFFF1)[0m
[0;32m[1784838321.149] [22627:22627] [DL]   Product Id: 32769 (0x8001)[0m
[0;32m[1784838321.149] [22627:22627] [DL]   Product Name: TEST_PRODUCT[0m
[0;32m[1784838321.149] [22627:22627] [DL]   Hardware Version: 0[0m
[0;32m[1784838321.149] [22627:22627] [DL]   Setup Pin Code (0 for UNKNOWN/ERROR): 20202021[0m
[0;32m[1784838321.149] [22627:22627] [DL]   Setup Discriminator (0xFFFF for UNKNOWN/ERROR): 3840 (0xF00)[0m
[0;32m[1784838321.149] [22627:22627] [DL]   Manufacturing Date: (not set)[0m
[0;32m[1784838321.149] [22627:22627] [DL]   Device Type: 257 (0x101)[0m
[0;32m[1784838321.149] [22627:22627] [-] ==== Onboarding payload for Standard Commissioning Flow ====[0m
[0;32m[1784838321.149] [22627:22627] [SVR] SetupQRCode: [MT:-24J042C00KA0648G00][0m
[0;32m[1784838321.149] [22627:22627] [SVR] Copy/paste the below URL in a browser to see the QR Code:[0m
[0;32m[1784838321.149] [22627:22627] [SVR] https://project-chip.github.io/connectedhomeip/qrcode.html?data=MT%3A-24J042C00KA0648G00[0m
[0;32m[1784838321.149] [22627:22627] [SVR] Manual pairing code: [34970112332][0m
[0;32m[1784838321.149] [22627:22627] [SVR] Initializing subscription resumption storage...[0m
[0;34m[1784838321.151] [22627:22627] [DL] Wrote settings to /tmp/chip_kvs_test[0m
[0;32m[1784838321.151] [22627:22627] [SVR] Server initializing...[0m
[0;34m[1784838321.151] [22627:22627] [FP] Initializing FabricTable from persistent storage[0m
[0;32m[1784838321.151] [22627:22627] [TS] Last Known Good Time: [unknown][0m
[0;32m[1784838321.151] [22627:22627] [TS] Setting Last Known Good Time to firmware build time 2023-10-14T01:16:48[0m
[0;34m[1784838321.153] [22627:22627] [DL] Wrote settings to /tmp/chip_kvs_test[0m
[0;32m[1784838321.153] [22627:22627] [DMG] AccessControl: initializing[0m
[0;32m[1784838321.153] [22627:22627] [DMG] Examples::AccessControlDelegate::Init[0m
[0;32m[1784838321.153] [22627:22627] [DMG] AccessControl: setting[0m
[0;32m[1784838321.153] [22627:22627] [DMG] DefaultAclStorage: initializing[0m
[0;32m[1784838321.153] [22627:22627] [DMG] DefaultAclStorage: 0 entries loaded[0m
[0;34m[1784838321.153] [22627:22627] [IN] UDP::Init bind&listen port=5540[0m
[0;34m[1784838321.153] [22627:22627] [IN] UDP::Init bound to port=5540[0m
[0;34m[1784838321.153] [22627:22627] [IN] UDP::Init bind&listen port=5540[0m
[0;34m[1784838321.153] [22627:22627] [IN] UDP::Init bound to port=5540[0m
[0;34m[1784838321.153] [22627:22627] [IN] BLEBase::Init - setting/overriding transport[0m
[0;32m[1784838321.153] [22627:22627] [IN] TCP server listening on port 5540 for incoming connections[0m
[0;32m[1784838321.153] [22627:22627] [IN] TCP server listening on port 5540 for incoming connections[0m
[0;34m[1784838321.153] [22627:22627] [IN] WiFiPAFBase::Init - setting/overriding transport[0m
[0;34m[1784838321.153] [22627:22627] [IN] TransportMgr initialized[0m
[0;34m[1784838321.155] [22627:22627] [DL] Wrote settings to /tmp/chip_kvs_test[0m
[0;34m[1784838321.157] [22627:22627] [DL] Wrote settings to /tmp/chip_kvs_test[0m
[0;34m[1784838321.160] [22627:22627] [DL] Wrote settings to /tmp/chip_kvs_test[0m
[0;32m[1784838321.160] [22627:22627] [DMG] Ember attribute persistence requires setting up[0m
[0;32m[1784838321.160] [22627:22627] [ZCL] Using ZAP configuration...[0m
[0;34m[1784838321.160] [22627:22627] [DMG] Failed to read stored attribute (1, 0x0000_0006, 0x0000_0000: src/platform/Linux/KeyValueStoreManagerImpl.cpp:53: CHIP Error 0x000000A0: Value not found in the persisted storage[0m
[0;34m[1784838321.160] [22627:22627] [DMG] Failed to read stored attribute (1, 0x0000_0006, 0x0000_4003: src/platform/Linux/KeyValueStoreManagerImpl.cpp:53: CHIP Error 0x000000A0: Value not found in the persisted storage[0m
[0;34m[1784838321.160] [22627:22627] [DMG] Failed to read stored attribute (1, 0x0000_0008, 0x0000_0000: src/platform/Linux/KeyValueStoreManagerImpl.cpp:53: CHIP Error 0x000000A0: Value not found in the persisted storage[0m
[0;34m[1784838321.160] [22627:22627] [DMG] Failed to read stored attribute (1, 0x0000_0008, 0x0000_4000: src/platform/Linux/KeyValueStoreManagerImpl.cpp:53: CHIP Error 0x000000A0: Value not found in the persisted storage[0m
[0;34m[1784838321.160] [22627:22627] [DMG] Failed to read stored attribute (1, 0x0000_0050, 0x0000_0003: src/platform/Linux/KeyValueStoreManagerImpl.cpp:53: CHIP Error 0x000000A0: Value not found in the persisted storage[0m
[0;34m[1784838321.160] [22627:22627] [DMG] Failed to read stored attribute (1, 0x0000_0050, 0x0000_0004: src/platform/Linux/KeyValueStoreManagerImpl.cpp:53: CHIP Error 0x000000A0: Value not found in the persisted storage[0m
[0;34m[1784838321.160] [22627:22627] [DMG] Failed to read stored attribute (1, 0x0000_0050, 0x0000_0005: src/platform/Linux/KeyValueStoreManagerImpl.cpp:53: CHIP Error 0x000000A0: Value not found in the persisted storage[0m
[0;34m[1784838321.160] [22627:22627] [DMG] Failed to read stored attribute (1, 0x0000_005C, 0x0000_0000: src/platform/Linux/KeyValueStoreManagerImpl.cpp:53: CHIP Error 0x000000A0: Value not found in the persisted storage[0m
[0;34m[1784838321.160] [22627:22627] [DMG] Failed to read stored attribute (1, 0x0000_005C, 0x0000_0001: src/platform/Linux/KeyValueStoreManagerImpl.cpp:53: CHIP Error 0x000000A0: Value not found in the persisted storage[0m
[0;34m[1784838321.160] [22627:22627] [DMG] Failed to read stored attribute (1, 0x0000_005C, 0x0000_0002: src/platform/Linux/KeyValueStoreManagerImpl.cpp:53: CHIP Error 0x000000A0: Value not found in the persisted storage[0m
[0;34m[1784838321.160] [22627:22627] [DMG] Failed to read stored attribute (1, 0x0000_005C, 0x0000_0003: src/platform/Linux/KeyValueStoreManagerImpl.cpp:53: CHIP Error 0x000000A0: Value not found in the persisted storage[0m
[0;34m[1784838321.160] [22627:22627] [DMG] Failed to read stored attribute (1, 0x0000_005C, 0x0000_0004: src/platform/Linux/KeyValueStoreManagerImpl.cpp:53: CHIP Error 0x000000A0: Value not found in the persisted storage[0m
[0;34m[1784838321.160] [22627:22627] [DMG] Failed to read stored attribute (1, 0x0000_005C, 0x0000_0006: src/platform/Linux/KeyValueStoreManagerImpl.cpp:53: CHIP Error 0x000000A0: Value not found in the persisted storage[0m
[0;34m[1784838321.160] [22627:22627] [DMG] Failed to read stored attribute (1, 0x0000_005C, 0x0000_0007: src/platform/Linux/KeyValueStoreManagerImpl.cpp:53: CHIP Error 0x000000A0: Value not found in the persisted storage[0m
[0;34m[1784838321.160] [22627:22627] [DMG] Failed to read stored attribute (1, 0x0000_0081, 0x0000_0001: src/platform/Linux/KeyValueStoreManagerImpl.cpp:53: CHIP Error 0x000000A0: Value not found in the persisted storage[0m
[0;34m[1784838321.160] [22627:22627] [DMG] Failed to read stored attribute (1, 0x0000_0081, 0x0000_0008: src/platform/Linux/KeyValueStoreManagerImpl.cpp:53: CHIP Error 0x000000A0: Value not found in the persisted storage[0m
[0;34m[1784838321.160] [22627:22627] [DMG] Failed to read stored attribute (1, 0x0000_0102, 0x0000_0003: src/platform/Linux/KeyValueStoreManagerImpl.cpp:53: CHIP Error 0x000000A0: Value not found in the persisted storage[0m
[0;34m[1784838321.160] [22627:22627] [DMG] Failed to read stored attribute (1, 0x0000_0102, 0x0000_0004: src/platform/Linux/KeyValueStoreManagerImpl.cpp:53: CHIP Error 0x000000A0: Value not found in the persisted storage[0m
[0;34m[1784838321.160] [22627:22627] [DMG] Failed to read stored attribute (1, 0x0000_0102, 0x0000_0005: src/platform/Linux/KeyValueStoreManagerImpl.cpp:53: CHIP Error 0x000000A0: Value not found in the persisted storage[0m
[0;34m[1784838321.160] [22627:22627] [DMG] Failed to read stored attribute (1, 0x0000_0102, 0x0000_0006: src/platform/Linux/KeyValueStoreManagerImpl.cpp:53: CHIP Error 0x000000A0: Value not found in the persisted storage[0m
[0;34m[1784838321.160] [22627:22627] [DMG] Failed to read stored attribute (1, 0x0000_0102, 0x0000_0007: src/platform/Linux/KeyValueStoreManagerImpl.cpp:53: CHIP Error 0x000000A0: Value not found in the persisted storage[0m
[0;34m[1784838321.160] [22627:22627] [DMG] Failed to read stored attribute (1, 0x0000_0102, 0x0000_0008: src/platform/Linux/KeyValueStoreManagerImpl.cpp:53: CHIP Error 0x000000A0: Value not found in the persisted storage[0m
[0;34m[1784838321.160] [22627:22627] [DMG] Failed to read stored attribute (1, 0x0000_0102, 0x0000_0009: src/platform/Linux/KeyValueStoreManagerImpl.cpp:53: CHIP Error 0x000000A0: Value not found in the persisted storage[0m
[0;34m[1784838321.160] [22627:22627] [DMG] Failed to read stored attribute (1, 0x0000_0102, 0x0000_000E: src/platform/Linux/KeyValueStoreManagerImpl.cpp:53: CHIP Error 0x000000A0: Value not found in the persisted storage[0m
[0;34m[1784838321.160] [22627:22627] [DMG] Failed to read stored attribute (1, 0x0000_0102, 0x0000_000F: src/platform/Linux/KeyValueStoreManagerImpl.cpp:53: CHIP Error 0x000000A0: Value not found in the persisted storage[0m
[0;34m[1784838321.160] [22627:22627] [DMG] Failed to read stored attribute (1, 0x0000_0102, 0x0000_0010: src/platform/Linux/KeyValueStoreManagerImpl.cpp:53: CHIP Error 0x000000A0: Value not found in the persisted storage[0m
[0;34m[1784838321.160] [22627:22627] [DMG] Failed to read stored attribute (1, 0x0000_0102, 0x0000_0011: src/platform/Linux/KeyValueStoreManagerImpl.cpp:53: CHIP Error 0x000000A0: Value not found in the persisted storage[0m
[0;34m[1784838321.160] [22627:22627] [DMG] Failed to read stored attribute (1, 0x0000_0102, 0x0000_0012: src/platform/Linux/KeyValueStoreManagerImpl.cpp:53: CHIP Error 0x000000A0: Value not found in the persisted storage[0m
[0;34m[1784838321.160] [22627:22627] [DMG] Failed to read stored attribute (1, 0x0000_0102, 0x0000_0013: src/platform/Linux/KeyValueStoreManagerImpl.cpp:53: CHIP Error 0x000000A0: Value not found in the persisted storage[0m
[0;34m[1784838321.160] [22627:22627] [DMG] Failed to read stored attribute (1, 0x0000_0102, 0x0000_0017: src/platform/Linux/KeyValueStoreManagerImpl.cpp:53: CHIP Error 0x000000A0: Value not found in the persisted storage[0m
[0;34m[1784838321.160] [22627:22627] [DMG] Failed to read stored attribute (1, 0x0000_0300, 0x0000_0000: src/platform/Linux/KeyValueStoreManagerImpl.cpp:53: CHIP Error 0x000000A0: Value not found in the persisted storage[0m
[0;34m[1784838321.160] [22627:22627] [DMG] Failed to read stored attribute (1, 0x0000_0300, 0x0000_0001: src/platform/Linux/KeyValueStoreManagerImpl.cpp:53: CHIP Error 0x000000A0: Value not found in the persisted storage[0m
[0;34m[1784838321.160] [22627:22627] [DMG] Failed to read stored attribute (1, 0x0000_0300, 0x0000_0003: src/platform/Linux/KeyValueStoreManagerImpl.cpp:53: CHIP Error 0x000000A0: Value not found in the persisted storage[0m
[0;34m[1784838321.160] [22627:22627] [DMG] Failed to read stored attribute (1, 0x0000_0300, 0x0000_0004: src/platform/Linux/KeyValueStoreManagerImpl.cpp:53: CHIP Error 0x000000A0: Value not found in the persisted storage[0m
[0;34m[1784838321.160] [22627:22627] [DMG] Failed to read stored attribute (1, 0x0000_0300, 0x0000_0007: src/platform/Linux/KeyValueStoreManagerImpl.cpp:53: CHIP Error 0x000000A0: Value not found in the persisted storage[0m
[0;34m[1784838321.160] [22627:22627] [DMG] Failed to read stored attribute (1, 0x0000_0300, 0x0000_4000: src/platform/Linux/KeyValueStoreManagerImpl.cpp:53: CHIP Error 0x000000A0: Value not found in the persisted storage[0m
[0;34m[1784838321.160] [22627:22627] [DMG] Failed to read stored attribute (1, 0x0000_0300, 0x0000_4001: src/platform/Linux/KeyValueStoreManagerImpl.cpp:53: CHIP Error 0x000000A0: Value not found in the persisted storage[0m
[0;34m[1784838321.160] [22627:22627] [DMG] Failed to read stored attribute (1, 0x0000_0300, 0x0000_4002: src/platform/Linux/KeyValueStoreManagerImpl.cpp:53: CHIP Error 0x000000A0: Value not found in the persisted storage[0m
[0;34m[1784838321.160] [22627:22627] [DMG] Failed to read stored attribute (1, 0x0000_0300, 0x0000_4003: src/platform/Linux/KeyValueStoreManagerImpl.cpp:53: CHIP Error 0x000000A0: Value not found in the persisted storage[0m
[0;34m[1784838321.160] [22627:22627] [DMG] Failed to read stored attribute (1, 0x0000_0300, 0x0000_4004: src/platform/Linux/KeyValueStoreManagerImpl.cpp:53: CHIP Error 0x000000A0: Value not found in the persisted storage[0m
[0;34m[1784838321.160] [22627:22627] [DMG] Failed to read stored attribute (1, 0x0000_0300, 0x0000_4010: src/platform/Linux/KeyValueStoreManagerImpl.cpp:53: CHIP Error 0x000000A0: Value not found in the persisted storage[0m
[0;34m[1784838321.162] [22627:22627] [DL] Wrote settings to /tmp/chip_kvs_test[0m
[0;34m[1784838321.162] [22627:22627] [EVL] LogEvent event number: 0x0000000000000000 priority: 1, endpoint id:  0x0 cluster id: 0x0000_0038 event id: 0x0 Epoch timestamp: 0x0000019F90A7740A[0m
[0;32m[1784838321.162] [22627:22627] [ZCL] Emit DSTTableEmpty event [ep=0][0m
[0;32m[1784838321.162] [22627:22627] [ZCL] Initializing TLS Certificate Management cluster.[0m
[0;32m[1784838321.162] [22627:22627] [ZCL] Initializing TLS Client Management cluster.[0m
[0;34m[1784838321.162] [22627:22627] [ZCL] UnitLocalization ep0 set default TemperatureUnit: 1[0m
[0;34m[1784838321.162] [22627:22627] [DMG] Endpoint 0, Cluster 0x0000_0004 update version to d8cf5953[0m
[0;34m[1784838321.162] [22627:22627] [DMG] Endpoint 0, Cluster 0x0000_0004 update version to d8cf5954[0m
[0;34m[1784838321.162] [22627:22627] [DMG] Endpoint 1, Cluster 0x0000_0004 update version to f8be76ce[0m
[0;34m[1784838321.162] [22627:22627] [DMG] Endpoint 1, Cluster 0x0000_0004 update version to f8be76cf[0m
[0;32m[1784838321.162] [22627:22627] [ZCL] Endpoint 1 On/off already set to new value[0m
[0;34m[1784838321.162] [22627:22627] [DMG] Endpoint 1, Cluster 0x0000_0008 update version to a47be573[0m
[0;34m[1784838321.162] [22627:22627] [ZCL] ModeBase: Unable to load the CurrentMode from the KVS. Assuming 0[0m
[0;34m[1784838321.162] [22627:22627] [ZCL] ModeBase: Unable to load the StartUpMode from the KVS. Assuming null[0m
[0;34m[1784838321.162] [22627:22627] [ZCL] ModeBase: Unable to load the OnMode from the KVS.      Assuming null[0m
[0;34m[1784838321.162] [22627:22627] [ZCL] ModeBase: Unable to load the CurrentMode from the KVS. Assuming 0[0m
[0;34m[1784838321.162] [22627:22627] [ZCL] ModeBase: Unable to load the StartUpMode from the KVS. Assuming null[0m
[0;34m[1784838321.162] [22627:22627] [ZCL] ModeBase: Unable to load the OnMode from the KVS.      Assuming null[0m
[0;34m[1784838321.162] [22627:22627] [ZCL] ModeBase: Unable to load the CurrentMode from the KVS. Assuming 0[0m
[0;34m[1784838321.162] [22627:22627] [ZCL] ModeBase: Unable to load the StartUpMode from the KVS. Assuming null[0m
[0;34m[1784838321.162] [22627:22627] [ZCL] ModeBase: Unable to load the OnMode from the KVS.      Assuming null[0m
[0;34m[1784838321.162] [22627:22627] [ZCL] ModeBase: Unable to load the CurrentMode from the KVS. Assuming 0[0m
[0;34m[1784838321.162] [22627:22627] [ZCL] ModeBase: Unable to load the StartUpMode from the KVS. Assuming null[0m
[0;34m[1784838321.162] [22627:22627] [ZCL] ModeBase: Unable to load the OnMode from the KVS.      Assuming null[0m
[0;34m[1784838321.162] [22627:22627] [ZCL] ModeBase: Unable to load the CurrentMode from the KVS. Assuming 0[0m
[0;34m[1784838321.162] [22627:22627] [ZCL] ModeBase: Unable to load the StartUpMode from the KVS. Assuming null[0m
[0;34m[1784838321.162] [22627:22627] [ZCL] ModeBase: Unable to load the OnMode from the KVS.      Assuming null[0m
[0;34m[1784838321.162] [22627:22627] [ZCL] ModeBase: Unable to load the CurrentMode from the KVS. Assuming 0[0m
[0;34m[1784838321.162] [22627:22627] [ZCL] ModeBase: Unable to load the StartUpMode from the KVS. Assuming null[0m
[0;34m[1784838321.162] [22627:22627] [ZCL] ModeBase: Unable to load the OnMode from the KVS.      Assuming null[0m
[0;34m[1784838321.162] [22627:22627] [ZCL] ModeBase: Unable to load the CurrentMode from the KVS. Assuming 0[0m
[0;34m[1784838321.162] [22627:22627] [ZCL] ModeBase: Unable to load the StartUpMode from the KVS. Assuming null[0m
[0;34m[1784838321.162] [22627:22627] [ZCL] ModeBase: Unable to load the OnMode from the KVS.      Assuming null[0m
[0;34m[1784838321.162] [22627:22627] [ZCL] ResourceMonitoring: Init[0m
[0;34m[1784838321.162] [22627:22627] [ZCL] ResourceMonitoring: Unable to load the LastChangedTime from the KVS. Assuming null[0m
[0;34m[1784838321.162] [22627:22627] [ZCL] ResourceMonitoring: calling mDelegate->Init()[0m
[0;34m[1784838321.162] [22627:22627] [ZCL] HepaFilterMonitoringDelegate::Init()[0m
[0;34m[1784838321.162] [22627:22627] [ZCL] ResourceMonitoring: Init[0m
[0;34m[1784838321.162] [22627:22627] [ZCL] ResourceMonitoring: Unable to load the LastChangedTime from the KVS. Assuming null[0m
[0;34m[1784838321.162] [22627:22627] [ZCL] ResourceMonitoring: calling mDelegate->Init()[0m
[0;34m[1784838321.162] [22627:22627] [ZCL] ActivatedCarbonFilterMonitoringDelegate::Init()[0m
[0;34m[1784838321.164] [22627:22627] [DL] Wrote settings to /tmp/chip_kvs_test[0m
[0;34m[1784838321.164] [22627:22627] [DMG] Endpoint 1, Cluster 0x0000_0102 update version to ca914cbe[0m
[0;32m[1784838321.164] [22627:22627] [ZCL] WC POST ATTRIBUTE=7[0m
[0;32m[1784838321.164] [22627:22627] [ZCL] ConfigStatus 0x1B Operational=1 OnlineReserved=1[0m
[0;32m[1784838321.164] [22627:22627] [ZCL] Lift(PA=1 Encoder=0 Reversed=0) Tilt(PA=1 Encoder=0)[0m
[0;32m[1784838321.164] [22627:22627] [ZCL] Initialize PCC Server Cluster [EP:1][0m
[0;34m[1784838321.164] [22627:22627] [DMG] Endpoint 1, Cluster 0x0000_0300 update version to ca1ea22b[0m
[0;34m[1784838321.164] [22627:22627] [DMG] Endpoint 1, Cluster 0x0000_0300 update version to ca1ea22c[0m
[0;34m[1784838321.167] [22627:22627] [DL] Wrote settings to /tmp/chip_kvs_test[0m
[0;34m[1784838321.167] [22627:22627] [DMG] Endpoint 1, Cluster 0x0000_0300 update version to ca1ea22d[0m
[0;34m[1784838321.167] [22627:22627] [DMG] Endpoint 1, Cluster 0x0000_0406 update version to 5482e223[0m
[0;34m[1784838321.167] [22627:22627] [DMG] Endpoint 1, Cluster 0x0000_0406 update version to 5482e224[0m
[0;34m[1784838321.167] [22627:22627] [DMG] Endpoint 1, Cluster 0x0000_040C update version to 72b4a66a[0m
[0;34m[1784838321.167] [22627:22627] [DMG] Endpoint 1, Cluster 0x0000_040C update version to 72b4a66b[0m
[0;34m[1784838321.167] [22627:22627] [DMG] Endpoint 1, Cluster 0x0000_040C update version to 72b4a66c[0m
[0;34m[1784838321.167] [22627:22627] [DMG] Endpoint 1, Cluster 0x0000_040C update version to 72b4a66d[0m
[0;34m[1784838321.167] [22627:22627] [DMG] Endpoint 1, Cluster 0x0000_040C update version to 72b4a66e[0m
[0;34m[1784838321.167] [22627:22627] [DMG] Endpoint 1, Cluster 0x0000_040C update version to 72b4a66f[0m
[0;34m[1784838321.167] [22627:22627] [DMG] Endpoint 1, Cluster 0x0000_040C update version to 72b4a670[0m
[0;34m[1784838321.167] [22627:22627] [DMG] Endpoint 1, Cluster 0x0000_040C update version to 72b4a671[0m
[0;34m[1784838321.167] [22627:22627] [DMG] Endpoint 1, Cluster 0x0000_040D update version to 8252441e[0m
[0;34m[1784838321.167] [22627:22627] [DMG] Endpoint 1, Cluster 0x0000_040D update version to 8252441f[0m
[0;34m[1784838321.167] [22627:22627] [DMG] Endpoint 1, Cluster 0x0000_040D update version to 82524420[0m
[0;34m[1784838321.167] [22627:22627] [DMG] Endpoint 1, Cluster 0x0000_040D update version to 82524421[0m
[0;34m[1784838321.167] [22627:22627] [DMG] Endpoint 1, Cluster 0x0000_040D update version to 82524422[0m
[0;34m[1784838321.167] [22627:22627] [DMG] Endpoint 1, Cluster 0x0000_040D update version to 82524423[0m
[0;34m[1784838321.167] [22627:22627] [DMG] Endpoint 1, Cluster 0x0000_040D update version to 82524424[0m
[0;34m[1784838321.167] [22627:22627] [DMG] Endpoint 1, Cluster 0x0000_040D update version to 82524425[0m
[0;34m[1784838321.167] [22627:22627] [DMG] Endpoint 1, Cluster 0x0000_0413 update version to 44e3c0dd[0m
[0;34m[1784838321.167] [22627:22627] [DMG] Endpoint 1, Cluster 0x0000_0413 update version to 44e3c0de[0m
[0;34m[1784838321.167] [22627:22627] [DMG] Endpoint 1, Cluster 0x0000_0413 update version to 44e3c0df[0m
[0;34m[1784838321.167] [22627:22627] [DMG] Endpoint 1, Cluster 0x0000_0413 update version to 44e3c0e0[0m
[0;34m[1784838321.167] [22627:22627] [DMG] Endpoint 1, Cluster 0x0000_0413 update version to 44e3c0e1[0m
[0;34m[1784838321.167] [22627:22627] [DMG] Endpoint 1, Cluster 0x0000_0413 update version to 44e3c0e2[0m
[0;34m[1784838321.167] [22627:22627] [DMG] Endpoint 1, Cluster 0x0000_0413 update version to 44e3c0e3[0m
[0;34m[1784838321.167] [22627:22627] [DMG] Endpoint 1, Cluster 0x0000_0413 update version to 44e3c0e4[0m
[0;34m[1784838321.167] [22627:22627] [DMG] Endpoint 1, Cluster 0x0000_0415 update version to f176c0b5[0m
[0;34m[1784838321.167] [22627:22627] [DMG] Endpoint 1, Cluster 0x0000_0415 update version to f176c0b6[0m
[0;34m[1784838321.167] [22627:22627] [DMG] Endpoint 1, Cluster 0x0000_0415 update version to f176c0b7[0m
[0;34m[1784838321.167] [22627:22627] [DMG] Endpoint 1, Cluster 0x0000_0415 update version to f176c0b8[0m
[0;34m[1784838321.167] [22627:22627] [DMG] Endpoint 1, Cluster 0x0000_0415 update version to f176c0b9[0m
[0;34m[1784838321.167] [22627:22627] [DMG] Endpoint 1, Cluster 0x0000_0415 update version to f176c0ba[0m
[0;34m[1784838321.167] [22627:22627] [DMG] Endpoint 1, Cluster 0x0000_0415 update version to f176c0bb[0m
[0;34m[1784838321.167] [22627:22627] [DMG] Endpoint 1, Cluster 0x0000_0415 update version to f176c0bc[0m
[0;34m[1784838321.167] [22627:22627] [DMG] Endpoint 1, Cluster 0x0000_042A update version to 9aad7b44[0m
[0;34m[1784838321.167] [22627:22627] [DMG] Endpoint 1, Cluster 0x0000_042A update version to 9aad7b45[0m
[0;34m[1784838321.167] [22627:22627] [DMG] Endpoint 1, Cluster 0x0000_042A update version to 9aad7b46[0m
[0;34m[1784838321.167] [22627:22627] [DMG] Endpoint 1, Cluster 0x0000_042A update version to 9aad7b47[0m
[0;34m[1784838321.167] [22627:22627] [DMG] Endpoint 1, Cluster 0x0000_042A update version to 9aad7b48[0m
[0;34m[1784838321.167] [22627:22627] [DMG] Endpoint 1, Cluster 0x0000_042A update version to 9aad7b49[0m
[0;34m[1784838321.167] [22627:22627] [DMG] Endpoint 1, Cluster 0x0000_042A update version to 9aad7b4a[0m
[0;34m[1784838321.167] [22627:22627] [DMG] Endpoint 1, Cluster 0x0000_042A update version to 9aad7b4b[0m
[0;34m[1784838321.167] [22627:22627] [DMG] Endpoint 1, Cluster 0x0000_042B update version to c525b4f1[0m
[0;34m[1784838321.167] [22627:22627] [DMG] Endpoint 1, Cluster 0x0000_042B update version to c525b4f2[0m
[0;34m[1784838321.167] [22627:22627] [DMG] Endpoint 1, Cluster 0x0000_042B update version to c525b4f3[0m
[0;34m[1784838321.167] [22627:22627] [DMG] Endpoint 1, Cluster 0x0000_042B update version to c525b4f4[0m
[0;34m[1784838321.167] [22627:22627] [DMG] Endpoint 1, Cluster 0x0000_042B update version to c525b4f5[0m
[0;34m[1784838321.167] [22627:22627] [DMG] Endpoint 1, Cluster 0x0000_042B update version to c525b4f6[0m
[0;34m[1784838321.167] [22627:22627] [DMG] Endpoint 1, Cluster 0x0000_042B update version to c525b4f7[0m
[0;34m[1784838321.167] [22627:22627] [DMG] Endpoint 1, Cluster 0x0000_042B update version to c525b4f8[0m
[0;34m[1784838321.167] [22627:22627] [DMG] Endpoint 1, Cluster 0x0000_042C update version to 76060c09[0m
[0;34m[1784838321.167] [22627:22627] [DMG] Endpoint 1, Cluster 0x0000_042C update version to 76060c0a[0m
[0;34m[1784838321.167] [22627:22627] [DMG] Endpoint 1, Cluster 0x0000_042C update version to 76060c0b[0m
[0;34m[1784838321.167] [22627:22627] [DMG] Endpoint 1, Cluster 0x0000_042C update version to 76060c0c[0m
[0;34m[1784838321.167] [22627:22627] [DMG] Endpoint 1, Cluster 0x0000_042C update version to 76060c0d[0m
[0;34m[1784838321.167] [22627:22627] [DMG] Endpoint 1, Cluster 0x0000_042C update version to 76060c0e[0m
[0;34m[1784838321.167] [22627:22627] [DMG] Endpoint 1, Cluster 0x0000_042C update version to 76060c0f[0m
[0;34m[1784838321.167] [22627:22627] [DMG] Endpoint 1, Cluster 0x0000_042C update version to 76060c10[0m
[0;34m[1784838321.167] [22627:22627] [DMG] Endpoint 1, Cluster 0x0000_042D update version to 6123bb3b[0m
[0;34m[1784838321.167] [22627:22627] [DMG] Endpoint 1, Cluster 0x0000_042D update version to 6123bb3c[0m
[0;34m[1784838321.167] [22627:22627] [DMG] Endpoint 1, Cluster 0x0000_042D update version to 6123bb3d[0m
[0;34m[1784838321.167] [22627:22627] [DMG] Endpoint 1, Cluster 0x0000_042D update version to 6123bb3e[0m
[0;34m[1784838321.167] [22627:22627] [DMG] Endpoint 1, Cluster 0x0000_042D update version to 6123bb3f[0m
[0;34m[1784838321.167] [22627:22627] [DMG] Endpoint 1, Cluster 0x0000_042D update version to 6123bb40[0m
[0;34m[1784838321.167] [22627:22627] [DMG] Endpoint 1, Cluster 0x0000_042D update version to 6123bb41[0m
[0;34m[1784838321.167] [22627:22627] [DMG] Endpoint 1, Cluster 0x0000_042D update version to 6123bb42[0m
[0;34m[1784838321.167] [22627:22627] [DMG] Endpoint 1, Cluster 0x0000_042E update version to fdc7d81[0m
[0;34m[1784838321.167] [22627:22627] [DMG] Endpoint 1, Cluster 0x0000_042E update version to fdc7d82[0m
[0;34m[1784838321.167] [22627:22627] [DMG] Endpoint 1, Cluster 0x0000_042E update version to fdc7d83[0m
[0;34m[1784838321.167] [22627:22627] [DMG] Endpoint 1, Cluster 0x0000_042E update version to fdc7d84[0m
[0;34m[1784838321.167] [22627:22627] [DMG] Endpoint 1, Cluster 0x0000_042E update version to fdc7d85[0m
[0;34m[1784838321.167] [22627:22627] [DMG] Endpoint 1, Cluster 0x0000_042E update version to fdc7d86[0m
[0;34m[1784838321.167] [22627:22627] [DMG] Endpoint 1, Cluster 0x0000_042E update version to fdc7d87[0m
[0;34m[1784838321.167] [22627:22627] [DMG] Endpoint 1, Cluster 0x0000_042E update version to fdc7d88[0m
[0;34m[1784838321.167] [22627:22627] [DMG] Endpoint 1, Cluster 0x0000_042F update version to a4a39653[0m
[0;34m[1784838321.167] [22627:22627] [DMG] Endpoint 1, Cluster 0x0000_042F update version to a4a39654[0m
[0;34m[1784838321.167] [22627:22627] [DMG] Endpoint 1, Cluster 0x0000_042F update version to a4a39655[0m
[0;34m[1784838321.167] [22627:22627] [DMG] Endpoint 1, Cluster 0x0000_042F update version to a4a39656[0m
[0;34m[1784838321.167] [22627:22627] [DMG] Endpoint 1, Cluster 0x0000_042F update version to a4a39657[0m
[0;34m[1784838321.167] [22627:22627] [DMG] Endpoint 1, Cluster 0x0000_042F update version to a4a39658[0m
[0;34m[1784838321.167] [22627:22627] [DMG] Endpoint 1, Cluster 0x0000_042F update version to a4a39659[0m
[0;34m[1784838321.167] [22627:22627] [DMG] Endpoint 1, Cluster 0x0000_042F update version to a4a3965a[0m
[0;32m[1784838321.167] [22627:22627] [-] Setting LowPower default delegate to global manager[0m
[0;34m[1784838321.167] [22627:22627] [DMG] Endpoint 2, Cluster 0x0000_0004 update version to 92bbfe6e[0m
[0;34m[1784838321.167] [22627:22627] [DMG] Endpoint 2, Cluster 0x0000_0004 update version to 92bbfe6f[0m
[1;31m[1784838321.167] [22627:22627] [IM] Duplicate attribute override registration failed[0m
[0;34m[1784838321.167] [22627:22627] [DMG] Endpoint 2, Cluster 0x0000_0406 update version to 9225f676[0m
[0;34m[1784838321.167] [22627:22627] [DMG] Endpoint 2, Cluster 0x0000_0406 update version to 9225f677[0m
[0;32m[1784838321.167] [22627:22627] [DMG] TLSClientManagementCluster: initializing[0m
[0;32m[1784838321.167] [22627:22627] [DMG] TLSCertificateManagementCluster: initializing[0m
[0;34m[1784838321.167] [22627:22627] [ZCL] Chime: Unable to load the SelectedChime attribute from the KVS. Defaulting to 0[0m
[0;34m[1784838321.167] [22627:22627] [ZCL] Chime: Unable to load the Enabled attribute from the KVS. Defaulting to 1[0m
[0;34m[1784838321.167] [22627:22627] [EVL] LogEvent event number: 0x0000000000000001 priority: 2, endpoint id:  0x0 cluster id: 0x0000_0033 event id: 0x3 Epoch timestamp: 0x0000019F90A7740F[0m
[0;34m[1784838321.169] [22627:22627] [DL] Wrote settings to /tmp/chip_kvs_test[0m
[0;32m[1784838321.169] [22627:22627] [DMG] AccessControlCluster: initializing[0m
[0;34m[1784838321.169] [22627:22627] [IN] SecureSession[0x64b28f8a1890]: Allocated Type:1 LSID:40560[0m
[0;34m[1784838321.169] [22627:22627] [SC] Assigned local session key ID 40560[0m
[0;34m[1784838321.169] [22627:22627] [SC] Waiting for PBKDF param request[0m
[0;32m[1784838321.169] [22627:22627] [DIS] Updating services using commissioning mode 1[0m
[0;32m[1784838321.170] [22627:22627] [DIS] CHIP minimal mDNS started advertising.[0m
[0;34m[1784838321.170] [22627:22627] [DL] Using WiFi MAC for hostname[0m
[0;34m[1784838321.170] [22627:22627] [DIS] DNS-SD Pairing Instruction not set[0m
[0;32m[1784838321.170] [22627:22627] [DIS] Advertise commission parameter vendorID=65521 productID=32769 discriminator=3840/15 cm=1 cp=0 jf=0[0m
[0;34m[1784838321.170] [22627:22627] [DIS] Responding with _matterc._udp.local[0m
[0;34m[1784838321.170] [22627:22627] [DIS] Responding with 8967CDD5E5C0F259._matterc._udp.local[0m
[0;34m[1784838321.170] [22627:22627] [DIS] Responding with 080027AE1A43.local[0m
[0;34m[1784838321.170] [22627:22627] [DIS] Responding with 080027AE1A43.local[0m
[0;34m[1784838321.170] [22627:22627] [DIS] Responding with _V65521._sub._matterc._udp.local[0m
[0;34m[1784838321.170] [22627:22627] [DIS] Responding with _T257._sub._matterc._udp.local[0m
[0;34m[1784838321.170] [22627:22627] [DIS] Responding with _S15._sub._matterc._udp.local[0m
[0;34m[1784838321.170] [22627:22627] [DIS] Responding with _L3840._sub._matterc._udp.local[0m
[0;34m[1784838321.170] [22627:22627] [DIS] Responding with _CM._sub._matterc._udp.local[0m
[0;34m[1784838321.170] [22627:22627] [DIS] Responding with 8967CDD5E5C0F259._matterc._udp.local[0m
[0;32m[1784838321.170] [22627:22627] [DIS] CHIP minimal mDNS configured as 'Commissionable node device'; instance name: 8967CDD5E5C0F259.[0m
[0;32m[1784838321.170] [22627:22627] [DIS] mDNS service published: _matterc._udp[0m
[0;32m[1784838321.170] [22627:22627] [DIS] Updating services using commissioning mode 1[0m
[0;32m[1784838321.170] [22627:22627] [DIS] CHIP minimal mDNS started advertising.[0m
[0;34m[1784838321.171] [22627:22627] [DL] Using WiFi MAC for hostname[0m
[0;34m[1784838321.171] [22627:22627] [DIS] DNS-SD Pairing Instruction not set[0m
[0;32m[1784838321.171] [22627:22627] [DIS] Advertise commission parameter vendorID=65521 productID=32769 discriminator=3840/15 cm=1 cp=0 jf=0[0m
[0;34m[1784838321.171] [22627:22627] [DIS] Responding with _matterc._udp.local[0m
[0;34m[1784838321.171] [22627:22627] [DIS] Responding with 8967CDD5E5C0F259._matterc._udp.local[0m
[0;34m[1784838321.171] [22627:22627] [DIS] Responding with 080027AE1A43.local[0m
[0;34m[1784838321.171] [22627:22627] [DIS] Responding with 080027AE1A43.local[0m
[0;34m[1784838321.171] [22627:22627] [DIS] Responding with _V65521._sub._matterc._udp.local[0m
[0;34m[1784838321.171] [22627:22627] [DIS] Responding with _T257._sub._matterc._udp.local[0m
[0;34m[1784838321.171] [22627:22627] [DIS] Responding with _S15._sub._matterc._udp.local[0m
[0;34m[1784838321.171] [22627:22627] [DIS] Responding with _L3840._sub._matterc._udp.local[0m
[0;34m[1784838321.171] [22627:22627] [DIS] Responding with _CM._sub._matterc._udp.local[0m
[0;34m[1784838321.171] [22627:22627] [DIS] Responding with 8967CDD5E5C0F259._matterc._udp.local[0m
[0;32m[1784838321.171] [22627:22627] [DIS] CHIP minimal mDNS configured as 'Commissionable node device'; instance name: 8967CDD5E5C0F259.[0m
[0;32m[1784838321.172] [22627:22627] [DIS] mDNS service published: _matterc._udp[0m
[0;32m[1784838321.172] [22627:22627] [IN] CASE Server enabling CASE session setups[0m
[0;34m[1784838321.172] [22627:22627] [IN] SecureSession[0x64b28f8a1da0]: Allocated Type:2 LSID:40561[0m
[0;34m[1784838321.172] [22627:22627] [SC] Allocated SecureSession (0x64b28f8a1da0) - waiting for Sigma1 msg[0m
[0;32m[1784838321.172] [22627:22627] [SVR] Joining Multicast groups[0m
[0;34m[1784838321.172] [22627:22627] [ZCL] Emitting StartUp event[0m
[0;34m[1784838321.172] [22627:22627] [EVL] LogEvent event number: 0x0000000000000002 priority: 2, endpoint id:  0x0 cluster id: 0x0000_0028 event id: 0x0 Epoch timestamp: 0x0000019F90A77414[0m
[0;32m[1784838321.172] [22627:22627] [SVR] Server initialization complete[0m
[0;32m[1784838321.172] [22627:22627] [SVR] Server Listening...[0m
[0;32m[1784838321.172] [22627:22627] [DL] Device Configuration:[0m
[0;32m[1784838321.172] [22627:22627] [DL]   Serial Number: TEST_SN[0m
[0;32m[1784838321.172] [22627:22627] [DL]   Vendor Id: 65521 (0xFFF1)[0m
[0;32m[1784838321.172] [22627:22627] [DL]   Product Id: 32769 (0x8001)[0m
[0;32m[1784838321.172] [22627:22627] [DL]   Product Name: TEST_PRODUCT[0m
[0;32m[1784838321.172] [22627:22627] [DL]   Hardware Version: 0[0m
[0;32m[1784838321.172] [22627:22627] [DL]   Setup Pin Code (0 for UNKNOWN/ERROR): 20202021[0m
[0;32m[1784838321.172] [22627:22627] [DL]   Setup Discriminator (0xFFFF for UNKNOWN/ERROR): 3840 (0xF00)[0m
[0;32m[1784838321.172] [22627:22627] [DL]   Manufacturing Date: (not set)[0m
[0;32m[1784838321.172] [22627:22627] [DL]   Device Type: 257 (0x101)[0m
[0;32m[1784838321.172] [22627:22627] [SVR] SetupQRCode: [MT:-24J042C00KA0648G00][0m
[0;32m[1784838321.172] [22627:22627] [SVR] Copy/paste the below URL in a browser to see the QR Code:[0m
[0;32m[1784838321.172] [22627:22627] [SVR] https://project-chip.github.io/connectedhomeip/qrcode.html?data=MT%3A-24J042C00KA0648G00[0m
[0;32m[1784838321.172] [22627:22627] [SVR] Manual pairing code: [34970112332][0m
[0;34m[1784838321.172] [22627:22627] [DMG] Endpoint 0, Cluster 0x0000_001D update version to 696b4d5c[0m
[0;34m[1784838321.172] [22627:22627] [DMG] Endpoint 1, Cluster 0x0000_005D update version to d5210323[0m
[0;34m[1784838321.172] [22627:22627] [DMG] Endpoint 1, Cluster 0x0000_005D update version to d5210324[0m
[0;34m[1784838321.172] [22627:22627] [DMG] Endpoint 1, Cluster 0x0000_005D update version to d5210325[0m
[0;34m[1784838321.172] [22627:22627] [DMG] Endpoint 1, Cluster 0x0000_005D update version to d5210326[0m
[0;34m[1784838321.172] [22627:22627] [EVL] LogEvent event number: 0x0000000000000003 priority: 1, endpoint id:  0x1 cluster id: 0x0000_005D event id: 0x0 Epoch timestamp: 0x0000019F90A77414[0m
[0;32m[1784838321.172] [22627:22627] [ZCL] Set number of supported temperature units to: 2[0m
[0;34m[1784838321.172] [22627:22627] [DMG] Endpoint 0, Cluster 0x0000_002D update version to c7ae110c[0m
[0;34m[1784838321.174] [22627:22627] [DL] Wrote settings to /tmp/chip_kvs_test[0m
[0;32m[1784838321.174] [22627:22627] [DL] ===== APP STATUS: Starting event loop =====[0m
[1;31m[1784838346.182] [22627:22628] [DL] FAIL: Get D-Bus object manager client: Error calling StartServiceByName for org.bluez: Failed to activate service 'org.bluez': timed out (service_start_timeout=25000ms)[0m
[1;31m[1784838346.182] [22627:22627] [DL] Disabling CHIPoBLE service due to error: src/platform/Linux/bluez/BluezObjectManager.cpp:280: CHIP Error 0x000000AC: Internal error[0m
[1;31m[1784838346.182] [22627:22627] [DL] Long dispatch time: 25008 ms, for event type 3[0m
[0;32m[1784838346.182] [22627:22627] [SVR] Cannot load binding table: src/platform/Linux/KeyValueStoreManagerImpl.cpp:53: CHIP Error 0x000000A0: Value not found in the persisted storage[0m
[0;32m[1784838346.182] [22627:22627] [DIS] Updating services using commissioning mode 1[0m
[0;32m[1784838346.183] [22627:22627] [DIS] CHIP minimal mDNS started advertising.[0m
[0;34m[1784838346.186] [22627:22627] [DL] Using WiFi MAC for hostname[0m
[0;34m[1784838346.186] [22627:22627] [DIS] DNS-SD Pairing Instruction not set[0m
[0;32m[1784838346.186] [22627:22627] [DIS] Advertise commission parameter vendorID=65521 productID=32769 discriminator=3840/15 cm=1 cp=0 jf=0[0m
[0;34m[1784838346.186] [22627:22627] [DIS] Responding with _matterc._udp.local[0m
[0;34m[1784838346.186] [22627:22627] [DIS] Responding with 8967CDD5E5C0F259._matterc._udp.local[0m
[0;34m[1784838346.186] [22627:22627] [DIS] Responding with 080027AE1A43.local[0m
[0;34m[1784838346.186] [22627:22627] [DIS] Responding with 080027AE1A43.local[0m
[0;34m[1784838346.186] [22627:22627] [DIS] Responding with _V65521._sub._matterc._udp.local[0m
[0;34m[1784838346.186] [22627:22627] [DIS] Responding with _T257._sub._matterc._udp.local[0m
[0;34m[1784838346.186] [22627:22627] [DIS] Responding with _S15._sub._matterc._udp.local[0m
[0;34m[1784838346.186] [22627:22627] [DIS] Responding with _L3840._sub._matterc._udp.local[0m
[0;34m[1784838346.186] [22627:22627] [DIS] Responding with _CM._sub._matterc._udp.local[0m
[0;34m[1784838346.186] [22627:22627] [DIS] Responding with 8967CDD5E5C0F259._matterc._udp.local[0m
[0;32m[1784838346.186] [22627:22627] [DIS] CHIP minimal mDNS configured as 'Commissionable node device'; instance name: 8967CDD5E5C0F259.[0m
[0;32m[1784838346.187] [22627:22627] [DIS] mDNS service published: _matterc._udp[0m
[0;32m[1784838346.187] [22627:22627] [IM] No subscriptions to resume[0m
[0;34m[1784838346.187] [22627:22627] [DMG] Endpoint 0, Cluster 0x0000_0038 update version to 7d9be84d[0m
[0;32m[1784838346.311] [22627:22627] [EM] >>> [E:59135r S:0 M:180369566] (U) Msg RX from 0:6F1C94DCB7318DDE [0000] to 0000000000000000 --- Type 0000:20 (SecureChannel:PBKDFParamRequest) (B:98)[0m
[0;34m[1784838346.311] [22627:22627] [EM] Handling via exchange: 59135r, Delegate: 0x64b273da4d08[0m
[0;34m[1784838346.311] [22627:22627] [SC] Received PBKDF param request[0m
[0;34m[1784838346.311] [22627:22627] [SC] Peer assigned session ID 62861[0m
[0;34m[1784838346.311] [22627:22627] [SC] Found MRP parameters in the message[0m
[0;32m[1784838346.311] [22627:22627] [EM] <<< [E:59135r S:0 M:47216231 (Ack:180369566)] (U) Msg TX from 0000000000000000 to 0:6F1C94DCB7318DDE [0000] [UDP:[fe80::bfe:a203:38f0:bce7%enp0s3]:52379] --- Type 0000:21 (SecureChannel:PBKDFParamResponse) (B:174)[0m
[0;32m[1784838346.311] [22627:22627] [EM] ??1 [E:59135r S:0 M:47216231] (U) Msg Retransmission to 0:0000000000000000 scheduled for 378ms from now [State:Active II:500 AI:300 AT:4000][0m
[0;34m[1784838346.311] [22627:22627] [SC] Sent PBKDF param response[0m
[0;32m[1784838346.311] [22627:22627] [SVR] Commissioning session establishment step started[0m
[0;32m[1784838346.313] [22627:22627] [EM] >>> [E:59135r S:0 M:180369567 (Ack:47216231)] (U) Msg RX from 0:6F1C94DCB7318DDE [0000] to 0000000000000000 --- Type 0000:22 (SecureChannel:PASE_Pake1) (B:96)[0m
[0;34m[1784838346.313] [22627:22627] [EM] Found matching exchange: 59135r, Delegate: 0x64b273da4d08[0m
[0;34m[1784838346.313] [22627:22627] [EM] Rxd Ack; Removing MessageCounter:47216231 from Retrans Table on exchange 59135r[0m
[0;34m[1784838346.313] [22627:22627] [SC] Received spake2p msg1[0m
[0;32m[1784838346.313] [22627:22627] [EM] <<< [E:59135r S:0 M:47216232 (Ack:180369567)] (U) Msg TX from 0000000000000000 to 0:6F1C94DCB7318DDE [0000] [UDP:[fe80::bfe:a203:38f0:bce7%enp0s3]:52379] --- Type 0000:23 (SecureChannel:PASE_Pake2) (B:131)[0m
[0;32m[1784838346.313] [22627:22627] [EM] ??1 [E:59135r S:0 M:47216232] (U) Msg Retransmission to 0:0000000000000000 scheduled for 359ms from now [State:Active II:500 AI:300 AT:4000][0m
[0;34m[1784838346.313] [22627:22627] [SC] Sent spake2p msg2[0m
[0;32m[1784838346.313] [22627:22627] [EM] >>> [E:59135r S:0 M:180369568 (Ack:47216232)] (U) Msg RX from 0:6F1C94DCB7318DDE [0000] to 0000000000000000 --- Type 0000:24 (SecureChannel:PASE_Pake3) (B:63)[0m
[0;34m[1784838346.313] [22627:22627] [EM] Found matching exchange: 59135r, Delegate: 0x64b273da4d08[0m
[0;34m[1784838346.313] [22627:22627] [EM] Rxd Ack; Removing MessageCounter:47216232 from Retrans Table on exchange 59135r[0m
[0;34m[1784838346.313] [22627:22627] [SC] Received spake2p msg3[0m
[0;34m[1784838346.314] [22627:22627] [SC] Sending status report. Protocol code 0, exchange 59135[0m
[0;32m[1784838346.314] [22627:22627] [EM] <<< [E:59135r S:0 M:47216233 (Ack:180369568)] (U) Msg TX from 0000000000000000 to 0:6F1C94DCB7318DDE [0000] [UDP:[fe80::bfe:a203:38f0:bce7%enp0s3]:52379] --- Type 0000:40 (SecureChannel:StatusReport) (B:34)[0m
[0;32m[1784838346.314] [22627:22627] [EM] ??1 [E:59135r S:0 M:47216233] (U) Msg Retransmission to 0:0000000000000000 scheduled for 410ms from now [State:Active II:500 AI:300 AT:4000][0m
[0;32m[1784838346.314] [22627:22627] [SC] SecureSession[0x64b28f8a1890, LSID:40560]: State change 'kEstablishing' --> 'kActive'[0m
[0;34m[1784838346.314] [22627:22627] [IN] SecureSession[0x64b28f8a1890]: Activated - Type:1 LSID:40560[0m
[0;34m[1784838346.314] [22627:22627] [IN] New secure session activated for device <FFFFFFFB00000000, 0>, LSID:40560 PSID:62861![0m
[0;32m[1784838346.314] [22627:22627] [SVR] Commissioning completed session establishment step[0m
[0;32m[1784838346.314] [22627:22627] [DIS] Updating services using commissioning mode 0[0m
[0;32m[1784838346.314] [22627:22627] [DIS] CHIP minimal mDNS started advertising.[0m
[0;32m[1784838346.315] [22627:22627] [SVR] Device completed Rendezvous process[0m
[0;32m[1784838346.315] [22627:22627] [EM] >>> [E:59136r S:40560 M:32615730] (S) Msg RX from 0:FFFFFFFB00000000 [0000] to 0000000000000000 --- Type 0001:02 (IM:ReadRequest) (B:136)[0m
[0;34m[1784838346.315] [22627:22627] [EM] Handling via exchange: 59136r, Delegate: 0x64b273dacac8[0m
[0;34m[1784838346.315] [22627:22627] [IM] Received Read request[0m
[0;34m[1784838346.315] [22627:22627] [DMG] ReadRequestMessage =[0m
[0;34m[1784838346.315] [22627:22627] [DMG] {[0m
[0;34m[1784838346.315] [22627:22627] [DMG] 	AttributePathIBs =[0m
[0;34m[1784838346.315] [22627:22627] [DMG] 	[[0m
[0;34m[1784838346.315] [22627:22627] [DMG] 		AttributePathIB =[0m
[0;34m[1784838346.315] [22627:22627] [DMG] 		{[0m
[0;34m[1784838346.315] [22627:22627] [DMG] 			Endpoint = 0x0,[0m
[0;34m[1784838346.315] [22627:22627] [DMG] 			Cluster = 0x30,[0m
[0;34m[1784838346.315] [22627:22627] [DMG] 			Attribute = 0x0000_0004,[0m
[0;34m[1784838346.315] [22627:22627] [DMG] 		}[0m
[0;34m[1784838346.315] [22627:22627] [DMG] 			[0m
[0;34m[1784838346.315] [22627:22627] [DMG] 		AttributePathIB =[0m
[0;34m[1784838346.315] [22627:22627] [DMG] 		{[0m
[0;34m[1784838346.315] [22627:22627] [DMG] 			Endpoint = 0x0,[0m
[0;34m[1784838346.315] [22627:22627] [DMG] 			Cluster = 0x30,[0m
[0;34m[1784838346.315] [22627:22627] [DMG] 			Attribute = 0x0000_0000,[0m
[0;34m[1784838346.315] [22627:22627] [DMG] 		}[0m
[0;34m[1784838346.315] [22627:22627] [DMG] 			[0m
[0;34m[1784838346.315] [22627:22627] [DMG] 		AttributePathIB =[0m
[0;34m[1784838346.315] [22627:22627] [DMG] 		{[0m
[0;34m[1784838346.315] [22627:22627] [DMG] 			Endpoint = 0x0,[0m
[0;34m[1784838346.315] [22627:22627] [DMG] 			Cluster = 0x30,[0m
[0;34m[1784838346.315] [22627:22627] [DMG] 			Attribute = 0x0000_0001,[0m
[0;34m[1784838346.315] [22627:22627] [DMG] 		}[0m
[0;34m[1784838346.315] [22627:22627] [DMG] 			[0m
[0;34m[1784838346.315] [22627:22627] [DMG] 		AttributePathIB =[0m
[0;34m[1784838346.315] [22627:22627] [DMG] 		{[0m
[0;34m[1784838346.315] [22627:22627] [DMG] 			Endpoint = 0x0,[0m
[0;34m[1784838346.315] [22627:22627] [DMG] 			Cluster = 0x30,[0m
[0;34m[1784838346.315] [22627:22627] [DMG] 			Attribute = 0x0000_0002,[0m
[0;34m[1784838346.315] [22627:22627] [DMG] 		}[0m
[0;34m[1784838346.315] [22627:22627] [DMG] 			[0m
[0;34m[1784838346.315] [22627:22627] [DMG] 		AttributePathIB =[0m
[0;34m[1784838346.315] [22627:22627] [DMG] 		{[0m
[0;34m[1784838346.315] [22627:22627] [DMG] 			Endpoint = 0x0,[0m
[0;34m[1784838346.315] [22627:22627] [DMG] 			Cluster = 0x30,[0m
[0;34m[1784838346.315] [22627:22627] [DMG] 			Attribute = 0x0000_0003,[0m
[0;34m[1784838346.315] [22627:22627] [DMG] 		}[0m
[0;34m[1784838346.315] [22627:22627] [DMG] 			[0m
[0;34m[1784838346.315] [22627:22627] [DMG] 		AttributePathIB =[0m
[0;34m[1784838346.315] [22627:22627] [DMG] 		{[0m
[0;34m[1784838346.315] [22627:22627] [DMG] 			Endpoint = 0x0,[0m
[0;34m[1784838346.315] [22627:22627] [DMG] 			Cluster = 0x30,[0m
[0;34m[1784838346.315] [22627:22627] [DMG] 			Attribute = 0x0000_000C,[0m
[0;34m[1784838346.315] [22627:22627] [DMG] 		}[0m
[0;34m[1784838346.315] [22627:22627] [DMG] 			[0m
[0;34m[1784838346.315] [22627:22627] [DMG] 		AttributePathIB =[0m
[0;34m[1784838346.315] [22627:22627] [DMG] 		{[0m
[0;34m[1784838346.315] [22627:22627] [DMG] 			Endpoint = 0x0,[0m
[0;34m[1784838346.315] [22627:22627] [DMG] 			Cluster = 0x28,[0m
[0;34m[1784838346.315] [22627:22627] [DMG] 			Attribute = 0x0000_0002,[0m
[0;34m[1784838346.315] [22627:22627] [DMG] 		}[0m
[0;34m[1784838346.315] [22627:22627] [DMG] 			[0m
[0;34m[1784838346.315] [22627:22627] [DMG] 		AttributePathIB =[0m
[0;34m[1784838346.315] [22627:22627] [DMG] 		{[0m
[0;34m[1784838346.315] [22627:22627] [DMG] 			Endpoint = 0x0,[0m
[0;34m[1784838346.315] [22627:22627] [DMG] 			Cluster = 0x28,[0m
[0;34m[1784838346.315] [22627:22627] [DMG] 			Attribute = 0x0000_0004,[0m
[0;34m[1784838346.315] [22627:22627] [DMG] 		}[0m
[0;34m[1784838346.315] [22627:22627] [DMG] 			[0m
[0;34m[1784838346.315] [22627:22627] [DMG] 		AttributePathIB =[0m
[0;34m[1784838346.315] [22627:22627] [DMG] 		{[0m
[0;34m[1784838346.315] [22627:22627] [DMG] 			Endpoint = 0x0,[0m
[0;34m[1784838346.315] [22627:22627] [DMG] 			Cluster = 0x38,[0m
[0;34m[1784838346.315] [22627:22627] [DMG] 		}[0m
[0;34m[1784838346.315] [22627:22627] [DMG] 			[0m
[0;34m[1784838346.315] [22627:22627] [DMG] 	],[0m
[0;34m[1784838346.315] [22627:22627] [DMG] 		[0m
[0;34m[1784838346.315] [22627:22627] [DMG] 	isFabricFiltered = false, [0m
[0;34m[1784838346.315] [22627:22627] [DMG] 	InteractionModelRevision = 12[0m
[0;34m[1784838346.315] [22627:22627] [DMG] },[0m
[0;34m[1784838346.315] [22627:22627] [DMG] IM RH moving to [CanStartReporting][0m
[0;34m[1784838346.315] [22627:22627] [DMG] Building Reports for ReadHandler with LastReportGeneration = 0x0000000000000000 DirtyGeneration = 0x0000000000000000[0m
[0;34m[1784838346.315] [22627:22627] [DMG] <RE:Run> Cluster 38, Attribute 0 is dirty[0m
[0;32m[1784838346.315] [22627:22627] [DMG] AccessControl: checking f=0 a=p s=0xFFFFFFFB00000000 t= c=0x0000_0038 e=0 p=v r=r[0m
[0;32m[1784838346.315] [22627:22627] [DMG] AccessControl: implicit admin (PASE)[0m
[0;32m[1784838346.315] [22627:22627] [DMG] AccessControl: checking f=0 a=p s=0xFFFFFFFB00000000 t= c=0x0000_0038 e=0 p=v r=r[0m
[0;32m[1784838346.315] [22627:22627] [DMG] AccessControl: implicit admin (PASE)[0m
[0;34m[1784838346.315] [22627:22627] [DMG] Reading attribute: Cluster=0x0000_0038 Endpoint=0x0 AttributeId=0x0000_0000 (expanded=1)[0m
[0;34m[1784838346.315] [22627:22627] [DMG] <RE:Run> Cluster 38, Attribute 1 is dirty[0m
[0;32m[1784838346.315] [22627:22627] [DMG] AccessControl: checking f=0 a=p s=0xFFFFFFFB00000000 t= c=0x0000_0038 e=0 p=v r=r[0m
[0;32m[1784838346.315] [22627:22627] [DMG] AccessControl: implicit admin (PASE)[0m
[0;32m[1784838346.315] [22627:22627] [DMG] AccessControl: checking f=0 a=p s=0xFFFFFFFB00000000 t= c=0x0000_0038 e=0 p=v r=r[0m
[0;32m[1784838346.315] [22627:22627] [DMG] AccessControl: implicit admin (PASE)[0m
[0;34m[1784838346.315] [22627:22627] [DMG] Reading attribute: Cluster=0x0000_0038 Endpoint=0x0 AttributeId=0x0000_0001 (expanded=1)[0m
[0;34m[1784838346.315] [22627:22627] [DMG] <RE:Run> Cluster 38, Attribute 2 is dirty[0m
[0;32m[1784838346.315] [22627:22627] [DMG] AccessControl: checking f=0 a=p s=0xFFFFFFFB00000000 t= c=0x0000_0038 e=0 p=v r=r[0m
[0;32m[1784838346.315] [22627:22627] [DMG] AccessControl: implicit admin (PASE)[0m
[0;32m[1784838346.315] [22627:22627] [DMG] AccessControl: checking f=0 a=p s=0xFFFFFFFB00000000 t= c=0x0000_0038 e=0 p=v r=r[0m
[0;32m[1784838346.315] [22627:22627] [DMG] AccessControl: implicit admin (PASE)[0m
[0;34m[1784838346.315] [22627:22627] [DMG] Reading attribute: Cluster=0x0000_0038 Endpoint=0x0 AttributeId=0x0000_0002 (expanded=1)[0m
[0;34m[1784838346.315] [22627:22627] [DMG] <RE:Run> Cluster 38, Attribute 3 is dirty[0m
[0;32m[1784838346.315] [22627:22627] [DMG] AccessControl: checking f=0 a=p s=0xFFFFFFFB00000000 t= c=0x0000_0038 e=0 p=v r=r[0m
[0;32m[1784838346.315] [22627:22627] [DMG] AccessControl: implicit admin (PASE)[0m
[0;32m[1784838346.315] [22627:22627] [DMG] AccessControl: checking f=0 a=p s=0xFFFFFFFB00000000 t= c=0x0000_0038 e=0 p=v r=r[0m
[0;32m[1784838346.315] [22627:22627] [DMG] AccessControl: implicit admin (PASE)[0m
[0;34m[1784838346.315] [22627:22627] [DMG] Reading attribute: Cluster=0x0000_0038 Endpoint=0x0 AttributeId=0x0000_0003 (expanded=1)[0m
[0;34m[1784838346.315] [22627:22627] [DMG] <RE:Run> Cluster 38, Attribute 4 is dirty[0m
[0;32m[1784838346.315] [22627:22627] [DMG] AccessControl: checking f=0 a=p s=0xFFFFFFFB00000000 t= c=0x0000_0038 e=0 p=v r=r[0m
[0;32m[1784838346.315] [22627:22627] [DMG] AccessControl: implicit admin (PASE)[0m
[0;32m[1784838346.315] [22627:22627] [DMG] AccessControl: checking f=0 a=p s=0xFFFFFFFB00000000 t= c=0x0000_0038 e=0 p=v r=r[0m
[0;32m[1784838346.315] [22627:22627] [DMG] AccessControl: implicit admin (PASE)[0m
[0;34m[1784838346.315] [22627:22627] [DMG] Reading attribute: Cluster=0x0000_0038 Endpoint=0x0 AttributeId=0x0000_0004 (expanded=1)[0m
[0;34m[1784838346.315] [22627:22627] [DMG] <RE:Run> Cluster 38, Attribute 5 is dirty[0m
[0;32m[1784838346.315] [22627:22627] [DMG] AccessControl: checking f=0 a=p s=0xFFFFFFFB00000000 t= c=0x0000_0038 e=0 p=v r=r[0m
[0;32m[1784838346.315] [22627:22627] [DMG] AccessControl: implicit admin (PASE)[0m
[0;32m[1784838346.315] [22627:22627] [DMG] AccessControl: checking f=0 a=p s=0xFFFFFFFB00000000 t= c=0x0000_0038 e=0 p=v r=r[0m
[0;32m[1784838346.315] [22627:22627] [DMG] AccessControl: implicit admin (PASE)[0m
[0;34m[1784838346.315] [22627:22627] [DMG] Reading attribute: Cluster=0x0000_0038 Endpoint=0x0 AttributeId=0x0000_0005 (expanded=1)[0m
[0;34m[1784838346.315] [22627:22627] [DMG] <RE:Run> Cluster 38, Attribute 6 is dirty[0m
[0;32m[1784838346.315] [22627:22627] [DMG] AccessControl: checking f=0 a=p s=0xFFFFFFFB00000000 t= c=0x0000_0038 e=0 p=v r=r[0m
[0;32m[1784838346.315] [22627:22627] [DMG] AccessControl: implicit admin (PASE)[0m
[0;32m[1784838346.315] [22627:22627] [DMG] AccessControl: checking f=0 a=p s=0xFFFFFFFB00000000 t= c=0x0000_0038 e=0 p=v r=r[0m
[0;32m[1784838346.315] [22627:22627] [DMG] AccessControl: implicit admin (PASE)[0m
[0;34m[1784838346.315] [22627:22627] [DMG] Reading attribute: Cluster=0x0000_0038 Endpoint=0x0 AttributeId=0x0000_0006 (expanded=1)[0m
[0;34m[1784838346.315] [22627:22627] [DMG] <RE:Run> Cluster 38, Attribute 7 is dirty[0m
[0;32m[1784838346.315] [22627:22627] [DMG] AccessControl: checking f=0 a=p s=0xFFFFFFFB00000000 t= c=0x0000_0038 e=0 p=v r=r[0m
[0;32m[1784838346.315] [22627:22627] [DMG] AccessControl: implicit admin (PASE)[0m
[0;32m[1784838346.315] [22627:22627] [DMG] AccessControl: checking f=0 a=p s=0xFFFFFFFB00000000 t= c=0x0000_0038 e=0 p=v r=r[0m
[0;32m[1784838346.315] [22627:22627] [DMG] AccessControl: implicit admin (PASE)[0m
[0;34m[1784838346.315] [22627:22627] [DMG] Reading attribute: Cluster=0x0000_0038 Endpoint=0x0 AttributeId=0x0000_0007 (expanded=1)[0m
[0;34m[1784838346.315] [22627:22627] [DMG] <RE:Run> Cluster 38, Attribute 8 is dirty[0m
[0;32m[1784838346.316] [22627:22627] [DMG] AccessControl: checking f=0 a=p s=0xFFFFFFFB00000000 t= c=0x0000_0038 e=0 p=v r=r[0m
[0;32m[1784838346.316] [22627:22627] [DMG] AccessControl: implicit admin (PASE)[0m
[0;32m[1784838346.316] [22627:22627] [DMG] AccessControl: checking f=0 a=p s=0xFFFFFFFB00000000 t= c=0x0000_0038 e=0 p=v r=r[0m
[0;32m[1784838346.316] [22627:22627] [DMG] AccessControl: implicit admin (PASE)[0m
[0;34m[1784838346.316] [22627:22627] [DMG] Reading attribute: Cluster=0x0000_0038 Endpoint=0x0 AttributeId=0x0000_0008 (expanded=1)[0m
[0;34m[1784838346.316] [22627:22627] [DMG] <RE:Run> Cluster 38, Attribute a is dirty[0m
[0;32m[1784838346.316] [22627:22627] [DMG] AccessControl: checking f=0 a=p s=0xFFFFFFFB00000000 t= c=0x0000_0038 e=0 p=v r=r[0m
[0;32m[1784838346.316] [22627:22627] [DMG] AccessControl: implicit admin (PASE)[0m
[0;32m[1784838346.316] [22627:22627] [DMG] AccessControl: checking f=0 a=p s=0xFFFFFFFB00000000 t= c=0x0000_0038 e=0 p=v r=r[0m
[0;32m[1784838346.316] [22627:22627] [DMG] AccessControl: implicit admin (PASE)[0m
[0;34m[1784838346.316] [22627:22627] [DMG] Reading attribute: Cluster=0x0000_0038 Endpoint=0x0 AttributeId=0x0000_000A (expanded=1)[0m
[0;34m[1784838346.316] [22627:22627] [DMG] <RE:Run> Cluster 38, Attribute b is dirty[0m
[0;32m[1784838346.316] [22627:22627] [DMG] AccessControl: checking f=0 a=p s=0xFFFFFFFB00000000 t= c=0x0000_0038 e=0 p=v r=r[0m
[0;32m[1784838346.316] [22627:22627] [DMG] AccessControl: implicit admin (PASE)[0m
[0;32m[1784838346.316] [22627:22627] [DMG] AccessControl: checking f=0 a=p s=0xFFFFFFFB00000000 t= c=0x0000_0038 e=0 p=v r=r[0m
[0;32m[1784838346.316] [22627:22627] [DMG] AccessControl: implicit admin (PASE)[0m
[0;34m[1784838346.316] [22627:22627] [DMG] Reading attribute: Cluster=0x0000_0038 Endpoint=0x0 AttributeId=0x0000_000B (expanded=1)[0m
[0;34m[1784838346.316] [22627:22627] [DMG] <RE:Run> Cluster 38, Attribute c is dirty[0m
[0;32m[1784838346.316] [22627:22627] [DMG] AccessControl: checking f=0 a=p s=0xFFFFFFFB00000000 t= c=0x0000_0038 e=0 p=v r=r[0m
[0;32m[1784838346.316] [22627:22627] [DMG] AccessControl: implicit admin (PASE)[0m
[0;32m[1784838346.316] [22627:22627] [DMG] AccessControl: checking f=0 a=p s=0xFFFFFFFB00000000 t= c=0x0000_0038 e=0 p=v r=r[0m
[0;32m[1784838346.316] [22627:22627] [DMG] AccessControl: implicit admin (PASE)[0m
[0;34m[1784838346.316] [22627:22627] [DMG] Reading attribute: Cluster=0x0000_0038 Endpoint=0x0 AttributeId=0x0000_000C (expanded=1)[0m
[0;34m[1784838346.316] [22627:22627] [DMG] <RE:Run> Cluster 38, Attribute fffc is dirty[0m
[0;32m[1784838346.316] [22627:22627] [DMG] AccessControl: checking f=0 a=p s=0xFFFFFFFB00000000 t= c=0x0000_0038 e=0 p=v r=r[0m
[0;32m[1784838346.316] [22627:22627] [DMG] AccessControl: implicit admin (PASE)[0m
[0;32m[1784838346.316] [22627:22627] [DMG] AccessControl: checking f=0 a=p s=0xFFFFFFFB00000000 t= c=0x0000_0038 e=0 p=v r=r[0m
[0;32m[1784838346.316] [22627:22627] [DMG] AccessControl: implicit admin (PASE)[0m
[0;34m[1784838346.316] [22627:22627] [DMG] Reading attribute: Cluster=0x0000_0038 Endpoint=0x0 AttributeId=0x0000_FFFC (expanded=1)[0m
[0;34m[1784838346.316] [22627:22627] [DMG] <RE:Run> Cluster 38, Attribute fffd is dirty[0m
[0;32m[1784838346.316] [22627:22627] [DMG] AccessControl: checking f=0 a=p s=0xFFFFFFFB00000000 t= c=0x0000_0038 e=0 p=v r=r[0m
[0;32m[1784838346.316] [22627:22627] [DMG] AccessControl: implicit admin (PASE)[0m
[0;32m[1784838346.316] [22627:22627] [DMG] AccessControl: checking f=0 a=p s=0xFFFFFFFB00000000 t= c=0x0000_0038 e=0 p=v r=r[0m
[0;32m[1784838346.316] [22627:22627] [DMG] AccessControl: implicit admin (PASE)[0m
[0;34m[1784838346.316] [22627:22627] [DMG] Reading attribute: Cluster=0x0000_0038 Endpoint=0x0 AttributeId=0x0000_FFFD (expanded=1)[0m
[0;34m[1784838346.316] [22627:22627] [DMG] <RE:Run> Cluster 38, Attribute fff8 is dirty[0m
[0;32m[1784838346.316] [22627:22627] [DMG] AccessControl: checking f=0 a=p s=0xFFFFFFFB00000000 t= c=0x0000_0038 e=0 p=v r=r[0m
[0;32m[1784838346.316] [22627:22627] [DMG] AccessControl: implicit admin (PASE)[0m
[0;32m[1784838346.316] [22627:22627] [DMG] AccessControl: checking f=0 a=p s=0xFFFFFFFB00000000 t= c=0x0000_0038 e=0 p=v r=r[0m
[0;32m[1784838346.316] [22627:22627] [DMG] AccessControl: implicit admin (PASE)[0m
[0;34m[1784838346.316] [22627:22627] [DMG] <RE:Run> Cluster 38, Attribute fff9 is dirty[0m
[0;32m[1784838346.316] [22627:22627] [DMG] AccessControl: checking f=0 a=p s=0xFFFFFFFB00000000 t= c=0x0000_0038 e=0 p=v r=r[0m
[0;32m[1784838346.316] [22627:22627] [DMG] AccessControl: implicit admin (PASE)[0m
[0;32m[1784838346.316] [22627:22627] [DMG] AccessControl: checking f=0 a=p s=0xFFFFFFFB00000000 t= c=0x0000_0038 e=0 p=v r=r[0m
[0;32m[1784838346.316] [22627:22627] [DMG] AccessControl: implicit admin (PASE)[0m
[0;34m[1784838346.316] [22627:22627] [DMG] <RE:Run> Cluster 38, Attribute fffb is dirty[0m
[0;32m[1784838346.316] [22627:22627] [DMG] AccessControl: checking f=0 a=p s=0xFFFFFFFB00000000 t= c=0x0000_0038 e=0 p=v r=r[0m
[0;32m[1784838346.316] [22627:22627] [DMG] AccessControl: implicit admin (PASE)[0m
[0;32m[1784838346.316] [22627:22627] [DMG] AccessControl: checking f=0 a=p s=0xFFFFFFFB00000000 t= c=0x0000_0038 e=0 p=v r=r[0m
[0;32m[1784838346.316] [22627:22627] [DMG] AccessControl: implicit admin (PASE)[0m
[0;34m[1784838346.316] [22627:22627] [DMG] <RE:Run> Cluster 28, Attribute 4 is dirty[0m
[0;32m[1784838346.316] [22627:22627] [DMG] AccessControl: checking f=0 a=p s=0xFFFFFFFB00000000 t= c=0x0000_0028 e=0 p=v r=r[0m
[0;32m[1784838346.316] [22627:22627] [DMG] AccessControl: implicit admin (PASE)[0m
[0;32m[1784838346.316] [22627:22627] [DMG] AccessControl: checking f=0 a=p s=0xFFFFFFFB00000000 t= c=0x0000_0028 e=0 p=v r=r[0m
[0;32m[1784838346.316] [22627:22627] [DMG] AccessControl: implicit admin (PASE)[0m
[0;34m[1784838346.316] [22627:22627] [DMG] Reading attribute: Cluster=0x0000_0028 Endpoint=0x0 AttributeId=0x0000_0004 (expanded=0)[0m
[0;34m[1784838346.316] [22627:22627] [DMG] <RE:Run> Cluster 28, Attribute 2 is dirty[0m
[0;32m[1784838346.316] [22627:22627] [DMG] AccessControl: checking f=0 a=p s=0xFFFFFFFB00000000 t= c=0x0000_0028 e=0 p=v r=r[0m
[0;32m[1784838346.316] [22627:22627] [DMG] AccessControl: implicit admin (PASE)[0m
[0;32m[1784838346.316] [22627:22627] [DMG] AccessControl: checking f=0 a=p s=0xFFFFFFFB00000000 t= c=0x0000_0028 e=0 p=v r=r[0m
[0;32m[1784838346.316] [22627:22627] [DMG] AccessControl: implicit admin (PASE)[0m
[0;34m[1784838346.316] [22627:22627] [DMG] Reading attribute: Cluster=0x0000_0028 Endpoint=0x0 AttributeId=0x0000_0002 (expanded=0)[0m
[0;34m[1784838346.316] [22627:22627] [DMG] <RE:Run> Cluster 30, Attribute c is dirty[0m
[0;32m[1784838346.316] [22627:22627] [DMG] AccessControl: checking f=0 a=p s=0xFFFFFFFB00000000 t= c=0x0000_0030 e=0 p=v r=r[0m
[0;32m[1784838346.316] [22627:22627] [DMG] AccessControl: implicit admin (PASE)[0m
[1;31m[1784838346.316] [22627:22627] [DMG] Failed to read attribute: UNSUPPORTED_ATTRIBUTE(134)[0m
[1;31m[1784838346.316] [22627:22627] [DMG] Fail to retrieve data, roll back and encode status on clusterId: 0x0000_0030, attributeId: 0x0000_000Cerr = src/app/data-model-provider/ActionReturnStatus.cpp:104: IM Error 0x00000586: General error: 0x86 (UNSUPPORTED_ATTRIBUTE)[0m
[0;34m[1784838346.316] [22627:22627] [DMG] <RE:Run> Cluster 30, Attribute 3 is dirty[0m
[0;32m[1784838346.316] [22627:22627] [DMG] AccessControl: checking f=0 a=p s=0xFFFFFFFB00000000 t= c=0x0000_0030 e=0 p=v r=r[0m
[0;32m[1784838346.316] [22627:22627] [DMG] AccessControl: implicit admin (PASE)[0m
[0;32m[1784838346.316] [22627:22627] [DMG] AccessControl: checking f=0 a=p s=0xFFFFFFFB00000000 t= c=0x0000_0030 e=0 p=v r=r[0m
[0;32m[1784838346.316] [22627:22627] [DMG] AccessControl: implicit admin (PASE)[0m
[0;34m[1784838346.316] [22627:22627] [DMG] Reading attribute: Cluster=0x0000_0030 Endpoint=0x0 AttributeId=0x0000_0003 (expanded=0)[0m
[0;34m[1784838346.316] [22627:22627] [DMG] <RE:Run> Cluster 30, Attribute 2 is dirty[0m
[0;32m[1784838346.316] [22627:22627] [DMG] AccessControl: checking f=0 a=p s=0xFFFFFFFB00000000 t= c=0x0000_0030 e=0 p=v r=r[0m
[0;32m[1784838346.316] [22627:22627] [DMG] AccessControl: implicit admin (PASE)[0m
[0;32m[1784838346.316] [22627:22627] [DMG] AccessControl: checking f=0 a=p s=0xFFFFFFFB00000000 t= c=0x0000_0030 e=0 p=v r=r[0m
[0;32m[1784838346.316] [22627:22627] [DMG] AccessControl: implicit admin (PASE)[0m
[0;34m[1784838346.316] [22627:22627] [DMG] Reading attribute: Cluster=0x0000_0030 Endpoint=0x0 AttributeId=0x0000_0002 (expanded=0)[0m
[0;34m[1784838346.316] [22627:22627] [DMG] <RE:Run> Cluster 30, Attribute 1 is dirty[0m
[0;32m[1784838346.316] [22627:22627] [DMG] AccessControl: checking f=0 a=p s=0xFFFFFFFB00000000 t= c=0x0000_0030 e=0 p=v r=r[0m
[0;32m[1784838346.316] [22627:22627] [DMG] AccessControl: implicit admin (PASE)[0m
[0;32m[1784838346.316] [22627:22627] [DMG] AccessControl: checking f=0 a=p s=0xFFFFFFFB00000000 t= c=0x0000_0030 e=0 p=v r=r[0m
[0;32m[1784838346.316] [22627:22627] [DMG] AccessControl: implicit admin (PASE)[0m
[0;34m[1784838346.316] [22627:22627] [DMG] Reading attribute: Cluster=0x0000_0030 Endpoint=0x0 AttributeId=0x0000_0001 (expanded=0)[0m
[0;34m[1784838346.316] [22627:22627] [DMG] <RE:Run> Cluster 30, Attribute 0 is dirty[0m
[0;32m[1784838346.316] [22627:22627] [DMG] AccessControl: checking f=0 a=p s=0xFFFFFFFB00000000 t= c=0x0000_0030 e=0 p=v r=r[0m
[0;32m[1784838346.316] [22627:22627] [DMG] AccessControl: implicit admin (PASE)[0m
[0;32m[1784838346.316] [22627:22627] [DMG] AccessControl: checking f=0 a=p s=0xFFFFFFFB00000000 t= c=0x0000_0030 e=0 p=v r=r[0m
[0;32m[1784838346.316] [22627:22627] [DMG] AccessControl: implicit admin (PASE)[0m
[0;34m[1784838346.316] [22627:22627] [DMG] Reading attribute: Cluster=0x0000_0030 Endpoint=0x0 AttributeId=0x0000_0000 (expanded=0)[0m
[0;34m[1784838346.316] [22627:22627] [DMG] <RE:Run> Cluster 30, Attribute 4 is dirty[0m
[0;32m[1784838346.316] [22627:22627] [DMG] AccessControl: checking f=0 a=p s=0xFFFFFFFB00000000 t= c=0x0000_0030 e=0 p=v r=r[0m
[0;32m[1784838346.316] [22627:22627] [DMG] AccessControl: implicit admin (PASE)[0m
[0;32m[1784838346.316] [22627:22627] [DMG] AccessControl: checking f=0 a=p s=0xFFFFFFFB00000000 t= c=0x0000_0030 e=0 p=v r=r[0m
[0;32m[1784838346.316] [22627:22627] [DMG] AccessControl: implicit admin (PASE)[0m
[0;34m[1784838346.316] [22627:22627] [DMG] Reading attribute: Cluster=0x0000_0030 Endpoint=0x0 AttributeId=0x0000_0004 (expanded=0)[0m
[0;34m[1784838346.316] [22627:22627] [DMG] <RE> Sending report (payload has 732 bytes)...[0m
[0;32m[1784838346.316] [22627:22627] [EM] <<< [E:59136r S:40560 M:63986955 (Ack:32615730)] (S) Msg TX from 0000000000000000 to 0:FFFFFFFB00000000 [0000] [UDP:[fe80::bfe:a203:38f0:bce7%enp0s3]:52379] --- Type 0001:05 (IM:ReportData) (B:766)[0m
[0;32m[1784838346.316] [22627:22627] [EM] ??1 [E:59136r S:40560 M:63986955] (S) Msg Retransmission to 0:FFFFFFFB00000000 scheduled for 406ms from now [State:Active II:500 AI:300 AT:4000][0m
[0;34m[1784838346.316] [22627:22627] [DMG] <RE> OnReportConfirm: NumReports = 0[0m
[0;34m[1784838346.316] [22627:22627] [DMG] <RE> ReportsInFlight = 0 with readHandler 0, RE has no more messages[0m
[0;34m[1784838346.316] [22627:22627] [DMG] IM RH moving to [AwaitingDestruction][0m
[0;34m[1784838346.316] [22627:22627] [DMG] All ReadHandler-s are clean, clear GlobalDirtySet[0m
[0;32m[1784838346.316] [22627:22627] [EM] >>> [E:59135r S:0 M:180369569 (Ack:47216233)] (U) Msg RX from 0:6F1C94DCB7318DDE [0000] to 0000000000000000 --- Type 0000:10 (SecureChannel:StandaloneAck) (B:26)[0m
[0;34m[1784838346.316] [22627:22627] [EM] Found matching exchange: 59135r, Delegate: (nil)[0m
[0;34m[1784838346.316] [22627:22627] [EM] Rxd Ack; Removing MessageCounter:47216233 from Retrans Table on exchange 59135r[0m
[0;32m[1784838346.317] [22627:22627] [EM] >>> [E:59137r S:40560 M:32615731] (S) Msg RX from 0:FFFFFFFB00000000 [0000] to 0000000000000000 --- Type 0001:02 (IM:ReadRequest) (B:112)[0m
[0;34m[1784838346.317] [22627:22627] [EM] Handling via exchange: 59137r, Delegate: 0x64b273dacac8[0m
[0;34m[1784838346.317] [22627:22627] [IM] Received Read request[0m
[0;34m[1784838346.317] [22627:22627] [DMG] ReadRequestMessage =[0m
[0;34m[1784838346.318] [22627:22627] [DMG] {[0m
[0;34m[1784838346.318] [22627:22627] [DMG] 	AttributePathIBs =[0m
[0;34m[1784838346.318] [22627:22627] [DMG] 	[[0m
[0;34m[1784838346.318] [22627:22627] [DMG] 		AttributePathIB =[0m
[0;34m[1784838346.318] [22627:22627] [DMG] 		{[0m
[0;34m[1784838346.318] [22627:22627] [DMG] 			Cluster = 0x31,[0m
[0;34m[1784838346.318] [22627:22627] [DMG] 			Attribute = 0x0000_FFFC,[0m
[0;34m[1784838346.318] [22627:22627] [DMG] 		}[0m
[0;34m[1784838346.318] [22627:22627] [DMG] 			[0m
[0;34m[1784838346.318] [22627:22627] [DMG] 		AttributePathIB =[0m
[0;34m[1784838346.318] [22627:22627] [DMG] 		{[0m
[0;34m[1784838346.318] [22627:22627] [DMG] 			Cluster = 0x31,[0m
[0;34m[1784838346.318] [22627:22627] [DMG] 			Attribute = 0x0000_0003,[0m
[0;34m[1784838346.318] [22627:22627] [DMG] 		}[0m
[0;34m[1784838346.318] [22627:22627] [DMG] 			[0m
[0;34m[1784838346.318] [22627:22627] [DMG] 		AttributePathIB =[0m
[0;34m[1784838346.318] [22627:22627] [DMG] 		{[0m
[0;34m[1784838346.318] [22627:22627] [DMG] 			Endpoint = 0x0,[0m
[0;34m[1784838346.318] [22627:22627] [DMG] 			Cluster = 0x46,[0m
[0;34m[1784838346.318] [22627:22627] [DMG] 			Attribute = 0x0000_0006,[0m
[0;34m[1784838346.318] [22627:22627] [DMG] 		}[0m
[0;34m[1784838346.318] [22627:22627] [DMG] 			[0m
[0;34m[1784838346.318] [22627:22627] [DMG] 		AttributePathIB =[0m
[0;34m[1784838346.318] [22627:22627] [DMG] 		{[0m
[0;34m[1784838346.318] [22627:22627] [DMG] 			Endpoint = 0x0,[0m
[0;34m[1784838346.318] [22627:22627] [DMG] 			Cluster = 0x46,[0m
[0;34m[1784838346.318] [22627:22627] [DMG] 			Attribute = 0x0000_0007,[0m
[0;34m[1784838346.318] [22627:22627] [DMG] 		}[0m
[0;34m[1784838346.318] [22627:22627] [DMG] 			[0m
[0;34m[1784838346.318] [22627:22627] [DMG] 		AttributePathIB =[0m
[0;34m[1784838346.318] [22627:22627] [DMG] 		{[0m
[0;34m[1784838346.318] [22627:22627] [DMG] 			Endpoint = 0x0,[0m
[0;34m[1784838346.318] [22627:22627] [DMG] 			Cluster = 0x46,[0m
[0;34m[1784838346.318] [22627:22627] [DMG] 			Attribute = 0x0000_0000,[0m
[0;34m[1784838346.318] [22627:22627] [DMG] 		}[0m
[0;34m[1784838346.318] [22627:22627] [DMG] 			[0m
[0;34m[1784838346.318] [22627:22627] [DMG] 		AttributePathIB =[0m
[0;34m[1784838346.318] [22627:22627] [DMG] 		{[0m
[0;34m[1784838346.318] [22627:22627] [DMG] 			Endpoint = 0x0,[0m
[0;34m[1784838346.318] [22627:22627] [DMG] 			Cluster = 0x46,[0m
[0;34m[1784838346.318] [22627:22627] [DMG] 			Attribute = 0x0000_0001,[0m
[0;34m[1784838346.318] [22627:22627] [DMG] 		}[0m
[0;34m[1784838346.318] [22627:22627] [DMG] 			[0m
[0;34m[1784838346.318] [22627:22627] [DMG] 		AttributePathIB =[0m
[0;34m[1784838346.318] [22627:22627] [DMG] 		{[0m
[0;34m[1784838346.318] [22627:22627] [DMG] 			Endpoint = 0x0,[0m
[0;34m[1784838346.318] [22627:22627] [DMG] 			Cluster = 0x46,[0m
[0;34m[1784838346.318] [22627:22627] [DMG] 			Attribute = 0x0000_0002,[0m
[0;34m[1784838346.318] [22627:22627] [DMG] 		}[0m
[0;34m[1784838346.318] [22627:22627] [DMG] 			[0m
[0;34m[1784838346.318] [22627:22627] [DMG] 	],[0m
[0;34m[1784838346.318] [22627:22627] [DMG] 		[0m
[0;34m[1784838346.318] [22627:22627] [DMG] 	isFabricFiltered = false, [0m
[0;34m[1784838346.318] [22627:22627] [DMG] 	InteractionModelRevision = 12[0m
[0;34m[1784838346.318] [22627:22627] [DMG] },[0m
[0;34m[1784838346.318] [22627:22627] [DMG] IM RH moving to [CanStartReporting][0m
[0;34m[1784838346.318] [22627:22627] [DMG] Building Reports for ReadHandler with LastReportGeneration = 0x0000000000000000 DirtyGeneration = 0x0000000000000000[0m
[0;34m[1784838346.318] [22627:22627] [DMG] <RE:Run> Cluster 46, Attribute 2 is dirty[0m
[1;31m[1784838346.318] [22627:22627] [DMG] Read request on unknown cluster - no data version available[0m
[0;32m[1784838346.318] [22627:22627] [DMG] AccessControl: checking f=0 a=p s=0xFFFFFFFB00000000 t= c=0x0000_0046 e=0 p=v r=r[0m
[0;32m[1784838346.318] [22627:22627] [DMG] AccessControl: implicit admin (PASE)[0m
[1;31m[1784838346.318] [22627:22627] [DMG] Failed to read attribute: UNSUPPORTED_CLUSTER(195)[0m
[1;31m[1784838346.318] [22627:22627] [DMG] Fail to retrieve data, roll back and encode status on clusterId: 0x0000_0046, attributeId: 0x0000_0002err = src/app/data-model-provider/ActionReturnStatus.cpp:104: IM Error 0x000005C3: General error: 0xc3 (UNSUPPORTED_CLUSTER)[0m
[0;34m[1784838346.318] [22627:22627] [DMG] <RE:Run> Cluster 46, Attribute 1 is dirty[0m
[1;31m[1784838346.318] [22627:22627] [DMG] Read request on unknown cluster - no data version available[0m
[0;32m[1784838346.318] [22627:22627] [DMG] AccessControl: checking f=0 a=p s=0xFFFFFFFB00000000 t= c=0x0000_0046 e=0 p=v r=r[0m
[0;32m[1784838346.318] [22627:22627] [DMG] AccessControl: implicit admin (PASE)[0m
[1;31m[1784838346.318] [22627:22627] [DMG] Failed to read attribute: UNSUPPORTED_CLUSTER(195)[0m
[1;31m[1784838346.318] [22627:22627] [DMG] Fail to retrieve data, roll back and encode status on clusterId: 0x0000_0046, attributeId: 0x0000_0001err = src/app/data-model-provider/ActionReturnStatus.cpp:104: IM Error 0x000005C3: General error: 0xc3 (UNSUPPORTED_CLUSTER)[0m
[0;34m[1784838346.318] [22627:22627] [DMG] <RE:Run> Cluster 46, Attribute 0 is dirty[0m
[1;31m[1784838346.318] [22627:22627] [DMG] Read request on unknown cluster - no data version available[0m
[0;32m[1784838346.318] [22627:22627] [DMG] AccessControl: checking f=0 a=p s=0xFFFFFFFB00000000 t= c=0x0000_0046 e=0 p=v r=r[0m
[0;32m[1784838346.318] [22627:22627] [DMG] AccessControl: implicit admin (PASE)[0m
[1;31m[1784838346.318] [22627:22627] [DMG] Failed to read attribute: UNSUPPORTED_CLUSTER(195)[0m
[1;31m[1784838346.318] [22627:22627] [DMG] Fail to retrieve data, roll back and encode status on clusterId: 0x0000_0046, attributeId: 0x0000_0000err = src/app/data-model-provider/ActionReturnStatus.cpp:104: IM Error 0x000005C3: General error: 0xc3 (UNSUPPORTED_CLUSTER)[0m
[0;34m[1784838346.318] [22627:22627] [DMG] <RE:Run> Cluster 46, Attribute 7 is dirty[0m
[1;31m[1784838346.318] [22627:22627] [DMG] Read request on unknown cluster - no data version available[0m
[0;32m[1784838346.318] [22627:22627] [DMG] AccessControl: checking f=0 a=p s=0xFFFFFFFB00000000 t= c=0x0000_0046 e=0 p=v r=r[0m
[0;32m[1784838346.318] [22627:22627] [DMG] AccessControl: implicit admin (PASE)[0m
[1;31m[1784838346.318] [22627:22627] [DMG] Failed to read attribute: UNSUPPORTED_CLUSTER(195)[0m
[1;31m[1784838346.318] [22627:22627] [DMG] Fail to retrieve data, roll back and encode status on clusterId: 0x0000_0046, attributeId: 0x0000_0007err = src/app/data-model-provider/ActionReturnStatus.cpp:104: IM Error 0x000005C3: General error: 0xc3 (UNSUPPORTED_CLUSTER)[0m
[0;34m[1784838346.318] [22627:22627] [DMG] <RE:Run> Cluster 46, Attribute 6 is dirty[0m
[1;31m[1784838346.318] [22627:22627] [DMG] Read request on unknown cluster - no data version available[0m
[0;32m[1784838346.318] [22627:22627] [DMG] AccessControl: checking f=0 a=p s=0xFFFFFFFB00000000 t= c=0x0000_0046 e=0 p=v r=r[0m
[0;32m[1784838346.318] [22627:22627] [DMG] AccessControl: implicit admin (PASE)[0m
[1;31m[1784838346.318] [22627:22627] [DMG] Failed to read attribute: UNSUPPORTED_CLUSTER(195)[0m
[1;31m[1784838346.318] [22627:22627] [DMG] Fail to retrieve data, roll back and encode status on clusterId: 0x0000_0046, attributeId: 0x0000_0006err = src/app/data-model-provider/ActionReturnStatus.cpp:104: IM Error 0x000005C3: General error: 0xc3 (UNSUPPORTED_CLUSTER)[0m
[0;34m[1784838346.318] [22627:22627] [DMG] <RE:Run> Cluster 31, Attribute fffc is dirty[0m
[0;32m[1784838346.318] [22627:22627] [DMG] AccessControl: checking f=0 a=p s=0xFFFFFFFB00000000 t= c=0x0000_0031 e=0 p=v r=r[0m
[0;32m[1784838346.318] [22627:22627] [DMG] AccessControl: implicit admin (PASE)[0m
[0;32m[1784838346.318] [22627:22627] [DMG] AccessControl: checking f=0 a=p s=0xFFFFFFFB00000000 t= c=0x0000_0031 e=0 p=v r=r[0m
[0;32m[1784838346.318] [22627:22627] [DMG] AccessControl: implicit admin (PASE)[0m
[0;34m[1784838346.318] [22627:22627] [DMG] Reading attribute: Cluster=0x0000_0031 Endpoint=0x0 AttributeId=0x0000_FFFC (expanded=1)[0m
[0;34m[1784838346.318] [22627:22627] [DMG] <RE> Sending report (payload has 152 bytes)...[0m
[0;32m[1784838346.318] [22627:22627] [EM] <<< [E:59137r S:40560 M:63986956 (Ack:32615731)] (S) Msg TX from 0000000000000000 to 0:FFFFFFFB00000000 [0000] [UDP:[fe80::bfe:a203:38f0:bce7%enp0s3]:52379] --- Type 0001:05 (IM:ReportData) (B:186)[0m
[0;32m[1784838346.318] [22627:22627] [EM] ??1 [E:59137r S:40560 M:63986956] (S) Msg Retransmission to 0:FFFFFFFB00000000 scheduled for 351ms from now [State:Active II:500 AI:300 AT:4000][0m
[0;34m[1784838346.318] [22627:22627] [DMG] <RE> OnReportConfirm: NumReports = 0[0m
[0;34m[1784838346.318] [22627:22627] [DMG] <RE> ReportsInFlight = 0 with readHandler 0, RE has no more messages[0m
[0;34m[1784838346.318] [22627:22627] [DMG] IM RH moving to [AwaitingDestruction][0m
[0;34m[1784838346.318] [22627:22627] [DMG] All ReadHandler-s are clean, clear GlobalDirtySet[0m
[0;32m[1784838346.318] [22627:22627] [EM] >>> [E:59136r S:40560 M:32615732 (Ack:63986955)] (S) Msg RX from 0:FFFFFFFB00000000 [0000] to 0000000000000000 --- Type 0000:10 (SecureChannel:StandaloneAck) (B:34)[0m
[0;34m[1784838346.318] [22627:22627] [EM] Found matching exchange: 59136r, Delegate: (nil)[0m
[0;34m[1784838346.318] [22627:22627] [EM] Rxd Ack; Removing MessageCounter:63986955 from Retrans Table on exchange 59136r[0m
[0;32m[1784838346.319] [22627:22627] [EM] >>> [E:59138r S:40560 M:32615733] (S) Msg RX from 0:FFFFFFFB00000000 [0000] to 0000000000000000 --- Type 0001:08 (IM:InvokeCommandRequest) (B:65)[0m
[0;34m[1784838346.319] [22627:22627] [EM] Handling via exchange: 59138r, Delegate: 0x64b273dacac8[0m
[0;34m[1784838346.319] [22627:22627] [DMG] InvokeRequestMessage =[0m
[0;34m[1784838346.319] [22627:22627] [DMG] {[0m
[0;34m[1784838346.319] [22627:22627] [DMG] 	suppressResponse = false, [0m
[0;34m[1784838346.319] [22627:22627] [DMG] 	timedRequest = false, [0m
[0;34m[1784838346.319] [22627:22627] [DMG] 	InvokeRequests =[0m
[0;34m[1784838346.319] [22627:22627] [DMG] 	[[0m
[0;34m[1784838346.319] [22627:22627] [DMG] 		CommandDataIB =[0m
[0;34m[1784838346.319] [22627:22627] [DMG] 		{[0m
[0;34m[1784838346.319] [22627:22627] [DMG] 			CommandPathIB =[0m
[0;34m[1784838346.319] [22627:22627] [DMG] 			{[0m
[0;34m[1784838346.319] [22627:22627] [DMG] 				EndpointId = 0x0,[0m
[0;34m[1784838346.319] [22627:22627] [DMG] 				ClusterId = 0x30,[0m
[0;34m[1784838346.319] [22627:22627] [DMG] 				CommandId = 0x0,[0m
[0;34m[1784838346.319] [22627:22627] [DMG] 			},[0m
[0;34m[1784838346.319] [22627:22627] [DMG] 			[0m
[0;34m[1784838346.319] [22627:22627] [DMG] 			CommandFields = [0m
[0;34m[1784838346.319] [22627:22627] [DMG] 			{[0m
[0;34m[1784838346.319] [22627:22627] [DMG] 				0x0 = 60 (unsigned), [0m
[0;34m[1784838346.319] [22627:22627] [DMG] 				0x1 = 3 (unsigned), [0m
[0;34m[1784838346.319] [22627:22627] [DMG] 			},[0m
[0;34m[1784838346.319] [22627:22627] [DMG] 		},[0m
[0;34m[1784838346.319] [22627:22627] [DMG] 		[0m
[0;34m[1784838346.319] [22627:22627] [DMG] 	],[0m
[0;34m[1784838346.319] [22627:22627] [DMG] 	[0m
[0;34m[1784838346.319] [22627:22627] [DMG] 	InteractionModelRevision = 12[0m
[0;34m[1784838346.319] [22627:22627] [DMG] },[0m
[0;32m[1784838346.319] [22627:22627] [DMG] AccessControl: checking f=0 a=p s=0xFFFFFFFB00000000 t= c=0x0000_0030 e=0 p=o r=i[0m
[0;32m[1784838346.319] [22627:22627] [DMG] AccessControl: implicit admin (PASE)[0m
[0;32m[1784838346.319] [22627:22627] [DMG] AccessControl: checking f=0 a=p s=0xFFFFFFFB00000000 t= c=0x0000_0030 e=0 p=a r=i[0m
[0;32m[1784838346.319] [22627:22627] [DMG] AccessControl: implicit admin (PASE)[0m
[0;34m[1784838346.319] [22627:22627] [DMG] Received command for Endpoint=0 Cluster=0x0000_0030 Command=0x0000_0000[0m
[0;32m[1784838346.319] [22627:22627] [FS] GeneralCommissioning: Received ArmFailSafe (60s)[0m
[0;34m[1784838346.319] [22627:22627] [DMG] Command handler moving to [NewRespons][0m
[0;34m[1784838346.319] [22627:22627] [DMG] Command handler moving to [ Preparing][0m
[0;34m[1784838346.319] [22627:22627] [DMG] Command handler moving to [AddingComm][0m
[0;34m[1784838346.319] [22627:22627] [DMG] Command handler moving to [AddedComma][0m
[0;34m[1784838346.319] [22627:22627] [DMG] Decreasing reference count for CommandHandlerImpl, remaining 1[0m
[0;34m[1784838346.319] [22627:22627] [DMG] Decreasing reference count for CommandHandlerImpl, remaining 0[0m
[0;34m[1784838346.319] [22627:22627] [DMG] Command handler moving to [AwaitingDe][0m
[0;32m[1784838346.319] [22627:22627] [EM] <<< [E:59138r S:40560 M:63986957 (Ack:32615733)] (S) Msg TX from 0000000000000000 to 0:FFFFFFFB00000000 [0000] [UDP:[fe80::bfe:a203:38f0:bce7%enp0s3]:52379] --- Type 0001:09 (IM:InvokeCommandResponse) (B:70)[0m
[0;32m[1784838346.319] [22627:22627] [EM] ??1 [E:59138r S:40560 M:63986957] (S) Msg Retransmission to 0:FFFFFFFB00000000 scheduled for 335ms from now [State:Active II:500 AI:300 AT:4000][0m
[0;34m[1784838346.319] [22627:22627] [DMG] Command response sender moving to [AllInvokeR][0m
[0;32m[1784838346.319] [22627:22627] [EM] >>> [E:59137r S:40560 M:32615734 (Ack:63986956)] (S) Msg RX from 0:FFFFFFFB00000000 [0000] to 0000000000000000 --- Type 0000:10 (SecureChannel:StandaloneAck) (B:34)[0m
[0;34m[1784838346.319] [22627:22627] [EM] Found matching exchange: 59137r, Delegate: (nil)[0m
[0;34m[1784838346.319] [22627:22627] [EM] Rxd Ack; Removing MessageCounter:63986956 from Retrans Table on exchange 59137r[0m
[0;32m[1784838346.319] [22627:22627] [EM] >>> [E:59139r S:40560 M:32615735] (S) Msg RX from 0:FFFFFFFB00000000 [0000] to 0000000000000000 --- Type 0001:08 (IM:InvokeCommandRequest) (B:70)[0m
[0;34m[1784838346.319] [22627:22627] [EM] Handling via exchange: 59139r, Delegate: 0x64b273dacac8[0m
[0;34m[1784838346.319] [22627:22627] [DMG] InvokeRequestMessage =[0m
[0;34m[1784838346.319] [22627:22627] [DMG] {[0m
[0;34m[1784838346.319] [22627:22627] [DMG] 	suppressResponse = false, [0m
[0;34m[1784838346.319] [22627:22627] [DMG] 	timedRequest = false, [0m
[0;34m[1784838346.319] [22627:22627] [DMG] 	InvokeRequests =[0m
[0;34m[1784838346.319] [22627:22627] [DMG] 	[[0m
[0;34m[1784838346.319] [22627:22627] [DMG] 		CommandDataIB =[0m
[0;34m[1784838346.319] [22627:22627] [DMG] 		{[0m
[0;34m[1784838346.319] [22627:22627] [DMG] 			CommandPathIB =[0m
[0;34m[1784838346.319] [22627:22627] [DMG] 			{[0m
[0;34m[1784838346.319] [22627:22627] [DMG] 				EndpointId = 0x0,[0m
[0;34m[1784838346.319] [22627:22627] [DMG] 				ClusterId = 0x30,[0m
[0;34m[1784838346.319] [22627:22627] [DMG] 				CommandId = 0x2,[0m
[0;34m[1784838346.319] [22627:22627] [DMG] 			},[0m
[0;34m[1784838346.319] [22627:22627] [DMG] 			[0m
[0;34m[1784838346.319] [22627:22627] [DMG] 			CommandFields = [0m
[0;34m[1784838346.319] [22627:22627] [DMG] 			{[0m
[0;34m[1784838346.319] [22627:22627] [DMG] 				0x0 = 0 (unsigned), [0m
[0;34m[1784838346.319] [22627:22627] [DMG] 				0x1 = "XX" (2 chars), [0m
[0;34m[1784838346.319] [22627:22627] [DMG] 				0x2 = 4 (unsigned), [0m
[0;34m[1784838346.319] [22627:22627] [DMG] 			},[0m
[0;34m[1784838346.319] [22627:22627] [DMG] 		},[0m
[0;34m[1784838346.319] [22627:22627] [DMG] 		[0m
[0;34m[1784838346.319] [22627:22627] [DMG] 	],[0m
[0;34m[1784838346.319] [22627:22627] [DMG] 	[0m
[0;34m[1784838346.319] [22627:22627] [DMG] 	InteractionModelRevision = 12[0m
[0;34m[1784838346.319] [22627:22627] [DMG] },[0m
[0;32m[1784838346.319] [22627:22627] [DMG] AccessControl: checking f=0 a=p s=0xFFFFFFFB00000000 t= c=0x0000_0030 e=0 p=o r=i[0m
[0;32m[1784838346.319] [22627:22627] [DMG] AccessControl: implicit admin (PASE)[0m
[0;32m[1784838346.319] [22627:22627] [DMG] AccessControl: checking f=0 a=p s=0xFFFFFFFB00000000 t= c=0x0000_0030 e=0 p=a r=i[0m
[0;32m[1784838346.319] [22627:22627] [DMG] AccessControl: implicit admin (PASE)[0m
[0;34m[1784838346.319] [22627:22627] [DMG] Received command for Endpoint=0 Cluster=0x0000_0030 Command=0x0000_0002[0m
[0;34m[1784838346.323] [22627:22627] [DL] Wrote settings to /tmp/chip_config.ini[0m
[0;32m[1784838346.323] [22627:22627] [DL] NVS set: chip-config/regulatory-location = 0 (0x0)[0m
[0;34m[1784838346.326] [22627:22627] [DL] Wrote settings to /tmp/chip_config.ini[0m
[0;32m[1784838346.326] [22627:22627] [DL] NVS set: chip-config/country-code = "XX"[0m
[0;34m[1784838346.326] [22627:22627] [DMG] Command handler moving to [NewRespons][0m
[0;34m[1784838346.326] [22627:22627] [DMG] Command handler moving to [ Preparing][0m
[0;34m[1784838346.326] [22627:22627] [DMG] Command handler moving to [AddingComm][0m
[0;34m[1784838346.326] [22627:22627] [DMG] Command handler moving to [AddedComma][0m
[0;34m[1784838346.326] [22627:22627] [DMG] Decreasing reference count for CommandHandlerImpl, remaining 1[0m
[0;34m[1784838346.326] [22627:22627] [DMG] Decreasing reference count for CommandHandlerImpl, remaining 0[0m
[0;34m[1784838346.326] [22627:22627] [DMG] Command handler moving to [AwaitingDe][0m
[0;32m[1784838346.326] [22627:22627] [EM] <<< [E:59139r S:40560 M:63986958 (Ack:32615735)] (S) Msg TX from 0000000000000000 to 0:FFFFFFFB00000000 [0000] [UDP:[fe80::bfe:a203:38f0:bce7%enp0s3]:52379] --- Type 0001:09 (IM:InvokeCommandResponse) (B:70)[0m
[0;32m[1784838346.326] [22627:22627] [EM] ??1 [E:59139r S:40560 M:63986958] (S) Msg Retransmission to 0:FFFFFFFB00000000 scheduled for 347ms from now [State:Active II:500 AI:300 AT:4000][0m
[0;34m[1784838346.326] [22627:22627] [DMG] Command response sender moving to [AllInvokeR][0m
[0;32m[1784838346.326] [22627:22627] [EM] >>> [E:59138r S:40560 M:32615736 (Ack:63986957)] (S) Msg RX from 0:FFFFFFFB00000000 [0000] to 0000000000000000 --- Type 0000:10 (SecureChannel:StandaloneAck) (B:34)[0m
[0;34m[1784838346.326] [22627:22627] [EM] Found matching exchange: 59138r, Delegate: (nil)[0m
[0;34m[1784838346.326] [22627:22627] [EM] Rxd Ack; Removing MessageCounter:63986957 from Retrans Table on exchange 59138r[0m
[0;32m[1784838346.326] [22627:22627] [EM] >>> [E:59140r S:40560 M:32615737] (S) Msg RX from 0:FFFFFFFB00000000 [0000] to 0000000000000000 --- Type 0001:08 (IM:InvokeCommandRequest) (B:72)[0m
[0;34m[1784838346.326] [22627:22627] [EM] Handling via exchange: 59140r, Delegate: 0x64b273dacac8[0m
[0;34m[1784838346.326] [22627:22627] [DMG] InvokeRequestMessage =[0m
[0;34m[1784838346.326] [22627:22627] [DMG] {[0m
[0;34m[1784838346.326] [22627:22627] [DMG] 	suppressResponse = false, [0m
[0;34m[1784838346.326] [22627:22627] [DMG] 	timedRequest = false, [0m
[0;34m[1784838346.326] [22627:22627] [DMG] 	InvokeRequests =[0m
[0;34m[1784838346.326] [22627:22627] [DMG] 	[[0m
[0;34m[1784838346.326] [22627:22627] [DMG] 		CommandDataIB =[0m
[0;34m[1784838346.326] [22627:22627] [DMG] 		{[0m
[0;34m[1784838346.326] [22627:22627] [DMG] 			CommandPathIB =[0m
[0;34m[1784838346.326] [22627:22627] [DMG] 			{[0m
[0;34m[1784838346.326] [22627:22627] [DMG] 				EndpointId = 0x0,[0m
[0;34m[1784838346.326] [22627:22627] [DMG] 				ClusterId = 0x38,[0m
[0;34m[1784838346.326] [22627:22627] [DMG] 				CommandId = 0x0,[0m
[0;34m[1784838346.326] [22627:22627] [DMG] 			},[0m
[0;34m[1784838346.326] [22627:22627] [DMG] 			[0m
[0;34m[1784838346.326] [22627:22627] [DMG] 			CommandFields = [0m
[0;34m[1784838346.326] [22627:22627] [DMG] 			{[0m
[0;34m[1784838346.326] [22627:22627] [DMG] 				0x0 = 838153546326413 (unsigned), [0m
[0;34m[1784838346.326] [22627:22627] [DMG] 				0x1 = 2 (unsigned), [0m
[0;34m[1784838346.326] [22627:22627] [DMG] 			},[0m
[0;34m[1784838346.326] [22627:22627] [DMG] 		},[0m
[0;34m[1784838346.326] [22627:22627] [DMG] 		[0m
[0;34m[1784838346.326] [22627:22627] [DMG] 	],[0m
[0;34m[1784838346.326] [22627:22627] [DMG] 	[0m
[0;34m[1784838346.326] [22627:22627] [DMG] 	InteractionModelRevision = 12[0m
[0;34m[1784838346.326] [22627:22627] [DMG] },[0m
[0;32m[1784838346.326] [22627:22627] [DMG] AccessControl: checking f=0 a=p s=0xFFFFFFFB00000000 t= c=0x0000_0038 e=0 p=o r=i[0m
[0;32m[1784838346.326] [22627:22627] [DMG] AccessControl: implicit admin (PASE)[0m
[0;32m[1784838346.326] [22627:22627] [DMG] AccessControl: checking f=0 a=p s=0xFFFFFFFB00000000 t= c=0x0000_0038 e=0 p=a r=i[0m
[0;32m[1784838346.326] [22627:22627] [DMG] AccessControl: implicit admin (PASE)[0m
[0;34m[1784838346.326] [22627:22627] [DMG] Received command for Endpoint=0 Cluster=0x0000_0038 Command=0x0000_0000[0m
[1;31m[1784838346.326] [22627:22627] [DMG] Endpoint=0 Cluster=0x0000_0038 Command=0x0000_0000 status 0x01 (FAILURE) ClusterSpecificCode=2 (no additional context)[0m
[0;34m[1784838346.326] [22627:22627] [DMG] Command handler moving to [NewRespons][0m
[0;34m[1784838346.326] [22627:22627] [DMG] Command handler moving to [ Preparing][0m
[0;34m[1784838346.326] [22627:22627] [DMG] Command handler moving to [AddingComm][0m
[0;34m[1784838346.326] [22627:22627] [DMG] Command handler moving to [AddedComma][0m
[0;34m[1784838346.326] [22627:22627] [DMG] Decreasing reference count for CommandHandlerImpl, remaining 1[0m
[0;34m[1784838346.326] [22627:22627] [DMG] Decreasing reference count for CommandHandlerImpl, remaining 0[0m
[0;34m[1784838346.326] [22627:22627] [DMG] Command handler moving to [AwaitingDe][0m
[0;32m[1784838346.326] [22627:22627] [EM] <<< [E:59140r S:40560 M:63986959 (Ack:32615737)] (S) Msg TX from 0000000000000000 to 0:FFFFFFFB00000000 [0000] [UDP:[fe80::bfe:a203:38f0:bce7%enp0s3]:52379] --- Type 0001:09 (IM:InvokeCommandResponse) (B:70)[0m
[0;32m[1784838346.326] [22627:22627] [EM] ??1 [E:59140r S:40560 M:63986959] (S) Msg Retransmission to 0:FFFFFFFB00000000 scheduled for 366ms from now [State:Active II:500 AI:300 AT:4000][0m
[0;34m[1784838346.326] [22627:22627] [DMG] Command response sender moving to [AllInvokeR][0m
[0;32m[1784838346.326] [22627:22627] [EM] >>> [E:59139r S:40560 M:32615738 (Ack:63986958)] (S) Msg RX from 0:FFFFFFFB00000000 [0000] to 0000000000000000 --- Type 0000:10 (SecureChannel:StandaloneAck) (B:34)[0m
[0;34m[1784838346.326] [22627:22627] [EM] Found matching exchange: 59139r, Delegate: (nil)[0m
[0;34m[1784838346.326] [22627:22627] [EM] Rxd Ack; Removing MessageCounter:63986958 from Retrans Table on exchange 59139r[0m
[0;32m[1784838346.327] [22627:22627] [EM] >>> [E:59141r S:40560 M:32615739] (S) Msg RX from 0:FFFFFFFB00000000 [0000] to 0000000000000000 --- Type 0001:08 (IM:InvokeCommandRequest) (B:62)[0m
[0;34m[1784838346.327] [22627:22627] [EM] Handling via exchange: 59141r, Delegate: 0x64b273dacac8[0m
[0;34m[1784838346.327] [22627:22627] [DMG] InvokeRequestMessage =[0m
[0;34m[1784838346.327] [22627:22627] [DMG] {[0m
[0;34m[1784838346.327] [22627:22627] [DMG] 	suppressResponse = false, [0m
[0;34m[1784838346.327] [22627:22627] [DMG] 	timedRequest = false, [0m
[0;34m[1784838346.327] [22627:22627] [DMG] 	InvokeRequests =[0m
[0;34m[1784838346.327] [22627:22627] [DMG] 	[[0m
[0;34m[1784838346.327] [22627:22627] [DMG] 		CommandDataIB =[0m
[0;34m[1784838346.327] [22627:22627] [DMG] 		{[0m
[0;34m[1784838346.327] [22627:22627] [DMG] 			CommandPathIB =[0m
[0;34m[1784838346.327] [22627:22627] [DMG] 			{[0m
[0;34m[1784838346.327] [22627:22627] [DMG] 				EndpointId = 0x0,[0m
[0;34m[1784838346.327] [22627:22627] [DMG] 				ClusterId = 0x3e,[0m
[0;34m[1784838346.327] [22627:22627] [DMG] 				CommandId = 0x2,[0m
[0;34m[1784838346.327] [22627:22627] [DMG] 			},[0m
[0;34m[1784838346.327] [22627:22627] [DMG] 			[0m
[0;34m[1784838346.327] [22627:22627] [DMG] 			CommandFields = [0m
[0;34m[1784838346.327] [22627:22627] [DMG] 			{[0m
[0;34m[1784838346.327] [22627:22627] [DMG] 				0x0 = 2 (unsigned), [0m
[0;34m[1784838346.327] [22627:22627] [DMG] 			},[0m
[0;34m[1784838346.327] [22627:22627] [DMG] 		},[0m
[0;34m[1784838346.327] [22627:22627] [DMG] 		[0m
[0;34m[1784838346.327] [22627:22627] [DMG] 	],[0m
[0;34m[1784838346.327] [22627:22627] [DMG] 	[0m
[0;34m[1784838346.327] [22627:22627] [DMG] 	InteractionModelRevision = 12[0m
[0;34m[1784838346.327] [22627:22627] [DMG] },[0m
[0;32m[1784838346.327] [22627:22627] [DMG] AccessControl: checking f=0 a=p s=0xFFFFFFFB00000000 t= c=0x0000_003E e=0 p=o r=i[0m
[0;32m[1784838346.327] [22627:22627] [DMG] AccessControl: implicit admin (PASE)[0m
[0;32m[1784838346.327] [22627:22627] [DMG] AccessControl: checking f=0 a=p s=0xFFFFFFFB00000000 t= c=0x0000_003E e=0 p=a r=i[0m
[0;32m[1784838346.327] [22627:22627] [DMG] AccessControl: implicit admin (PASE)[0m
[0;34m[1784838346.327] [22627:22627] [DMG] Received command for Endpoint=0 Cluster=0x0000_003E Command=0x0000_0002[0m
[0;32m[1784838346.327] [22627:22627] [ZCL] OpCreds: Certificate Chain request received for PAI[0m
[0;34m[1784838346.327] [22627:22627] [DMG] Command handler moving to [NewRespons][0m
[0;34m[1784838346.327] [22627:22627] [DMG] Command handler moving to [ Preparing][0m
[0;34m[1784838346.327] [22627:22627] [DMG] Command handler moving to [AddingComm][0m
[0;34m[1784838346.327] [22627:22627] [DMG] Command handler moving to [AddedComma][0m
[0;34m[1784838346.327] [22627:22627] [DMG] Decreasing reference count for CommandHandlerImpl, remaining 1[0m
[0;34m[1784838346.327] [22627:22627] [DMG] Decreasing reference count for CommandHandlerImpl, remaining 0[0m
[0;34m[1784838346.327] [22627:22627] [DMG] Command handler moving to [AwaitingDe][0m
[0;32m[1784838346.327] [22627:22627] [EM] <<< [E:59141r S:40560 M:63986960 (Ack:32615739)] (S) Msg TX from 0000000000000000 to 0:FFFFFFFB00000000 [0000] [UDP:[fe80::bfe:a203:38f0:bce7%enp0s3]:52379] --- Type 0001:09 (IM:InvokeCommandResponse) (B:531)[0m
[0;32m[1784838346.327] [22627:22627] [EM] ??1 [E:59141r S:40560 M:63986960] (S) Msg Retransmission to 0:FFFFFFFB00000000 scheduled for 346ms from now [State:Active II:500 AI:300 AT:4000][0m
[0;34m[1784838346.327] [22627:22627] [DMG] Command response sender moving to [AllInvokeR][0m
[0;32m[1784838346.327] [22627:22627] [EM] >>> [E:59140r S:40560 M:32615740 (Ack:63986959)] (S) Msg RX from 0:FFFFFFFB00000000 [0000] to 0000000000000000 --- Type 0000:10 (SecureChannel:StandaloneAck) (B:34)[0m
[0;34m[1784838346.327] [22627:22627] [EM] Found matching exchange: 59140r, Delegate: (nil)[0m
[0;34m[1784838346.327] [22627:22627] [EM] Rxd Ack; Removing MessageCounter:63986959 from Retrans Table on exchange 59140r[0m
[0;32m[1784838346.327] [22627:22627] [EM] >>> [E:59142r S:40560 M:32615741] (S) Msg RX from 0:FFFFFFFB00000000 [0000] to 0000000000000000 --- Type 0001:08 (IM:InvokeCommandRequest) (B:62)[0m
[0;34m[1784838346.327] [22627:22627] [EM] Handling via exchange: 59142r, Delegate: 0x64b273dacac8[0m
[0;34m[1784838346.327] [22627:22627] [DMG] InvokeRequestMessage =[0m
[0;34m[1784838346.327] [22627:22627] [DMG] {[0m
[0;34m[1784838346.327] [22627:22627] [DMG] 	suppressResponse = false, [0m
[0;34m[1784838346.327] [22627:22627] [DMG] 	timedRequest = false, [0m
[0;34m[1784838346.327] [22627:22627] [DMG] 	InvokeRequests =[0m
[0;34m[1784838346.327] [22627:22627] [DMG] 	[[0m
[0;34m[1784838346.327] [22627:22627] [DMG] 		CommandDataIB =[0m
[0;34m[1784838346.327] [22627:22627] [DMG] 		{[0m
[0;34m[1784838346.327] [22627:22627] [DMG] 			CommandPathIB =[0m
[0;34m[1784838346.327] [22627:22627] [DMG] 			{[0m
[0;34m[1784838346.327] [22627:22627] [DMG] 				EndpointId = 0x0,[0m
[0;34m[1784838346.327] [22627:22627] [DMG] 				ClusterId = 0x3e,[0m
[0;34m[1784838346.327] [22627:22627] [DMG] 				CommandId = 0x2,[0m
[0;34m[1784838346.327] [22627:22627] [DMG] 			},[0m
[0;34m[1784838346.327] [22627:22627] [DMG] 			[0m
[0;34m[1784838346.327] [22627:22627] [DMG] 			CommandFields = [0m
[0;34m[1784838346.327] [22627:22627] [DMG] 			{[0m
[0;34m[1784838346.327] [22627:22627] [DMG] 				0x0 = 1 (unsigned), [0m
[0;34m[1784838346.327] [22627:22627] [DMG] 			},[0m
[0;34m[1784838346.327] [22627:22627] [DMG] 		},[0m
[0;34m[1784838346.327] [22627:22627] [DMG] 		[0m
[0;34m[1784838346.327] [22627:22627] [DMG] 	],[0m
[0;34m[1784838346.327] [22627:22627] [DMG] 	[0m
[0;34m[1784838346.327] [22627:22627] [DMG] 	InteractionModelRevision = 12[0m
[0;34m[1784838346.327] [22627:22627] [DMG] },[0m
[0;32m[1784838346.327] [22627:22627] [DMG] AccessControl: checking f=0 a=p s=0xFFFFFFFB00000000 t= c=0x0000_003E e=0 p=o r=i[0m
[0;32m[1784838346.327] [22627:22627] [DMG] AccessControl: implicit admin (PASE)[0m
[0;32m[1784838346.327] [22627:22627] [DMG] AccessControl: checking f=0 a=p s=0xFFFFFFFB00000000 t= c=0x0000_003E e=0 p=a r=i[0m
[0;32m[1784838346.327] [22627:22627] [DMG] AccessControl: implicit admin (PASE)[0m
[0;34m[1784838346.327] [22627:22627] [DMG] Received command for Endpoint=0 Cluster=0x0000_003E Command=0x0000_0002[0m
[0;32m[1784838346.327] [22627:22627] [ZCL] OpCreds: Certificate Chain request received for DAC[0m
[0;34m[1784838346.327] [22627:22627] [DMG] Command handler moving to [NewRespons][0m
[0;34m[1784838346.327] [22627:22627] [DMG] Command handler moving to [ Preparing][0m
[0;34m[1784838346.327] [22627:22627] [DMG] Command handler moving to [AddingComm][0m
[0;34m[1784838346.327] [22627:22627] [DMG] Command handler moving to [AddedComma][0m
[0;34m[1784838346.327] [22627:22627] [DMG] Decreasing reference count for CommandHandlerImpl, remaining 1[0m
[0;34m[1784838346.327] [22627:22627] [DMG] Decreasing reference count for CommandHandlerImpl, remaining 0[0m
[0;34m[1784838346.327] [22627:22627] [DMG] Command handler moving to [AwaitingDe][0m
[0;32m[1784838346.327] [22627:22627] [EM] <<< [E:59142r S:40560 M:63986961 (Ack:32615741)] (S) Msg TX from 0000000000000000 to 0:FFFFFFFB00000000 [0000] [UDP:[fe80::bfe:a203:38f0:bce7%enp0s3]:52379] --- Type 0001:09 (IM:InvokeCommandResponse) (B:559)[0m
[0;32m[1784838346.327] [22627:22627] [EM] ??1 [E:59142r S:40560 M:63986961] (S) Msg Retransmission to 0:FFFFFFFB00000000 scheduled for 368ms from now [State:Active II:500 AI:300 AT:4000][0m
[0;34m[1784838346.327] [22627:22627] [DMG] Command response sender moving to [AllInvokeR][0m
[0;32m[1784838346.327] [22627:22627] [EM] >>> [E:59141r S:40560 M:32615742 (Ack:63986960)] (S) Msg RX from 0:FFFFFFFB00000000 [0000] to 0000000000000000 --- Type 0000:10 (SecureChannel:StandaloneAck) (B:34)[0m
[0;34m[1784838346.327] [22627:22627] [EM] Found matching exchange: 59141r, Delegate: (nil)[0m
[0;34m[1784838346.327] [22627:22627] [EM] Rxd Ack; Removing MessageCounter:63986960 from Retrans Table on exchange 59141r[0m
[0;32m[1784838346.328] [22627:22627] [EM] >>> [E:59143r S:40560 M:32615743] (S) Msg RX from 0:FFFFFFFB00000000 [0000] to 0000000000000000 --- Type 0001:08 (IM:InvokeCommandRequest) (B:94)[0m
[0;34m[1784838346.328] [22627:22627] [EM] Handling via exchange: 59143r, Delegate: 0x64b273dacac8[0m
[0;34m[1784838346.328] [22627:22627] [DMG] InvokeRequestMessage =[0m
[0;34m[1784838346.328] [22627:22627] [DMG] {[0m
[0;34m[1784838346.328] [22627:22627] [DMG] 	suppressResponse = false, [0m
[0;34m[1784838346.328] [22627:22627] [DMG] 	timedRequest = false, [0m
[0;34m[1784838346.328] [22627:22627] [DMG] 	InvokeRequests =[0m
[0;34m[1784838346.328] [22627:22627] [DMG] 	[[0m
[0;34m[1784838346.328] [22627:22627] [DMG] 		CommandDataIB =[0m
[0;34m[1784838346.328] [22627:22627] [DMG] 		{[0m
[0;34m[1784838346.328] [22627:22627] [DMG] 			CommandPathIB =[0m
[0;34m[1784838346.328] [22627:22627] [DMG] 			{[0m
[0;34m[1784838346.328] [22627:22627] [DMG] 				EndpointId = 0x0,[0m
[0;34m[1784838346.328] [22627:22627] [DMG] 				ClusterId = 0x3e,[0m
[0;34m[1784838346.328] [22627:22627] [DMG] 				CommandId = 0x0,[0m
[0;34m[1784838346.328] [22627:22627] [DMG] 			},[0m
[0;34m[1784838346.328] [22627:22627] [DMG] 			[0m
[0;34m[1784838346.328] [22627:22627] [DMG] 			CommandFields = [0m
[0;34m[1784838346.328] [22627:22627] [DMG] 			{[0m
[0;34m[1784838346.328] [22627:22627] [DMG] 				0x0 = [[0m
[0;34m[1784838346.328] [22627:22627] [DMG] 						0x84, 0x22, 0x6f, 0xe9, 0xe3, 0x24, 0xde, 0xcc, 0xad, 0xd7, 0xfb, 0x39, 0xa9, 0x57, 0x35, 0xd5, 0x86, 0x72, 0xb5, 0xbd, 0xa5, 0xf3, 0xc0, 0x01, 0x97, 0x68, 0x88, 0xda, 0xb0, 0x69, 0xce, 0x64, [0m
[0;34m[1784838346.328] [22627:22627] [DMG] 				] (32 bytes)[0m
[0;34m[1784838346.328] [22627:22627] [DMG] 			},[0m
[0;34m[1784838346.328] [22627:22627] [DMG] 		},[0m
[0;34m[1784838346.328] [22627:22627] [DMG] 		[0m
[0;34m[1784838346.328] [22627:22627] [DMG] 	],[0m
[0;34m[1784838346.328] [22627:22627] [DMG] 	[0m
[0;34m[1784838346.328] [22627:22627] [DMG] 	InteractionModelRevision = 12[0m
[0;34m[1784838346.328] [22627:22627] [DMG] },[0m
[0;32m[1784838346.328] [22627:22627] [DMG] AccessControl: checking f=0 a=p s=0xFFFFFFFB00000000 t= c=0x0000_003E e=0 p=o r=i[0m
[0;32m[1784838346.328] [22627:22627] [DMG] AccessControl: implicit admin (PASE)[0m
[0;32m[1784838346.328] [22627:22627] [DMG] AccessControl: checking f=0 a=p s=0xFFFFFFFB00000000 t= c=0x0000_003E e=0 p=a r=i[0m
[0;32m[1784838346.328] [22627:22627] [DMG] AccessControl: implicit admin (PASE)[0m
[0;34m[1784838346.328] [22627:22627] [DMG] Received command for Endpoint=0 Cluster=0x0000_003E Command=0x0000_0000[0m
[0;32m[1784838346.328] [22627:22627] [ZCL] OpCreds: Received an AttestationRequest command[0m
[0;32m[1784838346.328] [22627:22627] [ZCL] OpCreds: AttestationRequest successful.[0m
[0;34m[1784838346.328] [22627:22627] [DMG] Command handler moving to [NewRespons][0m
[0;34m[1784838346.328] [22627:22627] [DMG] Command handler moving to [ Preparing][0m
[0;34m[1784838346.328] [22627:22627] [DMG] Command handler moving to [AddingComm][0m
[0;34m[1784838346.328] [22627:22627] [DMG] Command handler moving to [AddedComma][0m
[0;34m[1784838346.328] [22627:22627] [DMG] Decreasing reference count for CommandHandlerImpl, remaining 1[0m
[0;34m[1784838346.328] [22627:22627] [DMG] Decreasing reference count for CommandHandlerImpl, remaining 0[0m
[0;34m[1784838346.328] [22627:22627] [DMG] Command handler moving to [AwaitingDe][0m
[0;32m[1784838346.328] [22627:22627] [EM] <<< [E:59143r S:40560 M:63986962 (Ack:32615743)] (S) Msg TX from 0000000000000000 to 0:FFFFFFFB00000000 [0000] [UDP:[fe80::bfe:a203:38f0:bce7%enp0s3]:52379] --- Type 0001:09 (IM:InvokeCommandResponse) (B:718)[0m
[0;32m[1784838346.328] [22627:22627] [EM] ??1 [E:59143r S:40560 M:63986962] (S) Msg Retransmission to 0:FFFFFFFB00000000 scheduled for 401ms from now [State:Active II:500 AI:300 AT:4000][0m
[0;34m[1784838346.328] [22627:22627] [DMG] Command response sender moving to [AllInvokeR][0m
[0;32m[1784838346.328] [22627:22627] [EM] >>> [E:59142r S:40560 M:32615744 (Ack:63986961)] (S) Msg RX from 0:FFFFFFFB00000000 [0000] to 0000000000000000 --- Type 0000:10 (SecureChannel:StandaloneAck) (B:34)[0m
[0;34m[1784838346.328] [22627:22627] [EM] Found matching exchange: 59142r, Delegate: (nil)[0m
[0;34m[1784838346.328] [22627:22627] [EM] Rxd Ack; Removing MessageCounter:63986961 from Retrans Table on exchange 59142r[0m
[0;32m[1784838346.335] [22627:22627] [EM] >>> [E:59144r S:40560 M:32615745] (S) Msg RX from 0:FFFFFFFB00000000 [0000] to 0000000000000000 --- Type 0001:08 (IM:InvokeCommandRequest) (B:94)[0m
[0;34m[1784838346.335] [22627:22627] [EM] Handling via exchange: 59144r, Delegate: 0x64b273dacac8[0m
[0;34m[1784838346.335] [22627:22627] [DMG] InvokeRequestMessage =[0m
[0;34m[1784838346.335] [22627:22627] [DMG] {[0m
[0;34m[1784838346.335] [22627:22627] [DMG] 	suppressResponse = false, [0m
[0;34m[1784838346.335] [22627:22627] [DMG] 	timedRequest = false, [0m
[0;34m[1784838346.335] [22627:22627] [DMG] 	InvokeRequests =[0m
[0;34m[1784838346.335] [22627:22627] [DMG] 	[[0m
[0;34m[1784838346.335] [22627:22627] [DMG] 		CommandDataIB =[0m
[0;34m[1784838346.335] [22627:22627] [DMG] 		{[0m
[0;34m[1784838346.335] [22627:22627] [DMG] 			CommandPathIB =[0m
[0;34m[1784838346.335] [22627:22627] [DMG] 			{[0m
[0;34m[1784838346.335] [22627:22627] [DMG] 				EndpointId = 0x0,[0m
[0;34m[1784838346.335] [22627:22627] [DMG] 				ClusterId = 0x3e,[0m
[0;34m[1784838346.335] [22627:22627] [DMG] 				CommandId = 0x4,[0m
[0;34m[1784838346.335] [22627:22627] [DMG] 			},[0m
[0;34m[1784838346.335] [22627:22627] [DMG] 			[0m
[0;34m[1784838346.335] [22627:22627] [DMG] 			CommandFields = [0m
[0;34m[1784838346.335] [22627:22627] [DMG] 			{[0m
[0;34m[1784838346.335] [22627:22627] [DMG] 				0x0 = [[0m
[0;34m[1784838346.335] [22627:22627] [DMG] 						0x97, 0x75, 0xa6, 0x2a, 0xf3, 0x5c, 0xf8, 0x26, 0xd2, 0xcf, 0xab, 0xc8, 0x55, 0xdc, 0xeb, 0xdb, 0x15, 0xce, 0x95, 0x0e, 0xef, 0x13, 0x89, 0x29, 0xa2, 0xbe, 0xd6, 0x99, 0x82, 0x36, 0x0a, 0x85, [0m
[0;34m[1784838346.335] [22627:22627] [DMG] 				] (32 bytes)[0m
[0;34m[1784838346.335] [22627:22627] [DMG] 			},[0m
[0;34m[1784838346.335] [22627:22627] [DMG] 		},[0m
[0;34m[1784838346.335] [22627:22627] [DMG] 		[0m
[0;34m[1784838346.335] [22627:22627] [DMG] 	],[0m
[0;34m[1784838346.335] [22627:22627] [DMG] 	[0m
[0;34m[1784838346.335] [22627:22627] [DMG] 	InteractionModelRevision = 12[0m
[0;34m[1784838346.335] [22627:22627] [DMG] },[0m
[0;32m[1784838346.335] [22627:22627] [DMG] AccessControl: checking f=0 a=p s=0xFFFFFFFB00000000 t= c=0x0000_003E e=0 p=o r=i[0m
[0;32m[1784838346.335] [22627:22627] [DMG] AccessControl: implicit admin (PASE)[0m
[0;32m[1784838346.335] [22627:22627] [DMG] AccessControl: checking f=0 a=p s=0xFFFFFFFB00000000 t= c=0x0000_003E e=0 p=a r=i[0m
[0;32m[1784838346.335] [22627:22627] [DMG] AccessControl: implicit admin (PASE)[0m
[0;34m[1784838346.335] [22627:22627] [DMG] Received command for Endpoint=0 Cluster=0x0000_003E Command=0x0000_0004[0m
[0;32m[1784838346.335] [22627:22627] [ZCL] OpCreds: Received a CSRRequest command[0m
[0;32m[1784838346.336] [22627:22627] [ZCL] OpCreds: AllocatePendingOperationalKey succeeded[0m
[0;32m[1784838346.336] [22627:22627] [ZCL] OpCreds: CSRRequest successful.[0m
[0;34m[1784838346.336] [22627:22627] [DMG] Command handler moving to [NewRespons][0m
[0;34m[1784838346.336] [22627:22627] [DMG] Command handler moving to [ Preparing][0m
[0;34m[1784838346.336] [22627:22627] [DMG] Command handler moving to [AddingComm][0m
[0;34m[1784838346.336] [22627:22627] [DMG] Command handler moving to [AddedComma][0m
[0;34m[1784838346.336] [22627:22627] [DMG] Decreasing reference count for CommandHandlerImpl, remaining 1[0m
[0;34m[1784838346.336] [22627:22627] [DMG] Decreasing reference count for CommandHandlerImpl, remaining 0[0m
[0;34m[1784838346.336] [22627:22627] [DMG] Command handler moving to [AwaitingDe][0m
[0;32m[1784838346.336] [22627:22627] [EM] <<< [E:59144r S:40560 M:63986963 (Ack:32615745)] (S) Msg TX from 0000000000000000 to 0:FFFFFFFB00000000 [0000] [UDP:[fe80::bfe:a203:38f0:bce7%enp0s3]:52379] --- Type 0001:09 (IM:InvokeCommandResponse) (B:376)[0m
[0;32m[1784838346.336] [22627:22627] [EM] ??1 [E:59144r S:40560 M:63986963] (S) Msg Retransmission to 0:FFFFFFFB00000000 scheduled for 357ms from now [State:Active II:500 AI:300 AT:4000][0m
[0;34m[1784838346.336] [22627:22627] [DMG] Command response sender moving to [AllInvokeR][0m
[0;32m[1784838346.336] [22627:22627] [EM] >>> [E:59143r S:40560 M:32615746 (Ack:63986962)] (S) Msg RX from 0:FFFFFFFB00000000 [0000] to 0000000000000000 --- Type 0000:10 (SecureChannel:StandaloneAck) (B:34)[0m
[0;34m[1784838346.336] [22627:22627] [EM] Found matching exchange: 59143r, Delegate: (nil)[0m
[0;34m[1784838346.336] [22627:22627] [EM] Rxd Ack; Removing MessageCounter:63986962 from Retrans Table on exchange 59143r[0m
[0;32m[1784838346.339] [22627:22627] [EM] >>> [E:59145r S:40560 M:32615747] (S) Msg RX from 0:FFFFFFFB00000000 [0000] to 0000000000000000 --- Type 0001:08 (IM:InvokeCommandRequest) (B:293)[0m
[0;34m[1784838346.339] [22627:22627] [EM] Handling via exchange: 59145r, Delegate: 0x64b273dacac8[0m
[0;34m[1784838346.339] [22627:22627] [DMG] InvokeRequestMessage =[0m
[0;34m[1784838346.339] [22627:22627] [DMG] {[0m
[0;34m[1784838346.339] [22627:22627] [DMG] 	suppressResponse = false, [0m
[0;34m[1784838346.339] [22627:22627] [DMG] 	timedRequest = false, [0m
[0;34m[1784838346.339] [22627:22627] [DMG] 	InvokeRequests =[0m
[0;34m[1784838346.339] [22627:22627] [DMG] 	[[0m
[0;34m[1784838346.339] [22627:22627] [DMG] 		CommandDataIB =[0m
[0;34m[1784838346.339] [22627:22627] [DMG] 		{[0m
[0;34m[1784838346.339] [22627:22627] [DMG] 			CommandPathIB =[0m
[0;34m[1784838346.339] [22627:22627] [DMG] 			{[0m
[0;34m[1784838346.339] [22627:22627] [DMG] 				EndpointId = 0x0,[0m
[0;34m[1784838346.339] [22627:22627] [DMG] 				ClusterId = 0x3e,[0m
[0;34m[1784838346.339] [22627:22627] [DMG] 				CommandId = 0xb,[0m
[0;34m[1784838346.339] [22627:22627] [DMG] 			},[0m
[0;34m[1784838346.339] [22627:22627] [DMG] 			[0m
[0;34m[1784838346.339] [22627:22627] [DMG] 			CommandFields = [0m
[0;34m[1784838346.339] [22627:22627] [DMG] 			{[0m
[0;34m[1784838346.339] [22627:22627] [DMG] 				0x0 = [[0m
[0;34m[1784838346.339] [22627:22627] [DMG] 						0x15, 0x30, 0x01, 0x01, 0x01, 0x24, 0x02, 0x01, 0x37, 0x03, 0x24, 0x14, 0x01, 0x18, 0x26, 0x04, 0x80, 0x22, 0x81, 0x27, 0x26, 0x05, 0x80, 0x25, 0x4d, 0x3a, 0x37, 0x06, 0x24, 0x14, 0x01, 0x18, 0x24, 0x07, 0x01, 0x24, 0x08, 0x01, 0x30, 0x09, 0x41, 0x04, 0x52, 0xee, 0x3e, 0xd9, 0xcd, 0x34, 0x61, 0x1f, 0xe1, 0x8a, 0x17, 0xd5, 0x9c, 0xb3, 0x56, 0xf6, 0x33, 0x5d, 0x90, 0x29, 0x1f, 0xb4, 0xa1, 0x28, 0x93, 0x24, 0x5c, 0x0b, 0xf3, 0x6d, 0xaa, 0x67, 0xe7, 0xb3, 0x7c, 0x27, 0xe6, 0x4e, 0x8c, 0x13, 0x93, 0x65, 0x6e, 0x44, 0x80, 0xfa, 0xe3, 0xed, 0xd5, 0x99, 0x33, 0x17, 0x7a, 0xfb, 0x15, 0xf0, 0x5c, 0x78, 0x9e, 0x5e, 0x33, 0xfb, 0x5d, 0x77, 0x37, 0x0a, 0x35, 0x01, 0x29, 0x01, 0x18, 0x24, 0x02, 0x60, 0x30, 0x04, 0x14, 0x1a, 0xe7, 0xbd, 0x5a, 0x31, 0x15, 0x29, 0x41, 0x52, 0x2b, 0x8d, 0x22, 0x3f, 0x0f, 0xcc, 0x2d, 0xcb, 0x9a, 0x8e, 0x63, 0x30, 0x05, 0x14, 0x1a, 0xe7, 0xbd, 0x5a, 0x31, 0x15, 0x29, 0x41, 0x52, 0x2b, 0x8d, 0x22, 0x3f, 0x0f, 0xcc, 0x2d, 0xcb, 0x9a, 0x8e, 0x63, 0x18, 0x30, 0x0b, 0x40, 0xf5, 0x50, 0x51, 0x0c, 0x14, 0x60, 0x8a, 0xeb, 0xd3, 0x38, 0xda, 0x41, 0x6e, 0xf5, 0x2f, 0x1b, 0x86, 0xad, 0x8c, 0x54, 0x03, 0x1d, 0xa6, 0x54, 0x0a, 0x3a, 0xd1, 0x1c, 0x94, 0x9b, 0x40, 0x3b, 0x75, 0x65, 0xb6, 0xe3, 0x52, 0x47, 0x8b, 0x0a, 0x3f, 0x11, 0x31, 0x9e, 0xb3, 0x8f, 0xc4, 0xf2, 0x04, 0xdf, 0x97, 0xe7, 0xfd, 0x91, 0x83, 0x3d, 0x44, 0x05, 0xe8, 0xa6, 0x8e, 0x7e, 0x8d, 0x8a, 0x18, [0m
[0;34m[1784838346.339] [22627:22627] [DMG] 				] (231 bytes)[0m
[0;34m[1784838346.339] [22627:22627] [DMG] 			},[0m
[0;34m[1784838346.339] [22627:22627] [DMG] 		},[0m
[0;34m[1784838346.339] [22627:22627] [DMG] 		[0m
[0;34m[1784838346.339] [22627:22627] [DMG] 	],[0m
[0;34m[1784838346.339] [22627:22627] [DMG] 	[0m
[0;34m[1784838346.339] [22627:22627] [DMG] 	InteractionModelRevision = 12[0m
[0;34m[1784838346.339] [22627:22627] [DMG] },[0m
[0;32m[1784838346.339] [22627:22627] [DMG] AccessControl: checking f=0 a=p s=0xFFFFFFFB00000000 t= c=0x0000_003E e=0 p=o r=i[0m
[0;32m[1784838346.339] [22627:22627] [DMG] AccessControl: implicit admin (PASE)[0m
[0;32m[1784838346.339] [22627:22627] [DMG] AccessControl: checking f=0 a=p s=0xFFFFFFFB00000000 t= c=0x0000_003E e=0 p=a r=i[0m
[0;32m[1784838346.339] [22627:22627] [DMG] AccessControl: implicit admin (PASE)[0m
[0;34m[1784838346.339] [22627:22627] [DMG] Received command for Endpoint=0 Cluster=0x0000_003E Command=0x0000_000B[0m
[0;32m[1784838346.339] [22627:22627] [ZCL] OpCreds: Received an AddTrustedRootCertificate command[0m
[0;32m[1784838346.339] [22627:22627] [ZCL] OpCreds: AddTrustedRootCertificate successful.[0m
[0;34m[1784838346.339] [22627:22627] [DMG] Command handler moving to [NewRespons][0m
[0;34m[1784838346.339] [22627:22627] [DMG] Command handler moving to [ Preparing][0m
[0;34m[1784838346.339] [22627:22627] [DMG] Command handler moving to [AddingComm][0m
[0;34m[1784838346.339] [22627:22627] [DMG] Command handler moving to [AddedComma][0m
[0;34m[1784838346.339] [22627:22627] [DMG] Decreasing reference count for CommandHandlerImpl, remaining 1[0m
[0;34m[1784838346.339] [22627:22627] [DMG] Decreasing reference count for CommandHandlerImpl, remaining 0[0m
[0;34m[1784838346.339] [22627:22627] [DMG] Command handler moving to [AwaitingDe][0m
[0;32m[1784838346.340] [22627:22627] [EM] <<< [E:59145r S:40560 M:63986964 (Ack:32615747)] (S) Msg TX from 0000000000000000 to 0:FFFFFFFB00000000 [0000] [UDP:[fe80::bfe:a203:38f0:bce7%enp0s3]:52379] --- Type 0001:09 (IM:InvokeCommandResponse) (B:67)[0m
[0;32m[1784838346.340] [22627:22627] [EM] ??1 [E:59145r S:40560 M:63986964] (S) Msg Retransmission to 0:FFFFFFFB00000000 scheduled for 398ms from now [State:Active II:500 AI:300 AT:4000][0m
[0;34m[1784838346.340] [22627:22627] [DMG] Command response sender moving to [AllInvokeR][0m
[0;32m[1784838346.340] [22627:22627] [EM] >>> [E:59144r S:40560 M:32615748 (Ack:63986963)] (S) Msg RX from 0:FFFFFFFB00000000 [0000] to 0000000000000000 --- Type 0000:10 (SecureChannel:StandaloneAck) (B:34)[0m
[0;34m[1784838346.340] [22627:22627] [EM] Found matching exchange: 59144r, Delegate: (nil)[0m
[0;34m[1784838346.340] [22627:22627] [EM] Rxd Ack; Removing MessageCounter:63986963 from Retrans Table on exchange 59144r[0m
[0;32m[1784838346.340] [22627:22627] [EM] >>> [E:59146r S:40560 M:32615749] (S) Msg RX from 0:FFFFFFFB00000000 [0000] to 0000000000000000 --- Type 0001:08 (IM:InvokeCommandRequest) (B:566)[0m
[0;34m[1784838346.340] [22627:22627] [EM] Handling via exchange: 59146r, Delegate: 0x64b273dacac8[0m
[0;34m[1784838346.340] [22627:22627] [DMG] InvokeRequestMessage =[0m
[0;34m[1784838346.340] [22627:22627] [DMG] {[0m
[0;34m[1784838346.340] [22627:22627] [DMG] 	suppressResponse = false, [0m
[0;34m[1784838346.340] [22627:22627] [DMG] 	timedRequest = false, [0m
[0;34m[1784838346.340] [22627:22627] [DMG] 	InvokeRequests =[0m
[0;34m[1784838346.340] [22627:22627] [DMG] 	[[0m
[0;34m[1784838346.340] [22627:22627] [DMG] 		CommandDataIB =[0m
[0;34m[1784838346.340] [22627:22627] [DMG] 		{[0m
[0;34m[1784838346.340] [22627:22627] [DMG] 			CommandPathIB =[0m
[0;34m[1784838346.340] [22627:22627] [DMG] 			{[0m
[0;34m[1784838346.340] [22627:22627] [DMG] 				EndpointId = 0x0,[0m
[0;34m[1784838346.340] [22627:22627] [DMG] 				ClusterId = 0x3e,[0m
[0;34m[1784838346.340] [22627:22627] [DMG] 				CommandId = 0x6,[0m
[0;34m[1784838346.340] [22627:22627] [DMG] 			},[0m
[0;34m[1784838346.340] [22627:22627] [DMG] 			[0m
[0;34m[1784838346.340] [22627:22627] [DMG] 			CommandFields = [0m
[0;34m[1784838346.340] [22627:22627] [DMG] 			{[0m
[0;34m[1784838346.340] [22627:22627] [DMG] 				0x0 = [[0m
[0;34m[1784838346.340] [22627:22627] [DMG] 						0x15, 0x30, 0x01, 0x01, 0x01, 0x24, 0x02, 0x01, 0x37, 0x03, 0x24, 0x13, 0x02, 0x18, 0x26, 0x04, 0x80, 0x22, 0x81, 0x27, 0x26, 0x05, 0x80, 0x25, 0x4d, 0x3a, 0x37, 0x06, 0x24, 0x15, 0x01, 0x24, 0x11, 0x01, 0x18, 0x24, 0x07, 0x01, 0x24, 0x08, 0x01, 0x30, 0x09, 0x41, 0x04, 0x5d, 0x98, 0x40, 0x51, 0xd6, 0xc9, 0x4c, 0x9e, 0x85, 0x66, 0xbe, 0x04, 0x6a, 0xe2, 0x86, 0x97, 0xd8, 0x9c, 0x8f, 0xff, 0xa1, 0x83, 0x63, 0x62, 0xe3, 0xa3, 0x64, 0x6e, 0x01, 0x17, 0x2f, 0x8e, 0x3a, 0xd9, 0x61, 0x2f, 0x39, 0x3c, 0x6a, 0x6f, 0xbe, 0xf5, 0xd1, 0x37, 0x84, 0x10, 0x1e, 0xc0, 0x20, 0x5d, 0x36, 0x10, 0x33, 0x7a, 0x95, 0x2e, 0x97, 0xd5, 0xfa, 0x83, 0x46, 0x7e, 0xcd, 0x43, 0x37, 0x0a, 0x35, 0x01, 0x28, 0x01, 0x18, 0x24, 0x02, 0x01, 0x36, 0x03, 0x04, 0x02, 0x04, 0x01, 0x18, 0x30, 0x04, 0x14, 0xa3, 0xf4, 0xb1, 0x1b, 0xed, 0xbf, 0x52, 0xba, 0xa5, 0x02, 0xfe, 0xb3, 0xba, 0x12, 0xc8, 0x22, 0x45, 0xb0, 0x15, 0xce, 0x30, 0x05, 0x14, 0xe6, 0x01, 0x3a, 0xf6, 0x32, 0xd2, 0x75, 0x24, 0xe1, 0xf2, 0x69, 0x6f, 0x3b, 0x18, 0x5d, 0x26, 0x08, 0x16, 0xaa, 0x23, 0x18, 0x30, 0x0b, 0x40, 0x73, 0xa3, 0xde, 0x24, 0x0d, 0x3a, 0xf2, 0x11, 0x66, 0x86, 0x1d, 0x24, 0x74, 0xc3, 0xf9, 0x1a, 0xf0, 0x89, 0x1a, 0x5b, 0x57, 0xe8, 0x98, 0x5f, 0x3a, 0xd7, 0x46, 0x81, 0x6d, 0x58, 0xec, 0xbe, 0x15, 0x88, 0xed, 0xe5, 0x37, 0xa8, 0xf8, 0xab, 0xb9, 0x66, 0x9f, 0xb8, 0x2b, 0x4c, 0xde, 0x40, 0xfb, 0x68, 0x44, 0x6a, 0x1e, 0x73, 0x6b, 0x1d, 0x4a, 0x45, 0x9e, 0x8f, 0xdf, 0x83, 0x47, 0xb7, 0x18, [0m
[0;34m[1784838346.340] [22627:22627] [DMG] 				] (241 bytes)[0m
[0;34m[1784838346.340] [22627:22627] [DMG] 				0x1 = [[0m
[0;34m[1784838346.340] [22627:22627] [DMG] 						0x15, 0x30, 0x01, 0x01, 0x01, 0x24, 0x02, 0x01, 0x37, 0x03, 0x24, 0x14, 0x01, 0x18, 0x26, 0x04, 0x80, 0x22, 0x81, 0x27, 0x26, 0x05, 0x80, 0x25, 0x4d, 0x3a, 0x37, 0x06, 0x24, 0x13, 0x02, 0x18, 0x24, 0x07, 0x01, 0x24, 0x08, 0x01, 0x30, 0x09, 0x41, 0x04, 0xc3, 0x5d, 0x54, 0x9b, 0x01, 0xf1, 0xb9, 0x97, 0x26, 0x5b, 0x73, 0xbc, 0x82, 0xb1, 0xc5, 0xca, 0xf8, 0x83, 0xeb, 0xce, 0xbf, 0x55, 0x32, 0xbe, 0x3d, 0x86, 0xee, 0x41, 0x26, 0x21, 0xeb, 0x7b, 0xca, 0xe7, 0x38, 0xfd, 0x7d, 0xf2, 0x8c, 0xf2, 0xb4, 0xbe, 0x4c, 0x3f, 0x06, 0x4b, 0xd9, 0x39, 0xa1, 0xd3, 0x9b, 0x7a, 0xf0, 0xff, 0x32, 0x4c, 0x90, 0x67, 0x81, 0xd1, 0xc4, 0xca, 0xe9, 0x88, 0x37, 0x0a, 0x35, 0x01, 0x29, 0x01, 0x18, 0x24, 0x02, 0x60, 0x30, 0x04, 0x14, 0xe6, 0x01, 0x3a, 0xf6, 0x32, 0xd2, 0x75, 0x24, 0xe1, 0xf2, 0x69, 0x6f, 0x3b, 0x18, 0x5d, 0x26, 0x08, 0x16, 0xaa, 0x23, 0x30, 0x05, 0x14, 0x1a, 0xe7, 0xbd, 0x5a, 0x31, 0x15, 0x29, 0x41, 0x52, 0x2b, 0x8d, 0x22, 0x3f, 0x0f, 0xcc, 0x2d, 0xcb, 0x9a, 0x8e, 0x63, 0x18, 0x30, 0x0b, 0x40, 0x42, 0x09, 0xb7, 0xca, 0x3d, 0x32, 0x54, 0x73, 0xae, 0x0d, 0x50, 0x9b, 0x51, 0xa8, 0xda, 0x8c, 0x40, 0x8e, 0xb3, 0xc8, 0x35, 0xae, 0x3a, 0xc4, 0xf3, 0x8c, 0x40, 0x7a, 0x8c, 0xaa, 0x36, 0x04, 0xfd, 0xac, 0x73, 0x68, 0x2d, 0x23, 0x80, 0xac, 0xa6, 0x97, 0xbb, 0x67, 0x52, 0x98, 0x1a, 0xe1, 0xfd, 0xa6, 0x25, 0xc0, 0x7a, 0x60, 0x50, 0xcd, 0xc9, 0xd9, 0xc3, 0x00, 0xf9, 0xb1, 0xaf, 0x91, 0x18, [0m
[0;34m[1784838346.340] [22627:22627] [DMG] 				] (231 bytes)[0m
[0;34m[1784838346.340] [22627:22627] [DMG] 				0x2 = [[0m
[0;34m[1784838346.340] [22627:22627] [DMG] 						0x74, 0x65, 0x6d, 0x70, 0x6f, 0x72, 0x61, 0x72, 0x79, 0x20, 0x69, 0x70, 0x6b, 0x20, 0x30, 0x31, [0m
[0;34m[1784838346.340] [22627:22627] [DMG] 				] (16 bytes)[0m
[0;34m[1784838346.340] [22627:22627] [DMG] 				0x3 = 112233 (unsigned), [0m
[0;34m[1784838346.340] [22627:22627] [DMG] 				0x4 = 65521 (unsigned), [0m
[0;34m[1784838346.340] [22627:22627] [DMG] 			},[0m
[0;34m[1784838346.340] [22627:22627] [DMG] 		},[0m
[0;34m[1784838346.340] [22627:22627] [DMG] 		[0m
[0;34m[1784838346.340] [22627:22627] [DMG] 	],[0m
[0;34m[1784838346.340] [22627:22627] [DMG] 	[0m
[0;34m[1784838346.340] [22627:22627] [DMG] 	InteractionModelRevision = 12[0m
[0;34m[1784838346.340] [22627:22627] [DMG] },[0m
[0;32m[1784838346.340] [22627:22627] [DMG] AccessControl: checking f=0 a=p s=0xFFFFFFFB00000000 t= c=0x0000_003E e=0 p=o r=i[0m
[0;32m[1784838346.340] [22627:22627] [DMG] AccessControl: implicit admin (PASE)[0m
[0;32m[1784838346.340] [22627:22627] [DMG] AccessControl: checking f=0 a=p s=0xFFFFFFFB00000000 t= c=0x0000_003E e=0 p=a r=i[0m
[0;32m[1784838346.340] [22627:22627] [DMG] AccessControl: implicit admin (PASE)[0m
[0;34m[1784838346.340] [22627:22627] [DMG] Received command for Endpoint=0 Cluster=0x0000_003E Command=0x0000_0006[0m
[0;32m[1784838346.340] [22627:22627] [ZCL] OpCreds: Received an AddNOC command[0m
[0;32m[1784838346.340] [22627:22627] [FP] Validating NOC chain[0m
[0;32m[1784838346.341] [22627:22627] [FP] NOC chain validation successful[0m
[0;32m[1784838346.341] [22627:22627] [FP] Added new fabric at index: 0x1[0m
[0;32m[1784838346.341] [22627:22627] [FP] Assigned compressed fabric ID: 0x26070101333722E0, node ID: 0x0000000000000001[0m
[0;32m[1784838346.341] [22627:22627] [TS] Last Known Good Time: 2023-10-14T01:16:48[0m
[0;32m[1784838346.341] [22627:22627] [TS] New proposed Last Known Good Time: 2021-01-01T00:00:00[0m
[0;32m[1784838346.341] [22627:22627] [TS] Retaining current Last Known Good Time[0m
[0;34m[1784838346.344] [22627:22627] [DL] Wrote settings to /tmp/chip_kvs_test[0m
[0;34m[1784838346.346] [22627:22627] [DL] Wrote settings to /tmp/chip_kvs_test[0m
[0;34m[1784838346.350] [22627:22627] [DL] Wrote settings to /tmp/chip_kvs_test[0m
[0;32m[1784838346.350] [22627:22627] [DMG] AccessControl: validating f=1 p=a a=c s=1 t=0[0m
[0;32m[1784838346.350] [22627:22627] [DMG]   validating subject 0x000000000001B669[0m
[0;34m[1784838346.352] [22627:22627] [DL] Wrote settings to /tmp/chip_kvs_test[0m
[0;34m[1784838346.352] [22627:22627] [EVL] LogEvent event number: 0x0000000000000004 priority: 1, endpoint id:  0x0 cluster id: 0x0000_001F event id: 0x0 Epoch timestamp: 0x0000019F90A7D670[0m
[0;32m[1784838346.352] [22627:22627] [ZCL] OpCreds: ACL entry created for Fabric index 0x1 CASE Admin Subject 0x000000000001B669[0m
[0;34m[1784838346.352] [22627:22627] [DL] Using WiFi MAC for hostname[0m
[0;32m[1784838346.352] [22627:22627] [DIS] Advertise operational node 26070101333722E0-0000000000000001[0m
[0;34m[1784838346.352] [22627:22627] [DIS] Responding with _matter._tcp.local[0m
[0;34m[1784838346.352] [22627:22627] [DIS] Responding with 26070101333722E0-0000000000000001._matter._tcp.local[0m
[0;34m[1784838346.352] [22627:22627] [DIS] Responding with 26070101333722E0-0000000000000001._matter._tcp.local[0m
[0;34m[1784838346.352] [22627:22627] [DIS] Responding with 080027AE1A43.local[0m
[0;34m[1784838346.352] [22627:22627] [DIS] Responding with 080027AE1A43.local[0m
[0;34m[1784838346.352] [22627:22627] [DIS] Responding with _I26070101333722E0._sub._matter._tcp.local[0m
[0;32m[1784838346.352] [22627:22627] [DIS] CHIP minimal mDNS configured as 'Operational device'; instance name: 26070101333722E0-0000000000000001.[0m
[0;32m[1784838346.353] [22627:22627] [DIS] mDNS service published: _matter._tcp[0m
[0;34m[1784838346.353] [22627:22627] [DMG] Command handler moving to [NewRespons][0m
[0;34m[1784838346.353] [22627:22627] [DMG] Command handler moving to [ Preparing][0m
[0;34m[1784838346.353] [22627:22627] [DMG] Command handler moving to [AddingComm][0m
[0;34m[1784838346.353] [22627:22627] [DMG] Command handler moving to [AddedComma][0m
[0;32m[1784838346.353] [22627:22627] [ZCL] OpCreds: successfully created fabric index 0x1 via AddNOC[0m
[0;34m[1784838346.353] [22627:22627] [DMG] Decreasing reference count for CommandHandlerImpl, remaining 1[0m
[0;34m[1784838346.353] [22627:22627] [DMG] Decreasing reference count for CommandHandlerImpl, remaining 0[0m
[0;34m[1784838346.353] [22627:22627] [DMG] Command handler moving to [AwaitingDe][0m
[0;32m[1784838346.353] [22627:22627] [EM] <<< [E:59146r S:40560 M:63986965 (Ack:32615749)] (S) Msg TX from 0000000000000000 to 1:FFFFFFFB00000000 [22E0] [UDP:[fe80::bfe:a203:38f0:bce7%enp0s3]:52379] --- Type 0001:09 (IM:InvokeCommandResponse) (B:70)[0m
[0;32m[1784838346.353] [22627:22627] [EM] ??1 [E:59146r S:40560 M:63986965] (S) Msg Retransmission to 1:FFFFFFFB00000000 scheduled for 403ms from now [State:Active II:500 AI:300 AT:4000][0m
[0;34m[1784838346.353] [22627:22627] [DMG] Command response sender moving to [AllInvokeR][0m
[0;32m[1784838346.353] [22627:22627] [EM] >>> [E:59145r S:40560 M:32615750 (Ack:63986964)] (S) Msg RX from 1:FFFFFFFB00000000 [22E0] to 0000000000000000 --- Type 0000:10 (SecureChannel:StandaloneAck) (B:34)[0m
[0;34m[1784838346.353] [22627:22627] [EM] Found matching exchange: 59145r, Delegate: (nil)[0m
[0;34m[1784838346.353] [22627:22627] [EM] Rxd Ack; Removing MessageCounter:63986964 from Retrans Table on exchange 59145r[0m
[0;32m[1784838346.354] [22627:22627] [EM] >>> [E:59146r S:40560 M:32615751 (Ack:63986965)] (S) Msg RX from 1:FFFFFFFB00000000 [22E0] to 0000000000000000 --- Type 0000:10 (SecureChannel:StandaloneAck) (B:34)[0m
[0;34m[1784838346.354] [22627:22627] [EM] Found matching exchange: 59146r, Delegate: (nil)[0m
[0;34m[1784838346.354] [22627:22627] [EM] Rxd Ack; Removing MessageCounter:63986965 from Retrans Table on exchange 59146r[0m
[0;32m[1784838346.555] [22627:22627] [EM] >>> [E:59147r S:0 M:180369570] (U) Msg RX from 0:B0612A3A5832CC87 [0000] to 0000000000000000 --- Type 0000:30 (SecureChannel:CASE_Sigma1) (B:196)[0m
[0;34m[1784838346.555] [22627:22627] [EM] Handling via exchange: 59147r, Delegate: 0x64b273da25f8[0m
[0;32m[1784838346.555] [22627:22627] [IN] CASE Server received Sigma1 message . Starting handshake. EC 0x64b28f8b6470[0m
[0;32m[1784838346.555] [22627:22627] [SC] Received Sigma1 msg[0m
[0;34m[1784838346.555] [22627:22627] [SC] Found MRP parameters in the message[0m
[0;34m[1784838346.555] [22627:22627] [SC] Peer (Initiator) assigned session ID 62862[0m
[0;32m[1784838346.556] [22627:22627] [SC] CASE matched destination ID: fabricIndex 1, NodeID 0x0000000000000001[0m
[0;32m[1784838346.556] [22627:22627] [EM] <<< [E:59147r S:0 M:47216234 (Ack:180369570)] (U) Msg TX from 0000000000000000 to 0:B0612A3A5832CC87 [0000] [UDP:[fe80::bfe:a203:38f0:bce7%enp0s3]:52379] --- Type 0000:31 (SecureChannel:CASE_Sigma2) (B:751)[0m
[0;32m[1784838346.556] [22627:22627] [EM] ??1 [E:59147r S:0 M:47216234] (U) Msg Retransmission to 0:0000000000000000 scheduled for 411ms from now [State:Active II:500 AI:300 AT:4000][0m
[0;32m[1784838346.556] [22627:22627] [SC] Sent Sigma2 msg[0m
[0;32m[1784838346.557] [22627:22627] [EM] >>> [E:59147r S:0 M:180369571 (Ack:47216234)] (U) Msg RX from 0:B0612A3A5832CC87 [0000] to 0000000000000000 --- Type 0000:32 (SecureChannel:CASE_Sigma3) (B:598)[0m
[0;34m[1784838346.557] [22627:22627] [EM] Found matching exchange: 59147r, Delegate: 0x64b273da2630[0m
[0;34m[1784838346.557] [22627:22627] [EM] Rxd Ack; Removing MessageCounter:47216234 from Retrans Table on exchange 59147r[0m
[0;32m[1784838346.557] [22627:22627] [SC] Received Sigma3 msg[0m
[0;34m[1784838346.561] [22627:22627] [DL] Wrote settings to /tmp/chip_kvs_test[0m
[0;34m[1784838346.563] [22627:22627] [DL] Wrote settings to /tmp/chip_kvs_test[0m
[0;34m[1784838346.566] [22627:22627] [DL] Wrote settings to /tmp/chip_kvs_test[0m
[0;34m[1784838346.566] [22627:22627] [SC] Sending status report. Protocol code 0, exchange 59147[0m
[0;32m[1784838346.566] [22627:22627] [EM] <<< [E:59147r S:0 M:47216235 (Ack:180369571)] (U) Msg TX from 0000000000000000 to 0:B0612A3A5832CC87 [0000] [UDP:[fe80::bfe:a203:38f0:bce7%enp0s3]:52379] --- Type 0000:40 (SecureChannel:StatusReport) (B:34)[0m
[0;32m[1784838346.566] [22627:22627] [EM] ??1 [E:59147r S:0 M:47216235] (U) Msg Retransmission to 0:0000000000000000 scheduled for 347ms from now [State:Active II:500 AI:300 AT:4000][0m
[0;32m[1784838346.566] [22627:22627] [SC] SecureSession[0x64b28f8a1da0, LSID:40561]: State change 'kEstablishing' --> 'kActive'[0m
[0;34m[1784838346.566] [22627:22627] [IN] SecureSession[0x64b28f8a1da0]: Activated - Type:2 LSID:40561[0m
[0;34m[1784838346.566] [22627:22627] [IN] New secure session activated for device <000000000001B669, 1>, LSID:40561 PSID:62862![0m
[0;32m[1784838346.566] [22627:22627] [IN] CASE Session established to peer: <000000000001B669, 1>[0m
[0;34m[1784838346.566] [22627:22627] [IN] SecureSession[0x64b28f8bce50]: Allocated Type:2 LSID:40562[0m
[0;34m[1784838346.566] [22627:22627] [SC] Allocated SecureSession (0x64b28f8bce50) - waiting for Sigma1 msg[0m
[0;32m[1784838346.568] [22627:22627] [EM] >>> [E:59148r S:40561 M:176307346] (S) Msg RX from 1:000000000001B669 [22E0] to 0000000000000001 --- Type 0001:08 (IM:InvokeCommandRequest) (B:59)[0m
[0;34m[1784838346.568] [22627:22627] [EM] Handling via exchange: 59148r, Delegate: 0x64b273dacac8[0m
[0;34m[1784838346.568] [22627:22627] [DMG] InvokeRequestMessage =[0m
[0;34m[1784838346.568] [22627:22627] [DMG] {[0m
[0;34m[1784838346.568] [22627:22627] [DMG] 	suppressResponse = false, [0m
[0;34m[1784838346.568] [22627:22627] [DMG] 	timedRequest = false, [0m
[0;34m[1784838346.568] [22627:22627] [DMG] 	InvokeRequests =[0m
[0;34m[1784838346.568] [22627:22627] [DMG] 	[[0m
[0;34m[1784838346.568] [22627:22627] [DMG] 		CommandDataIB =[0m
[0;34m[1784838346.568] [22627:22627] [DMG] 		{[0m
[0;34m[1784838346.568] [22627:22627] [DMG] 			CommandPathIB =[0m
[0;34m[1784838346.568] [22627:22627] [DMG] 			{[0m
[0;34m[1784838346.568] [22627:22627] [DMG] 				EndpointId = 0x0,[0m
[0;34m[1784838346.568] [22627:22627] [DMG] 				ClusterId = 0x30,[0m
[0;34m[1784838346.568] [22627:22627] [DMG] 				CommandId = 0x4,[0m
[0;34m[1784838346.568] [22627:22627] [DMG] 			},[0m
[0;34m[1784838346.568] [22627:22627] [DMG] 			[0m
[0;34m[1784838346.568] [22627:22627] [DMG] 			CommandFields = [0m
[0;34m[1784838346.568] [22627:22627] [DMG] 			{[0m
[0;34m[1784838346.568] [22627:22627] [DMG] 			},[0m
[0;34m[1784838346.568] [22627:22627] [DMG] 		},[0m
[0;34m[1784838346.568] [22627:22627] [DMG] 		[0m
[0;34m[1784838346.568] [22627:22627] [DMG] 	],[0m
[0;34m[1784838346.568] [22627:22627] [DMG] 	[0m
[0;34m[1784838346.568] [22627:22627] [DMG] 	InteractionModelRevision = 12[0m
[0;34m[1784838346.568] [22627:22627] [DMG] },[0m
[0;32m[1784838346.568] [22627:22627] [DMG] AccessControl: checking f=1 a=c s=0x000000000001B669 t= c=0x0000_0030 e=0 p=o r=i[0m
[0;32m[1784838346.568] [22627:22627] [DMG] AccessControl: allowed[0m
[0;32m[1784838346.568] [22627:22627] [DMG] AccessControl: checking f=1 a=c s=0x000000000001B669 t= c=0x0000_0030 e=0 p=a r=i[0m
[0;32m[1784838346.568] [22627:22627] [DMG] AccessControl: allowed[0m
[0;34m[1784838346.568] [22627:22627] [DMG] Received command for Endpoint=0 Cluster=0x0000_0030 Command=0x0000_0004[0m
[0;32m[1784838346.568] [22627:22627] [FS] GeneralCommissioning: Received CommissioningComplete[0m
[0;34m[1784838346.570] [22627:22627] [DL] Wrote settings to /tmp/chip_kvs_test[0m
[0;34m[1784838346.573] [22627:22627] [DL] Wrote settings to /tmp/chip_kvs_test[0m
[0;32m[1784838346.573] [22627:22627] [FP] Metadata for Fabric 0x1 persisted to storage.[0m
[0;34m[1784838346.575] [22627:22627] [DL] Wrote settings to /tmp/chip_kvs_test[0m
[0;34m[1784838346.578] [22627:22627] [DL] Wrote settings to /tmp/chip_kvs_test[0m
[0;34m[1784838346.581] [22627:22627] [DL] Wrote settings to /tmp/chip_kvs_test[0m
[0;34m[1784838346.583] [22627:22627] [DL] Wrote settings to /tmp/chip_kvs_test[0m
[0;32m[1784838346.583] [22627:22627] [TS] Committing Last Known Good Time to storage: 2023-10-14T01:16:48[0m
[0;34m[1784838346.585] [22627:22627] [DL] Wrote settings to /tmp/chip_kvs_test[0m
[0;34m[1784838346.588] [22627:22627] [DL] Wrote settings to /tmp/chip_kvs_test[0m
[0;32m[1784838346.588] [22627:22627] [ZCL] OpCreds: Fabric index 0x1 was committed to storage. Compressed Fabric Id 0x26070101333722E0, FabricId 0000000000000001, NodeId 0000000000000001, VendorId 0xFFF1[0m
[0;34m[1784838346.590] [22627:22627] [DL] Wrote settings to /tmp/chip_kvs_test[0m
[0;32m[1784838346.590] [22627:22627] [FS] GeneralCommissioning: Successfully committed pending fabric data[0m
[0;32m[1784838346.590] [22627:22627] [FS] Fail-safe cleanly disarmed[0m
[0;34m[1784838346.590] [22627:22627] [DMG] Command handler moving to [NewRespons][0m
[0;34m[1784838346.590] [22627:22627] [DMG] Command handler moving to [ Preparing][0m
[0;34m[1784838346.590] [22627:22627] [DMG] Command handler moving to [AddingComm][0m
[0;34m[1784838346.590] [22627:22627] [DMG] Command handler moving to [AddedComma][0m
[0;34m[1784838346.590] [22627:22627] [DMG] Decreasing reference count for CommandHandlerImpl, remaining 1[0m
[0;34m[1784838346.590] [22627:22627] [DMG] Decreasing reference count for CommandHandlerImpl, remaining 0[0m
[0;34m[1784838346.590] [22627:22627] [DMG] Command handler moving to [AwaitingDe][0m
[0;32m[1784838346.590] [22627:22627] [EM] <<< [E:59148r S:40561 M:244186872 (Ack:176307346)] (S) Msg TX from 0000000000000001 to 1:000000000001B669 [22E0] [UDP:[fe80::bfe:a203:38f0:bce7%enp0s3]:52379] --- Type 0001:09 (IM:InvokeCommandResponse) (B:70)[0m
[0;32m[1784838346.590] [22627:22627] [EM] ??1 [E:59148r S:40561 M:244186872] (S) Msg Retransmission to 1:000000000001B669 scheduled for 333ms from now [State:Active II:500 AI:300 AT:4000][0m
[0;34m[1784838346.590] [22627:22627] [DMG] Command response sender moving to [AllInvokeR][0m
[0;32m[1784838346.590] [22627:22627] [SVR] Commissioning completed successfully[0m
[0;32m[1784838346.590] [22627:22627] [DIS] Updating services using commissioning mode 0[0m
[0;32m[1784838346.590] [22627:22627] [DIS] CHIP minimal mDNS started advertising.[0m
[0;34m[1784838346.591] [22627:22627] [DL] Using WiFi MAC for hostname[0m
[0;32m[1784838346.591] [22627:22627] [DIS] Advertise operational node 26070101333722E0-0000000000000001[0m
[0;34m[1784838346.591] [22627:22627] [DIS] Responding with _matter._tcp.local[0m
[0;34m[1784838346.591] [22627:22627] [DIS] Responding with 26070101333722E0-0000000000000001._matter._tcp.local[0m
[0;34m[1784838346.591] [22627:22627] [DIS] Responding with 26070101333722E0-0000000000000001._matter._tcp.local[0m
[0;34m[1784838346.591] [22627:22627] [DIS] Responding with 080027AE1A43.local[0m
[0;34m[1784838346.591] [22627:22627] [DIS] Responding with 080027AE1A43.local[0m
[0;34m[1784838346.591] [22627:22627] [DIS] Responding with _I26070101333722E0._sub._matter._tcp.local[0m
[0;32m[1784838346.591] [22627:22627] [DIS] CHIP minimal mDNS configured as 'Operational device'; instance name: 26070101333722E0-0000000000000001.[0m
[0;32m[1784838346.592] [22627:22627] [DIS] mDNS service published: _matter._tcp[0m
[0;34m[1784838346.592] [22627:22627] [IN] Expiring all PASE sessions[0m
[0;34m[1784838346.592] [22627:22627] [IN] SecureSession[0x64b28f8a1890]: MarkForEviction Type:1 LSID:40560[0m
[0;32m[1784838346.592] [22627:22627] [SC] SecureSession[0x64b28f8a1890, LSID:40560]: State change 'kActive' --> 'kPendingEviction'[0m
[0;34m[1784838346.592] [22627:22627] [IN] SecureSession[0x64b28f8a1890]: Released - Type:1 LSID:40560[0m
[0;32m[1784838346.592] [22627:22627] [PAF] WiFiPAF: Closing all WiFiPAF sessions to shutdown[0m
[0;32m[1784838346.592] [22627:22627] [EM] >>> [E:59147r S:0 M:180369572 (Ack:47216235)] (U) Msg RX from 0:B0612A3A5832CC87 [0000] to 0000000000000000 --- Type 0000:10 (SecureChannel:StandaloneAck) (B:26)[0m
[0;34m[1784838346.592] [22627:22627] [EM] Found matching exchange: 59147r, Delegate: (nil)[0m
[0;34m[1784838346.592] [22627:22627] [EM] Rxd Ack; Removing MessageCounter:47216235 from Retrans Table on exchange 59147r[0m
[0;32m[1784838346.592] [22627:22627] [EM] >>> [E:59148r S:40561 M:176307347 (Ack:244186872)] (S) Msg RX from 1:000000000001B669 [22E0] to 0000000000000001 --- Type 0000:10 (SecureChannel:StandaloneAck) (B:34)[0m
[0;34m[1784838346.592] [22627:22627] [EM] Found matching exchange: 59148r, Delegate: (nil)[0m
[0;34m[1784838346.592] [22627:22627] [EM] Rxd Ack; Removing MessageCounter:244186872 from Retrans Table on exchange 59148r[0m
[0;32m[1784838346.866] [22627:22627] [EM] >>> [E:31356r S:0 M:136943896] (U) Msg RX from 0:9FC63817497850E6 [0000] to 0000000000000000 --- Type 0000:30 (SecureChannel:CASE_Sigma1) (B:196)[0m
[0;34m[1784838346.867] [22627:22627] [EM] Handling via exchange: 31356r, Delegate: 0x64b273da25f8[0m
[0;32m[1784838346.867] [22627:22627] [IN] CASE Server received Sigma1 message . Starting handshake. EC 0x64b28f8b6470[0m
[0;32m[1784838346.867] [22627:22627] [SC] Received Sigma1 msg[0m
[0;34m[1784838346.867] [22627:22627] [SC] Found MRP parameters in the message[0m
[0;34m[1784838346.867] [22627:22627] [SC] Peer (Initiator) assigned session ID 1284[0m
[0;32m[1784838346.868] [22627:22627] [SC] CASE matched destination ID: fabricIndex 1, NodeID 0x0000000000000001[0m
[0;32m[1784838346.869] [22627:22627] [EM] <<< [E:31356r S:0 M:47216236 (Ack:136943896)] (U) Msg TX from 0000000000000000 to 0:9FC63817497850E6 [0000] [UDP:[fe80::bfe:a203:38f0:bce7%enp0s3]:58899] --- Type 0000:31 (SecureChannel:CASE_Sigma2) (B:751)[0m
[0;32m[1784838346.869] [22627:22627] [EM] ??1 [E:31356r S:0 M:47216236] (U) Msg Retransmission to 0:0000000000000000 scheduled for 336ms from now [State:Active II:500 AI:300 AT:4000][0m
[0;32m[1784838346.869] [22627:22627] [SC] Sent Sigma2 msg[0m
[0;32m[1784838346.871] [22627:22627] [EM] >>> [E:31356r S:0 M:136943897 (Ack:47216236)] (U) Msg RX from 0:9FC63817497850E6 [0000] to 0000000000000000 --- Type 0000:32 (SecureChannel:CASE_Sigma3) (B:598)[0m
[0;34m[1784838346.871] [22627:22627] [EM] Found matching exchange: 31356r, Delegate: 0x64b273da2630[0m
[0;34m[1784838346.871] [22627:22627] [EM] Rxd Ack; Removing MessageCounter:47216236 from Retrans Table on exchange 31356r[0m
[0;32m[1784838346.871] [22627:22627] [SC] Received Sigma3 msg[0m
[0;34m[1784838346.876] [22627:22627] [DL] Wrote settings to /tmp/chip_kvs_test[0m
[0;34m[1784838346.878] [22627:22627] [DL] Wrote settings to /tmp/chip_kvs_test[0m
[0;34m[1784838346.880] [22627:22627] [DL] Wrote settings to /tmp/chip_kvs_test[0m
[0;34m[1784838346.880] [22627:22627] [SC] Sending status report. Protocol code 0, exchange 31356[0m
[0;32m[1784838346.880] [22627:22627] [EM] <<< [E:31356r S:0 M:47216237 (Ack:136943897)] (U) Msg TX from 0000000000000000 to 0:9FC63817497850E6 [0000] [UDP:[fe80::bfe:a203:38f0:bce7%enp0s3]:58899] --- Type 0000:40 (SecureChannel:StatusReport) (B:34)[0m
[0;32m[1784838346.880] [22627:22627] [EM] ??1 [E:31356r S:0 M:47216237] (U) Msg Retransmission to 0:0000000000000000 scheduled for 352ms from now [State:Active II:500 AI:300 AT:4000][0m
[0;32m[1784838346.880] [22627:22627] [SC] SecureSession[0x64b28f8bce50, LSID:40562]: State change 'kEstablishing' --> 'kActive'[0m
[0;34m[1784838346.881] [22627:22627] [IN] SecureSession[0x64b28f8bce50]: Activated - Type:2 LSID:40562[0m
[0;34m[1784838346.881] [22627:22627] [IN] New secure session activated for device <000000000001B669, 1>, LSID:40562 PSID:1284![0m
[0;32m[1784838346.881] [22627:22627] [IN] CASE Session established to peer: <000000000001B669, 1>[0m
[0;34m[1784838346.881] [22627:22627] [IN] SecureSession[0x64b28f8a1890]: Allocated Type:2 LSID:40563[0m
[0;34m[1784838346.881] [22627:22627] [SC] Allocated SecureSession (0x64b28f8a1890) - waiting for Sigma1 msg[0m
[0;32m[1784838346.882] [22627:22627] [EM] >>> [E:31357r S:40562 M:139216735] (S) Msg RX from 1:000000000001B669 [22E0] to 0000000000000001 --- Type 0001:02 (IM:ReadRequest) (B:51)[0m
[0;34m[1784838346.882] [22627:22627] [EM] Handling via exchange: 31357r, Delegate: 0x64b273dacac8[0m
[0;34m[1784838346.882] [22627:22627] [IM] Received Read request[0m
[0;34m[1784838346.882] [22627:22627] [DMG] ReadRequestMessage =[0m
[0;34m[1784838346.882] [22627:22627] [DMG] {[0m
[0;34m[1784838346.882] [22627:22627] [DMG] 	AttributePathIBs =[0m
[0;34m[1784838346.882] [22627:22627] [DMG] 	[[0m
[0;34m[1784838346.882] [22627:22627] [DMG] 		AttributePathIB =[0m
[0;34m[1784838346.882] [22627:22627] [DMG] 		{[0m
[0;34m[1784838346.882] [22627:22627] [DMG] 			Endpoint = 0x0,[0m
[0;34m[1784838346.882] [22627:22627] [DMG] 			Cluster = 0x38,[0m
[0;34m[1784838346.882] [22627:22627] [DMG] 			Attribute = 0x0000_0000,[0m
[0;34m[1784838346.882] [22627:22627] [DMG] 		}[0m
[0;34m[1784838346.882] [22627:22627] [DMG] 			[0m
[0;34m[1784838346.882] [22627:22627] [DMG] 	],[0m
[0;34m[1784838346.882] [22627:22627] [DMG] 		[0m
[0;34m[1784838346.882] [22627:22627] [DMG] 	isFabricFiltered = true, [0m
[0;34m[1784838346.882] [22627:22627] [DMG] 	InteractionModelRevision = 12[0m
[0;34m[1784838346.882] [22627:22627] [DMG] },[0m
[0;34m[1784838346.882] [22627:22627] [DMG] IM RH moving to [CanStartReporting][0m
[0;34m[1784838346.882] [22627:22627] [DMG] Building Reports for ReadHandler with LastReportGeneration = 0x0000000000000000 DirtyGeneration = 0x0000000000000000[0m
[0;34m[1784838346.882] [22627:22627] [DMG] <RE:Run> Cluster 38, Attribute 0 is dirty[0m
[0;32m[1784838346.882] [22627:22627] [DMG] AccessControl: checking f=1 a=c s=0x000000000001B669 t= c=0x0000_0038 e=0 p=v r=r[0m
[0;32m[1784838346.882] [22627:22627] [DMG] AccessControl: allowed[0m
[0;32m[1784838346.882] [22627:22627] [DMG] AccessControl: checking f=1 a=c s=0x000000000001B669 t= c=0x0000_0038 e=0 p=v r=r[0m
[0;32m[1784838346.882] [22627:22627] [DMG] AccessControl: allowed[0m
[0;34m[1784838346.882] [22627:22627] [DMG] Reading attribute: Cluster=0x0000_0038 Endpoint=0x0 AttributeId=0x0000_0000 (expanded=0)[0m
[0;34m[1784838346.882] [22627:22627] [DMG] <RE> Sending report (payload has 43 bytes)...[0m
[0;32m[1784838346.882] [22627:22627] [EM] <<< [E:31357r S:40562 M:61320169 (Ack:139216735)] (S) Msg TX from 0000000000000001 to 1:000000000001B669 [22E0] [UDP:[fe80::bfe:a203:38f0:bce7%enp0s3]:58899] --- Type 0001:05 (IM:ReportData) (B:77)[0m
[0;32m[1784838346.882] [22627:22627] [EM] ??1 [E:31357r S:40562 M:61320169] (S) Msg Retransmission to 1:000000000001B669 scheduled for 375ms from now [State:Active II:500 AI:300 AT:4000][0m
[0;34m[1784838346.882] [22627:22627] [DMG] <RE> OnReportConfirm: NumReports = 0[0m
[0;34m[1784838346.882] [22627:22627] [DMG] <RE> ReportsInFlight = 0 with readHandler 0, RE has no more messages[0m
[0;34m[1784838346.882] [22627:22627] [DMG] IM RH moving to [AwaitingDestruction][0m
[0;34m[1784838346.882] [22627:22627] [DMG] All ReadHandler-s are clean, clear GlobalDirtySet[0m
[0;32m[1784838346.882] [22627:22627] [EM] >>> [E:31356r S:0 M:136943898 (Ack:47216237)] (U) Msg RX from 0:9FC63817497850E6 [0000] to 0000000000000000 --- Type 0000:10 (SecureChannel:StandaloneAck) (B:26)[0m
[0;34m[1784838346.882] [22627:22627] [EM] Found matching exchange: 31356r, Delegate: (nil)[0m
[0;34m[1784838346.882] [22627:22627] [EM] Rxd Ack; Removing MessageCounter:47216237 from Retrans Table on exchange 31356r[0m
[0;32m[1784838346.882] [22627:22627] [EM] >>> [E:31357r S:40562 M:139216736 (Ack:61320169)] (S) Msg RX from 1:000000000001B669 [22E0] to 0000000000000001 --- Type 0000:10 (SecureChannel:StandaloneAck) (B:34)[0m
[0;34m[1784838346.882] [22627:22627] [EM] Found matching exchange: 31357r, Delegate: (nil)[0m
[0;34m[1784838346.882] [22627:22627] [EM] Rxd Ack; Removing MessageCounter:61320169 from Retrans Table on exchange 31357r[0m
