[0;34m[1784655505.129] [8347:8347] [DL] ChipLinuxStorage::Init: Using KVS config file: /tmp/chip_tool_kvs[0m
[0;34m[1784655505.131] [8347:8347] [DL] Wrote settings to /tmp/chip_tool_kvs[0m
[1;31m[1784655505.132] [8347:8347] [DL] ChipLinuxStorage::Init: Attempt to re-initialize with KVS config file: /tmp/chip_kvs, IGNORING.[0m
[0;34m[1784655505.133] [8347:8347] [DL] ChipLinuxStorage::Init: Using KVS config file: /tmp/chip_factory.ini[0m
[0;34m[1784655505.133] [8347:8347] [DL] ChipLinuxStorage::Init: Using KVS config file: /tmp/chip_config.ini[0m
[0;34m[1784655505.133] [8347:8347] [DL] ChipLinuxStorage::Init: Using KVS config file: /tmp/chip_counters.ini[0m
[0;34m[1784655505.135] [8347:8347] [DL] Wrote settings to /tmp/chip_counters.ini[0m
[0;32m[1784655505.135] [8347:8347] [DL] NVS set: chip-counters/reboot-count = 2 (0x2)[0m
[0;32m[1784655505.135] [8347:8347] [DL] Got Ethernet interface: enp0s3[0m
[0;32m[1784655505.135] [8347:8347] [DL] Found the primary Ethernet interface:enp0s3[0m
[1;31m[1784655505.136] [8347:8347] [DL] Failed to get WiFi interface[0m
[1;31m[1784655505.136] [8347:8347] [DL] Failed to reset WiFi statistic counts[0m
[0;32m[1784655505.136] [8347:8347] [PAF] WiFiPAF: WiFiPAFLayer::Init()[0m
[0;34m[1784655505.136] [8347:8347] [IN] UDP::Init bind&listen port=0[0m
[0;34m[1784655505.136] [8347:8347] [IN] UDP::Init bound to port=37106[0m
[0;34m[1784655505.136] [8347:8347] [IN] UDP::Init bind&listen port=0[0m
[0;34m[1784655505.136] [8347:8347] [IN] UDP::Init bound to port=34250[0m
[0;34m[1784655505.136] [8347:8347] [IN] BLEBase::Init - setting/overriding transport[0m
[0;34m[1784655505.136] [8347:8347] [IN] WiFiPAFBase::Init - setting/overriding transport[0m
[0;34m[1784655505.136] [8347:8347] [IN] TransportMgr initialized[0m
[0;34m[1784655505.136] [8347:8347] [FP] Initializing FabricTable from persistent storage[0m
[0;32m[1784655505.136] [8347:8347] [TS] Last Known Good Time: [unknown][0m
[0;32m[1784655505.136] [8347:8347] [TS] Setting Last Known Good Time to firmware build time 2023-10-14T01:16:48[0m
[0;32m[1784655505.136] [8347:8347] [DMG] Ember attribute persistence requires setting up[0m
[0;32m[1784655505.136] [8347:8347] [ZCL] Using ZAP configuration...[0m
[0;34m[1784655505.136] [8347:8347] [CTL] System State Initialized...[0m
[0;32m[1784655505.136] [8347:8347] [CTL] Setting attestation nonce to random value[0m
[0;32m[1784655505.136] [8347:8347] [CTL] Setting CSR nonce to random value[0m
[0;34m[1784655505.137] [8347:8349] [DL] CHIP task running[0m
[0;32m[1784655505.138] [8347:8349] [CTL] Setting attestation nonce to random value[0m
[0;32m[1784655505.138] [8347:8349] [CTL] Setting CSR nonce to random value[0m
[0;32m[1784655505.138] [8347:8349] [CTL] Couldn't get ExampleOpCredsCAKey from storage: src/controller/ExamplePersistentStorage.cpp:112: CHIP Error 0x000000A0: Value not found in the persisted storage[0m
[0;32m[1784655505.138] [8347:8349] [CTL] Couldn't get ExampleOpCredsICAKey from storage: src/controller/ExamplePersistentStorage.cpp:112: CHIP Error 0x000000A0: Value not found in the persisted storage[0m
[0;32m[1784655505.138] [8347:8349] [CTL] Generating RCAC[0m
[0;32m[1784655505.139] [8347:8349] [CTL] Generating ICAC[0m
[0;32m[1784655505.139] [8347:8349] [CTL] Generating NOC[0m
[0;32m[1784655505.140] [8347:8349] [FP] Validating NOC chain[0m
[0;32m[1784655505.140] [8347:8349] [FP] NOC chain validation successful[0m
[0;32m[1784655505.140] [8347:8349] [FP] Added new fabric at index: 0x1[0m
[0;32m[1784655505.140] [8347:8349] [FP] Assigned compressed fabric ID: 0x83E78752562E452A, node ID: 0x000000000001B669[0m
[0;32m[1784655505.140] [8347:8349] [TS] Last Known Good Time: 2023-10-14T01:16:48[0m
[0;32m[1784655505.140] [8347:8349] [TS] New proposed Last Known Good Time: 2021-01-01T00:00:00[0m
[0;32m[1784655505.140] [8347:8349] [TS] Retaining current Last Known Good Time[0m
[0;32m[1784655505.141] [8347:8349] [FP] Metadata for Fabric 0x1 persisted to storage.[0m
[0;32m[1784655505.142] [8347:8349] [TS] Committing Last Known Good Time to storage: 2023-10-14T01:16:48[0m
[0;32m[1784655505.142] [8347:8349] [CTL] Joined the fabric at index 1. Fabric ID is 0x0000000000000001 (Compressed Fabric ID: 83E78752562E452A)[0m
[0;32m[1784655505.155] [8347:8349] [TOO] Discovered Device: fe80::bfe:a203:38f0:bce7:5540[0m
[0;34m[1784655505.156] [8347:8349] [IN] SecureSession[0x718838032f30]: Allocated Type:1 LSID:16825[0m
[0;34m[1784655505.156] [8347:8349] [SC] Assigned local session key ID 16825[0m
[0;32m[1784655505.156] [8347:8349] [EM] <<< [E:52602i S:0 M:106615769] (U) Msg TX from 48DCBF737C5E62AA to 0:0000000000000000 [0000] [UDP:[fe80::bfe:a203:38f0:bce7%enp0s3]:5540] --- Type 0000:20 (SecureChannel:PBKDFParamRequest) (B:98)[0m
[0;32m[1784655505.156] [8347:8349] [EM] ??1 [E:52602i S:0 M:106615769] (U) Msg Retransmission to 0:0000000000000000 scheduled for 357ms from now [State:Active II:500 AI:300 AT:4000][0m
[0;32m[1784655505.156] [8347:8349] [SC] Sent PBKDF param request [II:500ms AI:300ms AT:4000ms)[0m
[0;32m[1784655505.156] [8347:8349] [CTL] Setting attestation nonce to random value[0m
[0;32m[1784655505.156] [8347:8349] [CTL] Setting CSR nonce to random value[0m
[0;32m[1784655505.156] [8347:8349] [CTL] Commission called for node ID 0x0000000000000001[0m
[0;32m[1784655505.156] [8347:8349] [EM] >>> [E:52602i S:0 M:30975639 (Ack:106615769)] (U) Msg RX from 0:0000000000000000 [0000] to 48DCBF737C5E62AA --- Type 0000:21 (SecureChannel:PBKDFParamResponse) (B:174)[0m
[0;34m[1784655505.156] [8347:8349] [EM] Found matching exchange: 52602i, Delegate: 0x718838033e80[0m
[0;34m[1784655505.156] [8347:8349] [EM] Rxd Ack; Removing MessageCounter:106615769 from Retrans Table on exchange 52602i[0m
[0;34m[1784655505.156] [8347:8349] [SC] Received PBKDF param response[0m
[0;34m[1784655505.156] [8347:8349] [SC] Peer assigned session ID 30866[0m
[0;34m[1784655505.156] [8347:8349] [SC] Found MRP parameters in the message[0m
[0;32m[1784655505.157] [8347:8349] [EM] <<< [E:52602i S:0 M:106615770 (Ack:30975639)] (U) Msg TX from 48DCBF737C5E62AA to 0:0000000000000000 [0000] [UDP:[fe80::bfe:a203:38f0:bce7%enp0s3]:5540] --- Type 0000:22 (SecureChannel:PASE_Pake1) (B:96)[0m
[0;32m[1784655505.157] [8347:8349] [EM] ??1 [E:52602i S:0 M:106615770] (U) Msg Retransmission to 0:0000000000000000 scheduled for 362ms from now [State:Active II:500 AI:300 AT:4000][0m
[0;34m[1784655505.157] [8347:8349] [SC] Sent spake2p msg1[0m
[0;32m[1784655505.158] [8347:8349] [EM] >>> [E:52602i S:0 M:30975640 (Ack:106615770)] (U) Msg RX from 0:0000000000000000 [0000] to 48DCBF737C5E62AA --- Type 0000:23 (SecureChannel:PASE_Pake2) (B:131)[0m
[0;34m[1784655505.158] [8347:8349] [EM] Found matching exchange: 52602i, Delegate: 0x718838033e80[0m
[0;34m[1784655505.158] [8347:8349] [EM] Rxd Ack; Removing MessageCounter:106615770 from Retrans Table on exchange 52602i[0m
[0;34m[1784655505.158] [8347:8349] [SC] Received spake2p msg2[0m
[0;32m[1784655505.158] [8347:8349] [EM] <<< [E:52602i S:0 M:106615771 (Ack:30975640)] (U) Msg TX from 48DCBF737C5E62AA to 0:0000000000000000 [0000] [UDP:[fe80::bfe:a203:38f0:bce7%enp0s3]:5540] --- Type 0000:24 (SecureChannel:PASE_Pake3) (B:63)[0m
[0;32m[1784655505.158] [8347:8349] [EM] ??1 [E:52602i S:0 M:106615771] (U) Msg Retransmission to 0:0000000000000000 scheduled for 345ms from now [State:Active II:500 AI:300 AT:4000][0m
[0;34m[1784655505.158] [8347:8349] [SC] Sent spake2p msg3[0m
[0;32m[1784655505.158] [8347:8349] [EM] >>> [E:52602i S:0 M:30975641 (Ack:106615771)] (U) Msg RX from 0:0000000000000000 [0000] to 48DCBF737C5E62AA --- Type 0000:40 (SecureChannel:StatusReport) (B:34)[0m
[0;34m[1784655505.158] [8347:8349] [EM] Found matching exchange: 52602i, Delegate: 0x718838033e80[0m
[0;34m[1784655505.158] [8347:8349] [EM] Rxd Ack; Removing MessageCounter:106615771 from Retrans Table on exchange 52602i[0m
[0;32m[1784655505.158] [8347:8349] [SC] SecureSession[0x718838032f30, LSID:16825]: State change 'kEstablishing' --> 'kActive'[0m
[0;34m[1784655505.158] [8347:8349] [IN] SecureSession[0x718838032f30]: Activated - Type:1 LSID:16825[0m
[0;34m[1784655505.158] [8347:8349] [IN] New secure session activated for device <FFFFFFFB00000000, 0>, LSID:16825 PSID:30866![0m
[0;34m[1784655505.158] [8347:8349] [CTL] Remote device completed SPAKE2+ handshake[0m
[0;32m[1784655505.158] [8347:8349] [TOO] Pairing Success[0m
[0;32m[1784655505.158] [8347:8349] [TOO] PASE establishment successful[0m
[0;32m[1784655505.158] [8347:8349] [CTL] Commissioning stage next step: 'SecurePairing' -> 'ReadCommissioningInfo'[0m
[0;32m[1784655505.158] [8347:8349] [CTL] Performing next commissioning step 'ReadCommissioningInfo'[0m
[0;34m[1784655505.158] [8347:8349] [TOO] Starting commissioning stage 'ReadCommissioningInfo'[0m
[0;32m[1784655505.158] [8347:8349] [CTL] Sending read requests for commissioning information[0m
[0;34m[1784655505.158] [8347:8349] [DMG] SendReadRequest ReadClient[0x718838035210]: Sending Read Request[0m
[0;32m[1784655505.158] [8347:8349] [DMG] 0 data version filters provided, 0 not relevant, 0 encoded, 0 skipped due to lack of space[0m
[0;32m[1784655505.159] [8347:8349] [EM] <<< [E:52603i S:16825 M:99659593] (S) Msg TX from 0000000000000000 to 0:FFFFFFFB00000000 [0000] [UDP:[fe80::bfe:a203:38f0:bce7%enp0s3]:5540] --- Type 0001:02 (IM:ReadRequest) (B:136)[0m
[0;32m[1784655505.159] [8347:8349] [EM] ??1 [E:52603i S:16825 M:99659593] (S) Msg Retransmission to 0:FFFFFFFB00000000 scheduled for 391ms from now [State:Active II:500 AI:300 AT:4000][0m
[0;34m[1784655505.159] [8347:8349] [DMG] MoveToState ReadClient[0x718838035210]: Moving to [AwaitingIn][0m
[0;32m[1784655505.159] [8347:8349] [EM] <<< [E:52602i S:0 M:106615772 (Ack:30975641)] (U) Msg TX from 48DCBF737C5E62AA to 0:0000000000000000 [0000] [UDP:[fe80::bfe:a203:38f0:bce7%enp0s3]:5540] --- Type 0000:10 (SecureChannel:StandaloneAck) (B:26)[0m
[0;34m[1784655505.159] [8347:8349] [EM] Flushed pending ack for MessageCounter:30975641 on exchange 52602i[0m
[0;32m[1784655505.161] [8347:8349] [EM] >>> [E:52603i S:16825 M:43873709 (Ack:99659593)] (S) Msg RX from 0:FFFFFFFB00000000 [0000] to 0000000000000000 --- Type 0001:05 (IM:ReportData) (B:766)[0m
[0;34m[1784655505.161] [8347:8349] [EM] Found matching exchange: 52603i, Delegate: 0x718838035220[0m
[0;34m[1784655505.161] [8347:8349] [EM] Rxd Ack; Removing MessageCounter:99659593 from Retrans Table on exchange 52603i[0m
[0;34m[1784655505.161] [8347:8349] [DMG] ReportDataMessage =[0m
[0;34m[1784655505.161] [8347:8349] [DMG] {[0m
[0;34m[1784655505.161] [8347:8349] [DMG] 	AttributeReportIBs =[0m
[0;34m[1784655505.161] [8347:8349] [DMG] 	[[0m
[0;34m[1784655505.161] [8347:8349] [DMG] 		AttributeReportIB =[0m
[0;34m[1784655505.161] [8347:8349] [DMG] 		{[0m
[0;34m[1784655505.161] [8347:8349] [DMG] 			AttributeDataIB =[0m
[0;34m[1784655505.161] [8347:8349] [DMG] 			{[0m
[0;34m[1784655505.161] [8347:8349] [DMG] 				DataVersion = 0xfa53e631,[0m
[0;34m[1784655505.161] [8347:8349] [DMG] 				AttributePathIB =[0m
[0;34m[1784655505.161] [8347:8349] [DMG] 				{[0m
[0;34m[1784655505.161] [8347:8349] [DMG] 					Endpoint = 0x0,[0m
[0;34m[1784655505.161] [8347:8349] [DMG] 					Cluster = 0x38,[0m
[0;34m[1784655505.161] [8347:8349] [DMG] 					Attribute = 0x0000_0000,[0m
[0;34m[1784655505.161] [8347:8349] [DMG] 				}[0m
[0;34m[1784655505.161] [8347:8349] [DMG] 					[0m
[0;34m[1784655505.161] [8347:8349] [DMG] 				Data = 837970705160423 (unsigned), [0m
[0;34m[1784655505.161] [8347:8349] [DMG] 			},[0m
[0;34m[1784655505.161] [8347:8349] [DMG] 			[0m
[0;34m[1784655505.161] [8347:8349] [DMG] 		},[0m
[0;34m[1784655505.161] [8347:8349] [DMG] 		[0m
[0;34m[1784655505.161] [8347:8349] [DMG] 		AttributeReportIB =[0m
[0;34m[1784655505.161] [8347:8349] [DMG] 		{[0m
[0;34m[1784655505.161] [8347:8349] [DMG] 			AttributeDataIB =[0m
[0;34m[1784655505.161] [8347:8349] [DMG] 			{[0m
[0;34m[1784655505.161] [8347:8349] [DMG] 				DataVersion = 0xfa53e631,[0m
[0;34m[1784655505.161] [8347:8349] [DMG] 				AttributePathIB =[0m
[0;34m[1784655505.161] [8347:8349] [DMG] 				{[0m
[0;34m[1784655505.161] [8347:8349] [DMG] 					Endpoint = 0x0,[0m
[0;34m[1784655505.161] [8347:8349] [DMG] 					Cluster = 0x38,[0m
[0;34m[1784655505.161] [8347:8349] [DMG] 					Attribute = 0x0000_0001,[0m
[0;34m[1784655505.161] [8347:8349] [DMG] 				}[0m
[0;34m[1784655505.161] [8347:8349] [DMG] 					[0m
[0;34m[1784655505.161] [8347:8349] [DMG] 				Data = 3 (unsigned), [0m
[0;34m[1784655505.161] [8347:8349] [DMG] 			},[0m
[0;34m[1784655505.161] [8347:8349] [DMG] 			[0m
[0;34m[1784655505.161] [8347:8349] [DMG] 		},[0m
[0;34m[1784655505.161] [8347:8349] [DMG] 		[0m
[0;34m[1784655505.161] [8347:8349] [DMG] 		AttributeReportIB =[0m
[0;34m[1784655505.161] [8347:8349] [DMG] 		{[0m
[0;34m[1784655505.161] [8347:8349] [DMG] 			AttributeDataIB =[0m
[0;34m[1784655505.161] [8347:8349] [DMG] 			{[0m
[0;34m[1784655505.161] [8347:8349] [DMG] 				DataVersion = 0xfa53e631,[0m
[0;34m[1784655505.161] [8347:8349] [DMG] 				AttributePathIB =[0m
[0;34m[1784655505.161] [8347:8349] [DMG] 				{[0m
[0;34m[1784655505.161] [8347:8349] [DMG] 					Endpoint = 0x0,[0m
[0;34m[1784655505.161] [8347:8349] [DMG] 					Cluster = 0x38,[0m
[0;34m[1784655505.161] [8347:8349] [DMG] 					Attribute = 0x0000_0002,[0m
[0;34m[1784655505.161] [8347:8349] [DMG] 				}[0m
[0;34m[1784655505.161] [8347:8349] [DMG] 					[0m
[0;34m[1784655505.161] [8347:8349] [DMG] 				Data = 8 (unsigned), [0m
[0;34m[1784655505.161] [8347:8349] [DMG] 			},[0m
[0;34m[1784655505.161] [8347:8349] [DMG] 			[0m
[0;34m[1784655505.161] [8347:8349] [DMG] 		},[0m
[0;34m[1784655505.161] [8347:8349] [DMG] 		[0m
[0;34m[1784655505.161] [8347:8349] [DMG] 		AttributeReportIB =[0m
[0;34m[1784655505.161] [8347:8349] [DMG] 		{[0m
[0;34m[1784655505.161] [8347:8349] [DMG] 			AttributeDataIB =[0m
[0;34m[1784655505.161] [8347:8349] [DMG] 			{[0m
[0;34m[1784655505.161] [8347:8349] [DMG] 				DataVersion = 0xfa53e631,[0m
[0;34m[1784655505.161] [8347:8349] [DMG] 				AttributePathIB =[0m
[0;34m[1784655505.161] [8347:8349] [DMG] 				{[0m
[0;34m[1784655505.161] [8347:8349] [DMG] 					Endpoint = 0x0,[0m
[0;34m[1784655505.161] [8347:8349] [DMG] 					Cluster = 0x38,[0m
[0;34m[1784655505.161] [8347:8349] [DMG] 					Attribute = 0x0000_0003,[0m
[0;34m[1784655505.161] [8347:8349] [DMG] 				}[0m
[0;34m[1784655505.161] [8347:8349] [DMG] 					[0m
[0;34m[1784655505.161] [8347:8349] [DMG] 				Data = NULL[0m
[0;34m[1784655505.161] [8347:8349] [DMG] 			},[0m
[0;34m[1784655505.161] [8347:8349] [DMG] 			[0m
[0;34m[1784655505.161] [8347:8349] [DMG] 		},[0m
[0;34m[1784655505.161] [8347:8349] [DMG] 		[0m
[0;34m[1784655505.161] [8347:8349] [DMG] 		AttributeReportIB =[0m
[0;34m[1784655505.161] [8347:8349] [DMG] 		{[0m
[0;34m[1784655505.161] [8347:8349] [DMG] 			AttributeDataIB =[0m
[0;34m[1784655505.161] [8347:8349] [DMG] 			{[0m
[0;34m[1784655505.161] [8347:8349] [DMG] 				DataVersion = 0xfa53e631,[0m
[0;34m[1784655505.161] [8347:8349] [DMG] 				AttributePathIB =[0m
[0;34m[1784655505.161] [8347:8349] [DMG] 				{[0m
[0;34m[1784655505.161] [8347:8349] [DMG] 					Endpoint = 0x0,[0m
[0;34m[1784655505.161] [8347:8349] [DMG] 					Cluster = 0x38,[0m
[0;34m[1784655505.161] [8347:8349] [DMG] 					Attribute = 0x0000_0004,[0m
[0;34m[1784655505.161] [8347:8349] [DMG] 				}[0m
[0;34m[1784655505.161] [8347:8349] [DMG] 					[0m
[0;34m[1784655505.161] [8347:8349] [DMG] 				Data = NULL[0m
[0;34m[1784655505.161] [8347:8349] [DMG] 			},[0m
[0;34m[1784655505.161] [8347:8349] [DMG] 			[0m
[0;34m[1784655505.161] [8347:8349] [DMG] 		},[0m
[0;34m[1784655505.161] [8347:8349] [DMG] 		[0m
[0;34m[1784655505.161] [8347:8349] [DMG] 		AttributeReportIB =[0m
[0;34m[1784655505.161] [8347:8349] [DMG] 		{[0m
[0;34m[1784655505.161] [8347:8349] [DMG] 			AttributeDataIB =[0m
[0;34m[1784655505.161] [8347:8349] [DMG] 			{[0m
[0;34m[1784655505.161] [8347:8349] [DMG] 				DataVersion = 0xfa53e631,[0m
[0;34m[1784655505.161] [8347:8349] [DMG] 				AttributePathIB =[0m
[0;34m[1784655505.161] [8347:8349] [DMG] 				{[0m
[0;34m[1784655505.161] [8347:8349] [DMG] 					Endpoint = 0x0,[0m
[0;34m[1784655505.161] [8347:8349] [DMG] 					Cluster = 0x38,[0m
[0;34m[1784655505.161] [8347:8349] [DMG] 					Attribute = 0x0000_0005,[0m
[0;34m[1784655505.161] [8347:8349] [DMG] 				}[0m
[0;34m[1784655505.161] [8347:8349] [DMG] 					[0m
[0;34m[1784655505.161] [8347:8349] [DMG] 				Data = [[0m
[0;34m[1784655505.161] [8347:8349] [DMG] 						[0m
[0;34m[1784655505.161] [8347:8349] [DMG] 					{[0m
[0;34m[1784655505.161] [8347:8349] [DMG] 						0x0 = 0 (signed), [0m
[0;34m[1784655505.161] [8347:8349] [DMG] 						0x1 = 0 (unsigned), [0m
[0;34m[1784655505.161] [8347:8349] [DMG] 					},[0m
[0;34m[1784655505.161] [8347:8349] [DMG] 				],[0m
[0;34m[1784655505.161] [8347:8349] [DMG] 			},[0m
[0;34m[1784655505.161] [8347:8349] [DMG] 			[0m
[0;34m[1784655505.161] [8347:8349] [DMG] 		},[0m
[0;34m[1784655505.161] [8347:8349] [DMG] 		[0m
[0;34m[1784655505.161] [8347:8349] [DMG] 		AttributeReportIB =[0m
[0;34m[1784655505.161] [8347:8349] [DMG] 		{[0m
[0;34m[1784655505.161] [8347:8349] [DMG] 			AttributeDataIB =[0m
[0;34m[1784655505.161] [8347:8349] [DMG] 			{[0m
[0;34m[1784655505.161] [8347:8349] [DMG] 				DataVersion = 0xfa53e631,[0m
[0;34m[1784655505.161] [8347:8349] [DMG] 				AttributePathIB =[0m
[0;34m[1784655505.161] [8347:8349] [DMG] 				{[0m
[0;34m[1784655505.161] [8347:8349] [DMG] 					Endpoint = 0x0,[0m
[0;34m[1784655505.161] [8347:8349] [DMG] 					Cluster = 0x38,[0m
[0;34m[1784655505.161] [8347:8349] [DMG] 					Attribute = 0x0000_0006,[0m
[0;34m[1784655505.161] [8347:8349] [DMG] 				}[0m
[0;34m[1784655505.161] [8347:8349] [DMG] 					[0m
[0;34m[1784655505.161] [8347:8349] [DMG] 				Data = [[0m
[0;34m[1784655505.161] [8347:8349] [DMG] 						[0m
[0;34m[1784655505.161] [8347:8349] [DMG] 				],[0m
[0;34m[1784655505.161] [8347:8349] [DMG] 			},[0m
[0;34m[1784655505.161] [8347:8349] [DMG] 			[0m
[0;34m[1784655505.161] [8347:8349] [DMG] 		},[0m
[0;34m[1784655505.161] [8347:8349] [DMG] 		[0m
[0;34m[1784655505.161] [8347:8349] [DMG] 		AttributeReportIB =[0m
[0;34m[1784655505.161] [8347:8349] [DMG] 		{[0m
[0;34m[1784655505.161] [8347:8349] [DMG] 			AttributeDataIB =[0m
[0;34m[1784655505.161] [8347:8349] [DMG] 			{[0m
[0;34m[1784655505.161] [8347:8349] [DMG] 				DataVersion = 0xfa53e631,[0m
[0;34m[1784655505.161] [8347:8349] [DMG] 				AttributePathIB =[0m
[0;34m[1784655505.161] [8347:8349] [DMG] 				{[0m
[0;34m[1784655505.161] [8347:8349] [DMG] 					Endpoint = 0x0,[0m
[0;34m[1784655505.161] [8347:8349] [DMG] 					Cluster = 0x38,[0m
[0;34m[1784655505.161] [8347:8349] [DMG] 					Attribute = 0x0000_0007,[0m
[0;34m[1784655505.161] [8347:8349] [DMG] 				}[0m
[0;34m[1784655505.161] [8347:8349] [DMG] 					[0m
[0;34m[1784655505.161] [8347:8349] [DMG] 				Data = NULL[0m
[0;34m[1784655505.161] [8347:8349] [DMG] 			},[0m
[0;34m[1784655505.161] [8347:8349] [DMG] 			[0m
[0;34m[1784655505.161] [8347:8349] [DMG] 		},[0m
[0;34m[1784655505.161] [8347:8349] [DMG] 		[0m
[0;34m[1784655505.162] [8347:8349] [DMG] 		AttributeReportIB =[0m
[0;34m[1784655505.162] [8347:8349] [DMG] 		{[0m
[0;34m[1784655505.162] [8347:8349] [DMG] 			AttributeDataIB =[0m
[0;34m[1784655505.162] [8347:8349] [DMG] 			{[0m
[0;34m[1784655505.162] [8347:8349] [DMG] 				DataVersion = 0xfa53e631,[0m
[0;34m[1784655505.162] [8347:8349] [DMG] 				AttributePathIB =[0m
[0;34m[1784655505.162] [8347:8349] [DMG] 				{[0m
[0;34m[1784655505.162] [8347:8349] [DMG] 					Endpoint = 0x0,[0m
[0;34m[1784655505.162] [8347:8349] [DMG] 					Cluster = 0x38,[0m
[0;34m[1784655505.162] [8347:8349] [DMG] 					Attribute = 0x0000_0008,[0m
[0;34m[1784655505.162] [8347:8349] [DMG] 				}[0m
[0;34m[1784655505.162] [8347:8349] [DMG] 					[0m
[0;34m[1784655505.162] [8347:8349] [DMG] 				Data = 0 (unsigned), [0m
[0;34m[1784655505.162] [8347:8349] [DMG] 			},[0m
[0;34m[1784655505.162] [8347:8349] [DMG] 			[0m
[0;34m[1784655505.162] [8347:8349] [DMG] 		},[0m
[0;34m[1784655505.162] [8347:8349] [DMG] 		[0m
[0;34m[1784655505.162] [8347:8349] [DMG] 		AttributeReportIB =[0m
[0;34m[1784655505.162] [8347:8349] [DMG] 		{[0m
[0;34m[1784655505.162] [8347:8349] [DMG] 			AttributeDataIB =[0m
[0;34m[1784655505.162] [8347:8349] [DMG] 			{[0m
[0;34m[1784655505.162] [8347:8349] [DMG] 				DataVersion = 0xfa53e631,[0m
[0;34m[1784655505.162] [8347:8349] [DMG] 				AttributePathIB =[0m
[0;34m[1784655505.162] [8347:8349] [DMG] 				{[0m
[0;34m[1784655505.162] [8347:8349] [DMG] 					Endpoint = 0x0,[0m
[0;34m[1784655505.162] [8347:8349] [DMG] 					Cluster = 0x38,[0m
[0;34m[1784655505.162] [8347:8349] [DMG] 					Attribute = 0x0000_000A,[0m
[0;34m[1784655505.162] [8347:8349] [DMG] 				}[0m
[0;34m[1784655505.162] [8347:8349] [DMG] 					[0m
[0;34m[1784655505.162] [8347:8349] [DMG] 				Data = 2 (unsigned), [0m
[0;34m[1784655505.162] [8347:8349] [DMG] 			},[0m
[0;34m[1784655505.162] [8347:8349] [DMG] 			[0m
[0;34m[1784655505.162] [8347:8349] [DMG] 		},[0m
[0;34m[1784655505.162] [8347:8349] [DMG] 		[0m
[0;34m[1784655505.162] [8347:8349] [DMG] 		AttributeReportIB =[0m
[0;34m[1784655505.162] [8347:8349] [DMG] 		{[0m
[0;34m[1784655505.162] [8347:8349] [DMG] 			AttributeDataIB =[0m
[0;34m[1784655505.162] [8347:8349] [DMG] 			{[0m
[0;34m[1784655505.162] [8347:8349] [DMG] 				DataVersion = 0xfa53e631,[0m
[0;34m[1784655505.162] [8347:8349] [DMG] 				AttributePathIB =[0m
[0;34m[1784655505.162] [8347:8349] [DMG] 				{[0m
[0;34m[1784655505.162] [8347:8349] [DMG] 					Endpoint = 0x0,[0m
[0;34m[1784655505.162] [8347:8349] [DMG] 					Cluster = 0x38,[0m
[0;34m[1784655505.162] [8347:8349] [DMG] 					Attribute = 0x0000_000B,[0m
[0;34m[1784655505.162] [8347:8349] [DMG] 				}[0m
[0;34m[1784655505.162] [8347:8349] [DMG] 					[0m
[0;34m[1784655505.162] [8347:8349] [DMG] 				Data = 2 (unsigned), [0m
[0;34m[1784655505.162] [8347:8349] [DMG] 			},[0m
[0;34m[1784655505.162] [8347:8349] [DMG] 			[0m
[0;34m[1784655505.162] [8347:8349] [DMG] 		},[0m
[0;34m[1784655505.162] [8347:8349] [DMG] 		[0m
[0;34m[1784655505.162] [8347:8349] [DMG] 		AttributeReportIB =[0m
[0;34m[1784655505.162] [8347:8349] [DMG] 		{[0m
[0;34m[1784655505.162] [8347:8349] [DMG] 			AttributeDataIB =[0m
[0;34m[1784655505.162] [8347:8349] [DMG] 			{[0m
[0;34m[1784655505.162] [8347:8349] [DMG] 				DataVersion = 0xfa53e631,[0m
[0;34m[1784655505.162] [8347:8349] [DMG] 				AttributePathIB =[0m
[0;34m[1784655505.162] [8347:8349] [DMG] 				{[0m
[0;34m[1784655505.162] [8347:8349] [DMG] 					Endpoint = 0x0,[0m
[0;34m[1784655505.162] [8347:8349] [DMG] 					Cluster = 0x38,[0m
[0;34m[1784655505.162] [8347:8349] [DMG] 					Attribute = 0x0000_000C,[0m
[0;34m[1784655505.162] [8347:8349] [DMG] 				}[0m
[0;34m[1784655505.162] [8347:8349] [DMG] 					[0m
[0;34m[1784655505.162] [8347:8349] [DMG] 				Data = true, [0m
[0;34m[1784655505.162] [8347:8349] [DMG] 			},[0m
[0;34m[1784655505.162] [8347:8349] [DMG] 			[0m
[0;34m[1784655505.162] [8347:8349] [DMG] 		},[0m
[0;34m[1784655505.162] [8347:8349] [DMG] 		[0m
[0;34m[1784655505.162] [8347:8349] [DMG] 		AttributeReportIB =[0m
[0;34m[1784655505.162] [8347:8349] [DMG] 		{[0m
[0;34m[1784655505.162] [8347:8349] [DMG] 			AttributeDataIB =[0m
[0;34m[1784655505.162] [8347:8349] [DMG] 			{[0m
[0;34m[1784655505.162] [8347:8349] [DMG] 				DataVersion = 0xfa53e631,[0m
[0;34m[1784655505.162] [8347:8349] [DMG] 				AttributePathIB =[0m
[0;34m[1784655505.162] [8347:8349] [DMG] 				{[0m
[0;34m[1784655505.162] [8347:8349] [DMG] 					Endpoint = 0x0,[0m
[0;34m[1784655505.162] [8347:8349] [DMG] 					Cluster = 0x38,[0m
[0;34m[1784655505.162] [8347:8349] [DMG] 					Attribute = 0x0000_FFFC,[0m
[0;34m[1784655505.162] [8347:8349] [DMG] 				}[0m
[0;34m[1784655505.162] [8347:8349] [DMG] 					[0m
[0;34m[1784655505.162] [8347:8349] [DMG] 				Data = 11 (unsigned), [0m
[0;34m[1784655505.162] [8347:8349] [DMG] 			},[0m
[0;34m[1784655505.162] [8347:8349] [DMG] 			[0m
[0;34m[1784655505.162] [8347:8349] [DMG] 		},[0m
[0;34m[1784655505.162] [8347:8349] [DMG] 		[0m
[0;34m[1784655505.162] [8347:8349] [DMG] 		AttributeReportIB =[0m
[0;34m[1784655505.162] [8347:8349] [DMG] 		{[0m
[0;34m[1784655505.162] [8347:8349] [DMG] 			AttributeDataIB =[0m
[0;34m[1784655505.162] [8347:8349] [DMG] 			{[0m
[0;34m[1784655505.162] [8347:8349] [DMG] 				DataVersion = 0xfa53e631,[0m
[0;34m[1784655505.162] [8347:8349] [DMG] 				AttributePathIB =[0m
[0;34m[1784655505.162] [8347:8349] [DMG] 				{[0m
[0;34m[1784655505.162] [8347:8349] [DMG] 					Endpoint = 0x0,[0m
[0;34m[1784655505.162] [8347:8349] [DMG] 					Cluster = 0x38,[0m
[0;34m[1784655505.162] [8347:8349] [DMG] 					Attribute = 0x0000_FFFD,[0m
[0;34m[1784655505.162] [8347:8349] [DMG] 				}[0m
[0;34m[1784655505.162] [8347:8349] [DMG] 					[0m
[0;34m[1784655505.162] [8347:8349] [DMG] 				Data = 2 (unsigned), [0m
[0;34m[1784655505.162] [8347:8349] [DMG] 			},[0m
[0;34m[1784655505.162] [8347:8349] [DMG] 			[0m
[0;34m[1784655505.162] [8347:8349] [DMG] 		},[0m
[0;34m[1784655505.162] [8347:8349] [DMG] 		[0m
[0;34m[1784655505.162] [8347:8349] [DMG] 		AttributeReportIB =[0m
[0;34m[1784655505.162] [8347:8349] [DMG] 		{[0m
[0;34m[1784655505.162] [8347:8349] [DMG] 			AttributeDataIB =[0m
[0;34m[1784655505.162] [8347:8349] [DMG] 			{[0m
[0;34m[1784655505.162] [8347:8349] [DMG] 				DataVersion = 0xfa53e631,[0m
[0;34m[1784655505.162] [8347:8349] [DMG] 				AttributePathIB =[0m
[0;34m[1784655505.162] [8347:8349] [DMG] 				{[0m
[0;34m[1784655505.162] [8347:8349] [DMG] 					Endpoint = 0x0,[0m
[0;34m[1784655505.162] [8347:8349] [DMG] 					Cluster = 0x38,[0m
[0;34m[1784655505.162] [8347:8349] [DMG] 					Attribute = 0x0000_FFF8,[0m
[0;34m[1784655505.162] [8347:8349] [DMG] 				}[0m
[0;34m[1784655505.162] [8347:8349] [DMG] 					[0m
[0;34m[1784655505.162] [8347:8349] [DMG] 				Data = [[0m
[0;34m[1784655505.162] [8347:8349] [DMG] 						3 (unsigned), [0m
[0;34m[1784655505.162] [8347:8349] [DMG] 				],[0m
[0;34m[1784655505.162] [8347:8349] [DMG] 			},[0m
[0;34m[1784655505.162] [8347:8349] [DMG] 			[0m
[0;34m[1784655505.162] [8347:8349] [DMG] 		},[0m
[0;34m[1784655505.162] [8347:8349] [DMG] 		[0m
[0;34m[1784655505.162] [8347:8349] [DMG] 		AttributeReportIB =[0m
[0;34m[1784655505.162] [8347:8349] [DMG] 		{[0m
[0;34m[1784655505.162] [8347:8349] [DMG] 			AttributeDataIB =[0m
[0;34m[1784655505.162] [8347:8349] [DMG] 			{[0m
[0;34m[1784655505.162] [8347:8349] [DMG] 				DataVersion = 0xfa53e631,[0m
[0;34m[1784655505.162] [8347:8349] [DMG] 				AttributePathIB =[0m
[0;34m[1784655505.162] [8347:8349] [DMG] 				{[0m
[0;34m[1784655505.162] [8347:8349] [DMG] 					Endpoint = 0x0,[0m
[0;34m[1784655505.162] [8347:8349] [DMG] 					Cluster = 0x38,[0m
[0;34m[1784655505.162] [8347:8349] [DMG] 					Attribute = 0x0000_FFF9,[0m
[0;34m[1784655505.162] [8347:8349] [DMG] 				}[0m
[0;34m[1784655505.162] [8347:8349] [DMG] 					[0m
[0;34m[1784655505.162] [8347:8349] [DMG] 				Data = [[0m
[0;34m[1784655505.162] [8347:8349] [DMG] 						0 (unsigned), 1 (unsigned), 2 (unsigned), 4 (unsigned), 5 (unsigned), [0m
[0;34m[1784655505.162] [8347:8349] [DMG] 				],[0m
[0;34m[1784655505.162] [8347:8349] [DMG] 			},[0m
[0;34m[1784655505.162] [8347:8349] [DMG] 			[0m
[0;34m[1784655505.162] [8347:8349] [DMG] 		},[0m
[0;34m[1784655505.162] [8347:8349] [DMG] 		[0m
[0;34m[1784655505.162] [8347:8349] [DMG] 		AttributeReportIB =[0m
[0;34m[1784655505.162] [8347:8349] [DMG] 		{[0m
[0;34m[1784655505.162] [8347:8349] [DMG] 			AttributeDataIB =[0m
[0;34m[1784655505.162] [8347:8349] [DMG] 			{[0m
[0;34m[1784655505.162] [8347:8349] [DMG] 				DataVersion = 0xfa53e631,[0m
[0;34m[1784655505.162] [8347:8349] [DMG] 				AttributePathIB =[0m
[0;34m[1784655505.162] [8347:8349] [DMG] 				{[0m
[0;34m[1784655505.162] [8347:8349] [DMG] 					Endpoint = 0x0,[0m
[0;34m[1784655505.162] [8347:8349] [DMG] 					Cluster = 0x38,[0m
[0;34m[1784655505.162] [8347:8349] [DMG] 					Attribute = 0x0000_FFFB,[0m
[0;34m[1784655505.162] [8347:8349] [DMG] 				}[0m
[0;34m[1784655505.162] [8347:8349] [DMG] 					[0m
[0;34m[1784655505.162] [8347:8349] [DMG] 				Data = [[0m
[0;34m[1784655505.162] [8347:8349] [DMG] 						0 (unsigned), 1 (unsigned), 2 (unsigned), 3 (unsigned), 4 (unsigned), 5 (unsigned), 6 (unsigned), 7 (unsigned), 8 (unsigned), 10 (unsigned), 11 (unsigned), 12 (unsigned), 65532 (unsigned), 65533 (unsigned), 65528 (unsigned), 65529 (unsigned), 65531 (unsigned), [0m
[0;34m[1784655505.162] [8347:8349] [DMG] 				],[0m
[0;34m[1784655505.162] [8347:8349] [DMG] 			},[0m
[0;34m[1784655505.162] [8347:8349] [DMG] 			[0m
[0;34m[1784655505.162] [8347:8349] [DMG] 		},[0m
[0;34m[1784655505.162] [8347:8349] [DMG] 		[0m
[0;34m[1784655505.162] [8347:8349] [DMG] 		AttributeReportIB =[0m
[0;34m[1784655505.162] [8347:8349] [DMG] 		{[0m
[0;34m[1784655505.162] [8347:8349] [DMG] 			AttributeDataIB =[0m
[0;34m[1784655505.162] [8347:8349] [DMG] 			{[0m
[0;34m[1784655505.162] [8347:8349] [DMG] 				DataVersion = 0x4924e7af,[0m
[0;34m[1784655505.162] [8347:8349] [DMG] 				AttributePathIB =[0m
[0;34m[1784655505.162] [8347:8349] [DMG] 				{[0m
[0;34m[1784655505.162] [8347:8349] [DMG] 					Endpoint = 0x0,[0m
[0;34m[1784655505.162] [8347:8349] [DMG] 					Cluster = 0x28,[0m
[0;34m[1784655505.162] [8347:8349] [DMG] 					Attribute = 0x0000_0004,[0m
[0;34m[1784655505.162] [8347:8349] [DMG] 				}[0m
[0;34m[1784655505.162] [8347:8349] [DMG] 					[0m
[0;34m[1784655505.162] [8347:8349] [DMG] 				Data = 32769 (unsigned), [0m
[0;34m[1784655505.162] [8347:8349] [DMG] 			},[0m
[0;34m[1784655505.162] [8347:8349] [DMG] 			[0m
[0;34m[1784655505.162] [8347:8349] [DMG] 		},[0m
[0;34m[1784655505.162] [8347:8349] [DMG] 		[0m
[0;34m[1784655505.162] [8347:8349] [DMG] 		AttributeReportIB =[0m
[0;34m[1784655505.162] [8347:8349] [DMG] 		{[0m
[0;34m[1784655505.162] [8347:8349] [DMG] 			AttributeDataIB =[0m
[0;34m[1784655505.162] [8347:8349] [DMG] 			{[0m
[0;34m[1784655505.162] [8347:8349] [DMG] 				DataVersion = 0x4924e7af,[0m
[0;34m[1784655505.162] [8347:8349] [DMG] 				AttributePathIB =[0m
[0;34m[1784655505.162] [8347:8349] [DMG] 				{[0m
[0;34m[1784655505.162] [8347:8349] [DMG] 					Endpoint = 0x0,[0m
[0;34m[1784655505.162] [8347:8349] [DMG] 					Cluster = 0x28,[0m
[0;34m[1784655505.162] [8347:8349] [DMG] 					Attribute = 0x0000_0002,[0m
[0;34m[1784655505.162] [8347:8349] [DMG] 				}[0m
[0;34m[1784655505.162] [8347:8349] [DMG] 					[0m
[0;34m[1784655505.162] [8347:8349] [DMG] 				Data = 65521 (unsigned), [0m
[0;34m[1784655505.162] [8347:8349] [DMG] 			},[0m
[0;34m[1784655505.162] [8347:8349] [DMG] 			[0m
[0;34m[1784655505.162] [8347:8349] [DMG] 		},[0m
[0;34m[1784655505.162] [8347:8349] [DMG] 		[0m
[0;34m[1784655505.162] [8347:8349] [DMG] 		AttributeReportIB =[0m
[0;34m[1784655505.162] [8347:8349] [DMG] 		{[0m
[0;34m[1784655505.162] [8347:8349] [DMG] 			AttributeStatusIB =[0m
[0;34m[1784655505.162] [8347:8349] [DMG] 			{[0m
[0;34m[1784655505.162] [8347:8349] [DMG] 				AttributePathIB =[0m
[0;34m[1784655505.162] [8347:8349] [DMG] 				{[0m
[0;34m[1784655505.162] [8347:8349] [DMG] 					Endpoint = 0x0,[0m
[0;34m[1784655505.162] [8347:8349] [DMG] 					Cluster = 0x30,[0m
[0;34m[1784655505.162] [8347:8349] [DMG] 					Attribute = 0x0000_000C,[0m
[0;34m[1784655505.162] [8347:8349] [DMG] 				}[0m
[0;34m[1784655505.162] [8347:8349] [DMG] 					[0m
[0;34m[1784655505.162] [8347:8349] [DMG] 				StatusIB =[0m
[0;34m[1784655505.162] [8347:8349] [DMG] 				{[0m
[0;34m[1784655505.162] [8347:8349] [DMG] 					status = 0x86 (UNSUPPORTED_ATTRIBUTE),[0m
[0;34m[1784655505.162] [8347:8349] [DMG] 				},[0m
[0;34m[1784655505.162] [8347:8349] [DMG] 				[0m
[0;34m[1784655505.162] [8347:8349] [DMG] 			},[0m
[0;34m[1784655505.162] [8347:8349] [DMG] 			[0m
[0;34m[1784655505.162] [8347:8349] [DMG] 		},[0m
[0;34m[1784655505.162] [8347:8349] [DMG] 		[0m
[0;34m[1784655505.162] [8347:8349] [DMG] 		AttributeReportIB =[0m
[0;34m[1784655505.162] [8347:8349] [DMG] 		{[0m
[0;34m[1784655505.162] [8347:8349] [DMG] 			AttributeDataIB =[0m
[0;34m[1784655505.162] [8347:8349] [DMG] 			{[0m
[0;34m[1784655505.162] [8347:8349] [DMG] 				DataVersion = 0xacb2d49b,[0m
[0;34m[1784655505.162] [8347:8349] [DMG] 				AttributePathIB =[0m
[0;34m[1784655505.162] [8347:8349] [DMG] 				{[0m
[0;34m[1784655505.162] [8347:8349] [DMG] 					Endpoint = 0x0,[0m
[0;34m[1784655505.162] [8347:8349] [DMG] 					Cluster = 0x30,[0m
[0;34m[1784655505.162] [8347:8349] [DMG] 					Attribute = 0x0000_0003,[0m
[0;34m[1784655505.162] [8347:8349] [DMG] 				}[0m
[0;34m[1784655505.162] [8347:8349] [DMG] 					[0m
[0;34m[1784655505.162] [8347:8349] [DMG] 				Data = 2 (unsigned), [0m
[0;34m[1784655505.162] [8347:8349] [DMG] 			},[0m
[0;34m[1784655505.162] [8347:8349] [DMG] 			[0m
[0;34m[1784655505.162] [8347:8349] [DMG] 		},[0m
[0;34m[1784655505.162] [8347:8349] [DMG] 		[0m
[0;34m[1784655505.162] [8347:8349] [DMG] 		AttributeReportIB =[0m
[0;34m[1784655505.162] [8347:8349] [DMG] 		{[0m
[0;34m[1784655505.162] [8347:8349] [DMG] 			AttributeDataIB =[0m
[0;34m[1784655505.162] [8347:8349] [DMG] 			{[0m
[0;34m[1784655505.162] [8347:8349] [DMG] 				DataVersion = 0xacb2d49b,[0m
[0;34m[1784655505.162] [8347:8349] [DMG] 				AttributePathIB =[0m
[0;34m[1784655505.162] [8347:8349] [DMG] 				{[0m
[0;34m[1784655505.162] [8347:8349] [DMG] 					Endpoint = 0x0,[0m
[0;34m[1784655505.162] [8347:8349] [DMG] 					Cluster = 0x30,[0m
[0;34m[1784655505.162] [8347:8349] [DMG] 					Attribute = 0x0000_0002,[0m
[0;34m[1784655505.162] [8347:8349] [DMG] 				}[0m
[0;34m[1784655505.162] [8347:8349] [DMG] 					[0m
[0;34m[1784655505.162] [8347:8349] [DMG] 				Data = 0 (unsigned), [0m
[0;34m[1784655505.162] [8347:8349] [DMG] 			},[0m
[0;34m[1784655505.162] [8347:8349] [DMG] 			[0m
[0;34m[1784655505.162] [8347:8349] [DMG] 		},[0m
[0;34m[1784655505.162] [8347:8349] [DMG] 		[0m
[0;34m[1784655505.162] [8347:8349] [DMG] 		AttributeReportIB =[0m
[0;34m[1784655505.162] [8347:8349] [DMG] 		{[0m
[0;34m[1784655505.162] [8347:8349] [DMG] 			AttributeDataIB =[0m
[0;34m[1784655505.162] [8347:8349] [DMG] 			{[0m
[0;34m[1784655505.162] [8347:8349] [DMG] 				DataVersion = 0xacb2d49b,[0m
[0;34m[1784655505.162] [8347:8349] [DMG] 				AttributePathIB =[0m
[0;34m[1784655505.162] [8347:8349] [DMG] 				{[0m
[0;34m[1784655505.162] [8347:8349] [DMG] 					Endpoint = 0x0,[0m
[0;34m[1784655505.162] [8347:8349] [DMG] 					Cluster = 0x30,[0m
[0;34m[1784655505.162] [8347:8349] [DMG] 					Attribute = 0x0000_0001,[0m
[0;34m[1784655505.162] [8347:8349] [DMG] 				}[0m
[0;34m[1784655505.162] [8347:8349] [DMG] 					[0m
[0;34m[1784655505.162] [8347:8349] [DMG] 				Data = [0m
[0;34m[1784655505.162] [8347:8349] [DMG] 				{[0m
[0;34m[1784655505.162] [8347:8349] [DMG] 					0x0 = 60 (unsigned), [0m
[0;34m[1784655505.162] [8347:8349] [DMG] 					0x1 = 900 (unsigned), [0m
[0;34m[1784655505.162] [8347:8349] [DMG] 				},[0m
[0;34m[1784655505.162] [8347:8349] [DMG] 			},[0m
[0;34m[1784655505.162] [8347:8349] [DMG] 			[0m
[0;34m[1784655505.162] [8347:8349] [DMG] 		},[0m
[0;34m[1784655505.162] [8347:8349] [DMG] 		[0m
[0;34m[1784655505.162] [8347:8349] [DMG] 		AttributeReportIB =[0m
[0;34m[1784655505.162] [8347:8349] [DMG] 		{[0m
[0;34m[1784655505.162] [8347:8349] [DMG] 			AttributeDataIB =[0m
[0;34m[1784655505.162] [8347:8349] [DMG] 			{[0m
[0;34m[1784655505.162] [8347:8349] [DMG] 				DataVersion = 0xacb2d49b,[0m
[0;34m[1784655505.162] [8347:8349] [DMG] 				AttributePathIB =[0m
[0;34m[1784655505.162] [8347:8349] [DMG] 				{[0m
[0;34m[1784655505.162] [8347:8349] [DMG] 					Endpoint = 0x0,[0m
[0;34m[1784655505.162] [8347:8349] [DMG] 					Cluster = 0x30,[0m
[0;34m[1784655505.162] [8347:8349] [DMG] 					Attribute = 0x0000_0000,[0m
[0;34m[1784655505.162] [8347:8349] [DMG] 				}[0m
[0;34m[1784655505.162] [8347:8349] [DMG] 					[0m
[0;34m[1784655505.162] [8347:8349] [DMG] 				Data = 0 (unsigned), [0m
[0;34m[1784655505.162] [8347:8349] [DMG] 			},[0m
[0;34m[1784655505.162] [8347:8349] [DMG] 			[0m
[0;34m[1784655505.162] [8347:8349] [DMG] 		},[0m
[0;34m[1784655505.162] [8347:8349] [DMG] 		[0m
[0;34m[1784655505.162] [8347:8349] [DMG] 		AttributeReportIB =[0m
[0;34m[1784655505.162] [8347:8349] [DMG] 		{[0m
[0;34m[1784655505.162] [8347:8349] [DMG] 			AttributeDataIB =[0m
[0;34m[1784655505.162] [8347:8349] [DMG] 			{[0m
[0;34m[1784655505.162] [8347:8349] [DMG] 				DataVersion = 0xacb2d49b,[0m
[0;34m[1784655505.162] [8347:8349] [DMG] 				AttributePathIB =[0m
[0;34m[1784655505.162] [8347:8349] [DMG] 				{[0m
[0;34m[1784655505.162] [8347:8349] [DMG] 					Endpoint = 0x0,[0m
[0;34m[1784655505.162] [8347:8349] [DMG] 					Cluster = 0x30,[0m
[0;34m[1784655505.162] [8347:8349] [DMG] 					Attribute = 0x0000_0004,[0m
[0;34m[1784655505.162] [8347:8349] [DMG] 				}[0m
[0;34m[1784655505.162] [8347:8349] [DMG] 					[0m
[0;34m[1784655505.162] [8347:8349] [DMG] 				Data = true, [0m
[0;34m[1784655505.162] [8347:8349] [DMG] 			},[0m
[0;34m[1784655505.162] [8347:8349] [DMG] 			[0m
[0;34m[1784655505.162] [8347:8349] [DMG] 		},[0m
[0;34m[1784655505.162] [8347:8349] [DMG] 		[0m
[0;34m[1784655505.162] [8347:8349] [DMG] 	],[0m
[0;34m[1784655505.162] [8347:8349] [DMG] 	[0m
[0;34m[1784655505.162] [8347:8349] [DMG] 	SuppressResponse = true, [0m
[0;34m[1784655505.162] [8347:8349] [DMG] 	InteractionModelRevision = 12[0m
[0;34m[1784655505.162] [8347:8349] [DMG] }[0m
[0;34m[1784655505.162] [8347:8349] [DMG] SendReadRequest ReadClient[0x718838035210]: Sending Read Request[0m
[0;32m[1784655505.162] [8347:8349] [DMG] 0 data version filters provided, 0 not relevant, 0 encoded, 0 skipped due to lack of space[0m
[0;32m[1784655505.163] [8347:8349] [EM] <<< [E:52604i S:16825 M:99659594] (S) Msg TX from 0000000000000000 to 0:FFFFFFFB00000000 [0000] [UDP:[fe80::bfe:a203:38f0:bce7%enp0s3]:5540] --- Type 0001:02 (IM:ReadRequest) (B:112)[0m
[0;32m[1784655505.163] [8347:8349] [EM] ??1 [E:52604i S:16825 M:99659594] (S) Msg Retransmission to 0:FFFFFFFB00000000 scheduled for 343ms from now [State:Active II:500 AI:300 AT:4000][0m
[0;34m[1784655505.163] [8347:8349] [DMG] MoveToState ReadClient[0x718838035210]: Moving to [AwaitingIn][0m
[0;32m[1784655505.163] [8347:8349] [EM] <<< [E:52603i S:16825 M:99659595 (Ack:43873709)] (S) Msg TX from 0000000000000000 to 0:FFFFFFFB00000000 [0000] [UDP:[fe80::bfe:a203:38f0:bce7%enp0s3]:5540] --- Type 0000:10 (SecureChannel:StandaloneAck) (B:34)[0m
[0;34m[1784655505.163] [8347:8349] [EM] Flushed pending ack for MessageCounter:43873709 on exchange 52603i[0m
[0;32m[1784655505.163] [8347:8349] [EM] >>> [E:52604i S:16825 M:43873710 (Ack:99659594)] (S) Msg RX from 0:FFFFFFFB00000000 [0000] to 0000000000000000 --- Type 0001:05 (IM:ReportData) (B:186)[0m
[0;34m[1784655505.163] [8347:8349] [EM] Found matching exchange: 52604i, Delegate: 0x718838035220[0m
[0;34m[1784655505.163] [8347:8349] [EM] Rxd Ack; Removing MessageCounter:99659594 from Retrans Table on exchange 52604i[0m
[0;34m[1784655505.163] [8347:8349] [DMG] ReportDataMessage =[0m
[0;34m[1784655505.163] [8347:8349] [DMG] {[0m
[0;34m[1784655505.163] [8347:8349] [DMG] 	AttributeReportIBs =[0m
[0;34m[1784655505.163] [8347:8349] [DMG] 	[[0m
[0;34m[1784655505.163] [8347:8349] [DMG] 		AttributeReportIB =[0m
[0;34m[1784655505.163] [8347:8349] [DMG] 		{[0m
[0;34m[1784655505.163] [8347:8349] [DMG] 			AttributeStatusIB =[0m
[0;34m[1784655505.163] [8347:8349] [DMG] 			{[0m
[0;34m[1784655505.163] [8347:8349] [DMG] 				AttributePathIB =[0m
[0;34m[1784655505.163] [8347:8349] [DMG] 				{[0m
[0;34m[1784655505.163] [8347:8349] [DMG] 					Endpoint = 0x0,[0m
[0;34m[1784655505.163] [8347:8349] [DMG] 					Cluster = 0x46,[0m
[0;34m[1784655505.163] [8347:8349] [DMG] 					Attribute = 0x0000_0002,[0m
[0;34m[1784655505.163] [8347:8349] [DMG] 				}[0m
[0;34m[1784655505.163] [8347:8349] [DMG] 					[0m
[0;34m[1784655505.163] [8347:8349] [DMG] 				StatusIB =[0m
[0;34m[1784655505.163] [8347:8349] [DMG] 				{[0m
[0;34m[1784655505.163] [8347:8349] [DMG] 					status = 0xc3 (UNSUPPORTED_CLUSTER),[0m
[0;34m[1784655505.163] [8347:8349] [DMG] 				},[0m
[0;34m[1784655505.163] [8347:8349] [DMG] 				[0m
[0;34m[1784655505.163] [8347:8349] [DMG] 			},[0m
[0;34m[1784655505.163] [8347:8349] [DMG] 			[0m
[0;34m[1784655505.163] [8347:8349] [DMG] 		},[0m
[0;34m[1784655505.163] [8347:8349] [DMG] 		[0m
[0;34m[1784655505.164] [8347:8349] [DMG] 		AttributeReportIB =[0m
[0;34m[1784655505.164] [8347:8349] [DMG] 		{[0m
[0;34m[1784655505.164] [8347:8349] [DMG] 			AttributeStatusIB =[0m
[0;34m[1784655505.164] [8347:8349] [DMG] 			{[0m
[0;34m[1784655505.164] [8347:8349] [DMG] 				AttributePathIB =[0m
[0;34m[1784655505.164] [8347:8349] [DMG] 				{[0m
[0;34m[1784655505.164] [8347:8349] [DMG] 					Endpoint = 0x0,[0m
[0;34m[1784655505.164] [8347:8349] [DMG] 					Cluster = 0x46,[0m
[0;34m[1784655505.164] [8347:8349] [DMG] 					Attribute = 0x0000_0001,[0m
[0;34m[1784655505.164] [8347:8349] [DMG] 				}[0m
[0;34m[1784655505.164] [8347:8349] [DMG] 					[0m
[0;34m[1784655505.164] [8347:8349] [DMG] 				StatusIB =[0m
[0;34m[1784655505.164] [8347:8349] [DMG] 				{[0m
[0;34m[1784655505.164] [8347:8349] [DMG] 					status = 0xc3 (UNSUPPORTED_CLUSTER),[0m
[0;34m[1784655505.164] [8347:8349] [DMG] 				},[0m
[0;34m[1784655505.164] [8347:8349] [DMG] 				[0m
[0;34m[1784655505.164] [8347:8349] [DMG] 			},[0m
[0;34m[1784655505.164] [8347:8349] [DMG] 			[0m
[0;34m[1784655505.164] [8347:8349] [DMG] 		},[0m
[0;34m[1784655505.164] [8347:8349] [DMG] 		[0m
[0;34m[1784655505.164] [8347:8349] [DMG] 		AttributeReportIB =[0m
[0;34m[1784655505.164] [8347:8349] [DMG] 		{[0m
[0;34m[1784655505.164] [8347:8349] [DMG] 			AttributeStatusIB =[0m
[0;34m[1784655505.164] [8347:8349] [DMG] 			{[0m
[0;34m[1784655505.164] [8347:8349] [DMG] 				AttributePathIB =[0m
[0;34m[1784655505.164] [8347:8349] [DMG] 				{[0m
[0;34m[1784655505.164] [8347:8349] [DMG] 					Endpoint = 0x0,[0m
[0;34m[1784655505.164] [8347:8349] [DMG] 					Cluster = 0x46,[0m
[0;34m[1784655505.164] [8347:8349] [DMG] 					Attribute = 0x0000_0000,[0m
[0;34m[1784655505.164] [8347:8349] [DMG] 				}[0m
[0;34m[1784655505.164] [8347:8349] [DMG] 					[0m
[0;34m[1784655505.164] [8347:8349] [DMG] 				StatusIB =[0m
[0;34m[1784655505.164] [8347:8349] [DMG] 				{[0m
[0;34m[1784655505.164] [8347:8349] [DMG] 					status = 0xc3 (UNSUPPORTED_CLUSTER),[0m
[0;34m[1784655505.164] [8347:8349] [DMG] 				},[0m
[0;34m[1784655505.164] [8347:8349] [DMG] 				[0m
[0;34m[1784655505.164] [8347:8349] [DMG] 			},[0m
[0;34m[1784655505.164] [8347:8349] [DMG] 			[0m
[0;34m[1784655505.164] [8347:8349] [DMG] 		},[0m
[0;34m[1784655505.164] [8347:8349] [DMG] 		[0m
[0;34m[1784655505.164] [8347:8349] [DMG] 		AttributeReportIB =[0m
[0;34m[1784655505.164] [8347:8349] [DMG] 		{[0m
[0;34m[1784655505.164] [8347:8349] [DMG] 			AttributeStatusIB =[0m
[0;34m[1784655505.164] [8347:8349] [DMG] 			{[0m
[0;34m[1784655505.164] [8347:8349] [DMG] 				AttributePathIB =[0m
[0;34m[1784655505.164] [8347:8349] [DMG] 				{[0m
[0;34m[1784655505.164] [8347:8349] [DMG] 					Endpoint = 0x0,[0m
[0;34m[1784655505.164] [8347:8349] [DMG] 					Cluster = 0x46,[0m
[0;34m[1784655505.164] [8347:8349] [DMG] 					Attribute = 0x0000_0007,[0m
[0;34m[1784655505.164] [8347:8349] [DMG] 				}[0m
[0;34m[1784655505.164] [8347:8349] [DMG] 					[0m
[0;34m[1784655505.164] [8347:8349] [DMG] 				StatusIB =[0m
[0;34m[1784655505.164] [8347:8349] [DMG] 				{[0m
[0;34m[1784655505.164] [8347:8349] [DMG] 					status = 0xc3 (UNSUPPORTED_CLUSTER),[0m
[0;34m[1784655505.164] [8347:8349] [DMG] 				},[0m
[0;34m[1784655505.164] [8347:8349] [DMG] 				[0m
[0;34m[1784655505.164] [8347:8349] [DMG] 			},[0m
[0;34m[1784655505.164] [8347:8349] [DMG] 			[0m
[0;34m[1784655505.164] [8347:8349] [DMG] 		},[0m
[0;34m[1784655505.164] [8347:8349] [DMG] 		[0m
[0;34m[1784655505.164] [8347:8349] [DMG] 		AttributeReportIB =[0m
[0;34m[1784655505.164] [8347:8349] [DMG] 		{[0m
[0;34m[1784655505.164] [8347:8349] [DMG] 			AttributeStatusIB =[0m
[0;34m[1784655505.164] [8347:8349] [DMG] 			{[0m
[0;34m[1784655505.164] [8347:8349] [DMG] 				AttributePathIB =[0m
[0;34m[1784655505.164] [8347:8349] [DMG] 				{[0m
[0;34m[1784655505.164] [8347:8349] [DMG] 					Endpoint = 0x0,[0m
[0;34m[1784655505.164] [8347:8349] [DMG] 					Cluster = 0x46,[0m
[0;34m[1784655505.164] [8347:8349] [DMG] 					Attribute = 0x0000_0006,[0m
[0;34m[1784655505.164] [8347:8349] [DMG] 				}[0m
[0;34m[1784655505.164] [8347:8349] [DMG] 					[0m
[0;34m[1784655505.164] [8347:8349] [DMG] 				StatusIB =[0m
[0;34m[1784655505.164] [8347:8349] [DMG] 				{[0m
[0;34m[1784655505.164] [8347:8349] [DMG] 					status = 0xc3 (UNSUPPORTED_CLUSTER),[0m
[0;34m[1784655505.164] [8347:8349] [DMG] 				},[0m
[0;34m[1784655505.164] [8347:8349] [DMG] 				[0m
[0;34m[1784655505.164] [8347:8349] [DMG] 			},[0m
[0;34m[1784655505.164] [8347:8349] [DMG] 			[0m
[0;34m[1784655505.164] [8347:8349] [DMG] 		},[0m
[0;34m[1784655505.164] [8347:8349] [DMG] 		[0m
[0;34m[1784655505.164] [8347:8349] [DMG] 		AttributeReportIB =[0m
[0;34m[1784655505.164] [8347:8349] [DMG] 		{[0m
[0;34m[1784655505.164] [8347:8349] [DMG] 			AttributeDataIB =[0m
[0;34m[1784655505.164] [8347:8349] [DMG] 			{[0m
[0;34m[1784655505.164] [8347:8349] [DMG] 				DataVersion = 0x8c540436,[0m
[0;34m[1784655505.164] [8347:8349] [DMG] 				AttributePathIB =[0m
[0;34m[1784655505.164] [8347:8349] [DMG] 				{[0m
[0;34m[1784655505.164] [8347:8349] [DMG] 					Endpoint = 0x0,[0m
[0;34m[1784655505.164] [8347:8349] [DMG] 					Cluster = 0x31,[0m
[0;34m[1784655505.164] [8347:8349] [DMG] 					Attribute = 0x0000_FFFC,[0m
[0;34m[1784655505.164] [8347:8349] [DMG] 				}[0m
[0;34m[1784655505.164] [8347:8349] [DMG] 					[0m
[0;34m[1784655505.164] [8347:8349] [DMG] 				Data = 4 (unsigned), [0m
[0;34m[1784655505.164] [8347:8349] [DMG] 			},[0m
[0;34m[1784655505.164] [8347:8349] [DMG] 			[0m
[0;34m[1784655505.164] [8347:8349] [DMG] 		},[0m
[0;34m[1784655505.164] [8347:8349] [DMG] 		[0m
[0;34m[1784655505.164] [8347:8349] [DMG] 	],[0m
[0;34m[1784655505.164] [8347:8349] [DMG] 	[0m
[0;34m[1784655505.164] [8347:8349] [DMG] 	SuppressResponse = true, [0m
[0;34m[1784655505.164] [8347:8349] [DMG] 	InteractionModelRevision = 12[0m
[0;34m[1784655505.164] [8347:8349] [DMG] }[0m
[1;31m[1784655505.164] [8347:8349] [CTL] Ignoring failure to read IsCommissioningWithoutPower: src/app/ClusterStateCache.cpp:294: CHIP Error 0x000000CA: Interaction Model Error[0m
[0;32m[1784655505.164] [8347:8349] [CTL] NetworkCommissioning Features: has Ethernet. endpointid = 0[0m
[0;32m[1784655505.164] [8347:8349] [SVR] OnReadCommissioningInfo - vendorId=0xFFF1 productId=0x8001[0m
[0;32m[1784655505.164] [8347:8349] [SVR] OnReadCommissioningInfo ICD - IdleModeDuration=0 activeModeDuration=0 activeModeThreshold=0[0m
[0;32m[1784655505.164] [8347:8349] [CTL] Successfully finished commissioning step 'ReadCommissioningInfo'[0m
[0;32m[1784655505.164] [8347:8349] [CTL] Commissioning stage next step: 'ReadCommissioningInfo' -> 'ArmFailSafe'[0m
[0;32m[1784655505.164] [8347:8349] [CTL] Performing next commissioning step 'ArmFailSafe'[0m
[0;34m[1784655505.164] [8347:8349] [TOO] Starting commissioning stage 'ArmFailSafe'[0m
[0;32m[1784655505.164] [8347:8349] [CTL] Arming failsafe (60 seconds)[0m
[0;34m[1784655505.164] [8347:8349] [DMG] ICR moving to [AddingComm][0m
[0;34m[1784655505.164] [8347:8349] [DMG] ICR moving to [AddedComma][0m
[0;32m[1784655505.164] [8347:8349] [EM] <<< [E:52605i S:16825 M:99659596] (S) Msg TX from 0000000000000000 to 0:FFFFFFFB00000000 [0000] [UDP:[fe80::bfe:a203:38f0:bce7%enp0s3]:5540] --- Type 0001:08 (IM:InvokeCommandRequest) (B:65)[0m
[0;32m[1784655505.164] [8347:8349] [EM] ??1 [E:52605i S:16825 M:99659596] (S) Msg Retransmission to 0:FFFFFFFB00000000 scheduled for 357ms from now [State:Active II:500 AI:300 AT:4000][0m
[0;34m[1784655505.164] [8347:8349] [DMG] ICR moving to [AwaitingRe][0m
[0;32m[1784655505.164] [8347:8349] [EM] <<< [E:52604i S:16825 M:99659597 (Ack:43873710)] (S) Msg TX from 0000000000000000 to 0:FFFFFFFB00000000 [0000] [UDP:[fe80::bfe:a203:38f0:bce7%enp0s3]:5540] --- Type 0000:10 (SecureChannel:StandaloneAck) (B:34)[0m
[0;34m[1784655505.164] [8347:8349] [EM] Flushed pending ack for MessageCounter:43873710 on exchange 52604i[0m
[0;32m[1784655505.164] [8347:8349] [EM] >>> [E:52605i S:16825 M:43873711 (Ack:99659596)] (S) Msg RX from 0:FFFFFFFB00000000 [0000] to 0000000000000000 --- Type 0001:09 (IM:InvokeCommandResponse) (B:70)[0m
[0;34m[1784655505.164] [8347:8349] [EM] Found matching exchange: 52605i, Delegate: 0x7188380382d8[0m
[0;34m[1784655505.164] [8347:8349] [EM] Rxd Ack; Removing MessageCounter:99659596 from Retrans Table on exchange 52605i[0m
[0;34m[1784655505.164] [8347:8349] [DMG] ICR moving to [ResponseRe][0m
[0;34m[1784655505.164] [8347:8349] [DMG] InvokeResponseMessage =[0m
[0;34m[1784655505.164] [8347:8349] [DMG] {[0m
[0;34m[1784655505.164] [8347:8349] [DMG] 	suppressResponse = false, [0m
[0;34m[1784655505.164] [8347:8349] [DMG] 	InvokeResponseIBs =[0m
[0;34m[1784655505.164] [8347:8349] [DMG] 	[[0m
[0;34m[1784655505.164] [8347:8349] [DMG] 		InvokeResponseIB =[0m
[0;34m[1784655505.164] [8347:8349] [DMG] 		{[0m
[0;34m[1784655505.164] [8347:8349] [DMG] 			CommandDataIB =[0m
[0;34m[1784655505.164] [8347:8349] [DMG] 			{[0m
[0;34m[1784655505.164] [8347:8349] [DMG] 				CommandPathIB =[0m
[0;34m[1784655505.164] [8347:8349] [DMG] 				{[0m
[0;34m[1784655505.164] [8347:8349] [DMG] 					EndpointId = 0x0,[0m
[0;34m[1784655505.164] [8347:8349] [DMG] 					ClusterId = 0x30,[0m
[0;34m[1784655505.164] [8347:8349] [DMG] 					CommandId = 0x1,[0m
[0;34m[1784655505.164] [8347:8349] [DMG] 				},[0m
[0;34m[1784655505.164] [8347:8349] [DMG] 				[0m
[0;34m[1784655505.164] [8347:8349] [DMG] 				CommandFields = [0m
[0;34m[1784655505.164] [8347:8349] [DMG] 				{[0m
[0;34m[1784655505.164] [8347:8349] [DMG] 					0x0 = 0 (unsigned), [0m
[0;34m[1784655505.164] [8347:8349] [DMG] 					0x1 = "" (0 chars), [0m
[0;34m[1784655505.164] [8347:8349] [DMG] 				},[0m
[0;34m[1784655505.164] [8347:8349] [DMG] 			},[0m
[0;34m[1784655505.164] [8347:8349] [DMG] 			[0m
[0;34m[1784655505.164] [8347:8349] [DMG] 		},[0m
[0;34m[1784655505.164] [8347:8349] [DMG] 		[0m
[0;34m[1784655505.164] [8347:8349] [DMG] 	],[0m
[0;34m[1784655505.164] [8347:8349] [DMG] 	[0m
[0;34m[1784655505.164] [8347:8349] [DMG] 	InteractionModelRevision = 12[0m
[0;34m[1784655505.164] [8347:8349] [DMG] },[0m
[0;32m[1784655505.164] [8347:8349] [DMG] Received Command Response Data, Endpoint=0 Cluster=0x0000_0030 Command=0x0000_0001[0m
[0;32m[1784655505.164] [8347:8349] [CTL] Received ArmFailSafe response errorCode=0[0m
[0;32m[1784655505.164] [8347:8349] [CTL] Successfully finished commissioning step 'ArmFailSafe'[0m
[0;32m[1784655505.164] [8347:8349] [CTL] Commissioning stage next step: 'ArmFailSafe' -> 'ConfigRegulatory'[0m
[0;32m[1784655505.164] [8347:8349] [CTL] Performing next commissioning step 'ConfigRegulatory'[0m
[0;34m[1784655505.164] [8347:8349] [TOO] Starting commissioning stage 'ConfigRegulatory'[0m
[0;32m[1784655505.164] [8347:8349] [CTL] Setting Regulatory Config[0m
[0;32m[1784655505.164] [8347:8349] [CTL] No regulatory config supplied by controller, leaving as device default (0)[0m
[0;34m[1784655505.164] [8347:8349] [DMG] ICR moving to [AddingComm][0m
[0;34m[1784655505.164] [8347:8349] [DMG] ICR moving to [AddedComma][0m
[0;32m[1784655505.164] [8347:8349] [EM] <<< [E:52606i S:16825 M:99659598] (S) Msg TX from 0000000000000000 to 0:FFFFFFFB00000000 [0000] [UDP:[fe80::bfe:a203:38f0:bce7%enp0s3]:5540] --- Type 0001:08 (IM:InvokeCommandRequest) (B:70)[0m
[0;32m[1784655505.165] [8347:8349] [EM] ??1 [E:52606i S:16825 M:99659598] (S) Msg Retransmission to 0:FFFFFFFB00000000 scheduled for 332ms from now [State:Active II:500 AI:300 AT:4000][0m
[0;34m[1784655505.165] [8347:8349] [DMG] ICR moving to [AwaitingRe][0m
[0;34m[1784655505.165] [8347:8349] [DMG] ICR moving to [AwaitingDe][0m
[0;32m[1784655505.165] [8347:8349] [EM] <<< [E:52605i S:16825 M:99659599 (Ack:43873711)] (S) Msg TX from 0000000000000000 to 0:FFFFFFFB00000000 [0000] [UDP:[fe80::bfe:a203:38f0:bce7%enp0s3]:5540] --- Type 0000:10 (SecureChannel:StandaloneAck) (B:34)[0m
[0;34m[1784655505.165] [8347:8349] [EM] Flushed pending ack for MessageCounter:43873711 on exchange 52605i[0m
[0;32m[1784655505.170] [8347:8349] [EM] >>> [E:52606i S:16825 M:43873712 (Ack:99659598)] (S) Msg RX from 0:FFFFFFFB00000000 [0000] to 0000000000000000 --- Type 0001:09 (IM:InvokeCommandResponse) (B:70)[0m
[0;34m[1784655505.170] [8347:8349] [EM] Found matching exchange: 52606i, Delegate: 0x718838035088[0m
[0;34m[1784655505.170] [8347:8349] [EM] Rxd Ack; Removing MessageCounter:99659598 from Retrans Table on exchange 52606i[0m
[0;34m[1784655505.170] [8347:8349] [DMG] ICR moving to [ResponseRe][0m
[0;34m[1784655505.170] [8347:8349] [DMG] InvokeResponseMessage =[0m
[0;34m[1784655505.170] [8347:8349] [DMG] {[0m
[0;34m[1784655505.170] [8347:8349] [DMG] 	suppressResponse = false, [0m
[0;34m[1784655505.170] [8347:8349] [DMG] 	InvokeResponseIBs =[0m
[0;34m[1784655505.170] [8347:8349] [DMG] 	[[0m
[0;34m[1784655505.170] [8347:8349] [DMG] 		InvokeResponseIB =[0m
[0;34m[1784655505.170] [8347:8349] [DMG] 		{[0m
[0;34m[1784655505.170] [8347:8349] [DMG] 			CommandDataIB =[0m
[0;34m[1784655505.170] [8347:8349] [DMG] 			{[0m
[0;34m[1784655505.170] [8347:8349] [DMG] 				CommandPathIB =[0m
[0;34m[1784655505.170] [8347:8349] [DMG] 				{[0m
[0;34m[1784655505.170] [8347:8349] [DMG] 					EndpointId = 0x0,[0m
[0;34m[1784655505.170] [8347:8349] [DMG] 					ClusterId = 0x30,[0m
[0;34m[1784655505.170] [8347:8349] [DMG] 					CommandId = 0x3,[0m
[0;34m[1784655505.170] [8347:8349] [DMG] 				},[0m
[0;34m[1784655505.170] [8347:8349] [DMG] 				[0m
[0;34m[1784655505.170] [8347:8349] [DMG] 				CommandFields = [0m
[0;34m[1784655505.170] [8347:8349] [DMG] 				{[0m
[0;34m[1784655505.170] [8347:8349] [DMG] 					0x0 = 0 (unsigned), [0m
[0;34m[1784655505.170] [8347:8349] [DMG] 					0x1 = "" (0 chars), [0m
[0;34m[1784655505.170] [8347:8349] [DMG] 				},[0m
[0;34m[1784655505.170] [8347:8349] [DMG] 			},[0m
[0;34m[1784655505.170] [8347:8349] [DMG] 			[0m
[0;34m[1784655505.170] [8347:8349] [DMG] 		},[0m
[0;34m[1784655505.170] [8347:8349] [DMG] 		[0m
[0;34m[1784655505.170] [8347:8349] [DMG] 	],[0m
[0;34m[1784655505.170] [8347:8349] [DMG] 	[0m
[0;34m[1784655505.170] [8347:8349] [DMG] 	InteractionModelRevision = 12[0m
[0;34m[1784655505.170] [8347:8349] [DMG] },[0m
[0;32m[1784655505.170] [8347:8349] [DMG] Received Command Response Data, Endpoint=0 Cluster=0x0000_0030 Command=0x0000_0003[0m
[0;32m[1784655505.170] [8347:8349] [CTL] Received SetRegulatoryConfig response errorCode=0[0m
[0;32m[1784655505.170] [8347:8349] [CTL] Successfully finished commissioning step 'ConfigRegulatory'[0m
[0;32m[1784655505.170] [8347:8349] [CTL] Commissioning stage next step: 'ConfigRegulatory' -> 'ConfigureTCAcknowledgments'[0m
[0;32m[1784655505.170] [8347:8349] [CTL] Performing next commissioning step 'ConfigureTCAcknowledgments'[0m
[0;34m[1784655505.170] [8347:8349] [TOO] Starting commissioning stage 'ConfigureTCAcknowledgments'[0m
[0;32m[1784655505.170] [8347:8349] [CTL] Setting Terms and Conditions[0m
[0;32m[1784655505.170] [8347:8349] [CTL] Setting Terms and Conditions: Skipped[0m
[0;32m[1784655505.170] [8347:8349] [CTL] Successfully finished commissioning step 'ConfigureTCAcknowledgments'[0m
[0;32m[1784655505.170] [8347:8349] [CTL] Commissioning stage next step: 'ConfigureTCAcknowledgments' -> 'ConfigureUTCTime'[0m
[0;32m[1784655505.170] [8347:8349] [CTL] Performing next commissioning step 'ConfigureUTCTime'[0m
[0;34m[1784655505.170] [8347:8349] [TOO] Starting commissioning stage 'ConfigureUTCTime'[0m
[0;34m[1784655505.170] [8347:8349] [DMG] ICR moving to [AddingComm][0m
[0;34m[1784655505.170] [8347:8349] [DMG] ICR moving to [AddedComma][0m
[0;32m[1784655505.170] [8347:8349] [EM] <<< [E:52607i S:16825 M:99659600] (S) Msg TX from 0000000000000000 to 0:FFFFFFFB00000000 [0000] [UDP:[fe80::bfe:a203:38f0:bce7%enp0s3]:5540] --- Type 0001:08 (IM:InvokeCommandRequest) (B:72)[0m
[0;32m[1784655505.170] [8347:8349] [EM] ??1 [E:52607i S:16825 M:99659600] (S) Msg Retransmission to 0:FFFFFFFB00000000 scheduled for 375ms from now [State:Active II:500 AI:300 AT:4000][0m
[0;34m[1784655505.170] [8347:8349] [DMG] ICR moving to [AwaitingRe][0m
[0;34m[1784655505.170] [8347:8349] [DMG] ICR moving to [AwaitingDe][0m
[0;32m[1784655505.170] [8347:8349] [EM] <<< [E:52606i S:16825 M:99659601 (Ack:43873712)] (S) Msg TX from 0000000000000000 to 0:FFFFFFFB00000000 [0000] [UDP:[fe80::bfe:a203:38f0:bce7%enp0s3]:5540] --- Type 0000:10 (SecureChannel:StandaloneAck) (B:34)[0m
[0;34m[1784655505.170] [8347:8349] [EM] Flushed pending ack for MessageCounter:43873712 on exchange 52606i[0m
[0;32m[1784655505.171] [8347:8349] [EM] >>> [E:52607i S:16825 M:43873713 (Ack:99659600)] (S) Msg RX from 0:FFFFFFFB00000000 [0000] to 0000000000000000 --- Type 0001:09 (IM:InvokeCommandResponse) (B:70)[0m
[0;34m[1784655505.171] [8347:8349] [EM] Found matching exchange: 52607i, Delegate: 0x7188380382d8[0m
[0;34m[1784655505.171] [8347:8349] [EM] Rxd Ack; Removing MessageCounter:99659600 from Retrans Table on exchange 52607i[0m
[0;34m[1784655505.171] [8347:8349] [DMG] ICR moving to [ResponseRe][0m
[0;34m[1784655505.171] [8347:8349] [DMG] InvokeResponseMessage =[0m
[0;34m[1784655505.171] [8347:8349] [DMG] {[0m
[0;34m[1784655505.171] [8347:8349] [DMG] 	suppressResponse = false, [0m
[0;34m[1784655505.171] [8347:8349] [DMG] 	InvokeResponseIBs =[0m
[0;34m[1784655505.171] [8347:8349] [DMG] 	[[0m
[0;34m[1784655505.171] [8347:8349] [DMG] 		InvokeResponseIB =[0m
[0;34m[1784655505.171] [8347:8349] [DMG] 		{[0m
[0;34m[1784655505.171] [8347:8349] [DMG] 			CommandStatusIB =[0m
[0;34m[1784655505.171] [8347:8349] [DMG] 			{[0m
[0;34m[1784655505.171] [8347:8349] [DMG] 				CommandPathIB =[0m
[0;34m[1784655505.171] [8347:8349] [DMG] 				{[0m
[0;34m[1784655505.171] [8347:8349] [DMG] 					EndpointId = 0x0,[0m
[0;34m[1784655505.171] [8347:8349] [DMG] 					ClusterId = 0x38,[0m
[0;34m[1784655505.171] [8347:8349] [DMG] 					CommandId = 0x0,[0m
[0;34m[1784655505.171] [8347:8349] [DMG] 				},[0m
[0;34m[1784655505.171] [8347:8349] [DMG] 				[0m
[0;34m[1784655505.171] [8347:8349] [DMG] 				StatusIB =[0m
[0;34m[1784655505.171] [8347:8349] [DMG] 				{[0m
[0;34m[1784655505.171] [8347:8349] [DMG] 					status = 0x01 (FAILURE),[0m
[0;34m[1784655505.171] [8347:8349] [DMG] 					cluster-status = 0x2,[0m
[0;34m[1784655505.171] [8347:8349] [DMG] 				},[0m
[0;34m[1784655505.171] [8347:8349] [DMG] 				[0m
[0;34m[1784655505.171] [8347:8349] [DMG] 			},[0m
[0;34m[1784655505.171] [8347:8349] [DMG] 			[0m
[0;34m[1784655505.171] [8347:8349] [DMG] 		},[0m
[0;34m[1784655505.171] [8347:8349] [DMG] 		[0m
[0;34m[1784655505.171] [8347:8349] [DMG] 	],[0m
[0;34m[1784655505.171] [8347:8349] [DMG] 	[0m
[0;34m[1784655505.171] [8347:8349] [DMG] 	InteractionModelRevision = 12[0m
[0;34m[1784655505.171] [8347:8349] [DMG] },[0m
[0;32m[1784655505.171] [8347:8349] [DMG] Received Command Response Status for Endpoint=0 Cluster=0x0000_0038 Command=0x0000_0000 Status=0x1[0m
[0;32m[1784655505.171] [8347:8349] [CTL] Successfully finished commissioning step 'ConfigureUTCTime'[0m
[0;32m[1784655505.171] [8347:8349] [CTL] Commissioning stage next step: 'ConfigureUTCTime' -> 'SendPAICertificateRequest'[0m
[0;32m[1784655505.171] [8347:8349] [CTL] Performing next commissioning step 'SendPAICertificateRequest'[0m
[0;34m[1784655505.171] [8347:8349] [TOO] Starting commissioning stage 'SendPAICertificateRequest'[0m
[0;32m[1784655505.171] [8347:8349] [CTL] Sending request for PAI certificate[0m
[0;34m[1784655505.171] [8347:8349] [CTL] Sending Certificate Chain request to 0x718838033e20 device[0m
[0;34m[1784655505.171] [8347:8349] [DMG] ICR moving to [AddingComm][0m
[0;34m[1784655505.171] [8347:8349] [DMG] ICR moving to [AddedComma][0m
[0;32m[1784655505.171] [8347:8349] [EM] <<< [E:52608i S:16825 M:99659602] (S) Msg TX from 0000000000000000 to 0:FFFFFFFB00000000 [0000] [UDP:[fe80::bfe:a203:38f0:bce7%enp0s3]:5540] --- Type 0001:08 (IM:InvokeCommandRequest) (B:62)[0m
[0;32m[1784655505.171] [8347:8349] [EM] ??1 [E:52608i S:16825 M:99659602] (S) Msg Retransmission to 0:FFFFFFFB00000000 scheduled for 352ms from now [State:Active II:500 AI:300 AT:4000][0m
[0;34m[1784655505.171] [8347:8349] [DMG] ICR moving to [AwaitingRe][0m
[0;34m[1784655505.171] [8347:8349] [DMG] ICR moving to [AwaitingDe][0m
[0;32m[1784655505.171] [8347:8349] [EM] <<< [E:52607i S:16825 M:99659603 (Ack:43873713)] (S) Msg TX from 0000000000000000 to 0:FFFFFFFB00000000 [0000] [UDP:[fe80::bfe:a203:38f0:bce7%enp0s3]:5540] --- Type 0000:10 (SecureChannel:StandaloneAck) (B:34)[0m
[0;34m[1784655505.171] [8347:8349] [EM] Flushed pending ack for MessageCounter:43873713 on exchange 52607i[0m
[0;32m[1784655505.171] [8347:8349] [EM] >>> [E:52608i S:16825 M:43873714 (Ack:99659602)] (S) Msg RX from 0:FFFFFFFB00000000 [0000] to 0000000000000000 --- Type 0001:09 (IM:InvokeCommandResponse) (B:531)[0m
[0;34m[1784655505.171] [8347:8349] [EM] Found matching exchange: 52608i, Delegate: 0x718838035088[0m
[0;34m[1784655505.171] [8347:8349] [EM] Rxd Ack; Removing MessageCounter:99659602 from Retrans Table on exchange 52608i[0m
[0;34m[1784655505.171] [8347:8349] [DMG] ICR moving to [ResponseRe][0m
[0;34m[1784655505.171] [8347:8349] [DMG] InvokeResponseMessage =[0m
[0;34m[1784655505.171] [8347:8349] [DMG] {[0m
[0;34m[1784655505.171] [8347:8349] [DMG] 	suppressResponse = false, [0m
[0;34m[1784655505.171] [8347:8349] [DMG] 	InvokeResponseIBs =[0m
[0;34m[1784655505.171] [8347:8349] [DMG] 	[[0m
[0;34m[1784655505.171] [8347:8349] [DMG] 		InvokeResponseIB =[0m
[0;34m[1784655505.171] [8347:8349] [DMG] 		{[0m
[0;34m[1784655505.171] [8347:8349] [DMG] 			CommandDataIB =[0m
[0;34m[1784655505.171] [8347:8349] [DMG] 			{[0m
[0;34m[1784655505.171] [8347:8349] [DMG] 				CommandPathIB =[0m
[0;34m[1784655505.171] [8347:8349] [DMG] 				{[0m
[0;34m[1784655505.171] [8347:8349] [DMG] 					EndpointId = 0x0,[0m
[0;34m[1784655505.171] [8347:8349] [DMG] 					ClusterId = 0x3e,[0m
[0;34m[1784655505.171] [8347:8349] [DMG] 					CommandId = 0x3,[0m
[0;34m[1784655505.171] [8347:8349] [DMG] 				},[0m
[0;34m[1784655505.171] [8347:8349] [DMG] 				[0m
[0;34m[1784655505.171] [8347:8349] [DMG] 				CommandFields = [0m
[0;34m[1784655505.171] [8347:8349] [DMG] 				{[0m
[0;34m[1784655505.171] [8347:8349] [DMG] 					0x0 = [[0m
[0;34m[1784655505.171] [8347:8349] [DMG] 							0x30, 0x82, 0x01, 0xcb, 0x30, 0x82, 0x01, 0x71, 0xa0, 0x03, 0x02, 0x01, 0x02, 0x02, 0x08, 0x56, 0xad, 0x82, 0x22, 0xad, 0x94, 0x5b, 0x64, 0x30, 0x0a, 0x06, 0x08, 0x2a, 0x86, 0x48, 0xce, 0x3d, 0x04, 0x03, 0x02, 0x30, 0x30, 0x31, 0x18, 0x30, 0x16, 0x06, 0x03, 0x55, 0x04, 0x03, 0x0c, 0x0f, 0x4d, 0x61, 0x74, 0x74, 0x65, 0x72, 0x20, 0x54, 0x65, 0x73, 0x74, 0x20, 0x50, 0x41, 0x41, 0x31, 0x14, 0x30, 0x12, 0x06, 0x0a, 0x2b, 0x06, 0x01, 0x04, 0x01, 0x82, 0xa2, 0x7c, 0x02, 0x01, 0x0c, 0x04, 0x46, 0x46, 0x46, 0x31, 0x30, 0x20, 0x17, 0x0d, 0x32, 0x32, 0x30, 0x32, 0x30, 0x35, 0x30, 0x30, 0x30, 0x30, 0x30, 0x30, 0x5a, 0x18, 0x0f, 0x39, 0x39, 0x39, 0x39, 0x31, 0x32, 0x33, 0x31, 0x32, 0x33, 0x35, 0x39, 0x35, 0x39, 0x5a, 0x30, 0x3d, 0x31, 0x25, 0x30, 0x23, 0x06, 0x03, 0x55, 0x04, 0x03, 0x0c, 0x1c, 0x4d, 0x61, 0x74, 0x74, 0x65, 0x72, 0x20, 0x44, 0x65, 0x76, 0x20, 0x50, 0x41, 0x49, 0x20, 0x30, 0x78, 0x46, 0x46, 0x46, 0x31, 0x20, 0x6e, 0x6f, 0x20, 0x50, 0x49, 0x44, 0x31, 0x14, 0x30, 0x12, 0x06, 0x0a, 0x2b, 0x06, 0x01, 0x04, 0x01, 0x82, 0xa2, 0x7c, 0x02, 0x01, 0x0c, 0x04, 0x46, 0x46, 0x46, 0x31, 0x30, 0x59, 0x30, 0x13, 0x06, 0x07, 0x2a, 0x86, 0x48, 0xce, 0x3d, 0x02, 0x01, 0x06, 0x08, 0x2a, 0x86, 0x48, 0xce, 0x3d, 0x03, 0x01, 0x07, 0x03, 0x42, 0x00, 0x04, 0x41, 0x9a, 0x93, 0x15, 0xc2, 0x17, 0x3e, 0x0c, 0x8c, 0x87, 0x6d, 0x03, 0xcc, 0xfc, 0x94, 0x48, 0x52, 0x64, 0x7f, 0x7f, 0xec, 0x5e, 0x50, 0x82, 0xf4, 0x05, 0x99, 0x28, 0xec, 0xa8, 0x94, 0xc5, 0x94, 0x15, 0x13, 0x09, 0xac, 0x63, 0x1e, 0x4c, 0xb0, 0x33, 0x92, 0xaf, 0x68, 0x4b, 0x0b, 0xaf, 0xb7, 0xe6, 0x5b, 0x3b, 0x81, 0x62, 0xc2, 0xf5, 0x2b, 0xf9, 0x31, 0xb8, 0xe7, 0x7a, 0xaa, 0x82, 0xa3, 0x66, 0x30, 0x64, 0x30, 0x12, 0x06, 0x03, 0x55, 0x1d, 0x[0m
[0;34m[1784655505.171] [8347:8349] [DMG] 					] (463 bytes)[0m
[0;34m[1784655505.171] [8347:8349] [DMG] 				},[0m
[0;34m[1784655505.171] [8347:8349] [DMG] 			},[0m
[0;34m[1784655505.171] [8347:8349] [DMG] 			[0m
[0;34m[1784655505.171] [8347:8349] [DMG] 		},[0m
[0;34m[1784655505.171] [8347:8349] [DMG] 		[0m
[0;34m[1784655505.171] [8347:8349] [DMG] 	],[0m
[0;34m[1784655505.171] [8347:8349] [DMG] 	[0m
[0;34m[1784655505.171] [8347:8349] [DMG] 	InteractionModelRevision = 12[0m
[0;34m[1784655505.171] [8347:8349] [DMG] },[0m
[0;32m[1784655505.171] [8347:8349] [DMG] Received Command Response Data, Endpoint=0 Cluster=0x0000_003E Command=0x0000_0003[0m
[0;32m[1784655505.171] [8347:8349] [CTL] Received certificate chain from the device[0m
[0;32m[1784655505.171] [8347:8349] [CTL] Successfully finished commissioning step 'SendPAICertificateRequest'[0m
[0;32m[1784655505.171] [8347:8349] [CTL] Commissioning stage next step: 'SendPAICertificateRequest' -> 'SendDACCertificateRequest'[0m
[0;32m[1784655505.171] [8347:8349] [CTL] Performing next commissioning step 'SendDACCertificateRequest'[0m
[0;34m[1784655505.171] [8347:8349] [TOO] Starting commissioning stage 'SendDACCertificateRequest'[0m
[0;32m[1784655505.171] [8347:8349] [CTL] Sending request for DAC certificate[0m
[0;34m[1784655505.171] [8347:8349] [CTL] Sending Certificate Chain request to 0x718838033e20 device[0m
[0;34m[1784655505.171] [8347:8349] [DMG] ICR moving to [AddingComm][0m
[0;34m[1784655505.171] [8347:8349] [DMG] ICR moving to [AddedComma][0m
[0;32m[1784655505.171] [8347:8349] [EM] <<< [E:52609i S:16825 M:99659604] (S) Msg TX from 0000000000000000 to 0:FFFFFFFB00000000 [0000] [UDP:[fe80::bfe:a203:38f0:bce7%enp0s3]:5540] --- Type 0001:08 (IM:InvokeCommandRequest) (B:62)[0m
[0;32m[1784655505.171] [8347:8349] [EM] ??1 [E:52609i S:16825 M:99659604] (S) Msg Retransmission to 0:FFFFFFFB00000000 scheduled for 395ms from now [State:Active II:500 AI:300 AT:4000][0m
[0;34m[1784655505.171] [8347:8349] [DMG] ICR moving to [AwaitingRe][0m
[0;34m[1784655505.171] [8347:8349] [DMG] ICR moving to [AwaitingDe][0m
[0;32m[1784655505.171] [8347:8349] [EM] <<< [E:52608i S:16825 M:99659605 (Ack:43873714)] (S) Msg TX from 0000000000000000 to 0:FFFFFFFB00000000 [0000] [UDP:[fe80::bfe:a203:38f0:bce7%enp0s3]:5540] --- Type 0000:10 (SecureChannel:StandaloneAck) (B:34)[0m
[0;34m[1784655505.171] [8347:8349] [EM] Flushed pending ack for MessageCounter:43873714 on exchange 52608i[0m
[0;32m[1784655505.172] [8347:8349] [EM] >>> [E:52609i S:16825 M:43873715 (Ack:99659604)] (S) Msg RX from 0:FFFFFFFB00000000 [0000] to 0000000000000000 --- Type 0001:09 (IM:InvokeCommandResponse) (B:559)[0m
[0;34m[1784655505.172] [8347:8349] [EM] Found matching exchange: 52609i, Delegate: 0x7188380382d8[0m
[0;34m[1784655505.172] [8347:8349] [EM] Rxd Ack; Removing MessageCounter:99659604 from Retrans Table on exchange 52609i[0m
[0;34m[1784655505.172] [8347:8349] [DMG] ICR moving to [ResponseRe][0m
[0;34m[1784655505.172] [8347:8349] [DMG] InvokeResponseMessage =[0m
[0;34m[1784655505.172] [8347:8349] [DMG] {[0m
[0;34m[1784655505.172] [8347:8349] [DMG] 	suppressResponse = false, [0m
[0;34m[1784655505.172] [8347:8349] [DMG] 	InvokeResponseIBs =[0m
[0;34m[1784655505.172] [8347:8349] [DMG] 	[[0m
[0;34m[1784655505.172] [8347:8349] [DMG] 		InvokeResponseIB =[0m
[0;34m[1784655505.172] [8347:8349] [DMG] 		{[0m
[0;34m[1784655505.172] [8347:8349] [DMG] 			CommandDataIB =[0m
[0;34m[1784655505.172] [8347:8349] [DMG] 			{[0m
[0;34m[1784655505.172] [8347:8349] [DMG] 				CommandPathIB =[0m
[0;34m[1784655505.172] [8347:8349] [DMG] 				{[0m
[0;34m[1784655505.172] [8347:8349] [DMG] 					EndpointId = 0x0,[0m
[0;34m[1784655505.172] [8347:8349] [DMG] 					ClusterId = 0x3e,[0m
[0;34m[1784655505.172] [8347:8349] [DMG] 					CommandId = 0x3,[0m
[0;34m[1784655505.172] [8347:8349] [DMG] 				},[0m
[0;34m[1784655505.172] [8347:8349] [DMG] 				[0m
[0;34m[1784655505.172] [8347:8349] [DMG] 				CommandFields = [0m
[0;34m[1784655505.172] [8347:8349] [DMG] 				{[0m
[0;34m[1784655505.172] [8347:8349] [DMG] 					0x0 = [[0m
[0;34m[1784655505.172] [8347:8349] [DMG] 							0x30, 0x82, 0x01, 0xe7, 0x30, 0x82, 0x01, 0x8e, 0xa0, 0x03, 0x02, 0x01, 0x02, 0x02, 0x08, 0x69, 0xcd, 0xf1, 0x0d, 0xe9, 0xe5, 0x4e, 0xd1, 0x30, 0x0a, 0x06, 0x08, 0x2a, 0x86, 0x48, 0xce, 0x3d, 0x04, 0x03, 0x02, 0x30, 0x3d, 0x31, 0x25, 0x30, 0x23, 0x06, 0x03, 0x55, 0x04, 0x03, 0x0c, 0x1c, 0x4d, 0x61, 0x74, 0x74, 0x65, 0x72, 0x20, 0x44, 0x65, 0x76, 0x20, 0x50, 0x41, 0x49, 0x20, 0x30, 0x78, 0x46, 0x46, 0x46, 0x31, 0x20, 0x6e, 0x6f, 0x20, 0x50, 0x49, 0x44, 0x31, 0x14, 0x30, 0x12, 0x06, 0x0a, 0x2b, 0x06, 0x01, 0x04, 0x01, 0x82, 0xa2, 0x7c, 0x02, 0x01, 0x0c, 0x04, 0x46, 0x46, 0x46, 0x31, 0x30, 0x20, 0x17, 0x0d, 0x32, 0x32, 0x30, 0x32, 0x30, 0x35, 0x30, 0x30, 0x30, 0x30, 0x30, 0x30, 0x5a, 0x18, 0x0f, 0x39, 0x39, 0x39, 0x39, 0x31, 0x32, 0x33, 0x31, 0x32, 0x33, 0x35, 0x39, 0x35, 0x39, 0x5a, 0x30, 0x53, 0x31, 0x25, 0x30, 0x23, 0x06, 0x03, 0x55, 0x04, 0x03, 0x0c, 0x1c, 0x4d, 0x61, 0x74, 0x74, 0x65, 0x72, 0x20, 0x44, 0x65, 0x76, 0x20, 0x44, 0x41, 0x43, 0x20, 0x30, 0x78, 0x46, 0x46, 0x46, 0x31, 0x2f, 0x30, 0x78, 0x38, 0x30, 0x30, 0x31, 0x31, 0x14, 0x30, 0x12, 0x06, 0x0a, 0x2b, 0x06, 0x01, 0x04, 0x01, 0x82, 0xa2, 0x7c, 0x02, 0x01, 0x0c, 0x04, 0x46, 0x46, 0x46, 0x31, 0x31, 0x14, 0x30, 0x12, 0x06, 0x0a, 0x2b, 0x06, 0x01, 0x04, 0x01, 0x82, 0xa2, 0x7c, 0x02, 0x02, 0x0c, 0x04, 0x38, 0x30, 0x30, 0x31, 0x30, 0x59, 0x30, 0x13, 0x06, 0x07, 0x2a, 0x86, 0x48, 0xce, 0x3d, 0x02, 0x01, 0x06, 0x08, 0x2a, 0x86, 0x48, 0xce, 0x3d, 0x03, 0x01, 0x07, 0x03, 0x42, 0x00, 0x04, 0x46, 0x3a, 0xc6, 0x93, 0x42, 0x91, 0x0a, 0x0e, 0x55, 0x88, 0xfc, 0x6f, 0xf5, 0x6b, 0xb6, 0x3e, 0x62, 0xec, 0xce, 0xcb, 0x14, 0x8f, 0x7d, 0x4e, 0xb0, 0x3e, 0xe5, 0x52, 0x60, 0x14, 0x15, 0x76, 0x7d, 0x16, 0xa5, 0xc6, 0x63, 0xf7, 0x93, 0x[0m
[0;34m[1784655505.172] [8347:8349] [DMG] 					] (491 bytes)[0m
[0;34m[1784655505.172] [8347:8349] [DMG] 				},[0m
[0;34m[1784655505.172] [8347:8349] [DMG] 			},[0m
[0;34m[1784655505.172] [8347:8349] [DMG] 			[0m
[0;34m[1784655505.172] [8347:8349] [DMG] 		},[0m
[0;34m[1784655505.172] [8347:8349] [DMG] 		[0m
[0;34m[1784655505.172] [8347:8349] [DMG] 	],[0m
[0;34m[1784655505.172] [8347:8349] [DMG] 	[0m
[0;34m[1784655505.172] [8347:8349] [DMG] 	InteractionModelRevision = 12[0m
[0;34m[1784655505.172] [8347:8349] [DMG] },[0m
[0;32m[1784655505.172] [8347:8349] [DMG] Received Command Response Data, Endpoint=0 Cluster=0x0000_003E Command=0x0000_0003[0m
[0;32m[1784655505.172] [8347:8349] [CTL] Received certificate chain from the device[0m
[0;32m[1784655505.172] [8347:8349] [CTL] Successfully finished commissioning step 'SendDACCertificateRequest'[0m
[0;32m[1784655505.172] [8347:8349] [CTL] Commissioning stage next step: 'SendDACCertificateRequest' -> 'SendAttestationRequest'[0m
[0;32m[1784655505.172] [8347:8349] [CTL] Performing next commissioning step 'SendAttestationRequest'[0m
[0;34m[1784655505.172] [8347:8349] [TOO] Starting commissioning stage 'SendAttestationRequest'[0m
[0;32m[1784655505.172] [8347:8349] [CTL] Sending Attestation Request to the device.[0m
[0;34m[1784655505.172] [8347:8349] [CTL] Sending Attestation request to 0x718838033e20 device[0m
[0;34m[1784655505.172] [8347:8349] [DMG] ICR moving to [AddingComm][0m
[0;34m[1784655505.172] [8347:8349] [DMG] ICR moving to [AddedComma][0m
[0;32m[1784655505.172] [8347:8349] [EM] <<< [E:52610i S:16825 M:99659606] (S) Msg TX from 0000000000000000 to 0:FFFFFFFB00000000 [0000] [UDP:[fe80::bfe:a203:38f0:bce7%enp0s3]:5540] --- Type 0001:08 (IM:InvokeCommandRequest) (B:94)[0m
[0;32m[1784655505.172] [8347:8349] [EM] ??1 [E:52610i S:16825 M:99659606] (S) Msg Retransmission to 0:FFFFFFFB00000000 scheduled for 361ms from now [State:Active II:500 AI:300 AT:4000][0m
[0;34m[1784655505.172] [8347:8349] [DMG] ICR moving to [AwaitingRe][0m
[0;34m[1784655505.172] [8347:8349] [CTL] Sent Attestation request, waiting for the Attestation Information[0m
[0;34m[1784655505.172] [8347:8349] [DMG] ICR moving to [AwaitingDe][0m
[0;32m[1784655505.172] [8347:8349] [EM] <<< [E:52609i S:16825 M:99659607 (Ack:43873715)] (S) Msg TX from 0000000000000000 to 0:FFFFFFFB00000000 [0000] [UDP:[fe80::bfe:a203:38f0:bce7%enp0s3]:5540] --- Type 0000:10 (SecureChannel:StandaloneAck) (B:34)[0m
[0;34m[1784655505.172] [8347:8349] [EM] Flushed pending ack for MessageCounter:43873715 on exchange 52609i[0m
[0;32m[1784655505.172] [8347:8349] [EM] >>> [E:52610i S:16825 M:43873716 (Ack:99659606)] (S) Msg RX from 0:FFFFFFFB00000000 [0000] to 0000000000000000 --- Type 0001:09 (IM:InvokeCommandResponse) (B:718)[0m
[0;34m[1784655505.172] [8347:8349] [EM] Found matching exchange: 52610i, Delegate: 0x718838035088[0m
[0;34m[1784655505.172] [8347:8349] [EM] Rxd Ack; Removing MessageCounter:99659606 from Retrans Table on exchange 52610i[0m
[0;34m[1784655505.172] [8347:8349] [DMG] ICR moving to [ResponseRe][0m
[0;34m[1784655505.172] [8347:8349] [DMG] InvokeResponseMessage =[0m
[0;34m[1784655505.172] [8347:8349] [DMG] {[0m
[0;34m[1784655505.172] [8347:8349] [DMG] 	suppressResponse = false, [0m
[0;34m[1784655505.172] [8347:8349] [DMG] 	InvokeResponseIBs =[0m
[0;34m[1784655505.172] [8347:8349] [DMG] 	[[0m
[0;34m[1784655505.172] [8347:8349] [DMG] 		InvokeResponseIB =[0m
[0;34m[1784655505.172] [8347:8349] [DMG] 		{[0m
[0;34m[1784655505.172] [8347:8349] [DMG] 			CommandDataIB =[0m
[0;34m[1784655505.172] [8347:8349] [DMG] 			{[0m
[0;34m[1784655505.172] [8347:8349] [DMG] 				CommandPathIB =[0m
[0;34m[1784655505.172] [8347:8349] [DMG] 				{[0m
[0;34m[1784655505.172] [8347:8349] [DMG] 					EndpointId = 0x0,[0m
[0;34m[1784655505.172] [8347:8349] [DMG] 					ClusterId = 0x3e,[0m
[0;34m[1784655505.172] [8347:8349] [DMG] 					CommandId = 0x1,[0m
[0;34m[1784655505.172] [8347:8349] [DMG] 				},[0m
[0;34m[1784655505.172] [8347:8349] [DMG] 				[0m
[0;34m[1784655505.172] [8347:8349] [DMG] 				CommandFields = [0m
[0;34m[1784655505.172] [8347:8349] [DMG] 				{[0m
[0;34m[1784655505.172] [8347:8349] [DMG] 					0x0 = [[0m
[0;34m[1784655505.172] [8347:8349] [DMG] 							0x15, 0x31, 0x01, 0x1b, 0x02, 0x30, 0x82, 0x02, 0x17, 0x06, 0x09, 0x2a, 0x86, 0x48, 0x86, 0xf7, 0x0d, 0x01, 0x07, 0x02, 0xa0, 0x82, 0x02, 0x08, 0x30, 0x82, 0x02, 0x04, 0x02, 0x01, 0x03, 0x31, 0x0d, 0x30, 0x0b, 0x06, 0x09, 0x60, 0x86, 0x48, 0x01, 0x65, 0x03, 0x04, 0x02, 0x01, 0x30, 0x82, 0x01, 0x70, 0x06, 0x09, 0x2a, 0x86, 0x48, 0x86, 0xf7, 0x0d, 0x01, 0x07, 0x01, 0xa0, 0x82, 0x01, 0x61, 0x04, 0x82, 0x01, 0x5d, 0x15, 0x24, 0x00, 0x01, 0x25, 0x01, 0xf1, 0xff, 0x36, 0x02, 0x05, 0x00, 0x80, 0x05, 0x01, 0x80, 0x05, 0x02, 0x80, 0x05, 0x03, 0x80, 0x05, 0x04, 0x80, 0x05, 0x05, 0x80, 0x05, 0x06, 0x80, 0x05, 0x07, 0x80, 0x05, 0x08, 0x80, 0x05, 0x09, 0x80, 0x05, 0x0a, 0x80, 0x05, 0x0b, 0x80, 0x05, 0x0c, 0x80, 0x05, 0x0d, 0x80, 0x05, 0x0e, 0x80, 0x05, 0x0f, 0x80, 0x05, 0x10, 0x80, 0x05, 0x11, 0x80, 0x05, 0x12, 0x80, 0x05, 0x13, 0x80, 0x05, 0x14, 0x80, 0x05, 0x15, 0x80, 0x05, 0x16, 0x80, 0x05, 0x17, 0x80, 0x05, 0x18, 0x80, 0x05, 0x19, 0x80, 0x05, 0x1a, 0x80, 0x05, 0x1b, 0x80, 0x05, 0x1c, 0x80, 0x05, 0x1d, 0x80, 0x05, 0x1e, 0x80, 0x05, 0x1f, 0x80, 0x05, 0x20, 0x80, 0x05, 0x21, 0x80, 0x05, 0x22, 0x80, 0x05, 0x23, 0x80, 0x05, 0x24, 0x80, 0x05, 0x25, 0x80, 0x05, 0x26, 0x80, 0x05, 0x27, 0x80, 0x05, 0x28, 0x80, 0x05, 0x29, 0x80, 0x05, 0x2a, 0x80, 0x05, 0x2b, 0x80, 0x05, 0x2c, 0x80, 0x05, 0x2d, 0x80, 0x05, 0x2e, 0x80, 0x05, 0x2f, 0x80, 0x05, 0x30, 0x80, 0x05, 0x31, 0x80, 0x05, 0x32, 0x80, 0x05, 0x33, 0x80, 0x05, 0x34, 0x80, 0x05, 0x35, 0x80, 0x05, 0x36, 0x80, 0x05, 0x37, 0x80, 0x05, 0x38, 0x80, 0x05, 0x39, 0x80, 0x05, 0x3a, 0x80, 0x05, 0x3b, 0x80, 0x05, 0x3c, 0x80, 0x05, 0x3d, 0x80, 0x05, 0x3e, 0x80, 0x05, 0x3f, 0x80, 0x05, 0x40, 0x80, 0x05, 0x41, 0x80, 0x05, 0x42, 0x80, 0x05, 0x43, 0x80, 0x[0m
[0;34m[1784655505.172] [8347:8349] [DMG] 					] (583 bytes)[0m
[0;34m[1784655505.172] [8347:8349] [DMG] 					0x1 = [[0m
[0;34m[1784655505.172] [8347:8349] [DMG] 							0x35, 0x16, 0xe7, 0x1a, 0x02, 0x43, 0x2c, 0xe0, 0x6f, 0xd8, 0x72, 0x37, 0x0e, 0x34, 0xc2, 0x7f, 0xa6, 0x90, 0x5e, 0xcc, 0x06, 0xab, 0x83, 0xac, 0xed, 0xc4, 0xd1, 0xd8, 0xad, 0xe7, 0x33, 0x56, 0x1d, 0x0b, 0xf1, 0x96, 0x5d, 0x12, 0x59, 0xd2, 0x5a, 0xe4, 0xad, 0x88, 0xe3, 0xb5, 0x6b, 0x11, 0x0d, 0x22, 0x3c, 0xa5, 0x5e, 0x34, 0x45, 0x4f, 0x3b, 0x58, 0x6c, 0xe9, 0xe1, 0x06, 0xce, 0x09, [0m
[0;34m[1784655505.172] [8347:8349] [DMG] 					] (64 bytes)[0m
[0;34m[1784655505.172] [8347:8349] [DMG] 				},[0m
[0;34m[1784655505.172] [8347:8349] [DMG] 			},[0m
[0;34m[1784655505.172] [8347:8349] [DMG] 			[0m
[0;34m[1784655505.172] [8347:8349] [DMG] 		},[0m
[0;34m[1784655505.172] [8347:8349] [DMG] 		[0m
[0;34m[1784655505.172] [8347:8349] [DMG] 	],[0m
[0;34m[1784655505.172] [8347:8349] [DMG] 	[0m
[0;34m[1784655505.172] [8347:8349] [DMG] 	InteractionModelRevision = 12[0m
[0;34m[1784655505.172] [8347:8349] [DMG] },[0m
[0;32m[1784655505.172] [8347:8349] [DMG] Received Command Response Data, Endpoint=0 Cluster=0x0000_003E Command=0x0000_0001[0m
[0;32m[1784655505.172] [8347:8349] [CTL] Received Attestation Information from the device[0m
[0;32m[1784655505.172] [8347:8349] [CTL] Successfully finished commissioning step 'SendAttestationRequest'[0m
[0;34m[1784655505.172] [8347:8349] [CTL] AutoCommissioner setting attestationElements buffer size 583/583[0m
[0;32m[1784655505.172] [8347:8349] [CTL] Commissioning stage next step: 'SendAttestationRequest' -> 'AttestationVerification'[0m
[0;32m[1784655505.172] [8347:8349] [CTL] Performing next commissioning step 'AttestationVerification'[0m
[0;34m[1784655505.172] [8347:8349] [TOO] Starting commissioning stage 'AttestationVerification'[0m
[0;32m[1784655505.172] [8347:8349] [CTL] Verifying Device Attestation information received from the device[0m
[0;32m[1784655505.175] [8347:8349] [-] Device candidate DAC chain details:[0m
[0;32m[1784655505.175] [8347:8349] [-] --> DAC's VID: 0xFFF1, PID: 0x8001[0m
[0;32m[1784655505.175] [8347:8349] [-] ==== DAC certificate considered (491 bytes) ====[0m
[0;32m[1784655505.175] [8347:8349] [-] -----BEGIN CERTIFICATE-----[0m
[0;32m[1784655505.175] [8347:8349] [-] MIIB5zCCAY6gAwIBAgIIac3xDenlTtEwCgYIKoZIzj0EAwIwPTElMCMGA1UEAwwc[0m
[0;32m[1784655505.175] [8347:8349] [-] TWF0dGVyIERldiBQQUkgMHhGRkYxIG5vIFBJRDEUMBIGCisGAQQBgqJ8AgEMBEZG[0m
[0;32m[1784655505.175] [8347:8349] [-] RjEwIBcNMjIwMjA1MDAwMDAwWhgPOTk5OTEyMzEyMzU5NTlaMFMxJTAjBgNVBAMM[0m
[0;32m[1784655505.175] [8347:8349] [-] HE1hdHRlciBEZXYgREFDIDB4RkZGMS8weDgwMDExFDASBgorBgEEAYKifAIBDARG[0m
[0;32m[1784655505.175] [8347:8349] [-] RkYxMRQwEgYKKwYBBAGConwCAgwEODAwMTBZMBMGByqGSM49AgEGCCqGSM49AwEH[0m
[0;32m[1784655505.175] [8347:8349] [-] A0IABEY6xpNCkQoOVYj8b/Vrtj5i7M7LFI99TrA+5VJgFBV2fRalxmP3k+SRIyYL[0m
[0;32m[1784655505.175] [8347:8349] [-] gpenzX58/HsxaznZjpDSk3dzjoKjYDBeMAwGA1UdEwEB/wQCMAAwDgYDVR0PAQH/[0m
[0;32m[1784655505.175] [8347:8349] [-] BAQDAgeAMB0GA1UdDgQWBBSI3eezADgpMs/3NMBGJIEPRBaKbzAfBgNVHSMEGDAW[0m
[0;32m[1784655505.175] [8347:8349] [-] gBRjVA5H9kscONE4hKRi0WwZXY/7PDAKBggqhkjOPQQDAgNHADBEAiABJ6J7S0Rh[0m
[0;32m[1784655505.175] [8347:8349] [-] DuL83E0reIVWNmC8D3bxchntagjfsrPBzQIga1ngr0Xz6yqFuRnTVzFSjGAoxBUj[0m
[0;32m[1784655505.175] [8347:8349] [-] lUXhCOTlTnCXE1M=[0m
[0;32m[1784655505.175] [8347:8349] [-] -----END CERTIFICATE-----[0m
[0;32m[1784655505.175] [8347:8349] [-] --> DAC certificate SKID: 88:DD:E7:B3:00:38:29:32:CF:F7:34:C0:46:24:81:0F:44:16:8A:6F[0m
[0;32m[1784655505.175] [8347:8349] [-] --> DAC certificate AKID: 63:54:0E:47:F6:4B:1C:38:D1:38:84:A4:62:D1:6C:19:5D:8F:FB:3C[0m
[0;32m[1784655505.175] [8347:8349] [-] ==== PAI certificate considered (463 bytes) ====[0m
[0;32m[1784655505.175] [8347:8349] [-] -----BEGIN CERTIFICATE-----[0m
[0;32m[1784655505.175] [8347:8349] [-] MIIByzCCAXGgAwIBAgIIVq2CIq2UW2QwCgYIKoZIzj0EAwIwMDEYMBYGA1UEAwwP[0m
[0;32m[1784655505.175] [8347:8349] [-] TWF0dGVyIFRlc3QgUEFBMRQwEgYKKwYBBAGConwCAQwERkZGMTAgFw0yMjAyMDUw[0m
[0;32m[1784655505.175] [8347:8349] [-] MDAwMDBaGA85OTk5MTIzMTIzNTk1OVowPTElMCMGA1UEAwwcTWF0dGVyIERldiBQ[0m
[0;32m[1784655505.175] [8347:8349] [-] QUkgMHhGRkYxIG5vIFBJRDEUMBIGCisGAQQBgqJ8AgEMBEZGRjEwWTATBgcqhkjO[0m
[0;32m[1784655505.175] [8347:8349] [-] PQIBBggqhkjOPQMBBwNCAARBmpMVwhc+DIyHbQPM/JRIUmR/f+xeUIL0BZko7KiU[0m
[0;32m[1784655505.175] [8347:8349] [-] xZQVEwmsYx5MsDOSr2hLC6+35ls7gWLC9Sv5MbjneqqCo2YwZDASBgNVHRMBAf8E[0m
[0;32m[1784655505.175] [8347:8349] [-] CDAGAQH/AgEAMA4GA1UdDwEB/wQEAwIBBjAdBgNVHQ4EFgQUY1QOR/ZLHDjROISk[0m
[0;32m[1784655505.175] [8347:8349] [-] YtFsGV2P+zwwHwYDVR0jBBgwFoAUav0idx9RH+y/FkGXZxDc3DGhcX4wCgYIKoZI[0m
[0;32m[1784655505.175] [8347:8349] [-] zj0EAwIDSAAwRQIhALLvJ/Sa6bUPuR7qyUxNC9u415KcbLiPrOUpNo0SBUwMAiBl[0m
[0;32m[1784655505.175] [8347:8349] [-] Xckrhr2QmIKmxiF3uCXX0F7b58Ivn+pxIg5+pwP4kQ==[0m
[0;32m[1784655505.175] [8347:8349] [-] -----END CERTIFICATE-----[0m
[0;32m[1784655505.176] [8347:8349] [-] --> PAI certificate SKID: 63:54:0E:47:F6:4B:1C:38:D1:38:84:A4:62:D1:6C:19:5D:8F:FB:3C[0m
[0;32m[1784655505.176] [8347:8349] [-] --> PAI certificate AKID: 6A:FD:22:77:1F:51:1F:EC:BF:16:41:97:67:10:DC:DC:31:A1:71:7E[0m
[0;32m[1784655505.177] [8347:8349] [-] ==== PAA certificate considered (449 bytes) ====[0m
[0;32m[1784655505.177] [8347:8349] [-] -----BEGIN CERTIFICATE-----[0m
[0;32m[1784655505.177] [8347:8349] [-] MIIBvTCCAWSgAwIBAgIITqjoMYLUHBwwCgYIKoZIzj0EAwIwMDEYMBYGA1UEAwwP[0m
[0;32m[1784655505.177] [8347:8349] [-] TWF0dGVyIFRlc3QgUEFBMRQwEgYKKwYBBAGConwCAQwERkZGMTAgFw0yMTA2Mjgx[0m
[0;32m[1784655505.177] [8347:8349] [-] NDIzNDNaGA85OTk5MTIzMTIzNTk1OVowMDEYMBYGA1UEAwwPTWF0dGVyIFRlc3Qg[0m
[0;32m[1784655505.177] [8347:8349] [-] UEFBMRQwEgYKKwYBBAGConwCAQwERkZGMTBZMBMGByqGSM49AgEGCCqGSM49AwEH[0m
[0;32m[1784655505.177] [8347:8349] [-] A0IABLbLY3KIfyko9brIGqnZOuJDHK2p154kL2UXfvnO2TKijs0Duq9qj8oYShpQ[0m
[0;32m[1784655505.177] [8347:8349] [-] NUKWDUU/MD8fGUIddR6Pjxqam3WjZjBkMBIGA1UdEwEB/wQIMAYBAf8CAQEwDgYD[0m
[0;32m[1784655505.177] [8347:8349] [-] VR0PAQH/BAQDAgEGMB0GA1UdDgQWBBRq/SJ3H1Ef7L8WQZdnENzcMaFxfjAfBgNV[0m
[0;32m[1784655505.177] [8347:8349] [-] HSMEGDAWgBRq/SJ3H1Ef7L8WQZdnENzcMaFxfjAKBggqhkjOPQQDAgNHADBEAiBQ[0m
[0;32m[1784655505.177] [8347:8349] [-] qoAC9NkyqaAFOPZTaK0P/8jvu8m+t9pWmDXPmqdRDgIgI7rI/g8j51RFtlM5CBpH[0m
[0;32m[1784655505.177] [8347:8349] [-] mUkpxyqvChVI1A0DTVFLJd4=[0m
[0;32m[1784655505.177] [8347:8349] [-] -----END CERTIFICATE-----[0m
[0;32m[1784655505.177] [8347:8349] [-] --> PAA certificate SKID: 6A:FD:22:77:1F:51:1F:EC:BF:16:41:97:67:10:DC:DC:31:A1:71:7E[0m
[0;32m[1784655505.177] [8347:8349] [-] --> PAA certificate AKID: 6A:FD:22:77:1F:51:1F:EC:BF:16:41:97:67:10:DC:DC:31:A1:71:7E[0m
[0;32m[1784655505.179] [8347:8349] [-] CD signing key identifier: FE:34:3F:95:99:47:76:3B:61:EE:45:39:13:13:38:49:4F:E6:7D:8E[0m
[0;32m[1784655505.179] [8347:8349] [-] Certification type 0[0m
[0;32m[1784655505.179] [8347:8349] [-] Device certification declaration details:[0m
[0;32m[1784655505.179] [8347:8349] [-] --> VID: 0xFFF1[0m
[0;32m[1784655505.179] [8347:8349] [-] --> Device type ID: 0x0000_0016[0m
[0;32m[1784655505.179] [8347:8349] [-] --> Certification type: 0 (Development and testing)[0m
[0;32m[1784655505.179] [8347:8349] [CTL] Successfully finished commissioning step 'AttestationVerification'[0m
[0;32m[1784655505.179] [8347:8349] [CTL] Commissioning stage next step: 'AttestationVerification' -> 'AttestationRevocationCheck'[0m
[0;32m[1784655505.179] [8347:8349] [CTL] Performing next commissioning step 'AttestationRevocationCheck'[0m
[0;34m[1784655505.179] [8347:8349] [TOO] Starting commissioning stage 'AttestationRevocationCheck'[0m
[0;32m[1784655505.179] [8347:8349] [CTL] Verifying the device's DAC chain revocation status[0m
[0;32m[1784655505.179] [8347:8349] [-] WARNING: No revocation delegate available. Revocation checks will be skipped![0m
[0;32m[1784655505.179] [8347:8349] [CTL] Successfully validated 'Attestation Information' command received from the device.[0m
[0;32m[1784655505.179] [8347:8349] [CTL] Successfully finished commissioning step 'AttestationRevocationCheck'[0m
[0;32m[1784655505.179] [8347:8349] [CTL] Commissioning stage next step: 'AttestationRevocationCheck' -> 'SendOpCertSigningRequest'[0m
[0;32m[1784655505.179] [8347:8349] [CTL] Performing next commissioning step 'SendOpCertSigningRequest'[0m
[0;34m[1784655505.179] [8347:8349] [TOO] Starting commissioning stage 'SendOpCertSigningRequest'[0m
[0;34m[1784655505.179] [8347:8349] [CTL] Sending CSR request to 0x718838033e20 device[0m
[0;34m[1784655505.179] [8347:8349] [DMG] ICR moving to [AddingComm][0m
[0;34m[1784655505.179] [8347:8349] [DMG] ICR moving to [AddedComma][0m
[0;32m[1784655505.179] [8347:8349] [EM] <<< [E:52611i S:16825 M:99659608] (S) Msg TX from 0000000000000000 to 0:FFFFFFFB00000000 [0000] [UDP:[fe80::bfe:a203:38f0:bce7%enp0s3]:5540] --- Type 0001:08 (IM:InvokeCommandRequest) (B:94)[0m
[0;32m[1784655505.179] [8347:8349] [EM] ??1 [E:52611i S:16825 M:99659608] (S) Msg Retransmission to 0:FFFFFFFB00000000 scheduled for 402ms from now [State:Active II:500 AI:300 AT:4000][0m
[0;34m[1784655505.179] [8347:8349] [DMG] ICR moving to [AwaitingRe][0m
[0;34m[1784655505.179] [8347:8349] [CTL] Sent CSR request, waiting for the CSR[0m
[0;34m[1784655505.179] [8347:8349] [DMG] ICR moving to [AwaitingDe][0m
[0;32m[1784655505.179] [8347:8349] [EM] <<< [E:52610i S:16825 M:99659609 (Ack:43873716)] (S) Msg TX from 0000000000000000 to 0:FFFFFFFB00000000 [0000] [UDP:[fe80::bfe:a203:38f0:bce7%enp0s3]:5540] --- Type 0000:10 (SecureChannel:StandaloneAck) (B:34)[0m
[0;34m[1784655505.179] [8347:8349] [EM] Flushed pending ack for MessageCounter:43873716 on exchange 52610i[0m
[0;32m[1784655505.180] [8347:8349] [EM] >>> [E:52611i S:16825 M:43873717 (Ack:99659608)] (S) Msg RX from 0:FFFFFFFB00000000 [0000] to 0000000000000000 --- Type 0001:09 (IM:InvokeCommandResponse) (B:376)[0m
[0;34m[1784655505.180] [8347:8349] [EM] Found matching exchange: 52611i, Delegate: 0x7188380382d8[0m
[0;34m[1784655505.180] [8347:8349] [EM] Rxd Ack; Removing MessageCounter:99659608 from Retrans Table on exchange 52611i[0m
[0;34m[1784655505.180] [8347:8349] [DMG] ICR moving to [ResponseRe][0m
[0;34m[1784655505.180] [8347:8349] [DMG] InvokeResponseMessage =[0m
[0;34m[1784655505.180] [8347:8349] [DMG] {[0m
[0;34m[1784655505.180] [8347:8349] [DMG] 	suppressResponse = false, [0m
[0;34m[1784655505.180] [8347:8349] [DMG] 	InvokeResponseIBs =[0m
[0;34m[1784655505.180] [8347:8349] [DMG] 	[[0m
[0;34m[1784655505.180] [8347:8349] [DMG] 		InvokeResponseIB =[0m
[0;34m[1784655505.180] [8347:8349] [DMG] 		{[0m
[0;34m[1784655505.180] [8347:8349] [DMG] 			CommandDataIB =[0m
[0;34m[1784655505.180] [8347:8349] [DMG] 			{[0m
[0;34m[1784655505.180] [8347:8349] [DMG] 				CommandPathIB =[0m
[0;34m[1784655505.180] [8347:8349] [DMG] 				{[0m
[0;34m[1784655505.180] [8347:8349] [DMG] 					EndpointId = 0x0,[0m
[0;34m[1784655505.180] [8347:8349] [DMG] 					ClusterId = 0x3e,[0m
[0;34m[1784655505.180] [8347:8349] [DMG] 					CommandId = 0x5,[0m
[0;34m[1784655505.180] [8347:8349] [DMG] 				},[0m
[0;34m[1784655505.180] [8347:8349] [DMG] 				[0m
[0;34m[1784655505.180] [8347:8349] [DMG] 				CommandFields = [0m
[0;34m[1784655505.180] [8347:8349] [DMG] 				{[0m
[0;34m[1784655505.180] [8347:8349] [DMG] 					0x0 = [[0m
[0;34m[1784655505.180] [8347:8349] [DMG] 							0x15, 0x30, 0x01, 0xca, 0x30, 0x81, 0xc7, 0x30, 0x70, 0x02, 0x01, 0x00, 0x30, 0x0e, 0x31, 0x0c, 0x30, 0x0a, 0x06, 0x03, 0x55, 0x04, 0x0a, 0x0c, 0x03, 0x43, 0x53, 0x52, 0x30, 0x59, 0x30, 0x13, 0x06, 0x07, 0x2a, 0x86, 0x48, 0xce, 0x3d, 0x02, 0x01, 0x06, 0x08, 0x2a, 0x86, 0x48, 0xce, 0x3d, 0x03, 0x01, 0x07, 0x03, 0x42, 0x00, 0x04, 0xa9, 0x36, 0x87, 0x00, 0x9f, 0x96, 0x75, 0x7c, 0xd3, 0xb1, 0x0f, 0x1c, 0xc3, 0x7f, 0x52, 0x98, 0x46, 0x23, 0xc3, 0x35, 0x62, 0x4d, 0xbd, 0x04, 0x6f, 0x99, 0xb0, 0xfb, 0x05, 0xb7, 0xfb, 0xbe, 0xc4, 0x71, 0xf6, 0x58, 0x97, 0x5a, 0x72, 0x44, 0x1c, 0x06, 0xa5, 0xe9, 0xb6, 0x90, 0xe6, 0x69, 0x40, 0xca, 0x58, 0xa9, 0x80, 0x19, 0x29, 0xe3, 0x3d, 0xdb, 0x7b, 0xe6, 0x90, 0x0e, 0x14, 0xcd, 0xa0, 0x00, 0x30, 0x0a, 0x06, 0x08, 0x2a, 0x86, 0x48, 0xce, 0x3d, 0x04, 0x03, 0x02, 0x03, 0x47, 0x00, 0x30, 0x44, 0x02, 0x20, 0x14, 0x1e, 0xcd, 0x87, 0xc3, 0xb9, 0x5a, 0xd0, 0xee, 0x64, 0x9b, 0x21, 0x75, 0x31, 0x01, 0xfc, 0x63, 0xf9, 0x0e, 0xba, 0x7e, 0x28, 0xe5, 0xf3, 0x7d, 0x49, 0xf7, 0xae, 0xd1, 0xb6, 0x4a, 0x23, 0x02, 0x20, 0x75, 0x56, 0x39, 0xd5, 0x2c, 0x10, 0x89, 0x11, 0x84, 0x27, 0x74, 0x66, 0xae, 0xf5, 0xf8, 0xd8, 0x03, 0x36, 0x7f, 0x06, 0x6e, 0x18, 0x6e, 0x94, 0x05, 0x46, 0x49, 0xbe, 0x3b, 0x43, 0x28, 0xdf, 0x30, 0x02, 0x20, 0xbc, 0xc6, 0x0c, 0xd1, 0x4b, 0x65, 0x18, 0x94, 0x2d, 0xa2, 0xba, 0x4c, 0xfe, 0x95, 0x96, 0xa0, 0x3d, 0x5b, 0x67, 0x9e, 0x07, 0x4c, 0x79, 0xbb, 0xb2, 0xe2, 0x97, 0xf2, 0x54, 0xab, 0x33, 0x9e, 0x18, [0m
[0;34m[1784655505.180] [8347:8349] [DMG] 					] (242 bytes)[0m
[0;34m[1784655505.180] [8347:8349] [DMG] 					0x1 = [[0m
[0;34m[1784655505.180] [8347:8349] [DMG] 							0x59, 0x94, 0xd3, 0x0a, 0x41, 0xd5, 0x53, 0x0b, 0x7a, 0xf7, 0x52, 0x55, 0x5f, 0xff, 0x86, 0xc3, 0x98, 0x6f, 0xa9, 0x12, 0xb0, 0x67, 0x72, 0x5a, 0xde, 0x4f, 0x66, 0xb7, 0xc3, 0x01, 0x1a, 0x20, 0x49, 0x09, 0x2f, 0x82, 0x22, 0xb0, 0x11, 0x28, 0x99, 0x04, 0xe8, 0xa2, 0x5e, 0x84, 0xa5, 0x2f, 0x89, 0x7d, 0x02, 0xc4, 0x36, 0x95, 0xe6, 0xb3, 0xf1, 0x40, 0x86, 0x6d, 0x86, 0x38, 0x98, 0x51, [0m
[0;34m[1784655505.180] [8347:8349] [DMG] 					] (64 bytes)[0m
[0;34m[1784655505.180] [8347:8349] [DMG] 				},[0m
[0;34m[1784655505.180] [8347:8349] [DMG] 			},[0m
[0;34m[1784655505.180] [8347:8349] [DMG] 			[0m
[0;34m[1784655505.180] [8347:8349] [DMG] 		},[0m
[0;34m[1784655505.180] [8347:8349] [DMG] 		[0m
[0;34m[1784655505.180] [8347:8349] [DMG] 	],[0m
[0;34m[1784655505.180] [8347:8349] [DMG] 	[0m
[0;34m[1784655505.180] [8347:8349] [DMG] 	InteractionModelRevision = 12[0m
[0;34m[1784655505.180] [8347:8349] [DMG] },[0m
[0;32m[1784655505.180] [8347:8349] [DMG] Received Command Response Data, Endpoint=0 Cluster=0x0000_003E Command=0x0000_0005[0m
[0;32m[1784655505.180] [8347:8349] [CTL] Received certificate signing request from the device[0m
[0;32m[1784655505.180] [8347:8349] [CTL] Successfully finished commissioning step 'SendOpCertSigningRequest'[0m
[0;32m[1784655505.180] [8347:8349] [CTL] Commissioning stage next step: 'SendOpCertSigningRequest' -> 'ValidateCSR'[0m
[0;32m[1784655505.180] [8347:8349] [CTL] Performing next commissioning step 'ValidateCSR'[0m
[0;34m[1784655505.180] [8347:8349] [TOO] Starting commissioning stage 'ValidateCSR'[0m
[0;32m[1784655505.181] [8347:8349] [CTL] Successfully finished commissioning step 'ValidateCSR'[0m
[0;32m[1784655505.181] [8347:8349] [CTL] Commissioning stage next step: 'ValidateCSR' -> 'GenerateNOCChain'[0m
[0;32m[1784655505.181] [8347:8349] [CTL] Performing next commissioning step 'GenerateNOCChain'[0m
[0;34m[1784655505.181] [8347:8349] [TOO] Starting commissioning stage 'GenerateNOCChain'[0m
[0;32m[1784655505.181] [8347:8349] [CTL] Getting certificate chain for the device from the issuer[0m
[0;32m[1784655505.181] [8347:8349] [CTL] Verifying Certificate Signing Request[0m
[0;32m[1784655505.182] [8347:8349] [CTL] Generating NOC[0m
[0;32m[1784655505.182] [8347:8349] [CTL] Providing certificate chain to the commissioner[0m
[0;32m[1784655505.182] [8347:8349] [CTL] Received callback from the CA for NOC Chain generation. Status: Success[0m
[0;32m[1784655505.182] [8347:8349] [CTL] Successfully finished commissioning step 'GenerateNOCChain'[0m
[0;32m[1784655505.182] [8347:8349] [CTL] Performing next commissioning step 'SendTrustedRootCert'[0m
[0;34m[1784655505.182] [8347:8349] [TOO] Starting commissioning stage 'SendTrustedRootCert'[0m
[0;32m[1784655505.182] [8347:8349] [CTL] Sending root certificate to the device[0m
[0;34m[1784655505.182] [8347:8349] [DMG] ICR moving to [AddingComm][0m
[0;34m[1784655505.182] [8347:8349] [DMG] ICR moving to [AddedComma][0m
[0;32m[1784655505.182] [8347:8349] [EM] <<< [E:52612i S:16825 M:99659610] (S) Msg TX from 0000000000000000 to 0:FFFFFFFB00000000 [0000] [UDP:[fe80::bfe:a203:38f0:bce7%enp0s3]:5540] --- Type 0001:08 (IM:InvokeCommandRequest) (B:293)[0m
[0;32m[1784655505.182] [8347:8349] [EM] ??1 [E:52612i S:16825 M:99659610] (S) Msg Retransmission to 0:FFFFFFFB00000000 scheduled for 346ms from now [State:Active II:500 AI:300 AT:4000][0m
[0;34m[1784655505.182] [8347:8349] [DMG] ICR moving to [AwaitingRe][0m
[0;32m[1784655505.182] [8347:8349] [CTL] Sent root certificate to the device[0m
[0;34m[1784655505.182] [8347:8349] [DMG] ICR moving to [AwaitingDe][0m
[0;32m[1784655505.182] [8347:8349] [EM] <<< [E:52611i S:16825 M:99659611 (Ack:43873717)] (S) Msg TX from 0000000000000000 to 0:FFFFFFFB00000000 [0000] [UDP:[fe80::bfe:a203:38f0:bce7%enp0s3]:5540] --- Type 0000:10 (SecureChannel:StandaloneAck) (B:34)[0m
[0;34m[1784655505.182] [8347:8349] [EM] Flushed pending ack for MessageCounter:43873717 on exchange 52611i[0m
[0;32m[1784655505.183] [8347:8349] [EM] >>> [E:52612i S:16825 M:43873718 (Ack:99659610)] (S) Msg RX from 0:FFFFFFFB00000000 [0000] to 0000000000000000 --- Type 0001:09 (IM:InvokeCommandResponse) (B:67)[0m
[0;34m[1784655505.183] [8347:8349] [EM] Found matching exchange: 52612i, Delegate: 0x718838035088[0m
[0;34m[1784655505.183] [8347:8349] [EM] Rxd Ack; Removing MessageCounter:99659610 from Retrans Table on exchange 52612i[0m
[0;34m[1784655505.183] [8347:8349] [DMG] ICR moving to [ResponseRe][0m
[0;34m[1784655505.183] [8347:8349] [DMG] InvokeResponseMessage =[0m
[0;34m[1784655505.183] [8347:8349] [DMG] {[0m
[0;34m[1784655505.183] [8347:8349] [DMG] 	suppressResponse = false, [0m
[0;34m[1784655505.183] [8347:8349] [DMG] 	InvokeResponseIBs =[0m
[0;34m[1784655505.183] [8347:8349] [DMG] 	[[0m
[0;34m[1784655505.183] [8347:8349] [DMG] 		InvokeResponseIB =[0m
[0;34m[1784655505.183] [8347:8349] [DMG] 		{[0m
[0;34m[1784655505.183] [8347:8349] [DMG] 			CommandStatusIB =[0m
[0;34m[1784655505.183] [8347:8349] [DMG] 			{[0m
[0;34m[1784655505.183] [8347:8349] [DMG] 				CommandPathIB =[0m
[0;34m[1784655505.183] [8347:8349] [DMG] 				{[0m
[0;34m[1784655505.183] [8347:8349] [DMG] 					EndpointId = 0x0,[0m
[0;34m[1784655505.183] [8347:8349] [DMG] 					ClusterId = 0x3e,[0m
[0;34m[1784655505.183] [8347:8349] [DMG] 					CommandId = 0xb,[0m
[0;34m[1784655505.183] [8347:8349] [DMG] 				},[0m
[0;34m[1784655505.183] [8347:8349] [DMG] 				[0m
[0;34m[1784655505.183] [8347:8349] [DMG] 				StatusIB =[0m
[0;34m[1784655505.183] [8347:8349] [DMG] 				{[0m
[0;34m[1784655505.183] [8347:8349] [DMG] 					status = 0x00 (SUCCESS),[0m
[0;34m[1784655505.183] [8347:8349] [DMG] 				},[0m
[0;34m[1784655505.183] [8347:8349] [DMG] 				[0m
[0;34m[1784655505.183] [8347:8349] [DMG] 			},[0m
[0;34m[1784655505.183] [8347:8349] [DMG] 			[0m
[0;34m[1784655505.183] [8347:8349] [DMG] 		},[0m
[0;34m[1784655505.183] [8347:8349] [DMG] 		[0m
[0;34m[1784655505.183] [8347:8349] [DMG] 	],[0m
[0;34m[1784655505.183] [8347:8349] [DMG] 	[0m
[0;34m[1784655505.183] [8347:8349] [DMG] 	InteractionModelRevision = 12[0m
[0;34m[1784655505.183] [8347:8349] [DMG] },[0m
[0;32m[1784655505.183] [8347:8349] [DMG] Received Command Response Status for Endpoint=0 Cluster=0x0000_003E Command=0x0000_000B Status=0x0[0m
[0;32m[1784655505.183] [8347:8349] [CTL] Device confirmed that it has received the root certificate[0m
[0;32m[1784655505.183] [8347:8349] [CTL] Successfully finished commissioning step 'SendTrustedRootCert'[0m
[0;32m[1784655505.183] [8347:8349] [CTL] Commissioning stage next step: 'SendTrustedRootCert' -> 'SendNOC'[0m
[0;32m[1784655505.183] [8347:8349] [CTL] Performing next commissioning step 'SendNOC'[0m
[0;34m[1784655505.183] [8347:8349] [TOO] Starting commissioning stage 'SendNOC'[0m
[0;34m[1784655505.183] [8347:8349] [DMG] ICR moving to [AddingComm][0m
[0;34m[1784655505.183] [8347:8349] [DMG] ICR moving to [AddedComma][0m
[0;32m[1784655505.183] [8347:8349] [EM] <<< [E:52613i S:16825 M:99659612] (S) Msg TX from 0000000000000000 to 0:FFFFFFFB00000000 [0000] [UDP:[fe80::bfe:a203:38f0:bce7%enp0s3]:5540] --- Type 0001:08 (IM:InvokeCommandRequest) (B:566)[0m
[0;32m[1784655505.183] [8347:8349] [EM] ??1 [E:52613i S:16825 M:99659612] (S) Msg Retransmission to 0:FFFFFFFB00000000 scheduled for 391ms from now [State:Active II:500 AI:300 AT:4000][0m
[0;34m[1784655505.183] [8347:8349] [DMG] ICR moving to [AwaitingRe][0m
[0;32m[1784655505.183] [8347:8349] [CTL] Sent operational certificate to the device[0m
[0;34m[1784655505.183] [8347:8349] [DMG] ICR moving to [AwaitingDe][0m
[0;32m[1784655505.183] [8347:8349] [EM] <<< [E:52612i S:16825 M:99659613 (Ack:43873718)] (S) Msg TX from 0000000000000000 to 0:FFFFFFFB00000000 [0000] [UDP:[fe80::bfe:a203:38f0:bce7%enp0s3]:5540] --- Type 0000:10 (SecureChannel:StandaloneAck) (B:34)[0m
[0;34m[1784655505.183] [8347:8349] [EM] Flushed pending ack for MessageCounter:43873718 on exchange 52612i[0m
[0;32m[1784655505.195] [8347:8349] [EM] >>> [E:52613i S:16825 M:43873719 (Ack:99659612)] (S) Msg RX from 0:FFFFFFFB00000000 [0000] to 0000000000000000 --- Type 0001:09 (IM:InvokeCommandResponse) (B:70)[0m
[0;34m[1784655505.195] [8347:8349] [EM] Found matching exchange: 52613i, Delegate: 0x7188380382d8[0m
[0;34m[1784655505.195] [8347:8349] [EM] Rxd Ack; Removing MessageCounter:99659612 from Retrans Table on exchange 52613i[0m
[0;34m[1784655505.195] [8347:8349] [DMG] ICR moving to [ResponseRe][0m
[0;34m[1784655505.195] [8347:8349] [DMG] InvokeResponseMessage =[0m
[0;34m[1784655505.195] [8347:8349] [DMG] {[0m
[0;34m[1784655505.195] [8347:8349] [DMG] 	suppressResponse = false, [0m
[0;34m[1784655505.195] [8347:8349] [DMG] 	InvokeResponseIBs =[0m
[0;34m[1784655505.195] [8347:8349] [DMG] 	[[0m
[0;34m[1784655505.195] [8347:8349] [DMG] 		InvokeResponseIB =[0m
[0;34m[1784655505.195] [8347:8349] [DMG] 		{[0m
[0;34m[1784655505.195] [8347:8349] [DMG] 			CommandDataIB =[0m
[0;34m[1784655505.195] [8347:8349] [DMG] 			{[0m
[0;34m[1784655505.195] [8347:8349] [DMG] 				CommandPathIB =[0m
[0;34m[1784655505.195] [8347:8349] [DMG] 				{[0m
[0;34m[1784655505.195] [8347:8349] [DMG] 					EndpointId = 0x0,[0m
[0;34m[1784655505.195] [8347:8349] [DMG] 					ClusterId = 0x3e,[0m
[0;34m[1784655505.195] [8347:8349] [DMG] 					CommandId = 0x8,[0m
[0;34m[1784655505.195] [8347:8349] [DMG] 				},[0m
[0;34m[1784655505.195] [8347:8349] [DMG] 				[0m
[0;34m[1784655505.195] [8347:8349] [DMG] 				CommandFields = [0m
[0;34m[1784655505.195] [8347:8349] [DMG] 				{[0m
[0;34m[1784655505.195] [8347:8349] [DMG] 					0x0 = 0 (unsigned), [0m
[0;34m[1784655505.195] [8347:8349] [DMG] 					0x1 = 1 (unsigned), [0m
[0;34m[1784655505.195] [8347:8349] [DMG] 				},[0m
[0;34m[1784655505.195] [8347:8349] [DMG] 			},[0m
[0;34m[1784655505.195] [8347:8349] [DMG] 			[0m
[0;34m[1784655505.195] [8347:8349] [DMG] 		},[0m
[0;34m[1784655505.195] [8347:8349] [DMG] 		[0m
[0;34m[1784655505.195] [8347:8349] [DMG] 	],[0m
[0;34m[1784655505.195] [8347:8349] [DMG] 	[0m
[0;34m[1784655505.195] [8347:8349] [DMG] 	InteractionModelRevision = 12[0m
[0;34m[1784655505.195] [8347:8349] [DMG] },[0m
[0;32m[1784655505.195] [8347:8349] [DMG] Received Command Response Data, Endpoint=0 Cluster=0x0000_003E Command=0x0000_0008[0m
[0;32m[1784655505.195] [8347:8349] [CTL] Device returned status 0 on receiving the NOC[0m
[0;32m[1784655505.195] [8347:8349] [CTL] Operational credentials provisioned on device 0x718838033e20[0m
[0;32m[1784655505.195] [8347:8349] [TOO] Secure Pairing Success[0m
[0;32m[1784655505.195] [8347:8349] [TOO] CASE establishment successful[0m
[0;32m[1784655505.195] [8347:8349] [CTL] Successfully finished commissioning step 'SendNOC'[0m
[0;32m[1784655505.195] [8347:8349] [CTL] Commissioning stage next step: 'SendNOC' -> 'EvictPreviousCaseSessions'[0m
[0;32m[1784655505.195] [8347:8349] [CTL] Performing next commissioning step 'EvictPreviousCaseSessions'[0m
[0;34m[1784655505.195] [8347:8349] [TOO] Starting commissioning stage 'EvictPreviousCaseSessions'[0m
[0;34m[1784655505.195] [8347:8349] [IN] Expiring all sessions for node <0000000000000001, 1>!![0m
[0;32m[1784655505.195] [8347:8349] [CTL] Successfully finished commissioning step 'EvictPreviousCaseSessions'[0m
[0;32m[1784655505.195] [8347:8349] [CTL] Commissioning stage next step: 'EvictPreviousCaseSessions' -> 'FindOperationalForStayActive'[0m
[0;32m[1784655505.195] [8347:8349] [CTL] Performing next commissioning step 'FindOperationalForStayActive'[0m
[0;34m[1784655505.195] [8347:8349] [TOO] Starting commissioning stage 'FindOperationalForStayActive'[0m
[0;34m[1784655505.195] [8347:8349] [CSM] FindOrEstablishSession: PeerId = [1:0000000000000001][0m
[0;34m[1784655505.195] [8347:8349] [CSM] FindOrEstablishSession: No existing OperationalSessionSetup instance found[0m
[0;34m[1784655505.195] [8347:8349] [DIS] OperationalSessionSetup[1:0000000000000001]: State change 1 --> 2[0m
[0;32m[1784655505.195] [8347:8349] [DIS] Lookup started for 83E78752562E452A-0000000000000001[0m
[0;34m[1784655505.195] [8347:8349] [DMG] ICR moving to [AwaitingDe][0m
[0;32m[1784655505.195] [8347:8349] [EM] <<< [E:52613i S:16825 M:99659614 (Ack:43873719)] (S) Msg TX from 0000000000000000 to 0:FFFFFFFB00000000 [0000] [UDP:[fe80::bfe:a203:38f0:bce7%enp0s3]:5540] --- Type 0000:10 (SecureChannel:StandaloneAck) (B:34)[0m
[0;34m[1784655505.195] [8347:8349] [EM] Flushed pending ack for MessageCounter:43873719 on exchange 52613i[0m
[0;32m[1784655505.196] [8347:8349] [DIS] UDP:[fe80::bfe:a203:38f0:bce7%enp0s3]:5540: new best score: 7 (for 83E78752562E452A-0000000000000001)[0m
[0;34m[1784655505.196] [8347:8349] [DIS] Lookup clearing interface for non LL address[0m
[0;32m[1784655505.196] [8347:8349] [DIS] UDP:10.0.2.15%enp0s3:5540: new best score: 2 (for 83E78752562E452A-0000000000000001)[0m
[0;32m[1784655505.196] [8347:8349] [DIS] Checking node lookup status for 83E78752562E452A-0000000000000001 after 1 ms[0m
[0;32m[1784655505.196] [8347:8349] [DIS] Keeping DNSSD lookup active[0m
[0;32m[1784655505.196] [8347:8349] [DIS] UDP:[fe80::bfe:a203:38f0:bce7%enp0s3]:5540: score has not improved: 7 (for 83E78752562E452A-0000000000000001)[0m
[0;34m[1784655505.196] [8347:8349] [DIS] Lookup clearing interface for non LL address[0m
[0;32m[1784655505.196] [8347:8349] [DIS] UDP:10.0.2.15%enp0s3:5540: score has not improved: 2 (for 83E78752562E452A-0000000000000001)[0m
[0;32m[1784655505.196] [8347:8349] [DIS] Checking node lookup status for 83E78752562E452A-0000000000000001 after 1 ms[0m
[0;32m[1784655505.196] [8347:8349] [DIS] Keeping DNSSD lookup active[0m
[0;32m[1784655505.395] [8347:8349] [DIS] Checking node lookup status for 83E78752562E452A-0000000000000001 after 201 ms[0m
[0;34m[1784655505.395] [8347:8349] [DIS] OperationalSessionSetup[1:0000000000000001]: Updating device address to UDP:[fe80::bfe:a203:38f0:bce7%enp0s3]:5540 while in state 2[0m
[0;34m[1784655505.395] [8347:8349] [DIS] OperationalSessionSetup[1:0000000000000001]: State change 2 --> 3[0m
[0;34m[1784655505.396] [8347:8349] [IN] SecureSession[0x7188380647b0]: Allocated Type:2 LSID:16826[0m
[0;32m[1784655505.396] [8347:8349] [SC] Initiating session on local FabricIndex 1 from 0x000000000001B669 -> 0x0000000000000001[0m
[0;32m[1784655505.396] [8347:8349] [EM] <<< [E:52614i S:0 M:106615773] (U) Msg TX from 15079EC7BAFBCD15 to 0:0000000000000000 [0000] [UDP:[fe80::bfe:a203:38f0:bce7%enp0s3]:5540] --- Type 0000:30 (SecureChannel:CASE_Sigma1) (B:196)[0m
[0;32m[1784655505.396] [8347:8349] [EM] ??1 [E:52614i S:0 M:106615773] (U) Msg Retransmission to 0:0000000000000000 scheduled for 623ms from now [State:Idle II:500 AI:300 AT:4000][0m
[0;32m[1784655505.396] [8347:8349] [SC] Sent Sigma1 msg to <0000000000000001, 1> [II:500ms AI:300ms AT:4000ms][0m
[0;34m[1784655505.396] [8347:8349] [DIS] OperationalSessionSetup[1:0000000000000001]: State change 3 --> 4[0m
[0;32m[1784655505.397] [8347:8349] [EM] >>> [E:52614i S:0 M:30975642 (Ack:106615773)] (U) Msg RX from 0:0000000000000000 [0000] to 15079EC7BAFBCD15 --- Type 0000:31 (SecureChannel:CASE_Sigma2) (B:751)[0m
[0;34m[1784655505.397] [8347:8349] [EM] Found matching exchange: 52614i, Delegate: 0x718838064e88[0m
[0;34m[1784655505.397] [8347:8349] [EM] Rxd Ack; Removing MessageCounter:106615773 from Retrans Table on exchange 52614i[0m
[0;32m[1784655505.397] [8347:8349] [SC] Received Sigma2 msg[0m
[0;34m[1784655505.397] [8347:8349] [SC] Found MRP parameters in the message[0m
[0;34m[1784655505.398] [8347:8349] [SC] Peer <0000000000000001, 1> assigned session ID 30867[0m
[0;34m[1784655505.398] [8347:8349] [SC] Sending Sigma3[0m
[0;32m[1784655505.398] [8347:8349] [EM] <<< [E:52614i S:0 M:106615774 (Ack:30975642)] (U) Msg TX from 15079EC7BAFBCD15 to 0:0000000000000000 [0000] [UDP:[fe80::bfe:a203:38f0:bce7%enp0s3]:5540] --- Type 0000:32 (SecureChannel:CASE_Sigma3) (B:598)[0m
[0;32m[1784655505.398] [8347:8349] [EM] ??1 [E:52614i S:0 M:106615774] (U) Msg Retransmission to 0:0000000000000000 scheduled for 367ms from now [State:Active II:500 AI:300 AT:4000][0m
[0;32m[1784655505.398] [8347:8349] [SC] Sent Sigma3 msg[0m
[0;32m[1784655505.408] [8347:8349] [EM] >>> [E:52614i S:0 M:30975643 (Ack:106615774)] (U) Msg RX from 0:0000000000000000 [0000] to 15079EC7BAFBCD15 --- Type 0000:40 (SecureChannel:StatusReport) (B:34)[0m
[0;34m[1784655505.408] [8347:8349] [EM] Found matching exchange: 52614i, Delegate: 0x718838064e88[0m
[0;34m[1784655505.409] [8347:8349] [EM] Rxd Ack; Removing MessageCounter:106615774 from Retrans Table on exchange 52614i[0m
[0;32m[1784655505.409] [8347:8349] [SC] Success status report received. Session was established[0m
[0;32m[1784655505.410] [8347:8349] [SC] SecureSession[0x7188380647b0, LSID:16826]: State change 'kEstablishing' --> 'kActive'[0m
[0;34m[1784655505.410] [8347:8349] [IN] SecureSession[0x7188380647b0]: Activated - Type:2 LSID:16826[0m
[0;34m[1784655505.410] [8347:8349] [IN] New secure session activated for device <0000000000000001, 1>, LSID:16826 PSID:30867![0m
[0;34m[1784655505.410] [8347:8349] [DIS] OperationalSessionSetup[1:0000000000000001]: State change 4 --> 5[0m
[0;32m[1784655505.410] [8347:8349] [CTL] Successfully finished commissioning step 'FindOperationalForStayActive'[0m
[0;32m[1784655505.410] [8347:8349] [CTL] Commissioning stage next step: 'FindOperationalForStayActive' -> 'ICDSendStayActive'[0m
[0;32m[1784655505.410] [8347:8349] [CTL] Performing next commissioning step 'ICDSendStayActive'[0m
[0;34m[1784655505.410] [8347:8349] [TOO] Starting commissioning stage 'ICDSendStayActive'[0m
[0;32m[1784655505.410] [8347:8349] [CTL] Skipping kICDSendStayActive[0m
[0;32m[1784655505.410] [8347:8349] [CTL] Successfully finished commissioning step 'ICDSendStayActive'[0m
[0;32m[1784655505.410] [8347:8349] [CTL] Commissioning stage next step: 'ICDSendStayActive' -> 'FindOperationalForCommissioningComplete'[0m
[0;32m[1784655505.410] [8347:8349] [CTL] Performing next commissioning step 'FindOperationalForCommissioningComplete'[0m
[0;34m[1784655505.410] [8347:8349] [TOO] Starting commissioning stage 'FindOperationalForCommissioningComplete'[0m
[0;34m[1784655505.410] [8347:8349] [CSM] FindOrEstablishSession: PeerId = [1:0000000000000001][0m
[0;34m[1784655505.410] [8347:8349] [CSM] FindOrEstablishSession: No existing OperationalSessionSetup instance found[0m
[0;32m[1784655505.410] [8347:8349] [DIS] Found an existing secure session to [1:0000000000000001]![0m
[0;34m[1784655505.410] [8347:8349] [DIS] OperationalSessionSetup[1:0000000000000001]: State change 1 --> 5[0m
[0;32m[1784655505.410] [8347:8349] [CTL] Successfully finished commissioning step 'FindOperationalForCommissioningComplete'[0m
[0;32m[1784655505.410] [8347:8349] [CTL] Commissioning stage next step: 'FindOperationalForCommissioningComplete' -> 'SendComplete'[0m
[0;32m[1784655505.410] [8347:8349] [CTL] Performing next commissioning step 'SendComplete'[0m
[0;34m[1784655505.410] [8347:8349] [TOO] Starting commissioning stage 'SendComplete'[0m
[0;34m[1784655505.410] [8347:8349] [DMG] ICR moving to [AddingComm][0m
[0;34m[1784655505.410] [8347:8349] [DMG] ICR moving to [AddedComma][0m
[0;32m[1784655505.411] [8347:8349] [EM] <<< [E:52615i S:16826 M:258923648] (S) Msg TX from 000000000001B669 to 1:0000000000000001 [452A] [UDP:[fe80::bfe:a203:38f0:bce7%enp0s3]:5540] --- Type 0001:08 (IM:InvokeCommandRequest) (B:59)[0m
[0;32m[1784655505.411] [8347:8349] [EM] ??1 [E:52615i S:16826 M:258923648] (S) Msg Retransmission to 1:0000000000000001 scheduled for 357ms from now [State:Active II:500 AI:300 AT:4000][0m
[0;34m[1784655505.411] [8347:8349] [DMG] ICR moving to [AwaitingRe][0m
[0;32m[1784655505.411] [8347:8349] [EM] <<< [E:52614i S:0 M:106615775 (Ack:30975643)] (U) Msg TX from 15079EC7BAFBCD15 to 0:0000000000000000 [0000] [UDP:[fe80::bfe:a203:38f0:bce7%enp0s3]:5540] --- Type 0000:10 (SecureChannel:StandaloneAck) (B:26)[0m
[0;34m[1784655505.411] [8347:8349] [EM] Flushed pending ack for MessageCounter:30975643 on exchange 52614i[0m
[0;32m[1784655505.437] [8347:8349] [EM] >>> [E:52615i S:16826 M:119481003 (Ack:258923648)] (S) Msg RX from 1:0000000000000001 [452A] to 000000000001B669 --- Type 0001:09 (IM:InvokeCommandResponse) (B:70)[0m
[0;34m[1784655505.437] [8347:8349] [EM] Found matching exchange: 52615i, Delegate: 0x7188380382d8[0m
[0;34m[1784655505.437] [8347:8349] [EM] Rxd Ack; Removing MessageCounter:258923648 from Retrans Table on exchange 52615i[0m
[0;34m[1784655505.437] [8347:8349] [DMG] ICR moving to [ResponseRe][0m
[0;34m[1784655505.437] [8347:8349] [DMG] InvokeResponseMessage =[0m
[0;34m[1784655505.437] [8347:8349] [DMG] {[0m
[0;34m[1784655505.437] [8347:8349] [DMG] 	suppressResponse = false, [0m
[0;34m[1784655505.437] [8347:8349] [DMG] 	InvokeResponseIBs =[0m
[0;34m[1784655505.437] [8347:8349] [DMG] 	[[0m
[0;34m[1784655505.437] [8347:8349] [DMG] 		InvokeResponseIB =[0m
[0;34m[1784655505.437] [8347:8349] [DMG] 		{[0m
[0;34m[1784655505.437] [8347:8349] [DMG] 			CommandDataIB =[0m
[0;34m[1784655505.437] [8347:8349] [DMG] 			{[0m
[0;34m[1784655505.437] [8347:8349] [DMG] 				CommandPathIB =[0m
[0;34m[1784655505.437] [8347:8349] [DMG] 				{[0m
[0;34m[1784655505.437] [8347:8349] [DMG] 					EndpointId = 0x0,[0m
[0;34m[1784655505.437] [8347:8349] [DMG] 					ClusterId = 0x30,[0m
[0;34m[1784655505.437] [8347:8349] [DMG] 					CommandId = 0x5,[0m
[0;34m[1784655505.437] [8347:8349] [DMG] 				},[0m
[0;34m[1784655505.437] [8347:8349] [DMG] 				[0m
[0;34m[1784655505.437] [8347:8349] [DMG] 				CommandFields = [0m
[0;34m[1784655505.437] [8347:8349] [DMG] 				{[0m
[0;34m[1784655505.437] [8347:8349] [DMG] 					0x0 = 0 (unsigned), [0m
[0;34m[1784655505.437] [8347:8349] [DMG] 					0x1 = "" (0 chars), [0m
[0;34m[1784655505.437] [8347:8349] [DMG] 				},[0m
[0;34m[1784655505.437] [8347:8349] [DMG] 			},[0m
[0;34m[1784655505.437] [8347:8349] [DMG] 			[0m
[0;34m[1784655505.437] [8347:8349] [DMG] 		},[0m
[0;34m[1784655505.437] [8347:8349] [DMG] 		[0m
[0;34m[1784655505.437] [8347:8349] [DMG] 	],[0m
[0;34m[1784655505.437] [8347:8349] [DMG] 	[0m
[0;34m[1784655505.437] [8347:8349] [DMG] 	InteractionModelRevision = 12[0m
[0;34m[1784655505.437] [8347:8349] [DMG] },[0m
[0;32m[1784655505.437] [8347:8349] [DMG] Received Command Response Data, Endpoint=0 Cluster=0x0000_0030 Command=0x0000_0005[0m
[0;32m[1784655505.437] [8347:8349] [CTL] Received CommissioningComplete response, errorCode=0[0m
[0;32m[1784655505.437] [8347:8349] [CTL] Successfully finished commissioning step 'SendComplete'[0m
[0;32m[1784655505.437] [8347:8349] [CTL] Commissioning stage next step: 'SendComplete' -> 'Cleanup'[0m
[0;32m[1784655505.437] [8347:8349] [CTL] Performing next commissioning step 'Cleanup'[0m
[0;34m[1784655505.437] [8347:8349] [TOO] Starting commissioning stage 'Cleanup'[0m
[0;32m[1784655505.437] [8347:8349] [CTL] Successfully finished commissioning step 'Cleanup'[0m
[0;34m[1784655505.437] [8347:8349] [IN] SecureSession[0x718838032f30]: MarkForEviction Type:1 LSID:16825[0m
[0;32m[1784655505.437] [8347:8349] [SC] SecureSession[0x718838032f30, LSID:16825]: State change 'kActive' --> 'kPendingEviction'[0m
[0;34m[1784655505.437] [8347:8349] [IN] SecureSession[0x718838032f30]: Released - Type:1 LSID:16825[0m
[0;32m[1784655505.437] [8347:8349] [CTL] Commissioning complete for node ID 0x0000000000000001: success[0m
[0;32m[1784655505.437] [8347:8349] [TOO] Device commissioning completed with success[0m
[0;34m[1784655505.438] [8347:8349] [DMG] ICR moving to [AwaitingDe][0m
[0;32m[1784655505.438] [8347:8349] [EM] <<< [E:52615i S:16826 M:258923649 (Ack:119481003)] (S) Msg TX from 000000000001B669 to 1:0000000000000001 [452A] [UDP:[fe80::bfe:a203:38f0:bce7%enp0s3]:5540] --- Type 0000:10 (SecureChannel:StandaloneAck) (B:34)[0m
[0;34m[1784655505.438] [8347:8349] [EM] Flushed pending ack for MessageCounter:119481003 on exchange 52615i[0m
[0;34m[1784655505.438] [8347:8347] [CTL] Shutting down the commissioner[0m
[0;32m[1784655505.438] [8347:8347] [PAF] WiFiPAF: Closing all WiFiPAF sessions to shutdown[0m
[0;34m[1784655505.438] [8347:8347] [CTL] Shutting down the controller[0m
[0;34m[1784655505.438] [8347:8347] [IN] Expiring all sessions for fabric 0x1!![0m
[0;34m[1784655505.438] [8347:8347] [IN] SecureSession[0x7188380647b0]: MarkForEviction Type:2 LSID:16826[0m
[0;32m[1784655505.438] [8347:8347] [SC] SecureSession[0x7188380647b0, LSID:16826]: State change 'kActive' --> 'kPendingEviction'[0m
[0;34m[1784655505.438] [8347:8347] [IN] SecureSession[0x7188380647b0]: Released - Type:2 LSID:16826[0m
[0;32m[1784655505.438] [8347:8347] [FP] Forgetting fabric 0x1[0m
[0;32m[1784655505.438] [8347:8347] [TS] Pending Last Known Good Time: 2023-10-14T01:16:48[0m
[0;32m[1784655505.438] [8347:8347] [TS] Previous Last Known Good Time: 2023-10-14T01:16:48[0m
[0;32m[1784655505.438] [8347:8347] [TS] Reverted Last Known Good Time to previous value[0m
[0;34m[1784655505.438] [8347:8347] [CTL] Shutting down the commissioner[0m
[0;32m[1784655505.438] [8347:8347] [PAF] WiFiPAF: Closing all WiFiPAF sessions to shutdown[0m
[0;34m[1784655505.438] [8347:8347] [CTL] Shutting down the controller[0m
[0;34m[1784655505.438] [8347:8347] [CTL] Shutting down the System State, this will teardown the CHIP Stack[0m
[0;34m[1784655505.438] [8347:8347] [DMG] All ReadHandler-s are clean, clear GlobalDirtySet[0m
[0;32m[1784655505.438] [8347:8347] [FP] Shutting down FabricTable[0m
[0;32m[1784655505.438] [8347:8347] [TS] Pending Last Known Good Time: 2023-10-14T01:16:48[0m
[0;32m[1784655505.438] [8347:8347] [TS] Previous Last Known Good Time: 2023-10-14T01:16:48[0m
[0;32m[1784655505.438] [8347:8347] [TS] Reverted Last Known Good Time to previous value[0m
[0;34m[1784655505.441] [8347:8347] [DL] Wrote settings to /tmp/chip_counters.ini[0m
[0;32m[1784655505.441] [8347:8347] [DL] NVS set: chip-counters/total-operational-hours = 0 (0x0)[0m
[0;32m[1784655505.441] [8347:8347] [DL] Inet Layer shutdown[0m
[0;32m[1784655505.441] [8347:8347] [DL] BLE Layer shutdown[0m
[0;32m[1784655505.441] [8347:8347] [DL] WiFi-PAF Layer shutdown[0m
[0;32m[1784655505.441] [8347:8347] [PAF] WiFiPAF: Closing all WiFiPAF sessions to shutdown[0m
[0;32m[1784655505.441] [8347:8347] [DL] System Layer shutdown[0m
