[0;34m[1784838140.255] [22332:22332] [DL] ChipLinuxStorage::Init: Using KVS config file: /tmp/chip_tool_kvs[0m
[1;31m[1784838140.256] [22332:22332] [DL] ChipLinuxStorage::Init: Attempt to re-initialize with KVS config file: /tmp/chip_kvs, IGNORING.[0m
[0;34m[1784838140.258] [22332:22332] [DL] ChipLinuxStorage::Init: Using KVS config file: /tmp/chip_factory.ini[0m
[0;34m[1784838140.258] [22332:22332] [DL] ChipLinuxStorage::Init: Using KVS config file: /tmp/chip_config.ini[0m
[0;34m[1784838140.258] [22332:22332] [DL] ChipLinuxStorage::Init: Using KVS config file: /tmp/chip_counters.ini[0m
[0;34m[1784838140.260] [22332:22332] [DL] Wrote settings to /tmp/chip_counters.ini[0m
[0;32m[1784838140.261] [22332:22332] [DL] NVS set: chip-counters/reboot-count = 2 (0x2)[0m
[0;32m[1784838140.261] [22332:22332] [DL] Got Ethernet interface: enp0s3[0m
[0;32m[1784838140.261] [22332:22332] [DL] Found the primary Ethernet interface:enp0s3[0m
[1;31m[1784838140.261] [22332:22332] [DL] Failed to get WiFi interface[0m
[1;31m[1784838140.261] [22332:22332] [DL] Failed to reset WiFi statistic counts[0m
[0;32m[1784838140.261] [22332:22332] [PAF] WiFiPAF: WiFiPAFLayer::Init()[0m
[0;34m[1784838140.261] [22332:22332] [IN] UDP::Init bind&listen port=0[0m
[0;34m[1784838140.261] [22332:22332] [IN] UDP::Init bound to port=36660[0m
[0;34m[1784838140.261] [22332:22332] [IN] UDP::Init bind&listen port=0[0m
[0;34m[1784838140.261] [22332:22332] [IN] UDP::Init bound to port=59650[0m
[0;34m[1784838140.261] [22332:22332] [IN] BLEBase::Init - setting/overriding transport[0m
[0;34m[1784838140.261] [22332:22332] [IN] WiFiPAFBase::Init - setting/overriding transport[0m
[0;34m[1784838140.261] [22332:22332] [IN] TransportMgr initialized[0m
[0;34m[1784838140.261] [22332:22332] [FP] Initializing FabricTable from persistent storage[0m
[0;32m[1784838140.261] [22332:22332] [TS] Last Known Good Time: [unknown][0m
[0;32m[1784838140.261] [22332:22332] [TS] Setting Last Known Good Time to firmware build time 2023-10-14T01:16:48[0m
[0;32m[1784838140.262] [22332:22332] [DMG] Ember attribute persistence requires setting up[0m
[0;32m[1784838140.262] [22332:22332] [ZCL] Using ZAP configuration...[0m
[0;34m[1784838140.262] [22332:22332] [CTL] System State Initialized...[0m
[0;32m[1784838140.262] [22332:22332] [CTL] Setting attestation nonce to random value[0m
[0;32m[1784838140.262] [22332:22332] [CTL] Setting CSR nonce to random value[0m
[0;34m[1784838140.262] [22332:22334] [DL] CHIP task running[0m
[0;32m[1784838140.263] [22332:22334] [CTL] Setting attestation nonce to random value[0m
[0;32m[1784838140.263] [22332:22334] [CTL] Setting CSR nonce to random value[0m
[0;32m[1784838140.263] [22332:22334] [CTL] Couldn't get ExampleOpCredsCAKey from storage: src/controller/ExamplePersistentStorage.cpp:112: CHIP Error 0x000000A0: Value not found in the persisted storage[0m
[0;32m[1784838140.263] [22332:22334] [CTL] Couldn't get ExampleOpCredsICAKey from storage: src/controller/ExamplePersistentStorage.cpp:112: CHIP Error 0x000000A0: Value not found in the persisted storage[0m
[0;32m[1784838140.263] [22332:22334] [CTL] Generating RCAC[0m
[0;32m[1784838140.264] [22332:22334] [CTL] Generating ICAC[0m
[0;32m[1784838140.264] [22332:22334] [CTL] Generating NOC[0m
[0;32m[1784838140.264] [22332:22334] [FP] Validating NOC chain[0m
[0;32m[1784838140.265] [22332:22334] [FP] NOC chain validation successful[0m
[0;32m[1784838140.265] [22332:22334] [FP] Added new fabric at index: 0x1[0m
[0;32m[1784838140.265] [22332:22334] [FP] Assigned compressed fabric ID: 0x921128A57492DE35, node ID: 0x000000000001B669[0m
[0;32m[1784838140.265] [22332:22334] [TS] Last Known Good Time: 2023-10-14T01:16:48[0m
[0;32m[1784838140.265] [22332:22334] [TS] New proposed Last Known Good Time: 2021-01-01T00:00:00[0m
[0;32m[1784838140.265] [22332:22334] [TS] Retaining current Last Known Good Time[0m
[0;32m[1784838140.266] [22332:22334] [FP] Metadata for Fabric 0x1 persisted to storage.[0m
[0;32m[1784838140.267] [22332:22334] [TS] Committing Last Known Good Time to storage: 2023-10-14T01:16:48[0m
[0;32m[1784838140.267] [22332:22334] [CTL] Joined the fabric at index 1. Fabric ID is 0x0000000000000001 (Compressed Fabric ID: 921128A57492DE35)[0m
[0;32m[1784838140.280] [22332:22334] [TOO] Discovered Device: fe80::bfe:a203:38f0:bce7:5540[0m
[0;34m[1784838140.280] [22332:22334] [IN] SecureSession[0x70164c032f30]: Allocated Type:1 LSID:10354[0m
[0;34m[1784838140.280] [22332:22334] [SC] Assigned local session key ID 10354[0m
[0;32m[1784838140.280] [22332:22334] [EM] <<< [E:60098i S:0 M:184755813] (U) Msg TX from E3B6E324B1EC259D to 0:0000000000000000 [0000] [UDP:[fe80::bfe:a203:38f0:bce7%enp0s3]:5540] --- Type 0000:20 (SecureChannel:PBKDFParamRequest) (B:98)[0m
[0;32m[1784838140.280] [22332:22334] [EM] ??1 [E:60098i S:0 M:184755813] (U) Msg Retransmission to 0:0000000000000000 scheduled for 385ms from now [State:Active II:500 AI:300 AT:4000][0m
[0;32m[1784838140.280] [22332:22334] [SC] Sent PBKDF param request [II:500ms AI:300ms AT:4000ms)[0m
[0;32m[1784838140.280] [22332:22334] [CTL] Setting attestation nonce to random value[0m
[0;32m[1784838140.280] [22332:22334] [CTL] Setting CSR nonce to random value[0m
[0;32m[1784838140.280] [22332:22334] [CTL] Commission called for node ID 0x0000000000000001[0m
[0;32m[1784838140.280] [22332:22334] [EM] >>> [E:60098i S:0 M:211775529 (Ack:184755813)] (U) Msg RX from 0:0000000000000000 [0000] to E3B6E324B1EC259D --- Type 0000:21 (SecureChannel:PBKDFParamResponse) (B:174)[0m
[0;34m[1784838140.280] [22332:22334] [EM] Found matching exchange: 60098i, Delegate: 0x70164c033e80[0m
[0;34m[1784838140.280] [22332:22334] [EM] Rxd Ack; Removing MessageCounter:184755813 from Retrans Table on exchange 60098i[0m
[0;34m[1784838140.280] [22332:22334] [SC] Received PBKDF param response[0m
[0;34m[1784838140.280] [22332:22334] [SC] Peer assigned session ID 36857[0m
[0;34m[1784838140.280] [22332:22334] [SC] Found MRP parameters in the message[0m
[0;32m[1784838140.282] [22332:22334] [EM] <<< [E:60098i S:0 M:184755814 (Ack:211775529)] (U) Msg TX from E3B6E324B1EC259D to 0:0000000000000000 [0000] [UDP:[fe80::bfe:a203:38f0:bce7%enp0s3]:5540] --- Type 0000:22 (SecureChannel:PASE_Pake1) (B:96)[0m
[0;32m[1784838140.282] [22332:22334] [EM] ??1 [E:60098i S:0 M:184755814] (U) Msg Retransmission to 0:0000000000000000 scheduled for 386ms from now [State:Active II:500 AI:300 AT:4000][0m
[0;34m[1784838140.282] [22332:22334] [SC] Sent spake2p msg1[0m
[0;32m[1784838140.282] [22332:22334] [EM] >>> [E:60098i S:0 M:211775530 (Ack:184755814)] (U) Msg RX from 0:0000000000000000 [0000] to E3B6E324B1EC259D --- Type 0000:23 (SecureChannel:PASE_Pake2) (B:131)[0m
[0;34m[1784838140.282] [22332:22334] [EM] Found matching exchange: 60098i, Delegate: 0x70164c033e80[0m
[0;34m[1784838140.282] [22332:22334] [EM] Rxd Ack; Removing MessageCounter:184755814 from Retrans Table on exchange 60098i[0m
[0;34m[1784838140.282] [22332:22334] [SC] Received spake2p msg2[0m
[0;32m[1784838140.282] [22332:22334] [EM] <<< [E:60098i S:0 M:184755815 (Ack:211775530)] (U) Msg TX from E3B6E324B1EC259D to 0:0000000000000000 [0000] [UDP:[fe80::bfe:a203:38f0:bce7%enp0s3]:5540] --- Type 0000:24 (SecureChannel:PASE_Pake3) (B:63)[0m
[0;32m[1784838140.284] [22332:22334] [EM] ??1 [E:60098i S:0 M:184755815] (U) Msg Retransmission to 0:0000000000000000 scheduled for 344ms from now [State:Active II:500 AI:300 AT:4000][0m
[0;34m[1784838140.284] [22332:22334] [SC] Sent spake2p msg3[0m
[0;32m[1784838140.284] [22332:22334] [EM] >>> [E:60098i S:0 M:211775531 (Ack:184755815)] (U) Msg RX from 0:0000000000000000 [0000] to E3B6E324B1EC259D --- Type 0000:40 (SecureChannel:StatusReport) (B:34)[0m
[0;34m[1784838140.284] [22332:22334] [EM] Found matching exchange: 60098i, Delegate: 0x70164c033e80[0m
[0;34m[1784838140.284] [22332:22334] [EM] Rxd Ack; Removing MessageCounter:184755815 from Retrans Table on exchange 60098i[0m
[0;32m[1784838140.284] [22332:22334] [SC] SecureSession[0x70164c032f30, LSID:10354]: State change 'kEstablishing' --> 'kActive'[0m
[0;34m[1784838140.284] [22332:22334] [IN] SecureSession[0x70164c032f30]: Activated - Type:1 LSID:10354[0m
[0;34m[1784838140.284] [22332:22334] [IN] New secure session activated for device <FFFFFFFB00000000, 0>, LSID:10354 PSID:36857![0m
[0;34m[1784838140.284] [22332:22334] [CTL] Remote device completed SPAKE2+ handshake[0m
[0;32m[1784838140.284] [22332:22334] [TOO] Pairing Success[0m
[0;32m[1784838140.284] [22332:22334] [TOO] PASE establishment successful[0m
[0;32m[1784838140.284] [22332:22334] [CTL] Commissioning stage next step: 'SecurePairing' -> 'ReadCommissioningInfo'[0m
[0;32m[1784838140.284] [22332:22334] [CTL] Performing next commissioning step 'ReadCommissioningInfo'[0m
[0;34m[1784838140.284] [22332:22334] [TOO] Starting commissioning stage 'ReadCommissioningInfo'[0m
[0;32m[1784838140.284] [22332:22334] [CTL] Sending read requests for commissioning information[0m
[0;34m[1784838140.284] [22332:22334] [DMG] SendReadRequest ReadClient[0x70164c0351e0]: Sending Read Request[0m
[0;32m[1784838140.284] [22332:22334] [DMG] 0 data version filters provided, 0 not relevant, 0 encoded, 0 skipped due to lack of space[0m
[0;32m[1784838140.284] [22332:22334] [EM] <<< [E:60099i S:10354 M:109671669] (S) Msg TX from 0000000000000000 to 0:FFFFFFFB00000000 [0000] [UDP:[fe80::bfe:a203:38f0:bce7%enp0s3]:5540] --- Type 0001:02 (IM:ReadRequest) (B:136)[0m
[0;32m[1784838140.284] [22332:22334] [EM] ??1 [E:60099i S:10354 M:109671669] (S) Msg Retransmission to 0:FFFFFFFB00000000 scheduled for 331ms from now [State:Active II:500 AI:300 AT:4000][0m
[0;34m[1784838140.284] [22332:22334] [DMG] MoveToState ReadClient[0x70164c0351e0]: Moving to [AwaitingIn][0m
[0;32m[1784838140.284] [22332:22334] [EM] <<< [E:60098i S:0 M:184755816 (Ack:211775531)] (U) Msg TX from E3B6E324B1EC259D to 0:0000000000000000 [0000] [UDP:[fe80::bfe:a203:38f0:bce7%enp0s3]:5540] --- Type 0000:10 (SecureChannel:StandaloneAck) (B:26)[0m
[0;34m[1784838140.284] [22332:22334] [EM] Flushed pending ack for MessageCounter:211775531 on exchange 60098i[0m
[0;32m[1784838140.285] [22332:22334] [EM] >>> [E:60099i S:10354 M:139703138 (Ack:109671669)] (S) Msg RX from 0:FFFFFFFB00000000 [0000] to 0000000000000000 --- Type 0001:05 (IM:ReportData) (B:766)[0m
[0;34m[1784838140.285] [22332:22334] [EM] Found matching exchange: 60099i, Delegate: 0x70164c0351f0[0m
[0;34m[1784838140.285] [22332:22334] [EM] Rxd Ack; Removing MessageCounter:109671669 from Retrans Table on exchange 60099i[0m
[0;34m[1784838140.285] [22332:22334] [DMG] ReportDataMessage =[0m
[0;34m[1784838140.285] [22332:22334] [DMG] {[0m
[0;34m[1784838140.285] [22332:22334] [DMG] 	AttributeReportIBs =[0m
[0;34m[1784838140.285] [22332:22334] [DMG] 	[[0m
[0;34m[1784838140.285] [22332:22334] [DMG] 		AttributeReportIB =[0m
[0;34m[1784838140.285] [22332:22334] [DMG] 		{[0m
[0;34m[1784838140.285] [22332:22334] [DMG] 			AttributeDataIB =[0m
[0;34m[1784838140.285] [22332:22334] [DMG] 			{[0m
[0;34m[1784838140.285] [22332:22334] [DMG] 				DataVersion = 0x2301a73b,[0m
[0;34m[1784838140.285] [22332:22334] [DMG] 				AttributePathIB =[0m
[0;34m[1784838140.285] [22332:22334] [DMG] 				{[0m
[0;34m[1784838140.285] [22332:22334] [DMG] 					Endpoint = 0x0,[0m
[0;34m[1784838140.285] [22332:22334] [DMG] 					Cluster = 0x38,[0m
[0;34m[1784838140.285] [22332:22334] [DMG] 					Attribute = 0x0000_0000,[0m
[0;34m[1784838140.285] [22332:22334] [DMG] 				}[0m
[0;34m[1784838140.285] [22332:22334] [DMG] 					[0m
[0;34m[1784838140.285] [22332:22334] [DMG] 				Data = 838153340284629 (unsigned), [0m
[0;34m[1784838140.285] [22332:22334] [DMG] 			},[0m
[0;34m[1784838140.285] [22332:22334] [DMG] 			[0m
[0;34m[1784838140.285] [22332:22334] [DMG] 		},[0m
[0;34m[1784838140.285] [22332:22334] [DMG] 		[0m
[0;34m[1784838140.285] [22332:22334] [DMG] 		AttributeReportIB =[0m
[0;34m[1784838140.285] [22332:22334] [DMG] 		{[0m
[0;34m[1784838140.285] [22332:22334] [DMG] 			AttributeDataIB =[0m
[0;34m[1784838140.285] [22332:22334] [DMG] 			{[0m
[0;34m[1784838140.285] [22332:22334] [DMG] 				DataVersion = 0x2301a73b,[0m
[0;34m[1784838140.285] [22332:22334] [DMG] 				AttributePathIB =[0m
[0;34m[1784838140.285] [22332:22334] [DMG] 				{[0m
[0;34m[1784838140.285] [22332:22334] [DMG] 					Endpoint = 0x0,[0m
[0;34m[1784838140.285] [22332:22334] [DMG] 					Cluster = 0x38,[0m
[0;34m[1784838140.285] [22332:22334] [DMG] 					Attribute = 0x0000_0001,[0m
[0;34m[1784838140.285] [22332:22334] [DMG] 				}[0m
[0;34m[1784838140.285] [22332:22334] [DMG] 					[0m
[0;34m[1784838140.285] [22332:22334] [DMG] 				Data = 3 (unsigned), [0m
[0;34m[1784838140.285] [22332:22334] [DMG] 			},[0m
[0;34m[1784838140.285] [22332:22334] [DMG] 			[0m
[0;34m[1784838140.285] [22332:22334] [DMG] 		},[0m
[0;34m[1784838140.285] [22332:22334] [DMG] 		[0m
[0;34m[1784838140.285] [22332:22334] [DMG] 		AttributeReportIB =[0m
[0;34m[1784838140.285] [22332:22334] [DMG] 		{[0m
[0;34m[1784838140.285] [22332:22334] [DMG] 			AttributeDataIB =[0m
[0;34m[1784838140.285] [22332:22334] [DMG] 			{[0m
[0;34m[1784838140.285] [22332:22334] [DMG] 				DataVersion = 0x2301a73b,[0m
[0;34m[1784838140.285] [22332:22334] [DMG] 				AttributePathIB =[0m
[0;34m[1784838140.285] [22332:22334] [DMG] 				{[0m
[0;34m[1784838140.285] [22332:22334] [DMG] 					Endpoint = 0x0,[0m
[0;34m[1784838140.285] [22332:22334] [DMG] 					Cluster = 0x38,[0m
[0;34m[1784838140.285] [22332:22334] [DMG] 					Attribute = 0x0000_0002,[0m
[0;34m[1784838140.285] [22332:22334] [DMG] 				}[0m
[0;34m[1784838140.285] [22332:22334] [DMG] 					[0m
[0;34m[1784838140.285] [22332:22334] [DMG] 				Data = 8 (unsigned), [0m
[0;34m[1784838140.285] [22332:22334] [DMG] 			},[0m
[0;34m[1784838140.285] [22332:22334] [DMG] 			[0m
[0;34m[1784838140.285] [22332:22334] [DMG] 		},[0m
[0;34m[1784838140.285] [22332:22334] [DMG] 		[0m
[0;34m[1784838140.285] [22332:22334] [DMG] 		AttributeReportIB =[0m
[0;34m[1784838140.285] [22332:22334] [DMG] 		{[0m
[0;34m[1784838140.285] [22332:22334] [DMG] 			AttributeDataIB =[0m
[0;34m[1784838140.285] [22332:22334] [DMG] 			{[0m
[0;34m[1784838140.285] [22332:22334] [DMG] 				DataVersion = 0x2301a73b,[0m
[0;34m[1784838140.285] [22332:22334] [DMG] 				AttributePathIB =[0m
[0;34m[1784838140.285] [22332:22334] [DMG] 				{[0m
[0;34m[1784838140.285] [22332:22334] [DMG] 					Endpoint = 0x0,[0m
[0;34m[1784838140.285] [22332:22334] [DMG] 					Cluster = 0x38,[0m
[0;34m[1784838140.285] [22332:22334] [DMG] 					Attribute = 0x0000_0003,[0m
[0;34m[1784838140.285] [22332:22334] [DMG] 				}[0m
[0;34m[1784838140.285] [22332:22334] [DMG] 					[0m
[0;34m[1784838140.285] [22332:22334] [DMG] 				Data = NULL[0m
[0;34m[1784838140.285] [22332:22334] [DMG] 			},[0m
[0;34m[1784838140.285] [22332:22334] [DMG] 			[0m
[0;34m[1784838140.285] [22332:22334] [DMG] 		},[0m
[0;34m[1784838140.285] [22332:22334] [DMG] 		[0m
[0;34m[1784838140.285] [22332:22334] [DMG] 		AttributeReportIB =[0m
[0;34m[1784838140.285] [22332:22334] [DMG] 		{[0m
[0;34m[1784838140.285] [22332:22334] [DMG] 			AttributeDataIB =[0m
[0;34m[1784838140.285] [22332:22334] [DMG] 			{[0m
[0;34m[1784838140.285] [22332:22334] [DMG] 				DataVersion = 0x2301a73b,[0m
[0;34m[1784838140.285] [22332:22334] [DMG] 				AttributePathIB =[0m
[0;34m[1784838140.285] [22332:22334] [DMG] 				{[0m
[0;34m[1784838140.285] [22332:22334] [DMG] 					Endpoint = 0x0,[0m
[0;34m[1784838140.285] [22332:22334] [DMG] 					Cluster = 0x38,[0m
[0;34m[1784838140.285] [22332:22334] [DMG] 					Attribute = 0x0000_0004,[0m
[0;34m[1784838140.285] [22332:22334] [DMG] 				}[0m
[0;34m[1784838140.285] [22332:22334] [DMG] 					[0m
[0;34m[1784838140.285] [22332:22334] [DMG] 				Data = NULL[0m
[0;34m[1784838140.285] [22332:22334] [DMG] 			},[0m
[0;34m[1784838140.285] [22332:22334] [DMG] 			[0m
[0;34m[1784838140.285] [22332:22334] [DMG] 		},[0m
[0;34m[1784838140.285] [22332:22334] [DMG] 		[0m
[0;34m[1784838140.285] [22332:22334] [DMG] 		AttributeReportIB =[0m
[0;34m[1784838140.285] [22332:22334] [DMG] 		{[0m
[0;34m[1784838140.285] [22332:22334] [DMG] 			AttributeDataIB =[0m
[0;34m[1784838140.285] [22332:22334] [DMG] 			{[0m
[0;34m[1784838140.285] [22332:22334] [DMG] 				DataVersion = 0x2301a73b,[0m
[0;34m[1784838140.285] [22332:22334] [DMG] 				AttributePathIB =[0m
[0;34m[1784838140.285] [22332:22334] [DMG] 				{[0m
[0;34m[1784838140.285] [22332:22334] [DMG] 					Endpoint = 0x0,[0m
[0;34m[1784838140.285] [22332:22334] [DMG] 					Cluster = 0x38,[0m
[0;34m[1784838140.285] [22332:22334] [DMG] 					Attribute = 0x0000_0005,[0m
[0;34m[1784838140.285] [22332:22334] [DMG] 				}[0m
[0;34m[1784838140.285] [22332:22334] [DMG] 					[0m
[0;34m[1784838140.285] [22332:22334] [DMG] 				Data = [[0m
[0;34m[1784838140.285] [22332:22334] [DMG] 						[0m
[0;34m[1784838140.285] [22332:22334] [DMG] 					{[0m
[0;34m[1784838140.285] [22332:22334] [DMG] 						0x0 = 0 (signed), [0m
[0;34m[1784838140.285] [22332:22334] [DMG] 						0x1 = 0 (unsigned), [0m
[0;34m[1784838140.285] [22332:22334] [DMG] 					},[0m
[0;34m[1784838140.285] [22332:22334] [DMG] 				],[0m
[0;34m[1784838140.285] [22332:22334] [DMG] 			},[0m
[0;34m[1784838140.285] [22332:22334] [DMG] 			[0m
[0;34m[1784838140.285] [22332:22334] [DMG] 		},[0m
[0;34m[1784838140.285] [22332:22334] [DMG] 		[0m
[0;34m[1784838140.285] [22332:22334] [DMG] 		AttributeReportIB =[0m
[0;34m[1784838140.285] [22332:22334] [DMG] 		{[0m
[0;34m[1784838140.285] [22332:22334] [DMG] 			AttributeDataIB =[0m
[0;34m[1784838140.285] [22332:22334] [DMG] 			{[0m
[0;34m[1784838140.285] [22332:22334] [DMG] 				DataVersion = 0x2301a73b,[0m
[0;34m[1784838140.285] [22332:22334] [DMG] 				AttributePathIB =[0m
[0;34m[1784838140.285] [22332:22334] [DMG] 				{[0m
[0;34m[1784838140.285] [22332:22334] [DMG] 					Endpoint = 0x0,[0m
[0;34m[1784838140.285] [22332:22334] [DMG] 					Cluster = 0x38,[0m
[0;34m[1784838140.285] [22332:22334] [DMG] 					Attribute = 0x0000_0006,[0m
[0;34m[1784838140.285] [22332:22334] [DMG] 				}[0m
[0;34m[1784838140.285] [22332:22334] [DMG] 					[0m
[0;34m[1784838140.285] [22332:22334] [DMG] 				Data = [[0m
[0;34m[1784838140.285] [22332:22334] [DMG] 						[0m
[0;34m[1784838140.285] [22332:22334] [DMG] 				],[0m
[0;34m[1784838140.285] [22332:22334] [DMG] 			},[0m
[0;34m[1784838140.285] [22332:22334] [DMG] 			[0m
[0;34m[1784838140.285] [22332:22334] [DMG] 		},[0m
[0;34m[1784838140.285] [22332:22334] [DMG] 		[0m
[0;34m[1784838140.285] [22332:22334] [DMG] 		AttributeReportIB =[0m
[0;34m[1784838140.285] [22332:22334] [DMG] 		{[0m
[0;34m[1784838140.285] [22332:22334] [DMG] 			AttributeDataIB =[0m
[0;34m[1784838140.285] [22332:22334] [DMG] 			{[0m
[0;34m[1784838140.285] [22332:22334] [DMG] 				DataVersion = 0x2301a73b,[0m
[0;34m[1784838140.285] [22332:22334] [DMG] 				AttributePathIB =[0m
[0;34m[1784838140.285] [22332:22334] [DMG] 				{[0m
[0;34m[1784838140.285] [22332:22334] [DMG] 					Endpoint = 0x0,[0m
[0;34m[1784838140.285] [22332:22334] [DMG] 					Cluster = 0x38,[0m
[0;34m[1784838140.285] [22332:22334] [DMG] 					Attribute = 0x0000_0007,[0m
[0;34m[1784838140.285] [22332:22334] [DMG] 				}[0m
[0;34m[1784838140.285] [22332:22334] [DMG] 					[0m
[0;34m[1784838140.285] [22332:22334] [DMG] 				Data = NULL[0m
[0;34m[1784838140.285] [22332:22334] [DMG] 			},[0m
[0;34m[1784838140.285] [22332:22334] [DMG] 			[0m
[0;34m[1784838140.285] [22332:22334] [DMG] 		},[0m
[0;34m[1784838140.285] [22332:22334] [DMG] 		[0m
[0;34m[1784838140.285] [22332:22334] [DMG] 		AttributeReportIB =[0m
[0;34m[1784838140.285] [22332:22334] [DMG] 		{[0m
[0;34m[1784838140.285] [22332:22334] [DMG] 			AttributeDataIB =[0m
[0;34m[1784838140.285] [22332:22334] [DMG] 			{[0m
[0;34m[1784838140.285] [22332:22334] [DMG] 				DataVersion = 0x2301a73b,[0m
[0;34m[1784838140.285] [22332:22334] [DMG] 				AttributePathIB =[0m
[0;34m[1784838140.285] [22332:22334] [DMG] 				{[0m
[0;34m[1784838140.285] [22332:22334] [DMG] 					Endpoint = 0x0,[0m
[0;34m[1784838140.285] [22332:22334] [DMG] 					Cluster = 0x38,[0m
[0;34m[1784838140.285] [22332:22334] [DMG] 					Attribute = 0x0000_0008,[0m
[0;34m[1784838140.285] [22332:22334] [DMG] 				}[0m
[0;34m[1784838140.285] [22332:22334] [DMG] 					[0m
[0;34m[1784838140.285] [22332:22334] [DMG] 				Data = 0 (unsigned), [0m
[0;34m[1784838140.285] [22332:22334] [DMG] 			},[0m
[0;34m[1784838140.285] [22332:22334] [DMG] 			[0m
[0;34m[1784838140.285] [22332:22334] [DMG] 		},[0m
[0;34m[1784838140.285] [22332:22334] [DMG] 		[0m
[0;34m[1784838140.285] [22332:22334] [DMG] 		AttributeReportIB =[0m
[0;34m[1784838140.285] [22332:22334] [DMG] 		{[0m
[0;34m[1784838140.285] [22332:22334] [DMG] 			AttributeDataIB =[0m
[0;34m[1784838140.285] [22332:22334] [DMG] 			{[0m
[0;34m[1784838140.285] [22332:22334] [DMG] 				DataVersion = 0x2301a73b,[0m
[0;34m[1784838140.285] [22332:22334] [DMG] 				AttributePathIB =[0m
[0;34m[1784838140.285] [22332:22334] [DMG] 				{[0m
[0;34m[1784838140.285] [22332:22334] [DMG] 					Endpoint = 0x0,[0m
[0;34m[1784838140.285] [22332:22334] [DMG] 					Cluster = 0x38,[0m
[0;34m[1784838140.285] [22332:22334] [DMG] 					Attribute = 0x0000_000A,[0m
[0;34m[1784838140.285] [22332:22334] [DMG] 				}[0m
[0;34m[1784838140.285] [22332:22334] [DMG] 					[0m
[0;34m[1784838140.285] [22332:22334] [DMG] 				Data = 2 (unsigned), [0m
[0;34m[1784838140.285] [22332:22334] [DMG] 			},[0m
[0;34m[1784838140.285] [22332:22334] [DMG] 			[0m
[0;34m[1784838140.285] [22332:22334] [DMG] 		},[0m
[0;34m[1784838140.285] [22332:22334] [DMG] 		[0m
[0;34m[1784838140.285] [22332:22334] [DMG] 		AttributeReportIB =[0m
[0;34m[1784838140.285] [22332:22334] [DMG] 		{[0m
[0;34m[1784838140.285] [22332:22334] [DMG] 			AttributeDataIB =[0m
[0;34m[1784838140.285] [22332:22334] [DMG] 			{[0m
[0;34m[1784838140.285] [22332:22334] [DMG] 				DataVersion = 0x2301a73b,[0m
[0;34m[1784838140.285] [22332:22334] [DMG] 				AttributePathIB =[0m
[0;34m[1784838140.285] [22332:22334] [DMG] 				{[0m
[0;34m[1784838140.285] [22332:22334] [DMG] 					Endpoint = 0x0,[0m
[0;34m[1784838140.285] [22332:22334] [DMG] 					Cluster = 0x38,[0m
[0;34m[1784838140.285] [22332:22334] [DMG] 					Attribute = 0x0000_000B,[0m
[0;34m[1784838140.285] [22332:22334] [DMG] 				}[0m
[0;34m[1784838140.285] [22332:22334] [DMG] 					[0m
[0;34m[1784838140.285] [22332:22334] [DMG] 				Data = 2 (unsigned), [0m
[0;34m[1784838140.285] [22332:22334] [DMG] 			},[0m
[0;34m[1784838140.285] [22332:22334] [DMG] 			[0m
[0;34m[1784838140.285] [22332:22334] [DMG] 		},[0m
[0;34m[1784838140.285] [22332:22334] [DMG] 		[0m
[0;34m[1784838140.285] [22332:22334] [DMG] 		AttributeReportIB =[0m
[0;34m[1784838140.285] [22332:22334] [DMG] 		{[0m
[0;34m[1784838140.285] [22332:22334] [DMG] 			AttributeDataIB =[0m
[0;34m[1784838140.285] [22332:22334] [DMG] 			{[0m
[0;34m[1784838140.285] [22332:22334] [DMG] 				DataVersion = 0x2301a73b,[0m
[0;34m[1784838140.285] [22332:22334] [DMG] 				AttributePathIB =[0m
[0;34m[1784838140.285] [22332:22334] [DMG] 				{[0m
[0;34m[1784838140.285] [22332:22334] [DMG] 					Endpoint = 0x0,[0m
[0;34m[1784838140.285] [22332:22334] [DMG] 					Cluster = 0x38,[0m
[0;34m[1784838140.285] [22332:22334] [DMG] 					Attribute = 0x0000_000C,[0m
[0;34m[1784838140.285] [22332:22334] [DMG] 				}[0m
[0;34m[1784838140.285] [22332:22334] [DMG] 					[0m
[0;34m[1784838140.285] [22332:22334] [DMG] 				Data = true, [0m
[0;34m[1784838140.285] [22332:22334] [DMG] 			},[0m
[0;34m[1784838140.285] [22332:22334] [DMG] 			[0m
[0;34m[1784838140.285] [22332:22334] [DMG] 		},[0m
[0;34m[1784838140.285] [22332:22334] [DMG] 		[0m
[0;34m[1784838140.285] [22332:22334] [DMG] 		AttributeReportIB =[0m
[0;34m[1784838140.285] [22332:22334] [DMG] 		{[0m
[0;34m[1784838140.285] [22332:22334] [DMG] 			AttributeDataIB =[0m
[0;34m[1784838140.285] [22332:22334] [DMG] 			{[0m
[0;34m[1784838140.285] [22332:22334] [DMG] 				DataVersion = 0x2301a73b,[0m
[0;34m[1784838140.285] [22332:22334] [DMG] 				AttributePathIB =[0m
[0;34m[1784838140.285] [22332:22334] [DMG] 				{[0m
[0;34m[1784838140.285] [22332:22334] [DMG] 					Endpoint = 0x0,[0m
[0;34m[1784838140.285] [22332:22334] [DMG] 					Cluster = 0x38,[0m
[0;34m[1784838140.285] [22332:22334] [DMG] 					Attribute = 0x0000_FFFC,[0m
[0;34m[1784838140.285] [22332:22334] [DMG] 				}[0m
[0;34m[1784838140.285] [22332:22334] [DMG] 					[0m
[0;34m[1784838140.285] [22332:22334] [DMG] 				Data = 11 (unsigned), [0m
[0;34m[1784838140.285] [22332:22334] [DMG] 			},[0m
[0;34m[1784838140.285] [22332:22334] [DMG] 			[0m
[0;34m[1784838140.285] [22332:22334] [DMG] 		},[0m
[0;34m[1784838140.285] [22332:22334] [DMG] 		[0m
[0;34m[1784838140.285] [22332:22334] [DMG] 		AttributeReportIB =[0m
[0;34m[1784838140.285] [22332:22334] [DMG] 		{[0m
[0;34m[1784838140.285] [22332:22334] [DMG] 			AttributeDataIB =[0m
[0;34m[1784838140.285] [22332:22334] [DMG] 			{[0m
[0;34m[1784838140.285] [22332:22334] [DMG] 				DataVersion = 0x2301a73b,[0m
[0;34m[1784838140.285] [22332:22334] [DMG] 				AttributePathIB =[0m
[0;34m[1784838140.285] [22332:22334] [DMG] 				{[0m
[0;34m[1784838140.285] [22332:22334] [DMG] 					Endpoint = 0x0,[0m
[0;34m[1784838140.285] [22332:22334] [DMG] 					Cluster = 0x38,[0m
[0;34m[1784838140.285] [22332:22334] [DMG] 					Attribute = 0x0000_FFFD,[0m
[0;34m[1784838140.285] [22332:22334] [DMG] 				}[0m
[0;34m[1784838140.285] [22332:22334] [DMG] 					[0m
[0;34m[1784838140.285] [22332:22334] [DMG] 				Data = 2 (unsigned), [0m
[0;34m[1784838140.285] [22332:22334] [DMG] 			},[0m
[0;34m[1784838140.285] [22332:22334] [DMG] 			[0m
[0;34m[1784838140.285] [22332:22334] [DMG] 		},[0m
[0;34m[1784838140.285] [22332:22334] [DMG] 		[0m
[0;34m[1784838140.285] [22332:22334] [DMG] 		AttributeReportIB =[0m
[0;34m[1784838140.285] [22332:22334] [DMG] 		{[0m
[0;34m[1784838140.285] [22332:22334] [DMG] 			AttributeDataIB =[0m
[0;34m[1784838140.285] [22332:22334] [DMG] 			{[0m
[0;34m[1784838140.285] [22332:22334] [DMG] 				DataVersion = 0x2301a73b,[0m
[0;34m[1784838140.285] [22332:22334] [DMG] 				AttributePathIB =[0m
[0;34m[1784838140.285] [22332:22334] [DMG] 				{[0m
[0;34m[1784838140.285] [22332:22334] [DMG] 					Endpoint = 0x0,[0m
[0;34m[1784838140.285] [22332:22334] [DMG] 					Cluster = 0x38,[0m
[0;34m[1784838140.285] [22332:22334] [DMG] 					Attribute = 0x0000_FFF8,[0m
[0;34m[1784838140.285] [22332:22334] [DMG] 				}[0m
[0;34m[1784838140.285] [22332:22334] [DMG] 					[0m
[0;34m[1784838140.285] [22332:22334] [DMG] 				Data = [[0m
[0;34m[1784838140.285] [22332:22334] [DMG] 						3 (unsigned), [0m
[0;34m[1784838140.285] [22332:22334] [DMG] 				],[0m
[0;34m[1784838140.285] [22332:22334] [DMG] 			},[0m
[0;34m[1784838140.285] [22332:22334] [DMG] 			[0m
[0;34m[1784838140.285] [22332:22334] [DMG] 		},[0m
[0;34m[1784838140.285] [22332:22334] [DMG] 		[0m
[0;34m[1784838140.285] [22332:22334] [DMG] 		AttributeReportIB =[0m
[0;34m[1784838140.285] [22332:22334] [DMG] 		{[0m
[0;34m[1784838140.285] [22332:22334] [DMG] 			AttributeDataIB =[0m
[0;34m[1784838140.285] [22332:22334] [DMG] 			{[0m
[0;34m[1784838140.285] [22332:22334] [DMG] 				DataVersion = 0x2301a73b,[0m
[0;34m[1784838140.285] [22332:22334] [DMG] 				AttributePathIB =[0m
[0;34m[1784838140.285] [22332:22334] [DMG] 				{[0m
[0;34m[1784838140.285] [22332:22334] [DMG] 					Endpoint = 0x0,[0m
[0;34m[1784838140.285] [22332:22334] [DMG] 					Cluster = 0x38,[0m
[0;34m[1784838140.285] [22332:22334] [DMG] 					Attribute = 0x0000_FFF9,[0m
[0;34m[1784838140.285] [22332:22334] [DMG] 				}[0m
[0;34m[1784838140.285] [22332:22334] [DMG] 					[0m
[0;34m[1784838140.285] [22332:22334] [DMG] 				Data = [[0m
[0;34m[1784838140.285] [22332:22334] [DMG] 						0 (unsigned), 1 (unsigned), 2 (unsigned), 4 (unsigned), 5 (unsigned), [0m
[0;34m[1784838140.285] [22332:22334] [DMG] 				],[0m
[0;34m[1784838140.285] [22332:22334] [DMG] 			},[0m
[0;34m[1784838140.285] [22332:22334] [DMG] 			[0m
[0;34m[1784838140.285] [22332:22334] [DMG] 		},[0m
[0;34m[1784838140.285] [22332:22334] [DMG] 		[0m
[0;34m[1784838140.285] [22332:22334] [DMG] 		AttributeReportIB =[0m
[0;34m[1784838140.285] [22332:22334] [DMG] 		{[0m
[0;34m[1784838140.285] [22332:22334] [DMG] 			AttributeDataIB =[0m
[0;34m[1784838140.285] [22332:22334] [DMG] 			{[0m
[0;34m[1784838140.285] [22332:22334] [DMG] 				DataVersion = 0x2301a73b,[0m
[0;34m[1784838140.285] [22332:22334] [DMG] 				AttributePathIB =[0m
[0;34m[1784838140.285] [22332:22334] [DMG] 				{[0m
[0;34m[1784838140.285] [22332:22334] [DMG] 					Endpoint = 0x0,[0m
[0;34m[1784838140.285] [22332:22334] [DMG] 					Cluster = 0x38,[0m
[0;34m[1784838140.285] [22332:22334] [DMG] 					Attribute = 0x0000_FFFB,[0m
[0;34m[1784838140.285] [22332:22334] [DMG] 				}[0m
[0;34m[1784838140.285] [22332:22334] [DMG] 					[0m
[0;34m[1784838140.285] [22332:22334] [DMG] 				Data = [[0m
[0;34m[1784838140.285] [22332:22334] [DMG] 						0 (unsigned), 1 (unsigned), 2 (unsigned), 3 (unsigned), 4 (unsigned), 5 (unsigned), 6 (unsigned), 7 (unsigned), 8 (unsigned), 10 (unsigned), 11 (unsigned), 12 (unsigned), 65532 (unsigned), 65533 (unsigned), 65528 (unsigned), 65529 (unsigned), 65531 (unsigned), [0m
[0;34m[1784838140.285] [22332:22334] [DMG] 				],[0m
[0;34m[1784838140.285] [22332:22334] [DMG] 			},[0m
[0;34m[1784838140.285] [22332:22334] [DMG] 			[0m
[0;34m[1784838140.285] [22332:22334] [DMG] 		},[0m
[0;34m[1784838140.285] [22332:22334] [DMG] 		[0m
[0;34m[1784838140.285] [22332:22334] [DMG] 		AttributeReportIB =[0m
[0;34m[1784838140.285] [22332:22334] [DMG] 		{[0m
[0;34m[1784838140.285] [22332:22334] [DMG] 			AttributeDataIB =[0m
[0;34m[1784838140.285] [22332:22334] [DMG] 			{[0m
[0;34m[1784838140.285] [22332:22334] [DMG] 				DataVersion = 0x9aab49b6,[0m
[0;34m[1784838140.285] [22332:22334] [DMG] 				AttributePathIB =[0m
[0;34m[1784838140.285] [22332:22334] [DMG] 				{[0m
[0;34m[1784838140.285] [22332:22334] [DMG] 					Endpoint = 0x0,[0m
[0;34m[1784838140.285] [22332:22334] [DMG] 					Cluster = 0x28,[0m
[0;34m[1784838140.285] [22332:22334] [DMG] 					Attribute = 0x0000_0004,[0m
[0;34m[1784838140.285] [22332:22334] [DMG] 				}[0m
[0;34m[1784838140.285] [22332:22334] [DMG] 					[0m
[0;34m[1784838140.285] [22332:22334] [DMG] 				Data = 32769 (unsigned), [0m
[0;34m[1784838140.285] [22332:22334] [DMG] 			},[0m
[0;34m[1784838140.285] [22332:22334] [DMG] 			[0m
[0;34m[1784838140.285] [22332:22334] [DMG] 		},[0m
[0;34m[1784838140.285] [22332:22334] [DMG] 		[0m
[0;34m[1784838140.285] [22332:22334] [DMG] 		AttributeReportIB =[0m
[0;34m[1784838140.285] [22332:22334] [DMG] 		{[0m
[0;34m[1784838140.285] [22332:22334] [DMG] 			AttributeDataIB =[0m
[0;34m[1784838140.285] [22332:22334] [DMG] 			{[0m
[0;34m[1784838140.285] [22332:22334] [DMG] 				DataVersion = 0x9aab49b6,[0m
[0;34m[1784838140.285] [22332:22334] [DMG] 				AttributePathIB =[0m
[0;34m[1784838140.285] [22332:22334] [DMG] 				{[0m
[0;34m[1784838140.285] [22332:22334] [DMG] 					Endpoint = 0x0,[0m
[0;34m[1784838140.285] [22332:22334] [DMG] 					Cluster = 0x28,[0m
[0;34m[1784838140.285] [22332:22334] [DMG] 					Attribute = 0x0000_0002,[0m
[0;34m[1784838140.285] [22332:22334] [DMG] 				}[0m
[0;34m[1784838140.285] [22332:22334] [DMG] 					[0m
[0;34m[1784838140.285] [22332:22334] [DMG] 				Data = 65521 (unsigned), [0m
[0;34m[1784838140.285] [22332:22334] [DMG] 			},[0m
[0;34m[1784838140.285] [22332:22334] [DMG] 			[0m
[0;34m[1784838140.285] [22332:22334] [DMG] 		},[0m
[0;34m[1784838140.285] [22332:22334] [DMG] 		[0m
[0;34m[1784838140.285] [22332:22334] [DMG] 		AttributeReportIB =[0m
[0;34m[1784838140.285] [22332:22334] [DMG] 		{[0m
[0;34m[1784838140.285] [22332:22334] [DMG] 			AttributeStatusIB =[0m
[0;34m[1784838140.285] [22332:22334] [DMG] 			{[0m
[0;34m[1784838140.285] [22332:22334] [DMG] 				AttributePathIB =[0m
[0;34m[1784838140.285] [22332:22334] [DMG] 				{[0m
[0;34m[1784838140.285] [22332:22334] [DMG] 					Endpoint = 0x0,[0m
[0;34m[1784838140.285] [22332:22334] [DMG] 					Cluster = 0x30,[0m
[0;34m[1784838140.285] [22332:22334] [DMG] 					Attribute = 0x0000_000C,[0m
[0;34m[1784838140.285] [22332:22334] [DMG] 				}[0m
[0;34m[1784838140.285] [22332:22334] [DMG] 					[0m
[0;34m[1784838140.285] [22332:22334] [DMG] 				StatusIB =[0m
[0;34m[1784838140.285] [22332:22334] [DMG] 				{[0m
[0;34m[1784838140.285] [22332:22334] [DMG] 					status = 0x86 (UNSUPPORTED_ATTRIBUTE),[0m
[0;34m[1784838140.285] [22332:22334] [DMG] 				},[0m
[0;34m[1784838140.285] [22332:22334] [DMG] 				[0m
[0;34m[1784838140.285] [22332:22334] [DMG] 			},[0m
[0;34m[1784838140.285] [22332:22334] [DMG] 			[0m
[0;34m[1784838140.285] [22332:22334] [DMG] 		},[0m
[0;34m[1784838140.285] [22332:22334] [DMG] 		[0m
[0;34m[1784838140.285] [22332:22334] [DMG] 		AttributeReportIB =[0m
[0;34m[1784838140.285] [22332:22334] [DMG] 		{[0m
[0;34m[1784838140.285] [22332:22334] [DMG] 			AttributeDataIB =[0m
[0;34m[1784838140.285] [22332:22334] [DMG] 			{[0m
[0;34m[1784838140.285] [22332:22334] [DMG] 				DataVersion = 0xb2346b78,[0m
[0;34m[1784838140.285] [22332:22334] [DMG] 				AttributePathIB =[0m
[0;34m[1784838140.285] [22332:22334] [DMG] 				{[0m
[0;34m[1784838140.285] [22332:22334] [DMG] 					Endpoint = 0x0,[0m
[0;34m[1784838140.285] [22332:22334] [DMG] 					Cluster = 0x30,[0m
[0;34m[1784838140.285] [22332:22334] [DMG] 					Attribute = 0x0000_0003,[0m
[0;34m[1784838140.285] [22332:22334] [DMG] 				}[0m
[0;34m[1784838140.285] [22332:22334] [DMG] 					[0m
[0;34m[1784838140.285] [22332:22334] [DMG] 				Data = 2 (unsigned), [0m
[0;34m[1784838140.285] [22332:22334] [DMG] 			},[0m
[0;34m[1784838140.285] [22332:22334] [DMG] 			[0m
[0;34m[1784838140.285] [22332:22334] [DMG] 		},[0m
[0;34m[1784838140.285] [22332:22334] [DMG] 		[0m
[0;34m[1784838140.285] [22332:22334] [DMG] 		AttributeReportIB =[0m
[0;34m[1784838140.285] [22332:22334] [DMG] 		{[0m
[0;34m[1784838140.285] [22332:22334] [DMG] 			AttributeDataIB =[0m
[0;34m[1784838140.285] [22332:22334] [DMG] 			{[0m
[0;34m[1784838140.285] [22332:22334] [DMG] 				DataVersion = 0xb2346b78,[0m
[0;34m[1784838140.285] [22332:22334] [DMG] 				AttributePathIB =[0m
[0;34m[1784838140.285] [22332:22334] [DMG] 				{[0m
[0;34m[1784838140.285] [22332:22334] [DMG] 					Endpoint = 0x0,[0m
[0;34m[1784838140.285] [22332:22334] [DMG] 					Cluster = 0x30,[0m
[0;34m[1784838140.285] [22332:22334] [DMG] 					Attribute = 0x0000_0002,[0m
[0;34m[1784838140.285] [22332:22334] [DMG] 				}[0m
[0;34m[1784838140.285] [22332:22334] [DMG] 					[0m
[0;34m[1784838140.285] [22332:22334] [DMG] 				Data = 0 (unsigned), [0m
[0;34m[1784838140.285] [22332:22334] [DMG] 			},[0m
[0;34m[1784838140.285] [22332:22334] [DMG] 			[0m
[0;34m[1784838140.285] [22332:22334] [DMG] 		},[0m
[0;34m[1784838140.285] [22332:22334] [DMG] 		[0m
[0;34m[1784838140.285] [22332:22334] [DMG] 		AttributeReportIB =[0m
[0;34m[1784838140.285] [22332:22334] [DMG] 		{[0m
[0;34m[1784838140.285] [22332:22334] [DMG] 			AttributeDataIB =[0m
[0;34m[1784838140.285] [22332:22334] [DMG] 			{[0m
[0;34m[1784838140.285] [22332:22334] [DMG] 				DataVersion = 0xb2346b78,[0m
[0;34m[1784838140.285] [22332:22334] [DMG] 				AttributePathIB =[0m
[0;34m[1784838140.285] [22332:22334] [DMG] 				{[0m
[0;34m[1784838140.285] [22332:22334] [DMG] 					Endpoint = 0x0,[0m
[0;34m[1784838140.285] [22332:22334] [DMG] 					Cluster = 0x30,[0m
[0;34m[1784838140.285] [22332:22334] [DMG] 					Attribute = 0x0000_0001,[0m
[0;34m[1784838140.285] [22332:22334] [DMG] 				}[0m
[0;34m[1784838140.285] [22332:22334] [DMG] 					[0m
[0;34m[1784838140.285] [22332:22334] [DMG] 				Data = [0m
[0;34m[1784838140.285] [22332:22334] [DMG] 				{[0m
[0;34m[1784838140.285] [22332:22334] [DMG] 					0x0 = 60 (unsigned), [0m
[0;34m[1784838140.285] [22332:22334] [DMG] 					0x1 = 900 (unsigned), [0m
[0;34m[1784838140.285] [22332:22334] [DMG] 				},[0m
[0;34m[1784838140.285] [22332:22334] [DMG] 			},[0m
[0;34m[1784838140.285] [22332:22334] [DMG] 			[0m
[0;34m[1784838140.285] [22332:22334] [DMG] 		},[0m
[0;34m[1784838140.285] [22332:22334] [DMG] 		[0m
[0;34m[1784838140.285] [22332:22334] [DMG] 		AttributeReportIB =[0m
[0;34m[1784838140.285] [22332:22334] [DMG] 		{[0m
[0;34m[1784838140.285] [22332:22334] [DMG] 			AttributeDataIB =[0m
[0;34m[1784838140.285] [22332:22334] [DMG] 			{[0m
[0;34m[1784838140.285] [22332:22334] [DMG] 				DataVersion = 0xb2346b78,[0m
[0;34m[1784838140.285] [22332:22334] [DMG] 				AttributePathIB =[0m
[0;34m[1784838140.285] [22332:22334] [DMG] 				{[0m
[0;34m[1784838140.285] [22332:22334] [DMG] 					Endpoint = 0x0,[0m
[0;34m[1784838140.285] [22332:22334] [DMG] 					Cluster = 0x30,[0m
[0;34m[1784838140.285] [22332:22334] [DMG] 					Attribute = 0x0000_0000,[0m
[0;34m[1784838140.285] [22332:22334] [DMG] 				}[0m
[0;34m[1784838140.285] [22332:22334] [DMG] 					[0m
[0;34m[1784838140.285] [22332:22334] [DMG] 				Data = 0 (unsigned), [0m
[0;34m[1784838140.285] [22332:22334] [DMG] 			},[0m
[0;34m[1784838140.285] [22332:22334] [DMG] 			[0m
[0;34m[1784838140.285] [22332:22334] [DMG] 		},[0m
[0;34m[1784838140.285] [22332:22334] [DMG] 		[0m
[0;34m[1784838140.285] [22332:22334] [DMG] 		AttributeReportIB =[0m
[0;34m[1784838140.286] [22332:22334] [DMG] 		{[0m
[0;34m[1784838140.286] [22332:22334] [DMG] 			AttributeDataIB =[0m
[0;34m[1784838140.286] [22332:22334] [DMG] 			{[0m
[0;34m[1784838140.286] [22332:22334] [DMG] 				DataVersion = 0xb2346b78,[0m
[0;34m[1784838140.286] [22332:22334] [DMG] 				AttributePathIB =[0m
[0;34m[1784838140.286] [22332:22334] [DMG] 				{[0m
[0;34m[1784838140.286] [22332:22334] [DMG] 					Endpoint = 0x0,[0m
[0;34m[1784838140.286] [22332:22334] [DMG] 					Cluster = 0x30,[0m
[0;34m[1784838140.286] [22332:22334] [DMG] 					Attribute = 0x0000_0004,[0m
[0;34m[1784838140.286] [22332:22334] [DMG] 				}[0m
[0;34m[1784838140.286] [22332:22334] [DMG] 					[0m
[0;34m[1784838140.286] [22332:22334] [DMG] 				Data = true, [0m
[0;34m[1784838140.286] [22332:22334] [DMG] 			},[0m
[0;34m[1784838140.286] [22332:22334] [DMG] 			[0m
[0;34m[1784838140.286] [22332:22334] [DMG] 		},[0m
[0;34m[1784838140.286] [22332:22334] [DMG] 		[0m
[0;34m[1784838140.286] [22332:22334] [DMG] 	],[0m
[0;34m[1784838140.286] [22332:22334] [DMG] 	[0m
[0;34m[1784838140.286] [22332:22334] [DMG] 	SuppressResponse = true, [0m
[0;34m[1784838140.286] [22332:22334] [DMG] 	InteractionModelRevision = 12[0m
[0;34m[1784838140.286] [22332:22334] [DMG] }[0m
[0;34m[1784838140.286] [22332:22334] [DMG] SendReadRequest ReadClient[0x70164c0351e0]: Sending Read Request[0m
[0;32m[1784838140.286] [22332:22334] [DMG] 0 data version filters provided, 0 not relevant, 0 encoded, 0 skipped due to lack of space[0m
[0;32m[1784838140.286] [22332:22334] [EM] <<< [E:60100i S:10354 M:109671670] (S) Msg TX from 0000000000000000 to 0:FFFFFFFB00000000 [0000] [UDP:[fe80::bfe:a203:38f0:bce7%enp0s3]:5540] --- Type 0001:02 (IM:ReadRequest) (B:112)[0m
[0;32m[1784838140.286] [22332:22334] [EM] ??1 [E:60100i S:10354 M:109671670] (S) Msg Retransmission to 0:FFFFFFFB00000000 scheduled for 349ms from now [State:Active II:500 AI:300 AT:4000][0m
[0;34m[1784838140.286] [22332:22334] [DMG] MoveToState ReadClient[0x70164c0351e0]: Moving to [AwaitingIn][0m
[0;32m[1784838140.286] [22332:22334] [EM] <<< [E:60099i S:10354 M:109671671 (Ack:139703138)] (S) Msg TX from 0000000000000000 to 0:FFFFFFFB00000000 [0000] [UDP:[fe80::bfe:a203:38f0:bce7%enp0s3]:5540] --- Type 0000:10 (SecureChannel:StandaloneAck) (B:34)[0m
[0;34m[1784838140.286] [22332:22334] [EM] Flushed pending ack for MessageCounter:139703138 on exchange 60099i[0m
[0;32m[1784838140.287] [22332:22334] [EM] >>> [E:60100i S:10354 M:139703139 (Ack:109671670)] (S) Msg RX from 0:FFFFFFFB00000000 [0000] to 0000000000000000 --- Type 0001:05 (IM:ReportData) (B:186)[0m
[0;34m[1784838140.287] [22332:22334] [EM] Found matching exchange: 60100i, Delegate: 0x70164c0351f0[0m
[0;34m[1784838140.287] [22332:22334] [EM] Rxd Ack; Removing MessageCounter:109671670 from Retrans Table on exchange 60100i[0m
[0;34m[1784838140.287] [22332:22334] [DMG] ReportDataMessage =[0m
[0;34m[1784838140.287] [22332:22334] [DMG] {[0m
[0;34m[1784838140.287] [22332:22334] [DMG] 	AttributeReportIBs =[0m
[0;34m[1784838140.287] [22332:22334] [DMG] 	[[0m
[0;34m[1784838140.287] [22332:22334] [DMG] 		AttributeReportIB =[0m
[0;34m[1784838140.287] [22332:22334] [DMG] 		{[0m
[0;34m[1784838140.287] [22332:22334] [DMG] 			AttributeStatusIB =[0m
[0;34m[1784838140.287] [22332:22334] [DMG] 			{[0m
[0;34m[1784838140.287] [22332:22334] [DMG] 				AttributePathIB =[0m
[0;34m[1784838140.287] [22332:22334] [DMG] 				{[0m
[0;34m[1784838140.287] [22332:22334] [DMG] 					Endpoint = 0x0,[0m
[0;34m[1784838140.287] [22332:22334] [DMG] 					Cluster = 0x46,[0m
[0;34m[1784838140.287] [22332:22334] [DMG] 					Attribute = 0x0000_0002,[0m
[0;34m[1784838140.287] [22332:22334] [DMG] 				}[0m
[0;34m[1784838140.287] [22332:22334] [DMG] 					[0m
[0;34m[1784838140.287] [22332:22334] [DMG] 				StatusIB =[0m
[0;34m[1784838140.287] [22332:22334] [DMG] 				{[0m
[0;34m[1784838140.287] [22332:22334] [DMG] 					status = 0xc3 (UNSUPPORTED_CLUSTER),[0m
[0;34m[1784838140.287] [22332:22334] [DMG] 				},[0m
[0;34m[1784838140.287] [22332:22334] [DMG] 				[0m
[0;34m[1784838140.287] [22332:22334] [DMG] 			},[0m
[0;34m[1784838140.287] [22332:22334] [DMG] 			[0m
[0;34m[1784838140.287] [22332:22334] [DMG] 		},[0m
[0;34m[1784838140.287] [22332:22334] [DMG] 		[0m
[0;34m[1784838140.287] [22332:22334] [DMG] 		AttributeReportIB =[0m
[0;34m[1784838140.287] [22332:22334] [DMG] 		{[0m
[0;34m[1784838140.287] [22332:22334] [DMG] 			AttributeStatusIB =[0m
[0;34m[1784838140.287] [22332:22334] [DMG] 			{[0m
[0;34m[1784838140.287] [22332:22334] [DMG] 				AttributePathIB =[0m
[0;34m[1784838140.287] [22332:22334] [DMG] 				{[0m
[0;34m[1784838140.287] [22332:22334] [DMG] 					Endpoint = 0x0,[0m
[0;34m[1784838140.287] [22332:22334] [DMG] 					Cluster = 0x46,[0m
[0;34m[1784838140.287] [22332:22334] [DMG] 					Attribute = 0x0000_0001,[0m
[0;34m[1784838140.287] [22332:22334] [DMG] 				}[0m
[0;34m[1784838140.287] [22332:22334] [DMG] 					[0m
[0;34m[1784838140.287] [22332:22334] [DMG] 				StatusIB =[0m
[0;34m[1784838140.287] [22332:22334] [DMG] 				{[0m
[0;34m[1784838140.287] [22332:22334] [DMG] 					status = 0xc3 (UNSUPPORTED_CLUSTER),[0m
[0;34m[1784838140.287] [22332:22334] [DMG] 				},[0m
[0;34m[1784838140.287] [22332:22334] [DMG] 				[0m
[0;34m[1784838140.287] [22332:22334] [DMG] 			},[0m
[0;34m[1784838140.287] [22332:22334] [DMG] 			[0m
[0;34m[1784838140.287] [22332:22334] [DMG] 		},[0m
[0;34m[1784838140.287] [22332:22334] [DMG] 		[0m
[0;34m[1784838140.287] [22332:22334] [DMG] 		AttributeReportIB =[0m
[0;34m[1784838140.287] [22332:22334] [DMG] 		{[0m
[0;34m[1784838140.287] [22332:22334] [DMG] 			AttributeStatusIB =[0m
[0;34m[1784838140.287] [22332:22334] [DMG] 			{[0m
[0;34m[1784838140.287] [22332:22334] [DMG] 				AttributePathIB =[0m
[0;34m[1784838140.287] [22332:22334] [DMG] 				{[0m
[0;34m[1784838140.287] [22332:22334] [DMG] 					Endpoint = 0x0,[0m
[0;34m[1784838140.287] [22332:22334] [DMG] 					Cluster = 0x46,[0m
[0;34m[1784838140.287] [22332:22334] [DMG] 					Attribute = 0x0000_0000,[0m
[0;34m[1784838140.287] [22332:22334] [DMG] 				}[0m
[0;34m[1784838140.287] [22332:22334] [DMG] 					[0m
[0;34m[1784838140.287] [22332:22334] [DMG] 				StatusIB =[0m
[0;34m[1784838140.287] [22332:22334] [DMG] 				{[0m
[0;34m[1784838140.287] [22332:22334] [DMG] 					status = 0xc3 (UNSUPPORTED_CLUSTER),[0m
[0;34m[1784838140.287] [22332:22334] [DMG] 				},[0m
[0;34m[1784838140.287] [22332:22334] [DMG] 				[0m
[0;34m[1784838140.287] [22332:22334] [DMG] 			},[0m
[0;34m[1784838140.287] [22332:22334] [DMG] 			[0m
[0;34m[1784838140.287] [22332:22334] [DMG] 		},[0m
[0;34m[1784838140.287] [22332:22334] [DMG] 		[0m
[0;34m[1784838140.287] [22332:22334] [DMG] 		AttributeReportIB =[0m
[0;34m[1784838140.287] [22332:22334] [DMG] 		{[0m
[0;34m[1784838140.287] [22332:22334] [DMG] 			AttributeStatusIB =[0m
[0;34m[1784838140.287] [22332:22334] [DMG] 			{[0m
[0;34m[1784838140.287] [22332:22334] [DMG] 				AttributePathIB =[0m
[0;34m[1784838140.287] [22332:22334] [DMG] 				{[0m
[0;34m[1784838140.287] [22332:22334] [DMG] 					Endpoint = 0x0,[0m
[0;34m[1784838140.287] [22332:22334] [DMG] 					Cluster = 0x46,[0m
[0;34m[1784838140.287] [22332:22334] [DMG] 					Attribute = 0x0000_0007,[0m
[0;34m[1784838140.287] [22332:22334] [DMG] 				}[0m
[0;34m[1784838140.287] [22332:22334] [DMG] 					[0m
[0;34m[1784838140.287] [22332:22334] [DMG] 				StatusIB =[0m
[0;34m[1784838140.287] [22332:22334] [DMG] 				{[0m
[0;34m[1784838140.287] [22332:22334] [DMG] 					status = 0xc3 (UNSUPPORTED_CLUSTER),[0m
[0;34m[1784838140.287] [22332:22334] [DMG] 				},[0m
[0;34m[1784838140.287] [22332:22334] [DMG] 				[0m
[0;34m[1784838140.287] [22332:22334] [DMG] 			},[0m
[0;34m[1784838140.287] [22332:22334] [DMG] 			[0m
[0;34m[1784838140.287] [22332:22334] [DMG] 		},[0m
[0;34m[1784838140.287] [22332:22334] [DMG] 		[0m
[0;34m[1784838140.287] [22332:22334] [DMG] 		AttributeReportIB =[0m
[0;34m[1784838140.287] [22332:22334] [DMG] 		{[0m
[0;34m[1784838140.287] [22332:22334] [DMG] 			AttributeStatusIB =[0m
[0;34m[1784838140.287] [22332:22334] [DMG] 			{[0m
[0;34m[1784838140.287] [22332:22334] [DMG] 				AttributePathIB =[0m
[0;34m[1784838140.287] [22332:22334] [DMG] 				{[0m
[0;34m[1784838140.287] [22332:22334] [DMG] 					Endpoint = 0x0,[0m
[0;34m[1784838140.287] [22332:22334] [DMG] 					Cluster = 0x46,[0m
[0;34m[1784838140.287] [22332:22334] [DMG] 					Attribute = 0x0000_0006,[0m
[0;34m[1784838140.287] [22332:22334] [DMG] 				}[0m
[0;34m[1784838140.287] [22332:22334] [DMG] 					[0m
[0;34m[1784838140.287] [22332:22334] [DMG] 				StatusIB =[0m
[0;34m[1784838140.287] [22332:22334] [DMG] 				{[0m
[0;34m[1784838140.287] [22332:22334] [DMG] 					status = 0xc3 (UNSUPPORTED_CLUSTER),[0m
[0;34m[1784838140.287] [22332:22334] [DMG] 				},[0m
[0;34m[1784838140.287] [22332:22334] [DMG] 				[0m
[0;34m[1784838140.287] [22332:22334] [DMG] 			},[0m
[0;34m[1784838140.287] [22332:22334] [DMG] 			[0m
[0;34m[1784838140.287] [22332:22334] [DMG] 		},[0m
[0;34m[1784838140.287] [22332:22334] [DMG] 		[0m
[0;34m[1784838140.287] [22332:22334] [DMG] 		AttributeReportIB =[0m
[0;34m[1784838140.287] [22332:22334] [DMG] 		{[0m
[0;34m[1784838140.287] [22332:22334] [DMG] 			AttributeDataIB =[0m
[0;34m[1784838140.287] [22332:22334] [DMG] 			{[0m
[0;34m[1784838140.287] [22332:22334] [DMG] 				DataVersion = 0x2729c8f8,[0m
[0;34m[1784838140.287] [22332:22334] [DMG] 				AttributePathIB =[0m
[0;34m[1784838140.287] [22332:22334] [DMG] 				{[0m
[0;34m[1784838140.287] [22332:22334] [DMG] 					Endpoint = 0x0,[0m
[0;34m[1784838140.287] [22332:22334] [DMG] 					Cluster = 0x31,[0m
[0;34m[1784838140.287] [22332:22334] [DMG] 					Attribute = 0x0000_FFFC,[0m
[0;34m[1784838140.287] [22332:22334] [DMG] 				}[0m
[0;34m[1784838140.287] [22332:22334] [DMG] 					[0m
[0;34m[1784838140.287] [22332:22334] [DMG] 				Data = 4 (unsigned), [0m
[0;34m[1784838140.287] [22332:22334] [DMG] 			},[0m
[0;34m[1784838140.287] [22332:22334] [DMG] 			[0m
[0;34m[1784838140.287] [22332:22334] [DMG] 		},[0m
[0;34m[1784838140.287] [22332:22334] [DMG] 		[0m
[0;34m[1784838140.287] [22332:22334] [DMG] 	],[0m
[0;34m[1784838140.287] [22332:22334] [DMG] 	[0m
[0;34m[1784838140.287] [22332:22334] [DMG] 	SuppressResponse = true, [0m
[0;34m[1784838140.287] [22332:22334] [DMG] 	InteractionModelRevision = 12[0m
[0;34m[1784838140.287] [22332:22334] [DMG] }[0m
[1;31m[1784838140.288] [22332:22334] [CTL] Ignoring failure to read IsCommissioningWithoutPower: src/app/ClusterStateCache.cpp:294: CHIP Error 0x000000CA: Interaction Model Error[0m
[0;32m[1784838140.288] [22332:22334] [CTL] NetworkCommissioning Features: has Ethernet. endpointid = 0[0m
[0;32m[1784838140.288] [22332:22334] [SVR] OnReadCommissioningInfo - vendorId=0xFFF1 productId=0x8001[0m
[0;32m[1784838140.288] [22332:22334] [SVR] OnReadCommissioningInfo ICD - IdleModeDuration=0 activeModeDuration=0 activeModeThreshold=0[0m
[0;32m[1784838140.288] [22332:22334] [CTL] Successfully finished commissioning step 'ReadCommissioningInfo'[0m
[0;32m[1784838140.288] [22332:22334] [CTL] Commissioning stage next step: 'ReadCommissioningInfo' -> 'ArmFailSafe'[0m
[0;32m[1784838140.288] [22332:22334] [CTL] Performing next commissioning step 'ArmFailSafe'[0m
[0;34m[1784838140.288] [22332:22334] [TOO] Starting commissioning stage 'ArmFailSafe'[0m
[0;32m[1784838140.288] [22332:22334] [CTL] Arming failsafe (60 seconds)[0m
[0;34m[1784838140.288] [22332:22334] [DMG] ICR moving to [AddingComm][0m
[0;34m[1784838140.288] [22332:22334] [DMG] ICR moving to [AddedComma][0m
[0;32m[1784838140.288] [22332:22334] [EM] <<< [E:60101i S:10354 M:109671672] (S) Msg TX from 0000000000000000 to 0:FFFFFFFB00000000 [0000] [UDP:[fe80::bfe:a203:38f0:bce7%enp0s3]:5540] --- Type 0001:08 (IM:InvokeCommandRequest) (B:65)[0m
[0;32m[1784838140.288] [22332:22334] [EM] ??1 [E:60101i S:10354 M:109671672] (S) Msg Retransmission to 0:FFFFFFFB00000000 scheduled for 348ms from now [State:Active II:500 AI:300 AT:4000][0m
[0;34m[1784838140.288] [22332:22334] [DMG] ICR moving to [AwaitingRe][0m
[0;32m[1784838140.288] [22332:22334] [EM] <<< [E:60100i S:10354 M:109671673 (Ack:139703139)] (S) Msg TX from 0000000000000000 to 0:FFFFFFFB00000000 [0000] [UDP:[fe80::bfe:a203:38f0:bce7%enp0s3]:5540] --- Type 0000:10 (SecureChannel:StandaloneAck) (B:34)[0m
[0;34m[1784838140.288] [22332:22334] [EM] Flushed pending ack for MessageCounter:139703139 on exchange 60100i[0m
[0;32m[1784838140.288] [22332:22334] [EM] >>> [E:60101i S:10354 M:139703140 (Ack:109671672)] (S) Msg RX from 0:FFFFFFFB00000000 [0000] to 0000000000000000 --- Type 0001:09 (IM:InvokeCommandResponse) (B:70)[0m
[0;34m[1784838140.288] [22332:22334] [EM] Found matching exchange: 60101i, Delegate: 0x70164c0382d8[0m
[0;34m[1784838140.288] [22332:22334] [EM] Rxd Ack; Removing MessageCounter:109671672 from Retrans Table on exchange 60101i[0m
[0;34m[1784838140.288] [22332:22334] [DMG] ICR moving to [ResponseRe][0m
[0;34m[1784838140.288] [22332:22334] [DMG] InvokeResponseMessage =[0m
[0;34m[1784838140.288] [22332:22334] [DMG] {[0m
[0;34m[1784838140.288] [22332:22334] [DMG] 	suppressResponse = false, [0m
[0;34m[1784838140.288] [22332:22334] [DMG] 	InvokeResponseIBs =[0m
[0;34m[1784838140.288] [22332:22334] [DMG] 	[[0m
[0;34m[1784838140.288] [22332:22334] [DMG] 		InvokeResponseIB =[0m
[0;34m[1784838140.288] [22332:22334] [DMG] 		{[0m
[0;34m[1784838140.288] [22332:22334] [DMG] 			CommandDataIB =[0m
[0;34m[1784838140.288] [22332:22334] [DMG] 			{[0m
[0;34m[1784838140.288] [22332:22334] [DMG] 				CommandPathIB =[0m
[0;34m[1784838140.288] [22332:22334] [DMG] 				{[0m
[0;34m[1784838140.288] [22332:22334] [DMG] 					EndpointId = 0x0,[0m
[0;34m[1784838140.288] [22332:22334] [DMG] 					ClusterId = 0x30,[0m
[0;34m[1784838140.288] [22332:22334] [DMG] 					CommandId = 0x1,[0m
[0;34m[1784838140.288] [22332:22334] [DMG] 				},[0m
[0;34m[1784838140.288] [22332:22334] [DMG] 				[0m
[0;34m[1784838140.288] [22332:22334] [DMG] 				CommandFields = [0m
[0;34m[1784838140.288] [22332:22334] [DMG] 				{[0m
[0;34m[1784838140.288] [22332:22334] [DMG] 					0x0 = 0 (unsigned), [0m
[0;34m[1784838140.288] [22332:22334] [DMG] 					0x1 = "" (0 chars), [0m
[0;34m[1784838140.288] [22332:22334] [DMG] 				},[0m
[0;34m[1784838140.288] [22332:22334] [DMG] 			},[0m
[0;34m[1784838140.288] [22332:22334] [DMG] 			[0m
[0;34m[1784838140.288] [22332:22334] [DMG] 		},[0m
[0;34m[1784838140.288] [22332:22334] [DMG] 		[0m
[0;34m[1784838140.288] [22332:22334] [DMG] 	],[0m
[0;34m[1784838140.288] [22332:22334] [DMG] 	[0m
[0;34m[1784838140.288] [22332:22334] [DMG] 	InteractionModelRevision = 12[0m
[0;34m[1784838140.288] [22332:22334] [DMG] },[0m
[0;32m[1784838140.288] [22332:22334] [DMG] Received Command Response Data, Endpoint=0 Cluster=0x0000_0030 Command=0x0000_0001[0m
[0;32m[1784838140.288] [22332:22334] [CTL] Received ArmFailSafe response errorCode=0[0m
[0;32m[1784838140.288] [22332:22334] [CTL] Successfully finished commissioning step 'ArmFailSafe'[0m
[0;32m[1784838140.288] [22332:22334] [CTL] Commissioning stage next step: 'ArmFailSafe' -> 'ConfigRegulatory'[0m
[0;32m[1784838140.288] [22332:22334] [CTL] Performing next commissioning step 'ConfigRegulatory'[0m
[0;34m[1784838140.288] [22332:22334] [TOO] Starting commissioning stage 'ConfigRegulatory'[0m
[0;32m[1784838140.288] [22332:22334] [CTL] Setting Regulatory Config[0m
[0;32m[1784838140.288] [22332:22334] [CTL] No regulatory config supplied by controller, leaving as device default (0)[0m
[0;34m[1784838140.288] [22332:22334] [DMG] ICR moving to [AddingComm][0m
[0;34m[1784838140.288] [22332:22334] [DMG] ICR moving to [AddedComma][0m
[0;32m[1784838140.288] [22332:22334] [EM] <<< [E:60102i S:10354 M:109671674] (S) Msg TX from 0000000000000000 to 0:FFFFFFFB00000000 [0000] [UDP:[fe80::bfe:a203:38f0:bce7%enp0s3]:5540] --- Type 0001:08 (IM:InvokeCommandRequest) (B:70)[0m
[0;32m[1784838140.288] [22332:22334] [EM] ??1 [E:60102i S:10354 M:109671674] (S) Msg Retransmission to 0:FFFFFFFB00000000 scheduled for 330ms from now [State:Active II:500 AI:300 AT:4000][0m
[0;34m[1784838140.288] [22332:22334] [DMG] ICR moving to [AwaitingRe][0m
[0;34m[1784838140.288] [22332:22334] [DMG] ICR moving to [AwaitingDe][0m
[0;32m[1784838140.288] [22332:22334] [EM] <<< [E:60101i S:10354 M:109671675 (Ack:139703140)] (S) Msg TX from 0000000000000000 to 0:FFFFFFFB00000000 [0000] [UDP:[fe80::bfe:a203:38f0:bce7%enp0s3]:5540] --- Type 0000:10 (SecureChannel:StandaloneAck) (B:34)[0m
[0;34m[1784838140.288] [22332:22334] [EM] Flushed pending ack for MessageCounter:139703140 on exchange 60101i[0m
[0;32m[1784838140.294] [22332:22334] [EM] >>> [E:60102i S:10354 M:139703141 (Ack:109671674)] (S) Msg RX from 0:FFFFFFFB00000000 [0000] to 0000000000000000 --- Type 0001:09 (IM:InvokeCommandResponse) (B:70)[0m
[0;34m[1784838140.294] [22332:22334] [EM] Found matching exchange: 60102i, Delegate: 0x70164c035058[0m
[0;34m[1784838140.294] [22332:22334] [EM] Rxd Ack; Removing MessageCounter:109671674 from Retrans Table on exchange 60102i[0m
[0;34m[1784838140.294] [22332:22334] [DMG] ICR moving to [ResponseRe][0m
[0;34m[1784838140.294] [22332:22334] [DMG] InvokeResponseMessage =[0m
[0;34m[1784838140.294] [22332:22334] [DMG] {[0m
[0;34m[1784838140.294] [22332:22334] [DMG] 	suppressResponse = false, [0m
[0;34m[1784838140.294] [22332:22334] [DMG] 	InvokeResponseIBs =[0m
[0;34m[1784838140.294] [22332:22334] [DMG] 	[[0m
[0;34m[1784838140.294] [22332:22334] [DMG] 		InvokeResponseIB =[0m
[0;34m[1784838140.294] [22332:22334] [DMG] 		{[0m
[0;34m[1784838140.294] [22332:22334] [DMG] 			CommandDataIB =[0m
[0;34m[1784838140.294] [22332:22334] [DMG] 			{[0m
[0;34m[1784838140.294] [22332:22334] [DMG] 				CommandPathIB =[0m
[0;34m[1784838140.294] [22332:22334] [DMG] 				{[0m
[0;34m[1784838140.294] [22332:22334] [DMG] 					EndpointId = 0x0,[0m
[0;34m[1784838140.294] [22332:22334] [DMG] 					ClusterId = 0x30,[0m
[0;34m[1784838140.294] [22332:22334] [DMG] 					CommandId = 0x3,[0m
[0;34m[1784838140.294] [22332:22334] [DMG] 				},[0m
[0;34m[1784838140.294] [22332:22334] [DMG] 				[0m
[0;34m[1784838140.294] [22332:22334] [DMG] 				CommandFields = [0m
[0;34m[1784838140.294] [22332:22334] [DMG] 				{[0m
[0;34m[1784838140.294] [22332:22334] [DMG] 					0x0 = 0 (unsigned), [0m
[0;34m[1784838140.294] [22332:22334] [DMG] 					0x1 = "" (0 chars), [0m
[0;34m[1784838140.294] [22332:22334] [DMG] 				},[0m
[0;34m[1784838140.294] [22332:22334] [DMG] 			},[0m
[0;34m[1784838140.294] [22332:22334] [DMG] 			[0m
[0;34m[1784838140.294] [22332:22334] [DMG] 		},[0m
[0;34m[1784838140.294] [22332:22334] [DMG] 		[0m
[0;34m[1784838140.294] [22332:22334] [DMG] 	],[0m
[0;34m[1784838140.294] [22332:22334] [DMG] 	[0m
[0;34m[1784838140.294] [22332:22334] [DMG] 	InteractionModelRevision = 12[0m
[0;34m[1784838140.294] [22332:22334] [DMG] },[0m
[0;32m[1784838140.294] [22332:22334] [DMG] Received Command Response Data, Endpoint=0 Cluster=0x0000_0030 Command=0x0000_0003[0m
[0;32m[1784838140.294] [22332:22334] [CTL] Received SetRegulatoryConfig response errorCode=0[0m
[0;32m[1784838140.294] [22332:22334] [CTL] Successfully finished commissioning step 'ConfigRegulatory'[0m
[0;32m[1784838140.294] [22332:22334] [CTL] Commissioning stage next step: 'ConfigRegulatory' -> 'ConfigureTCAcknowledgments'[0m
[0;32m[1784838140.294] [22332:22334] [CTL] Performing next commissioning step 'ConfigureTCAcknowledgments'[0m
[0;34m[1784838140.294] [22332:22334] [TOO] Starting commissioning stage 'ConfigureTCAcknowledgments'[0m
[0;32m[1784838140.294] [22332:22334] [CTL] Setting Terms and Conditions[0m
[0;32m[1784838140.294] [22332:22334] [CTL] Setting Terms and Conditions: Skipped[0m
[0;32m[1784838140.294] [22332:22334] [CTL] Successfully finished commissioning step 'ConfigureTCAcknowledgments'[0m
[0;32m[1784838140.294] [22332:22334] [CTL] Commissioning stage next step: 'ConfigureTCAcknowledgments' -> 'ConfigureUTCTime'[0m
[0;32m[1784838140.294] [22332:22334] [CTL] Performing next commissioning step 'ConfigureUTCTime'[0m
[0;34m[1784838140.294] [22332:22334] [TOO] Starting commissioning stage 'ConfigureUTCTime'[0m
[0;34m[1784838140.294] [22332:22334] [DMG] ICR moving to [AddingComm][0m
[0;34m[1784838140.294] [22332:22334] [DMG] ICR moving to [AddedComma][0m
[0;32m[1784838140.294] [22332:22334] [EM] <<< [E:60103i S:10354 M:109671676] (S) Msg TX from 0000000000000000 to 0:FFFFFFFB00000000 [0000] [UDP:[fe80::bfe:a203:38f0:bce7%enp0s3]:5540] --- Type 0001:08 (IM:InvokeCommandRequest) (B:72)[0m
[0;32m[1784838140.294] [22332:22334] [EM] ??1 [E:60103i S:10354 M:109671676] (S) Msg Retransmission to 0:FFFFFFFB00000000 scheduled for 395ms from now [State:Active II:500 AI:300 AT:4000][0m
[0;34m[1784838140.294] [22332:22334] [DMG] ICR moving to [AwaitingRe][0m
[0;34m[1784838140.294] [22332:22334] [DMG] ICR moving to [AwaitingDe][0m
[0;32m[1784838140.294] [22332:22334] [EM] <<< [E:60102i S:10354 M:109671677 (Ack:139703141)] (S) Msg TX from 0000000000000000 to 0:FFFFFFFB00000000 [0000] [UDP:[fe80::bfe:a203:38f0:bce7%enp0s3]:5540] --- Type 0000:10 (SecureChannel:StandaloneAck) (B:34)[0m
[0;34m[1784838140.294] [22332:22334] [EM] Flushed pending ack for MessageCounter:139703141 on exchange 60102i[0m
[0;32m[1784838140.294] [22332:22334] [EM] >>> [E:60103i S:10354 M:139703142 (Ack:109671676)] (S) Msg RX from 0:FFFFFFFB00000000 [0000] to 0000000000000000 --- Type 0001:09 (IM:InvokeCommandResponse) (B:70)[0m
[0;34m[1784838140.294] [22332:22334] [EM] Found matching exchange: 60103i, Delegate: 0x70164c0382d8[0m
[0;34m[1784838140.294] [22332:22334] [EM] Rxd Ack; Removing MessageCounter:109671676 from Retrans Table on exchange 60103i[0m
[0;34m[1784838140.294] [22332:22334] [DMG] ICR moving to [ResponseRe][0m
[0;34m[1784838140.294] [22332:22334] [DMG] InvokeResponseMessage =[0m
[0;34m[1784838140.294] [22332:22334] [DMG] {[0m
[0;34m[1784838140.294] [22332:22334] [DMG] 	suppressResponse = false, [0m
[0;34m[1784838140.294] [22332:22334] [DMG] 	InvokeResponseIBs =[0m
[0;34m[1784838140.294] [22332:22334] [DMG] 	[[0m
[0;34m[1784838140.294] [22332:22334] [DMG] 		InvokeResponseIB =[0m
[0;34m[1784838140.294] [22332:22334] [DMG] 		{[0m
[0;34m[1784838140.294] [22332:22334] [DMG] 			CommandStatusIB =[0m
[0;34m[1784838140.294] [22332:22334] [DMG] 			{[0m
[0;34m[1784838140.294] [22332:22334] [DMG] 				CommandPathIB =[0m
[0;34m[1784838140.294] [22332:22334] [DMG] 				{[0m
[0;34m[1784838140.294] [22332:22334] [DMG] 					EndpointId = 0x0,[0m
[0;34m[1784838140.294] [22332:22334] [DMG] 					ClusterId = 0x38,[0m
[0;34m[1784838140.294] [22332:22334] [DMG] 					CommandId = 0x0,[0m
[0;34m[1784838140.294] [22332:22334] [DMG] 				},[0m
[0;34m[1784838140.294] [22332:22334] [DMG] 				[0m
[0;34m[1784838140.294] [22332:22334] [DMG] 				StatusIB =[0m
[0;34m[1784838140.294] [22332:22334] [DMG] 				{[0m
[0;34m[1784838140.294] [22332:22334] [DMG] 					status = 0x01 (FAILURE),[0m
[0;34m[1784838140.294] [22332:22334] [DMG] 					cluster-status = 0x2,[0m
[0;34m[1784838140.294] [22332:22334] [DMG] 				},[0m
[0;34m[1784838140.294] [22332:22334] [DMG] 				[0m
[0;34m[1784838140.294] [22332:22334] [DMG] 			},[0m
[0;34m[1784838140.294] [22332:22334] [DMG] 			[0m
[0;34m[1784838140.294] [22332:22334] [DMG] 		},[0m
[0;34m[1784838140.294] [22332:22334] [DMG] 		[0m
[0;34m[1784838140.294] [22332:22334] [DMG] 	],[0m
[0;34m[1784838140.294] [22332:22334] [DMG] 	[0m
[0;34m[1784838140.294] [22332:22334] [DMG] 	InteractionModelRevision = 12[0m
[0;34m[1784838140.294] [22332:22334] [DMG] },[0m
[0;32m[1784838140.294] [22332:22334] [DMG] Received Command Response Status for Endpoint=0 Cluster=0x0000_0038 Command=0x0000_0000 Status=0x1[0m
[0;32m[1784838140.294] [22332:22334] [CTL] Successfully finished commissioning step 'ConfigureUTCTime'[0m
[0;32m[1784838140.294] [22332:22334] [CTL] Commissioning stage next step: 'ConfigureUTCTime' -> 'SendPAICertificateRequest'[0m
[0;32m[1784838140.294] [22332:22334] [CTL] Performing next commissioning step 'SendPAICertificateRequest'[0m
[0;34m[1784838140.294] [22332:22334] [TOO] Starting commissioning stage 'SendPAICertificateRequest'[0m
[0;32m[1784838140.294] [22332:22334] [CTL] Sending request for PAI certificate[0m
[0;34m[1784838140.294] [22332:22334] [CTL] Sending Certificate Chain request to 0x70164c033e20 device[0m
[0;34m[1784838140.294] [22332:22334] [DMG] ICR moving to [AddingComm][0m
[0;34m[1784838140.294] [22332:22334] [DMG] ICR moving to [AddedComma][0m
[0;32m[1784838140.295] [22332:22334] [EM] <<< [E:60104i S:10354 M:109671678] (S) Msg TX from 0000000000000000 to 0:FFFFFFFB00000000 [0000] [UDP:[fe80::bfe:a203:38f0:bce7%enp0s3]:5540] --- Type 0001:08 (IM:InvokeCommandRequest) (B:62)[0m
[0;32m[1784838140.295] [22332:22334] [EM] ??1 [E:60104i S:10354 M:109671678] (S) Msg Retransmission to 0:FFFFFFFB00000000 scheduled for 366ms from now [State:Active II:500 AI:300 AT:4000][0m
[0;34m[1784838140.295] [22332:22334] [DMG] ICR moving to [AwaitingRe][0m
[0;34m[1784838140.295] [22332:22334] [DMG] ICR moving to [AwaitingDe][0m
[0;32m[1784838140.295] [22332:22334] [EM] <<< [E:60103i S:10354 M:109671679 (Ack:139703142)] (S) Msg TX from 0000000000000000 to 0:FFFFFFFB00000000 [0000] [UDP:[fe80::bfe:a203:38f0:bce7%enp0s3]:5540] --- Type 0000:10 (SecureChannel:StandaloneAck) (B:34)[0m
[0;34m[1784838140.295] [22332:22334] [EM] Flushed pending ack for MessageCounter:139703142 on exchange 60103i[0m
[0;32m[1784838140.295] [22332:22334] [EM] >>> [E:60104i S:10354 M:139703143 (Ack:109671678)] (S) Msg RX from 0:FFFFFFFB00000000 [0000] to 0000000000000000 --- Type 0001:09 (IM:InvokeCommandResponse) (B:531)[0m
[0;34m[1784838140.295] [22332:22334] [EM] Found matching exchange: 60104i, Delegate: 0x70164c035058[0m
[0;34m[1784838140.295] [22332:22334] [EM] Rxd Ack; Removing MessageCounter:109671678 from Retrans Table on exchange 60104i[0m
[0;34m[1784838140.295] [22332:22334] [DMG] ICR moving to [ResponseRe][0m
[0;34m[1784838140.295] [22332:22334] [DMG] InvokeResponseMessage =[0m
[0;34m[1784838140.295] [22332:22334] [DMG] {[0m
[0;34m[1784838140.295] [22332:22334] [DMG] 	suppressResponse = false, [0m
[0;34m[1784838140.295] [22332:22334] [DMG] 	InvokeResponseIBs =[0m
[0;34m[1784838140.295] [22332:22334] [DMG] 	[[0m
[0;34m[1784838140.295] [22332:22334] [DMG] 		InvokeResponseIB =[0m
[0;34m[1784838140.295] [22332:22334] [DMG] 		{[0m
[0;34m[1784838140.295] [22332:22334] [DMG] 			CommandDataIB =[0m
[0;34m[1784838140.295] [22332:22334] [DMG] 			{[0m
[0;34m[1784838140.295] [22332:22334] [DMG] 				CommandPathIB =[0m
[0;34m[1784838140.295] [22332:22334] [DMG] 				{[0m
[0;34m[1784838140.295] [22332:22334] [DMG] 					EndpointId = 0x0,[0m
[0;34m[1784838140.295] [22332:22334] [DMG] 					ClusterId = 0x3e,[0m
[0;34m[1784838140.295] [22332:22334] [DMG] 					CommandId = 0x3,[0m
[0;34m[1784838140.295] [22332:22334] [DMG] 				},[0m
[0;34m[1784838140.295] [22332:22334] [DMG] 				[0m
[0;34m[1784838140.295] [22332:22334] [DMG] 				CommandFields = [0m
[0;34m[1784838140.295] [22332:22334] [DMG] 				{[0m
[0;34m[1784838140.295] [22332:22334] [DMG] 					0x0 = [[0m
[0;34m[1784838140.295] [22332:22334] [DMG] 							0x30, 0x82, 0x01, 0xcb, 0x30, 0x82, 0x01, 0x71, 0xa0, 0x03, 0x02, 0x01, 0x02, 0x02, 0x08, 0x56, 0xad, 0x82, 0x22, 0xad, 0x94, 0x5b, 0x64, 0x30, 0x0a, 0x06, 0x08, 0x2a, 0x86, 0x48, 0xce, 0x3d, 0x04, 0x03, 0x02, 0x30, 0x30, 0x31, 0x18, 0x30, 0x16, 0x06, 0x03, 0x55, 0x04, 0x03, 0x0c, 0x0f, 0x4d, 0x61, 0x74, 0x74, 0x65, 0x72, 0x20, 0x54, 0x65, 0x73, 0x74, 0x20, 0x50, 0x41, 0x41, 0x31, 0x14, 0x30, 0x12, 0x06, 0x0a, 0x2b, 0x06, 0x01, 0x04, 0x01, 0x82, 0xa2, 0x7c, 0x02, 0x01, 0x0c, 0x04, 0x46, 0x46, 0x46, 0x31, 0x30, 0x20, 0x17, 0x0d, 0x32, 0x32, 0x30, 0x32, 0x30, 0x35, 0x30, 0x30, 0x30, 0x30, 0x30, 0x30, 0x5a, 0x18, 0x0f, 0x39, 0x39, 0x39, 0x39, 0x31, 0x32, 0x33, 0x31, 0x32, 0x33, 0x35, 0x39, 0x35, 0x39, 0x5a, 0x30, 0x3d, 0x31, 0x25, 0x30, 0x23, 0x06, 0x03, 0x55, 0x04, 0x03, 0x0c, 0x1c, 0x4d, 0x61, 0x74, 0x74, 0x65, 0x72, 0x20, 0x44, 0x65, 0x76, 0x20, 0x50, 0x41, 0x49, 0x20, 0x30, 0x78, 0x46, 0x46, 0x46, 0x31, 0x20, 0x6e, 0x6f, 0x20, 0x50, 0x49, 0x44, 0x31, 0x14, 0x30, 0x12, 0x06, 0x0a, 0x2b, 0x06, 0x01, 0x04, 0x01, 0x82, 0xa2, 0x7c, 0x02, 0x01, 0x0c, 0x04, 0x46, 0x46, 0x46, 0x31, 0x30, 0x59, 0x30, 0x13, 0x06, 0x07, 0x2a, 0x86, 0x48, 0xce, 0x3d, 0x02, 0x01, 0x06, 0x08, 0x2a, 0x86, 0x48, 0xce, 0x3d, 0x03, 0x01, 0x07, 0x03, 0x42, 0x00, 0x04, 0x41, 0x9a, 0x93, 0x15, 0xc2, 0x17, 0x3e, 0x0c, 0x8c, 0x87, 0x6d, 0x03, 0xcc, 0xfc, 0x94, 0x48, 0x52, 0x64, 0x7f, 0x7f, 0xec, 0x5e, 0x50, 0x82, 0xf4, 0x05, 0x99, 0x28, 0xec, 0xa8, 0x94, 0xc5, 0x94, 0x15, 0x13, 0x09, 0xac, 0x63, 0x1e, 0x4c, 0xb0, 0x33, 0x92, 0xaf, 0x68, 0x4b, 0x0b, 0xaf, 0xb7, 0xe6, 0x5b, 0x3b, 0x81, 0x62, 0xc2, 0xf5, 0x2b, 0xf9, 0x31, 0xb8, 0xe7, 0x7a, 0xaa, 0x82, 0xa3, 0x66, 0x30, 0x64, 0x30, 0x12, 0x06, 0x03, 0x55, 0x1d, 0x[0m
[0;34m[1784838140.295] [22332:22334] [DMG] 					] (463 bytes)[0m
[0;34m[1784838140.295] [22332:22334] [DMG] 				},[0m
[0;34m[1784838140.295] [22332:22334] [DMG] 			},[0m
[0;34m[1784838140.295] [22332:22334] [DMG] 			[0m
[0;34m[1784838140.295] [22332:22334] [DMG] 		},[0m
[0;34m[1784838140.295] [22332:22334] [DMG] 		[0m
[0;34m[1784838140.295] [22332:22334] [DMG] 	],[0m
[0;34m[1784838140.295] [22332:22334] [DMG] 	[0m
[0;34m[1784838140.295] [22332:22334] [DMG] 	InteractionModelRevision = 12[0m
[0;34m[1784838140.295] [22332:22334] [DMG] },[0m
[0;32m[1784838140.295] [22332:22334] [DMG] Received Command Response Data, Endpoint=0 Cluster=0x0000_003E Command=0x0000_0003[0m
[0;32m[1784838140.295] [22332:22334] [CTL] Received certificate chain from the device[0m
[0;32m[1784838140.295] [22332:22334] [CTL] Successfully finished commissioning step 'SendPAICertificateRequest'[0m
[0;32m[1784838140.295] [22332:22334] [CTL] Commissioning stage next step: 'SendPAICertificateRequest' -> 'SendDACCertificateRequest'[0m
[0;32m[1784838140.295] [22332:22334] [CTL] Performing next commissioning step 'SendDACCertificateRequest'[0m
[0;34m[1784838140.295] [22332:22334] [TOO] Starting commissioning stage 'SendDACCertificateRequest'[0m
[0;32m[1784838140.295] [22332:22334] [CTL] Sending request for DAC certificate[0m
[0;34m[1784838140.295] [22332:22334] [CTL] Sending Certificate Chain request to 0x70164c033e20 device[0m
[0;34m[1784838140.295] [22332:22334] [DMG] ICR moving to [AddingComm][0m
[0;34m[1784838140.295] [22332:22334] [DMG] ICR moving to [AddedComma][0m
[0;32m[1784838140.295] [22332:22334] [EM] <<< [E:60105i S:10354 M:109671680] (S) Msg TX from 0000000000000000 to 0:FFFFFFFB00000000 [0000] [UDP:[fe80::bfe:a203:38f0:bce7%enp0s3]:5540] --- Type 0001:08 (IM:InvokeCommandRequest) (B:62)[0m
[0;32m[1784838140.295] [22332:22334] [EM] ??1 [E:60105i S:10354 M:109671680] (S) Msg Retransmission to 0:FFFFFFFB00000000 scheduled for 342ms from now [State:Active II:500 AI:300 AT:4000][0m
[0;34m[1784838140.295] [22332:22334] [DMG] ICR moving to [AwaitingRe][0m
[0;34m[1784838140.295] [22332:22334] [DMG] ICR moving to [AwaitingDe][0m
[0;32m[1784838140.295] [22332:22334] [EM] <<< [E:60104i S:10354 M:109671681 (Ack:139703143)] (S) Msg TX from 0000000000000000 to 0:FFFFFFFB00000000 [0000] [UDP:[fe80::bfe:a203:38f0:bce7%enp0s3]:5540] --- Type 0000:10 (SecureChannel:StandaloneAck) (B:34)[0m
[0;34m[1784838140.295] [22332:22334] [EM] Flushed pending ack for MessageCounter:139703143 on exchange 60104i[0m
[0;32m[1784838140.295] [22332:22334] [EM] >>> [E:60105i S:10354 M:139703144 (Ack:109671680)] (S) Msg RX from 0:FFFFFFFB00000000 [0000] to 0000000000000000 --- Type 0001:09 (IM:InvokeCommandResponse) (B:559)[0m
[0;34m[1784838140.295] [22332:22334] [EM] Found matching exchange: 60105i, Delegate: 0x70164c0382d8[0m
[0;34m[1784838140.295] [22332:22334] [EM] Rxd Ack; Removing MessageCounter:109671680 from Retrans Table on exchange 60105i[0m
[0;34m[1784838140.295] [22332:22334] [DMG] ICR moving to [ResponseRe][0m
[0;34m[1784838140.295] [22332:22334] [DMG] InvokeResponseMessage =[0m
[0;34m[1784838140.295] [22332:22334] [DMG] {[0m
[0;34m[1784838140.295] [22332:22334] [DMG] 	suppressResponse = false, [0m
[0;34m[1784838140.295] [22332:22334] [DMG] 	InvokeResponseIBs =[0m
[0;34m[1784838140.295] [22332:22334] [DMG] 	[[0m
[0;34m[1784838140.295] [22332:22334] [DMG] 		InvokeResponseIB =[0m
[0;34m[1784838140.295] [22332:22334] [DMG] 		{[0m
[0;34m[1784838140.295] [22332:22334] [DMG] 			CommandDataIB =[0m
[0;34m[1784838140.295] [22332:22334] [DMG] 			{[0m
[0;34m[1784838140.295] [22332:22334] [DMG] 				CommandPathIB =[0m
[0;34m[1784838140.295] [22332:22334] [DMG] 				{[0m
[0;34m[1784838140.295] [22332:22334] [DMG] 					EndpointId = 0x0,[0m
[0;34m[1784838140.295] [22332:22334] [DMG] 					ClusterId = 0x3e,[0m
[0;34m[1784838140.295] [22332:22334] [DMG] 					CommandId = 0x3,[0m
[0;34m[1784838140.295] [22332:22334] [DMG] 				},[0m
[0;34m[1784838140.295] [22332:22334] [DMG] 				[0m
[0;34m[1784838140.295] [22332:22334] [DMG] 				CommandFields = [0m
[0;34m[1784838140.295] [22332:22334] [DMG] 				{[0m
[0;34m[1784838140.295] [22332:22334] [DMG] 					0x0 = [[0m
[0;34m[1784838140.295] [22332:22334] [DMG] 							0x30, 0x82, 0x01, 0xe7, 0x30, 0x82, 0x01, 0x8e, 0xa0, 0x03, 0x02, 0x01, 0x02, 0x02, 0x08, 0x69, 0xcd, 0xf1, 0x0d, 0xe9, 0xe5, 0x4e, 0xd1, 0x30, 0x0a, 0x06, 0x08, 0x2a, 0x86, 0x48, 0xce, 0x3d, 0x04, 0x03, 0x02, 0x30, 0x3d, 0x31, 0x25, 0x30, 0x23, 0x06, 0x03, 0x55, 0x04, 0x03, 0x0c, 0x1c, 0x4d, 0x61, 0x74, 0x74, 0x65, 0x72, 0x20, 0x44, 0x65, 0x76, 0x20, 0x50, 0x41, 0x49, 0x20, 0x30, 0x78, 0x46, 0x46, 0x46, 0x31, 0x20, 0x6e, 0x6f, 0x20, 0x50, 0x49, 0x44, 0x31, 0x14, 0x30, 0x12, 0x06, 0x0a, 0x2b, 0x06, 0x01, 0x04, 0x01, 0x82, 0xa2, 0x7c, 0x02, 0x01, 0x0c, 0x04, 0x46, 0x46, 0x46, 0x31, 0x30, 0x20, 0x17, 0x0d, 0x32, 0x32, 0x30, 0x32, 0x30, 0x35, 0x30, 0x30, 0x30, 0x30, 0x30, 0x30, 0x5a, 0x18, 0x0f, 0x39, 0x39, 0x39, 0x39, 0x31, 0x32, 0x33, 0x31, 0x32, 0x33, 0x35, 0x39, 0x35, 0x39, 0x5a, 0x30, 0x53, 0x31, 0x25, 0x30, 0x23, 0x06, 0x03, 0x55, 0x04, 0x03, 0x0c, 0x1c, 0x4d, 0x61, 0x74, 0x74, 0x65, 0x72, 0x20, 0x44, 0x65, 0x76, 0x20, 0x44, 0x41, 0x43, 0x20, 0x30, 0x78, 0x46, 0x46, 0x46, 0x31, 0x2f, 0x30, 0x78, 0x38, 0x30, 0x30, 0x31, 0x31, 0x14, 0x30, 0x12, 0x06, 0x0a, 0x2b, 0x06, 0x01, 0x04, 0x01, 0x82, 0xa2, 0x7c, 0x02, 0x01, 0x0c, 0x04, 0x46, 0x46, 0x46, 0x31, 0x31, 0x14, 0x30, 0x12, 0x06, 0x0a, 0x2b, 0x06, 0x01, 0x04, 0x01, 0x82, 0xa2, 0x7c, 0x02, 0x02, 0x0c, 0x04, 0x38, 0x30, 0x30, 0x31, 0x30, 0x59, 0x30, 0x13, 0x06, 0x07, 0x2a, 0x86, 0x48, 0xce, 0x3d, 0x02, 0x01, 0x06, 0x08, 0x2a, 0x86, 0x48, 0xce, 0x3d, 0x03, 0x01, 0x07, 0x03, 0x42, 0x00, 0x04, 0x46, 0x3a, 0xc6, 0x93, 0x42, 0x91, 0x0a, 0x0e, 0x55, 0x88, 0xfc, 0x6f, 0xf5, 0x6b, 0xb6, 0x3e, 0x62, 0xec, 0xce, 0xcb, 0x14, 0x8f, 0x7d, 0x4e, 0xb0, 0x3e, 0xe5, 0x52, 0x60, 0x14, 0x15, 0x76, 0x7d, 0x16, 0xa5, 0xc6, 0x63, 0xf7, 0x93, 0x[0m
[0;34m[1784838140.295] [22332:22334] [DMG] 					] (491 bytes)[0m
[0;34m[1784838140.295] [22332:22334] [DMG] 				},[0m
[0;34m[1784838140.295] [22332:22334] [DMG] 			},[0m
[0;34m[1784838140.295] [22332:22334] [DMG] 			[0m
[0;34m[1784838140.295] [22332:22334] [DMG] 		},[0m
[0;34m[1784838140.295] [22332:22334] [DMG] 		[0m
[0;34m[1784838140.295] [22332:22334] [DMG] 	],[0m
[0;34m[1784838140.295] [22332:22334] [DMG] 	[0m
[0;34m[1784838140.295] [22332:22334] [DMG] 	InteractionModelRevision = 12[0m
[0;34m[1784838140.295] [22332:22334] [DMG] },[0m
[0;32m[1784838140.295] [22332:22334] [DMG] Received Command Response Data, Endpoint=0 Cluster=0x0000_003E Command=0x0000_0003[0m
[0;32m[1784838140.295] [22332:22334] [CTL] Received certificate chain from the device[0m
[0;32m[1784838140.295] [22332:22334] [CTL] Successfully finished commissioning step 'SendDACCertificateRequest'[0m
[0;32m[1784838140.295] [22332:22334] [CTL] Commissioning stage next step: 'SendDACCertificateRequest' -> 'SendAttestationRequest'[0m
[0;32m[1784838140.295] [22332:22334] [CTL] Performing next commissioning step 'SendAttestationRequest'[0m
[0;34m[1784838140.295] [22332:22334] [TOO] Starting commissioning stage 'SendAttestationRequest'[0m
[0;32m[1784838140.295] [22332:22334] [CTL] Sending Attestation Request to the device.[0m
[0;34m[1784838140.295] [22332:22334] [CTL] Sending Attestation request to 0x70164c033e20 device[0m
[0;34m[1784838140.295] [22332:22334] [DMG] ICR moving to [AddingComm][0m
[0;34m[1784838140.295] [22332:22334] [DMG] ICR moving to [AddedComma][0m
[0;32m[1784838140.295] [22332:22334] [EM] <<< [E:60106i S:10354 M:109671682] (S) Msg TX from 0000000000000000 to 0:FFFFFFFB00000000 [0000] [UDP:[fe80::bfe:a203:38f0:bce7%enp0s3]:5540] --- Type 0001:08 (IM:InvokeCommandRequest) (B:94)[0m
[0;32m[1784838140.295] [22332:22334] [EM] ??1 [E:60106i S:10354 M:109671682] (S) Msg Retransmission to 0:FFFFFFFB00000000 scheduled for 336ms from now [State:Active II:500 AI:300 AT:4000][0m
[0;34m[1784838140.295] [22332:22334] [DMG] ICR moving to [AwaitingRe][0m
[0;34m[1784838140.295] [22332:22334] [CTL] Sent Attestation request, waiting for the Attestation Information[0m
[0;34m[1784838140.295] [22332:22334] [DMG] ICR moving to [AwaitingDe][0m
[0;32m[1784838140.295] [22332:22334] [EM] <<< [E:60105i S:10354 M:109671683 (Ack:139703144)] (S) Msg TX from 0000000000000000 to 0:FFFFFFFB00000000 [0000] [UDP:[fe80::bfe:a203:38f0:bce7%enp0s3]:5540] --- Type 0000:10 (SecureChannel:StandaloneAck) (B:34)[0m
[0;34m[1784838140.295] [22332:22334] [EM] Flushed pending ack for MessageCounter:139703144 on exchange 60105i[0m
[0;32m[1784838140.296] [22332:22334] [EM] >>> [E:60106i S:10354 M:139703145 (Ack:109671682)] (S) Msg RX from 0:FFFFFFFB00000000 [0000] to 0000000000000000 --- Type 0001:09 (IM:InvokeCommandResponse) (B:718)[0m
[0;34m[1784838140.296] [22332:22334] [EM] Found matching exchange: 60106i, Delegate: 0x70164c035058[0m
[0;34m[1784838140.296] [22332:22334] [EM] Rxd Ack; Removing MessageCounter:109671682 from Retrans Table on exchange 60106i[0m
[0;34m[1784838140.296] [22332:22334] [DMG] ICR moving to [ResponseRe][0m
[0;34m[1784838140.296] [22332:22334] [DMG] InvokeResponseMessage =[0m
[0;34m[1784838140.296] [22332:22334] [DMG] {[0m
[0;34m[1784838140.296] [22332:22334] [DMG] 	suppressResponse = false, [0m
[0;34m[1784838140.296] [22332:22334] [DMG] 	InvokeResponseIBs =[0m
[0;34m[1784838140.296] [22332:22334] [DMG] 	[[0m
[0;34m[1784838140.296] [22332:22334] [DMG] 		InvokeResponseIB =[0m
[0;34m[1784838140.296] [22332:22334] [DMG] 		{[0m
[0;34m[1784838140.296] [22332:22334] [DMG] 			CommandDataIB =[0m
[0;34m[1784838140.296] [22332:22334] [DMG] 			{[0m
[0;34m[1784838140.296] [22332:22334] [DMG] 				CommandPathIB =[0m
[0;34m[1784838140.296] [22332:22334] [DMG] 				{[0m
[0;34m[1784838140.296] [22332:22334] [DMG] 					EndpointId = 0x0,[0m
[0;34m[1784838140.296] [22332:22334] [DMG] 					ClusterId = 0x3e,[0m
[0;34m[1784838140.296] [22332:22334] [DMG] 					CommandId = 0x1,[0m
[0;34m[1784838140.296] [22332:22334] [DMG] 				},[0m
[0;34m[1784838140.296] [22332:22334] [DMG] 				[0m
[0;34m[1784838140.296] [22332:22334] [DMG] 				CommandFields = [0m
[0;34m[1784838140.296] [22332:22334] [DMG] 				{[0m
[0;34m[1784838140.296] [22332:22334] [DMG] 					0x0 = [[0m
[0;34m[1784838140.296] [22332:22334] [DMG] 							0x15, 0x31, 0x01, 0x1b, 0x02, 0x30, 0x82, 0x02, 0x17, 0x06, 0x09, 0x2a, 0x86, 0x48, 0x86, 0xf7, 0x0d, 0x01, 0x07, 0x02, 0xa0, 0x82, 0x02, 0x08, 0x30, 0x82, 0x02, 0x04, 0x02, 0x01, 0x03, 0x31, 0x0d, 0x30, 0x0b, 0x06, 0x09, 0x60, 0x86, 0x48, 0x01, 0x65, 0x03, 0x04, 0x02, 0x01, 0x30, 0x82, 0x01, 0x70, 0x06, 0x09, 0x2a, 0x86, 0x48, 0x86, 0xf7, 0x0d, 0x01, 0x07, 0x01, 0xa0, 0x82, 0x01, 0x61, 0x04, 0x82, 0x01, 0x5d, 0x15, 0x24, 0x00, 0x01, 0x25, 0x01, 0xf1, 0xff, 0x36, 0x02, 0x05, 0x00, 0x80, 0x05, 0x01, 0x80, 0x05, 0x02, 0x80, 0x05, 0x03, 0x80, 0x05, 0x04, 0x80, 0x05, 0x05, 0x80, 0x05, 0x06, 0x80, 0x05, 0x07, 0x80, 0x05, 0x08, 0x80, 0x05, 0x09, 0x80, 0x05, 0x0a, 0x80, 0x05, 0x0b, 0x80, 0x05, 0x0c, 0x80, 0x05, 0x0d, 0x80, 0x05, 0x0e, 0x80, 0x05, 0x0f, 0x80, 0x05, 0x10, 0x80, 0x05, 0x11, 0x80, 0x05, 0x12, 0x80, 0x05, 0x13, 0x80, 0x05, 0x14, 0x80, 0x05, 0x15, 0x80, 0x05, 0x16, 0x80, 0x05, 0x17, 0x80, 0x05, 0x18, 0x80, 0x05, 0x19, 0x80, 0x05, 0x1a, 0x80, 0x05, 0x1b, 0x80, 0x05, 0x1c, 0x80, 0x05, 0x1d, 0x80, 0x05, 0x1e, 0x80, 0x05, 0x1f, 0x80, 0x05, 0x20, 0x80, 0x05, 0x21, 0x80, 0x05, 0x22, 0x80, 0x05, 0x23, 0x80, 0x05, 0x24, 0x80, 0x05, 0x25, 0x80, 0x05, 0x26, 0x80, 0x05, 0x27, 0x80, 0x05, 0x28, 0x80, 0x05, 0x29, 0x80, 0x05, 0x2a, 0x80, 0x05, 0x2b, 0x80, 0x05, 0x2c, 0x80, 0x05, 0x2d, 0x80, 0x05, 0x2e, 0x80, 0x05, 0x2f, 0x80, 0x05, 0x30, 0x80, 0x05, 0x31, 0x80, 0x05, 0x32, 0x80, 0x05, 0x33, 0x80, 0x05, 0x34, 0x80, 0x05, 0x35, 0x80, 0x05, 0x36, 0x80, 0x05, 0x37, 0x80, 0x05, 0x38, 0x80, 0x05, 0x39, 0x80, 0x05, 0x3a, 0x80, 0x05, 0x3b, 0x80, 0x05, 0x3c, 0x80, 0x05, 0x3d, 0x80, 0x05, 0x3e, 0x80, 0x05, 0x3f, 0x80, 0x05, 0x40, 0x80, 0x05, 0x41, 0x80, 0x05, 0x42, 0x80, 0x05, 0x43, 0x80, 0x[0m
[0;34m[1784838140.296] [22332:22334] [DMG] 					] (583 bytes)[0m
[0;34m[1784838140.296] [22332:22334] [DMG] 					0x1 = [[0m
[0;34m[1784838140.296] [22332:22334] [DMG] 							0xe6, 0xcd, 0x85, 0x90, 0xe8, 0xea, 0xa7, 0xb1, 0xed, 0x5f, 0x4f, 0x05, 0x65, 0xe2, 0x60, 0xfe, 0x50, 0x46, 0x44, 0x7e, 0x8d, 0xd4, 0x67, 0x1c, 0x68, 0xc7, 0x03, 0x5d, 0x37, 0x9a, 0x2f, 0x17, 0xdf, 0x79, 0x7e, 0x09, 0x4d, 0xa7, 0x35, 0xa7, 0x0e, 0x21, 0xbd, 0xd0, 0x1e, 0x87, 0x69, 0x9b, 0x25, 0x0a, 0x6e, 0xb9, 0x88, 0x42, 0x67, 0x20, 0x55, 0xe7, 0x96, 0x5a, 0x58, 0xe7, 0x42, 0xe8, [0m
[0;34m[1784838140.296] [22332:22334] [DMG] 					] (64 bytes)[0m
[0;34m[1784838140.296] [22332:22334] [DMG] 				},[0m
[0;34m[1784838140.296] [22332:22334] [DMG] 			},[0m
[0;34m[1784838140.296] [22332:22334] [DMG] 			[0m
[0;34m[1784838140.296] [22332:22334] [DMG] 		},[0m
[0;34m[1784838140.296] [22332:22334] [DMG] 		[0m
[0;34m[1784838140.296] [22332:22334] [DMG] 	],[0m
[0;34m[1784838140.296] [22332:22334] [DMG] 	[0m
[0;34m[1784838140.296] [22332:22334] [DMG] 	InteractionModelRevision = 12[0m
[0;34m[1784838140.296] [22332:22334] [DMG] },[0m
[0;32m[1784838140.296] [22332:22334] [DMG] Received Command Response Data, Endpoint=0 Cluster=0x0000_003E Command=0x0000_0001[0m
[0;32m[1784838140.296] [22332:22334] [CTL] Received Attestation Information from the device[0m
[0;32m[1784838140.296] [22332:22334] [CTL] Successfully finished commissioning step 'SendAttestationRequest'[0m
[0;34m[1784838140.296] [22332:22334] [CTL] AutoCommissioner setting attestationElements buffer size 583/583[0m
[0;32m[1784838140.296] [22332:22334] [CTL] Commissioning stage next step: 'SendAttestationRequest' -> 'AttestationVerification'[0m
[0;32m[1784838140.296] [22332:22334] [CTL] Performing next commissioning step 'AttestationVerification'[0m
[0;34m[1784838140.296] [22332:22334] [TOO] Starting commissioning stage 'AttestationVerification'[0m
[0;32m[1784838140.296] [22332:22334] [CTL] Verifying Device Attestation information received from the device[0m
[0;32m[1784838140.298] [22332:22334] [-] Device candidate DAC chain details:[0m
[0;32m[1784838140.298] [22332:22334] [-] --> DAC's VID: 0xFFF1, PID: 0x8001[0m
[0;32m[1784838140.298] [22332:22334] [-] ==== DAC certificate considered (491 bytes) ====[0m
[0;32m[1784838140.298] [22332:22334] [-] -----BEGIN CERTIFICATE-----[0m
[0;32m[1784838140.298] [22332:22334] [-] MIIB5zCCAY6gAwIBAgIIac3xDenlTtEwCgYIKoZIzj0EAwIwPTElMCMGA1UEAwwc[0m
[0;32m[1784838140.298] [22332:22334] [-] TWF0dGVyIERldiBQQUkgMHhGRkYxIG5vIFBJRDEUMBIGCisGAQQBgqJ8AgEMBEZG[0m
[0;32m[1784838140.298] [22332:22334] [-] RjEwIBcNMjIwMjA1MDAwMDAwWhgPOTk5OTEyMzEyMzU5NTlaMFMxJTAjBgNVBAMM[0m
[0;32m[1784838140.298] [22332:22334] [-] HE1hdHRlciBEZXYgREFDIDB4RkZGMS8weDgwMDExFDASBgorBgEEAYKifAIBDARG[0m
[0;32m[1784838140.298] [22332:22334] [-] RkYxMRQwEgYKKwYBBAGConwCAgwEODAwMTBZMBMGByqGSM49AgEGCCqGSM49AwEH[0m
[0;32m[1784838140.298] [22332:22334] [-] A0IABEY6xpNCkQoOVYj8b/Vrtj5i7M7LFI99TrA+5VJgFBV2fRalxmP3k+SRIyYL[0m
[0;32m[1784838140.298] [22332:22334] [-] gpenzX58/HsxaznZjpDSk3dzjoKjYDBeMAwGA1UdEwEB/wQCMAAwDgYDVR0PAQH/[0m
[0;32m[1784838140.298] [22332:22334] [-] BAQDAgeAMB0GA1UdDgQWBBSI3eezADgpMs/3NMBGJIEPRBaKbzAfBgNVHSMEGDAW[0m
[0;32m[1784838140.298] [22332:22334] [-] gBRjVA5H9kscONE4hKRi0WwZXY/7PDAKBggqhkjOPQQDAgNHADBEAiABJ6J7S0Rh[0m
[0;32m[1784838140.298] [22332:22334] [-] DuL83E0reIVWNmC8D3bxchntagjfsrPBzQIga1ngr0Xz6yqFuRnTVzFSjGAoxBUj[0m
[0;32m[1784838140.298] [22332:22334] [-] lUXhCOTlTnCXE1M=[0m
[0;32m[1784838140.298] [22332:22334] [-] -----END CERTIFICATE-----[0m
[0;32m[1784838140.299] [22332:22334] [-] --> DAC certificate SKID: 88:DD:E7:B3:00:38:29:32:CF:F7:34:C0:46:24:81:0F:44:16:8A:6F[0m
[0;32m[1784838140.299] [22332:22334] [-] --> DAC certificate AKID: 63:54:0E:47:F6:4B:1C:38:D1:38:84:A4:62:D1:6C:19:5D:8F:FB:3C[0m
[0;32m[1784838140.299] [22332:22334] [-] ==== PAI certificate considered (463 bytes) ====[0m
[0;32m[1784838140.299] [22332:22334] [-] -----BEGIN CERTIFICATE-----[0m
[0;32m[1784838140.299] [22332:22334] [-] MIIByzCCAXGgAwIBAgIIVq2CIq2UW2QwCgYIKoZIzj0EAwIwMDEYMBYGA1UEAwwP[0m
[0;32m[1784838140.299] [22332:22334] [-] TWF0dGVyIFRlc3QgUEFBMRQwEgYKKwYBBAGConwCAQwERkZGMTAgFw0yMjAyMDUw[0m
[0;32m[1784838140.299] [22332:22334] [-] MDAwMDBaGA85OTk5MTIzMTIzNTk1OVowPTElMCMGA1UEAwwcTWF0dGVyIERldiBQ[0m
[0;32m[1784838140.299] [22332:22334] [-] QUkgMHhGRkYxIG5vIFBJRDEUMBIGCisGAQQBgqJ8AgEMBEZGRjEwWTATBgcqhkjO[0m
[0;32m[1784838140.299] [22332:22334] [-] PQIBBggqhkjOPQMBBwNCAARBmpMVwhc+DIyHbQPM/JRIUmR/f+xeUIL0BZko7KiU[0m
[0;32m[1784838140.299] [22332:22334] [-] xZQVEwmsYx5MsDOSr2hLC6+35ls7gWLC9Sv5MbjneqqCo2YwZDASBgNVHRMBAf8E[0m
[0;32m[1784838140.299] [22332:22334] [-] CDAGAQH/AgEAMA4GA1UdDwEB/wQEAwIBBjAdBgNVHQ4EFgQUY1QOR/ZLHDjROISk[0m
[0;32m[1784838140.299] [22332:22334] [-] YtFsGV2P+zwwHwYDVR0jBBgwFoAUav0idx9RH+y/FkGXZxDc3DGhcX4wCgYIKoZI[0m
[0;32m[1784838140.299] [22332:22334] [-] zj0EAwIDSAAwRQIhALLvJ/Sa6bUPuR7qyUxNC9u415KcbLiPrOUpNo0SBUwMAiBl[0m
[0;32m[1784838140.299] [22332:22334] [-] Xckrhr2QmIKmxiF3uCXX0F7b58Ivn+pxIg5+pwP4kQ==[0m
[0;32m[1784838140.299] [22332:22334] [-] -----END CERTIFICATE-----[0m
[0;32m[1784838140.299] [22332:22334] [-] --> PAI certificate SKID: 63:54:0E:47:F6:4B:1C:38:D1:38:84:A4:62:D1:6C:19:5D:8F:FB:3C[0m
[0;32m[1784838140.299] [22332:22334] [-] --> PAI certificate AKID: 6A:FD:22:77:1F:51:1F:EC:BF:16:41:97:67:10:DC:DC:31:A1:71:7E[0m
[0;32m[1784838140.300] [22332:22334] [-] ==== PAA certificate considered (449 bytes) ====[0m
[0;32m[1784838140.300] [22332:22334] [-] -----BEGIN CERTIFICATE-----[0m
[0;32m[1784838140.300] [22332:22334] [-] MIIBvTCCAWSgAwIBAgIITqjoMYLUHBwwCgYIKoZIzj0EAwIwMDEYMBYGA1UEAwwP[0m
[0;32m[1784838140.300] [22332:22334] [-] TWF0dGVyIFRlc3QgUEFBMRQwEgYKKwYBBAGConwCAQwERkZGMTAgFw0yMTA2Mjgx[0m
[0;32m[1784838140.300] [22332:22334] [-] NDIzNDNaGA85OTk5MTIzMTIzNTk1OVowMDEYMBYGA1UEAwwPTWF0dGVyIFRlc3Qg[0m
[0;32m[1784838140.300] [22332:22334] [-] UEFBMRQwEgYKKwYBBAGConwCAQwERkZGMTBZMBMGByqGSM49AgEGCCqGSM49AwEH[0m
[0;32m[1784838140.300] [22332:22334] [-] A0IABLbLY3KIfyko9brIGqnZOuJDHK2p154kL2UXfvnO2TKijs0Duq9qj8oYShpQ[0m
[0;32m[1784838140.300] [22332:22334] [-] NUKWDUU/MD8fGUIddR6Pjxqam3WjZjBkMBIGA1UdEwEB/wQIMAYBAf8CAQEwDgYD[0m
[0;32m[1784838140.300] [22332:22334] [-] VR0PAQH/BAQDAgEGMB0GA1UdDgQWBBRq/SJ3H1Ef7L8WQZdnENzcMaFxfjAfBgNV[0m
[0;32m[1784838140.300] [22332:22334] [-] HSMEGDAWgBRq/SJ3H1Ef7L8WQZdnENzcMaFxfjAKBggqhkjOPQQDAgNHADBEAiBQ[0m
[0;32m[1784838140.300] [22332:22334] [-] qoAC9NkyqaAFOPZTaK0P/8jvu8m+t9pWmDXPmqdRDgIgI7rI/g8j51RFtlM5CBpH[0m
[0;32m[1784838140.300] [22332:22334] [-] mUkpxyqvChVI1A0DTVFLJd4=[0m
[0;32m[1784838140.300] [22332:22334] [-] -----END CERTIFICATE-----[0m
[0;32m[1784838140.300] [22332:22334] [-] --> PAA certificate SKID: 6A:FD:22:77:1F:51:1F:EC:BF:16:41:97:67:10:DC:DC:31:A1:71:7E[0m
[0;32m[1784838140.301] [22332:22334] [-] --> PAA certificate AKID: 6A:FD:22:77:1F:51:1F:EC:BF:16:41:97:67:10:DC:DC:31:A1:71:7E[0m
[0;32m[1784838140.303] [22332:22334] [-] CD signing key identifier: FE:34:3F:95:99:47:76:3B:61:EE:45:39:13:13:38:49:4F:E6:7D:8E[0m
[0;32m[1784838140.303] [22332:22334] [-] Certification type 0[0m
[0;32m[1784838140.303] [22332:22334] [-] Device certification declaration details:[0m
[0;32m[1784838140.303] [22332:22334] [-] --> VID: 0xFFF1[0m
[0;32m[1784838140.303] [22332:22334] [-] --> Device type ID: 0x0000_0016[0m
[0;32m[1784838140.303] [22332:22334] [-] --> Certification type: 0 (Development and testing)[0m
[0;32m[1784838140.303] [22332:22334] [CTL] Successfully finished commissioning step 'AttestationVerification'[0m
[0;32m[1784838140.303] [22332:22334] [CTL] Commissioning stage next step: 'AttestationVerification' -> 'AttestationRevocationCheck'[0m
[0;32m[1784838140.303] [22332:22334] [CTL] Performing next commissioning step 'AttestationRevocationCheck'[0m
[0;34m[1784838140.303] [22332:22334] [TOO] Starting commissioning stage 'AttestationRevocationCheck'[0m
[0;32m[1784838140.303] [22332:22334] [CTL] Verifying the device's DAC chain revocation status[0m
[0;32m[1784838140.303] [22332:22334] [-] WARNING: No revocation delegate available. Revocation checks will be skipped![0m
[0;32m[1784838140.303] [22332:22334] [CTL] Successfully validated 'Attestation Information' command received from the device.[0m
[0;32m[1784838140.303] [22332:22334] [CTL] Successfully finished commissioning step 'AttestationRevocationCheck'[0m
[0;32m[1784838140.303] [22332:22334] [CTL] Commissioning stage next step: 'AttestationRevocationCheck' -> 'SendOpCertSigningRequest'[0m
[0;32m[1784838140.303] [22332:22334] [CTL] Performing next commissioning step 'SendOpCertSigningRequest'[0m
[0;34m[1784838140.303] [22332:22334] [TOO] Starting commissioning stage 'SendOpCertSigningRequest'[0m
[0;34m[1784838140.303] [22332:22334] [CTL] Sending CSR request to 0x70164c033e20 device[0m
[0;34m[1784838140.303] [22332:22334] [DMG] ICR moving to [AddingComm][0m
[0;34m[1784838140.303] [22332:22334] [DMG] ICR moving to [AddedComma][0m
[0;32m[1784838140.303] [22332:22334] [EM] <<< [E:60107i S:10354 M:109671684] (S) Msg TX from 0000000000000000 to 0:FFFFFFFB00000000 [0000] [UDP:[fe80::bfe:a203:38f0:bce7%enp0s3]:5540] --- Type 0001:08 (IM:InvokeCommandRequest) (B:94)[0m
[0;32m[1784838140.303] [22332:22334] [EM] ??1 [E:60107i S:10354 M:109671684] (S) Msg Retransmission to 0:FFFFFFFB00000000 scheduled for 360ms from now [State:Active II:500 AI:300 AT:4000][0m
[0;34m[1784838140.303] [22332:22334] [DMG] ICR moving to [AwaitingRe][0m
[0;34m[1784838140.303] [22332:22334] [CTL] Sent CSR request, waiting for the CSR[0m
[0;34m[1784838140.303] [22332:22334] [DMG] ICR moving to [AwaitingDe][0m
[0;32m[1784838140.303] [22332:22334] [EM] <<< [E:60106i S:10354 M:109671685 (Ack:139703145)] (S) Msg TX from 0000000000000000 to 0:FFFFFFFB00000000 [0000] [UDP:[fe80::bfe:a203:38f0:bce7%enp0s3]:5540] --- Type 0000:10 (SecureChannel:StandaloneAck) (B:34)[0m
[0;34m[1784838140.303] [22332:22334] [EM] Flushed pending ack for MessageCounter:139703145 on exchange 60106i[0m
[0;32m[1784838140.304] [22332:22334] [EM] >>> [E:60107i S:10354 M:139703146 (Ack:109671684)] (S) Msg RX from 0:FFFFFFFB00000000 [0000] to 0000000000000000 --- Type 0001:09 (IM:InvokeCommandResponse) (B:377)[0m
[0;34m[1784838140.304] [22332:22334] [EM] Found matching exchange: 60107i, Delegate: 0x70164c0382d8[0m
[0;34m[1784838140.304] [22332:22334] [EM] Rxd Ack; Removing MessageCounter:109671684 from Retrans Table on exchange 60107i[0m
[0;34m[1784838140.304] [22332:22334] [DMG] ICR moving to [ResponseRe][0m
[0;34m[1784838140.304] [22332:22334] [DMG] InvokeResponseMessage =[0m
[0;34m[1784838140.304] [22332:22334] [DMG] {[0m
[0;34m[1784838140.304] [22332:22334] [DMG] 	suppressResponse = false, [0m
[0;34m[1784838140.304] [22332:22334] [DMG] 	InvokeResponseIBs =[0m
[0;34m[1784838140.304] [22332:22334] [DMG] 	[[0m
[0;34m[1784838140.304] [22332:22334] [DMG] 		InvokeResponseIB =[0m
[0;34m[1784838140.304] [22332:22334] [DMG] 		{[0m
[0;34m[1784838140.304] [22332:22334] [DMG] 			CommandDataIB =[0m
[0;34m[1784838140.304] [22332:22334] [DMG] 			{[0m
[0;34m[1784838140.304] [22332:22334] [DMG] 				CommandPathIB =[0m
[0;34m[1784838140.304] [22332:22334] [DMG] 				{[0m
[0;34m[1784838140.304] [22332:22334] [DMG] 					EndpointId = 0x0,[0m
[0;34m[1784838140.304] [22332:22334] [DMG] 					ClusterId = 0x3e,[0m
[0;34m[1784838140.304] [22332:22334] [DMG] 					CommandId = 0x5,[0m
[0;34m[1784838140.304] [22332:22334] [DMG] 				},[0m
[0;34m[1784838140.304] [22332:22334] [DMG] 				[0m
[0;34m[1784838140.304] [22332:22334] [DMG] 				CommandFields = [0m
[0;34m[1784838140.304] [22332:22334] [DMG] 				{[0m
[0;34m[1784838140.304] [22332:22334] [DMG] 					0x0 = [[0m
[0;34m[1784838140.304] [22332:22334] [DMG] 							0x15, 0x30, 0x01, 0xcb, 0x30, 0x81, 0xc8, 0x30, 0x70, 0x02, 0x01, 0x00, 0x30, 0x0e, 0x31, 0x0c, 0x30, 0x0a, 0x06, 0x03, 0x55, 0x04, 0x0a, 0x0c, 0x03, 0x43, 0x53, 0x52, 0x30, 0x59, 0x30, 0x13, 0x06, 0x07, 0x2a, 0x86, 0x48, 0xce, 0x3d, 0x02, 0x01, 0x06, 0x08, 0x2a, 0x86, 0x48, 0xce, 0x3d, 0x03, 0x01, 0x07, 0x03, 0x42, 0x00, 0x04, 0x91, 0x98, 0x9c, 0x9c, 0x73, 0x1a, 0xaf, 0x7b, 0x07, 0x92, 0x0a, 0xf4, 0xf0, 0xa6, 0x3d, 0x76, 0x2a, 0x00, 0xc7, 0xbd, 0x03, 0x4d, 0x50, 0x60, 0x5b, 0x4a, 0xc0, 0x4e, 0x87, 0xda, 0x7d, 0x18, 0xfd, 0x2e, 0x8f, 0x19, 0x3f, 0x68, 0xf0, 0x5d, 0x7f, 0x4e, 0x30, 0x6d, 0x5b, 0x0f, 0x2b, 0xb6, 0x63, 0x3b, 0x16, 0x15, 0xd3, 0xc6, 0x99, 0xe6, 0x05, 0x8a, 0x9a, 0x85, 0xbb, 0xe7, 0x06, 0x15, 0xa0, 0x00, 0x30, 0x0a, 0x06, 0x08, 0x2a, 0x86, 0x48, 0xce, 0x3d, 0x04, 0x03, 0x02, 0x03, 0x48, 0x00, 0x30, 0x45, 0x02, 0x21, 0x00, 0xf0, 0x71, 0x2e, 0x00, 0x0f, 0x33, 0x7b, 0xd2, 0x26, 0x3e, 0x12, 0xd3, 0x7d, 0xf8, 0x32, 0x37, 0x7a, 0x96, 0x93, 0x42, 0x00, 0x3c, 0xd0, 0x4c, 0xbe, 0x4f, 0xfe, 0x8e, 0x5e, 0xf0, 0xd4, 0xfc, 0x02, 0x20, 0x47, 0x10, 0xf6, 0x3b, 0x33, 0x04, 0xcb, 0x05, 0x39, 0x04, 0x8f, 0x55, 0xb9, 0x1a, 0x76, 0xb4, 0xf3, 0xd9, 0x8b, 0xae, 0x25, 0xc3, 0xe7, 0xeb, 0x6b, 0x5f, 0x51, 0x3a, 0xe3, 0xed, 0x5f, 0xec, 0x30, 0x02, 0x20, 0x4c, 0xc8, 0x2f, 0x3d, 0xab, 0xde, 0xaf, 0x67, 0x23, 0x03, 0x38, 0x47, 0xa0, 0x04, 0xc8, 0x6e, 0x7d, 0x83, 0x3f, 0xc6, 0xfb, 0xc0, 0xf1, 0xdc, 0x2c, 0xc5, 0x24, 0x0e, 0x12, 0x96, 0xbc, 0xc5, 0x18, [0m
[0;34m[1784838140.304] [22332:22334] [DMG] 					] (243 bytes)[0m
[0;34m[1784838140.304] [22332:22334] [DMG] 					0x1 = [[0m
[0;34m[1784838140.304] [22332:22334] [DMG] 							0x79, 0x44, 0xb0, 0x49, 0x9c, 0xf8, 0xa9, 0x7a, 0x27, 0x61, 0xe1, 0xb8, 0x3c, 0x73, 0xc3, 0x4f, 0x09, 0xee, 0x28, 0xfd, 0x4a, 0x56, 0xba, 0x6a, 0x3f, 0xa1, 0x40, 0x75, 0x02, 0xcf, 0x0f, 0x41, 0xd9, 0xd0, 0xc1, 0xcb, 0x0c, 0x01, 0x0c, 0x92, 0x81, 0x0d, 0x62, 0x24, 0x90, 0xfc, 0x2f, 0xb4, 0x83, 0xf2, 0xc8, 0xc0, 0xc6, 0xf4, 0x53, 0x28, 0x61, 0x97, 0x61, 0x18, 0xc9, 0x41, 0x60, 0x5c, [0m
[0;34m[1784838140.304] [22332:22334] [DMG] 					] (64 bytes)[0m
[0;34m[1784838140.304] [22332:22334] [DMG] 				},[0m
[0;34m[1784838140.304] [22332:22334] [DMG] 			},[0m
[0;34m[1784838140.304] [22332:22334] [DMG] 			[0m
[0;34m[1784838140.304] [22332:22334] [DMG] 		},[0m
[0;34m[1784838140.304] [22332:22334] [DMG] 		[0m
[0;34m[1784838140.304] [22332:22334] [DMG] 	],[0m
[0;34m[1784838140.304] [22332:22334] [DMG] 	[0m
[0;34m[1784838140.304] [22332:22334] [DMG] 	InteractionModelRevision = 12[0m
[0;34m[1784838140.304] [22332:22334] [DMG] },[0m
[0;32m[1784838140.304] [22332:22334] [DMG] Received Command Response Data, Endpoint=0 Cluster=0x0000_003E Command=0x0000_0005[0m
[0;32m[1784838140.304] [22332:22334] [CTL] Received certificate signing request from the device[0m
[0;32m[1784838140.304] [22332:22334] [CTL] Successfully finished commissioning step 'SendOpCertSigningRequest'[0m
[0;32m[1784838140.304] [22332:22334] [CTL] Commissioning stage next step: 'SendOpCertSigningRequest' -> 'ValidateCSR'[0m
[0;32m[1784838140.304] [22332:22334] [CTL] Performing next commissioning step 'ValidateCSR'[0m
[0;34m[1784838140.304] [22332:22334] [TOO] Starting commissioning stage 'ValidateCSR'[0m
[0;32m[1784838140.305] [22332:22334] [CTL] Successfully finished commissioning step 'ValidateCSR'[0m
[0;32m[1784838140.305] [22332:22334] [CTL] Commissioning stage next step: 'ValidateCSR' -> 'GenerateNOCChain'[0m
[0;32m[1784838140.305] [22332:22334] [CTL] Performing next commissioning step 'GenerateNOCChain'[0m
[0;34m[1784838140.305] [22332:22334] [TOO] Starting commissioning stage 'GenerateNOCChain'[0m
[0;32m[1784838140.305] [22332:22334] [CTL] Getting certificate chain for the device from the issuer[0m
[0;32m[1784838140.306] [22332:22334] [CTL] Verifying Certificate Signing Request[0m
[0;32m[1784838140.306] [22332:22334] [CTL] Generating NOC[0m
[0;32m[1784838140.306] [22332:22334] [CTL] Providing certificate chain to the commissioner[0m
[0;32m[1784838140.306] [22332:22334] [CTL] Received callback from the CA for NOC Chain generation. Status: Success[0m
[0;32m[1784838140.306] [22332:22334] [CTL] Successfully finished commissioning step 'GenerateNOCChain'[0m
[0;32m[1784838140.306] [22332:22334] [CTL] Performing next commissioning step 'SendTrustedRootCert'[0m
[0;34m[1784838140.306] [22332:22334] [TOO] Starting commissioning stage 'SendTrustedRootCert'[0m
[0;32m[1784838140.306] [22332:22334] [CTL] Sending root certificate to the device[0m
[0;34m[1784838140.306] [22332:22334] [DMG] ICR moving to [AddingComm][0m
[0;34m[1784838140.306] [22332:22334] [DMG] ICR moving to [AddedComma][0m
[0;32m[1784838140.306] [22332:22334] [EM] <<< [E:60108i S:10354 M:109671686] (S) Msg TX from 0000000000000000 to 0:FFFFFFFB00000000 [0000] [UDP:[fe80::bfe:a203:38f0:bce7%enp0s3]:5540] --- Type 0001:08 (IM:InvokeCommandRequest) (B:293)[0m
[0;32m[1784838140.307] [22332:22334] [EM] ??1 [E:60108i S:10354 M:109671686] (S) Msg Retransmission to 0:FFFFFFFB00000000 scheduled for 371ms from now [State:Active II:500 AI:300 AT:4000][0m
[0;34m[1784838140.307] [22332:22334] [DMG] ICR moving to [AwaitingRe][0m
[0;32m[1784838140.307] [22332:22334] [CTL] Sent root certificate to the device[0m
[0;34m[1784838140.307] [22332:22334] [DMG] ICR moving to [AwaitingDe][0m
[0;32m[1784838140.307] [22332:22334] [EM] <<< [E:60107i S:10354 M:109671687 (Ack:139703146)] (S) Msg TX from 0000000000000000 to 0:FFFFFFFB00000000 [0000] [UDP:[fe80::bfe:a203:38f0:bce7%enp0s3]:5540] --- Type 0000:10 (SecureChannel:StandaloneAck) (B:34)[0m
[0;34m[1784838140.307] [22332:22334] [EM] Flushed pending ack for MessageCounter:139703146 on exchange 60107i[0m
[0;32m[1784838140.307] [22332:22334] [EM] >>> [E:60108i S:10354 M:139703147 (Ack:109671686)] (S) Msg RX from 0:FFFFFFFB00000000 [0000] to 0000000000000000 --- Type 0001:09 (IM:InvokeCommandResponse) (B:67)[0m
[0;34m[1784838140.307] [22332:22334] [EM] Found matching exchange: 60108i, Delegate: 0x70164c035058[0m
[0;34m[1784838140.307] [22332:22334] [EM] Rxd Ack; Removing MessageCounter:109671686 from Retrans Table on exchange 60108i[0m
[0;34m[1784838140.307] [22332:22334] [DMG] ICR moving to [ResponseRe][0m
[0;34m[1784838140.307] [22332:22334] [DMG] InvokeResponseMessage =[0m
[0;34m[1784838140.307] [22332:22334] [DMG] {[0m
[0;34m[1784838140.307] [22332:22334] [DMG] 	suppressResponse = false, [0m
[0;34m[1784838140.307] [22332:22334] [DMG] 	InvokeResponseIBs =[0m
[0;34m[1784838140.307] [22332:22334] [DMG] 	[[0m
[0;34m[1784838140.307] [22332:22334] [DMG] 		InvokeResponseIB =[0m
[0;34m[1784838140.307] [22332:22334] [DMG] 		{[0m
[0;34m[1784838140.307] [22332:22334] [DMG] 			CommandStatusIB =[0m
[0;34m[1784838140.307] [22332:22334] [DMG] 			{[0m
[0;34m[1784838140.307] [22332:22334] [DMG] 				CommandPathIB =[0m
[0;34m[1784838140.307] [22332:22334] [DMG] 				{[0m
[0;34m[1784838140.307] [22332:22334] [DMG] 					EndpointId = 0x0,[0m
[0;34m[1784838140.307] [22332:22334] [DMG] 					ClusterId = 0x3e,[0m
[0;34m[1784838140.307] [22332:22334] [DMG] 					CommandId = 0xb,[0m
[0;34m[1784838140.307] [22332:22334] [DMG] 				},[0m
[0;34m[1784838140.307] [22332:22334] [DMG] 				[0m
[0;34m[1784838140.307] [22332:22334] [DMG] 				StatusIB =[0m
[0;34m[1784838140.307] [22332:22334] [DMG] 				{[0m
[0;34m[1784838140.307] [22332:22334] [DMG] 					status = 0x00 (SUCCESS),[0m
[0;34m[1784838140.307] [22332:22334] [DMG] 				},[0m
[0;34m[1784838140.307] [22332:22334] [DMG] 				[0m
[0;34m[1784838140.307] [22332:22334] [DMG] 			},[0m
[0;34m[1784838140.307] [22332:22334] [DMG] 			[0m
[0;34m[1784838140.307] [22332:22334] [DMG] 		},[0m
[0;34m[1784838140.307] [22332:22334] [DMG] 		[0m
[0;34m[1784838140.307] [22332:22334] [DMG] 	],[0m
[0;34m[1784838140.307] [22332:22334] [DMG] 	[0m
[0;34m[1784838140.307] [22332:22334] [DMG] 	InteractionModelRevision = 12[0m
[0;34m[1784838140.307] [22332:22334] [DMG] },[0m
[0;32m[1784838140.307] [22332:22334] [DMG] Received Command Response Status for Endpoint=0 Cluster=0x0000_003E Command=0x0000_000B Status=0x0[0m
[0;32m[1784838140.307] [22332:22334] [CTL] Device confirmed that it has received the root certificate[0m
[0;32m[1784838140.307] [22332:22334] [CTL] Successfully finished commissioning step 'SendTrustedRootCert'[0m
[0;32m[1784838140.307] [22332:22334] [CTL] Commissioning stage next step: 'SendTrustedRootCert' -> 'SendNOC'[0m
[0;32m[1784838140.307] [22332:22334] [CTL] Performing next commissioning step 'SendNOC'[0m
[0;34m[1784838140.307] [22332:22334] [TOO] Starting commissioning stage 'SendNOC'[0m
[0;34m[1784838140.307] [22332:22334] [DMG] ICR moving to [AddingComm][0m
[0;34m[1784838140.307] [22332:22334] [DMG] ICR moving to [AddedComma][0m
[0;32m[1784838140.307] [22332:22334] [EM] <<< [E:60109i S:10354 M:109671688] (S) Msg TX from 0000000000000000 to 0:FFFFFFFB00000000 [0000] [UDP:[fe80::bfe:a203:38f0:bce7%enp0s3]:5540] --- Type 0001:08 (IM:InvokeCommandRequest) (B:566)[0m
[0;32m[1784838140.307] [22332:22334] [EM] ??1 [E:60109i S:10354 M:109671688] (S) Msg Retransmission to 0:FFFFFFFB00000000 scheduled for 394ms from now [State:Active II:500 AI:300 AT:4000][0m
[0;34m[1784838140.307] [22332:22334] [DMG] ICR moving to [AwaitingRe][0m
[0;32m[1784838140.307] [22332:22334] [CTL] Sent operational certificate to the device[0m
[0;34m[1784838140.307] [22332:22334] [DMG] ICR moving to [AwaitingDe][0m
[0;32m[1784838140.307] [22332:22334] [EM] <<< [E:60108i S:10354 M:109671689 (Ack:139703147)] (S) Msg TX from 0000000000000000 to 0:FFFFFFFB00000000 [0000] [UDP:[fe80::bfe:a203:38f0:bce7%enp0s3]:5540] --- Type 0000:10 (SecureChannel:StandaloneAck) (B:34)[0m
[0;34m[1784838140.307] [22332:22334] [EM] Flushed pending ack for MessageCounter:139703147 on exchange 60108i[0m
[0;32m[1784838140.319] [22332:22334] [EM] >>> [E:60109i S:10354 M:139703148 (Ack:109671688)] (S) Msg RX from 0:FFFFFFFB00000000 [0000] to 0000000000000000 --- Type 0001:09 (IM:InvokeCommandResponse) (B:70)[0m
[0;34m[1784838140.319] [22332:22334] [EM] Found matching exchange: 60109i, Delegate: 0x70164c0382d8[0m
[0;34m[1784838140.319] [22332:22334] [EM] Rxd Ack; Removing MessageCounter:109671688 from Retrans Table on exchange 60109i[0m
[0;34m[1784838140.319] [22332:22334] [DMG] ICR moving to [ResponseRe][0m
[0;34m[1784838140.319] [22332:22334] [DMG] InvokeResponseMessage =[0m
[0;34m[1784838140.319] [22332:22334] [DMG] {[0m
[0;34m[1784838140.319] [22332:22334] [DMG] 	suppressResponse = false, [0m
[0;34m[1784838140.319] [22332:22334] [DMG] 	InvokeResponseIBs =[0m
[0;34m[1784838140.319] [22332:22334] [DMG] 	[[0m
[0;34m[1784838140.319] [22332:22334] [DMG] 		InvokeResponseIB =[0m
[0;34m[1784838140.319] [22332:22334] [DMG] 		{[0m
[0;34m[1784838140.319] [22332:22334] [DMG] 			CommandDataIB =[0m
[0;34m[1784838140.319] [22332:22334] [DMG] 			{[0m
[0;34m[1784838140.319] [22332:22334] [DMG] 				CommandPathIB =[0m
[0;34m[1784838140.319] [22332:22334] [DMG] 				{[0m
[0;34m[1784838140.319] [22332:22334] [DMG] 					EndpointId = 0x0,[0m
[0;34m[1784838140.319] [22332:22334] [DMG] 					ClusterId = 0x3e,[0m
[0;34m[1784838140.319] [22332:22334] [DMG] 					CommandId = 0x8,[0m
[0;34m[1784838140.319] [22332:22334] [DMG] 				},[0m
[0;34m[1784838140.319] [22332:22334] [DMG] 				[0m
[0;34m[1784838140.319] [22332:22334] [DMG] 				CommandFields = [0m
[0;34m[1784838140.319] [22332:22334] [DMG] 				{[0m
[0;34m[1784838140.319] [22332:22334] [DMG] 					0x0 = 0 (unsigned), [0m
[0;34m[1784838140.319] [22332:22334] [DMG] 					0x1 = 1 (unsigned), [0m
[0;34m[1784838140.319] [22332:22334] [DMG] 				},[0m
[0;34m[1784838140.319] [22332:22334] [DMG] 			},[0m
[0;34m[1784838140.319] [22332:22334] [DMG] 			[0m
[0;34m[1784838140.319] [22332:22334] [DMG] 		},[0m
[0;34m[1784838140.319] [22332:22334] [DMG] 		[0m
[0;34m[1784838140.319] [22332:22334] [DMG] 	],[0m
[0;34m[1784838140.319] [22332:22334] [DMG] 	[0m
[0;34m[1784838140.319] [22332:22334] [DMG] 	InteractionModelRevision = 12[0m
[0;34m[1784838140.319] [22332:22334] [DMG] },[0m
[0;32m[1784838140.319] [22332:22334] [DMG] Received Command Response Data, Endpoint=0 Cluster=0x0000_003E Command=0x0000_0008[0m
[0;32m[1784838140.319] [22332:22334] [CTL] Device returned status 0 on receiving the NOC[0m
[0;32m[1784838140.319] [22332:22334] [CTL] Operational credentials provisioned on device 0x70164c033e20[0m
[0;32m[1784838140.319] [22332:22334] [TOO] Secure Pairing Success[0m
[0;32m[1784838140.319] [22332:22334] [TOO] CASE establishment successful[0m
[0;32m[1784838140.319] [22332:22334] [CTL] Successfully finished commissioning step 'SendNOC'[0m
[0;32m[1784838140.319] [22332:22334] [CTL] Commissioning stage next step: 'SendNOC' -> 'EvictPreviousCaseSessions'[0m
[0;32m[1784838140.319] [22332:22334] [CTL] Performing next commissioning step 'EvictPreviousCaseSessions'[0m
[0;34m[1784838140.319] [22332:22334] [TOO] Starting commissioning stage 'EvictPreviousCaseSessions'[0m
[0;34m[1784838140.319] [22332:22334] [IN] Expiring all sessions for node <0000000000000001, 1>!![0m
[0;32m[1784838140.319] [22332:22334] [CTL] Successfully finished commissioning step 'EvictPreviousCaseSessions'[0m
[0;32m[1784838140.319] [22332:22334] [CTL] Commissioning stage next step: 'EvictPreviousCaseSessions' -> 'FindOperationalForStayActive'[0m
[0;32m[1784838140.319] [22332:22334] [CTL] Performing next commissioning step 'FindOperationalForStayActive'[0m
[0;34m[1784838140.319] [22332:22334] [TOO] Starting commissioning stage 'FindOperationalForStayActive'[0m
[0;34m[1784838140.319] [22332:22334] [CSM] FindOrEstablishSession: PeerId = [1:0000000000000001][0m
[0;34m[1784838140.319] [22332:22334] [CSM] FindOrEstablishSession: No existing OperationalSessionSetup instance found[0m
[0;34m[1784838140.319] [22332:22334] [DIS] OperationalSessionSetup[1:0000000000000001]: State change 1 --> 2[0m
[0;32m[1784838140.319] [22332:22334] [DIS] Lookup started for 921128A57492DE35-0000000000000001[0m
[0;34m[1784838140.319] [22332:22334] [DMG] ICR moving to [AwaitingDe][0m
[0;32m[1784838140.319] [22332:22334] [EM] <<< [E:60109i S:10354 M:109671690 (Ack:139703148)] (S) Msg TX from 0000000000000000 to 0:FFFFFFFB00000000 [0000] [UDP:[fe80::bfe:a203:38f0:bce7%enp0s3]:5540] --- Type 0000:10 (SecureChannel:StandaloneAck) (B:34)[0m
[0;34m[1784838140.319] [22332:22334] [EM] Flushed pending ack for MessageCounter:139703148 on exchange 60109i[0m
[0;32m[1784838140.319] [22332:22334] [DIS] UDP:[fe80::bfe:a203:38f0:bce7%enp0s3]:5540: new best score: 7 (for 921128A57492DE35-0000000000000001)[0m
[0;34m[1784838140.319] [22332:22334] [DIS] Lookup clearing interface for non LL address[0m
[0;32m[1784838140.319] [22332:22334] [DIS] UDP:10.0.2.15%enp0s3:5540: new best score: 2 (for 921128A57492DE35-0000000000000001)[0m
[0;32m[1784838140.319] [22332:22334] [DIS] Checking node lookup status for 921128A57492DE35-0000000000000001 after 1 ms[0m
[0;32m[1784838140.319] [22332:22334] [DIS] Keeping DNSSD lookup active[0m
[0;32m[1784838140.319] [22332:22334] [DIS] UDP:[fe80::bfe:a203:38f0:bce7%enp0s3]:5540: score has not improved: 7 (for 921128A57492DE35-0000000000000001)[0m
[0;34m[1784838140.319] [22332:22334] [DIS] Lookup clearing interface for non LL address[0m
[0;32m[1784838140.319] [22332:22334] [DIS] UDP:10.0.2.15%enp0s3:5540: score has not improved: 2 (for 921128A57492DE35-0000000000000001)[0m
[0;32m[1784838140.319] [22332:22334] [DIS] Checking node lookup status for 921128A57492DE35-0000000000000001 after 1 ms[0m
[0;32m[1784838140.319] [22332:22334] [DIS] Keeping DNSSD lookup active[0m
[0;32m[1784838140.320] [22332:22334] [DIS] UDP:[fe80::bfe:a203:38f0:bce7%enp0s3]:5540: score has not improved: 7 (for 921128A57492DE35-0000000000000001)[0m
[0;34m[1784838140.320] [22332:22334] [DIS] Lookup clearing interface for non LL address[0m
[0;32m[1784838140.320] [22332:22334] [DIS] UDP:10.0.2.15%enp0s3:5540: score has not improved: 2 (for 921128A57492DE35-0000000000000001)[0m
[0;32m[1784838140.320] [22332:22334] [DIS] Checking node lookup status for 921128A57492DE35-0000000000000001 after 1 ms[0m
[0;32m[1784838140.320] [22332:22334] [DIS] Keeping DNSSD lookup active[0m
[0;32m[1784838140.521] [22332:22334] [DIS] Checking node lookup status for 921128A57492DE35-0000000000000001 after 202 ms[0m
[0;34m[1784838140.521] [22332:22334] [DIS] OperationalSessionSetup[1:0000000000000001]: Updating device address to UDP:[fe80::bfe:a203:38f0:bce7%enp0s3]:5540 while in state 2[0m
[0;34m[1784838140.521] [22332:22334] [DIS] OperationalSessionSetup[1:0000000000000001]: State change 2 --> 3[0m
[0;34m[1784838140.521] [22332:22334] [IN] SecureSession[0x70164c0647b0]: Allocated Type:2 LSID:10355[0m
[0;32m[1784838140.521] [22332:22334] [SC] Initiating session on local FabricIndex 1 from 0x000000000001B669 -> 0x0000000000000001[0m
[0;32m[1784838140.522] [22332:22334] [EM] <<< [E:60110i S:0 M:184755817] (U) Msg TX from 9D4C932F9DBAF609 to 0:0000000000000000 [0000] [UDP:[fe80::bfe:a203:38f0:bce7%enp0s3]:5540] --- Type 0000:30 (SecureChannel:CASE_Sigma1) (B:196)[0m
[0;32m[1784838140.524] [22332:22334] [EM] ??1 [E:60110i S:0 M:184755817] (U) Msg Retransmission to 0:0000000000000000 scheduled for 641ms from now [State:Idle II:500 AI:300 AT:4000][0m
[0;32m[1784838140.524] [22332:22334] [SC] Sent Sigma1 msg to <0000000000000001, 1> [II:500ms AI:300ms AT:4000ms][0m
[0;34m[1784838140.524] [22332:22334] [DIS] OperationalSessionSetup[1:0000000000000001]: State change 3 --> 4[0m
[0;32m[1784838140.524] [22332:22334] [EM] >>> [E:60110i S:0 M:211775532 (Ack:184755817)] (U) Msg RX from 0:0000000000000000 [0000] to 9D4C932F9DBAF609 --- Type 0000:31 (SecureChannel:CASE_Sigma2) (B:751)[0m
[0;34m[1784838140.524] [22332:22334] [EM] Found matching exchange: 60110i, Delegate: 0x70164c064e88[0m
[0;34m[1784838140.524] [22332:22334] [EM] Rxd Ack; Removing MessageCounter:184755817 from Retrans Table on exchange 60110i[0m
[0;32m[1784838140.524] [22332:22334] [SC] Received Sigma2 msg[0m
[0;34m[1784838140.524] [22332:22334] [SC] Found MRP parameters in the message[0m
[0;34m[1784838140.526] [22332:22334] [SC] Peer <0000000000000001, 1> assigned session ID 36858[0m
[0;34m[1784838140.526] [22332:22334] [SC] Sending Sigma3[0m
[0;32m[1784838140.526] [22332:22334] [EM] <<< [E:60110i S:0 M:184755818 (Ack:211775532)] (U) Msg TX from 9D4C932F9DBAF609 to 0:0000000000000000 [0000] [UDP:[fe80::bfe:a203:38f0:bce7%enp0s3]:5540] --- Type 0000:32 (SecureChannel:CASE_Sigma3) (B:598)[0m
[0;32m[1784838140.526] [22332:22334] [EM] ??1 [E:60110i S:0 M:184755818] (U) Msg Retransmission to 0:0000000000000000 scheduled for 388ms from now [State:Active II:500 AI:300 AT:4000][0m
[0;32m[1784838140.526] [22332:22334] [SC] Sent Sigma3 msg[0m
[0;32m[1784838140.537] [22332:22334] [EM] >>> [E:60110i S:0 M:211775533 (Ack:184755818)] (U) Msg RX from 0:0000000000000000 [0000] to 9D4C932F9DBAF609 --- Type 0000:40 (SecureChannel:StatusReport) (B:34)[0m
[0;34m[1784838140.537] [22332:22334] [EM] Found matching exchange: 60110i, Delegate: 0x70164c064e88[0m
[0;34m[1784838140.537] [22332:22334] [EM] Rxd Ack; Removing MessageCounter:184755818 from Retrans Table on exchange 60110i[0m
[0;32m[1784838140.537] [22332:22334] [SC] Success status report received. Session was established[0m
[0;32m[1784838140.538] [22332:22334] [SC] SecureSession[0x70164c0647b0, LSID:10355]: State change 'kEstablishing' --> 'kActive'[0m
[0;34m[1784838140.538] [22332:22334] [IN] SecureSession[0x70164c0647b0]: Activated - Type:2 LSID:10355[0m
[0;34m[1784838140.538] [22332:22334] [IN] New secure session activated for device <0000000000000001, 1>, LSID:10355 PSID:36858![0m
[0;34m[1784838140.538] [22332:22334] [DIS] OperationalSessionSetup[1:0000000000000001]: State change 4 --> 5[0m
[0;32m[1784838140.538] [22332:22334] [CTL] Successfully finished commissioning step 'FindOperationalForStayActive'[0m
[0;32m[1784838140.538] [22332:22334] [CTL] Commissioning stage next step: 'FindOperationalForStayActive' -> 'ICDSendStayActive'[0m
[0;32m[1784838140.538] [22332:22334] [CTL] Performing next commissioning step 'ICDSendStayActive'[0m
[0;34m[1784838140.538] [22332:22334] [TOO] Starting commissioning stage 'ICDSendStayActive'[0m
[0;32m[1784838140.538] [22332:22334] [CTL] Skipping kICDSendStayActive[0m
[0;32m[1784838140.538] [22332:22334] [CTL] Successfully finished commissioning step 'ICDSendStayActive'[0m
[0;32m[1784838140.538] [22332:22334] [CTL] Commissioning stage next step: 'ICDSendStayActive' -> 'FindOperationalForCommissioningComplete'[0m
[0;32m[1784838140.538] [22332:22334] [CTL] Performing next commissioning step 'FindOperationalForCommissioningComplete'[0m
[0;34m[1784838140.538] [22332:22334] [TOO] Starting commissioning stage 'FindOperationalForCommissioningComplete'[0m
[0;34m[1784838140.538] [22332:22334] [CSM] FindOrEstablishSession: PeerId = [1:0000000000000001][0m
[0;34m[1784838140.538] [22332:22334] [CSM] FindOrEstablishSession: No existing OperationalSessionSetup instance found[0m
[0;32m[1784838140.538] [22332:22334] [DIS] Found an existing secure session to [1:0000000000000001]![0m
[0;34m[1784838140.538] [22332:22334] [DIS] OperationalSessionSetup[1:0000000000000001]: State change 1 --> 5[0m
[0;32m[1784838140.538] [22332:22334] [CTL] Successfully finished commissioning step 'FindOperationalForCommissioningComplete'[0m
[0;32m[1784838140.538] [22332:22334] [CTL] Commissioning stage next step: 'FindOperationalForCommissioningComplete' -> 'SendComplete'[0m
[0;32m[1784838140.538] [22332:22334] [CTL] Performing next commissioning step 'SendComplete'[0m
[0;34m[1784838140.538] [22332:22334] [TOO] Starting commissioning stage 'SendComplete'[0m
[0;34m[1784838140.538] [22332:22334] [DMG] ICR moving to [AddingComm][0m
[0;34m[1784838140.538] [22332:22334] [DMG] ICR moving to [AddedComma][0m
[0;32m[1784838140.538] [22332:22334] [EM] <<< [E:60111i S:10355 M:218066576] (S) Msg TX from 000000000001B669 to 1:0000000000000001 [DE35] [UDP:[fe80::bfe:a203:38f0:bce7%enp0s3]:5540] --- Type 0001:08 (IM:InvokeCommandRequest) (B:59)[0m
[0;32m[1784838140.538] [22332:22334] [EM] ??1 [E:60111i S:10355 M:218066576] (S) Msg Retransmission to 1:0000000000000001 scheduled for 372ms from now [State:Active II:500 AI:300 AT:4000][0m
[0;34m[1784838140.538] [22332:22334] [DMG] ICR moving to [AwaitingRe][0m
[0;32m[1784838140.538] [22332:22334] [EM] <<< [E:60110i S:0 M:184755819 (Ack:211775533)] (U) Msg TX from 9D4C932F9DBAF609 to 0:0000000000000000 [0000] [UDP:[fe80::bfe:a203:38f0:bce7%enp0s3]:5540] --- Type 0000:10 (SecureChannel:StandaloneAck) (B:26)[0m
[0;34m[1784838140.538] [22332:22334] [EM] Flushed pending ack for MessageCounter:211775533 on exchange 60110i[0m
[0;32m[1784838140.559] [22332:22334] [EM] >>> [E:60111i S:10355 M:13117953 (Ack:218066576)] (S) Msg RX from 1:0000000000000001 [DE35] to 000000000001B669 --- Type 0001:09 (IM:InvokeCommandResponse) (B:70)[0m
[0;34m[1784838140.559] [22332:22334] [EM] Found matching exchange: 60111i, Delegate: 0x70164c0382d8[0m
[0;34m[1784838140.559] [22332:22334] [EM] Rxd Ack; Removing MessageCounter:218066576 from Retrans Table on exchange 60111i[0m
[0;34m[1784838140.559] [22332:22334] [DMG] ICR moving to [ResponseRe][0m
[0;34m[1784838140.559] [22332:22334] [DMG] InvokeResponseMessage =[0m
[0;34m[1784838140.559] [22332:22334] [DMG] {[0m
[0;34m[1784838140.559] [22332:22334] [DMG] 	suppressResponse = false, [0m
[0;34m[1784838140.559] [22332:22334] [DMG] 	InvokeResponseIBs =[0m
[0;34m[1784838140.559] [22332:22334] [DMG] 	[[0m
[0;34m[1784838140.559] [22332:22334] [DMG] 		InvokeResponseIB =[0m
[0;34m[1784838140.559] [22332:22334] [DMG] 		{[0m
[0;34m[1784838140.559] [22332:22334] [DMG] 			CommandDataIB =[0m
[0;34m[1784838140.559] [22332:22334] [DMG] 			{[0m
[0;34m[1784838140.559] [22332:22334] [DMG] 				CommandPathIB =[0m
[0;34m[1784838140.559] [22332:22334] [DMG] 				{[0m
[0;34m[1784838140.559] [22332:22334] [DMG] 					EndpointId = 0x0,[0m
[0;34m[1784838140.559] [22332:22334] [DMG] 					ClusterId = 0x30,[0m
[0;34m[1784838140.559] [22332:22334] [DMG] 					CommandId = 0x5,[0m
[0;34m[1784838140.559] [22332:22334] [DMG] 				},[0m
[0;34m[1784838140.559] [22332:22334] [DMG] 				[0m
[0;34m[1784838140.559] [22332:22334] [DMG] 				CommandFields = [0m
[0;34m[1784838140.559] [22332:22334] [DMG] 				{[0m
[0;34m[1784838140.559] [22332:22334] [DMG] 					0x0 = 0 (unsigned), [0m
[0;34m[1784838140.559] [22332:22334] [DMG] 					0x1 = "" (0 chars), [0m
[0;34m[1784838140.559] [22332:22334] [DMG] 				},[0m
[0;34m[1784838140.559] [22332:22334] [DMG] 			},[0m
[0;34m[1784838140.559] [22332:22334] [DMG] 			[0m
[0;34m[1784838140.559] [22332:22334] [DMG] 		},[0m
[0;34m[1784838140.559] [22332:22334] [DMG] 		[0m
[0;34m[1784838140.559] [22332:22334] [DMG] 	],[0m
[0;34m[1784838140.559] [22332:22334] [DMG] 	[0m
[0;34m[1784838140.559] [22332:22334] [DMG] 	InteractionModelRevision = 12[0m
[0;34m[1784838140.559] [22332:22334] [DMG] },[0m
[0;32m[1784838140.559] [22332:22334] [DMG] Received Command Response Data, Endpoint=0 Cluster=0x0000_0030 Command=0x0000_0005[0m
[0;32m[1784838140.559] [22332:22334] [CTL] Received CommissioningComplete response, errorCode=0[0m
[0;32m[1784838140.559] [22332:22334] [CTL] Successfully finished commissioning step 'SendComplete'[0m
[0;32m[1784838140.559] [22332:22334] [CTL] Commissioning stage next step: 'SendComplete' -> 'Cleanup'[0m
[0;32m[1784838140.559] [22332:22334] [CTL] Performing next commissioning step 'Cleanup'[0m
[0;34m[1784838140.559] [22332:22334] [TOO] Starting commissioning stage 'Cleanup'[0m
[0;32m[1784838140.559] [22332:22334] [CTL] Successfully finished commissioning step 'Cleanup'[0m
[0;34m[1784838140.559] [22332:22334] [IN] SecureSession[0x70164c032f30]: MarkForEviction Type:1 LSID:10354[0m
[0;32m[1784838140.559] [22332:22334] [SC] SecureSession[0x70164c032f30, LSID:10354]: State change 'kActive' --> 'kPendingEviction'[0m
[0;34m[1784838140.559] [22332:22334] [IN] SecureSession[0x70164c032f30]: Released - Type:1 LSID:10354[0m
[0;32m[1784838140.559] [22332:22334] [CTL] Commissioning complete for node ID 0x0000000000000001: success[0m
[0;32m[1784838140.559] [22332:22334] [TOO] Device commissioning completed with success[0m
[0;34m[1784838140.559] [22332:22334] [DMG] ICR moving to [AwaitingDe][0m
[0;32m[1784838140.559] [22332:22334] [EM] <<< [E:60111i S:10355 M:218066577 (Ack:13117953)] (S) Msg TX from 000000000001B669 to 1:0000000000000001 [DE35] [UDP:[fe80::bfe:a203:38f0:bce7%enp0s3]:5540] --- Type 0000:10 (SecureChannel:StandaloneAck) (B:34)[0m
[0;34m[1784838140.559] [22332:22334] [EM] Flushed pending ack for MessageCounter:13117953 on exchange 60111i[0m
[0;34m[1784838140.559] [22332:22332] [CTL] Shutting down the commissioner[0m
[0;32m[1784838140.559] [22332:22332] [PAF] WiFiPAF: Closing all WiFiPAF sessions to shutdown[0m
[0;34m[1784838140.559] [22332:22332] [CTL] Shutting down the controller[0m
[0;34m[1784838140.559] [22332:22332] [IN] Expiring all sessions for fabric 0x1!![0m
[0;34m[1784838140.559] [22332:22332] [IN] SecureSession[0x70164c0647b0]: MarkForEviction Type:2 LSID:10355[0m
[0;32m[1784838140.559] [22332:22332] [SC] SecureSession[0x70164c0647b0, LSID:10355]: State change 'kActive' --> 'kPendingEviction'[0m
[0;34m[1784838140.559] [22332:22332] [IN] SecureSession[0x70164c0647b0]: Released - Type:2 LSID:10355[0m
[0;32m[1784838140.559] [22332:22332] [FP] Forgetting fabric 0x1[0m
[0;32m[1784838140.559] [22332:22332] [TS] Pending Last Known Good Time: 2023-10-14T01:16:48[0m
[0;32m[1784838140.560] [22332:22332] [TS] Previous Last Known Good Time: 2023-10-14T01:16:48[0m
[0;32m[1784838140.560] [22332:22332] [TS] Reverted Last Known Good Time to previous value[0m
[0;34m[1784838140.560] [22332:22332] [CTL] Shutting down the commissioner[0m
[0;32m[1784838140.560] [22332:22332] [PAF] WiFiPAF: Closing all WiFiPAF sessions to shutdown[0m
[0;34m[1784838140.560] [22332:22332] [CTL] Shutting down the controller[0m
[0;34m[1784838140.560] [22332:22332] [CTL] Shutting down the System State, this will teardown the CHIP Stack[0m
[0;34m[1784838140.560] [22332:22332] [DMG] All ReadHandler-s are clean, clear GlobalDirtySet[0m
[0;32m[1784838140.560] [22332:22332] [FP] Shutting down FabricTable[0m
[0;32m[1784838140.560] [22332:22332] [TS] Pending Last Known Good Time: 2023-10-14T01:16:48[0m
[0;32m[1784838140.560] [22332:22332] [TS] Previous Last Known Good Time: 2023-10-14T01:16:48[0m
[0;32m[1784838140.560] [22332:22332] [TS] Reverted Last Known Good Time to previous value[0m
[0;34m[1784838140.562] [22332:22332] [DL] Wrote settings to /tmp/chip_counters.ini[0m
[0;32m[1784838140.562] [22332:22332] [DL] NVS set: chip-counters/total-operational-hours = 0 (0x0)[0m
[0;32m[1784838140.562] [22332:22332] [DL] Inet Layer shutdown[0m
[0;32m[1784838140.562] [22332:22332] [DL] BLE Layer shutdown[0m
[0;32m[1784838140.562] [22332:22332] [DL] WiFi-PAF Layer shutdown[0m
[0;32m[1784838140.562] [22332:22332] [PAF] WiFiPAF: Closing all WiFiPAF sessions to shutdown[0m
[0;32m[1784838140.562] [22332:22332] [DL] System Layer shutdown[0m
