[0;34m[1784656713.626] [12401:12401] [DL] ChipLinuxStorage::Init: Using KVS config file: /tmp/chip_tool_kvs[0m
[0;34m[1784656713.631] [12401:12401] [DL] Wrote settings to /tmp/chip_tool_kvs[0m
[1;31m[1784656713.632] [12401:12401] [DL] ChipLinuxStorage::Init: Attempt to re-initialize with KVS config file: /tmp/chip_kvs, IGNORING.[0m
[0;34m[1784656713.635] [12401:12401] [DL] ChipLinuxStorage::Init: Using KVS config file: /tmp/chip_factory.ini[0m
[0;34m[1784656713.635] [12401:12401] [DL] ChipLinuxStorage::Init: Using KVS config file: /tmp/chip_config.ini[0m
[0;34m[1784656713.635] [12401:12401] [DL] ChipLinuxStorage::Init: Using KVS config file: /tmp/chip_counters.ini[0m
[0;34m[1784656713.638] [12401:12401] [DL] Wrote settings to /tmp/chip_counters.ini[0m
[0;32m[1784656713.638] [12401:12401] [DL] NVS set: chip-counters/reboot-count = 2 (0x2)[0m
[0;32m[1784656713.638] [12401:12401] [DL] Got Ethernet interface: enp0s3[0m
[0;32m[1784656713.638] [12401:12401] [DL] Found the primary Ethernet interface:enp0s3[0m
[1;31m[1784656713.638] [12401:12401] [DL] Failed to get WiFi interface[0m
[1;31m[1784656713.638] [12401:12401] [DL] Failed to reset WiFi statistic counts[0m
[0;32m[1784656713.638] [12401:12401] [PAF] WiFiPAF: WiFiPAFLayer::Init()[0m
[0;34m[1784656713.638] [12401:12401] [IN] UDP::Init bind&listen port=0[0m
[0;34m[1784656713.638] [12401:12401] [IN] UDP::Init bound to port=39609[0m
[0;34m[1784656713.638] [12401:12401] [IN] UDP::Init bind&listen port=0[0m
[0;34m[1784656713.638] [12401:12401] [IN] UDP::Init bound to port=43053[0m
[0;34m[1784656713.638] [12401:12401] [IN] BLEBase::Init - setting/overriding transport[0m
[0;34m[1784656713.638] [12401:12401] [IN] WiFiPAFBase::Init - setting/overriding transport[0m
[0;34m[1784656713.638] [12401:12401] [IN] TransportMgr initialized[0m
[0;34m[1784656713.638] [12401:12401] [FP] Initializing FabricTable from persistent storage[0m
[0;32m[1784656713.638] [12401:12401] [TS] Last Known Good Time: [unknown][0m
[0;32m[1784656713.638] [12401:12401] [TS] Setting Last Known Good Time to firmware build time 2023-10-14T01:16:48[0m
[0;32m[1784656713.639] [12401:12401] [DMG] Ember attribute persistence requires setting up[0m
[0;32m[1784656713.639] [12401:12401] [ZCL] Using ZAP configuration...[0m
[0;34m[1784656713.640] [12401:12401] [CTL] System State Initialized...[0m
[0;32m[1784656713.640] [12401:12401] [CTL] Setting attestation nonce to random value[0m
[0;32m[1784656713.640] [12401:12401] [CTL] Setting CSR nonce to random value[0m
[0;34m[1784656713.641] [12401:12404] [DL] CHIP task running[0m
[0;32m[1784656713.641] [12401:12404] [CTL] Setting attestation nonce to random value[0m
[0;32m[1784656713.641] [12401:12404] [CTL] Setting CSR nonce to random value[0m
[0;32m[1784656713.641] [12401:12404] [CTL] Couldn't get ExampleOpCredsCAKey from storage: src/controller/ExamplePersistentStorage.cpp:112: CHIP Error 0x000000A0: Value not found in the persisted storage[0m
[0;32m[1784656713.642] [12401:12404] [CTL] Couldn't get ExampleOpCredsICAKey from storage: src/controller/ExamplePersistentStorage.cpp:112: CHIP Error 0x000000A0: Value not found in the persisted storage[0m
[0;32m[1784656713.642] [12401:12404] [CTL] Generating RCAC[0m
[0;32m[1784656713.643] [12401:12404] [CTL] Generating ICAC[0m
[0;32m[1784656713.644] [12401:12404] [CTL] Generating NOC[0m
[0;32m[1784656713.645] [12401:12404] [FP] Validating NOC chain[0m
[0;32m[1784656713.646] [12401:12404] [FP] NOC chain validation successful[0m
[0;32m[1784656713.646] [12401:12404] [FP] Added new fabric at index: 0x1[0m
[0;32m[1784656713.646] [12401:12404] [FP] Assigned compressed fabric ID: 0xEC03323FA678AA66, node ID: 0x000000000001B669[0m
[0;32m[1784656713.646] [12401:12404] [TS] Last Known Good Time: 2023-10-14T01:16:48[0m
[0;32m[1784656713.646] [12401:12404] [TS] New proposed Last Known Good Time: 2021-01-01T00:00:00[0m
[0;32m[1784656713.646] [12401:12404] [TS] Retaining current Last Known Good Time[0m
[0;32m[1784656713.647] [12401:12404] [FP] Metadata for Fabric 0x1 persisted to storage.[0m
[0;32m[1784656713.649] [12401:12404] [TS] Committing Last Known Good Time to storage: 2023-10-14T01:16:48[0m
[0;32m[1784656713.651] [12401:12404] [CTL] Joined the fabric at index 1. Fabric ID is 0x0000000000000001 (Compressed Fabric ID: EC03323FA678AA66)[0m
[0;32m[1784656713.671] [12401:12404] [TOO] Discovered Device: fe80::bfe:a203:38f0:bce7:5540[0m
[0;34m[1784656713.671] [12401:12404] [IN] SecureSession[0x7136b0032f30]: Allocated Type:1 LSID:58858[0m
[0;34m[1784656713.671] [12401:12404] [SC] Assigned local session key ID 58858[0m
[0;32m[1784656713.671] [12401:12404] [EM] <<< [E:5657i S:0 M:35796017] (U) Msg TX from 45E3E8CBA98B19FF to 0:0000000000000000 [0000] [UDP:[fe80::bfe:a203:38f0:bce7%enp0s3]:5540] --- Type 0000:20 (SecureChannel:PBKDFParamRequest) (B:98)[0m
[0;32m[1784656713.671] [12401:12404] [EM] ??1 [E:5657i S:0 M:35796017] (U) Msg Retransmission to 0:0000000000000000 scheduled for 357ms from now [State:Active II:500 AI:300 AT:4000][0m
[0;32m[1784656713.671] [12401:12404] [SC] Sent PBKDF param request [II:500ms AI:300ms AT:4000ms)[0m
[0;32m[1784656713.671] [12401:12404] [CTL] Setting attestation nonce to random value[0m
[0;32m[1784656713.671] [12401:12404] [CTL] Setting CSR nonce to random value[0m
[0;32m[1784656713.671] [12401:12404] [CTL] Commission called for node ID 0x0000000000000001[0m
[0;32m[1784656713.673] [12401:12404] [EM] >>> [E:5657i S:0 M:115760088 (Ack:35796017)] (U) Msg RX from 0:0000000000000000 [0000] to 45E3E8CBA98B19FF --- Type 0000:21 (SecureChannel:PBKDFParamResponse) (B:174)[0m
[0;34m[1784656713.673] [12401:12404] [EM] Found matching exchange: 5657i, Delegate: 0x7136b0033e80[0m
[0;34m[1784656713.673] [12401:12404] [EM] Rxd Ack; Removing MessageCounter:35796017 from Retrans Table on exchange 5657i[0m
[0;34m[1784656713.673] [12401:12404] [SC] Received PBKDF param response[0m
[0;34m[1784656713.673] [12401:12404] [SC] Peer assigned session ID 30831[0m
[0;34m[1784656713.673] [12401:12404] [SC] Found MRP parameters in the message[0m
[0;32m[1784656713.674] [12401:12404] [EM] <<< [E:5657i S:0 M:35796018 (Ack:115760088)] (U) Msg TX from 45E3E8CBA98B19FF to 0:0000000000000000 [0000] [UDP:[fe80::bfe:a203:38f0:bce7%enp0s3]:5540] --- Type 0000:22 (SecureChannel:PASE_Pake1) (B:96)[0m
[0;32m[1784656713.674] [12401:12404] [EM] ??1 [E:5657i S:0 M:35796018] (U) Msg Retransmission to 0:0000000000000000 scheduled for 391ms from now [State:Active II:500 AI:300 AT:4000][0m
[0;34m[1784656713.674] [12401:12404] [SC] Sent spake2p msg1[0m
[0;32m[1784656713.675] [12401:12404] [EM] >>> [E:5657i S:0 M:115760089 (Ack:35796018)] (U) Msg RX from 0:0000000000000000 [0000] to 45E3E8CBA98B19FF --- Type 0000:23 (SecureChannel:PASE_Pake2) (B:131)[0m
[0;34m[1784656713.675] [12401:12404] [EM] Found matching exchange: 5657i, Delegate: 0x7136b0033e80[0m
[0;34m[1784656713.675] [12401:12404] [EM] Rxd Ack; Removing MessageCounter:35796018 from Retrans Table on exchange 5657i[0m
[0;34m[1784656713.675] [12401:12404] [SC] Received spake2p msg2[0m
[0;32m[1784656713.675] [12401:12404] [EM] <<< [E:5657i S:0 M:35796019 (Ack:115760089)] (U) Msg TX from 45E3E8CBA98B19FF to 0:0000000000000000 [0000] [UDP:[fe80::bfe:a203:38f0:bce7%enp0s3]:5540] --- Type 0000:24 (SecureChannel:PASE_Pake3) (B:63)[0m
[0;32m[1784656713.675] [12401:12404] [EM] ??1 [E:5657i S:0 M:35796019] (U) Msg Retransmission to 0:0000000000000000 scheduled for 372ms from now [State:Active II:500 AI:300 AT:4000][0m
[0;34m[1784656713.675] [12401:12404] [SC] Sent spake2p msg3[0m
[0;32m[1784656713.677] [12401:12404] [EM] >>> [E:5657i S:0 M:115760090 (Ack:35796019)] (U) Msg RX from 0:0000000000000000 [0000] to 45E3E8CBA98B19FF --- Type 0000:40 (SecureChannel:StatusReport) (B:34)[0m
[0;34m[1784656713.677] [12401:12404] [EM] Found matching exchange: 5657i, Delegate: 0x7136b0033e80[0m
[0;34m[1784656713.677] [12401:12404] [EM] Rxd Ack; Removing MessageCounter:35796019 from Retrans Table on exchange 5657i[0m
[0;32m[1784656713.677] [12401:12404] [SC] SecureSession[0x7136b0032f30, LSID:58858]: State change 'kEstablishing' --> 'kActive'[0m
[0;34m[1784656713.677] [12401:12404] [IN] SecureSession[0x7136b0032f30]: Activated - Type:1 LSID:58858[0m
[0;34m[1784656713.677] [12401:12404] [IN] New secure session activated for device <FFFFFFFB00000000, 0>, LSID:58858 PSID:30831![0m
[0;34m[1784656713.677] [12401:12404] [CTL] Remote device completed SPAKE2+ handshake[0m
[0;32m[1784656713.677] [12401:12404] [TOO] Pairing Success[0m
[0;32m[1784656713.677] [12401:12404] [TOO] PASE establishment successful[0m
[0;32m[1784656713.677] [12401:12404] [CTL] Commissioning stage next step: 'SecurePairing' -> 'ReadCommissioningInfo'[0m
[0;32m[1784656713.677] [12401:12404] [CTL] Performing next commissioning step 'ReadCommissioningInfo'[0m
[0;34m[1784656713.677] [12401:12404] [TOO] Starting commissioning stage 'ReadCommissioningInfo'[0m
[0;32m[1784656713.677] [12401:12404] [CTL] Sending read requests for commissioning information[0m
[0;34m[1784656713.677] [12401:12404] [DMG] SendReadRequest ReadClient[0x7136b00351e0]: Sending Read Request[0m
[0;32m[1784656713.677] [12401:12404] [DMG] 0 data version filters provided, 0 not relevant, 0 encoded, 0 skipped due to lack of space[0m
[0;32m[1784656713.677] [12401:12404] [EM] <<< [E:5658i S:58858 M:267223128] (S) Msg TX from 0000000000000000 to 0:FFFFFFFB00000000 [0000] [UDP:[fe80::bfe:a203:38f0:bce7%enp0s3]:5540] --- Type 0001:02 (IM:ReadRequest) (B:136)[0m
[0;32m[1784656713.677] [12401:12404] [EM] ??1 [E:5658i S:58858 M:267223128] (S) Msg Retransmission to 0:FFFFFFFB00000000 scheduled for 353ms from now [State:Active II:500 AI:300 AT:4000][0m
[0;34m[1784656713.677] [12401:12404] [DMG] MoveToState ReadClient[0x7136b00351e0]: Moving to [AwaitingIn][0m
[0;32m[1784656713.677] [12401:12404] [EM] <<< [E:5657i S:0 M:35796020 (Ack:115760090)] (U) Msg TX from 45E3E8CBA98B19FF to 0:0000000000000000 [0000] [UDP:[fe80::bfe:a203:38f0:bce7%enp0s3]:5540] --- Type 0000:10 (SecureChannel:StandaloneAck) (B:26)[0m
[0;34m[1784656713.677] [12401:12404] [EM] Flushed pending ack for MessageCounter:115760090 on exchange 5657i[0m
[0;32m[1784656713.679] [12401:12404] [EM] >>> [E:5658i S:58858 M:218092723 (Ack:267223128)] (S) Msg RX from 0:FFFFFFFB00000000 [0000] to 0000000000000000 --- Type 0001:05 (IM:ReportData) (B:766)[0m
[0;34m[1784656713.679] [12401:12404] [EM] Found matching exchange: 5658i, Delegate: 0x7136b00351f0[0m
[0;34m[1784656713.679] [12401:12404] [EM] Rxd Ack; Removing MessageCounter:267223128 from Retrans Table on exchange 5658i[0m
[0;34m[1784656713.679] [12401:12404] [DMG] ReportDataMessage =[0m
[0;34m[1784656713.679] [12401:12404] [DMG] {[0m
[0;34m[1784656713.679] [12401:12404] [DMG] 	AttributeReportIBs =[0m
[0;34m[1784656713.679] [12401:12404] [DMG] 	[[0m
[0;34m[1784656713.679] [12401:12404] [DMG] 		AttributeReportIB =[0m
[0;34m[1784656713.679] [12401:12404] [DMG] 		{[0m
[0;34m[1784656713.679] [12401:12404] [DMG] 			AttributeDataIB =[0m
[0;34m[1784656713.679] [12401:12404] [DMG] 			{[0m
[0;34m[1784656713.679] [12401:12404] [DMG] 				DataVersion = 0xb4afcda2,[0m
[0;34m[1784656713.679] [12401:12404] [DMG] 				AttributePathIB =[0m
[0;34m[1784656713.679] [12401:12404] [DMG] 				{[0m
[0;34m[1784656713.679] [12401:12404] [DMG] 					Endpoint = 0x0,[0m
[0;34m[1784656713.679] [12401:12404] [DMG] 					Cluster = 0x38,[0m
[0;34m[1784656713.679] [12401:12404] [DMG] 					Attribute = 0x0000_0000,[0m
[0;34m[1784656713.679] [12401:12404] [DMG] 				}[0m
[0;34m[1784656713.679] [12401:12404] [DMG] 					[0m
[0;34m[1784656713.679] [12401:12404] [DMG] 				Data = 837971913678441 (unsigned), [0m
[0;34m[1784656713.679] [12401:12404] [DMG] 			},[0m
[0;34m[1784656713.679] [12401:12404] [DMG] 			[0m
[0;34m[1784656713.679] [12401:12404] [DMG] 		},[0m
[0;34m[1784656713.679] [12401:12404] [DMG] 		[0m
[0;34m[1784656713.679] [12401:12404] [DMG] 		AttributeReportIB =[0m
[0;34m[1784656713.679] [12401:12404] [DMG] 		{[0m
[0;34m[1784656713.679] [12401:12404] [DMG] 			AttributeDataIB =[0m
[0;34m[1784656713.679] [12401:12404] [DMG] 			{[0m
[0;34m[1784656713.679] [12401:12404] [DMG] 				DataVersion = 0xb4afcda2,[0m
[0;34m[1784656713.679] [12401:12404] [DMG] 				AttributePathIB =[0m
[0;34m[1784656713.679] [12401:12404] [DMG] 				{[0m
[0;34m[1784656713.679] [12401:12404] [DMG] 					Endpoint = 0x0,[0m
[0;34m[1784656713.679] [12401:12404] [DMG] 					Cluster = 0x38,[0m
[0;34m[1784656713.679] [12401:12404] [DMG] 					Attribute = 0x0000_0001,[0m
[0;34m[1784656713.679] [12401:12404] [DMG] 				}[0m
[0;34m[1784656713.679] [12401:12404] [DMG] 					[0m
[0;34m[1784656713.679] [12401:12404] [DMG] 				Data = 3 (unsigned), [0m
[0;34m[1784656713.679] [12401:12404] [DMG] 			},[0m
[0;34m[1784656713.679] [12401:12404] [DMG] 			[0m
[0;34m[1784656713.679] [12401:12404] [DMG] 		},[0m
[0;34m[1784656713.679] [12401:12404] [DMG] 		[0m
[0;34m[1784656713.679] [12401:12404] [DMG] 		AttributeReportIB =[0m
[0;34m[1784656713.679] [12401:12404] [DMG] 		{[0m
[0;34m[1784656713.679] [12401:12404] [DMG] 			AttributeDataIB =[0m
[0;34m[1784656713.679] [12401:12404] [DMG] 			{[0m
[0;34m[1784656713.679] [12401:12404] [DMG] 				DataVersion = 0xb4afcda2,[0m
[0;34m[1784656713.679] [12401:12404] [DMG] 				AttributePathIB =[0m
[0;34m[1784656713.679] [12401:12404] [DMG] 				{[0m
[0;34m[1784656713.679] [12401:12404] [DMG] 					Endpoint = 0x0,[0m
[0;34m[1784656713.679] [12401:12404] [DMG] 					Cluster = 0x38,[0m
[0;34m[1784656713.679] [12401:12404] [DMG] 					Attribute = 0x0000_0002,[0m
[0;34m[1784656713.679] [12401:12404] [DMG] 				}[0m
[0;34m[1784656713.679] [12401:12404] [DMG] 					[0m
[0;34m[1784656713.679] [12401:12404] [DMG] 				Data = 8 (unsigned), [0m
[0;34m[1784656713.679] [12401:12404] [DMG] 			},[0m
[0;34m[1784656713.679] [12401:12404] [DMG] 			[0m
[0;34m[1784656713.679] [12401:12404] [DMG] 		},[0m
[0;34m[1784656713.679] [12401:12404] [DMG] 		[0m
[0;34m[1784656713.679] [12401:12404] [DMG] 		AttributeReportIB =[0m
[0;34m[1784656713.679] [12401:12404] [DMG] 		{[0m
[0;34m[1784656713.679] [12401:12404] [DMG] 			AttributeDataIB =[0m
[0;34m[1784656713.679] [12401:12404] [DMG] 			{[0m
[0;34m[1784656713.679] [12401:12404] [DMG] 				DataVersion = 0xb4afcda2,[0m
[0;34m[1784656713.679] [12401:12404] [DMG] 				AttributePathIB =[0m
[0;34m[1784656713.679] [12401:12404] [DMG] 				{[0m
[0;34m[1784656713.679] [12401:12404] [DMG] 					Endpoint = 0x0,[0m
[0;34m[1784656713.679] [12401:12404] [DMG] 					Cluster = 0x38,[0m
[0;34m[1784656713.679] [12401:12404] [DMG] 					Attribute = 0x0000_0003,[0m
[0;34m[1784656713.679] [12401:12404] [DMG] 				}[0m
[0;34m[1784656713.679] [12401:12404] [DMG] 					[0m
[0;34m[1784656713.679] [12401:12404] [DMG] 				Data = NULL[0m
[0;34m[1784656713.679] [12401:12404] [DMG] 			},[0m
[0;34m[1784656713.679] [12401:12404] [DMG] 			[0m
[0;34m[1784656713.679] [12401:12404] [DMG] 		},[0m
[0;34m[1784656713.679] [12401:12404] [DMG] 		[0m
[0;34m[1784656713.679] [12401:12404] [DMG] 		AttributeReportIB =[0m
[0;34m[1784656713.679] [12401:12404] [DMG] 		{[0m
[0;34m[1784656713.679] [12401:12404] [DMG] 			AttributeDataIB =[0m
[0;34m[1784656713.679] [12401:12404] [DMG] 			{[0m
[0;34m[1784656713.679] [12401:12404] [DMG] 				DataVersion = 0xb4afcda2,[0m
[0;34m[1784656713.679] [12401:12404] [DMG] 				AttributePathIB =[0m
[0;34m[1784656713.679] [12401:12404] [DMG] 				{[0m
[0;34m[1784656713.679] [12401:12404] [DMG] 					Endpoint = 0x0,[0m
[0;34m[1784656713.679] [12401:12404] [DMG] 					Cluster = 0x38,[0m
[0;34m[1784656713.679] [12401:12404] [DMG] 					Attribute = 0x0000_0004,[0m
[0;34m[1784656713.679] [12401:12404] [DMG] 				}[0m
[0;34m[1784656713.679] [12401:12404] [DMG] 					[0m
[0;34m[1784656713.679] [12401:12404] [DMG] 				Data = NULL[0m
[0;34m[1784656713.679] [12401:12404] [DMG] 			},[0m
[0;34m[1784656713.679] [12401:12404] [DMG] 			[0m
[0;34m[1784656713.679] [12401:12404] [DMG] 		},[0m
[0;34m[1784656713.679] [12401:12404] [DMG] 		[0m
[0;34m[1784656713.679] [12401:12404] [DMG] 		AttributeReportIB =[0m
[0;34m[1784656713.679] [12401:12404] [DMG] 		{[0m
[0;34m[1784656713.679] [12401:12404] [DMG] 			AttributeDataIB =[0m
[0;34m[1784656713.680] [12401:12404] [DMG] 			{[0m
[0;34m[1784656713.680] [12401:12404] [DMG] 				DataVersion = 0xb4afcda2,[0m
[0;34m[1784656713.680] [12401:12404] [DMG] 				AttributePathIB =[0m
[0;34m[1784656713.680] [12401:12404] [DMG] 				{[0m
[0;34m[1784656713.680] [12401:12404] [DMG] 					Endpoint = 0x0,[0m
[0;34m[1784656713.680] [12401:12404] [DMG] 					Cluster = 0x38,[0m
[0;34m[1784656713.680] [12401:12404] [DMG] 					Attribute = 0x0000_0005,[0m
[0;34m[1784656713.680] [12401:12404] [DMG] 				}[0m
[0;34m[1784656713.680] [12401:12404] [DMG] 					[0m
[0;34m[1784656713.680] [12401:12404] [DMG] 				Data = [[0m
[0;34m[1784656713.680] [12401:12404] [DMG] 						[0m
[0;34m[1784656713.680] [12401:12404] [DMG] 					{[0m
[0;34m[1784656713.680] [12401:12404] [DMG] 						0x0 = 0 (signed), [0m
[0;34m[1784656713.680] [12401:12404] [DMG] 						0x1 = 0 (unsigned), [0m
[0;34m[1784656713.680] [12401:12404] [DMG] 					},[0m
[0;34m[1784656713.680] [12401:12404] [DMG] 				],[0m
[0;34m[1784656713.680] [12401:12404] [DMG] 			},[0m
[0;34m[1784656713.680] [12401:12404] [DMG] 			[0m
[0;34m[1784656713.680] [12401:12404] [DMG] 		},[0m
[0;34m[1784656713.680] [12401:12404] [DMG] 		[0m
[0;34m[1784656713.680] [12401:12404] [DMG] 		AttributeReportIB =[0m
[0;34m[1784656713.680] [12401:12404] [DMG] 		{[0m
[0;34m[1784656713.680] [12401:12404] [DMG] 			AttributeDataIB =[0m
[0;34m[1784656713.680] [12401:12404] [DMG] 			{[0m
[0;34m[1784656713.680] [12401:12404] [DMG] 				DataVersion = 0xb4afcda2,[0m
[0;34m[1784656713.680] [12401:12404] [DMG] 				AttributePathIB =[0m
[0;34m[1784656713.680] [12401:12404] [DMG] 				{[0m
[0;34m[1784656713.680] [12401:12404] [DMG] 					Endpoint = 0x0,[0m
[0;34m[1784656713.680] [12401:12404] [DMG] 					Cluster = 0x38,[0m
[0;34m[1784656713.680] [12401:12404] [DMG] 					Attribute = 0x0000_0006,[0m
[0;34m[1784656713.680] [12401:12404] [DMG] 				}[0m
[0;34m[1784656713.680] [12401:12404] [DMG] 					[0m
[0;34m[1784656713.680] [12401:12404] [DMG] 				Data = [[0m
[0;34m[1784656713.680] [12401:12404] [DMG] 						[0m
[0;34m[1784656713.680] [12401:12404] [DMG] 				],[0m
[0;34m[1784656713.680] [12401:12404] [DMG] 			},[0m
[0;34m[1784656713.680] [12401:12404] [DMG] 			[0m
[0;34m[1784656713.680] [12401:12404] [DMG] 		},[0m
[0;34m[1784656713.680] [12401:12404] [DMG] 		[0m
[0;34m[1784656713.680] [12401:12404] [DMG] 		AttributeReportIB =[0m
[0;34m[1784656713.680] [12401:12404] [DMG] 		{[0m
[0;34m[1784656713.680] [12401:12404] [DMG] 			AttributeDataIB =[0m
[0;34m[1784656713.680] [12401:12404] [DMG] 			{[0m
[0;34m[1784656713.680] [12401:12404] [DMG] 				DataVersion = 0xb4afcda2,[0m
[0;34m[1784656713.680] [12401:12404] [DMG] 				AttributePathIB =[0m
[0;34m[1784656713.680] [12401:12404] [DMG] 				{[0m
[0;34m[1784656713.680] [12401:12404] [DMG] 					Endpoint = 0x0,[0m
[0;34m[1784656713.680] [12401:12404] [DMG] 					Cluster = 0x38,[0m
[0;34m[1784656713.680] [12401:12404] [DMG] 					Attribute = 0x0000_0007,[0m
[0;34m[1784656713.680] [12401:12404] [DMG] 				}[0m
[0;34m[1784656713.680] [12401:12404] [DMG] 					[0m
[0;34m[1784656713.680] [12401:12404] [DMG] 				Data = NULL[0m
[0;34m[1784656713.680] [12401:12404] [DMG] 			},[0m
[0;34m[1784656713.680] [12401:12404] [DMG] 			[0m
[0;34m[1784656713.680] [12401:12404] [DMG] 		},[0m
[0;34m[1784656713.680] [12401:12404] [DMG] 		[0m
[0;34m[1784656713.680] [12401:12404] [DMG] 		AttributeReportIB =[0m
[0;34m[1784656713.680] [12401:12404] [DMG] 		{[0m
[0;34m[1784656713.680] [12401:12404] [DMG] 			AttributeDataIB =[0m
[0;34m[1784656713.680] [12401:12404] [DMG] 			{[0m
[0;34m[1784656713.680] [12401:12404] [DMG] 				DataVersion = 0xb4afcda2,[0m
[0;34m[1784656713.680] [12401:12404] [DMG] 				AttributePathIB =[0m
[0;34m[1784656713.680] [12401:12404] [DMG] 				{[0m
[0;34m[1784656713.680] [12401:12404] [DMG] 					Endpoint = 0x0,[0m
[0;34m[1784656713.680] [12401:12404] [DMG] 					Cluster = 0x38,[0m
[0;34m[1784656713.680] [12401:12404] [DMG] 					Attribute = 0x0000_0008,[0m
[0;34m[1784656713.680] [12401:12404] [DMG] 				}[0m
[0;34m[1784656713.680] [12401:12404] [DMG] 					[0m
[0;34m[1784656713.680] [12401:12404] [DMG] 				Data = 0 (unsigned), [0m
[0;34m[1784656713.680] [12401:12404] [DMG] 			},[0m
[0;34m[1784656713.680] [12401:12404] [DMG] 			[0m
[0;34m[1784656713.680] [12401:12404] [DMG] 		},[0m
[0;34m[1784656713.680] [12401:12404] [DMG] 		[0m
[0;34m[1784656713.680] [12401:12404] [DMG] 		AttributeReportIB =[0m
[0;34m[1784656713.680] [12401:12404] [DMG] 		{[0m
[0;34m[1784656713.680] [12401:12404] [DMG] 			AttributeDataIB =[0m
[0;34m[1784656713.680] [12401:12404] [DMG] 			{[0m
[0;34m[1784656713.680] [12401:12404] [DMG] 				DataVersion = 0xb4afcda2,[0m
[0;34m[1784656713.680] [12401:12404] [DMG] 				AttributePathIB =[0m
[0;34m[1784656713.680] [12401:12404] [DMG] 				{[0m
[0;34m[1784656713.680] [12401:12404] [DMG] 					Endpoint = 0x0,[0m
[0;34m[1784656713.680] [12401:12404] [DMG] 					Cluster = 0x38,[0m
[0;34m[1784656713.680] [12401:12404] [DMG] 					Attribute = 0x0000_000A,[0m
[0;34m[1784656713.680] [12401:12404] [DMG] 				}[0m
[0;34m[1784656713.680] [12401:12404] [DMG] 					[0m
[0;34m[1784656713.680] [12401:12404] [DMG] 				Data = 2 (unsigned), [0m
[0;34m[1784656713.680] [12401:12404] [DMG] 			},[0m
[0;34m[1784656713.680] [12401:12404] [DMG] 			[0m
[0;34m[1784656713.680] [12401:12404] [DMG] 		},[0m
[0;34m[1784656713.680] [12401:12404] [DMG] 		[0m
[0;34m[1784656713.680] [12401:12404] [DMG] 		AttributeReportIB =[0m
[0;34m[1784656713.680] [12401:12404] [DMG] 		{[0m
[0;34m[1784656713.680] [12401:12404] [DMG] 			AttributeDataIB =[0m
[0;34m[1784656713.680] [12401:12404] [DMG] 			{[0m
[0;34m[1784656713.680] [12401:12404] [DMG] 				DataVersion = 0xb4afcda2,[0m
[0;34m[1784656713.680] [12401:12404] [DMG] 				AttributePathIB =[0m
[0;34m[1784656713.680] [12401:12404] [DMG] 				{[0m
[0;34m[1784656713.680] [12401:12404] [DMG] 					Endpoint = 0x0,[0m
[0;34m[1784656713.680] [12401:12404] [DMG] 					Cluster = 0x38,[0m
[0;34m[1784656713.680] [12401:12404] [DMG] 					Attribute = 0x0000_000B,[0m
[0;34m[1784656713.680] [12401:12404] [DMG] 				}[0m
[0;34m[1784656713.680] [12401:12404] [DMG] 					[0m
[0;34m[1784656713.680] [12401:12404] [DMG] 				Data = 2 (unsigned), [0m
[0;34m[1784656713.680] [12401:12404] [DMG] 			},[0m
[0;34m[1784656713.680] [12401:12404] [DMG] 			[0m
[0;34m[1784656713.680] [12401:12404] [DMG] 		},[0m
[0;34m[1784656713.680] [12401:12404] [DMG] 		[0m
[0;34m[1784656713.680] [12401:12404] [DMG] 		AttributeReportIB =[0m
[0;34m[1784656713.680] [12401:12404] [DMG] 		{[0m
[0;34m[1784656713.680] [12401:12404] [DMG] 			AttributeDataIB =[0m
[0;34m[1784656713.680] [12401:12404] [DMG] 			{[0m
[0;34m[1784656713.680] [12401:12404] [DMG] 				DataVersion = 0xb4afcda2,[0m
[0;34m[1784656713.680] [12401:12404] [DMG] 				AttributePathIB =[0m
[0;34m[1784656713.680] [12401:12404] [DMG] 				{[0m
[0;34m[1784656713.680] [12401:12404] [DMG] 					Endpoint = 0x0,[0m
[0;34m[1784656713.680] [12401:12404] [DMG] 					Cluster = 0x38,[0m
[0;34m[1784656713.680] [12401:12404] [DMG] 					Attribute = 0x0000_000C,[0m
[0;34m[1784656713.680] [12401:12404] [DMG] 				}[0m
[0;34m[1784656713.680] [12401:12404] [DMG] 					[0m
[0;34m[1784656713.680] [12401:12404] [DMG] 				Data = true, [0m
[0;34m[1784656713.680] [12401:12404] [DMG] 			},[0m
[0;34m[1784656713.680] [12401:12404] [DMG] 			[0m
[0;34m[1784656713.680] [12401:12404] [DMG] 		},[0m
[0;34m[1784656713.680] [12401:12404] [DMG] 		[0m
[0;34m[1784656713.680] [12401:12404] [DMG] 		AttributeReportIB =[0m
[0;34m[1784656713.680] [12401:12404] [DMG] 		{[0m
[0;34m[1784656713.680] [12401:12404] [DMG] 			AttributeDataIB =[0m
[0;34m[1784656713.680] [12401:12404] [DMG] 			{[0m
[0;34m[1784656713.680] [12401:12404] [DMG] 				DataVersion = 0xb4afcda2,[0m
[0;34m[1784656713.680] [12401:12404] [DMG] 				AttributePathIB =[0m
[0;34m[1784656713.680] [12401:12404] [DMG] 				{[0m
[0;34m[1784656713.680] [12401:12404] [DMG] 					Endpoint = 0x0,[0m
[0;34m[1784656713.680] [12401:12404] [DMG] 					Cluster = 0x38,[0m
[0;34m[1784656713.680] [12401:12404] [DMG] 					Attribute = 0x0000_FFFC,[0m
[0;34m[1784656713.680] [12401:12404] [DMG] 				}[0m
[0;34m[1784656713.680] [12401:12404] [DMG] 					[0m
[0;34m[1784656713.680] [12401:12404] [DMG] 				Data = 11 (unsigned), [0m
[0;34m[1784656713.680] [12401:12404] [DMG] 			},[0m
[0;34m[1784656713.680] [12401:12404] [DMG] 			[0m
[0;34m[1784656713.680] [12401:12404] [DMG] 		},[0m
[0;34m[1784656713.680] [12401:12404] [DMG] 		[0m
[0;34m[1784656713.680] [12401:12404] [DMG] 		AttributeReportIB =[0m
[0;34m[1784656713.680] [12401:12404] [DMG] 		{[0m
[0;34m[1784656713.680] [12401:12404] [DMG] 			AttributeDataIB =[0m
[0;34m[1784656713.680] [12401:12404] [DMG] 			{[0m
[0;34m[1784656713.680] [12401:12404] [DMG] 				DataVersion = 0xb4afcda2,[0m
[0;34m[1784656713.680] [12401:12404] [DMG] 				AttributePathIB =[0m
[0;34m[1784656713.680] [12401:12404] [DMG] 				{[0m
[0;34m[1784656713.680] [12401:12404] [DMG] 					Endpoint = 0x0,[0m
[0;34m[1784656713.680] [12401:12404] [DMG] 					Cluster = 0x38,[0m
[0;34m[1784656713.680] [12401:12404] [DMG] 					Attribute = 0x0000_FFFD,[0m
[0;34m[1784656713.680] [12401:12404] [DMG] 				}[0m
[0;34m[1784656713.680] [12401:12404] [DMG] 					[0m
[0;34m[1784656713.680] [12401:12404] [DMG] 				Data = 2 (unsigned), [0m
[0;34m[1784656713.680] [12401:12404] [DMG] 			},[0m
[0;34m[1784656713.680] [12401:12404] [DMG] 			[0m
[0;34m[1784656713.680] [12401:12404] [DMG] 		},[0m
[0;34m[1784656713.680] [12401:12404] [DMG] 		[0m
[0;34m[1784656713.680] [12401:12404] [DMG] 		AttributeReportIB =[0m
[0;34m[1784656713.680] [12401:12404] [DMG] 		{[0m
[0;34m[1784656713.680] [12401:12404] [DMG] 			AttributeDataIB =[0m
[0;34m[1784656713.680] [12401:12404] [DMG] 			{[0m
[0;34m[1784656713.680] [12401:12404] [DMG] 				DataVersion = 0xb4afcda2,[0m
[0;34m[1784656713.680] [12401:12404] [DMG] 				AttributePathIB =[0m
[0;34m[1784656713.680] [12401:12404] [DMG] 				{[0m
[0;34m[1784656713.680] [12401:12404] [DMG] 					Endpoint = 0x0,[0m
[0;34m[1784656713.680] [12401:12404] [DMG] 					Cluster = 0x38,[0m
[0;34m[1784656713.680] [12401:12404] [DMG] 					Attribute = 0x0000_FFF8,[0m
[0;34m[1784656713.680] [12401:12404] [DMG] 				}[0m
[0;34m[1784656713.680] [12401:12404] [DMG] 					[0m
[0;34m[1784656713.680] [12401:12404] [DMG] 				Data = [[0m
[0;34m[1784656713.680] [12401:12404] [DMG] 						3 (unsigned), [0m
[0;34m[1784656713.680] [12401:12404] [DMG] 				],[0m
[0;34m[1784656713.680] [12401:12404] [DMG] 			},[0m
[0;34m[1784656713.680] [12401:12404] [DMG] 			[0m
[0;34m[1784656713.680] [12401:12404] [DMG] 		},[0m
[0;34m[1784656713.680] [12401:12404] [DMG] 		[0m
[0;34m[1784656713.680] [12401:12404] [DMG] 		AttributeReportIB =[0m
[0;34m[1784656713.680] [12401:12404] [DMG] 		{[0m
[0;34m[1784656713.680] [12401:12404] [DMG] 			AttributeDataIB =[0m
[0;34m[1784656713.680] [12401:12404] [DMG] 			{[0m
[0;34m[1784656713.680] [12401:12404] [DMG] 				DataVersion = 0xb4afcda2,[0m
[0;34m[1784656713.680] [12401:12404] [DMG] 				AttributePathIB =[0m
[0;34m[1784656713.680] [12401:12404] [DMG] 				{[0m
[0;34m[1784656713.680] [12401:12404] [DMG] 					Endpoint = 0x0,[0m
[0;34m[1784656713.680] [12401:12404] [DMG] 					Cluster = 0x38,[0m
[0;34m[1784656713.680] [12401:12404] [DMG] 					Attribute = 0x0000_FFF9,[0m
[0;34m[1784656713.680] [12401:12404] [DMG] 				}[0m
[0;34m[1784656713.680] [12401:12404] [DMG] 					[0m
[0;34m[1784656713.680] [12401:12404] [DMG] 				Data = [[0m
[0;34m[1784656713.680] [12401:12404] [DMG] 						0 (unsigned), 1 (unsigned), 2 (unsigned), 4 (unsigned), 5 (unsigned), [0m
[0;34m[1784656713.680] [12401:12404] [DMG] 				],[0m
[0;34m[1784656713.680] [12401:12404] [DMG] 			},[0m
[0;34m[1784656713.680] [12401:12404] [DMG] 			[0m
[0;34m[1784656713.680] [12401:12404] [DMG] 		},[0m
[0;34m[1784656713.680] [12401:12404] [DMG] 		[0m
[0;34m[1784656713.680] [12401:12404] [DMG] 		AttributeReportIB =[0m
[0;34m[1784656713.680] [12401:12404] [DMG] 		{[0m
[0;34m[1784656713.680] [12401:12404] [DMG] 			AttributeDataIB =[0m
[0;34m[1784656713.680] [12401:12404] [DMG] 			{[0m
[0;34m[1784656713.680] [12401:12404] [DMG] 				DataVersion = 0xb4afcda2,[0m
[0;34m[1784656713.680] [12401:12404] [DMG] 				AttributePathIB =[0m
[0;34m[1784656713.680] [12401:12404] [DMG] 				{[0m
[0;34m[1784656713.680] [12401:12404] [DMG] 					Endpoint = 0x0,[0m
[0;34m[1784656713.680] [12401:12404] [DMG] 					Cluster = 0x38,[0m
[0;34m[1784656713.680] [12401:12404] [DMG] 					Attribute = 0x0000_FFFB,[0m
[0;34m[1784656713.680] [12401:12404] [DMG] 				}[0m
[0;34m[1784656713.680] [12401:12404] [DMG] 					[0m
[0;34m[1784656713.680] [12401:12404] [DMG] 				Data = [[0m
[0;34m[1784656713.680] [12401:12404] [DMG] 						0 (unsigned), 1 (unsigned), 2 (unsigned), 3 (unsigned), 4 (unsigned), 5 (unsigned), 6 (unsigned), 7 (unsigned), 8 (unsigned), 10 (unsigned), 11 (unsigned), 12 (unsigned), 65532 (unsigned), 65533 (unsigned), 65528 (unsigned), 65529 (unsigned), 65531 (unsigned), [0m
[0;34m[1784656713.680] [12401:12404] [DMG] 				],[0m
[0;34m[1784656713.680] [12401:12404] [DMG] 			},[0m
[0;34m[1784656713.680] [12401:12404] [DMG] 			[0m
[0;34m[1784656713.680] [12401:12404] [DMG] 		},[0m
[0;34m[1784656713.680] [12401:12404] [DMG] 		[0m
[0;34m[1784656713.680] [12401:12404] [DMG] 		AttributeReportIB =[0m
[0;34m[1784656713.680] [12401:12404] [DMG] 		{[0m
[0;34m[1784656713.680] [12401:12404] [DMG] 			AttributeDataIB =[0m
[0;34m[1784656713.680] [12401:12404] [DMG] 			{[0m
[0;34m[1784656713.680] [12401:12404] [DMG] 				DataVersion = 0x48cac953,[0m
[0;34m[1784656713.680] [12401:12404] [DMG] 				AttributePathIB =[0m
[0;34m[1784656713.680] [12401:12404] [DMG] 				{[0m
[0;34m[1784656713.680] [12401:12404] [DMG] 					Endpoint = 0x0,[0m
[0;34m[1784656713.680] [12401:12404] [DMG] 					Cluster = 0x28,[0m
[0;34m[1784656713.680] [12401:12404] [DMG] 					Attribute = 0x0000_0004,[0m
[0;34m[1784656713.680] [12401:12404] [DMG] 				}[0m
[0;34m[1784656713.680] [12401:12404] [DMG] 					[0m
[0;34m[1784656713.680] [12401:12404] [DMG] 				Data = 32769 (unsigned), [0m
[0;34m[1784656713.680] [12401:12404] [DMG] 			},[0m
[0;34m[1784656713.680] [12401:12404] [DMG] 			[0m
[0;34m[1784656713.680] [12401:12404] [DMG] 		},[0m
[0;34m[1784656713.680] [12401:12404] [DMG] 		[0m
[0;34m[1784656713.680] [12401:12404] [DMG] 		AttributeReportIB =[0m
[0;34m[1784656713.680] [12401:12404] [DMG] 		{[0m
[0;34m[1784656713.680] [12401:12404] [DMG] 			AttributeDataIB =[0m
[0;34m[1784656713.680] [12401:12404] [DMG] 			{[0m
[0;34m[1784656713.680] [12401:12404] [DMG] 				DataVersion = 0x48cac953,[0m
[0;34m[1784656713.680] [12401:12404] [DMG] 				AttributePathIB =[0m
[0;34m[1784656713.680] [12401:12404] [DMG] 				{[0m
[0;34m[1784656713.680] [12401:12404] [DMG] 					Endpoint = 0x0,[0m
[0;34m[1784656713.681] [12401:12404] [DMG] 					Cluster = 0x28,[0m
[0;34m[1784656713.681] [12401:12404] [DMG] 					Attribute = 0x0000_0002,[0m
[0;34m[1784656713.681] [12401:12404] [DMG] 				}[0m
[0;34m[1784656713.681] [12401:12404] [DMG] 					[0m
[0;34m[1784656713.681] [12401:12404] [DMG] 				Data = 65521 (unsigned), [0m
[0;34m[1784656713.681] [12401:12404] [DMG] 			},[0m
[0;34m[1784656713.681] [12401:12404] [DMG] 			[0m
[0;34m[1784656713.681] [12401:12404] [DMG] 		},[0m
[0;34m[1784656713.681] [12401:12404] [DMG] 		[0m
[0;34m[1784656713.681] [12401:12404] [DMG] 		AttributeReportIB =[0m
[0;34m[1784656713.681] [12401:12404] [DMG] 		{[0m
[0;34m[1784656713.681] [12401:12404] [DMG] 			AttributeStatusIB =[0m
[0;34m[1784656713.681] [12401:12404] [DMG] 			{[0m
[0;34m[1784656713.681] [12401:12404] [DMG] 				AttributePathIB =[0m
[0;34m[1784656713.681] [12401:12404] [DMG] 				{[0m
[0;34m[1784656713.681] [12401:12404] [DMG] 					Endpoint = 0x0,[0m
[0;34m[1784656713.681] [12401:12404] [DMG] 					Cluster = 0x30,[0m
[0;34m[1784656713.681] [12401:12404] [DMG] 					Attribute = 0x0000_000C,[0m
[0;34m[1784656713.681] [12401:12404] [DMG] 				}[0m
[0;34m[1784656713.681] [12401:12404] [DMG] 					[0m
[0;34m[1784656713.681] [12401:12404] [DMG] 				StatusIB =[0m
[0;34m[1784656713.681] [12401:12404] [DMG] 				{[0m
[0;34m[1784656713.681] [12401:12404] [DMG] 					status = 0x86 (UNSUPPORTED_ATTRIBUTE),[0m
[0;34m[1784656713.681] [12401:12404] [DMG] 				},[0m
[0;34m[1784656713.681] [12401:12404] [DMG] 				[0m
[0;34m[1784656713.681] [12401:12404] [DMG] 			},[0m
[0;34m[1784656713.681] [12401:12404] [DMG] 			[0m
[0;34m[1784656713.681] [12401:12404] [DMG] 		},[0m
[0;34m[1784656713.681] [12401:12404] [DMG] 		[0m
[0;34m[1784656713.681] [12401:12404] [DMG] 		AttributeReportIB =[0m
[0;34m[1784656713.681] [12401:12404] [DMG] 		{[0m
[0;34m[1784656713.681] [12401:12404] [DMG] 			AttributeDataIB =[0m
[0;34m[1784656713.681] [12401:12404] [DMG] 			{[0m
[0;34m[1784656713.681] [12401:12404] [DMG] 				DataVersion = 0x101c22ab,[0m
[0;34m[1784656713.681] [12401:12404] [DMG] 				AttributePathIB =[0m
[0;34m[1784656713.681] [12401:12404] [DMG] 				{[0m
[0;34m[1784656713.681] [12401:12404] [DMG] 					Endpoint = 0x0,[0m
[0;34m[1784656713.681] [12401:12404] [DMG] 					Cluster = 0x30,[0m
[0;34m[1784656713.681] [12401:12404] [DMG] 					Attribute = 0x0000_0003,[0m
[0;34m[1784656713.681] [12401:12404] [DMG] 				}[0m
[0;34m[1784656713.681] [12401:12404] [DMG] 					[0m
[0;34m[1784656713.681] [12401:12404] [DMG] 				Data = 2 (unsigned), [0m
[0;34m[1784656713.681] [12401:12404] [DMG] 			},[0m
[0;34m[1784656713.681] [12401:12404] [DMG] 			[0m
[0;34m[1784656713.681] [12401:12404] [DMG] 		},[0m
[0;34m[1784656713.681] [12401:12404] [DMG] 		[0m
[0;34m[1784656713.681] [12401:12404] [DMG] 		AttributeReportIB =[0m
[0;34m[1784656713.681] [12401:12404] [DMG] 		{[0m
[0;34m[1784656713.681] [12401:12404] [DMG] 			AttributeDataIB =[0m
[0;34m[1784656713.681] [12401:12404] [DMG] 			{[0m
[0;34m[1784656713.681] [12401:12404] [DMG] 				DataVersion = 0x101c22ab,[0m
[0;34m[1784656713.681] [12401:12404] [DMG] 				AttributePathIB =[0m
[0;34m[1784656713.681] [12401:12404] [DMG] 				{[0m
[0;34m[1784656713.681] [12401:12404] [DMG] 					Endpoint = 0x0,[0m
[0;34m[1784656713.681] [12401:12404] [DMG] 					Cluster = 0x30,[0m
[0;34m[1784656713.681] [12401:12404] [DMG] 					Attribute = 0x0000_0002,[0m
[0;34m[1784656713.681] [12401:12404] [DMG] 				}[0m
[0;34m[1784656713.681] [12401:12404] [DMG] 					[0m
[0;34m[1784656713.681] [12401:12404] [DMG] 				Data = 0 (unsigned), [0m
[0;34m[1784656713.681] [12401:12404] [DMG] 			},[0m
[0;34m[1784656713.681] [12401:12404] [DMG] 			[0m
[0;34m[1784656713.681] [12401:12404] [DMG] 		},[0m
[0;34m[1784656713.681] [12401:12404] [DMG] 		[0m
[0;34m[1784656713.681] [12401:12404] [DMG] 		AttributeReportIB =[0m
[0;34m[1784656713.681] [12401:12404] [DMG] 		{[0m
[0;34m[1784656713.681] [12401:12404] [DMG] 			AttributeDataIB =[0m
[0;34m[1784656713.681] [12401:12404] [DMG] 			{[0m
[0;34m[1784656713.681] [12401:12404] [DMG] 				DataVersion = 0x101c22ab,[0m
[0;34m[1784656713.681] [12401:12404] [DMG] 				AttributePathIB =[0m
[0;34m[1784656713.681] [12401:12404] [DMG] 				{[0m
[0;34m[1784656713.681] [12401:12404] [DMG] 					Endpoint = 0x0,[0m
[0;34m[1784656713.681] [12401:12404] [DMG] 					Cluster = 0x30,[0m
[0;34m[1784656713.681] [12401:12404] [DMG] 					Attribute = 0x0000_0001,[0m
[0;34m[1784656713.681] [12401:12404] [DMG] 				}[0m
[0;34m[1784656713.681] [12401:12404] [DMG] 					[0m
[0;34m[1784656713.681] [12401:12404] [DMG] 				Data = [0m
[0;34m[1784656713.681] [12401:12404] [DMG] 				{[0m
[0;34m[1784656713.681] [12401:12404] [DMG] 					0x0 = 60 (unsigned), [0m
[0;34m[1784656713.681] [12401:12404] [DMG] 					0x1 = 900 (unsigned), [0m
[0;34m[1784656713.681] [12401:12404] [DMG] 				},[0m
[0;34m[1784656713.681] [12401:12404] [DMG] 			},[0m
[0;34m[1784656713.681] [12401:12404] [DMG] 			[0m
[0;34m[1784656713.681] [12401:12404] [DMG] 		},[0m
[0;34m[1784656713.681] [12401:12404] [DMG] 		[0m
[0;34m[1784656713.681] [12401:12404] [DMG] 		AttributeReportIB =[0m
[0;34m[1784656713.681] [12401:12404] [DMG] 		{[0m
[0;34m[1784656713.681] [12401:12404] [DMG] 			AttributeDataIB =[0m
[0;34m[1784656713.681] [12401:12404] [DMG] 			{[0m
[0;34m[1784656713.681] [12401:12404] [DMG] 				DataVersion = 0x101c22ab,[0m
[0;34m[1784656713.681] [12401:12404] [DMG] 				AttributePathIB =[0m
[0;34m[1784656713.681] [12401:12404] [DMG] 				{[0m
[0;34m[1784656713.681] [12401:12404] [DMG] 					Endpoint = 0x0,[0m
[0;34m[1784656713.681] [12401:12404] [DMG] 					Cluster = 0x30,[0m
[0;34m[1784656713.681] [12401:12404] [DMG] 					Attribute = 0x0000_0000,[0m
[0;34m[1784656713.681] [12401:12404] [DMG] 				}[0m
[0;34m[1784656713.681] [12401:12404] [DMG] 					[0m
[0;34m[1784656713.681] [12401:12404] [DMG] 				Data = 0 (unsigned), [0m
[0;34m[1784656713.681] [12401:12404] [DMG] 			},[0m
[0;34m[1784656713.681] [12401:12404] [DMG] 			[0m
[0;34m[1784656713.681] [12401:12404] [DMG] 		},[0m
[0;34m[1784656713.681] [12401:12404] [DMG] 		[0m
[0;34m[1784656713.681] [12401:12404] [DMG] 		AttributeReportIB =[0m
[0;34m[1784656713.681] [12401:12404] [DMG] 		{[0m
[0;34m[1784656713.681] [12401:12404] [DMG] 			AttributeDataIB =[0m
[0;34m[1784656713.681] [12401:12404] [DMG] 			{[0m
[0;34m[1784656713.681] [12401:12404] [DMG] 				DataVersion = 0x101c22ab,[0m
[0;34m[1784656713.681] [12401:12404] [DMG] 				AttributePathIB =[0m
[0;34m[1784656713.681] [12401:12404] [DMG] 				{[0m
[0;34m[1784656713.681] [12401:12404] [DMG] 					Endpoint = 0x0,[0m
[0;34m[1784656713.681] [12401:12404] [DMG] 					Cluster = 0x30,[0m
[0;34m[1784656713.681] [12401:12404] [DMG] 					Attribute = 0x0000_0004,[0m
[0;34m[1784656713.681] [12401:12404] [DMG] 				}[0m
[0;34m[1784656713.681] [12401:12404] [DMG] 					[0m
[0;34m[1784656713.681] [12401:12404] [DMG] 				Data = true, [0m
[0;34m[1784656713.681] [12401:12404] [DMG] 			},[0m
[0;34m[1784656713.681] [12401:12404] [DMG] 			[0m
[0;34m[1784656713.681] [12401:12404] [DMG] 		},[0m
[0;34m[1784656713.681] [12401:12404] [DMG] 		[0m
[0;34m[1784656713.681] [12401:12404] [DMG] 	],[0m
[0;34m[1784656713.681] [12401:12404] [DMG] 	[0m
[0;34m[1784656713.681] [12401:12404] [DMG] 	SuppressResponse = true, [0m
[0;34m[1784656713.681] [12401:12404] [DMG] 	InteractionModelRevision = 12[0m
[0;34m[1784656713.681] [12401:12404] [DMG] }[0m
[0;34m[1784656713.682] [12401:12404] [DMG] SendReadRequest ReadClient[0x7136b00351e0]: Sending Read Request[0m
[0;32m[1784656713.682] [12401:12404] [DMG] 0 data version filters provided, 0 not relevant, 0 encoded, 0 skipped due to lack of space[0m
[0;32m[1784656713.682] [12401:12404] [EM] <<< [E:5659i S:58858 M:267223129] (S) Msg TX from 0000000000000000 to 0:FFFFFFFB00000000 [0000] [UDP:[fe80::bfe:a203:38f0:bce7%enp0s3]:5540] --- Type 0001:02 (IM:ReadRequest) (B:112)[0m
[0;32m[1784656713.682] [12401:12404] [EM] ??1 [E:5659i S:58858 M:267223129] (S) Msg Retransmission to 0:FFFFFFFB00000000 scheduled for 332ms from now [State:Active II:500 AI:300 AT:4000][0m
[0;34m[1784656713.682] [12401:12404] [DMG] MoveToState ReadClient[0x7136b00351e0]: Moving to [AwaitingIn][0m
[0;32m[1784656713.682] [12401:12404] [EM] <<< [E:5658i S:58858 M:267223130 (Ack:218092723)] (S) Msg TX from 0000000000000000 to 0:FFFFFFFB00000000 [0000] [UDP:[fe80::bfe:a203:38f0:bce7%enp0s3]:5540] --- Type 0000:10 (SecureChannel:StandaloneAck) (B:34)[0m
[0;34m[1784656713.682] [12401:12404] [EM] Flushed pending ack for MessageCounter:218092723 on exchange 5658i[0m
[0;32m[1784656713.687] [12401:12404] [EM] >>> [E:5659i S:58858 M:218092724 (Ack:267223129)] (S) Msg RX from 0:FFFFFFFB00000000 [0000] to 0000000000000000 --- Type 0001:05 (IM:ReportData) (B:186)[0m
[0;34m[1784656713.687] [12401:12404] [EM] Found matching exchange: 5659i, Delegate: 0x7136b00351f0[0m
[0;34m[1784656713.687] [12401:12404] [EM] Rxd Ack; Removing MessageCounter:267223129 from Retrans Table on exchange 5659i[0m
[0;34m[1784656713.687] [12401:12404] [DMG] ReportDataMessage =[0m
[0;34m[1784656713.687] [12401:12404] [DMG] {[0m
[0;34m[1784656713.687] [12401:12404] [DMG] 	AttributeReportIBs =[0m
[0;34m[1784656713.687] [12401:12404] [DMG] 	[[0m
[0;34m[1784656713.687] [12401:12404] [DMG] 		AttributeReportIB =[0m
[0;34m[1784656713.687] [12401:12404] [DMG] 		{[0m
[0;34m[1784656713.687] [12401:12404] [DMG] 			AttributeStatusIB =[0m
[0;34m[1784656713.687] [12401:12404] [DMG] 			{[0m
[0;34m[1784656713.687] [12401:12404] [DMG] 				AttributePathIB =[0m
[0;34m[1784656713.687] [12401:12404] [DMG] 				{[0m
[0;34m[1784656713.687] [12401:12404] [DMG] 					Endpoint = 0x0,[0m
[0;34m[1784656713.687] [12401:12404] [DMG] 					Cluster = 0x46,[0m
[0;34m[1784656713.687] [12401:12404] [DMG] 					Attribute = 0x0000_0002,[0m
[0;34m[1784656713.687] [12401:12404] [DMG] 				}[0m
[0;34m[1784656713.687] [12401:12404] [DMG] 					[0m
[0;34m[1784656713.687] [12401:12404] [DMG] 				StatusIB =[0m
[0;34m[1784656713.687] [12401:12404] [DMG] 				{[0m
[0;34m[1784656713.687] [12401:12404] [DMG] 					status = 0xc3 (UNSUPPORTED_CLUSTER),[0m
[0;34m[1784656713.687] [12401:12404] [DMG] 				},[0m
[0;34m[1784656713.687] [12401:12404] [DMG] 				[0m
[0;34m[1784656713.687] [12401:12404] [DMG] 			},[0m
[0;34m[1784656713.687] [12401:12404] [DMG] 			[0m
[0;34m[1784656713.687] [12401:12404] [DMG] 		},[0m
[0;34m[1784656713.687] [12401:12404] [DMG] 		[0m
[0;34m[1784656713.687] [12401:12404] [DMG] 		AttributeReportIB =[0m
[0;34m[1784656713.687] [12401:12404] [DMG] 		{[0m
[0;34m[1784656713.687] [12401:12404] [DMG] 			AttributeStatusIB =[0m
[0;34m[1784656713.687] [12401:12404] [DMG] 			{[0m
[0;34m[1784656713.687] [12401:12404] [DMG] 				AttributePathIB =[0m
[0;34m[1784656713.687] [12401:12404] [DMG] 				{[0m
[0;34m[1784656713.687] [12401:12404] [DMG] 					Endpoint = 0x0,[0m
[0;34m[1784656713.687] [12401:12404] [DMG] 					Cluster = 0x46,[0m
[0;34m[1784656713.687] [12401:12404] [DMG] 					Attribute = 0x0000_0001,[0m
[0;34m[1784656713.687] [12401:12404] [DMG] 				}[0m
[0;34m[1784656713.687] [12401:12404] [DMG] 					[0m
[0;34m[1784656713.687] [12401:12404] [DMG] 				StatusIB =[0m
[0;34m[1784656713.687] [12401:12404] [DMG] 				{[0m
[0;34m[1784656713.687] [12401:12404] [DMG] 					status = 0xc3 (UNSUPPORTED_CLUSTER),[0m
[0;34m[1784656713.687] [12401:12404] [DMG] 				},[0m
[0;34m[1784656713.687] [12401:12404] [DMG] 				[0m
[0;34m[1784656713.687] [12401:12404] [DMG] 			},[0m
[0;34m[1784656713.687] [12401:12404] [DMG] 			[0m
[0;34m[1784656713.687] [12401:12404] [DMG] 		},[0m
[0;34m[1784656713.687] [12401:12404] [DMG] 		[0m
[0;34m[1784656713.687] [12401:12404] [DMG] 		AttributeReportIB =[0m
[0;34m[1784656713.687] [12401:12404] [DMG] 		{[0m
[0;34m[1784656713.687] [12401:12404] [DMG] 			AttributeStatusIB =[0m
[0;34m[1784656713.687] [12401:12404] [DMG] 			{[0m
[0;34m[1784656713.687] [12401:12404] [DMG] 				AttributePathIB =[0m
[0;34m[1784656713.687] [12401:12404] [DMG] 				{[0m
[0;34m[1784656713.687] [12401:12404] [DMG] 					Endpoint = 0x0,[0m
[0;34m[1784656713.687] [12401:12404] [DMG] 					Cluster = 0x46,[0m
[0;34m[1784656713.687] [12401:12404] [DMG] 					Attribute = 0x0000_0000,[0m
[0;34m[1784656713.687] [12401:12404] [DMG] 				}[0m
[0;34m[1784656713.687] [12401:12404] [DMG] 					[0m
[0;34m[1784656713.687] [12401:12404] [DMG] 				StatusIB =[0m
[0;34m[1784656713.687] [12401:12404] [DMG] 				{[0m
[0;34m[1784656713.687] [12401:12404] [DMG] 					status = 0xc3 (UNSUPPORTED_CLUSTER),[0m
[0;34m[1784656713.687] [12401:12404] [DMG] 				},[0m
[0;34m[1784656713.687] [12401:12404] [DMG] 				[0m
[0;34m[1784656713.687] [12401:12404] [DMG] 			},[0m
[0;34m[1784656713.687] [12401:12404] [DMG] 			[0m
[0;34m[1784656713.687] [12401:12404] [DMG] 		},[0m
[0;34m[1784656713.687] [12401:12404] [DMG] 		[0m
[0;34m[1784656713.687] [12401:12404] [DMG] 		AttributeReportIB =[0m
[0;34m[1784656713.687] [12401:12404] [DMG] 		{[0m
[0;34m[1784656713.687] [12401:12404] [DMG] 			AttributeStatusIB =[0m
[0;34m[1784656713.687] [12401:12404] [DMG] 			{[0m
[0;34m[1784656713.687] [12401:12404] [DMG] 				AttributePathIB =[0m
[0;34m[1784656713.688] [12401:12404] [DMG] 				{[0m
[0;34m[1784656713.688] [12401:12404] [DMG] 					Endpoint = 0x0,[0m
[0;34m[1784656713.688] [12401:12404] [DMG] 					Cluster = 0x46,[0m
[0;34m[1784656713.688] [12401:12404] [DMG] 					Attribute = 0x0000_0007,[0m
[0;34m[1784656713.688] [12401:12404] [DMG] 				}[0m
[0;34m[1784656713.688] [12401:12404] [DMG] 					[0m
[0;34m[1784656713.688] [12401:12404] [DMG] 				StatusIB =[0m
[0;34m[1784656713.688] [12401:12404] [DMG] 				{[0m
[0;34m[1784656713.688] [12401:12404] [DMG] 					status = 0xc3 (UNSUPPORTED_CLUSTER),[0m
[0;34m[1784656713.688] [12401:12404] [DMG] 				},[0m
[0;34m[1784656713.688] [12401:12404] [DMG] 				[0m
[0;34m[1784656713.688] [12401:12404] [DMG] 			},[0m
[0;34m[1784656713.688] [12401:12404] [DMG] 			[0m
[0;34m[1784656713.688] [12401:12404] [DMG] 		},[0m
[0;34m[1784656713.688] [12401:12404] [DMG] 		[0m
[0;34m[1784656713.688] [12401:12404] [DMG] 		AttributeReportIB =[0m
[0;34m[1784656713.688] [12401:12404] [DMG] 		{[0m
[0;34m[1784656713.688] [12401:12404] [DMG] 			AttributeStatusIB =[0m
[0;34m[1784656713.688] [12401:12404] [DMG] 			{[0m
[0;34m[1784656713.688] [12401:12404] [DMG] 				AttributePathIB =[0m
[0;34m[1784656713.688] [12401:12404] [DMG] 				{[0m
[0;34m[1784656713.688] [12401:12404] [DMG] 					Endpoint = 0x0,[0m
[0;34m[1784656713.688] [12401:12404] [DMG] 					Cluster = 0x46,[0m
[0;34m[1784656713.688] [12401:12404] [DMG] 					Attribute = 0x0000_0006,[0m
[0;34m[1784656713.688] [12401:12404] [DMG] 				}[0m
[0;34m[1784656713.688] [12401:12404] [DMG] 					[0m
[0;34m[1784656713.688] [12401:12404] [DMG] 				StatusIB =[0m
[0;34m[1784656713.688] [12401:12404] [DMG] 				{[0m
[0;34m[1784656713.688] [12401:12404] [DMG] 					status = 0xc3 (UNSUPPORTED_CLUSTER),[0m
[0;34m[1784656713.688] [12401:12404] [DMG] 				},[0m
[0;34m[1784656713.688] [12401:12404] [DMG] 				[0m
[0;34m[1784656713.688] [12401:12404] [DMG] 			},[0m
[0;34m[1784656713.688] [12401:12404] [DMG] 			[0m
[0;34m[1784656713.688] [12401:12404] [DMG] 		},[0m
[0;34m[1784656713.688] [12401:12404] [DMG] 		[0m
[0;34m[1784656713.688] [12401:12404] [DMG] 		AttributeReportIB =[0m
[0;34m[1784656713.688] [12401:12404] [DMG] 		{[0m
[0;34m[1784656713.688] [12401:12404] [DMG] 			AttributeDataIB =[0m
[0;34m[1784656713.688] [12401:12404] [DMG] 			{[0m
[0;34m[1784656713.688] [12401:12404] [DMG] 				DataVersion = 0x28a190de,[0m
[0;34m[1784656713.688] [12401:12404] [DMG] 				AttributePathIB =[0m
[0;34m[1784656713.688] [12401:12404] [DMG] 				{[0m
[0;34m[1784656713.688] [12401:12404] [DMG] 					Endpoint = 0x0,[0m
[0;34m[1784656713.688] [12401:12404] [DMG] 					Cluster = 0x31,[0m
[0;34m[1784656713.688] [12401:12404] [DMG] 					Attribute = 0x0000_FFFC,[0m
[0;34m[1784656713.688] [12401:12404] [DMG] 				}[0m
[0;34m[1784656713.688] [12401:12404] [DMG] 					[0m
[0;34m[1784656713.688] [12401:12404] [DMG] 				Data = 4 (unsigned), [0m
[0;34m[1784656713.688] [12401:12404] [DMG] 			},[0m
[0;34m[1784656713.688] [12401:12404] [DMG] 			[0m
[0;34m[1784656713.688] [12401:12404] [DMG] 		},[0m
[0;34m[1784656713.688] [12401:12404] [DMG] 		[0m
[0;34m[1784656713.688] [12401:12404] [DMG] 	],[0m
[0;34m[1784656713.688] [12401:12404] [DMG] 	[0m
[0;34m[1784656713.688] [12401:12404] [DMG] 	SuppressResponse = true, [0m
[0;34m[1784656713.688] [12401:12404] [DMG] 	InteractionModelRevision = 12[0m
[0;34m[1784656713.688] [12401:12404] [DMG] }[0m
[1;31m[1784656713.688] [12401:12404] [CTL] Ignoring failure to read IsCommissioningWithoutPower: src/app/ClusterStateCache.cpp:294: CHIP Error 0x000000CA: Interaction Model Error[0m
[0;32m[1784656713.688] [12401:12404] [CTL] NetworkCommissioning Features: has Ethernet. endpointid = 0[0m
[0;32m[1784656713.688] [12401:12404] [SVR] OnReadCommissioningInfo - vendorId=0xFFF1 productId=0x8001[0m
[0;32m[1784656713.688] [12401:12404] [SVR] OnReadCommissioningInfo ICD - IdleModeDuration=0 activeModeDuration=0 activeModeThreshold=0[0m
[0;32m[1784656713.688] [12401:12404] [CTL] Successfully finished commissioning step 'ReadCommissioningInfo'[0m
[0;32m[1784656713.688] [12401:12404] [CTL] Commissioning stage next step: 'ReadCommissioningInfo' -> 'ArmFailSafe'[0m
[0;32m[1784656713.688] [12401:12404] [CTL] Performing next commissioning step 'ArmFailSafe'[0m
[0;34m[1784656713.688] [12401:12404] [TOO] Starting commissioning stage 'ArmFailSafe'[0m
[0;32m[1784656713.688] [12401:12404] [CTL] Arming failsafe (60 seconds)[0m
[0;34m[1784656713.688] [12401:12404] [DMG] ICR moving to [AddingComm][0m
[0;34m[1784656713.688] [12401:12404] [DMG] ICR moving to [AddedComma][0m
[0;32m[1784656713.689] [12401:12404] [EM] <<< [E:5660i S:58858 M:267223131] (S) Msg TX from 0000000000000000 to 0:FFFFFFFB00000000 [0000] [UDP:[fe80::bfe:a203:38f0:bce7%enp0s3]:5540] --- Type 0001:08 (IM:InvokeCommandRequest) (B:65)[0m
[0;32m[1784656713.689] [12401:12404] [EM] ??1 [E:5660i S:58858 M:267223131] (S) Msg Retransmission to 0:FFFFFFFB00000000 scheduled for 355ms from now [State:Active II:500 AI:300 AT:4000][0m
[0;34m[1784656713.689] [12401:12404] [DMG] ICR moving to [AwaitingRe][0m
[0;32m[1784656713.689] [12401:12404] [EM] <<< [E:5659i S:58858 M:267223132 (Ack:218092724)] (S) Msg TX from 0000000000000000 to 0:FFFFFFFB00000000 [0000] [UDP:[fe80::bfe:a203:38f0:bce7%enp0s3]:5540] --- Type 0000:10 (SecureChannel:StandaloneAck) (B:34)[0m
[0;34m[1784656713.689] [12401:12404] [EM] Flushed pending ack for MessageCounter:218092724 on exchange 5659i[0m
[0;32m[1784656713.689] [12401:12404] [EM] >>> [E:5660i S:58858 M:218092725 (Ack:267223131)] (S) Msg RX from 0:FFFFFFFB00000000 [0000] to 0000000000000000 --- Type 0001:09 (IM:InvokeCommandResponse) (B:70)[0m
[0;34m[1784656713.689] [12401:12404] [EM] Found matching exchange: 5660i, Delegate: 0x7136b00382d8[0m
[0;34m[1784656713.689] [12401:12404] [EM] Rxd Ack; Removing MessageCounter:267223131 from Retrans Table on exchange 5660i[0m
[0;34m[1784656713.689] [12401:12404] [DMG] ICR moving to [ResponseRe][0m
[0;34m[1784656713.689] [12401:12404] [DMG] InvokeResponseMessage =[0m
[0;34m[1784656713.689] [12401:12404] [DMG] {[0m
[0;34m[1784656713.689] [12401:12404] [DMG] 	suppressResponse = false, [0m
[0;34m[1784656713.689] [12401:12404] [DMG] 	InvokeResponseIBs =[0m
[0;34m[1784656713.689] [12401:12404] [DMG] 	[[0m
[0;34m[1784656713.689] [12401:12404] [DMG] 		InvokeResponseIB =[0m
[0;34m[1784656713.689] [12401:12404] [DMG] 		{[0m
[0;34m[1784656713.689] [12401:12404] [DMG] 			CommandDataIB =[0m
[0;34m[1784656713.689] [12401:12404] [DMG] 			{[0m
[0;34m[1784656713.689] [12401:12404] [DMG] 				CommandPathIB =[0m
[0;34m[1784656713.689] [12401:12404] [DMG] 				{[0m
[0;34m[1784656713.689] [12401:12404] [DMG] 					EndpointId = 0x0,[0m
[0;34m[1784656713.689] [12401:12404] [DMG] 					ClusterId = 0x30,[0m
[0;34m[1784656713.689] [12401:12404] [DMG] 					CommandId = 0x1,[0m
[0;34m[1784656713.689] [12401:12404] [DMG] 				},[0m
[0;34m[1784656713.689] [12401:12404] [DMG] 				[0m
[0;34m[1784656713.689] [12401:12404] [DMG] 				CommandFields = [0m
[0;34m[1784656713.689] [12401:12404] [DMG] 				{[0m
[0;34m[1784656713.689] [12401:12404] [DMG] 					0x0 = 0 (unsigned), [0m
[0;34m[1784656713.689] [12401:12404] [DMG] 					0x1 = "" (0 chars), [0m
[0;34m[1784656713.689] [12401:12404] [DMG] 				},[0m
[0;34m[1784656713.689] [12401:12404] [DMG] 			},[0m
[0;34m[1784656713.689] [12401:12404] [DMG] 			[0m
[0;34m[1784656713.689] [12401:12404] [DMG] 		},[0m
[0;34m[1784656713.689] [12401:12404] [DMG] 		[0m
[0;34m[1784656713.689] [12401:12404] [DMG] 	],[0m
[0;34m[1784656713.689] [12401:12404] [DMG] 	[0m
[0;34m[1784656713.689] [12401:12404] [DMG] 	InteractionModelRevision = 12[0m
[0;34m[1784656713.689] [12401:12404] [DMG] },[0m
[0;32m[1784656713.689] [12401:12404] [DMG] Received Command Response Data, Endpoint=0 Cluster=0x0000_0030 Command=0x0000_0001[0m
[0;32m[1784656713.689] [12401:12404] [CTL] Received ArmFailSafe response errorCode=0[0m
[0;32m[1784656713.689] [12401:12404] [CTL] Successfully finished commissioning step 'ArmFailSafe'[0m
[0;32m[1784656713.689] [12401:12404] [CTL] Commissioning stage next step: 'ArmFailSafe' -> 'ConfigRegulatory'[0m
[0;32m[1784656713.689] [12401:12404] [CTL] Performing next commissioning step 'ConfigRegulatory'[0m
[0;34m[1784656713.689] [12401:12404] [TOO] Starting commissioning stage 'ConfigRegulatory'[0m
[0;32m[1784656713.689] [12401:12404] [CTL] Setting Regulatory Config[0m
[0;32m[1784656713.689] [12401:12404] [CTL] No regulatory config supplied by controller, leaving as device default (0)[0m
[0;34m[1784656713.689] [12401:12404] [DMG] ICR moving to [AddingComm][0m
[0;34m[1784656713.689] [12401:12404] [DMG] ICR moving to [AddedComma][0m
[0;32m[1784656713.689] [12401:12404] [EM] <<< [E:5661i S:58858 M:267223133] (S) Msg TX from 0000000000000000 to 0:FFFFFFFB00000000 [0000] [UDP:[fe80::bfe:a203:38f0:bce7%enp0s3]:5540] --- Type 0001:08 (IM:InvokeCommandRequest) (B:70)[0m
[0;32m[1784656713.689] [12401:12404] [EM] ??1 [E:5661i S:58858 M:267223133] (S) Msg Retransmission to 0:FFFFFFFB00000000 scheduled for 408ms from now [State:Active II:500 AI:300 AT:4000][0m
[0;34m[1784656713.689] [12401:12404] [DMG] ICR moving to [AwaitingRe][0m
[0;34m[1784656713.689] [12401:12404] [DMG] ICR moving to [AwaitingDe][0m
[0;32m[1784656713.689] [12401:12404] [EM] <<< [E:5660i S:58858 M:267223134 (Ack:218092725)] (S) Msg TX from 0000000000000000 to 0:FFFFFFFB00000000 [0000] [UDP:[fe80::bfe:a203:38f0:bce7%enp0s3]:5540] --- Type 0000:10 (SecureChannel:StandaloneAck) (B:34)[0m
[0;34m[1784656713.689] [12401:12404] [EM] Flushed pending ack for MessageCounter:218092725 on exchange 5660i[0m
[0;32m[1784656713.697] [12401:12404] [EM] >>> [E:5661i S:58858 M:218092726 (Ack:267223133)] (S) Msg RX from 0:FFFFFFFB00000000 [0000] to 0000000000000000 --- Type 0001:09 (IM:InvokeCommandResponse) (B:70)[0m
[0;34m[1784656713.697] [12401:12404] [EM] Found matching exchange: 5661i, Delegate: 0x7136b0035058[0m
[0;34m[1784656713.697] [12401:12404] [EM] Rxd Ack; Removing MessageCounter:267223133 from Retrans Table on exchange 5661i[0m
[0;34m[1784656713.697] [12401:12404] [DMG] ICR moving to [ResponseRe][0m
[0;34m[1784656713.697] [12401:12404] [DMG] InvokeResponseMessage =[0m
[0;34m[1784656713.697] [12401:12404] [DMG] {[0m
[0;34m[1784656713.697] [12401:12404] [DMG] 	suppressResponse = false, [0m
[0;34m[1784656713.697] [12401:12404] [DMG] 	InvokeResponseIBs =[0m
[0;34m[1784656713.697] [12401:12404] [DMG] 	[[0m
[0;34m[1784656713.697] [12401:12404] [DMG] 		InvokeResponseIB =[0m
[0;34m[1784656713.697] [12401:12404] [DMG] 		{[0m
[0;34m[1784656713.697] [12401:12404] [DMG] 			CommandDataIB =[0m
[0;34m[1784656713.697] [12401:12404] [DMG] 			{[0m
[0;34m[1784656713.697] [12401:12404] [DMG] 				CommandPathIB =[0m
[0;34m[1784656713.697] [12401:12404] [DMG] 				{[0m
[0;34m[1784656713.697] [12401:12404] [DMG] 					EndpointId = 0x0,[0m
[0;34m[1784656713.697] [12401:12404] [DMG] 					ClusterId = 0x30,[0m
[0;34m[1784656713.697] [12401:12404] [DMG] 					CommandId = 0x3,[0m
[0;34m[1784656713.697] [12401:12404] [DMG] 				},[0m
[0;34m[1784656713.697] [12401:12404] [DMG] 				[0m
[0;34m[1784656713.697] [12401:12404] [DMG] 				CommandFields = [0m
[0;34m[1784656713.697] [12401:12404] [DMG] 				{[0m
[0;34m[1784656713.697] [12401:12404] [DMG] 					0x0 = 0 (unsigned), [0m
[0;34m[1784656713.697] [12401:12404] [DMG] 					0x1 = "" (0 chars), [0m
[0;34m[1784656713.697] [12401:12404] [DMG] 				},[0m
[0;34m[1784656713.697] [12401:12404] [DMG] 			},[0m
[0;34m[1784656713.697] [12401:12404] [DMG] 			[0m
[0;34m[1784656713.697] [12401:12404] [DMG] 		},[0m
[0;34m[1784656713.697] [12401:12404] [DMG] 		[0m
[0;34m[1784656713.697] [12401:12404] [DMG] 	],[0m
[0;34m[1784656713.697] [12401:12404] [DMG] 	[0m
[0;34m[1784656713.697] [12401:12404] [DMG] 	InteractionModelRevision = 12[0m
[0;34m[1784656713.697] [12401:12404] [DMG] },[0m
[0;32m[1784656713.697] [12401:12404] [DMG] Received Command Response Data, Endpoint=0 Cluster=0x0000_0030 Command=0x0000_0003[0m
[0;32m[1784656713.697] [12401:12404] [CTL] Received SetRegulatoryConfig response errorCode=0[0m
[0;32m[1784656713.697] [12401:12404] [CTL] Successfully finished commissioning step 'ConfigRegulatory'[0m
[0;32m[1784656713.697] [12401:12404] [CTL] Commissioning stage next step: 'ConfigRegulatory' -> 'ConfigureTCAcknowledgments'[0m
[0;32m[1784656713.697] [12401:12404] [CTL] Performing next commissioning step 'ConfigureTCAcknowledgments'[0m
[0;34m[1784656713.697] [12401:12404] [TOO] Starting commissioning stage 'ConfigureTCAcknowledgments'[0m
[0;32m[1784656713.697] [12401:12404] [CTL] Setting Terms and Conditions[0m
[0;32m[1784656713.697] [12401:12404] [CTL] Setting Terms and Conditions: Skipped[0m
[0;32m[1784656713.697] [12401:12404] [CTL] Successfully finished commissioning step 'ConfigureTCAcknowledgments'[0m
[0;32m[1784656713.697] [12401:12404] [CTL] Commissioning stage next step: 'ConfigureTCAcknowledgments' -> 'ConfigureUTCTime'[0m
[0;32m[1784656713.697] [12401:12404] [CTL] Performing next commissioning step 'ConfigureUTCTime'[0m
[0;34m[1784656713.697] [12401:12404] [TOO] Starting commissioning stage 'ConfigureUTCTime'[0m
[0;34m[1784656713.697] [12401:12404] [DMG] ICR moving to [AddingComm][0m
[0;34m[1784656713.697] [12401:12404] [DMG] ICR moving to [AddedComma][0m
[0;32m[1784656713.697] [12401:12404] [EM] <<< [E:5662i S:58858 M:267223135] (S) Msg TX from 0000000000000000 to 0:FFFFFFFB00000000 [0000] [UDP:[fe80::bfe:a203:38f0:bce7%enp0s3]:5540] --- Type 0001:08 (IM:InvokeCommandRequest) (B:72)[0m
[0;32m[1784656713.697] [12401:12404] [EM] ??1 [E:5662i S:58858 M:267223135] (S) Msg Retransmission to 0:FFFFFFFB00000000 scheduled for 344ms from now [State:Active II:500 AI:300 AT:4000][0m
[0;34m[1784656713.697] [12401:12404] [DMG] ICR moving to [AwaitingRe][0m
[0;34m[1784656713.697] [12401:12404] [DMG] ICR moving to [AwaitingDe][0m
[0;32m[1784656713.697] [12401:12404] [EM] <<< [E:5661i S:58858 M:267223136 (Ack:218092726)] (S) Msg TX from 0000000000000000 to 0:FFFFFFFB00000000 [0000] [UDP:[fe80::bfe:a203:38f0:bce7%enp0s3]:5540] --- Type 0000:10 (SecureChannel:StandaloneAck) (B:34)[0m
[0;34m[1784656713.697] [12401:12404] [EM] Flushed pending ack for MessageCounter:218092726 on exchange 5661i[0m
[0;32m[1784656713.697] [12401:12404] [EM] >>> [E:5662i S:58858 M:218092727 (Ack:267223135)] (S) Msg RX from 0:FFFFFFFB00000000 [0000] to 0000000000000000 --- Type 0001:09 (IM:InvokeCommandResponse) (B:70)[0m
[0;34m[1784656713.697] [12401:12404] [EM] Found matching exchange: 5662i, Delegate: 0x7136b00382d8[0m
[0;34m[1784656713.697] [12401:12404] [EM] Rxd Ack; Removing MessageCounter:267223135 from Retrans Table on exchange 5662i[0m
[0;34m[1784656713.697] [12401:12404] [DMG] ICR moving to [ResponseRe][0m
[0;34m[1784656713.697] [12401:12404] [DMG] InvokeResponseMessage =[0m
[0;34m[1784656713.697] [12401:12404] [DMG] {[0m
[0;34m[1784656713.697] [12401:12404] [DMG] 	suppressResponse = false, [0m
[0;34m[1784656713.697] [12401:12404] [DMG] 	InvokeResponseIBs =[0m
[0;34m[1784656713.697] [12401:12404] [DMG] 	[[0m
[0;34m[1784656713.697] [12401:12404] [DMG] 		InvokeResponseIB =[0m
[0;34m[1784656713.697] [12401:12404] [DMG] 		{[0m
[0;34m[1784656713.698] [12401:12404] [DMG] 			CommandStatusIB =[0m
[0;34m[1784656713.698] [12401:12404] [DMG] 			{[0m
[0;34m[1784656713.698] [12401:12404] [DMG] 				CommandPathIB =[0m
[0;34m[1784656713.698] [12401:12404] [DMG] 				{[0m
[0;34m[1784656713.698] [12401:12404] [DMG] 					EndpointId = 0x0,[0m
[0;34m[1784656713.698] [12401:12404] [DMG] 					ClusterId = 0x38,[0m
[0;34m[1784656713.698] [12401:12404] [DMG] 					CommandId = 0x0,[0m
[0;34m[1784656713.698] [12401:12404] [DMG] 				},[0m
[0;34m[1784656713.698] [12401:12404] [DMG] 				[0m
[0;34m[1784656713.698] [12401:12404] [DMG] 				StatusIB =[0m
[0;34m[1784656713.698] [12401:12404] [DMG] 				{[0m
[0;34m[1784656713.698] [12401:12404] [DMG] 					status = 0x01 (FAILURE),[0m
[0;34m[1784656713.698] [12401:12404] [DMG] 					cluster-status = 0x2,[0m
[0;34m[1784656713.698] [12401:12404] [DMG] 				},[0m
[0;34m[1784656713.698] [12401:12404] [DMG] 				[0m
[0;34m[1784656713.698] [12401:12404] [DMG] 			},[0m
[0;34m[1784656713.698] [12401:12404] [DMG] 			[0m
[0;34m[1784656713.698] [12401:12404] [DMG] 		},[0m
[0;34m[1784656713.698] [12401:12404] [DMG] 		[0m
[0;34m[1784656713.698] [12401:12404] [DMG] 	],[0m
[0;34m[1784656713.698] [12401:12404] [DMG] 	[0m
[0;34m[1784656713.698] [12401:12404] [DMG] 	InteractionModelRevision = 12[0m
[0;34m[1784656713.698] [12401:12404] [DMG] },[0m
[0;32m[1784656713.698] [12401:12404] [DMG] Received Command Response Status for Endpoint=0 Cluster=0x0000_0038 Command=0x0000_0000 Status=0x1[0m
[0;32m[1784656713.698] [12401:12404] [CTL] Successfully finished commissioning step 'ConfigureUTCTime'[0m
[0;32m[1784656713.698] [12401:12404] [CTL] Commissioning stage next step: 'ConfigureUTCTime' -> 'SendPAICertificateRequest'[0m
[0;32m[1784656713.698] [12401:12404] [CTL] Performing next commissioning step 'SendPAICertificateRequest'[0m
[0;34m[1784656713.698] [12401:12404] [TOO] Starting commissioning stage 'SendPAICertificateRequest'[0m
[0;32m[1784656713.698] [12401:12404] [CTL] Sending request for PAI certificate[0m
[0;34m[1784656713.698] [12401:12404] [CTL] Sending Certificate Chain request to 0x7136b0033e20 device[0m
[0;34m[1784656713.698] [12401:12404] [DMG] ICR moving to [AddingComm][0m
[0;34m[1784656713.698] [12401:12404] [DMG] ICR moving to [AddedComma][0m
[0;32m[1784656713.698] [12401:12404] [EM] <<< [E:5663i S:58858 M:267223137] (S) Msg TX from 0000000000000000 to 0:FFFFFFFB00000000 [0000] [UDP:[fe80::bfe:a203:38f0:bce7%enp0s3]:5540] --- Type 0001:08 (IM:InvokeCommandRequest) (B:62)[0m
[0;32m[1784656713.698] [12401:12404] [EM] ??1 [E:5663i S:58858 M:267223137] (S) Msg Retransmission to 0:FFFFFFFB00000000 scheduled for 376ms from now [State:Active II:500 AI:300 AT:4000][0m
[0;34m[1784656713.698] [12401:12404] [DMG] ICR moving to [AwaitingRe][0m
[0;34m[1784656713.698] [12401:12404] [DMG] ICR moving to [AwaitingDe][0m
[0;32m[1784656713.698] [12401:12404] [EM] <<< [E:5662i S:58858 M:267223138 (Ack:218092727)] (S) Msg TX from 0000000000000000 to 0:FFFFFFFB00000000 [0000] [UDP:[fe80::bfe:a203:38f0:bce7%enp0s3]:5540] --- Type 0000:10 (SecureChannel:StandaloneAck) (B:34)[0m
[0;34m[1784656713.698] [12401:12404] [EM] Flushed pending ack for MessageCounter:218092727 on exchange 5662i[0m
[0;32m[1784656713.698] [12401:12404] [EM] >>> [E:5663i S:58858 M:218092728 (Ack:267223137)] (S) Msg RX from 0:FFFFFFFB00000000 [0000] to 0000000000000000 --- Type 0001:09 (IM:InvokeCommandResponse) (B:531)[0m
[0;34m[1784656713.698] [12401:12404] [EM] Found matching exchange: 5663i, Delegate: 0x7136b0035058[0m
[0;34m[1784656713.698] [12401:12404] [EM] Rxd Ack; Removing MessageCounter:267223137 from Retrans Table on exchange 5663i[0m
[0;34m[1784656713.698] [12401:12404] [DMG] ICR moving to [ResponseRe][0m
[0;34m[1784656713.698] [12401:12404] [DMG] InvokeResponseMessage =[0m
[0;34m[1784656713.698] [12401:12404] [DMG] {[0m
[0;34m[1784656713.698] [12401:12404] [DMG] 	suppressResponse = false, [0m
[0;34m[1784656713.698] [12401:12404] [DMG] 	InvokeResponseIBs =[0m
[0;34m[1784656713.698] [12401:12404] [DMG] 	[[0m
[0;34m[1784656713.698] [12401:12404] [DMG] 		InvokeResponseIB =[0m
[0;34m[1784656713.698] [12401:12404] [DMG] 		{[0m
[0;34m[1784656713.698] [12401:12404] [DMG] 			CommandDataIB =[0m
[0;34m[1784656713.698] [12401:12404] [DMG] 			{[0m
[0;34m[1784656713.698] [12401:12404] [DMG] 				CommandPathIB =[0m
[0;34m[1784656713.698] [12401:12404] [DMG] 				{[0m
[0;34m[1784656713.698] [12401:12404] [DMG] 					EndpointId = 0x0,[0m
[0;34m[1784656713.698] [12401:12404] [DMG] 					ClusterId = 0x3e,[0m
[0;34m[1784656713.698] [12401:12404] [DMG] 					CommandId = 0x3,[0m
[0;34m[1784656713.698] [12401:12404] [DMG] 				},[0m
[0;34m[1784656713.698] [12401:12404] [DMG] 				[0m
[0;34m[1784656713.698] [12401:12404] [DMG] 				CommandFields = [0m
[0;34m[1784656713.698] [12401:12404] [DMG] 				{[0m
[0;34m[1784656713.698] [12401:12404] [DMG] 					0x0 = [[0m
[0;34m[1784656713.698] [12401:12404] [DMG] 							0x30, 0x82, 0x01, 0xcb, 0x30, 0x82, 0x01, 0x71, 0xa0, 0x03, 0x02, 0x01, 0x02, 0x02, 0x08, 0x56, 0xad, 0x82, 0x22, 0xad, 0x94, 0x5b, 0x64, 0x30, 0x0a, 0x06, 0x08, 0x2a, 0x86, 0x48, 0xce, 0x3d, 0x04, 0x03, 0x02, 0x30, 0x30, 0x31, 0x18, 0x30, 0x16, 0x06, 0x03, 0x55, 0x04, 0x03, 0x0c, 0x0f, 0x4d, 0x61, 0x74, 0x74, 0x65, 0x72, 0x20, 0x54, 0x65, 0x73, 0x74, 0x20, 0x50, 0x41, 0x41, 0x31, 0x14, 0x30, 0x12, 0x06, 0x0a, 0x2b, 0x06, 0x01, 0x04, 0x01, 0x82, 0xa2, 0x7c, 0x02, 0x01, 0x0c, 0x04, 0x46, 0x46, 0x46, 0x31, 0x30, 0x20, 0x17, 0x0d, 0x32, 0x32, 0x30, 0x32, 0x30, 0x35, 0x30, 0x30, 0x30, 0x30, 0x30, 0x30, 0x5a, 0x18, 0x0f, 0x39, 0x39, 0x39, 0x39, 0x31, 0x32, 0x33, 0x31, 0x32, 0x33, 0x35, 0x39, 0x35, 0x39, 0x5a, 0x30, 0x3d, 0x31, 0x25, 0x30, 0x23, 0x06, 0x03, 0x55, 0x04, 0x03, 0x0c, 0x1c, 0x4d, 0x61, 0x74, 0x74, 0x65, 0x72, 0x20, 0x44, 0x65, 0x76, 0x20, 0x50, 0x41, 0x49, 0x20, 0x30, 0x78, 0x46, 0x46, 0x46, 0x31, 0x20, 0x6e, 0x6f, 0x20, 0x50, 0x49, 0x44, 0x31, 0x14, 0x30, 0x12, 0x06, 0x0a, 0x2b, 0x06, 0x01, 0x04, 0x01, 0x82, 0xa2, 0x7c, 0x02, 0x01, 0x0c, 0x04, 0x46, 0x46, 0x46, 0x31, 0x30, 0x59, 0x30, 0x13, 0x06, 0x07, 0x2a, 0x86, 0x48, 0xce, 0x3d, 0x02, 0x01, 0x06, 0x08, 0x2a, 0x86, 0x48, 0xce, 0x3d, 0x03, 0x01, 0x07, 0x03, 0x42, 0x00, 0x04, 0x41, 0x9a, 0x93, 0x15, 0xc2, 0x17, 0x3e, 0x0c, 0x8c, 0x87, 0x6d, 0x03, 0xcc, 0xfc, 0x94, 0x48, 0x52, 0x64, 0x7f, 0x7f, 0xec, 0x5e, 0x50, 0x82, 0xf4, 0x05, 0x99, 0x28, 0xec, 0xa8, 0x94, 0xc5, 0x94, 0x15, 0x13, 0x09, 0xac, 0x63, 0x1e, 0x4c, 0xb0, 0x33, 0x92, 0xaf, 0x68, 0x4b, 0x0b, 0xaf, 0xb7, 0xe6, 0x5b, 0x3b, 0x81, 0x62, 0xc2, 0xf5, 0x2b, 0xf9, 0x31, 0xb8, 0xe7, 0x7a, 0xaa, 0x82, 0xa3, 0x66, 0x30, 0x64, 0x30, 0x12, 0x06, 0x03, 0x55, 0x1d, 0x[0m
[0;34m[1784656713.698] [12401:12404] [DMG] 					] (463 bytes)[0m
[0;34m[1784656713.698] [12401:12404] [DMG] 				},[0m
[0;34m[1784656713.698] [12401:12404] [DMG] 			},[0m
[0;34m[1784656713.698] [12401:12404] [DMG] 			[0m
[0;34m[1784656713.698] [12401:12404] [DMG] 		},[0m
[0;34m[1784656713.698] [12401:12404] [DMG] 		[0m
[0;34m[1784656713.698] [12401:12404] [DMG] 	],[0m
[0;34m[1784656713.698] [12401:12404] [DMG] 	[0m
[0;34m[1784656713.698] [12401:12404] [DMG] 	InteractionModelRevision = 12[0m
[0;34m[1784656713.698] [12401:12404] [DMG] },[0m
[0;32m[1784656713.698] [12401:12404] [DMG] Received Command Response Data, Endpoint=0 Cluster=0x0000_003E Command=0x0000_0003[0m
[0;32m[1784656713.698] [12401:12404] [CTL] Received certificate chain from the device[0m
[0;32m[1784656713.698] [12401:12404] [CTL] Successfully finished commissioning step 'SendPAICertificateRequest'[0m
[0;32m[1784656713.698] [12401:12404] [CTL] Commissioning stage next step: 'SendPAICertificateRequest' -> 'SendDACCertificateRequest'[0m
[0;32m[1784656713.698] [12401:12404] [CTL] Performing next commissioning step 'SendDACCertificateRequest'[0m
[0;34m[1784656713.698] [12401:12404] [TOO] Starting commissioning stage 'SendDACCertificateRequest'[0m
[0;32m[1784656713.698] [12401:12404] [CTL] Sending request for DAC certificate[0m
[0;34m[1784656713.698] [12401:12404] [CTL] Sending Certificate Chain request to 0x7136b0033e20 device[0m
[0;34m[1784656713.698] [12401:12404] [DMG] ICR moving to [AddingComm][0m
[0;34m[1784656713.698] [12401:12404] [DMG] ICR moving to [AddedComma][0m
[0;32m[1784656713.698] [12401:12404] [EM] <<< [E:5664i S:58858 M:267223139] (S) Msg TX from 0000000000000000 to 0:FFFFFFFB00000000 [0000] [UDP:[fe80::bfe:a203:38f0:bce7%enp0s3]:5540] --- Type 0001:08 (IM:InvokeCommandRequest) (B:62)[0m
[0;32m[1784656713.699] [12401:12404] [EM] ??1 [E:5664i S:58858 M:267223139] (S) Msg Retransmission to 0:FFFFFFFB00000000 scheduled for 341ms from now [State:Active II:500 AI:300 AT:4000][0m
[0;34m[1784656713.699] [12401:12404] [DMG] ICR moving to [AwaitingRe][0m
[0;34m[1784656713.699] [12401:12404] [DMG] ICR moving to [AwaitingDe][0m
[0;32m[1784656713.699] [12401:12404] [EM] <<< [E:5663i S:58858 M:267223140 (Ack:218092728)] (S) Msg TX from 0000000000000000 to 0:FFFFFFFB00000000 [0000] [UDP:[fe80::bfe:a203:38f0:bce7%enp0s3]:5540] --- Type 0000:10 (SecureChannel:StandaloneAck) (B:34)[0m
[0;34m[1784656713.699] [12401:12404] [EM] Flushed pending ack for MessageCounter:218092728 on exchange 5663i[0m
[0;32m[1784656713.699] [12401:12404] [EM] >>> [E:5664i S:58858 M:218092729 (Ack:267223139)] (S) Msg RX from 0:FFFFFFFB00000000 [0000] to 0000000000000000 --- Type 0001:09 (IM:InvokeCommandResponse) (B:559)[0m
[0;34m[1784656713.699] [12401:12404] [EM] Found matching exchange: 5664i, Delegate: 0x7136b00382d8[0m
[0;34m[1784656713.699] [12401:12404] [EM] Rxd Ack; Removing MessageCounter:267223139 from Retrans Table on exchange 5664i[0m
[0;34m[1784656713.699] [12401:12404] [DMG] ICR moving to [ResponseRe][0m
[0;34m[1784656713.699] [12401:12404] [DMG] InvokeResponseMessage =[0m
[0;34m[1784656713.699] [12401:12404] [DMG] {[0m
[0;34m[1784656713.699] [12401:12404] [DMG] 	suppressResponse = false, [0m
[0;34m[1784656713.699] [12401:12404] [DMG] 	InvokeResponseIBs =[0m
[0;34m[1784656713.699] [12401:12404] [DMG] 	[[0m
[0;34m[1784656713.699] [12401:12404] [DMG] 		InvokeResponseIB =[0m
[0;34m[1784656713.699] [12401:12404] [DMG] 		{[0m
[0;34m[1784656713.699] [12401:12404] [DMG] 			CommandDataIB =[0m
[0;34m[1784656713.699] [12401:12404] [DMG] 			{[0m
[0;34m[1784656713.699] [12401:12404] [DMG] 				CommandPathIB =[0m
[0;34m[1784656713.699] [12401:12404] [DMG] 				{[0m
[0;34m[1784656713.699] [12401:12404] [DMG] 					EndpointId = 0x0,[0m
[0;34m[1784656713.699] [12401:12404] [DMG] 					ClusterId = 0x3e,[0m
[0;34m[1784656713.699] [12401:12404] [DMG] 					CommandId = 0x3,[0m
[0;34m[1784656713.699] [12401:12404] [DMG] 				},[0m
[0;34m[1784656713.699] [12401:12404] [DMG] 				[0m
[0;34m[1784656713.699] [12401:12404] [DMG] 				CommandFields = [0m
[0;34m[1784656713.699] [12401:12404] [DMG] 				{[0m
[0;34m[1784656713.699] [12401:12404] [DMG] 					0x0 = [[0m
[0;34m[1784656713.699] [12401:12404] [DMG] 							0x30, 0x82, 0x01, 0xe7, 0x30, 0x82, 0x01, 0x8e, 0xa0, 0x03, 0x02, 0x01, 0x02, 0x02, 0x08, 0x69, 0xcd, 0xf1, 0x0d, 0xe9, 0xe5, 0x4e, 0xd1, 0x30, 0x0a, 0x06, 0x08, 0x2a, 0x86, 0x48, 0xce, 0x3d, 0x04, 0x03, 0x02, 0x30, 0x3d, 0x31, 0x25, 0x30, 0x23, 0x06, 0x03, 0x55, 0x04, 0x03, 0x0c, 0x1c, 0x4d, 0x61, 0x74, 0x74, 0x65, 0x72, 0x20, 0x44, 0x65, 0x76, 0x20, 0x50, 0x41, 0x49, 0x20, 0x30, 0x78, 0x46, 0x46, 0x46, 0x31, 0x20, 0x6e, 0x6f, 0x20, 0x50, 0x49, 0x44, 0x31, 0x14, 0x30, 0x12, 0x06, 0x0a, 0x2b, 0x06, 0x01, 0x04, 0x01, 0x82, 0xa2, 0x7c, 0x02, 0x01, 0x0c, 0x04, 0x46, 0x46, 0x46, 0x31, 0x30, 0x20, 0x17, 0x0d, 0x32, 0x32, 0x30, 0x32, 0x30, 0x35, 0x30, 0x30, 0x30, 0x30, 0x30, 0x30, 0x5a, 0x18, 0x0f, 0x39, 0x39, 0x39, 0x39, 0x31, 0x32, 0x33, 0x31, 0x32, 0x33, 0x35, 0x39, 0x35, 0x39, 0x5a, 0x30, 0x53, 0x31, 0x25, 0x30, 0x23, 0x06, 0x03, 0x55, 0x04, 0x03, 0x0c, 0x1c, 0x4d, 0x61, 0x74, 0x74, 0x65, 0x72, 0x20, 0x44, 0x65, 0x76, 0x20, 0x44, 0x41, 0x43, 0x20, 0x30, 0x78, 0x46, 0x46, 0x46, 0x31, 0x2f, 0x30, 0x78, 0x38, 0x30, 0x30, 0x31, 0x31, 0x14, 0x30, 0x12, 0x06, 0x0a, 0x2b, 0x06, 0x01, 0x04, 0x01, 0x82, 0xa2, 0x7c, 0x02, 0x01, 0x0c, 0x04, 0x46, 0x46, 0x46, 0x31, 0x31, 0x14, 0x30, 0x12, 0x06, 0x0a, 0x2b, 0x06, 0x01, 0x04, 0x01, 0x82, 0xa2, 0x7c, 0x02, 0x02, 0x0c, 0x04, 0x38, 0x30, 0x30, 0x31, 0x30, 0x59, 0x30, 0x13, 0x06, 0x07, 0x2a, 0x86, 0x48, 0xce, 0x3d, 0x02, 0x01, 0x06, 0x08, 0x2a, 0x86, 0x48, 0xce, 0x3d, 0x03, 0x01, 0x07, 0x03, 0x42, 0x00, 0x04, 0x46, 0x3a, 0xc6, 0x93, 0x42, 0x91, 0x0a, 0x0e, 0x55, 0x88, 0xfc, 0x6f, 0xf5, 0x6b, 0xb6, 0x3e, 0x62, 0xec, 0xce, 0xcb, 0x14, 0x8f, 0x7d, 0x4e, 0xb0, 0x3e, 0xe5, 0x52, 0x60, 0x14, 0x15, 0x76, 0x7d, 0x16, 0xa5, 0xc6, 0x63, 0xf7, 0x93, 0x[0m
[0;34m[1784656713.699] [12401:12404] [DMG] 					] (491 bytes)[0m
[0;34m[1784656713.699] [12401:12404] [DMG] 				},[0m
[0;34m[1784656713.699] [12401:12404] [DMG] 			},[0m
[0;34m[1784656713.699] [12401:12404] [DMG] 			[0m
[0;34m[1784656713.699] [12401:12404] [DMG] 		},[0m
[0;34m[1784656713.699] [12401:12404] [DMG] 		[0m
[0;34m[1784656713.699] [12401:12404] [DMG] 	],[0m
[0;34m[1784656713.699] [12401:12404] [DMG] 	[0m
[0;34m[1784656713.699] [12401:12404] [DMG] 	InteractionModelRevision = 12[0m
[0;34m[1784656713.699] [12401:12404] [DMG] },[0m
[0;32m[1784656713.699] [12401:12404] [DMG] Received Command Response Data, Endpoint=0 Cluster=0x0000_003E Command=0x0000_0003[0m
[0;32m[1784656713.699] [12401:12404] [CTL] Received certificate chain from the device[0m
[0;32m[1784656713.699] [12401:12404] [CTL] Successfully finished commissioning step 'SendDACCertificateRequest'[0m
[0;32m[1784656713.699] [12401:12404] [CTL] Commissioning stage next step: 'SendDACCertificateRequest' -> 'SendAttestationRequest'[0m
[0;32m[1784656713.699] [12401:12404] [CTL] Performing next commissioning step 'SendAttestationRequest'[0m
[0;34m[1784656713.699] [12401:12404] [TOO] Starting commissioning stage 'SendAttestationRequest'[0m
[0;32m[1784656713.699] [12401:12404] [CTL] Sending Attestation Request to the device.[0m
[0;34m[1784656713.699] [12401:12404] [CTL] Sending Attestation request to 0x7136b0033e20 device[0m
[0;34m[1784656713.699] [12401:12404] [DMG] ICR moving to [AddingComm][0m
[0;34m[1784656713.699] [12401:12404] [DMG] ICR moving to [AddedComma][0m
[0;32m[1784656713.699] [12401:12404] [EM] <<< [E:5665i S:58858 M:267223141] (S) Msg TX from 0000000000000000 to 0:FFFFFFFB00000000 [0000] [UDP:[fe80::bfe:a203:38f0:bce7%enp0s3]:5540] --- Type 0001:08 (IM:InvokeCommandRequest) (B:94)[0m
[0;32m[1784656713.699] [12401:12404] [EM] ??1 [E:5665i S:58858 M:267223141] (S) Msg Retransmission to 0:FFFFFFFB00000000 scheduled for 344ms from now [State:Active II:500 AI:300 AT:4000][0m
[0;34m[1784656713.699] [12401:12404] [DMG] ICR moving to [AwaitingRe][0m
[0;34m[1784656713.699] [12401:12404] [CTL] Sent Attestation request, waiting for the Attestation Information[0m
[0;34m[1784656713.699] [12401:12404] [DMG] ICR moving to [AwaitingDe][0m
[0;32m[1784656713.699] [12401:12404] [EM] <<< [E:5664i S:58858 M:267223142 (Ack:218092729)] (S) Msg TX from 0000000000000000 to 0:FFFFFFFB00000000 [0000] [UDP:[fe80::bfe:a203:38f0:bce7%enp0s3]:5540] --- Type 0000:10 (SecureChannel:StandaloneAck) (B:34)[0m
[0;34m[1784656713.699] [12401:12404] [EM] Flushed pending ack for MessageCounter:218092729 on exchange 5664i[0m
[0;32m[1784656713.700] [12401:12404] [EM] >>> [E:5665i S:58858 M:218092730 (Ack:267223141)] (S) Msg RX from 0:FFFFFFFB00000000 [0000] to 0000000000000000 --- Type 0001:09 (IM:InvokeCommandResponse) (B:718)[0m
[0;34m[1784656713.700] [12401:12404] [EM] Found matching exchange: 5665i, Delegate: 0x7136b0035058[0m
[0;34m[1784656713.700] [12401:12404] [EM] Rxd Ack; Removing MessageCounter:267223141 from Retrans Table on exchange 5665i[0m
[0;34m[1784656713.700] [12401:12404] [DMG] ICR moving to [ResponseRe][0m
[0;34m[1784656713.700] [12401:12404] [DMG] InvokeResponseMessage =[0m
[0;34m[1784656713.700] [12401:12404] [DMG] {[0m
[0;34m[1784656713.700] [12401:12404] [DMG] 	suppressResponse = false, [0m
[0;34m[1784656713.700] [12401:12404] [DMG] 	InvokeResponseIBs =[0m
[0;34m[1784656713.700] [12401:12404] [DMG] 	[[0m
[0;34m[1784656713.700] [12401:12404] [DMG] 		InvokeResponseIB =[0m
[0;34m[1784656713.700] [12401:12404] [DMG] 		{[0m
[0;34m[1784656713.700] [12401:12404] [DMG] 			CommandDataIB =[0m
[0;34m[1784656713.700] [12401:12404] [DMG] 			{[0m
[0;34m[1784656713.700] [12401:12404] [DMG] 				CommandPathIB =[0m
[0;34m[1784656713.700] [12401:12404] [DMG] 				{[0m
[0;34m[1784656713.700] [12401:12404] [DMG] 					EndpointId = 0x0,[0m
[0;34m[1784656713.700] [12401:12404] [DMG] 					ClusterId = 0x3e,[0m
[0;34m[1784656713.700] [12401:12404] [DMG] 					CommandId = 0x1,[0m
[0;34m[1784656713.700] [12401:12404] [DMG] 				},[0m
[0;34m[1784656713.700] [12401:12404] [DMG] 				[0m
[0;34m[1784656713.700] [12401:12404] [DMG] 				CommandFields = [0m
[0;34m[1784656713.700] [12401:12404] [DMG] 				{[0m
[0;34m[1784656713.700] [12401:12404] [DMG] 					0x0 = [[0m
[0;34m[1784656713.700] [12401:12404] [DMG] 							0x15, 0x31, 0x01, 0x1b, 0x02, 0x30, 0x82, 0x02, 0x17, 0x06, 0x09, 0x2a, 0x86, 0x48, 0x86, 0xf7, 0x0d, 0x01, 0x07, 0x02, 0xa0, 0x82, 0x02, 0x08, 0x30, 0x82, 0x02, 0x04, 0x02, 0x01, 0x03, 0x31, 0x0d, 0x30, 0x0b, 0x06, 0x09, 0x60, 0x86, 0x48, 0x01, 0x65, 0x03, 0x04, 0x02, 0x01, 0x30, 0x82, 0x01, 0x70, 0x06, 0x09, 0x2a, 0x86, 0x48, 0x86, 0xf7, 0x0d, 0x01, 0x07, 0x01, 0xa0, 0x82, 0x01, 0x61, 0x04, 0x82, 0x01, 0x5d, 0x15, 0x24, 0x00, 0x01, 0x25, 0x01, 0xf1, 0xff, 0x36, 0x02, 0x05, 0x00, 0x80, 0x05, 0x01, 0x80, 0x05, 0x02, 0x80, 0x05, 0x03, 0x80, 0x05, 0x04, 0x80, 0x05, 0x05, 0x80, 0x05, 0x06, 0x80, 0x05, 0x07, 0x80, 0x05, 0x08, 0x80, 0x05, 0x09, 0x80, 0x05, 0x0a, 0x80, 0x05, 0x0b, 0x80, 0x05, 0x0c, 0x80, 0x05, 0x0d, 0x80, 0x05, 0x0e, 0x80, 0x05, 0x0f, 0x80, 0x05, 0x10, 0x80, 0x05, 0x11, 0x80, 0x05, 0x12, 0x80, 0x05, 0x13, 0x80, 0x05, 0x14, 0x80, 0x05, 0x15, 0x80, 0x05, 0x16, 0x80, 0x05, 0x17, 0x80, 0x05, 0x18, 0x80, 0x05, 0x19, 0x80, 0x05, 0x1a, 0x80, 0x05, 0x1b, 0x80, 0x05, 0x1c, 0x80, 0x05, 0x1d, 0x80, 0x05, 0x1e, 0x80, 0x05, 0x1f, 0x80, 0x05, 0x20, 0x80, 0x05, 0x21, 0x80, 0x05, 0x22, 0x80, 0x05, 0x23, 0x80, 0x05, 0x24, 0x80, 0x05, 0x25, 0x80, 0x05, 0x26, 0x80, 0x05, 0x27, 0x80, 0x05, 0x28, 0x80, 0x05, 0x29, 0x80, 0x05, 0x2a, 0x80, 0x05, 0x2b, 0x80, 0x05, 0x2c, 0x80, 0x05, 0x2d, 0x80, 0x05, 0x2e, 0x80, 0x05, 0x2f, 0x80, 0x05, 0x30, 0x80, 0x05, 0x31, 0x80, 0x05, 0x32, 0x80, 0x05, 0x33, 0x80, 0x05, 0x34, 0x80, 0x05, 0x35, 0x80, 0x05, 0x36, 0x80, 0x05, 0x37, 0x80, 0x05, 0x38, 0x80, 0x05, 0x39, 0x80, 0x05, 0x3a, 0x80, 0x05, 0x3b, 0x80, 0x05, 0x3c, 0x80, 0x05, 0x3d, 0x80, 0x05, 0x3e, 0x80, 0x05, 0x3f, 0x80, 0x05, 0x40, 0x80, 0x05, 0x41, 0x80, 0x05, 0x42, 0x80, 0x05, 0x43, 0x80, 0x[0m
[0;34m[1784656713.700] [12401:12404] [DMG] 					] (583 bytes)[0m
[0;34m[1784656713.700] [12401:12404] [DMG] 					0x1 = [[0m
[0;34m[1784656713.700] [12401:12404] [DMG] 							0x8e, 0x0c, 0x8c, 0x6a, 0x1a, 0x64, 0x75, 0xd1, 0x1b, 0x40, 0x2c, 0xf4, 0x3e, 0x8a, 0xa4, 0x39, 0x51, 0xe7, 0xb8, 0xad, 0x56, 0x44, 0x74, 0xa1, 0x4d, 0x70, 0x98, 0x82, 0x7f, 0x36, 0x4e, 0x95, 0xa0, 0x0b, 0xb4, 0xf4, 0xc6, 0x11, 0x51, 0x8a, 0x4a, 0x10, 0x0d, 0xe7, 0x37, 0xd5, 0x04, 0x72, 0x10, 0x19, 0x8f, 0x25, 0x46, 0x02, 0x14, 0x74, 0x39, 0x54, 0xa0, 0x3b, 0x68, 0xf1, 0x65, 0xb4, [0m
[0;34m[1784656713.700] [12401:12404] [DMG] 					] (64 bytes)[0m
[0;34m[1784656713.700] [12401:12404] [DMG] 				},[0m
[0;34m[1784656713.700] [12401:12404] [DMG] 			},[0m
[0;34m[1784656713.700] [12401:12404] [DMG] 			[0m
[0;34m[1784656713.700] [12401:12404] [DMG] 		},[0m
[0;34m[1784656713.700] [12401:12404] [DMG] 		[0m
[0;34m[1784656713.700] [12401:12404] [DMG] 	],[0m
[0;34m[1784656713.700] [12401:12404] [DMG] 	[0m
[0;34m[1784656713.700] [12401:12404] [DMG] 	InteractionModelRevision = 12[0m
[0;34m[1784656713.700] [12401:12404] [DMG] },[0m
[0;32m[1784656713.700] [12401:12404] [DMG] Received Command Response Data, Endpoint=0 Cluster=0x0000_003E Command=0x0000_0001[0m
[0;32m[1784656713.700] [12401:12404] [CTL] Received Attestation Information from the device[0m
[0;32m[1784656713.700] [12401:12404] [CTL] Successfully finished commissioning step 'SendAttestationRequest'[0m
[0;34m[1784656713.700] [12401:12404] [CTL] AutoCommissioner setting attestationElements buffer size 583/583[0m
[0;32m[1784656713.700] [12401:12404] [CTL] Commissioning stage next step: 'SendAttestationRequest' -> 'AttestationVerification'[0m
[0;32m[1784656713.700] [12401:12404] [CTL] Performing next commissioning step 'AttestationVerification'[0m
[0;34m[1784656713.700] [12401:12404] [TOO] Starting commissioning stage 'AttestationVerification'[0m
[0;32m[1784656713.700] [12401:12404] [CTL] Verifying Device Attestation information received from the device[0m
[0;32m[1784656713.705] [12401:12404] [-] Device candidate DAC chain details:[0m
[0;32m[1784656713.705] [12401:12404] [-] --> DAC's VID: 0xFFF1, PID: 0x8001[0m
[0;32m[1784656713.705] [12401:12404] [-] ==== DAC certificate considered (491 bytes) ====[0m
[0;32m[1784656713.705] [12401:12404] [-] -----BEGIN CERTIFICATE-----[0m
[0;32m[1784656713.705] [12401:12404] [-] MIIB5zCCAY6gAwIBAgIIac3xDenlTtEwCgYIKoZIzj0EAwIwPTElMCMGA1UEAwwc[0m
[0;32m[1784656713.705] [12401:12404] [-] TWF0dGVyIERldiBQQUkgMHhGRkYxIG5vIFBJRDEUMBIGCisGAQQBgqJ8AgEMBEZG[0m
[0;32m[1784656713.705] [12401:12404] [-] RjEwIBcNMjIwMjA1MDAwMDAwWhgPOTk5OTEyMzEyMzU5NTlaMFMxJTAjBgNVBAMM[0m
[0;32m[1784656713.705] [12401:12404] [-] HE1hdHRlciBEZXYgREFDIDB4RkZGMS8weDgwMDExFDASBgorBgEEAYKifAIBDARG[0m
[0;32m[1784656713.705] [12401:12404] [-] RkYxMRQwEgYKKwYBBAGConwCAgwEODAwMTBZMBMGByqGSM49AgEGCCqGSM49AwEH[0m
[0;32m[1784656713.705] [12401:12404] [-] A0IABEY6xpNCkQoOVYj8b/Vrtj5i7M7LFI99TrA+5VJgFBV2fRalxmP3k+SRIyYL[0m
[0;32m[1784656713.705] [12401:12404] [-] gpenzX58/HsxaznZjpDSk3dzjoKjYDBeMAwGA1UdEwEB/wQCMAAwDgYDVR0PAQH/[0m
[0;32m[1784656713.705] [12401:12404] [-] BAQDAgeAMB0GA1UdDgQWBBSI3eezADgpMs/3NMBGJIEPRBaKbzAfBgNVHSMEGDAW[0m
[0;32m[1784656713.705] [12401:12404] [-] gBRjVA5H9kscONE4hKRi0WwZXY/7PDAKBggqhkjOPQQDAgNHADBEAiABJ6J7S0Rh[0m
[0;32m[1784656713.705] [12401:12404] [-] DuL83E0reIVWNmC8D3bxchntagjfsrPBzQIga1ngr0Xz6yqFuRnTVzFSjGAoxBUj[0m
[0;32m[1784656713.705] [12401:12404] [-] lUXhCOTlTnCXE1M=[0m
[0;32m[1784656713.705] [12401:12404] [-] -----END CERTIFICATE-----[0m
[0;32m[1784656713.705] [12401:12404] [-] --> DAC certificate SKID: 88:DD:E7:B3:00:38:29:32:CF:F7:34:C0:46:24:81:0F:44:16:8A:6F[0m
[0;32m[1784656713.705] [12401:12404] [-] --> DAC certificate AKID: 63:54:0E:47:F6:4B:1C:38:D1:38:84:A4:62:D1:6C:19:5D:8F:FB:3C[0m
[0;32m[1784656713.705] [12401:12404] [-] ==== PAI certificate considered (463 bytes) ====[0m
[0;32m[1784656713.705] [12401:12404] [-] -----BEGIN CERTIFICATE-----[0m
[0;32m[1784656713.705] [12401:12404] [-] MIIByzCCAXGgAwIBAgIIVq2CIq2UW2QwCgYIKoZIzj0EAwIwMDEYMBYGA1UEAwwP[0m
[0;32m[1784656713.705] [12401:12404] [-] TWF0dGVyIFRlc3QgUEFBMRQwEgYKKwYBBAGConwCAQwERkZGMTAgFw0yMjAyMDUw[0m
[0;32m[1784656713.705] [12401:12404] [-] MDAwMDBaGA85OTk5MTIzMTIzNTk1OVowPTElMCMGA1UEAwwcTWF0dGVyIERldiBQ[0m
[0;32m[1784656713.705] [12401:12404] [-] QUkgMHhGRkYxIG5vIFBJRDEUMBIGCisGAQQBgqJ8AgEMBEZGRjEwWTATBgcqhkjO[0m
[0;32m[1784656713.705] [12401:12404] [-] PQIBBggqhkjOPQMBBwNCAARBmpMVwhc+DIyHbQPM/JRIUmR/f+xeUIL0BZko7KiU[0m
[0;32m[1784656713.705] [12401:12404] [-] xZQVEwmsYx5MsDOSr2hLC6+35ls7gWLC9Sv5MbjneqqCo2YwZDASBgNVHRMBAf8E[0m
[0;32m[1784656713.705] [12401:12404] [-] CDAGAQH/AgEAMA4GA1UdDwEB/wQEAwIBBjAdBgNVHQ4EFgQUY1QOR/ZLHDjROISk[0m
[0;32m[1784656713.705] [12401:12404] [-] YtFsGV2P+zwwHwYDVR0jBBgwFoAUav0idx9RH+y/FkGXZxDc3DGhcX4wCgYIKoZI[0m
[0;32m[1784656713.705] [12401:12404] [-] zj0EAwIDSAAwRQIhALLvJ/Sa6bUPuR7qyUxNC9u415KcbLiPrOUpNo0SBUwMAiBl[0m
[0;32m[1784656713.705] [12401:12404] [-] Xckrhr2QmIKmxiF3uCXX0F7b58Ivn+pxIg5+pwP4kQ==[0m
[0;32m[1784656713.705] [12401:12404] [-] -----END CERTIFICATE-----[0m
[0;32m[1784656713.706] [12401:12404] [-] --> PAI certificate SKID: 63:54:0E:47:F6:4B:1C:38:D1:38:84:A4:62:D1:6C:19:5D:8F:FB:3C[0m
[0;32m[1784656713.706] [12401:12404] [-] --> PAI certificate AKID: 6A:FD:22:77:1F:51:1F:EC:BF:16:41:97:67:10:DC:DC:31:A1:71:7E[0m
[0;32m[1784656713.708] [12401:12404] [-] ==== PAA certificate considered (449 bytes) ====[0m
[0;32m[1784656713.708] [12401:12404] [-] -----BEGIN CERTIFICATE-----[0m
[0;32m[1784656713.708] [12401:12404] [-] MIIBvTCCAWSgAwIBAgIITqjoMYLUHBwwCgYIKoZIzj0EAwIwMDEYMBYGA1UEAwwP[0m
[0;32m[1784656713.708] [12401:12404] [-] TWF0dGVyIFRlc3QgUEFBMRQwEgYKKwYBBAGConwCAQwERkZGMTAgFw0yMTA2Mjgx[0m
[0;32m[1784656713.708] [12401:12404] [-] NDIzNDNaGA85OTk5MTIzMTIzNTk1OVowMDEYMBYGA1UEAwwPTWF0dGVyIFRlc3Qg[0m
[0;32m[1784656713.708] [12401:12404] [-] UEFBMRQwEgYKKwYBBAGConwCAQwERkZGMTBZMBMGByqGSM49AgEGCCqGSM49AwEH[0m
[0;32m[1784656713.708] [12401:12404] [-] A0IABLbLY3KIfyko9brIGqnZOuJDHK2p154kL2UXfvnO2TKijs0Duq9qj8oYShpQ[0m
[0;32m[1784656713.708] [12401:12404] [-] NUKWDUU/MD8fGUIddR6Pjxqam3WjZjBkMBIGA1UdEwEB/wQIMAYBAf8CAQEwDgYD[0m
[0;32m[1784656713.708] [12401:12404] [-] VR0PAQH/BAQDAgEGMB0GA1UdDgQWBBRq/SJ3H1Ef7L8WQZdnENzcMaFxfjAfBgNV[0m
[0;32m[1784656713.708] [12401:12404] [-] HSMEGDAWgBRq/SJ3H1Ef7L8WQZdnENzcMaFxfjAKBggqhkjOPQQDAgNHADBEAiBQ[0m
[0;32m[1784656713.708] [12401:12404] [-] qoAC9NkyqaAFOPZTaK0P/8jvu8m+t9pWmDXPmqdRDgIgI7rI/g8j51RFtlM5CBpH[0m
[0;32m[1784656713.708] [12401:12404] [-] mUkpxyqvChVI1A0DTVFLJd4=[0m
[0;32m[1784656713.708] [12401:12404] [-] -----END CERTIFICATE-----[0m
[0;32m[1784656713.708] [12401:12404] [-] --> PAA certificate SKID: 6A:FD:22:77:1F:51:1F:EC:BF:16:41:97:67:10:DC:DC:31:A1:71:7E[0m
[0;32m[1784656713.709] [12401:12404] [-] --> PAA certificate AKID: 6A:FD:22:77:1F:51:1F:EC:BF:16:41:97:67:10:DC:DC:31:A1:71:7E[0m
[0;32m[1784656713.712] [12401:12404] [-] CD signing key identifier: FE:34:3F:95:99:47:76:3B:61:EE:45:39:13:13:38:49:4F:E6:7D:8E[0m
[0;32m[1784656713.712] [12401:12404] [-] Certification type 0[0m
[0;32m[1784656713.712] [12401:12404] [-] Device certification declaration details:[0m
[0;32m[1784656713.712] [12401:12404] [-] --> VID: 0xFFF1[0m
[0;32m[1784656713.712] [12401:12404] [-] --> Device type ID: 0x0000_0016[0m
[0;32m[1784656713.712] [12401:12404] [-] --> Certification type: 0 (Development and testing)[0m
[0;32m[1784656713.712] [12401:12404] [CTL] Successfully finished commissioning step 'AttestationVerification'[0m
[0;32m[1784656713.713] [12401:12404] [CTL] Commissioning stage next step: 'AttestationVerification' -> 'AttestationRevocationCheck'[0m
[0;32m[1784656713.713] [12401:12404] [CTL] Performing next commissioning step 'AttestationRevocationCheck'[0m
[0;34m[1784656713.713] [12401:12404] [TOO] Starting commissioning stage 'AttestationRevocationCheck'[0m
[0;32m[1784656713.713] [12401:12404] [CTL] Verifying the device's DAC chain revocation status[0m
[0;32m[1784656713.713] [12401:12404] [-] WARNING: No revocation delegate available. Revocation checks will be skipped![0m
[0;32m[1784656713.713] [12401:12404] [CTL] Successfully validated 'Attestation Information' command received from the device.[0m
[0;32m[1784656713.713] [12401:12404] [CTL] Successfully finished commissioning step 'AttestationRevocationCheck'[0m
[0;32m[1784656713.713] [12401:12404] [CTL] Commissioning stage next step: 'AttestationRevocationCheck' -> 'SendOpCertSigningRequest'[0m
[0;32m[1784656713.713] [12401:12404] [CTL] Performing next commissioning step 'SendOpCertSigningRequest'[0m
[0;34m[1784656713.713] [12401:12404] [TOO] Starting commissioning stage 'SendOpCertSigningRequest'[0m
[0;34m[1784656713.713] [12401:12404] [CTL] Sending CSR request to 0x7136b0033e20 device[0m
[0;34m[1784656713.713] [12401:12404] [DMG] ICR moving to [AddingComm][0m
[0;34m[1784656713.713] [12401:12404] [DMG] ICR moving to [AddedComma][0m
[0;32m[1784656713.714] [12401:12404] [EM] <<< [E:5666i S:58858 M:267223143] (S) Msg TX from 0000000000000000 to 0:FFFFFFFB00000000 [0000] [UDP:[fe80::bfe:a203:38f0:bce7%enp0s3]:5540] --- Type 0001:08 (IM:InvokeCommandRequest) (B:94)[0m
[0;32m[1784656713.714] [12401:12404] [EM] ??1 [E:5666i S:58858 M:267223143] (S) Msg Retransmission to 0:FFFFFFFB00000000 scheduled for 341ms from now [State:Active II:500 AI:300 AT:4000][0m
[0;34m[1784656713.714] [12401:12404] [DMG] ICR moving to [AwaitingRe][0m
[0;34m[1784656713.714] [12401:12404] [CTL] Sent CSR request, waiting for the CSR[0m
[0;34m[1784656713.714] [12401:12404] [DMG] ICR moving to [AwaitingDe][0m
[0;32m[1784656713.714] [12401:12404] [EM] <<< [E:5665i S:58858 M:267223144 (Ack:218092730)] (S) Msg TX from 0000000000000000 to 0:FFFFFFFB00000000 [0000] [UDP:[fe80::bfe:a203:38f0:bce7%enp0s3]:5540] --- Type 0000:10 (SecureChannel:StandaloneAck) (B:34)[0m
[0;34m[1784656713.714] [12401:12404] [EM] Flushed pending ack for MessageCounter:218092730 on exchange 5665i[0m
[0;32m[1784656713.715] [12401:12404] [EM] >>> [E:5666i S:58858 M:218092731 (Ack:267223143)] (S) Msg RX from 0:FFFFFFFB00000000 [0000] to 0000000000000000 --- Type 0001:09 (IM:InvokeCommandResponse) (B:377)[0m
[0;34m[1784656713.715] [12401:12404] [EM] Found matching exchange: 5666i, Delegate: 0x7136b00382d8[0m
[0;34m[1784656713.715] [12401:12404] [EM] Rxd Ack; Removing MessageCounter:267223143 from Retrans Table on exchange 5666i[0m
[0;34m[1784656713.715] [12401:12404] [DMG] ICR moving to [ResponseRe][0m
[0;34m[1784656713.715] [12401:12404] [DMG] InvokeResponseMessage =[0m
[0;34m[1784656713.715] [12401:12404] [DMG] {[0m
[0;34m[1784656713.715] [12401:12404] [DMG] 	suppressResponse = false, [0m
[0;34m[1784656713.715] [12401:12404] [DMG] 	InvokeResponseIBs =[0m
[0;34m[1784656713.715] [12401:12404] [DMG] 	[[0m
[0;34m[1784656713.715] [12401:12404] [DMG] 		InvokeResponseIB =[0m
[0;34m[1784656713.715] [12401:12404] [DMG] 		{[0m
[0;34m[1784656713.715] [12401:12404] [DMG] 			CommandDataIB =[0m
[0;34m[1784656713.715] [12401:12404] [DMG] 			{[0m
[0;34m[1784656713.715] [12401:12404] [DMG] 				CommandPathIB =[0m
[0;34m[1784656713.715] [12401:12404] [DMG] 				{[0m
[0;34m[1784656713.715] [12401:12404] [DMG] 					EndpointId = 0x0,[0m
[0;34m[1784656713.715] [12401:12404] [DMG] 					ClusterId = 0x3e,[0m
[0;34m[1784656713.715] [12401:12404] [DMG] 					CommandId = 0x5,[0m
[0;34m[1784656713.715] [12401:12404] [DMG] 				},[0m
[0;34m[1784656713.715] [12401:12404] [DMG] 				[0m
[0;34m[1784656713.715] [12401:12404] [DMG] 				CommandFields = [0m
[0;34m[1784656713.715] [12401:12404] [DMG] 				{[0m
[0;34m[1784656713.715] [12401:12404] [DMG] 					0x0 = [[0m
[0;34m[1784656713.715] [12401:12404] [DMG] 							0x15, 0x30, 0x01, 0xcb, 0x30, 0x81, 0xc8, 0x30, 0x70, 0x02, 0x01, 0x00, 0x30, 0x0e, 0x31, 0x0c, 0x30, 0x0a, 0x06, 0x03, 0x55, 0x04, 0x0a, 0x0c, 0x03, 0x43, 0x53, 0x52, 0x30, 0x59, 0x30, 0x13, 0x06, 0x07, 0x2a, 0x86, 0x48, 0xce, 0x3d, 0x02, 0x01, 0x06, 0x08, 0x2a, 0x86, 0x48, 0xce, 0x3d, 0x03, 0x01, 0x07, 0x03, 0x42, 0x00, 0x04, 0xd3, 0x88, 0xb2, 0x71, 0x57, 0x27, 0xa7, 0x16, 0x4c, 0x2f, 0x76, 0x86, 0xb4, 0x25, 0xc1, 0x5f, 0x95, 0x98, 0x16, 0xb0, 0x3b, 0x99, 0xbc, 0x17, 0x38, 0x2d, 0xf5, 0x26, 0x44, 0x2a, 0xed, 0x96, 0xff, 0xd7, 0x2f, 0x60, 0x6e, 0x2a, 0x77, 0xce, 0x1c, 0xa1, 0xc2, 0x70, 0x93, 0xdf, 0x25, 0x6f, 0x2d, 0xeb, 0xc7, 0x9e, 0xbb, 0x91, 0xdc, 0x93, 0xbf, 0xd3, 0xb6, 0xcb, 0xe7, 0x63, 0xfc, 0x3a, 0xa0, 0x00, 0x30, 0x0a, 0x06, 0x08, 0x2a, 0x86, 0x48, 0xce, 0x3d, 0x04, 0x03, 0x02, 0x03, 0x48, 0x00, 0x30, 0x45, 0x02, 0x21, 0x00, 0xeb, 0xc7, 0xdc, 0x5c, 0x63, 0xa5, 0x8c, 0xc0, 0xce, 0x2a, 0xbd, 0x95, 0x8a, 0x8b, 0x5e, 0xef, 0xb3, 0x5b, 0xa7, 0x54, 0xad, 0xe0, 0x69, 0x6b, 0xa1, 0xee, 0x08, 0xdf, 0xa0, 0xad, 0x6c, 0x9c, 0x02, 0x20, 0x3e, 0xe2, 0xa4, 0xdf, 0xef, 0xa9, 0xba, 0xc0, 0x2e, 0xc3, 0xef, 0x94, 0xf9, 0xe4, 0xff, 0x03, 0x03, 0x9f, 0x38, 0x86, 0x24, 0x90, 0x2a, 0xc4, 0x1d, 0x20, 0xc1, 0xc2, 0x8a, 0xcd, 0x7f, 0xa8, 0x30, 0x02, 0x20, 0xc9, 0x08, 0x41, 0x7e, 0xe1, 0x95, 0xbb, 0xa6, 0x55, 0x31, 0xe5, 0x13, 0x6b, 0x85, 0x05, 0xf0, 0xe8, 0xc6, 0x78, 0xb5, 0x0e, 0xb9, 0x67, 0x67, 0xf8, 0x2d, 0xda, 0x72, 0xbd, 0xb6, 0x4b, 0x60, 0x18, [0m
[0;34m[1784656713.715] [12401:12404] [DMG] 					] (243 bytes)[0m
[0;34m[1784656713.715] [12401:12404] [DMG] 					0x1 = [[0m
[0;34m[1784656713.715] [12401:12404] [DMG] 							0x73, 0x2b, 0xae, 0xf8, 0x79, 0xb9, 0xea, 0x3c, 0x2c, 0xc0, 0xa6, 0x25, 0x49, 0xb5, 0xc2, 0x66, 0x9b, 0x17, 0xbf, 0xc6, 0x36, 0xa5, 0x70, 0x43, 0xf8, 0xb9, 0x9e, 0x38, 0x95, 0x2f, 0x82, 0xc4, 0x3b, 0x33, 0x11, 0x5f, 0xac, 0x0b, 0xef, 0x44, 0xb6, 0xee, 0x67, 0xf9, 0xd4, 0xe0, 0x1e, 0x5b, 0x6c, 0x8a, 0x72, 0xe1, 0x12, 0x8f, 0x68, 0x35, 0x13, 0x55, 0xf0, 0xae, 0xe1, 0x10, 0x36, 0x44, [0m
[0;34m[1784656713.715] [12401:12404] [DMG] 					] (64 bytes)[0m
[0;34m[1784656713.715] [12401:12404] [DMG] 				},[0m
[0;34m[1784656713.715] [12401:12404] [DMG] 			},[0m
[0;34m[1784656713.715] [12401:12404] [DMG] 			[0m
[0;34m[1784656713.715] [12401:12404] [DMG] 		},[0m
[0;34m[1784656713.715] [12401:12404] [DMG] 		[0m
[0;34m[1784656713.715] [12401:12404] [DMG] 	],[0m
[0;34m[1784656713.715] [12401:12404] [DMG] 	[0m
[0;34m[1784656713.715] [12401:12404] [DMG] 	InteractionModelRevision = 12[0m
[0;34m[1784656713.715] [12401:12404] [DMG] },[0m
[0;32m[1784656713.715] [12401:12404] [DMG] Received Command Response Data, Endpoint=0 Cluster=0x0000_003E Command=0x0000_0005[0m
[0;32m[1784656713.715] [12401:12404] [CTL] Received certificate signing request from the device[0m
[0;32m[1784656713.715] [12401:12404] [CTL] Successfully finished commissioning step 'SendOpCertSigningRequest'[0m
[0;32m[1784656713.715] [12401:12404] [CTL] Commissioning stage next step: 'SendOpCertSigningRequest' -> 'ValidateCSR'[0m
[0;32m[1784656713.715] [12401:12404] [CTL] Performing next commissioning step 'ValidateCSR'[0m
[0;34m[1784656713.715] [12401:12404] [TOO] Starting commissioning stage 'ValidateCSR'[0m
[0;32m[1784656713.715] [12401:12404] [CTL] Successfully finished commissioning step 'ValidateCSR'[0m
[0;32m[1784656713.715] [12401:12404] [CTL] Commissioning stage next step: 'ValidateCSR' -> 'GenerateNOCChain'[0m
[0;32m[1784656713.715] [12401:12404] [CTL] Performing next commissioning step 'GenerateNOCChain'[0m
[0;34m[1784656713.715] [12401:12404] [TOO] Starting commissioning stage 'GenerateNOCChain'[0m
[0;32m[1784656713.715] [12401:12404] [CTL] Getting certificate chain for the device from the issuer[0m
[0;32m[1784656713.716] [12401:12404] [CTL] Verifying Certificate Signing Request[0m
[0;32m[1784656713.717] [12401:12404] [CTL] Generating NOC[0m
[0;32m[1784656713.717] [12401:12404] [CTL] Providing certificate chain to the commissioner[0m
[0;32m[1784656713.717] [12401:12404] [CTL] Received callback from the CA for NOC Chain generation. Status: Success[0m
[0;32m[1784656713.717] [12401:12404] [CTL] Successfully finished commissioning step 'GenerateNOCChain'[0m
[0;32m[1784656713.717] [12401:12404] [CTL] Performing next commissioning step 'SendTrustedRootCert'[0m
[0;34m[1784656713.717] [12401:12404] [TOO] Starting commissioning stage 'SendTrustedRootCert'[0m
[0;32m[1784656713.717] [12401:12404] [CTL] Sending root certificate to the device[0m
[0;34m[1784656713.717] [12401:12404] [DMG] ICR moving to [AddingComm][0m
[0;34m[1784656713.717] [12401:12404] [DMG] ICR moving to [AddedComma][0m
[0;32m[1784656713.717] [12401:12404] [EM] <<< [E:5667i S:58858 M:267223145] (S) Msg TX from 0000000000000000 to 0:FFFFFFFB00000000 [0000] [UDP:[fe80::bfe:a203:38f0:bce7%enp0s3]:5540] --- Type 0001:08 (IM:InvokeCommandRequest) (B:293)[0m
[0;32m[1784656713.717] [12401:12404] [EM] ??1 [E:5667i S:58858 M:267223145] (S) Msg Retransmission to 0:FFFFFFFB00000000 scheduled for 374ms from now [State:Active II:500 AI:300 AT:4000][0m
[0;34m[1784656713.717] [12401:12404] [DMG] ICR moving to [AwaitingRe][0m
[0;32m[1784656713.717] [12401:12404] [CTL] Sent root certificate to the device[0m
[0;34m[1784656713.718] [12401:12404] [DMG] ICR moving to [AwaitingDe][0m
[0;32m[1784656713.718] [12401:12404] [EM] <<< [E:5666i S:58858 M:267223146 (Ack:218092731)] (S) Msg TX from 0000000000000000 to 0:FFFFFFFB00000000 [0000] [UDP:[fe80::bfe:a203:38f0:bce7%enp0s3]:5540] --- Type 0000:10 (SecureChannel:StandaloneAck) (B:34)[0m
[0;34m[1784656713.718] [12401:12404] [EM] Flushed pending ack for MessageCounter:218092731 on exchange 5666i[0m
[0;32m[1784656713.718] [12401:12404] [EM] >>> [E:5667i S:58858 M:218092732 (Ack:267223145)] (S) Msg RX from 0:FFFFFFFB00000000 [0000] to 0000000000000000 --- Type 0001:09 (IM:InvokeCommandResponse) (B:67)[0m
[0;34m[1784656713.718] [12401:12404] [EM] Found matching exchange: 5667i, Delegate: 0x7136b0035058[0m
[0;34m[1784656713.718] [12401:12404] [EM] Rxd Ack; Removing MessageCounter:267223145 from Retrans Table on exchange 5667i[0m
[0;34m[1784656713.718] [12401:12404] [DMG] ICR moving to [ResponseRe][0m
[0;34m[1784656713.718] [12401:12404] [DMG] InvokeResponseMessage =[0m
[0;34m[1784656713.718] [12401:12404] [DMG] {[0m
[0;34m[1784656713.718] [12401:12404] [DMG] 	suppressResponse = false, [0m
[0;34m[1784656713.718] [12401:12404] [DMG] 	InvokeResponseIBs =[0m
[0;34m[1784656713.718] [12401:12404] [DMG] 	[[0m
[0;34m[1784656713.718] [12401:12404] [DMG] 		InvokeResponseIB =[0m
[0;34m[1784656713.718] [12401:12404] [DMG] 		{[0m
[0;34m[1784656713.718] [12401:12404] [DMG] 			CommandStatusIB =[0m
[0;34m[1784656713.718] [12401:12404] [DMG] 			{[0m
[0;34m[1784656713.718] [12401:12404] [DMG] 				CommandPathIB =[0m
[0;34m[1784656713.718] [12401:12404] [DMG] 				{[0m
[0;34m[1784656713.718] [12401:12404] [DMG] 					EndpointId = 0x0,[0m
[0;34m[1784656713.718] [12401:12404] [DMG] 					ClusterId = 0x3e,[0m
[0;34m[1784656713.718] [12401:12404] [DMG] 					CommandId = 0xb,[0m
[0;34m[1784656713.718] [12401:12404] [DMG] 				},[0m
[0;34m[1784656713.718] [12401:12404] [DMG] 				[0m
[0;34m[1784656713.718] [12401:12404] [DMG] 				StatusIB =[0m
[0;34m[1784656713.718] [12401:12404] [DMG] 				{[0m
[0;34m[1784656713.718] [12401:12404] [DMG] 					status = 0x00 (SUCCESS),[0m
[0;34m[1784656713.718] [12401:12404] [DMG] 				},[0m
[0;34m[1784656713.718] [12401:12404] [DMG] 				[0m
[0;34m[1784656713.718] [12401:12404] [DMG] 			},[0m
[0;34m[1784656713.718] [12401:12404] [DMG] 			[0m
[0;34m[1784656713.718] [12401:12404] [DMG] 		},[0m
[0;34m[1784656713.718] [12401:12404] [DMG] 		[0m
[0;34m[1784656713.718] [12401:12404] [DMG] 	],[0m
[0;34m[1784656713.718] [12401:12404] [DMG] 	[0m
[0;34m[1784656713.718] [12401:12404] [DMG] 	InteractionModelRevision = 12[0m
[0;34m[1784656713.718] [12401:12404] [DMG] },[0m
[0;32m[1784656713.718] [12401:12404] [DMG] Received Command Response Status for Endpoint=0 Cluster=0x0000_003E Command=0x0000_000B Status=0x0[0m
[0;32m[1784656713.718] [12401:12404] [CTL] Device confirmed that it has received the root certificate[0m
[0;32m[1784656713.718] [12401:12404] [CTL] Successfully finished commissioning step 'SendTrustedRootCert'[0m
[0;32m[1784656713.718] [12401:12404] [CTL] Commissioning stage next step: 'SendTrustedRootCert' -> 'SendNOC'[0m
[0;32m[1784656713.718] [12401:12404] [CTL] Performing next commissioning step 'SendNOC'[0m
[0;34m[1784656713.718] [12401:12404] [TOO] Starting commissioning stage 'SendNOC'[0m
[0;34m[1784656713.718] [12401:12404] [DMG] ICR moving to [AddingComm][0m
[0;34m[1784656713.718] [12401:12404] [DMG] ICR moving to [AddedComma][0m
[0;32m[1784656713.718] [12401:12404] [EM] <<< [E:5668i S:58858 M:267223147] (S) Msg TX from 0000000000000000 to 0:FFFFFFFB00000000 [0000] [UDP:[fe80::bfe:a203:38f0:bce7%enp0s3]:5540] --- Type 0001:08 (IM:InvokeCommandRequest) (B:566)[0m
[0;32m[1784656713.718] [12401:12404] [EM] ??1 [E:5668i S:58858 M:267223147] (S) Msg Retransmission to 0:FFFFFFFB00000000 scheduled for 341ms from now [State:Active II:500 AI:300 AT:4000][0m
[0;34m[1784656713.718] [12401:12404] [DMG] ICR moving to [AwaitingRe][0m
[0;32m[1784656713.718] [12401:12404] [CTL] Sent operational certificate to the device[0m
[0;34m[1784656713.718] [12401:12404] [DMG] ICR moving to [AwaitingDe][0m
[0;32m[1784656713.718] [12401:12404] [EM] <<< [E:5667i S:58858 M:267223148 (Ack:218092732)] (S) Msg TX from 0000000000000000 to 0:FFFFFFFB00000000 [0000] [UDP:[fe80::bfe:a203:38f0:bce7%enp0s3]:5540] --- Type 0000:10 (SecureChannel:StandaloneAck) (B:34)[0m
[0;34m[1784656713.718] [12401:12404] [EM] Flushed pending ack for MessageCounter:218092732 on exchange 5667i[0m
[0;32m[1784656713.737] [12401:12404] [EM] >>> [E:5668i S:58858 M:218092733 (Ack:267223147)] (S) Msg RX from 0:FFFFFFFB00000000 [0000] to 0000000000000000 --- Type 0001:09 (IM:InvokeCommandResponse) (B:70)[0m
[0;34m[1784656713.737] [12401:12404] [EM] Found matching exchange: 5668i, Delegate: 0x7136b00382d8[0m
[0;34m[1784656713.737] [12401:12404] [EM] Rxd Ack; Removing MessageCounter:267223147 from Retrans Table on exchange 5668i[0m
[0;34m[1784656713.737] [12401:12404] [DMG] ICR moving to [ResponseRe][0m
[0;34m[1784656713.737] [12401:12404] [DMG] InvokeResponseMessage =[0m
[0;34m[1784656713.737] [12401:12404] [DMG] {[0m
[0;34m[1784656713.737] [12401:12404] [DMG] 	suppressResponse = false, [0m
[0;34m[1784656713.737] [12401:12404] [DMG] 	InvokeResponseIBs =[0m
[0;34m[1784656713.737] [12401:12404] [DMG] 	[[0m
[0;34m[1784656713.737] [12401:12404] [DMG] 		InvokeResponseIB =[0m
[0;34m[1784656713.737] [12401:12404] [DMG] 		{[0m
[0;34m[1784656713.737] [12401:12404] [DMG] 			CommandDataIB =[0m
[0;34m[1784656713.737] [12401:12404] [DMG] 			{[0m
[0;34m[1784656713.737] [12401:12404] [DMG] 				CommandPathIB =[0m
[0;34m[1784656713.737] [12401:12404] [DMG] 				{[0m
[0;34m[1784656713.737] [12401:12404] [DMG] 					EndpointId = 0x0,[0m
[0;34m[1784656713.737] [12401:12404] [DMG] 					ClusterId = 0x3e,[0m
[0;34m[1784656713.737] [12401:12404] [DMG] 					CommandId = 0x8,[0m
[0;34m[1784656713.737] [12401:12404] [DMG] 				},[0m
[0;34m[1784656713.737] [12401:12404] [DMG] 				[0m
[0;34m[1784656713.737] [12401:12404] [DMG] 				CommandFields = [0m
[0;34m[1784656713.737] [12401:12404] [DMG] 				{[0m
[0;34m[1784656713.737] [12401:12404] [DMG] 					0x0 = 0 (unsigned), [0m
[0;34m[1784656713.737] [12401:12404] [DMG] 					0x1 = 1 (unsigned), [0m
[0;34m[1784656713.737] [12401:12404] [DMG] 				},[0m
[0;34m[1784656713.737] [12401:12404] [DMG] 			},[0m
[0;34m[1784656713.737] [12401:12404] [DMG] 			[0m
[0;34m[1784656713.737] [12401:12404] [DMG] 		},[0m
[0;34m[1784656713.737] [12401:12404] [DMG] 		[0m
[0;34m[1784656713.737] [12401:12404] [DMG] 	],[0m
[0;34m[1784656713.737] [12401:12404] [DMG] 	[0m
[0;34m[1784656713.737] [12401:12404] [DMG] 	InteractionModelRevision = 12[0m
[0;34m[1784656713.737] [12401:12404] [DMG] },[0m
[0;32m[1784656713.737] [12401:12404] [DMG] Received Command Response Data, Endpoint=0 Cluster=0x0000_003E Command=0x0000_0008[0m
[0;32m[1784656713.737] [12401:12404] [CTL] Device returned status 0 on receiving the NOC[0m
[0;32m[1784656713.737] [12401:12404] [CTL] Operational credentials provisioned on device 0x7136b0033e20[0m
[0;32m[1784656713.737] [12401:12404] [TOO] Secure Pairing Success[0m
[0;32m[1784656713.737] [12401:12404] [TOO] CASE establishment successful[0m
[0;32m[1784656713.737] [12401:12404] [CTL] Successfully finished commissioning step 'SendNOC'[0m
[0;32m[1784656713.737] [12401:12404] [CTL] Commissioning stage next step: 'SendNOC' -> 'EvictPreviousCaseSessions'[0m
[0;32m[1784656713.737] [12401:12404] [CTL] Performing next commissioning step 'EvictPreviousCaseSessions'[0m
[0;34m[1784656713.737] [12401:12404] [TOO] Starting commissioning stage 'EvictPreviousCaseSessions'[0m
[0;34m[1784656713.737] [12401:12404] [IN] Expiring all sessions for node <0000000000000001, 1>!![0m
[0;32m[1784656713.737] [12401:12404] [CTL] Successfully finished commissioning step 'EvictPreviousCaseSessions'[0m
[0;32m[1784656713.737] [12401:12404] [CTL] Commissioning stage next step: 'EvictPreviousCaseSessions' -> 'FindOperationalForStayActive'[0m
[0;32m[1784656713.737] [12401:12404] [CTL] Performing next commissioning step 'FindOperationalForStayActive'[0m
[0;34m[1784656713.737] [12401:12404] [TOO] Starting commissioning stage 'FindOperationalForStayActive'[0m
[0;34m[1784656713.737] [12401:12404] [CSM] FindOrEstablishSession: PeerId = [1:0000000000000001][0m
[0;34m[1784656713.737] [12401:12404] [CSM] FindOrEstablishSession: No existing OperationalSessionSetup instance found[0m
[0;34m[1784656713.737] [12401:12404] [DIS] OperationalSessionSetup[1:0000000000000001]: State change 1 --> 2[0m
[0;32m[1784656713.737] [12401:12404] [DIS] Lookup started for EC03323FA678AA66-0000000000000001[0m
[0;34m[1784656713.737] [12401:12404] [DMG] ICR moving to [AwaitingDe][0m
[0;32m[1784656713.737] [12401:12404] [EM] <<< [E:5668i S:58858 M:267223149 (Ack:218092733)] (S) Msg TX from 0000000000000000 to 0:FFFFFFFB00000000 [0000] [UDP:[fe80::bfe:a203:38f0:bce7%enp0s3]:5540] --- Type 0000:10 (SecureChannel:StandaloneAck) (B:34)[0m
[0;34m[1784656713.737] [12401:12404] [EM] Flushed pending ack for MessageCounter:218092733 on exchange 5668i[0m
[0;32m[1784656713.737] [12401:12404] [DIS] UDP:[fe80::bfe:a203:38f0:bce7%enp0s3]:5540: new best score: 7 (for EC03323FA678AA66-0000000000000001)[0m
[0;34m[1784656713.737] [12401:12404] [DIS] Lookup clearing interface for non LL address[0m
[0;32m[1784656713.737] [12401:12404] [DIS] UDP:10.0.2.15%enp0s3:5540: new best score: 2 (for EC03323FA678AA66-0000000000000001)[0m
[0;32m[1784656713.737] [12401:12404] [DIS] Checking node lookup status for EC03323FA678AA66-0000000000000001 after 1 ms[0m
[0;32m[1784656713.737] [12401:12404] [DIS] Keeping DNSSD lookup active[0m
[0;32m[1784656713.737] [12401:12404] [DIS] UDP:[fe80::bfe:a203:38f0:bce7%enp0s3]:5540: score has not improved: 7 (for EC03323FA678AA66-0000000000000001)[0m
[0;34m[1784656713.737] [12401:12404] [DIS] Lookup clearing interface for non LL address[0m
[0;32m[1784656713.737] [12401:12404] [DIS] UDP:10.0.2.15%enp0s3:5540: score has not improved: 2 (for EC03323FA678AA66-0000000000000001)[0m
[0;32m[1784656713.738] [12401:12404] [DIS] Checking node lookup status for EC03323FA678AA66-0000000000000001 after 1 ms[0m
[0;32m[1784656713.738] [12401:12404] [DIS] Keeping DNSSD lookup active[0m
[0;32m[1784656713.738] [12401:12404] [DIS] UDP:[fe80::bfe:a203:38f0:bce7%enp0s3]:5540: score has not improved: 7 (for EC03323FA678AA66-0000000000000001)[0m
[0;34m[1784656713.738] [12401:12404] [DIS] Lookup clearing interface for non LL address[0m
[0;32m[1784656713.738] [12401:12404] [DIS] UDP:10.0.2.15%enp0s3:5540: score has not improved: 2 (for EC03323FA678AA66-0000000000000001)[0m
[0;32m[1784656713.738] [12401:12404] [DIS] Checking node lookup status for EC03323FA678AA66-0000000000000001 after 1 ms[0m
[0;32m[1784656713.738] [12401:12404] [DIS] Keeping DNSSD lookup active[0m
[0;32m[1784656713.937] [12401:12404] [DIS] Checking node lookup status for EC03323FA678AA66-0000000000000001 after 200 ms[0m
[0;34m[1784656713.937] [12401:12404] [DIS] OperationalSessionSetup[1:0000000000000001]: Updating device address to UDP:[fe80::bfe:a203:38f0:bce7%enp0s3]:5540 while in state 2[0m
[0;34m[1784656713.937] [12401:12404] [DIS] OperationalSessionSetup[1:0000000000000001]: State change 2 --> 3[0m
[0;34m[1784656713.937] [12401:12404] [IN] SecureSession[0x7136b00647b0]: Allocated Type:2 LSID:58859[0m
[0;32m[1784656713.937] [12401:12404] [SC] Initiating session on local FabricIndex 1 from 0x000000000001B669 -> 0x0000000000000001[0m
[0;32m[1784656713.937] [12401:12404] [EM] <<< [E:5669i S:0 M:35796021] (U) Msg TX from A59A53962DA381ED to 0:0000000000000000 [0000] [UDP:[fe80::bfe:a203:38f0:bce7%enp0s3]:5540] --- Type 0000:30 (SecureChannel:CASE_Sigma1) (B:196)[0m
[0;32m[1784656713.937] [12401:12404] [EM] ??1 [E:5669i S:0 M:35796021] (U) Msg Retransmission to 0:0000000000000000 scheduled for 552ms from now [State:Idle II:500 AI:300 AT:4000][0m
[0;32m[1784656713.937] [12401:12404] [SC] Sent Sigma1 msg to <0000000000000001, 1> [II:500ms AI:300ms AT:4000ms][0m
[0;34m[1784656713.937] [12401:12404] [DIS] OperationalSessionSetup[1:0000000000000001]: State change 3 --> 4[0m
[0;32m[1784656713.941] [12401:12404] [EM] >>> [E:5669i S:0 M:115760091 (Ack:35796021)] (U) Msg RX from 0:0000000000000000 [0000] to A59A53962DA381ED --- Type 0000:31 (SecureChannel:CASE_Sigma2) (B:751)[0m
[0;34m[1784656713.941] [12401:12404] [EM] Found matching exchange: 5669i, Delegate: 0x7136b0064e88[0m
[0;34m[1784656713.941] [12401:12404] [EM] Rxd Ack; Removing MessageCounter:35796021 from Retrans Table on exchange 5669i[0m
[0;32m[1784656713.941] [12401:12404] [SC] Received Sigma2 msg[0m
[0;34m[1784656713.941] [12401:12404] [SC] Found MRP parameters in the message[0m
[0;34m[1784656713.945] [12401:12404] [SC] Peer <0000000000000001, 1> assigned session ID 30832[0m
[0;34m[1784656713.945] [12401:12404] [SC] Sending Sigma3[0m
[0;32m[1784656713.945] [12401:12404] [EM] <<< [E:5669i S:0 M:35796022 (Ack:115760091)] (U) Msg TX from A59A53962DA381ED to 0:0000000000000000 [0000] [UDP:[fe80::bfe:a203:38f0:bce7%enp0s3]:5540] --- Type 0000:32 (SecureChannel:CASE_Sigma3) (B:598)[0m
[0;32m[1784656713.945] [12401:12404] [EM] ??1 [E:5669i S:0 M:35796022] (U) Msg Retransmission to 0:0000000000000000 scheduled for 348ms from now [State:Active II:500 AI:300 AT:4000][0m
[0;32m[1784656713.945] [12401:12404] [SC] Sent Sigma3 msg[0m
[0;32m[1784656713.964] [12401:12404] [EM] >>> [E:5669i S:0 M:115760092 (Ack:35796022)] (U) Msg RX from 0:0000000000000000 [0000] to A59A53962DA381ED --- Type 0000:40 (SecureChannel:StatusReport) (B:34)[0m
[0;34m[1784656713.964] [12401:12404] [EM] Found matching exchange: 5669i, Delegate: 0x7136b0064e88[0m
[0;34m[1784656713.964] [12401:12404] [EM] Rxd Ack; Removing MessageCounter:35796022 from Retrans Table on exchange 5669i[0m
[0;32m[1784656713.964] [12401:12404] [SC] Success status report received. Session was established[0m
[0;32m[1784656713.966] [12401:12404] [SC] SecureSession[0x7136b00647b0, LSID:58859]: State change 'kEstablishing' --> 'kActive'[0m
[0;34m[1784656713.966] [12401:12404] [IN] SecureSession[0x7136b00647b0]: Activated - Type:2 LSID:58859[0m
[0;34m[1784656713.966] [12401:12404] [IN] New secure session activated for device <0000000000000001, 1>, LSID:58859 PSID:30832![0m
[0;34m[1784656713.966] [12401:12404] [DIS] OperationalSessionSetup[1:0000000000000001]: State change 4 --> 5[0m
[0;32m[1784656713.966] [12401:12404] [CTL] Successfully finished commissioning step 'FindOperationalForStayActive'[0m
[0;32m[1784656713.966] [12401:12404] [CTL] Commissioning stage next step: 'FindOperationalForStayActive' -> 'ICDSendStayActive'[0m
[0;32m[1784656713.966] [12401:12404] [CTL] Performing next commissioning step 'ICDSendStayActive'[0m
[0;34m[1784656713.966] [12401:12404] [TOO] Starting commissioning stage 'ICDSendStayActive'[0m
[0;32m[1784656713.966] [12401:12404] [CTL] Skipping kICDSendStayActive[0m
[0;32m[1784656713.966] [12401:12404] [CTL] Successfully finished commissioning step 'ICDSendStayActive'[0m
[0;32m[1784656713.966] [12401:12404] [CTL] Commissioning stage next step: 'ICDSendStayActive' -> 'FindOperationalForCommissioningComplete'[0m
[0;32m[1784656713.966] [12401:12404] [CTL] Performing next commissioning step 'FindOperationalForCommissioningComplete'[0m
[0;34m[1784656713.966] [12401:12404] [TOO] Starting commissioning stage 'FindOperationalForCommissioningComplete'[0m
[0;34m[1784656713.966] [12401:12404] [CSM] FindOrEstablishSession: PeerId = [1:0000000000000001][0m
[0;34m[1784656713.966] [12401:12404] [CSM] FindOrEstablishSession: No existing OperationalSessionSetup instance found[0m
[0;32m[1784656713.966] [12401:12404] [DIS] Found an existing secure session to [1:0000000000000001]![0m
[0;34m[1784656713.966] [12401:12404] [DIS] OperationalSessionSetup[1:0000000000000001]: State change 1 --> 5[0m
[0;32m[1784656713.966] [12401:12404] [CTL] Successfully finished commissioning step 'FindOperationalForCommissioningComplete'[0m
[0;32m[1784656713.966] [12401:12404] [CTL] Commissioning stage next step: 'FindOperationalForCommissioningComplete' -> 'SendComplete'[0m
[0;32m[1784656713.966] [12401:12404] [CTL] Performing next commissioning step 'SendComplete'[0m
[0;34m[1784656713.966] [12401:12404] [TOO] Starting commissioning stage 'SendComplete'[0m
[0;34m[1784656713.966] [12401:12404] [DMG] ICR moving to [AddingComm][0m
[0;34m[1784656713.966] [12401:12404] [DMG] ICR moving to [AddedComma][0m
[0;32m[1784656713.966] [12401:12404] [EM] <<< [E:5670i S:58859 M:253216083] (S) Msg TX from 000000000001B669 to 1:0000000000000001 [AA66] [UDP:[fe80::bfe:a203:38f0:bce7%enp0s3]:5540] --- Type 0001:08 (IM:InvokeCommandRequest) (B:59)[0m
[0;32m[1784656713.966] [12401:12404] [EM] ??1 [E:5670i S:58859 M:253216083] (S) Msg Retransmission to 1:0000000000000001 scheduled for 348ms from now [State:Active II:500 AI:300 AT:4000][0m
[0;34m[1784656713.966] [12401:12404] [DMG] ICR moving to [AwaitingRe][0m
[0;32m[1784656713.966] [12401:12404] [EM] <<< [E:5669i S:0 M:35796023 (Ack:115760092)] (U) Msg TX from A59A53962DA381ED to 0:0000000000000000 [0000] [UDP:[fe80::bfe:a203:38f0:bce7%enp0s3]:5540] --- Type 0000:10 (SecureChannel:StandaloneAck) (B:26)[0m
[0;34m[1784656713.966] [12401:12404] [EM] Flushed pending ack for MessageCounter:115760092 on exchange 5669i[0m
[0;32m[1784656713.992] [12401:12404] [EM] >>> [E:5670i S:58859 M:217508644 (Ack:253216083)] (S) Msg RX from 1:0000000000000001 [AA66] to 000000000001B669 --- Type 0001:09 (IM:InvokeCommandResponse) (B:70)[0m
[0;34m[1784656713.992] [12401:12404] [EM] Found matching exchange: 5670i, Delegate: 0x7136b00382d8[0m
[0;34m[1784656713.992] [12401:12404] [EM] Rxd Ack; Removing MessageCounter:253216083 from Retrans Table on exchange 5670i[0m
[0;34m[1784656713.992] [12401:12404] [DMG] ICR moving to [ResponseRe][0m
[0;34m[1784656713.992] [12401:12404] [DMG] InvokeResponseMessage =[0m
[0;34m[1784656713.992] [12401:12404] [DMG] {[0m
[0;34m[1784656713.992] [12401:12404] [DMG] 	suppressResponse = false, [0m
[0;34m[1784656713.992] [12401:12404] [DMG] 	InvokeResponseIBs =[0m
[0;34m[1784656713.992] [12401:12404] [DMG] 	[[0m
[0;34m[1784656713.992] [12401:12404] [DMG] 		InvokeResponseIB =[0m
[0;34m[1784656713.992] [12401:12404] [DMG] 		{[0m
[0;34m[1784656713.992] [12401:12404] [DMG] 			CommandDataIB =[0m
[0;34m[1784656713.992] [12401:12404] [DMG] 			{[0m
[0;34m[1784656713.992] [12401:12404] [DMG] 				CommandPathIB =[0m
[0;34m[1784656713.992] [12401:12404] [DMG] 				{[0m
[0;34m[1784656713.992] [12401:12404] [DMG] 					EndpointId = 0x0,[0m
[0;34m[1784656713.992] [12401:12404] [DMG] 					ClusterId = 0x30,[0m
[0;34m[1784656713.992] [12401:12404] [DMG] 					CommandId = 0x5,[0m
[0;34m[1784656713.992] [12401:12404] [DMG] 				},[0m
[0;34m[1784656713.992] [12401:12404] [DMG] 				[0m
[0;34m[1784656713.992] [12401:12404] [DMG] 				CommandFields = [0m
[0;34m[1784656713.992] [12401:12404] [DMG] 				{[0m
[0;34m[1784656713.992] [12401:12404] [DMG] 					0x0 = 0 (unsigned), [0m
[0;34m[1784656713.992] [12401:12404] [DMG] 					0x1 = "" (0 chars), [0m
[0;34m[1784656713.992] [12401:12404] [DMG] 				},[0m
[0;34m[1784656713.992] [12401:12404] [DMG] 			},[0m
[0;34m[1784656713.992] [12401:12404] [DMG] 			[0m
[0;34m[1784656713.992] [12401:12404] [DMG] 		},[0m
[0;34m[1784656713.992] [12401:12404] [DMG] 		[0m
[0;34m[1784656713.992] [12401:12404] [DMG] 	],[0m
[0;34m[1784656713.992] [12401:12404] [DMG] 	[0m
[0;34m[1784656713.992] [12401:12404] [DMG] 	InteractionModelRevision = 12[0m
[0;34m[1784656713.992] [12401:12404] [DMG] },[0m
[0;32m[1784656713.992] [12401:12404] [DMG] Received Command Response Data, Endpoint=0 Cluster=0x0000_0030 Command=0x0000_0005[0m
[0;32m[1784656713.992] [12401:12404] [CTL] Received CommissioningComplete response, errorCode=0[0m
[0;32m[1784656713.992] [12401:12404] [CTL] Successfully finished commissioning step 'SendComplete'[0m
[0;32m[1784656713.992] [12401:12404] [CTL] Commissioning stage next step: 'SendComplete' -> 'Cleanup'[0m
[0;32m[1784656713.992] [12401:12404] [CTL] Performing next commissioning step 'Cleanup'[0m
[0;34m[1784656713.992] [12401:12404] [TOO] Starting commissioning stage 'Cleanup'[0m
[0;32m[1784656713.992] [12401:12404] [CTL] Successfully finished commissioning step 'Cleanup'[0m
[0;34m[1784656713.992] [12401:12404] [IN] SecureSession[0x7136b0032f30]: MarkForEviction Type:1 LSID:58858[0m
[0;32m[1784656713.993] [12401:12404] [SC] SecureSession[0x7136b0032f30, LSID:58858]: State change 'kActive' --> 'kPendingEviction'[0m
[0;34m[1784656713.993] [12401:12404] [IN] SecureSession[0x7136b0032f30]: Released - Type:1 LSID:58858[0m
[0;32m[1784656713.993] [12401:12404] [CTL] Commissioning complete for node ID 0x0000000000000001: success[0m
[0;32m[1784656713.993] [12401:12404] [TOO] Device commissioning completed with success[0m
[0;34m[1784656713.993] [12401:12404] [DMG] ICR moving to [AwaitingDe][0m
[0;32m[1784656713.993] [12401:12404] [EM] <<< [E:5670i S:58859 M:253216084 (Ack:217508644)] (S) Msg TX from 000000000001B669 to 1:0000000000000001 [AA66] [UDP:[fe80::bfe:a203:38f0:bce7%enp0s3]:5540] --- Type 0000:10 (SecureChannel:StandaloneAck) (B:34)[0m
[0;34m[1784656713.993] [12401:12404] [EM] Flushed pending ack for MessageCounter:217508644 on exchange 5670i[0m
[0;34m[1784656713.994] [12401:12401] [CTL] Shutting down the commissioner[0m
[0;32m[1784656713.994] [12401:12401] [PAF] WiFiPAF: Closing all WiFiPAF sessions to shutdown[0m
[0;34m[1784656713.994] [12401:12401] [CTL] Shutting down the controller[0m
[0;34m[1784656713.994] [12401:12401] [IN] Expiring all sessions for fabric 0x1!![0m
[0;34m[1784656713.994] [12401:12401] [IN] SecureSession[0x7136b00647b0]: MarkForEviction Type:2 LSID:58859[0m
[0;32m[1784656713.994] [12401:12401] [SC] SecureSession[0x7136b00647b0, LSID:58859]: State change 'kActive' --> 'kPendingEviction'[0m
[0;34m[1784656713.994] [12401:12401] [IN] SecureSession[0x7136b00647b0]: Released - Type:2 LSID:58859[0m
[0;32m[1784656713.994] [12401:12401] [FP] Forgetting fabric 0x1[0m
[0;32m[1784656713.994] [12401:12401] [TS] Pending Last Known Good Time: 2023-10-14T01:16:48[0m
[0;32m[1784656713.994] [12401:12401] [TS] Previous Last Known Good Time: 2023-10-14T01:16:48[0m
[0;32m[1784656713.994] [12401:12401] [TS] Reverted Last Known Good Time to previous value[0m
[0;34m[1784656713.994] [12401:12401] [CTL] Shutting down the commissioner[0m
[0;32m[1784656713.994] [12401:12401] [PAF] WiFiPAF: Closing all WiFiPAF sessions to shutdown[0m
[0;34m[1784656713.994] [12401:12401] [CTL] Shutting down the controller[0m
[0;34m[1784656713.994] [12401:12401] [CTL] Shutting down the System State, this will teardown the CHIP Stack[0m
[0;34m[1784656713.994] [12401:12401] [DMG] All ReadHandler-s are clean, clear GlobalDirtySet[0m
[0;32m[1784656713.994] [12401:12401] [FP] Shutting down FabricTable[0m
[0;32m[1784656713.994] [12401:12401] [TS] Pending Last Known Good Time: 2023-10-14T01:16:48[0m
[0;32m[1784656713.994] [12401:12401] [TS] Previous Last Known Good Time: 2023-10-14T01:16:48[0m
[0;32m[1784656713.994] [12401:12401] [TS] Reverted Last Known Good Time to previous value[0m
[0;34m[1784656713.999] [12401:12401] [DL] Wrote settings to /tmp/chip_counters.ini[0m
[0;32m[1784656713.999] [12401:12401] [DL] NVS set: chip-counters/total-operational-hours = 0 (0x0)[0m
[0;32m[1784656713.999] [12401:12401] [DL] Inet Layer shutdown[0m
[0;32m[1784656713.999] [12401:12401] [DL] BLE Layer shutdown[0m
[0;32m[1784656713.999] [12401:12401] [DL] WiFi-PAF Layer shutdown[0m
[0;32m[1784656713.999] [12401:12401] [PAF] WiFiPAF: Closing all WiFiPAF sessions to shutdown[0m
[0;32m[1784656713.999] [12401:12401] [DL] System Layer shutdown[0m
