[0;34m[1784655449.543] [8196:8196] [DL] ChipLinuxStorage::Init: Using KVS config file: /tmp/chip_kvs_test[0m
[0;34m[1784655449.545] [8196:8196] [DL] Wrote settings to /tmp/chip_kvs_test[0m
[1;31m[1784655449.546] [8196:8196] [DL] ChipLinuxStorage::Init: Attempt to re-initialize with KVS config file: /tmp/chip_kvs, IGNORING.[0m
[0;34m[1784655449.547] [8196:8196] [DL] ChipLinuxStorage::Init: Using KVS config file: /tmp/chip_factory.ini[0m
[0;34m[1784655449.549] [8196:8196] [DL] Wrote settings to /tmp/chip_factory.ini[0m
[0;34m[1784655449.549] [8196:8196] [DL] ChipLinuxStorage::Init: Using KVS config file: /tmp/chip_config.ini[0m
[0;34m[1784655449.550] [8196:8196] [DL] Wrote settings to /tmp/chip_config.ini[0m
[0;34m[1784655449.550] [8196:8196] [DL] ChipLinuxStorage::Init: Using KVS config file: /tmp/chip_counters.ini[0m
[0;34m[1784655449.552] [8196:8196] [DL] Wrote settings to /tmp/chip_counters.ini[0m
[0;34m[1784655449.555] [8196:8196] [DL] Wrote settings to /tmp/chip_config.ini[0m
[0;32m[1784655449.555] [8196:8196] [DL] NVS set: chip-config/unique-id = "744AD1391DC4F541"[0m
[0;34m[1784655449.557] [8196:8196] [DL] Wrote settings to /tmp/chip_factory.ini[0m
[0;32m[1784655449.557] [8196:8196] [DL] NVS set: chip-factory/vendor-id = 65521 (0xFFF1)[0m
[0;34m[1784655449.559] [8196:8196] [DL] Wrote settings to /tmp/chip_factory.ini[0m
[0;32m[1784655449.559] [8196:8196] [DL] NVS set: chip-factory/product-id = 32769 (0x8001)[0m
[0;34m[1784655449.561] [8196:8196] [DL] Wrote settings to /tmp/chip_counters.ini[0m
[0;32m[1784655449.561] [8196:8196] [DL] NVS set: chip-counters/reboot-count = 1 (0x1)[0m
[0;34m[1784655449.564] [8196:8196] [DL] Wrote settings to /tmp/chip_counters.ini[0m
[0;32m[1784655449.564] [8196:8196] [DL] NVS set: chip-counters/total-operational-hours = 0 (0x0)[0m
[0;34m[1784655449.565] [8196:8196] [DL] Wrote settings to /tmp/chip_counters.ini[0m
[0;32m[1784655449.565] [8196:8196] [DL] NVS set: chip-counters/boot-reason = 0 (0x0)[0m
[0;34m[1784655449.568] [8196:8196] [DL] Wrote settings to /tmp/chip_config.ini[0m
[0;32m[1784655449.568] [8196:8196] [DL] NVS set: chip-config/regulatory-location = 0 (0x0)[0m
[0;34m[1784655449.570] [8196:8196] [DL] Wrote settings to /tmp/chip_config.ini[0m
[0;32m[1784655449.570] [8196:8196] [DL] NVS set: chip-config/location-capability = 2 (0x2)[0m
[0;34m[1784655449.572] [8196:8196] [DL] Wrote settings to /tmp/chip_config.ini[0m
[0;32m[1784655449.572] [8196:8196] [DL] NVS set: chip-config/configuration-version = 1 (0x1)[0m
[0;32m[1784655449.572] [8196:8196] [DL] Got Ethernet interface: enp0s3[0m
[0;32m[1784655449.572] [8196:8196] [DL] Found the primary Ethernet interface:enp0s3[0m
[1;31m[1784655449.572] [8196:8196] [DL] Failed to get WiFi interface[0m
[1;31m[1784655449.572] [8196:8196] [DL] Failed to reset WiFi statistic counts[0m
[0;32m[1784655449.572] [8196:8196] [PAF] WiFiPAF: WiFiPAFLayer::Init()[0m
[1;31m[1784655449.572] [8196:8196] [-] *** WARNING: Using temporary passcode 20202021 due to no neither --passcode or --spake2p-verifier-base64 given on command line or factory configuration. This is temporary and will disappear. Please update your scripts to explicitly configure onboarding credentials. ***[0m
[1;31m[1784655449.572] [8196:8196] [-] *** WARNING: Using temporary test discriminator 3840 due to --discriminator not given on command line or factory configuration. This is temporary and will disappear. Please update your scripts to explicitly configure onboarding credentials. ***[0m
[0;32m[1784655449.572] [8196:8196] [SPT] LinuxCommissionableDataProvider didn't get a PASE salt, generating one.[0m
[0;32m[1784655449.574] [8196:8196] [DL] Device Configuration:[0m
[0;32m[1784655449.574] [8196:8196] [DL]   Serial Number: TEST_SN[0m
[0;32m[1784655449.574] [8196:8196] [DL]   Vendor Id: 65521 (0xFFF1)[0m
[0;32m[1784655449.574] [8196:8196] [DL]   Product Id: 32769 (0x8001)[0m
[0;32m[1784655449.574] [8196:8196] [DL]   Product Name: TEST_PRODUCT[0m
[0;32m[1784655449.574] [8196:8196] [DL]   Hardware Version: 0[0m
[0;32m[1784655449.574] [8196:8196] [DL]   Setup Pin Code (0 for UNKNOWN/ERROR): 20202021[0m
[0;32m[1784655449.574] [8196:8196] [DL]   Setup Discriminator (0xFFFF for UNKNOWN/ERROR): 3840 (0xF00)[0m
[0;32m[1784655449.574] [8196:8196] [DL]   Manufacturing Date: (not set)[0m
[0;32m[1784655449.574] [8196:8196] [DL]   Device Type: 257 (0x101)[0m
[0;32m[1784655449.574] [8196:8196] [-] ==== Onboarding payload for Standard Commissioning Flow ====[0m
[0;32m[1784655449.574] [8196:8196] [SVR] SetupQRCode: [MT:-24J042C00KA0648G00][0m
[0;32m[1784655449.574] [8196:8196] [SVR] Copy/paste the below URL in a browser to see the QR Code:[0m
[0;32m[1784655449.574] [8196:8196] [SVR] https://project-chip.github.io/connectedhomeip/qrcode.html?data=MT%3A-24J042C00KA0648G00[0m
[0;32m[1784655449.574] [8196:8196] [SVR] Manual pairing code: [34970112332][0m
[0;32m[1784655449.574] [8196:8196] [SVR] Initializing subscription resumption storage...[0m
[0;34m[1784655449.576] [8196:8196] [DL] Wrote settings to /tmp/chip_kvs_test[0m
[0;32m[1784655449.576] [8196:8196] [SVR] Server initializing...[0m
[0;34m[1784655449.576] [8196:8196] [FP] Initializing FabricTable from persistent storage[0m
[0;32m[1784655449.576] [8196:8196] [TS] Last Known Good Time: [unknown][0m
[0;32m[1784655449.576] [8196:8196] [TS] Setting Last Known Good Time to firmware build time 2023-10-14T01:16:48[0m
[0;34m[1784655449.578] [8196:8196] [DL] Wrote settings to /tmp/chip_kvs_test[0m
[0;32m[1784655449.578] [8196:8196] [DMG] AccessControl: initializing[0m
[0;32m[1784655449.578] [8196:8196] [DMG] Examples::AccessControlDelegate::Init[0m
[0;32m[1784655449.578] [8196:8196] [DMG] AccessControl: setting[0m
[0;32m[1784655449.578] [8196:8196] [DMG] DefaultAclStorage: initializing[0m
[0;32m[1784655449.578] [8196:8196] [DMG] DefaultAclStorage: 0 entries loaded[0m
[0;34m[1784655449.578] [8196:8196] [IN] UDP::Init bind&listen port=5540[0m
[0;34m[1784655449.578] [8196:8196] [IN] UDP::Init bound to port=5540[0m
[0;34m[1784655449.578] [8196:8196] [IN] UDP::Init bind&listen port=5540[0m
[0;34m[1784655449.578] [8196:8196] [IN] UDP::Init bound to port=5540[0m
[0;34m[1784655449.578] [8196:8196] [IN] BLEBase::Init - setting/overriding transport[0m
[0;32m[1784655449.578] [8196:8196] [IN] TCP server listening on port 5540 for incoming connections[0m
[0;32m[1784655449.578] [8196:8196] [IN] TCP server listening on port 5540 for incoming connections[0m
[0;34m[1784655449.578] [8196:8196] [IN] WiFiPAFBase::Init - setting/overriding transport[0m
[0;34m[1784655449.578] [8196:8196] [IN] TransportMgr initialized[0m
[0;34m[1784655449.581] [8196:8196] [DL] Wrote settings to /tmp/chip_kvs_test[0m
[0;34m[1784655449.583] [8196:8196] [DL] Wrote settings to /tmp/chip_kvs_test[0m
[0;34m[1784655449.585] [8196:8196] [DL] Wrote settings to /tmp/chip_kvs_test[0m
[0;32m[1784655449.585] [8196:8196] [DMG] Ember attribute persistence requires setting up[0m
[0;32m[1784655449.585] [8196:8196] [ZCL] Using ZAP configuration...[0m
[0;34m[1784655449.585] [8196:8196] [DMG] Failed to read stored attribute (1, 0x0000_0006, 0x0000_0000: src/platform/Linux/KeyValueStoreManagerImpl.cpp:53: CHIP Error 0x000000A0: Value not found in the persisted storage[0m
[0;34m[1784655449.585] [8196:8196] [DMG] Failed to read stored attribute (1, 0x0000_0006, 0x0000_4003: src/platform/Linux/KeyValueStoreManagerImpl.cpp:53: CHIP Error 0x000000A0: Value not found in the persisted storage[0m
[0;34m[1784655449.585] [8196:8196] [DMG] Failed to read stored attribute (1, 0x0000_0008, 0x0000_0000: src/platform/Linux/KeyValueStoreManagerImpl.cpp:53: CHIP Error 0x000000A0: Value not found in the persisted storage[0m
[0;34m[1784655449.585] [8196:8196] [DMG] Failed to read stored attribute (1, 0x0000_0008, 0x0000_4000: src/platform/Linux/KeyValueStoreManagerImpl.cpp:53: CHIP Error 0x000000A0: Value not found in the persisted storage[0m
[0;34m[1784655449.585] [8196:8196] [DMG] Failed to read stored attribute (1, 0x0000_0050, 0x0000_0003: src/platform/Linux/KeyValueStoreManagerImpl.cpp:53: CHIP Error 0x000000A0: Value not found in the persisted storage[0m
[0;34m[1784655449.585] [8196:8196] [DMG] Failed to read stored attribute (1, 0x0000_0050, 0x0000_0004: src/platform/Linux/KeyValueStoreManagerImpl.cpp:53: CHIP Error 0x000000A0: Value not found in the persisted storage[0m
[0;34m[1784655449.585] [8196:8196] [DMG] Failed to read stored attribute (1, 0x0000_0050, 0x0000_0005: src/platform/Linux/KeyValueStoreManagerImpl.cpp:53: CHIP Error 0x000000A0: Value not found in the persisted storage[0m
[0;34m[1784655449.585] [8196:8196] [DMG] Failed to read stored attribute (1, 0x0000_005C, 0x0000_0000: src/platform/Linux/KeyValueStoreManagerImpl.cpp:53: CHIP Error 0x000000A0: Value not found in the persisted storage[0m
[0;34m[1784655449.585] [8196:8196] [DMG] Failed to read stored attribute (1, 0x0000_005C, 0x0000_0001: src/platform/Linux/KeyValueStoreManagerImpl.cpp:53: CHIP Error 0x000000A0: Value not found in the persisted storage[0m
[0;34m[1784655449.585] [8196:8196] [DMG] Failed to read stored attribute (1, 0x0000_005C, 0x0000_0002: src/platform/Linux/KeyValueStoreManagerImpl.cpp:53: CHIP Error 0x000000A0: Value not found in the persisted storage[0m
[0;34m[1784655449.585] [8196:8196] [DMG] Failed to read stored attribute (1, 0x0000_005C, 0x0000_0003: src/platform/Linux/KeyValueStoreManagerImpl.cpp:53: CHIP Error 0x000000A0: Value not found in the persisted storage[0m
[0;34m[1784655449.585] [8196:8196] [DMG] Failed to read stored attribute (1, 0x0000_005C, 0x0000_0004: src/platform/Linux/KeyValueStoreManagerImpl.cpp:53: CHIP Error 0x000000A0: Value not found in the persisted storage[0m
[0;34m[1784655449.585] [8196:8196] [DMG] Failed to read stored attribute (1, 0x0000_005C, 0x0000_0006: src/platform/Linux/KeyValueStoreManagerImpl.cpp:53: CHIP Error 0x000000A0: Value not found in the persisted storage[0m
[0;34m[1784655449.585] [8196:8196] [DMG] Failed to read stored attribute (1, 0x0000_005C, 0x0000_0007: src/platform/Linux/KeyValueStoreManagerImpl.cpp:53: CHIP Error 0x000000A0: Value not found in the persisted storage[0m
[0;34m[1784655449.585] [8196:8196] [DMG] Failed to read stored attribute (1, 0x0000_0081, 0x0000_0001: src/platform/Linux/KeyValueStoreManagerImpl.cpp:53: CHIP Error 0x000000A0: Value not found in the persisted storage[0m
[0;34m[1784655449.585] [8196:8196] [DMG] Failed to read stored attribute (1, 0x0000_0081, 0x0000_0008: src/platform/Linux/KeyValueStoreManagerImpl.cpp:53: CHIP Error 0x000000A0: Value not found in the persisted storage[0m
[0;34m[1784655449.585] [8196:8196] [DMG] Failed to read stored attribute (1, 0x0000_0102, 0x0000_0003: src/platform/Linux/KeyValueStoreManagerImpl.cpp:53: CHIP Error 0x000000A0: Value not found in the persisted storage[0m
[0;34m[1784655449.585] [8196:8196] [DMG] Failed to read stored attribute (1, 0x0000_0102, 0x0000_0004: src/platform/Linux/KeyValueStoreManagerImpl.cpp:53: CHIP Error 0x000000A0: Value not found in the persisted storage[0m
[0;34m[1784655449.585] [8196:8196] [DMG] Failed to read stored attribute (1, 0x0000_0102, 0x0000_0005: src/platform/Linux/KeyValueStoreManagerImpl.cpp:53: CHIP Error 0x000000A0: Value not found in the persisted storage[0m
[0;34m[1784655449.585] [8196:8196] [DMG] Failed to read stored attribute (1, 0x0000_0102, 0x0000_0006: src/platform/Linux/KeyValueStoreManagerImpl.cpp:53: CHIP Error 0x000000A0: Value not found in the persisted storage[0m
[0;34m[1784655449.585] [8196:8196] [DMG] Failed to read stored attribute (1, 0x0000_0102, 0x0000_0007: src/platform/Linux/KeyValueStoreManagerImpl.cpp:53: CHIP Error 0x000000A0: Value not found in the persisted storage[0m
[0;34m[1784655449.585] [8196:8196] [DMG] Failed to read stored attribute (1, 0x0000_0102, 0x0000_0008: src/platform/Linux/KeyValueStoreManagerImpl.cpp:53: CHIP Error 0x000000A0: Value not found in the persisted storage[0m
[0;34m[1784655449.585] [8196:8196] [DMG] Failed to read stored attribute (1, 0x0000_0102, 0x0000_0009: src/platform/Linux/KeyValueStoreManagerImpl.cpp:53: CHIP Error 0x000000A0: Value not found in the persisted storage[0m
[0;34m[1784655449.585] [8196:8196] [DMG] Failed to read stored attribute (1, 0x0000_0102, 0x0000_000E: src/platform/Linux/KeyValueStoreManagerImpl.cpp:53: CHIP Error 0x000000A0: Value not found in the persisted storage[0m
[0;34m[1784655449.585] [8196:8196] [DMG] Failed to read stored attribute (1, 0x0000_0102, 0x0000_000F: src/platform/Linux/KeyValueStoreManagerImpl.cpp:53: CHIP Error 0x000000A0: Value not found in the persisted storage[0m
[0;34m[1784655449.585] [8196:8196] [DMG] Failed to read stored attribute (1, 0x0000_0102, 0x0000_0010: src/platform/Linux/KeyValueStoreManagerImpl.cpp:53: CHIP Error 0x000000A0: Value not found in the persisted storage[0m
[0;34m[1784655449.585] [8196:8196] [DMG] Failed to read stored attribute (1, 0x0000_0102, 0x0000_0011: src/platform/Linux/KeyValueStoreManagerImpl.cpp:53: CHIP Error 0x000000A0: Value not found in the persisted storage[0m
[0;34m[1784655449.585] [8196:8196] [DMG] Failed to read stored attribute (1, 0x0000_0102, 0x0000_0012: src/platform/Linux/KeyValueStoreManagerImpl.cpp:53: CHIP Error 0x000000A0: Value not found in the persisted storage[0m
[0;34m[1784655449.585] [8196:8196] [DMG] Failed to read stored attribute (1, 0x0000_0102, 0x0000_0013: src/platform/Linux/KeyValueStoreManagerImpl.cpp:53: CHIP Error 0x000000A0: Value not found in the persisted storage[0m
[0;34m[1784655449.585] [8196:8196] [DMG] Failed to read stored attribute (1, 0x0000_0102, 0x0000_0017: src/platform/Linux/KeyValueStoreManagerImpl.cpp:53: CHIP Error 0x000000A0: Value not found in the persisted storage[0m
[0;34m[1784655449.585] [8196:8196] [DMG] Failed to read stored attribute (1, 0x0000_0300, 0x0000_0000: src/platform/Linux/KeyValueStoreManagerImpl.cpp:53: CHIP Error 0x000000A0: Value not found in the persisted storage[0m
[0;34m[1784655449.585] [8196:8196] [DMG] Failed to read stored attribute (1, 0x0000_0300, 0x0000_0001: src/platform/Linux/KeyValueStoreManagerImpl.cpp:53: CHIP Error 0x000000A0: Value not found in the persisted storage[0m
[0;34m[1784655449.585] [8196:8196] [DMG] Failed to read stored attribute (1, 0x0000_0300, 0x0000_0003: src/platform/Linux/KeyValueStoreManagerImpl.cpp:53: CHIP Error 0x000000A0: Value not found in the persisted storage[0m
[0;34m[1784655449.585] [8196:8196] [DMG] Failed to read stored attribute (1, 0x0000_0300, 0x0000_0004: src/platform/Linux/KeyValueStoreManagerImpl.cpp:53: CHIP Error 0x000000A0: Value not found in the persisted storage[0m
[0;34m[1784655449.585] [8196:8196] [DMG] Failed to read stored attribute (1, 0x0000_0300, 0x0000_0007: src/platform/Linux/KeyValueStoreManagerImpl.cpp:53: CHIP Error 0x000000A0: Value not found in the persisted storage[0m
[0;34m[1784655449.585] [8196:8196] [DMG] Failed to read stored attribute (1, 0x0000_0300, 0x0000_4000: src/platform/Linux/KeyValueStoreManagerImpl.cpp:53: CHIP Error 0x000000A0: Value not found in the persisted storage[0m
[0;34m[1784655449.585] [8196:8196] [DMG] Failed to read stored attribute (1, 0x0000_0300, 0x0000_4001: src/platform/Linux/KeyValueStoreManagerImpl.cpp:53: CHIP Error 0x000000A0: Value not found in the persisted storage[0m
[0;34m[1784655449.585] [8196:8196] [DMG] Failed to read stored attribute (1, 0x0000_0300, 0x0000_4002: src/platform/Linux/KeyValueStoreManagerImpl.cpp:53: CHIP Error 0x000000A0: Value not found in the persisted storage[0m
[0;34m[1784655449.585] [8196:8196] [DMG] Failed to read stored attribute (1, 0x0000_0300, 0x0000_4003: src/platform/Linux/KeyValueStoreManagerImpl.cpp:53: CHIP Error 0x000000A0: Value not found in the persisted storage[0m
[0;34m[1784655449.585] [8196:8196] [DMG] Failed to read stored attribute (1, 0x0000_0300, 0x0000_4004: src/platform/Linux/KeyValueStoreManagerImpl.cpp:53: CHIP Error 0x000000A0: Value not found in the persisted storage[0m
[0;34m[1784655449.585] [8196:8196] [DMG] Failed to read stored attribute (1, 0x0000_0300, 0x0000_4010: src/platform/Linux/KeyValueStoreManagerImpl.cpp:53: CHIP Error 0x000000A0: Value not found in the persisted storage[0m
[0;34m[1784655449.588] [8196:8196] [DL] Wrote settings to /tmp/chip_kvs_test[0m
[0;34m[1784655449.588] [8196:8196] [EVL] LogEvent event number: 0x0000000000000000 priority: 1, endpoint id:  0x0 cluster id: 0x0000_0038 event id: 0x0 Epoch timestamp: 0x0000019F85C10DF4[0m
[0;32m[1784655449.588] [8196:8196] [ZCL] Emit DSTTableEmpty event [ep=0][0m
[0;32m[1784655449.588] [8196:8196] [ZCL] Initializing TLS Certificate Management cluster.[0m
[0;32m[1784655449.588] [8196:8196] [ZCL] Initializing TLS Client Management cluster.[0m
[0;34m[1784655449.588] [8196:8196] [ZCL] UnitLocalization ep0 set default TemperatureUnit: 1[0m
[0;34m[1784655449.588] [8196:8196] [DMG] Endpoint 0, Cluster 0x0000_0004 update version to 100883a3[0m
[0;34m[1784655449.588] [8196:8196] [DMG] Endpoint 0, Cluster 0x0000_0004 update version to 100883a4[0m
[0;34m[1784655449.588] [8196:8196] [DMG] Endpoint 1, Cluster 0x0000_0004 update version to c9be0c61[0m
[0;34m[1784655449.588] [8196:8196] [DMG] Endpoint 1, Cluster 0x0000_0004 update version to c9be0c62[0m
[0;32m[1784655449.588] [8196:8196] [ZCL] Endpoint 1 On/off already set to new value[0m
[0;34m[1784655449.588] [8196:8196] [DMG] Endpoint 1, Cluster 0x0000_0008 update version to 6994b8d0[0m
[0;34m[1784655449.588] [8196:8196] [ZCL] ModeBase: Unable to load the CurrentMode from the KVS. Assuming 0[0m
[0;34m[1784655449.588] [8196:8196] [ZCL] ModeBase: Unable to load the StartUpMode from the KVS. Assuming null[0m
[0;34m[1784655449.588] [8196:8196] [ZCL] ModeBase: Unable to load the OnMode from the KVS.      Assuming null[0m
[0;34m[1784655449.588] [8196:8196] [ZCL] ModeBase: Unable to load the CurrentMode from the KVS. Assuming 0[0m
[0;34m[1784655449.588] [8196:8196] [ZCL] ModeBase: Unable to load the StartUpMode from the KVS. Assuming null[0m
[0;34m[1784655449.588] [8196:8196] [ZCL] ModeBase: Unable to load the OnMode from the KVS.      Assuming null[0m
[0;34m[1784655449.588] [8196:8196] [ZCL] ModeBase: Unable to load the CurrentMode from the KVS. Assuming 0[0m
[0;34m[1784655449.588] [8196:8196] [ZCL] ModeBase: Unable to load the StartUpMode from the KVS. Assuming null[0m
[0;34m[1784655449.588] [8196:8196] [ZCL] ModeBase: Unable to load the OnMode from the KVS.      Assuming null[0m
[0;34m[1784655449.588] [8196:8196] [ZCL] ModeBase: Unable to load the CurrentMode from the KVS. Assuming 0[0m
[0;34m[1784655449.588] [8196:8196] [ZCL] ModeBase: Unable to load the StartUpMode from the KVS. Assuming null[0m
[0;34m[1784655449.588] [8196:8196] [ZCL] ModeBase: Unable to load the OnMode from the KVS.      Assuming null[0m
[0;34m[1784655449.588] [8196:8196] [ZCL] ModeBase: Unable to load the CurrentMode from the KVS. Assuming 0[0m
[0;34m[1784655449.588] [8196:8196] [ZCL] ModeBase: Unable to load the StartUpMode from the KVS. Assuming null[0m
[0;34m[1784655449.588] [8196:8196] [ZCL] ModeBase: Unable to load the OnMode from the KVS.      Assuming null[0m
[0;34m[1784655449.588] [8196:8196] [ZCL] ModeBase: Unable to load the CurrentMode from the KVS. Assuming 0[0m
[0;34m[1784655449.588] [8196:8196] [ZCL] ModeBase: Unable to load the StartUpMode from the KVS. Assuming null[0m
[0;34m[1784655449.588] [8196:8196] [ZCL] ModeBase: Unable to load the OnMode from the KVS.      Assuming null[0m
[0;34m[1784655449.588] [8196:8196] [ZCL] ModeBase: Unable to load the CurrentMode from the KVS. Assuming 0[0m
[0;34m[1784655449.588] [8196:8196] [ZCL] ModeBase: Unable to load the StartUpMode from the KVS. Assuming null[0m
[0;34m[1784655449.588] [8196:8196] [ZCL] ModeBase: Unable to load the OnMode from the KVS.      Assuming null[0m
[0;34m[1784655449.588] [8196:8196] [ZCL] ResourceMonitoring: Init[0m
[0;34m[1784655449.588] [8196:8196] [ZCL] ResourceMonitoring: Unable to load the LastChangedTime from the KVS. Assuming null[0m
[0;34m[1784655449.588] [8196:8196] [ZCL] ResourceMonitoring: calling mDelegate->Init()[0m
[0;34m[1784655449.588] [8196:8196] [ZCL] HepaFilterMonitoringDelegate::Init()[0m
[0;34m[1784655449.588] [8196:8196] [ZCL] ResourceMonitoring: Init[0m
[0;34m[1784655449.588] [8196:8196] [ZCL] ResourceMonitoring: Unable to load the LastChangedTime from the KVS. Assuming null[0m
[0;34m[1784655449.588] [8196:8196] [ZCL] ResourceMonitoring: calling mDelegate->Init()[0m
[0;34m[1784655449.588] [8196:8196] [ZCL] ActivatedCarbonFilterMonitoringDelegate::Init()[0m
[0;34m[1784655449.590] [8196:8196] [DL] Wrote settings to /tmp/chip_kvs_test[0m
[0;34m[1784655449.590] [8196:8196] [DMG] Endpoint 1, Cluster 0x0000_0102 update version to d24d0d37[0m
[0;32m[1784655449.590] [8196:8196] [ZCL] WC POST ATTRIBUTE=7[0m
[0;32m[1784655449.590] [8196:8196] [ZCL] ConfigStatus 0x1B Operational=1 OnlineReserved=1[0m
[0;32m[1784655449.590] [8196:8196] [ZCL] Lift(PA=1 Encoder=0 Reversed=0) Tilt(PA=1 Encoder=0)[0m
[0;32m[1784655449.590] [8196:8196] [ZCL] Initialize PCC Server Cluster [EP:1][0m
[0;34m[1784655449.590] [8196:8196] [DMG] Endpoint 1, Cluster 0x0000_0300 update version to c74b9004[0m
[0;34m[1784655449.590] [8196:8196] [DMG] Endpoint 1, Cluster 0x0000_0300 update version to c74b9005[0m
[0;34m[1784655449.592] [8196:8196] [DL] Wrote settings to /tmp/chip_kvs_test[0m
[0;34m[1784655449.592] [8196:8196] [DMG] Endpoint 1, Cluster 0x0000_0300 update version to c74b9006[0m
[0;34m[1784655449.592] [8196:8196] [DMG] Endpoint 1, Cluster 0x0000_0406 update version to b8f64f3e[0m
[0;34m[1784655449.592] [8196:8196] [DMG] Endpoint 1, Cluster 0x0000_0406 update version to b8f64f3f[0m
[0;34m[1784655449.592] [8196:8196] [DMG] Endpoint 1, Cluster 0x0000_040C update version to 7af055e6[0m
[0;34m[1784655449.592] [8196:8196] [DMG] Endpoint 1, Cluster 0x0000_040C update version to 7af055e7[0m
[0;34m[1784655449.592] [8196:8196] [DMG] Endpoint 1, Cluster 0x0000_040C update version to 7af055e8[0m
[0;34m[1784655449.592] [8196:8196] [DMG] Endpoint 1, Cluster 0x0000_040C update version to 7af055e9[0m
[0;34m[1784655449.592] [8196:8196] [DMG] Endpoint 1, Cluster 0x0000_040C update version to 7af055ea[0m
[0;34m[1784655449.592] [8196:8196] [DMG] Endpoint 1, Cluster 0x0000_040C update version to 7af055eb[0m
[0;34m[1784655449.592] [8196:8196] [DMG] Endpoint 1, Cluster 0x0000_040C update version to 7af055ec[0m
[0;34m[1784655449.592] [8196:8196] [DMG] Endpoint 1, Cluster 0x0000_040C update version to 7af055ed[0m
[0;34m[1784655449.592] [8196:8196] [DMG] Endpoint 1, Cluster 0x0000_040D update version to 6e9c18e5[0m
[0;34m[1784655449.592] [8196:8196] [DMG] Endpoint 1, Cluster 0x0000_040D update version to 6e9c18e6[0m
[0;34m[1784655449.592] [8196:8196] [DMG] Endpoint 1, Cluster 0x0000_040D update version to 6e9c18e7[0m
[0;34m[1784655449.592] [8196:8196] [DMG] Endpoint 1, Cluster 0x0000_040D update version to 6e9c18e8[0m
[0;34m[1784655449.592] [8196:8196] [DMG] Endpoint 1, Cluster 0x0000_040D update version to 6e9c18e9[0m
[0;34m[1784655449.592] [8196:8196] [DMG] Endpoint 1, Cluster 0x0000_040D update version to 6e9c18ea[0m
[0;34m[1784655449.592] [8196:8196] [DMG] Endpoint 1, Cluster 0x0000_040D update version to 6e9c18eb[0m
[0;34m[1784655449.592] [8196:8196] [DMG] Endpoint 1, Cluster 0x0000_040D update version to 6e9c18ec[0m
[0;34m[1784655449.592] [8196:8196] [DMG] Endpoint 1, Cluster 0x0000_0413 update version to d39a721[0m
[0;34m[1784655449.592] [8196:8196] [DMG] Endpoint 1, Cluster 0x0000_0413 update version to d39a722[0m
[0;34m[1784655449.592] [8196:8196] [DMG] Endpoint 1, Cluster 0x0000_0413 update version to d39a723[0m
[0;34m[1784655449.592] [8196:8196] [DMG] Endpoint 1, Cluster 0x0000_0413 update version to d39a724[0m
[0;34m[1784655449.592] [8196:8196] [DMG] Endpoint 1, Cluster 0x0000_0413 update version to d39a725[0m
[0;34m[1784655449.592] [8196:8196] [DMG] Endpoint 1, Cluster 0x0000_0413 update version to d39a726[0m
[0;34m[1784655449.592] [8196:8196] [DMG] Endpoint 1, Cluster 0x0000_0413 update version to d39a727[0m
[0;34m[1784655449.592] [8196:8196] [DMG] Endpoint 1, Cluster 0x0000_0413 update version to d39a728[0m
[0;34m[1784655449.592] [8196:8196] [DMG] Endpoint 1, Cluster 0x0000_0415 update version to 6758c82c[0m
[0;34m[1784655449.592] [8196:8196] [DMG] Endpoint 1, Cluster 0x0000_0415 update version to 6758c82d[0m
[0;34m[1784655449.592] [8196:8196] [DMG] Endpoint 1, Cluster 0x0000_0415 update version to 6758c82e[0m
[0;34m[1784655449.592] [8196:8196] [DMG] Endpoint 1, Cluster 0x0000_0415 update version to 6758c82f[0m
[0;34m[1784655449.592] [8196:8196] [DMG] Endpoint 1, Cluster 0x0000_0415 update version to 6758c830[0m
[0;34m[1784655449.592] [8196:8196] [DMG] Endpoint 1, Cluster 0x0000_0415 update version to 6758c831[0m
[0;34m[1784655449.592] [8196:8196] [DMG] Endpoint 1, Cluster 0x0000_0415 update version to 6758c832[0m
[0;34m[1784655449.592] [8196:8196] [DMG] Endpoint 1, Cluster 0x0000_0415 update version to 6758c833[0m
[0;34m[1784655449.592] [8196:8196] [DMG] Endpoint 1, Cluster 0x0000_042A update version to bc26908e[0m
[0;34m[1784655449.592] [8196:8196] [DMG] Endpoint 1, Cluster 0x0000_042A update version to bc26908f[0m
[0;34m[1784655449.592] [8196:8196] [DMG] Endpoint 1, Cluster 0x0000_042A update version to bc269090[0m
[0;34m[1784655449.592] [8196:8196] [DMG] Endpoint 1, Cluster 0x0000_042A update version to bc269091[0m
[0;34m[1784655449.592] [8196:8196] [DMG] Endpoint 1, Cluster 0x0000_042A update version to bc269092[0m
[0;34m[1784655449.592] [8196:8196] [DMG] Endpoint 1, Cluster 0x0000_042A update version to bc269093[0m
[0;34m[1784655449.592] [8196:8196] [DMG] Endpoint 1, Cluster 0x0000_042A update version to bc269094[0m
[0;34m[1784655449.592] [8196:8196] [DMG] Endpoint 1, Cluster 0x0000_042A update version to bc269095[0m
[0;34m[1784655449.592] [8196:8196] [DMG] Endpoint 1, Cluster 0x0000_042B update version to abff6417[0m
[0;34m[1784655449.592] [8196:8196] [DMG] Endpoint 1, Cluster 0x0000_042B update version to abff6418[0m
[0;34m[1784655449.592] [8196:8196] [DMG] Endpoint 1, Cluster 0x0000_042B update version to abff6419[0m
[0;34m[1784655449.592] [8196:8196] [DMG] Endpoint 1, Cluster 0x0000_042B update version to abff641a[0m
[0;34m[1784655449.592] [8196:8196] [DMG] Endpoint 1, Cluster 0x0000_042B update version to abff641b[0m
[0;34m[1784655449.592] [8196:8196] [DMG] Endpoint 1, Cluster 0x0000_042B update version to abff641c[0m
[0;34m[1784655449.592] [8196:8196] [DMG] Endpoint 1, Cluster 0x0000_042B update version to abff641d[0m
[0;34m[1784655449.592] [8196:8196] [DMG] Endpoint 1, Cluster 0x0000_042B update version to abff641e[0m
[0;34m[1784655449.592] [8196:8196] [DMG] Endpoint 1, Cluster 0x0000_042C update version to eea65974[0m
[0;34m[1784655449.592] [8196:8196] [DMG] Endpoint 1, Cluster 0x0000_042C update version to eea65975[0m
[0;34m[1784655449.592] [8196:8196] [DMG] Endpoint 1, Cluster 0x0000_042C update version to eea65976[0m
[0;34m[1784655449.592] [8196:8196] [DMG] Endpoint 1, Cluster 0x0000_042C update version to eea65977[0m
[0;34m[1784655449.592] [8196:8196] [DMG] Endpoint 1, Cluster 0x0000_042C update version to eea65978[0m
[0;34m[1784655449.592] [8196:8196] [DMG] Endpoint 1, Cluster 0x0000_042C update version to eea65979[0m
[0;34m[1784655449.592] [8196:8196] [DMG] Endpoint 1, Cluster 0x0000_042C update version to eea6597a[0m
[0;34m[1784655449.592] [8196:8196] [DMG] Endpoint 1, Cluster 0x0000_042C update version to eea6597b[0m
[0;34m[1784655449.592] [8196:8196] [DMG] Endpoint 1, Cluster 0x0000_042D update version to 59202a88[0m
[0;34m[1784655449.592] [8196:8196] [DMG] Endpoint 1, Cluster 0x0000_042D update version to 59202a89[0m
[0;34m[1784655449.592] [8196:8196] [DMG] Endpoint 1, Cluster 0x0000_042D update version to 59202a8a[0m
[0;34m[1784655449.592] [8196:8196] [DMG] Endpoint 1, Cluster 0x0000_042D update version to 59202a8b[0m
[0;34m[1784655449.592] [8196:8196] [DMG] Endpoint 1, Cluster 0x0000_042D update version to 59202a8c[0m
[0;34m[1784655449.592] [8196:8196] [DMG] Endpoint 1, Cluster 0x0000_042D update version to 59202a8d[0m
[0;34m[1784655449.592] [8196:8196] [DMG] Endpoint 1, Cluster 0x0000_042D update version to 59202a8e[0m
[0;34m[1784655449.592] [8196:8196] [DMG] Endpoint 1, Cluster 0x0000_042D update version to 59202a8f[0m
[0;34m[1784655449.592] [8196:8196] [DMG] Endpoint 1, Cluster 0x0000_042E update version to cd868b8d[0m
[0;34m[1784655449.592] [8196:8196] [DMG] Endpoint 1, Cluster 0x0000_042E update version to cd868b8e[0m
[0;34m[1784655449.592] [8196:8196] [DMG] Endpoint 1, Cluster 0x0000_042E update version to cd868b8f[0m
[0;34m[1784655449.592] [8196:8196] [DMG] Endpoint 1, Cluster 0x0000_042E update version to cd868b90[0m
[0;34m[1784655449.592] [8196:8196] [DMG] Endpoint 1, Cluster 0x0000_042E update version to cd868b91[0m
[0;34m[1784655449.592] [8196:8196] [DMG] Endpoint 1, Cluster 0x0000_042E update version to cd868b92[0m
[0;34m[1784655449.592] [8196:8196] [DMG] Endpoint 1, Cluster 0x0000_042E update version to cd868b93[0m
[0;34m[1784655449.592] [8196:8196] [DMG] Endpoint 1, Cluster 0x0000_042E update version to cd868b94[0m
[0;34m[1784655449.592] [8196:8196] [DMG] Endpoint 1, Cluster 0x0000_042F update version to 9b7e4357[0m
[0;34m[1784655449.592] [8196:8196] [DMG] Endpoint 1, Cluster 0x0000_042F update version to 9b7e4358[0m
[0;34m[1784655449.592] [8196:8196] [DMG] Endpoint 1, Cluster 0x0000_042F update version to 9b7e4359[0m
[0;34m[1784655449.592] [8196:8196] [DMG] Endpoint 1, Cluster 0x0000_042F update version to 9b7e435a[0m
[0;34m[1784655449.592] [8196:8196] [DMG] Endpoint 1, Cluster 0x0000_042F update version to 9b7e435b[0m
[0;34m[1784655449.592] [8196:8196] [DMG] Endpoint 1, Cluster 0x0000_042F update version to 9b7e435c[0m
[0;34m[1784655449.592] [8196:8196] [DMG] Endpoint 1, Cluster 0x0000_042F update version to 9b7e435d[0m
[0;34m[1784655449.592] [8196:8196] [DMG] Endpoint 1, Cluster 0x0000_042F update version to 9b7e435e[0m
[0;32m[1784655449.592] [8196:8196] [-] Setting LowPower default delegate to global manager[0m
[0;34m[1784655449.592] [8196:8196] [DMG] Endpoint 2, Cluster 0x0000_0004 update version to 8db9fd5d[0m
[0;34m[1784655449.592] [8196:8196] [DMG] Endpoint 2, Cluster 0x0000_0004 update version to 8db9fd5e[0m
[1;31m[1784655449.592] [8196:8196] [IM] Duplicate attribute override registration failed[0m
[0;34m[1784655449.592] [8196:8196] [DMG] Endpoint 2, Cluster 0x0000_0406 update version to 4cf77142[0m
[0;34m[1784655449.592] [8196:8196] [DMG] Endpoint 2, Cluster 0x0000_0406 update version to 4cf77143[0m
[0;32m[1784655449.592] [8196:8196] [DMG] TLSClientManagementCluster: initializing[0m
[0;32m[1784655449.592] [8196:8196] [DMG] TLSCertificateManagementCluster: initializing[0m
[0;34m[1784655449.592] [8196:8196] [ZCL] Chime: Unable to load the SelectedChime attribute from the KVS. Defaulting to 0[0m
[0;34m[1784655449.592] [8196:8196] [ZCL] Chime: Unable to load the Enabled attribute from the KVS. Defaulting to 1[0m
[0;34m[1784655449.592] [8196:8196] [EVL] LogEvent event number: 0x0000000000000001 priority: 2, endpoint id:  0x0 cluster id: 0x0000_0033 event id: 0x3 Epoch timestamp: 0x0000019F85C10DF8[0m
[0;34m[1784655449.594] [8196:8196] [DL] Wrote settings to /tmp/chip_kvs_test[0m
[0;32m[1784655449.594] [8196:8196] [DMG] AccessControlCluster: initializing[0m
[0;34m[1784655449.595] [8196:8196] [IN] SecureSession[0x5872a0aa5890]: Allocated Type:1 LSID:59513[0m
[0;34m[1784655449.595] [8196:8196] [SC] Assigned local session key ID 59513[0m
[0;34m[1784655449.595] [8196:8196] [SC] Waiting for PBKDF param request[0m
[0;32m[1784655449.595] [8196:8196] [DIS] Updating services using commissioning mode 1[0m
[0;32m[1784655449.595] [8196:8196] [DIS] CHIP minimal mDNS started advertising.[0m
[0;34m[1784655449.595] [8196:8196] [DL] Using WiFi MAC for hostname[0m
[0;34m[1784655449.595] [8196:8196] [DIS] DNS-SD Pairing Instruction not set[0m
[0;32m[1784655449.595] [8196:8196] [DIS] Advertise commission parameter vendorID=65521 productID=32769 discriminator=3840/15 cm=1 cp=0 jf=0[0m
[0;34m[1784655449.595] [8196:8196] [DIS] Responding with _matterc._udp.local[0m
[0;34m[1784655449.595] [8196:8196] [DIS] Responding with 1410B0641EFF2623._matterc._udp.local[0m
[0;34m[1784655449.595] [8196:8196] [DIS] Responding with 080027AE1A43.local[0m
[0;34m[1784655449.595] [8196:8196] [DIS] Responding with 080027AE1A43.local[0m
[0;34m[1784655449.595] [8196:8196] [DIS] Responding with _V65521._sub._matterc._udp.local[0m
[0;34m[1784655449.595] [8196:8196] [DIS] Responding with _T257._sub._matterc._udp.local[0m
[0;34m[1784655449.595] [8196:8196] [DIS] Responding with _S15._sub._matterc._udp.local[0m
[0;34m[1784655449.595] [8196:8196] [DIS] Responding with _L3840._sub._matterc._udp.local[0m
[0;34m[1784655449.595] [8196:8196] [DIS] Responding with _CM._sub._matterc._udp.local[0m
[0;34m[1784655449.595] [8196:8196] [DIS] Responding with 1410B0641EFF2623._matterc._udp.local[0m
[0;32m[1784655449.595] [8196:8196] [DIS] CHIP minimal mDNS configured as 'Commissionable node device'; instance name: 1410B0641EFF2623.[0m
[0;32m[1784655449.595] [8196:8196] [DIS] mDNS service published: _matterc._udp[0m
[0;32m[1784655449.595] [8196:8196] [DIS] Updating services using commissioning mode 1[0m
[0;32m[1784655449.596] [8196:8196] [DIS] CHIP minimal mDNS started advertising.[0m
[0;34m[1784655449.596] [8196:8196] [DL] Using WiFi MAC for hostname[0m
[0;34m[1784655449.596] [8196:8196] [DIS] DNS-SD Pairing Instruction not set[0m
[0;32m[1784655449.596] [8196:8196] [DIS] Advertise commission parameter vendorID=65521 productID=32769 discriminator=3840/15 cm=1 cp=0 jf=0[0m
[0;34m[1784655449.596] [8196:8196] [DIS] Responding with _matterc._udp.local[0m
[0;34m[1784655449.596] [8196:8196] [DIS] Responding with 1410B0641EFF2623._matterc._udp.local[0m
[0;34m[1784655449.596] [8196:8196] [DIS] Responding with 080027AE1A43.local[0m
[0;34m[1784655449.596] [8196:8196] [DIS] Responding with 080027AE1A43.local[0m
[0;34m[1784655449.596] [8196:8196] [DIS] Responding with _V65521._sub._matterc._udp.local[0m
[0;34m[1784655449.596] [8196:8196] [DIS] Responding with _T257._sub._matterc._udp.local[0m
[0;34m[1784655449.596] [8196:8196] [DIS] Responding with _S15._sub._matterc._udp.local[0m
[0;34m[1784655449.596] [8196:8196] [DIS] Responding with _L3840._sub._matterc._udp.local[0m
[0;34m[1784655449.596] [8196:8196] [DIS] Responding with _CM._sub._matterc._udp.local[0m
[0;34m[1784655449.596] [8196:8196] [DIS] Responding with 1410B0641EFF2623._matterc._udp.local[0m
[0;32m[1784655449.596] [8196:8196] [DIS] CHIP minimal mDNS configured as 'Commissionable node device'; instance name: 1410B0641EFF2623.[0m
[0;32m[1784655449.597] [8196:8196] [DIS] mDNS service published: _matterc._udp[0m
[0;32m[1784655449.597] [8196:8196] [IN] CASE Server enabling CASE session setups[0m
[0;34m[1784655449.597] [8196:8196] [IN] SecureSession[0x5872a0aa5da0]: Allocated Type:2 LSID:59514[0m
[0;34m[1784655449.597] [8196:8196] [SC] Allocated SecureSession (0x5872a0aa5da0) - waiting for Sigma1 msg[0m
[0;32m[1784655449.597] [8196:8196] [SVR] Joining Multicast groups[0m
[0;34m[1784655449.597] [8196:8196] [ZCL] Emitting StartUp event[0m
[0;34m[1784655449.597] [8196:8196] [EVL] LogEvent event number: 0x0000000000000002 priority: 2, endpoint id:  0x0 cluster id: 0x0000_0028 event id: 0x0 Epoch timestamp: 0x0000019F85C10DFD[0m
[0;32m[1784655449.597] [8196:8196] [SVR] Server initialization complete[0m
[0;32m[1784655449.597] [8196:8196] [SVR] Server Listening...[0m
[0;32m[1784655449.597] [8196:8196] [DL] Device Configuration:[0m
[0;32m[1784655449.597] [8196:8196] [DL]   Serial Number: TEST_SN[0m
[0;32m[1784655449.597] [8196:8196] [DL]   Vendor Id: 65521 (0xFFF1)[0m
[0;32m[1784655449.597] [8196:8196] [DL]   Product Id: 32769 (0x8001)[0m
[0;32m[1784655449.597] [8196:8196] [DL]   Product Name: TEST_PRODUCT[0m
[0;32m[1784655449.597] [8196:8196] [DL]   Hardware Version: 0[0m
[0;32m[1784655449.597] [8196:8196] [DL]   Setup Pin Code (0 for UNKNOWN/ERROR): 20202021[0m
[0;32m[1784655449.597] [8196:8196] [DL]   Setup Discriminator (0xFFFF for UNKNOWN/ERROR): 3840 (0xF00)[0m
[0;32m[1784655449.597] [8196:8196] [DL]   Manufacturing Date: (not set)[0m
[0;32m[1784655449.597] [8196:8196] [DL]   Device Type: 257 (0x101)[0m
[0;32m[1784655449.597] [8196:8196] [SVR] SetupQRCode: [MT:-24J042C00KA0648G00][0m
[0;32m[1784655449.597] [8196:8196] [SVR] Copy/paste the below URL in a browser to see the QR Code:[0m
[0;32m[1784655449.597] [8196:8196] [SVR] https://project-chip.github.io/connectedhomeip/qrcode.html?data=MT%3A-24J042C00KA0648G00[0m
[0;32m[1784655449.597] [8196:8196] [SVR] Manual pairing code: [34970112332][0m
[0;34m[1784655449.597] [8196:8196] [DMG] Endpoint 0, Cluster 0x0000_001D update version to a0f58a85[0m
[0;34m[1784655449.597] [8196:8196] [DMG] Endpoint 1, Cluster 0x0000_005D update version to 676bbb2[0m
[0;34m[1784655449.597] [8196:8196] [DMG] Endpoint 1, Cluster 0x0000_005D update version to 676bbb3[0m
[0;34m[1784655449.597] [8196:8196] [DMG] Endpoint 1, Cluster 0x0000_005D update version to 676bbb4[0m
[0;34m[1784655449.597] [8196:8196] [DMG] Endpoint 1, Cluster 0x0000_005D update version to 676bbb5[0m
[0;34m[1784655449.597] [8196:8196] [EVL] LogEvent event number: 0x0000000000000003 priority: 1, endpoint id:  0x1 cluster id: 0x0000_005D event id: 0x0 Epoch timestamp: 0x0000019F85C10DFD[0m
[0;32m[1784655449.597] [8196:8196] [ZCL] Set number of supported temperature units to: 2[0m
[0;34m[1784655449.597] [8196:8196] [DMG] Endpoint 0, Cluster 0x0000_002D update version to a164cd9d[0m
[0;34m[1784655449.599] [8196:8196] [DL] Wrote settings to /tmp/chip_kvs_test[0m
[0;32m[1784655449.599] [8196:8196] [DL] ===== APP STATUS: Starting event loop =====[0m
[1;31m[1784655474.610] [8196:8200] [DL] FAIL: Get D-Bus object manager client: Error calling StartServiceByName for org.bluez: Failed to activate service 'org.bluez': timed out (service_start_timeout=25000ms)[0m
[1;31m[1784655474.611] [8196:8196] [DL] Disabling CHIPoBLE service due to error: src/platform/Linux/bluez/BluezObjectManager.cpp:280: CHIP Error 0x000000AC: Internal error[0m
[1;31m[1784655474.611] [8196:8196] [DL] Long dispatch time: 25011 ms, for event type 3[0m
[0;32m[1784655474.611] [8196:8196] [SVR] Cannot load binding table: src/platform/Linux/KeyValueStoreManagerImpl.cpp:53: CHIP Error 0x000000A0: Value not found in the persisted storage[0m
[0;32m[1784655474.611] [8196:8196] [DIS] Updating services using commissioning mode 1[0m
[0;32m[1784655474.611] [8196:8196] [DIS] CHIP minimal mDNS started advertising.[0m
[0;34m[1784655474.613] [8196:8196] [DL] Using WiFi MAC for hostname[0m
[0;34m[1784655474.613] [8196:8196] [DIS] DNS-SD Pairing Instruction not set[0m
[0;32m[1784655474.613] [8196:8196] [DIS] Advertise commission parameter vendorID=65521 productID=32769 discriminator=3840/15 cm=1 cp=0 jf=0[0m
[0;34m[1784655474.613] [8196:8196] [DIS] Responding with _matterc._udp.local[0m
[0;34m[1784655474.613] [8196:8196] [DIS] Responding with 1410B0641EFF2623._matterc._udp.local[0m
[0;34m[1784655474.613] [8196:8196] [DIS] Responding with 080027AE1A43.local[0m
[0;34m[1784655474.613] [8196:8196] [DIS] Responding with 080027AE1A43.local[0m
[0;34m[1784655474.613] [8196:8196] [DIS] Responding with _V65521._sub._matterc._udp.local[0m
[0;34m[1784655474.613] [8196:8196] [DIS] Responding with _T257._sub._matterc._udp.local[0m
[0;34m[1784655474.613] [8196:8196] [DIS] Responding with _S15._sub._matterc._udp.local[0m
[0;34m[1784655474.613] [8196:8196] [DIS] Responding with _L3840._sub._matterc._udp.local[0m
[0;34m[1784655474.613] [8196:8196] [DIS] Responding with _CM._sub._matterc._udp.local[0m
[0;34m[1784655474.613] [8196:8196] [DIS] Responding with 1410B0641EFF2623._matterc._udp.local[0m
[0;32m[1784655474.613] [8196:8196] [DIS] CHIP minimal mDNS configured as 'Commissionable node device'; instance name: 1410B0641EFF2623.[0m
[0;32m[1784655474.614] [8196:8196] [DIS] mDNS service published: _matterc._udp[0m
[0;32m[1784655474.614] [8196:8196] [IM] No subscriptions to resume[0m
[0;34m[1784655474.614] [8196:8196] [DMG] Endpoint 0, Cluster 0x0000_0038 update version to e1d748fe[0m
[0;32m[1784655474.985] [8196:8196] [EM] >>> [E:18172r S:0 M:80950564] (U) Msg RX from 0:2830F168564A78AA [0000] to 0000000000000000 --- Type 0000:20 (SecureChannel:PBKDFParamRequest) (B:98)[0m
[0;34m[1784655474.985] [8196:8196] [EM] Handling via exchange: 18172r, Delegate: 0x58729a776d08[0m
[0;34m[1784655474.985] [8196:8196] [SC] Received PBKDF param request[0m
[0;34m[1784655474.985] [8196:8196] [SC] Peer assigned session ID 26050[0m
[0;34m[1784655474.985] [8196:8196] [SC] Found MRP parameters in the message[0m
[0;32m[1784655474.985] [8196:8196] [EM] <<< [E:18172r S:0 M:249130354 (Ack:80950564)] (U) Msg TX from 0000000000000000 to 0:2830F168564A78AA [0000] [UDP:[fe80::bfe:a203:38f0:bce7%enp0s3]:45245] --- Type 0000:21 (SecureChannel:PBKDFParamResponse) (B:174)[0m
[0;32m[1784655474.985] [8196:8196] [EM] ??1 [E:18172r S:0 M:249130354] (U) Msg Retransmission to 0:0000000000000000 scheduled for 330ms from now [State:Active II:500 AI:300 AT:4000][0m
[0;34m[1784655474.985] [8196:8196] [SC] Sent PBKDF param response[0m
[0;32m[1784655474.985] [8196:8196] [SVR] Commissioning session establishment step started[0m
[0;32m[1784655474.987] [8196:8196] [EM] >>> [E:18172r S:0 M:80950565 (Ack:249130354)] (U) Msg RX from 0:2830F168564A78AA [0000] to 0000000000000000 --- Type 0000:22 (SecureChannel:PASE_Pake1) (B:96)[0m
[0;34m[1784655474.987] [8196:8196] [EM] Found matching exchange: 18172r, Delegate: 0x58729a776d08[0m
[0;34m[1784655474.987] [8196:8196] [EM] Rxd Ack; Removing MessageCounter:249130354 from Retrans Table on exchange 18172r[0m
[0;34m[1784655474.987] [8196:8196] [SC] Received spake2p msg1[0m
[0;32m[1784655474.987] [8196:8196] [EM] <<< [E:18172r S:0 M:249130355 (Ack:80950565)] (U) Msg TX from 0000000000000000 to 0:2830F168564A78AA [0000] [UDP:[fe80::bfe:a203:38f0:bce7%enp0s3]:45245] --- Type 0000:23 (SecureChannel:PASE_Pake2) (B:131)[0m
[0;32m[1784655474.987] [8196:8196] [EM] ??1 [E:18172r S:0 M:249130355] (U) Msg Retransmission to 0:0000000000000000 scheduled for 351ms from now [State:Active II:500 AI:300 AT:4000][0m
[0;34m[1784655474.987] [8196:8196] [SC] Sent spake2p msg2[0m
[0;32m[1784655474.988] [8196:8196] [EM] >>> [E:18172r S:0 M:80950566 (Ack:249130355)] (U) Msg RX from 0:2830F168564A78AA [0000] to 0000000000000000 --- Type 0000:24 (SecureChannel:PASE_Pake3) (B:63)[0m
[0;34m[1784655474.988] [8196:8196] [EM] Found matching exchange: 18172r, Delegate: 0x58729a776d08[0m
[0;34m[1784655474.988] [8196:8196] [EM] Rxd Ack; Removing MessageCounter:249130355 from Retrans Table on exchange 18172r[0m
[0;34m[1784655474.988] [8196:8196] [SC] Received spake2p msg3[0m
[0;34m[1784655474.988] [8196:8196] [SC] Sending status report. Protocol code 0, exchange 18172[0m
[0;32m[1784655474.988] [8196:8196] [EM] <<< [E:18172r S:0 M:249130356 (Ack:80950566)] (U) Msg TX from 0000000000000000 to 0:2830F168564A78AA [0000] [UDP:[fe80::bfe:a203:38f0:bce7%enp0s3]:45245] --- Type 0000:40 (SecureChannel:StatusReport) (B:34)[0m
[0;32m[1784655474.988] [8196:8196] [EM] ??1 [E:18172r S:0 M:249130356] (U) Msg Retransmission to 0:0000000000000000 scheduled for 400ms from now [State:Active II:500 AI:300 AT:4000][0m
[0;32m[1784655474.988] [8196:8196] [SC] SecureSession[0x5872a0aa5890, LSID:59513]: State change 'kEstablishing' --> 'kActive'[0m
[0;34m[1784655474.988] [8196:8196] [IN] SecureSession[0x5872a0aa5890]: Activated - Type:1 LSID:59513[0m
[0;34m[1784655474.988] [8196:8196] [IN] New secure session activated for device <FFFFFFFB00000000, 0>, LSID:59513 PSID:26050![0m
[0;32m[1784655474.988] [8196:8196] [SVR] Commissioning completed session establishment step[0m
[0;32m[1784655474.988] [8196:8196] [DIS] Updating services using commissioning mode 0[0m
[0;32m[1784655474.988] [8196:8196] [DIS] CHIP minimal mDNS started advertising.[0m
[0;32m[1784655474.989] [8196:8196] [SVR] Device completed Rendezvous process[0m
[0;32m[1784655474.989] [8196:8196] [EM] >>> [E:18173r S:59513 M:261192229] (S) Msg RX from 0:FFFFFFFB00000000 [0000] to 0000000000000000 --- Type 0001:02 (IM:ReadRequest) (B:136)[0m
[0;34m[1784655474.989] [8196:8196] [EM] Handling via exchange: 18173r, Delegate: 0x58729a77eac8[0m
[0;34m[1784655474.989] [8196:8196] [IM] Received Read request[0m
[0;34m[1784655474.989] [8196:8196] [DMG] ReadRequestMessage =[0m
[0;34m[1784655474.989] [8196:8196] [DMG] {[0m
[0;34m[1784655474.989] [8196:8196] [DMG] 	AttributePathIBs =[0m
[0;34m[1784655474.989] [8196:8196] [DMG] 	[[0m
[0;34m[1784655474.989] [8196:8196] [DMG] 		AttributePathIB =[0m
[0;34m[1784655474.989] [8196:8196] [DMG] 		{[0m
[0;34m[1784655474.989] [8196:8196] [DMG] 			Endpoint = 0x0,[0m
[0;34m[1784655474.989] [8196:8196] [DMG] 			Cluster = 0x30,[0m
[0;34m[1784655474.989] [8196:8196] [DMG] 			Attribute = 0x0000_0004,[0m
[0;34m[1784655474.989] [8196:8196] [DMG] 		}[0m
[0;34m[1784655474.989] [8196:8196] [DMG] 			[0m
[0;34m[1784655474.989] [8196:8196] [DMG] 		AttributePathIB =[0m
[0;34m[1784655474.989] [8196:8196] [DMG] 		{[0m
[0;34m[1784655474.989] [8196:8196] [DMG] 			Endpoint = 0x0,[0m
[0;34m[1784655474.989] [8196:8196] [DMG] 			Cluster = 0x30,[0m
[0;34m[1784655474.989] [8196:8196] [DMG] 			Attribute = 0x0000_0000,[0m
[0;34m[1784655474.989] [8196:8196] [DMG] 		}[0m
[0;34m[1784655474.989] [8196:8196] [DMG] 			[0m
[0;34m[1784655474.989] [8196:8196] [DMG] 		AttributePathIB =[0m
[0;34m[1784655474.989] [8196:8196] [DMG] 		{[0m
[0;34m[1784655474.989] [8196:8196] [DMG] 			Endpoint = 0x0,[0m
[0;34m[1784655474.989] [8196:8196] [DMG] 			Cluster = 0x30,[0m
[0;34m[1784655474.989] [8196:8196] [DMG] 			Attribute = 0x0000_0001,[0m
[0;34m[1784655474.989] [8196:8196] [DMG] 		}[0m
[0;34m[1784655474.989] [8196:8196] [DMG] 			[0m
[0;34m[1784655474.989] [8196:8196] [DMG] 		AttributePathIB =[0m
[0;34m[1784655474.989] [8196:8196] [DMG] 		{[0m
[0;34m[1784655474.989] [8196:8196] [DMG] 			Endpoint = 0x0,[0m
[0;34m[1784655474.989] [8196:8196] [DMG] 			Cluster = 0x30,[0m
[0;34m[1784655474.989] [8196:8196] [DMG] 			Attribute = 0x0000_0002,[0m
[0;34m[1784655474.989] [8196:8196] [DMG] 		}[0m
[0;34m[1784655474.989] [8196:8196] [DMG] 			[0m
[0;34m[1784655474.989] [8196:8196] [DMG] 		AttributePathIB =[0m
[0;34m[1784655474.989] [8196:8196] [DMG] 		{[0m
[0;34m[1784655474.989] [8196:8196] [DMG] 			Endpoint = 0x0,[0m
[0;34m[1784655474.989] [8196:8196] [DMG] 			Cluster = 0x30,[0m
[0;34m[1784655474.989] [8196:8196] [DMG] 			Attribute = 0x0000_0003,[0m
[0;34m[1784655474.989] [8196:8196] [DMG] 		}[0m
[0;34m[1784655474.989] [8196:8196] [DMG] 			[0m
[0;34m[1784655474.989] [8196:8196] [DMG] 		AttributePathIB =[0m
[0;34m[1784655474.989] [8196:8196] [DMG] 		{[0m
[0;34m[1784655474.989] [8196:8196] [DMG] 			Endpoint = 0x0,[0m
[0;34m[1784655474.989] [8196:8196] [DMG] 			Cluster = 0x30,[0m
[0;34m[1784655474.989] [8196:8196] [DMG] 			Attribute = 0x0000_000C,[0m
[0;34m[1784655474.989] [8196:8196] [DMG] 		}[0m
[0;34m[1784655474.989] [8196:8196] [DMG] 			[0m
[0;34m[1784655474.989] [8196:8196] [DMG] 		AttributePathIB =[0m
[0;34m[1784655474.989] [8196:8196] [DMG] 		{[0m
[0;34m[1784655474.989] [8196:8196] [DMG] 			Endpoint = 0x0,[0m
[0;34m[1784655474.989] [8196:8196] [DMG] 			Cluster = 0x28,[0m
[0;34m[1784655474.989] [8196:8196] [DMG] 			Attribute = 0x0000_0002,[0m
[0;34m[1784655474.989] [8196:8196] [DMG] 		}[0m
[0;34m[1784655474.989] [8196:8196] [DMG] 			[0m
[0;34m[1784655474.989] [8196:8196] [DMG] 		AttributePathIB =[0m
[0;34m[1784655474.989] [8196:8196] [DMG] 		{[0m
[0;34m[1784655474.989] [8196:8196] [DMG] 			Endpoint = 0x0,[0m
[0;34m[1784655474.989] [8196:8196] [DMG] 			Cluster = 0x28,[0m
[0;34m[1784655474.989] [8196:8196] [DMG] 			Attribute = 0x0000_0004,[0m
[0;34m[1784655474.989] [8196:8196] [DMG] 		}[0m
[0;34m[1784655474.989] [8196:8196] [DMG] 			[0m
[0;34m[1784655474.989] [8196:8196] [DMG] 		AttributePathIB =[0m
[0;34m[1784655474.989] [8196:8196] [DMG] 		{[0m
[0;34m[1784655474.989] [8196:8196] [DMG] 			Endpoint = 0x0,[0m
[0;34m[1784655474.989] [8196:8196] [DMG] 			Cluster = 0x38,[0m
[0;34m[1784655474.989] [8196:8196] [DMG] 		}[0m
[0;34m[1784655474.989] [8196:8196] [DMG] 			[0m
[0;34m[1784655474.989] [8196:8196] [DMG] 	],[0m
[0;34m[1784655474.989] [8196:8196] [DMG] 		[0m
[0;34m[1784655474.989] [8196:8196] [DMG] 	isFabricFiltered = false, [0m
[0;34m[1784655474.989] [8196:8196] [DMG] 	InteractionModelRevision = 12[0m
[0;34m[1784655474.989] [8196:8196] [DMG] },[0m
[0;34m[1784655474.989] [8196:8196] [DMG] IM RH moving to [CanStartReporting][0m
[0;34m[1784655474.989] [8196:8196] [DMG] Building Reports for ReadHandler with LastReportGeneration = 0x0000000000000000 DirtyGeneration = 0x0000000000000000[0m
[0;34m[1784655474.989] [8196:8196] [DMG] <RE:Run> Cluster 38, Attribute 0 is dirty[0m
[0;32m[1784655474.989] [8196:8196] [DMG] AccessControl: checking f=0 a=p s=0xFFFFFFFB00000000 t= c=0x0000_0038 e=0 p=v r=r[0m
[0;32m[1784655474.989] [8196:8196] [DMG] AccessControl: implicit admin (PASE)[0m
[0;32m[1784655474.989] [8196:8196] [DMG] AccessControl: checking f=0 a=p s=0xFFFFFFFB00000000 t= c=0x0000_0038 e=0 p=v r=r[0m
[0;32m[1784655474.989] [8196:8196] [DMG] AccessControl: implicit admin (PASE)[0m
[0;34m[1784655474.989] [8196:8196] [DMG] Reading attribute: Cluster=0x0000_0038 Endpoint=0x0 AttributeId=0x0000_0000 (expanded=1)[0m
[0;34m[1784655474.989] [8196:8196] [DMG] <RE:Run> Cluster 38, Attribute 1 is dirty[0m
[0;32m[1784655474.989] [8196:8196] [DMG] AccessControl: checking f=0 a=p s=0xFFFFFFFB00000000 t= c=0x0000_0038 e=0 p=v r=r[0m
[0;32m[1784655474.989] [8196:8196] [DMG] AccessControl: implicit admin (PASE)[0m
[0;32m[1784655474.989] [8196:8196] [DMG] AccessControl: checking f=0 a=p s=0xFFFFFFFB00000000 t= c=0x0000_0038 e=0 p=v r=r[0m
[0;32m[1784655474.989] [8196:8196] [DMG] AccessControl: implicit admin (PASE)[0m
[0;34m[1784655474.989] [8196:8196] [DMG] Reading attribute: Cluster=0x0000_0038 Endpoint=0x0 AttributeId=0x0000_0001 (expanded=1)[0m
[0;34m[1784655474.989] [8196:8196] [DMG] <RE:Run> Cluster 38, Attribute 2 is dirty[0m
[0;32m[1784655474.989] [8196:8196] [DMG] AccessControl: checking f=0 a=p s=0xFFFFFFFB00000000 t= c=0x0000_0038 e=0 p=v r=r[0m
[0;32m[1784655474.989] [8196:8196] [DMG] AccessControl: implicit admin (PASE)[0m
[0;32m[1784655474.989] [8196:8196] [DMG] AccessControl: checking f=0 a=p s=0xFFFFFFFB00000000 t= c=0x0000_0038 e=0 p=v r=r[0m
[0;32m[1784655474.989] [8196:8196] [DMG] AccessControl: implicit admin (PASE)[0m
[0;34m[1784655474.989] [8196:8196] [DMG] Reading attribute: Cluster=0x0000_0038 Endpoint=0x0 AttributeId=0x0000_0002 (expanded=1)[0m
[0;34m[1784655474.989] [8196:8196] [DMG] <RE:Run> Cluster 38, Attribute 3 is dirty[0m
[0;32m[1784655474.989] [8196:8196] [DMG] AccessControl: checking f=0 a=p s=0xFFFFFFFB00000000 t= c=0x0000_0038 e=0 p=v r=r[0m
[0;32m[1784655474.989] [8196:8196] [DMG] AccessControl: implicit admin (PASE)[0m
[0;32m[1784655474.989] [8196:8196] [DMG] AccessControl: checking f=0 a=p s=0xFFFFFFFB00000000 t= c=0x0000_0038 e=0 p=v r=r[0m
[0;32m[1784655474.989] [8196:8196] [DMG] AccessControl: implicit admin (PASE)[0m
[0;34m[1784655474.989] [8196:8196] [DMG] Reading attribute: Cluster=0x0000_0038 Endpoint=0x0 AttributeId=0x0000_0003 (expanded=1)[0m
[0;34m[1784655474.989] [8196:8196] [DMG] <RE:Run> Cluster 38, Attribute 4 is dirty[0m
[0;32m[1784655474.990] [8196:8196] [DMG] AccessControl: checking f=0 a=p s=0xFFFFFFFB00000000 t= c=0x0000_0038 e=0 p=v r=r[0m
[0;32m[1784655474.990] [8196:8196] [DMG] AccessControl: implicit admin (PASE)[0m
[0;32m[1784655474.990] [8196:8196] [DMG] AccessControl: checking f=0 a=p s=0xFFFFFFFB00000000 t= c=0x0000_0038 e=0 p=v r=r[0m
[0;32m[1784655474.990] [8196:8196] [DMG] AccessControl: implicit admin (PASE)[0m
[0;34m[1784655474.990] [8196:8196] [DMG] Reading attribute: Cluster=0x0000_0038 Endpoint=0x0 AttributeId=0x0000_0004 (expanded=1)[0m
[0;34m[1784655474.990] [8196:8196] [DMG] <RE:Run> Cluster 38, Attribute 5 is dirty[0m
[0;32m[1784655474.990] [8196:8196] [DMG] AccessControl: checking f=0 a=p s=0xFFFFFFFB00000000 t= c=0x0000_0038 e=0 p=v r=r[0m
[0;32m[1784655474.990] [8196:8196] [DMG] AccessControl: implicit admin (PASE)[0m
[0;32m[1784655474.990] [8196:8196] [DMG] AccessControl: checking f=0 a=p s=0xFFFFFFFB00000000 t= c=0x0000_0038 e=0 p=v r=r[0m
[0;32m[1784655474.990] [8196:8196] [DMG] AccessControl: implicit admin (PASE)[0m
[0;34m[1784655474.990] [8196:8196] [DMG] Reading attribute: Cluster=0x0000_0038 Endpoint=0x0 AttributeId=0x0000_0005 (expanded=1)[0m
[0;34m[1784655474.990] [8196:8196] [DMG] <RE:Run> Cluster 38, Attribute 6 is dirty[0m
[0;32m[1784655474.990] [8196:8196] [DMG] AccessControl: checking f=0 a=p s=0xFFFFFFFB00000000 t= c=0x0000_0038 e=0 p=v r=r[0m
[0;32m[1784655474.990] [8196:8196] [DMG] AccessControl: implicit admin (PASE)[0m
[0;32m[1784655474.990] [8196:8196] [DMG] AccessControl: checking f=0 a=p s=0xFFFFFFFB00000000 t= c=0x0000_0038 e=0 p=v r=r[0m
[0;32m[1784655474.990] [8196:8196] [DMG] AccessControl: implicit admin (PASE)[0m
[0;34m[1784655474.990] [8196:8196] [DMG] Reading attribute: Cluster=0x0000_0038 Endpoint=0x0 AttributeId=0x0000_0006 (expanded=1)[0m
[0;34m[1784655474.990] [8196:8196] [DMG] <RE:Run> Cluster 38, Attribute 7 is dirty[0m
[0;32m[1784655474.990] [8196:8196] [DMG] AccessControl: checking f=0 a=p s=0xFFFFFFFB00000000 t= c=0x0000_0038 e=0 p=v r=r[0m
[0;32m[1784655474.990] [8196:8196] [DMG] AccessControl: implicit admin (PASE)[0m
[0;32m[1784655474.990] [8196:8196] [DMG] AccessControl: checking f=0 a=p s=0xFFFFFFFB00000000 t= c=0x0000_0038 e=0 p=v r=r[0m
[0;32m[1784655474.990] [8196:8196] [DMG] AccessControl: implicit admin (PASE)[0m
[0;34m[1784655474.990] [8196:8196] [DMG] Reading attribute: Cluster=0x0000_0038 Endpoint=0x0 AttributeId=0x0000_0007 (expanded=1)[0m
[0;34m[1784655474.990] [8196:8196] [DMG] <RE:Run> Cluster 38, Attribute 8 is dirty[0m
[0;32m[1784655474.990] [8196:8196] [DMG] AccessControl: checking f=0 a=p s=0xFFFFFFFB00000000 t= c=0x0000_0038 e=0 p=v r=r[0m
[0;32m[1784655474.990] [8196:8196] [DMG] AccessControl: implicit admin (PASE)[0m
[0;32m[1784655474.990] [8196:8196] [DMG] AccessControl: checking f=0 a=p s=0xFFFFFFFB00000000 t= c=0x0000_0038 e=0 p=v r=r[0m
[0;32m[1784655474.990] [8196:8196] [DMG] AccessControl: implicit admin (PASE)[0m
[0;34m[1784655474.990] [8196:8196] [DMG] Reading attribute: Cluster=0x0000_0038 Endpoint=0x0 AttributeId=0x0000_0008 (expanded=1)[0m
[0;34m[1784655474.990] [8196:8196] [DMG] <RE:Run> Cluster 38, Attribute a is dirty[0m
[0;32m[1784655474.990] [8196:8196] [DMG] AccessControl: checking f=0 a=p s=0xFFFFFFFB00000000 t= c=0x0000_0038 e=0 p=v r=r[0m
[0;32m[1784655474.990] [8196:8196] [DMG] AccessControl: implicit admin (PASE)[0m
[0;32m[1784655474.990] [8196:8196] [DMG] AccessControl: checking f=0 a=p s=0xFFFFFFFB00000000 t= c=0x0000_0038 e=0 p=v r=r[0m
[0;32m[1784655474.990] [8196:8196] [DMG] AccessControl: implicit admin (PASE)[0m
[0;34m[1784655474.990] [8196:8196] [DMG] Reading attribute: Cluster=0x0000_0038 Endpoint=0x0 AttributeId=0x0000_000A (expanded=1)[0m
[0;34m[1784655474.990] [8196:8196] [DMG] <RE:Run> Cluster 38, Attribute b is dirty[0m
[0;32m[1784655474.990] [8196:8196] [DMG] AccessControl: checking f=0 a=p s=0xFFFFFFFB00000000 t= c=0x0000_0038 e=0 p=v r=r[0m
[0;32m[1784655474.990] [8196:8196] [DMG] AccessControl: implicit admin (PASE)[0m
[0;32m[1784655474.990] [8196:8196] [DMG] AccessControl: checking f=0 a=p s=0xFFFFFFFB00000000 t= c=0x0000_0038 e=0 p=v r=r[0m
[0;32m[1784655474.990] [8196:8196] [DMG] AccessControl: implicit admin (PASE)[0m
[0;34m[1784655474.990] [8196:8196] [DMG] Reading attribute: Cluster=0x0000_0038 Endpoint=0x0 AttributeId=0x0000_000B (expanded=1)[0m
[0;34m[1784655474.990] [8196:8196] [DMG] <RE:Run> Cluster 38, Attribute c is dirty[0m
[0;32m[1784655474.990] [8196:8196] [DMG] AccessControl: checking f=0 a=p s=0xFFFFFFFB00000000 t= c=0x0000_0038 e=0 p=v r=r[0m
[0;32m[1784655474.990] [8196:8196] [DMG] AccessControl: implicit admin (PASE)[0m
[0;32m[1784655474.990] [8196:8196] [DMG] AccessControl: checking f=0 a=p s=0xFFFFFFFB00000000 t= c=0x0000_0038 e=0 p=v r=r[0m
[0;32m[1784655474.990] [8196:8196] [DMG] AccessControl: implicit admin (PASE)[0m
[0;34m[1784655474.990] [8196:8196] [DMG] Reading attribute: Cluster=0x0000_0038 Endpoint=0x0 AttributeId=0x0000_000C (expanded=1)[0m
[0;34m[1784655474.990] [8196:8196] [DMG] <RE:Run> Cluster 38, Attribute fffc is dirty[0m
[0;32m[1784655474.990] [8196:8196] [DMG] AccessControl: checking f=0 a=p s=0xFFFFFFFB00000000 t= c=0x0000_0038 e=0 p=v r=r[0m
[0;32m[1784655474.990] [8196:8196] [DMG] AccessControl: implicit admin (PASE)[0m
[0;32m[1784655474.990] [8196:8196] [DMG] AccessControl: checking f=0 a=p s=0xFFFFFFFB00000000 t= c=0x0000_0038 e=0 p=v r=r[0m
[0;32m[1784655474.990] [8196:8196] [DMG] AccessControl: implicit admin (PASE)[0m
[0;34m[1784655474.990] [8196:8196] [DMG] Reading attribute: Cluster=0x0000_0038 Endpoint=0x0 AttributeId=0x0000_FFFC (expanded=1)[0m
[0;34m[1784655474.990] [8196:8196] [DMG] <RE:Run> Cluster 38, Attribute fffd is dirty[0m
[0;32m[1784655474.990] [8196:8196] [DMG] AccessControl: checking f=0 a=p s=0xFFFFFFFB00000000 t= c=0x0000_0038 e=0 p=v r=r[0m
[0;32m[1784655474.990] [8196:8196] [DMG] AccessControl: implicit admin (PASE)[0m
[0;32m[1784655474.990] [8196:8196] [DMG] AccessControl: checking f=0 a=p s=0xFFFFFFFB00000000 t= c=0x0000_0038 e=0 p=v r=r[0m
[0;32m[1784655474.990] [8196:8196] [DMG] AccessControl: implicit admin (PASE)[0m
[0;34m[1784655474.990] [8196:8196] [DMG] Reading attribute: Cluster=0x0000_0038 Endpoint=0x0 AttributeId=0x0000_FFFD (expanded=1)[0m
[0;34m[1784655474.990] [8196:8196] [DMG] <RE:Run> Cluster 38, Attribute fff8 is dirty[0m
[0;32m[1784655474.990] [8196:8196] [DMG] AccessControl: checking f=0 a=p s=0xFFFFFFFB00000000 t= c=0x0000_0038 e=0 p=v r=r[0m
[0;32m[1784655474.990] [8196:8196] [DMG] AccessControl: implicit admin (PASE)[0m
[0;32m[1784655474.990] [8196:8196] [DMG] AccessControl: checking f=0 a=p s=0xFFFFFFFB00000000 t= c=0x0000_0038 e=0 p=v r=r[0m
[0;32m[1784655474.990] [8196:8196] [DMG] AccessControl: implicit admin (PASE)[0m
[0;34m[1784655474.990] [8196:8196] [DMG] <RE:Run> Cluster 38, Attribute fff9 is dirty[0m
[0;32m[1784655474.990] [8196:8196] [DMG] AccessControl: checking f=0 a=p s=0xFFFFFFFB00000000 t= c=0x0000_0038 e=0 p=v r=r[0m
[0;32m[1784655474.990] [8196:8196] [DMG] AccessControl: implicit admin (PASE)[0m
[0;32m[1784655474.990] [8196:8196] [DMG] AccessControl: checking f=0 a=p s=0xFFFFFFFB00000000 t= c=0x0000_0038 e=0 p=v r=r[0m
[0;32m[1784655474.990] [8196:8196] [DMG] AccessControl: implicit admin (PASE)[0m
[0;34m[1784655474.990] [8196:8196] [DMG] <RE:Run> Cluster 38, Attribute fffb is dirty[0m
[0;32m[1784655474.990] [8196:8196] [DMG] AccessControl: checking f=0 a=p s=0xFFFFFFFB00000000 t= c=0x0000_0038 e=0 p=v r=r[0m
[0;32m[1784655474.990] [8196:8196] [DMG] AccessControl: implicit admin (PASE)[0m
[0;32m[1784655474.990] [8196:8196] [DMG] AccessControl: checking f=0 a=p s=0xFFFFFFFB00000000 t= c=0x0000_0038 e=0 p=v r=r[0m
[0;32m[1784655474.990] [8196:8196] [DMG] AccessControl: implicit admin (PASE)[0m
[0;34m[1784655474.990] [8196:8196] [DMG] <RE:Run> Cluster 28, Attribute 4 is dirty[0m
[0;32m[1784655474.990] [8196:8196] [DMG] AccessControl: checking f=0 a=p s=0xFFFFFFFB00000000 t= c=0x0000_0028 e=0 p=v r=r[0m
[0;32m[1784655474.990] [8196:8196] [DMG] AccessControl: implicit admin (PASE)[0m
[0;32m[1784655474.990] [8196:8196] [DMG] AccessControl: checking f=0 a=p s=0xFFFFFFFB00000000 t= c=0x0000_0028 e=0 p=v r=r[0m
[0;32m[1784655474.990] [8196:8196] [DMG] AccessControl: implicit admin (PASE)[0m
[0;34m[1784655474.990] [8196:8196] [DMG] Reading attribute: Cluster=0x0000_0028 Endpoint=0x0 AttributeId=0x0000_0004 (expanded=0)[0m
[0;34m[1784655474.990] [8196:8196] [DMG] <RE:Run> Cluster 28, Attribute 2 is dirty[0m
[0;32m[1784655474.990] [8196:8196] [DMG] AccessControl: checking f=0 a=p s=0xFFFFFFFB00000000 t= c=0x0000_0028 e=0 p=v r=r[0m
[0;32m[1784655474.990] [8196:8196] [DMG] AccessControl: implicit admin (PASE)[0m
[0;32m[1784655474.990] [8196:8196] [DMG] AccessControl: checking f=0 a=p s=0xFFFFFFFB00000000 t= c=0x0000_0028 e=0 p=v r=r[0m
[0;32m[1784655474.990] [8196:8196] [DMG] AccessControl: implicit admin (PASE)[0m
[0;34m[1784655474.990] [8196:8196] [DMG] Reading attribute: Cluster=0x0000_0028 Endpoint=0x0 AttributeId=0x0000_0002 (expanded=0)[0m
[0;34m[1784655474.990] [8196:8196] [DMG] <RE:Run> Cluster 30, Attribute c is dirty[0m
[0;32m[1784655474.990] [8196:8196] [DMG] AccessControl: checking f=0 a=p s=0xFFFFFFFB00000000 t= c=0x0000_0030 e=0 p=v r=r[0m
[0;32m[1784655474.990] [8196:8196] [DMG] AccessControl: implicit admin (PASE)[0m
[1;31m[1784655474.990] [8196:8196] [DMG] Failed to read attribute: UNSUPPORTED_ATTRIBUTE(134)[0m
[1;31m[1784655474.990] [8196:8196] [DMG] Fail to retrieve data, roll back and encode status on clusterId: 0x0000_0030, attributeId: 0x0000_000Cerr = src/app/data-model-provider/ActionReturnStatus.cpp:104: IM Error 0x00000586: General error: 0x86 (UNSUPPORTED_ATTRIBUTE)[0m
[0;34m[1784655474.990] [8196:8196] [DMG] <RE:Run> Cluster 30, Attribute 3 is dirty[0m
[0;32m[1784655474.990] [8196:8196] [DMG] AccessControl: checking f=0 a=p s=0xFFFFFFFB00000000 t= c=0x0000_0030 e=0 p=v r=r[0m
[0;32m[1784655474.990] [8196:8196] [DMG] AccessControl: implicit admin (PASE)[0m
[0;32m[1784655474.990] [8196:8196] [DMG] AccessControl: checking f=0 a=p s=0xFFFFFFFB00000000 t= c=0x0000_0030 e=0 p=v r=r[0m
[0;32m[1784655474.990] [8196:8196] [DMG] AccessControl: implicit admin (PASE)[0m
[0;34m[1784655474.990] [8196:8196] [DMG] Reading attribute: Cluster=0x0000_0030 Endpoint=0x0 AttributeId=0x0000_0003 (expanded=0)[0m
[0;34m[1784655474.990] [8196:8196] [DMG] <RE:Run> Cluster 30, Attribute 2 is dirty[0m
[0;32m[1784655474.990] [8196:8196] [DMG] AccessControl: checking f=0 a=p s=0xFFFFFFFB00000000 t= c=0x0000_0030 e=0 p=v r=r[0m
[0;32m[1784655474.990] [8196:8196] [DMG] AccessControl: implicit admin (PASE)[0m
[0;32m[1784655474.990] [8196:8196] [DMG] AccessControl: checking f=0 a=p s=0xFFFFFFFB00000000 t= c=0x0000_0030 e=0 p=v r=r[0m
[0;32m[1784655474.990] [8196:8196] [DMG] AccessControl: implicit admin (PASE)[0m
[0;34m[1784655474.990] [8196:8196] [DMG] Reading attribute: Cluster=0x0000_0030 Endpoint=0x0 AttributeId=0x0000_0002 (expanded=0)[0m
[0;34m[1784655474.990] [8196:8196] [DMG] <RE:Run> Cluster 30, Attribute 1 is dirty[0m
[0;32m[1784655474.990] [8196:8196] [DMG] AccessControl: checking f=0 a=p s=0xFFFFFFFB00000000 t= c=0x0000_0030 e=0 p=v r=r[0m
[0;32m[1784655474.990] [8196:8196] [DMG] AccessControl: implicit admin (PASE)[0m
[0;32m[1784655474.990] [8196:8196] [DMG] AccessControl: checking f=0 a=p s=0xFFFFFFFB00000000 t= c=0x0000_0030 e=0 p=v r=r[0m
[0;32m[1784655474.990] [8196:8196] [DMG] AccessControl: implicit admin (PASE)[0m
[0;34m[1784655474.990] [8196:8196] [DMG] Reading attribute: Cluster=0x0000_0030 Endpoint=0x0 AttributeId=0x0000_0001 (expanded=0)[0m
[0;34m[1784655474.990] [8196:8196] [DMG] <RE:Run> Cluster 30, Attribute 0 is dirty[0m
[0;32m[1784655474.990] [8196:8196] [DMG] AccessControl: checking f=0 a=p s=0xFFFFFFFB00000000 t= c=0x0000_0030 e=0 p=v r=r[0m
[0;32m[1784655474.990] [8196:8196] [DMG] AccessControl: implicit admin (PASE)[0m
[0;32m[1784655474.990] [8196:8196] [DMG] AccessControl: checking f=0 a=p s=0xFFFFFFFB00000000 t= c=0x0000_0030 e=0 p=v r=r[0m
[0;32m[1784655474.990] [8196:8196] [DMG] AccessControl: implicit admin (PASE)[0m
[0;34m[1784655474.990] [8196:8196] [DMG] Reading attribute: Cluster=0x0000_0030 Endpoint=0x0 AttributeId=0x0000_0000 (expanded=0)[0m
[0;34m[1784655474.990] [8196:8196] [DMG] <RE:Run> Cluster 30, Attribute 4 is dirty[0m
[0;32m[1784655474.990] [8196:8196] [DMG] AccessControl: checking f=0 a=p s=0xFFFFFFFB00000000 t= c=0x0000_0030 e=0 p=v r=r[0m
[0;32m[1784655474.990] [8196:8196] [DMG] AccessControl: implicit admin (PASE)[0m
[0;32m[1784655474.990] [8196:8196] [DMG] AccessControl: checking f=0 a=p s=0xFFFFFFFB00000000 t= c=0x0000_0030 e=0 p=v r=r[0m
[0;32m[1784655474.990] [8196:8196] [DMG] AccessControl: implicit admin (PASE)[0m
[0;34m[1784655474.990] [8196:8196] [DMG] Reading attribute: Cluster=0x0000_0030 Endpoint=0x0 AttributeId=0x0000_0004 (expanded=0)[0m
[0;34m[1784655474.990] [8196:8196] [DMG] <RE> Sending report (payload has 732 bytes)...[0m
[0;32m[1784655474.990] [8196:8196] [EM] <<< [E:18173r S:59513 M:34720892 (Ack:261192229)] (S) Msg TX from 0000000000000000 to 0:FFFFFFFB00000000 [0000] [UDP:[fe80::bfe:a203:38f0:bce7%enp0s3]:45245] --- Type 0001:05 (IM:ReportData) (B:766)[0m
[0;32m[1784655474.991] [8196:8196] [EM] ??1 [E:18173r S:59513 M:34720892] (S) Msg Retransmission to 0:FFFFFFFB00000000 scheduled for 405ms from now [State:Active II:500 AI:300 AT:4000][0m
[0;34m[1784655474.991] [8196:8196] [DMG] <RE> OnReportConfirm: NumReports = 0[0m
[0;34m[1784655474.991] [8196:8196] [DMG] <RE> ReportsInFlight = 0 with readHandler 0, RE has no more messages[0m
[0;34m[1784655474.991] [8196:8196] [DMG] IM RH moving to [AwaitingDestruction][0m
[0;34m[1784655474.991] [8196:8196] [DMG] All ReadHandler-s are clean, clear GlobalDirtySet[0m
[0;32m[1784655474.991] [8196:8196] [EM] >>> [E:18172r S:0 M:80950567 (Ack:249130356)] (U) Msg RX from 0:2830F168564A78AA [0000] to 0000000000000000 --- Type 0000:10 (SecureChannel:StandaloneAck) (B:26)[0m
[0;34m[1784655474.991] [8196:8196] [EM] Found matching exchange: 18172r, Delegate: (nil)[0m
[0;34m[1784655474.991] [8196:8196] [EM] Rxd Ack; Removing MessageCounter:249130356 from Retrans Table on exchange 18172r[0m
[0;32m[1784655474.992] [8196:8196] [EM] >>> [E:18174r S:59513 M:261192230] (S) Msg RX from 0:FFFFFFFB00000000 [0000] to 0000000000000000 --- Type 0001:02 (IM:ReadRequest) (B:112)[0m
[0;34m[1784655474.992] [8196:8196] [EM] Handling via exchange: 18174r, Delegate: 0x58729a77eac8[0m
[0;34m[1784655474.992] [8196:8196] [IM] Received Read request[0m
[0;34m[1784655474.992] [8196:8196] [DMG] ReadRequestMessage =[0m
[0;34m[1784655474.992] [8196:8196] [DMG] {[0m
[0;34m[1784655474.992] [8196:8196] [DMG] 	AttributePathIBs =[0m
[0;34m[1784655474.992] [8196:8196] [DMG] 	[[0m
[0;34m[1784655474.992] [8196:8196] [DMG] 		AttributePathIB =[0m
[0;34m[1784655474.992] [8196:8196] [DMG] 		{[0m
[0;34m[1784655474.992] [8196:8196] [DMG] 			Cluster = 0x31,[0m
[0;34m[1784655474.992] [8196:8196] [DMG] 			Attribute = 0x0000_FFFC,[0m
[0;34m[1784655474.992] [8196:8196] [DMG] 		}[0m
[0;34m[1784655474.992] [8196:8196] [DMG] 			[0m
[0;34m[1784655474.992] [8196:8196] [DMG] 		AttributePathIB =[0m
[0;34m[1784655474.992] [8196:8196] [DMG] 		{[0m
[0;34m[1784655474.992] [8196:8196] [DMG] 			Cluster = 0x31,[0m
[0;34m[1784655474.992] [8196:8196] [DMG] 			Attribute = 0x0000_0003,[0m
[0;34m[1784655474.992] [8196:8196] [DMG] 		}[0m
[0;34m[1784655474.992] [8196:8196] [DMG] 			[0m
[0;34m[1784655474.992] [8196:8196] [DMG] 		AttributePathIB =[0m
[0;34m[1784655474.992] [8196:8196] [DMG] 		{[0m
[0;34m[1784655474.992] [8196:8196] [DMG] 			Endpoint = 0x0,[0m
[0;34m[1784655474.992] [8196:8196] [DMG] 			Cluster = 0x46,[0m
[0;34m[1784655474.992] [8196:8196] [DMG] 			Attribute = 0x0000_0006,[0m
[0;34m[1784655474.992] [8196:8196] [DMG] 		}[0m
[0;34m[1784655474.992] [8196:8196] [DMG] 			[0m
[0;34m[1784655474.992] [8196:8196] [DMG] 		AttributePathIB =[0m
[0;34m[1784655474.992] [8196:8196] [DMG] 		{[0m
[0;34m[1784655474.992] [8196:8196] [DMG] 			Endpoint = 0x0,[0m
[0;34m[1784655474.992] [8196:8196] [DMG] 			Cluster = 0x46,[0m
[0;34m[1784655474.992] [8196:8196] [DMG] 			Attribute = 0x0000_0007,[0m
[0;34m[1784655474.992] [8196:8196] [DMG] 		}[0m
[0;34m[1784655474.992] [8196:8196] [DMG] 			[0m
[0;34m[1784655474.992] [8196:8196] [DMG] 		AttributePathIB =[0m
[0;34m[1784655474.992] [8196:8196] [DMG] 		{[0m
[0;34m[1784655474.992] [8196:8196] [DMG] 			Endpoint = 0x0,[0m
[0;34m[1784655474.992] [8196:8196] [DMG] 			Cluster = 0x46,[0m
[0;34m[1784655474.992] [8196:8196] [DMG] 			Attribute = 0x0000_0000,[0m
[0;34m[1784655474.992] [8196:8196] [DMG] 		}[0m
[0;34m[1784655474.992] [8196:8196] [DMG] 			[0m
[0;34m[1784655474.992] [8196:8196] [DMG] 		AttributePathIB =[0m
[0;34m[1784655474.992] [8196:8196] [DMG] 		{[0m
[0;34m[1784655474.992] [8196:8196] [DMG] 			Endpoint = 0x0,[0m
[0;34m[1784655474.992] [8196:8196] [DMG] 			Cluster = 0x46,[0m
[0;34m[1784655474.992] [8196:8196] [DMG] 			Attribute = 0x0000_0001,[0m
[0;34m[1784655474.992] [8196:8196] [DMG] 		}[0m
[0;34m[1784655474.992] [8196:8196] [DMG] 			[0m
[0;34m[1784655474.992] [8196:8196] [DMG] 		AttributePathIB =[0m
[0;34m[1784655474.992] [8196:8196] [DMG] 		{[0m
[0;34m[1784655474.992] [8196:8196] [DMG] 			Endpoint = 0x0,[0m
[0;34m[1784655474.992] [8196:8196] [DMG] 			Cluster = 0x46,[0m
[0;34m[1784655474.992] [8196:8196] [DMG] 			Attribute = 0x0000_0002,[0m
[0;34m[1784655474.992] [8196:8196] [DMG] 		}[0m
[0;34m[1784655474.992] [8196:8196] [DMG] 			[0m
[0;34m[1784655474.992] [8196:8196] [DMG] 	],[0m
[0;34m[1784655474.992] [8196:8196] [DMG] 		[0m
[0;34m[1784655474.992] [8196:8196] [DMG] 	isFabricFiltered = false, [0m
[0;34m[1784655474.992] [8196:8196] [DMG] 	InteractionModelRevision = 12[0m
[0;34m[1784655474.992] [8196:8196] [DMG] },[0m
[0;34m[1784655474.992] [8196:8196] [DMG] IM RH moving to [CanStartReporting][0m
[0;34m[1784655474.992] [8196:8196] [DMG] Building Reports for ReadHandler with LastReportGeneration = 0x0000000000000000 DirtyGeneration = 0x0000000000000000[0m
[0;34m[1784655474.992] [8196:8196] [DMG] <RE:Run> Cluster 46, Attribute 2 is dirty[0m
[1;31m[1784655474.993] [8196:8196] [DMG] Read request on unknown cluster - no data version available[0m
[0;32m[1784655474.993] [8196:8196] [DMG] AccessControl: checking f=0 a=p s=0xFFFFFFFB00000000 t= c=0x0000_0046 e=0 p=v r=r[0m
[0;32m[1784655474.993] [8196:8196] [DMG] AccessControl: implicit admin (PASE)[0m
[1;31m[1784655474.993] [8196:8196] [DMG] Failed to read attribute: UNSUPPORTED_CLUSTER(195)[0m
[1;31m[1784655474.993] [8196:8196] [DMG] Fail to retrieve data, roll back and encode status on clusterId: 0x0000_0046, attributeId: 0x0000_0002err = src/app/data-model-provider/ActionReturnStatus.cpp:104: IM Error 0x000005C3: General error: 0xc3 (UNSUPPORTED_CLUSTER)[0m
[0;34m[1784655474.993] [8196:8196] [DMG] <RE:Run> Cluster 46, Attribute 1 is dirty[0m
[1;31m[1784655474.993] [8196:8196] [DMG] Read request on unknown cluster - no data version available[0m
[0;32m[1784655474.993] [8196:8196] [DMG] AccessControl: checking f=0 a=p s=0xFFFFFFFB00000000 t= c=0x0000_0046 e=0 p=v r=r[0m
[0;32m[1784655474.993] [8196:8196] [DMG] AccessControl: implicit admin (PASE)[0m
[1;31m[1784655474.993] [8196:8196] [DMG] Failed to read attribute: UNSUPPORTED_CLUSTER(195)[0m
[1;31m[1784655474.993] [8196:8196] [DMG] Fail to retrieve data, roll back and encode status on clusterId: 0x0000_0046, attributeId: 0x0000_0001err = src/app/data-model-provider/ActionReturnStatus.cpp:104: IM Error 0x000005C3: General error: 0xc3 (UNSUPPORTED_CLUSTER)[0m
[0;34m[1784655474.993] [8196:8196] [DMG] <RE:Run> Cluster 46, Attribute 0 is dirty[0m
[1;31m[1784655474.993] [8196:8196] [DMG] Read request on unknown cluster - no data version available[0m
[0;32m[1784655474.993] [8196:8196] [DMG] AccessControl: checking f=0 a=p s=0xFFFFFFFB00000000 t= c=0x0000_0046 e=0 p=v r=r[0m
[0;32m[1784655474.993] [8196:8196] [DMG] AccessControl: implicit admin (PASE)[0m
[1;31m[1784655474.993] [8196:8196] [DMG] Failed to read attribute: UNSUPPORTED_CLUSTER(195)[0m
[1;31m[1784655474.993] [8196:8196] [DMG] Fail to retrieve data, roll back and encode status on clusterId: 0x0000_0046, attributeId: 0x0000_0000err = src/app/data-model-provider/ActionReturnStatus.cpp:104: IM Error 0x000005C3: General error: 0xc3 (UNSUPPORTED_CLUSTER)[0m
[0;34m[1784655474.993] [8196:8196] [DMG] <RE:Run> Cluster 46, Attribute 7 is dirty[0m
[1;31m[1784655474.993] [8196:8196] [DMG] Read request on unknown cluster - no data version available[0m
[0;32m[1784655474.993] [8196:8196] [DMG] AccessControl: checking f=0 a=p s=0xFFFFFFFB00000000 t= c=0x0000_0046 e=0 p=v r=r[0m
[0;32m[1784655474.993] [8196:8196] [DMG] AccessControl: implicit admin (PASE)[0m
[1;31m[1784655474.993] [8196:8196] [DMG] Failed to read attribute: UNSUPPORTED_CLUSTER(195)[0m
[1;31m[1784655474.993] [8196:8196] [DMG] Fail to retrieve data, roll back and encode status on clusterId: 0x0000_0046, attributeId: 0x0000_0007err = src/app/data-model-provider/ActionReturnStatus.cpp:104: IM Error 0x000005C3: General error: 0xc3 (UNSUPPORTED_CLUSTER)[0m
[0;34m[1784655474.993] [8196:8196] [DMG] <RE:Run> Cluster 46, Attribute 6 is dirty[0m
[1;31m[1784655474.993] [8196:8196] [DMG] Read request on unknown cluster - no data version available[0m
[0;32m[1784655474.993] [8196:8196] [DMG] AccessControl: checking f=0 a=p s=0xFFFFFFFB00000000 t= c=0x0000_0046 e=0 p=v r=r[0m
[0;32m[1784655474.993] [8196:8196] [DMG] AccessControl: implicit admin (PASE)[0m
[1;31m[1784655474.993] [8196:8196] [DMG] Failed to read attribute: UNSUPPORTED_CLUSTER(195)[0m
[1;31m[1784655474.993] [8196:8196] [DMG] Fail to retrieve data, roll back and encode status on clusterId: 0x0000_0046, attributeId: 0x0000_0006err = src/app/data-model-provider/ActionReturnStatus.cpp:104: IM Error 0x000005C3: General error: 0xc3 (UNSUPPORTED_CLUSTER)[0m
[0;34m[1784655474.993] [8196:8196] [DMG] <RE:Run> Cluster 31, Attribute fffc is dirty[0m
[0;32m[1784655474.993] [8196:8196] [DMG] AccessControl: checking f=0 a=p s=0xFFFFFFFB00000000 t= c=0x0000_0031 e=0 p=v r=r[0m
[0;32m[1784655474.993] [8196:8196] [DMG] AccessControl: implicit admin (PASE)[0m
[0;32m[1784655474.993] [8196:8196] [DMG] AccessControl: checking f=0 a=p s=0xFFFFFFFB00000000 t= c=0x0000_0031 e=0 p=v r=r[0m
[0;32m[1784655474.993] [8196:8196] [DMG] AccessControl: implicit admin (PASE)[0m
[0;34m[1784655474.993] [8196:8196] [DMG] Reading attribute: Cluster=0x0000_0031 Endpoint=0x0 AttributeId=0x0000_FFFC (expanded=1)[0m
[0;34m[1784655474.993] [8196:8196] [DMG] <RE> Sending report (payload has 152 bytes)...[0m
[0;32m[1784655474.993] [8196:8196] [EM] <<< [E:18174r S:59513 M:34720893 (Ack:261192230)] (S) Msg TX from 0000000000000000 to 0:FFFFFFFB00000000 [0000] [UDP:[fe80::bfe:a203:38f0:bce7%enp0s3]:45245] --- Type 0001:05 (IM:ReportData) (B:186)[0m
[0;32m[1784655474.993] [8196:8196] [EM] ??1 [E:18174r S:59513 M:34720893] (S) Msg Retransmission to 0:FFFFFFFB00000000 scheduled for 376ms from now [State:Active II:500 AI:300 AT:4000][0m
[0;34m[1784655474.993] [8196:8196] [DMG] <RE> OnReportConfirm: NumReports = 0[0m
[0;34m[1784655474.993] [8196:8196] [DMG] <RE> ReportsInFlight = 0 with readHandler 0, RE has no more messages[0m
[0;34m[1784655474.993] [8196:8196] [DMG] IM RH moving to [AwaitingDestruction][0m
[0;34m[1784655474.993] [8196:8196] [DMG] All ReadHandler-s are clean, clear GlobalDirtySet[0m
[0;32m[1784655474.993] [8196:8196] [EM] >>> [E:18173r S:59513 M:261192231 (Ack:34720892)] (S) Msg RX from 0:FFFFFFFB00000000 [0000] to 0000000000000000 --- Type 0000:10 (SecureChannel:StandaloneAck) (B:34)[0m
[0;34m[1784655474.993] [8196:8196] [EM] Found matching exchange: 18173r, Delegate: (nil)[0m
[0;34m[1784655474.993] [8196:8196] [EM] Rxd Ack; Removing MessageCounter:34720892 from Retrans Table on exchange 18173r[0m
[0;32m[1784655474.994] [8196:8196] [EM] >>> [E:18175r S:59513 M:261192232] (S) Msg RX from 0:FFFFFFFB00000000 [0000] to 0000000000000000 --- Type 0001:08 (IM:InvokeCommandRequest) (B:65)[0m
[0;34m[1784655474.994] [8196:8196] [EM] Handling via exchange: 18175r, Delegate: 0x58729a77eac8[0m
[0;34m[1784655474.994] [8196:8196] [DMG] InvokeRequestMessage =[0m
[0;34m[1784655474.994] [8196:8196] [DMG] {[0m
[0;34m[1784655474.994] [8196:8196] [DMG] 	suppressResponse = false, [0m
[0;34m[1784655474.994] [8196:8196] [DMG] 	timedRequest = false, [0m
[0;34m[1784655474.994] [8196:8196] [DMG] 	InvokeRequests =[0m
[0;34m[1784655474.994] [8196:8196] [DMG] 	[[0m
[0;34m[1784655474.994] [8196:8196] [DMG] 		CommandDataIB =[0m
[0;34m[1784655474.994] [8196:8196] [DMG] 		{[0m
[0;34m[1784655474.994] [8196:8196] [DMG] 			CommandPathIB =[0m
[0;34m[1784655474.994] [8196:8196] [DMG] 			{[0m
[0;34m[1784655474.994] [8196:8196] [DMG] 				EndpointId = 0x0,[0m
[0;34m[1784655474.994] [8196:8196] [DMG] 				ClusterId = 0x30,[0m
[0;34m[1784655474.994] [8196:8196] [DMG] 				CommandId = 0x0,[0m
[0;34m[1784655474.994] [8196:8196] [DMG] 			},[0m
[0;34m[1784655474.994] [8196:8196] [DMG] 			[0m
[0;34m[1784655474.994] [8196:8196] [DMG] 			CommandFields = [0m
[0;34m[1784655474.994] [8196:8196] [DMG] 			{[0m
[0;34m[1784655474.994] [8196:8196] [DMG] 				0x0 = 60 (unsigned), [0m
[0;34m[1784655474.994] [8196:8196] [DMG] 				0x1 = 3 (unsigned), [0m
[0;34m[1784655474.994] [8196:8196] [DMG] 			},[0m
[0;34m[1784655474.994] [8196:8196] [DMG] 		},[0m
[0;34m[1784655474.994] [8196:8196] [DMG] 		[0m
[0;34m[1784655474.994] [8196:8196] [DMG] 	],[0m
[0;34m[1784655474.994] [8196:8196] [DMG] 	[0m
[0;34m[1784655474.994] [8196:8196] [DMG] 	InteractionModelRevision = 12[0m
[0;34m[1784655474.994] [8196:8196] [DMG] },[0m
[0;32m[1784655474.994] [8196:8196] [DMG] AccessControl: checking f=0 a=p s=0xFFFFFFFB00000000 t= c=0x0000_0030 e=0 p=o r=i[0m
[0;32m[1784655474.994] [8196:8196] [DMG] AccessControl: implicit admin (PASE)[0m
[0;32m[1784655474.994] [8196:8196] [DMG] AccessControl: checking f=0 a=p s=0xFFFFFFFB00000000 t= c=0x0000_0030 e=0 p=a r=i[0m
[0;32m[1784655474.994] [8196:8196] [DMG] AccessControl: implicit admin (PASE)[0m
[0;34m[1784655474.994] [8196:8196] [DMG] Received command for Endpoint=0 Cluster=0x0000_0030 Command=0x0000_0000[0m
[0;32m[1784655474.994] [8196:8196] [FS] GeneralCommissioning: Received ArmFailSafe (60s)[0m
[0;34m[1784655474.994] [8196:8196] [DMG] Command handler moving to [NewRespons][0m
[0;34m[1784655474.994] [8196:8196] [DMG] Command handler moving to [ Preparing][0m
[0;34m[1784655474.994] [8196:8196] [DMG] Command handler moving to [AddingComm][0m
[0;34m[1784655474.994] [8196:8196] [DMG] Command handler moving to [AddedComma][0m
[0;34m[1784655474.994] [8196:8196] [DMG] Decreasing reference count for CommandHandlerImpl, remaining 1[0m
[0;34m[1784655474.994] [8196:8196] [DMG] Decreasing reference count for CommandHandlerImpl, remaining 0[0m
[0;34m[1784655474.994] [8196:8196] [DMG] Command handler moving to [AwaitingDe][0m
[0;32m[1784655474.994] [8196:8196] [EM] <<< [E:18175r S:59513 M:34720894 (Ack:261192232)] (S) Msg TX from 0000000000000000 to 0:FFFFFFFB00000000 [0000] [UDP:[fe80::bfe:a203:38f0:bce7%enp0s3]:45245] --- Type 0001:09 (IM:InvokeCommandResponse) (B:70)[0m
[0;32m[1784655474.994] [8196:8196] [EM] ??1 [E:18175r S:59513 M:34720894] (S) Msg Retransmission to 0:FFFFFFFB00000000 scheduled for 406ms from now [State:Active II:500 AI:300 AT:4000][0m
[0;34m[1784655474.994] [8196:8196] [DMG] Command response sender moving to [AllInvokeR][0m
[0;32m[1784655474.994] [8196:8196] [EM] >>> [E:18174r S:59513 M:261192233 (Ack:34720893)] (S) Msg RX from 0:FFFFFFFB00000000 [0000] to 0000000000000000 --- Type 0000:10 (SecureChannel:StandaloneAck) (B:34)[0m
[0;34m[1784655474.994] [8196:8196] [EM] Found matching exchange: 18174r, Delegate: (nil)[0m
[0;34m[1784655474.994] [8196:8196] [EM] Rxd Ack; Removing MessageCounter:34720893 from Retrans Table on exchange 18174r[0m
[0;32m[1784655474.994] [8196:8196] [EM] >>> [E:18176r S:59513 M:261192234] (S) Msg RX from 0:FFFFFFFB00000000 [0000] to 0000000000000000 --- Type 0001:08 (IM:InvokeCommandRequest) (B:70)[0m
[0;34m[1784655474.994] [8196:8196] [EM] Handling via exchange: 18176r, Delegate: 0x58729a77eac8[0m
[0;34m[1784655474.994] [8196:8196] [DMG] InvokeRequestMessage =[0m
[0;34m[1784655474.994] [8196:8196] [DMG] {[0m
[0;34m[1784655474.994] [8196:8196] [DMG] 	suppressResponse = false, [0m
[0;34m[1784655474.994] [8196:8196] [DMG] 	timedRequest = false, [0m
[0;34m[1784655474.994] [8196:8196] [DMG] 	InvokeRequests =[0m
[0;34m[1784655474.994] [8196:8196] [DMG] 	[[0m
[0;34m[1784655474.994] [8196:8196] [DMG] 		CommandDataIB =[0m
[0;34m[1784655474.994] [8196:8196] [DMG] 		{[0m
[0;34m[1784655474.994] [8196:8196] [DMG] 			CommandPathIB =[0m
[0;34m[1784655474.994] [8196:8196] [DMG] 			{[0m
[0;34m[1784655474.994] [8196:8196] [DMG] 				EndpointId = 0x0,[0m
[0;34m[1784655474.994] [8196:8196] [DMG] 				ClusterId = 0x30,[0m
[0;34m[1784655474.994] [8196:8196] [DMG] 				CommandId = 0x2,[0m
[0;34m[1784655474.994] [8196:8196] [DMG] 			},[0m
[0;34m[1784655474.994] [8196:8196] [DMG] 			[0m
[0;34m[1784655474.994] [8196:8196] [DMG] 			CommandFields = [0m
[0;34m[1784655474.994] [8196:8196] [DMG] 			{[0m
[0;34m[1784655474.994] [8196:8196] [DMG] 				0x0 = 0 (unsigned), [0m
[0;34m[1784655474.994] [8196:8196] [DMG] 				0x1 = "XX" (2 chars), [0m
[0;34m[1784655474.994] [8196:8196] [DMG] 				0x2 = 4 (unsigned), [0m
[0;34m[1784655474.994] [8196:8196] [DMG] 			},[0m
[0;34m[1784655474.994] [8196:8196] [DMG] 		},[0m
[0;34m[1784655474.994] [8196:8196] [DMG] 		[0m
[0;34m[1784655474.994] [8196:8196] [DMG] 	],[0m
[0;34m[1784655474.994] [8196:8196] [DMG] 	[0m
[0;34m[1784655474.994] [8196:8196] [DMG] 	InteractionModelRevision = 12[0m
[0;34m[1784655474.994] [8196:8196] [DMG] },[0m
[0;32m[1784655474.994] [8196:8196] [DMG] AccessControl: checking f=0 a=p s=0xFFFFFFFB00000000 t= c=0x0000_0030 e=0 p=o r=i[0m
[0;32m[1784655474.994] [8196:8196] [DMG] AccessControl: implicit admin (PASE)[0m
[0;32m[1784655474.994] [8196:8196] [DMG] AccessControl: checking f=0 a=p s=0xFFFFFFFB00000000 t= c=0x0000_0030 e=0 p=a r=i[0m
[0;32m[1784655474.994] [8196:8196] [DMG] AccessControl: implicit admin (PASE)[0m
[0;34m[1784655474.994] [8196:8196] [DMG] Received command for Endpoint=0 Cluster=0x0000_0030 Command=0x0000_0002[0m
[0;34m[1784655474.998] [8196:8196] [DL] Wrote settings to /tmp/chip_config.ini[0m
[0;32m[1784655474.998] [8196:8196] [DL] NVS set: chip-config/regulatory-location = 0 (0x0)[0m
[0;34m[1784655475.000] [8196:8196] [DL] Wrote settings to /tmp/chip_config.ini[0m
[0;32m[1784655475.000] [8196:8196] [DL] NVS set: chip-config/country-code = "XX"[0m
[0;34m[1784655475.000] [8196:8196] [DMG] Command handler moving to [NewRespons][0m
[0;34m[1784655475.000] [8196:8196] [DMG] Command handler moving to [ Preparing][0m
[0;34m[1784655475.000] [8196:8196] [DMG] Command handler moving to [AddingComm][0m
[0;34m[1784655475.000] [8196:8196] [DMG] Command handler moving to [AddedComma][0m
[0;34m[1784655475.000] [8196:8196] [DMG] Decreasing reference count for CommandHandlerImpl, remaining 1[0m
[0;34m[1784655475.000] [8196:8196] [DMG] Decreasing reference count for CommandHandlerImpl, remaining 0[0m
[0;34m[1784655475.000] [8196:8196] [DMG] Command handler moving to [AwaitingDe][0m
[0;32m[1784655475.000] [8196:8196] [EM] <<< [E:18176r S:59513 M:34720895 (Ack:261192234)] (S) Msg TX from 0000000000000000 to 0:FFFFFFFB00000000 [0000] [UDP:[fe80::bfe:a203:38f0:bce7%enp0s3]:45245] --- Type 0001:09 (IM:InvokeCommandResponse) (B:70)[0m
[0;32m[1784655475.001] [8196:8196] [EM] ??1 [E:18176r S:59513 M:34720895] (S) Msg Retransmission to 0:FFFFFFFB00000000 scheduled for 391ms from now [State:Active II:500 AI:300 AT:4000][0m
[0;34m[1784655475.001] [8196:8196] [DMG] Command response sender moving to [AllInvokeR][0m
[0;32m[1784655475.001] [8196:8196] [EM] >>> [E:18175r S:59513 M:261192235 (Ack:34720894)] (S) Msg RX from 0:FFFFFFFB00000000 [0000] to 0000000000000000 --- Type 0000:10 (SecureChannel:StandaloneAck) (B:34)[0m
[0;34m[1784655475.001] [8196:8196] [EM] Found matching exchange: 18175r, Delegate: (nil)[0m
[0;34m[1784655475.001] [8196:8196] [EM] Rxd Ack; Removing MessageCounter:34720894 from Retrans Table on exchange 18175r[0m
[0;32m[1784655475.001] [8196:8196] [EM] >>> [E:18177r S:59513 M:261192236] (S) Msg RX from 0:FFFFFFFB00000000 [0000] to 0000000000000000 --- Type 0001:08 (IM:InvokeCommandRequest) (B:72)[0m
[0;34m[1784655475.001] [8196:8196] [EM] Handling via exchange: 18177r, Delegate: 0x58729a77eac8[0m
[0;34m[1784655475.001] [8196:8196] [DMG] InvokeRequestMessage =[0m
[0;34m[1784655475.001] [8196:8196] [DMG] {[0m
[0;34m[1784655475.001] [8196:8196] [DMG] 	suppressResponse = false, [0m
[0;34m[1784655475.001] [8196:8196] [DMG] 	timedRequest = false, [0m
[0;34m[1784655475.001] [8196:8196] [DMG] 	InvokeRequests =[0m
[0;34m[1784655475.001] [8196:8196] [DMG] 	[[0m
[0;34m[1784655475.001] [8196:8196] [DMG] 		CommandDataIB =[0m
[0;34m[1784655475.001] [8196:8196] [DMG] 		{[0m
[0;34m[1784655475.001] [8196:8196] [DMG] 			CommandPathIB =[0m
[0;34m[1784655475.001] [8196:8196] [DMG] 			{[0m
[0;34m[1784655475.001] [8196:8196] [DMG] 				EndpointId = 0x0,[0m
[0;34m[1784655475.001] [8196:8196] [DMG] 				ClusterId = 0x38,[0m
[0;34m[1784655475.001] [8196:8196] [DMG] 				CommandId = 0x0,[0m
[0;34m[1784655475.001] [8196:8196] [DMG] 			},[0m
[0;34m[1784655475.001] [8196:8196] [DMG] 			[0m
[0;34m[1784655475.001] [8196:8196] [DMG] 			CommandFields = [0m
[0;34m[1784655475.001] [8196:8196] [DMG] 			{[0m
[0;34m[1784655475.001] [8196:8196] [DMG] 				0x0 = 837970675001248 (unsigned), [0m
[0;34m[1784655475.001] [8196:8196] [DMG] 				0x1 = 2 (unsigned), [0m
[0;34m[1784655475.001] [8196:8196] [DMG] 			},[0m
[0;34m[1784655475.001] [8196:8196] [DMG] 		},[0m
[0;34m[1784655475.001] [8196:8196] [DMG] 		[0m
[0;34m[1784655475.001] [8196:8196] [DMG] 	],[0m
[0;34m[1784655475.001] [8196:8196] [DMG] 	[0m
[0;34m[1784655475.001] [8196:8196] [DMG] 	InteractionModelRevision = 12[0m
[0;34m[1784655475.001] [8196:8196] [DMG] },[0m
[0;32m[1784655475.001] [8196:8196] [DMG] AccessControl: checking f=0 a=p s=0xFFFFFFFB00000000 t= c=0x0000_0038 e=0 p=o r=i[0m
[0;32m[1784655475.001] [8196:8196] [DMG] AccessControl: implicit admin (PASE)[0m
[0;32m[1784655475.001] [8196:8196] [DMG] AccessControl: checking f=0 a=p s=0xFFFFFFFB00000000 t= c=0x0000_0038 e=0 p=a r=i[0m
[0;32m[1784655475.001] [8196:8196] [DMG] AccessControl: implicit admin (PASE)[0m
[0;34m[1784655475.001] [8196:8196] [DMG] Received command for Endpoint=0 Cluster=0x0000_0038 Command=0x0000_0000[0m
[1;31m[1784655475.001] [8196:8196] [DMG] Endpoint=0 Cluster=0x0000_0038 Command=0x0000_0000 status 0x01 (FAILURE) ClusterSpecificCode=2 (no additional context)[0m
[0;34m[1784655475.001] [8196:8196] [DMG] Command handler moving to [NewRespons][0m
[0;34m[1784655475.001] [8196:8196] [DMG] Command handler moving to [ Preparing][0m
[0;34m[1784655475.001] [8196:8196] [DMG] Command handler moving to [AddingComm][0m
[0;34m[1784655475.001] [8196:8196] [DMG] Command handler moving to [AddedComma][0m
[0;34m[1784655475.001] [8196:8196] [DMG] Decreasing reference count for CommandHandlerImpl, remaining 1[0m
[0;34m[1784655475.001] [8196:8196] [DMG] Decreasing reference count for CommandHandlerImpl, remaining 0[0m
[0;34m[1784655475.001] [8196:8196] [DMG] Command handler moving to [AwaitingDe][0m
[0;32m[1784655475.001] [8196:8196] [EM] <<< [E:18177r S:59513 M:34720896 (Ack:261192236)] (S) Msg TX from 0000000000000000 to 0:FFFFFFFB00000000 [0000] [UDP:[fe80::bfe:a203:38f0:bce7%enp0s3]:45245] --- Type 0001:09 (IM:InvokeCommandResponse) (B:70)[0m
[0;32m[1784655475.001] [8196:8196] [EM] ??1 [E:18177r S:59513 M:34720896] (S) Msg Retransmission to 0:FFFFFFFB00000000 scheduled for 360ms from now [State:Active II:500 AI:300 AT:4000][0m
[0;34m[1784655475.001] [8196:8196] [DMG] Command response sender moving to [AllInvokeR][0m
[0;32m[1784655475.001] [8196:8196] [EM] >>> [E:18176r S:59513 M:261192237 (Ack:34720895)] (S) Msg RX from 0:FFFFFFFB00000000 [0000] to 0000000000000000 --- Type 0000:10 (SecureChannel:StandaloneAck) (B:34)[0m
[0;34m[1784655475.001] [8196:8196] [EM] Found matching exchange: 18176r, Delegate: (nil)[0m
[0;34m[1784655475.001] [8196:8196] [EM] Rxd Ack; Removing MessageCounter:34720895 from Retrans Table on exchange 18176r[0m
[0;32m[1784655475.001] [8196:8196] [EM] >>> [E:18178r S:59513 M:261192238] (S) Msg RX from 0:FFFFFFFB00000000 [0000] to 0000000000000000 --- Type 0001:08 (IM:InvokeCommandRequest) (B:62)[0m
[0;34m[1784655475.001] [8196:8196] [EM] Handling via exchange: 18178r, Delegate: 0x58729a77eac8[0m
[0;34m[1784655475.001] [8196:8196] [DMG] InvokeRequestMessage =[0m
[0;34m[1784655475.001] [8196:8196] [DMG] {[0m
[0;34m[1784655475.001] [8196:8196] [DMG] 	suppressResponse = false, [0m
[0;34m[1784655475.001] [8196:8196] [DMG] 	timedRequest = false, [0m
[0;34m[1784655475.001] [8196:8196] [DMG] 	InvokeRequests =[0m
[0;34m[1784655475.001] [8196:8196] [DMG] 	[[0m
[0;34m[1784655475.001] [8196:8196] [DMG] 		CommandDataIB =[0m
[0;34m[1784655475.001] [8196:8196] [DMG] 		{[0m
[0;34m[1784655475.001] [8196:8196] [DMG] 			CommandPathIB =[0m
[0;34m[1784655475.001] [8196:8196] [DMG] 			{[0m
[0;34m[1784655475.001] [8196:8196] [DMG] 				EndpointId = 0x0,[0m
[0;34m[1784655475.001] [8196:8196] [DMG] 				ClusterId = 0x3e,[0m
[0;34m[1784655475.001] [8196:8196] [DMG] 				CommandId = 0x2,[0m
[0;34m[1784655475.001] [8196:8196] [DMG] 			},[0m
[0;34m[1784655475.001] [8196:8196] [DMG] 			[0m
[0;34m[1784655475.001] [8196:8196] [DMG] 			CommandFields = [0m
[0;34m[1784655475.001] [8196:8196] [DMG] 			{[0m
[0;34m[1784655475.001] [8196:8196] [DMG] 				0x0 = 2 (unsigned), [0m
[0;34m[1784655475.001] [8196:8196] [DMG] 			},[0m
[0;34m[1784655475.001] [8196:8196] [DMG] 		},[0m
[0;34m[1784655475.001] [8196:8196] [DMG] 		[0m
[0;34m[1784655475.001] [8196:8196] [DMG] 	],[0m
[0;34m[1784655475.001] [8196:8196] [DMG] 	[0m
[0;34m[1784655475.001] [8196:8196] [DMG] 	InteractionModelRevision = 12[0m
[0;34m[1784655475.001] [8196:8196] [DMG] },[0m
[0;32m[1784655475.001] [8196:8196] [DMG] AccessControl: checking f=0 a=p s=0xFFFFFFFB00000000 t= c=0x0000_003E e=0 p=o r=i[0m
[0;32m[1784655475.001] [8196:8196] [DMG] AccessControl: implicit admin (PASE)[0m
[0;32m[1784655475.001] [8196:8196] [DMG] AccessControl: checking f=0 a=p s=0xFFFFFFFB00000000 t= c=0x0000_003E e=0 p=a r=i[0m
[0;32m[1784655475.001] [8196:8196] [DMG] AccessControl: implicit admin (PASE)[0m
[0;34m[1784655475.001] [8196:8196] [DMG] Received command for Endpoint=0 Cluster=0x0000_003E Command=0x0000_0002[0m
[0;32m[1784655475.001] [8196:8196] [ZCL] OpCreds: Certificate Chain request received for PAI[0m
[0;34m[1784655475.001] [8196:8196] [DMG] Command handler moving to [NewRespons][0m
[0;34m[1784655475.001] [8196:8196] [DMG] Command handler moving to [ Preparing][0m
[0;34m[1784655475.001] [8196:8196] [DMG] Command handler moving to [AddingComm][0m
[0;34m[1784655475.001] [8196:8196] [DMG] Command handler moving to [AddedComma][0m
[0;34m[1784655475.001] [8196:8196] [DMG] Decreasing reference count for CommandHandlerImpl, remaining 1[0m
[0;34m[1784655475.001] [8196:8196] [DMG] Decreasing reference count for CommandHandlerImpl, remaining 0[0m
[0;34m[1784655475.001] [8196:8196] [DMG] Command handler moving to [AwaitingDe][0m
[0;32m[1784655475.001] [8196:8196] [EM] <<< [E:18178r S:59513 M:34720897 (Ack:261192238)] (S) Msg TX from 0000000000000000 to 0:FFFFFFFB00000000 [0000] [UDP:[fe80::bfe:a203:38f0:bce7%enp0s3]:45245] --- Type 0001:09 (IM:InvokeCommandResponse) (B:531)[0m
[0;32m[1784655475.002] [8196:8196] [EM] ??1 [E:18178r S:59513 M:34720897] (S) Msg Retransmission to 0:FFFFFFFB00000000 scheduled for 382ms from now [State:Active II:500 AI:300 AT:4000][0m
[0;34m[1784655475.002] [8196:8196] [DMG] Command response sender moving to [AllInvokeR][0m
[0;32m[1784655475.002] [8196:8196] [EM] >>> [E:18177r S:59513 M:261192239 (Ack:34720896)] (S) Msg RX from 0:FFFFFFFB00000000 [0000] to 0000000000000000 --- Type 0000:10 (SecureChannel:StandaloneAck) (B:34)[0m
[0;34m[1784655475.002] [8196:8196] [EM] Found matching exchange: 18177r, Delegate: (nil)[0m
[0;34m[1784655475.002] [8196:8196] [EM] Rxd Ack; Removing MessageCounter:34720896 from Retrans Table on exchange 18177r[0m
[0;32m[1784655475.002] [8196:8196] [EM] >>> [E:18179r S:59513 M:261192240] (S) Msg RX from 0:FFFFFFFB00000000 [0000] to 0000000000000000 --- Type 0001:08 (IM:InvokeCommandRequest) (B:62)[0m
[0;34m[1784655475.002] [8196:8196] [EM] Handling via exchange: 18179r, Delegate: 0x58729a77eac8[0m
[0;34m[1784655475.002] [8196:8196] [DMG] InvokeRequestMessage =[0m
[0;34m[1784655475.002] [8196:8196] [DMG] {[0m
[0;34m[1784655475.002] [8196:8196] [DMG] 	suppressResponse = false, [0m
[0;34m[1784655475.002] [8196:8196] [DMG] 	timedRequest = false, [0m
[0;34m[1784655475.002] [8196:8196] [DMG] 	InvokeRequests =[0m
[0;34m[1784655475.002] [8196:8196] [DMG] 	[[0m
[0;34m[1784655475.002] [8196:8196] [DMG] 		CommandDataIB =[0m
[0;34m[1784655475.002] [8196:8196] [DMG] 		{[0m
[0;34m[1784655475.002] [8196:8196] [DMG] 			CommandPathIB =[0m
[0;34m[1784655475.002] [8196:8196] [DMG] 			{[0m
[0;34m[1784655475.002] [8196:8196] [DMG] 				EndpointId = 0x0,[0m
[0;34m[1784655475.002] [8196:8196] [DMG] 				ClusterId = 0x3e,[0m
[0;34m[1784655475.002] [8196:8196] [DMG] 				CommandId = 0x2,[0m
[0;34m[1784655475.002] [8196:8196] [DMG] 			},[0m
[0;34m[1784655475.002] [8196:8196] [DMG] 			[0m
[0;34m[1784655475.002] [8196:8196] [DMG] 			CommandFields = [0m
[0;34m[1784655475.002] [8196:8196] [DMG] 			{[0m
[0;34m[1784655475.002] [8196:8196] [DMG] 				0x0 = 1 (unsigned), [0m
[0;34m[1784655475.002] [8196:8196] [DMG] 			},[0m
[0;34m[1784655475.002] [8196:8196] [DMG] 		},[0m
[0;34m[1784655475.002] [8196:8196] [DMG] 		[0m
[0;34m[1784655475.002] [8196:8196] [DMG] 	],[0m
[0;34m[1784655475.002] [8196:8196] [DMG] 	[0m
[0;34m[1784655475.002] [8196:8196] [DMG] 	InteractionModelRevision = 12[0m
[0;34m[1784655475.002] [8196:8196] [DMG] },[0m
[0;32m[1784655475.002] [8196:8196] [DMG] AccessControl: checking f=0 a=p s=0xFFFFFFFB00000000 t= c=0x0000_003E e=0 p=o r=i[0m
[0;32m[1784655475.002] [8196:8196] [DMG] AccessControl: implicit admin (PASE)[0m
[0;32m[1784655475.002] [8196:8196] [DMG] AccessControl: checking f=0 a=p s=0xFFFFFFFB00000000 t= c=0x0000_003E e=0 p=a r=i[0m
[0;32m[1784655475.002] [8196:8196] [DMG] AccessControl: implicit admin (PASE)[0m
[0;34m[1784655475.002] [8196:8196] [DMG] Received command for Endpoint=0 Cluster=0x0000_003E Command=0x0000_0002[0m
[0;32m[1784655475.002] [8196:8196] [ZCL] OpCreds: Certificate Chain request received for DAC[0m
[0;34m[1784655475.002] [8196:8196] [DMG] Command handler moving to [NewRespons][0m
[0;34m[1784655475.002] [8196:8196] [DMG] Command handler moving to [ Preparing][0m
[0;34m[1784655475.002] [8196:8196] [DMG] Command handler moving to [AddingComm][0m
[0;34m[1784655475.002] [8196:8196] [DMG] Command handler moving to [AddedComma][0m
[0;34m[1784655475.002] [8196:8196] [DMG] Decreasing reference count for CommandHandlerImpl, remaining 1[0m
[0;34m[1784655475.002] [8196:8196] [DMG] Decreasing reference count for CommandHandlerImpl, remaining 0[0m
[0;34m[1784655475.002] [8196:8196] [DMG] Command handler moving to [AwaitingDe][0m
[0;32m[1784655475.002] [8196:8196] [EM] <<< [E:18179r S:59513 M:34720898 (Ack:261192240)] (S) Msg TX from 0000000000000000 to 0:FFFFFFFB00000000 [0000] [UDP:[fe80::bfe:a203:38f0:bce7%enp0s3]:45245] --- Type 0001:09 (IM:InvokeCommandResponse) (B:559)[0m
[0;32m[1784655475.002] [8196:8196] [EM] ??1 [E:18179r S:59513 M:34720898] (S) Msg Retransmission to 0:FFFFFFFB00000000 scheduled for 387ms from now [State:Active II:500 AI:300 AT:4000][0m
[0;34m[1784655475.002] [8196:8196] [DMG] Command response sender moving to [AllInvokeR][0m
[0;32m[1784655475.002] [8196:8196] [EM] >>> [E:18178r S:59513 M:261192241 (Ack:34720897)] (S) Msg RX from 0:FFFFFFFB00000000 [0000] to 0000000000000000 --- Type 0000:10 (SecureChannel:StandaloneAck) (B:34)[0m
[0;34m[1784655475.002] [8196:8196] [EM] Found matching exchange: 18178r, Delegate: (nil)[0m
[0;34m[1784655475.002] [8196:8196] [EM] Rxd Ack; Removing MessageCounter:34720897 from Retrans Table on exchange 18178r[0m
[0;32m[1784655475.002] [8196:8196] [EM] >>> [E:18180r S:59513 M:261192242] (S) Msg RX from 0:FFFFFFFB00000000 [0000] to 0000000000000000 --- Type 0001:08 (IM:InvokeCommandRequest) (B:94)[0m
[0;34m[1784655475.002] [8196:8196] [EM] Handling via exchange: 18180r, Delegate: 0x58729a77eac8[0m
[0;34m[1784655475.002] [8196:8196] [DMG] InvokeRequestMessage =[0m
[0;34m[1784655475.002] [8196:8196] [DMG] {[0m
[0;34m[1784655475.002] [8196:8196] [DMG] 	suppressResponse = false, [0m
[0;34m[1784655475.002] [8196:8196] [DMG] 	timedRequest = false, [0m
[0;34m[1784655475.002] [8196:8196] [DMG] 	InvokeRequests =[0m
[0;34m[1784655475.002] [8196:8196] [DMG] 	[[0m
[0;34m[1784655475.002] [8196:8196] [DMG] 		CommandDataIB =[0m
[0;34m[1784655475.002] [8196:8196] [DMG] 		{[0m
[0;34m[1784655475.002] [8196:8196] [DMG] 			CommandPathIB =[0m
[0;34m[1784655475.002] [8196:8196] [DMG] 			{[0m
[0;34m[1784655475.002] [8196:8196] [DMG] 				EndpointId = 0x0,[0m
[0;34m[1784655475.002] [8196:8196] [DMG] 				ClusterId = 0x3e,[0m
[0;34m[1784655475.002] [8196:8196] [DMG] 				CommandId = 0x0,[0m
[0;34m[1784655475.002] [8196:8196] [DMG] 			},[0m
[0;34m[1784655475.002] [8196:8196] [DMG] 			[0m
[0;34m[1784655475.002] [8196:8196] [DMG] 			CommandFields = [0m
[0;34m[1784655475.002] [8196:8196] [DMG] 			{[0m
[0;34m[1784655475.002] [8196:8196] [DMG] 				0x0 = [[0m
[0;34m[1784655475.002] [8196:8196] [DMG] 						0xf2, 0xb0, 0x8a, 0x10, 0xf6, 0xb1, 0x64, 0xe3, 0x45, 0xad, 0xe2, 0x3e, 0xa5, 0x85, 0x6c, 0xaa, 0x0d, 0xb5, 0x97, 0x4d, 0xe1, 0x64, 0x57, 0x0b, 0x2f, 0xad, 0x76, 0xef, 0xc1, 0xef, 0xc7, 0x59, [0m
[0;34m[1784655475.002] [8196:8196] [DMG] 				] (32 bytes)[0m
[0;34m[1784655475.002] [8196:8196] [DMG] 			},[0m
[0;34m[1784655475.002] [8196:8196] [DMG] 		},[0m
[0;34m[1784655475.002] [8196:8196] [DMG] 		[0m
[0;34m[1784655475.002] [8196:8196] [DMG] 	],[0m
[0;34m[1784655475.002] [8196:8196] [DMG] 	[0m
[0;34m[1784655475.002] [8196:8196] [DMG] 	InteractionModelRevision = 12[0m
[0;34m[1784655475.002] [8196:8196] [DMG] },[0m
[0;32m[1784655475.002] [8196:8196] [DMG] AccessControl: checking f=0 a=p s=0xFFFFFFFB00000000 t= c=0x0000_003E e=0 p=o r=i[0m
[0;32m[1784655475.002] [8196:8196] [DMG] AccessControl: implicit admin (PASE)[0m
[0;32m[1784655475.002] [8196:8196] [DMG] AccessControl: checking f=0 a=p s=0xFFFFFFFB00000000 t= c=0x0000_003E e=0 p=a r=i[0m
[0;32m[1784655475.002] [8196:8196] [DMG] AccessControl: implicit admin (PASE)[0m
[0;34m[1784655475.002] [8196:8196] [DMG] Received command for Endpoint=0 Cluster=0x0000_003E Command=0x0000_0000[0m
[0;32m[1784655475.002] [8196:8196] [ZCL] OpCreds: Received an AttestationRequest command[0m
[0;32m[1784655475.002] [8196:8196] [ZCL] OpCreds: AttestationRequest successful.[0m
[0;34m[1784655475.002] [8196:8196] [DMG] Command handler moving to [NewRespons][0m
[0;34m[1784655475.002] [8196:8196] [DMG] Command handler moving to [ Preparing][0m
[0;34m[1784655475.002] [8196:8196] [DMG] Command handler moving to [AddingComm][0m
[0;34m[1784655475.002] [8196:8196] [DMG] Command handler moving to [AddedComma][0m
[0;34m[1784655475.002] [8196:8196] [DMG] Decreasing reference count for CommandHandlerImpl, remaining 1[0m
[0;34m[1784655475.002] [8196:8196] [DMG] Decreasing reference count for CommandHandlerImpl, remaining 0[0m
[0;34m[1784655475.002] [8196:8196] [DMG] Command handler moving to [AwaitingDe][0m
[0;32m[1784655475.002] [8196:8196] [EM] <<< [E:18180r S:59513 M:34720899 (Ack:261192242)] (S) Msg TX from 0000000000000000 to 0:FFFFFFFB00000000 [0000] [UDP:[fe80::bfe:a203:38f0:bce7%enp0s3]:45245] --- Type 0001:09 (IM:InvokeCommandResponse) (B:718)[0m
[0;32m[1784655475.003] [8196:8196] [EM] ??1 [E:18180r S:59513 M:34720899] (S) Msg Retransmission to 0:FFFFFFFB00000000 scheduled for 409ms from now [State:Active II:500 AI:300 AT:4000][0m
[0;34m[1784655475.003] [8196:8196] [DMG] Command response sender moving to [AllInvokeR][0m
[0;32m[1784655475.003] [8196:8196] [EM] >>> [E:18179r S:59513 M:261192243 (Ack:34720898)] (S) Msg RX from 0:FFFFFFFB00000000 [0000] to 0000000000000000 --- Type 0000:10 (SecureChannel:StandaloneAck) (B:34)[0m
[0;34m[1784655475.003] [8196:8196] [EM] Found matching exchange: 18179r, Delegate: (nil)[0m
[0;34m[1784655475.003] [8196:8196] [EM] Rxd Ack; Removing MessageCounter:34720898 from Retrans Table on exchange 18179r[0m
[0;32m[1784655475.010] [8196:8196] [EM] >>> [E:18181r S:59513 M:261192244] (S) Msg RX from 0:FFFFFFFB00000000 [0000] to 0000000000000000 --- Type 0001:08 (IM:InvokeCommandRequest) (B:94)[0m
[0;34m[1784655475.010] [8196:8196] [EM] Handling via exchange: 18181r, Delegate: 0x58729a77eac8[0m
[0;34m[1784655475.010] [8196:8196] [DMG] InvokeRequestMessage =[0m
[0;34m[1784655475.010] [8196:8196] [DMG] {[0m
[0;34m[1784655475.010] [8196:8196] [DMG] 	suppressResponse = false, [0m
[0;34m[1784655475.010] [8196:8196] [DMG] 	timedRequest = false, [0m
[0;34m[1784655475.010] [8196:8196] [DMG] 	InvokeRequests =[0m
[0;34m[1784655475.010] [8196:8196] [DMG] 	[[0m
[0;34m[1784655475.010] [8196:8196] [DMG] 		CommandDataIB =[0m
[0;34m[1784655475.010] [8196:8196] [DMG] 		{[0m
[0;34m[1784655475.010] [8196:8196] [DMG] 			CommandPathIB =[0m
[0;34m[1784655475.010] [8196:8196] [DMG] 			{[0m
[0;34m[1784655475.010] [8196:8196] [DMG] 				EndpointId = 0x0,[0m
[0;34m[1784655475.010] [8196:8196] [DMG] 				ClusterId = 0x3e,[0m
[0;34m[1784655475.010] [8196:8196] [DMG] 				CommandId = 0x4,[0m
[0;34m[1784655475.010] [8196:8196] [DMG] 			},[0m
[0;34m[1784655475.010] [8196:8196] [DMG] 			[0m
[0;34m[1784655475.010] [8196:8196] [DMG] 			CommandFields = [0m
[0;34m[1784655475.010] [8196:8196] [DMG] 			{[0m
[0;34m[1784655475.010] [8196:8196] [DMG] 				0x0 = [[0m
[0;34m[1784655475.010] [8196:8196] [DMG] 						0x27, 0x4a, 0xf9, 0xcc, 0x9a, 0xef, 0x9e, 0xd3, 0xba, 0x7f, 0x0a, 0xf9, 0x27, 0x5b, 0x5b, 0x1f, 0xc6, 0x7b, 0x1f, 0xdc, 0xea, 0xa8, 0x28, 0xba, 0x37, 0x8f, 0x97, 0x75, 0x41, 0x4a, 0xee, 0xeb, [0m
[0;34m[1784655475.010] [8196:8196] [DMG] 				] (32 bytes)[0m
[0;34m[1784655475.010] [8196:8196] [DMG] 			},[0m
[0;34m[1784655475.010] [8196:8196] [DMG] 		},[0m
[0;34m[1784655475.010] [8196:8196] [DMG] 		[0m
[0;34m[1784655475.010] [8196:8196] [DMG] 	],[0m
[0;34m[1784655475.010] [8196:8196] [DMG] 	[0m
[0;34m[1784655475.010] [8196:8196] [DMG] 	InteractionModelRevision = 12[0m
[0;34m[1784655475.010] [8196:8196] [DMG] },[0m
[0;32m[1784655475.010] [8196:8196] [DMG] AccessControl: checking f=0 a=p s=0xFFFFFFFB00000000 t= c=0x0000_003E e=0 p=o r=i[0m
[0;32m[1784655475.010] [8196:8196] [DMG] AccessControl: implicit admin (PASE)[0m
[0;32m[1784655475.010] [8196:8196] [DMG] AccessControl: checking f=0 a=p s=0xFFFFFFFB00000000 t= c=0x0000_003E e=0 p=a r=i[0m
[0;32m[1784655475.010] [8196:8196] [DMG] AccessControl: implicit admin (PASE)[0m
[0;34m[1784655475.010] [8196:8196] [DMG] Received command for Endpoint=0 Cluster=0x0000_003E Command=0x0000_0004[0m
[0;32m[1784655475.010] [8196:8196] [ZCL] OpCreds: Received a CSRRequest command[0m
[0;32m[1784655475.010] [8196:8196] [ZCL] OpCreds: AllocatePendingOperationalKey succeeded[0m
[0;32m[1784655475.010] [8196:8196] [ZCL] OpCreds: CSRRequest successful.[0m
[0;34m[1784655475.010] [8196:8196] [DMG] Command handler moving to [NewRespons][0m
[0;34m[1784655475.010] [8196:8196] [DMG] Command handler moving to [ Preparing][0m
[0;34m[1784655475.011] [8196:8196] [DMG] Command handler moving to [AddingComm][0m
[0;34m[1784655475.011] [8196:8196] [DMG] Command handler moving to [AddedComma][0m
[0;34m[1784655475.011] [8196:8196] [DMG] Decreasing reference count for CommandHandlerImpl, remaining 1[0m
[0;34m[1784655475.011] [8196:8196] [DMG] Decreasing reference count for CommandHandlerImpl, remaining 0[0m
[0;34m[1784655475.011] [8196:8196] [DMG] Command handler moving to [AwaitingDe][0m
[0;32m[1784655475.011] [8196:8196] [EM] <<< [E:18181r S:59513 M:34720900 (Ack:261192244)] (S) Msg TX from 0000000000000000 to 0:FFFFFFFB00000000 [0000] [UDP:[fe80::bfe:a203:38f0:bce7%enp0s3]:45245] --- Type 0001:09 (IM:InvokeCommandResponse) (B:376)[0m
[0;32m[1784655475.011] [8196:8196] [EM] ??1 [E:18181r S:59513 M:34720900] (S) Msg Retransmission to 0:FFFFFFFB00000000 scheduled for 349ms from now [State:Active II:500 AI:300 AT:4000][0m
[0;34m[1784655475.011] [8196:8196] [DMG] Command response sender moving to [AllInvokeR][0m
[0;32m[1784655475.011] [8196:8196] [EM] >>> [E:18180r S:59513 M:261192245 (Ack:34720899)] (S) Msg RX from 0:FFFFFFFB00000000 [0000] to 0000000000000000 --- Type 0000:10 (SecureChannel:StandaloneAck) (B:34)[0m
[0;34m[1784655475.011] [8196:8196] [EM] Found matching exchange: 18180r, Delegate: (nil)[0m
[0;34m[1784655475.011] [8196:8196] [EM] Rxd Ack; Removing MessageCounter:34720899 from Retrans Table on exchange 18180r[0m
[0;32m[1784655475.013] [8196:8196] [EM] >>> [E:18182r S:59513 M:261192246] (S) Msg RX from 0:FFFFFFFB00000000 [0000] to 0000000000000000 --- Type 0001:08 (IM:InvokeCommandRequest) (B:293)[0m
[0;34m[1784655475.013] [8196:8196] [EM] Handling via exchange: 18182r, Delegate: 0x58729a77eac8[0m
[0;34m[1784655475.013] [8196:8196] [DMG] InvokeRequestMessage =[0m
[0;34m[1784655475.013] [8196:8196] [DMG] {[0m
[0;34m[1784655475.013] [8196:8196] [DMG] 	suppressResponse = false, [0m
[0;34m[1784655475.013] [8196:8196] [DMG] 	timedRequest = false, [0m
[0;34m[1784655475.013] [8196:8196] [DMG] 	InvokeRequests =[0m
[0;34m[1784655475.013] [8196:8196] [DMG] 	[[0m
[0;34m[1784655475.013] [8196:8196] [DMG] 		CommandDataIB =[0m
[0;34m[1784655475.013] [8196:8196] [DMG] 		{[0m
[0;34m[1784655475.013] [8196:8196] [DMG] 			CommandPathIB =[0m
[0;34m[1784655475.013] [8196:8196] [DMG] 			{[0m
[0;34m[1784655475.013] [8196:8196] [DMG] 				EndpointId = 0x0,[0m
[0;34m[1784655475.013] [8196:8196] [DMG] 				ClusterId = 0x3e,[0m
[0;34m[1784655475.013] [8196:8196] [DMG] 				CommandId = 0xb,[0m
[0;34m[1784655475.013] [8196:8196] [DMG] 			},[0m
[0;34m[1784655475.013] [8196:8196] [DMG] 			[0m
[0;34m[1784655475.013] [8196:8196] [DMG] 			CommandFields = [0m
[0;34m[1784655475.013] [8196:8196] [DMG] 			{[0m
[0;34m[1784655475.013] [8196:8196] [DMG] 				0x0 = [[0m
[0;34m[1784655475.013] [8196:8196] [DMG] 						0x15, 0x30, 0x01, 0x01, 0x01, 0x24, 0x02, 0x01, 0x37, 0x03, 0x24, 0x14, 0x01, 0x18, 0x26, 0x04, 0x80, 0x22, 0x81, 0x27, 0x26, 0x05, 0x80, 0x25, 0x4d, 0x3a, 0x37, 0x06, 0x24, 0x14, 0x01, 0x18, 0x24, 0x07, 0x01, 0x24, 0x08, 0x01, 0x30, 0x09, 0x41, 0x04, 0xb5, 0xb6, 0x25, 0x07, 0x95, 0x05, 0x1b, 0x20, 0x0a, 0x1f, 0xe1, 0x7d, 0x3b, 0x7a, 0x68, 0x15, 0x72, 0x53, 0xd3, 0xa2, 0x0f, 0x0d, 0x51, 0xba, 0xe5, 0xbe, 0x4e, 0xa6, 0x7b, 0x65, 0xba, 0x66, 0xe7, 0x1a, 0x9d, 0xe1, 0xb7, 0x02, 0x9e, 0xe4, 0x29, 0x92, 0xe6, 0xe8, 0x1f, 0x05, 0x2e, 0xd4, 0x23, 0xd7, 0x12, 0xb9, 0x9b, 0x17, 0xde, 0x07, 0x2a, 0x9f, 0x4f, 0x21, 0x6f, 0x7c, 0xb1, 0x85, 0x37, 0x0a, 0x35, 0x01, 0x29, 0x01, 0x18, 0x24, 0x02, 0x60, 0x30, 0x04, 0x14, 0xff, 0x65, 0x24, 0x48, 0xcb, 0x72, 0x93, 0xa1, 0x32, 0xd0, 0xa4, 0xca, 0x74, 0x49, 0x90, 0xde, 0x03, 0x59, 0x3e, 0x80, 0x30, 0x05, 0x14, 0xff, 0x65, 0x24, 0x48, 0xcb, 0x72, 0x93, 0xa1, 0x32, 0xd0, 0xa4, 0xca, 0x74, 0x49, 0x90, 0xde, 0x03, 0x59, 0x3e, 0x80, 0x18, 0x30, 0x0b, 0x40, 0xad, 0x74, 0x2f, 0xbf, 0xf2, 0x93, 0xcd, 0x59, 0x0f, 0x35, 0x22, 0x63, 0x5a, 0x30, 0xfb, 0x67, 0xbf, 0x45, 0x1f, 0xf3, 0x0d, 0x92, 0x3f, 0x6e, 0x9e, 0x8c, 0x59, 0x2b, 0x1a, 0x53, 0x89, 0x89, 0xca, 0xdd, 0xd5, 0x81, 0x14, 0xa6, 0xf7, 0x60, 0x83, 0x58, 0xda, 0xaa, 0x28, 0x6b, 0x18, 0x8b, 0x63, 0x02, 0x5f, 0xd6, 0xd8, 0x04, 0x6d, 0x2d, 0x37, 0x93, 0x78, 0x55, 0xf7, 0xf7, 0xc5, 0x0b, 0x18, [0m
[0;34m[1784655475.013] [8196:8196] [DMG] 				] (231 bytes)[0m
[0;34m[1784655475.013] [8196:8196] [DMG] 			},[0m
[0;34m[1784655475.013] [8196:8196] [DMG] 		},[0m
[0;34m[1784655475.013] [8196:8196] [DMG] 		[0m
[0;34m[1784655475.013] [8196:8196] [DMG] 	],[0m
[0;34m[1784655475.013] [8196:8196] [DMG] 	[0m
[0;34m[1784655475.013] [8196:8196] [DMG] 	InteractionModelRevision = 12[0m
[0;34m[1784655475.013] [8196:8196] [DMG] },[0m
[0;32m[1784655475.013] [8196:8196] [DMG] AccessControl: checking f=0 a=p s=0xFFFFFFFB00000000 t= c=0x0000_003E e=0 p=o r=i[0m
[0;32m[1784655475.013] [8196:8196] [DMG] AccessControl: implicit admin (PASE)[0m
[0;32m[1784655475.013] [8196:8196] [DMG] AccessControl: checking f=0 a=p s=0xFFFFFFFB00000000 t= c=0x0000_003E e=0 p=a r=i[0m
[0;32m[1784655475.013] [8196:8196] [DMG] AccessControl: implicit admin (PASE)[0m
[0;34m[1784655475.013] [8196:8196] [DMG] Received command for Endpoint=0 Cluster=0x0000_003E Command=0x0000_000B[0m
[0;32m[1784655475.013] [8196:8196] [ZCL] OpCreds: Received an AddTrustedRootCertificate command[0m
[0;32m[1784655475.013] [8196:8196] [ZCL] OpCreds: AddTrustedRootCertificate successful.[0m
[0;34m[1784655475.013] [8196:8196] [DMG] Command handler moving to [NewRespons][0m
[0;34m[1784655475.013] [8196:8196] [DMG] Command handler moving to [ Preparing][0m
[0;34m[1784655475.013] [8196:8196] [DMG] Command handler moving to [AddingComm][0m
[0;34m[1784655475.013] [8196:8196] [DMG] Command handler moving to [AddedComma][0m
[0;34m[1784655475.013] [8196:8196] [DMG] Decreasing reference count for CommandHandlerImpl, remaining 1[0m
[0;34m[1784655475.013] [8196:8196] [DMG] Decreasing reference count for CommandHandlerImpl, remaining 0[0m
[0;34m[1784655475.013] [8196:8196] [DMG] Command handler moving to [AwaitingDe][0m
[0;32m[1784655475.013] [8196:8196] [EM] <<< [E:18182r S:59513 M:34720901 (Ack:261192246)] (S) Msg TX from 0000000000000000 to 0:FFFFFFFB00000000 [0000] [UDP:[fe80::bfe:a203:38f0:bce7%enp0s3]:45245] --- Type 0001:09 (IM:InvokeCommandResponse) (B:67)[0m
[0;32m[1784655475.013] [8196:8196] [EM] ??1 [E:18182r S:59513 M:34720901] (S) Msg Retransmission to 0:FFFFFFFB00000000 scheduled for 353ms from now [State:Active II:500 AI:300 AT:4000][0m
[0;34m[1784655475.013] [8196:8196] [DMG] Command response sender moving to [AllInvokeR][0m
[0;32m[1784655475.013] [8196:8196] [EM] >>> [E:18181r S:59513 M:261192247 (Ack:34720900)] (S) Msg RX from 0:FFFFFFFB00000000 [0000] to 0000000000000000 --- Type 0000:10 (SecureChannel:StandaloneAck) (B:34)[0m
[0;34m[1784655475.013] [8196:8196] [EM] Found matching exchange: 18181r, Delegate: (nil)[0m
[0;34m[1784655475.013] [8196:8196] [EM] Rxd Ack; Removing MessageCounter:34720900 from Retrans Table on exchange 18181r[0m
[0;32m[1784655475.014] [8196:8196] [EM] >>> [E:18183r S:59513 M:261192248] (S) Msg RX from 0:FFFFFFFB00000000 [0000] to 0000000000000000 --- Type 0001:08 (IM:InvokeCommandRequest) (B:566)[0m
[0;34m[1784655475.014] [8196:8196] [EM] Handling via exchange: 18183r, Delegate: 0x58729a77eac8[0m
[0;34m[1784655475.014] [8196:8196] [DMG] InvokeRequestMessage =[0m
[0;34m[1784655475.014] [8196:8196] [DMG] {[0m
[0;34m[1784655475.014] [8196:8196] [DMG] 	suppressResponse = false, [0m
[0;34m[1784655475.014] [8196:8196] [DMG] 	timedRequest = false, [0m
[0;34m[1784655475.014] [8196:8196] [DMG] 	InvokeRequests =[0m
[0;34m[1784655475.014] [8196:8196] [DMG] 	[[0m
[0;34m[1784655475.014] [8196:8196] [DMG] 		CommandDataIB =[0m
[0;34m[1784655475.014] [8196:8196] [DMG] 		{[0m
[0;34m[1784655475.014] [8196:8196] [DMG] 			CommandPathIB =[0m
[0;34m[1784655475.014] [8196:8196] [DMG] 			{[0m
[0;34m[1784655475.014] [8196:8196] [DMG] 				EndpointId = 0x0,[0m
[0;34m[1784655475.014] [8196:8196] [DMG] 				ClusterId = 0x3e,[0m
[0;34m[1784655475.014] [8196:8196] [DMG] 				CommandId = 0x6,[0m
[0;34m[1784655475.014] [8196:8196] [DMG] 			},[0m
[0;34m[1784655475.014] [8196:8196] [DMG] 			[0m
[0;34m[1784655475.014] [8196:8196] [DMG] 			CommandFields = [0m
[0;34m[1784655475.014] [8196:8196] [DMG] 			{[0m
[0;34m[1784655475.014] [8196:8196] [DMG] 				0x0 = [[0m
[0;34m[1784655475.014] [8196:8196] [DMG] 						0x15, 0x30, 0x01, 0x01, 0x01, 0x24, 0x02, 0x01, 0x37, 0x03, 0x24, 0x13, 0x02, 0x18, 0x26, 0x04, 0x80, 0x22, 0x81, 0x27, 0x26, 0x05, 0x80, 0x25, 0x4d, 0x3a, 0x37, 0x06, 0x24, 0x15, 0x01, 0x24, 0x11, 0x01, 0x18, 0x24, 0x07, 0x01, 0x24, 0x08, 0x01, 0x30, 0x09, 0x41, 0x04, 0x88, 0x53, 0x3e, 0x51, 0xcd, 0x0b, 0xa8, 0x42, 0xaa, 0x2d, 0xd8, 0xe1, 0xbd, 0xef, 0x62, 0x91, 0x85, 0x2e, 0xd3, 0xe3, 0x4b, 0xd0, 0x45, 0xa8, 0x9c, 0xb2, 0x63, 0x48, 0x43, 0x04, 0x85, 0xcb, 0x4e, 0xd5, 0xa1, 0x43, 0xf6, 0x72, 0xf5, 0xf9, 0x1c, 0xb4, 0x22, 0x01, 0xaf, 0xf1, 0xd6, 0xdf, 0x5d, 0xd3, 0x87, 0x95, 0x67, 0xf2, 0x8f, 0xa4, 0x47, 0xf1, 0x47, 0x0d, 0x29, 0xe1, 0x56, 0xc2, 0x37, 0x0a, 0x35, 0x01, 0x28, 0x01, 0x18, 0x24, 0x02, 0x01, 0x36, 0x03, 0x04, 0x02, 0x04, 0x01, 0x18, 0x30, 0x04, 0x14, 0x7d, 0x68, 0x6f, 0xf0, 0xc6, 0x57, 0x49, 0x7e, 0x63, 0x45, 0x74, 0x53, 0x24, 0x00, 0xd9, 0xdb, 0x12, 0x64, 0x79, 0xe6, 0x30, 0x05, 0x14, 0xb2, 0xe0, 0x87, 0x08, 0x0d, 0x7f, 0xfb, 0x36, 0x6c, 0x31, 0x1a, 0x7c, 0x41, 0x92, 0x66, 0x23, 0xcd, 0x19, 0xc8, 0xd0, 0x18, 0x30, 0x0b, 0x40, 0x7e, 0x61, 0xb8, 0xc2, 0xd8, 0x0d, 0xa3, 0x77, 0xae, 0xd2, 0xfa, 0x0c, 0xc4, 0x81, 0x1f, 0x5f, 0x66, 0x11, 0x57, 0x3f, 0xc9, 0x74, 0xc3, 0x4d, 0x4a, 0x3a, 0x99, 0x41, 0x5c, 0x78, 0xcd, 0x3d, 0x4a, 0xa5, 0xbf, 0xe3, 0xc7, 0x58, 0x1c, 0x92, 0x59, 0x46, 0x8f, 0xd7, 0x74, 0x42, 0x0b, 0xb9, 0x7a, 0x33, 0x4e, 0xd3, 0xb5, 0x49, 0xe6, 0x2d, 0x2d, 0x9a, 0x40, 0x3e, 0x4e, 0x1f, 0xf5, 0xbc, 0x18, [0m
[0;34m[1784655475.014] [8196:8196] [DMG] 				] (241 bytes)[0m
[0;34m[1784655475.014] [8196:8196] [DMG] 				0x1 = [[0m
[0;34m[1784655475.014] [8196:8196] [DMG] 						0x15, 0x30, 0x01, 0x01, 0x01, 0x24, 0x02, 0x01, 0x37, 0x03, 0x24, 0x14, 0x01, 0x18, 0x26, 0x04, 0x80, 0x22, 0x81, 0x27, 0x26, 0x05, 0x80, 0x25, 0x4d, 0x3a, 0x37, 0x06, 0x24, 0x13, 0x02, 0x18, 0x24, 0x07, 0x01, 0x24, 0x08, 0x01, 0x30, 0x09, 0x41, 0x04, 0xce, 0x00, 0xba, 0x39, 0x8b, 0x33, 0x96, 0x8c, 0x53, 0xd6, 0xd8, 0x17, 0xf9, 0xdd, 0xc4, 0x27, 0x92, 0xb3, 0xc6, 0x26, 0xe1, 0xf4, 0x9c, 0xc4, 0x05, 0xc1, 0x0b, 0x39, 0xd7, 0xe9, 0x4a, 0x2d, 0x54, 0xaa, 0x7e, 0x85, 0xc9, 0x19, 0x1c, 0x22, 0xd4, 0xc6, 0x48, 0x6f, 0x38, 0x56, 0x38, 0x9c, 0x6b, 0xd7, 0xe0, 0xeb, 0x88, 0xcb, 0xec, 0xb9, 0x22, 0xc2, 0x01, 0x92, 0xce, 0x38, 0xf9, 0x8f, 0x37, 0x0a, 0x35, 0x01, 0x29, 0x01, 0x18, 0x24, 0x02, 0x60, 0x30, 0x04, 0x14, 0xb2, 0xe0, 0x87, 0x08, 0x0d, 0x7f, 0xfb, 0x36, 0x6c, 0x31, 0x1a, 0x7c, 0x41, 0x92, 0x66, 0x23, 0xcd, 0x19, 0xc8, 0xd0, 0x30, 0x05, 0x14, 0xff, 0x65, 0x24, 0x48, 0xcb, 0x72, 0x93, 0xa1, 0x32, 0xd0, 0xa4, 0xca, 0x74, 0x49, 0x90, 0xde, 0x03, 0x59, 0x3e, 0x80, 0x18, 0x30, 0x0b, 0x40, 0x7a, 0x45, 0xf8, 0xc1, 0x33, 0x48, 0xe7, 0xa4, 0x41, 0xee, 0xc3, 0xd9, 0xcd, 0x1c, 0xc3, 0xc2, 0xf6, 0x48, 0x04, 0xa3, 0xa0, 0xe1, 0x9c, 0xf5, 0x29, 0xef, 0x8c, 0x58, 0xb6, 0x7a, 0x3a, 0x85, 0xa1, 0x4a, 0xe0, 0xf2, 0xfe, 0xcf, 0x05, 0x48, 0x73, 0x60, 0x2e, 0xc4, 0x77, 0xa6, 0x39, 0x94, 0x9b, 0xbf, 0xb8, 0x21, 0x17, 0x50, 0xb8, 0x53, 0xec, 0xb1, 0x21, 0xe2, 0x03, 0x1f, 0x25, 0x7d, 0x18, [0m
[0;34m[1784655475.014] [8196:8196] [DMG] 				] (231 bytes)[0m
[0;34m[1784655475.014] [8196:8196] [DMG] 				0x2 = [[0m
[0;34m[1784655475.014] [8196:8196] [DMG] 						0x74, 0x65, 0x6d, 0x70, 0x6f, 0x72, 0x61, 0x72, 0x79, 0x20, 0x69, 0x70, 0x6b, 0x20, 0x30, 0x31, [0m
[0;34m[1784655475.014] [8196:8196] [DMG] 				] (16 bytes)[0m
[0;34m[1784655475.014] [8196:8196] [DMG] 				0x3 = 112233 (unsigned), [0m
[0;34m[1784655475.014] [8196:8196] [DMG] 				0x4 = 65521 (unsigned), [0m
[0;34m[1784655475.014] [8196:8196] [DMG] 			},[0m
[0;34m[1784655475.014] [8196:8196] [DMG] 		},[0m
[0;34m[1784655475.014] [8196:8196] [DMG] 		[0m
[0;34m[1784655475.014] [8196:8196] [DMG] 	],[0m
[0;34m[1784655475.014] [8196:8196] [DMG] 	[0m
[0;34m[1784655475.014] [8196:8196] [DMG] 	InteractionModelRevision = 12[0m
[0;34m[1784655475.014] [8196:8196] [DMG] },[0m
[0;32m[1784655475.014] [8196:8196] [DMG] AccessControl: checking f=0 a=p s=0xFFFFFFFB00000000 t= c=0x0000_003E e=0 p=o r=i[0m
[0;32m[1784655475.014] [8196:8196] [DMG] AccessControl: implicit admin (PASE)[0m
[0;32m[1784655475.014] [8196:8196] [DMG] AccessControl: checking f=0 a=p s=0xFFFFFFFB00000000 t= c=0x0000_003E e=0 p=a r=i[0m
[0;32m[1784655475.014] [8196:8196] [DMG] AccessControl: implicit admin (PASE)[0m
[0;34m[1784655475.014] [8196:8196] [DMG] Received command for Endpoint=0 Cluster=0x0000_003E Command=0x0000_0006[0m
[0;32m[1784655475.014] [8196:8196] [ZCL] OpCreds: Received an AddNOC command[0m
[0;32m[1784655475.014] [8196:8196] [FP] Validating NOC chain[0m
[0;32m[1784655475.014] [8196:8196] [FP] NOC chain validation successful[0m
[0;32m[1784655475.014] [8196:8196] [FP] Added new fabric at index: 0x1[0m
[0;32m[1784655475.014] [8196:8196] [FP] Assigned compressed fabric ID: 0x7B499A75B32AF49A, node ID: 0x0000000000000001[0m
[0;32m[1784655475.014] [8196:8196] [TS] Last Known Good Time: 2023-10-14T01:16:48[0m
[0;32m[1784655475.014] [8196:8196] [TS] New proposed Last Known Good Time: 2021-01-01T00:00:00[0m
[0;32m[1784655475.014] [8196:8196] [TS] Retaining current Last Known Good Time[0m
[0;34m[1784655475.017] [8196:8196] [DL] Wrote settings to /tmp/chip_kvs_test[0m
[0;34m[1784655475.019] [8196:8196] [DL] Wrote settings to /tmp/chip_kvs_test[0m
[0;34m[1784655475.022] [8196:8196] [DL] Wrote settings to /tmp/chip_kvs_test[0m
[0;32m[1784655475.022] [8196:8196] [DMG] AccessControl: validating f=1 p=a a=c s=1 t=0[0m
[0;32m[1784655475.022] [8196:8196] [DMG]   validating subject 0x000000000001B669[0m
[0;34m[1784655475.024] [8196:8196] [DL] Wrote settings to /tmp/chip_kvs_test[0m
[0;34m[1784655475.024] [8196:8196] [EVL] LogEvent event number: 0x0000000000000004 priority: 1, endpoint id:  0x0 cluster id: 0x0000_001F event id: 0x0 Epoch timestamp: 0x0000019F85C17150[0m
[0;32m[1784655475.024] [8196:8196] [ZCL] OpCreds: ACL entry created for Fabric index 0x1 CASE Admin Subject 0x000000000001B669[0m
[0;34m[1784655475.024] [8196:8196] [DL] Using WiFi MAC for hostname[0m
[0;32m[1784655475.024] [8196:8196] [DIS] Advertise operational node 7B499A75B32AF49A-0000000000000001[0m
[0;34m[1784655475.024] [8196:8196] [DIS] Responding with _matter._tcp.local[0m
[0;34m[1784655475.024] [8196:8196] [DIS] Responding with 7B499A75B32AF49A-0000000000000001._matter._tcp.local[0m
[0;34m[1784655475.024] [8196:8196] [DIS] Responding with 7B499A75B32AF49A-0000000000000001._matter._tcp.local[0m
[0;34m[1784655475.024] [8196:8196] [DIS] Responding with 080027AE1A43.local[0m
[0;34m[1784655475.024] [8196:8196] [DIS] Responding with 080027AE1A43.local[0m
[0;34m[1784655475.024] [8196:8196] [DIS] Responding with _I7B499A75B32AF49A._sub._matter._tcp.local[0m
[0;32m[1784655475.024] [8196:8196] [DIS] CHIP minimal mDNS configured as 'Operational device'; instance name: 7B499A75B32AF49A-0000000000000001.[0m
[0;32m[1784655475.025] [8196:8196] [DIS] mDNS service published: _matter._tcp[0m
[0;34m[1784655475.025] [8196:8196] [DMG] Command handler moving to [NewRespons][0m
[0;34m[1784655475.025] [8196:8196] [DMG] Command handler moving to [ Preparing][0m
[0;34m[1784655475.025] [8196:8196] [DMG] Command handler moving to [AddingComm][0m
[0;34m[1784655475.025] [8196:8196] [DMG] Command handler moving to [AddedComma][0m
[0;32m[1784655475.025] [8196:8196] [ZCL] OpCreds: successfully created fabric index 0x1 via AddNOC[0m
[0;34m[1784655475.025] [8196:8196] [DMG] Decreasing reference count for CommandHandlerImpl, remaining 1[0m
[0;34m[1784655475.025] [8196:8196] [DMG] Decreasing reference count for CommandHandlerImpl, remaining 0[0m
[0;34m[1784655475.025] [8196:8196] [DMG] Command handler moving to [AwaitingDe][0m
[0;32m[1784655475.025] [8196:8196] [EM] <<< [E:18183r S:59513 M:34720902 (Ack:261192248)] (S) Msg TX from 0000000000000000 to 1:FFFFFFFB00000000 [F49A] [UDP:[fe80::bfe:a203:38f0:bce7%enp0s3]:45245] --- Type 0001:09 (IM:InvokeCommandResponse) (B:70)[0m
[0;32m[1784655475.025] [8196:8196] [EM] ??1 [E:18183r S:59513 M:34720902] (S) Msg Retransmission to 1:FFFFFFFB00000000 scheduled for 406ms from now [State:Active II:500 AI:300 AT:4000][0m
[0;34m[1784655475.025] [8196:8196] [DMG] Command response sender moving to [AllInvokeR][0m
[0;32m[1784655475.025] [8196:8196] [EM] >>> [E:18182r S:59513 M:261192249 (Ack:34720901)] (S) Msg RX from 1:FFFFFFFB00000000 [F49A] to 0000000000000000 --- Type 0000:10 (SecureChannel:StandaloneAck) (B:34)[0m
[0;34m[1784655475.025] [8196:8196] [EM] Found matching exchange: 18182r, Delegate: (nil)[0m
[0;34m[1784655475.025] [8196:8196] [EM] Rxd Ack; Removing MessageCounter:34720901 from Retrans Table on exchange 18182r[0m
[0;32m[1784655475.026] [8196:8196] [EM] >>> [E:18183r S:59513 M:261192250 (Ack:34720902)] (S) Msg RX from 1:FFFFFFFB00000000 [F49A] to 0000000000000000 --- Type 0000:10 (SecureChannel:StandaloneAck) (B:34)[0m
[0;34m[1784655475.026] [8196:8196] [EM] Found matching exchange: 18183r, Delegate: (nil)[0m
[0;34m[1784655475.026] [8196:8196] [EM] Rxd Ack; Removing MessageCounter:34720902 from Retrans Table on exchange 18183r[0m
[0;32m[1784655475.229] [8196:8196] [EM] >>> [E:18184r S:0 M:80950568] (U) Msg RX from 0:C17345BAC575E1C5 [0000] to 0000000000000000 --- Type 0000:30 (SecureChannel:CASE_Sigma1) (B:196)[0m
[0;34m[1784655475.229] [8196:8196] [EM] Handling via exchange: 18184r, Delegate: 0x58729a7745f8[0m
[0;32m[1784655475.229] [8196:8196] [IN] CASE Server received Sigma1 message . Starting handshake. EC 0x5872a0abe500[0m
[0;32m[1784655475.229] [8196:8196] [SC] Received Sigma1 msg[0m
[0;34m[1784655475.229] [8196:8196] [SC] Found MRP parameters in the message[0m
[0;34m[1784655475.229] [8196:8196] [SC] Peer (Initiator) assigned session ID 26051[0m
[0;32m[1784655475.230] [8196:8196] [SC] CASE matched destination ID: fabricIndex 1, NodeID 0x0000000000000001[0m
[0;32m[1784655475.231] [8196:8196] [EM] <<< [E:18184r S:0 M:249130357 (Ack:80950568)] (U) Msg TX from 0000000000000000 to 0:C17345BAC575E1C5 [0000] [UDP:[fe80::bfe:a203:38f0:bce7%enp0s3]:45245] --- Type 0000:31 (SecureChannel:CASE_Sigma2) (B:751)[0m
[0;32m[1784655475.231] [8196:8196] [EM] ??1 [E:18184r S:0 M:249130357] (U) Msg Retransmission to 0:0000000000000000 scheduled for 368ms from now [State:Active II:500 AI:300 AT:4000][0m
[0;32m[1784655475.231] [8196:8196] [SC] Sent Sigma2 msg[0m
[0;32m[1784655475.233] [8196:8196] [EM] >>> [E:18184r S:0 M:80950569 (Ack:249130357)] (U) Msg RX from 0:C17345BAC575E1C5 [0000] to 0000000000000000 --- Type 0000:32 (SecureChannel:CASE_Sigma3) (B:598)[0m
[0;34m[1784655475.233] [8196:8196] [EM] Found matching exchange: 18184r, Delegate: 0x58729a774630[0m
[0;34m[1784655475.233] [8196:8196] [EM] Rxd Ack; Removing MessageCounter:249130357 from Retrans Table on exchange 18184r[0m
[0;32m[1784655475.233] [8196:8196] [SC] Received Sigma3 msg[0m
[1;31m[1784655475.233] [8196:8196] [SC] The device does not support GetClock_RealTimeMS() API: src/protocols/secure_channel/CASESession.cpp:2276: CHIP Error 0x0000006C: Required feature not supported by this configuration.  Falling back to Last Known Good UTC Time[0m
[0;34m[1784655475.236] [8196:8196] [DL] Wrote settings to /tmp/chip_kvs_test[0m
[0;34m[1784655475.239] [8196:8196] [DL] Wrote settings to /tmp/chip_kvs_test[0m
[0;34m[1784655475.241] [8196:8196] [DL] Wrote settings to /tmp/chip_kvs_test[0m
[0;34m[1784655475.241] [8196:8196] [SC] Sending status report. Protocol code 0, exchange 18184[0m
[0;32m[1784655475.241] [8196:8196] [EM] <<< [E:18184r S:0 M:249130358 (Ack:80950569)] (U) Msg TX from 0000000000000000 to 0:C17345BAC575E1C5 [0000] [UDP:[fe80::bfe:a203:38f0:bce7%enp0s3]:45245] --- Type 0000:40 (SecureChannel:StatusReport) (B:34)[0m
[0;32m[1784655475.241] [8196:8196] [EM] ??1 [E:18184r S:0 M:249130358] (U) Msg Retransmission to 0:0000000000000000 scheduled for 389ms from now [State:Active II:500 AI:300 AT:4000][0m
[0;32m[1784655475.241] [8196:8196] [SC] SecureSession[0x5872a0aa5da0, LSID:59514]: State change 'kEstablishing' --> 'kActive'[0m
[0;34m[1784655475.241] [8196:8196] [IN] SecureSession[0x5872a0aa5da0]: Activated - Type:2 LSID:59514[0m
[0;34m[1784655475.241] [8196:8196] [IN] New secure session activated for device <000000000001B669, 1>, LSID:59514 PSID:26051![0m
[0;32m[1784655475.241] [8196:8196] [IN] CASE Session established to peer: <000000000001B669, 1>[0m
[0;34m[1784655475.241] [8196:8196] [IN] SecureSession[0x5872a0ac0f00]: Allocated Type:2 LSID:59515[0m
[0;34m[1784655475.241] [8196:8196] [SC] Allocated SecureSession (0x5872a0ac0f00) - waiting for Sigma1 msg[0m
[0;32m[1784655475.243] [8196:8196] [EM] >>> [E:18185r S:59514 M:29294355] (S) Msg RX from 1:000000000001B669 [F49A] to 0000000000000001 --- Type 0001:08 (IM:InvokeCommandRequest) (B:59)[0m
[0;34m[1784655475.243] [8196:8196] [EM] Handling via exchange: 18185r, Delegate: 0x58729a77eac8[0m
[0;34m[1784655475.243] [8196:8196] [DMG] InvokeRequestMessage =[0m
[0;34m[1784655475.243] [8196:8196] [DMG] {[0m
[0;34m[1784655475.243] [8196:8196] [DMG] 	suppressResponse = false, [0m
[0;34m[1784655475.243] [8196:8196] [DMG] 	timedRequest = false, [0m
[0;34m[1784655475.243] [8196:8196] [DMG] 	InvokeRequests =[0m
[0;34m[1784655475.243] [8196:8196] [DMG] 	[[0m
[0;34m[1784655475.243] [8196:8196] [DMG] 		CommandDataIB =[0m
[0;34m[1784655475.243] [8196:8196] [DMG] 		{[0m
[0;34m[1784655475.243] [8196:8196] [DMG] 			CommandPathIB =[0m
[0;34m[1784655475.243] [8196:8196] [DMG] 			{[0m
[0;34m[1784655475.243] [8196:8196] [DMG] 				EndpointId = 0x0,[0m
[0;34m[1784655475.243] [8196:8196] [DMG] 				ClusterId = 0x30,[0m
[0;34m[1784655475.243] [8196:8196] [DMG] 				CommandId = 0x4,[0m
[0;34m[1784655475.243] [8196:8196] [DMG] 			},[0m
[0;34m[1784655475.243] [8196:8196] [DMG] 			[0m
[0;34m[1784655475.243] [8196:8196] [DMG] 			CommandFields = [0m
[0;34m[1784655475.243] [8196:8196] [DMG] 			{[0m
[0;34m[1784655475.243] [8196:8196] [DMG] 			},[0m
[0;34m[1784655475.243] [8196:8196] [DMG] 		},[0m
[0;34m[1784655475.243] [8196:8196] [DMG] 		[0m
[0;34m[1784655475.243] [8196:8196] [DMG] 	],[0m
[0;34m[1784655475.243] [8196:8196] [DMG] 	[0m
[0;34m[1784655475.243] [8196:8196] [DMG] 	InteractionModelRevision = 12[0m
[0;34m[1784655475.243] [8196:8196] [DMG] },[0m
[0;32m[1784655475.243] [8196:8196] [DMG] AccessControl: checking f=1 a=c s=0x000000000001B669 t= c=0x0000_0030 e=0 p=o r=i[0m
[0;32m[1784655475.243] [8196:8196] [DMG] AccessControl: allowed[0m
[0;32m[1784655475.243] [8196:8196] [DMG] AccessControl: checking f=1 a=c s=0x000000000001B669 t= c=0x0000_0030 e=0 p=a r=i[0m
[0;32m[1784655475.243] [8196:8196] [DMG] AccessControl: allowed[0m
[0;34m[1784655475.243] [8196:8196] [DMG] Received command for Endpoint=0 Cluster=0x0000_0030 Command=0x0000_0004[0m
[0;32m[1784655475.243] [8196:8196] [FS] GeneralCommissioning: Received CommissioningComplete[0m
[0;34m[1784655475.245] [8196:8196] [DL] Wrote settings to /tmp/chip_kvs_test[0m
[0;34m[1784655475.248] [8196:8196] [DL] Wrote settings to /tmp/chip_kvs_test[0m
[0;32m[1784655475.248] [8196:8196] [FP] Metadata for Fabric 0x1 persisted to storage.[0m
[0;34m[1784655475.250] [8196:8196] [DL] Wrote settings to /tmp/chip_kvs_test[0m
[0;34m[1784655475.252] [8196:8196] [DL] Wrote settings to /tmp/chip_kvs_test[0m
[0;34m[1784655475.255] [8196:8196] [DL] Wrote settings to /tmp/chip_kvs_test[0m
[0;34m[1784655475.257] [8196:8196] [DL] Wrote settings to /tmp/chip_kvs_test[0m
[0;32m[1784655475.257] [8196:8196] [TS] Committing Last Known Good Time to storage: 2023-10-14T01:16:48[0m
[0;34m[1784655475.259] [8196:8196] [DL] Wrote settings to /tmp/chip_kvs_test[0m
[0;34m[1784655475.261] [8196:8196] [DL] Wrote settings to /tmp/chip_kvs_test[0m
[0;32m[1784655475.261] [8196:8196] [ZCL] OpCreds: Fabric index 0x1 was committed to storage. Compressed Fabric Id 0x7B499A75B32AF49A, FabricId 0000000000000001, NodeId 0000000000000001, VendorId 0xFFF1[0m
[0;34m[1784655475.264] [8196:8196] [DL] Wrote settings to /tmp/chip_kvs_test[0m
[0;32m[1784655475.264] [8196:8196] [FS] GeneralCommissioning: Successfully committed pending fabric data[0m
[0;32m[1784655475.264] [8196:8196] [FS] Fail-safe cleanly disarmed[0m
[0;34m[1784655475.264] [8196:8196] [DMG] Command handler moving to [NewRespons][0m
[0;34m[1784655475.264] [8196:8196] [DMG] Command handler moving to [ Preparing][0m
[0;34m[1784655475.264] [8196:8196] [DMG] Command handler moving to [AddingComm][0m
[0;34m[1784655475.264] [8196:8196] [DMG] Command handler moving to [AddedComma][0m
[0;34m[1784655475.264] [8196:8196] [DMG] Decreasing reference count for CommandHandlerImpl, remaining 1[0m
[0;34m[1784655475.264] [8196:8196] [DMG] Decreasing reference count for CommandHandlerImpl, remaining 0[0m
[0;34m[1784655475.264] [8196:8196] [DMG] Command handler moving to [AwaitingDe][0m
[0;32m[1784655475.264] [8196:8196] [EM] <<< [E:18185r S:59514 M:82594290 (Ack:29294355)] (S) Msg TX from 0000000000000001 to 1:000000000001B669 [F49A] [UDP:[fe80::bfe:a203:38f0:bce7%enp0s3]:45245] --- Type 0001:09 (IM:InvokeCommandResponse) (B:70)[0m
[0;32m[1784655475.264] [8196:8196] [EM] ??1 [E:18185r S:59514 M:82594290] (S) Msg Retransmission to 1:000000000001B669 scheduled for 374ms from now [State:Active II:500 AI:300 AT:4000][0m
[0;34m[1784655475.264] [8196:8196] [DMG] Command response sender moving to [AllInvokeR][0m
[0;32m[1784655475.264] [8196:8196] [SVR] Commissioning completed successfully[0m
[0;32m[1784655475.264] [8196:8196] [DIS] Updating services using commissioning mode 0[0m
[0;32m[1784655475.264] [8196:8196] [DIS] CHIP minimal mDNS started advertising.[0m
[0;34m[1784655475.265] [8196:8196] [DL] Using WiFi MAC for hostname[0m
[0;32m[1784655475.265] [8196:8196] [DIS] Advertise operational node 7B499A75B32AF49A-0000000000000001[0m
[0;34m[1784655475.265] [8196:8196] [DIS] Responding with _matter._tcp.local[0m
[0;34m[1784655475.265] [8196:8196] [DIS] Responding with 7B499A75B32AF49A-0000000000000001._matter._tcp.local[0m
[0;34m[1784655475.265] [8196:8196] [DIS] Responding with 7B499A75B32AF49A-0000000000000001._matter._tcp.local[0m
[0;34m[1784655475.265] [8196:8196] [DIS] Responding with 080027AE1A43.local[0m
[0;34m[1784655475.265] [8196:8196] [DIS] Responding with 080027AE1A43.local[0m
[0;34m[1784655475.265] [8196:8196] [DIS] Responding with _I7B499A75B32AF49A._sub._matter._tcp.local[0m
[0;32m[1784655475.265] [8196:8196] [DIS] CHIP minimal mDNS configured as 'Operational device'; instance name: 7B499A75B32AF49A-0000000000000001.[0m
[0;32m[1784655475.265] [8196:8196] [DIS] mDNS service published: _matter._tcp[0m
[0;34m[1784655475.266] [8196:8196] [IN] Expiring all PASE sessions[0m
[0;34m[1784655475.266] [8196:8196] [IN] SecureSession[0x5872a0aa5890]: MarkForEviction Type:1 LSID:59513[0m
[0;32m[1784655475.266] [8196:8196] [SC] SecureSession[0x5872a0aa5890, LSID:59513]: State change 'kActive' --> 'kPendingEviction'[0m
[0;34m[1784655475.266] [8196:8196] [IN] SecureSession[0x5872a0aa5890]: Released - Type:1 LSID:59513[0m
[0;32m[1784655475.266] [8196:8196] [PAF] WiFiPAF: Closing all WiFiPAF sessions to shutdown[0m
[0;32m[1784655475.266] [8196:8196] [EM] >>> [E:18184r S:0 M:80950570 (Ack:249130358)] (U) Msg RX from 0:C17345BAC575E1C5 [0000] to 0000000000000000 --- Type 0000:10 (SecureChannel:StandaloneAck) (B:26)[0m
[0;34m[1784655475.266] [8196:8196] [EM] Found matching exchange: 18184r, Delegate: (nil)[0m
[0;34m[1784655475.266] [8196:8196] [EM] Rxd Ack; Removing MessageCounter:249130358 from Retrans Table on exchange 18184r[0m
[0;32m[1784655475.266] [8196:8196] [EM] >>> [E:18185r S:59514 M:29294356 (Ack:82594290)] (S) Msg RX from 1:000000000001B669 [F49A] to 0000000000000001 --- Type 0000:10 (SecureChannel:StandaloneAck) (B:34)[0m
[0;34m[1784655475.266] [8196:8196] [EM] Found matching exchange: 18185r, Delegate: (nil)[0m
[0;34m[1784655475.266] [8196:8196] [EM] Rxd Ack; Removing MessageCounter:82594290 from Retrans Table on exchange 18185r[0m
[0;32m[1784655475.539] [8196:8196] [EM] >>> [E:47900r S:0 M:264506248] (U) Msg RX from 0:550A531A7E252BC2 [0000] to 0000000000000000 --- Type 0000:30 (SecureChannel:CASE_Sigma1) (B:196)[0m
[0;34m[1784655475.539] [8196:8196] [EM] Handling via exchange: 47900r, Delegate: 0x58729a7745f8[0m
[0;32m[1784655475.539] [8196:8196] [IN] CASE Server received Sigma1 message . Starting handshake. EC 0x5872a0abe500[0m
[0;32m[1784655475.539] [8196:8196] [SC] Received Sigma1 msg[0m
[0;34m[1784655475.539] [8196:8196] [SC] Found MRP parameters in the message[0m
[0;34m[1784655475.539] [8196:8196] [SC] Peer (Initiator) assigned session ID 52181[0m
[0;32m[1784655475.539] [8196:8196] [SC] CASE matched destination ID: fabricIndex 1, NodeID 0x0000000000000001[0m
[0;32m[1784655475.542] [8196:8196] [EM] <<< [E:47900r S:0 M:249130359 (Ack:264506248)] (U) Msg TX from 0000000000000000 to 0:550A531A7E252BC2 [0000] [UDP:[fe80::bfe:a203:38f0:bce7%enp0s3]:38883] --- Type 0000:31 (SecureChannel:CASE_Sigma2) (B:751)[0m
[0;32m[1784655475.542] [8196:8196] [EM] ??1 [E:47900r S:0 M:249130359] (U) Msg Retransmission to 0:0000000000000000 scheduled for 351ms from now [State:Active II:500 AI:300 AT:4000][0m
[0;32m[1784655475.542] [8196:8196] [SC] Sent Sigma2 msg[0m
[0;32m[1784655475.544] [8196:8196] [EM] >>> [E:47900r S:0 M:264506249 (Ack:249130359)] (U) Msg RX from 0:550A531A7E252BC2 [0000] to 0000000000000000 --- Type 0000:32 (SecureChannel:CASE_Sigma3) (B:598)[0m
[0;34m[1784655475.544] [8196:8196] [EM] Found matching exchange: 47900r, Delegate: 0x58729a774630[0m
[0;34m[1784655475.544] [8196:8196] [EM] Rxd Ack; Removing MessageCounter:249130359 from Retrans Table on exchange 47900r[0m
[0;32m[1784655475.544] [8196:8196] [SC] Received Sigma3 msg[0m
[1;31m[1784655475.544] [8196:8196] [SC] The device does not support GetClock_RealTimeMS() API: src/protocols/secure_channel/CASESession.cpp:2276: CHIP Error 0x0000006C: Required feature not supported by this configuration.  Falling back to Last Known Good UTC Time[0m
[0;34m[1784655475.549] [8196:8196] [DL] Wrote settings to /tmp/chip_kvs_test[0m
[0;34m[1784655475.551] [8196:8196] [DL] Wrote settings to /tmp/chip_kvs_test[0m
[0;34m[1784655475.553] [8196:8196] [DL] Wrote settings to /tmp/chip_kvs_test[0m
[0;34m[1784655475.553] [8196:8196] [SC] Sending status report. Protocol code 0, exchange 47900[0m
[0;32m[1784655475.553] [8196:8196] [EM] <<< [E:47900r S:0 M:249130360 (Ack:264506249)] (U) Msg TX from 0000000000000000 to 0:550A531A7E252BC2 [0000] [UDP:[fe80::bfe:a203:38f0:bce7%enp0s3]:38883] --- Type 0000:40 (SecureChannel:StatusReport) (B:34)[0m
[0;32m[1784655475.554] [8196:8196] [EM] ??1 [E:47900r S:0 M:249130360] (U) Msg Retransmission to 0:0000000000000000 scheduled for 393ms from now [State:Active II:500 AI:300 AT:4000][0m
[0;32m[1784655475.554] [8196:8196] [SC] SecureSession[0x5872a0ac0f00, LSID:59515]: State change 'kEstablishing' --> 'kActive'[0m
[0;34m[1784655475.554] [8196:8196] [IN] SecureSession[0x5872a0ac0f00]: Activated - Type:2 LSID:59515[0m
[0;34m[1784655475.554] [8196:8196] [IN] New secure session activated for device <000000000001B669, 1>, LSID:59515 PSID:52181![0m
[0;32m[1784655475.554] [8196:8196] [IN] CASE Session established to peer: <000000000001B669, 1>[0m
[0;34m[1784655475.554] [8196:8196] [IN] SecureSession[0x5872a0aa5890]: Allocated Type:2 LSID:59516[0m
[0;34m[1784655475.554] [8196:8196] [SC] Allocated SecureSession (0x5872a0aa5890) - waiting for Sigma1 msg[0m
[0;32m[1784655475.555] [8196:8196] [EM] >>> [E:47901r S:59515 M:176124651] (S) Msg RX from 1:000000000001B669 [F49A] to 0000000000000001 --- Type 0001:08 (IM:InvokeCommandRequest) (B:65)[0m
[0;34m[1784655475.556] [8196:8196] [EM] Handling via exchange: 47901r, Delegate: 0x58729a77eac8[0m
[0;34m[1784655475.556] [8196:8196] [DMG] InvokeRequestMessage =[0m
[0;34m[1784655475.556] [8196:8196] [DMG] {[0m
[0;34m[1784655475.556] [8196:8196] [DMG] 	suppressResponse = false, [0m
[0;34m[1784655475.556] [8196:8196] [DMG] 	timedRequest = false, [0m
[0;34m[1784655475.556] [8196:8196] [DMG] 	InvokeRequests =[0m
[0;34m[1784655475.556] [8196:8196] [DMG] 	[[0m
[0;34m[1784655475.556] [8196:8196] [DMG] 		CommandDataIB =[0m
[0;34m[1784655475.556] [8196:8196] [DMG] 		{[0m
[0;34m[1784655475.556] [8196:8196] [DMG] 			CommandPathIB =[0m
[0;34m[1784655475.556] [8196:8196] [DMG] 			{[0m
[0;34m[1784655475.556] [8196:8196] [DMG] 				EndpointId = 0x0,[0m
[0;34m[1784655475.556] [8196:8196] [DMG] 				ClusterId = 0x30,[0m
[0;34m[1784655475.556] [8196:8196] [DMG] 				CommandId = 0x0,[0m
[0;34m[1784655475.556] [8196:8196] [DMG] 			},[0m
[0;34m[1784655475.556] [8196:8196] [DMG] 			[0m
[0;34m[1784655475.556] [8196:8196] [DMG] 			CommandFields = [0m
[0;34m[1784655475.556] [8196:8196] [DMG] 			{[0m
[0;34m[1784655475.556] [8196:8196] [DMG] 				0x0 = 60 (unsigned), [0m
[0;34m[1784655475.556] [8196:8196] [DMG] 				0x1 = 0 (unsigned), [0m
[0;34m[1784655475.556] [8196:8196] [DMG] 			},[0m
[0;34m[1784655475.556] [8196:8196] [DMG] 		},[0m
[0;34m[1784655475.556] [8196:8196] [DMG] 		[0m
[0;34m[1784655475.556] [8196:8196] [DMG] 	],[0m
[0;34m[1784655475.556] [8196:8196] [DMG] 	[0m
[0;34m[1784655475.556] [8196:8196] [DMG] 	InteractionModelRevision = 12[0m
[0;34m[1784655475.556] [8196:8196] [DMG] },[0m
[0;32m[1784655475.556] [8196:8196] [DMG] AccessControl: checking f=1 a=c s=0x000000000001B669 t= c=0x0000_0030 e=0 p=o r=i[0m
[0;32m[1784655475.556] [8196:8196] [DMG] AccessControl: allowed[0m
[0;32m[1784655475.556] [8196:8196] [DMG] AccessControl: checking f=1 a=c s=0x000000000001B669 t= c=0x0000_0030 e=0 p=a r=i[0m
[0;32m[1784655475.556] [8196:8196] [DMG] AccessControl: allowed[0m
[0;34m[1784655475.556] [8196:8196] [DMG] Received command for Endpoint=0 Cluster=0x0000_0030 Command=0x0000_0000[0m
[0;32m[1784655475.556] [8196:8196] [FS] GeneralCommissioning: Received ArmFailSafe (60s)[0m
[0;34m[1784655475.556] [8196:8196] [DMG] Command handler moving to [NewRespons][0m
[0;34m[1784655475.556] [8196:8196] [DMG] Command handler moving to [ Preparing][0m
[0;34m[1784655475.556] [8196:8196] [DMG] Command handler moving to [AddingComm][0m
[0;34m[1784655475.556] [8196:8196] [DMG] Command handler moving to [AddedComma][0m
[0;34m[1784655475.556] [8196:8196] [DMG] Decreasing reference count for CommandHandlerImpl, remaining 1[0m
[0;34m[1784655475.556] [8196:8196] [DMG] Decreasing reference count for CommandHandlerImpl, remaining 0[0m
[0;34m[1784655475.556] [8196:8196] [DMG] Command handler moving to [AwaitingDe][0m
[0;32m[1784655475.556] [8196:8196] [EM] <<< [E:47901r S:59515 M:1632053 (Ack:176124651)] (S) Msg TX from 0000000000000001 to 1:000000000001B669 [F49A] [UDP:[fe80::bfe:a203:38f0:bce7%enp0s3]:38883] --- Type 0001:09 (IM:InvokeCommandResponse) (B:70)[0m
[0;32m[1784655475.556] [8196:8196] [EM] ??1 [E:47901r S:59515 M:1632053] (S) Msg Retransmission to 1:000000000001B669 scheduled for 343ms from now [State:Active II:500 AI:300 AT:4000][0m
[0;34m[1784655475.556] [8196:8196] [DMG] Command response sender moving to [AllInvokeR][0m
[0;32m[1784655475.556] [8196:8196] [EM] >>> [E:47900r S:0 M:264506250 (Ack:249130360)] (U) Msg RX from 0:550A531A7E252BC2 [0000] to 0000000000000000 --- Type 0000:10 (SecureChannel:StandaloneAck) (B:26)[0m
[0;34m[1784655475.556] [8196:8196] [EM] Found matching exchange: 47900r, Delegate: (nil)[0m
[0;34m[1784655475.556] [8196:8196] [EM] Rxd Ack; Removing MessageCounter:249130360 from Retrans Table on exchange 47900r[0m
[0;32m[1784655475.556] [8196:8196] [EM] >>> [E:47901r S:59515 M:176124652 (Ack:1632053)] (S) Msg RX from 1:000000000001B669 [F49A] to 0000000000000001 --- Type 0000:10 (SecureChannel:StandaloneAck) (B:34)[0m
[0;34m[1784655475.556] [8196:8196] [EM] Found matching exchange: 47901r, Delegate: (nil)[0m
[0;34m[1784655475.556] [8196:8196] [EM] Rxd Ack; Removing MessageCounter:1632053 from Retrans Table on exchange 47901r[0m
[0;32m[1784655475.828] [8196:8196] [EM] >>> [E:18439r S:0 M:73590641] (U) Msg RX from 0:E0E876E69BD30AE5 [0000] to 0000000000000000 --- Type 0000:30 (SecureChannel:CASE_Sigma1) (B:196)[0m
[0;34m[1784655475.828] [8196:8196] [EM] Handling via exchange: 18439r, Delegate: 0x58729a7745f8[0m
[0;32m[1784655475.828] [8196:8196] [IN] CASE Server received Sigma1 message . Starting handshake. EC 0x5872a0abb990[0m
[0;32m[1784655475.828] [8196:8196] [SC] Received Sigma1 msg[0m
[0;34m[1784655475.828] [8196:8196] [SC] Found MRP parameters in the message[0m
[0;34m[1784655475.828] [8196:8196] [SC] Peer (Initiator) assigned session ID 58644[0m
[0;32m[1784655475.829] [8196:8196] [SC] CASE matched destination ID: fabricIndex 1, NodeID 0x0000000000000001[0m
[0;32m[1784655475.831] [8196:8196] [EM] <<< [E:18439r S:0 M:249130361 (Ack:73590641)] (U) Msg TX from 0000000000000000 to 0:E0E876E69BD30AE5 [0000] [UDP:[fe80::bfe:a203:38f0:bce7%enp0s3]:36257] --- Type 0000:31 (SecureChannel:CASE_Sigma2) (B:751)[0m
[0;32m[1784655475.831] [8196:8196] [EM] ??1 [E:18439r S:0 M:249130361] (U) Msg Retransmission to 0:0000000000000000 scheduled for 408ms from now [State:Active II:500 AI:300 AT:4000][0m
[0;32m[1784655475.831] [8196:8196] [SC] Sent Sigma2 msg[0m
[0;32m[1784655475.833] [8196:8196] [EM] >>> [E:18439r S:0 M:73590642 (Ack:249130361)] (U) Msg RX from 0:E0E876E69BD30AE5 [0000] to 0000000000000000 --- Type 0000:32 (SecureChannel:CASE_Sigma3) (B:598)[0m
[0;34m[1784655475.833] [8196:8196] [EM] Found matching exchange: 18439r, Delegate: 0x58729a774630[0m
[0;34m[1784655475.833] [8196:8196] [EM] Rxd Ack; Removing MessageCounter:249130361 from Retrans Table on exchange 18439r[0m
[0;32m[1784655475.833] [8196:8196] [SC] Received Sigma3 msg[0m
[1;31m[1784655475.833] [8196:8196] [SC] The device does not support GetClock_RealTimeMS() API: src/protocols/secure_channel/CASESession.cpp:2276: CHIP Error 0x0000006C: Required feature not supported by this configuration.  Falling back to Last Known Good UTC Time[0m
[0;34m[1784655475.838] [8196:8196] [DL] Wrote settings to /tmp/chip_kvs_test[0m
[0;34m[1784655475.841] [8196:8196] [DL] Wrote settings to /tmp/chip_kvs_test[0m
[0;34m[1784655475.844] [8196:8196] [DL] Wrote settings to /tmp/chip_kvs_test[0m
[0;34m[1784655475.844] [8196:8196] [SC] Sending status report. Protocol code 0, exchange 18439[0m
[0;32m[1784655475.844] [8196:8196] [EM] <<< [E:18439r S:0 M:249130362 (Ack:73590642)] (U) Msg TX from 0000000000000000 to 0:E0E876E69BD30AE5 [0000] [UDP:[fe80::bfe:a203:38f0:bce7%enp0s3]:36257] --- Type 0000:40 (SecureChannel:StatusReport) (B:34)[0m
[0;32m[1784655475.844] [8196:8196] [EM] ??1 [E:18439r S:0 M:249130362] (U) Msg Retransmission to 0:0000000000000000 scheduled for 352ms from now [State:Active II:500 AI:300 AT:4000][0m
[0;32m[1784655475.844] [8196:8196] [SC] SecureSession[0x5872a0aa5890, LSID:59516]: State change 'kEstablishing' --> 'kActive'[0m
[0;34m[1784655475.844] [8196:8196] [IN] SecureSession[0x5872a0aa5890]: Activated - Type:2 LSID:59516[0m
[0;34m[1784655475.844] [8196:8196] [IN] New secure session activated for device <000000000001B669, 1>, LSID:59516 PSID:58644![0m
[0;32m[1784655475.844] [8196:8196] [IN] CASE Session established to peer: <000000000001B669, 1>[0m
[0;34m[1784655475.844] [8196:8196] [IN] SecureSession[0x5872a0ac1a30]: Allocated Type:2 LSID:59517[0m
[0;34m[1784655475.844] [8196:8196] [SC] Allocated SecureSession (0x5872a0ac1a30) - waiting for Sigma1 msg[0m
[0;32m[1784655475.846] [8196:8196] [EM] >>> [E:18440r S:59516 M:80263197] (S) Msg RX from 1:000000000001B669 [F49A] to 0000000000000001 --- Type 0001:08 (IM:InvokeCommandRequest) (B:96)[0m
[0;34m[1784655475.846] [8196:8196] [EM] Handling via exchange: 18440r, Delegate: 0x58729a77eac8[0m
[0;34m[1784655475.846] [8196:8196] [DMG] InvokeRequestMessage =[0m
[0;34m[1784655475.846] [8196:8196] [DMG] {[0m
[0;34m[1784655475.846] [8196:8196] [DMG] 	suppressResponse = false, [0m
[0;34m[1784655475.846] [8196:8196] [DMG] 	timedRequest = false, [0m
[0;34m[1784655475.846] [8196:8196] [DMG] 	InvokeRequests =[0m
[0;34m[1784655475.846] [8196:8196] [DMG] 	[[0m
[0;34m[1784655475.846] [8196:8196] [DMG] 		CommandDataIB =[0m
[0;34m[1784655475.846] [8196:8196] [DMG] 		{[0m
[0;34m[1784655475.846] [8196:8196] [DMG] 			CommandPathIB =[0m
[0;34m[1784655475.846] [8196:8196] [DMG] 			{[0m
[0;34m[1784655475.846] [8196:8196] [DMG] 				EndpointId = 0x0,[0m
[0;34m[1784655475.846] [8196:8196] [DMG] 				ClusterId = 0x3e,[0m
[0;34m[1784655475.846] [8196:8196] [DMG] 				CommandId = 0x4,[0m
[0;34m[1784655475.846] [8196:8196] [DMG] 			},[0m
[0;34m[1784655475.846] [8196:8196] [DMG] 			[0m
[0;34m[1784655475.846] [8196:8196] [DMG] 			CommandFields = [0m
[0;34m[1784655475.846] [8196:8196] [DMG] 			{[0m
[0;34m[1784655475.846] [8196:8196] [DMG] 				0x0 = [[0m
[0;34m[1784655475.846] [8196:8196] [DMG] 						0x19, 0x70, 0xf4, 0x00, 0x64, 0x1e, 0xea, 0x83, 0x96, 0xd9, 0xdf, 0x3b, 0x19, 0x5e, 0xd9, 0xd7, 0xa9, 0x57, 0xbf, 0x3c, 0xc4, 0xf4, 0x46, 0x80, 0x5e, 0x5e, 0xc6, 0x61, 0x38, 0x81, 0xef, 0x89, [0m
[0;34m[1784655475.846] [8196:8196] [DMG] 				] (32 bytes)[0m
[0;34m[1784655475.846] [8196:8196] [DMG] 				0x1 = true, [0m
[0;34m[1784655475.846] [8196:8196] [DMG] 			},[0m
[0;34m[1784655475.846] [8196:8196] [DMG] 		},[0m
[0;34m[1784655475.846] [8196:8196] [DMG] 		[0m
[0;34m[1784655475.846] [8196:8196] [DMG] 	],[0m
[0;34m[1784655475.846] [8196:8196] [DMG] 	[0m
[0;34m[1784655475.846] [8196:8196] [DMG] 	InteractionModelRevision = 12[0m
[0;34m[1784655475.847] [8196:8196] [DMG] },[0m
[0;32m[1784655475.847] [8196:8196] [DMG] AccessControl: checking f=1 a=c s=0x000000000001B669 t= c=0x0000_003E e=0 p=o r=i[0m
[0;32m[1784655475.847] [8196:8196] [DMG] AccessControl: allowed[0m
[0;32m[1784655475.847] [8196:8196] [DMG] AccessControl: checking f=1 a=c s=0x000000000001B669 t= c=0x0000_003E e=0 p=a r=i[0m
[0;32m[1784655475.847] [8196:8196] [DMG] AccessControl: allowed[0m
[0;34m[1784655475.847] [8196:8196] [DMG] Received command for Endpoint=0 Cluster=0x0000_003E Command=0x0000_0004[0m
[0;32m[1784655475.847] [8196:8196] [ZCL] OpCreds: Received a CSRRequest command[0m
[0;32m[1784655475.847] [8196:8196] [ZCL] OpCreds: AllocatePendingOperationalKey succeeded[0m
[0;32m[1784655475.847] [8196:8196] [ZCL] OpCreds: CSRRequest successful.[0m
[0;34m[1784655475.847] [8196:8196] [DMG] Command handler moving to [NewRespons][0m
[0;34m[1784655475.847] [8196:8196] [DMG] Command handler moving to [ Preparing][0m
[0;34m[1784655475.847] [8196:8196] [DMG] Command handler moving to [AddingComm][0m
[0;34m[1784655475.847] [8196:8196] [DMG] Command handler moving to [AddedComma][0m
[0;34m[1784655475.847] [8196:8196] [DMG] Decreasing reference count for CommandHandlerImpl, remaining 1[0m
[0;34m[1784655475.847] [8196:8196] [DMG] Decreasing reference count for CommandHandlerImpl, remaining 0[0m
[0;34m[1784655475.847] [8196:8196] [DMG] Command handler moving to [AwaitingDe][0m
[0;32m[1784655475.847] [8196:8196] [EM] <<< [E:18440r S:59516 M:21308275 (Ack:80263197)] (S) Msg TX from 0000000000000001 to 1:000000000001B669 [F49A] [UDP:[fe80::bfe:a203:38f0:bce7%enp0s3]:36257] --- Type 0001:09 (IM:InvokeCommandResponse) (B:378)[0m
[0;32m[1784655475.847] [8196:8196] [EM] ??1 [E:18440r S:59516 M:21308275] (S) Msg Retransmission to 1:000000000001B669 scheduled for 381ms from now [State:Active II:500 AI:300 AT:4000][0m
[0;34m[1784655475.847] [8196:8196] [DMG] Command response sender moving to [AllInvokeR][0m
[0;32m[1784655475.847] [8196:8196] [EM] >>> [E:18439r S:0 M:73590643 (Ack:249130362)] (U) Msg RX from 0:E0E876E69BD30AE5 [0000] to 0000000000000000 --- Type 0000:10 (SecureChannel:StandaloneAck) (B:26)[0m
[0;34m[1784655475.847] [8196:8196] [EM] Found matching exchange: 18439r, Delegate: (nil)[0m
[0;34m[1784655475.847] [8196:8196] [EM] Rxd Ack; Removing MessageCounter:249130362 from Retrans Table on exchange 18439r[0m
[0;32m[1784655475.848] [8196:8196] [EM] >>> [E:18440r S:59516 M:80263198 (Ack:21308275)] (S) Msg RX from 1:000000000001B669 [F49A] to 0000000000000001 --- Type 0000:10 (SecureChannel:StandaloneAck) (B:34)[0m
[0;34m[1784655475.848] [8196:8196] [EM] Found matching exchange: 18440r, Delegate: (nil)[0m
[0;34m[1784655475.848] [8196:8196] [EM] Rxd Ack; Removing MessageCounter:21308275 from Retrans Table on exchange 18440r[0m
[0;32m[1784655476.158] [8196:8196] [EM] >>> [E:31103r S:0 M:58097317] (U) Msg RX from 0:EE81B59355309462 [0000] to 0000000000000000 --- Type 0000:30 (SecureChannel:CASE_Sigma1) (B:196)[0m
[0;34m[1784655476.158] [8196:8196] [EM] Handling via exchange: 31103r, Delegate: 0x58729a7745f8[0m
[0;32m[1784655476.158] [8196:8196] [IN] CASE Server received Sigma1 message . Starting handshake. EC 0x5872a0ab7ac0[0m
[0;32m[1784655476.158] [8196:8196] [SC] Received Sigma1 msg[0m
[0;34m[1784655476.158] [8196:8196] [SC] Found MRP parameters in the message[0m
[0;34m[1784655476.158] [8196:8196] [SC] Peer (Initiator) assigned session ID 22970[0m
[0;32m[1784655476.158] [8196:8196] [SC] CASE matched destination ID: fabricIndex 1, NodeID 0x0000000000000001[0m
[0;32m[1784655476.159] [8196:8196] [EM] <<< [E:31103r S:0 M:249130363 (Ack:58097317)] (U) Msg TX from 0000000000000000 to 0:EE81B59355309462 [0000] [UDP:[fe80::bfe:a203:38f0:bce7%enp0s3]:56094] --- Type 0000:31 (SecureChannel:CASE_Sigma2) (B:751)[0m
[0;32m[1784655476.159] [8196:8196] [EM] ??1 [E:31103r S:0 M:249130363] (U) Msg Retransmission to 0:0000000000000000 scheduled for 357ms from now [State:Active II:500 AI:300 AT:4000][0m
[0;32m[1784655476.159] [8196:8196] [SC] Sent Sigma2 msg[0m
[0;32m[1784655476.161] [8196:8196] [EM] >>> [E:31103r S:0 M:58097318 (Ack:249130363)] (U) Msg RX from 0:EE81B59355309462 [0000] to 0000000000000000 --- Type 0000:32 (SecureChannel:CASE_Sigma3) (B:598)[0m
[0;34m[1784655476.161] [8196:8196] [EM] Found matching exchange: 31103r, Delegate: 0x58729a774630[0m
[0;34m[1784655476.161] [8196:8196] [EM] Rxd Ack; Removing MessageCounter:249130363 from Retrans Table on exchange 31103r[0m
[0;32m[1784655476.161] [8196:8196] [SC] Received Sigma3 msg[0m
[1;31m[1784655476.161] [8196:8196] [SC] The device does not support GetClock_RealTimeMS() API: src/protocols/secure_channel/CASESession.cpp:2276: CHIP Error 0x0000006C: Required feature not supported by this configuration.  Falling back to Last Known Good UTC Time[0m
[0;34m[1784655476.164] [8196:8196] [DL] Wrote settings to /tmp/chip_kvs_test[0m
[0;34m[1784655476.167] [8196:8196] [DL] Wrote settings to /tmp/chip_kvs_test[0m
[0;34m[1784655476.170] [8196:8196] [DL] Wrote settings to /tmp/chip_kvs_test[0m
[0;34m[1784655476.170] [8196:8196] [SC] Sending status report. Protocol code 0, exchange 31103[0m
[0;32m[1784655476.170] [8196:8196] [EM] <<< [E:31103r S:0 M:249130364 (Ack:58097318)] (U) Msg TX from 0000000000000000 to 0:EE81B59355309462 [0000] [UDP:[fe80::bfe:a203:38f0:bce7%enp0s3]:56094] --- Type 0000:40 (SecureChannel:StatusReport) (B:34)[0m
[0;32m[1784655476.170] [8196:8196] [EM] ??1 [E:31103r S:0 M:249130364] (U) Msg Retransmission to 0:0000000000000000 scheduled for 387ms from now [State:Active II:500 AI:300 AT:4000][0m
[0;32m[1784655476.170] [8196:8196] [SC] SecureSession[0x5872a0ac1a30, LSID:59517]: State change 'kEstablishing' --> 'kActive'[0m
[0;34m[1784655476.170] [8196:8196] [IN] SecureSession[0x5872a0ac1a30]: Activated - Type:2 LSID:59517[0m
[0;34m[1784655476.170] [8196:8196] [IN] New secure session activated for device <000000000001B669, 1>, LSID:59517 PSID:22970![0m
[0;32m[1784655476.170] [8196:8196] [IN] CASE Session established to peer: <000000000001B669, 1>[0m
[0;34m[1784655476.170] [8196:8196] [IN] SecureSession[0x5872a0ac4080]: Allocated Type:2 LSID:59518[0m
[0;34m[1784655476.170] [8196:8196] [SC] Allocated SecureSession (0x5872a0ac4080) - waiting for Sigma1 msg[0m
[0;32m[1784655476.172] [8196:8196] [EM] >>> [E:31104r S:59517 M:244327389] (S) Msg RX from 1:000000000001B669 [F49A] to 0000000000000001 --- Type 0001:02 (IM:ReadRequest) (B:51)[0m
[0;34m[1784655476.172] [8196:8196] [EM] Handling via exchange: 31104r, Delegate: 0x58729a77eac8[0m
[0;34m[1784655476.172] [8196:8196] [IM] Received Read request[0m
[0;34m[1784655476.172] [8196:8196] [DMG] ReadRequestMessage =[0m
[0;34m[1784655476.172] [8196:8196] [DMG] {[0m
[0;34m[1784655476.172] [8196:8196] [DMG] 	AttributePathIBs =[0m
[0;34m[1784655476.172] [8196:8196] [DMG] 	[[0m
[0;34m[1784655476.172] [8196:8196] [DMG] 		AttributePathIB =[0m
[0;34m[1784655476.172] [8196:8196] [DMG] 		{[0m
[0;34m[1784655476.172] [8196:8196] [DMG] 			Endpoint = 0x0,[0m
[0;34m[1784655476.172] [8196:8196] [DMG] 			Cluster = 0x3e,[0m
[0;34m[1784655476.172] [8196:8196] [DMG] 			Attribute = 0x0000_0004,[0m
[0;34m[1784655476.172] [8196:8196] [DMG] 		}[0m
[0;34m[1784655476.172] [8196:8196] [DMG] 			[0m
[0;34m[1784655476.172] [8196:8196] [DMG] 	],[0m
[0;34m[1784655476.172] [8196:8196] [DMG] 		[0m
[0;34m[1784655476.172] [8196:8196] [DMG] 	isFabricFiltered = true, [0m
[0;34m[1784655476.172] [8196:8196] [DMG] 	InteractionModelRevision = 12[0m
[0;34m[1784655476.172] [8196:8196] [DMG] },[0m
[0;34m[1784655476.172] [8196:8196] [DMG] IM RH moving to [CanStartReporting][0m
[0;34m[1784655476.172] [8196:8196] [DMG] Building Reports for ReadHandler with LastReportGeneration = 0x0000000000000000 DirtyGeneration = 0x0000000000000000[0m
[0;34m[1784655476.172] [8196:8196] [DMG] <RE:Run> Cluster 3e, Attribute 4 is dirty[0m
[0;32m[1784655476.172] [8196:8196] [DMG] AccessControl: checking f=1 a=c s=0x000000000001B669 t= c=0x0000_003E e=0 p=v r=r[0m
[0;32m[1784655476.172] [8196:8196] [DMG] AccessControl: allowed[0m
[0;32m[1784655476.172] [8196:8196] [DMG] AccessControl: checking f=1 a=c s=0x000000000001B669 t= c=0x0000_003E e=0 p=v r=r[0m
[0;32m[1784655476.172] [8196:8196] [DMG] AccessControl: allowed[0m
[0;34m[1784655476.172] [8196:8196] [DMG] Reading attribute: Cluster=0x0000_003E Endpoint=0x0 AttributeId=0x0000_0004 (expanded=0)[0m
[0;34m[1784655476.172] [8196:8196] [DMG] <RE> Sending report (payload has 269 bytes)...[0m
[0;32m[1784655476.172] [8196:8196] [EM] <<< [E:31104r S:59517 M:258124158 (Ack:244327389)] (S) Msg TX from 0000000000000001 to 1:000000000001B669 [F49A] [UDP:[fe80::bfe:a203:38f0:bce7%enp0s3]:56094] --- Type 0001:05 (IM:ReportData) (B:303)[0m
[0;32m[1784655476.172] [8196:8196] [EM] ??1 [E:31104r S:59517 M:258124158] (S) Msg Retransmission to 1:000000000001B669 scheduled for 391ms from now [State:Active II:500 AI:300 AT:4000][0m
[0;34m[1784655476.172] [8196:8196] [DMG] <RE> OnReportConfirm: NumReports = 0[0m
[0;34m[1784655476.172] [8196:8196] [DMG] <RE> ReportsInFlight = 0 with readHandler 0, RE has no more messages[0m
[0;34m[1784655476.172] [8196:8196] [DMG] IM RH moving to [AwaitingDestruction][0m
[0;34m[1784655476.172] [8196:8196] [DMG] All ReadHandler-s are clean, clear GlobalDirtySet[0m
[0;32m[1784655476.172] [8196:8196] [EM] >>> [E:31103r S:0 M:58097319 (Ack:249130364)] (U) Msg RX from 0:EE81B59355309462 [0000] to 0000000000000000 --- Type 0000:10 (SecureChannel:StandaloneAck) (B:26)[0m
[0;34m[1784655476.172] [8196:8196] [EM] Found matching exchange: 31103r, Delegate: (nil)[0m
[0;34m[1784655476.172] [8196:8196] [EM] Rxd Ack; Removing MessageCounter:249130364 from Retrans Table on exchange 31103r[0m
[0;32m[1784655476.172] [8196:8196] [EM] >>> [E:31104r S:59517 M:244327390 (Ack:258124158)] (S) Msg RX from 1:000000000001B669 [F49A] to 0000000000000001 --- Type 0000:10 (SecureChannel:StandaloneAck) (B:34)[0m
[0;34m[1784655476.172] [8196:8196] [EM] Found matching exchange: 31104r, Delegate: (nil)[0m
[0;34m[1784655476.172] [8196:8196] [EM] Rxd Ack; Removing MessageCounter:258124158 from Retrans Table on exchange 31104r[0m
[0;32m[1784655476.469] [8196:8196] [EM] >>> [E:49603r S:0 M:263648438] (U) Msg RX from 0:A577F2676B5F71CB [0000] to 0000000000000000 --- Type 0000:30 (SecureChannel:CASE_Sigma1) (B:195)[0m
[0;34m[1784655476.469] [8196:8196] [EM] Handling via exchange: 49603r, Delegate: 0x58729a7745f8[0m
[0;32m[1784655476.469] [8196:8196] [IN] CASE Server received Sigma1 message . Starting handshake. EC 0x5872a0ab7ac0[0m
[0;32m[1784655476.469] [8196:8196] [SC] Received Sigma1 msg[0m
[0;34m[1784655476.469] [8196:8196] [SC] Found MRP parameters in the message[0m
[0;34m[1784655476.469] [8196:8196] [SC] Peer (Initiator) assigned session ID 49[0m
[0;32m[1784655476.470] [8196:8196] [SC] CASE matched destination ID: fabricIndex 1, NodeID 0x0000000000000001[0m
[0;32m[1784655476.471] [8196:8196] [EM] <<< [E:49603r S:0 M:249130365 (Ack:263648438)] (U) Msg TX from 0000000000000000 to 0:A577F2676B5F71CB [0000] [UDP:[fe80::bfe:a203:38f0:bce7%enp0s3]:41581] --- Type 0000:31 (SecureChannel:CASE_Sigma2) (B:751)[0m
[0;32m[1784655476.471] [8196:8196] [EM] ??1 [E:49603r S:0 M:249130365] (U) Msg Retransmission to 0:0000000000000000 scheduled for 369ms from now [State:Active II:500 AI:300 AT:4000][0m
[0;32m[1784655476.471] [8196:8196] [SC] Sent Sigma2 msg[0m
[0;32m[1784655476.473] [8196:8196] [EM] >>> [E:49603r S:0 M:263648439 (Ack:249130365)] (U) Msg RX from 0:A577F2676B5F71CB [0000] to 0000000000000000 --- Type 0000:32 (SecureChannel:CASE_Sigma3) (B:598)[0m
[0;34m[1784655476.473] [8196:8196] [EM] Found matching exchange: 49603r, Delegate: 0x58729a774630[0m
[0;34m[1784655476.473] [8196:8196] [EM] Rxd Ack; Removing MessageCounter:249130365 from Retrans Table on exchange 49603r[0m
[0;32m[1784655476.473] [8196:8196] [SC] Received Sigma3 msg[0m
[1;31m[1784655476.473] [8196:8196] [SC] The device does not support GetClock_RealTimeMS() API: src/protocols/secure_channel/CASESession.cpp:2276: CHIP Error 0x0000006C: Required feature not supported by this configuration.  Falling back to Last Known Good UTC Time[0m
[0;34m[1784655476.477] [8196:8196] [DL] Wrote settings to /tmp/chip_kvs_test[0m
[0;34m[1784655476.479] [8196:8196] [DL] Wrote settings to /tmp/chip_kvs_test[0m
[0;34m[1784655476.481] [8196:8196] [DL] Wrote settings to /tmp/chip_kvs_test[0m
[0;34m[1784655476.481] [8196:8196] [SC] Sending status report. Protocol code 0, exchange 49603[0m
[0;32m[1784655476.481] [8196:8196] [EM] <<< [E:49603r S:0 M:249130366 (Ack:263648439)] (U) Msg TX from 0000000000000000 to 0:A577F2676B5F71CB [0000] [UDP:[fe80::bfe:a203:38f0:bce7%enp0s3]:41581] --- Type 0000:40 (SecureChannel:StatusReport) (B:34)[0m
[0;32m[1784655476.481] [8196:8196] [EM] ??1 [E:49603r S:0 M:249130366] (U) Msg Retransmission to 0:0000000000000000 scheduled for 353ms from now [State:Active II:500 AI:300 AT:4000][0m
[0;32m[1784655476.481] [8196:8196] [SC] SecureSession[0x5872a0ac4080, LSID:59518]: State change 'kEstablishing' --> 'kActive'[0m
[0;34m[1784655476.481] [8196:8196] [IN] SecureSession[0x5872a0ac4080]: Activated - Type:2 LSID:59518[0m
[0;34m[1784655476.481] [8196:8196] [IN] New secure session activated for device <000000000001B669, 1>, LSID:59518 PSID:49![0m
[0;32m[1784655476.481] [8196:8196] [IN] CASE Session established to peer: <000000000001B669, 1>[0m
[0;34m[1784655476.481] [8196:8196] [IN] SecureSession[0x5872a0ac3d70]: Allocated Type:2 LSID:59519[0m
[0;34m[1784655476.481] [8196:8196] [SC] Allocated SecureSession (0x5872a0ac3d70) - waiting for Sigma1 msg[0m
[0;32m[1784655476.483] [8196:8196] [EM] >>> [E:49604r S:59518 M:236767698] (S) Msg RX from 1:000000000001B669 [F49A] to 0000000000000001 --- Type 0001:08 (IM:InvokeCommandRequest) (B:330)[0m
[0;34m[1784655476.483] [8196:8196] [EM] Handling via exchange: 49604r, Delegate: 0x58729a77eac8[0m
[0;34m[1784655476.483] [8196:8196] [DMG] InvokeRequestMessage =[0m
[0;34m[1784655476.483] [8196:8196] [DMG] {[0m
[0;34m[1784655476.483] [8196:8196] [DMG] 	suppressResponse = false, [0m
[0;34m[1784655476.483] [8196:8196] [DMG] 	timedRequest = false, [0m
[0;34m[1784655476.483] [8196:8196] [DMG] 	InvokeRequests =[0m
[0;34m[1784655476.483] [8196:8196] [DMG] 	[[0m
[0;34m[1784655476.483] [8196:8196] [DMG] 		CommandDataIB =[0m
[0;34m[1784655476.483] [8196:8196] [DMG] 		{[0m
[0;34m[1784655476.483] [8196:8196] [DMG] 			CommandPathIB =[0m
[0;34m[1784655476.483] [8196:8196] [DMG] 			{[0m
[0;34m[1784655476.483] [8196:8196] [DMG] 				EndpointId = 0x0,[0m
[0;34m[1784655476.483] [8196:8196] [DMG] 				ClusterId = 0x3e,[0m
[0;34m[1784655476.483] [8196:8196] [DMG] 				CommandId = 0x7,[0m
[0;34m[1784655476.483] [8196:8196] [DMG] 			},[0m
[0;34m[1784655476.483] [8196:8196] [DMG] 			[0m
[0;34m[1784655476.483] [8196:8196] [DMG] 			CommandFields = [0m
[0;34m[1784655476.483] [8196:8196] [DMG] 			{[0m
[0;34m[1784655476.483] [8196:8196] [DMG] 				0x0 = [[0m
[0;34m[1784655476.483] [8196:8196] [DMG] 						0x15, 0x30, 0x01, 0x14, 0x27, 0x43, 0x71, 0x8d, 0x0b, 0x2e, 0x92, 0xb6, 0x96, 0x2c, 0x75, 0x47, 0xb4, 0x61, 0x36, 0xbc, 0x27, 0x52, 0x1f, 0x9f, 0x24, 0x02, 0x01, 0x37, 0x03, 0x24, 0x14, 0x01, 0x18, 0x26, 0x04, 0x80, 0x9d, 0x9e, 0x25, 0x26, 0x05, 0xff, 0xd0, 0x7f, 0x27, 0x37, 0x06, 0x27, 0x11, 0x88, 0x77, 0x66, 0x55, 0x44, 0x33, 0x22, 0x11, 0x24, 0x15, 0x01, 0x18, 0x24, 0x07, 0x01, 0x24, 0x08, 0x01, 0x30, 0x09, 0x41, 0x04, 0x2c, 0x27, 0x72, 0x46, 0xa4, 0x91, 0x78, 0x30, 0x0e, 0x96, 0xba, 0x5e, 0x9d, 0x99, 0x98, 0x3e, 0x67, 0xcc, 0x91, 0xb5, 0xcc, 0xa2, 0x6f, 0x6c, 0xbe, 0x9c, 0x89, 0x93, 0x4f, 0xd6, 0x10, 0xde, 0xec, 0x2c, 0xd8, 0x8d, 0xc2, 0x3b, 0x6d, 0xbe, 0x17, 0x0e, 0xef, 0x09, 0x56, 0xad, 0x70, 0x45, 0x73, 0xf7, 0xc1, 0x97, 0x03, 0x92, 0x3a, 0x4c, 0x18, 0xf2, 0x25, 0xbd, 0x01, 0x35, 0x49, 0xd1, 0x37, 0x0a, 0x35, 0x01, 0x28, 0x01, 0x18, 0x24, 0x02, 0x01, 0x36, 0x03, 0x04, 0x01, 0x04, 0x02, 0x18, 0x30, 0x04, 0x14, 0x57, 0x89, 0x40, 0xca, 0x76, 0x2a, 0x2d, 0xb0, 0xec, 0xd1, 0xbd, 0x58, 0x62, 0x8a, 0x83, 0xbe, 0x92, 0xb7, 0xad, 0xfc, 0x30, 0x05, 0x14, 0xff, 0x65, 0x24, 0x48, 0xcb, 0x72, 0x93, 0xa1, 0x32, 0xd0, 0xa4, 0xca, 0x74, 0x49, 0x90, 0xde, 0x03, 0x59, 0x3e, 0x80, 0x18, 0x30, 0x0b, 0x40, 0xd7, 0xcf, 0x57, 0xd8, 0x36, 0x50, 0xb3, 0x7b, 0x58, 0xf1, 0xc1, 0x23, 0xe8, 0x06, 0xf5, 0x8e, 0xa7, 0x60, 0xdb, 0x91, 0x4f, 0x17, 0x52, 0x93, 0x12, 0xfd, 0x37, 0x31, 0x85, 0x32, 0x16, 0xce, 0xd8, 0x40, 0xb8, 0x3c, 0x37, 0x91, 0x45, 0x76, 0xf6, 0xef, 0x8a, 0xab, 0x75, 0x58, 0x7d, 0x4b, 0x8e, 0xe4, 0x2e, 0x79, 0x5d, 0x13, 0x6b, 0x23, 0x36, 0xb1, 0x27, 0x0e, 0x80, 0x50, 0x72, 0x61, 0x18, [0m
[0;34m[1784655476.483] [8196:8196] [DMG] 				] (267 bytes)[0m
[0;34m[1784655476.483] [8196:8196] [DMG] 			},[0m
[0;34m[1784655476.483] [8196:8196] [DMG] 		},[0m
[0;34m[1784655476.483] [8196:8196] [DMG] 		[0m
[0;34m[1784655476.483] [8196:8196] [DMG] 	],[0m
[0;34m[1784655476.483] [8196:8196] [DMG] 	[0m
[0;34m[1784655476.483] [8196:8196] [DMG] 	InteractionModelRevision = 12[0m
[0;34m[1784655476.483] [8196:8196] [DMG] },[0m
[0;32m[1784655476.483] [8196:8196] [DMG] AccessControl: checking f=1 a=c s=0x000000000001B669 t= c=0x0000_003E e=0 p=o r=i[0m
[0;32m[1784655476.483] [8196:8196] [DMG] AccessControl: allowed[0m
[0;32m[1784655476.483] [8196:8196] [DMG] AccessControl: checking f=1 a=c s=0x000000000001B669 t= c=0x0000_003E e=0 p=a r=i[0m
[0;32m[1784655476.483] [8196:8196] [DMG] AccessControl: allowed[0m
[0;34m[1784655476.483] [8196:8196] [DMG] Received command for Endpoint=0 Cluster=0x0000_003E Command=0x0000_0007[0m
[0;32m[1784655476.483] [8196:8196] [ZCL] OpCreds: Received an UpdateNOC command[0m
[0;32m[1784655476.483] [8196:8196] [FP] Validating NOC chain[0m
[0;32m[1784655476.484] [8196:8196] [FP] NOC chain validation successful[0m
[0;32m[1784655476.484] [8196:8196] [FP] Updated fabric at index: 0x1, Node ID: 0x1122334455667788[0m
[0;32m[1784655476.484] [8196:8196] [TS] Last Known Good Time: 2023-10-14T01:16:48[0m
[0;32m[1784655476.484] [8196:8196] [TS] New proposed Last Known Good Time: 2021-01-01T00:00:00[0m
[0;32m[1784655476.484] [8196:8196] [TS] Retaining current Last Known Good Time[0m
[0;34m[1784655476.486] [8196:8196] [DL] Wrote settings to /tmp/chip_kvs_test[0m
[0;34m[1784655476.488] [8196:8196] [DL] Wrote settings to /tmp/chip_kvs_test[0m
[0;34m[1784655476.490] [8196:8196] [DL] Wrote settings to /tmp/chip_kvs_test[0m
[0;32m[1784655476.490] [8196:8196] [DIS] Updating services using commissioning mode 0[0m
[0;32m[1784655476.490] [8196:8196] [DIS] CHIP minimal mDNS started advertising.[0m
[0;34m[1784655476.492] [8196:8196] [DL] Using WiFi MAC for hostname[0m
[0;32m[1784655476.492] [8196:8196] [DIS] Advertise operational node 7B499A75B32AF49A-1122334455667788[0m
[0;34m[1784655476.492] [8196:8196] [DIS] Responding with _matter._tcp.local[0m
[0;34m[1784655476.492] [8196:8196] [DIS] Responding with 7B499A75B32AF49A-1122334455667788._matter._tcp.local[0m
[0;34m[1784655476.492] [8196:8196] [DIS] Responding with 7B499A75B32AF49A-1122334455667788._matter._tcp.local[0m
[0;34m[1784655476.492] [8196:8196] [DIS] Responding with 080027AE1A43.local[0m
[0;34m[1784655476.492] [8196:8196] [DIS] Responding with 080027AE1A43.local[0m
[0;34m[1784655476.492] [8196:8196] [DIS] Responding with _I7B499A75B32AF49A._sub._matter._tcp.local[0m
[0;32m[1784655476.492] [8196:8196] [DIS] CHIP minimal mDNS configured as 'Operational device'; instance name: 7B499A75B32AF49A-1122334455667788.[0m
[0;32m[1784655476.493] [8196:8196] [DIS] mDNS service published: _matter._tcp[0m
[0;34m[1784655476.493] [8196:8196] [DMG] Command handler moving to [NewRespons][0m
[0;34m[1784655476.493] [8196:8196] [DMG] Command handler moving to [ Preparing][0m
[0;34m[1784655476.493] [8196:8196] [DMG] Command handler moving to [AddingComm][0m
[0;34m[1784655476.493] [8196:8196] [DMG] Command handler moving to [AddedComma][0m
[0;32m[1784655476.493] [8196:8196] [ZCL] OpCreds: UpdateNOC successful.[0m
[0;34m[1784655476.493] [8196:8196] [IN] Expiring all sessions for fabric 0x1!![0m
[0;34m[1784655476.493] [8196:8196] [IN] SecureSession[0x5872a0aa5da0]: MarkForEviction Type:2 LSID:59514[0m
[0;32m[1784655476.493] [8196:8196] [SC] SecureSession[0x5872a0aa5da0, LSID:59514]: State change 'kActive' --> 'kPendingEviction'[0m
[0;34m[1784655476.493] [8196:8196] [IN] SecureSession[0x5872a0aa5da0]: Released - Type:2 LSID:59514[0m
[0;34m[1784655476.493] [8196:8196] [IN] SecureSession[0x5872a0ac0f00]: MarkForEviction Type:2 LSID:59515[0m
[0;32m[1784655476.493] [8196:8196] [SC] SecureSession[0x5872a0ac0f00, LSID:59515]: State change 'kActive' --> 'kPendingEviction'[0m
[0;34m[1784655476.493] [8196:8196] [IN] SecureSession[0x5872a0ac0f00]: Released - Type:2 LSID:59515[0m
[0;34m[1784655476.493] [8196:8196] [IN] SecureSession[0x5872a0aa5890]: MarkForEviction Type:2 LSID:59516[0m
[0;32m[1784655476.493] [8196:8196] [SC] SecureSession[0x5872a0aa5890, LSID:59516]: State change 'kActive' --> 'kPendingEviction'[0m
[0;34m[1784655476.493] [8196:8196] [IN] SecureSession[0x5872a0aa5890]: Released - Type:2 LSID:59516[0m
[0;34m[1784655476.493] [8196:8196] [IN] SecureSession[0x5872a0ac1a30]: MarkForEviction Type:2 LSID:59517[0m
[0;32m[1784655476.493] [8196:8196] [SC] SecureSession[0x5872a0ac1a30, LSID:59517]: State change 'kActive' --> 'kPendingEviction'[0m
[0;34m[1784655476.493] [8196:8196] [IN] SecureSession[0x5872a0ac1a30]: Released - Type:2 LSID:59517[0m
[0;34m[1784655476.493] [8196:8196] [IN] SecureSession[0x5872a0ac4080]: MarkForEviction Type:2 LSID:59518[0m
[0;32m[1784655476.493] [8196:8196] [SC] SecureSession[0x5872a0ac4080, LSID:59518]: State change 'kActive' --> 'kPendingEviction'[0m
[0;34m[1784655476.493] [8196:8196] [DMG] Decreasing reference count for CommandHandlerImpl, remaining 1[0m
[0;34m[1784655476.493] [8196:8196] [DMG] Decreasing reference count for CommandHandlerImpl, remaining 0[0m
[0;34m[1784655476.493] [8196:8196] [DMG] Command handler moving to [AwaitingDe][0m
[0;32m[1784655476.493] [8196:8196] [EM] <<< [E:49604r S:59518 M:21004808 (Ack:236767698)] (S) Msg TX from 0000000000000001 to 1:000000000001B669 [F49A] [UDP:[fe80::bfe:a203:38f0:bce7%enp0s3]:41581] --- Type 0001:09 (IM:InvokeCommandResponse) (B:70)[0m
[0;32m[1784655476.493] [8196:8196] [EM] ??1 [E:49604r S:59518 M:21004808] (S) Msg Retransmission to 1:000000000001B669 scheduled for 351ms from now [State:Active II:500 AI:300 AT:4000][0m
[0;34m[1784655476.493] [8196:8196] [DMG] Command response sender moving to [AllInvokeR][0m
[0;32m[1784655476.493] [8196:8196] [EM] >>> [E:49603r S:0 M:263648440 (Ack:249130366)] (U) Msg RX from 0:A577F2676B5F71CB [0000] to 0000000000000000 --- Type 0000:10 (SecureChannel:StandaloneAck) (B:26)[0m
[0;34m[1784655476.493] [8196:8196] [EM] Found matching exchange: 49603r, Delegate: (nil)[0m
[0;34m[1784655476.493] [8196:8196] [EM] Rxd Ack; Removing MessageCounter:249130366 from Retrans Table on exchange 49603r[0m
[0;32m[1784655476.494] [8196:8196] [EM] >>> [E:49604r S:59518 M:236767699 (Ack:21004808)] (S) Msg RX from 1:000000000001B669 [F49A] to 0000000000000001 --- Type 0000:10 (SecureChannel:StandaloneAck) (B:34)[0m
[0;34m[1784655476.494] [8196:8196] [EM] Found matching exchange: 49604r, Delegate: (nil)[0m
[0;34m[1784655476.494] [8196:8196] [EM] Rxd Ack; Removing MessageCounter:21004808 from Retrans Table on exchange 49604r[0m
[0;34m[1784655476.494] [8196:8196] [IN] SecureSession[0x5872a0ac4080]: Released - Type:2 LSID:59518[0m
[0;32m[1784655476.761] [8196:8196] [EM] >>> [E:23964r S:0 M:14737445] (U) Msg RX from 0:7AA1D724610E5F43 [0000] to 0000000000000000 --- Type 0000:30 (SecureChannel:CASE_Sigma1) (B:196)[0m
[0;34m[1784655476.761] [8196:8196] [EM] Handling via exchange: 23964r, Delegate: 0x58729a7745f8[0m
[0;32m[1784655476.762] [8196:8196] [IN] CASE Server received Sigma1 message . Starting handshake. EC 0x5872a0ac4a90[0m
[0;32m[1784655476.762] [8196:8196] [SC] Received Sigma1 msg[0m
[0;34m[1784655476.762] [8196:8196] [SC] Found MRP parameters in the message[0m
[0;34m[1784655476.762] [8196:8196] [SC] Peer (Initiator) assigned session ID 6787[0m
[0;32m[1784655476.762] [8196:8196] [SC] CASE matched destination ID: fabricIndex 1, NodeID 0x1122334455667788[0m
[0;32m[1784655476.763] [8196:8196] [EM] <<< [E:23964r S:0 M:249130367 (Ack:14737445)] (U) Msg TX from 0000000000000000 to 0:7AA1D724610E5F43 [0000] [UDP:[fe80::bfe:a203:38f0:bce7%enp0s3]:38279] --- Type 0000:31 (SecureChannel:CASE_Sigma2) (B:544)[0m
[0;32m[1784655476.763] [8196:8196] [EM] ??1 [E:23964r S:0 M:249130367] (U) Msg Retransmission to 0:0000000000000000 scheduled for 380ms from now [State:Active II:500 AI:300 AT:4000][0m
[0;32m[1784655476.763] [8196:8196] [SC] Sent Sigma2 msg[0m
[0;32m[1784655476.764] [8196:8196] [EM] >>> [E:23964r S:0 M:14737446 (Ack:249130367)] (U) Msg RX from 0:7AA1D724610E5F43 [0000] to 0000000000000000 --- Type 0000:40 (SecureChannel:StatusReport) (B:34)[0m
[0;34m[1784655476.765] [8196:8196] [EM] Found matching exchange: 23964r, Delegate: 0x58729a774630[0m
[0;34m[1784655476.765] [8196:8196] [EM] Rxd Ack; Removing MessageCounter:249130367 from Retrans Table on exchange 23964r[0m
[1;31m[1784655476.765] [8196:8196] [SC] Received error (protocol code 2) during pairing process: src/protocols/secure_channel/CASESession.cpp:2346: CHIP Error 0x00000054: Invalid CASE parameter[0m
[1;31m[1784655476.765] [8196:8196] [IN] CASE Session establishment failed: src/protocols/secure_channel/CASESession.cpp:2346: CHIP Error 0x00000054: Invalid CASE parameter[0m
[0;34m[1784655476.765] [8196:8196] [IN] SecureSession[0x5872a0ac3d70]: Released - Type:2 LSID:59519[0m
[0;34m[1784655476.765] [8196:8196] [IN] SecureSession[0x5872a0ac3d70]: Allocated Type:2 LSID:59520[0m
[0;34m[1784655476.765] [8196:8196] [SC] Allocated SecureSession (0x5872a0ac3d70) - waiting for Sigma1 msg[0m
[0;32m[1784655476.765] [8196:8196] [EM] <<< [E:23964r S:0 M:249130368 (Ack:14737446)] (U) Msg TX from 0000000000000000 to 0:7AA1D724610E5F43 [0000] [UDP:[fe80::bfe:a203:38f0:bce7%enp0s3]:38279] --- Type 0000:10 (SecureChannel:StandaloneAck) (B:26)[0m
[0;34m[1784655476.765] [8196:8196] [EM] Flushed pending ack for MessageCounter:14737446 on exchange 23964r[0m
[0;34m[1784655476.782] [8196:8196] [ZCL] Emitting ShutDown event[0m
[0;34m[1784655476.782] [8196:8196] [EVL] LogEvent event number: 0x0000000000000005 priority: 2, endpoint id:  0x0 cluster id: 0x0000_0028 event id: 0x1 Epoch timestamp: 0x0000019F85C1782E[0m
[0;34m[1784655476.782] [8196:8196] [DMG] All ReadHandler-s are clean, clear GlobalDirtySet[0m
[0;34m[1784655476.782] [8196:8196] [IN] SecureSession[0x5872a0ac3d70]: Released - Type:2 LSID:59520[0m
[0;34m[1784655476.783] [8196:8196] [DMG] All ReadHandler-s are clean, clear GlobalDirtySet[0m
[0;32m[1784655476.783] [8196:8196] [DMG] AccessControl: finishing[0m
[0;32m[1784655476.783] [8196:8196] [DMG] Examples::AccessControlDelegate::Finish[0m
[0;34m[1784655476.785] [8196:8196] [DL] Wrote settings to /tmp/chip_counters.ini[0m
[0;32m[1784655476.785] [8196:8196] [DL] NVS set: chip-counters/total-operational-hours = 0 (0x0)[0m
[0;32m[1784655476.785] [8196:8196] [DL] Inet Layer shutdown[0m
[0;32m[1784655476.785] [8196:8196] [DL] BLE Layer shutdown[0m
[0;32m[1784655476.785] [8196:8196] [DL] WiFi-PAF Layer shutdown[0m
[0;32m[1784655476.785] [8196:8196] [PAF] WiFiPAF: Closing all WiFiPAF sessions to shutdown[0m
[0;32m[1784655476.785] [8196:8196] [DL] System Layer shutdown[0m
[0;32m[1784655476.785] [8196:8196] [DMG] TLSClientManagementCluster: shutdown[0m
[0;32m[1784655476.785] [8196:8196] [DMG] TLSCertificateManagementCluster: shutdown[0m
[0;32m[1784655476.785] [8196:8196] [DMG] AccessControlCluster: shutdown[0m
[0;32m[1784655476.786] [8196:8196] [BDX] Stop polling for messages[0m
