[0;34m[1784837734.084] [21766:21766] [DL] ChipLinuxStorage::Init: Using KVS config file: /tmp/chip_kvs_test[0m
[0;34m[1784837734.090] [21766:21766] [DL] Wrote settings to /tmp/chip_kvs_test[0m
[1;31m[1784837734.090] [21766:21766] [DL] ChipLinuxStorage::Init: Attempt to re-initialize with KVS config file: /tmp/chip_kvs, IGNORING.[0m
[0;34m[1784837734.092] [21766:21766] [DL] ChipLinuxStorage::Init: Using KVS config file: /tmp/chip_factory.ini[0m
[0;34m[1784837734.094] [21766:21766] [DL] Wrote settings to /tmp/chip_factory.ini[0m
[0;34m[1784837734.094] [21766:21766] [DL] ChipLinuxStorage::Init: Using KVS config file: /tmp/chip_config.ini[0m
[0;34m[1784837734.096] [21766:21766] [DL] Wrote settings to /tmp/chip_config.ini[0m
[0;34m[1784837734.096] [21766:21766] [DL] ChipLinuxStorage::Init: Using KVS config file: /tmp/chip_counters.ini[0m
[0;34m[1784837734.097] [21766:21766] [DL] Wrote settings to /tmp/chip_counters.ini[0m
[0;34m[1784837734.100] [21766:21766] [DL] Wrote settings to /tmp/chip_config.ini[0m
[0;32m[1784837734.100] [21766:21766] [DL] NVS set: chip-config/unique-id = "FDCF234E9F5FDE75"[0m
[0;34m[1784837734.101] [21766:21766] [DL] Wrote settings to /tmp/chip_factory.ini[0m
[0;32m[1784837734.102] [21766:21766] [DL] NVS set: chip-factory/vendor-id = 65521 (0xFFF1)[0m
[0;34m[1784837734.104] [21766:21766] [DL] Wrote settings to /tmp/chip_factory.ini[0m
[0;32m[1784837734.104] [21766:21766] [DL] NVS set: chip-factory/product-id = 32769 (0x8001)[0m
[0;34m[1784837734.106] [21766:21766] [DL] Wrote settings to /tmp/chip_counters.ini[0m
[0;32m[1784837734.106] [21766:21766] [DL] NVS set: chip-counters/reboot-count = 1 (0x1)[0m
[0;34m[1784837734.108] [21766:21766] [DL] Wrote settings to /tmp/chip_counters.ini[0m
[0;32m[1784837734.108] [21766:21766] [DL] NVS set: chip-counters/total-operational-hours = 0 (0x0)[0m
[0;34m[1784837734.111] [21766:21766] [DL] Wrote settings to /tmp/chip_counters.ini[0m
[0;32m[1784837734.111] [21766:21766] [DL] NVS set: chip-counters/boot-reason = 0 (0x0)[0m
[0;34m[1784837734.113] [21766:21766] [DL] Wrote settings to /tmp/chip_config.ini[0m
[0;32m[1784837734.113] [21766:21766] [DL] NVS set: chip-config/regulatory-location = 0 (0x0)[0m
[0;34m[1784837734.115] [21766:21766] [DL] Wrote settings to /tmp/chip_config.ini[0m
[0;32m[1784837734.115] [21766:21766] [DL] NVS set: chip-config/location-capability = 2 (0x2)[0m
[0;34m[1784837734.117] [21766:21766] [DL] Wrote settings to /tmp/chip_config.ini[0m
[0;32m[1784837734.117] [21766:21766] [DL] NVS set: chip-config/configuration-version = 1 (0x1)[0m
[0;32m[1784837734.117] [21766:21766] [DL] Got Ethernet interface: enp0s3[0m
[0;32m[1784837734.117] [21766:21766] [DL] Found the primary Ethernet interface:enp0s3[0m
[1;31m[1784837734.117] [21766:21766] [DL] Failed to get WiFi interface[0m
[1;31m[1784837734.117] [21766:21766] [DL] Failed to reset WiFi statistic counts[0m
[0;32m[1784837734.117] [21766:21766] [PAF] WiFiPAF: WiFiPAFLayer::Init()[0m
[1;31m[1784837734.117] [21766:21766] [-] *** WARNING: Using temporary passcode 20202021 due to no neither --passcode or --spake2p-verifier-base64 given on command line or factory configuration. This is temporary and will disappear. Please update your scripts to explicitly configure onboarding credentials. ***[0m
[1;31m[1784837734.117] [21766:21766] [-] *** WARNING: Using temporary test discriminator 3840 due to --discriminator not given on command line or factory configuration. This is temporary and will disappear. Please update your scripts to explicitly configure onboarding credentials. ***[0m
[0;32m[1784837734.117] [21766:21766] [SPT] LinuxCommissionableDataProvider didn't get a PASE salt, generating one.[0m
[0;32m[1784837734.119] [21766:21766] [DL] Device Configuration:[0m
[0;32m[1784837734.119] [21766:21766] [DL]   Serial Number: TEST_SN[0m
[0;32m[1784837734.119] [21766:21766] [DL]   Vendor Id: 65521 (0xFFF1)[0m
[0;32m[1784837734.119] [21766:21766] [DL]   Product Id: 32769 (0x8001)[0m
[0;32m[1784837734.119] [21766:21766] [DL]   Product Name: TEST_PRODUCT[0m
[0;32m[1784837734.119] [21766:21766] [DL]   Hardware Version: 0[0m
[0;32m[1784837734.119] [21766:21766] [DL]   Setup Pin Code (0 for UNKNOWN/ERROR): 20202021[0m
[0;32m[1784837734.119] [21766:21766] [DL]   Setup Discriminator (0xFFFF for UNKNOWN/ERROR): 3840 (0xF00)[0m
[0;32m[1784837734.119] [21766:21766] [DL]   Manufacturing Date: (not set)[0m
[0;32m[1784837734.119] [21766:21766] [DL]   Device Type: 257 (0x101)[0m
[0;32m[1784837734.119] [21766:21766] [-] ==== Onboarding payload for Standard Commissioning Flow ====[0m
[0;32m[1784837734.119] [21766:21766] [SVR] SetupQRCode: [MT:-24J042C00KA0648G00][0m
[0;32m[1784837734.119] [21766:21766] [SVR] Copy/paste the below URL in a browser to see the QR Code:[0m
[0;32m[1784837734.119] [21766:21766] [SVR] https://project-chip.github.io/connectedhomeip/qrcode.html?data=MT%3A-24J042C00KA0648G00[0m
[0;32m[1784837734.119] [21766:21766] [SVR] Manual pairing code: [34970112332][0m
[0;32m[1784837734.119] [21766:21766] [SVR] Initializing subscription resumption storage...[0m
[0;34m[1784837734.121] [21766:21766] [DL] Wrote settings to /tmp/chip_kvs_test[0m
[0;32m[1784837734.121] [21766:21766] [SVR] Server initializing...[0m
[0;34m[1784837734.121] [21766:21766] [FP] Initializing FabricTable from persistent storage[0m
[0;32m[1784837734.121] [21766:21766] [TS] Last Known Good Time: [unknown][0m
[0;32m[1784837734.121] [21766:21766] [TS] Setting Last Known Good Time to firmware build time 2023-10-14T01:16:48[0m
[0;34m[1784837734.123] [21766:21766] [DL] Wrote settings to /tmp/chip_kvs_test[0m
[0;32m[1784837734.123] [21766:21766] [DMG] AccessControl: initializing[0m
[0;32m[1784837734.123] [21766:21766] [DMG] Examples::AccessControlDelegate::Init[0m
[0;32m[1784837734.123] [21766:21766] [DMG] AccessControl: setting[0m
[0;32m[1784837734.123] [21766:21766] [DMG] DefaultAclStorage: initializing[0m
[0;32m[1784837734.123] [21766:21766] [DMG] DefaultAclStorage: 0 entries loaded[0m
[0;34m[1784837734.123] [21766:21766] [IN] UDP::Init bind&listen port=5540[0m
[0;34m[1784837734.123] [21766:21766] [IN] UDP::Init bound to port=5540[0m
[0;34m[1784837734.123] [21766:21766] [IN] UDP::Init bind&listen port=5540[0m
[0;34m[1784837734.123] [21766:21766] [IN] UDP::Init bound to port=5540[0m
[0;34m[1784837734.123] [21766:21766] [IN] BLEBase::Init - setting/overriding transport[0m
[0;32m[1784837734.123] [21766:21766] [IN] TCP server listening on port 5540 for incoming connections[0m
[0;32m[1784837734.123] [21766:21766] [IN] TCP server listening on port 5540 for incoming connections[0m
[0;34m[1784837734.123] [21766:21766] [IN] WiFiPAFBase::Init - setting/overriding transport[0m
[0;34m[1784837734.123] [21766:21766] [IN] TransportMgr initialized[0m
[0;34m[1784837734.125] [21766:21766] [DL] Wrote settings to /tmp/chip_kvs_test[0m
[0;34m[1784837734.128] [21766:21766] [DL] Wrote settings to /tmp/chip_kvs_test[0m
[0;34m[1784837734.130] [21766:21766] [DL] Wrote settings to /tmp/chip_kvs_test[0m
[0;32m[1784837734.130] [21766:21766] [DMG] Ember attribute persistence requires setting up[0m
[0;32m[1784837734.130] [21766:21766] [ZCL] Using ZAP configuration...[0m
[0;34m[1784837734.130] [21766:21766] [DMG] Failed to read stored attribute (1, 0x0000_0006, 0x0000_0000: src/platform/Linux/KeyValueStoreManagerImpl.cpp:53: CHIP Error 0x000000A0: Value not found in the persisted storage[0m
[0;34m[1784837734.130] [21766:21766] [DMG] Failed to read stored attribute (1, 0x0000_0006, 0x0000_4003: src/platform/Linux/KeyValueStoreManagerImpl.cpp:53: CHIP Error 0x000000A0: Value not found in the persisted storage[0m
[0;34m[1784837734.130] [21766:21766] [DMG] Failed to read stored attribute (1, 0x0000_0008, 0x0000_0000: src/platform/Linux/KeyValueStoreManagerImpl.cpp:53: CHIP Error 0x000000A0: Value not found in the persisted storage[0m
[0;34m[1784837734.130] [21766:21766] [DMG] Failed to read stored attribute (1, 0x0000_0008, 0x0000_4000: src/platform/Linux/KeyValueStoreManagerImpl.cpp:53: CHIP Error 0x000000A0: Value not found in the persisted storage[0m
[0;34m[1784837734.130] [21766:21766] [DMG] Failed to read stored attribute (1, 0x0000_0050, 0x0000_0003: src/platform/Linux/KeyValueStoreManagerImpl.cpp:53: CHIP Error 0x000000A0: Value not found in the persisted storage[0m
[0;34m[1784837734.130] [21766:21766] [DMG] Failed to read stored attribute (1, 0x0000_0050, 0x0000_0004: src/platform/Linux/KeyValueStoreManagerImpl.cpp:53: CHIP Error 0x000000A0: Value not found in the persisted storage[0m
[0;34m[1784837734.130] [21766:21766] [DMG] Failed to read stored attribute (1, 0x0000_0050, 0x0000_0005: src/platform/Linux/KeyValueStoreManagerImpl.cpp:53: CHIP Error 0x000000A0: Value not found in the persisted storage[0m
[0;34m[1784837734.130] [21766:21766] [DMG] Failed to read stored attribute (1, 0x0000_005C, 0x0000_0000: src/platform/Linux/KeyValueStoreManagerImpl.cpp:53: CHIP Error 0x000000A0: Value not found in the persisted storage[0m
[0;34m[1784837734.130] [21766:21766] [DMG] Failed to read stored attribute (1, 0x0000_005C, 0x0000_0001: src/platform/Linux/KeyValueStoreManagerImpl.cpp:53: CHIP Error 0x000000A0: Value not found in the persisted storage[0m
[0;34m[1784837734.130] [21766:21766] [DMG] Failed to read stored attribute (1, 0x0000_005C, 0x0000_0002: src/platform/Linux/KeyValueStoreManagerImpl.cpp:53: CHIP Error 0x000000A0: Value not found in the persisted storage[0m
[0;34m[1784837734.130] [21766:21766] [DMG] Failed to read stored attribute (1, 0x0000_005C, 0x0000_0003: src/platform/Linux/KeyValueStoreManagerImpl.cpp:53: CHIP Error 0x000000A0: Value not found in the persisted storage[0m
[0;34m[1784837734.130] [21766:21766] [DMG] Failed to read stored attribute (1, 0x0000_005C, 0x0000_0004: src/platform/Linux/KeyValueStoreManagerImpl.cpp:53: CHIP Error 0x000000A0: Value not found in the persisted storage[0m
[0;34m[1784837734.130] [21766:21766] [DMG] Failed to read stored attribute (1, 0x0000_005C, 0x0000_0006: src/platform/Linux/KeyValueStoreManagerImpl.cpp:53: CHIP Error 0x000000A0: Value not found in the persisted storage[0m
[0;34m[1784837734.130] [21766:21766] [DMG] Failed to read stored attribute (1, 0x0000_005C, 0x0000_0007: src/platform/Linux/KeyValueStoreManagerImpl.cpp:53: CHIP Error 0x000000A0: Value not found in the persisted storage[0m
[0;34m[1784837734.131] [21766:21766] [DMG] Failed to read stored attribute (1, 0x0000_0081, 0x0000_0001: src/platform/Linux/KeyValueStoreManagerImpl.cpp:53: CHIP Error 0x000000A0: Value not found in the persisted storage[0m
[0;34m[1784837734.131] [21766:21766] [DMG] Failed to read stored attribute (1, 0x0000_0081, 0x0000_0008: src/platform/Linux/KeyValueStoreManagerImpl.cpp:53: CHIP Error 0x000000A0: Value not found in the persisted storage[0m
[0;34m[1784837734.131] [21766:21766] [DMG] Failed to read stored attribute (1, 0x0000_0102, 0x0000_0003: src/platform/Linux/KeyValueStoreManagerImpl.cpp:53: CHIP Error 0x000000A0: Value not found in the persisted storage[0m
[0;34m[1784837734.131] [21766:21766] [DMG] Failed to read stored attribute (1, 0x0000_0102, 0x0000_0004: src/platform/Linux/KeyValueStoreManagerImpl.cpp:53: CHIP Error 0x000000A0: Value not found in the persisted storage[0m
[0;34m[1784837734.131] [21766:21766] [DMG] Failed to read stored attribute (1, 0x0000_0102, 0x0000_0005: src/platform/Linux/KeyValueStoreManagerImpl.cpp:53: CHIP Error 0x000000A0: Value not found in the persisted storage[0m
[0;34m[1784837734.131] [21766:21766] [DMG] Failed to read stored attribute (1, 0x0000_0102, 0x0000_0006: src/platform/Linux/KeyValueStoreManagerImpl.cpp:53: CHIP Error 0x000000A0: Value not found in the persisted storage[0m
[0;34m[1784837734.131] [21766:21766] [DMG] Failed to read stored attribute (1, 0x0000_0102, 0x0000_0007: src/platform/Linux/KeyValueStoreManagerImpl.cpp:53: CHIP Error 0x000000A0: Value not found in the persisted storage[0m
[0;34m[1784837734.131] [21766:21766] [DMG] Failed to read stored attribute (1, 0x0000_0102, 0x0000_0008: src/platform/Linux/KeyValueStoreManagerImpl.cpp:53: CHIP Error 0x000000A0: Value not found in the persisted storage[0m
[0;34m[1784837734.131] [21766:21766] [DMG] Failed to read stored attribute (1, 0x0000_0102, 0x0000_0009: src/platform/Linux/KeyValueStoreManagerImpl.cpp:53: CHIP Error 0x000000A0: Value not found in the persisted storage[0m
[0;34m[1784837734.131] [21766:21766] [DMG] Failed to read stored attribute (1, 0x0000_0102, 0x0000_000E: src/platform/Linux/KeyValueStoreManagerImpl.cpp:53: CHIP Error 0x000000A0: Value not found in the persisted storage[0m
[0;34m[1784837734.131] [21766:21766] [DMG] Failed to read stored attribute (1, 0x0000_0102, 0x0000_000F: src/platform/Linux/KeyValueStoreManagerImpl.cpp:53: CHIP Error 0x000000A0: Value not found in the persisted storage[0m
[0;34m[1784837734.131] [21766:21766] [DMG] Failed to read stored attribute (1, 0x0000_0102, 0x0000_0010: src/platform/Linux/KeyValueStoreManagerImpl.cpp:53: CHIP Error 0x000000A0: Value not found in the persisted storage[0m
[0;34m[1784837734.131] [21766:21766] [DMG] Failed to read stored attribute (1, 0x0000_0102, 0x0000_0011: src/platform/Linux/KeyValueStoreManagerImpl.cpp:53: CHIP Error 0x000000A0: Value not found in the persisted storage[0m
[0;34m[1784837734.131] [21766:21766] [DMG] Failed to read stored attribute (1, 0x0000_0102, 0x0000_0012: src/platform/Linux/KeyValueStoreManagerImpl.cpp:53: CHIP Error 0x000000A0: Value not found in the persisted storage[0m
[0;34m[1784837734.131] [21766:21766] [DMG] Failed to read stored attribute (1, 0x0000_0102, 0x0000_0013: src/platform/Linux/KeyValueStoreManagerImpl.cpp:53: CHIP Error 0x000000A0: Value not found in the persisted storage[0m
[0;34m[1784837734.131] [21766:21766] [DMG] Failed to read stored attribute (1, 0x0000_0102, 0x0000_0017: src/platform/Linux/KeyValueStoreManagerImpl.cpp:53: CHIP Error 0x000000A0: Value not found in the persisted storage[0m
[0;34m[1784837734.131] [21766:21766] [DMG] Failed to read stored attribute (1, 0x0000_0300, 0x0000_0000: src/platform/Linux/KeyValueStoreManagerImpl.cpp:53: CHIP Error 0x000000A0: Value not found in the persisted storage[0m
[0;34m[1784837734.131] [21766:21766] [DMG] Failed to read stored attribute (1, 0x0000_0300, 0x0000_0001: src/platform/Linux/KeyValueStoreManagerImpl.cpp:53: CHIP Error 0x000000A0: Value not found in the persisted storage[0m
[0;34m[1784837734.131] [21766:21766] [DMG] Failed to read stored attribute (1, 0x0000_0300, 0x0000_0003: src/platform/Linux/KeyValueStoreManagerImpl.cpp:53: CHIP Error 0x000000A0: Value not found in the persisted storage[0m
[0;34m[1784837734.131] [21766:21766] [DMG] Failed to read stored attribute (1, 0x0000_0300, 0x0000_0004: src/platform/Linux/KeyValueStoreManagerImpl.cpp:53: CHIP Error 0x000000A0: Value not found in the persisted storage[0m
[0;34m[1784837734.131] [21766:21766] [DMG] Failed to read stored attribute (1, 0x0000_0300, 0x0000_0007: src/platform/Linux/KeyValueStoreManagerImpl.cpp:53: CHIP Error 0x000000A0: Value not found in the persisted storage[0m
[0;34m[1784837734.131] [21766:21766] [DMG] Failed to read stored attribute (1, 0x0000_0300, 0x0000_4000: src/platform/Linux/KeyValueStoreManagerImpl.cpp:53: CHIP Error 0x000000A0: Value not found in the persisted storage[0m
[0;34m[1784837734.131] [21766:21766] [DMG] Failed to read stored attribute (1, 0x0000_0300, 0x0000_4001: src/platform/Linux/KeyValueStoreManagerImpl.cpp:53: CHIP Error 0x000000A0: Value not found in the persisted storage[0m
[0;34m[1784837734.131] [21766:21766] [DMG] Failed to read stored attribute (1, 0x0000_0300, 0x0000_4002: src/platform/Linux/KeyValueStoreManagerImpl.cpp:53: CHIP Error 0x000000A0: Value not found in the persisted storage[0m
[0;34m[1784837734.131] [21766:21766] [DMG] Failed to read stored attribute (1, 0x0000_0300, 0x0000_4003: src/platform/Linux/KeyValueStoreManagerImpl.cpp:53: CHIP Error 0x000000A0: Value not found in the persisted storage[0m
[0;34m[1784837734.131] [21766:21766] [DMG] Failed to read stored attribute (1, 0x0000_0300, 0x0000_4004: src/platform/Linux/KeyValueStoreManagerImpl.cpp:53: CHIP Error 0x000000A0: Value not found in the persisted storage[0m
[0;34m[1784837734.131] [21766:21766] [DMG] Failed to read stored attribute (1, 0x0000_0300, 0x0000_4010: src/platform/Linux/KeyValueStoreManagerImpl.cpp:53: CHIP Error 0x000000A0: Value not found in the persisted storage[0m
[0;34m[1784837734.133] [21766:21766] [DL] Wrote settings to /tmp/chip_kvs_test[0m
[0;34m[1784837734.133] [21766:21766] [EVL] LogEvent event number: 0x0000000000000000 priority: 1, endpoint id:  0x0 cluster id: 0x0000_0038 event id: 0x0 Epoch timestamp: 0x0000019F909E7EF5[0m
[0;32m[1784837734.133] [21766:21766] [ZCL] Emit DSTTableEmpty event [ep=0][0m
[0;32m[1784837734.133] [21766:21766] [ZCL] Initializing TLS Certificate Management cluster.[0m
[0;32m[1784837734.133] [21766:21766] [ZCL] Initializing TLS Client Management cluster.[0m
[0;34m[1784837734.133] [21766:21766] [ZCL] UnitLocalization ep0 set default TemperatureUnit: 1[0m
[0;34m[1784837734.133] [21766:21766] [DMG] Endpoint 0, Cluster 0x0000_0004 update version to b880ba62[0m
[0;34m[1784837734.133] [21766:21766] [DMG] Endpoint 0, Cluster 0x0000_0004 update version to b880ba63[0m
[0;34m[1784837734.133] [21766:21766] [DMG] Endpoint 1, Cluster 0x0000_0004 update version to 9a3cd6c1[0m
[0;34m[1784837734.133] [21766:21766] [DMG] Endpoint 1, Cluster 0x0000_0004 update version to 9a3cd6c2[0m
[0;32m[1784837734.133] [21766:21766] [ZCL] Endpoint 1 On/off already set to new value[0m
[0;34m[1784837734.133] [21766:21766] [DMG] Endpoint 1, Cluster 0x0000_0008 update version to 2b0bede7[0m
[0;34m[1784837734.133] [21766:21766] [ZCL] ModeBase: Unable to load the CurrentMode from the KVS. Assuming 0[0m
[0;34m[1784837734.133] [21766:21766] [ZCL] ModeBase: Unable to load the StartUpMode from the KVS. Assuming null[0m
[0;34m[1784837734.133] [21766:21766] [ZCL] ModeBase: Unable to load the OnMode from the KVS.      Assuming null[0m
[0;34m[1784837734.133] [21766:21766] [ZCL] ModeBase: Unable to load the CurrentMode from the KVS. Assuming 0[0m
[0;34m[1784837734.133] [21766:21766] [ZCL] ModeBase: Unable to load the StartUpMode from the KVS. Assuming null[0m
[0;34m[1784837734.133] [21766:21766] [ZCL] ModeBase: Unable to load the OnMode from the KVS.      Assuming null[0m
[0;34m[1784837734.133] [21766:21766] [ZCL] ModeBase: Unable to load the CurrentMode from the KVS. Assuming 0[0m
[0;34m[1784837734.133] [21766:21766] [ZCL] ModeBase: Unable to load the StartUpMode from the KVS. Assuming null[0m
[0;34m[1784837734.133] [21766:21766] [ZCL] ModeBase: Unable to load the OnMode from the KVS.      Assuming null[0m
[0;34m[1784837734.133] [21766:21766] [ZCL] ModeBase: Unable to load the CurrentMode from the KVS. Assuming 0[0m
[0;34m[1784837734.133] [21766:21766] [ZCL] ModeBase: Unable to load the StartUpMode from the KVS. Assuming null[0m
[0;34m[1784837734.133] [21766:21766] [ZCL] ModeBase: Unable to load the OnMode from the KVS.      Assuming null[0m
[0;34m[1784837734.133] [21766:21766] [ZCL] ModeBase: Unable to load the CurrentMode from the KVS. Assuming 0[0m
[0;34m[1784837734.133] [21766:21766] [ZCL] ModeBase: Unable to load the StartUpMode from the KVS. Assuming null[0m
[0;34m[1784837734.133] [21766:21766] [ZCL] ModeBase: Unable to load the OnMode from the KVS.      Assuming null[0m
[0;34m[1784837734.133] [21766:21766] [ZCL] ModeBase: Unable to load the CurrentMode from the KVS. Assuming 0[0m
[0;34m[1784837734.133] [21766:21766] [ZCL] ModeBase: Unable to load the StartUpMode from the KVS. Assuming null[0m
[0;34m[1784837734.133] [21766:21766] [ZCL] ModeBase: Unable to load the OnMode from the KVS.      Assuming null[0m
[0;34m[1784837734.133] [21766:21766] [ZCL] ModeBase: Unable to load the CurrentMode from the KVS. Assuming 0[0m
[0;34m[1784837734.133] [21766:21766] [ZCL] ModeBase: Unable to load the StartUpMode from the KVS. Assuming null[0m
[0;34m[1784837734.133] [21766:21766] [ZCL] ModeBase: Unable to load the OnMode from the KVS.      Assuming null[0m
[0;34m[1784837734.133] [21766:21766] [ZCL] ResourceMonitoring: Init[0m
[0;34m[1784837734.133] [21766:21766] [ZCL] ResourceMonitoring: Unable to load the LastChangedTime from the KVS. Assuming null[0m
[0;34m[1784837734.133] [21766:21766] [ZCL] ResourceMonitoring: calling mDelegate->Init()[0m
[0;34m[1784837734.133] [21766:21766] [ZCL] HepaFilterMonitoringDelegate::Init()[0m
[0;34m[1784837734.133] [21766:21766] [ZCL] ResourceMonitoring: Init[0m
[0;34m[1784837734.133] [21766:21766] [ZCL] ResourceMonitoring: Unable to load the LastChangedTime from the KVS. Assuming null[0m
[0;34m[1784837734.133] [21766:21766] [ZCL] ResourceMonitoring: calling mDelegate->Init()[0m
[0;34m[1784837734.133] [21766:21766] [ZCL] ActivatedCarbonFilterMonitoringDelegate::Init()[0m
[0;34m[1784837734.135] [21766:21766] [DL] Wrote settings to /tmp/chip_kvs_test[0m
[0;34m[1784837734.135] [21766:21766] [DMG] Endpoint 1, Cluster 0x0000_0102 update version to f046b863[0m
[0;32m[1784837734.135] [21766:21766] [ZCL] WC POST ATTRIBUTE=7[0m
[0;32m[1784837734.135] [21766:21766] [ZCL] ConfigStatus 0x1B Operational=1 OnlineReserved=1[0m
[0;32m[1784837734.135] [21766:21766] [ZCL] Lift(PA=1 Encoder=0 Reversed=0) Tilt(PA=1 Encoder=0)[0m
[0;32m[1784837734.135] [21766:21766] [ZCL] Initialize PCC Server Cluster [EP:1][0m
[0;34m[1784837734.135] [21766:21766] [DMG] Endpoint 1, Cluster 0x0000_0300 update version to af754cf3[0m
[0;34m[1784837734.135] [21766:21766] [DMG] Endpoint 1, Cluster 0x0000_0300 update version to af754cf4[0m
[0;34m[1784837734.137] [21766:21766] [DL] Wrote settings to /tmp/chip_kvs_test[0m
[0;34m[1784837734.137] [21766:21766] [DMG] Endpoint 1, Cluster 0x0000_0300 update version to af754cf5[0m
[0;34m[1784837734.137] [21766:21766] [DMG] Endpoint 1, Cluster 0x0000_0406 update version to 96cdb2[0m
[0;34m[1784837734.137] [21766:21766] [DMG] Endpoint 1, Cluster 0x0000_0406 update version to 96cdb3[0m
[0;34m[1784837734.137] [21766:21766] [DMG] Endpoint 1, Cluster 0x0000_040C update version to 195c81a4[0m
[0;34m[1784837734.137] [21766:21766] [DMG] Endpoint 1, Cluster 0x0000_040C update version to 195c81a5[0m
[0;34m[1784837734.137] [21766:21766] [DMG] Endpoint 1, Cluster 0x0000_040C update version to 195c81a6[0m
[0;34m[1784837734.137] [21766:21766] [DMG] Endpoint 1, Cluster 0x0000_040C update version to 195c81a7[0m
[0;34m[1784837734.137] [21766:21766] [DMG] Endpoint 1, Cluster 0x0000_040C update version to 195c81a8[0m
[0;34m[1784837734.137] [21766:21766] [DMG] Endpoint 1, Cluster 0x0000_040C update version to 195c81a9[0m
[0;34m[1784837734.137] [21766:21766] [DMG] Endpoint 1, Cluster 0x0000_040C update version to 195c81aa[0m
[0;34m[1784837734.137] [21766:21766] [DMG] Endpoint 1, Cluster 0x0000_040C update version to 195c81ab[0m
[0;34m[1784837734.137] [21766:21766] [DMG] Endpoint 1, Cluster 0x0000_040D update version to 32cce56c[0m
[0;34m[1784837734.137] [21766:21766] [DMG] Endpoint 1, Cluster 0x0000_040D update version to 32cce56d[0m
[0;34m[1784837734.137] [21766:21766] [DMG] Endpoint 1, Cluster 0x0000_040D update version to 32cce56e[0m
[0;34m[1784837734.137] [21766:21766] [DMG] Endpoint 1, Cluster 0x0000_040D update version to 32cce56f[0m
[0;34m[1784837734.137] [21766:21766] [DMG] Endpoint 1, Cluster 0x0000_040D update version to 32cce570[0m
[0;34m[1784837734.137] [21766:21766] [DMG] Endpoint 1, Cluster 0x0000_040D update version to 32cce571[0m
[0;34m[1784837734.137] [21766:21766] [DMG] Endpoint 1, Cluster 0x0000_040D update version to 32cce572[0m
[0;34m[1784837734.137] [21766:21766] [DMG] Endpoint 1, Cluster 0x0000_040D update version to 32cce573[0m
[0;34m[1784837734.137] [21766:21766] [DMG] Endpoint 1, Cluster 0x0000_0413 update version to af268dbc[0m
[0;34m[1784837734.137] [21766:21766] [DMG] Endpoint 1, Cluster 0x0000_0413 update version to af268dbd[0m
[0;34m[1784837734.137] [21766:21766] [DMG] Endpoint 1, Cluster 0x0000_0413 update version to af268dbe[0m
[0;34m[1784837734.137] [21766:21766] [DMG] Endpoint 1, Cluster 0x0000_0413 update version to af268dbf[0m
[0;34m[1784837734.137] [21766:21766] [DMG] Endpoint 1, Cluster 0x0000_0413 update version to af268dc0[0m
[0;34m[1784837734.137] [21766:21766] [DMG] Endpoint 1, Cluster 0x0000_0413 update version to af268dc1[0m
[0;34m[1784837734.137] [21766:21766] [DMG] Endpoint 1, Cluster 0x0000_0413 update version to af268dc2[0m
[0;34m[1784837734.138] [21766:21766] [DMG] Endpoint 1, Cluster 0x0000_0413 update version to af268dc3[0m
[0;34m[1784837734.138] [21766:21766] [DMG] Endpoint 1, Cluster 0x0000_0415 update version to 9eef87a6[0m
[0;34m[1784837734.138] [21766:21766] [DMG] Endpoint 1, Cluster 0x0000_0415 update version to 9eef87a7[0m
[0;34m[1784837734.138] [21766:21766] [DMG] Endpoint 1, Cluster 0x0000_0415 update version to 9eef87a8[0m
[0;34m[1784837734.138] [21766:21766] [DMG] Endpoint 1, Cluster 0x0000_0415 update version to 9eef87a9[0m
[0;34m[1784837734.138] [21766:21766] [DMG] Endpoint 1, Cluster 0x0000_0415 update version to 9eef87aa[0m
[0;34m[1784837734.138] [21766:21766] [DMG] Endpoint 1, Cluster 0x0000_0415 update version to 9eef87ab[0m
[0;34m[1784837734.138] [21766:21766] [DMG] Endpoint 1, Cluster 0x0000_0415 update version to 9eef87ac[0m
[0;34m[1784837734.138] [21766:21766] [DMG] Endpoint 1, Cluster 0x0000_0415 update version to 9eef87ad[0m
[0;34m[1784837734.138] [21766:21766] [DMG] Endpoint 1, Cluster 0x0000_042A update version to d4577ca5[0m
[0;34m[1784837734.138] [21766:21766] [DMG] Endpoint 1, Cluster 0x0000_042A update version to d4577ca6[0m
[0;34m[1784837734.138] [21766:21766] [DMG] Endpoint 1, Cluster 0x0000_042A update version to d4577ca7[0m
[0;34m[1784837734.138] [21766:21766] [DMG] Endpoint 1, Cluster 0x0000_042A update version to d4577ca8[0m
[0;34m[1784837734.138] [21766:21766] [DMG] Endpoint 1, Cluster 0x0000_042A update version to d4577ca9[0m
[0;34m[1784837734.138] [21766:21766] [DMG] Endpoint 1, Cluster 0x0000_042A update version to d4577caa[0m
[0;34m[1784837734.138] [21766:21766] [DMG] Endpoint 1, Cluster 0x0000_042A update version to d4577cab[0m
[0;34m[1784837734.138] [21766:21766] [DMG] Endpoint 1, Cluster 0x0000_042A update version to d4577cac[0m
[0;34m[1784837734.138] [21766:21766] [DMG] Endpoint 1, Cluster 0x0000_042B update version to a927d8c7[0m
[0;34m[1784837734.138] [21766:21766] [DMG] Endpoint 1, Cluster 0x0000_042B update version to a927d8c8[0m
[0;34m[1784837734.138] [21766:21766] [DMG] Endpoint 1, Cluster 0x0000_042B update version to a927d8c9[0m
[0;34m[1784837734.138] [21766:21766] [DMG] Endpoint 1, Cluster 0x0000_042B update version to a927d8ca[0m
[0;34m[1784837734.138] [21766:21766] [DMG] Endpoint 1, Cluster 0x0000_042B update version to a927d8cb[0m
[0;34m[1784837734.138] [21766:21766] [DMG] Endpoint 1, Cluster 0x0000_042B update version to a927d8cc[0m
[0;34m[1784837734.138] [21766:21766] [DMG] Endpoint 1, Cluster 0x0000_042B update version to a927d8cd[0m
[0;34m[1784837734.138] [21766:21766] [DMG] Endpoint 1, Cluster 0x0000_042B update version to a927d8ce[0m
[0;34m[1784837734.138] [21766:21766] [DMG] Endpoint 1, Cluster 0x0000_042C update version to 1210a63f[0m
[0;34m[1784837734.138] [21766:21766] [DMG] Endpoint 1, Cluster 0x0000_042C update version to 1210a640[0m
[0;34m[1784837734.138] [21766:21766] [DMG] Endpoint 1, Cluster 0x0000_042C update version to 1210a641[0m
[0;34m[1784837734.138] [21766:21766] [DMG] Endpoint 1, Cluster 0x0000_042C update version to 1210a642[0m
[0;34m[1784837734.138] [21766:21766] [DMG] Endpoint 1, Cluster 0x0000_042C update version to 1210a643[0m
[0;34m[1784837734.138] [21766:21766] [DMG] Endpoint 1, Cluster 0x0000_042C update version to 1210a644[0m
[0;34m[1784837734.138] [21766:21766] [DMG] Endpoint 1, Cluster 0x0000_042C update version to 1210a645[0m
[0;34m[1784837734.138] [21766:21766] [DMG] Endpoint 1, Cluster 0x0000_042C update version to 1210a646[0m
[0;34m[1784837734.138] [21766:21766] [DMG] Endpoint 1, Cluster 0x0000_042D update version to 3b70cb82[0m
[0;34m[1784837734.138] [21766:21766] [DMG] Endpoint 1, Cluster 0x0000_042D update version to 3b70cb83[0m
[0;34m[1784837734.138] [21766:21766] [DMG] Endpoint 1, Cluster 0x0000_042D update version to 3b70cb84[0m
[0;34m[1784837734.138] [21766:21766] [DMG] Endpoint 1, Cluster 0x0000_042D update version to 3b70cb85[0m
[0;34m[1784837734.138] [21766:21766] [DMG] Endpoint 1, Cluster 0x0000_042D update version to 3b70cb86[0m
[0;34m[1784837734.138] [21766:21766] [DMG] Endpoint 1, Cluster 0x0000_042D update version to 3b70cb87[0m
[0;34m[1784837734.138] [21766:21766] [DMG] Endpoint 1, Cluster 0x0000_042D update version to 3b70cb88[0m
[0;34m[1784837734.138] [21766:21766] [DMG] Endpoint 1, Cluster 0x0000_042D update version to 3b70cb89[0m
[0;34m[1784837734.138] [21766:21766] [DMG] Endpoint 1, Cluster 0x0000_042E update version to 3e0874cf[0m
[0;34m[1784837734.138] [21766:21766] [DMG] Endpoint 1, Cluster 0x0000_042E update version to 3e0874d0[0m
[0;34m[1784837734.138] [21766:21766] [DMG] Endpoint 1, Cluster 0x0000_042E update version to 3e0874d1[0m
[0;34m[1784837734.138] [21766:21766] [DMG] Endpoint 1, Cluster 0x0000_042E update version to 3e0874d2[0m
[0;34m[1784837734.138] [21766:21766] [DMG] Endpoint 1, Cluster 0x0000_042E update version to 3e0874d3[0m
[0;34m[1784837734.138] [21766:21766] [DMG] Endpoint 1, Cluster 0x0000_042E update version to 3e0874d4[0m
[0;34m[1784837734.138] [21766:21766] [DMG] Endpoint 1, Cluster 0x0000_042E update version to 3e0874d5[0m
[0;34m[1784837734.138] [21766:21766] [DMG] Endpoint 1, Cluster 0x0000_042E update version to 3e0874d6[0m
[0;34m[1784837734.138] [21766:21766] [DMG] Endpoint 1, Cluster 0x0000_042F update version to d5826e8[0m
[0;34m[1784837734.138] [21766:21766] [DMG] Endpoint 1, Cluster 0x0000_042F update version to d5826e9[0m
[0;34m[1784837734.138] [21766:21766] [DMG] Endpoint 1, Cluster 0x0000_042F update version to d5826ea[0m
[0;34m[1784837734.138] [21766:21766] [DMG] Endpoint 1, Cluster 0x0000_042F update version to d5826eb[0m
[0;34m[1784837734.138] [21766:21766] [DMG] Endpoint 1, Cluster 0x0000_042F update version to d5826ec[0m
[0;34m[1784837734.138] [21766:21766] [DMG] Endpoint 1, Cluster 0x0000_042F update version to d5826ed[0m
[0;34m[1784837734.138] [21766:21766] [DMG] Endpoint 1, Cluster 0x0000_042F update version to d5826ee[0m
[0;34m[1784837734.138] [21766:21766] [DMG] Endpoint 1, Cluster 0x0000_042F update version to d5826ef[0m
[0;32m[1784837734.138] [21766:21766] [-] Setting LowPower default delegate to global manager[0m
[0;34m[1784837734.138] [21766:21766] [DMG] Endpoint 2, Cluster 0x0000_0004 update version to 4895b69b[0m
[0;34m[1784837734.138] [21766:21766] [DMG] Endpoint 2, Cluster 0x0000_0004 update version to 4895b69c[0m
[1;31m[1784837734.138] [21766:21766] [IM] Duplicate attribute override registration failed[0m
[0;34m[1784837734.138] [21766:21766] [DMG] Endpoint 2, Cluster 0x0000_0406 update version to a9e6cb14[0m
[0;34m[1784837734.138] [21766:21766] [DMG] Endpoint 2, Cluster 0x0000_0406 update version to a9e6cb15[0m
[0;32m[1784837734.138] [21766:21766] [DMG] TLSClientManagementCluster: initializing[0m
[0;32m[1784837734.138] [21766:21766] [DMG] TLSCertificateManagementCluster: initializing[0m
[0;34m[1784837734.138] [21766:21766] [ZCL] Chime: Unable to load the SelectedChime attribute from the KVS. Defaulting to 0[0m
[0;34m[1784837734.138] [21766:21766] [ZCL] Chime: Unable to load the Enabled attribute from the KVS. Defaulting to 1[0m
[0;34m[1784837734.138] [21766:21766] [EVL] LogEvent event number: 0x0000000000000001 priority: 2, endpoint id:  0x0 cluster id: 0x0000_0033 event id: 0x3 Epoch timestamp: 0x0000019F909E7EFA[0m
[0;34m[1784837734.140] [21766:21766] [DL] Wrote settings to /tmp/chip_kvs_test[0m
[0;32m[1784837734.140] [21766:21766] [DMG] AccessControlCluster: initializing[0m
[0;34m[1784837734.140] [21766:21766] [IN] SecureSession[0x5e288f8c3890]: Allocated Type:1 LSID:29902[0m
[0;34m[1784837734.140] [21766:21766] [SC] Assigned local session key ID 29902[0m
[0;34m[1784837734.140] [21766:21766] [SC] Waiting for PBKDF param request[0m
[0;32m[1784837734.140] [21766:21766] [DIS] Updating services using commissioning mode 1[0m
[0;32m[1784837734.140] [21766:21766] [DIS] CHIP minimal mDNS started advertising.[0m
[0;34m[1784837734.140] [21766:21766] [DL] Using WiFi MAC for hostname[0m
[0;34m[1784837734.140] [21766:21766] [DIS] DNS-SD Pairing Instruction not set[0m
[0;32m[1784837734.140] [21766:21766] [DIS] Advertise commission parameter vendorID=65521 productID=32769 discriminator=3840/15 cm=1 cp=0 jf=0[0m
[0;34m[1784837734.140] [21766:21766] [DIS] Responding with _matterc._udp.local[0m
[0;34m[1784837734.140] [21766:21766] [DIS] Responding with 71250DC7CC0194EF._matterc._udp.local[0m
[0;34m[1784837734.140] [21766:21766] [DIS] Responding with 080027AE1A43.local[0m
[0;34m[1784837734.140] [21766:21766] [DIS] Responding with 080027AE1A43.local[0m
[0;34m[1784837734.140] [21766:21766] [DIS] Responding with _V65521._sub._matterc._udp.local[0m
[0;34m[1784837734.140] [21766:21766] [DIS] Responding with _T257._sub._matterc._udp.local[0m
[0;34m[1784837734.140] [21766:21766] [DIS] Responding with _S15._sub._matterc._udp.local[0m
[0;34m[1784837734.140] [21766:21766] [DIS] Responding with _L3840._sub._matterc._udp.local[0m
[0;34m[1784837734.140] [21766:21766] [DIS] Responding with _CM._sub._matterc._udp.local[0m
[0;34m[1784837734.140] [21766:21766] [DIS] Responding with 71250DC7CC0194EF._matterc._udp.local[0m
[0;32m[1784837734.140] [21766:21766] [DIS] CHIP minimal mDNS configured as 'Commissionable node device'; instance name: 71250DC7CC0194EF.[0m
[0;32m[1784837734.141] [21766:21766] [DIS] mDNS service published: _matterc._udp[0m
[0;32m[1784837734.141] [21766:21766] [DIS] Updating services using commissioning mode 1[0m
[0;32m[1784837734.141] [21766:21766] [DIS] CHIP minimal mDNS started advertising.[0m
[0;34m[1784837734.142] [21766:21766] [DL] Using WiFi MAC for hostname[0m
[0;34m[1784837734.142] [21766:21766] [DIS] DNS-SD Pairing Instruction not set[0m
[0;32m[1784837734.142] [21766:21766] [DIS] Advertise commission parameter vendorID=65521 productID=32769 discriminator=3840/15 cm=1 cp=0 jf=0[0m
[0;34m[1784837734.142] [21766:21766] [DIS] Responding with _matterc._udp.local[0m
[0;34m[1784837734.142] [21766:21766] [DIS] Responding with 71250DC7CC0194EF._matterc._udp.local[0m
[0;34m[1784837734.142] [21766:21766] [DIS] Responding with 080027AE1A43.local[0m
[0;34m[1784837734.142] [21766:21766] [DIS] Responding with 080027AE1A43.local[0m
[0;34m[1784837734.142] [21766:21766] [DIS] Responding with _V65521._sub._matterc._udp.local[0m
[0;34m[1784837734.142] [21766:21766] [DIS] Responding with _T257._sub._matterc._udp.local[0m
[0;34m[1784837734.142] [21766:21766] [DIS] Responding with _S15._sub._matterc._udp.local[0m
[0;34m[1784837734.142] [21766:21766] [DIS] Responding with _L3840._sub._matterc._udp.local[0m
[0;34m[1784837734.142] [21766:21766] [DIS] Responding with _CM._sub._matterc._udp.local[0m
[0;34m[1784837734.142] [21766:21766] [DIS] Responding with 71250DC7CC0194EF._matterc._udp.local[0m
[0;32m[1784837734.142] [21766:21766] [DIS] CHIP minimal mDNS configured as 'Commissionable node device'; instance name: 71250DC7CC0194EF.[0m
[0;32m[1784837734.142] [21766:21766] [DIS] mDNS service published: _matterc._udp[0m
[0;32m[1784837734.142] [21766:21766] [IN] CASE Server enabling CASE session setups[0m
[0;34m[1784837734.142] [21766:21766] [IN] SecureSession[0x5e288f8c3da0]: Allocated Type:2 LSID:29903[0m
[0;34m[1784837734.142] [21766:21766] [SC] Allocated SecureSession (0x5e288f8c3da0) - waiting for Sigma1 msg[0m
[0;32m[1784837734.142] [21766:21766] [SVR] Joining Multicast groups[0m
[0;34m[1784837734.142] [21766:21766] [ZCL] Emitting StartUp event[0m
[0;34m[1784837734.142] [21766:21766] [EVL] LogEvent event number: 0x0000000000000002 priority: 2, endpoint id:  0x0 cluster id: 0x0000_0028 event id: 0x0 Epoch timestamp: 0x0000019F909E7EFE[0m
[0;32m[1784837734.142] [21766:21766] [SVR] Server initialization complete[0m
[0;32m[1784837734.142] [21766:21766] [SVR] Server Listening...[0m
[0;32m[1784837734.142] [21766:21766] [DL] Device Configuration:[0m
[0;32m[1784837734.142] [21766:21766] [DL]   Serial Number: TEST_SN[0m
[0;32m[1784837734.142] [21766:21766] [DL]   Vendor Id: 65521 (0xFFF1)[0m
[0;32m[1784837734.142] [21766:21766] [DL]   Product Id: 32769 (0x8001)[0m
[0;32m[1784837734.142] [21766:21766] [DL]   Product Name: TEST_PRODUCT[0m
[0;32m[1784837734.142] [21766:21766] [DL]   Hardware Version: 0[0m
[0;32m[1784837734.142] [21766:21766] [DL]   Setup Pin Code (0 for UNKNOWN/ERROR): 20202021[0m
[0;32m[1784837734.142] [21766:21766] [DL]   Setup Discriminator (0xFFFF for UNKNOWN/ERROR): 3840 (0xF00)[0m
[0;32m[1784837734.142] [21766:21766] [DL]   Manufacturing Date: (not set)[0m
[0;32m[1784837734.142] [21766:21766] [DL]   Device Type: 257 (0x101)[0m
[0;32m[1784837734.142] [21766:21766] [SVR] SetupQRCode: [MT:-24J042C00KA0648G00][0m
[0;32m[1784837734.142] [21766:21766] [SVR] Copy/paste the below URL in a browser to see the QR Code:[0m
[0;32m[1784837734.142] [21766:21766] [SVR] https://project-chip.github.io/connectedhomeip/qrcode.html?data=MT%3A-24J042C00KA0648G00[0m
[0;32m[1784837734.142] [21766:21766] [SVR] Manual pairing code: [34970112332][0m
[0;34m[1784837734.142] [21766:21766] [DMG] Endpoint 0, Cluster 0x0000_001D update version to 27114a98[0m
[0;34m[1784837734.142] [21766:21766] [DMG] Endpoint 1, Cluster 0x0000_005D update version to 326874e9[0m
[0;34m[1784837734.142] [21766:21766] [DMG] Endpoint 1, Cluster 0x0000_005D update version to 326874ea[0m
[0;34m[1784837734.142] [21766:21766] [DMG] Endpoint 1, Cluster 0x0000_005D update version to 326874eb[0m
[0;34m[1784837734.142] [21766:21766] [DMG] Endpoint 1, Cluster 0x0000_005D update version to 326874ec[0m
[0;34m[1784837734.142] [21766:21766] [EVL] LogEvent event number: 0x0000000000000003 priority: 1, endpoint id:  0x1 cluster id: 0x0000_005D event id: 0x0 Epoch timestamp: 0x0000019F909E7EFE[0m
[0;32m[1784837734.142] [21766:21766] [ZCL] Set number of supported temperature units to: 2[0m
[0;34m[1784837734.142] [21766:21766] [DMG] Endpoint 0, Cluster 0x0000_002D update version to 7363c46c[0m
[0;34m[1784837734.144] [21766:21766] [DL] Wrote settings to /tmp/chip_kvs_test[0m
[0;32m[1784837734.144] [21766:21766] [DL] ===== APP STATUS: Starting event loop =====[0m
[1;31m[1784837759.152] [21766:21767] [DL] FAIL: Get D-Bus object manager client: Error calling StartServiceByName for org.bluez: Failed to activate service 'org.bluez': timed out (service_start_timeout=25000ms)[0m
[1;31m[1784837759.152] [21766:21766] [DL] Disabling CHIPoBLE service due to error: src/platform/Linux/bluez/BluezObjectManager.cpp:280: CHIP Error 0x000000AC: Internal error[0m
[1;31m[1784837759.152] [21766:21766] [DL] Long dispatch time: 25007 ms, for event type 3[0m
[0;32m[1784837759.152] [21766:21766] [SVR] Cannot load binding table: src/platform/Linux/KeyValueStoreManagerImpl.cpp:53: CHIP Error 0x000000A0: Value not found in the persisted storage[0m
[0;32m[1784837759.152] [21766:21766] [DIS] Updating services using commissioning mode 1[0m
[0;32m[1784837759.153] [21766:21766] [DIS] CHIP minimal mDNS started advertising.[0m
[0;34m[1784837759.154] [21766:21766] [DL] Using WiFi MAC for hostname[0m
[0;34m[1784837759.154] [21766:21766] [DIS] DNS-SD Pairing Instruction not set[0m
[0;32m[1784837759.154] [21766:21766] [DIS] Advertise commission parameter vendorID=65521 productID=32769 discriminator=3840/15 cm=1 cp=0 jf=0[0m
[0;34m[1784837759.154] [21766:21766] [DIS] Responding with _matterc._udp.local[0m
[0;34m[1784837759.154] [21766:21766] [DIS] Responding with 71250DC7CC0194EF._matterc._udp.local[0m
[0;34m[1784837759.154] [21766:21766] [DIS] Responding with 080027AE1A43.local[0m
[0;34m[1784837759.154] [21766:21766] [DIS] Responding with 080027AE1A43.local[0m
[0;34m[1784837759.154] [21766:21766] [DIS] Responding with _V65521._sub._matterc._udp.local[0m
[0;34m[1784837759.154] [21766:21766] [DIS] Responding with _T257._sub._matterc._udp.local[0m
[0;34m[1784837759.154] [21766:21766] [DIS] Responding with _S15._sub._matterc._udp.local[0m
[0;34m[1784837759.154] [21766:21766] [DIS] Responding with _L3840._sub._matterc._udp.local[0m
[0;34m[1784837759.154] [21766:21766] [DIS] Responding with _CM._sub._matterc._udp.local[0m
[0;34m[1784837759.154] [21766:21766] [DIS] Responding with 71250DC7CC0194EF._matterc._udp.local[0m
[0;32m[1784837759.154] [21766:21766] [DIS] CHIP minimal mDNS configured as 'Commissionable node device'; instance name: 71250DC7CC0194EF.[0m
[0;32m[1784837759.155] [21766:21766] [DIS] mDNS service published: _matterc._udp[0m
[0;32m[1784837759.155] [21766:21766] [IM] No subscriptions to resume[0m
[0;34m[1784837759.155] [21766:21766] [DMG] Endpoint 0, Cluster 0x0000_0038 update version to ac284917[0m
[0;32m[1784837760.294] [21766:21766] [EM] >>> [E:58982r S:0 M:175255954] (U) Msg RX from 0:3371B527DEA1E7CE [0000] to 0000000000000000 --- Type 0000:20 (SecureChannel:PBKDFParamRequest) (B:98)[0m
[0;34m[1784837760.294] [21766:21766] [EM] Handling via exchange: 58982r, Delegate: 0x5e286f78fd08[0m
[0;34m[1784837760.294] [21766:21766] [SC] Received PBKDF param request[0m
[0;34m[1784837760.294] [21766:21766] [SC] Peer assigned session ID 29791[0m
[0;34m[1784837760.294] [21766:21766] [SC] Found MRP parameters in the message[0m
[0;32m[1784837760.294] [21766:21766] [EM] <<< [E:58982r S:0 M:174736681 (Ack:175255954)] (U) Msg TX from 0000000000000000 to 0:3371B527DEA1E7CE [0000] [UDP:[fe80::bfe:a203:38f0:bce7%enp0s3]:52218] --- Type 0000:21 (SecureChannel:PBKDFParamResponse) (B:174)[0m
[0;32m[1784837760.294] [21766:21766] [EM] ??1 [E:58982r S:0 M:174736681] (U) Msg Retransmission to 0:0000000000000000 scheduled for 344ms from now [State:Active II:500 AI:300 AT:4000][0m
[0;34m[1784837760.294] [21766:21766] [SC] Sent PBKDF param response[0m
[0;32m[1784837760.294] [21766:21766] [SVR] Commissioning session establishment step started[0m
[0;32m[1784837760.296] [21766:21766] [EM] >>> [E:58982r S:0 M:175255955 (Ack:174736681)] (U) Msg RX from 0:3371B527DEA1E7CE [0000] to 0000000000000000 --- Type 0000:22 (SecureChannel:PASE_Pake1) (B:96)[0m
[0;34m[1784837760.296] [21766:21766] [EM] Found matching exchange: 58982r, Delegate: 0x5e286f78fd08[0m
[0;34m[1784837760.296] [21766:21766] [EM] Rxd Ack; Removing MessageCounter:174736681 from Retrans Table on exchange 58982r[0m
[0;34m[1784837760.296] [21766:21766] [SC] Received spake2p msg1[0m
[0;32m[1784837760.296] [21766:21766] [EM] <<< [E:58982r S:0 M:174736682 (Ack:175255955)] (U) Msg TX from 0000000000000000 to 0:3371B527DEA1E7CE [0000] [UDP:[fe80::bfe:a203:38f0:bce7%enp0s3]:52218] --- Type 0000:23 (SecureChannel:PASE_Pake2) (B:131)[0m
[0;32m[1784837760.296] [21766:21766] [EM] ??1 [E:58982r S:0 M:174736682] (U) Msg Retransmission to 0:0000000000000000 scheduled for 345ms from now [State:Active II:500 AI:300 AT:4000][0m
[0;34m[1784837760.296] [21766:21766] [SC] Sent spake2p msg2[0m
[0;32m[1784837760.297] [21766:21766] [EM] >>> [E:58982r S:0 M:175255956 (Ack:174736682)] (U) Msg RX from 0:3371B527DEA1E7CE [0000] to 0000000000000000 --- Type 0000:24 (SecureChannel:PASE_Pake3) (B:63)[0m
[0;34m[1784837760.297] [21766:21766] [EM] Found matching exchange: 58982r, Delegate: 0x5e286f78fd08[0m
[0;34m[1784837760.297] [21766:21766] [EM] Rxd Ack; Removing MessageCounter:174736682 from Retrans Table on exchange 58982r[0m
[0;34m[1784837760.297] [21766:21766] [SC] Received spake2p msg3[0m
[0;34m[1784837760.297] [21766:21766] [SC] Sending status report. Protocol code 0, exchange 58982[0m
[0;32m[1784837760.297] [21766:21766] [EM] <<< [E:58982r S:0 M:174736683 (Ack:175255956)] (U) Msg TX from 0000000000000000 to 0:3371B527DEA1E7CE [0000] [UDP:[fe80::bfe:a203:38f0:bce7%enp0s3]:52218] --- Type 0000:40 (SecureChannel:StatusReport) (B:34)[0m
[0;32m[1784837760.297] [21766:21766] [EM] ??1 [E:58982r S:0 M:174736683] (U) Msg Retransmission to 0:0000000000000000 scheduled for 402ms from now [State:Active II:500 AI:300 AT:4000][0m
[0;32m[1784837760.297] [21766:21766] [SC] SecureSession[0x5e288f8c3890, LSID:29902]: State change 'kEstablishing' --> 'kActive'[0m
[0;34m[1784837760.297] [21766:21766] [IN] SecureSession[0x5e288f8c3890]: Activated - Type:1 LSID:29902[0m
[0;34m[1784837760.297] [21766:21766] [IN] New secure session activated for device <FFFFFFFB00000000, 0>, LSID:29902 PSID:29791![0m
[0;32m[1784837760.297] [21766:21766] [SVR] Commissioning completed session establishment step[0m
[0;32m[1784837760.297] [21766:21766] [DIS] Updating services using commissioning mode 0[0m
[0;32m[1784837760.297] [21766:21766] [DIS] CHIP minimal mDNS started advertising.[0m
[0;32m[1784837760.298] [21766:21766] [SVR] Device completed Rendezvous process[0m
[0;32m[1784837760.298] [21766:21766] [EM] >>> [E:58983r S:29902 M:58461396] (S) Msg RX from 0:FFFFFFFB00000000 [0000] to 0000000000000000 --- Type 0001:02 (IM:ReadRequest) (B:136)[0m
[0;34m[1784837760.298] [21766:21766] [EM] Handling via exchange: 58983r, Delegate: 0x5e286f797ac8[0m
[0;34m[1784837760.298] [21766:21766] [IM] Received Read request[0m
[0;34m[1784837760.298] [21766:21766] [DMG] ReadRequestMessage =[0m
[0;34m[1784837760.298] [21766:21766] [DMG] {[0m
[0;34m[1784837760.298] [21766:21766] [DMG] 	AttributePathIBs =[0m
[0;34m[1784837760.298] [21766:21766] [DMG] 	[[0m
[0;34m[1784837760.298] [21766:21766] [DMG] 		AttributePathIB =[0m
[0;34m[1784837760.298] [21766:21766] [DMG] 		{[0m
[0;34m[1784837760.298] [21766:21766] [DMG] 			Endpoint = 0x0,[0m
[0;34m[1784837760.298] [21766:21766] [DMG] 			Cluster = 0x30,[0m
[0;34m[1784837760.298] [21766:21766] [DMG] 			Attribute = 0x0000_0004,[0m
[0;34m[1784837760.298] [21766:21766] [DMG] 		}[0m
[0;34m[1784837760.298] [21766:21766] [DMG] 			[0m
[0;34m[1784837760.298] [21766:21766] [DMG] 		AttributePathIB =[0m
[0;34m[1784837760.298] [21766:21766] [DMG] 		{[0m
[0;34m[1784837760.298] [21766:21766] [DMG] 			Endpoint = 0x0,[0m
[0;34m[1784837760.298] [21766:21766] [DMG] 			Cluster = 0x30,[0m
[0;34m[1784837760.298] [21766:21766] [DMG] 			Attribute = 0x0000_0000,[0m
[0;34m[1784837760.298] [21766:21766] [DMG] 		}[0m
[0;34m[1784837760.298] [21766:21766] [DMG] 			[0m
[0;34m[1784837760.298] [21766:21766] [DMG] 		AttributePathIB =[0m
[0;34m[1784837760.298] [21766:21766] [DMG] 		{[0m
[0;34m[1784837760.298] [21766:21766] [DMG] 			Endpoint = 0x0,[0m
[0;34m[1784837760.298] [21766:21766] [DMG] 			Cluster = 0x30,[0m
[0;34m[1784837760.298] [21766:21766] [DMG] 			Attribute = 0x0000_0001,[0m
[0;34m[1784837760.298] [21766:21766] [DMG] 		}[0m
[0;34m[1784837760.298] [21766:21766] [DMG] 			[0m
[0;34m[1784837760.298] [21766:21766] [DMG] 		AttributePathIB =[0m
[0;34m[1784837760.298] [21766:21766] [DMG] 		{[0m
[0;34m[1784837760.298] [21766:21766] [DMG] 			Endpoint = 0x0,[0m
[0;34m[1784837760.298] [21766:21766] [DMG] 			Cluster = 0x30,[0m
[0;34m[1784837760.298] [21766:21766] [DMG] 			Attribute = 0x0000_0002,[0m
[0;34m[1784837760.298] [21766:21766] [DMG] 		}[0m
[0;34m[1784837760.298] [21766:21766] [DMG] 			[0m
[0;34m[1784837760.298] [21766:21766] [DMG] 		AttributePathIB =[0m
[0;34m[1784837760.298] [21766:21766] [DMG] 		{[0m
[0;34m[1784837760.298] [21766:21766] [DMG] 			Endpoint = 0x0,[0m
[0;34m[1784837760.298] [21766:21766] [DMG] 			Cluster = 0x30,[0m
[0;34m[1784837760.298] [21766:21766] [DMG] 			Attribute = 0x0000_0003,[0m
[0;34m[1784837760.298] [21766:21766] [DMG] 		}[0m
[0;34m[1784837760.298] [21766:21766] [DMG] 			[0m
[0;34m[1784837760.298] [21766:21766] [DMG] 		AttributePathIB =[0m
[0;34m[1784837760.298] [21766:21766] [DMG] 		{[0m
[0;34m[1784837760.298] [21766:21766] [DMG] 			Endpoint = 0x0,[0m
[0;34m[1784837760.298] [21766:21766] [DMG] 			Cluster = 0x30,[0m
[0;34m[1784837760.298] [21766:21766] [DMG] 			Attribute = 0x0000_000C,[0m
[0;34m[1784837760.298] [21766:21766] [DMG] 		}[0m
[0;34m[1784837760.298] [21766:21766] [DMG] 			[0m
[0;34m[1784837760.298] [21766:21766] [DMG] 		AttributePathIB =[0m
[0;34m[1784837760.298] [21766:21766] [DMG] 		{[0m
[0;34m[1784837760.298] [21766:21766] [DMG] 			Endpoint = 0x0,[0m
[0;34m[1784837760.298] [21766:21766] [DMG] 			Cluster = 0x28,[0m
[0;34m[1784837760.298] [21766:21766] [DMG] 			Attribute = 0x0000_0002,[0m
[0;34m[1784837760.298] [21766:21766] [DMG] 		}[0m
[0;34m[1784837760.298] [21766:21766] [DMG] 			[0m
[0;34m[1784837760.298] [21766:21766] [DMG] 		AttributePathIB =[0m
[0;34m[1784837760.298] [21766:21766] [DMG] 		{[0m
[0;34m[1784837760.298] [21766:21766] [DMG] 			Endpoint = 0x0,[0m
[0;34m[1784837760.298] [21766:21766] [DMG] 			Cluster = 0x28,[0m
[0;34m[1784837760.298] [21766:21766] [DMG] 			Attribute = 0x0000_0004,[0m
[0;34m[1784837760.298] [21766:21766] [DMG] 		}[0m
[0;34m[1784837760.298] [21766:21766] [DMG] 			[0m
[0;34m[1784837760.298] [21766:21766] [DMG] 		AttributePathIB =[0m
[0;34m[1784837760.298] [21766:21766] [DMG] 		{[0m
[0;34m[1784837760.298] [21766:21766] [DMG] 			Endpoint = 0x0,[0m
[0;34m[1784837760.298] [21766:21766] [DMG] 			Cluster = 0x38,[0m
[0;34m[1784837760.298] [21766:21766] [DMG] 		}[0m
[0;34m[1784837760.298] [21766:21766] [DMG] 			[0m
[0;34m[1784837760.298] [21766:21766] [DMG] 	],[0m
[0;34m[1784837760.298] [21766:21766] [DMG] 		[0m
[0;34m[1784837760.298] [21766:21766] [DMG] 	isFabricFiltered = false, [0m
[0;34m[1784837760.298] [21766:21766] [DMG] 	InteractionModelRevision = 12[0m
[0;34m[1784837760.298] [21766:21766] [DMG] },[0m
[0;34m[1784837760.298] [21766:21766] [DMG] IM RH moving to [CanStartReporting][0m
[0;34m[1784837760.298] [21766:21766] [DMG] Building Reports for ReadHandler with LastReportGeneration = 0x0000000000000000 DirtyGeneration = 0x0000000000000000[0m
[0;34m[1784837760.298] [21766:21766] [DMG] <RE:Run> Cluster 38, Attribute 0 is dirty[0m
[0;32m[1784837760.298] [21766:21766] [DMG] AccessControl: checking f=0 a=p s=0xFFFFFFFB00000000 t= c=0x0000_0038 e=0 p=v r=r[0m
[0;32m[1784837760.298] [21766:21766] [DMG] AccessControl: implicit admin (PASE)[0m
[0;32m[1784837760.298] [21766:21766] [DMG] AccessControl: checking f=0 a=p s=0xFFFFFFFB00000000 t= c=0x0000_0038 e=0 p=v r=r[0m
[0;32m[1784837760.298] [21766:21766] [DMG] AccessControl: implicit admin (PASE)[0m
[0;34m[1784837760.298] [21766:21766] [DMG] Reading attribute: Cluster=0x0000_0038 Endpoint=0x0 AttributeId=0x0000_0000 (expanded=1)[0m
[0;34m[1784837760.298] [21766:21766] [DMG] <RE:Run> Cluster 38, Attribute 1 is dirty[0m
[0;32m[1784837760.298] [21766:21766] [DMG] AccessControl: checking f=0 a=p s=0xFFFFFFFB00000000 t= c=0x0000_0038 e=0 p=v r=r[0m
[0;32m[1784837760.298] [21766:21766] [DMG] AccessControl: implicit admin (PASE)[0m
[0;32m[1784837760.298] [21766:21766] [DMG] AccessControl: checking f=0 a=p s=0xFFFFFFFB00000000 t= c=0x0000_0038 e=0 p=v r=r[0m
[0;32m[1784837760.298] [21766:21766] [DMG] AccessControl: implicit admin (PASE)[0m
[0;34m[1784837760.298] [21766:21766] [DMG] Reading attribute: Cluster=0x0000_0038 Endpoint=0x0 AttributeId=0x0000_0001 (expanded=1)[0m
[0;34m[1784837760.298] [21766:21766] [DMG] <RE:Run> Cluster 38, Attribute 2 is dirty[0m
[0;32m[1784837760.298] [21766:21766] [DMG] AccessControl: checking f=0 a=p s=0xFFFFFFFB00000000 t= c=0x0000_0038 e=0 p=v r=r[0m
[0;32m[1784837760.298] [21766:21766] [DMG] AccessControl: implicit admin (PASE)[0m
[0;32m[1784837760.298] [21766:21766] [DMG] AccessControl: checking f=0 a=p s=0xFFFFFFFB00000000 t= c=0x0000_0038 e=0 p=v r=r[0m
[0;32m[1784837760.298] [21766:21766] [DMG] AccessControl: implicit admin (PASE)[0m
[0;34m[1784837760.298] [21766:21766] [DMG] Reading attribute: Cluster=0x0000_0038 Endpoint=0x0 AttributeId=0x0000_0002 (expanded=1)[0m
[0;34m[1784837760.298] [21766:21766] [DMG] <RE:Run> Cluster 38, Attribute 3 is dirty[0m
[0;32m[1784837760.298] [21766:21766] [DMG] AccessControl: checking f=0 a=p s=0xFFFFFFFB00000000 t= c=0x0000_0038 e=0 p=v r=r[0m
[0;32m[1784837760.298] [21766:21766] [DMG] AccessControl: implicit admin (PASE)[0m
[0;32m[1784837760.298] [21766:21766] [DMG] AccessControl: checking f=0 a=p s=0xFFFFFFFB00000000 t= c=0x0000_0038 e=0 p=v r=r[0m
[0;32m[1784837760.298] [21766:21766] [DMG] AccessControl: implicit admin (PASE)[0m
[0;34m[1784837760.298] [21766:21766] [DMG] Reading attribute: Cluster=0x0000_0038 Endpoint=0x0 AttributeId=0x0000_0003 (expanded=1)[0m
[0;34m[1784837760.298] [21766:21766] [DMG] <RE:Run> Cluster 38, Attribute 4 is dirty[0m
[0;32m[1784837760.298] [21766:21766] [DMG] AccessControl: checking f=0 a=p s=0xFFFFFFFB00000000 t= c=0x0000_0038 e=0 p=v r=r[0m
[0;32m[1784837760.298] [21766:21766] [DMG] AccessControl: implicit admin (PASE)[0m
[0;32m[1784837760.298] [21766:21766] [DMG] AccessControl: checking f=0 a=p s=0xFFFFFFFB00000000 t= c=0x0000_0038 e=0 p=v r=r[0m
[0;32m[1784837760.298] [21766:21766] [DMG] AccessControl: implicit admin (PASE)[0m
[0;34m[1784837760.298] [21766:21766] [DMG] Reading attribute: Cluster=0x0000_0038 Endpoint=0x0 AttributeId=0x0000_0004 (expanded=1)[0m
[0;34m[1784837760.298] [21766:21766] [DMG] <RE:Run> Cluster 38, Attribute 5 is dirty[0m
[0;32m[1784837760.298] [21766:21766] [DMG] AccessControl: checking f=0 a=p s=0xFFFFFFFB00000000 t= c=0x0000_0038 e=0 p=v r=r[0m
[0;32m[1784837760.298] [21766:21766] [DMG] AccessControl: implicit admin (PASE)[0m
[0;32m[1784837760.298] [21766:21766] [DMG] AccessControl: checking f=0 a=p s=0xFFFFFFFB00000000 t= c=0x0000_0038 e=0 p=v r=r[0m
[0;32m[1784837760.299] [21766:21766] [DMG] AccessControl: implicit admin (PASE)[0m
[0;34m[1784837760.299] [21766:21766] [DMG] Reading attribute: Cluster=0x0000_0038 Endpoint=0x0 AttributeId=0x0000_0005 (expanded=1)[0m
[0;34m[1784837760.299] [21766:21766] [DMG] <RE:Run> Cluster 38, Attribute 6 is dirty[0m
[0;32m[1784837760.299] [21766:21766] [DMG] AccessControl: checking f=0 a=p s=0xFFFFFFFB00000000 t= c=0x0000_0038 e=0 p=v r=r[0m
[0;32m[1784837760.299] [21766:21766] [DMG] AccessControl: implicit admin (PASE)[0m
[0;32m[1784837760.299] [21766:21766] [DMG] AccessControl: checking f=0 a=p s=0xFFFFFFFB00000000 t= c=0x0000_0038 e=0 p=v r=r[0m
[0;32m[1784837760.299] [21766:21766] [DMG] AccessControl: implicit admin (PASE)[0m
[0;34m[1784837760.299] [21766:21766] [DMG] Reading attribute: Cluster=0x0000_0038 Endpoint=0x0 AttributeId=0x0000_0006 (expanded=1)[0m
[0;34m[1784837760.299] [21766:21766] [DMG] <RE:Run> Cluster 38, Attribute 7 is dirty[0m
[0;32m[1784837760.299] [21766:21766] [DMG] AccessControl: checking f=0 a=p s=0xFFFFFFFB00000000 t= c=0x0000_0038 e=0 p=v r=r[0m
[0;32m[1784837760.299] [21766:21766] [DMG] AccessControl: implicit admin (PASE)[0m
[0;32m[1784837760.299] [21766:21766] [DMG] AccessControl: checking f=0 a=p s=0xFFFFFFFB00000000 t= c=0x0000_0038 e=0 p=v r=r[0m
[0;32m[1784837760.299] [21766:21766] [DMG] AccessControl: implicit admin (PASE)[0m
[0;34m[1784837760.299] [21766:21766] [DMG] Reading attribute: Cluster=0x0000_0038 Endpoint=0x0 AttributeId=0x0000_0007 (expanded=1)[0m
[0;34m[1784837760.299] [21766:21766] [DMG] <RE:Run> Cluster 38, Attribute 8 is dirty[0m
[0;32m[1784837760.299] [21766:21766] [DMG] AccessControl: checking f=0 a=p s=0xFFFFFFFB00000000 t= c=0x0000_0038 e=0 p=v r=r[0m
[0;32m[1784837760.299] [21766:21766] [DMG] AccessControl: implicit admin (PASE)[0m
[0;32m[1784837760.299] [21766:21766] [DMG] AccessControl: checking f=0 a=p s=0xFFFFFFFB00000000 t= c=0x0000_0038 e=0 p=v r=r[0m
[0;32m[1784837760.299] [21766:21766] [DMG] AccessControl: implicit admin (PASE)[0m
[0;34m[1784837760.299] [21766:21766] [DMG] Reading attribute: Cluster=0x0000_0038 Endpoint=0x0 AttributeId=0x0000_0008 (expanded=1)[0m
[0;34m[1784837760.299] [21766:21766] [DMG] <RE:Run> Cluster 38, Attribute a is dirty[0m
[0;32m[1784837760.299] [21766:21766] [DMG] AccessControl: checking f=0 a=p s=0xFFFFFFFB00000000 t= c=0x0000_0038 e=0 p=v r=r[0m
[0;32m[1784837760.299] [21766:21766] [DMG] AccessControl: implicit admin (PASE)[0m
[0;32m[1784837760.299] [21766:21766] [DMG] AccessControl: checking f=0 a=p s=0xFFFFFFFB00000000 t= c=0x0000_0038 e=0 p=v r=r[0m
[0;32m[1784837760.299] [21766:21766] [DMG] AccessControl: implicit admin (PASE)[0m
[0;34m[1784837760.299] [21766:21766] [DMG] Reading attribute: Cluster=0x0000_0038 Endpoint=0x0 AttributeId=0x0000_000A (expanded=1)[0m
[0;34m[1784837760.299] [21766:21766] [DMG] <RE:Run> Cluster 38, Attribute b is dirty[0m
[0;32m[1784837760.299] [21766:21766] [DMG] AccessControl: checking f=0 a=p s=0xFFFFFFFB00000000 t= c=0x0000_0038 e=0 p=v r=r[0m
[0;32m[1784837760.299] [21766:21766] [DMG] AccessControl: implicit admin (PASE)[0m
[0;32m[1784837760.299] [21766:21766] [DMG] AccessControl: checking f=0 a=p s=0xFFFFFFFB00000000 t= c=0x0000_0038 e=0 p=v r=r[0m
[0;32m[1784837760.299] [21766:21766] [DMG] AccessControl: implicit admin (PASE)[0m
[0;34m[1784837760.299] [21766:21766] [DMG] Reading attribute: Cluster=0x0000_0038 Endpoint=0x0 AttributeId=0x0000_000B (expanded=1)[0m
[0;34m[1784837760.299] [21766:21766] [DMG] <RE:Run> Cluster 38, Attribute c is dirty[0m
[0;32m[1784837760.299] [21766:21766] [DMG] AccessControl: checking f=0 a=p s=0xFFFFFFFB00000000 t= c=0x0000_0038 e=0 p=v r=r[0m
[0;32m[1784837760.299] [21766:21766] [DMG] AccessControl: implicit admin (PASE)[0m
[0;32m[1784837760.299] [21766:21766] [DMG] AccessControl: checking f=0 a=p s=0xFFFFFFFB00000000 t= c=0x0000_0038 e=0 p=v r=r[0m
[0;32m[1784837760.299] [21766:21766] [DMG] AccessControl: implicit admin (PASE)[0m
[0;34m[1784837760.299] [21766:21766] [DMG] Reading attribute: Cluster=0x0000_0038 Endpoint=0x0 AttributeId=0x0000_000C (expanded=1)[0m
[0;34m[1784837760.299] [21766:21766] [DMG] <RE:Run> Cluster 38, Attribute fffc is dirty[0m
[0;32m[1784837760.299] [21766:21766] [DMG] AccessControl: checking f=0 a=p s=0xFFFFFFFB00000000 t= c=0x0000_0038 e=0 p=v r=r[0m
[0;32m[1784837760.299] [21766:21766] [DMG] AccessControl: implicit admin (PASE)[0m
[0;32m[1784837760.299] [21766:21766] [DMG] AccessControl: checking f=0 a=p s=0xFFFFFFFB00000000 t= c=0x0000_0038 e=0 p=v r=r[0m
[0;32m[1784837760.299] [21766:21766] [DMG] AccessControl: implicit admin (PASE)[0m
[0;34m[1784837760.299] [21766:21766] [DMG] Reading attribute: Cluster=0x0000_0038 Endpoint=0x0 AttributeId=0x0000_FFFC (expanded=1)[0m
[0;34m[1784837760.299] [21766:21766] [DMG] <RE:Run> Cluster 38, Attribute fffd is dirty[0m
[0;32m[1784837760.299] [21766:21766] [DMG] AccessControl: checking f=0 a=p s=0xFFFFFFFB00000000 t= c=0x0000_0038 e=0 p=v r=r[0m
[0;32m[1784837760.299] [21766:21766] [DMG] AccessControl: implicit admin (PASE)[0m
[0;32m[1784837760.299] [21766:21766] [DMG] AccessControl: checking f=0 a=p s=0xFFFFFFFB00000000 t= c=0x0000_0038 e=0 p=v r=r[0m
[0;32m[1784837760.299] [21766:21766] [DMG] AccessControl: implicit admin (PASE)[0m
[0;34m[1784837760.299] [21766:21766] [DMG] Reading attribute: Cluster=0x0000_0038 Endpoint=0x0 AttributeId=0x0000_FFFD (expanded=1)[0m
[0;34m[1784837760.299] [21766:21766] [DMG] <RE:Run> Cluster 38, Attribute fff8 is dirty[0m
[0;32m[1784837760.299] [21766:21766] [DMG] AccessControl: checking f=0 a=p s=0xFFFFFFFB00000000 t= c=0x0000_0038 e=0 p=v r=r[0m
[0;32m[1784837760.299] [21766:21766] [DMG] AccessControl: implicit admin (PASE)[0m
[0;32m[1784837760.299] [21766:21766] [DMG] AccessControl: checking f=0 a=p s=0xFFFFFFFB00000000 t= c=0x0000_0038 e=0 p=v r=r[0m
[0;32m[1784837760.299] [21766:21766] [DMG] AccessControl: implicit admin (PASE)[0m
[0;34m[1784837760.299] [21766:21766] [DMG] <RE:Run> Cluster 38, Attribute fff9 is dirty[0m
[0;32m[1784837760.299] [21766:21766] [DMG] AccessControl: checking f=0 a=p s=0xFFFFFFFB00000000 t= c=0x0000_0038 e=0 p=v r=r[0m
[0;32m[1784837760.299] [21766:21766] [DMG] AccessControl: implicit admin (PASE)[0m
[0;32m[1784837760.299] [21766:21766] [DMG] AccessControl: checking f=0 a=p s=0xFFFFFFFB00000000 t= c=0x0000_0038 e=0 p=v r=r[0m
[0;32m[1784837760.299] [21766:21766] [DMG] AccessControl: implicit admin (PASE)[0m
[0;34m[1784837760.299] [21766:21766] [DMG] <RE:Run> Cluster 38, Attribute fffb is dirty[0m
[0;32m[1784837760.299] [21766:21766] [DMG] AccessControl: checking f=0 a=p s=0xFFFFFFFB00000000 t= c=0x0000_0038 e=0 p=v r=r[0m
[0;32m[1784837760.299] [21766:21766] [DMG] AccessControl: implicit admin (PASE)[0m
[0;32m[1784837760.299] [21766:21766] [DMG] AccessControl: checking f=0 a=p s=0xFFFFFFFB00000000 t= c=0x0000_0038 e=0 p=v r=r[0m
[0;32m[1784837760.299] [21766:21766] [DMG] AccessControl: implicit admin (PASE)[0m
[0;34m[1784837760.299] [21766:21766] [DMG] <RE:Run> Cluster 28, Attribute 4 is dirty[0m
[0;32m[1784837760.299] [21766:21766] [DMG] AccessControl: checking f=0 a=p s=0xFFFFFFFB00000000 t= c=0x0000_0028 e=0 p=v r=r[0m
[0;32m[1784837760.299] [21766:21766] [DMG] AccessControl: implicit admin (PASE)[0m
[0;32m[1784837760.299] [21766:21766] [DMG] AccessControl: checking f=0 a=p s=0xFFFFFFFB00000000 t= c=0x0000_0028 e=0 p=v r=r[0m
[0;32m[1784837760.299] [21766:21766] [DMG] AccessControl: implicit admin (PASE)[0m
[0;34m[1784837760.299] [21766:21766] [DMG] Reading attribute: Cluster=0x0000_0028 Endpoint=0x0 AttributeId=0x0000_0004 (expanded=0)[0m
[0;34m[1784837760.299] [21766:21766] [DMG] <RE:Run> Cluster 28, Attribute 2 is dirty[0m
[0;32m[1784837760.299] [21766:21766] [DMG] AccessControl: checking f=0 a=p s=0xFFFFFFFB00000000 t= c=0x0000_0028 e=0 p=v r=r[0m
[0;32m[1784837760.299] [21766:21766] [DMG] AccessControl: implicit admin (PASE)[0m
[0;32m[1784837760.299] [21766:21766] [DMG] AccessControl: checking f=0 a=p s=0xFFFFFFFB00000000 t= c=0x0000_0028 e=0 p=v r=r[0m
[0;32m[1784837760.299] [21766:21766] [DMG] AccessControl: implicit admin (PASE)[0m
[0;34m[1784837760.299] [21766:21766] [DMG] Reading attribute: Cluster=0x0000_0028 Endpoint=0x0 AttributeId=0x0000_0002 (expanded=0)[0m
[0;34m[1784837760.299] [21766:21766] [DMG] <RE:Run> Cluster 30, Attribute c is dirty[0m
[0;32m[1784837760.299] [21766:21766] [DMG] AccessControl: checking f=0 a=p s=0xFFFFFFFB00000000 t= c=0x0000_0030 e=0 p=v r=r[0m
[0;32m[1784837760.299] [21766:21766] [DMG] AccessControl: implicit admin (PASE)[0m
[1;31m[1784837760.299] [21766:21766] [DMG] Failed to read attribute: UNSUPPORTED_ATTRIBUTE(134)[0m
[1;31m[1784837760.299] [21766:21766] [DMG] Fail to retrieve data, roll back and encode status on clusterId: 0x0000_0030, attributeId: 0x0000_000Cerr = src/app/data-model-provider/ActionReturnStatus.cpp:104: IM Error 0x00000586: General error: 0x86 (UNSUPPORTED_ATTRIBUTE)[0m
[0;34m[1784837760.299] [21766:21766] [DMG] <RE:Run> Cluster 30, Attribute 3 is dirty[0m
[0;32m[1784837760.299] [21766:21766] [DMG] AccessControl: checking f=0 a=p s=0xFFFFFFFB00000000 t= c=0x0000_0030 e=0 p=v r=r[0m
[0;32m[1784837760.299] [21766:21766] [DMG] AccessControl: implicit admin (PASE)[0m
[0;32m[1784837760.299] [21766:21766] [DMG] AccessControl: checking f=0 a=p s=0xFFFFFFFB00000000 t= c=0x0000_0030 e=0 p=v r=r[0m
[0;32m[1784837760.299] [21766:21766] [DMG] AccessControl: implicit admin (PASE)[0m
[0;34m[1784837760.299] [21766:21766] [DMG] Reading attribute: Cluster=0x0000_0030 Endpoint=0x0 AttributeId=0x0000_0003 (expanded=0)[0m
[0;34m[1784837760.299] [21766:21766] [DMG] <RE:Run> Cluster 30, Attribute 2 is dirty[0m
[0;32m[1784837760.299] [21766:21766] [DMG] AccessControl: checking f=0 a=p s=0xFFFFFFFB00000000 t= c=0x0000_0030 e=0 p=v r=r[0m
[0;32m[1784837760.299] [21766:21766] [DMG] AccessControl: implicit admin (PASE)[0m
[0;32m[1784837760.299] [21766:21766] [DMG] AccessControl: checking f=0 a=p s=0xFFFFFFFB00000000 t= c=0x0000_0030 e=0 p=v r=r[0m
[0;32m[1784837760.299] [21766:21766] [DMG] AccessControl: implicit admin (PASE)[0m
[0;34m[1784837760.299] [21766:21766] [DMG] Reading attribute: Cluster=0x0000_0030 Endpoint=0x0 AttributeId=0x0000_0002 (expanded=0)[0m
[0;34m[1784837760.299] [21766:21766] [DMG] <RE:Run> Cluster 30, Attribute 1 is dirty[0m
[0;32m[1784837760.299] [21766:21766] [DMG] AccessControl: checking f=0 a=p s=0xFFFFFFFB00000000 t= c=0x0000_0030 e=0 p=v r=r[0m
[0;32m[1784837760.299] [21766:21766] [DMG] AccessControl: implicit admin (PASE)[0m
[0;32m[1784837760.299] [21766:21766] [DMG] AccessControl: checking f=0 a=p s=0xFFFFFFFB00000000 t= c=0x0000_0030 e=0 p=v r=r[0m
[0;32m[1784837760.299] [21766:21766] [DMG] AccessControl: implicit admin (PASE)[0m
[0;34m[1784837760.299] [21766:21766] [DMG] Reading attribute: Cluster=0x0000_0030 Endpoint=0x0 AttributeId=0x0000_0001 (expanded=0)[0m
[0;34m[1784837760.299] [21766:21766] [DMG] <RE:Run> Cluster 30, Attribute 0 is dirty[0m
[0;32m[1784837760.299] [21766:21766] [DMG] AccessControl: checking f=0 a=p s=0xFFFFFFFB00000000 t= c=0x0000_0030 e=0 p=v r=r[0m
[0;32m[1784837760.299] [21766:21766] [DMG] AccessControl: implicit admin (PASE)[0m
[0;32m[1784837760.299] [21766:21766] [DMG] AccessControl: checking f=0 a=p s=0xFFFFFFFB00000000 t= c=0x0000_0030 e=0 p=v r=r[0m
[0;32m[1784837760.299] [21766:21766] [DMG] AccessControl: implicit admin (PASE)[0m
[0;34m[1784837760.299] [21766:21766] [DMG] Reading attribute: Cluster=0x0000_0030 Endpoint=0x0 AttributeId=0x0000_0000 (expanded=0)[0m
[0;34m[1784837760.299] [21766:21766] [DMG] <RE:Run> Cluster 30, Attribute 4 is dirty[0m
[0;32m[1784837760.299] [21766:21766] [DMG] AccessControl: checking f=0 a=p s=0xFFFFFFFB00000000 t= c=0x0000_0030 e=0 p=v r=r[0m
[0;32m[1784837760.299] [21766:21766] [DMG] AccessControl: implicit admin (PASE)[0m
[0;32m[1784837760.299] [21766:21766] [DMG] AccessControl: checking f=0 a=p s=0xFFFFFFFB00000000 t= c=0x0000_0030 e=0 p=v r=r[0m
[0;32m[1784837760.299] [21766:21766] [DMG] AccessControl: implicit admin (PASE)[0m
[0;34m[1784837760.299] [21766:21766] [DMG] Reading attribute: Cluster=0x0000_0030 Endpoint=0x0 AttributeId=0x0000_0004 (expanded=0)[0m
[0;34m[1784837760.299] [21766:21766] [DMG] <RE> Sending report (payload has 732 bytes)...[0m
[0;32m[1784837760.299] [21766:21766] [EM] <<< [E:58983r S:29902 M:115827729 (Ack:58461396)] (S) Msg TX from 0000000000000000 to 0:FFFFFFFB00000000 [0000] [UDP:[fe80::bfe:a203:38f0:bce7%enp0s3]:52218] --- Type 0001:05 (IM:ReportData) (B:766)[0m
[0;32m[1784837760.299] [21766:21766] [EM] ??1 [E:58983r S:29902 M:115827729] (S) Msg Retransmission to 0:FFFFFFFB00000000 scheduled for 346ms from now [State:Active II:500 AI:300 AT:4000][0m
[0;34m[1784837760.299] [21766:21766] [DMG] <RE> OnReportConfirm: NumReports = 0[0m
[0;34m[1784837760.299] [21766:21766] [DMG] <RE> ReportsInFlight = 0 with readHandler 0, RE has no more messages[0m
[0;34m[1784837760.299] [21766:21766] [DMG] IM RH moving to [AwaitingDestruction][0m
[0;34m[1784837760.299] [21766:21766] [DMG] All ReadHandler-s are clean, clear GlobalDirtySet[0m
[0;32m[1784837760.299] [21766:21766] [EM] >>> [E:58982r S:0 M:175255957 (Ack:174736683)] (U) Msg RX from 0:3371B527DEA1E7CE [0000] to 0000000000000000 --- Type 0000:10 (SecureChannel:StandaloneAck) (B:26)[0m
[0;34m[1784837760.299] [21766:21766] [EM] Found matching exchange: 58982r, Delegate: (nil)[0m
[0;34m[1784837760.299] [21766:21766] [EM] Rxd Ack; Removing MessageCounter:174736683 from Retrans Table on exchange 58982r[0m
[0;32m[1784837760.300] [21766:21766] [EM] >>> [E:58984r S:29902 M:58461397] (S) Msg RX from 0:FFFFFFFB00000000 [0000] to 0000000000000000 --- Type 0001:02 (IM:ReadRequest) (B:112)[0m
[0;34m[1784837760.300] [21766:21766] [EM] Handling via exchange: 58984r, Delegate: 0x5e286f797ac8[0m
[0;34m[1784837760.300] [21766:21766] [IM] Received Read request[0m
[0;34m[1784837760.300] [21766:21766] [DMG] ReadRequestMessage =[0m
[0;34m[1784837760.300] [21766:21766] [DMG] {[0m
[0;34m[1784837760.300] [21766:21766] [DMG] 	AttributePathIBs =[0m
[0;34m[1784837760.300] [21766:21766] [DMG] 	[[0m
[0;34m[1784837760.300] [21766:21766] [DMG] 		AttributePathIB =[0m
[0;34m[1784837760.300] [21766:21766] [DMG] 		{[0m
[0;34m[1784837760.300] [21766:21766] [DMG] 			Cluster = 0x31,[0m
[0;34m[1784837760.300] [21766:21766] [DMG] 			Attribute = 0x0000_FFFC,[0m
[0;34m[1784837760.300] [21766:21766] [DMG] 		}[0m
[0;34m[1784837760.300] [21766:21766] [DMG] 			[0m
[0;34m[1784837760.300] [21766:21766] [DMG] 		AttributePathIB =[0m
[0;34m[1784837760.300] [21766:21766] [DMG] 		{[0m
[0;34m[1784837760.300] [21766:21766] [DMG] 			Cluster = 0x31,[0m
[0;34m[1784837760.300] [21766:21766] [DMG] 			Attribute = 0x0000_0003,[0m
[0;34m[1784837760.300] [21766:21766] [DMG] 		}[0m
[0;34m[1784837760.300] [21766:21766] [DMG] 			[0m
[0;34m[1784837760.300] [21766:21766] [DMG] 		AttributePathIB =[0m
[0;34m[1784837760.300] [21766:21766] [DMG] 		{[0m
[0;34m[1784837760.300] [21766:21766] [DMG] 			Endpoint = 0x0,[0m
[0;34m[1784837760.300] [21766:21766] [DMG] 			Cluster = 0x46,[0m
[0;34m[1784837760.300] [21766:21766] [DMG] 			Attribute = 0x0000_0006,[0m
[0;34m[1784837760.300] [21766:21766] [DMG] 		}[0m
[0;34m[1784837760.300] [21766:21766] [DMG] 			[0m
[0;34m[1784837760.300] [21766:21766] [DMG] 		AttributePathIB =[0m
[0;34m[1784837760.300] [21766:21766] [DMG] 		{[0m
[0;34m[1784837760.300] [21766:21766] [DMG] 			Endpoint = 0x0,[0m
[0;34m[1784837760.300] [21766:21766] [DMG] 			Cluster = 0x46,[0m
[0;34m[1784837760.300] [21766:21766] [DMG] 			Attribute = 0x0000_0007,[0m
[0;34m[1784837760.300] [21766:21766] [DMG] 		}[0m
[0;34m[1784837760.300] [21766:21766] [DMG] 			[0m
[0;34m[1784837760.300] [21766:21766] [DMG] 		AttributePathIB =[0m
[0;34m[1784837760.300] [21766:21766] [DMG] 		{[0m
[0;34m[1784837760.300] [21766:21766] [DMG] 			Endpoint = 0x0,[0m
[0;34m[1784837760.300] [21766:21766] [DMG] 			Cluster = 0x46,[0m
[0;34m[1784837760.300] [21766:21766] [DMG] 			Attribute = 0x0000_0000,[0m
[0;34m[1784837760.300] [21766:21766] [DMG] 		}[0m
[0;34m[1784837760.300] [21766:21766] [DMG] 			[0m
[0;34m[1784837760.300] [21766:21766] [DMG] 		AttributePathIB =[0m
[0;34m[1784837760.300] [21766:21766] [DMG] 		{[0m
[0;34m[1784837760.300] [21766:21766] [DMG] 			Endpoint = 0x0,[0m
[0;34m[1784837760.300] [21766:21766] [DMG] 			Cluster = 0x46,[0m
[0;34m[1784837760.300] [21766:21766] [DMG] 			Attribute = 0x0000_0001,[0m
[0;34m[1784837760.300] [21766:21766] [DMG] 		}[0m
[0;34m[1784837760.300] [21766:21766] [DMG] 			[0m
[0;34m[1784837760.300] [21766:21766] [DMG] 		AttributePathIB =[0m
[0;34m[1784837760.300] [21766:21766] [DMG] 		{[0m
[0;34m[1784837760.300] [21766:21766] [DMG] 			Endpoint = 0x0,[0m
[0;34m[1784837760.300] [21766:21766] [DMG] 			Cluster = 0x46,[0m
[0;34m[1784837760.300] [21766:21766] [DMG] 			Attribute = 0x0000_0002,[0m
[0;34m[1784837760.300] [21766:21766] [DMG] 		}[0m
[0;34m[1784837760.300] [21766:21766] [DMG] 			[0m
[0;34m[1784837760.300] [21766:21766] [DMG] 	],[0m
[0;34m[1784837760.300] [21766:21766] [DMG] 		[0m
[0;34m[1784837760.300] [21766:21766] [DMG] 	isFabricFiltered = false, [0m
[0;34m[1784837760.300] [21766:21766] [DMG] 	InteractionModelRevision = 12[0m
[0;34m[1784837760.300] [21766:21766] [DMG] },[0m
[0;34m[1784837760.301] [21766:21766] [DMG] IM RH moving to [CanStartReporting][0m
[0;34m[1784837760.301] [21766:21766] [DMG] Building Reports for ReadHandler with LastReportGeneration = 0x0000000000000000 DirtyGeneration = 0x0000000000000000[0m
[0;34m[1784837760.301] [21766:21766] [DMG] <RE:Run> Cluster 46, Attribute 2 is dirty[0m
[1;31m[1784837760.301] [21766:21766] [DMG] Read request on unknown cluster - no data version available[0m
[0;32m[1784837760.301] [21766:21766] [DMG] AccessControl: checking f=0 a=p s=0xFFFFFFFB00000000 t= c=0x0000_0046 e=0 p=v r=r[0m
[0;32m[1784837760.301] [21766:21766] [DMG] AccessControl: implicit admin (PASE)[0m
[1;31m[1784837760.301] [21766:21766] [DMG] Failed to read attribute: UNSUPPORTED_CLUSTER(195)[0m
[1;31m[1784837760.301] [21766:21766] [DMG] Fail to retrieve data, roll back and encode status on clusterId: 0x0000_0046, attributeId: 0x0000_0002err = src/app/data-model-provider/ActionReturnStatus.cpp:104: IM Error 0x000005C3: General error: 0xc3 (UNSUPPORTED_CLUSTER)[0m
[0;34m[1784837760.301] [21766:21766] [DMG] <RE:Run> Cluster 46, Attribute 1 is dirty[0m
[1;31m[1784837760.301] [21766:21766] [DMG] Read request on unknown cluster - no data version available[0m
[0;32m[1784837760.301] [21766:21766] [DMG] AccessControl: checking f=0 a=p s=0xFFFFFFFB00000000 t= c=0x0000_0046 e=0 p=v r=r[0m
[0;32m[1784837760.301] [21766:21766] [DMG] AccessControl: implicit admin (PASE)[0m
[1;31m[1784837760.301] [21766:21766] [DMG] Failed to read attribute: UNSUPPORTED_CLUSTER(195)[0m
[1;31m[1784837760.301] [21766:21766] [DMG] Fail to retrieve data, roll back and encode status on clusterId: 0x0000_0046, attributeId: 0x0000_0001err = src/app/data-model-provider/ActionReturnStatus.cpp:104: IM Error 0x000005C3: General error: 0xc3 (UNSUPPORTED_CLUSTER)[0m
[0;34m[1784837760.301] [21766:21766] [DMG] <RE:Run> Cluster 46, Attribute 0 is dirty[0m
[1;31m[1784837760.301] [21766:21766] [DMG] Read request on unknown cluster - no data version available[0m
[0;32m[1784837760.301] [21766:21766] [DMG] AccessControl: checking f=0 a=p s=0xFFFFFFFB00000000 t= c=0x0000_0046 e=0 p=v r=r[0m
[0;32m[1784837760.301] [21766:21766] [DMG] AccessControl: implicit admin (PASE)[0m
[1;31m[1784837760.301] [21766:21766] [DMG] Failed to read attribute: UNSUPPORTED_CLUSTER(195)[0m
[1;31m[1784837760.301] [21766:21766] [DMG] Fail to retrieve data, roll back and encode status on clusterId: 0x0000_0046, attributeId: 0x0000_0000err = src/app/data-model-provider/ActionReturnStatus.cpp:104: IM Error 0x000005C3: General error: 0xc3 (UNSUPPORTED_CLUSTER)[0m
[0;34m[1784837760.301] [21766:21766] [DMG] <RE:Run> Cluster 46, Attribute 7 is dirty[0m
[1;31m[1784837760.301] [21766:21766] [DMG] Read request on unknown cluster - no data version available[0m
[0;32m[1784837760.301] [21766:21766] [DMG] AccessControl: checking f=0 a=p s=0xFFFFFFFB00000000 t= c=0x0000_0046 e=0 p=v r=r[0m
[0;32m[1784837760.301] [21766:21766] [DMG] AccessControl: implicit admin (PASE)[0m
[1;31m[1784837760.301] [21766:21766] [DMG] Failed to read attribute: UNSUPPORTED_CLUSTER(195)[0m
[1;31m[1784837760.301] [21766:21766] [DMG] Fail to retrieve data, roll back and encode status on clusterId: 0x0000_0046, attributeId: 0x0000_0007err = src/app/data-model-provider/ActionReturnStatus.cpp:104: IM Error 0x000005C3: General error: 0xc3 (UNSUPPORTED_CLUSTER)[0m
[0;34m[1784837760.301] [21766:21766] [DMG] <RE:Run> Cluster 46, Attribute 6 is dirty[0m
[1;31m[1784837760.301] [21766:21766] [DMG] Read request on unknown cluster - no data version available[0m
[0;32m[1784837760.301] [21766:21766] [DMG] AccessControl: checking f=0 a=p s=0xFFFFFFFB00000000 t= c=0x0000_0046 e=0 p=v r=r[0m
[0;32m[1784837760.301] [21766:21766] [DMG] AccessControl: implicit admin (PASE)[0m
[1;31m[1784837760.301] [21766:21766] [DMG] Failed to read attribute: UNSUPPORTED_CLUSTER(195)[0m
[1;31m[1784837760.301] [21766:21766] [DMG] Fail to retrieve data, roll back and encode status on clusterId: 0x0000_0046, attributeId: 0x0000_0006err = src/app/data-model-provider/ActionReturnStatus.cpp:104: IM Error 0x000005C3: General error: 0xc3 (UNSUPPORTED_CLUSTER)[0m
[0;34m[1784837760.301] [21766:21766] [DMG] <RE:Run> Cluster 31, Attribute fffc is dirty[0m
[0;32m[1784837760.301] [21766:21766] [DMG] AccessControl: checking f=0 a=p s=0xFFFFFFFB00000000 t= c=0x0000_0031 e=0 p=v r=r[0m
[0;32m[1784837760.301] [21766:21766] [DMG] AccessControl: implicit admin (PASE)[0m
[0;32m[1784837760.301] [21766:21766] [DMG] AccessControl: checking f=0 a=p s=0xFFFFFFFB00000000 t= c=0x0000_0031 e=0 p=v r=r[0m
[0;32m[1784837760.301] [21766:21766] [DMG] AccessControl: implicit admin (PASE)[0m
[0;34m[1784837760.301] [21766:21766] [DMG] Reading attribute: Cluster=0x0000_0031 Endpoint=0x0 AttributeId=0x0000_FFFC (expanded=1)[0m
[0;34m[1784837760.301] [21766:21766] [DMG] <RE> Sending report (payload has 152 bytes)...[0m
[0;32m[1784837760.301] [21766:21766] [EM] <<< [E:58984r S:29902 M:115827730 (Ack:58461397)] (S) Msg TX from 0000000000000000 to 0:FFFFFFFB00000000 [0000] [UDP:[fe80::bfe:a203:38f0:bce7%enp0s3]:52218] --- Type 0001:05 (IM:ReportData) (B:186)[0m
[0;32m[1784837760.301] [21766:21766] [EM] ??1 [E:58984r S:29902 M:115827730] (S) Msg Retransmission to 0:FFFFFFFB00000000 scheduled for 366ms from now [State:Active II:500 AI:300 AT:4000][0m
[0;34m[1784837760.301] [21766:21766] [DMG] <RE> OnReportConfirm: NumReports = 0[0m
[0;34m[1784837760.301] [21766:21766] [DMG] <RE> ReportsInFlight = 0 with readHandler 0, RE has no more messages[0m
[0;34m[1784837760.301] [21766:21766] [DMG] IM RH moving to [AwaitingDestruction][0m
[0;34m[1784837760.301] [21766:21766] [DMG] All ReadHandler-s are clean, clear GlobalDirtySet[0m
[0;32m[1784837760.301] [21766:21766] [EM] >>> [E:58983r S:29902 M:58461398 (Ack:115827729)] (S) Msg RX from 0:FFFFFFFB00000000 [0000] to 0000000000000000 --- Type 0000:10 (SecureChannel:StandaloneAck) (B:34)[0m
[0;34m[1784837760.301] [21766:21766] [EM] Found matching exchange: 58983r, Delegate: (nil)[0m
[0;34m[1784837760.301] [21766:21766] [EM] Rxd Ack; Removing MessageCounter:115827729 from Retrans Table on exchange 58983r[0m
[0;32m[1784837760.302] [21766:21766] [EM] >>> [E:58985r S:29902 M:58461399] (S) Msg RX from 0:FFFFFFFB00000000 [0000] to 0000000000000000 --- Type 0001:08 (IM:InvokeCommandRequest) (B:65)[0m
[0;34m[1784837760.302] [21766:21766] [EM] Handling via exchange: 58985r, Delegate: 0x5e286f797ac8[0m
[0;34m[1784837760.302] [21766:21766] [DMG] InvokeRequestMessage =[0m
[0;34m[1784837760.302] [21766:21766] [DMG] {[0m
[0;34m[1784837760.302] [21766:21766] [DMG] 	suppressResponse = false, [0m
[0;34m[1784837760.302] [21766:21766] [DMG] 	timedRequest = false, [0m
[0;34m[1784837760.302] [21766:21766] [DMG] 	InvokeRequests =[0m
[0;34m[1784837760.302] [21766:21766] [DMG] 	[[0m
[0;34m[1784837760.302] [21766:21766] [DMG] 		CommandDataIB =[0m
[0;34m[1784837760.302] [21766:21766] [DMG] 		{[0m
[0;34m[1784837760.302] [21766:21766] [DMG] 			CommandPathIB =[0m
[0;34m[1784837760.302] [21766:21766] [DMG] 			{[0m
[0;34m[1784837760.302] [21766:21766] [DMG] 				EndpointId = 0x0,[0m
[0;34m[1784837760.302] [21766:21766] [DMG] 				ClusterId = 0x30,[0m
[0;34m[1784837760.302] [21766:21766] [DMG] 				CommandId = 0x0,[0m
[0;34m[1784837760.302] [21766:21766] [DMG] 			},[0m
[0;34m[1784837760.302] [21766:21766] [DMG] 			[0m
[0;34m[1784837760.302] [21766:21766] [DMG] 			CommandFields = [0m
[0;34m[1784837760.302] [21766:21766] [DMG] 			{[0m
[0;34m[1784837760.302] [21766:21766] [DMG] 				0x0 = 60 (unsigned), [0m
[0;34m[1784837760.302] [21766:21766] [DMG] 				0x1 = 3 (unsigned), [0m
[0;34m[1784837760.302] [21766:21766] [DMG] 			},[0m
[0;34m[1784837760.302] [21766:21766] [DMG] 		},[0m
[0;34m[1784837760.302] [21766:21766] [DMG] 		[0m
[0;34m[1784837760.302] [21766:21766] [DMG] 	],[0m
[0;34m[1784837760.302] [21766:21766] [DMG] 	[0m
[0;34m[1784837760.302] [21766:21766] [DMG] 	InteractionModelRevision = 12[0m
[0;34m[1784837760.302] [21766:21766] [DMG] },[0m
[0;32m[1784837760.302] [21766:21766] [DMG] AccessControl: checking f=0 a=p s=0xFFFFFFFB00000000 t= c=0x0000_0030 e=0 p=o r=i[0m
[0;32m[1784837760.302] [21766:21766] [DMG] AccessControl: implicit admin (PASE)[0m
[0;32m[1784837760.302] [21766:21766] [DMG] AccessControl: checking f=0 a=p s=0xFFFFFFFB00000000 t= c=0x0000_0030 e=0 p=a r=i[0m
[0;32m[1784837760.302] [21766:21766] [DMG] AccessControl: implicit admin (PASE)[0m
[0;34m[1784837760.302] [21766:21766] [DMG] Received command for Endpoint=0 Cluster=0x0000_0030 Command=0x0000_0000[0m
[0;32m[1784837760.302] [21766:21766] [FS] GeneralCommissioning: Received ArmFailSafe (60s)[0m
[0;34m[1784837760.302] [21766:21766] [DMG] Command handler moving to [NewRespons][0m
[0;34m[1784837760.302] [21766:21766] [DMG] Command handler moving to [ Preparing][0m
[0;34m[1784837760.302] [21766:21766] [DMG] Command handler moving to [AddingComm][0m
[0;34m[1784837760.302] [21766:21766] [DMG] Command handler moving to [AddedComma][0m
[0;34m[1784837760.302] [21766:21766] [DMG] Decreasing reference count for CommandHandlerImpl, remaining 1[0m
[0;34m[1784837760.302] [21766:21766] [DMG] Decreasing reference count for CommandHandlerImpl, remaining 0[0m
[0;34m[1784837760.302] [21766:21766] [DMG] Command handler moving to [AwaitingDe][0m
[0;32m[1784837760.302] [21766:21766] [EM] <<< [E:58985r S:29902 M:115827731 (Ack:58461399)] (S) Msg TX from 0000000000000000 to 0:FFFFFFFB00000000 [0000] [UDP:[fe80::bfe:a203:38f0:bce7%enp0s3]:52218] --- Type 0001:09 (IM:InvokeCommandResponse) (B:70)[0m
[0;32m[1784837760.302] [21766:21766] [EM] ??1 [E:58985r S:29902 M:115827731] (S) Msg Retransmission to 0:FFFFFFFB00000000 scheduled for 396ms from now [State:Active II:500 AI:300 AT:4000][0m
[0;34m[1784837760.302] [21766:21766] [DMG] Command response sender moving to [AllInvokeR][0m
[0;32m[1784837760.302] [21766:21766] [EM] >>> [E:58984r S:29902 M:58461400 (Ack:115827730)] (S) Msg RX from 0:FFFFFFFB00000000 [0000] to 0000000000000000 --- Type 0000:10 (SecureChannel:StandaloneAck) (B:34)[0m
[0;34m[1784837760.302] [21766:21766] [EM] Found matching exchange: 58984r, Delegate: (nil)[0m
[0;34m[1784837760.302] [21766:21766] [EM] Rxd Ack; Removing MessageCounter:115827730 from Retrans Table on exchange 58984r[0m
[0;32m[1784837760.302] [21766:21766] [EM] >>> [E:58986r S:29902 M:58461401] (S) Msg RX from 0:FFFFFFFB00000000 [0000] to 0000000000000000 --- Type 0001:08 (IM:InvokeCommandRequest) (B:70)[0m
[0;34m[1784837760.302] [21766:21766] [EM] Handling via exchange: 58986r, Delegate: 0x5e286f797ac8[0m
[0;34m[1784837760.302] [21766:21766] [DMG] InvokeRequestMessage =[0m
[0;34m[1784837760.302] [21766:21766] [DMG] {[0m
[0;34m[1784837760.302] [21766:21766] [DMG] 	suppressResponse = false, [0m
[0;34m[1784837760.302] [21766:21766] [DMG] 	timedRequest = false, [0m
[0;34m[1784837760.302] [21766:21766] [DMG] 	InvokeRequests =[0m
[0;34m[1784837760.302] [21766:21766] [DMG] 	[[0m
[0;34m[1784837760.302] [21766:21766] [DMG] 		CommandDataIB =[0m
[0;34m[1784837760.302] [21766:21766] [DMG] 		{[0m
[0;34m[1784837760.302] [21766:21766] [DMG] 			CommandPathIB =[0m
[0;34m[1784837760.302] [21766:21766] [DMG] 			{[0m
[0;34m[1784837760.302] [21766:21766] [DMG] 				EndpointId = 0x0,[0m
[0;34m[1784837760.302] [21766:21766] [DMG] 				ClusterId = 0x30,[0m
[0;34m[1784837760.302] [21766:21766] [DMG] 				CommandId = 0x2,[0m
[0;34m[1784837760.302] [21766:21766] [DMG] 			},[0m
[0;34m[1784837760.302] [21766:21766] [DMG] 			[0m
[0;34m[1784837760.302] [21766:21766] [DMG] 			CommandFields = [0m
[0;34m[1784837760.302] [21766:21766] [DMG] 			{[0m
[0;34m[1784837760.302] [21766:21766] [DMG] 				0x0 = 0 (unsigned), [0m
[0;34m[1784837760.302] [21766:21766] [DMG] 				0x1 = "XX" (2 chars), [0m
[0;34m[1784837760.302] [21766:21766] [DMG] 				0x2 = 4 (unsigned), [0m
[0;34m[1784837760.302] [21766:21766] [DMG] 			},[0m
[0;34m[1784837760.302] [21766:21766] [DMG] 		},[0m
[0;34m[1784837760.302] [21766:21766] [DMG] 		[0m
[0;34m[1784837760.302] [21766:21766] [DMG] 	],[0m
[0;34m[1784837760.302] [21766:21766] [DMG] 	[0m
[0;34m[1784837760.302] [21766:21766] [DMG] 	InteractionModelRevision = 12[0m
[0;34m[1784837760.302] [21766:21766] [DMG] },[0m
[0;32m[1784837760.302] [21766:21766] [DMG] AccessControl: checking f=0 a=p s=0xFFFFFFFB00000000 t= c=0x0000_0030 e=0 p=o r=i[0m
[0;32m[1784837760.302] [21766:21766] [DMG] AccessControl: implicit admin (PASE)[0m
[0;32m[1784837760.302] [21766:21766] [DMG] AccessControl: checking f=0 a=p s=0xFFFFFFFB00000000 t= c=0x0000_0030 e=0 p=a r=i[0m
[0;32m[1784837760.302] [21766:21766] [DMG] AccessControl: implicit admin (PASE)[0m
[0;34m[1784837760.302] [21766:21766] [DMG] Received command for Endpoint=0 Cluster=0x0000_0030 Command=0x0000_0002[0m
[0;34m[1784837760.305] [21766:21766] [DL] Wrote settings to /tmp/chip_config.ini[0m
[0;32m[1784837760.305] [21766:21766] [DL] NVS set: chip-config/regulatory-location = 0 (0x0)[0m
[0;34m[1784837760.308] [21766:21766] [DL] Wrote settings to /tmp/chip_config.ini[0m
[0;32m[1784837760.308] [21766:21766] [DL] NVS set: chip-config/country-code = "XX"[0m
[0;34m[1784837760.308] [21766:21766] [DMG] Command handler moving to [NewRespons][0m
[0;34m[1784837760.308] [21766:21766] [DMG] Command handler moving to [ Preparing][0m
[0;34m[1784837760.308] [21766:21766] [DMG] Command handler moving to [AddingComm][0m
[0;34m[1784837760.308] [21766:21766] [DMG] Command handler moving to [AddedComma][0m
[0;34m[1784837760.308] [21766:21766] [DMG] Decreasing reference count for CommandHandlerImpl, remaining 1[0m
[0;34m[1784837760.308] [21766:21766] [DMG] Decreasing reference count for CommandHandlerImpl, remaining 0[0m
[0;34m[1784837760.308] [21766:21766] [DMG] Command handler moving to [AwaitingDe][0m
[0;32m[1784837760.308] [21766:21766] [EM] <<< [E:58986r S:29902 M:115827732 (Ack:58461401)] (S) Msg TX from 0000000000000000 to 0:FFFFFFFB00000000 [0000] [UDP:[fe80::bfe:a203:38f0:bce7%enp0s3]:52218] --- Type 0001:09 (IM:InvokeCommandResponse) (B:70)[0m
[0;32m[1784837760.308] [21766:21766] [EM] ??1 [E:58986r S:29902 M:115827732] (S) Msg Retransmission to 0:FFFFFFFB00000000 scheduled for 381ms from now [State:Active II:500 AI:300 AT:4000][0m
[0;34m[1784837760.308] [21766:21766] [DMG] Command response sender moving to [AllInvokeR][0m
[0;32m[1784837760.308] [21766:21766] [EM] >>> [E:58985r S:29902 M:58461402 (Ack:115827731)] (S) Msg RX from 0:FFFFFFFB00000000 [0000] to 0000000000000000 --- Type 0000:10 (SecureChannel:StandaloneAck) (B:34)[0m
[0;34m[1784837760.308] [21766:21766] [EM] Found matching exchange: 58985r, Delegate: (nil)[0m
[0;34m[1784837760.308] [21766:21766] [EM] Rxd Ack; Removing MessageCounter:115827731 from Retrans Table on exchange 58985r[0m
[0;32m[1784837760.308] [21766:21766] [EM] >>> [E:58987r S:29902 M:58461403] (S) Msg RX from 0:FFFFFFFB00000000 [0000] to 0000000000000000 --- Type 0001:08 (IM:InvokeCommandRequest) (B:72)[0m
[0;34m[1784837760.308] [21766:21766] [EM] Handling via exchange: 58987r, Delegate: 0x5e286f797ac8[0m
[0;34m[1784837760.308] [21766:21766] [DMG] InvokeRequestMessage =[0m
[0;34m[1784837760.308] [21766:21766] [DMG] {[0m
[0;34m[1784837760.308] [21766:21766] [DMG] 	suppressResponse = false, [0m
[0;34m[1784837760.308] [21766:21766] [DMG] 	timedRequest = false, [0m
[0;34m[1784837760.308] [21766:21766] [DMG] 	InvokeRequests =[0m
[0;34m[1784837760.308] [21766:21766] [DMG] 	[[0m
[0;34m[1784837760.308] [21766:21766] [DMG] 		CommandDataIB =[0m
[0;34m[1784837760.308] [21766:21766] [DMG] 		{[0m
[0;34m[1784837760.308] [21766:21766] [DMG] 			CommandPathIB =[0m
[0;34m[1784837760.308] [21766:21766] [DMG] 			{[0m
[0;34m[1784837760.308] [21766:21766] [DMG] 				EndpointId = 0x0,[0m
[0;34m[1784837760.308] [21766:21766] [DMG] 				ClusterId = 0x38,[0m
[0;34m[1784837760.308] [21766:21766] [DMG] 				CommandId = 0x0,[0m
[0;34m[1784837760.308] [21766:21766] [DMG] 			},[0m
[0;34m[1784837760.308] [21766:21766] [DMG] 			[0m
[0;34m[1784837760.308] [21766:21766] [DMG] 			CommandFields = [0m
[0;34m[1784837760.308] [21766:21766] [DMG] 			{[0m
[0;34m[1784837760.308] [21766:21766] [DMG] 				0x0 = 838152960308499 (unsigned), [0m
[0;34m[1784837760.308] [21766:21766] [DMG] 				0x1 = 2 (unsigned), [0m
[0;34m[1784837760.308] [21766:21766] [DMG] 			},[0m
[0;34m[1784837760.308] [21766:21766] [DMG] 		},[0m
[0;34m[1784837760.308] [21766:21766] [DMG] 		[0m
[0;34m[1784837760.308] [21766:21766] [DMG] 	],[0m
[0;34m[1784837760.308] [21766:21766] [DMG] 	[0m
[0;34m[1784837760.308] [21766:21766] [DMG] 	InteractionModelRevision = 12[0m
[0;34m[1784837760.308] [21766:21766] [DMG] },[0m
[0;32m[1784837760.308] [21766:21766] [DMG] AccessControl: checking f=0 a=p s=0xFFFFFFFB00000000 t= c=0x0000_0038 e=0 p=o r=i[0m
[0;32m[1784837760.308] [21766:21766] [DMG] AccessControl: implicit admin (PASE)[0m
[0;32m[1784837760.308] [21766:21766] [DMG] AccessControl: checking f=0 a=p s=0xFFFFFFFB00000000 t= c=0x0000_0038 e=0 p=a r=i[0m
[0;32m[1784837760.308] [21766:21766] [DMG] AccessControl: implicit admin (PASE)[0m
[0;34m[1784837760.308] [21766:21766] [DMG] Received command for Endpoint=0 Cluster=0x0000_0038 Command=0x0000_0000[0m
[1;31m[1784837760.308] [21766:21766] [DMG] Endpoint=0 Cluster=0x0000_0038 Command=0x0000_0000 status 0x01 (FAILURE) ClusterSpecificCode=2 (no additional context)[0m
[0;34m[1784837760.308] [21766:21766] [DMG] Command handler moving to [NewRespons][0m
[0;34m[1784837760.308] [21766:21766] [DMG] Command handler moving to [ Preparing][0m
[0;34m[1784837760.308] [21766:21766] [DMG] Command handler moving to [AddingComm][0m
[0;34m[1784837760.308] [21766:21766] [DMG] Command handler moving to [AddedComma][0m
[0;34m[1784837760.308] [21766:21766] [DMG] Decreasing reference count for CommandHandlerImpl, remaining 1[0m
[0;34m[1784837760.308] [21766:21766] [DMG] Decreasing reference count for CommandHandlerImpl, remaining 0[0m
[0;34m[1784837760.308] [21766:21766] [DMG] Command handler moving to [AwaitingDe][0m
[0;32m[1784837760.308] [21766:21766] [EM] <<< [E:58987r S:29902 M:115827733 (Ack:58461403)] (S) Msg TX from 0000000000000000 to 0:FFFFFFFB00000000 [0000] [UDP:[fe80::bfe:a203:38f0:bce7%enp0s3]:52218] --- Type 0001:09 (IM:InvokeCommandResponse) (B:70)[0m
[0;32m[1784837760.308] [21766:21766] [EM] ??1 [E:58987r S:29902 M:115827733] (S) Msg Retransmission to 0:FFFFFFFB00000000 scheduled for 330ms from now [State:Active II:500 AI:300 AT:4000][0m
[0;34m[1784837760.308] [21766:21766] [DMG] Command response sender moving to [AllInvokeR][0m
[0;32m[1784837760.308] [21766:21766] [EM] >>> [E:58986r S:29902 M:58461404 (Ack:115827732)] (S) Msg RX from 0:FFFFFFFB00000000 [0000] to 0000000000000000 --- Type 0000:10 (SecureChannel:StandaloneAck) (B:34)[0m
[0;34m[1784837760.308] [21766:21766] [EM] Found matching exchange: 58986r, Delegate: (nil)[0m
[0;34m[1784837760.308] [21766:21766] [EM] Rxd Ack; Removing MessageCounter:115827732 from Retrans Table on exchange 58986r[0m
[0;32m[1784837760.309] [21766:21766] [EM] >>> [E:58988r S:29902 M:58461405] (S) Msg RX from 0:FFFFFFFB00000000 [0000] to 0000000000000000 --- Type 0001:08 (IM:InvokeCommandRequest) (B:62)[0m
[0;34m[1784837760.309] [21766:21766] [EM] Handling via exchange: 58988r, Delegate: 0x5e286f797ac8[0m
[0;34m[1784837760.309] [21766:21766] [DMG] InvokeRequestMessage =[0m
[0;34m[1784837760.309] [21766:21766] [DMG] {[0m
[0;34m[1784837760.309] [21766:21766] [DMG] 	suppressResponse = false, [0m
[0;34m[1784837760.309] [21766:21766] [DMG] 	timedRequest = false, [0m
[0;34m[1784837760.309] [21766:21766] [DMG] 	InvokeRequests =[0m
[0;34m[1784837760.309] [21766:21766] [DMG] 	[[0m
[0;34m[1784837760.309] [21766:21766] [DMG] 		CommandDataIB =[0m
[0;34m[1784837760.309] [21766:21766] [DMG] 		{[0m
[0;34m[1784837760.309] [21766:21766] [DMG] 			CommandPathIB =[0m
[0;34m[1784837760.309] [21766:21766] [DMG] 			{[0m
[0;34m[1784837760.309] [21766:21766] [DMG] 				EndpointId = 0x0,[0m
[0;34m[1784837760.309] [21766:21766] [DMG] 				ClusterId = 0x3e,[0m
[0;34m[1784837760.309] [21766:21766] [DMG] 				CommandId = 0x2,[0m
[0;34m[1784837760.309] [21766:21766] [DMG] 			},[0m
[0;34m[1784837760.309] [21766:21766] [DMG] 			[0m
[0;34m[1784837760.309] [21766:21766] [DMG] 			CommandFields = [0m
[0;34m[1784837760.309] [21766:21766] [DMG] 			{[0m
[0;34m[1784837760.309] [21766:21766] [DMG] 				0x0 = 2 (unsigned), [0m
[0;34m[1784837760.309] [21766:21766] [DMG] 			},[0m
[0;34m[1784837760.309] [21766:21766] [DMG] 		},[0m
[0;34m[1784837760.309] [21766:21766] [DMG] 		[0m
[0;34m[1784837760.309] [21766:21766] [DMG] 	],[0m
[0;34m[1784837760.309] [21766:21766] [DMG] 	[0m
[0;34m[1784837760.309] [21766:21766] [DMG] 	InteractionModelRevision = 12[0m
[0;34m[1784837760.309] [21766:21766] [DMG] },[0m
[0;32m[1784837760.309] [21766:21766] [DMG] AccessControl: checking f=0 a=p s=0xFFFFFFFB00000000 t= c=0x0000_003E e=0 p=o r=i[0m
[0;32m[1784837760.309] [21766:21766] [DMG] AccessControl: implicit admin (PASE)[0m
[0;32m[1784837760.309] [21766:21766] [DMG] AccessControl: checking f=0 a=p s=0xFFFFFFFB00000000 t= c=0x0000_003E e=0 p=a r=i[0m
[0;32m[1784837760.309] [21766:21766] [DMG] AccessControl: implicit admin (PASE)[0m
[0;34m[1784837760.309] [21766:21766] [DMG] Received command for Endpoint=0 Cluster=0x0000_003E Command=0x0000_0002[0m
[0;32m[1784837760.309] [21766:21766] [ZCL] OpCreds: Certificate Chain request received for PAI[0m
[0;34m[1784837760.309] [21766:21766] [DMG] Command handler moving to [NewRespons][0m
[0;34m[1784837760.309] [21766:21766] [DMG] Command handler moving to [ Preparing][0m
[0;34m[1784837760.309] [21766:21766] [DMG] Command handler moving to [AddingComm][0m
[0;34m[1784837760.309] [21766:21766] [DMG] Command handler moving to [AddedComma][0m
[0;34m[1784837760.309] [21766:21766] [DMG] Decreasing reference count for CommandHandlerImpl, remaining 1[0m
[0;34m[1784837760.309] [21766:21766] [DMG] Decreasing reference count for CommandHandlerImpl, remaining 0[0m
[0;34m[1784837760.309] [21766:21766] [DMG] Command handler moving to [AwaitingDe][0m
[0;32m[1784837760.309] [21766:21766] [EM] <<< [E:58988r S:29902 M:115827734 (Ack:58461405)] (S) Msg TX from 0000000000000000 to 0:FFFFFFFB00000000 [0000] [UDP:[fe80::bfe:a203:38f0:bce7%enp0s3]:52218] --- Type 0001:09 (IM:InvokeCommandResponse) (B:531)[0m
[0;32m[1784837760.309] [21766:21766] [EM] ??1 [E:58988r S:29902 M:115827734] (S) Msg Retransmission to 0:FFFFFFFB00000000 scheduled for 351ms from now [State:Active II:500 AI:300 AT:4000][0m
[0;34m[1784837760.309] [21766:21766] [DMG] Command response sender moving to [AllInvokeR][0m
[0;32m[1784837760.309] [21766:21766] [EM] >>> [E:58987r S:29902 M:58461406 (Ack:115827733)] (S) Msg RX from 0:FFFFFFFB00000000 [0000] to 0000000000000000 --- Type 0000:10 (SecureChannel:StandaloneAck) (B:34)[0m
[0;34m[1784837760.309] [21766:21766] [EM] Found matching exchange: 58987r, Delegate: (nil)[0m
[0;34m[1784837760.309] [21766:21766] [EM] Rxd Ack; Removing MessageCounter:115827733 from Retrans Table on exchange 58987r[0m
[0;32m[1784837760.309] [21766:21766] [EM] >>> [E:58989r S:29902 M:58461407] (S) Msg RX from 0:FFFFFFFB00000000 [0000] to 0000000000000000 --- Type 0001:08 (IM:InvokeCommandRequest) (B:62)[0m
[0;34m[1784837760.309] [21766:21766] [EM] Handling via exchange: 58989r, Delegate: 0x5e286f797ac8[0m
[0;34m[1784837760.309] [21766:21766] [DMG] InvokeRequestMessage =[0m
[0;34m[1784837760.309] [21766:21766] [DMG] {[0m
[0;34m[1784837760.309] [21766:21766] [DMG] 	suppressResponse = false, [0m
[0;34m[1784837760.309] [21766:21766] [DMG] 	timedRequest = false, [0m
[0;34m[1784837760.309] [21766:21766] [DMG] 	InvokeRequests =[0m
[0;34m[1784837760.309] [21766:21766] [DMG] 	[[0m
[0;34m[1784837760.309] [21766:21766] [DMG] 		CommandDataIB =[0m
[0;34m[1784837760.309] [21766:21766] [DMG] 		{[0m
[0;34m[1784837760.309] [21766:21766] [DMG] 			CommandPathIB =[0m
[0;34m[1784837760.309] [21766:21766] [DMG] 			{[0m
[0;34m[1784837760.309] [21766:21766] [DMG] 				EndpointId = 0x0,[0m
[0;34m[1784837760.309] [21766:21766] [DMG] 				ClusterId = 0x3e,[0m
[0;34m[1784837760.309] [21766:21766] [DMG] 				CommandId = 0x2,[0m
[0;34m[1784837760.309] [21766:21766] [DMG] 			},[0m
[0;34m[1784837760.309] [21766:21766] [DMG] 			[0m
[0;34m[1784837760.309] [21766:21766] [DMG] 			CommandFields = [0m
[0;34m[1784837760.309] [21766:21766] [DMG] 			{[0m
[0;34m[1784837760.309] [21766:21766] [DMG] 				0x0 = 1 (unsigned), [0m
[0;34m[1784837760.309] [21766:21766] [DMG] 			},[0m
[0;34m[1784837760.309] [21766:21766] [DMG] 		},[0m
[0;34m[1784837760.309] [21766:21766] [DMG] 		[0m
[0;34m[1784837760.309] [21766:21766] [DMG] 	],[0m
[0;34m[1784837760.309] [21766:21766] [DMG] 	[0m
[0;34m[1784837760.309] [21766:21766] [DMG] 	InteractionModelRevision = 12[0m
[0;34m[1784837760.309] [21766:21766] [DMG] },[0m
[0;32m[1784837760.309] [21766:21766] [DMG] AccessControl: checking f=0 a=p s=0xFFFFFFFB00000000 t= c=0x0000_003E e=0 p=o r=i[0m
[0;32m[1784837760.309] [21766:21766] [DMG] AccessControl: implicit admin (PASE)[0m
[0;32m[1784837760.309] [21766:21766] [DMG] AccessControl: checking f=0 a=p s=0xFFFFFFFB00000000 t= c=0x0000_003E e=0 p=a r=i[0m
[0;32m[1784837760.309] [21766:21766] [DMG] AccessControl: implicit admin (PASE)[0m
[0;34m[1784837760.309] [21766:21766] [DMG] Received command for Endpoint=0 Cluster=0x0000_003E Command=0x0000_0002[0m
[0;32m[1784837760.309] [21766:21766] [ZCL] OpCreds: Certificate Chain request received for DAC[0m
[0;34m[1784837760.309] [21766:21766] [DMG] Command handler moving to [NewRespons][0m
[0;34m[1784837760.309] [21766:21766] [DMG] Command handler moving to [ Preparing][0m
[0;34m[1784837760.309] [21766:21766] [DMG] Command handler moving to [AddingComm][0m
[0;34m[1784837760.309] [21766:21766] [DMG] Command handler moving to [AddedComma][0m
[0;34m[1784837760.309] [21766:21766] [DMG] Decreasing reference count for CommandHandlerImpl, remaining 1[0m
[0;34m[1784837760.309] [21766:21766] [DMG] Decreasing reference count for CommandHandlerImpl, remaining 0[0m
[0;34m[1784837760.309] [21766:21766] [DMG] Command handler moving to [AwaitingDe][0m
[0;32m[1784837760.309] [21766:21766] [EM] <<< [E:58989r S:29902 M:115827735 (Ack:58461407)] (S) Msg TX from 0000000000000000 to 0:FFFFFFFB00000000 [0000] [UDP:[fe80::bfe:a203:38f0:bce7%enp0s3]:52218] --- Type 0001:09 (IM:InvokeCommandResponse) (B:559)[0m
[0;32m[1784837760.309] [21766:21766] [EM] ??1 [E:58989r S:29902 M:115827735] (S) Msg Retransmission to 0:FFFFFFFB00000000 scheduled for 403ms from now [State:Active II:500 AI:300 AT:4000][0m
[0;34m[1784837760.309] [21766:21766] [DMG] Command response sender moving to [AllInvokeR][0m
[0;32m[1784837760.309] [21766:21766] [EM] >>> [E:58988r S:29902 M:58461408 (Ack:115827734)] (S) Msg RX from 0:FFFFFFFB00000000 [0000] to 0000000000000000 --- Type 0000:10 (SecureChannel:StandaloneAck) (B:34)[0m
[0;34m[1784837760.309] [21766:21766] [EM] Found matching exchange: 58988r, Delegate: (nil)[0m
[0;34m[1784837760.309] [21766:21766] [EM] Rxd Ack; Removing MessageCounter:115827734 from Retrans Table on exchange 58988r[0m
[0;32m[1784837760.310] [21766:21766] [EM] >>> [E:58990r S:29902 M:58461409] (S) Msg RX from 0:FFFFFFFB00000000 [0000] to 0000000000000000 --- Type 0001:08 (IM:InvokeCommandRequest) (B:94)[0m
[0;34m[1784837760.310] [21766:21766] [EM] Handling via exchange: 58990r, Delegate: 0x5e286f797ac8[0m
[0;34m[1784837760.310] [21766:21766] [DMG] InvokeRequestMessage =[0m
[0;34m[1784837760.310] [21766:21766] [DMG] {[0m
[0;34m[1784837760.310] [21766:21766] [DMG] 	suppressResponse = false, [0m
[0;34m[1784837760.310] [21766:21766] [DMG] 	timedRequest = false, [0m
[0;34m[1784837760.310] [21766:21766] [DMG] 	InvokeRequests =[0m
[0;34m[1784837760.310] [21766:21766] [DMG] 	[[0m
[0;34m[1784837760.310] [21766:21766] [DMG] 		CommandDataIB =[0m
[0;34m[1784837760.310] [21766:21766] [DMG] 		{[0m
[0;34m[1784837760.310] [21766:21766] [DMG] 			CommandPathIB =[0m
[0;34m[1784837760.310] [21766:21766] [DMG] 			{[0m
[0;34m[1784837760.310] [21766:21766] [DMG] 				EndpointId = 0x0,[0m
[0;34m[1784837760.310] [21766:21766] [DMG] 				ClusterId = 0x3e,[0m
[0;34m[1784837760.310] [21766:21766] [DMG] 				CommandId = 0x0,[0m
[0;34m[1784837760.310] [21766:21766] [DMG] 			},[0m
[0;34m[1784837760.310] [21766:21766] [DMG] 			[0m
[0;34m[1784837760.310] [21766:21766] [DMG] 			CommandFields = [0m
[0;34m[1784837760.310] [21766:21766] [DMG] 			{[0m
[0;34m[1784837760.310] [21766:21766] [DMG] 				0x0 = [[0m
[0;34m[1784837760.310] [21766:21766] [DMG] 						0x9a, 0x55, 0xea, 0x2b, 0xdf, 0x26, 0x1f, 0x83, 0xb0, 0x73, 0x26, 0x82, 0x7c, 0x7f, 0x93, 0xdb, 0x4f, 0x28, 0x4c, 0xd4, 0x96, 0x2d, 0x03, 0x39, 0x1d, 0x40, 0x11, 0xfb, 0xf0, 0x10, 0x8c, 0x6e, [0m
[0;34m[1784837760.310] [21766:21766] [DMG] 				] (32 bytes)[0m
[0;34m[1784837760.310] [21766:21766] [DMG] 			},[0m
[0;34m[1784837760.310] [21766:21766] [DMG] 		},[0m
[0;34m[1784837760.310] [21766:21766] [DMG] 		[0m
[0;34m[1784837760.310] [21766:21766] [DMG] 	],[0m
[0;34m[1784837760.310] [21766:21766] [DMG] 	[0m
[0;34m[1784837760.310] [21766:21766] [DMG] 	InteractionModelRevision = 12[0m
[0;34m[1784837760.310] [21766:21766] [DMG] },[0m
[0;32m[1784837760.310] [21766:21766] [DMG] AccessControl: checking f=0 a=p s=0xFFFFFFFB00000000 t= c=0x0000_003E e=0 p=o r=i[0m
[0;32m[1784837760.310] [21766:21766] [DMG] AccessControl: implicit admin (PASE)[0m
[0;32m[1784837760.310] [21766:21766] [DMG] AccessControl: checking f=0 a=p s=0xFFFFFFFB00000000 t= c=0x0000_003E e=0 p=a r=i[0m
[0;32m[1784837760.310] [21766:21766] [DMG] AccessControl: implicit admin (PASE)[0m
[0;34m[1784837760.310] [21766:21766] [DMG] Received command for Endpoint=0 Cluster=0x0000_003E Command=0x0000_0000[0m
[0;32m[1784837760.310] [21766:21766] [ZCL] OpCreds: Received an AttestationRequest command[0m
[0;32m[1784837760.310] [21766:21766] [ZCL] OpCreds: AttestationRequest successful.[0m
[0;34m[1784837760.310] [21766:21766] [DMG] Command handler moving to [NewRespons][0m
[0;34m[1784837760.310] [21766:21766] [DMG] Command handler moving to [ Preparing][0m
[0;34m[1784837760.310] [21766:21766] [DMG] Command handler moving to [AddingComm][0m
[0;34m[1784837760.310] [21766:21766] [DMG] Command handler moving to [AddedComma][0m
[0;34m[1784837760.310] [21766:21766] [DMG] Decreasing reference count for CommandHandlerImpl, remaining 1[0m
[0;34m[1784837760.310] [21766:21766] [DMG] Decreasing reference count for CommandHandlerImpl, remaining 0[0m
[0;34m[1784837760.310] [21766:21766] [DMG] Command handler moving to [AwaitingDe][0m
[0;32m[1784837760.310] [21766:21766] [EM] <<< [E:58990r S:29902 M:115827736 (Ack:58461409)] (S) Msg TX from 0000000000000000 to 0:FFFFFFFB00000000 [0000] [UDP:[fe80::bfe:a203:38f0:bce7%enp0s3]:52218] --- Type 0001:09 (IM:InvokeCommandResponse) (B:718)[0m
[0;32m[1784837760.310] [21766:21766] [EM] ??1 [E:58990r S:29902 M:115827736] (S) Msg Retransmission to 0:FFFFFFFB00000000 scheduled for 368ms from now [State:Active II:500 AI:300 AT:4000][0m
[0;34m[1784837760.310] [21766:21766] [DMG] Command response sender moving to [AllInvokeR][0m
[0;32m[1784837760.310] [21766:21766] [EM] >>> [E:58989r S:29902 M:58461410 (Ack:115827735)] (S) Msg RX from 0:FFFFFFFB00000000 [0000] to 0000000000000000 --- Type 0000:10 (SecureChannel:StandaloneAck) (B:34)[0m
[0;34m[1784837760.310] [21766:21766] [EM] Found matching exchange: 58989r, Delegate: (nil)[0m
[0;34m[1784837760.310] [21766:21766] [EM] Rxd Ack; Removing MessageCounter:115827735 from Retrans Table on exchange 58989r[0m
[0;32m[1784837760.317] [21766:21766] [EM] >>> [E:58991r S:29902 M:58461411] (S) Msg RX from 0:FFFFFFFB00000000 [0000] to 0000000000000000 --- Type 0001:08 (IM:InvokeCommandRequest) (B:94)[0m
[0;34m[1784837760.317] [21766:21766] [EM] Handling via exchange: 58991r, Delegate: 0x5e286f797ac8[0m
[0;34m[1784837760.317] [21766:21766] [DMG] InvokeRequestMessage =[0m
[0;34m[1784837760.317] [21766:21766] [DMG] {[0m
[0;34m[1784837760.317] [21766:21766] [DMG] 	suppressResponse = false, [0m
[0;34m[1784837760.317] [21766:21766] [DMG] 	timedRequest = false, [0m
[0;34m[1784837760.317] [21766:21766] [DMG] 	InvokeRequests =[0m
[0;34m[1784837760.317] [21766:21766] [DMG] 	[[0m
[0;34m[1784837760.317] [21766:21766] [DMG] 		CommandDataIB =[0m
[0;34m[1784837760.317] [21766:21766] [DMG] 		{[0m
[0;34m[1784837760.317] [21766:21766] [DMG] 			CommandPathIB =[0m
[0;34m[1784837760.317] [21766:21766] [DMG] 			{[0m
[0;34m[1784837760.317] [21766:21766] [DMG] 				EndpointId = 0x0,[0m
[0;34m[1784837760.317] [21766:21766] [DMG] 				ClusterId = 0x3e,[0m
[0;34m[1784837760.317] [21766:21766] [DMG] 				CommandId = 0x4,[0m
[0;34m[1784837760.317] [21766:21766] [DMG] 			},[0m
[0;34m[1784837760.317] [21766:21766] [DMG] 			[0m
[0;34m[1784837760.317] [21766:21766] [DMG] 			CommandFields = [0m
[0;34m[1784837760.317] [21766:21766] [DMG] 			{[0m
[0;34m[1784837760.317] [21766:21766] [DMG] 				0x0 = [[0m
[0;34m[1784837760.317] [21766:21766] [DMG] 						0x68, 0x91, 0xa6, 0x1a, 0x6d, 0xae, 0x67, 0xb2, 0xc8, 0x3c, 0x4a, 0x57, 0x60, 0xd4, 0xe7, 0x4f, 0x1e, 0x07, 0x41, 0x28, 0x75, 0x92, 0x00, 0xbc, 0x1e, 0x41, 0x8b, 0x4f, 0xc0, 0x8d, 0xe3, 0xc0, [0m
[0;34m[1784837760.317] [21766:21766] [DMG] 				] (32 bytes)[0m
[0;34m[1784837760.317] [21766:21766] [DMG] 			},[0m
[0;34m[1784837760.317] [21766:21766] [DMG] 		},[0m
[0;34m[1784837760.317] [21766:21766] [DMG] 		[0m
[0;34m[1784837760.317] [21766:21766] [DMG] 	],[0m
[0;34m[1784837760.317] [21766:21766] [DMG] 	[0m
[0;34m[1784837760.317] [21766:21766] [DMG] 	InteractionModelRevision = 12[0m
[0;34m[1784837760.317] [21766:21766] [DMG] },[0m
[0;32m[1784837760.317] [21766:21766] [DMG] AccessControl: checking f=0 a=p s=0xFFFFFFFB00000000 t= c=0x0000_003E e=0 p=o r=i[0m
[0;32m[1784837760.317] [21766:21766] [DMG] AccessControl: implicit admin (PASE)[0m
[0;32m[1784837760.317] [21766:21766] [DMG] AccessControl: checking f=0 a=p s=0xFFFFFFFB00000000 t= c=0x0000_003E e=0 p=a r=i[0m
[0;32m[1784837760.317] [21766:21766] [DMG] AccessControl: implicit admin (PASE)[0m
[0;34m[1784837760.317] [21766:21766] [DMG] Received command for Endpoint=0 Cluster=0x0000_003E Command=0x0000_0004[0m
[0;32m[1784837760.317] [21766:21766] [ZCL] OpCreds: Received a CSRRequest command[0m
[0;32m[1784837760.317] [21766:21766] [ZCL] OpCreds: AllocatePendingOperationalKey succeeded[0m
[0;32m[1784837760.317] [21766:21766] [ZCL] OpCreds: CSRRequest successful.[0m
[0;34m[1784837760.317] [21766:21766] [DMG] Command handler moving to [NewRespons][0m
[0;34m[1784837760.317] [21766:21766] [DMG] Command handler moving to [ Preparing][0m
[0;34m[1784837760.317] [21766:21766] [DMG] Command handler moving to [AddingComm][0m
[0;34m[1784837760.317] [21766:21766] [DMG] Command handler moving to [AddedComma][0m
[0;34m[1784837760.317] [21766:21766] [DMG] Decreasing reference count for CommandHandlerImpl, remaining 1[0m
[0;34m[1784837760.317] [21766:21766] [DMG] Decreasing reference count for CommandHandlerImpl, remaining 0[0m
[0;34m[1784837760.317] [21766:21766] [DMG] Command handler moving to [AwaitingDe][0m
[0;32m[1784837760.317] [21766:21766] [EM] <<< [E:58991r S:29902 M:115827737 (Ack:58461411)] (S) Msg TX from 0000000000000000 to 0:FFFFFFFB00000000 [0000] [UDP:[fe80::bfe:a203:38f0:bce7%enp0s3]:52218] --- Type 0001:09 (IM:InvokeCommandResponse) (B:377)[0m
[0;32m[1784837760.318] [21766:21766] [EM] ??1 [E:58991r S:29902 M:115827737] (S) Msg Retransmission to 0:FFFFFFFB00000000 scheduled for 340ms from now [State:Active II:500 AI:300 AT:4000][0m
[0;34m[1784837760.318] [21766:21766] [DMG] Command response sender moving to [AllInvokeR][0m
[0;32m[1784837760.318] [21766:21766] [EM] >>> [E:58990r S:29902 M:58461412 (Ack:115827736)] (S) Msg RX from 0:FFFFFFFB00000000 [0000] to 0000000000000000 --- Type 0000:10 (SecureChannel:StandaloneAck) (B:34)[0m
[0;34m[1784837760.318] [21766:21766] [EM] Found matching exchange: 58990r, Delegate: (nil)[0m
[0;34m[1784837760.318] [21766:21766] [EM] Rxd Ack; Removing MessageCounter:115827736 from Retrans Table on exchange 58990r[0m
[0;32m[1784837760.320] [21766:21766] [EM] >>> [E:58992r S:29902 M:58461413] (S) Msg RX from 0:FFFFFFFB00000000 [0000] to 0000000000000000 --- Type 0001:08 (IM:InvokeCommandRequest) (B:293)[0m
[0;34m[1784837760.320] [21766:21766] [EM] Handling via exchange: 58992r, Delegate: 0x5e286f797ac8[0m
[0;34m[1784837760.320] [21766:21766] [DMG] InvokeRequestMessage =[0m
[0;34m[1784837760.320] [21766:21766] [DMG] {[0m
[0;34m[1784837760.320] [21766:21766] [DMG] 	suppressResponse = false, [0m
[0;34m[1784837760.320] [21766:21766] [DMG] 	timedRequest = false, [0m
[0;34m[1784837760.320] [21766:21766] [DMG] 	InvokeRequests =[0m
[0;34m[1784837760.320] [21766:21766] [DMG] 	[[0m
[0;34m[1784837760.320] [21766:21766] [DMG] 		CommandDataIB =[0m
[0;34m[1784837760.320] [21766:21766] [DMG] 		{[0m
[0;34m[1784837760.320] [21766:21766] [DMG] 			CommandPathIB =[0m
[0;34m[1784837760.320] [21766:21766] [DMG] 			{[0m
[0;34m[1784837760.320] [21766:21766] [DMG] 				EndpointId = 0x0,[0m
[0;34m[1784837760.320] [21766:21766] [DMG] 				ClusterId = 0x3e,[0m
[0;34m[1784837760.320] [21766:21766] [DMG] 				CommandId = 0xb,[0m
[0;34m[1784837760.320] [21766:21766] [DMG] 			},[0m
[0;34m[1784837760.320] [21766:21766] [DMG] 			[0m
[0;34m[1784837760.320] [21766:21766] [DMG] 			CommandFields = [0m
[0;34m[1784837760.320] [21766:21766] [DMG] 			{[0m
[0;34m[1784837760.320] [21766:21766] [DMG] 				0x0 = [[0m
[0;34m[1784837760.320] [21766:21766] [DMG] 						0x15, 0x30, 0x01, 0x01, 0x01, 0x24, 0x02, 0x01, 0x37, 0x03, 0x24, 0x14, 0x01, 0x18, 0x26, 0x04, 0x80, 0x22, 0x81, 0x27, 0x26, 0x05, 0x80, 0x25, 0x4d, 0x3a, 0x37, 0x06, 0x24, 0x14, 0x01, 0x18, 0x24, 0x07, 0x01, 0x24, 0x08, 0x01, 0x30, 0x09, 0x41, 0x04, 0x86, 0xe5, 0x57, 0x04, 0x4b, 0x9f, 0xdf, 0x35, 0x2e, 0x84, 0x98, 0x11, 0x48, 0x9e, 0x9a, 0x22, 0xf9, 0xd0, 0x73, 0x15, 0x2e, 0x96, 0x1e, 0xbe, 0x89, 0xf6, 0xca, 0x04, 0x13, 0x28, 0x2a, 0xab, 0x49, 0xdf, 0x2e, 0xc7, 0x82, 0x2c, 0x09, 0x36, 0x75, 0xcb, 0x39, 0x2f, 0x53, 0x96, 0x42, 0xe0, 0x9c, 0x06, 0xc3, 0xf7, 0x90, 0x9e, 0x7a, 0x27, 0x7e, 0x62, 0x89, 0xbd, 0xd1, 0x89, 0x0f, 0x05, 0x37, 0x0a, 0x35, 0x01, 0x29, 0x01, 0x18, 0x24, 0x02, 0x60, 0x30, 0x04, 0x14, 0x7d, 0xa0, 0xaa, 0x84, 0xc8, 0x82, 0x30, 0x5d, 0xac, 0xb9, 0x77, 0xb1, 0x8f, 0x70, 0xf9, 0x12, 0x7c, 0x5a, 0xbe, 0x67, 0x30, 0x05, 0x14, 0x7d, 0xa0, 0xaa, 0x84, 0xc8, 0x82, 0x30, 0x5d, 0xac, 0xb9, 0x77, 0xb1, 0x8f, 0x70, 0xf9, 0x12, 0x7c, 0x5a, 0xbe, 0x67, 0x18, 0x30, 0x0b, 0x40, 0x38, 0x06, 0x82, 0xf6, 0x8e, 0x3e, 0x92, 0x56, 0x3c, 0xd3, 0x67, 0xcf, 0x06, 0x4d, 0x70, 0xbe, 0x0f, 0x03, 0x73, 0x03, 0xd6, 0x5c, 0xc6, 0x41, 0x1a, 0xbc, 0x57, 0x69, 0x43, 0x54, 0x17, 0xd9, 0x65, 0xfb, 0xc4, 0x68, 0xaf, 0x7c, 0x86, 0xdc, 0xcb, 0xf6, 0x6e, 0xa6, 0xfa, 0xbb, 0x41, 0x35, 0xd6, 0x83, 0x3f, 0x5b, 0xcf, 0xc5, 0x0e, 0x6f, 0x0c, 0xee, 0x64, 0x49, 0x85, 0x35, 0x11, 0x7c, 0x18, [0m
[0;34m[1784837760.320] [21766:21766] [DMG] 				] (231 bytes)[0m
[0;34m[1784837760.320] [21766:21766] [DMG] 			},[0m
[0;34m[1784837760.320] [21766:21766] [DMG] 		},[0m
[0;34m[1784837760.320] [21766:21766] [DMG] 		[0m
[0;34m[1784837760.320] [21766:21766] [DMG] 	],[0m
[0;34m[1784837760.320] [21766:21766] [DMG] 	[0m
[0;34m[1784837760.320] [21766:21766] [DMG] 	InteractionModelRevision = 12[0m
[0;34m[1784837760.320] [21766:21766] [DMG] },[0m
[0;32m[1784837760.320] [21766:21766] [DMG] AccessControl: checking f=0 a=p s=0xFFFFFFFB00000000 t= c=0x0000_003E e=0 p=o r=i[0m
[0;32m[1784837760.320] [21766:21766] [DMG] AccessControl: implicit admin (PASE)[0m
[0;32m[1784837760.320] [21766:21766] [DMG] AccessControl: checking f=0 a=p s=0xFFFFFFFB00000000 t= c=0x0000_003E e=0 p=a r=i[0m
[0;32m[1784837760.320] [21766:21766] [DMG] AccessControl: implicit admin (PASE)[0m
[0;34m[1784837760.320] [21766:21766] [DMG] Received command for Endpoint=0 Cluster=0x0000_003E Command=0x0000_000B[0m
[0;32m[1784837760.320] [21766:21766] [ZCL] OpCreds: Received an AddTrustedRootCertificate command[0m
[0;32m[1784837760.320] [21766:21766] [ZCL] OpCreds: AddTrustedRootCertificate successful.[0m
[0;34m[1784837760.320] [21766:21766] [DMG] Command handler moving to [NewRespons][0m
[0;34m[1784837760.320] [21766:21766] [DMG] Command handler moving to [ Preparing][0m
[0;34m[1784837760.320] [21766:21766] [DMG] Command handler moving to [AddingComm][0m
[0;34m[1784837760.320] [21766:21766] [DMG] Command handler moving to [AddedComma][0m
[0;34m[1784837760.320] [21766:21766] [DMG] Decreasing reference count for CommandHandlerImpl, remaining 1[0m
[0;34m[1784837760.320] [21766:21766] [DMG] Decreasing reference count for CommandHandlerImpl, remaining 0[0m
[0;34m[1784837760.320] [21766:21766] [DMG] Command handler moving to [AwaitingDe][0m
[0;32m[1784837760.320] [21766:21766] [EM] <<< [E:58992r S:29902 M:115827738 (Ack:58461413)] (S) Msg TX from 0000000000000000 to 0:FFFFFFFB00000000 [0000] [UDP:[fe80::bfe:a203:38f0:bce7%enp0s3]:52218] --- Type 0001:09 (IM:InvokeCommandResponse) (B:67)[0m
[0;32m[1784837760.320] [21766:21766] [EM] ??1 [E:58992r S:29902 M:115827738] (S) Msg Retransmission to 0:FFFFFFFB00000000 scheduled for 386ms from now [State:Active II:500 AI:300 AT:4000][0m
[0;34m[1784837760.320] [21766:21766] [DMG] Command response sender moving to [AllInvokeR][0m
[0;32m[1784837760.320] [21766:21766] [EM] >>> [E:58991r S:29902 M:58461414 (Ack:115827737)] (S) Msg RX from 0:FFFFFFFB00000000 [0000] to 0000000000000000 --- Type 0000:10 (SecureChannel:StandaloneAck) (B:34)[0m
[0;34m[1784837760.320] [21766:21766] [EM] Found matching exchange: 58991r, Delegate: (nil)[0m
[0;34m[1784837760.320] [21766:21766] [EM] Rxd Ack; Removing MessageCounter:115827737 from Retrans Table on exchange 58991r[0m
[0;32m[1784837760.320] [21766:21766] [EM] >>> [E:58993r S:29902 M:58461415] (S) Msg RX from 0:FFFFFFFB00000000 [0000] to 0000000000000000 --- Type 0001:08 (IM:InvokeCommandRequest) (B:566)[0m
[0;34m[1784837760.320] [21766:21766] [EM] Handling via exchange: 58993r, Delegate: 0x5e286f797ac8[0m
[0;34m[1784837760.320] [21766:21766] [DMG] InvokeRequestMessage =[0m
[0;34m[1784837760.320] [21766:21766] [DMG] {[0m
[0;34m[1784837760.320] [21766:21766] [DMG] 	suppressResponse = false, [0m
[0;34m[1784837760.320] [21766:21766] [DMG] 	timedRequest = false, [0m
[0;34m[1784837760.320] [21766:21766] [DMG] 	InvokeRequests =[0m
[0;34m[1784837760.320] [21766:21766] [DMG] 	[[0m
[0;34m[1784837760.320] [21766:21766] [DMG] 		CommandDataIB =[0m
[0;34m[1784837760.320] [21766:21766] [DMG] 		{[0m
[0;34m[1784837760.320] [21766:21766] [DMG] 			CommandPathIB =[0m
[0;34m[1784837760.320] [21766:21766] [DMG] 			{[0m
[0;34m[1784837760.320] [21766:21766] [DMG] 				EndpointId = 0x0,[0m
[0;34m[1784837760.320] [21766:21766] [DMG] 				ClusterId = 0x3e,[0m
[0;34m[1784837760.320] [21766:21766] [DMG] 				CommandId = 0x6,[0m
[0;34m[1784837760.320] [21766:21766] [DMG] 			},[0m
[0;34m[1784837760.320] [21766:21766] [DMG] 			[0m
[0;34m[1784837760.320] [21766:21766] [DMG] 			CommandFields = [0m
[0;34m[1784837760.320] [21766:21766] [DMG] 			{[0m
[0;34m[1784837760.320] [21766:21766] [DMG] 				0x0 = [[0m
[0;34m[1784837760.320] [21766:21766] [DMG] 						0x15, 0x30, 0x01, 0x01, 0x01, 0x24, 0x02, 0x01, 0x37, 0x03, 0x24, 0x13, 0x02, 0x18, 0x26, 0x04, 0x80, 0x22, 0x81, 0x27, 0x26, 0x05, 0x80, 0x25, 0x4d, 0x3a, 0x37, 0x06, 0x24, 0x15, 0x01, 0x24, 0x11, 0x01, 0x18, 0x24, 0x07, 0x01, 0x24, 0x08, 0x01, 0x30, 0x09, 0x41, 0x04, 0x0a, 0x15, 0xd6, 0xce, 0x2a, 0x4c, 0x05, 0xd5, 0x3d, 0x93, 0x6c, 0xa3, 0x80, 0x7b, 0x1f, 0x96, 0x37, 0x25, 0x46, 0xa2, 0xdc, 0x6f, 0xec, 0x28, 0x6f, 0x95, 0x3e, 0x30, 0x53, 0xd6, 0x40, 0xf5, 0x52, 0xd4, 0xc7, 0xed, 0x50, 0x5a, 0x0b, 0x24, 0x13, 0xe8, 0x55, 0x98, 0xb4, 0xa5, 0x0f, 0xa6, 0xce, 0xc8, 0xe6, 0x1f, 0xf6, 0xb0, 0xe8, 0xb1, 0xd3, 0xf3, 0x07, 0x69, 0x3f, 0x4e, 0x9c, 0x34, 0x37, 0x0a, 0x35, 0x01, 0x28, 0x01, 0x18, 0x24, 0x02, 0x01, 0x36, 0x03, 0x04, 0x02, 0x04, 0x01, 0x18, 0x30, 0x04, 0x14, 0xaa, 0x36, 0x56, 0xb4, 0x52, 0x61, 0x25, 0x71, 0x80, 0x5e, 0x84, 0x06, 0xcf, 0x47, 0x7c, 0x10, 0x12, 0x15, 0x04, 0x82, 0x30, 0x05, 0x14, 0x6b, 0x83, 0xc5, 0x91, 0x03, 0x0a, 0x4b, 0x89, 0xac, 0x61, 0xac, 0xca, 0x3d, 0x22, 0x18, 0x05, 0x2d, 0x8e, 0xa5, 0x25, 0x18, 0x30, 0x0b, 0x40, 0x6e, 0xcd, 0xba, 0x40, 0xd9, 0xa2, 0x51, 0x5f, 0x26, 0x9a, 0x3d, 0xf3, 0xf3, 0xdd, 0xb5, 0x57, 0xc9, 0x02, 0xf3, 0x1a, 0x66, 0x5b, 0x60, 0x80, 0xfd, 0x72, 0x42, 0xad, 0x0b, 0xa9, 0x1f, 0xeb, 0x5b, 0xee, 0xb5, 0x6f, 0x10, 0x71, 0xfa, 0xf5, 0xaa, 0xd7, 0xc1, 0x93, 0x98, 0x8e, 0x3b, 0xf6, 0xe8, 0xd8, 0x5d, 0x76, 0x34, 0x2d, 0x95, 0xcb, 0x60, 0x47, 0xfe, 0xd7, 0xef, 0x90, 0x8d, 0x1b, 0x18, [0m
[0;34m[1784837760.320] [21766:21766] [DMG] 				] (241 bytes)[0m
[0;34m[1784837760.320] [21766:21766] [DMG] 				0x1 = [[0m
[0;34m[1784837760.320] [21766:21766] [DMG] 						0x15, 0x30, 0x01, 0x01, 0x01, 0x24, 0x02, 0x01, 0x37, 0x03, 0x24, 0x14, 0x01, 0x18, 0x26, 0x04, 0x80, 0x22, 0x81, 0x27, 0x26, 0x05, 0x80, 0x25, 0x4d, 0x3a, 0x37, 0x06, 0x24, 0x13, 0x02, 0x18, 0x24, 0x07, 0x01, 0x24, 0x08, 0x01, 0x30, 0x09, 0x41, 0x04, 0xeb, 0x22, 0x15, 0xb6, 0x56, 0xd2, 0x74, 0xfc, 0x9a, 0x09, 0xcd, 0x0f, 0x25, 0x47, 0x32, 0x67, 0x5a, 0x10, 0x16, 0x6c, 0x64, 0x47, 0x33, 0xf7, 0xcf, 0x61, 0x8e, 0xde, 0x44, 0xee, 0xee, 0xf4, 0xcd, 0x1c, 0xa4, 0x64, 0xcd, 0xe9, 0x90, 0x0e, 0xef, 0x9f, 0x0a, 0x5f, 0x9b, 0x27, 0x31, 0x3f, 0xd7, 0x9a, 0x1c, 0xa1, 0x33, 0xd4, 0x35, 0x3b, 0x89, 0x9b, 0xf7, 0xbd, 0x3e, 0xe1, 0xc3, 0x8a, 0x37, 0x0a, 0x35, 0x01, 0x29, 0x01, 0x18, 0x24, 0x02, 0x60, 0x30, 0x04, 0x14, 0x6b, 0x83, 0xc5, 0x91, 0x03, 0x0a, 0x4b, 0x89, 0xac, 0x61, 0xac, 0xca, 0x3d, 0x22, 0x18, 0x05, 0x2d, 0x8e, 0xa5, 0x25, 0x30, 0x05, 0x14, 0x7d, 0xa0, 0xaa, 0x84, 0xc8, 0x82, 0x30, 0x5d, 0xac, 0xb9, 0x77, 0xb1, 0x8f, 0x70, 0xf9, 0x12, 0x7c, 0x5a, 0xbe, 0x67, 0x18, 0x30, 0x0b, 0x40, 0x1a, 0x83, 0xe1, 0x74, 0x5d, 0x1a, 0x59, 0x86, 0x4a, 0xf3, 0xb1, 0x92, 0x0f, 0x9f, 0xef, 0x6d, 0xf6, 0xb8, 0x79, 0x94, 0x9f, 0x6c, 0x58, 0xb9, 0x03, 0xa8, 0x08, 0x1c, 0x23, 0x58, 0xd9, 0x22, 0xae, 0x0e, 0xc9, 0xda, 0x3b, 0x64, 0x7f, 0x94, 0x46, 0x26, 0x66, 0xfc, 0x6d, 0x3e, 0x40, 0x32, 0xeb, 0x02, 0x26, 0xe1, 0x70, 0xbe, 0x1d, 0xe9, 0x2b, 0xf6, 0x9c, 0xbf, 0x35, 0x14, 0xd7, 0xd2, 0x18, [0m
[0;34m[1784837760.320] [21766:21766] [DMG] 				] (231 bytes)[0m
[0;34m[1784837760.320] [21766:21766] [DMG] 				0x2 = [[0m
[0;34m[1784837760.320] [21766:21766] [DMG] 						0x74, 0x65, 0x6d, 0x70, 0x6f, 0x72, 0x61, 0x72, 0x79, 0x20, 0x69, 0x70, 0x6b, 0x20, 0x30, 0x31, [0m
[0;34m[1784837760.320] [21766:21766] [DMG] 				] (16 bytes)[0m
[0;34m[1784837760.320] [21766:21766] [DMG] 				0x3 = 112233 (unsigned), [0m
[0;34m[1784837760.320] [21766:21766] [DMG] 				0x4 = 65521 (unsigned), [0m
[0;34m[1784837760.320] [21766:21766] [DMG] 			},[0m
[0;34m[1784837760.320] [21766:21766] [DMG] 		},[0m
[0;34m[1784837760.320] [21766:21766] [DMG] 		[0m
[0;34m[1784837760.320] [21766:21766] [DMG] 	],[0m
[0;34m[1784837760.320] [21766:21766] [DMG] 	[0m
[0;34m[1784837760.320] [21766:21766] [DMG] 	InteractionModelRevision = 12[0m
[0;34m[1784837760.320] [21766:21766] [DMG] },[0m
[0;32m[1784837760.320] [21766:21766] [DMG] AccessControl: checking f=0 a=p s=0xFFFFFFFB00000000 t= c=0x0000_003E e=0 p=o r=i[0m
[0;32m[1784837760.320] [21766:21766] [DMG] AccessControl: implicit admin (PASE)[0m
[0;32m[1784837760.320] [21766:21766] [DMG] AccessControl: checking f=0 a=p s=0xFFFFFFFB00000000 t= c=0x0000_003E e=0 p=a r=i[0m
[0;32m[1784837760.320] [21766:21766] [DMG] AccessControl: implicit admin (PASE)[0m
[0;34m[1784837760.320] [21766:21766] [DMG] Received command for Endpoint=0 Cluster=0x0000_003E Command=0x0000_0006[0m
[0;32m[1784837760.320] [21766:21766] [ZCL] OpCreds: Received an AddNOC command[0m
[0;32m[1784837760.320] [21766:21766] [FP] Validating NOC chain[0m
[0;32m[1784837760.321] [21766:21766] [FP] NOC chain validation successful[0m
[0;32m[1784837760.321] [21766:21766] [FP] Added new fabric at index: 0x1[0m
[0;32m[1784837760.321] [21766:21766] [FP] Assigned compressed fabric ID: 0x539B900DD3B6A37F, node ID: 0x0000000000000001[0m
[0;32m[1784837760.321] [21766:21766] [TS] Last Known Good Time: 2023-10-14T01:16:48[0m
[0;32m[1784837760.321] [21766:21766] [TS] New proposed Last Known Good Time: 2021-01-01T00:00:00[0m
[0;32m[1784837760.321] [21766:21766] [TS] Retaining current Last Known Good Time[0m
[0;34m[1784837760.323] [21766:21766] [DL] Wrote settings to /tmp/chip_kvs_test[0m
[0;34m[1784837760.325] [21766:21766] [DL] Wrote settings to /tmp/chip_kvs_test[0m
[0;34m[1784837760.328] [21766:21766] [DL] Wrote settings to /tmp/chip_kvs_test[0m
[0;32m[1784837760.328] [21766:21766] [DMG] AccessControl: validating f=1 p=a a=c s=1 t=0[0m
[0;32m[1784837760.328] [21766:21766] [DMG]   validating subject 0x000000000001B669[0m
[0;34m[1784837760.330] [21766:21766] [DL] Wrote settings to /tmp/chip_kvs_test[0m
[0;34m[1784837760.331] [21766:21766] [EVL] LogEvent event number: 0x0000000000000004 priority: 1, endpoint id:  0x0 cluster id: 0x0000_001F event id: 0x0 Epoch timestamp: 0x0000019F909EE54A[0m
[0;32m[1784837760.331] [21766:21766] [ZCL] OpCreds: ACL entry created for Fabric index 0x1 CASE Admin Subject 0x000000000001B669[0m
[0;34m[1784837760.331] [21766:21766] [DL] Using WiFi MAC for hostname[0m
[0;32m[1784837760.331] [21766:21766] [DIS] Advertise operational node 539B900DD3B6A37F-0000000000000001[0m
[0;34m[1784837760.331] [21766:21766] [DIS] Responding with _matter._tcp.local[0m
[0;34m[1784837760.331] [21766:21766] [DIS] Responding with 539B900DD3B6A37F-0000000000000001._matter._tcp.local[0m
[0;34m[1784837760.331] [21766:21766] [DIS] Responding with 539B900DD3B6A37F-0000000000000001._matter._tcp.local[0m
[0;34m[1784837760.331] [21766:21766] [DIS] Responding with 080027AE1A43.local[0m
[0;34m[1784837760.331] [21766:21766] [DIS] Responding with 080027AE1A43.local[0m
[0;34m[1784837760.331] [21766:21766] [DIS] Responding with _I539B900DD3B6A37F._sub._matter._tcp.local[0m
[0;32m[1784837760.331] [21766:21766] [DIS] CHIP minimal mDNS configured as 'Operational device'; instance name: 539B900DD3B6A37F-0000000000000001.[0m
[0;32m[1784837760.331] [21766:21766] [DIS] mDNS service published: _matter._tcp[0m
[0;34m[1784837760.331] [21766:21766] [DMG] Command handler moving to [NewRespons][0m
[0;34m[1784837760.331] [21766:21766] [DMG] Command handler moving to [ Preparing][0m
[0;34m[1784837760.331] [21766:21766] [DMG] Command handler moving to [AddingComm][0m
[0;34m[1784837760.331] [21766:21766] [DMG] Command handler moving to [AddedComma][0m
[0;32m[1784837760.331] [21766:21766] [ZCL] OpCreds: successfully created fabric index 0x1 via AddNOC[0m
[0;34m[1784837760.331] [21766:21766] [DMG] Decreasing reference count for CommandHandlerImpl, remaining 1[0m
[0;34m[1784837760.331] [21766:21766] [DMG] Decreasing reference count for CommandHandlerImpl, remaining 0[0m
[0;34m[1784837760.331] [21766:21766] [DMG] Command handler moving to [AwaitingDe][0m
[0;32m[1784837760.331] [21766:21766] [EM] <<< [E:58993r S:29902 M:115827739 (Ack:58461415)] (S) Msg TX from 0000000000000000 to 1:FFFFFFFB00000000 [A37F] [UDP:[fe80::bfe:a203:38f0:bce7%enp0s3]:52218] --- Type 0001:09 (IM:InvokeCommandResponse) (B:70)[0m
[0;32m[1784837760.331] [21766:21766] [EM] ??1 [E:58993r S:29902 M:115827739] (S) Msg Retransmission to 1:FFFFFFFB00000000 scheduled for 346ms from now [State:Active II:500 AI:300 AT:4000][0m
[0;34m[1784837760.331] [21766:21766] [DMG] Command response sender moving to [AllInvokeR][0m
[0;32m[1784837760.331] [21766:21766] [EM] >>> [E:58992r S:29902 M:58461416 (Ack:115827738)] (S) Msg RX from 1:FFFFFFFB00000000 [A37F] to 0000000000000000 --- Type 0000:10 (SecureChannel:StandaloneAck) (B:34)[0m
[0;34m[1784837760.331] [21766:21766] [EM] Found matching exchange: 58992r, Delegate: (nil)[0m
[0;34m[1784837760.331] [21766:21766] [EM] Rxd Ack; Removing MessageCounter:115827738 from Retrans Table on exchange 58992r[0m
[0;32m[1784837760.332] [21766:21766] [EM] >>> [E:58993r S:29902 M:58461417 (Ack:115827739)] (S) Msg RX from 1:FFFFFFFB00000000 [A37F] to 0000000000000000 --- Type 0000:10 (SecureChannel:StandaloneAck) (B:34)[0m
[0;34m[1784837760.332] [21766:21766] [EM] Found matching exchange: 58993r, Delegate: (nil)[0m
[0;34m[1784837760.332] [21766:21766] [EM] Rxd Ack; Removing MessageCounter:115827739 from Retrans Table on exchange 58993r[0m
[0;32m[1784837760.537] [21766:21766] [EM] >>> [E:58994r S:0 M:175255958] (U) Msg RX from 0:3AA3E9322DC7A1AD [0000] to 0000000000000000 --- Type 0000:30 (SecureChannel:CASE_Sigma1) (B:196)[0m
[0;34m[1784837760.537] [21766:21766] [EM] Handling via exchange: 58994r, Delegate: 0x5e286f78d5f8[0m
[0;32m[1784837760.537] [21766:21766] [IN] CASE Server received Sigma1 message . Starting handshake. EC 0x5e288f8d8470[0m
[0;32m[1784837760.537] [21766:21766] [SC] Received Sigma1 msg[0m
[0;34m[1784837760.537] [21766:21766] [SC] Found MRP parameters in the message[0m
[0;34m[1784837760.537] [21766:21766] [SC] Peer (Initiator) assigned session ID 29792[0m
[0;32m[1784837760.538] [21766:21766] [SC] CASE matched destination ID: fabricIndex 1, NodeID 0x0000000000000001[0m
[0;32m[1784837760.544] [21766:21766] [EM] <<< [E:58994r S:0 M:174736684 (Ack:175255958)] (U) Msg TX from 0000000000000000 to 0:3AA3E9322DC7A1AD [0000] [UDP:[fe80::bfe:a203:38f0:bce7%enp0s3]:52218] --- Type 0000:31 (SecureChannel:CASE_Sigma2) (B:751)[0m
[0;32m[1784837760.544] [21766:21766] [EM] ??1 [E:58994r S:0 M:174736684] (U) Msg Retransmission to 0:0000000000000000 scheduled for 392ms from now [State:Active II:500 AI:300 AT:4000][0m
[0;32m[1784837760.544] [21766:21766] [SC] Sent Sigma2 msg[0m
[0;32m[1784837760.547] [21766:21766] [EM] >>> [E:58994r S:0 M:175255959 (Ack:174736684)] (U) Msg RX from 0:3AA3E9322DC7A1AD [0000] to 0000000000000000 --- Type 0000:32 (SecureChannel:CASE_Sigma3) (B:598)[0m
[0;34m[1784837760.547] [21766:21766] [EM] Found matching exchange: 58994r, Delegate: 0x5e286f78d630[0m
[0;34m[1784837760.547] [21766:21766] [EM] Rxd Ack; Removing MessageCounter:174736684 from Retrans Table on exchange 58994r[0m
[0;32m[1784837760.547] [21766:21766] [SC] Received Sigma3 msg[0m
[0;34m[1784837760.550] [21766:21766] [DL] Wrote settings to /tmp/chip_kvs_test[0m
[0;34m[1784837760.553] [21766:21766] [DL] Wrote settings to /tmp/chip_kvs_test[0m
[0;34m[1784837760.556] [21766:21766] [DL] Wrote settings to /tmp/chip_kvs_test[0m
[0;34m[1784837760.556] [21766:21766] [SC] Sending status report. Protocol code 0, exchange 58994[0m
[0;32m[1784837760.556] [21766:21766] [EM] <<< [E:58994r S:0 M:174736685 (Ack:175255959)] (U) Msg TX from 0000000000000000 to 0:3AA3E9322DC7A1AD [0000] [UDP:[fe80::bfe:a203:38f0:bce7%enp0s3]:52218] --- Type 0000:40 (SecureChannel:StatusReport) (B:34)[0m
[0;32m[1784837760.556] [21766:21766] [EM] ??1 [E:58994r S:0 M:174736685] (U) Msg Retransmission to 0:0000000000000000 scheduled for 393ms from now [State:Active II:500 AI:300 AT:4000][0m
[0;32m[1784837760.556] [21766:21766] [SC] SecureSession[0x5e288f8c3da0, LSID:29903]: State change 'kEstablishing' --> 'kActive'[0m
[0;34m[1784837760.556] [21766:21766] [IN] SecureSession[0x5e288f8c3da0]: Activated - Type:2 LSID:29903[0m
[0;34m[1784837760.556] [21766:21766] [IN] New secure session activated for device <000000000001B669, 1>, LSID:29903 PSID:29792![0m
[0;32m[1784837760.556] [21766:21766] [IN] CASE Session established to peer: <000000000001B669, 1>[0m
[0;34m[1784837760.556] [21766:21766] [IN] SecureSession[0x5e288f8ded40]: Allocated Type:2 LSID:29904[0m
[0;34m[1784837760.556] [21766:21766] [SC] Allocated SecureSession (0x5e288f8ded40) - waiting for Sigma1 msg[0m
[0;32m[1784837760.558] [21766:21766] [EM] >>> [E:58995r S:29903 M:130820487] (S) Msg RX from 1:000000000001B669 [A37F] to 0000000000000001 --- Type 0001:08 (IM:InvokeCommandRequest) (B:59)[0m
[0;34m[1784837760.558] [21766:21766] [EM] Handling via exchange: 58995r, Delegate: 0x5e286f797ac8[0m
[0;34m[1784837760.558] [21766:21766] [DMG] InvokeRequestMessage =[0m
[0;34m[1784837760.558] [21766:21766] [DMG] {[0m
[0;34m[1784837760.558] [21766:21766] [DMG] 	suppressResponse = false, [0m
[0;34m[1784837760.558] [21766:21766] [DMG] 	timedRequest = false, [0m
[0;34m[1784837760.558] [21766:21766] [DMG] 	InvokeRequests =[0m
[0;34m[1784837760.558] [21766:21766] [DMG] 	[[0m
[0;34m[1784837760.558] [21766:21766] [DMG] 		CommandDataIB =[0m
[0;34m[1784837760.558] [21766:21766] [DMG] 		{[0m
[0;34m[1784837760.558] [21766:21766] [DMG] 			CommandPathIB =[0m
[0;34m[1784837760.558] [21766:21766] [DMG] 			{[0m
[0;34m[1784837760.558] [21766:21766] [DMG] 				EndpointId = 0x0,[0m
[0;34m[1784837760.558] [21766:21766] [DMG] 				ClusterId = 0x30,[0m
[0;34m[1784837760.558] [21766:21766] [DMG] 				CommandId = 0x4,[0m
[0;34m[1784837760.558] [21766:21766] [DMG] 			},[0m
[0;34m[1784837760.558] [21766:21766] [DMG] 			[0m
[0;34m[1784837760.558] [21766:21766] [DMG] 			CommandFields = [0m
[0;34m[1784837760.558] [21766:21766] [DMG] 			{[0m
[0;34m[1784837760.558] [21766:21766] [DMG] 			},[0m
[0;34m[1784837760.558] [21766:21766] [DMG] 		},[0m
[0;34m[1784837760.558] [21766:21766] [DMG] 		[0m
[0;34m[1784837760.558] [21766:21766] [DMG] 	],[0m
[0;34m[1784837760.558] [21766:21766] [DMG] 	[0m
[0;34m[1784837760.558] [21766:21766] [DMG] 	InteractionModelRevision = 12[0m
[0;34m[1784837760.558] [21766:21766] [DMG] },[0m
[0;32m[1784837760.558] [21766:21766] [DMG] AccessControl: checking f=1 a=c s=0x000000000001B669 t= c=0x0000_0030 e=0 p=o r=i[0m
[0;32m[1784837760.558] [21766:21766] [DMG] AccessControl: allowed[0m
[0;32m[1784837760.558] [21766:21766] [DMG] AccessControl: checking f=1 a=c s=0x000000000001B669 t= c=0x0000_0030 e=0 p=a r=i[0m
[0;32m[1784837760.558] [21766:21766] [DMG] AccessControl: allowed[0m
[0;34m[1784837760.558] [21766:21766] [DMG] Received command for Endpoint=0 Cluster=0x0000_0030 Command=0x0000_0004[0m
[0;32m[1784837760.558] [21766:21766] [FS] GeneralCommissioning: Received CommissioningComplete[0m
[0;34m[1784837760.561] [21766:21766] [DL] Wrote settings to /tmp/chip_kvs_test[0m
[0;34m[1784837760.564] [21766:21766] [DL] Wrote settings to /tmp/chip_kvs_test[0m
[0;32m[1784837760.564] [21766:21766] [FP] Metadata for Fabric 0x1 persisted to storage.[0m
[0;34m[1784837760.566] [21766:21766] [DL] Wrote settings to /tmp/chip_kvs_test[0m
[0;34m[1784837760.569] [21766:21766] [DL] Wrote settings to /tmp/chip_kvs_test[0m
[0;34m[1784837760.571] [21766:21766] [DL] Wrote settings to /tmp/chip_kvs_test[0m
[0;34m[1784837760.574] [21766:21766] [DL] Wrote settings to /tmp/chip_kvs_test[0m
[0;32m[1784837760.574] [21766:21766] [TS] Committing Last Known Good Time to storage: 2023-10-14T01:16:48[0m
[0;34m[1784837760.577] [21766:21766] [DL] Wrote settings to /tmp/chip_kvs_test[0m
[0;34m[1784837760.579] [21766:21766] [DL] Wrote settings to /tmp/chip_kvs_test[0m
[0;32m[1784837760.579] [21766:21766] [ZCL] OpCreds: Fabric index 0x1 was committed to storage. Compressed Fabric Id 0x539B900DD3B6A37F, FabricId 0000000000000001, NodeId 0000000000000001, VendorId 0xFFF1[0m
[0;34m[1784837760.582] [21766:21766] [DL] Wrote settings to /tmp/chip_kvs_test[0m
[0;32m[1784837760.582] [21766:21766] [FS] GeneralCommissioning: Successfully committed pending fabric data[0m
[0;32m[1784837760.582] [21766:21766] [FS] Fail-safe cleanly disarmed[0m
[0;34m[1784837760.582] [21766:21766] [DMG] Command handler moving to [NewRespons][0m
[0;34m[1784837760.582] [21766:21766] [DMG] Command handler moving to [ Preparing][0m
[0;34m[1784837760.582] [21766:21766] [DMG] Command handler moving to [AddingComm][0m
[0;34m[1784837760.582] [21766:21766] [DMG] Command handler moving to [AddedComma][0m
[0;34m[1784837760.582] [21766:21766] [DMG] Decreasing reference count for CommandHandlerImpl, remaining 1[0m
[0;34m[1784837760.582] [21766:21766] [DMG] Decreasing reference count for CommandHandlerImpl, remaining 0[0m
[0;34m[1784837760.582] [21766:21766] [DMG] Command handler moving to [AwaitingDe][0m
[0;32m[1784837760.582] [21766:21766] [EM] <<< [E:58995r S:29903 M:19317549 (Ack:130820487)] (S) Msg TX from 0000000000000001 to 1:000000000001B669 [A37F] [UDP:[fe80::bfe:a203:38f0:bce7%enp0s3]:52218] --- Type 0001:09 (IM:InvokeCommandResponse) (B:70)[0m
[0;32m[1784837760.582] [21766:21766] [EM] ??1 [E:58995r S:29903 M:19317549] (S) Msg Retransmission to 1:000000000001B669 scheduled for 393ms from now [State:Active II:500 AI:300 AT:4000][0m
[0;34m[1784837760.582] [21766:21766] [DMG] Command response sender moving to [AllInvokeR][0m
[0;32m[1784837760.582] [21766:21766] [SVR] Commissioning completed successfully[0m
[0;32m[1784837760.582] [21766:21766] [DIS] Updating services using commissioning mode 0[0m
[0;32m[1784837760.582] [21766:21766] [DIS] CHIP minimal mDNS started advertising.[0m
[0;34m[1784837760.583] [21766:21766] [DL] Using WiFi MAC for hostname[0m
[0;32m[1784837760.583] [21766:21766] [DIS] Advertise operational node 539B900DD3B6A37F-0000000000000001[0m
[0;34m[1784837760.583] [21766:21766] [DIS] Responding with _matter._tcp.local[0m
[0;34m[1784837760.583] [21766:21766] [DIS] Responding with 539B900DD3B6A37F-0000000000000001._matter._tcp.local[0m
[0;34m[1784837760.583] [21766:21766] [DIS] Responding with 539B900DD3B6A37F-0000000000000001._matter._tcp.local[0m
[0;34m[1784837760.583] [21766:21766] [DIS] Responding with 080027AE1A43.local[0m
[0;34m[1784837760.583] [21766:21766] [DIS] Responding with 080027AE1A43.local[0m
[0;34m[1784837760.583] [21766:21766] [DIS] Responding with _I539B900DD3B6A37F._sub._matter._tcp.local[0m
[0;32m[1784837760.583] [21766:21766] [DIS] CHIP minimal mDNS configured as 'Operational device'; instance name: 539B900DD3B6A37F-0000000000000001.[0m
[0;32m[1784837760.584] [21766:21766] [DIS] mDNS service published: _matter._tcp[0m
[0;34m[1784837760.584] [21766:21766] [IN] Expiring all PASE sessions[0m
[0;34m[1784837760.584] [21766:21766] [IN] SecureSession[0x5e288f8c3890]: MarkForEviction Type:1 LSID:29902[0m
[0;32m[1784837760.584] [21766:21766] [SC] SecureSession[0x5e288f8c3890, LSID:29902]: State change 'kActive' --> 'kPendingEviction'[0m
[0;34m[1784837760.584] [21766:21766] [IN] SecureSession[0x5e288f8c3890]: Released - Type:1 LSID:29902[0m
[0;32m[1784837760.584] [21766:21766] [PAF] WiFiPAF: Closing all WiFiPAF sessions to shutdown[0m
[0;32m[1784837760.584] [21766:21766] [EM] >>> [E:58994r S:0 M:175255960 (Ack:174736685)] (U) Msg RX from 0:3AA3E9322DC7A1AD [0000] to 0000000000000000 --- Type 0000:10 (SecureChannel:StandaloneAck) (B:26)[0m
[0;34m[1784837760.584] [21766:21766] [EM] Found matching exchange: 58994r, Delegate: (nil)[0m
[0;34m[1784837760.584] [21766:21766] [EM] Rxd Ack; Removing MessageCounter:174736685 from Retrans Table on exchange 58994r[0m
[0;32m[1784837760.585] [21766:21766] [EM] >>> [E:58995r S:29903 M:130820488 (Ack:19317549)] (S) Msg RX from 1:000000000001B669 [A37F] to 0000000000000001 --- Type 0000:10 (SecureChannel:StandaloneAck) (B:34)[0m
[0;34m[1784837760.585] [21766:21766] [EM] Found matching exchange: 58995r, Delegate: (nil)[0m
[0;34m[1784837760.585] [21766:21766] [EM] Rxd Ack; Removing MessageCounter:19317549 from Retrans Table on exchange 58995r[0m
[0;32m[1784837760.860] [21766:21766] [EM] >>> [E:46333r S:0 M:92718231] (U) Msg RX from 0:C2089B06059C364E [0000] to 0000000000000000 --- Type 0000:30 (SecureChannel:CASE_Sigma1) (B:196)[0m
[0;34m[1784837760.860] [21766:21766] [EM] Handling via exchange: 46333r, Delegate: 0x5e286f78d5f8[0m
[0;32m[1784837760.860] [21766:21766] [IN] CASE Server received Sigma1 message . Starting handshake. EC 0x5e288f8d8470[0m
[0;32m[1784837760.860] [21766:21766] [SC] Received Sigma1 msg[0m
[0;34m[1784837760.860] [21766:21766] [SC] Found MRP parameters in the message[0m
[0;34m[1784837760.860] [21766:21766] [SC] Peer (Initiator) assigned session ID 60790[0m
[0;32m[1784837760.861] [21766:21766] [SC] CASE matched destination ID: fabricIndex 1, NodeID 0x0000000000000001[0m
[0;32m[1784837760.862] [21766:21766] [EM] <<< [E:46333r S:0 M:174736686 (Ack:92718231)] (U) Msg TX from 0000000000000000 to 0:C2089B06059C364E [0000] [UDP:[fe80::bfe:a203:38f0:bce7%enp0s3]:55223] --- Type 0000:31 (SecureChannel:CASE_Sigma2) (B:751)[0m
[0;32m[1784837760.862] [21766:21766] [EM] ??1 [E:46333r S:0 M:174736686] (U) Msg Retransmission to 0:0000000000000000 scheduled for 374ms from now [State:Active II:500 AI:300 AT:4000][0m
[0;32m[1784837760.862] [21766:21766] [SC] Sent Sigma2 msg[0m
[0;32m[1784837760.863] [21766:21766] [EM] >>> [E:46333r S:0 M:92718232 (Ack:174736686)] (U) Msg RX from 0:C2089B06059C364E [0000] to 0000000000000000 --- Type 0000:32 (SecureChannel:CASE_Sigma3) (B:598)[0m
[0;34m[1784837760.863] [21766:21766] [EM] Found matching exchange: 46333r, Delegate: 0x5e286f78d630[0m
[0;34m[1784837760.863] [21766:21766] [EM] Rxd Ack; Removing MessageCounter:174736686 from Retrans Table on exchange 46333r[0m
[0;32m[1784837760.863] [21766:21766] [SC] Received Sigma3 msg[0m
[0;34m[1784837760.867] [21766:21766] [DL] Wrote settings to /tmp/chip_kvs_test[0m
[0;34m[1784837760.870] [21766:21766] [DL] Wrote settings to /tmp/chip_kvs_test[0m
[0;34m[1784837760.873] [21766:21766] [DL] Wrote settings to /tmp/chip_kvs_test[0m
[0;34m[1784837760.873] [21766:21766] [SC] Sending status report. Protocol code 0, exchange 46333[0m
[0;32m[1784837760.873] [21766:21766] [EM] <<< [E:46333r S:0 M:174736687 (Ack:92718232)] (U) Msg TX from 0000000000000000 to 0:C2089B06059C364E [0000] [UDP:[fe80::bfe:a203:38f0:bce7%enp0s3]:55223] --- Type 0000:40 (SecureChannel:StatusReport) (B:34)[0m
[0;32m[1784837760.873] [21766:21766] [EM] ??1 [E:46333r S:0 M:174736687] (U) Msg Retransmission to 0:0000000000000000 scheduled for 330ms from now [State:Active II:500 AI:300 AT:4000][0m
[0;32m[1784837760.873] [21766:21766] [SC] SecureSession[0x5e288f8ded40, LSID:29904]: State change 'kEstablishing' --> 'kActive'[0m
[0;34m[1784837760.873] [21766:21766] [IN] SecureSession[0x5e288f8ded40]: Activated - Type:2 LSID:29904[0m
[0;34m[1784837760.873] [21766:21766] [IN] New secure session activated for device <000000000001B669, 1>, LSID:29904 PSID:60790![0m
[0;32m[1784837760.873] [21766:21766] [IN] CASE Session established to peer: <000000000001B669, 1>[0m
[0;34m[1784837760.873] [21766:21766] [IN] SecureSession[0x5e288f8c3890]: Allocated Type:2 LSID:29905[0m
[0;34m[1784837760.873] [21766:21766] [SC] Allocated SecureSession (0x5e288f8c3890) - waiting for Sigma1 msg[0m
[0;32m[1784837760.874] [21766:21766] [EM] >>> [E:46334r S:29904 M:106873408] (S) Msg RX from 1:000000000001B669 [A37F] to 0000000000000001 --- Type 0001:02 (IM:ReadRequest) (B:51)[0m
[0;34m[1784837760.874] [21766:21766] [EM] Handling via exchange: 46334r, Delegate: 0x5e286f797ac8[0m
[0;34m[1784837760.874] [21766:21766] [IM] Received Read request[0m
[0;34m[1784837760.874] [21766:21766] [DMG] ReadRequestMessage =[0m
[0;34m[1784837760.874] [21766:21766] [DMG] {[0m
[0;34m[1784837760.874] [21766:21766] [DMG] 	AttributePathIBs =[0m
[0;34m[1784837760.874] [21766:21766] [DMG] 	[[0m
[0;34m[1784837760.874] [21766:21766] [DMG] 		AttributePathIB =[0m
[0;34m[1784837760.874] [21766:21766] [DMG] 		{[0m
[0;34m[1784837760.874] [21766:21766] [DMG] 			Endpoint = 0x0,[0m
[0;34m[1784837760.874] [21766:21766] [DMG] 			Cluster = 0x38,[0m
[0;34m[1784837760.874] [21766:21766] [DMG] 			Attribute = 0x0000_0000,[0m
[0;34m[1784837760.874] [21766:21766] [DMG] 		}[0m
[0;34m[1784837760.874] [21766:21766] [DMG] 			[0m
[0;34m[1784837760.874] [21766:21766] [DMG] 	],[0m
[0;34m[1784837760.874] [21766:21766] [DMG] 		[0m
[0;34m[1784837760.874] [21766:21766] [DMG] 	isFabricFiltered = true, [0m
[0;34m[1784837760.874] [21766:21766] [DMG] 	InteractionModelRevision = 12[0m
[0;34m[1784837760.874] [21766:21766] [DMG] },[0m
[0;34m[1784837760.874] [21766:21766] [DMG] IM RH moving to [CanStartReporting][0m
[0;34m[1784837760.874] [21766:21766] [DMG] Building Reports for ReadHandler with LastReportGeneration = 0x0000000000000000 DirtyGeneration = 0x0000000000000000[0m
[0;34m[1784837760.874] [21766:21766] [DMG] <RE:Run> Cluster 38, Attribute 0 is dirty[0m
[0;32m[1784837760.874] [21766:21766] [DMG] AccessControl: checking f=1 a=c s=0x000000000001B669 t= c=0x0000_0038 e=0 p=v r=r[0m
[0;32m[1784837760.874] [21766:21766] [DMG] AccessControl: allowed[0m
[0;32m[1784837760.874] [21766:21766] [DMG] AccessControl: checking f=1 a=c s=0x000000000001B669 t= c=0x0000_0038 e=0 p=v r=r[0m
[0;32m[1784837760.875] [21766:21766] [DMG] AccessControl: allowed[0m
[0;34m[1784837760.875] [21766:21766] [DMG] Reading attribute: Cluster=0x0000_0038 Endpoint=0x0 AttributeId=0x0000_0000 (expanded=0)[0m
[0;34m[1784837760.875] [21766:21766] [DMG] <RE> Sending report (payload has 43 bytes)...[0m
[0;32m[1784837760.875] [21766:21766] [EM] <<< [E:46334r S:29904 M:266776276 (Ack:106873408)] (S) Msg TX from 0000000000000001 to 1:000000000001B669 [A37F] [UDP:[fe80::bfe:a203:38f0:bce7%enp0s3]:55223] --- Type 0001:05 (IM:ReportData) (B:77)[0m
[0;32m[1784837760.875] [21766:21766] [EM] ??1 [E:46334r S:29904 M:266776276] (S) Msg Retransmission to 1:000000000001B669 scheduled for 337ms from now [State:Active II:500 AI:300 AT:4000][0m
[0;34m[1784837760.875] [21766:21766] [DMG] <RE> OnReportConfirm: NumReports = 0[0m
[0;34m[1784837760.875] [21766:21766] [DMG] <RE> ReportsInFlight = 0 with readHandler 0, RE has no more messages[0m
[0;34m[1784837760.875] [21766:21766] [DMG] IM RH moving to [AwaitingDestruction][0m
[0;34m[1784837760.875] [21766:21766] [DMG] All ReadHandler-s are clean, clear GlobalDirtySet[0m
[0;32m[1784837760.875] [21766:21766] [EM] >>> [E:46333r S:0 M:92718233 (Ack:174736687)] (U) Msg RX from 0:C2089B06059C364E [0000] to 0000000000000000 --- Type 0000:10 (SecureChannel:StandaloneAck) (B:26)[0m
[0;34m[1784837760.875] [21766:21766] [EM] Found matching exchange: 46333r, Delegate: (nil)[0m
[0;34m[1784837760.875] [21766:21766] [EM] Rxd Ack; Removing MessageCounter:174736687 from Retrans Table on exchange 46333r[0m
[0;32m[1784837760.875] [21766:21766] [EM] >>> [E:46334r S:29904 M:106873409 (Ack:266776276)] (S) Msg RX from 1:000000000001B669 [A37F] to 0000000000000001 --- Type 0000:10 (SecureChannel:StandaloneAck) (B:34)[0m
[0;34m[1784837760.875] [21766:21766] [EM] Found matching exchange: 46334r, Delegate: (nil)[0m
[0;34m[1784837760.875] [21766:21766] [EM] Rxd Ack; Removing MessageCounter:266776276 from Retrans Table on exchange 46334r[0m
