[0;34m[1784835017.290] [17986:17986] [DL] ChipLinuxStorage::Init: Using KVS config file: /tmp/chip_tool_kvs[0m
[1;31m[1784835017.290] [17986:17986] [DL] ChipLinuxStorage::Init: Attempt to re-initialize with KVS config file: /tmp/chip_kvs, IGNORING.[0m
[0;34m[1784835017.291] [17986:17986] [DL] ChipLinuxStorage::Init: Using KVS config file: /tmp/chip_factory.ini[0m
[0;34m[1784835017.291] [17986:17986] [DL] ChipLinuxStorage::Init: Using KVS config file: /tmp/chip_config.ini[0m
[0;34m[1784835017.291] [17986:17986] [DL] ChipLinuxStorage::Init: Using KVS config file: /tmp/chip_counters.ini[0m
[0;34m[1784835017.294] [17986:17986] [DL] Wrote settings to /tmp/chip_counters.ini[0m
[0;32m[1784835017.294] [17986:17986] [DL] NVS set: chip-counters/reboot-count = 2 (0x2)[0m
[0;32m[1784835017.294] [17986:17986] [DL] Got Ethernet interface: enp0s3[0m
[0;32m[1784835017.294] [17986:17986] [DL] Found the primary Ethernet interface:enp0s3[0m
[1;31m[1784835017.294] [17986:17986] [DL] Failed to get WiFi interface[0m
[1;31m[1784835017.294] [17986:17986] [DL] Failed to reset WiFi statistic counts[0m
[0;32m[1784835017.294] [17986:17986] [PAF] WiFiPAF: WiFiPAFLayer::Init()[0m
[0;34m[1784835017.294] [17986:17986] [IN] UDP::Init bind&listen port=0[0m
[0;34m[1784835017.294] [17986:17986] [IN] UDP::Init bound to port=41221[0m
[0;34m[1784835017.294] [17986:17986] [IN] UDP::Init bind&listen port=0[0m
[0;34m[1784835017.294] [17986:17986] [IN] UDP::Init bound to port=33557[0m
[0;34m[1784835017.294] [17986:17986] [IN] BLEBase::Init - setting/overriding transport[0m
[0;34m[1784835017.294] [17986:17986] [IN] WiFiPAFBase::Init - setting/overriding transport[0m
[0;34m[1784835017.294] [17986:17986] [IN] TransportMgr initialized[0m
[0;34m[1784835017.294] [17986:17986] [FP] Initializing FabricTable from persistent storage[0m
[0;32m[1784835017.294] [17986:17986] [TS] Last Known Good Time: [unknown][0m
[0;32m[1784835017.294] [17986:17986] [TS] Setting Last Known Good Time to firmware build time 2023-10-14T01:16:48[0m
[0;32m[1784835017.295] [17986:17986] [DMG] Ember attribute persistence requires setting up[0m
[0;32m[1784835017.295] [17986:17986] [ZCL] Using ZAP configuration...[0m
[0;34m[1784835017.296] [17986:17986] [CTL] System State Initialized...[0m
[0;32m[1784835017.296] [17986:17986] [CTL] Setting attestation nonce to random value[0m
[0;32m[1784835017.296] [17986:17986] [CTL] Setting CSR nonce to random value[0m
[0;34m[1784835017.297] [17986:17988] [DL] CHIP task running[0m
[0;32m[1784835017.297] [17986:17988] [CTL] Setting attestation nonce to random value[0m
[0;32m[1784835017.297] [17986:17988] [CTL] Setting CSR nonce to random value[0m
[0;32m[1784835017.297] [17986:17988] [CTL] Couldn't get ExampleOpCredsCAKey from storage: src/controller/ExamplePersistentStorage.cpp:112: CHIP Error 0x000000A0: Value not found in the persisted storage[0m
[0;32m[1784835017.297] [17986:17988] [CTL] Couldn't get ExampleOpCredsICAKey from storage: src/controller/ExamplePersistentStorage.cpp:112: CHIP Error 0x000000A0: Value not found in the persisted storage[0m
[0;32m[1784835017.298] [17986:17988] [CTL] Generating RCAC[0m
[0;32m[1784835017.298] [17986:17988] [CTL] Generating ICAC[0m
[0;32m[1784835017.299] [17986:17988] [CTL] Generating NOC[0m
[0;32m[1784835017.299] [17986:17988] [FP] Validating NOC chain[0m
[0;32m[1784835017.299] [17986:17988] [FP] NOC chain validation successful[0m
[0;32m[1784835017.299] [17986:17988] [FP] Added new fabric at index: 0x1[0m
[0;32m[1784835017.299] [17986:17988] [FP] Assigned compressed fabric ID: 0x5B7C5CB04079BE19, node ID: 0x000000000001B669[0m
[0;32m[1784835017.299] [17986:17988] [TS] Last Known Good Time: 2023-10-14T01:16:48[0m
[0;32m[1784835017.299] [17986:17988] [TS] New proposed Last Known Good Time: 2021-01-01T00:00:00[0m
[0;32m[1784835017.299] [17986:17988] [TS] Retaining current Last Known Good Time[0m
[0;32m[1784835017.300] [17986:17988] [FP] Metadata for Fabric 0x1 persisted to storage.[0m
[0;32m[1784835017.301] [17986:17988] [TS] Committing Last Known Good Time to storage: 2023-10-14T01:16:48[0m
[0;32m[1784835017.303] [17986:17988] [CTL] Joined the fabric at index 1. Fabric ID is 0x0000000000000001 (Compressed Fabric ID: 5B7C5CB04079BE19)[0m
[0;32m[1784835017.316] [17986:17988] [TOO] Discovered Device: fe80::bfe:a203:38f0:bce7:5540[0m
[0;34m[1784835017.317] [17986:17988] [IN] SecureSession[0x7930ec032f30]: Allocated Type:1 LSID:31768[0m
[0;34m[1784835017.317] [17986:17988] [SC] Assigned local session key ID 31768[0m
[0;32m[1784835017.317] [17986:17988] [EM] <<< [E:53907i S:0 M:168305976] (U) Msg TX from E1808FB6C92198A1 to 0:0000000000000000 [0000] [UDP:[fe80::bfe:a203:38f0:bce7%enp0s3]:5540] --- Type 0000:20 (SecureChannel:PBKDFParamRequest) (B:98)[0m
[0;32m[1784835017.317] [17986:17988] [EM] ??1 [E:53907i S:0 M:168305976] (U) Msg Retransmission to 0:0000000000000000 scheduled for 367ms from now [State:Active II:500 AI:300 AT:4000][0m
[0;32m[1784835017.317] [17986:17988] [SC] Sent PBKDF param request [II:500ms AI:300ms AT:4000ms)[0m
[0;32m[1784835017.317] [17986:17988] [CTL] Setting attestation nonce to random value[0m
[0;32m[1784835017.317] [17986:17988] [CTL] Setting CSR nonce to random value[0m
[0;32m[1784835017.317] [17986:17988] [CTL] Commission called for node ID 0x0000000000000001[0m
[0;32m[1784835017.317] [17986:17988] [EM] >>> [E:53907i S:0 M:180521284 (Ack:168305976)] (U) Msg RX from 0:0000000000000000 [0000] to E1808FB6C92198A1 --- Type 0000:21 (SecureChannel:PBKDFParamResponse) (B:174)[0m
[0;34m[1784835017.317] [17986:17988] [EM] Found matching exchange: 53907i, Delegate: 0x7930ec033e80[0m
[0;34m[1784835017.317] [17986:17988] [EM] Rxd Ack; Removing MessageCounter:168305976 from Retrans Table on exchange 53907i[0m
[0;34m[1784835017.317] [17986:17988] [SC] Received PBKDF param response[0m
[0;34m[1784835017.317] [17986:17988] [SC] Peer assigned session ID 65372[0m
[0;34m[1784835017.317] [17986:17988] [SC] Found MRP parameters in the message[0m
[0;32m[1784835017.318] [17986:17988] [EM] <<< [E:53907i S:0 M:168305977 (Ack:180521284)] (U) Msg TX from E1808FB6C92198A1 to 0:0000000000000000 [0000] [UDP:[fe80::bfe:a203:38f0:bce7%enp0s3]:5540] --- Type 0000:22 (SecureChannel:PASE_Pake1) (B:96)[0m
[0;32m[1784835017.318] [17986:17988] [EM] ??1 [E:53907i S:0 M:168305977] (U) Msg Retransmission to 0:0000000000000000 scheduled for 338ms from now [State:Active II:500 AI:300 AT:4000][0m
[0;34m[1784835017.318] [17986:17988] [SC] Sent spake2p msg1[0m
[0;32m[1784835017.319] [17986:17988] [EM] >>> [E:53907i S:0 M:180521285 (Ack:168305977)] (U) Msg RX from 0:0000000000000000 [0000] to E1808FB6C92198A1 --- Type 0000:23 (SecureChannel:PASE_Pake2) (B:131)[0m
[0;34m[1784835017.319] [17986:17988] [EM] Found matching exchange: 53907i, Delegate: 0x7930ec033e80[0m
[0;34m[1784835017.319] [17986:17988] [EM] Rxd Ack; Removing MessageCounter:168305977 from Retrans Table on exchange 53907i[0m
[0;34m[1784835017.319] [17986:17988] [SC] Received spake2p msg2[0m
[0;32m[1784835017.319] [17986:17988] [EM] <<< [E:53907i S:0 M:168305978 (Ack:180521285)] (U) Msg TX from E1808FB6C92198A1 to 0:0000000000000000 [0000] [UDP:[fe80::bfe:a203:38f0:bce7%enp0s3]:5540] --- Type 0000:24 (SecureChannel:PASE_Pake3) (B:63)[0m
[0;32m[1784835017.319] [17986:17988] [EM] ??1 [E:53907i S:0 M:168305978] (U) Msg Retransmission to 0:0000000000000000 scheduled for 395ms from now [State:Active II:500 AI:300 AT:4000][0m
[0;34m[1784835017.319] [17986:17988] [SC] Sent spake2p msg3[0m
[0;32m[1784835017.319] [17986:17988] [EM] >>> [E:53907i S:0 M:180521286 (Ack:168305978)] (U) Msg RX from 0:0000000000000000 [0000] to E1808FB6C92198A1 --- Type 0000:40 (SecureChannel:StatusReport) (B:34)[0m
[0;34m[1784835017.319] [17986:17988] [EM] Found matching exchange: 53907i, Delegate: 0x7930ec033e80[0m
[0;34m[1784835017.319] [17986:17988] [EM] Rxd Ack; Removing MessageCounter:168305978 from Retrans Table on exchange 53907i[0m
[0;32m[1784835017.320] [17986:17988] [SC] SecureSession[0x7930ec032f30, LSID:31768]: State change 'kEstablishing' --> 'kActive'[0m
[0;34m[1784835017.320] [17986:17988] [IN] SecureSession[0x7930ec032f30]: Activated - Type:1 LSID:31768[0m
[0;34m[1784835017.320] [17986:17988] [IN] New secure session activated for device <FFFFFFFB00000000, 0>, LSID:31768 PSID:65372![0m
[0;34m[1784835017.320] [17986:17988] [CTL] Remote device completed SPAKE2+ handshake[0m
[0;32m[1784835017.320] [17986:17988] [TOO] Pairing Success[0m
[0;32m[1784835017.320] [17986:17988] [TOO] PASE establishment successful[0m
[0;32m[1784835017.320] [17986:17988] [CTL] Commissioning stage next step: 'SecurePairing' -> 'ReadCommissioningInfo'[0m
[0;32m[1784835017.320] [17986:17988] [CTL] Performing next commissioning step 'ReadCommissioningInfo'[0m
[0;34m[1784835017.320] [17986:17988] [TOO] Starting commissioning stage 'ReadCommissioningInfo'[0m
[0;32m[1784835017.320] [17986:17988] [CTL] Sending read requests for commissioning information[0m
[0;34m[1784835017.320] [17986:17988] [DMG] SendReadRequest ReadClient[0x7930ec035210]: Sending Read Request[0m
[0;32m[1784835017.320] [17986:17988] [DMG] 0 data version filters provided, 0 not relevant, 0 encoded, 0 skipped due to lack of space[0m
[0;32m[1784835017.320] [17986:17988] [EM] <<< [E:53908i S:31768 M:94448999] (S) Msg TX from 0000000000000000 to 0:FFFFFFFB00000000 [0000] [UDP:[fe80::bfe:a203:38f0:bce7%enp0s3]:5540] --- Type 0001:02 (IM:ReadRequest) (B:136)[0m
[0;32m[1784835017.320] [17986:17988] [EM] ??1 [E:53908i S:31768 M:94448999] (S) Msg Retransmission to 0:FFFFFFFB00000000 scheduled for 366ms from now [State:Active II:500 AI:300 AT:4000][0m
[0;34m[1784835017.320] [17986:17988] [DMG] MoveToState ReadClient[0x7930ec035210]: Moving to [AwaitingIn][0m
[0;32m[1784835017.320] [17986:17988] [EM] <<< [E:53907i S:0 M:168305979 (Ack:180521286)] (U) Msg TX from E1808FB6C92198A1 to 0:0000000000000000 [0000] [UDP:[fe80::bfe:a203:38f0:bce7%enp0s3]:5540] --- Type 0000:10 (SecureChannel:StandaloneAck) (B:26)[0m
[0;34m[1784835017.320] [17986:17988] [EM] Flushed pending ack for MessageCounter:180521286 on exchange 53907i[0m
[0;32m[1784835017.322] [17986:17988] [EM] >>> [E:53908i S:31768 M:236805942 (Ack:94448999)] (S) Msg RX from 0:FFFFFFFB00000000 [0000] to 0000000000000000 --- Type 0001:05 (IM:ReportData) (B:766)[0m
[0;34m[1784835017.322] [17986:17988] [EM] Found matching exchange: 53908i, Delegate: 0x7930ec035220[0m
[0;34m[1784835017.322] [17986:17988] [EM] Rxd Ack; Removing MessageCounter:94448999 from Retrans Table on exchange 53908i[0m
[0;34m[1784835017.322] [17986:17988] [DMG] ReportDataMessage =[0m
[0;34m[1784835017.322] [17986:17988] [DMG] {[0m
[0;34m[1784835017.322] [17986:17988] [DMG] 	AttributeReportIBs =[0m
[0;34m[1784835017.322] [17986:17988] [DMG] 	[[0m
[0;34m[1784835017.322] [17986:17988] [DMG] 		AttributeReportIB =[0m
[0;34m[1784835017.322] [17986:17988] [DMG] 		{[0m
[0;34m[1784835017.322] [17986:17988] [DMG] 			AttributeDataIB =[0m
[0;34m[1784835017.322] [17986:17988] [DMG] 			{[0m
[0;34m[1784835017.322] [17986:17988] [DMG] 				DataVersion = 0xfab4db2a,[0m
[0;34m[1784835017.322] [17986:17988] [DMG] 				AttributePathIB =[0m
[0;34m[1784835017.322] [17986:17988] [DMG] 				{[0m
[0;34m[1784835017.322] [17986:17988] [DMG] 					Endpoint = 0x0,[0m
[0;34m[1784835017.322] [17986:17988] [DMG] 					Cluster = 0x38,[0m
[0;34m[1784835017.322] [17986:17988] [DMG] 					Attribute = 0x0000_0000,[0m
[0;34m[1784835017.322] [17986:17988] [DMG] 				}[0m
[0;34m[1784835017.322] [17986:17988] [DMG] 					[0m
[0;34m[1784835017.322] [17986:17988] [DMG] 				Data = 838150217321702 (unsigned), [0m
[0;34m[1784835017.322] [17986:17988] [DMG] 			},[0m
[0;34m[1784835017.322] [17986:17988] [DMG] 			[0m
[0;34m[1784835017.322] [17986:17988] [DMG] 		},[0m
[0;34m[1784835017.322] [17986:17988] [DMG] 		[0m
[0;34m[1784835017.322] [17986:17988] [DMG] 		AttributeReportIB =[0m
[0;34m[1784835017.322] [17986:17988] [DMG] 		{[0m
[0;34m[1784835017.322] [17986:17988] [DMG] 			AttributeDataIB =[0m
[0;34m[1784835017.322] [17986:17988] [DMG] 			{[0m
[0;34m[1784835017.322] [17986:17988] [DMG] 				DataVersion = 0xfab4db2a,[0m
[0;34m[1784835017.322] [17986:17988] [DMG] 				AttributePathIB =[0m
[0;34m[1784835017.322] [17986:17988] [DMG] 				{[0m
[0;34m[1784835017.322] [17986:17988] [DMG] 					Endpoint = 0x0,[0m
[0;34m[1784835017.322] [17986:17988] [DMG] 					Cluster = 0x38,[0m
[0;34m[1784835017.322] [17986:17988] [DMG] 					Attribute = 0x0000_0001,[0m
[0;34m[1784835017.322] [17986:17988] [DMG] 				}[0m
[0;34m[1784835017.322] [17986:17988] [DMG] 					[0m
[0;34m[1784835017.322] [17986:17988] [DMG] 				Data = 3 (unsigned), [0m
[0;34m[1784835017.322] [17986:17988] [DMG] 			},[0m
[0;34m[1784835017.322] [17986:17988] [DMG] 			[0m
[0;34m[1784835017.322] [17986:17988] [DMG] 		},[0m
[0;34m[1784835017.322] [17986:17988] [DMG] 		[0m
[0;34m[1784835017.322] [17986:17988] [DMG] 		AttributeReportIB =[0m
[0;34m[1784835017.322] [17986:17988] [DMG] 		{[0m
[0;34m[1784835017.322] [17986:17988] [DMG] 			AttributeDataIB =[0m
[0;34m[1784835017.322] [17986:17988] [DMG] 			{[0m
[0;34m[1784835017.322] [17986:17988] [DMG] 				DataVersion = 0xfab4db2a,[0m
[0;34m[1784835017.322] [17986:17988] [DMG] 				AttributePathIB =[0m
[0;34m[1784835017.322] [17986:17988] [DMG] 				{[0m
[0;34m[1784835017.322] [17986:17988] [DMG] 					Endpoint = 0x0,[0m
[0;34m[1784835017.322] [17986:17988] [DMG] 					Cluster = 0x38,[0m
[0;34m[1784835017.322] [17986:17988] [DMG] 					Attribute = 0x0000_0002,[0m
[0;34m[1784835017.322] [17986:17988] [DMG] 				}[0m
[0;34m[1784835017.322] [17986:17988] [DMG] 					[0m
[0;34m[1784835017.322] [17986:17988] [DMG] 				Data = 8 (unsigned), [0m
[0;34m[1784835017.322] [17986:17988] [DMG] 			},[0m
[0;34m[1784835017.322] [17986:17988] [DMG] 			[0m
[0;34m[1784835017.322] [17986:17988] [DMG] 		},[0m
[0;34m[1784835017.322] [17986:17988] [DMG] 		[0m
[0;34m[1784835017.322] [17986:17988] [DMG] 		AttributeReportIB =[0m
[0;34m[1784835017.322] [17986:17988] [DMG] 		{[0m
[0;34m[1784835017.322] [17986:17988] [DMG] 			AttributeDataIB =[0m
[0;34m[1784835017.322] [17986:17988] [DMG] 			{[0m
[0;34m[1784835017.322] [17986:17988] [DMG] 				DataVersion = 0xfab4db2a,[0m
[0;34m[1784835017.322] [17986:17988] [DMG] 				AttributePathIB =[0m
[0;34m[1784835017.322] [17986:17988] [DMG] 				{[0m
[0;34m[1784835017.322] [17986:17988] [DMG] 					Endpoint = 0x0,[0m
[0;34m[1784835017.322] [17986:17988] [DMG] 					Cluster = 0x38,[0m
[0;34m[1784835017.322] [17986:17988] [DMG] 					Attribute = 0x0000_0003,[0m
[0;34m[1784835017.322] [17986:17988] [DMG] 				}[0m
[0;34m[1784835017.322] [17986:17988] [DMG] 					[0m
[0;34m[1784835017.322] [17986:17988] [DMG] 				Data = NULL[0m
[0;34m[1784835017.322] [17986:17988] [DMG] 			},[0m
[0;34m[1784835017.322] [17986:17988] [DMG] 			[0m
[0;34m[1784835017.322] [17986:17988] [DMG] 		},[0m
[0;34m[1784835017.322] [17986:17988] [DMG] 		[0m
[0;34m[1784835017.322] [17986:17988] [DMG] 		AttributeReportIB =[0m
[0;34m[1784835017.322] [17986:17988] [DMG] 		{[0m
[0;34m[1784835017.322] [17986:17988] [DMG] 			AttributeDataIB =[0m
[0;34m[1784835017.322] [17986:17988] [DMG] 			{[0m
[0;34m[1784835017.322] [17986:17988] [DMG] 				DataVersion = 0xfab4db2a,[0m
[0;34m[1784835017.322] [17986:17988] [DMG] 				AttributePathIB =[0m
[0;34m[1784835017.322] [17986:17988] [DMG] 				{[0m
[0;34m[1784835017.322] [17986:17988] [DMG] 					Endpoint = 0x0,[0m
[0;34m[1784835017.322] [17986:17988] [DMG] 					Cluster = 0x38,[0m
[0;34m[1784835017.322] [17986:17988] [DMG] 					Attribute = 0x0000_0004,[0m
[0;34m[1784835017.322] [17986:17988] [DMG] 				}[0m
[0;34m[1784835017.322] [17986:17988] [DMG] 					[0m
[0;34m[1784835017.322] [17986:17988] [DMG] 				Data = NULL[0m
[0;34m[1784835017.322] [17986:17988] [DMG] 			},[0m
[0;34m[1784835017.322] [17986:17988] [DMG] 			[0m
[0;34m[1784835017.322] [17986:17988] [DMG] 		},[0m
[0;34m[1784835017.322] [17986:17988] [DMG] 		[0m
[0;34m[1784835017.322] [17986:17988] [DMG] 		AttributeReportIB =[0m
[0;34m[1784835017.322] [17986:17988] [DMG] 		{[0m
[0;34m[1784835017.322] [17986:17988] [DMG] 			AttributeDataIB =[0m
[0;34m[1784835017.322] [17986:17988] [DMG] 			{[0m
[0;34m[1784835017.322] [17986:17988] [DMG] 				DataVersion = 0xfab4db2a,[0m
[0;34m[1784835017.322] [17986:17988] [DMG] 				AttributePathIB =[0m
[0;34m[1784835017.322] [17986:17988] [DMG] 				{[0m
[0;34m[1784835017.322] [17986:17988] [DMG] 					Endpoint = 0x0,[0m
[0;34m[1784835017.322] [17986:17988] [DMG] 					Cluster = 0x38,[0m
[0;34m[1784835017.322] [17986:17988] [DMG] 					Attribute = 0x0000_0005,[0m
[0;34m[1784835017.322] [17986:17988] [DMG] 				}[0m
[0;34m[1784835017.322] [17986:17988] [DMG] 					[0m
[0;34m[1784835017.322] [17986:17988] [DMG] 				Data = [[0m
[0;34m[1784835017.322] [17986:17988] [DMG] 						[0m
[0;34m[1784835017.322] [17986:17988] [DMG] 					{[0m
[0;34m[1784835017.322] [17986:17988] [DMG] 						0x0 = 0 (signed), [0m
[0;34m[1784835017.322] [17986:17988] [DMG] 						0x1 = 0 (unsigned), [0m
[0;34m[1784835017.322] [17986:17988] [DMG] 					},[0m
[0;34m[1784835017.322] [17986:17988] [DMG] 				],[0m
[0;34m[1784835017.322] [17986:17988] [DMG] 			},[0m
[0;34m[1784835017.322] [17986:17988] [DMG] 			[0m
[0;34m[1784835017.322] [17986:17988] [DMG] 		},[0m
[0;34m[1784835017.322] [17986:17988] [DMG] 		[0m
[0;34m[1784835017.322] [17986:17988] [DMG] 		AttributeReportIB =[0m
[0;34m[1784835017.322] [17986:17988] [DMG] 		{[0m
[0;34m[1784835017.322] [17986:17988] [DMG] 			AttributeDataIB =[0m
[0;34m[1784835017.322] [17986:17988] [DMG] 			{[0m
[0;34m[1784835017.322] [17986:17988] [DMG] 				DataVersion = 0xfab4db2a,[0m
[0;34m[1784835017.322] [17986:17988] [DMG] 				AttributePathIB =[0m
[0;34m[1784835017.322] [17986:17988] [DMG] 				{[0m
[0;34m[1784835017.322] [17986:17988] [DMG] 					Endpoint = 0x0,[0m
[0;34m[1784835017.322] [17986:17988] [DMG] 					Cluster = 0x38,[0m
[0;34m[1784835017.322] [17986:17988] [DMG] 					Attribute = 0x0000_0006,[0m
[0;34m[1784835017.322] [17986:17988] [DMG] 				}[0m
[0;34m[1784835017.322] [17986:17988] [DMG] 					[0m
[0;34m[1784835017.322] [17986:17988] [DMG] 				Data = [[0m
[0;34m[1784835017.322] [17986:17988] [DMG] 						[0m
[0;34m[1784835017.322] [17986:17988] [DMG] 				],[0m
[0;34m[1784835017.322] [17986:17988] [DMG] 			},[0m
[0;34m[1784835017.322] [17986:17988] [DMG] 			[0m
[0;34m[1784835017.322] [17986:17988] [DMG] 		},[0m
[0;34m[1784835017.322] [17986:17988] [DMG] 		[0m
[0;34m[1784835017.322] [17986:17988] [DMG] 		AttributeReportIB =[0m
[0;34m[1784835017.322] [17986:17988] [DMG] 		{[0m
[0;34m[1784835017.322] [17986:17988] [DMG] 			AttributeDataIB =[0m
[0;34m[1784835017.322] [17986:17988] [DMG] 			{[0m
[0;34m[1784835017.322] [17986:17988] [DMG] 				DataVersion = 0xfab4db2a,[0m
[0;34m[1784835017.322] [17986:17988] [DMG] 				AttributePathIB =[0m
[0;34m[1784835017.322] [17986:17988] [DMG] 				{[0m
[0;34m[1784835017.322] [17986:17988] [DMG] 					Endpoint = 0x0,[0m
[0;34m[1784835017.322] [17986:17988] [DMG] 					Cluster = 0x38,[0m
[0;34m[1784835017.322] [17986:17988] [DMG] 					Attribute = 0x0000_0007,[0m
[0;34m[1784835017.322] [17986:17988] [DMG] 				}[0m
[0;34m[1784835017.322] [17986:17988] [DMG] 					[0m
[0;34m[1784835017.322] [17986:17988] [DMG] 				Data = NULL[0m
[0;34m[1784835017.322] [17986:17988] [DMG] 			},[0m
[0;34m[1784835017.322] [17986:17988] [DMG] 			[0m
[0;34m[1784835017.322] [17986:17988] [DMG] 		},[0m
[0;34m[1784835017.322] [17986:17988] [DMG] 		[0m
[0;34m[1784835017.322] [17986:17988] [DMG] 		AttributeReportIB =[0m
[0;34m[1784835017.322] [17986:17988] [DMG] 		{[0m
[0;34m[1784835017.322] [17986:17988] [DMG] 			AttributeDataIB =[0m
[0;34m[1784835017.322] [17986:17988] [DMG] 			{[0m
[0;34m[1784835017.322] [17986:17988] [DMG] 				DataVersion = 0xfab4db2a,[0m
[0;34m[1784835017.322] [17986:17988] [DMG] 				AttributePathIB =[0m
[0;34m[1784835017.322] [17986:17988] [DMG] 				{[0m
[0;34m[1784835017.322] [17986:17988] [DMG] 					Endpoint = 0x0,[0m
[0;34m[1784835017.322] [17986:17988] [DMG] 					Cluster = 0x38,[0m
[0;34m[1784835017.322] [17986:17988] [DMG] 					Attribute = 0x0000_0008,[0m
[0;34m[1784835017.322] [17986:17988] [DMG] 				}[0m
[0;34m[1784835017.322] [17986:17988] [DMG] 					[0m
[0;34m[1784835017.322] [17986:17988] [DMG] 				Data = 0 (unsigned), [0m
[0;34m[1784835017.322] [17986:17988] [DMG] 			},[0m
[0;34m[1784835017.322] [17986:17988] [DMG] 			[0m
[0;34m[1784835017.322] [17986:17988] [DMG] 		},[0m
[0;34m[1784835017.322] [17986:17988] [DMG] 		[0m
[0;34m[1784835017.322] [17986:17988] [DMG] 		AttributeReportIB =[0m
[0;34m[1784835017.322] [17986:17988] [DMG] 		{[0m
[0;34m[1784835017.322] [17986:17988] [DMG] 			AttributeDataIB =[0m
[0;34m[1784835017.322] [17986:17988] [DMG] 			{[0m
[0;34m[1784835017.322] [17986:17988] [DMG] 				DataVersion = 0xfab4db2a,[0m
[0;34m[1784835017.322] [17986:17988] [DMG] 				AttributePathIB =[0m
[0;34m[1784835017.322] [17986:17988] [DMG] 				{[0m
[0;34m[1784835017.322] [17986:17988] [DMG] 					Endpoint = 0x0,[0m
[0;34m[1784835017.322] [17986:17988] [DMG] 					Cluster = 0x38,[0m
[0;34m[1784835017.322] [17986:17988] [DMG] 					Attribute = 0x0000_000A,[0m
[0;34m[1784835017.322] [17986:17988] [DMG] 				}[0m
[0;34m[1784835017.322] [17986:17988] [DMG] 					[0m
[0;34m[1784835017.322] [17986:17988] [DMG] 				Data = 2 (unsigned), [0m
[0;34m[1784835017.322] [17986:17988] [DMG] 			},[0m
[0;34m[1784835017.322] [17986:17988] [DMG] 			[0m
[0;34m[1784835017.322] [17986:17988] [DMG] 		},[0m
[0;34m[1784835017.322] [17986:17988] [DMG] 		[0m
[0;34m[1784835017.322] [17986:17988] [DMG] 		AttributeReportIB =[0m
[0;34m[1784835017.322] [17986:17988] [DMG] 		{[0m
[0;34m[1784835017.322] [17986:17988] [DMG] 			AttributeDataIB =[0m
[0;34m[1784835017.322] [17986:17988] [DMG] 			{[0m
[0;34m[1784835017.322] [17986:17988] [DMG] 				DataVersion = 0xfab4db2a,[0m
[0;34m[1784835017.322] [17986:17988] [DMG] 				AttributePathIB =[0m
[0;34m[1784835017.322] [17986:17988] [DMG] 				{[0m
[0;34m[1784835017.322] [17986:17988] [DMG] 					Endpoint = 0x0,[0m
[0;34m[1784835017.322] [17986:17988] [DMG] 					Cluster = 0x38,[0m
[0;34m[1784835017.322] [17986:17988] [DMG] 					Attribute = 0x0000_000B,[0m
[0;34m[1784835017.322] [17986:17988] [DMG] 				}[0m
[0;34m[1784835017.322] [17986:17988] [DMG] 					[0m
[0;34m[1784835017.322] [17986:17988] [DMG] 				Data = 2 (unsigned), [0m
[0;34m[1784835017.322] [17986:17988] [DMG] 			},[0m
[0;34m[1784835017.322] [17986:17988] [DMG] 			[0m
[0;34m[1784835017.322] [17986:17988] [DMG] 		},[0m
[0;34m[1784835017.322] [17986:17988] [DMG] 		[0m
[0;34m[1784835017.322] [17986:17988] [DMG] 		AttributeReportIB =[0m
[0;34m[1784835017.322] [17986:17988] [DMG] 		{[0m
[0;34m[1784835017.322] [17986:17988] [DMG] 			AttributeDataIB =[0m
[0;34m[1784835017.322] [17986:17988] [DMG] 			{[0m
[0;34m[1784835017.322] [17986:17988] [DMG] 				DataVersion = 0xfab4db2a,[0m
[0;34m[1784835017.322] [17986:17988] [DMG] 				AttributePathIB =[0m
[0;34m[1784835017.322] [17986:17988] [DMG] 				{[0m
[0;34m[1784835017.322] [17986:17988] [DMG] 					Endpoint = 0x0,[0m
[0;34m[1784835017.322] [17986:17988] [DMG] 					Cluster = 0x38,[0m
[0;34m[1784835017.322] [17986:17988] [DMG] 					Attribute = 0x0000_000C,[0m
[0;34m[1784835017.322] [17986:17988] [DMG] 				}[0m
[0;34m[1784835017.322] [17986:17988] [DMG] 					[0m
[0;34m[1784835017.322] [17986:17988] [DMG] 				Data = true, [0m
[0;34m[1784835017.322] [17986:17988] [DMG] 			},[0m
[0;34m[1784835017.322] [17986:17988] [DMG] 			[0m
[0;34m[1784835017.322] [17986:17988] [DMG] 		},[0m
[0;34m[1784835017.322] [17986:17988] [DMG] 		[0m
[0;34m[1784835017.322] [17986:17988] [DMG] 		AttributeReportIB =[0m
[0;34m[1784835017.323] [17986:17988] [DMG] 		{[0m
[0;34m[1784835017.323] [17986:17988] [DMG] 			AttributeDataIB =[0m
[0;34m[1784835017.323] [17986:17988] [DMG] 			{[0m
[0;34m[1784835017.323] [17986:17988] [DMG] 				DataVersion = 0xfab4db2a,[0m
[0;34m[1784835017.323] [17986:17988] [DMG] 				AttributePathIB =[0m
[0;34m[1784835017.323] [17986:17988] [DMG] 				{[0m
[0;34m[1784835017.323] [17986:17988] [DMG] 					Endpoint = 0x0,[0m
[0;34m[1784835017.323] [17986:17988] [DMG] 					Cluster = 0x38,[0m
[0;34m[1784835017.323] [17986:17988] [DMG] 					Attribute = 0x0000_FFFC,[0m
[0;34m[1784835017.323] [17986:17988] [DMG] 				}[0m
[0;34m[1784835017.323] [17986:17988] [DMG] 					[0m
[0;34m[1784835017.323] [17986:17988] [DMG] 				Data = 11 (unsigned), [0m
[0;34m[1784835017.323] [17986:17988] [DMG] 			},[0m
[0;34m[1784835017.323] [17986:17988] [DMG] 			[0m
[0;34m[1784835017.323] [17986:17988] [DMG] 		},[0m
[0;34m[1784835017.323] [17986:17988] [DMG] 		[0m
[0;34m[1784835017.323] [17986:17988] [DMG] 		AttributeReportIB =[0m
[0;34m[1784835017.323] [17986:17988] [DMG] 		{[0m
[0;34m[1784835017.323] [17986:17988] [DMG] 			AttributeDataIB =[0m
[0;34m[1784835017.323] [17986:17988] [DMG] 			{[0m
[0;34m[1784835017.323] [17986:17988] [DMG] 				DataVersion = 0xfab4db2a,[0m
[0;34m[1784835017.323] [17986:17988] [DMG] 				AttributePathIB =[0m
[0;34m[1784835017.323] [17986:17988] [DMG] 				{[0m
[0;34m[1784835017.323] [17986:17988] [DMG] 					Endpoint = 0x0,[0m
[0;34m[1784835017.323] [17986:17988] [DMG] 					Cluster = 0x38,[0m
[0;34m[1784835017.323] [17986:17988] [DMG] 					Attribute = 0x0000_FFFD,[0m
[0;34m[1784835017.323] [17986:17988] [DMG] 				}[0m
[0;34m[1784835017.323] [17986:17988] [DMG] 					[0m
[0;34m[1784835017.323] [17986:17988] [DMG] 				Data = 2 (unsigned), [0m
[0;34m[1784835017.323] [17986:17988] [DMG] 			},[0m
[0;34m[1784835017.323] [17986:17988] [DMG] 			[0m
[0;34m[1784835017.323] [17986:17988] [DMG] 		},[0m
[0;34m[1784835017.323] [17986:17988] [DMG] 		[0m
[0;34m[1784835017.323] [17986:17988] [DMG] 		AttributeReportIB =[0m
[0;34m[1784835017.323] [17986:17988] [DMG] 		{[0m
[0;34m[1784835017.323] [17986:17988] [DMG] 			AttributeDataIB =[0m
[0;34m[1784835017.323] [17986:17988] [DMG] 			{[0m
[0;34m[1784835017.323] [17986:17988] [DMG] 				DataVersion = 0xfab4db2a,[0m
[0;34m[1784835017.323] [17986:17988] [DMG] 				AttributePathIB =[0m
[0;34m[1784835017.323] [17986:17988] [DMG] 				{[0m
[0;34m[1784835017.323] [17986:17988] [DMG] 					Endpoint = 0x0,[0m
[0;34m[1784835017.323] [17986:17988] [DMG] 					Cluster = 0x38,[0m
[0;34m[1784835017.323] [17986:17988] [DMG] 					Attribute = 0x0000_FFF8,[0m
[0;34m[1784835017.323] [17986:17988] [DMG] 				}[0m
[0;34m[1784835017.323] [17986:17988] [DMG] 					[0m
[0;34m[1784835017.323] [17986:17988] [DMG] 				Data = [[0m
[0;34m[1784835017.323] [17986:17988] [DMG] 						3 (unsigned), [0m
[0;34m[1784835017.323] [17986:17988] [DMG] 				],[0m
[0;34m[1784835017.323] [17986:17988] [DMG] 			},[0m
[0;34m[1784835017.323] [17986:17988] [DMG] 			[0m
[0;34m[1784835017.323] [17986:17988] [DMG] 		},[0m
[0;34m[1784835017.323] [17986:17988] [DMG] 		[0m
[0;34m[1784835017.323] [17986:17988] [DMG] 		AttributeReportIB =[0m
[0;34m[1784835017.323] [17986:17988] [DMG] 		{[0m
[0;34m[1784835017.323] [17986:17988] [DMG] 			AttributeDataIB =[0m
[0;34m[1784835017.323] [17986:17988] [DMG] 			{[0m
[0;34m[1784835017.323] [17986:17988] [DMG] 				DataVersion = 0xfab4db2a,[0m
[0;34m[1784835017.323] [17986:17988] [DMG] 				AttributePathIB =[0m
[0;34m[1784835017.323] [17986:17988] [DMG] 				{[0m
[0;34m[1784835017.323] [17986:17988] [DMG] 					Endpoint = 0x0,[0m
[0;34m[1784835017.323] [17986:17988] [DMG] 					Cluster = 0x38,[0m
[0;34m[1784835017.323] [17986:17988] [DMG] 					Attribute = 0x0000_FFF9,[0m
[0;34m[1784835017.323] [17986:17988] [DMG] 				}[0m
[0;34m[1784835017.323] [17986:17988] [DMG] 					[0m
[0;34m[1784835017.323] [17986:17988] [DMG] 				Data = [[0m
[0;34m[1784835017.323] [17986:17988] [DMG] 						0 (unsigned), 1 (unsigned), 2 (unsigned), 4 (unsigned), 5 (unsigned), [0m
[0;34m[1784835017.323] [17986:17988] [DMG] 				],[0m
[0;34m[1784835017.323] [17986:17988] [DMG] 			},[0m
[0;34m[1784835017.323] [17986:17988] [DMG] 			[0m
[0;34m[1784835017.323] [17986:17988] [DMG] 		},[0m
[0;34m[1784835017.323] [17986:17988] [DMG] 		[0m
[0;34m[1784835017.323] [17986:17988] [DMG] 		AttributeReportIB =[0m
[0;34m[1784835017.323] [17986:17988] [DMG] 		{[0m
[0;34m[1784835017.323] [17986:17988] [DMG] 			AttributeDataIB =[0m
[0;34m[1784835017.323] [17986:17988] [DMG] 			{[0m
[0;34m[1784835017.323] [17986:17988] [DMG] 				DataVersion = 0xfab4db2a,[0m
[0;34m[1784835017.323] [17986:17988] [DMG] 				AttributePathIB =[0m
[0;34m[1784835017.323] [17986:17988] [DMG] 				{[0m
[0;34m[1784835017.323] [17986:17988] [DMG] 					Endpoint = 0x0,[0m
[0;34m[1784835017.323] [17986:17988] [DMG] 					Cluster = 0x38,[0m
[0;34m[1784835017.323] [17986:17988] [DMG] 					Attribute = 0x0000_FFFB,[0m
[0;34m[1784835017.323] [17986:17988] [DMG] 				}[0m
[0;34m[1784835017.323] [17986:17988] [DMG] 					[0m
[0;34m[1784835017.323] [17986:17988] [DMG] 				Data = [[0m
[0;34m[1784835017.323] [17986:17988] [DMG] 						0 (unsigned), 1 (unsigned), 2 (unsigned), 3 (unsigned), 4 (unsigned), 5 (unsigned), 6 (unsigned), 7 (unsigned), 8 (unsigned), 10 (unsigned), 11 (unsigned), 12 (unsigned), 65532 (unsigned), 65533 (unsigned), 65528 (unsigned), 65529 (unsigned), 65531 (unsigned), [0m
[0;34m[1784835017.323] [17986:17988] [DMG] 				],[0m
[0;34m[1784835017.323] [17986:17988] [DMG] 			},[0m
[0;34m[1784835017.323] [17986:17988] [DMG] 			[0m
[0;34m[1784835017.323] [17986:17988] [DMG] 		},[0m
[0;34m[1784835017.323] [17986:17988] [DMG] 		[0m
[0;34m[1784835017.323] [17986:17988] [DMG] 		AttributeReportIB =[0m
[0;34m[1784835017.323] [17986:17988] [DMG] 		{[0m
[0;34m[1784835017.323] [17986:17988] [DMG] 			AttributeDataIB =[0m
[0;34m[1784835017.323] [17986:17988] [DMG] 			{[0m
[0;34m[1784835017.323] [17986:17988] [DMG] 				DataVersion = 0x8337a63,[0m
[0;34m[1784835017.323] [17986:17988] [DMG] 				AttributePathIB =[0m
[0;34m[1784835017.323] [17986:17988] [DMG] 				{[0m
[0;34m[1784835017.323] [17986:17988] [DMG] 					Endpoint = 0x0,[0m
[0;34m[1784835017.323] [17986:17988] [DMG] 					Cluster = 0x28,[0m
[0;34m[1784835017.323] [17986:17988] [DMG] 					Attribute = 0x0000_0004,[0m
[0;34m[1784835017.323] [17986:17988] [DMG] 				}[0m
[0;34m[1784835017.323] [17986:17988] [DMG] 					[0m
[0;34m[1784835017.323] [17986:17988] [DMG] 				Data = 32769 (unsigned), [0m
[0;34m[1784835017.323] [17986:17988] [DMG] 			},[0m
[0;34m[1784835017.323] [17986:17988] [DMG] 			[0m
[0;34m[1784835017.323] [17986:17988] [DMG] 		},[0m
[0;34m[1784835017.323] [17986:17988] [DMG] 		[0m
[0;34m[1784835017.323] [17986:17988] [DMG] 		AttributeReportIB =[0m
[0;34m[1784835017.323] [17986:17988] [DMG] 		{[0m
[0;34m[1784835017.323] [17986:17988] [DMG] 			AttributeDataIB =[0m
[0;34m[1784835017.323] [17986:17988] [DMG] 			{[0m
[0;34m[1784835017.323] [17986:17988] [DMG] 				DataVersion = 0x8337a63,[0m
[0;34m[1784835017.323] [17986:17988] [DMG] 				AttributePathIB =[0m
[0;34m[1784835017.323] [17986:17988] [DMG] 				{[0m
[0;34m[1784835017.323] [17986:17988] [DMG] 					Endpoint = 0x0,[0m
[0;34m[1784835017.323] [17986:17988] [DMG] 					Cluster = 0x28,[0m
[0;34m[1784835017.323] [17986:17988] [DMG] 					Attribute = 0x0000_0002,[0m
[0;34m[1784835017.323] [17986:17988] [DMG] 				}[0m
[0;34m[1784835017.323] [17986:17988] [DMG] 					[0m
[0;34m[1784835017.323] [17986:17988] [DMG] 				Data = 65521 (unsigned), [0m
[0;34m[1784835017.323] [17986:17988] [DMG] 			},[0m
[0;34m[1784835017.323] [17986:17988] [DMG] 			[0m
[0;34m[1784835017.323] [17986:17988] [DMG] 		},[0m
[0;34m[1784835017.323] [17986:17988] [DMG] 		[0m
[0;34m[1784835017.323] [17986:17988] [DMG] 		AttributeReportIB =[0m
[0;34m[1784835017.323] [17986:17988] [DMG] 		{[0m
[0;34m[1784835017.323] [17986:17988] [DMG] 			AttributeStatusIB =[0m
[0;34m[1784835017.323] [17986:17988] [DMG] 			{[0m
[0;34m[1784835017.323] [17986:17988] [DMG] 				AttributePathIB =[0m
[0;34m[1784835017.323] [17986:17988] [DMG] 				{[0m
[0;34m[1784835017.323] [17986:17988] [DMG] 					Endpoint = 0x0,[0m
[0;34m[1784835017.323] [17986:17988] [DMG] 					Cluster = 0x30,[0m
[0;34m[1784835017.323] [17986:17988] [DMG] 					Attribute = 0x0000_000C,[0m
[0;34m[1784835017.323] [17986:17988] [DMG] 				}[0m
[0;34m[1784835017.323] [17986:17988] [DMG] 					[0m
[0;34m[1784835017.323] [17986:17988] [DMG] 				StatusIB =[0m
[0;34m[1784835017.323] [17986:17988] [DMG] 				{[0m
[0;34m[1784835017.323] [17986:17988] [DMG] 					status = 0x86 (UNSUPPORTED_ATTRIBUTE),[0m
[0;34m[1784835017.323] [17986:17988] [DMG] 				},[0m
[0;34m[1784835017.323] [17986:17988] [DMG] 				[0m
[0;34m[1784835017.323] [17986:17988] [DMG] 			},[0m
[0;34m[1784835017.323] [17986:17988] [DMG] 			[0m
[0;34m[1784835017.323] [17986:17988] [DMG] 		},[0m
[0;34m[1784835017.323] [17986:17988] [DMG] 		[0m
[0;34m[1784835017.323] [17986:17988] [DMG] 		AttributeReportIB =[0m
[0;34m[1784835017.323] [17986:17988] [DMG] 		{[0m
[0;34m[1784835017.323] [17986:17988] [DMG] 			AttributeDataIB =[0m
[0;34m[1784835017.323] [17986:17988] [DMG] 			{[0m
[0;34m[1784835017.323] [17986:17988] [DMG] 				DataVersion = 0xfd4a268b,[0m
[0;34m[1784835017.323] [17986:17988] [DMG] 				AttributePathIB =[0m
[0;34m[1784835017.323] [17986:17988] [DMG] 				{[0m
[0;34m[1784835017.323] [17986:17988] [DMG] 					Endpoint = 0x0,[0m
[0;34m[1784835017.323] [17986:17988] [DMG] 					Cluster = 0x30,[0m
[0;34m[1784835017.323] [17986:17988] [DMG] 					Attribute = 0x0000_0003,[0m
[0;34m[1784835017.323] [17986:17988] [DMG] 				}[0m
[0;34m[1784835017.323] [17986:17988] [DMG] 					[0m
[0;34m[1784835017.323] [17986:17988] [DMG] 				Data = 2 (unsigned), [0m
[0;34m[1784835017.323] [17986:17988] [DMG] 			},[0m
[0;34m[1784835017.323] [17986:17988] [DMG] 			[0m
[0;34m[1784835017.323] [17986:17988] [DMG] 		},[0m
[0;34m[1784835017.323] [17986:17988] [DMG] 		[0m
[0;34m[1784835017.323] [17986:17988] [DMG] 		AttributeReportIB =[0m
[0;34m[1784835017.323] [17986:17988] [DMG] 		{[0m
[0;34m[1784835017.323] [17986:17988] [DMG] 			AttributeDataIB =[0m
[0;34m[1784835017.323] [17986:17988] [DMG] 			{[0m
[0;34m[1784835017.323] [17986:17988] [DMG] 				DataVersion = 0xfd4a268b,[0m
[0;34m[1784835017.323] [17986:17988] [DMG] 				AttributePathIB =[0m
[0;34m[1784835017.323] [17986:17988] [DMG] 				{[0m
[0;34m[1784835017.323] [17986:17988] [DMG] 					Endpoint = 0x0,[0m
[0;34m[1784835017.323] [17986:17988] [DMG] 					Cluster = 0x30,[0m
[0;34m[1784835017.323] [17986:17988] [DMG] 					Attribute = 0x0000_0002,[0m
[0;34m[1784835017.323] [17986:17988] [DMG] 				}[0m
[0;34m[1784835017.323] [17986:17988] [DMG] 					[0m
[0;34m[1784835017.323] [17986:17988] [DMG] 				Data = 0 (unsigned), [0m
[0;34m[1784835017.323] [17986:17988] [DMG] 			},[0m
[0;34m[1784835017.323] [17986:17988] [DMG] 			[0m
[0;34m[1784835017.323] [17986:17988] [DMG] 		},[0m
[0;34m[1784835017.323] [17986:17988] [DMG] 		[0m
[0;34m[1784835017.323] [17986:17988] [DMG] 		AttributeReportIB =[0m
[0;34m[1784835017.323] [17986:17988] [DMG] 		{[0m
[0;34m[1784835017.323] [17986:17988] [DMG] 			AttributeDataIB =[0m
[0;34m[1784835017.323] [17986:17988] [DMG] 			{[0m
[0;34m[1784835017.323] [17986:17988] [DMG] 				DataVersion = 0xfd4a268b,[0m
[0;34m[1784835017.323] [17986:17988] [DMG] 				AttributePathIB =[0m
[0;34m[1784835017.323] [17986:17988] [DMG] 				{[0m
[0;34m[1784835017.323] [17986:17988] [DMG] 					Endpoint = 0x0,[0m
[0;34m[1784835017.323] [17986:17988] [DMG] 					Cluster = 0x30,[0m
[0;34m[1784835017.323] [17986:17988] [DMG] 					Attribute = 0x0000_0001,[0m
[0;34m[1784835017.323] [17986:17988] [DMG] 				}[0m
[0;34m[1784835017.323] [17986:17988] [DMG] 					[0m
[0;34m[1784835017.323] [17986:17988] [DMG] 				Data = [0m
[0;34m[1784835017.323] [17986:17988] [DMG] 				{[0m
[0;34m[1784835017.323] [17986:17988] [DMG] 					0x0 = 60 (unsigned), [0m
[0;34m[1784835017.323] [17986:17988] [DMG] 					0x1 = 900 (unsigned), [0m
[0;34m[1784835017.323] [17986:17988] [DMG] 				},[0m
[0;34m[1784835017.323] [17986:17988] [DMG] 			},[0m
[0;34m[1784835017.323] [17986:17988] [DMG] 			[0m
[0;34m[1784835017.323] [17986:17988] [DMG] 		},[0m
[0;34m[1784835017.323] [17986:17988] [DMG] 		[0m
[0;34m[1784835017.323] [17986:17988] [DMG] 		AttributeReportIB =[0m
[0;34m[1784835017.323] [17986:17988] [DMG] 		{[0m
[0;34m[1784835017.323] [17986:17988] [DMG] 			AttributeDataIB =[0m
[0;34m[1784835017.323] [17986:17988] [DMG] 			{[0m
[0;34m[1784835017.323] [17986:17988] [DMG] 				DataVersion = 0xfd4a268b,[0m
[0;34m[1784835017.323] [17986:17988] [DMG] 				AttributePathIB =[0m
[0;34m[1784835017.323] [17986:17988] [DMG] 				{[0m
[0;34m[1784835017.323] [17986:17988] [DMG] 					Endpoint = 0x0,[0m
[0;34m[1784835017.323] [17986:17988] [DMG] 					Cluster = 0x30,[0m
[0;34m[1784835017.323] [17986:17988] [DMG] 					Attribute = 0x0000_0000,[0m
[0;34m[1784835017.323] [17986:17988] [DMG] 				}[0m
[0;34m[1784835017.323] [17986:17988] [DMG] 					[0m
[0;34m[1784835017.323] [17986:17988] [DMG] 				Data = 0 (unsigned), [0m
[0;34m[1784835017.323] [17986:17988] [DMG] 			},[0m
[0;34m[1784835017.323] [17986:17988] [DMG] 			[0m
[0;34m[1784835017.323] [17986:17988] [DMG] 		},[0m
[0;34m[1784835017.323] [17986:17988] [DMG] 		[0m
[0;34m[1784835017.323] [17986:17988] [DMG] 		AttributeReportIB =[0m
[0;34m[1784835017.323] [17986:17988] [DMG] 		{[0m
[0;34m[1784835017.323] [17986:17988] [DMG] 			AttributeDataIB =[0m
[0;34m[1784835017.323] [17986:17988] [DMG] 			{[0m
[0;34m[1784835017.323] [17986:17988] [DMG] 				DataVersion = 0xfd4a268b,[0m
[0;34m[1784835017.323] [17986:17988] [DMG] 				AttributePathIB =[0m
[0;34m[1784835017.323] [17986:17988] [DMG] 				{[0m
[0;34m[1784835017.323] [17986:17988] [DMG] 					Endpoint = 0x0,[0m
[0;34m[1784835017.323] [17986:17988] [DMG] 					Cluster = 0x30,[0m
[0;34m[1784835017.323] [17986:17988] [DMG] 					Attribute = 0x0000_0004,[0m
[0;34m[1784835017.323] [17986:17988] [DMG] 				}[0m
[0;34m[1784835017.323] [17986:17988] [DMG] 					[0m
[0;34m[1784835017.323] [17986:17988] [DMG] 				Data = true, [0m
[0;34m[1784835017.323] [17986:17988] [DMG] 			},[0m
[0;34m[1784835017.323] [17986:17988] [DMG] 			[0m
[0;34m[1784835017.323] [17986:17988] [DMG] 		},[0m
[0;34m[1784835017.323] [17986:17988] [DMG] 		[0m
[0;34m[1784835017.323] [17986:17988] [DMG] 	],[0m
[0;34m[1784835017.323] [17986:17988] [DMG] 	[0m
[0;34m[1784835017.323] [17986:17988] [DMG] 	SuppressResponse = true, [0m
[0;34m[1784835017.323] [17986:17988] [DMG] 	InteractionModelRevision = 12[0m
[0;34m[1784835017.323] [17986:17988] [DMG] }[0m
[0;34m[1784835017.323] [17986:17988] [DMG] SendReadRequest ReadClient[0x7930ec035210]: Sending Read Request[0m
[0;32m[1784835017.323] [17986:17988] [DMG] 0 data version filters provided, 0 not relevant, 0 encoded, 0 skipped due to lack of space[0m
[0;32m[1784835017.323] [17986:17988] [EM] <<< [E:53909i S:31768 M:94449000] (S) Msg TX from 0000000000000000 to 0:FFFFFFFB00000000 [0000] [UDP:[fe80::bfe:a203:38f0:bce7%enp0s3]:5540] --- Type 0001:02 (IM:ReadRequest) (B:112)[0m
[0;32m[1784835017.323] [17986:17988] [EM] ??1 [E:53909i S:31768 M:94449000] (S) Msg Retransmission to 0:FFFFFFFB00000000 scheduled for 390ms from now [State:Active II:500 AI:300 AT:4000][0m
[0;34m[1784835017.323] [17986:17988] [DMG] MoveToState ReadClient[0x7930ec035210]: Moving to [AwaitingIn][0m
[0;32m[1784835017.323] [17986:17988] [EM] <<< [E:53908i S:31768 M:94449001 (Ack:236805942)] (S) Msg TX from 0000000000000000 to 0:FFFFFFFB00000000 [0000] [UDP:[fe80::bfe:a203:38f0:bce7%enp0s3]:5540] --- Type 0000:10 (SecureChannel:StandaloneAck) (B:34)[0m
[0;34m[1784835017.323] [17986:17988] [EM] Flushed pending ack for MessageCounter:236805942 on exchange 53908i[0m
[0;32m[1784835017.324] [17986:17988] [EM] >>> [E:53909i S:31768 M:236805943 (Ack:94449000)] (S) Msg RX from 0:FFFFFFFB00000000 [0000] to 0000000000000000 --- Type 0001:05 (IM:ReportData) (B:186)[0m
[0;34m[1784835017.324] [17986:17988] [EM] Found matching exchange: 53909i, Delegate: 0x7930ec035220[0m
[0;34m[1784835017.324] [17986:17988] [EM] Rxd Ack; Removing MessageCounter:94449000 from Retrans Table on exchange 53909i[0m
[0;34m[1784835017.324] [17986:17988] [DMG] ReportDataMessage =[0m
[0;34m[1784835017.324] [17986:17988] [DMG] {[0m
[0;34m[1784835017.324] [17986:17988] [DMG] 	AttributeReportIBs =[0m
[0;34m[1784835017.324] [17986:17988] [DMG] 	[[0m
[0;34m[1784835017.324] [17986:17988] [DMG] 		AttributeReportIB =[0m
[0;34m[1784835017.324] [17986:17988] [DMG] 		{[0m
[0;34m[1784835017.324] [17986:17988] [DMG] 			AttributeStatusIB =[0m
[0;34m[1784835017.324] [17986:17988] [DMG] 			{[0m
[0;34m[1784835017.324] [17986:17988] [DMG] 				AttributePathIB =[0m
[0;34m[1784835017.324] [17986:17988] [DMG] 				{[0m
[0;34m[1784835017.324] [17986:17988] [DMG] 					Endpoint = 0x0,[0m
[0;34m[1784835017.324] [17986:17988] [DMG] 					Cluster = 0x46,[0m
[0;34m[1784835017.324] [17986:17988] [DMG] 					Attribute = 0x0000_0002,[0m
[0;34m[1784835017.324] [17986:17988] [DMG] 				}[0m
[0;34m[1784835017.324] [17986:17988] [DMG] 					[0m
[0;34m[1784835017.324] [17986:17988] [DMG] 				StatusIB =[0m
[0;34m[1784835017.324] [17986:17988] [DMG] 				{[0m
[0;34m[1784835017.324] [17986:17988] [DMG] 					status = 0xc3 (UNSUPPORTED_CLUSTER),[0m
[0;34m[1784835017.324] [17986:17988] [DMG] 				},[0m
[0;34m[1784835017.324] [17986:17988] [DMG] 				[0m
[0;34m[1784835017.324] [17986:17988] [DMG] 			},[0m
[0;34m[1784835017.324] [17986:17988] [DMG] 			[0m
[0;34m[1784835017.324] [17986:17988] [DMG] 		},[0m
[0;34m[1784835017.324] [17986:17988] [DMG] 		[0m
[0;34m[1784835017.324] [17986:17988] [DMG] 		AttributeReportIB =[0m
[0;34m[1784835017.324] [17986:17988] [DMG] 		{[0m
[0;34m[1784835017.324] [17986:17988] [DMG] 			AttributeStatusIB =[0m
[0;34m[1784835017.324] [17986:17988] [DMG] 			{[0m
[0;34m[1784835017.324] [17986:17988] [DMG] 				AttributePathIB =[0m
[0;34m[1784835017.324] [17986:17988] [DMG] 				{[0m
[0;34m[1784835017.324] [17986:17988] [DMG] 					Endpoint = 0x0,[0m
[0;34m[1784835017.324] [17986:17988] [DMG] 					Cluster = 0x46,[0m
[0;34m[1784835017.324] [17986:17988] [DMG] 					Attribute = 0x0000_0001,[0m
[0;34m[1784835017.324] [17986:17988] [DMG] 				}[0m
[0;34m[1784835017.324] [17986:17988] [DMG] 					[0m
[0;34m[1784835017.324] [17986:17988] [DMG] 				StatusIB =[0m
[0;34m[1784835017.324] [17986:17988] [DMG] 				{[0m
[0;34m[1784835017.324] [17986:17988] [DMG] 					status = 0xc3 (UNSUPPORTED_CLUSTER),[0m
[0;34m[1784835017.324] [17986:17988] [DMG] 				},[0m
[0;34m[1784835017.324] [17986:17988] [DMG] 				[0m
[0;34m[1784835017.324] [17986:17988] [DMG] 			},[0m
[0;34m[1784835017.324] [17986:17988] [DMG] 			[0m
[0;34m[1784835017.324] [17986:17988] [DMG] 		},[0m
[0;34m[1784835017.324] [17986:17988] [DMG] 		[0m
[0;34m[1784835017.324] [17986:17988] [DMG] 		AttributeReportIB =[0m
[0;34m[1784835017.324] [17986:17988] [DMG] 		{[0m
[0;34m[1784835017.324] [17986:17988] [DMG] 			AttributeStatusIB =[0m
[0;34m[1784835017.324] [17986:17988] [DMG] 			{[0m
[0;34m[1784835017.324] [17986:17988] [DMG] 				AttributePathIB =[0m
[0;34m[1784835017.324] [17986:17988] [DMG] 				{[0m
[0;34m[1784835017.324] [17986:17988] [DMG] 					Endpoint = 0x0,[0m
[0;34m[1784835017.324] [17986:17988] [DMG] 					Cluster = 0x46,[0m
[0;34m[1784835017.324] [17986:17988] [DMG] 					Attribute = 0x0000_0000,[0m
[0;34m[1784835017.324] [17986:17988] [DMG] 				}[0m
[0;34m[1784835017.324] [17986:17988] [DMG] 					[0m
[0;34m[1784835017.324] [17986:17988] [DMG] 				StatusIB =[0m
[0;34m[1784835017.324] [17986:17988] [DMG] 				{[0m
[0;34m[1784835017.324] [17986:17988] [DMG] 					status = 0xc3 (UNSUPPORTED_CLUSTER),[0m
[0;34m[1784835017.324] [17986:17988] [DMG] 				},[0m
[0;34m[1784835017.324] [17986:17988] [DMG] 				[0m
[0;34m[1784835017.324] [17986:17988] [DMG] 			},[0m
[0;34m[1784835017.324] [17986:17988] [DMG] 			[0m
[0;34m[1784835017.324] [17986:17988] [DMG] 		},[0m
[0;34m[1784835017.324] [17986:17988] [DMG] 		[0m
[0;34m[1784835017.324] [17986:17988] [DMG] 		AttributeReportIB =[0m
[0;34m[1784835017.324] [17986:17988] [DMG] 		{[0m
[0;34m[1784835017.324] [17986:17988] [DMG] 			AttributeStatusIB =[0m
[0;34m[1784835017.324] [17986:17988] [DMG] 			{[0m
[0;34m[1784835017.324] [17986:17988] [DMG] 				AttributePathIB =[0m
[0;34m[1784835017.324] [17986:17988] [DMG] 				{[0m
[0;34m[1784835017.324] [17986:17988] [DMG] 					Endpoint = 0x0,[0m
[0;34m[1784835017.324] [17986:17988] [DMG] 					Cluster = 0x46,[0m
[0;34m[1784835017.324] [17986:17988] [DMG] 					Attribute = 0x0000_0007,[0m
[0;34m[1784835017.324] [17986:17988] [DMG] 				}[0m
[0;34m[1784835017.324] [17986:17988] [DMG] 					[0m
[0;34m[1784835017.324] [17986:17988] [DMG] 				StatusIB =[0m
[0;34m[1784835017.324] [17986:17988] [DMG] 				{[0m
[0;34m[1784835017.324] [17986:17988] [DMG] 					status = 0xc3 (UNSUPPORTED_CLUSTER),[0m
[0;34m[1784835017.324] [17986:17988] [DMG] 				},[0m
[0;34m[1784835017.324] [17986:17988] [DMG] 				[0m
[0;34m[1784835017.324] [17986:17988] [DMG] 			},[0m
[0;34m[1784835017.324] [17986:17988] [DMG] 			[0m
[0;34m[1784835017.324] [17986:17988] [DMG] 		},[0m
[0;34m[1784835017.324] [17986:17988] [DMG] 		[0m
[0;34m[1784835017.324] [17986:17988] [DMG] 		AttributeReportIB =[0m
[0;34m[1784835017.324] [17986:17988] [DMG] 		{[0m
[0;34m[1784835017.324] [17986:17988] [DMG] 			AttributeStatusIB =[0m
[0;34m[1784835017.324] [17986:17988] [DMG] 			{[0m
[0;34m[1784835017.324] [17986:17988] [DMG] 				AttributePathIB =[0m
[0;34m[1784835017.324] [17986:17988] [DMG] 				{[0m
[0;34m[1784835017.324] [17986:17988] [DMG] 					Endpoint = 0x0,[0m
[0;34m[1784835017.324] [17986:17988] [DMG] 					Cluster = 0x46,[0m
[0;34m[1784835017.324] [17986:17988] [DMG] 					Attribute = 0x0000_0006,[0m
[0;34m[1784835017.324] [17986:17988] [DMG] 				}[0m
[0;34m[1784835017.324] [17986:17988] [DMG] 					[0m
[0;34m[1784835017.324] [17986:17988] [DMG] 				StatusIB =[0m
[0;34m[1784835017.324] [17986:17988] [DMG] 				{[0m
[0;34m[1784835017.324] [17986:17988] [DMG] 					status = 0xc3 (UNSUPPORTED_CLUSTER),[0m
[0;34m[1784835017.324] [17986:17988] [DMG] 				},[0m
[0;34m[1784835017.324] [17986:17988] [DMG] 				[0m
[0;34m[1784835017.324] [17986:17988] [DMG] 			},[0m
[0;34m[1784835017.324] [17986:17988] [DMG] 			[0m
[0;34m[1784835017.324] [17986:17988] [DMG] 		},[0m
[0;34m[1784835017.324] [17986:17988] [DMG] 		[0m
[0;34m[1784835017.324] [17986:17988] [DMG] 		AttributeReportIB =[0m
[0;34m[1784835017.324] [17986:17988] [DMG] 		{[0m
[0;34m[1784835017.324] [17986:17988] [DMG] 			AttributeDataIB =[0m
[0;34m[1784835017.324] [17986:17988] [DMG] 			{[0m
[0;34m[1784835017.324] [17986:17988] [DMG] 				DataVersion = 0x1f660895,[0m
[0;34m[1784835017.324] [17986:17988] [DMG] 				AttributePathIB =[0m
[0;34m[1784835017.324] [17986:17988] [DMG] 				{[0m
[0;34m[1784835017.324] [17986:17988] [DMG] 					Endpoint = 0x0,[0m
[0;34m[1784835017.324] [17986:17988] [DMG] 					Cluster = 0x31,[0m
[0;34m[1784835017.324] [17986:17988] [DMG] 					Attribute = 0x0000_FFFC,[0m
[0;34m[1784835017.324] [17986:17988] [DMG] 				}[0m
[0;34m[1784835017.324] [17986:17988] [DMG] 					[0m
[0;34m[1784835017.324] [17986:17988] [DMG] 				Data = 4 (unsigned), [0m
[0;34m[1784835017.324] [17986:17988] [DMG] 			},[0m
[0;34m[1784835017.324] [17986:17988] [DMG] 			[0m
[0;34m[1784835017.324] [17986:17988] [DMG] 		},[0m
[0;34m[1784835017.324] [17986:17988] [DMG] 		[0m
[0;34m[1784835017.324] [17986:17988] [DMG] 	],[0m
[0;34m[1784835017.324] [17986:17988] [DMG] 	[0m
[0;34m[1784835017.324] [17986:17988] [DMG] 	SuppressResponse = true, [0m
[0;34m[1784835017.324] [17986:17988] [DMG] 	InteractionModelRevision = 12[0m
[0;34m[1784835017.324] [17986:17988] [DMG] }[0m
[1;31m[1784835017.324] [17986:17988] [CTL] Ignoring failure to read IsCommissioningWithoutPower: src/app/ClusterStateCache.cpp:294: CHIP Error 0x000000CA: Interaction Model Error[0m
[0;32m[1784835017.324] [17986:17988] [CTL] NetworkCommissioning Features: has Ethernet. endpointid = 0[0m
[0;32m[1784835017.324] [17986:17988] [SVR] OnReadCommissioningInfo - vendorId=0xFFF1 productId=0x8001[0m
[0;32m[1784835017.324] [17986:17988] [SVR] OnReadCommissioningInfo ICD - IdleModeDuration=0 activeModeDuration=0 activeModeThreshold=0[0m
[0;32m[1784835017.324] [17986:17988] [CTL] Successfully finished commissioning step 'ReadCommissioningInfo'[0m
[0;32m[1784835017.324] [17986:17988] [CTL] Commissioning stage next step: 'ReadCommissioningInfo' -> 'ArmFailSafe'[0m
[0;32m[1784835017.324] [17986:17988] [CTL] Performing next commissioning step 'ArmFailSafe'[0m
[0;34m[1784835017.324] [17986:17988] [TOO] Starting commissioning stage 'ArmFailSafe'[0m
[0;32m[1784835017.324] [17986:17988] [CTL] Arming failsafe (60 seconds)[0m
[0;34m[1784835017.324] [17986:17988] [DMG] ICR moving to [AddingComm][0m
[0;34m[1784835017.324] [17986:17988] [DMG] ICR moving to [AddedComma][0m
[0;32m[1784835017.324] [17986:17988] [EM] <<< [E:53910i S:31768 M:94449002] (S) Msg TX from 0000000000000000 to 0:FFFFFFFB00000000 [0000] [UDP:[fe80::bfe:a203:38f0:bce7%enp0s3]:5540] --- Type 0001:08 (IM:InvokeCommandRequest) (B:65)[0m
[0;32m[1784835017.324] [17986:17988] [EM] ??1 [E:53910i S:31768 M:94449002] (S) Msg Retransmission to 0:FFFFFFFB00000000 scheduled for 380ms from now [State:Active II:500 AI:300 AT:4000][0m
[0;34m[1784835017.324] [17986:17988] [DMG] ICR moving to [AwaitingRe][0m
[0;32m[1784835017.324] [17986:17988] [EM] <<< [E:53909i S:31768 M:94449003 (Ack:236805943)] (S) Msg TX from 0000000000000000 to 0:FFFFFFFB00000000 [0000] [UDP:[fe80::bfe:a203:38f0:bce7%enp0s3]:5540] --- Type 0000:10 (SecureChannel:StandaloneAck) (B:34)[0m
[0;34m[1784835017.324] [17986:17988] [EM] Flushed pending ack for MessageCounter:236805943 on exchange 53909i[0m
[0;32m[1784835017.325] [17986:17988] [EM] >>> [E:53910i S:31768 M:236805944 (Ack:94449002)] (S) Msg RX from 0:FFFFFFFB00000000 [0000] to 0000000000000000 --- Type 0001:09 (IM:InvokeCommandResponse) (B:70)[0m
[0;34m[1784835017.325] [17986:17988] [EM] Found matching exchange: 53910i, Delegate: 0x7930ec0382d8[0m
[0;34m[1784835017.325] [17986:17988] [EM] Rxd Ack; Removing MessageCounter:94449002 from Retrans Table on exchange 53910i[0m
[0;34m[1784835017.325] [17986:17988] [DMG] ICR moving to [ResponseRe][0m
[0;34m[1784835017.325] [17986:17988] [DMG] InvokeResponseMessage =[0m
[0;34m[1784835017.325] [17986:17988] [DMG] {[0m
[0;34m[1784835017.325] [17986:17988] [DMG] 	suppressResponse = false, [0m
[0;34m[1784835017.325] [17986:17988] [DMG] 	InvokeResponseIBs =[0m
[0;34m[1784835017.325] [17986:17988] [DMG] 	[[0m
[0;34m[1784835017.325] [17986:17988] [DMG] 		InvokeResponseIB =[0m
[0;34m[1784835017.325] [17986:17988] [DMG] 		{[0m
[0;34m[1784835017.325] [17986:17988] [DMG] 			CommandDataIB =[0m
[0;34m[1784835017.325] [17986:17988] [DMG] 			{[0m
[0;34m[1784835017.325] [17986:17988] [DMG] 				CommandPathIB =[0m
[0;34m[1784835017.325] [17986:17988] [DMG] 				{[0m
[0;34m[1784835017.325] [17986:17988] [DMG] 					EndpointId = 0x0,[0m
[0;34m[1784835017.325] [17986:17988] [DMG] 					ClusterId = 0x30,[0m
[0;34m[1784835017.325] [17986:17988] [DMG] 					CommandId = 0x1,[0m
[0;34m[1784835017.325] [17986:17988] [DMG] 				},[0m
[0;34m[1784835017.325] [17986:17988] [DMG] 				[0m
[0;34m[1784835017.325] [17986:17988] [DMG] 				CommandFields = [0m
[0;34m[1784835017.325] [17986:17988] [DMG] 				{[0m
[0;34m[1784835017.325] [17986:17988] [DMG] 					0x0 = 0 (unsigned), [0m
[0;34m[1784835017.325] [17986:17988] [DMG] 					0x1 = "" (0 chars), [0m
[0;34m[1784835017.325] [17986:17988] [DMG] 				},[0m
[0;34m[1784835017.325] [17986:17988] [DMG] 			},[0m
[0;34m[1784835017.325] [17986:17988] [DMG] 			[0m
[0;34m[1784835017.325] [17986:17988] [DMG] 		},[0m
[0;34m[1784835017.325] [17986:17988] [DMG] 		[0m
[0;34m[1784835017.325] [17986:17988] [DMG] 	],[0m
[0;34m[1784835017.325] [17986:17988] [DMG] 	[0m
[0;34m[1784835017.325] [17986:17988] [DMG] 	InteractionModelRevision = 12[0m
[0;34m[1784835017.325] [17986:17988] [DMG] },[0m
[0;32m[1784835017.325] [17986:17988] [DMG] Received Command Response Data, Endpoint=0 Cluster=0x0000_0030 Command=0x0000_0001[0m
[0;32m[1784835017.325] [17986:17988] [CTL] Received ArmFailSafe response errorCode=0[0m
[0;32m[1784835017.325] [17986:17988] [CTL] Successfully finished commissioning step 'ArmFailSafe'[0m
[0;32m[1784835017.325] [17986:17988] [CTL] Commissioning stage next step: 'ArmFailSafe' -> 'ConfigRegulatory'[0m
[0;32m[1784835017.325] [17986:17988] [CTL] Performing next commissioning step 'ConfigRegulatory'[0m
[0;34m[1784835017.325] [17986:17988] [TOO] Starting commissioning stage 'ConfigRegulatory'[0m
[0;32m[1784835017.325] [17986:17988] [CTL] Setting Regulatory Config[0m
[0;32m[1784835017.325] [17986:17988] [CTL] No regulatory config supplied by controller, leaving as device default (0)[0m
[0;34m[1784835017.325] [17986:17988] [DMG] ICR moving to [AddingComm][0m
[0;34m[1784835017.325] [17986:17988] [DMG] ICR moving to [AddedComma][0m
[0;32m[1784835017.325] [17986:17988] [EM] <<< [E:53911i S:31768 M:94449004] (S) Msg TX from 0000000000000000 to 0:FFFFFFFB00000000 [0000] [UDP:[fe80::bfe:a203:38f0:bce7%enp0s3]:5540] --- Type 0001:08 (IM:InvokeCommandRequest) (B:70)[0m
[0;32m[1784835017.325] [17986:17988] [EM] ??1 [E:53911i S:31768 M:94449004] (S) Msg Retransmission to 0:FFFFFFFB00000000 scheduled for 362ms from now [State:Active II:500 AI:300 AT:4000][0m
[0;34m[1784835017.325] [17986:17988] [DMG] ICR moving to [AwaitingRe][0m
[0;34m[1784835017.325] [17986:17988] [DMG] ICR moving to [AwaitingDe][0m
[0;32m[1784835017.325] [17986:17988] [EM] <<< [E:53910i S:31768 M:94449005 (Ack:236805944)] (S) Msg TX from 0000000000000000 to 0:FFFFFFFB00000000 [0000] [UDP:[fe80::bfe:a203:38f0:bce7%enp0s3]:5540] --- Type 0000:10 (SecureChannel:StandaloneAck) (B:34)[0m
[0;34m[1784835017.325] [17986:17988] [EM] Flushed pending ack for MessageCounter:236805944 on exchange 53910i[0m
[0;32m[1784835017.331] [17986:17988] [EM] >>> [E:53911i S:31768 M:236805945 (Ack:94449004)] (S) Msg RX from 0:FFFFFFFB00000000 [0000] to 0000000000000000 --- Type 0001:09 (IM:InvokeCommandResponse) (B:70)[0m
[0;34m[1784835017.331] [17986:17988] [EM] Found matching exchange: 53911i, Delegate: 0x7930ec035088[0m
[0;34m[1784835017.331] [17986:17988] [EM] Rxd Ack; Removing MessageCounter:94449004 from Retrans Table on exchange 53911i[0m
[0;34m[1784835017.331] [17986:17988] [DMG] ICR moving to [ResponseRe][0m
[0;34m[1784835017.331] [17986:17988] [DMG] InvokeResponseMessage =[0m
[0;34m[1784835017.331] [17986:17988] [DMG] {[0m
[0;34m[1784835017.331] [17986:17988] [DMG] 	suppressResponse = false, [0m
[0;34m[1784835017.331] [17986:17988] [DMG] 	InvokeResponseIBs =[0m
[0;34m[1784835017.331] [17986:17988] [DMG] 	[[0m
[0;34m[1784835017.331] [17986:17988] [DMG] 		InvokeResponseIB =[0m
[0;34m[1784835017.331] [17986:17988] [DMG] 		{[0m
[0;34m[1784835017.331] [17986:17988] [DMG] 			CommandDataIB =[0m
[0;34m[1784835017.331] [17986:17988] [DMG] 			{[0m
[0;34m[1784835017.331] [17986:17988] [DMG] 				CommandPathIB =[0m
[0;34m[1784835017.331] [17986:17988] [DMG] 				{[0m
[0;34m[1784835017.331] [17986:17988] [DMG] 					EndpointId = 0x0,[0m
[0;34m[1784835017.331] [17986:17988] [DMG] 					ClusterId = 0x30,[0m
[0;34m[1784835017.331] [17986:17988] [DMG] 					CommandId = 0x3,[0m
[0;34m[1784835017.331] [17986:17988] [DMG] 				},[0m
[0;34m[1784835017.331] [17986:17988] [DMG] 				[0m
[0;34m[1784835017.331] [17986:17988] [DMG] 				CommandFields = [0m
[0;34m[1784835017.331] [17986:17988] [DMG] 				{[0m
[0;34m[1784835017.331] [17986:17988] [DMG] 					0x0 = 0 (unsigned), [0m
[0;34m[1784835017.331] [17986:17988] [DMG] 					0x1 = "" (0 chars), [0m
[0;34m[1784835017.331] [17986:17988] [DMG] 				},[0m
[0;34m[1784835017.331] [17986:17988] [DMG] 			},[0m
[0;34m[1784835017.331] [17986:17988] [DMG] 			[0m
[0;34m[1784835017.331] [17986:17988] [DMG] 		},[0m
[0;34m[1784835017.331] [17986:17988] [DMG] 		[0m
[0;34m[1784835017.331] [17986:17988] [DMG] 	],[0m
[0;34m[1784835017.331] [17986:17988] [DMG] 	[0m
[0;34m[1784835017.331] [17986:17988] [DMG] 	InteractionModelRevision = 12[0m
[0;34m[1784835017.331] [17986:17988] [DMG] },[0m
[0;32m[1784835017.331] [17986:17988] [DMG] Received Command Response Data, Endpoint=0 Cluster=0x0000_0030 Command=0x0000_0003[0m
[0;32m[1784835017.331] [17986:17988] [CTL] Received SetRegulatoryConfig response errorCode=0[0m
[0;32m[1784835017.331] [17986:17988] [CTL] Successfully finished commissioning step 'ConfigRegulatory'[0m
[0;32m[1784835017.331] [17986:17988] [CTL] Commissioning stage next step: 'ConfigRegulatory' -> 'ConfigureTCAcknowledgments'[0m
[0;32m[1784835017.331] [17986:17988] [CTL] Performing next commissioning step 'ConfigureTCAcknowledgments'[0m
[0;34m[1784835017.331] [17986:17988] [TOO] Starting commissioning stage 'ConfigureTCAcknowledgments'[0m
[0;32m[1784835017.331] [17986:17988] [CTL] Setting Terms and Conditions[0m
[0;32m[1784835017.331] [17986:17988] [CTL] Setting Terms and Conditions: Skipped[0m
[0;32m[1784835017.331] [17986:17988] [CTL] Successfully finished commissioning step 'ConfigureTCAcknowledgments'[0m
[0;32m[1784835017.331] [17986:17988] [CTL] Commissioning stage next step: 'ConfigureTCAcknowledgments' -> 'ConfigureUTCTime'[0m
[0;32m[1784835017.331] [17986:17988] [CTL] Performing next commissioning step 'ConfigureUTCTime'[0m
[0;34m[1784835017.331] [17986:17988] [TOO] Starting commissioning stage 'ConfigureUTCTime'[0m
[0;34m[1784835017.331] [17986:17988] [DMG] ICR moving to [AddingComm][0m
[0;34m[1784835017.331] [17986:17988] [DMG] ICR moving to [AddedComma][0m
[0;32m[1784835017.331] [17986:17988] [EM] <<< [E:53912i S:31768 M:94449006] (S) Msg TX from 0000000000000000 to 0:FFFFFFFB00000000 [0000] [UDP:[fe80::bfe:a203:38f0:bce7%enp0s3]:5540] --- Type 0001:08 (IM:InvokeCommandRequest) (B:72)[0m
[0;32m[1784835017.331] [17986:17988] [EM] ??1 [E:53912i S:31768 M:94449006] (S) Msg Retransmission to 0:FFFFFFFB00000000 scheduled for 357ms from now [State:Active II:500 AI:300 AT:4000][0m
[0;34m[1784835017.331] [17986:17988] [DMG] ICR moving to [AwaitingRe][0m
[0;34m[1784835017.331] [17986:17988] [DMG] ICR moving to [AwaitingDe][0m
[0;32m[1784835017.331] [17986:17988] [EM] <<< [E:53911i S:31768 M:94449007 (Ack:236805945)] (S) Msg TX from 0000000000000000 to 0:FFFFFFFB00000000 [0000] [UDP:[fe80::bfe:a203:38f0:bce7%enp0s3]:5540] --- Type 0000:10 (SecureChannel:StandaloneAck) (B:34)[0m
[0;34m[1784835017.331] [17986:17988] [EM] Flushed pending ack for MessageCounter:236805945 on exchange 53911i[0m
[0;32m[1784835017.331] [17986:17988] [EM] >>> [E:53912i S:31768 M:236805946 (Ack:94449006)] (S) Msg RX from 0:FFFFFFFB00000000 [0000] to 0000000000000000 --- Type 0001:09 (IM:InvokeCommandResponse) (B:70)[0m
[0;34m[1784835017.331] [17986:17988] [EM] Found matching exchange: 53912i, Delegate: 0x7930ec0382d8[0m
[0;34m[1784835017.331] [17986:17988] [EM] Rxd Ack; Removing MessageCounter:94449006 from Retrans Table on exchange 53912i[0m
[0;34m[1784835017.331] [17986:17988] [DMG] ICR moving to [ResponseRe][0m
[0;34m[1784835017.331] [17986:17988] [DMG] InvokeResponseMessage =[0m
[0;34m[1784835017.331] [17986:17988] [DMG] {[0m
[0;34m[1784835017.331] [17986:17988] [DMG] 	suppressResponse = false, [0m
[0;34m[1784835017.331] [17986:17988] [DMG] 	InvokeResponseIBs =[0m
[0;34m[1784835017.331] [17986:17988] [DMG] 	[[0m
[0;34m[1784835017.331] [17986:17988] [DMG] 		InvokeResponseIB =[0m
[0;34m[1784835017.331] [17986:17988] [DMG] 		{[0m
[0;34m[1784835017.331] [17986:17988] [DMG] 			CommandStatusIB =[0m
[0;34m[1784835017.331] [17986:17988] [DMG] 			{[0m
[0;34m[1784835017.331] [17986:17988] [DMG] 				CommandPathIB =[0m
[0;34m[1784835017.331] [17986:17988] [DMG] 				{[0m
[0;34m[1784835017.331] [17986:17988] [DMG] 					EndpointId = 0x0,[0m
[0;34m[1784835017.331] [17986:17988] [DMG] 					ClusterId = 0x38,[0m
[0;34m[1784835017.331] [17986:17988] [DMG] 					CommandId = 0x0,[0m
[0;34m[1784835017.331] [17986:17988] [DMG] 				},[0m
[0;34m[1784835017.331] [17986:17988] [DMG] 				[0m
[0;34m[1784835017.331] [17986:17988] [DMG] 				StatusIB =[0m
[0;34m[1784835017.331] [17986:17988] [DMG] 				{[0m
[0;34m[1784835017.331] [17986:17988] [DMG] 					status = 0x01 (FAILURE),[0m
[0;34m[1784835017.331] [17986:17988] [DMG] 					cluster-status = 0x2,[0m
[0;34m[1784835017.331] [17986:17988] [DMG] 				},[0m
[0;34m[1784835017.331] [17986:17988] [DMG] 				[0m
[0;34m[1784835017.331] [17986:17988] [DMG] 			},[0m
[0;34m[1784835017.331] [17986:17988] [DMG] 			[0m
[0;34m[1784835017.331] [17986:17988] [DMG] 		},[0m
[0;34m[1784835017.331] [17986:17988] [DMG] 		[0m
[0;34m[1784835017.331] [17986:17988] [DMG] 	],[0m
[0;34m[1784835017.331] [17986:17988] [DMG] 	[0m
[0;34m[1784835017.331] [17986:17988] [DMG] 	InteractionModelRevision = 12[0m
[0;34m[1784835017.331] [17986:17988] [DMG] },[0m
[0;32m[1784835017.331] [17986:17988] [DMG] Received Command Response Status for Endpoint=0 Cluster=0x0000_0038 Command=0x0000_0000 Status=0x1[0m
[0;32m[1784835017.331] [17986:17988] [CTL] Successfully finished commissioning step 'ConfigureUTCTime'[0m
[0;32m[1784835017.331] [17986:17988] [CTL] Commissioning stage next step: 'ConfigureUTCTime' -> 'SendPAICertificateRequest'[0m
[0;32m[1784835017.331] [17986:17988] [CTL] Performing next commissioning step 'SendPAICertificateRequest'[0m
[0;34m[1784835017.331] [17986:17988] [TOO] Starting commissioning stage 'SendPAICertificateRequest'[0m
[0;32m[1784835017.331] [17986:17988] [CTL] Sending request for PAI certificate[0m
[0;34m[1784835017.331] [17986:17988] [CTL] Sending Certificate Chain request to 0x7930ec033e20 device[0m
[0;34m[1784835017.331] [17986:17988] [DMG] ICR moving to [AddingComm][0m
[0;34m[1784835017.331] [17986:17988] [DMG] ICR moving to [AddedComma][0m
[0;32m[1784835017.331] [17986:17988] [EM] <<< [E:53913i S:31768 M:94449008] (S) Msg TX from 0000000000000000 to 0:FFFFFFFB00000000 [0000] [UDP:[fe80::bfe:a203:38f0:bce7%enp0s3]:5540] --- Type 0001:08 (IM:InvokeCommandRequest) (B:62)[0m
[0;32m[1784835017.332] [17986:17988] [EM] ??1 [E:53913i S:31768 M:94449008] (S) Msg Retransmission to 0:FFFFFFFB00000000 scheduled for 335ms from now [State:Active II:500 AI:300 AT:4000][0m
[0;34m[1784835017.332] [17986:17988] [DMG] ICR moving to [AwaitingRe][0m
[0;34m[1784835017.332] [17986:17988] [DMG] ICR moving to [AwaitingDe][0m
[0;32m[1784835017.332] [17986:17988] [EM] <<< [E:53912i S:31768 M:94449009 (Ack:236805946)] (S) Msg TX from 0000000000000000 to 0:FFFFFFFB00000000 [0000] [UDP:[fe80::bfe:a203:38f0:bce7%enp0s3]:5540] --- Type 0000:10 (SecureChannel:StandaloneAck) (B:34)[0m
[0;34m[1784835017.332] [17986:17988] [EM] Flushed pending ack for MessageCounter:236805946 on exchange 53912i[0m
[0;32m[1784835017.332] [17986:17988] [EM] >>> [E:53913i S:31768 M:236805947 (Ack:94449008)] (S) Msg RX from 0:FFFFFFFB00000000 [0000] to 0000000000000000 --- Type 0001:09 (IM:InvokeCommandResponse) (B:531)[0m
[0;34m[1784835017.332] [17986:17988] [EM] Found matching exchange: 53913i, Delegate: 0x7930ec035088[0m
[0;34m[1784835017.332] [17986:17988] [EM] Rxd Ack; Removing MessageCounter:94449008 from Retrans Table on exchange 53913i[0m
[0;34m[1784835017.332] [17986:17988] [DMG] ICR moving to [ResponseRe][0m
[0;34m[1784835017.332] [17986:17988] [DMG] InvokeResponseMessage =[0m
[0;34m[1784835017.332] [17986:17988] [DMG] {[0m
[0;34m[1784835017.332] [17986:17988] [DMG] 	suppressResponse = false, [0m
[0;34m[1784835017.332] [17986:17988] [DMG] 	InvokeResponseIBs =[0m
[0;34m[1784835017.332] [17986:17988] [DMG] 	[[0m
[0;34m[1784835017.332] [17986:17988] [DMG] 		InvokeResponseIB =[0m
[0;34m[1784835017.332] [17986:17988] [DMG] 		{[0m
[0;34m[1784835017.332] [17986:17988] [DMG] 			CommandDataIB =[0m
[0;34m[1784835017.332] [17986:17988] [DMG] 			{[0m
[0;34m[1784835017.332] [17986:17988] [DMG] 				CommandPathIB =[0m
[0;34m[1784835017.332] [17986:17988] [DMG] 				{[0m
[0;34m[1784835017.332] [17986:17988] [DMG] 					EndpointId = 0x0,[0m
[0;34m[1784835017.332] [17986:17988] [DMG] 					ClusterId = 0x3e,[0m
[0;34m[1784835017.332] [17986:17988] [DMG] 					CommandId = 0x3,[0m
[0;34m[1784835017.332] [17986:17988] [DMG] 				},[0m
[0;34m[1784835017.332] [17986:17988] [DMG] 				[0m
[0;34m[1784835017.332] [17986:17988] [DMG] 				CommandFields = [0m
[0;34m[1784835017.332] [17986:17988] [DMG] 				{[0m
[0;34m[1784835017.332] [17986:17988] [DMG] 					0x0 = [[0m
[0;34m[1784835017.332] [17986:17988] [DMG] 							0x30, 0x82, 0x01, 0xcb, 0x30, 0x82, 0x01, 0x71, 0xa0, 0x03, 0x02, 0x01, 0x02, 0x02, 0x08, 0x56, 0xad, 0x82, 0x22, 0xad, 0x94, 0x5b, 0x64, 0x30, 0x0a, 0x06, 0x08, 0x2a, 0x86, 0x48, 0xce, 0x3d, 0x04, 0x03, 0x02, 0x30, 0x30, 0x31, 0x18, 0x30, 0x16, 0x06, 0x03, 0x55, 0x04, 0x03, 0x0c, 0x0f, 0x4d, 0x61, 0x74, 0x74, 0x65, 0x72, 0x20, 0x54, 0x65, 0x73, 0x74, 0x20, 0x50, 0x41, 0x41, 0x31, 0x14, 0x30, 0x12, 0x06, 0x0a, 0x2b, 0x06, 0x01, 0x04, 0x01, 0x82, 0xa2, 0x7c, 0x02, 0x01, 0x0c, 0x04, 0x46, 0x46, 0x46, 0x31, 0x30, 0x20, 0x17, 0x0d, 0x32, 0x32, 0x30, 0x32, 0x30, 0x35, 0x30, 0x30, 0x30, 0x30, 0x30, 0x30, 0x5a, 0x18, 0x0f, 0x39, 0x39, 0x39, 0x39, 0x31, 0x32, 0x33, 0x31, 0x32, 0x33, 0x35, 0x39, 0x35, 0x39, 0x5a, 0x30, 0x3d, 0x31, 0x25, 0x30, 0x23, 0x06, 0x03, 0x55, 0x04, 0x03, 0x0c, 0x1c, 0x4d, 0x61, 0x74, 0x74, 0x65, 0x72, 0x20, 0x44, 0x65, 0x76, 0x20, 0x50, 0x41, 0x49, 0x20, 0x30, 0x78, 0x46, 0x46, 0x46, 0x31, 0x20, 0x6e, 0x6f, 0x20, 0x50, 0x49, 0x44, 0x31, 0x14, 0x30, 0x12, 0x06, 0x0a, 0x2b, 0x06, 0x01, 0x04, 0x01, 0x82, 0xa2, 0x7c, 0x02, 0x01, 0x0c, 0x04, 0x46, 0x46, 0x46, 0x31, 0x30, 0x59, 0x30, 0x13, 0x06, 0x07, 0x2a, 0x86, 0x48, 0xce, 0x3d, 0x02, 0x01, 0x06, 0x08, 0x2a, 0x86, 0x48, 0xce, 0x3d, 0x03, 0x01, 0x07, 0x03, 0x42, 0x00, 0x04, 0x41, 0x9a, 0x93, 0x15, 0xc2, 0x17, 0x3e, 0x0c, 0x8c, 0x87, 0x6d, 0x03, 0xcc, 0xfc, 0x94, 0x48, 0x52, 0x64, 0x7f, 0x7f, 0xec, 0x5e, 0x50, 0x82, 0xf4, 0x05, 0x99, 0x28, 0xec, 0xa8, 0x94, 0xc5, 0x94, 0x15, 0x13, 0x09, 0xac, 0x63, 0x1e, 0x4c, 0xb0, 0x33, 0x92, 0xaf, 0x68, 0x4b, 0x0b, 0xaf, 0xb7, 0xe6, 0x5b, 0x3b, 0x81, 0x62, 0xc2, 0xf5, 0x2b, 0xf9, 0x31, 0xb8, 0xe7, 0x7a, 0xaa, 0x82, 0xa3, 0x66, 0x30, 0x64, 0x30, 0x12, 0x06, 0x03, 0x55, 0x1d, 0x[0m
[0;34m[1784835017.332] [17986:17988] [DMG] 					] (463 bytes)[0m
[0;34m[1784835017.332] [17986:17988] [DMG] 				},[0m
[0;34m[1784835017.332] [17986:17988] [DMG] 			},[0m
[0;34m[1784835017.332] [17986:17988] [DMG] 			[0m
[0;34m[1784835017.332] [17986:17988] [DMG] 		},[0m
[0;34m[1784835017.332] [17986:17988] [DMG] 		[0m
[0;34m[1784835017.332] [17986:17988] [DMG] 	],[0m
[0;34m[1784835017.332] [17986:17988] [DMG] 	[0m
[0;34m[1784835017.332] [17986:17988] [DMG] 	InteractionModelRevision = 12[0m
[0;34m[1784835017.332] [17986:17988] [DMG] },[0m
[0;32m[1784835017.332] [17986:17988] [DMG] Received Command Response Data, Endpoint=0 Cluster=0x0000_003E Command=0x0000_0003[0m
[0;32m[1784835017.332] [17986:17988] [CTL] Received certificate chain from the device[0m
[0;32m[1784835017.332] [17986:17988] [CTL] Successfully finished commissioning step 'SendPAICertificateRequest'[0m
[0;32m[1784835017.332] [17986:17988] [CTL] Commissioning stage next step: 'SendPAICertificateRequest' -> 'SendDACCertificateRequest'[0m
[0;32m[1784835017.332] [17986:17988] [CTL] Performing next commissioning step 'SendDACCertificateRequest'[0m
[0;34m[1784835017.332] [17986:17988] [TOO] Starting commissioning stage 'SendDACCertificateRequest'[0m
[0;32m[1784835017.332] [17986:17988] [CTL] Sending request for DAC certificate[0m
[0;34m[1784835017.332] [17986:17988] [CTL] Sending Certificate Chain request to 0x7930ec033e20 device[0m
[0;34m[1784835017.332] [17986:17988] [DMG] ICR moving to [AddingComm][0m
[0;34m[1784835017.332] [17986:17988] [DMG] ICR moving to [AddedComma][0m
[0;32m[1784835017.332] [17986:17988] [EM] <<< [E:53914i S:31768 M:94449010] (S) Msg TX from 0000000000000000 to 0:FFFFFFFB00000000 [0000] [UDP:[fe80::bfe:a203:38f0:bce7%enp0s3]:5540] --- Type 0001:08 (IM:InvokeCommandRequest) (B:62)[0m
[0;32m[1784835017.332] [17986:17988] [EM] ??1 [E:53914i S:31768 M:94449010] (S) Msg Retransmission to 0:FFFFFFFB00000000 scheduled for 404ms from now [State:Active II:500 AI:300 AT:4000][0m
[0;34m[1784835017.332] [17986:17988] [DMG] ICR moving to [AwaitingRe][0m
[0;34m[1784835017.332] [17986:17988] [DMG] ICR moving to [AwaitingDe][0m
[0;32m[1784835017.332] [17986:17988] [EM] <<< [E:53913i S:31768 M:94449011 (Ack:236805947)] (S) Msg TX from 0000000000000000 to 0:FFFFFFFB00000000 [0000] [UDP:[fe80::bfe:a203:38f0:bce7%enp0s3]:5540] --- Type 0000:10 (SecureChannel:StandaloneAck) (B:34)[0m
[0;34m[1784835017.332] [17986:17988] [EM] Flushed pending ack for MessageCounter:236805947 on exchange 53913i[0m
[0;32m[1784835017.332] [17986:17988] [EM] >>> [E:53914i S:31768 M:236805948 (Ack:94449010)] (S) Msg RX from 0:FFFFFFFB00000000 [0000] to 0000000000000000 --- Type 0001:09 (IM:InvokeCommandResponse) (B:559)[0m
[0;34m[1784835017.332] [17986:17988] [EM] Found matching exchange: 53914i, Delegate: 0x7930ec0382d8[0m
[0;34m[1784835017.332] [17986:17988] [EM] Rxd Ack; Removing MessageCounter:94449010 from Retrans Table on exchange 53914i[0m
[0;34m[1784835017.332] [17986:17988] [DMG] ICR moving to [ResponseRe][0m
[0;34m[1784835017.332] [17986:17988] [DMG] InvokeResponseMessage =[0m
[0;34m[1784835017.332] [17986:17988] [DMG] {[0m
[0;34m[1784835017.332] [17986:17988] [DMG] 	suppressResponse = false, [0m
[0;34m[1784835017.332] [17986:17988] [DMG] 	InvokeResponseIBs =[0m
[0;34m[1784835017.332] [17986:17988] [DMG] 	[[0m
[0;34m[1784835017.332] [17986:17988] [DMG] 		InvokeResponseIB =[0m
[0;34m[1784835017.332] [17986:17988] [DMG] 		{[0m
[0;34m[1784835017.332] [17986:17988] [DMG] 			CommandDataIB =[0m
[0;34m[1784835017.332] [17986:17988] [DMG] 			{[0m
[0;34m[1784835017.332] [17986:17988] [DMG] 				CommandPathIB =[0m
[0;34m[1784835017.332] [17986:17988] [DMG] 				{[0m
[0;34m[1784835017.332] [17986:17988] [DMG] 					EndpointId = 0x0,[0m
[0;34m[1784835017.332] [17986:17988] [DMG] 					ClusterId = 0x3e,[0m
[0;34m[1784835017.332] [17986:17988] [DMG] 					CommandId = 0x3,[0m
[0;34m[1784835017.332] [17986:17988] [DMG] 				},[0m
[0;34m[1784835017.332] [17986:17988] [DMG] 				[0m
[0;34m[1784835017.332] [17986:17988] [DMG] 				CommandFields = [0m
[0;34m[1784835017.332] [17986:17988] [DMG] 				{[0m
[0;34m[1784835017.332] [17986:17988] [DMG] 					0x0 = [[0m
[0;34m[1784835017.332] [17986:17988] [DMG] 							0x30, 0x82, 0x01, 0xe7, 0x30, 0x82, 0x01, 0x8e, 0xa0, 0x03, 0x02, 0x01, 0x02, 0x02, 0x08, 0x69, 0xcd, 0xf1, 0x0d, 0xe9, 0xe5, 0x4e, 0xd1, 0x30, 0x0a, 0x06, 0x08, 0x2a, 0x86, 0x48, 0xce, 0x3d, 0x04, 0x03, 0x02, 0x30, 0x3d, 0x31, 0x25, 0x30, 0x23, 0x06, 0x03, 0x55, 0x04, 0x03, 0x0c, 0x1c, 0x4d, 0x61, 0x74, 0x74, 0x65, 0x72, 0x20, 0x44, 0x65, 0x76, 0x20, 0x50, 0x41, 0x49, 0x20, 0x30, 0x78, 0x46, 0x46, 0x46, 0x31, 0x20, 0x6e, 0x6f, 0x20, 0x50, 0x49, 0x44, 0x31, 0x14, 0x30, 0x12, 0x06, 0x0a, 0x2b, 0x06, 0x01, 0x04, 0x01, 0x82, 0xa2, 0x7c, 0x02, 0x01, 0x0c, 0x04, 0x46, 0x46, 0x46, 0x31, 0x30, 0x20, 0x17, 0x0d, 0x32, 0x32, 0x30, 0x32, 0x30, 0x35, 0x30, 0x30, 0x30, 0x30, 0x30, 0x30, 0x5a, 0x18, 0x0f, 0x39, 0x39, 0x39, 0x39, 0x31, 0x32, 0x33, 0x31, 0x32, 0x33, 0x35, 0x39, 0x35, 0x39, 0x5a, 0x30, 0x53, 0x31, 0x25, 0x30, 0x23, 0x06, 0x03, 0x55, 0x04, 0x03, 0x0c, 0x1c, 0x4d, 0x61, 0x74, 0x74, 0x65, 0x72, 0x20, 0x44, 0x65, 0x76, 0x20, 0x44, 0x41, 0x43, 0x20, 0x30, 0x78, 0x46, 0x46, 0x46, 0x31, 0x2f, 0x30, 0x78, 0x38, 0x30, 0x30, 0x31, 0x31, 0x14, 0x30, 0x12, 0x06, 0x0a, 0x2b, 0x06, 0x01, 0x04, 0x01, 0x82, 0xa2, 0x7c, 0x02, 0x01, 0x0c, 0x04, 0x46, 0x46, 0x46, 0x31, 0x31, 0x14, 0x30, 0x12, 0x06, 0x0a, 0x2b, 0x06, 0x01, 0x04, 0x01, 0x82, 0xa2, 0x7c, 0x02, 0x02, 0x0c, 0x04, 0x38, 0x30, 0x30, 0x31, 0x30, 0x59, 0x30, 0x13, 0x06, 0x07, 0x2a, 0x86, 0x48, 0xce, 0x3d, 0x02, 0x01, 0x06, 0x08, 0x2a, 0x86, 0x48, 0xce, 0x3d, 0x03, 0x01, 0x07, 0x03, 0x42, 0x00, 0x04, 0x46, 0x3a, 0xc6, 0x93, 0x42, 0x91, 0x0a, 0x0e, 0x55, 0x88, 0xfc, 0x6f, 0xf5, 0x6b, 0xb6, 0x3e, 0x62, 0xec, 0xce, 0xcb, 0x14, 0x8f, 0x7d, 0x4e, 0xb0, 0x3e, 0xe5, 0x52, 0x60, 0x14, 0x15, 0x76, 0x7d, 0x16, 0xa5, 0xc6, 0x63, 0xf7, 0x93, 0x[0m
[0;34m[1784835017.332] [17986:17988] [DMG] 					] (491 bytes)[0m
[0;34m[1784835017.332] [17986:17988] [DMG] 				},[0m
[0;34m[1784835017.332] [17986:17988] [DMG] 			},[0m
[0;34m[1784835017.332] [17986:17988] [DMG] 			[0m
[0;34m[1784835017.332] [17986:17988] [DMG] 		},[0m
[0;34m[1784835017.332] [17986:17988] [DMG] 		[0m
[0;34m[1784835017.332] [17986:17988] [DMG] 	],[0m
[0;34m[1784835017.332] [17986:17988] [DMG] 	[0m
[0;34m[1784835017.332] [17986:17988] [DMG] 	InteractionModelRevision = 12[0m
[0;34m[1784835017.332] [17986:17988] [DMG] },[0m
[0;32m[1784835017.332] [17986:17988] [DMG] Received Command Response Data, Endpoint=0 Cluster=0x0000_003E Command=0x0000_0003[0m
[0;32m[1784835017.332] [17986:17988] [CTL] Received certificate chain from the device[0m
[0;32m[1784835017.332] [17986:17988] [CTL] Successfully finished commissioning step 'SendDACCertificateRequest'[0m
[0;32m[1784835017.332] [17986:17988] [CTL] Commissioning stage next step: 'SendDACCertificateRequest' -> 'SendAttestationRequest'[0m
[0;32m[1784835017.332] [17986:17988] [CTL] Performing next commissioning step 'SendAttestationRequest'[0m
[0;34m[1784835017.332] [17986:17988] [TOO] Starting commissioning stage 'SendAttestationRequest'[0m
[0;32m[1784835017.332] [17986:17988] [CTL] Sending Attestation Request to the device.[0m
[0;34m[1784835017.332] [17986:17988] [CTL] Sending Attestation request to 0x7930ec033e20 device[0m
[0;34m[1784835017.332] [17986:17988] [DMG] ICR moving to [AddingComm][0m
[0;34m[1784835017.332] [17986:17988] [DMG] ICR moving to [AddedComma][0m
[0;32m[1784835017.332] [17986:17988] [EM] <<< [E:53915i S:31768 M:94449012] (S) Msg TX from 0000000000000000 to 0:FFFFFFFB00000000 [0000] [UDP:[fe80::bfe:a203:38f0:bce7%enp0s3]:5540] --- Type 0001:08 (IM:InvokeCommandRequest) (B:94)[0m
[0;32m[1784835017.332] [17986:17988] [EM] ??1 [E:53915i S:31768 M:94449012] (S) Msg Retransmission to 0:FFFFFFFB00000000 scheduled for 407ms from now [State:Active II:500 AI:300 AT:4000][0m
[0;34m[1784835017.332] [17986:17988] [DMG] ICR moving to [AwaitingRe][0m
[0;34m[1784835017.332] [17986:17988] [CTL] Sent Attestation request, waiting for the Attestation Information[0m
[0;34m[1784835017.333] [17986:17988] [DMG] ICR moving to [AwaitingDe][0m
[0;32m[1784835017.333] [17986:17988] [EM] <<< [E:53914i S:31768 M:94449013 (Ack:236805948)] (S) Msg TX from 0000000000000000 to 0:FFFFFFFB00000000 [0000] [UDP:[fe80::bfe:a203:38f0:bce7%enp0s3]:5540] --- Type 0000:10 (SecureChannel:StandaloneAck) (B:34)[0m
[0;34m[1784835017.333] [17986:17988] [EM] Flushed pending ack for MessageCounter:236805948 on exchange 53914i[0m
[0;32m[1784835017.333] [17986:17988] [EM] >>> [E:53915i S:31768 M:236805949 (Ack:94449012)] (S) Msg RX from 0:FFFFFFFB00000000 [0000] to 0000000000000000 --- Type 0001:09 (IM:InvokeCommandResponse) (B:718)[0m
[0;34m[1784835017.333] [17986:17988] [EM] Found matching exchange: 53915i, Delegate: 0x7930ec035088[0m
[0;34m[1784835017.333] [17986:17988] [EM] Rxd Ack; Removing MessageCounter:94449012 from Retrans Table on exchange 53915i[0m
[0;34m[1784835017.333] [17986:17988] [DMG] ICR moving to [ResponseRe][0m
[0;34m[1784835017.333] [17986:17988] [DMG] InvokeResponseMessage =[0m
[0;34m[1784835017.333] [17986:17988] [DMG] {[0m
[0;34m[1784835017.333] [17986:17988] [DMG] 	suppressResponse = false, [0m
[0;34m[1784835017.333] [17986:17988] [DMG] 	InvokeResponseIBs =[0m
[0;34m[1784835017.333] [17986:17988] [DMG] 	[[0m
[0;34m[1784835017.333] [17986:17988] [DMG] 		InvokeResponseIB =[0m
[0;34m[1784835017.333] [17986:17988] [DMG] 		{[0m
[0;34m[1784835017.333] [17986:17988] [DMG] 			CommandDataIB =[0m
[0;34m[1784835017.333] [17986:17988] [DMG] 			{[0m
[0;34m[1784835017.333] [17986:17988] [DMG] 				CommandPathIB =[0m
[0;34m[1784835017.333] [17986:17988] [DMG] 				{[0m
[0;34m[1784835017.333] [17986:17988] [DMG] 					EndpointId = 0x0,[0m
[0;34m[1784835017.333] [17986:17988] [DMG] 					ClusterId = 0x3e,[0m
[0;34m[1784835017.333] [17986:17988] [DMG] 					CommandId = 0x1,[0m
[0;34m[1784835017.333] [17986:17988] [DMG] 				},[0m
[0;34m[1784835017.333] [17986:17988] [DMG] 				[0m
[0;34m[1784835017.333] [17986:17988] [DMG] 				CommandFields = [0m
[0;34m[1784835017.333] [17986:17988] [DMG] 				{[0m
[0;34m[1784835017.333] [17986:17988] [DMG] 					0x0 = [[0m
[0;34m[1784835017.333] [17986:17988] [DMG] 							0x15, 0x31, 0x01, 0x1b, 0x02, 0x30, 0x82, 0x02, 0x17, 0x06, 0x09, 0x2a, 0x86, 0x48, 0x86, 0xf7, 0x0d, 0x01, 0x07, 0x02, 0xa0, 0x82, 0x02, 0x08, 0x30, 0x82, 0x02, 0x04, 0x02, 0x01, 0x03, 0x31, 0x0d, 0x30, 0x0b, 0x06, 0x09, 0x60, 0x86, 0x48, 0x01, 0x65, 0x03, 0x04, 0x02, 0x01, 0x30, 0x82, 0x01, 0x70, 0x06, 0x09, 0x2a, 0x86, 0x48, 0x86, 0xf7, 0x0d, 0x01, 0x07, 0x01, 0xa0, 0x82, 0x01, 0x61, 0x04, 0x82, 0x01, 0x5d, 0x15, 0x24, 0x00, 0x01, 0x25, 0x01, 0xf1, 0xff, 0x36, 0x02, 0x05, 0x00, 0x80, 0x05, 0x01, 0x80, 0x05, 0x02, 0x80, 0x05, 0x03, 0x80, 0x05, 0x04, 0x80, 0x05, 0x05, 0x80, 0x05, 0x06, 0x80, 0x05, 0x07, 0x80, 0x05, 0x08, 0x80, 0x05, 0x09, 0x80, 0x05, 0x0a, 0x80, 0x05, 0x0b, 0x80, 0x05, 0x0c, 0x80, 0x05, 0x0d, 0x80, 0x05, 0x0e, 0x80, 0x05, 0x0f, 0x80, 0x05, 0x10, 0x80, 0x05, 0x11, 0x80, 0x05, 0x12, 0x80, 0x05, 0x13, 0x80, 0x05, 0x14, 0x80, 0x05, 0x15, 0x80, 0x05, 0x16, 0x80, 0x05, 0x17, 0x80, 0x05, 0x18, 0x80, 0x05, 0x19, 0x80, 0x05, 0x1a, 0x80, 0x05, 0x1b, 0x80, 0x05, 0x1c, 0x80, 0x05, 0x1d, 0x80, 0x05, 0x1e, 0x80, 0x05, 0x1f, 0x80, 0x05, 0x20, 0x80, 0x05, 0x21, 0x80, 0x05, 0x22, 0x80, 0x05, 0x23, 0x80, 0x05, 0x24, 0x80, 0x05, 0x25, 0x80, 0x05, 0x26, 0x80, 0x05, 0x27, 0x80, 0x05, 0x28, 0x80, 0x05, 0x29, 0x80, 0x05, 0x2a, 0x80, 0x05, 0x2b, 0x80, 0x05, 0x2c, 0x80, 0x05, 0x2d, 0x80, 0x05, 0x2e, 0x80, 0x05, 0x2f, 0x80, 0x05, 0x30, 0x80, 0x05, 0x31, 0x80, 0x05, 0x32, 0x80, 0x05, 0x33, 0x80, 0x05, 0x34, 0x80, 0x05, 0x35, 0x80, 0x05, 0x36, 0x80, 0x05, 0x37, 0x80, 0x05, 0x38, 0x80, 0x05, 0x39, 0x80, 0x05, 0x3a, 0x80, 0x05, 0x3b, 0x80, 0x05, 0x3c, 0x80, 0x05, 0x3d, 0x80, 0x05, 0x3e, 0x80, 0x05, 0x3f, 0x80, 0x05, 0x40, 0x80, 0x05, 0x41, 0x80, 0x05, 0x42, 0x80, 0x05, 0x43, 0x80, 0x[0m
[0;34m[1784835017.333] [17986:17988] [DMG] 					] (583 bytes)[0m
[0;34m[1784835017.333] [17986:17988] [DMG] 					0x1 = [[0m
[0;34m[1784835017.333] [17986:17988] [DMG] 							0x49, 0xdb, 0x2e, 0x69, 0x23, 0x49, 0xfc, 0x82, 0x78, 0xd9, 0x32, 0x8c, 0x72, 0x22, 0xa5, 0xe8, 0x10, 0x8b, 0x35, 0xd8, 0xbc, 0x64, 0x7a, 0x2d, 0xf1, 0xa4, 0x19, 0x91, 0x41, 0x25, 0xf3, 0xb4, 0x4d, 0x73, 0x6d, 0x72, 0xfe, 0x96, 0xa1, 0xc9, 0x53, 0xa6, 0x37, 0xc9, 0x05, 0x72, 0x33, 0x6e, 0x65, 0x43, 0x5c, 0x86, 0x34, 0xc7, 0x15, 0xf8, 0xfe, 0xb9, 0x86, 0x44, 0x59, 0x1d, 0xb3, 0x46, [0m
[0;34m[1784835017.333] [17986:17988] [DMG] 					] (64 bytes)[0m
[0;34m[1784835017.333] [17986:17988] [DMG] 				},[0m
[0;34m[1784835017.333] [17986:17988] [DMG] 			},[0m
[0;34m[1784835017.333] [17986:17988] [DMG] 			[0m
[0;34m[1784835017.333] [17986:17988] [DMG] 		},[0m
[0;34m[1784835017.333] [17986:17988] [DMG] 		[0m
[0;34m[1784835017.333] [17986:17988] [DMG] 	],[0m
[0;34m[1784835017.333] [17986:17988] [DMG] 	[0m
[0;34m[1784835017.333] [17986:17988] [DMG] 	InteractionModelRevision = 12[0m
[0;34m[1784835017.333] [17986:17988] [DMG] },[0m
[0;32m[1784835017.333] [17986:17988] [DMG] Received Command Response Data, Endpoint=0 Cluster=0x0000_003E Command=0x0000_0001[0m
[0;32m[1784835017.333] [17986:17988] [CTL] Received Attestation Information from the device[0m
[0;32m[1784835017.333] [17986:17988] [CTL] Successfully finished commissioning step 'SendAttestationRequest'[0m
[0;34m[1784835017.333] [17986:17988] [CTL] AutoCommissioner setting attestationElements buffer size 583/583[0m
[0;32m[1784835017.333] [17986:17988] [CTL] Commissioning stage next step: 'SendAttestationRequest' -> 'AttestationVerification'[0m
[0;32m[1784835017.333] [17986:17988] [CTL] Performing next commissioning step 'AttestationVerification'[0m
[0;34m[1784835017.333] [17986:17988] [TOO] Starting commissioning stage 'AttestationVerification'[0m
[0;32m[1784835017.333] [17986:17988] [CTL] Verifying Device Attestation information received from the device[0m
[0;32m[1784835017.336] [17986:17988] [-] Device candidate DAC chain details:[0m
[0;32m[1784835017.336] [17986:17988] [-] --> DAC's VID: 0xFFF1, PID: 0x8001[0m
[0;32m[1784835017.336] [17986:17988] [-] ==== DAC certificate considered (491 bytes) ====[0m
[0;32m[1784835017.336] [17986:17988] [-] -----BEGIN CERTIFICATE-----[0m
[0;32m[1784835017.336] [17986:17988] [-] MIIB5zCCAY6gAwIBAgIIac3xDenlTtEwCgYIKoZIzj0EAwIwPTElMCMGA1UEAwwc[0m
[0;32m[1784835017.336] [17986:17988] [-] TWF0dGVyIERldiBQQUkgMHhGRkYxIG5vIFBJRDEUMBIGCisGAQQBgqJ8AgEMBEZG[0m
[0;32m[1784835017.336] [17986:17988] [-] RjEwIBcNMjIwMjA1MDAwMDAwWhgPOTk5OTEyMzEyMzU5NTlaMFMxJTAjBgNVBAMM[0m
[0;32m[1784835017.336] [17986:17988] [-] HE1hdHRlciBEZXYgREFDIDB4RkZGMS8weDgwMDExFDASBgorBgEEAYKifAIBDARG[0m
[0;32m[1784835017.336] [17986:17988] [-] RkYxMRQwEgYKKwYBBAGConwCAgwEODAwMTBZMBMGByqGSM49AgEGCCqGSM49AwEH[0m
[0;32m[1784835017.336] [17986:17988] [-] A0IABEY6xpNCkQoOVYj8b/Vrtj5i7M7LFI99TrA+5VJgFBV2fRalxmP3k+SRIyYL[0m
[0;32m[1784835017.336] [17986:17988] [-] gpenzX58/HsxaznZjpDSk3dzjoKjYDBeMAwGA1UdEwEB/wQCMAAwDgYDVR0PAQH/[0m
[0;32m[1784835017.336] [17986:17988] [-] BAQDAgeAMB0GA1UdDgQWBBSI3eezADgpMs/3NMBGJIEPRBaKbzAfBgNVHSMEGDAW[0m
[0;32m[1784835017.336] [17986:17988] [-] gBRjVA5H9kscONE4hKRi0WwZXY/7PDAKBggqhkjOPQQDAgNHADBEAiABJ6J7S0Rh[0m
[0;32m[1784835017.336] [17986:17988] [-] DuL83E0reIVWNmC8D3bxchntagjfsrPBzQIga1ngr0Xz6yqFuRnTVzFSjGAoxBUj[0m
[0;32m[1784835017.336] [17986:17988] [-] lUXhCOTlTnCXE1M=[0m
[0;32m[1784835017.336] [17986:17988] [-] -----END CERTIFICATE-----[0m
[0;32m[1784835017.336] [17986:17988] [-] --> DAC certificate SKID: 88:DD:E7:B3:00:38:29:32:CF:F7:34:C0:46:24:81:0F:44:16:8A:6F[0m
[0;32m[1784835017.337] [17986:17988] [-] --> DAC certificate AKID: 63:54:0E:47:F6:4B:1C:38:D1:38:84:A4:62:D1:6C:19:5D:8F:FB:3C[0m
[0;32m[1784835017.337] [17986:17988] [-] ==== PAI certificate considered (463 bytes) ====[0m
[0;32m[1784835017.337] [17986:17988] [-] -----BEGIN CERTIFICATE-----[0m
[0;32m[1784835017.337] [17986:17988] [-] MIIByzCCAXGgAwIBAgIIVq2CIq2UW2QwCgYIKoZIzj0EAwIwMDEYMBYGA1UEAwwP[0m
[0;32m[1784835017.337] [17986:17988] [-] TWF0dGVyIFRlc3QgUEFBMRQwEgYKKwYBBAGConwCAQwERkZGMTAgFw0yMjAyMDUw[0m
[0;32m[1784835017.337] [17986:17988] [-] MDAwMDBaGA85OTk5MTIzMTIzNTk1OVowPTElMCMGA1UEAwwcTWF0dGVyIERldiBQ[0m
[0;32m[1784835017.337] [17986:17988] [-] QUkgMHhGRkYxIG5vIFBJRDEUMBIGCisGAQQBgqJ8AgEMBEZGRjEwWTATBgcqhkjO[0m
[0;32m[1784835017.337] [17986:17988] [-] PQIBBggqhkjOPQMBBwNCAARBmpMVwhc+DIyHbQPM/JRIUmR/f+xeUIL0BZko7KiU[0m
[0;32m[1784835017.337] [17986:17988] [-] xZQVEwmsYx5MsDOSr2hLC6+35ls7gWLC9Sv5MbjneqqCo2YwZDASBgNVHRMBAf8E[0m
[0;32m[1784835017.337] [17986:17988] [-] CDAGAQH/AgEAMA4GA1UdDwEB/wQEAwIBBjAdBgNVHQ4EFgQUY1QOR/ZLHDjROISk[0m
[0;32m[1784835017.337] [17986:17988] [-] YtFsGV2P+zwwHwYDVR0jBBgwFoAUav0idx9RH+y/FkGXZxDc3DGhcX4wCgYIKoZI[0m
[0;32m[1784835017.337] [17986:17988] [-] zj0EAwIDSAAwRQIhALLvJ/Sa6bUPuR7qyUxNC9u415KcbLiPrOUpNo0SBUwMAiBl[0m
[0;32m[1784835017.337] [17986:17988] [-] Xckrhr2QmIKmxiF3uCXX0F7b58Ivn+pxIg5+pwP4kQ==[0m
[0;32m[1784835017.337] [17986:17988] [-] -----END CERTIFICATE-----[0m
[0;32m[1784835017.337] [17986:17988] [-] --> PAI certificate SKID: 63:54:0E:47:F6:4B:1C:38:D1:38:84:A4:62:D1:6C:19:5D:8F:FB:3C[0m
[0;32m[1784835017.337] [17986:17988] [-] --> PAI certificate AKID: 6A:FD:22:77:1F:51:1F:EC:BF:16:41:97:67:10:DC:DC:31:A1:71:7E[0m
[0;32m[1784835017.338] [17986:17988] [-] ==== PAA certificate considered (449 bytes) ====[0m
[0;32m[1784835017.338] [17986:17988] [-] -----BEGIN CERTIFICATE-----[0m
[0;32m[1784835017.338] [17986:17988] [-] MIIBvTCCAWSgAwIBAgIITqjoMYLUHBwwCgYIKoZIzj0EAwIwMDEYMBYGA1UEAwwP[0m
[0;32m[1784835017.338] [17986:17988] [-] TWF0dGVyIFRlc3QgUEFBMRQwEgYKKwYBBAGConwCAQwERkZGMTAgFw0yMTA2Mjgx[0m
[0;32m[1784835017.338] [17986:17988] [-] NDIzNDNaGA85OTk5MTIzMTIzNTk1OVowMDEYMBYGA1UEAwwPTWF0dGVyIFRlc3Qg[0m
[0;32m[1784835017.338] [17986:17988] [-] UEFBMRQwEgYKKwYBBAGConwCAQwERkZGMTBZMBMGByqGSM49AgEGCCqGSM49AwEH[0m
[0;32m[1784835017.338] [17986:17988] [-] A0IABLbLY3KIfyko9brIGqnZOuJDHK2p154kL2UXfvnO2TKijs0Duq9qj8oYShpQ[0m
[0;32m[1784835017.338] [17986:17988] [-] NUKWDUU/MD8fGUIddR6Pjxqam3WjZjBkMBIGA1UdEwEB/wQIMAYBAf8CAQEwDgYD[0m
[0;32m[1784835017.338] [17986:17988] [-] VR0PAQH/BAQDAgEGMB0GA1UdDgQWBBRq/SJ3H1Ef7L8WQZdnENzcMaFxfjAfBgNV[0m
[0;32m[1784835017.338] [17986:17988] [-] HSMEGDAWgBRq/SJ3H1Ef7L8WQZdnENzcMaFxfjAKBggqhkjOPQQDAgNHADBEAiBQ[0m
[0;32m[1784835017.338] [17986:17988] [-] qoAC9NkyqaAFOPZTaK0P/8jvu8m+t9pWmDXPmqdRDgIgI7rI/g8j51RFtlM5CBpH[0m
[0;32m[1784835017.338] [17986:17988] [-] mUkpxyqvChVI1A0DTVFLJd4=[0m
[0;32m[1784835017.338] [17986:17988] [-] -----END CERTIFICATE-----[0m
[0;32m[1784835017.339] [17986:17988] [-] --> PAA certificate SKID: 6A:FD:22:77:1F:51:1F:EC:BF:16:41:97:67:10:DC:DC:31:A1:71:7E[0m
[0;32m[1784835017.339] [17986:17988] [-] --> PAA certificate AKID: 6A:FD:22:77:1F:51:1F:EC:BF:16:41:97:67:10:DC:DC:31:A1:71:7E[0m
[0;32m[1784835017.340] [17986:17988] [-] CD signing key identifier: FE:34:3F:95:99:47:76:3B:61:EE:45:39:13:13:38:49:4F:E6:7D:8E[0m
[0;32m[1784835017.341] [17986:17988] [-] Certification type 0[0m
[0;32m[1784835017.341] [17986:17988] [-] Device certification declaration details:[0m
[0;32m[1784835017.341] [17986:17988] [-] --> VID: 0xFFF1[0m
[0;32m[1784835017.341] [17986:17988] [-] --> Device type ID: 0x0000_0016[0m
[0;32m[1784835017.341] [17986:17988] [-] --> Certification type: 0 (Development and testing)[0m
[0;32m[1784835017.341] [17986:17988] [CTL] Successfully finished commissioning step 'AttestationVerification'[0m
[0;32m[1784835017.341] [17986:17988] [CTL] Commissioning stage next step: 'AttestationVerification' -> 'AttestationRevocationCheck'[0m
[0;32m[1784835017.341] [17986:17988] [CTL] Performing next commissioning step 'AttestationRevocationCheck'[0m
[0;34m[1784835017.341] [17986:17988] [TOO] Starting commissioning stage 'AttestationRevocationCheck'[0m
[0;32m[1784835017.341] [17986:17988] [CTL] Verifying the device's DAC chain revocation status[0m
[0;32m[1784835017.341] [17986:17988] [-] WARNING: No revocation delegate available. Revocation checks will be skipped![0m
[0;32m[1784835017.341] [17986:17988] [CTL] Successfully validated 'Attestation Information' command received from the device.[0m
[0;32m[1784835017.341] [17986:17988] [CTL] Successfully finished commissioning step 'AttestationRevocationCheck'[0m
[0;32m[1784835017.341] [17986:17988] [CTL] Commissioning stage next step: 'AttestationRevocationCheck' -> 'SendOpCertSigningRequest'[0m
[0;32m[1784835017.341] [17986:17988] [CTL] Performing next commissioning step 'SendOpCertSigningRequest'[0m
[0;34m[1784835017.341] [17986:17988] [TOO] Starting commissioning stage 'SendOpCertSigningRequest'[0m
[0;34m[1784835017.341] [17986:17988] [CTL] Sending CSR request to 0x7930ec033e20 device[0m
[0;34m[1784835017.341] [17986:17988] [DMG] ICR moving to [AddingComm][0m
[0;34m[1784835017.341] [17986:17988] [DMG] ICR moving to [AddedComma][0m
[0;32m[1784835017.341] [17986:17988] [EM] <<< [E:53916i S:31768 M:94449014] (S) Msg TX from 0000000000000000 to 0:FFFFFFFB00000000 [0000] [UDP:[fe80::bfe:a203:38f0:bce7%enp0s3]:5540] --- Type 0001:08 (IM:InvokeCommandRequest) (B:94)[0m
[0;32m[1784835017.341] [17986:17988] [EM] ??1 [E:53916i S:31768 M:94449014] (S) Msg Retransmission to 0:FFFFFFFB00000000 scheduled for 350ms from now [State:Active II:500 AI:300 AT:4000][0m
[0;34m[1784835017.341] [17986:17988] [DMG] ICR moving to [AwaitingRe][0m
[0;34m[1784835017.341] [17986:17988] [CTL] Sent CSR request, waiting for the CSR[0m
[0;34m[1784835017.341] [17986:17988] [DMG] ICR moving to [AwaitingDe][0m
[0;32m[1784835017.341] [17986:17988] [EM] <<< [E:53915i S:31768 M:94449015 (Ack:236805949)] (S) Msg TX from 0000000000000000 to 0:FFFFFFFB00000000 [0000] [UDP:[fe80::bfe:a203:38f0:bce7%enp0s3]:5540] --- Type 0000:10 (SecureChannel:StandaloneAck) (B:34)[0m
[0;34m[1784835017.341] [17986:17988] [EM] Flushed pending ack for MessageCounter:236805949 on exchange 53915i[0m
[0;32m[1784835017.341] [17986:17988] [EM] >>> [E:53916i S:31768 M:236805950 (Ack:94449014)] (S) Msg RX from 0:FFFFFFFB00000000 [0000] to 0000000000000000 --- Type 0001:09 (IM:InvokeCommandResponse) (B:377)[0m
[0;34m[1784835017.341] [17986:17988] [EM] Found matching exchange: 53916i, Delegate: 0x7930ec0382d8[0m
[0;34m[1784835017.341] [17986:17988] [EM] Rxd Ack; Removing MessageCounter:94449014 from Retrans Table on exchange 53916i[0m
[0;34m[1784835017.341] [17986:17988] [DMG] ICR moving to [ResponseRe][0m
[0;34m[1784835017.341] [17986:17988] [DMG] InvokeResponseMessage =[0m
[0;34m[1784835017.341] [17986:17988] [DMG] {[0m
[0;34m[1784835017.341] [17986:17988] [DMG] 	suppressResponse = false, [0m
[0;34m[1784835017.341] [17986:17988] [DMG] 	InvokeResponseIBs =[0m
[0;34m[1784835017.341] [17986:17988] [DMG] 	[[0m
[0;34m[1784835017.341] [17986:17988] [DMG] 		InvokeResponseIB =[0m
[0;34m[1784835017.341] [17986:17988] [DMG] 		{[0m
[0;34m[1784835017.341] [17986:17988] [DMG] 			CommandDataIB =[0m
[0;34m[1784835017.341] [17986:17988] [DMG] 			{[0m
[0;34m[1784835017.341] [17986:17988] [DMG] 				CommandPathIB =[0m
[0;34m[1784835017.341] [17986:17988] [DMG] 				{[0m
[0;34m[1784835017.341] [17986:17988] [DMG] 					EndpointId = 0x0,[0m
[0;34m[1784835017.341] [17986:17988] [DMG] 					ClusterId = 0x3e,[0m
[0;34m[1784835017.341] [17986:17988] [DMG] 					CommandId = 0x5,[0m
[0;34m[1784835017.341] [17986:17988] [DMG] 				},[0m
[0;34m[1784835017.341] [17986:17988] [DMG] 				[0m
[0;34m[1784835017.341] [17986:17988] [DMG] 				CommandFields = [0m
[0;34m[1784835017.341] [17986:17988] [DMG] 				{[0m
[0;34m[1784835017.341] [17986:17988] [DMG] 					0x0 = [[0m
[0;34m[1784835017.341] [17986:17988] [DMG] 							0x15, 0x30, 0x01, 0xcb, 0x30, 0x81, 0xc8, 0x30, 0x70, 0x02, 0x01, 0x00, 0x30, 0x0e, 0x31, 0x0c, 0x30, 0x0a, 0x06, 0x03, 0x55, 0x04, 0x0a, 0x0c, 0x03, 0x43, 0x53, 0x52, 0x30, 0x59, 0x30, 0x13, 0x06, 0x07, 0x2a, 0x86, 0x48, 0xce, 0x3d, 0x02, 0x01, 0x06, 0x08, 0x2a, 0x86, 0x48, 0xce, 0x3d, 0x03, 0x01, 0x07, 0x03, 0x42, 0x00, 0x04, 0xdc, 0x8e, 0xaf, 0xc9, 0x4d, 0xf3, 0x53, 0x0b, 0xf8, 0x2d, 0xa4, 0x6f, 0x2e, 0xce, 0x65, 0xf7, 0x69, 0x91, 0xee, 0xbe, 0x87, 0xe1, 0x64, 0x56, 0xda, 0x92, 0x5d, 0x4e, 0xeb, 0xd3, 0x84, 0x5e, 0x44, 0xf1, 0x2c, 0xee, 0x40, 0x63, 0x9c, 0x16, 0xf0, 0x11, 0x21, 0x3f, 0xde, 0xf1, 0x75, 0xab, 0xfb, 0x23, 0xf6, 0x61, 0xf7, 0xf3, 0xc1, 0x2d, 0x00, 0x39, 0x29, 0x0e, 0x0b, 0x3b, 0x30, 0x44, 0xa0, 0x00, 0x30, 0x0a, 0x06, 0x08, 0x2a, 0x86, 0x48, 0xce, 0x3d, 0x04, 0x03, 0x02, 0x03, 0x48, 0x00, 0x30, 0x45, 0x02, 0x20, 0x4e, 0xf0, 0x3d, 0x2c, 0xb7, 0x94, 0x59, 0x5b, 0x5f, 0xed, 0x0d, 0xee, 0x23, 0x14, 0x20, 0x1a, 0x9e, 0x58, 0xda, 0xba, 0x6f, 0x1f, 0x4d, 0x13, 0xde, 0x8c, 0x3d, 0xca, 0x79, 0xf9, 0x6b, 0xbe, 0x02, 0x21, 0x00, 0xe0, 0x17, 0x63, 0xa8, 0x31, 0x3e, 0x20, 0x57, 0xe7, 0x3d, 0x9e, 0x5a, 0x07, 0xc8, 0x72, 0xf4, 0x81, 0x5e, 0x7b, 0x98, 0xb8, 0x74, 0xe4, 0xa5, 0x0e, 0x36, 0x42, 0xe2, 0x5b, 0xd3, 0x40, 0xf1, 0x30, 0x02, 0x20, 0x42, 0xca, 0xc0, 0x4a, 0x7f, 0x27, 0xc9, 0xde, 0x9a, 0xb9, 0x9c, 0x77, 0xb4, 0x83, 0xfd, 0x7c, 0x50, 0x32, 0xfe, 0x03, 0xf1, 0xc5, 0x1e, 0x1d, 0x16, 0xa1, 0xd0, 0xa6, 0x21, 0x2c, 0x45, 0xe1, 0x18, [0m
[0;34m[1784835017.341] [17986:17988] [DMG] 					] (243 bytes)[0m
[0;34m[1784835017.341] [17986:17988] [DMG] 					0x1 = [[0m
[0;34m[1784835017.341] [17986:17988] [DMG] 							0x3f, 0xb7, 0xa6, 0xbc, 0xd7, 0x03, 0xed, 0xcb, 0xce, 0x14, 0x64, 0x30, 0x13, 0xa9, 0x93, 0x9d, 0x53, 0x7a, 0x53, 0xb3, 0x1d, 0xc4, 0x6a, 0x40, 0x44, 0x3e, 0xc7, 0x44, 0x05, 0x9f, 0x3f, 0x34, 0x97, 0x30, 0x23, 0xa8, 0xc9, 0x95, 0x0b, 0xe2, 0x8b, 0xb6, 0x01, 0x3c, 0xed, 0xbb, 0xc0, 0x0d, 0x60, 0x2e, 0x27, 0x0a, 0xb5, 0x7a, 0xbf, 0x15, 0x9a, 0xf9, 0x46, 0x05, 0x43, 0x90, 0x46, 0x79, [0m
[0;34m[1784835017.341] [17986:17988] [DMG] 					] (64 bytes)[0m
[0;34m[1784835017.341] [17986:17988] [DMG] 				},[0m
[0;34m[1784835017.341] [17986:17988] [DMG] 			},[0m
[0;34m[1784835017.341] [17986:17988] [DMG] 			[0m
[0;34m[1784835017.341] [17986:17988] [DMG] 		},[0m
[0;34m[1784835017.341] [17986:17988] [DMG] 		[0m
[0;34m[1784835017.341] [17986:17988] [DMG] 	],[0m
[0;34m[1784835017.341] [17986:17988] [DMG] 	[0m
[0;34m[1784835017.341] [17986:17988] [DMG] 	InteractionModelRevision = 12[0m
[0;34m[1784835017.341] [17986:17988] [DMG] },[0m
[0;32m[1784835017.341] [17986:17988] [DMG] Received Command Response Data, Endpoint=0 Cluster=0x0000_003E Command=0x0000_0005[0m
[0;32m[1784835017.341] [17986:17988] [CTL] Received certificate signing request from the device[0m
[0;32m[1784835017.341] [17986:17988] [CTL] Successfully finished commissioning step 'SendOpCertSigningRequest'[0m
[0;32m[1784835017.341] [17986:17988] [CTL] Commissioning stage next step: 'SendOpCertSigningRequest' -> 'ValidateCSR'[0m
[0;32m[1784835017.341] [17986:17988] [CTL] Performing next commissioning step 'ValidateCSR'[0m
[0;34m[1784835017.341] [17986:17988] [TOO] Starting commissioning stage 'ValidateCSR'[0m
[0;32m[1784835017.342] [17986:17988] [CTL] Successfully finished commissioning step 'ValidateCSR'[0m
[0;32m[1784835017.342] [17986:17988] [CTL] Commissioning stage next step: 'ValidateCSR' -> 'GenerateNOCChain'[0m
[0;32m[1784835017.342] [17986:17988] [CTL] Performing next commissioning step 'GenerateNOCChain'[0m
[0;34m[1784835017.342] [17986:17988] [TOO] Starting commissioning stage 'GenerateNOCChain'[0m
[0;32m[1784835017.342] [17986:17988] [CTL] Getting certificate chain for the device from the issuer[0m
[0;32m[1784835017.343] [17986:17988] [CTL] Verifying Certificate Signing Request[0m
[0;32m[1784835017.343] [17986:17988] [CTL] Generating NOC[0m
[0;32m[1784835017.343] [17986:17988] [CTL] Providing certificate chain to the commissioner[0m
[0;32m[1784835017.343] [17986:17988] [CTL] Received callback from the CA for NOC Chain generation. Status: Success[0m
[0;32m[1784835017.343] [17986:17988] [CTL] Successfully finished commissioning step 'GenerateNOCChain'[0m
[0;32m[1784835017.343] [17986:17988] [CTL] Performing next commissioning step 'SendTrustedRootCert'[0m
[0;34m[1784835017.343] [17986:17988] [TOO] Starting commissioning stage 'SendTrustedRootCert'[0m
[0;32m[1784835017.343] [17986:17988] [CTL] Sending root certificate to the device[0m
[0;34m[1784835017.343] [17986:17988] [DMG] ICR moving to [AddingComm][0m
[0;34m[1784835017.343] [17986:17988] [DMG] ICR moving to [AddedComma][0m
[0;32m[1784835017.343] [17986:17988] [EM] <<< [E:53917i S:31768 M:94449016] (S) Msg TX from 0000000000000000 to 0:FFFFFFFB00000000 [0000] [UDP:[fe80::bfe:a203:38f0:bce7%enp0s3]:5540] --- Type 0001:08 (IM:InvokeCommandRequest) (B:293)[0m
[0;32m[1784835017.343] [17986:17988] [EM] ??1 [E:53917i S:31768 M:94449016] (S) Msg Retransmission to 0:FFFFFFFB00000000 scheduled for 337ms from now [State:Active II:500 AI:300 AT:4000][0m
[0;34m[1784835017.343] [17986:17988] [DMG] ICR moving to [AwaitingRe][0m
[0;32m[1784835017.343] [17986:17988] [CTL] Sent root certificate to the device[0m
[0;34m[1784835017.343] [17986:17988] [DMG] ICR moving to [AwaitingDe][0m
[0;32m[1784835017.343] [17986:17988] [EM] <<< [E:53916i S:31768 M:94449017 (Ack:236805950)] (S) Msg TX from 0000000000000000 to 0:FFFFFFFB00000000 [0000] [UDP:[fe80::bfe:a203:38f0:bce7%enp0s3]:5540] --- Type 0000:10 (SecureChannel:StandaloneAck) (B:34)[0m
[0;34m[1784835017.343] [17986:17988] [EM] Flushed pending ack for MessageCounter:236805950 on exchange 53916i[0m
[0;32m[1784835017.344] [17986:17988] [EM] >>> [E:53917i S:31768 M:236805951 (Ack:94449016)] (S) Msg RX from 0:FFFFFFFB00000000 [0000] to 0000000000000000 --- Type 0001:09 (IM:InvokeCommandResponse) (B:67)[0m
[0;34m[1784835017.344] [17986:17988] [EM] Found matching exchange: 53917i, Delegate: 0x7930ec035088[0m
[0;34m[1784835017.344] [17986:17988] [EM] Rxd Ack; Removing MessageCounter:94449016 from Retrans Table on exchange 53917i[0m
[0;34m[1784835017.344] [17986:17988] [DMG] ICR moving to [ResponseRe][0m
[0;34m[1784835017.344] [17986:17988] [DMG] InvokeResponseMessage =[0m
[0;34m[1784835017.344] [17986:17988] [DMG] {[0m
[0;34m[1784835017.344] [17986:17988] [DMG] 	suppressResponse = false, [0m
[0;34m[1784835017.344] [17986:17988] [DMG] 	InvokeResponseIBs =[0m
[0;34m[1784835017.344] [17986:17988] [DMG] 	[[0m
[0;34m[1784835017.344] [17986:17988] [DMG] 		InvokeResponseIB =[0m
[0;34m[1784835017.344] [17986:17988] [DMG] 		{[0m
[0;34m[1784835017.344] [17986:17988] [DMG] 			CommandStatusIB =[0m
[0;34m[1784835017.344] [17986:17988] [DMG] 			{[0m
[0;34m[1784835017.344] [17986:17988] [DMG] 				CommandPathIB =[0m
[0;34m[1784835017.344] [17986:17988] [DMG] 				{[0m
[0;34m[1784835017.344] [17986:17988] [DMG] 					EndpointId = 0x0,[0m
[0;34m[1784835017.344] [17986:17988] [DMG] 					ClusterId = 0x3e,[0m
[0;34m[1784835017.344] [17986:17988] [DMG] 					CommandId = 0xb,[0m
[0;34m[1784835017.344] [17986:17988] [DMG] 				},[0m
[0;34m[1784835017.344] [17986:17988] [DMG] 				[0m
[0;34m[1784835017.344] [17986:17988] [DMG] 				StatusIB =[0m
[0;34m[1784835017.344] [17986:17988] [DMG] 				{[0m
[0;34m[1784835017.344] [17986:17988] [DMG] 					status = 0x00 (SUCCESS),[0m
[0;34m[1784835017.344] [17986:17988] [DMG] 				},[0m
[0;34m[1784835017.344] [17986:17988] [DMG] 				[0m
[0;34m[1784835017.344] [17986:17988] [DMG] 			},[0m
[0;34m[1784835017.344] [17986:17988] [DMG] 			[0m
[0;34m[1784835017.344] [17986:17988] [DMG] 		},[0m
[0;34m[1784835017.344] [17986:17988] [DMG] 		[0m
[0;34m[1784835017.344] [17986:17988] [DMG] 	],[0m
[0;34m[1784835017.344] [17986:17988] [DMG] 	[0m
[0;34m[1784835017.344] [17986:17988] [DMG] 	InteractionModelRevision = 12[0m
[0;34m[1784835017.344] [17986:17988] [DMG] },[0m
[0;32m[1784835017.344] [17986:17988] [DMG] Received Command Response Status for Endpoint=0 Cluster=0x0000_003E Command=0x0000_000B Status=0x0[0m
[0;32m[1784835017.344] [17986:17988] [CTL] Device confirmed that it has received the root certificate[0m
[0;32m[1784835017.344] [17986:17988] [CTL] Successfully finished commissioning step 'SendTrustedRootCert'[0m
[0;32m[1784835017.344] [17986:17988] [CTL] Commissioning stage next step: 'SendTrustedRootCert' -> 'SendNOC'[0m
[0;32m[1784835017.344] [17986:17988] [CTL] Performing next commissioning step 'SendNOC'[0m
[0;34m[1784835017.344] [17986:17988] [TOO] Starting commissioning stage 'SendNOC'[0m
[0;34m[1784835017.344] [17986:17988] [DMG] ICR moving to [AddingComm][0m
[0;34m[1784835017.344] [17986:17988] [DMG] ICR moving to [AddedComma][0m
[0;32m[1784835017.344] [17986:17988] [EM] <<< [E:53918i S:31768 M:94449018] (S) Msg TX from 0000000000000000 to 0:FFFFFFFB00000000 [0000] [UDP:[fe80::bfe:a203:38f0:bce7%enp0s3]:5540] --- Type 0001:08 (IM:InvokeCommandRequest) (B:566)[0m
[0;32m[1784835017.344] [17986:17988] [EM] ??1 [E:53918i S:31768 M:94449018] (S) Msg Retransmission to 0:FFFFFFFB00000000 scheduled for 366ms from now [State:Active II:500 AI:300 AT:4000][0m
[0;34m[1784835017.344] [17986:17988] [DMG] ICR moving to [AwaitingRe][0m
[0;32m[1784835017.344] [17986:17988] [CTL] Sent operational certificate to the device[0m
[0;34m[1784835017.344] [17986:17988] [DMG] ICR moving to [AwaitingDe][0m
[0;32m[1784835017.344] [17986:17988] [EM] <<< [E:53917i S:31768 M:94449019 (Ack:236805951)] (S) Msg TX from 0000000000000000 to 0:FFFFFFFB00000000 [0000] [UDP:[fe80::bfe:a203:38f0:bce7%enp0s3]:5540] --- Type 0000:10 (SecureChannel:StandaloneAck) (B:34)[0m
[0;34m[1784835017.344] [17986:17988] [EM] Flushed pending ack for MessageCounter:236805951 on exchange 53917i[0m
[0;32m[1784835017.354] [17986:17988] [EM] >>> [E:53918i S:31768 M:236805952 (Ack:94449018)] (S) Msg RX from 0:FFFFFFFB00000000 [0000] to 0000000000000000 --- Type 0001:09 (IM:InvokeCommandResponse) (B:70)[0m
[0;34m[1784835017.354] [17986:17988] [EM] Found matching exchange: 53918i, Delegate: 0x7930ec0382d8[0m
[0;34m[1784835017.354] [17986:17988] [EM] Rxd Ack; Removing MessageCounter:94449018 from Retrans Table on exchange 53918i[0m
[0;34m[1784835017.354] [17986:17988] [DMG] ICR moving to [ResponseRe][0m
[0;34m[1784835017.354] [17986:17988] [DMG] InvokeResponseMessage =[0m
[0;34m[1784835017.354] [17986:17988] [DMG] {[0m
[0;34m[1784835017.354] [17986:17988] [DMG] 	suppressResponse = false, [0m
[0;34m[1784835017.354] [17986:17988] [DMG] 	InvokeResponseIBs =[0m
[0;34m[1784835017.354] [17986:17988] [DMG] 	[[0m
[0;34m[1784835017.354] [17986:17988] [DMG] 		InvokeResponseIB =[0m
[0;34m[1784835017.354] [17986:17988] [DMG] 		{[0m
[0;34m[1784835017.354] [17986:17988] [DMG] 			CommandDataIB =[0m
[0;34m[1784835017.354] [17986:17988] [DMG] 			{[0m
[0;34m[1784835017.354] [17986:17988] [DMG] 				CommandPathIB =[0m
[0;34m[1784835017.354] [17986:17988] [DMG] 				{[0m
[0;34m[1784835017.354] [17986:17988] [DMG] 					EndpointId = 0x0,[0m
[0;34m[1784835017.354] [17986:17988] [DMG] 					ClusterId = 0x3e,[0m
[0;34m[1784835017.354] [17986:17988] [DMG] 					CommandId = 0x8,[0m
[0;34m[1784835017.354] [17986:17988] [DMG] 				},[0m
[0;34m[1784835017.354] [17986:17988] [DMG] 				[0m
[0;34m[1784835017.354] [17986:17988] [DMG] 				CommandFields = [0m
[0;34m[1784835017.354] [17986:17988] [DMG] 				{[0m
[0;34m[1784835017.354] [17986:17988] [DMG] 					0x0 = 0 (unsigned), [0m
[0;34m[1784835017.354] [17986:17988] [DMG] 					0x1 = 1 (unsigned), [0m
[0;34m[1784835017.354] [17986:17988] [DMG] 				},[0m
[0;34m[1784835017.354] [17986:17988] [DMG] 			},[0m
[0;34m[1784835017.354] [17986:17988] [DMG] 			[0m
[0;34m[1784835017.354] [17986:17988] [DMG] 		},[0m
[0;34m[1784835017.354] [17986:17988] [DMG] 		[0m
[0;34m[1784835017.354] [17986:17988] [DMG] 	],[0m
[0;34m[1784835017.354] [17986:17988] [DMG] 	[0m
[0;34m[1784835017.354] [17986:17988] [DMG] 	InteractionModelRevision = 12[0m
[0;34m[1784835017.354] [17986:17988] [DMG] },[0m
[0;32m[1784835017.354] [17986:17988] [DMG] Received Command Response Data, Endpoint=0 Cluster=0x0000_003E Command=0x0000_0008[0m
[0;32m[1784835017.354] [17986:17988] [CTL] Device returned status 0 on receiving the NOC[0m
[0;32m[1784835017.354] [17986:17988] [CTL] Operational credentials provisioned on device 0x7930ec033e20[0m
[0;32m[1784835017.354] [17986:17988] [TOO] Secure Pairing Success[0m
[0;32m[1784835017.354] [17986:17988] [TOO] CASE establishment successful[0m
[0;32m[1784835017.354] [17986:17988] [CTL] Successfully finished commissioning step 'SendNOC'[0m
[0;32m[1784835017.354] [17986:17988] [CTL] Commissioning stage next step: 'SendNOC' -> 'EvictPreviousCaseSessions'[0m
[0;32m[1784835017.354] [17986:17988] [CTL] Performing next commissioning step 'EvictPreviousCaseSessions'[0m
[0;34m[1784835017.354] [17986:17988] [TOO] Starting commissioning stage 'EvictPreviousCaseSessions'[0m
[0;34m[1784835017.354] [17986:17988] [IN] Expiring all sessions for node <0000000000000001, 1>!![0m
[0;32m[1784835017.354] [17986:17988] [CTL] Successfully finished commissioning step 'EvictPreviousCaseSessions'[0m
[0;32m[1784835017.354] [17986:17988] [CTL] Commissioning stage next step: 'EvictPreviousCaseSessions' -> 'FindOperationalForStayActive'[0m
[0;32m[1784835017.354] [17986:17988] [CTL] Performing next commissioning step 'FindOperationalForStayActive'[0m
[0;34m[1784835017.354] [17986:17988] [TOO] Starting commissioning stage 'FindOperationalForStayActive'[0m
[0;34m[1784835017.354] [17986:17988] [CSM] FindOrEstablishSession: PeerId = [1:0000000000000001][0m
[0;34m[1784835017.354] [17986:17988] [CSM] FindOrEstablishSession: No existing OperationalSessionSetup instance found[0m
[0;34m[1784835017.354] [17986:17988] [DIS] OperationalSessionSetup[1:0000000000000001]: State change 1 --> 2[0m
[0;32m[1784835017.354] [17986:17988] [DIS] Lookup started for 5B7C5CB04079BE19-0000000000000001[0m
[0;34m[1784835017.354] [17986:17988] [DMG] ICR moving to [AwaitingDe][0m
[0;32m[1784835017.354] [17986:17988] [EM] <<< [E:53918i S:31768 M:94449020 (Ack:236805952)] (S) Msg TX from 0000000000000000 to 0:FFFFFFFB00000000 [0000] [UDP:[fe80::bfe:a203:38f0:bce7%enp0s3]:5540] --- Type 0000:10 (SecureChannel:StandaloneAck) (B:34)[0m
[0;34m[1784835017.354] [17986:17988] [EM] Flushed pending ack for MessageCounter:236805952 on exchange 53918i[0m
[0;32m[1784835017.354] [17986:17988] [DIS] UDP:[fe80::bfe:a203:38f0:bce7%enp0s3]:5540: new best score: 7 (for 5B7C5CB04079BE19-0000000000000001)[0m
[0;34m[1784835017.354] [17986:17988] [DIS] Lookup clearing interface for non LL address[0m
[0;32m[1784835017.354] [17986:17988] [DIS] UDP:10.0.2.15%enp0s3:5540: new best score: 2 (for 5B7C5CB04079BE19-0000000000000001)[0m
[0;32m[1784835017.354] [17986:17988] [DIS] Checking node lookup status for 5B7C5CB04079BE19-0000000000000001 after 0 ms[0m
[0;32m[1784835017.354] [17986:17988] [DIS] Keeping DNSSD lookup active[0m
[0;32m[1784835017.354] [17986:17988] [DIS] UDP:[fe80::bfe:a203:38f0:bce7%enp0s3]:5540: score has not improved: 7 (for 5B7C5CB04079BE19-0000000000000001)[0m
[0;34m[1784835017.354] [17986:17988] [DIS] Lookup clearing interface for non LL address[0m
[0;32m[1784835017.354] [17986:17988] [DIS] UDP:10.0.2.15%enp0s3:5540: score has not improved: 2 (for 5B7C5CB04079BE19-0000000000000001)[0m
[0;32m[1784835017.354] [17986:17988] [DIS] Checking node lookup status for 5B7C5CB04079BE19-0000000000000001 after 0 ms[0m
[0;32m[1784835017.354] [17986:17988] [DIS] Keeping DNSSD lookup active[0m
[0;32m[1784835017.555] [17986:17988] [DIS] Checking node lookup status for 5B7C5CB04079BE19-0000000000000001 after 201 ms[0m
[0;34m[1784835017.555] [17986:17988] [DIS] OperationalSessionSetup[1:0000000000000001]: Updating device address to UDP:[fe80::bfe:a203:38f0:bce7%enp0s3]:5540 while in state 2[0m
[0;34m[1784835017.555] [17986:17988] [DIS] OperationalSessionSetup[1:0000000000000001]: State change 2 --> 3[0m
[0;34m[1784835017.555] [17986:17988] [IN] SecureSession[0x7930ec0647b0]: Allocated Type:2 LSID:31769[0m
[0;32m[1784835017.555] [17986:17988] [SC] Initiating session on local FabricIndex 1 from 0x000000000001B669 -> 0x0000000000000001[0m
[0;32m[1784835017.556] [17986:17988] [EM] <<< [E:53919i S:0 M:168305980] (U) Msg TX from 704302024A65CA47 to 0:0000000000000000 [0000] [UDP:[fe80::bfe:a203:38f0:bce7%enp0s3]:5540] --- Type 0000:30 (SecureChannel:CASE_Sigma1) (B:196)[0m
[0;32m[1784835017.556] [17986:17988] [EM] ??1 [E:53919i S:0 M:168305980] (U) Msg Retransmission to 0:0000000000000000 scheduled for 565ms from now [State:Idle II:500 AI:300 AT:4000][0m
[0;32m[1784835017.556] [17986:17988] [SC] Sent Sigma1 msg to <0000000000000001, 1> [II:500ms AI:300ms AT:4000ms][0m
[0;34m[1784835017.556] [17986:17988] [DIS] OperationalSessionSetup[1:0000000000000001]: State change 3 --> 4[0m
[0;32m[1784835017.557] [17986:17988] [EM] >>> [E:53919i S:0 M:180521287 (Ack:168305980)] (U) Msg RX from 0:0000000000000000 [0000] to 704302024A65CA47 --- Type 0000:31 (SecureChannel:CASE_Sigma2) (B:751)[0m
[0;34m[1784835017.557] [17986:17988] [EM] Found matching exchange: 53919i, Delegate: 0x7930ec064e88[0m
[0;34m[1784835017.557] [17986:17988] [EM] Rxd Ack; Removing MessageCounter:168305980 from Retrans Table on exchange 53919i[0m
[0;32m[1784835017.557] [17986:17988] [SC] Received Sigma2 msg[0m
[0;34m[1784835017.557] [17986:17988] [SC] Found MRP parameters in the message[0m
[0;34m[1784835017.558] [17986:17988] [SC] Peer <0000000000000001, 1> assigned session ID 65373[0m
[0;34m[1784835017.558] [17986:17988] [SC] Sending Sigma3[0m
[0;32m[1784835017.558] [17986:17988] [EM] <<< [E:53919i S:0 M:168305981 (Ack:180521287)] (U) Msg TX from 704302024A65CA47 to 0:0000000000000000 [0000] [UDP:[fe80::bfe:a203:38f0:bce7%enp0s3]:5540] --- Type 0000:32 (SecureChannel:CASE_Sigma3) (B:598)[0m
[0;32m[1784835017.558] [17986:17988] [EM] ??1 [E:53919i S:0 M:168305981] (U) Msg Retransmission to 0:0000000000000000 scheduled for 355ms from now [State:Active II:500 AI:300 AT:4000][0m
[0;32m[1784835017.558] [17986:17988] [SC] Sent Sigma3 msg[0m
[0;32m[1784835017.567] [17986:17988] [EM] >>> [E:53919i S:0 M:180521288 (Ack:168305981)] (U) Msg RX from 0:0000000000000000 [0000] to 704302024A65CA47 --- Type 0000:40 (SecureChannel:StatusReport) (B:34)[0m
[0;34m[1784835017.567] [17986:17988] [EM] Found matching exchange: 53919i, Delegate: 0x7930ec064e88[0m
[0;34m[1784835017.567] [17986:17988] [EM] Rxd Ack; Removing MessageCounter:168305981 from Retrans Table on exchange 53919i[0m
[0;32m[1784835017.567] [17986:17988] [SC] Success status report received. Session was established[0m
[0;32m[1784835017.569] [17986:17988] [SC] SecureSession[0x7930ec0647b0, LSID:31769]: State change 'kEstablishing' --> 'kActive'[0m
[0;34m[1784835017.569] [17986:17988] [IN] SecureSession[0x7930ec0647b0]: Activated - Type:2 LSID:31769[0m
[0;34m[1784835017.569] [17986:17988] [IN] New secure session activated for device <0000000000000001, 1>, LSID:31769 PSID:65373![0m
[0;34m[1784835017.569] [17986:17988] [DIS] OperationalSessionSetup[1:0000000000000001]: State change 4 --> 5[0m
[0;32m[1784835017.569] [17986:17988] [CTL] Successfully finished commissioning step 'FindOperationalForStayActive'[0m
[0;32m[1784835017.569] [17986:17988] [CTL] Commissioning stage next step: 'FindOperationalForStayActive' -> 'ICDSendStayActive'[0m
[0;32m[1784835017.569] [17986:17988] [CTL] Performing next commissioning step 'ICDSendStayActive'[0m
[0;34m[1784835017.569] [17986:17988] [TOO] Starting commissioning stage 'ICDSendStayActive'[0m
[0;32m[1784835017.569] [17986:17988] [CTL] Skipping kICDSendStayActive[0m
[0;32m[1784835017.569] [17986:17988] [CTL] Successfully finished commissioning step 'ICDSendStayActive'[0m
[0;32m[1784835017.569] [17986:17988] [CTL] Commissioning stage next step: 'ICDSendStayActive' -> 'FindOperationalForCommissioningComplete'[0m
[0;32m[1784835017.569] [17986:17988] [CTL] Performing next commissioning step 'FindOperationalForCommissioningComplete'[0m
[0;34m[1784835017.569] [17986:17988] [TOO] Starting commissioning stage 'FindOperationalForCommissioningComplete'[0m
[0;34m[1784835017.569] [17986:17988] [CSM] FindOrEstablishSession: PeerId = [1:0000000000000001][0m
[0;34m[1784835017.569] [17986:17988] [CSM] FindOrEstablishSession: No existing OperationalSessionSetup instance found[0m
[0;32m[1784835017.569] [17986:17988] [DIS] Found an existing secure session to [1:0000000000000001]![0m
[0;34m[1784835017.569] [17986:17988] [DIS] OperationalSessionSetup[1:0000000000000001]: State change 1 --> 5[0m
[0;32m[1784835017.569] [17986:17988] [CTL] Successfully finished commissioning step 'FindOperationalForCommissioningComplete'[0m
[0;32m[1784835017.569] [17986:17988] [CTL] Commissioning stage next step: 'FindOperationalForCommissioningComplete' -> 'SendComplete'[0m
[0;32m[1784835017.569] [17986:17988] [CTL] Performing next commissioning step 'SendComplete'[0m
[0;34m[1784835017.569] [17986:17988] [TOO] Starting commissioning stage 'SendComplete'[0m
[0;34m[1784835017.569] [17986:17988] [DMG] ICR moving to [AddingComm][0m
[0;34m[1784835017.569] [17986:17988] [DMG] ICR moving to [AddedComma][0m
[0;32m[1784835017.569] [17986:17988] [EM] <<< [E:53920i S:31769 M:41065406] (S) Msg TX from 000000000001B669 to 1:0000000000000001 [BE19] [UDP:[fe80::bfe:a203:38f0:bce7%enp0s3]:5540] --- Type 0001:08 (IM:InvokeCommandRequest) (B:59)[0m
[0;32m[1784835017.569] [17986:17988] [EM] ??1 [E:53920i S:31769 M:41065406] (S) Msg Retransmission to 1:0000000000000001 scheduled for 380ms from now [State:Active II:500 AI:300 AT:4000][0m
[0;34m[1784835017.569] [17986:17988] [DMG] ICR moving to [AwaitingRe][0m
[0;32m[1784835017.569] [17986:17988] [EM] <<< [E:53919i S:0 M:168305982 (Ack:180521288)] (U) Msg TX from 704302024A65CA47 to 0:0000000000000000 [0000] [UDP:[fe80::bfe:a203:38f0:bce7%enp0s3]:5540] --- Type 0000:10 (SecureChannel:StandaloneAck) (B:26)[0m
[0;34m[1784835017.569] [17986:17988] [EM] Flushed pending ack for MessageCounter:180521288 on exchange 53919i[0m
[0;32m[1784835017.588] [17986:17988] [EM] >>> [E:53920i S:31769 M:213859907 (Ack:41065406)] (S) Msg RX from 1:0000000000000001 [BE19] to 000000000001B669 --- Type 0001:09 (IM:InvokeCommandResponse) (B:70)[0m
[0;34m[1784835017.588] [17986:17988] [EM] Found matching exchange: 53920i, Delegate: 0x7930ec0382d8[0m
[0;34m[1784835017.588] [17986:17988] [EM] Rxd Ack; Removing MessageCounter:41065406 from Retrans Table on exchange 53920i[0m
[0;34m[1784835017.588] [17986:17988] [DMG] ICR moving to [ResponseRe][0m
[0;34m[1784835017.588] [17986:17988] [DMG] InvokeResponseMessage =[0m
[0;34m[1784835017.588] [17986:17988] [DMG] {[0m
[0;34m[1784835017.588] [17986:17988] [DMG] 	suppressResponse = false, [0m
[0;34m[1784835017.588] [17986:17988] [DMG] 	InvokeResponseIBs =[0m
[0;34m[1784835017.588] [17986:17988] [DMG] 	[[0m
[0;34m[1784835017.588] [17986:17988] [DMG] 		InvokeResponseIB =[0m
[0;34m[1784835017.588] [17986:17988] [DMG] 		{[0m
[0;34m[1784835017.588] [17986:17988] [DMG] 			CommandDataIB =[0m
[0;34m[1784835017.588] [17986:17988] [DMG] 			{[0m
[0;34m[1784835017.588] [17986:17988] [DMG] 				CommandPathIB =[0m
[0;34m[1784835017.588] [17986:17988] [DMG] 				{[0m
[0;34m[1784835017.588] [17986:17988] [DMG] 					EndpointId = 0x0,[0m
[0;34m[1784835017.588] [17986:17988] [DMG] 					ClusterId = 0x30,[0m
[0;34m[1784835017.588] [17986:17988] [DMG] 					CommandId = 0x5,[0m
[0;34m[1784835017.588] [17986:17988] [DMG] 				},[0m
[0;34m[1784835017.588] [17986:17988] [DMG] 				[0m
[0;34m[1784835017.588] [17986:17988] [DMG] 				CommandFields = [0m
[0;34m[1784835017.588] [17986:17988] [DMG] 				{[0m
[0;34m[1784835017.588] [17986:17988] [DMG] 					0x0 = 0 (unsigned), [0m
[0;34m[1784835017.588] [17986:17988] [DMG] 					0x1 = "" (0 chars), [0m
[0;34m[1784835017.588] [17986:17988] [DMG] 				},[0m
[0;34m[1784835017.588] [17986:17988] [DMG] 			},[0m
[0;34m[1784835017.588] [17986:17988] [DMG] 			[0m
[0;34m[1784835017.588] [17986:17988] [DMG] 		},[0m
[0;34m[1784835017.588] [17986:17988] [DMG] 		[0m
[0;34m[1784835017.588] [17986:17988] [DMG] 	],[0m
[0;34m[1784835017.588] [17986:17988] [DMG] 	[0m
[0;34m[1784835017.588] [17986:17988] [DMG] 	InteractionModelRevision = 12[0m
[0;34m[1784835017.588] [17986:17988] [DMG] },[0m
[0;32m[1784835017.588] [17986:17988] [DMG] Received Command Response Data, Endpoint=0 Cluster=0x0000_0030 Command=0x0000_0005[0m
[0;32m[1784835017.588] [17986:17988] [CTL] Received CommissioningComplete response, errorCode=0[0m
[0;32m[1784835017.588] [17986:17988] [CTL] Successfully finished commissioning step 'SendComplete'[0m
[0;32m[1784835017.588] [17986:17988] [CTL] Commissioning stage next step: 'SendComplete' -> 'Cleanup'[0m
[0;32m[1784835017.588] [17986:17988] [CTL] Performing next commissioning step 'Cleanup'[0m
[0;34m[1784835017.588] [17986:17988] [TOO] Starting commissioning stage 'Cleanup'[0m
[0;32m[1784835017.588] [17986:17988] [CTL] Successfully finished commissioning step 'Cleanup'[0m
[0;34m[1784835017.588] [17986:17988] [IN] SecureSession[0x7930ec032f30]: MarkForEviction Type:1 LSID:31768[0m
[0;32m[1784835017.588] [17986:17988] [SC] SecureSession[0x7930ec032f30, LSID:31768]: State change 'kActive' --> 'kPendingEviction'[0m
[0;34m[1784835017.588] [17986:17988] [IN] SecureSession[0x7930ec032f30]: Released - Type:1 LSID:31768[0m
[0;32m[1784835017.588] [17986:17988] [CTL] Commissioning complete for node ID 0x0000000000000001: success[0m
[0;32m[1784835017.588] [17986:17988] [TOO] Device commissioning completed with success[0m
[0;34m[1784835017.588] [17986:17988] [DMG] ICR moving to [AwaitingDe][0m
[0;32m[1784835017.588] [17986:17988] [EM] <<< [E:53920i S:31769 M:41065407 (Ack:213859907)] (S) Msg TX from 000000000001B669 to 1:0000000000000001 [BE19] [UDP:[fe80::bfe:a203:38f0:bce7%enp0s3]:5540] --- Type 0000:10 (SecureChannel:StandaloneAck) (B:34)[0m
[0;34m[1784835017.588] [17986:17988] [EM] Flushed pending ack for MessageCounter:213859907 on exchange 53920i[0m
[0;34m[1784835017.588] [17986:17986] [CTL] Shutting down the commissioner[0m
[0;32m[1784835017.588] [17986:17986] [PAF] WiFiPAF: Closing all WiFiPAF sessions to shutdown[0m
[0;34m[1784835017.588] [17986:17986] [CTL] Shutting down the controller[0m
[0;34m[1784835017.588] [17986:17986] [IN] Expiring all sessions for fabric 0x1!![0m
[0;34m[1784835017.588] [17986:17986] [IN] SecureSession[0x7930ec0647b0]: MarkForEviction Type:2 LSID:31769[0m
[0;32m[1784835017.588] [17986:17986] [SC] SecureSession[0x7930ec0647b0, LSID:31769]: State change 'kActive' --> 'kPendingEviction'[0m
[0;34m[1784835017.588] [17986:17986] [IN] SecureSession[0x7930ec0647b0]: Released - Type:2 LSID:31769[0m
[0;32m[1784835017.588] [17986:17986] [FP] Forgetting fabric 0x1[0m
[0;32m[1784835017.588] [17986:17986] [TS] Pending Last Known Good Time: 2023-10-14T01:16:48[0m
[0;32m[1784835017.589] [17986:17986] [TS] Previous Last Known Good Time: 2023-10-14T01:16:48[0m
[0;32m[1784835017.589] [17986:17986] [TS] Reverted Last Known Good Time to previous value[0m
[0;34m[1784835017.589] [17986:17986] [CTL] Shutting down the commissioner[0m
[0;32m[1784835017.589] [17986:17986] [PAF] WiFiPAF: Closing all WiFiPAF sessions to shutdown[0m
[0;34m[1784835017.589] [17986:17986] [CTL] Shutting down the controller[0m
[0;34m[1784835017.589] [17986:17986] [CTL] Shutting down the System State, this will teardown the CHIP Stack[0m
[0;34m[1784835017.589] [17986:17986] [DMG] All ReadHandler-s are clean, clear GlobalDirtySet[0m
[0;32m[1784835017.589] [17986:17986] [FP] Shutting down FabricTable[0m
[0;32m[1784835017.589] [17986:17986] [TS] Pending Last Known Good Time: 2023-10-14T01:16:48[0m
[0;32m[1784835017.589] [17986:17986] [TS] Previous Last Known Good Time: 2023-10-14T01:16:48[0m
[0;32m[1784835017.589] [17986:17986] [TS] Reverted Last Known Good Time to previous value[0m
[0;34m[1784835017.591] [17986:17986] [DL] Wrote settings to /tmp/chip_counters.ini[0m
[0;32m[1784835017.591] [17986:17986] [DL] NVS set: chip-counters/total-operational-hours = 0 (0x0)[0m
[0;32m[1784835017.591] [17986:17986] [DL] Inet Layer shutdown[0m
[0;32m[1784835017.591] [17986:17986] [DL] BLE Layer shutdown[0m
[0;32m[1784835017.591] [17986:17986] [DL] WiFi-PAF Layer shutdown[0m
[0;32m[1784835017.591] [17986:17986] [PAF] WiFiPAF: Closing all WiFiPAF sessions to shutdown[0m
[0;32m[1784835017.591] [17986:17986] [DL] System Layer shutdown[0m
