[0;34m[1784656174.637] [10483:10483] [DL] ChipLinuxStorage::Init: Using KVS config file: /tmp/chip_kvs_test[0m
[0;34m[1784656174.672] [10483:10483] [DL] Wrote settings to /tmp/chip_kvs_test[0m
[1;31m[1784656174.673] [10483:10483] [DL] ChipLinuxStorage::Init: Attempt to re-initialize with KVS config file: /tmp/chip_kvs, IGNORING.[0m
[0;34m[1784656174.674] [10483:10483] [DL] ChipLinuxStorage::Init: Using KVS config file: /tmp/chip_factory.ini[0m
[0;34m[1784656174.677] [10483:10483] [DL] Wrote settings to /tmp/chip_factory.ini[0m
[0;34m[1784656174.677] [10483:10483] [DL] ChipLinuxStorage::Init: Using KVS config file: /tmp/chip_config.ini[0m
[0;34m[1784656174.679] [10483:10483] [DL] Wrote settings to /tmp/chip_config.ini[0m
[0;34m[1784656174.679] [10483:10483] [DL] ChipLinuxStorage::Init: Using KVS config file: /tmp/chip_counters.ini[0m
[0;34m[1784656174.681] [10483:10483] [DL] Wrote settings to /tmp/chip_counters.ini[0m
[0;34m[1784656174.683] [10483:10483] [DL] Wrote settings to /tmp/chip_config.ini[0m
[0;32m[1784656174.683] [10483:10483] [DL] NVS set: chip-config/unique-id = "15F3BF9A2FA361E8"[0m
[0;34m[1784656174.685] [10483:10483] [DL] Wrote settings to /tmp/chip_factory.ini[0m
[0;32m[1784656174.685] [10483:10483] [DL] NVS set: chip-factory/vendor-id = 65521 (0xFFF1)[0m
[0;34m[1784656174.687] [10483:10483] [DL] Wrote settings to /tmp/chip_factory.ini[0m
[0;32m[1784656174.687] [10483:10483] [DL] NVS set: chip-factory/product-id = 32769 (0x8001)[0m
[0;34m[1784656174.689] [10483:10483] [DL] Wrote settings to /tmp/chip_counters.ini[0m
[0;32m[1784656174.689] [10483:10483] [DL] NVS set: chip-counters/reboot-count = 1 (0x1)[0m
[0;34m[1784656174.692] [10483:10483] [DL] Wrote settings to /tmp/chip_counters.ini[0m
[0;32m[1784656174.692] [10483:10483] [DL] NVS set: chip-counters/total-operational-hours = 0 (0x0)[0m
[0;34m[1784656174.694] [10483:10483] [DL] Wrote settings to /tmp/chip_counters.ini[0m
[0;32m[1784656174.694] [10483:10483] [DL] NVS set: chip-counters/boot-reason = 0 (0x0)[0m
[0;34m[1784656174.696] [10483:10483] [DL] Wrote settings to /tmp/chip_config.ini[0m
[0;32m[1784656174.696] [10483:10483] [DL] NVS set: chip-config/regulatory-location = 0 (0x0)[0m
[0;34m[1784656174.698] [10483:10483] [DL] Wrote settings to /tmp/chip_config.ini[0m
[0;32m[1784656174.698] [10483:10483] [DL] NVS set: chip-config/location-capability = 2 (0x2)[0m
[0;34m[1784656174.701] [10483:10483] [DL] Wrote settings to /tmp/chip_config.ini[0m
[0;32m[1784656174.701] [10483:10483] [DL] NVS set: chip-config/configuration-version = 1 (0x1)[0m
[0;32m[1784656174.701] [10483:10483] [DL] Got Ethernet interface: enp0s3[0m
[0;32m[1784656174.701] [10483:10483] [DL] Found the primary Ethernet interface:enp0s3[0m
[1;31m[1784656174.701] [10483:10483] [DL] Failed to get WiFi interface[0m
[1;31m[1784656174.701] [10483:10483] [DL] Failed to reset WiFi statistic counts[0m
[0;32m[1784656174.701] [10483:10483] [PAF] WiFiPAF: WiFiPAFLayer::Init()[0m
[1;31m[1784656174.701] [10483:10483] [-] *** WARNING: Using temporary passcode 20202021 due to no neither --passcode or --spake2p-verifier-base64 given on command line or factory configuration. This is temporary and will disappear. Please update your scripts to explicitly configure onboarding credentials. ***[0m
[1;31m[1784656174.701] [10483:10483] [-] *** WARNING: Using temporary test discriminator 3840 due to --discriminator not given on command line or factory configuration. This is temporary and will disappear. Please update your scripts to explicitly configure onboarding credentials. ***[0m
[0;32m[1784656174.701] [10483:10483] [SPT] LinuxCommissionableDataProvider didn't get a PASE salt, generating one.[0m
[0;32m[1784656174.702] [10483:10483] [DL] Device Configuration:[0m
[0;32m[1784656174.702] [10483:10483] [DL]   Serial Number: TEST_SN[0m
[0;32m[1784656174.702] [10483:10483] [DL]   Vendor Id: 65521 (0xFFF1)[0m
[0;32m[1784656174.702] [10483:10483] [DL]   Product Id: 32769 (0x8001)[0m
[0;32m[1784656174.702] [10483:10483] [DL]   Product Name: TEST_PRODUCT[0m
[0;32m[1784656174.702] [10483:10483] [DL]   Hardware Version: 0[0m
[0;32m[1784656174.702] [10483:10483] [DL]   Setup Pin Code (0 for UNKNOWN/ERROR): 20202021[0m
[0;32m[1784656174.702] [10483:10483] [DL]   Setup Discriminator (0xFFFF for UNKNOWN/ERROR): 3840 (0xF00)[0m
[0;32m[1784656174.702] [10483:10483] [DL]   Manufacturing Date: (not set)[0m
[0;32m[1784656174.702] [10483:10483] [DL]   Device Type: 257 (0x101)[0m
[0;32m[1784656174.702] [10483:10483] [-] ==== Onboarding payload for Standard Commissioning Flow ====[0m
[0;32m[1784656174.702] [10483:10483] [SVR] SetupQRCode: [MT:-24J042C00KA0648G00][0m
[0;32m[1784656174.702] [10483:10483] [SVR] Copy/paste the below URL in a browser to see the QR Code:[0m
[0;32m[1784656174.702] [10483:10483] [SVR] https://project-chip.github.io/connectedhomeip/qrcode.html?data=MT%3A-24J042C00KA0648G00[0m
[0;32m[1784656174.702] [10483:10483] [SVR] Manual pairing code: [34970112332][0m
[0;32m[1784656174.702] [10483:10483] [SVR] Initializing subscription resumption storage...[0m
[0;34m[1784656174.705] [10483:10483] [DL] Wrote settings to /tmp/chip_kvs_test[0m
[0;32m[1784656174.705] [10483:10483] [SVR] Server initializing...[0m
[0;34m[1784656174.705] [10483:10483] [FP] Initializing FabricTable from persistent storage[0m
[0;32m[1784656174.705] [10483:10483] [TS] Last Known Good Time: [unknown][0m
[0;32m[1784656174.705] [10483:10483] [TS] Setting Last Known Good Time to firmware build time 2023-10-14T01:16:48[0m
[0;34m[1784656174.707] [10483:10483] [DL] Wrote settings to /tmp/chip_kvs_test[0m
[0;32m[1784656174.707] [10483:10483] [DMG] AccessControl: initializing[0m
[0;32m[1784656174.707] [10483:10483] [DMG] Examples::AccessControlDelegate::Init[0m
[0;32m[1784656174.707] [10483:10483] [DMG] AccessControl: setting[0m
[0;32m[1784656174.707] [10483:10483] [DMG] DefaultAclStorage: initializing[0m
[0;32m[1784656174.707] [10483:10483] [DMG] DefaultAclStorage: 0 entries loaded[0m
[0;34m[1784656174.707] [10483:10483] [IN] UDP::Init bind&listen port=5540[0m
[0;34m[1784656174.708] [10483:10483] [IN] UDP::Init bound to port=5540[0m
[0;34m[1784656174.708] [10483:10483] [IN] UDP::Init bind&listen port=5540[0m
[0;34m[1784656174.708] [10483:10483] [IN] UDP::Init bound to port=5540[0m
[0;34m[1784656174.708] [10483:10483] [IN] BLEBase::Init - setting/overriding transport[0m
[0;32m[1784656174.708] [10483:10483] [IN] TCP server listening on port 5540 for incoming connections[0m
[0;32m[1784656174.708] [10483:10483] [IN] TCP server listening on port 5540 for incoming connections[0m
[0;34m[1784656174.708] [10483:10483] [IN] WiFiPAFBase::Init - setting/overriding transport[0m
[0;34m[1784656174.708] [10483:10483] [IN] TransportMgr initialized[0m
[0;34m[1784656174.710] [10483:10483] [DL] Wrote settings to /tmp/chip_kvs_test[0m
[0;34m[1784656174.712] [10483:10483] [DL] Wrote settings to /tmp/chip_kvs_test[0m
[0;34m[1784656174.715] [10483:10483] [DL] Wrote settings to /tmp/chip_kvs_test[0m
[0;32m[1784656174.715] [10483:10483] [DMG] Ember attribute persistence requires setting up[0m
[0;32m[1784656174.715] [10483:10483] [ZCL] Using ZAP configuration...[0m
[0;34m[1784656174.715] [10483:10483] [DMG] Failed to read stored attribute (1, 0x0000_0006, 0x0000_0000: src/platform/Linux/KeyValueStoreManagerImpl.cpp:53: CHIP Error 0x000000A0: Value not found in the persisted storage[0m
[0;34m[1784656174.715] [10483:10483] [DMG] Failed to read stored attribute (1, 0x0000_0006, 0x0000_4003: src/platform/Linux/KeyValueStoreManagerImpl.cpp:53: CHIP Error 0x000000A0: Value not found in the persisted storage[0m
[0;34m[1784656174.715] [10483:10483] [DMG] Failed to read stored attribute (1, 0x0000_0008, 0x0000_0000: src/platform/Linux/KeyValueStoreManagerImpl.cpp:53: CHIP Error 0x000000A0: Value not found in the persisted storage[0m
[0;34m[1784656174.715] [10483:10483] [DMG] Failed to read stored attribute (1, 0x0000_0008, 0x0000_4000: src/platform/Linux/KeyValueStoreManagerImpl.cpp:53: CHIP Error 0x000000A0: Value not found in the persisted storage[0m
[0;34m[1784656174.715] [10483:10483] [DMG] Failed to read stored attribute (1, 0x0000_0050, 0x0000_0003: src/platform/Linux/KeyValueStoreManagerImpl.cpp:53: CHIP Error 0x000000A0: Value not found in the persisted storage[0m
[0;34m[1784656174.715] [10483:10483] [DMG] Failed to read stored attribute (1, 0x0000_0050, 0x0000_0004: src/platform/Linux/KeyValueStoreManagerImpl.cpp:53: CHIP Error 0x000000A0: Value not found in the persisted storage[0m
[0;34m[1784656174.715] [10483:10483] [DMG] Failed to read stored attribute (1, 0x0000_0050, 0x0000_0005: src/platform/Linux/KeyValueStoreManagerImpl.cpp:53: CHIP Error 0x000000A0: Value not found in the persisted storage[0m
[0;34m[1784656174.715] [10483:10483] [DMG] Failed to read stored attribute (1, 0x0000_005C, 0x0000_0000: src/platform/Linux/KeyValueStoreManagerImpl.cpp:53: CHIP Error 0x000000A0: Value not found in the persisted storage[0m
[0;34m[1784656174.715] [10483:10483] [DMG] Failed to read stored attribute (1, 0x0000_005C, 0x0000_0001: src/platform/Linux/KeyValueStoreManagerImpl.cpp:53: CHIP Error 0x000000A0: Value not found in the persisted storage[0m
[0;34m[1784656174.715] [10483:10483] [DMG] Failed to read stored attribute (1, 0x0000_005C, 0x0000_0002: src/platform/Linux/KeyValueStoreManagerImpl.cpp:53: CHIP Error 0x000000A0: Value not found in the persisted storage[0m
[0;34m[1784656174.715] [10483:10483] [DMG] Failed to read stored attribute (1, 0x0000_005C, 0x0000_0003: src/platform/Linux/KeyValueStoreManagerImpl.cpp:53: CHIP Error 0x000000A0: Value not found in the persisted storage[0m
[0;34m[1784656174.715] [10483:10483] [DMG] Failed to read stored attribute (1, 0x0000_005C, 0x0000_0004: src/platform/Linux/KeyValueStoreManagerImpl.cpp:53: CHIP Error 0x000000A0: Value not found in the persisted storage[0m
[0;34m[1784656174.715] [10483:10483] [DMG] Failed to read stored attribute (1, 0x0000_005C, 0x0000_0006: src/platform/Linux/KeyValueStoreManagerImpl.cpp:53: CHIP Error 0x000000A0: Value not found in the persisted storage[0m
[0;34m[1784656174.715] [10483:10483] [DMG] Failed to read stored attribute (1, 0x0000_005C, 0x0000_0007: src/platform/Linux/KeyValueStoreManagerImpl.cpp:53: CHIP Error 0x000000A0: Value not found in the persisted storage[0m
[0;34m[1784656174.715] [10483:10483] [DMG] Failed to read stored attribute (1, 0x0000_0081, 0x0000_0001: src/platform/Linux/KeyValueStoreManagerImpl.cpp:53: CHIP Error 0x000000A0: Value not found in the persisted storage[0m
[0;34m[1784656174.715] [10483:10483] [DMG] Failed to read stored attribute (1, 0x0000_0081, 0x0000_0008: src/platform/Linux/KeyValueStoreManagerImpl.cpp:53: CHIP Error 0x000000A0: Value not found in the persisted storage[0m
[0;34m[1784656174.715] [10483:10483] [DMG] Failed to read stored attribute (1, 0x0000_0102, 0x0000_0003: src/platform/Linux/KeyValueStoreManagerImpl.cpp:53: CHIP Error 0x000000A0: Value not found in the persisted storage[0m
[0;34m[1784656174.715] [10483:10483] [DMG] Failed to read stored attribute (1, 0x0000_0102, 0x0000_0004: src/platform/Linux/KeyValueStoreManagerImpl.cpp:53: CHIP Error 0x000000A0: Value not found in the persisted storage[0m
[0;34m[1784656174.715] [10483:10483] [DMG] Failed to read stored attribute (1, 0x0000_0102, 0x0000_0005: src/platform/Linux/KeyValueStoreManagerImpl.cpp:53: CHIP Error 0x000000A0: Value not found in the persisted storage[0m
[0;34m[1784656174.715] [10483:10483] [DMG] Failed to read stored attribute (1, 0x0000_0102, 0x0000_0006: src/platform/Linux/KeyValueStoreManagerImpl.cpp:53: CHIP Error 0x000000A0: Value not found in the persisted storage[0m
[0;34m[1784656174.715] [10483:10483] [DMG] Failed to read stored attribute (1, 0x0000_0102, 0x0000_0007: src/platform/Linux/KeyValueStoreManagerImpl.cpp:53: CHIP Error 0x000000A0: Value not found in the persisted storage[0m
[0;34m[1784656174.715] [10483:10483] [DMG] Failed to read stored attribute (1, 0x0000_0102, 0x0000_0008: src/platform/Linux/KeyValueStoreManagerImpl.cpp:53: CHIP Error 0x000000A0: Value not found in the persisted storage[0m
[0;34m[1784656174.715] [10483:10483] [DMG] Failed to read stored attribute (1, 0x0000_0102, 0x0000_0009: src/platform/Linux/KeyValueStoreManagerImpl.cpp:53: CHIP Error 0x000000A0: Value not found in the persisted storage[0m
[0;34m[1784656174.715] [10483:10483] [DMG] Failed to read stored attribute (1, 0x0000_0102, 0x0000_000E: src/platform/Linux/KeyValueStoreManagerImpl.cpp:53: CHIP Error 0x000000A0: Value not found in the persisted storage[0m
[0;34m[1784656174.715] [10483:10483] [DMG] Failed to read stored attribute (1, 0x0000_0102, 0x0000_000F: src/platform/Linux/KeyValueStoreManagerImpl.cpp:53: CHIP Error 0x000000A0: Value not found in the persisted storage[0m
[0;34m[1784656174.715] [10483:10483] [DMG] Failed to read stored attribute (1, 0x0000_0102, 0x0000_0010: src/platform/Linux/KeyValueStoreManagerImpl.cpp:53: CHIP Error 0x000000A0: Value not found in the persisted storage[0m
[0;34m[1784656174.715] [10483:10483] [DMG] Failed to read stored attribute (1, 0x0000_0102, 0x0000_0011: src/platform/Linux/KeyValueStoreManagerImpl.cpp:53: CHIP Error 0x000000A0: Value not found in the persisted storage[0m
[0;34m[1784656174.715] [10483:10483] [DMG] Failed to read stored attribute (1, 0x0000_0102, 0x0000_0012: src/platform/Linux/KeyValueStoreManagerImpl.cpp:53: CHIP Error 0x000000A0: Value not found in the persisted storage[0m
[0;34m[1784656174.715] [10483:10483] [DMG] Failed to read stored attribute (1, 0x0000_0102, 0x0000_0013: src/platform/Linux/KeyValueStoreManagerImpl.cpp:53: CHIP Error 0x000000A0: Value not found in the persisted storage[0m
[0;34m[1784656174.715] [10483:10483] [DMG] Failed to read stored attribute (1, 0x0000_0102, 0x0000_0017: src/platform/Linux/KeyValueStoreManagerImpl.cpp:53: CHIP Error 0x000000A0: Value not found in the persisted storage[0m
[0;34m[1784656174.715] [10483:10483] [DMG] Failed to read stored attribute (1, 0x0000_0300, 0x0000_0000: src/platform/Linux/KeyValueStoreManagerImpl.cpp:53: CHIP Error 0x000000A0: Value not found in the persisted storage[0m
[0;34m[1784656174.715] [10483:10483] [DMG] Failed to read stored attribute (1, 0x0000_0300, 0x0000_0001: src/platform/Linux/KeyValueStoreManagerImpl.cpp:53: CHIP Error 0x000000A0: Value not found in the persisted storage[0m
[0;34m[1784656174.715] [10483:10483] [DMG] Failed to read stored attribute (1, 0x0000_0300, 0x0000_0003: src/platform/Linux/KeyValueStoreManagerImpl.cpp:53: CHIP Error 0x000000A0: Value not found in the persisted storage[0m
[0;34m[1784656174.715] [10483:10483] [DMG] Failed to read stored attribute (1, 0x0000_0300, 0x0000_0004: src/platform/Linux/KeyValueStoreManagerImpl.cpp:53: CHIP Error 0x000000A0: Value not found in the persisted storage[0m
[0;34m[1784656174.715] [10483:10483] [DMG] Failed to read stored attribute (1, 0x0000_0300, 0x0000_0007: src/platform/Linux/KeyValueStoreManagerImpl.cpp:53: CHIP Error 0x000000A0: Value not found in the persisted storage[0m
[0;34m[1784656174.715] [10483:10483] [DMG] Failed to read stored attribute (1, 0x0000_0300, 0x0000_4000: src/platform/Linux/KeyValueStoreManagerImpl.cpp:53: CHIP Error 0x000000A0: Value not found in the persisted storage[0m
[0;34m[1784656174.715] [10483:10483] [DMG] Failed to read stored attribute (1, 0x0000_0300, 0x0000_4001: src/platform/Linux/KeyValueStoreManagerImpl.cpp:53: CHIP Error 0x000000A0: Value not found in the persisted storage[0m
[0;34m[1784656174.715] [10483:10483] [DMG] Failed to read stored attribute (1, 0x0000_0300, 0x0000_4002: src/platform/Linux/KeyValueStoreManagerImpl.cpp:53: CHIP Error 0x000000A0: Value not found in the persisted storage[0m
[0;34m[1784656174.715] [10483:10483] [DMG] Failed to read stored attribute (1, 0x0000_0300, 0x0000_4003: src/platform/Linux/KeyValueStoreManagerImpl.cpp:53: CHIP Error 0x000000A0: Value not found in the persisted storage[0m
[0;34m[1784656174.715] [10483:10483] [DMG] Failed to read stored attribute (1, 0x0000_0300, 0x0000_4004: src/platform/Linux/KeyValueStoreManagerImpl.cpp:53: CHIP Error 0x000000A0: Value not found in the persisted storage[0m
[0;34m[1784656174.715] [10483:10483] [DMG] Failed to read stored attribute (1, 0x0000_0300, 0x0000_4010: src/platform/Linux/KeyValueStoreManagerImpl.cpp:53: CHIP Error 0x000000A0: Value not found in the persisted storage[0m
[0;34m[1784656174.718] [10483:10483] [DL] Wrote settings to /tmp/chip_kvs_test[0m
[0;34m[1784656174.718] [10483:10483] [EVL] LogEvent event number: 0x0000000000000000 priority: 1, endpoint id:  0x0 cluster id: 0x0000_0038 event id: 0x0 Epoch timestamp: 0x0000019F85CC1E7E[0m
[0;32m[1784656174.718] [10483:10483] [ZCL] Emit DSTTableEmpty event [ep=0][0m
[0;32m[1784656174.718] [10483:10483] [ZCL] Initializing TLS Certificate Management cluster.[0m
[0;32m[1784656174.718] [10483:10483] [ZCL] Initializing TLS Client Management cluster.[0m
[0;34m[1784656174.718] [10483:10483] [ZCL] UnitLocalization ep0 set default TemperatureUnit: 1[0m
[0;34m[1784656174.718] [10483:10483] [DMG] Endpoint 0, Cluster 0x0000_0004 update version to 21ca3974[0m
[0;34m[1784656174.718] [10483:10483] [DMG] Endpoint 0, Cluster 0x0000_0004 update version to 21ca3975[0m
[0;34m[1784656174.718] [10483:10483] [DMG] Endpoint 1, Cluster 0x0000_0004 update version to 67bac89[0m
[0;34m[1784656174.718] [10483:10483] [DMG] Endpoint 1, Cluster 0x0000_0004 update version to 67bac8a[0m
[0;32m[1784656174.718] [10483:10483] [ZCL] Endpoint 1 On/off already set to new value[0m
[0;34m[1784656174.718] [10483:10483] [DMG] Endpoint 1, Cluster 0x0000_0008 update version to 2ede8315[0m
[0;34m[1784656174.718] [10483:10483] [ZCL] ModeBase: Unable to load the CurrentMode from the KVS. Assuming 0[0m
[0;34m[1784656174.718] [10483:10483] [ZCL] ModeBase: Unable to load the StartUpMode from the KVS. Assuming null[0m
[0;34m[1784656174.718] [10483:10483] [ZCL] ModeBase: Unable to load the OnMode from the KVS.      Assuming null[0m
[0;34m[1784656174.718] [10483:10483] [ZCL] ModeBase: Unable to load the CurrentMode from the KVS. Assuming 0[0m
[0;34m[1784656174.718] [10483:10483] [ZCL] ModeBase: Unable to load the StartUpMode from the KVS. Assuming null[0m
[0;34m[1784656174.718] [10483:10483] [ZCL] ModeBase: Unable to load the OnMode from the KVS.      Assuming null[0m
[0;34m[1784656174.718] [10483:10483] [ZCL] ModeBase: Unable to load the CurrentMode from the KVS. Assuming 0[0m
[0;34m[1784656174.718] [10483:10483] [ZCL] ModeBase: Unable to load the StartUpMode from the KVS. Assuming null[0m
[0;34m[1784656174.718] [10483:10483] [ZCL] ModeBase: Unable to load the OnMode from the KVS.      Assuming null[0m
[0;34m[1784656174.718] [10483:10483] [ZCL] ModeBase: Unable to load the CurrentMode from the KVS. Assuming 0[0m
[0;34m[1784656174.718] [10483:10483] [ZCL] ModeBase: Unable to load the StartUpMode from the KVS. Assuming null[0m
[0;34m[1784656174.718] [10483:10483] [ZCL] ModeBase: Unable to load the OnMode from the KVS.      Assuming null[0m
[0;34m[1784656174.718] [10483:10483] [ZCL] ModeBase: Unable to load the CurrentMode from the KVS. Assuming 0[0m
[0;34m[1784656174.718] [10483:10483] [ZCL] ModeBase: Unable to load the StartUpMode from the KVS. Assuming null[0m
[0;34m[1784656174.718] [10483:10483] [ZCL] ModeBase: Unable to load the OnMode from the KVS.      Assuming null[0m
[0;34m[1784656174.718] [10483:10483] [ZCL] ModeBase: Unable to load the CurrentMode from the KVS. Assuming 0[0m
[0;34m[1784656174.718] [10483:10483] [ZCL] ModeBase: Unable to load the StartUpMode from the KVS. Assuming null[0m
[0;34m[1784656174.718] [10483:10483] [ZCL] ModeBase: Unable to load the OnMode from the KVS.      Assuming null[0m
[0;34m[1784656174.718] [10483:10483] [ZCL] ModeBase: Unable to load the CurrentMode from the KVS. Assuming 0[0m
[0;34m[1784656174.718] [10483:10483] [ZCL] ModeBase: Unable to load the StartUpMode from the KVS. Assuming null[0m
[0;34m[1784656174.718] [10483:10483] [ZCL] ModeBase: Unable to load the OnMode from the KVS.      Assuming null[0m
[0;34m[1784656174.718] [10483:10483] [ZCL] ResourceMonitoring: Init[0m
[0;34m[1784656174.718] [10483:10483] [ZCL] ResourceMonitoring: Unable to load the LastChangedTime from the KVS. Assuming null[0m
[0;34m[1784656174.718] [10483:10483] [ZCL] ResourceMonitoring: calling mDelegate->Init()[0m
[0;34m[1784656174.718] [10483:10483] [ZCL] HepaFilterMonitoringDelegate::Init()[0m
[0;34m[1784656174.718] [10483:10483] [ZCL] ResourceMonitoring: Init[0m
[0;34m[1784656174.718] [10483:10483] [ZCL] ResourceMonitoring: Unable to load the LastChangedTime from the KVS. Assuming null[0m
[0;34m[1784656174.718] [10483:10483] [ZCL] ResourceMonitoring: calling mDelegate->Init()[0m
[0;34m[1784656174.718] [10483:10483] [ZCL] ActivatedCarbonFilterMonitoringDelegate::Init()[0m
[0;34m[1784656174.720] [10483:10483] [DL] Wrote settings to /tmp/chip_kvs_test[0m
[0;34m[1784656174.720] [10483:10483] [DMG] Endpoint 1, Cluster 0x0000_0102 update version to f65167e1[0m
[0;32m[1784656174.720] [10483:10483] [ZCL] WC POST ATTRIBUTE=7[0m
[0;32m[1784656174.720] [10483:10483] [ZCL] ConfigStatus 0x1B Operational=1 OnlineReserved=1[0m
[0;32m[1784656174.720] [10483:10483] [ZCL] Lift(PA=1 Encoder=0 Reversed=0) Tilt(PA=1 Encoder=0)[0m
[0;32m[1784656174.720] [10483:10483] [ZCL] Initialize PCC Server Cluster [EP:1][0m
[0;34m[1784656174.720] [10483:10483] [DMG] Endpoint 1, Cluster 0x0000_0300 update version to 9ff26f74[0m
[0;34m[1784656174.720] [10483:10483] [DMG] Endpoint 1, Cluster 0x0000_0300 update version to 9ff26f75[0m
[0;34m[1784656174.725] [10483:10483] [DL] Wrote settings to /tmp/chip_kvs_test[0m
[0;34m[1784656174.725] [10483:10483] [DMG] Endpoint 1, Cluster 0x0000_0300 update version to 9ff26f76[0m
[0;34m[1784656174.725] [10483:10483] [DMG] Endpoint 1, Cluster 0x0000_0406 update version to e3c46ea4[0m
[0;34m[1784656174.725] [10483:10483] [DMG] Endpoint 1, Cluster 0x0000_0406 update version to e3c46ea5[0m
[0;34m[1784656174.725] [10483:10483] [DMG] Endpoint 1, Cluster 0x0000_040C update version to 6b167ebe[0m
[0;34m[1784656174.725] [10483:10483] [DMG] Endpoint 1, Cluster 0x0000_040C update version to 6b167ebf[0m
[0;34m[1784656174.725] [10483:10483] [DMG] Endpoint 1, Cluster 0x0000_040C update version to 6b167ec0[0m
[0;34m[1784656174.725] [10483:10483] [DMG] Endpoint 1, Cluster 0x0000_040C update version to 6b167ec1[0m
[0;34m[1784656174.725] [10483:10483] [DMG] Endpoint 1, Cluster 0x0000_040C update version to 6b167ec2[0m
[0;34m[1784656174.725] [10483:10483] [DMG] Endpoint 1, Cluster 0x0000_040C update version to 6b167ec3[0m
[0;34m[1784656174.725] [10483:10483] [DMG] Endpoint 1, Cluster 0x0000_040C update version to 6b167ec4[0m
[0;34m[1784656174.725] [10483:10483] [DMG] Endpoint 1, Cluster 0x0000_040C update version to 6b167ec5[0m
[0;34m[1784656174.725] [10483:10483] [DMG] Endpoint 1, Cluster 0x0000_040D update version to 8832bb0b[0m
[0;34m[1784656174.725] [10483:10483] [DMG] Endpoint 1, Cluster 0x0000_040D update version to 8832bb0c[0m
[0;34m[1784656174.725] [10483:10483] [DMG] Endpoint 1, Cluster 0x0000_040D update version to 8832bb0d[0m
[0;34m[1784656174.725] [10483:10483] [DMG] Endpoint 1, Cluster 0x0000_040D update version to 8832bb0e[0m
[0;34m[1784656174.725] [10483:10483] [DMG] Endpoint 1, Cluster 0x0000_040D update version to 8832bb0f[0m
[0;34m[1784656174.725] [10483:10483] [DMG] Endpoint 1, Cluster 0x0000_040D update version to 8832bb10[0m
[0;34m[1784656174.725] [10483:10483] [DMG] Endpoint 1, Cluster 0x0000_040D update version to 8832bb11[0m
[0;34m[1784656174.725] [10483:10483] [DMG] Endpoint 1, Cluster 0x0000_040D update version to 8832bb12[0m
[0;34m[1784656174.725] [10483:10483] [DMG] Endpoint 1, Cluster 0x0000_0413 update version to 1b471955[0m
[0;34m[1784656174.725] [10483:10483] [DMG] Endpoint 1, Cluster 0x0000_0413 update version to 1b471956[0m
[0;34m[1784656174.725] [10483:10483] [DMG] Endpoint 1, Cluster 0x0000_0413 update version to 1b471957[0m
[0;34m[1784656174.725] [10483:10483] [DMG] Endpoint 1, Cluster 0x0000_0413 update version to 1b471958[0m
[0;34m[1784656174.725] [10483:10483] [DMG] Endpoint 1, Cluster 0x0000_0413 update version to 1b471959[0m
[0;34m[1784656174.725] [10483:10483] [DMG] Endpoint 1, Cluster 0x0000_0413 update version to 1b47195a[0m
[0;34m[1784656174.725] [10483:10483] [DMG] Endpoint 1, Cluster 0x0000_0413 update version to 1b47195b[0m
[0;34m[1784656174.725] [10483:10483] [DMG] Endpoint 1, Cluster 0x0000_0413 update version to 1b47195c[0m
[0;34m[1784656174.725] [10483:10483] [DMG] Endpoint 1, Cluster 0x0000_0415 update version to e256b880[0m
[0;34m[1784656174.725] [10483:10483] [DMG] Endpoint 1, Cluster 0x0000_0415 update version to e256b881[0m
[0;34m[1784656174.725] [10483:10483] [DMG] Endpoint 1, Cluster 0x0000_0415 update version to e256b882[0m
[0;34m[1784656174.725] [10483:10483] [DMG] Endpoint 1, Cluster 0x0000_0415 update version to e256b883[0m
[0;34m[1784656174.725] [10483:10483] [DMG] Endpoint 1, Cluster 0x0000_0415 update version to e256b884[0m
[0;34m[1784656174.725] [10483:10483] [DMG] Endpoint 1, Cluster 0x0000_0415 update version to e256b885[0m
[0;34m[1784656174.725] [10483:10483] [DMG] Endpoint 1, Cluster 0x0000_0415 update version to e256b886[0m
[0;34m[1784656174.725] [10483:10483] [DMG] Endpoint 1, Cluster 0x0000_0415 update version to e256b887[0m
[0;34m[1784656174.725] [10483:10483] [DMG] Endpoint 1, Cluster 0x0000_042A update version to 5630edf[0m
[0;34m[1784656174.725] [10483:10483] [DMG] Endpoint 1, Cluster 0x0000_042A update version to 5630ee0[0m
[0;34m[1784656174.725] [10483:10483] [DMG] Endpoint 1, Cluster 0x0000_042A update version to 5630ee1[0m
[0;34m[1784656174.725] [10483:10483] [DMG] Endpoint 1, Cluster 0x0000_042A update version to 5630ee2[0m
[0;34m[1784656174.725] [10483:10483] [DMG] Endpoint 1, Cluster 0x0000_042A update version to 5630ee3[0m
[0;34m[1784656174.725] [10483:10483] [DMG] Endpoint 1, Cluster 0x0000_042A update version to 5630ee4[0m
[0;34m[1784656174.725] [10483:10483] [DMG] Endpoint 1, Cluster 0x0000_042A update version to 5630ee5[0m
[0;34m[1784656174.725] [10483:10483] [DMG] Endpoint 1, Cluster 0x0000_042A update version to 5630ee6[0m
[0;34m[1784656174.725] [10483:10483] [DMG] Endpoint 1, Cluster 0x0000_042B update version to 7da03f36[0m
[0;34m[1784656174.725] [10483:10483] [DMG] Endpoint 1, Cluster 0x0000_042B update version to 7da03f37[0m
[0;34m[1784656174.725] [10483:10483] [DMG] Endpoint 1, Cluster 0x0000_042B update version to 7da03f38[0m
[0;34m[1784656174.725] [10483:10483] [DMG] Endpoint 1, Cluster 0x0000_042B update version to 7da03f39[0m
[0;34m[1784656174.725] [10483:10483] [DMG] Endpoint 1, Cluster 0x0000_042B update version to 7da03f3a[0m
[0;34m[1784656174.725] [10483:10483] [DMG] Endpoint 1, Cluster 0x0000_042B update version to 7da03f3b[0m
[0;34m[1784656174.725] [10483:10483] [DMG] Endpoint 1, Cluster 0x0000_042B update version to 7da03f3c[0m
[0;34m[1784656174.725] [10483:10483] [DMG] Endpoint 1, Cluster 0x0000_042B update version to 7da03f3d[0m
[0;34m[1784656174.725] [10483:10483] [DMG] Endpoint 1, Cluster 0x0000_042C update version to f2ba0c10[0m
[0;34m[1784656174.725] [10483:10483] [DMG] Endpoint 1, Cluster 0x0000_042C update version to f2ba0c11[0m
[0;34m[1784656174.725] [10483:10483] [DMG] Endpoint 1, Cluster 0x0000_042C update version to f2ba0c12[0m
[0;34m[1784656174.725] [10483:10483] [DMG] Endpoint 1, Cluster 0x0000_042C update version to f2ba0c13[0m
[0;34m[1784656174.725] [10483:10483] [DMG] Endpoint 1, Cluster 0x0000_042C update version to f2ba0c14[0m
[0;34m[1784656174.725] [10483:10483] [DMG] Endpoint 1, Cluster 0x0000_042C update version to f2ba0c15[0m
[0;34m[1784656174.725] [10483:10483] [DMG] Endpoint 1, Cluster 0x0000_042C update version to f2ba0c16[0m
[0;34m[1784656174.725] [10483:10483] [DMG] Endpoint 1, Cluster 0x0000_042C update version to f2ba0c17[0m
[0;34m[1784656174.725] [10483:10483] [DMG] Endpoint 1, Cluster 0x0000_042D update version to d7f36232[0m
[0;34m[1784656174.725] [10483:10483] [DMG] Endpoint 1, Cluster 0x0000_042D update version to d7f36233[0m
[0;34m[1784656174.725] [10483:10483] [DMG] Endpoint 1, Cluster 0x0000_042D update version to d7f36234[0m
[0;34m[1784656174.725] [10483:10483] [DMG] Endpoint 1, Cluster 0x0000_042D update version to d7f36235[0m
[0;34m[1784656174.725] [10483:10483] [DMG] Endpoint 1, Cluster 0x0000_042D update version to d7f36236[0m
[0;34m[1784656174.725] [10483:10483] [DMG] Endpoint 1, Cluster 0x0000_042D update version to d7f36237[0m
[0;34m[1784656174.725] [10483:10483] [DMG] Endpoint 1, Cluster 0x0000_042D update version to d7f36238[0m
[0;34m[1784656174.725] [10483:10483] [DMG] Endpoint 1, Cluster 0x0000_042D update version to d7f36239[0m
[0;34m[1784656174.725] [10483:10483] [DMG] Endpoint 1, Cluster 0x0000_042E update version to 6260ac2c[0m
[0;34m[1784656174.725] [10483:10483] [DMG] Endpoint 1, Cluster 0x0000_042E update version to 6260ac2d[0m
[0;34m[1784656174.725] [10483:10483] [DMG] Endpoint 1, Cluster 0x0000_042E update version to 6260ac2e[0m
[0;34m[1784656174.725] [10483:10483] [DMG] Endpoint 1, Cluster 0x0000_042E update version to 6260ac2f[0m
[0;34m[1784656174.725] [10483:10483] [DMG] Endpoint 1, Cluster 0x0000_042E update version to 6260ac30[0m
[0;34m[1784656174.725] [10483:10483] [DMG] Endpoint 1, Cluster 0x0000_042E update version to 6260ac31[0m
[0;34m[1784656174.725] [10483:10483] [DMG] Endpoint 1, Cluster 0x0000_042E update version to 6260ac32[0m
[0;34m[1784656174.725] [10483:10483] [DMG] Endpoint 1, Cluster 0x0000_042E update version to 6260ac33[0m
[0;34m[1784656174.725] [10483:10483] [DMG] Endpoint 1, Cluster 0x0000_042F update version to 9b4e4150[0m
[0;34m[1784656174.725] [10483:10483] [DMG] Endpoint 1, Cluster 0x0000_042F update version to 9b4e4151[0m
[0;34m[1784656174.725] [10483:10483] [DMG] Endpoint 1, Cluster 0x0000_042F update version to 9b4e4152[0m
[0;34m[1784656174.725] [10483:10483] [DMG] Endpoint 1, Cluster 0x0000_042F update version to 9b4e4153[0m
[0;34m[1784656174.725] [10483:10483] [DMG] Endpoint 1, Cluster 0x0000_042F update version to 9b4e4154[0m
[0;34m[1784656174.725] [10483:10483] [DMG] Endpoint 1, Cluster 0x0000_042F update version to 9b4e4155[0m
[0;34m[1784656174.725] [10483:10483] [DMG] Endpoint 1, Cluster 0x0000_042F update version to 9b4e4156[0m
[0;34m[1784656174.725] [10483:10483] [DMG] Endpoint 1, Cluster 0x0000_042F update version to 9b4e4157[0m
[0;32m[1784656174.725] [10483:10483] [-] Setting LowPower default delegate to global manager[0m
[0;34m[1784656174.725] [10483:10483] [DMG] Endpoint 2, Cluster 0x0000_0004 update version to 6bc5fc4f[0m
[0;34m[1784656174.725] [10483:10483] [DMG] Endpoint 2, Cluster 0x0000_0004 update version to 6bc5fc50[0m
[1;31m[1784656174.725] [10483:10483] [IM] Duplicate attribute override registration failed[0m
[0;34m[1784656174.725] [10483:10483] [DMG] Endpoint 2, Cluster 0x0000_0406 update version to 65ceecd5[0m
[0;34m[1784656174.725] [10483:10483] [DMG] Endpoint 2, Cluster 0x0000_0406 update version to 65ceecd6[0m
[0;32m[1784656174.725] [10483:10483] [DMG] TLSClientManagementCluster: initializing[0m
[0;32m[1784656174.725] [10483:10483] [DMG] TLSCertificateManagementCluster: initializing[0m
[0;34m[1784656174.725] [10483:10483] [ZCL] Chime: Unable to load the SelectedChime attribute from the KVS. Defaulting to 0[0m
[0;34m[1784656174.725] [10483:10483] [ZCL] Chime: Unable to load the Enabled attribute from the KVS. Defaulting to 1[0m
[0;34m[1784656174.725] [10483:10483] [EVL] LogEvent event number: 0x0000000000000001 priority: 2, endpoint id:  0x0 cluster id: 0x0000_0033 event id: 0x3 Epoch timestamp: 0x0000019F85CC1E85[0m
[0;34m[1784656174.728] [10483:10483] [DL] Wrote settings to /tmp/chip_kvs_test[0m
[0;32m[1784656174.728] [10483:10483] [DMG] AccessControlCluster: initializing[0m
[0;34m[1784656174.728] [10483:10483] [IN] SecureSession[0x55ecec902890]: Allocated Type:1 LSID:26952[0m
[0;34m[1784656174.728] [10483:10483] [SC] Assigned local session key ID 26952[0m
[0;34m[1784656174.728] [10483:10483] [SC] Waiting for PBKDF param request[0m
[0;32m[1784656174.728] [10483:10483] [DIS] Updating services using commissioning mode 1[0m
[0;32m[1784656174.728] [10483:10483] [DIS] CHIP minimal mDNS started advertising.[0m
[0;34m[1784656174.728] [10483:10483] [DL] Using WiFi MAC for hostname[0m
[0;34m[1784656174.728] [10483:10483] [DIS] DNS-SD Pairing Instruction not set[0m
[0;32m[1784656174.728] [10483:10483] [DIS] Advertise commission parameter vendorID=65521 productID=32769 discriminator=3840/15 cm=1 cp=0 jf=0[0m
[0;34m[1784656174.728] [10483:10483] [DIS] Responding with _matterc._udp.local[0m
[0;34m[1784656174.728] [10483:10483] [DIS] Responding with 9360A9EA4908F0E1._matterc._udp.local[0m
[0;34m[1784656174.728] [10483:10483] [DIS] Responding with 080027AE1A43.local[0m
[0;34m[1784656174.728] [10483:10483] [DIS] Responding with 080027AE1A43.local[0m
[0;34m[1784656174.728] [10483:10483] [DIS] Responding with _V65521._sub._matterc._udp.local[0m
[0;34m[1784656174.728] [10483:10483] [DIS] Responding with _T257._sub._matterc._udp.local[0m
[0;34m[1784656174.728] [10483:10483] [DIS] Responding with _S15._sub._matterc._udp.local[0m
[0;34m[1784656174.728] [10483:10483] [DIS] Responding with _L3840._sub._matterc._udp.local[0m
[0;34m[1784656174.728] [10483:10483] [DIS] Responding with _CM._sub._matterc._udp.local[0m
[0;34m[1784656174.728] [10483:10483] [DIS] Responding with 9360A9EA4908F0E1._matterc._udp.local[0m
[0;32m[1784656174.728] [10483:10483] [DIS] CHIP minimal mDNS configured as 'Commissionable node device'; instance name: 9360A9EA4908F0E1.[0m
[0;32m[1784656174.729] [10483:10483] [DIS] mDNS service published: _matterc._udp[0m
[0;32m[1784656174.729] [10483:10483] [DIS] Updating services using commissioning mode 1[0m
[0;32m[1784656174.729] [10483:10483] [DIS] CHIP minimal mDNS started advertising.[0m
[0;34m[1784656174.731] [10483:10483] [DL] Using WiFi MAC for hostname[0m
[0;34m[1784656174.731] [10483:10483] [DIS] DNS-SD Pairing Instruction not set[0m
[0;32m[1784656174.731] [10483:10483] [DIS] Advertise commission parameter vendorID=65521 productID=32769 discriminator=3840/15 cm=1 cp=0 jf=0[0m
[0;34m[1784656174.731] [10483:10483] [DIS] Responding with _matterc._udp.local[0m
[0;34m[1784656174.731] [10483:10483] [DIS] Responding with 9360A9EA4908F0E1._matterc._udp.local[0m
[0;34m[1784656174.731] [10483:10483] [DIS] Responding with 080027AE1A43.local[0m
[0;34m[1784656174.731] [10483:10483] [DIS] Responding with 080027AE1A43.local[0m
[0;34m[1784656174.731] [10483:10483] [DIS] Responding with _V65521._sub._matterc._udp.local[0m
[0;34m[1784656174.731] [10483:10483] [DIS] Responding with _T257._sub._matterc._udp.local[0m
[0;34m[1784656174.731] [10483:10483] [DIS] Responding with _S15._sub._matterc._udp.local[0m
[0;34m[1784656174.731] [10483:10483] [DIS] Responding with _L3840._sub._matterc._udp.local[0m
[0;34m[1784656174.731] [10483:10483] [DIS] Responding with _CM._sub._matterc._udp.local[0m
[0;34m[1784656174.731] [10483:10483] [DIS] Responding with 9360A9EA4908F0E1._matterc._udp.local[0m
[0;32m[1784656174.731] [10483:10483] [DIS] CHIP minimal mDNS configured as 'Commissionable node device'; instance name: 9360A9EA4908F0E1.[0m
[0;32m[1784656174.731] [10483:10483] [DIS] mDNS service published: _matterc._udp[0m
[0;32m[1784656174.731] [10483:10483] [IN] CASE Server enabling CASE session setups[0m
[0;34m[1784656174.731] [10483:10483] [IN] SecureSession[0x55ecec902da0]: Allocated Type:2 LSID:26953[0m
[0;34m[1784656174.731] [10483:10483] [SC] Allocated SecureSession (0x55ecec902da0) - waiting for Sigma1 msg[0m
[0;32m[1784656174.731] [10483:10483] [SVR] Joining Multicast groups[0m
[0;34m[1784656174.731] [10483:10483] [ZCL] Emitting StartUp event[0m
[0;34m[1784656174.731] [10483:10483] [EVL] LogEvent event number: 0x0000000000000002 priority: 2, endpoint id:  0x0 cluster id: 0x0000_0028 event id: 0x0 Epoch timestamp: 0x0000019F85CC1E8B[0m
[0;32m[1784656174.731] [10483:10483] [SVR] Server initialization complete[0m
[0;32m[1784656174.731] [10483:10483] [SVR] Server Listening...[0m
[0;32m[1784656174.731] [10483:10483] [DL] Device Configuration:[0m
[0;32m[1784656174.731] [10483:10483] [DL]   Serial Number: TEST_SN[0m
[0;32m[1784656174.731] [10483:10483] [DL]   Vendor Id: 65521 (0xFFF1)[0m
[0;32m[1784656174.731] [10483:10483] [DL]   Product Id: 32769 (0x8001)[0m
[0;32m[1784656174.731] [10483:10483] [DL]   Product Name: TEST_PRODUCT[0m
[0;32m[1784656174.731] [10483:10483] [DL]   Hardware Version: 0[0m
[0;32m[1784656174.731] [10483:10483] [DL]   Setup Pin Code (0 for UNKNOWN/ERROR): 20202021[0m
[0;32m[1784656174.731] [10483:10483] [DL]   Setup Discriminator (0xFFFF for UNKNOWN/ERROR): 3840 (0xF00)[0m
[0;32m[1784656174.731] [10483:10483] [DL]   Manufacturing Date: (not set)[0m
[0;32m[1784656174.731] [10483:10483] [DL]   Device Type: 257 (0x101)[0m
[0;32m[1784656174.731] [10483:10483] [SVR] SetupQRCode: [MT:-24J042C00KA0648G00][0m
[0;32m[1784656174.731] [10483:10483] [SVR] Copy/paste the below URL in a browser to see the QR Code:[0m
[0;32m[1784656174.731] [10483:10483] [SVR] https://project-chip.github.io/connectedhomeip/qrcode.html?data=MT%3A-24J042C00KA0648G00[0m
[0;32m[1784656174.731] [10483:10483] [SVR] Manual pairing code: [34970112332][0m
[0;34m[1784656174.731] [10483:10483] [DMG] Endpoint 0, Cluster 0x0000_001D update version to a735e098[0m
[0;34m[1784656174.731] [10483:10483] [DMG] Endpoint 1, Cluster 0x0000_005D update version to ed31e8f7[0m
[0;34m[1784656174.731] [10483:10483] [DMG] Endpoint 1, Cluster 0x0000_005D update version to ed31e8f8[0m
[0;34m[1784656174.731] [10483:10483] [DMG] Endpoint 1, Cluster 0x0000_005D update version to ed31e8f9[0m
[0;34m[1784656174.731] [10483:10483] [DMG] Endpoint 1, Cluster 0x0000_005D update version to ed31e8fa[0m
[0;34m[1784656174.731] [10483:10483] [EVL] LogEvent event number: 0x0000000000000003 priority: 1, endpoint id:  0x1 cluster id: 0x0000_005D event id: 0x0 Epoch timestamp: 0x0000019F85CC1E8B[0m
[0;32m[1784656174.731] [10483:10483] [ZCL] Set number of supported temperature units to: 2[0m
[0;34m[1784656174.731] [10483:10483] [DMG] Endpoint 0, Cluster 0x0000_002D update version to fd7edf14[0m
[0;34m[1784656174.734] [10483:10483] [DL] Wrote settings to /tmp/chip_kvs_test[0m
[0;32m[1784656174.734] [10483:10483] [DL] ===== APP STATUS: Starting event loop =====[0m
[1;31m[1784656199.740] [10483:10487] [DL] FAIL: Get D-Bus object manager client: Error calling StartServiceByName for org.bluez: Failed to activate service 'org.bluez': timed out (service_start_timeout=25000ms)[0m
[1;31m[1784656199.741] [10483:10483] [DL] Disabling CHIPoBLE service due to error: src/platform/Linux/bluez/BluezObjectManager.cpp:280: CHIP Error 0x000000AC: Internal error[0m
[1;31m[1784656199.741] [10483:10483] [DL] Long dispatch time: 25007 ms, for event type 3[0m
[0;32m[1784656199.741] [10483:10483] [SVR] Cannot load binding table: src/platform/Linux/KeyValueStoreManagerImpl.cpp:53: CHIP Error 0x000000A0: Value not found in the persisted storage[0m
[0;32m[1784656199.741] [10483:10483] [DIS] Updating services using commissioning mode 1[0m
[0;32m[1784656199.741] [10483:10483] [DIS] CHIP minimal mDNS started advertising.[0m
[0;34m[1784656199.744] [10483:10483] [DL] Using WiFi MAC for hostname[0m
[0;34m[1784656199.744] [10483:10483] [DIS] DNS-SD Pairing Instruction not set[0m
[0;32m[1784656199.744] [10483:10483] [DIS] Advertise commission parameter vendorID=65521 productID=32769 discriminator=3840/15 cm=1 cp=0 jf=0[0m
[0;34m[1784656199.744] [10483:10483] [DIS] Responding with _matterc._udp.local[0m
[0;34m[1784656199.744] [10483:10483] [DIS] Responding with 9360A9EA4908F0E1._matterc._udp.local[0m
[0;34m[1784656199.744] [10483:10483] [DIS] Responding with 080027AE1A43.local[0m
[0;34m[1784656199.744] [10483:10483] [DIS] Responding with 080027AE1A43.local[0m
[0;34m[1784656199.744] [10483:10483] [DIS] Responding with _V65521._sub._matterc._udp.local[0m
[0;34m[1784656199.744] [10483:10483] [DIS] Responding with _T257._sub._matterc._udp.local[0m
[0;34m[1784656199.744] [10483:10483] [DIS] Responding with _S15._sub._matterc._udp.local[0m
[0;34m[1784656199.744] [10483:10483] [DIS] Responding with _L3840._sub._matterc._udp.local[0m
[0;34m[1784656199.744] [10483:10483] [DIS] Responding with _CM._sub._matterc._udp.local[0m
[0;34m[1784656199.744] [10483:10483] [DIS] Responding with 9360A9EA4908F0E1._matterc._udp.local[0m
[0;32m[1784656199.744] [10483:10483] [DIS] CHIP minimal mDNS configured as 'Commissionable node device'; instance name: 9360A9EA4908F0E1.[0m
[0;32m[1784656199.745] [10483:10483] [DIS] mDNS service published: _matterc._udp[0m
[0;32m[1784656199.745] [10483:10483] [IM] No subscriptions to resume[0m
[0;34m[1784656199.745] [10483:10483] [DMG] Endpoint 0, Cluster 0x0000_0038 update version to 7260cc07[0m
[0;32m[1784656200.010] [10483:10483] [EM] >>> [E:5699r S:0 M:155301748] (U) Msg RX from 0:D2C6CF57EA31FB61 [0000] to 0000000000000000 --- Type 0000:20 (SecureChannel:PBKDFParamRequest) (B:98)[0m
[0;34m[1784656200.010] [10483:10483] [EM] Handling via exchange: 5699r, Delegate: 0x55ecb0b4cd08[0m
[0;34m[1784656200.010] [10483:10483] [SC] Received PBKDF param request[0m
[0;34m[1784656200.010] [10483:10483] [SC] Peer assigned session ID 28488[0m
[0;34m[1784656200.010] [10483:10483] [SC] Found MRP parameters in the message[0m
[0;32m[1784656200.010] [10483:10483] [EM] <<< [E:5699r S:0 M:15932520 (Ack:155301748)] (U) Msg TX from 0000000000000000 to 0:D2C6CF57EA31FB61 [0000] [UDP:[fe80::bfe:a203:38f0:bce7%enp0s3]:60128] --- Type 0000:21 (SecureChannel:PBKDFParamResponse) (B:174)[0m
[0;32m[1784656200.010] [10483:10483] [EM] ??1 [E:5699r S:0 M:15932520] (U) Msg Retransmission to 0:0000000000000000 scheduled for 331ms from now [State:Active II:500 AI:300 AT:4000][0m
[0;34m[1784656200.010] [10483:10483] [SC] Sent PBKDF param response[0m
[0;32m[1784656200.010] [10483:10483] [SVR] Commissioning session establishment step started[0m
[0;32m[1784656200.012] [10483:10483] [EM] >>> [E:5699r S:0 M:155301749 (Ack:15932520)] (U) Msg RX from 0:D2C6CF57EA31FB61 [0000] to 0000000000000000 --- Type 0000:22 (SecureChannel:PASE_Pake1) (B:96)[0m
[0;34m[1784656200.012] [10483:10483] [EM] Found matching exchange: 5699r, Delegate: 0x55ecb0b4cd08[0m
[0;34m[1784656200.012] [10483:10483] [EM] Rxd Ack; Removing MessageCounter:15932520 from Retrans Table on exchange 5699r[0m
[0;34m[1784656200.012] [10483:10483] [SC] Received spake2p msg1[0m
[0;32m[1784656200.012] [10483:10483] [EM] <<< [E:5699r S:0 M:15932521 (Ack:155301749)] (U) Msg TX from 0000000000000000 to 0:D2C6CF57EA31FB61 [0000] [UDP:[fe80::bfe:a203:38f0:bce7%enp0s3]:60128] --- Type 0000:23 (SecureChannel:PASE_Pake2) (B:131)[0m
[0;32m[1784656200.012] [10483:10483] [EM] ??1 [E:5699r S:0 M:15932521] (U) Msg Retransmission to 0:0000000000000000 scheduled for 350ms from now [State:Active II:500 AI:300 AT:4000][0m
[0;34m[1784656200.012] [10483:10483] [SC] Sent spake2p msg2[0m
[0;32m[1784656200.013] [10483:10483] [EM] >>> [E:5699r S:0 M:155301750 (Ack:15932521)] (U) Msg RX from 0:D2C6CF57EA31FB61 [0000] to 0000000000000000 --- Type 0000:24 (SecureChannel:PASE_Pake3) (B:63)[0m
[0;34m[1784656200.013] [10483:10483] [EM] Found matching exchange: 5699r, Delegate: 0x55ecb0b4cd08[0m
[0;34m[1784656200.013] [10483:10483] [EM] Rxd Ack; Removing MessageCounter:15932521 from Retrans Table on exchange 5699r[0m
[0;34m[1784656200.013] [10483:10483] [SC] Received spake2p msg3[0m
[0;34m[1784656200.013] [10483:10483] [SC] Sending status report. Protocol code 0, exchange 5699[0m
[0;32m[1784656200.013] [10483:10483] [EM] <<< [E:5699r S:0 M:15932522 (Ack:155301750)] (U) Msg TX from 0000000000000000 to 0:D2C6CF57EA31FB61 [0000] [UDP:[fe80::bfe:a203:38f0:bce7%enp0s3]:60128] --- Type 0000:40 (SecureChannel:StatusReport) (B:34)[0m
[0;32m[1784656200.013] [10483:10483] [EM] ??1 [E:5699r S:0 M:15932522] (U) Msg Retransmission to 0:0000000000000000 scheduled for 403ms from now [State:Active II:500 AI:300 AT:4000][0m
[0;32m[1784656200.013] [10483:10483] [SC] SecureSession[0x55ecec902890, LSID:26952]: State change 'kEstablishing' --> 'kActive'[0m
[0;34m[1784656200.013] [10483:10483] [IN] SecureSession[0x55ecec902890]: Activated - Type:1 LSID:26952[0m
[0;34m[1784656200.013] [10483:10483] [IN] New secure session activated for device <FFFFFFFB00000000, 0>, LSID:26952 PSID:28488![0m
[0;32m[1784656200.013] [10483:10483] [SVR] Commissioning completed session establishment step[0m
[0;32m[1784656200.013] [10483:10483] [DIS] Updating services using commissioning mode 0[0m
[0;32m[1784656200.013] [10483:10483] [DIS] CHIP minimal mDNS started advertising.[0m
[0;32m[1784656200.015] [10483:10483] [SVR] Device completed Rendezvous process[0m
[0;32m[1784656200.015] [10483:10483] [EM] >>> [E:5700r S:26952 M:137101396] (S) Msg RX from 0:FFFFFFFB00000000 [0000] to 0000000000000000 --- Type 0001:02 (IM:ReadRequest) (B:136)[0m
[0;34m[1784656200.015] [10483:10483] [EM] Handling via exchange: 5700r, Delegate: 0x55ecb0b54ac8[0m
[0;34m[1784656200.015] [10483:10483] [IM] Received Read request[0m
[0;34m[1784656200.015] [10483:10483] [DMG] ReadRequestMessage =[0m
[0;34m[1784656200.015] [10483:10483] [DMG] {[0m
[0;34m[1784656200.015] [10483:10483] [DMG] 	AttributePathIBs =[0m
[0;34m[1784656200.015] [10483:10483] [DMG] 	[[0m
[0;34m[1784656200.015] [10483:10483] [DMG] 		AttributePathIB =[0m
[0;34m[1784656200.015] [10483:10483] [DMG] 		{[0m
[0;34m[1784656200.015] [10483:10483] [DMG] 			Endpoint = 0x0,[0m
[0;34m[1784656200.015] [10483:10483] [DMG] 			Cluster = 0x30,[0m
[0;34m[1784656200.015] [10483:10483] [DMG] 			Attribute = 0x0000_0004,[0m
[0;34m[1784656200.015] [10483:10483] [DMG] 		}[0m
[0;34m[1784656200.015] [10483:10483] [DMG] 			[0m
[0;34m[1784656200.015] [10483:10483] [DMG] 		AttributePathIB =[0m
[0;34m[1784656200.015] [10483:10483] [DMG] 		{[0m
[0;34m[1784656200.015] [10483:10483] [DMG] 			Endpoint = 0x0,[0m
[0;34m[1784656200.015] [10483:10483] [DMG] 			Cluster = 0x30,[0m
[0;34m[1784656200.015] [10483:10483] [DMG] 			Attribute = 0x0000_0000,[0m
[0;34m[1784656200.015] [10483:10483] [DMG] 		}[0m
[0;34m[1784656200.015] [10483:10483] [DMG] 			[0m
[0;34m[1784656200.015] [10483:10483] [DMG] 		AttributePathIB =[0m
[0;34m[1784656200.015] [10483:10483] [DMG] 		{[0m
[0;34m[1784656200.015] [10483:10483] [DMG] 			Endpoint = 0x0,[0m
[0;34m[1784656200.015] [10483:10483] [DMG] 			Cluster = 0x30,[0m
[0;34m[1784656200.015] [10483:10483] [DMG] 			Attribute = 0x0000_0001,[0m
[0;34m[1784656200.015] [10483:10483] [DMG] 		}[0m
[0;34m[1784656200.015] [10483:10483] [DMG] 			[0m
[0;34m[1784656200.015] [10483:10483] [DMG] 		AttributePathIB =[0m
[0;34m[1784656200.015] [10483:10483] [DMG] 		{[0m
[0;34m[1784656200.015] [10483:10483] [DMG] 			Endpoint = 0x0,[0m
[0;34m[1784656200.015] [10483:10483] [DMG] 			Cluster = 0x30,[0m
[0;34m[1784656200.015] [10483:10483] [DMG] 			Attribute = 0x0000_0002,[0m
[0;34m[1784656200.015] [10483:10483] [DMG] 		}[0m
[0;34m[1784656200.015] [10483:10483] [DMG] 			[0m
[0;34m[1784656200.015] [10483:10483] [DMG] 		AttributePathIB =[0m
[0;34m[1784656200.015] [10483:10483] [DMG] 		{[0m
[0;34m[1784656200.015] [10483:10483] [DMG] 			Endpoint = 0x0,[0m
[0;34m[1784656200.015] [10483:10483] [DMG] 			Cluster = 0x30,[0m
[0;34m[1784656200.015] [10483:10483] [DMG] 			Attribute = 0x0000_0003,[0m
[0;34m[1784656200.015] [10483:10483] [DMG] 		}[0m
[0;34m[1784656200.015] [10483:10483] [DMG] 			[0m
[0;34m[1784656200.015] [10483:10483] [DMG] 		AttributePathIB =[0m
[0;34m[1784656200.015] [10483:10483] [DMG] 		{[0m
[0;34m[1784656200.015] [10483:10483] [DMG] 			Endpoint = 0x0,[0m
[0;34m[1784656200.015] [10483:10483] [DMG] 			Cluster = 0x30,[0m
[0;34m[1784656200.015] [10483:10483] [DMG] 			Attribute = 0x0000_000C,[0m
[0;34m[1784656200.015] [10483:10483] [DMG] 		}[0m
[0;34m[1784656200.015] [10483:10483] [DMG] 			[0m
[0;34m[1784656200.015] [10483:10483] [DMG] 		AttributePathIB =[0m
[0;34m[1784656200.015] [10483:10483] [DMG] 		{[0m
[0;34m[1784656200.015] [10483:10483] [DMG] 			Endpoint = 0x0,[0m
[0;34m[1784656200.015] [10483:10483] [DMG] 			Cluster = 0x28,[0m
[0;34m[1784656200.015] [10483:10483] [DMG] 			Attribute = 0x0000_0002,[0m
[0;34m[1784656200.015] [10483:10483] [DMG] 		}[0m
[0;34m[1784656200.015] [10483:10483] [DMG] 			[0m
[0;34m[1784656200.015] [10483:10483] [DMG] 		AttributePathIB =[0m
[0;34m[1784656200.015] [10483:10483] [DMG] 		{[0m
[0;34m[1784656200.015] [10483:10483] [DMG] 			Endpoint = 0x0,[0m
[0;34m[1784656200.015] [10483:10483] [DMG] 			Cluster = 0x28,[0m
[0;34m[1784656200.015] [10483:10483] [DMG] 			Attribute = 0x0000_0004,[0m
[0;34m[1784656200.015] [10483:10483] [DMG] 		}[0m
[0;34m[1784656200.015] [10483:10483] [DMG] 			[0m
[0;34m[1784656200.015] [10483:10483] [DMG] 		AttributePathIB =[0m
[0;34m[1784656200.015] [10483:10483] [DMG] 		{[0m
[0;34m[1784656200.015] [10483:10483] [DMG] 			Endpoint = 0x0,[0m
[0;34m[1784656200.015] [10483:10483] [DMG] 			Cluster = 0x38,[0m
[0;34m[1784656200.015] [10483:10483] [DMG] 		}[0m
[0;34m[1784656200.015] [10483:10483] [DMG] 			[0m
[0;34m[1784656200.015] [10483:10483] [DMG] 	],[0m
[0;34m[1784656200.015] [10483:10483] [DMG] 		[0m
[0;34m[1784656200.015] [10483:10483] [DMG] 	isFabricFiltered = false, [0m
[0;34m[1784656200.015] [10483:10483] [DMG] 	InteractionModelRevision = 12[0m
[0;34m[1784656200.015] [10483:10483] [DMG] },[0m
[0;34m[1784656200.015] [10483:10483] [DMG] IM RH moving to [CanStartReporting][0m
[0;34m[1784656200.015] [10483:10483] [DMG] Building Reports for ReadHandler with LastReportGeneration = 0x0000000000000000 DirtyGeneration = 0x0000000000000000[0m
[0;34m[1784656200.015] [10483:10483] [DMG] <RE:Run> Cluster 38, Attribute 0 is dirty[0m
[0;32m[1784656200.015] [10483:10483] [DMG] AccessControl: checking f=0 a=p s=0xFFFFFFFB00000000 t= c=0x0000_0038 e=0 p=v r=r[0m
[0;32m[1784656200.015] [10483:10483] [DMG] AccessControl: implicit admin (PASE)[0m
[0;32m[1784656200.015] [10483:10483] [DMG] AccessControl: checking f=0 a=p s=0xFFFFFFFB00000000 t= c=0x0000_0038 e=0 p=v r=r[0m
[0;32m[1784656200.015] [10483:10483] [DMG] AccessControl: implicit admin (PASE)[0m
[0;34m[1784656200.015] [10483:10483] [DMG] Reading attribute: Cluster=0x0000_0038 Endpoint=0x0 AttributeId=0x0000_0000 (expanded=1)[0m
[0;34m[1784656200.015] [10483:10483] [DMG] <RE:Run> Cluster 38, Attribute 1 is dirty[0m
[0;32m[1784656200.015] [10483:10483] [DMG] AccessControl: checking f=0 a=p s=0xFFFFFFFB00000000 t= c=0x0000_0038 e=0 p=v r=r[0m
[0;32m[1784656200.015] [10483:10483] [DMG] AccessControl: implicit admin (PASE)[0m
[0;32m[1784656200.015] [10483:10483] [DMG] AccessControl: checking f=0 a=p s=0xFFFFFFFB00000000 t= c=0x0000_0038 e=0 p=v r=r[0m
[0;32m[1784656200.015] [10483:10483] [DMG] AccessControl: implicit admin (PASE)[0m
[0;34m[1784656200.015] [10483:10483] [DMG] Reading attribute: Cluster=0x0000_0038 Endpoint=0x0 AttributeId=0x0000_0001 (expanded=1)[0m
[0;34m[1784656200.015] [10483:10483] [DMG] <RE:Run> Cluster 38, Attribute 2 is dirty[0m
[0;32m[1784656200.015] [10483:10483] [DMG] AccessControl: checking f=0 a=p s=0xFFFFFFFB00000000 t= c=0x0000_0038 e=0 p=v r=r[0m
[0;32m[1784656200.015] [10483:10483] [DMG] AccessControl: implicit admin (PASE)[0m
[0;32m[1784656200.015] [10483:10483] [DMG] AccessControl: checking f=0 a=p s=0xFFFFFFFB00000000 t= c=0x0000_0038 e=0 p=v r=r[0m
[0;32m[1784656200.015] [10483:10483] [DMG] AccessControl: implicit admin (PASE)[0m
[0;34m[1784656200.015] [10483:10483] [DMG] Reading attribute: Cluster=0x0000_0038 Endpoint=0x0 AttributeId=0x0000_0002 (expanded=1)[0m
[0;34m[1784656200.015] [10483:10483] [DMG] <RE:Run> Cluster 38, Attribute 3 is dirty[0m
[0;32m[1784656200.015] [10483:10483] [DMG] AccessControl: checking f=0 a=p s=0xFFFFFFFB00000000 t= c=0x0000_0038 e=0 p=v r=r[0m
[0;32m[1784656200.015] [10483:10483] [DMG] AccessControl: implicit admin (PASE)[0m
[0;32m[1784656200.015] [10483:10483] [DMG] AccessControl: checking f=0 a=p s=0xFFFFFFFB00000000 t= c=0x0000_0038 e=0 p=v r=r[0m
[0;32m[1784656200.015] [10483:10483] [DMG] AccessControl: implicit admin (PASE)[0m
[0;34m[1784656200.015] [10483:10483] [DMG] Reading attribute: Cluster=0x0000_0038 Endpoint=0x0 AttributeId=0x0000_0003 (expanded=1)[0m
[0;34m[1784656200.015] [10483:10483] [DMG] <RE:Run> Cluster 38, Attribute 4 is dirty[0m
[0;32m[1784656200.015] [10483:10483] [DMG] AccessControl: checking f=0 a=p s=0xFFFFFFFB00000000 t= c=0x0000_0038 e=0 p=v r=r[0m
[0;32m[1784656200.015] [10483:10483] [DMG] AccessControl: implicit admin (PASE)[0m
[0;32m[1784656200.015] [10483:10483] [DMG] AccessControl: checking f=0 a=p s=0xFFFFFFFB00000000 t= c=0x0000_0038 e=0 p=v r=r[0m
[0;32m[1784656200.015] [10483:10483] [DMG] AccessControl: implicit admin (PASE)[0m
[0;34m[1784656200.015] [10483:10483] [DMG] Reading attribute: Cluster=0x0000_0038 Endpoint=0x0 AttributeId=0x0000_0004 (expanded=1)[0m
[0;34m[1784656200.015] [10483:10483] [DMG] <RE:Run> Cluster 38, Attribute 5 is dirty[0m
[0;32m[1784656200.015] [10483:10483] [DMG] AccessControl: checking f=0 a=p s=0xFFFFFFFB00000000 t= c=0x0000_0038 e=0 p=v r=r[0m
[0;32m[1784656200.015] [10483:10483] [DMG] AccessControl: implicit admin (PASE)[0m
[0;32m[1784656200.015] [10483:10483] [DMG] AccessControl: checking f=0 a=p s=0xFFFFFFFB00000000 t= c=0x0000_0038 e=0 p=v r=r[0m
[0;32m[1784656200.015] [10483:10483] [DMG] AccessControl: implicit admin (PASE)[0m
[0;34m[1784656200.015] [10483:10483] [DMG] Reading attribute: Cluster=0x0000_0038 Endpoint=0x0 AttributeId=0x0000_0005 (expanded=1)[0m
[0;34m[1784656200.015] [10483:10483] [DMG] <RE:Run> Cluster 38, Attribute 6 is dirty[0m
[0;32m[1784656200.015] [10483:10483] [DMG] AccessControl: checking f=0 a=p s=0xFFFFFFFB00000000 t= c=0x0000_0038 e=0 p=v r=r[0m
[0;32m[1784656200.015] [10483:10483] [DMG] AccessControl: implicit admin (PASE)[0m
[0;32m[1784656200.015] [10483:10483] [DMG] AccessControl: checking f=0 a=p s=0xFFFFFFFB00000000 t= c=0x0000_0038 e=0 p=v r=r[0m
[0;32m[1784656200.015] [10483:10483] [DMG] AccessControl: implicit admin (PASE)[0m
[0;34m[1784656200.015] [10483:10483] [DMG] Reading attribute: Cluster=0x0000_0038 Endpoint=0x0 AttributeId=0x0000_0006 (expanded=1)[0m
[0;34m[1784656200.015] [10483:10483] [DMG] <RE:Run> Cluster 38, Attribute 7 is dirty[0m
[0;32m[1784656200.015] [10483:10483] [DMG] AccessControl: checking f=0 a=p s=0xFFFFFFFB00000000 t= c=0x0000_0038 e=0 p=v r=r[0m
[0;32m[1784656200.015] [10483:10483] [DMG] AccessControl: implicit admin (PASE)[0m
[0;32m[1784656200.015] [10483:10483] [DMG] AccessControl: checking f=0 a=p s=0xFFFFFFFB00000000 t= c=0x0000_0038 e=0 p=v r=r[0m
[0;32m[1784656200.015] [10483:10483] [DMG] AccessControl: implicit admin (PASE)[0m
[0;34m[1784656200.015] [10483:10483] [DMG] Reading attribute: Cluster=0x0000_0038 Endpoint=0x0 AttributeId=0x0000_0007 (expanded=1)[0m
[0;34m[1784656200.015] [10483:10483] [DMG] <RE:Run> Cluster 38, Attribute 8 is dirty[0m
[0;32m[1784656200.015] [10483:10483] [DMG] AccessControl: checking f=0 a=p s=0xFFFFFFFB00000000 t= c=0x0000_0038 e=0 p=v r=r[0m
[0;32m[1784656200.015] [10483:10483] [DMG] AccessControl: implicit admin (PASE)[0m
[0;32m[1784656200.015] [10483:10483] [DMG] AccessControl: checking f=0 a=p s=0xFFFFFFFB00000000 t= c=0x0000_0038 e=0 p=v r=r[0m
[0;32m[1784656200.015] [10483:10483] [DMG] AccessControl: implicit admin (PASE)[0m
[0;34m[1784656200.015] [10483:10483] [DMG] Reading attribute: Cluster=0x0000_0038 Endpoint=0x0 AttributeId=0x0000_0008 (expanded=1)[0m
[0;34m[1784656200.015] [10483:10483] [DMG] <RE:Run> Cluster 38, Attribute a is dirty[0m
[0;32m[1784656200.015] [10483:10483] [DMG] AccessControl: checking f=0 a=p s=0xFFFFFFFB00000000 t= c=0x0000_0038 e=0 p=v r=r[0m
[0;32m[1784656200.015] [10483:10483] [DMG] AccessControl: implicit admin (PASE)[0m
[0;32m[1784656200.015] [10483:10483] [DMG] AccessControl: checking f=0 a=p s=0xFFFFFFFB00000000 t= c=0x0000_0038 e=0 p=v r=r[0m
[0;32m[1784656200.015] [10483:10483] [DMG] AccessControl: implicit admin (PASE)[0m
[0;34m[1784656200.015] [10483:10483] [DMG] Reading attribute: Cluster=0x0000_0038 Endpoint=0x0 AttributeId=0x0000_000A (expanded=1)[0m
[0;34m[1784656200.015] [10483:10483] [DMG] <RE:Run> Cluster 38, Attribute b is dirty[0m
[0;32m[1784656200.015] [10483:10483] [DMG] AccessControl: checking f=0 a=p s=0xFFFFFFFB00000000 t= c=0x0000_0038 e=0 p=v r=r[0m
[0;32m[1784656200.015] [10483:10483] [DMG] AccessControl: implicit admin (PASE)[0m
[0;32m[1784656200.015] [10483:10483] [DMG] AccessControl: checking f=0 a=p s=0xFFFFFFFB00000000 t= c=0x0000_0038 e=0 p=v r=r[0m
[0;32m[1784656200.015] [10483:10483] [DMG] AccessControl: implicit admin (PASE)[0m
[0;34m[1784656200.015] [10483:10483] [DMG] Reading attribute: Cluster=0x0000_0038 Endpoint=0x0 AttributeId=0x0000_000B (expanded=1)[0m
[0;34m[1784656200.015] [10483:10483] [DMG] <RE:Run> Cluster 38, Attribute c is dirty[0m
[0;32m[1784656200.015] [10483:10483] [DMG] AccessControl: checking f=0 a=p s=0xFFFFFFFB00000000 t= c=0x0000_0038 e=0 p=v r=r[0m
[0;32m[1784656200.015] [10483:10483] [DMG] AccessControl: implicit admin (PASE)[0m
[0;32m[1784656200.015] [10483:10483] [DMG] AccessControl: checking f=0 a=p s=0xFFFFFFFB00000000 t= c=0x0000_0038 e=0 p=v r=r[0m
[0;32m[1784656200.015] [10483:10483] [DMG] AccessControl: implicit admin (PASE)[0m
[0;34m[1784656200.015] [10483:10483] [DMG] Reading attribute: Cluster=0x0000_0038 Endpoint=0x0 AttributeId=0x0000_000C (expanded=1)[0m
[0;34m[1784656200.015] [10483:10483] [DMG] <RE:Run> Cluster 38, Attribute fffc is dirty[0m
[0;32m[1784656200.015] [10483:10483] [DMG] AccessControl: checking f=0 a=p s=0xFFFFFFFB00000000 t= c=0x0000_0038 e=0 p=v r=r[0m
[0;32m[1784656200.015] [10483:10483] [DMG] AccessControl: implicit admin (PASE)[0m
[0;32m[1784656200.015] [10483:10483] [DMG] AccessControl: checking f=0 a=p s=0xFFFFFFFB00000000 t= c=0x0000_0038 e=0 p=v r=r[0m
[0;32m[1784656200.015] [10483:10483] [DMG] AccessControl: implicit admin (PASE)[0m
[0;34m[1784656200.015] [10483:10483] [DMG] Reading attribute: Cluster=0x0000_0038 Endpoint=0x0 AttributeId=0x0000_FFFC (expanded=1)[0m
[0;34m[1784656200.015] [10483:10483] [DMG] <RE:Run> Cluster 38, Attribute fffd is dirty[0m
[0;32m[1784656200.015] [10483:10483] [DMG] AccessControl: checking f=0 a=p s=0xFFFFFFFB00000000 t= c=0x0000_0038 e=0 p=v r=r[0m
[0;32m[1784656200.015] [10483:10483] [DMG] AccessControl: implicit admin (PASE)[0m
[0;32m[1784656200.015] [10483:10483] [DMG] AccessControl: checking f=0 a=p s=0xFFFFFFFB00000000 t= c=0x0000_0038 e=0 p=v r=r[0m
[0;32m[1784656200.015] [10483:10483] [DMG] AccessControl: implicit admin (PASE)[0m
[0;34m[1784656200.015] [10483:10483] [DMG] Reading attribute: Cluster=0x0000_0038 Endpoint=0x0 AttributeId=0x0000_FFFD (expanded=1)[0m
[0;34m[1784656200.015] [10483:10483] [DMG] <RE:Run> Cluster 38, Attribute fff8 is dirty[0m
[0;32m[1784656200.015] [10483:10483] [DMG] AccessControl: checking f=0 a=p s=0xFFFFFFFB00000000 t= c=0x0000_0038 e=0 p=v r=r[0m
[0;32m[1784656200.015] [10483:10483] [DMG] AccessControl: implicit admin (PASE)[0m
[0;32m[1784656200.015] [10483:10483] [DMG] AccessControl: checking f=0 a=p s=0xFFFFFFFB00000000 t= c=0x0000_0038 e=0 p=v r=r[0m
[0;32m[1784656200.015] [10483:10483] [DMG] AccessControl: implicit admin (PASE)[0m
[0;34m[1784656200.015] [10483:10483] [DMG] <RE:Run> Cluster 38, Attribute fff9 is dirty[0m
[0;32m[1784656200.015] [10483:10483] [DMG] AccessControl: checking f=0 a=p s=0xFFFFFFFB00000000 t= c=0x0000_0038 e=0 p=v r=r[0m
[0;32m[1784656200.015] [10483:10483] [DMG] AccessControl: implicit admin (PASE)[0m
[0;32m[1784656200.015] [10483:10483] [DMG] AccessControl: checking f=0 a=p s=0xFFFFFFFB00000000 t= c=0x0000_0038 e=0 p=v r=r[0m
[0;32m[1784656200.015] [10483:10483] [DMG] AccessControl: implicit admin (PASE)[0m
[0;34m[1784656200.015] [10483:10483] [DMG] <RE:Run> Cluster 38, Attribute fffb is dirty[0m
[0;32m[1784656200.015] [10483:10483] [DMG] AccessControl: checking f=0 a=p s=0xFFFFFFFB00000000 t= c=0x0000_0038 e=0 p=v r=r[0m
[0;32m[1784656200.015] [10483:10483] [DMG] AccessControl: implicit admin (PASE)[0m
[0;32m[1784656200.015] [10483:10483] [DMG] AccessControl: checking f=0 a=p s=0xFFFFFFFB00000000 t= c=0x0000_0038 e=0 p=v r=r[0m
[0;32m[1784656200.015] [10483:10483] [DMG] AccessControl: implicit admin (PASE)[0m
[0;34m[1784656200.015] [10483:10483] [DMG] <RE:Run> Cluster 28, Attribute 4 is dirty[0m
[0;32m[1784656200.015] [10483:10483] [DMG] AccessControl: checking f=0 a=p s=0xFFFFFFFB00000000 t= c=0x0000_0028 e=0 p=v r=r[0m
[0;32m[1784656200.015] [10483:10483] [DMG] AccessControl: implicit admin (PASE)[0m
[0;32m[1784656200.015] [10483:10483] [DMG] AccessControl: checking f=0 a=p s=0xFFFFFFFB00000000 t= c=0x0000_0028 e=0 p=v r=r[0m
[0;32m[1784656200.015] [10483:10483] [DMG] AccessControl: implicit admin (PASE)[0m
[0;34m[1784656200.015] [10483:10483] [DMG] Reading attribute: Cluster=0x0000_0028 Endpoint=0x0 AttributeId=0x0000_0004 (expanded=0)[0m
[0;34m[1784656200.015] [10483:10483] [DMG] <RE:Run> Cluster 28, Attribute 2 is dirty[0m
[0;32m[1784656200.015] [10483:10483] [DMG] AccessControl: checking f=0 a=p s=0xFFFFFFFB00000000 t= c=0x0000_0028 e=0 p=v r=r[0m
[0;32m[1784656200.015] [10483:10483] [DMG] AccessControl: implicit admin (PASE)[0m
[0;32m[1784656200.015] [10483:10483] [DMG] AccessControl: checking f=0 a=p s=0xFFFFFFFB00000000 t= c=0x0000_0028 e=0 p=v r=r[0m
[0;32m[1784656200.015] [10483:10483] [DMG] AccessControl: implicit admin (PASE)[0m
[0;34m[1784656200.015] [10483:10483] [DMG] Reading attribute: Cluster=0x0000_0028 Endpoint=0x0 AttributeId=0x0000_0002 (expanded=0)[0m
[0;34m[1784656200.015] [10483:10483] [DMG] <RE:Run> Cluster 30, Attribute c is dirty[0m
[0;32m[1784656200.015] [10483:10483] [DMG] AccessControl: checking f=0 a=p s=0xFFFFFFFB00000000 t= c=0x0000_0030 e=0 p=v r=r[0m
[0;32m[1784656200.015] [10483:10483] [DMG] AccessControl: implicit admin (PASE)[0m
[1;31m[1784656200.015] [10483:10483] [DMG] Failed to read attribute: UNSUPPORTED_ATTRIBUTE(134)[0m
[1;31m[1784656200.015] [10483:10483] [DMG] Fail to retrieve data, roll back and encode status on clusterId: 0x0000_0030, attributeId: 0x0000_000Cerr = src/app/data-model-provider/ActionReturnStatus.cpp:104: IM Error 0x00000586: General error: 0x86 (UNSUPPORTED_ATTRIBUTE)[0m
[0;34m[1784656200.015] [10483:10483] [DMG] <RE:Run> Cluster 30, Attribute 3 is dirty[0m
[0;32m[1784656200.015] [10483:10483] [DMG] AccessControl: checking f=0 a=p s=0xFFFFFFFB00000000 t= c=0x0000_0030 e=0 p=v r=r[0m
[0;32m[1784656200.015] [10483:10483] [DMG] AccessControl: implicit admin (PASE)[0m
[0;32m[1784656200.015] [10483:10483] [DMG] AccessControl: checking f=0 a=p s=0xFFFFFFFB00000000 t= c=0x0000_0030 e=0 p=v r=r[0m
[0;32m[1784656200.015] [10483:10483] [DMG] AccessControl: implicit admin (PASE)[0m
[0;34m[1784656200.015] [10483:10483] [DMG] Reading attribute: Cluster=0x0000_0030 Endpoint=0x0 AttributeId=0x0000_0003 (expanded=0)[0m
[0;34m[1784656200.015] [10483:10483] [DMG] <RE:Run> Cluster 30, Attribute 2 is dirty[0m
[0;32m[1784656200.015] [10483:10483] [DMG] AccessControl: checking f=0 a=p s=0xFFFFFFFB00000000 t= c=0x0000_0030 e=0 p=v r=r[0m
[0;32m[1784656200.015] [10483:10483] [DMG] AccessControl: implicit admin (PASE)[0m
[0;32m[1784656200.015] [10483:10483] [DMG] AccessControl: checking f=0 a=p s=0xFFFFFFFB00000000 t= c=0x0000_0030 e=0 p=v r=r[0m
[0;32m[1784656200.015] [10483:10483] [DMG] AccessControl: implicit admin (PASE)[0m
[0;34m[1784656200.015] [10483:10483] [DMG] Reading attribute: Cluster=0x0000_0030 Endpoint=0x0 AttributeId=0x0000_0002 (expanded=0)[0m
[0;34m[1784656200.015] [10483:10483] [DMG] <RE:Run> Cluster 30, Attribute 1 is dirty[0m
[0;32m[1784656200.015] [10483:10483] [DMG] AccessControl: checking f=0 a=p s=0xFFFFFFFB00000000 t= c=0x0000_0030 e=0 p=v r=r[0m
[0;32m[1784656200.015] [10483:10483] [DMG] AccessControl: implicit admin (PASE)[0m
[0;32m[1784656200.015] [10483:10483] [DMG] AccessControl: checking f=0 a=p s=0xFFFFFFFB00000000 t= c=0x0000_0030 e=0 p=v r=r[0m
[0;32m[1784656200.015] [10483:10483] [DMG] AccessControl: implicit admin (PASE)[0m
[0;34m[1784656200.015] [10483:10483] [DMG] Reading attribute: Cluster=0x0000_0030 Endpoint=0x0 AttributeId=0x0000_0001 (expanded=0)[0m
[0;34m[1784656200.015] [10483:10483] [DMG] <RE:Run> Cluster 30, Attribute 0 is dirty[0m
[0;32m[1784656200.015] [10483:10483] [DMG] AccessControl: checking f=0 a=p s=0xFFFFFFFB00000000 t= c=0x0000_0030 e=0 p=v r=r[0m
[0;32m[1784656200.015] [10483:10483] [DMG] AccessControl: implicit admin (PASE)[0m
[0;32m[1784656200.015] [10483:10483] [DMG] AccessControl: checking f=0 a=p s=0xFFFFFFFB00000000 t= c=0x0000_0030 e=0 p=v r=r[0m
[0;32m[1784656200.015] [10483:10483] [DMG] AccessControl: implicit admin (PASE)[0m
[0;34m[1784656200.015] [10483:10483] [DMG] Reading attribute: Cluster=0x0000_0030 Endpoint=0x0 AttributeId=0x0000_0000 (expanded=0)[0m
[0;34m[1784656200.015] [10483:10483] [DMG] <RE:Run> Cluster 30, Attribute 4 is dirty[0m
[0;32m[1784656200.015] [10483:10483] [DMG] AccessControl: checking f=0 a=p s=0xFFFFFFFB00000000 t= c=0x0000_0030 e=0 p=v r=r[0m
[0;32m[1784656200.015] [10483:10483] [DMG] AccessControl: implicit admin (PASE)[0m
[0;32m[1784656200.015] [10483:10483] [DMG] AccessControl: checking f=0 a=p s=0xFFFFFFFB00000000 t= c=0x0000_0030 e=0 p=v r=r[0m
[0;32m[1784656200.015] [10483:10483] [DMG] AccessControl: implicit admin (PASE)[0m
[0;34m[1784656200.015] [10483:10483] [DMG] Reading attribute: Cluster=0x0000_0030 Endpoint=0x0 AttributeId=0x0000_0004 (expanded=0)[0m
[0;34m[1784656200.016] [10483:10483] [DMG] <RE> Sending report (payload has 732 bytes)...[0m
[0;32m[1784656200.016] [10483:10483] [EM] <<< [E:5700r S:26952 M:267630523 (Ack:137101396)] (S) Msg TX from 0000000000000000 to 0:FFFFFFFB00000000 [0000] [UDP:[fe80::bfe:a203:38f0:bce7%enp0s3]:60128] --- Type 0001:05 (IM:ReportData) (B:766)[0m
[0;32m[1784656200.016] [10483:10483] [EM] ??1 [E:5700r S:26952 M:267630523] (S) Msg Retransmission to 0:FFFFFFFB00000000 scheduled for 345ms from now [State:Active II:500 AI:300 AT:4000][0m
[0;34m[1784656200.016] [10483:10483] [DMG] <RE> OnReportConfirm: NumReports = 0[0m
[0;34m[1784656200.016] [10483:10483] [DMG] <RE> ReportsInFlight = 0 with readHandler 0, RE has no more messages[0m
[0;34m[1784656200.016] [10483:10483] [DMG] IM RH moving to [AwaitingDestruction][0m
[0;34m[1784656200.016] [10483:10483] [DMG] All ReadHandler-s are clean, clear GlobalDirtySet[0m
[0;32m[1784656200.016] [10483:10483] [EM] >>> [E:5699r S:0 M:155301751 (Ack:15932522)] (U) Msg RX from 0:D2C6CF57EA31FB61 [0000] to 0000000000000000 --- Type 0000:10 (SecureChannel:StandaloneAck) (B:26)[0m
[0;34m[1784656200.016] [10483:10483] [EM] Found matching exchange: 5699r, Delegate: (nil)[0m
[0;34m[1784656200.016] [10483:10483] [EM] Rxd Ack; Removing MessageCounter:15932522 from Retrans Table on exchange 5699r[0m
[0;32m[1784656200.017] [10483:10483] [EM] >>> [E:5701r S:26952 M:137101397] (S) Msg RX from 0:FFFFFFFB00000000 [0000] to 0000000000000000 --- Type 0001:02 (IM:ReadRequest) (B:112)[0m
[0;34m[1784656200.017] [10483:10483] [EM] Handling via exchange: 5701r, Delegate: 0x55ecb0b54ac8[0m
[0;34m[1784656200.017] [10483:10483] [IM] Received Read request[0m
[0;34m[1784656200.017] [10483:10483] [DMG] ReadRequestMessage =[0m
[0;34m[1784656200.017] [10483:10483] [DMG] {[0m
[0;34m[1784656200.017] [10483:10483] [DMG] 	AttributePathIBs =[0m
[0;34m[1784656200.017] [10483:10483] [DMG] 	[[0m
[0;34m[1784656200.017] [10483:10483] [DMG] 		AttributePathIB =[0m
[0;34m[1784656200.017] [10483:10483] [DMG] 		{[0m
[0;34m[1784656200.017] [10483:10483] [DMG] 			Cluster = 0x31,[0m
[0;34m[1784656200.017] [10483:10483] [DMG] 			Attribute = 0x0000_FFFC,[0m
[0;34m[1784656200.017] [10483:10483] [DMG] 		}[0m
[0;34m[1784656200.017] [10483:10483] [DMG] 			[0m
[0;34m[1784656200.017] [10483:10483] [DMG] 		AttributePathIB =[0m
[0;34m[1784656200.017] [10483:10483] [DMG] 		{[0m
[0;34m[1784656200.017] [10483:10483] [DMG] 			Cluster = 0x31,[0m
[0;34m[1784656200.017] [10483:10483] [DMG] 			Attribute = 0x0000_0003,[0m
[0;34m[1784656200.017] [10483:10483] [DMG] 		}[0m
[0;34m[1784656200.017] [10483:10483] [DMG] 			[0m
[0;34m[1784656200.017] [10483:10483] [DMG] 		AttributePathIB =[0m
[0;34m[1784656200.017] [10483:10483] [DMG] 		{[0m
[0;34m[1784656200.017] [10483:10483] [DMG] 			Endpoint = 0x0,[0m
[0;34m[1784656200.017] [10483:10483] [DMG] 			Cluster = 0x46,[0m
[0;34m[1784656200.017] [10483:10483] [DMG] 			Attribute = 0x0000_0006,[0m
[0;34m[1784656200.017] [10483:10483] [DMG] 		}[0m
[0;34m[1784656200.017] [10483:10483] [DMG] 			[0m
[0;34m[1784656200.017] [10483:10483] [DMG] 		AttributePathIB =[0m
[0;34m[1784656200.017] [10483:10483] [DMG] 		{[0m
[0;34m[1784656200.017] [10483:10483] [DMG] 			Endpoint = 0x0,[0m
[0;34m[1784656200.017] [10483:10483] [DMG] 			Cluster = 0x46,[0m
[0;34m[1784656200.017] [10483:10483] [DMG] 			Attribute = 0x0000_0007,[0m
[0;34m[1784656200.017] [10483:10483] [DMG] 		}[0m
[0;34m[1784656200.017] [10483:10483] [DMG] 			[0m
[0;34m[1784656200.017] [10483:10483] [DMG] 		AttributePathIB =[0m
[0;34m[1784656200.017] [10483:10483] [DMG] 		{[0m
[0;34m[1784656200.017] [10483:10483] [DMG] 			Endpoint = 0x0,[0m
[0;34m[1784656200.017] [10483:10483] [DMG] 			Cluster = 0x46,[0m
[0;34m[1784656200.017] [10483:10483] [DMG] 			Attribute = 0x0000_0000,[0m
[0;34m[1784656200.017] [10483:10483] [DMG] 		}[0m
[0;34m[1784656200.017] [10483:10483] [DMG] 			[0m
[0;34m[1784656200.017] [10483:10483] [DMG] 		AttributePathIB =[0m
[0;34m[1784656200.017] [10483:10483] [DMG] 		{[0m
[0;34m[1784656200.017] [10483:10483] [DMG] 			Endpoint = 0x0,[0m
[0;34m[1784656200.017] [10483:10483] [DMG] 			Cluster = 0x46,[0m
[0;34m[1784656200.017] [10483:10483] [DMG] 			Attribute = 0x0000_0001,[0m
[0;34m[1784656200.017] [10483:10483] [DMG] 		}[0m
[0;34m[1784656200.017] [10483:10483] [DMG] 			[0m
[0;34m[1784656200.017] [10483:10483] [DMG] 		AttributePathIB =[0m
[0;34m[1784656200.017] [10483:10483] [DMG] 		{[0m
[0;34m[1784656200.017] [10483:10483] [DMG] 			Endpoint = 0x0,[0m
[0;34m[1784656200.017] [10483:10483] [DMG] 			Cluster = 0x46,[0m
[0;34m[1784656200.017] [10483:10483] [DMG] 			Attribute = 0x0000_0002,[0m
[0;34m[1784656200.017] [10483:10483] [DMG] 		}[0m
[0;34m[1784656200.017] [10483:10483] [DMG] 			[0m
[0;34m[1784656200.017] [10483:10483] [DMG] 	],[0m
[0;34m[1784656200.017] [10483:10483] [DMG] 		[0m
[0;34m[1784656200.017] [10483:10483] [DMG] 	isFabricFiltered = false, [0m
[0;34m[1784656200.017] [10483:10483] [DMG] 	InteractionModelRevision = 12[0m
[0;34m[1784656200.017] [10483:10483] [DMG] },[0m
[0;34m[1784656200.017] [10483:10483] [DMG] IM RH moving to [CanStartReporting][0m
[0;34m[1784656200.017] [10483:10483] [DMG] Building Reports for ReadHandler with LastReportGeneration = 0x0000000000000000 DirtyGeneration = 0x0000000000000000[0m
[0;34m[1784656200.017] [10483:10483] [DMG] <RE:Run> Cluster 46, Attribute 2 is dirty[0m
[1;31m[1784656200.018] [10483:10483] [DMG] Read request on unknown cluster - no data version available[0m
[0;32m[1784656200.018] [10483:10483] [DMG] AccessControl: checking f=0 a=p s=0xFFFFFFFB00000000 t= c=0x0000_0046 e=0 p=v r=r[0m
[0;32m[1784656200.018] [10483:10483] [DMG] AccessControl: implicit admin (PASE)[0m
[1;31m[1784656200.018] [10483:10483] [DMG] Failed to read attribute: UNSUPPORTED_CLUSTER(195)[0m
[1;31m[1784656200.018] [10483:10483] [DMG] Fail to retrieve data, roll back and encode status on clusterId: 0x0000_0046, attributeId: 0x0000_0002err = src/app/data-model-provider/ActionReturnStatus.cpp:104: IM Error 0x000005C3: General error: 0xc3 (UNSUPPORTED_CLUSTER)[0m
[0;34m[1784656200.018] [10483:10483] [DMG] <RE:Run> Cluster 46, Attribute 1 is dirty[0m
[1;31m[1784656200.018] [10483:10483] [DMG] Read request on unknown cluster - no data version available[0m
[0;32m[1784656200.018] [10483:10483] [DMG] AccessControl: checking f=0 a=p s=0xFFFFFFFB00000000 t= c=0x0000_0046 e=0 p=v r=r[0m
[0;32m[1784656200.018] [10483:10483] [DMG] AccessControl: implicit admin (PASE)[0m
[1;31m[1784656200.018] [10483:10483] [DMG] Failed to read attribute: UNSUPPORTED_CLUSTER(195)[0m
[1;31m[1784656200.018] [10483:10483] [DMG] Fail to retrieve data, roll back and encode status on clusterId: 0x0000_0046, attributeId: 0x0000_0001err = src/app/data-model-provider/ActionReturnStatus.cpp:104: IM Error 0x000005C3: General error: 0xc3 (UNSUPPORTED_CLUSTER)[0m
[0;34m[1784656200.018] [10483:10483] [DMG] <RE:Run> Cluster 46, Attribute 0 is dirty[0m
[1;31m[1784656200.018] [10483:10483] [DMG] Read request on unknown cluster - no data version available[0m
[0;32m[1784656200.018] [10483:10483] [DMG] AccessControl: checking f=0 a=p s=0xFFFFFFFB00000000 t= c=0x0000_0046 e=0 p=v r=r[0m
[0;32m[1784656200.018] [10483:10483] [DMG] AccessControl: implicit admin (PASE)[0m
[1;31m[1784656200.018] [10483:10483] [DMG] Failed to read attribute: UNSUPPORTED_CLUSTER(195)[0m
[1;31m[1784656200.018] [10483:10483] [DMG] Fail to retrieve data, roll back and encode status on clusterId: 0x0000_0046, attributeId: 0x0000_0000err = src/app/data-model-provider/ActionReturnStatus.cpp:104: IM Error 0x000005C3: General error: 0xc3 (UNSUPPORTED_CLUSTER)[0m
[0;34m[1784656200.018] [10483:10483] [DMG] <RE:Run> Cluster 46, Attribute 7 is dirty[0m
[1;31m[1784656200.018] [10483:10483] [DMG] Read request on unknown cluster - no data version available[0m
[0;32m[1784656200.018] [10483:10483] [DMG] AccessControl: checking f=0 a=p s=0xFFFFFFFB00000000 t= c=0x0000_0046 e=0 p=v r=r[0m
[0;32m[1784656200.018] [10483:10483] [DMG] AccessControl: implicit admin (PASE)[0m
[1;31m[1784656200.018] [10483:10483] [DMG] Failed to read attribute: UNSUPPORTED_CLUSTER(195)[0m
[1;31m[1784656200.018] [10483:10483] [DMG] Fail to retrieve data, roll back and encode status on clusterId: 0x0000_0046, attributeId: 0x0000_0007err = src/app/data-model-provider/ActionReturnStatus.cpp:104: IM Error 0x000005C3: General error: 0xc3 (UNSUPPORTED_CLUSTER)[0m
[0;34m[1784656200.018] [10483:10483] [DMG] <RE:Run> Cluster 46, Attribute 6 is dirty[0m
[1;31m[1784656200.018] [10483:10483] [DMG] Read request on unknown cluster - no data version available[0m
[0;32m[1784656200.018] [10483:10483] [DMG] AccessControl: checking f=0 a=p s=0xFFFFFFFB00000000 t= c=0x0000_0046 e=0 p=v r=r[0m
[0;32m[1784656200.018] [10483:10483] [DMG] AccessControl: implicit admin (PASE)[0m
[1;31m[1784656200.018] [10483:10483] [DMG] Failed to read attribute: UNSUPPORTED_CLUSTER(195)[0m
[1;31m[1784656200.018] [10483:10483] [DMG] Fail to retrieve data, roll back and encode status on clusterId: 0x0000_0046, attributeId: 0x0000_0006err = src/app/data-model-provider/ActionReturnStatus.cpp:104: IM Error 0x000005C3: General error: 0xc3 (UNSUPPORTED_CLUSTER)[0m
[0;34m[1784656200.018] [10483:10483] [DMG] <RE:Run> Cluster 31, Attribute fffc is dirty[0m
[0;32m[1784656200.018] [10483:10483] [DMG] AccessControl: checking f=0 a=p s=0xFFFFFFFB00000000 t= c=0x0000_0031 e=0 p=v r=r[0m
[0;32m[1784656200.018] [10483:10483] [DMG] AccessControl: implicit admin (PASE)[0m
[0;32m[1784656200.018] [10483:10483] [DMG] AccessControl: checking f=0 a=p s=0xFFFFFFFB00000000 t= c=0x0000_0031 e=0 p=v r=r[0m
[0;32m[1784656200.018] [10483:10483] [DMG] AccessControl: implicit admin (PASE)[0m
[0;34m[1784656200.018] [10483:10483] [DMG] Reading attribute: Cluster=0x0000_0031 Endpoint=0x0 AttributeId=0x0000_FFFC (expanded=1)[0m
[0;34m[1784656200.018] [10483:10483] [DMG] <RE> Sending report (payload has 152 bytes)...[0m
[0;32m[1784656200.018] [10483:10483] [EM] <<< [E:5701r S:26952 M:267630524 (Ack:137101397)] (S) Msg TX from 0000000000000000 to 0:FFFFFFFB00000000 [0000] [UDP:[fe80::bfe:a203:38f0:bce7%enp0s3]:60128] --- Type 0001:05 (IM:ReportData) (B:186)[0m
[0;32m[1784656200.018] [10483:10483] [EM] ??1 [E:5701r S:26952 M:267630524] (S) Msg Retransmission to 0:FFFFFFFB00000000 scheduled for 411ms from now [State:Active II:500 AI:300 AT:4000][0m
[0;34m[1784656200.018] [10483:10483] [DMG] <RE> OnReportConfirm: NumReports = 0[0m
[0;34m[1784656200.018] [10483:10483] [DMG] <RE> ReportsInFlight = 0 with readHandler 0, RE has no more messages[0m
[0;34m[1784656200.018] [10483:10483] [DMG] IM RH moving to [AwaitingDestruction][0m
[0;34m[1784656200.018] [10483:10483] [DMG] All ReadHandler-s are clean, clear GlobalDirtySet[0m
[0;32m[1784656200.018] [10483:10483] [EM] >>> [E:5700r S:26952 M:137101398 (Ack:267630523)] (S) Msg RX from 0:FFFFFFFB00000000 [0000] to 0000000000000000 --- Type 0000:10 (SecureChannel:StandaloneAck) (B:34)[0m
[0;34m[1784656200.018] [10483:10483] [EM] Found matching exchange: 5700r, Delegate: (nil)[0m
[0;34m[1784656200.018] [10483:10483] [EM] Rxd Ack; Removing MessageCounter:267630523 from Retrans Table on exchange 5700r[0m
[0;32m[1784656200.019] [10483:10483] [EM] >>> [E:5702r S:26952 M:137101399] (S) Msg RX from 0:FFFFFFFB00000000 [0000] to 0000000000000000 --- Type 0001:08 (IM:InvokeCommandRequest) (B:65)[0m
[0;34m[1784656200.019] [10483:10483] [EM] Handling via exchange: 5702r, Delegate: 0x55ecb0b54ac8[0m
[0;34m[1784656200.019] [10483:10483] [DMG] InvokeRequestMessage =[0m
[0;34m[1784656200.019] [10483:10483] [DMG] {[0m
[0;34m[1784656200.019] [10483:10483] [DMG] 	suppressResponse = false, [0m
[0;34m[1784656200.019] [10483:10483] [DMG] 	timedRequest = false, [0m
[0;34m[1784656200.019] [10483:10483] [DMG] 	InvokeRequests =[0m
[0;34m[1784656200.019] [10483:10483] [DMG] 	[[0m
[0;34m[1784656200.019] [10483:10483] [DMG] 		CommandDataIB =[0m
[0;34m[1784656200.019] [10483:10483] [DMG] 		{[0m
[0;34m[1784656200.019] [10483:10483] [DMG] 			CommandPathIB =[0m
[0;34m[1784656200.019] [10483:10483] [DMG] 			{[0m
[0;34m[1784656200.019] [10483:10483] [DMG] 				EndpointId = 0x0,[0m
[0;34m[1784656200.019] [10483:10483] [DMG] 				ClusterId = 0x30,[0m
[0;34m[1784656200.019] [10483:10483] [DMG] 				CommandId = 0x0,[0m
[0;34m[1784656200.019] [10483:10483] [DMG] 			},[0m
[0;34m[1784656200.019] [10483:10483] [DMG] 			[0m
[0;34m[1784656200.019] [10483:10483] [DMG] 			CommandFields = [0m
[0;34m[1784656200.019] [10483:10483] [DMG] 			{[0m
[0;34m[1784656200.019] [10483:10483] [DMG] 				0x0 = 60 (unsigned), [0m
[0;34m[1784656200.019] [10483:10483] [DMG] 				0x1 = 3 (unsigned), [0m
[0;34m[1784656200.019] [10483:10483] [DMG] 			},[0m
[0;34m[1784656200.019] [10483:10483] [DMG] 		},[0m
[0;34m[1784656200.019] [10483:10483] [DMG] 		[0m
[0;34m[1784656200.019] [10483:10483] [DMG] 	],[0m
[0;34m[1784656200.019] [10483:10483] [DMG] 	[0m
[0;34m[1784656200.019] [10483:10483] [DMG] 	InteractionModelRevision = 12[0m
[0;34m[1784656200.019] [10483:10483] [DMG] },[0m
[0;32m[1784656200.019] [10483:10483] [DMG] AccessControl: checking f=0 a=p s=0xFFFFFFFB00000000 t= c=0x0000_0030 e=0 p=o r=i[0m
[0;32m[1784656200.019] [10483:10483] [DMG] AccessControl: implicit admin (PASE)[0m
[0;32m[1784656200.019] [10483:10483] [DMG] AccessControl: checking f=0 a=p s=0xFFFFFFFB00000000 t= c=0x0000_0030 e=0 p=a r=i[0m
[0;32m[1784656200.019] [10483:10483] [DMG] AccessControl: implicit admin (PASE)[0m
[0;34m[1784656200.019] [10483:10483] [DMG] Received command for Endpoint=0 Cluster=0x0000_0030 Command=0x0000_0000[0m
[0;32m[1784656200.019] [10483:10483] [FS] GeneralCommissioning: Received ArmFailSafe (60s)[0m
[0;34m[1784656200.019] [10483:10483] [DMG] Command handler moving to [NewRespons][0m
[0;34m[1784656200.019] [10483:10483] [DMG] Command handler moving to [ Preparing][0m
[0;34m[1784656200.019] [10483:10483] [DMG] Command handler moving to [AddingComm][0m
[0;34m[1784656200.019] [10483:10483] [DMG] Command handler moving to [AddedComma][0m
[0;34m[1784656200.019] [10483:10483] [DMG] Decreasing reference count for CommandHandlerImpl, remaining 1[0m
[0;34m[1784656200.019] [10483:10483] [DMG] Decreasing reference count for CommandHandlerImpl, remaining 0[0m
[0;34m[1784656200.019] [10483:10483] [DMG] Command handler moving to [AwaitingDe][0m
[0;32m[1784656200.019] [10483:10483] [EM] <<< [E:5702r S:26952 M:267630525 (Ack:137101399)] (S) Msg TX from 0000000000000000 to 0:FFFFFFFB00000000 [0000] [UDP:[fe80::bfe:a203:38f0:bce7%enp0s3]:60128] --- Type 0001:09 (IM:InvokeCommandResponse) (B:70)[0m
[0;32m[1784656200.019] [10483:10483] [EM] ??1 [E:5702r S:26952 M:267630525] (S) Msg Retransmission to 0:FFFFFFFB00000000 scheduled for 404ms from now [State:Active II:500 AI:300 AT:4000][0m
[0;34m[1784656200.019] [10483:10483] [DMG] Command response sender moving to [AllInvokeR][0m
[0;32m[1784656200.019] [10483:10483] [EM] >>> [E:5701r S:26952 M:137101400 (Ack:267630524)] (S) Msg RX from 0:FFFFFFFB00000000 [0000] to 0000000000000000 --- Type 0000:10 (SecureChannel:StandaloneAck) (B:34)[0m
[0;34m[1784656200.019] [10483:10483] [EM] Found matching exchange: 5701r, Delegate: (nil)[0m
[0;34m[1784656200.019] [10483:10483] [EM] Rxd Ack; Removing MessageCounter:267630524 from Retrans Table on exchange 5701r[0m
[0;32m[1784656200.019] [10483:10483] [EM] >>> [E:5703r S:26952 M:137101401] (S) Msg RX from 0:FFFFFFFB00000000 [0000] to 0000000000000000 --- Type 0001:08 (IM:InvokeCommandRequest) (B:70)[0m
[0;34m[1784656200.019] [10483:10483] [EM] Handling via exchange: 5703r, Delegate: 0x55ecb0b54ac8[0m
[0;34m[1784656200.019] [10483:10483] [DMG] InvokeRequestMessage =[0m
[0;34m[1784656200.019] [10483:10483] [DMG] {[0m
[0;34m[1784656200.019] [10483:10483] [DMG] 	suppressResponse = false, [0m
[0;34m[1784656200.019] [10483:10483] [DMG] 	timedRequest = false, [0m
[0;34m[1784656200.019] [10483:10483] [DMG] 	InvokeRequests =[0m
[0;34m[1784656200.019] [10483:10483] [DMG] 	[[0m
[0;34m[1784656200.019] [10483:10483] [DMG] 		CommandDataIB =[0m
[0;34m[1784656200.019] [10483:10483] [DMG] 		{[0m
[0;34m[1784656200.019] [10483:10483] [DMG] 			CommandPathIB =[0m
[0;34m[1784656200.019] [10483:10483] [DMG] 			{[0m
[0;34m[1784656200.019] [10483:10483] [DMG] 				EndpointId = 0x0,[0m
[0;34m[1784656200.019] [10483:10483] [DMG] 				ClusterId = 0x30,[0m
[0;34m[1784656200.019] [10483:10483] [DMG] 				CommandId = 0x2,[0m
[0;34m[1784656200.019] [10483:10483] [DMG] 			},[0m
[0;34m[1784656200.019] [10483:10483] [DMG] 			[0m
[0;34m[1784656200.019] [10483:10483] [DMG] 			CommandFields = [0m
[0;34m[1784656200.019] [10483:10483] [DMG] 			{[0m
[0;34m[1784656200.019] [10483:10483] [DMG] 				0x0 = 0 (unsigned), [0m
[0;34m[1784656200.019] [10483:10483] [DMG] 				0x1 = "XX" (2 chars), [0m
[0;34m[1784656200.019] [10483:10483] [DMG] 				0x2 = 4 (unsigned), [0m
[0;34m[1784656200.019] [10483:10483] [DMG] 			},[0m
[0;34m[1784656200.019] [10483:10483] [DMG] 		},[0m
[0;34m[1784656200.019] [10483:10483] [DMG] 		[0m
[0;34m[1784656200.019] [10483:10483] [DMG] 	],[0m
[0;34m[1784656200.019] [10483:10483] [DMG] 	[0m
[0;34m[1784656200.019] [10483:10483] [DMG] 	InteractionModelRevision = 12[0m
[0;34m[1784656200.019] [10483:10483] [DMG] },[0m
[0;32m[1784656200.019] [10483:10483] [DMG] AccessControl: checking f=0 a=p s=0xFFFFFFFB00000000 t= c=0x0000_0030 e=0 p=o r=i[0m
[0;32m[1784656200.019] [10483:10483] [DMG] AccessControl: implicit admin (PASE)[0m
[0;32m[1784656200.019] [10483:10483] [DMG] AccessControl: checking f=0 a=p s=0xFFFFFFFB00000000 t= c=0x0000_0030 e=0 p=a r=i[0m
[0;32m[1784656200.019] [10483:10483] [DMG] AccessControl: implicit admin (PASE)[0m
[0;34m[1784656200.019] [10483:10483] [DMG] Received command for Endpoint=0 Cluster=0x0000_0030 Command=0x0000_0002[0m
[0;34m[1784656200.022] [10483:10483] [DL] Wrote settings to /tmp/chip_config.ini[0m
[0;32m[1784656200.022] [10483:10483] [DL] NVS set: chip-config/regulatory-location = 0 (0x0)[0m
[0;34m[1784656200.024] [10483:10483] [DL] Wrote settings to /tmp/chip_config.ini[0m
[0;32m[1784656200.024] [10483:10483] [DL] NVS set: chip-config/country-code = "XX"[0m
[0;34m[1784656200.024] [10483:10483] [DMG] Command handler moving to [NewRespons][0m
[0;34m[1784656200.024] [10483:10483] [DMG] Command handler moving to [ Preparing][0m
[0;34m[1784656200.024] [10483:10483] [DMG] Command handler moving to [AddingComm][0m
[0;34m[1784656200.024] [10483:10483] [DMG] Command handler moving to [AddedComma][0m
[0;34m[1784656200.024] [10483:10483] [DMG] Decreasing reference count for CommandHandlerImpl, remaining 1[0m
[0;34m[1784656200.024] [10483:10483] [DMG] Decreasing reference count for CommandHandlerImpl, remaining 0[0m
[0;34m[1784656200.024] [10483:10483] [DMG] Command handler moving to [AwaitingDe][0m
[0;32m[1784656200.024] [10483:10483] [EM] <<< [E:5703r S:26952 M:267630526 (Ack:137101401)] (S) Msg TX from 0000000000000000 to 0:FFFFFFFB00000000 [0000] [UDP:[fe80::bfe:a203:38f0:bce7%enp0s3]:60128] --- Type 0001:09 (IM:InvokeCommandResponse) (B:70)[0m
[0;32m[1784656200.024] [10483:10483] [EM] ??1 [E:5703r S:26952 M:267630526] (S) Msg Retransmission to 0:FFFFFFFB00000000 scheduled for 348ms from now [State:Active II:500 AI:300 AT:4000][0m
[0;34m[1784656200.024] [10483:10483] [DMG] Command response sender moving to [AllInvokeR][0m
[0;32m[1784656200.024] [10483:10483] [EM] >>> [E:5702r S:26952 M:137101402 (Ack:267630525)] (S) Msg RX from 0:FFFFFFFB00000000 [0000] to 0000000000000000 --- Type 0000:10 (SecureChannel:StandaloneAck) (B:34)[0m
[0;34m[1784656200.024] [10483:10483] [EM] Found matching exchange: 5702r, Delegate: (nil)[0m
[0;34m[1784656200.024] [10483:10483] [EM] Rxd Ack; Removing MessageCounter:267630525 from Retrans Table on exchange 5702r[0m
[0;32m[1784656200.024] [10483:10483] [EM] >>> [E:5704r S:26952 M:137101403] (S) Msg RX from 0:FFFFFFFB00000000 [0000] to 0000000000000000 --- Type 0001:08 (IM:InvokeCommandRequest) (B:72)[0m
[0;34m[1784656200.024] [10483:10483] [EM] Handling via exchange: 5704r, Delegate: 0x55ecb0b54ac8[0m
[0;34m[1784656200.025] [10483:10483] [DMG] InvokeRequestMessage =[0m
[0;34m[1784656200.025] [10483:10483] [DMG] {[0m
[0;34m[1784656200.025] [10483:10483] [DMG] 	suppressResponse = false, [0m
[0;34m[1784656200.025] [10483:10483] [DMG] 	timedRequest = false, [0m
[0;34m[1784656200.025] [10483:10483] [DMG] 	InvokeRequests =[0m
[0;34m[1784656200.025] [10483:10483] [DMG] 	[[0m
[0;34m[1784656200.025] [10483:10483] [DMG] 		CommandDataIB =[0m
[0;34m[1784656200.025] [10483:10483] [DMG] 		{[0m
[0;34m[1784656200.025] [10483:10483] [DMG] 			CommandPathIB =[0m
[0;34m[1784656200.025] [10483:10483] [DMG] 			{[0m
[0;34m[1784656200.025] [10483:10483] [DMG] 				EndpointId = 0x0,[0m
[0;34m[1784656200.025] [10483:10483] [DMG] 				ClusterId = 0x38,[0m
[0;34m[1784656200.025] [10483:10483] [DMG] 				CommandId = 0x0,[0m
[0;34m[1784656200.025] [10483:10483] [DMG] 			},[0m
[0;34m[1784656200.025] [10483:10483] [DMG] 			[0m
[0;34m[1784656200.025] [10483:10483] [DMG] 			CommandFields = [0m
[0;34m[1784656200.025] [10483:10483] [DMG] 			{[0m
[0;34m[1784656200.025] [10483:10483] [DMG] 				0x0 = 837971400024769 (unsigned), [0m
[0;34m[1784656200.025] [10483:10483] [DMG] 				0x1 = 2 (unsigned), [0m
[0;34m[1784656200.025] [10483:10483] [DMG] 			},[0m
[0;34m[1784656200.025] [10483:10483] [DMG] 		},[0m
[0;34m[1784656200.025] [10483:10483] [DMG] 		[0m
[0;34m[1784656200.025] [10483:10483] [DMG] 	],[0m
[0;34m[1784656200.025] [10483:10483] [DMG] 	[0m
[0;34m[1784656200.025] [10483:10483] [DMG] 	InteractionModelRevision = 12[0m
[0;34m[1784656200.025] [10483:10483] [DMG] },[0m
[0;32m[1784656200.025] [10483:10483] [DMG] AccessControl: checking f=0 a=p s=0xFFFFFFFB00000000 t= c=0x0000_0038 e=0 p=o r=i[0m
[0;32m[1784656200.025] [10483:10483] [DMG] AccessControl: implicit admin (PASE)[0m
[0;32m[1784656200.025] [10483:10483] [DMG] AccessControl: checking f=0 a=p s=0xFFFFFFFB00000000 t= c=0x0000_0038 e=0 p=a r=i[0m
[0;32m[1784656200.025] [10483:10483] [DMG] AccessControl: implicit admin (PASE)[0m
[0;34m[1784656200.025] [10483:10483] [DMG] Received command for Endpoint=0 Cluster=0x0000_0038 Command=0x0000_0000[0m
[1;31m[1784656200.025] [10483:10483] [DMG] Endpoint=0 Cluster=0x0000_0038 Command=0x0000_0000 status 0x01 (FAILURE) ClusterSpecificCode=2 (no additional context)[0m
[0;34m[1784656200.025] [10483:10483] [DMG] Command handler moving to [NewRespons][0m
[0;34m[1784656200.025] [10483:10483] [DMG] Command handler moving to [ Preparing][0m
[0;34m[1784656200.025] [10483:10483] [DMG] Command handler moving to [AddingComm][0m
[0;34m[1784656200.025] [10483:10483] [DMG] Command handler moving to [AddedComma][0m
[0;34m[1784656200.025] [10483:10483] [DMG] Decreasing reference count for CommandHandlerImpl, remaining 1[0m
[0;34m[1784656200.025] [10483:10483] [DMG] Decreasing reference count for CommandHandlerImpl, remaining 0[0m
[0;34m[1784656200.025] [10483:10483] [DMG] Command handler moving to [AwaitingDe][0m
[0;32m[1784656200.025] [10483:10483] [EM] <<< [E:5704r S:26952 M:267630527 (Ack:137101403)] (S) Msg TX from 0000000000000000 to 0:FFFFFFFB00000000 [0000] [UDP:[fe80::bfe:a203:38f0:bce7%enp0s3]:60128] --- Type 0001:09 (IM:InvokeCommandResponse) (B:70)[0m
[0;32m[1784656200.025] [10483:10483] [EM] ??1 [E:5704r S:26952 M:267630527] (S) Msg Retransmission to 0:FFFFFFFB00000000 scheduled for 390ms from now [State:Active II:500 AI:300 AT:4000][0m
[0;34m[1784656200.025] [10483:10483] [DMG] Command response sender moving to [AllInvokeR][0m
[0;32m[1784656200.025] [10483:10483] [EM] >>> [E:5703r S:26952 M:137101404 (Ack:267630526)] (S) Msg RX from 0:FFFFFFFB00000000 [0000] to 0000000000000000 --- Type 0000:10 (SecureChannel:StandaloneAck) (B:34)[0m
[0;34m[1784656200.025] [10483:10483] [EM] Found matching exchange: 5703r, Delegate: (nil)[0m
[0;34m[1784656200.025] [10483:10483] [EM] Rxd Ack; Removing MessageCounter:267630526 from Retrans Table on exchange 5703r[0m
[0;32m[1784656200.025] [10483:10483] [EM] >>> [E:5705r S:26952 M:137101405] (S) Msg RX from 0:FFFFFFFB00000000 [0000] to 0000000000000000 --- Type 0001:08 (IM:InvokeCommandRequest) (B:62)[0m
[0;34m[1784656200.025] [10483:10483] [EM] Handling via exchange: 5705r, Delegate: 0x55ecb0b54ac8[0m
[0;34m[1784656200.025] [10483:10483] [DMG] InvokeRequestMessage =[0m
[0;34m[1784656200.025] [10483:10483] [DMG] {[0m
[0;34m[1784656200.025] [10483:10483] [DMG] 	suppressResponse = false, [0m
[0;34m[1784656200.025] [10483:10483] [DMG] 	timedRequest = false, [0m
[0;34m[1784656200.025] [10483:10483] [DMG] 	InvokeRequests =[0m
[0;34m[1784656200.025] [10483:10483] [DMG] 	[[0m
[0;34m[1784656200.025] [10483:10483] [DMG] 		CommandDataIB =[0m
[0;34m[1784656200.025] [10483:10483] [DMG] 		{[0m
[0;34m[1784656200.025] [10483:10483] [DMG] 			CommandPathIB =[0m
[0;34m[1784656200.025] [10483:10483] [DMG] 			{[0m
[0;34m[1784656200.025] [10483:10483] [DMG] 				EndpointId = 0x0,[0m
[0;34m[1784656200.025] [10483:10483] [DMG] 				ClusterId = 0x3e,[0m
[0;34m[1784656200.025] [10483:10483] [DMG] 				CommandId = 0x2,[0m
[0;34m[1784656200.025] [10483:10483] [DMG] 			},[0m
[0;34m[1784656200.025] [10483:10483] [DMG] 			[0m
[0;34m[1784656200.025] [10483:10483] [DMG] 			CommandFields = [0m
[0;34m[1784656200.025] [10483:10483] [DMG] 			{[0m
[0;34m[1784656200.025] [10483:10483] [DMG] 				0x0 = 2 (unsigned), [0m
[0;34m[1784656200.025] [10483:10483] [DMG] 			},[0m
[0;34m[1784656200.025] [10483:10483] [DMG] 		},[0m
[0;34m[1784656200.025] [10483:10483] [DMG] 		[0m
[0;34m[1784656200.025] [10483:10483] [DMG] 	],[0m
[0;34m[1784656200.025] [10483:10483] [DMG] 	[0m
[0;34m[1784656200.025] [10483:10483] [DMG] 	InteractionModelRevision = 12[0m
[0;34m[1784656200.025] [10483:10483] [DMG] },[0m
[0;32m[1784656200.025] [10483:10483] [DMG] AccessControl: checking f=0 a=p s=0xFFFFFFFB00000000 t= c=0x0000_003E e=0 p=o r=i[0m
[0;32m[1784656200.025] [10483:10483] [DMG] AccessControl: implicit admin (PASE)[0m
[0;32m[1784656200.025] [10483:10483] [DMG] AccessControl: checking f=0 a=p s=0xFFFFFFFB00000000 t= c=0x0000_003E e=0 p=a r=i[0m
[0;32m[1784656200.025] [10483:10483] [DMG] AccessControl: implicit admin (PASE)[0m
[0;34m[1784656200.025] [10483:10483] [DMG] Received command for Endpoint=0 Cluster=0x0000_003E Command=0x0000_0002[0m
[0;32m[1784656200.025] [10483:10483] [ZCL] OpCreds: Certificate Chain request received for PAI[0m
[0;34m[1784656200.025] [10483:10483] [DMG] Command handler moving to [NewRespons][0m
[0;34m[1784656200.025] [10483:10483] [DMG] Command handler moving to [ Preparing][0m
[0;34m[1784656200.025] [10483:10483] [DMG] Command handler moving to [AddingComm][0m
[0;34m[1784656200.025] [10483:10483] [DMG] Command handler moving to [AddedComma][0m
[0;34m[1784656200.025] [10483:10483] [DMG] Decreasing reference count for CommandHandlerImpl, remaining 1[0m
[0;34m[1784656200.025] [10483:10483] [DMG] Decreasing reference count for CommandHandlerImpl, remaining 0[0m
[0;34m[1784656200.025] [10483:10483] [DMG] Command handler moving to [AwaitingDe][0m
[0;32m[1784656200.025] [10483:10483] [EM] <<< [E:5705r S:26952 M:267630528 (Ack:137101405)] (S) Msg TX from 0000000000000000 to 0:FFFFFFFB00000000 [0000] [UDP:[fe80::bfe:a203:38f0:bce7%enp0s3]:60128] --- Type 0001:09 (IM:InvokeCommandResponse) (B:531)[0m
[0;32m[1784656200.025] [10483:10483] [EM] ??1 [E:5705r S:26952 M:267630528] (S) Msg Retransmission to 0:FFFFFFFB00000000 scheduled for 348ms from now [State:Active II:500 AI:300 AT:4000][0m
[0;34m[1784656200.025] [10483:10483] [DMG] Command response sender moving to [AllInvokeR][0m
[0;32m[1784656200.025] [10483:10483] [EM] >>> [E:5704r S:26952 M:137101406 (Ack:267630527)] (S) Msg RX from 0:FFFFFFFB00000000 [0000] to 0000000000000000 --- Type 0000:10 (SecureChannel:StandaloneAck) (B:34)[0m
[0;34m[1784656200.025] [10483:10483] [EM] Found matching exchange: 5704r, Delegate: (nil)[0m
[0;34m[1784656200.025] [10483:10483] [EM] Rxd Ack; Removing MessageCounter:267630527 from Retrans Table on exchange 5704r[0m
[0;32m[1784656200.025] [10483:10483] [EM] >>> [E:5706r S:26952 M:137101407] (S) Msg RX from 0:FFFFFFFB00000000 [0000] to 0000000000000000 --- Type 0001:08 (IM:InvokeCommandRequest) (B:62)[0m
[0;34m[1784656200.025] [10483:10483] [EM] Handling via exchange: 5706r, Delegate: 0x55ecb0b54ac8[0m
[0;34m[1784656200.025] [10483:10483] [DMG] InvokeRequestMessage =[0m
[0;34m[1784656200.025] [10483:10483] [DMG] {[0m
[0;34m[1784656200.025] [10483:10483] [DMG] 	suppressResponse = false, [0m
[0;34m[1784656200.025] [10483:10483] [DMG] 	timedRequest = false, [0m
[0;34m[1784656200.025] [10483:10483] [DMG] 	InvokeRequests =[0m
[0;34m[1784656200.025] [10483:10483] [DMG] 	[[0m
[0;34m[1784656200.025] [10483:10483] [DMG] 		CommandDataIB =[0m
[0;34m[1784656200.025] [10483:10483] [DMG] 		{[0m
[0;34m[1784656200.025] [10483:10483] [DMG] 			CommandPathIB =[0m
[0;34m[1784656200.025] [10483:10483] [DMG] 			{[0m
[0;34m[1784656200.025] [10483:10483] [DMG] 				EndpointId = 0x0,[0m
[0;34m[1784656200.025] [10483:10483] [DMG] 				ClusterId = 0x3e,[0m
[0;34m[1784656200.025] [10483:10483] [DMG] 				CommandId = 0x2,[0m
[0;34m[1784656200.025] [10483:10483] [DMG] 			},[0m
[0;34m[1784656200.026] [10483:10483] [DMG] 			[0m
[0;34m[1784656200.026] [10483:10483] [DMG] 			CommandFields = [0m
[0;34m[1784656200.026] [10483:10483] [DMG] 			{[0m
[0;34m[1784656200.026] [10483:10483] [DMG] 				0x0 = 1 (unsigned), [0m
[0;34m[1784656200.026] [10483:10483] [DMG] 			},[0m
[0;34m[1784656200.026] [10483:10483] [DMG] 		},[0m
[0;34m[1784656200.026] [10483:10483] [DMG] 		[0m
[0;34m[1784656200.026] [10483:10483] [DMG] 	],[0m
[0;34m[1784656200.026] [10483:10483] [DMG] 	[0m
[0;34m[1784656200.026] [10483:10483] [DMG] 	InteractionModelRevision = 12[0m
[0;34m[1784656200.026] [10483:10483] [DMG] },[0m
[0;32m[1784656200.026] [10483:10483] [DMG] AccessControl: checking f=0 a=p s=0xFFFFFFFB00000000 t= c=0x0000_003E e=0 p=o r=i[0m
[0;32m[1784656200.026] [10483:10483] [DMG] AccessControl: implicit admin (PASE)[0m
[0;32m[1784656200.026] [10483:10483] [DMG] AccessControl: checking f=0 a=p s=0xFFFFFFFB00000000 t= c=0x0000_003E e=0 p=a r=i[0m
[0;32m[1784656200.026] [10483:10483] [DMG] AccessControl: implicit admin (PASE)[0m
[0;34m[1784656200.026] [10483:10483] [DMG] Received command for Endpoint=0 Cluster=0x0000_003E Command=0x0000_0002[0m
[0;32m[1784656200.026] [10483:10483] [ZCL] OpCreds: Certificate Chain request received for DAC[0m
[0;34m[1784656200.026] [10483:10483] [DMG] Command handler moving to [NewRespons][0m
[0;34m[1784656200.026] [10483:10483] [DMG] Command handler moving to [ Preparing][0m
[0;34m[1784656200.026] [10483:10483] [DMG] Command handler moving to [AddingComm][0m
[0;34m[1784656200.026] [10483:10483] [DMG] Command handler moving to [AddedComma][0m
[0;34m[1784656200.026] [10483:10483] [DMG] Decreasing reference count for CommandHandlerImpl, remaining 1[0m
[0;34m[1784656200.026] [10483:10483] [DMG] Decreasing reference count for CommandHandlerImpl, remaining 0[0m
[0;34m[1784656200.026] [10483:10483] [DMG] Command handler moving to [AwaitingDe][0m
[0;32m[1784656200.026] [10483:10483] [EM] <<< [E:5706r S:26952 M:267630529 (Ack:137101407)] (S) Msg TX from 0000000000000000 to 0:FFFFFFFB00000000 [0000] [UDP:[fe80::bfe:a203:38f0:bce7%enp0s3]:60128] --- Type 0001:09 (IM:InvokeCommandResponse) (B:559)[0m
[0;32m[1784656200.026] [10483:10483] [EM] ??1 [E:5706r S:26952 M:267630529] (S) Msg Retransmission to 0:FFFFFFFB00000000 scheduled for 378ms from now [State:Active II:500 AI:300 AT:4000][0m
[0;34m[1784656200.026] [10483:10483] [DMG] Command response sender moving to [AllInvokeR][0m
[0;32m[1784656200.026] [10483:10483] [EM] >>> [E:5705r S:26952 M:137101408 (Ack:267630528)] (S) Msg RX from 0:FFFFFFFB00000000 [0000] to 0000000000000000 --- Type 0000:10 (SecureChannel:StandaloneAck) (B:34)[0m
[0;34m[1784656200.026] [10483:10483] [EM] Found matching exchange: 5705r, Delegate: (nil)[0m
[0;34m[1784656200.026] [10483:10483] [EM] Rxd Ack; Removing MessageCounter:267630528 from Retrans Table on exchange 5705r[0m
[0;32m[1784656200.026] [10483:10483] [EM] >>> [E:5707r S:26952 M:137101409] (S) Msg RX from 0:FFFFFFFB00000000 [0000] to 0000000000000000 --- Type 0001:08 (IM:InvokeCommandRequest) (B:94)[0m
[0;34m[1784656200.026] [10483:10483] [EM] Handling via exchange: 5707r, Delegate: 0x55ecb0b54ac8[0m
[0;34m[1784656200.026] [10483:10483] [DMG] InvokeRequestMessage =[0m
[0;34m[1784656200.026] [10483:10483] [DMG] {[0m
[0;34m[1784656200.026] [10483:10483] [DMG] 	suppressResponse = false, [0m
[0;34m[1784656200.026] [10483:10483] [DMG] 	timedRequest = false, [0m
[0;34m[1784656200.026] [10483:10483] [DMG] 	InvokeRequests =[0m
[0;34m[1784656200.026] [10483:10483] [DMG] 	[[0m
[0;34m[1784656200.026] [10483:10483] [DMG] 		CommandDataIB =[0m
[0;34m[1784656200.026] [10483:10483] [DMG] 		{[0m
[0;34m[1784656200.026] [10483:10483] [DMG] 			CommandPathIB =[0m
[0;34m[1784656200.026] [10483:10483] [DMG] 			{[0m
[0;34m[1784656200.026] [10483:10483] [DMG] 				EndpointId = 0x0,[0m
[0;34m[1784656200.026] [10483:10483] [DMG] 				ClusterId = 0x3e,[0m
[0;34m[1784656200.026] [10483:10483] [DMG] 				CommandId = 0x0,[0m
[0;34m[1784656200.026] [10483:10483] [DMG] 			},[0m
[0;34m[1784656200.026] [10483:10483] [DMG] 			[0m
[0;34m[1784656200.026] [10483:10483] [DMG] 			CommandFields = [0m
[0;34m[1784656200.026] [10483:10483] [DMG] 			{[0m
[0;34m[1784656200.026] [10483:10483] [DMG] 				0x0 = [[0m
[0;34m[1784656200.026] [10483:10483] [DMG] 						0x61, 0x41, 0xe0, 0x8f, 0x50, 0x99, 0x5e, 0x23, 0xca, 0x45, 0xd4, 0x19, 0x37, 0x8a, 0xb1, 0x0c, 0x30, 0x8c, 0xea, 0x73, 0xfb, 0x9a, 0x3c, 0xf1, 0x01, 0x9a, 0x41, 0xb2, 0x80, 0xe2, 0x64, 0x43, [0m
[0;34m[1784656200.026] [10483:10483] [DMG] 				] (32 bytes)[0m
[0;34m[1784656200.026] [10483:10483] [DMG] 			},[0m
[0;34m[1784656200.026] [10483:10483] [DMG] 		},[0m
[0;34m[1784656200.026] [10483:10483] [DMG] 		[0m
[0;34m[1784656200.026] [10483:10483] [DMG] 	],[0m
[0;34m[1784656200.026] [10483:10483] [DMG] 	[0m
[0;34m[1784656200.026] [10483:10483] [DMG] 	InteractionModelRevision = 12[0m
[0;34m[1784656200.026] [10483:10483] [DMG] },[0m
[0;32m[1784656200.026] [10483:10483] [DMG] AccessControl: checking f=0 a=p s=0xFFFFFFFB00000000 t= c=0x0000_003E e=0 p=o r=i[0m
[0;32m[1784656200.026] [10483:10483] [DMG] AccessControl: implicit admin (PASE)[0m
[0;32m[1784656200.026] [10483:10483] [DMG] AccessControl: checking f=0 a=p s=0xFFFFFFFB00000000 t= c=0x0000_003E e=0 p=a r=i[0m
[0;32m[1784656200.026] [10483:10483] [DMG] AccessControl: implicit admin (PASE)[0m
[0;34m[1784656200.026] [10483:10483] [DMG] Received command for Endpoint=0 Cluster=0x0000_003E Command=0x0000_0000[0m
[0;32m[1784656200.026] [10483:10483] [ZCL] OpCreds: Received an AttestationRequest command[0m
[0;32m[1784656200.026] [10483:10483] [ZCL] OpCreds: AttestationRequest successful.[0m
[0;34m[1784656200.026] [10483:10483] [DMG] Command handler moving to [NewRespons][0m
[0;34m[1784656200.026] [10483:10483] [DMG] Command handler moving to [ Preparing][0m
[0;34m[1784656200.026] [10483:10483] [DMG] Command handler moving to [AddingComm][0m
[0;34m[1784656200.026] [10483:10483] [DMG] Command handler moving to [AddedComma][0m
[0;34m[1784656200.026] [10483:10483] [DMG] Decreasing reference count for CommandHandlerImpl, remaining 1[0m
[0;34m[1784656200.026] [10483:10483] [DMG] Decreasing reference count for CommandHandlerImpl, remaining 0[0m
[0;34m[1784656200.026] [10483:10483] [DMG] Command handler moving to [AwaitingDe][0m
[0;32m[1784656200.026] [10483:10483] [EM] <<< [E:5707r S:26952 M:267630530 (Ack:137101409)] (S) Msg TX from 0000000000000000 to 0:FFFFFFFB00000000 [0000] [UDP:[fe80::bfe:a203:38f0:bce7%enp0s3]:60128] --- Type 0001:09 (IM:InvokeCommandResponse) (B:718)[0m
[0;32m[1784656200.026] [10483:10483] [EM] ??1 [E:5707r S:26952 M:267630530] (S) Msg Retransmission to 0:FFFFFFFB00000000 scheduled for 387ms from now [State:Active II:500 AI:300 AT:4000][0m
[0;34m[1784656200.026] [10483:10483] [DMG] Command response sender moving to [AllInvokeR][0m
[0;32m[1784656200.026] [10483:10483] [EM] >>> [E:5706r S:26952 M:137101410 (Ack:267630529)] (S) Msg RX from 0:FFFFFFFB00000000 [0000] to 0000000000000000 --- Type 0000:10 (SecureChannel:StandaloneAck) (B:34)[0m
[0;34m[1784656200.026] [10483:10483] [EM] Found matching exchange: 5706r, Delegate: (nil)[0m
[0;34m[1784656200.026] [10483:10483] [EM] Rxd Ack; Removing MessageCounter:267630529 from Retrans Table on exchange 5706r[0m
[0;32m[1784656200.034] [10483:10483] [EM] >>> [E:5708r S:26952 M:137101411] (S) Msg RX from 0:FFFFFFFB00000000 [0000] to 0000000000000000 --- Type 0001:08 (IM:InvokeCommandRequest) (B:94)[0m
[0;34m[1784656200.034] [10483:10483] [EM] Handling via exchange: 5708r, Delegate: 0x55ecb0b54ac8[0m
[0;34m[1784656200.034] [10483:10483] [DMG] InvokeRequestMessage =[0m
[0;34m[1784656200.034] [10483:10483] [DMG] {[0m
[0;34m[1784656200.034] [10483:10483] [DMG] 	suppressResponse = false, [0m
[0;34m[1784656200.034] [10483:10483] [DMG] 	timedRequest = false, [0m
[0;34m[1784656200.034] [10483:10483] [DMG] 	InvokeRequests =[0m
[0;34m[1784656200.034] [10483:10483] [DMG] 	[[0m
[0;34m[1784656200.034] [10483:10483] [DMG] 		CommandDataIB =[0m
[0;34m[1784656200.034] [10483:10483] [DMG] 		{[0m
[0;34m[1784656200.034] [10483:10483] [DMG] 			CommandPathIB =[0m
[0;34m[1784656200.034] [10483:10483] [DMG] 			{[0m
[0;34m[1784656200.034] [10483:10483] [DMG] 				EndpointId = 0x0,[0m
[0;34m[1784656200.034] [10483:10483] [DMG] 				ClusterId = 0x3e,[0m
[0;34m[1784656200.034] [10483:10483] [DMG] 				CommandId = 0x4,[0m
[0;34m[1784656200.034] [10483:10483] [DMG] 			},[0m
[0;34m[1784656200.034] [10483:10483] [DMG] 			[0m
[0;34m[1784656200.034] [10483:10483] [DMG] 			CommandFields = [0m
[0;34m[1784656200.034] [10483:10483] [DMG] 			{[0m
[0;34m[1784656200.034] [10483:10483] [DMG] 				0x0 = [[0m
[0;34m[1784656200.034] [10483:10483] [DMG] 						0x04, 0x49, 0x15, 0xd5, 0xd6, 0x81, 0x28, 0xb9, 0xe4, 0xd7, 0xff, 0xde, 0xb7, 0x8f, 0x41, 0xc2, 0x94, 0x3e, 0x6b, 0x59, 0x85, 0xc0, 0xd3, 0xd6, 0x6a, 0x39, 0x00, 0x37, 0xc7, 0xa0, 0x89, 0x7a, [0m
[0;34m[1784656200.034] [10483:10483] [DMG] 				] (32 bytes)[0m
[0;34m[1784656200.034] [10483:10483] [DMG] 			},[0m
[0;34m[1784656200.034] [10483:10483] [DMG] 		},[0m
[0;34m[1784656200.034] [10483:10483] [DMG] 		[0m
[0;34m[1784656200.034] [10483:10483] [DMG] 	],[0m
[0;34m[1784656200.034] [10483:10483] [DMG] 	[0m
[0;34m[1784656200.034] [10483:10483] [DMG] 	InteractionModelRevision = 12[0m
[0;34m[1784656200.034] [10483:10483] [DMG] },[0m
[0;32m[1784656200.034] [10483:10483] [DMG] AccessControl: checking f=0 a=p s=0xFFFFFFFB00000000 t= c=0x0000_003E e=0 p=o r=i[0m
[0;32m[1784656200.034] [10483:10483] [DMG] AccessControl: implicit admin (PASE)[0m
[0;32m[1784656200.034] [10483:10483] [DMG] AccessControl: checking f=0 a=p s=0xFFFFFFFB00000000 t= c=0x0000_003E e=0 p=a r=i[0m
[0;32m[1784656200.034] [10483:10483] [DMG] AccessControl: implicit admin (PASE)[0m
[0;34m[1784656200.034] [10483:10483] [DMG] Received command for Endpoint=0 Cluster=0x0000_003E Command=0x0000_0004[0m
[0;32m[1784656200.034] [10483:10483] [ZCL] OpCreds: Received a CSRRequest command[0m
[0;32m[1784656200.034] [10483:10483] [ZCL] OpCreds: AllocatePendingOperationalKey succeeded[0m
[0;32m[1784656200.034] [10483:10483] [ZCL] OpCreds: CSRRequest successful.[0m
[0;34m[1784656200.034] [10483:10483] [DMG] Command handler moving to [NewRespons][0m
[0;34m[1784656200.034] [10483:10483] [DMG] Command handler moving to [ Preparing][0m
[0;34m[1784656200.034] [10483:10483] [DMG] Command handler moving to [AddingComm][0m
[0;34m[1784656200.034] [10483:10483] [DMG] Command handler moving to [AddedComma][0m
[0;34m[1784656200.034] [10483:10483] [DMG] Decreasing reference count for CommandHandlerImpl, remaining 1[0m
[0;34m[1784656200.034] [10483:10483] [DMG] Decreasing reference count for CommandHandlerImpl, remaining 0[0m
[0;34m[1784656200.034] [10483:10483] [DMG] Command handler moving to [AwaitingDe][0m
[0;32m[1784656200.034] [10483:10483] [EM] <<< [E:5708r S:26952 M:267630531 (Ack:137101411)] (S) Msg TX from 0000000000000000 to 0:FFFFFFFB00000000 [0000] [UDP:[fe80::bfe:a203:38f0:bce7%enp0s3]:60128] --- Type 0001:09 (IM:InvokeCommandResponse) (B:378)[0m
[0;32m[1784656200.034] [10483:10483] [EM] ??1 [E:5708r S:26952 M:267630531] (S) Msg Retransmission to 0:FFFFFFFB00000000 scheduled for 348ms from now [State:Active II:500 AI:300 AT:4000][0m
[0;34m[1784656200.034] [10483:10483] [DMG] Command response sender moving to [AllInvokeR][0m
[0;32m[1784656200.034] [10483:10483] [EM] >>> [E:5707r S:26952 M:137101412 (Ack:267630530)] (S) Msg RX from 0:FFFFFFFB00000000 [0000] to 0000000000000000 --- Type 0000:10 (SecureChannel:StandaloneAck) (B:34)[0m
[0;34m[1784656200.034] [10483:10483] [EM] Found matching exchange: 5707r, Delegate: (nil)[0m
[0;34m[1784656200.034] [10483:10483] [EM] Rxd Ack; Removing MessageCounter:267630530 from Retrans Table on exchange 5707r[0m
[0;32m[1784656200.036] [10483:10483] [EM] >>> [E:5709r S:26952 M:137101413] (S) Msg RX from 0:FFFFFFFB00000000 [0000] to 0000000000000000 --- Type 0001:08 (IM:InvokeCommandRequest) (B:293)[0m
[0;34m[1784656200.036] [10483:10483] [EM] Handling via exchange: 5709r, Delegate: 0x55ecb0b54ac8[0m
[0;34m[1784656200.036] [10483:10483] [DMG] InvokeRequestMessage =[0m
[0;34m[1784656200.036] [10483:10483] [DMG] {[0m
[0;34m[1784656200.036] [10483:10483] [DMG] 	suppressResponse = false, [0m
[0;34m[1784656200.036] [10483:10483] [DMG] 	timedRequest = false, [0m
[0;34m[1784656200.036] [10483:10483] [DMG] 	InvokeRequests =[0m
[0;34m[1784656200.036] [10483:10483] [DMG] 	[[0m
[0;34m[1784656200.036] [10483:10483] [DMG] 		CommandDataIB =[0m
[0;34m[1784656200.036] [10483:10483] [DMG] 		{[0m
[0;34m[1784656200.036] [10483:10483] [DMG] 			CommandPathIB =[0m
[0;34m[1784656200.036] [10483:10483] [DMG] 			{[0m
[0;34m[1784656200.036] [10483:10483] [DMG] 				EndpointId = 0x0,[0m
[0;34m[1784656200.036] [10483:10483] [DMG] 				ClusterId = 0x3e,[0m
[0;34m[1784656200.036] [10483:10483] [DMG] 				CommandId = 0xb,[0m
[0;34m[1784656200.036] [10483:10483] [DMG] 			},[0m
[0;34m[1784656200.036] [10483:10483] [DMG] 			[0m
[0;34m[1784656200.036] [10483:10483] [DMG] 			CommandFields = [0m
[0;34m[1784656200.036] [10483:10483] [DMG] 			{[0m
[0;34m[1784656200.036] [10483:10483] [DMG] 				0x0 = [[0m
[0;34m[1784656200.036] [10483:10483] [DMG] 						0x15, 0x30, 0x01, 0x01, 0x01, 0x24, 0x02, 0x01, 0x37, 0x03, 0x24, 0x14, 0x01, 0x18, 0x26, 0x04, 0x80, 0x22, 0x81, 0x27, 0x26, 0x05, 0x80, 0x25, 0x4d, 0x3a, 0x37, 0x06, 0x24, 0x14, 0x01, 0x18, 0x24, 0x07, 0x01, 0x24, 0x08, 0x01, 0x30, 0x09, 0x41, 0x04, 0xa6, 0x9f, 0xe0, 0x54, 0x97, 0xbe, 0x03, 0xf2, 0x9c, 0xcd, 0x2b, 0x8c, 0x8d, 0x7f, 0xa7, 0x22, 0x4b, 0xa2, 0xd4, 0x65, 0x6e, 0xa5, 0x24, 0x0e, 0x41, 0x00, 0xc4, 0x15, 0x77, 0x10, 0x44, 0xf1, 0xcd, 0x5c, 0x58, 0x42, 0xab, 0xda, 0x41, 0x35, 0x66, 0xc2, 0x3f, 0xf7, 0x6d, 0xc8, 0x48, 0x88, 0x88, 0x1f, 0x85, 0xea, 0x31, 0x6a, 0x0f, 0xa5, 0xbc, 0xc0, 0xd5, 0xab, 0xe9, 0x48, 0xee, 0x62, 0x37, 0x0a, 0x35, 0x01, 0x29, 0x01, 0x18, 0x24, 0x02, 0x60, 0x30, 0x04, 0x14, 0x68, 0xe9, 0xb8, 0x29, 0x7b, 0x27, 0xf0, 0xd4, 0xb3, 0xcf, 0xa5, 0x20, 0x10, 0x74, 0xd8, 0xed, 0x93, 0xb8, 0x5d, 0x73, 0x30, 0x05, 0x14, 0x68, 0xe9, 0xb8, 0x29, 0x7b, 0x27, 0xf0, 0xd4, 0xb3, 0xcf, 0xa5, 0x20, 0x10, 0x74, 0xd8, 0xed, 0x93, 0xb8, 0x5d, 0x73, 0x18, 0x30, 0x0b, 0x40, 0xc2, 0x27, 0x31, 0x54, 0xc9, 0x7d, 0x51, 0x9c, 0x56, 0xea, 0x2f, 0xd7, 0xdf, 0xa1, 0xf4, 0xca, 0x7a, 0x99, 0x1a, 0x6c, 0xe9, 0x8a, 0x00, 0x5a, 0x9a, 0x84, 0x01, 0x04, 0xd8, 0x6f, 0x5c, 0x5a, 0xee, 0xfd, 0xbc, 0xe5, 0xdf, 0x07, 0x24, 0x64, 0x77, 0x92, 0x57, 0x33, 0xdc, 0x78, 0xbe, 0x48, 0x74, 0xdb, 0xe8, 0xd0, 0x50, 0x09, 0x8b, 0xa2, 0xae, 0x46, 0x45, 0x0e, 0x9a, 0x70, 0x29, 0x4f, 0x18, [0m
[0;34m[1784656200.036] [10483:10483] [DMG] 				] (231 bytes)[0m
[0;34m[1784656200.036] [10483:10483] [DMG] 			},[0m
[0;34m[1784656200.036] [10483:10483] [DMG] 		},[0m
[0;34m[1784656200.036] [10483:10483] [DMG] 		[0m
[0;34m[1784656200.036] [10483:10483] [DMG] 	],[0m
[0;34m[1784656200.036] [10483:10483] [DMG] 	[0m
[0;34m[1784656200.036] [10483:10483] [DMG] 	InteractionModelRevision = 12[0m
[0;34m[1784656200.036] [10483:10483] [DMG] },[0m
[0;32m[1784656200.036] [10483:10483] [DMG] AccessControl: checking f=0 a=p s=0xFFFFFFFB00000000 t= c=0x0000_003E e=0 p=o r=i[0m
[0;32m[1784656200.036] [10483:10483] [DMG] AccessControl: implicit admin (PASE)[0m
[0;32m[1784656200.036] [10483:10483] [DMG] AccessControl: checking f=0 a=p s=0xFFFFFFFB00000000 t= c=0x0000_003E e=0 p=a r=i[0m
[0;32m[1784656200.036] [10483:10483] [DMG] AccessControl: implicit admin (PASE)[0m
[0;34m[1784656200.036] [10483:10483] [DMG] Received command for Endpoint=0 Cluster=0x0000_003E Command=0x0000_000B[0m
[0;32m[1784656200.037] [10483:10483] [ZCL] OpCreds: Received an AddTrustedRootCertificate command[0m
[0;32m[1784656200.037] [10483:10483] [ZCL] OpCreds: AddTrustedRootCertificate successful.[0m
[0;34m[1784656200.037] [10483:10483] [DMG] Command handler moving to [NewRespons][0m
[0;34m[1784656200.037] [10483:10483] [DMG] Command handler moving to [ Preparing][0m
[0;34m[1784656200.037] [10483:10483] [DMG] Command handler moving to [AddingComm][0m
[0;34m[1784656200.037] [10483:10483] [DMG] Command handler moving to [AddedComma][0m
[0;34m[1784656200.037] [10483:10483] [DMG] Decreasing reference count for CommandHandlerImpl, remaining 1[0m
[0;34m[1784656200.037] [10483:10483] [DMG] Decreasing reference count for CommandHandlerImpl, remaining 0[0m
[0;34m[1784656200.037] [10483:10483] [DMG] Command handler moving to [AwaitingDe][0m
[0;32m[1784656200.037] [10483:10483] [EM] <<< [E:5709r S:26952 M:267630532 (Ack:137101413)] (S) Msg TX from 0000000000000000 to 0:FFFFFFFB00000000 [0000] [UDP:[fe80::bfe:a203:38f0:bce7%enp0s3]:60128] --- Type 0001:09 (IM:InvokeCommandResponse) (B:67)[0m
[0;32m[1784656200.037] [10483:10483] [EM] ??1 [E:5709r S:26952 M:267630532] (S) Msg Retransmission to 0:FFFFFFFB00000000 scheduled for 379ms from now [State:Active II:500 AI:300 AT:4000][0m
[0;34m[1784656200.037] [10483:10483] [DMG] Command response sender moving to [AllInvokeR][0m
[0;32m[1784656200.037] [10483:10483] [EM] >>> [E:5708r S:26952 M:137101414 (Ack:267630531)] (S) Msg RX from 0:FFFFFFFB00000000 [0000] to 0000000000000000 --- Type 0000:10 (SecureChannel:StandaloneAck) (B:34)[0m
[0;34m[1784656200.037] [10483:10483] [EM] Found matching exchange: 5708r, Delegate: (nil)[0m
[0;34m[1784656200.037] [10483:10483] [EM] Rxd Ack; Removing MessageCounter:267630531 from Retrans Table on exchange 5708r[0m
[0;32m[1784656200.037] [10483:10483] [EM] >>> [E:5710r S:26952 M:137101415] (S) Msg RX from 0:FFFFFFFB00000000 [0000] to 0000000000000000 --- Type 0001:08 (IM:InvokeCommandRequest) (B:566)[0m
[0;34m[1784656200.037] [10483:10483] [EM] Handling via exchange: 5710r, Delegate: 0x55ecb0b54ac8[0m
[0;34m[1784656200.037] [10483:10483] [DMG] InvokeRequestMessage =[0m
[0;34m[1784656200.037] [10483:10483] [DMG] {[0m
[0;34m[1784656200.037] [10483:10483] [DMG] 	suppressResponse = false, [0m
[0;34m[1784656200.037] [10483:10483] [DMG] 	timedRequest = false, [0m
[0;34m[1784656200.037] [10483:10483] [DMG] 	InvokeRequests =[0m
[0;34m[1784656200.037] [10483:10483] [DMG] 	[[0m
[0;34m[1784656200.037] [10483:10483] [DMG] 		CommandDataIB =[0m
[0;34m[1784656200.037] [10483:10483] [DMG] 		{[0m
[0;34m[1784656200.037] [10483:10483] [DMG] 			CommandPathIB =[0m
[0;34m[1784656200.037] [10483:10483] [DMG] 			{[0m
[0;34m[1784656200.037] [10483:10483] [DMG] 				EndpointId = 0x0,[0m
[0;34m[1784656200.037] [10483:10483] [DMG] 				ClusterId = 0x3e,[0m
[0;34m[1784656200.037] [10483:10483] [DMG] 				CommandId = 0x6,[0m
[0;34m[1784656200.037] [10483:10483] [DMG] 			},[0m
[0;34m[1784656200.037] [10483:10483] [DMG] 			[0m
[0;34m[1784656200.037] [10483:10483] [DMG] 			CommandFields = [0m
[0;34m[1784656200.037] [10483:10483] [DMG] 			{[0m
[0;34m[1784656200.037] [10483:10483] [DMG] 				0x0 = [[0m
[0;34m[1784656200.037] [10483:10483] [DMG] 						0x15, 0x30, 0x01, 0x01, 0x01, 0x24, 0x02, 0x01, 0x37, 0x03, 0x24, 0x13, 0x02, 0x18, 0x26, 0x04, 0x80, 0x22, 0x81, 0x27, 0x26, 0x05, 0x80, 0x25, 0x4d, 0x3a, 0x37, 0x06, 0x24, 0x15, 0x01, 0x24, 0x11, 0x01, 0x18, 0x24, 0x07, 0x01, 0x24, 0x08, 0x01, 0x30, 0x09, 0x41, 0x04, 0x70, 0x4f, 0x48, 0x6b, 0x50, 0xd6, 0x5c, 0x59, 0x6d, 0x44, 0x06, 0x2e, 0xae, 0xc8, 0x7a, 0x11, 0x55, 0x46, 0xda, 0xb7, 0xa0, 0xd9, 0x2f, 0x6a, 0x44, 0x42, 0x16, 0x02, 0x20, 0x0c, 0xe0, 0x89, 0x8a, 0xa2, 0xdd, 0x61, 0xad, 0xd6, 0xdd, 0x09, 0x1b, 0x83, 0xe3, 0x80, 0xb0, 0xbb, 0xea, 0x2e, 0x62, 0xeb, 0xef, 0x48, 0x28, 0x36, 0x74, 0x2f, 0x16, 0x28, 0x15, 0x34, 0x10, 0xa6, 0xa3, 0x13, 0x37, 0x0a, 0x35, 0x01, 0x28, 0x01, 0x18, 0x24, 0x02, 0x01, 0x36, 0x03, 0x04, 0x02, 0x04, 0x01, 0x18, 0x30, 0x04, 0x14, 0xee, 0xc0, 0x61, 0x84, 0x3a, 0x19, 0x5c, 0x77, 0x8a, 0xf8, 0xcd, 0xbd, 0x9c, 0xb1, 0x16, 0xf0, 0xa7, 0x6c, 0x48, 0x90, 0x30, 0x05, 0x14, 0x16, 0xd7, 0xdb, 0xc6, 0xb7, 0x6d, 0x79, 0x31, 0x48, 0x5a, 0x3e, 0xbc, 0xcd, 0x0f, 0xee, 0x43, 0xdf, 0x16, 0x2a, 0x8d, 0x18, 0x30, 0x0b, 0x40, 0x66, 0x77, 0xdb, 0x24, 0x72, 0x2b, 0xb1, 0xa9, 0x63, 0xc4, 0xd8, 0x10, 0xb9, 0x21, 0xad, 0xf2, 0xef, 0x08, 0x22, 0x36, 0xe1, 0x31, 0x1a, 0x9f, 0xc6, 0x24, 0xa8, 0xc6, 0x5b, 0x22, 0x58, 0xe8, 0xff, 0xfa, 0x30, 0x96, 0x74, 0xa1, 0x06, 0x99, 0x89, 0xcf, 0xf3, 0x33, 0x3e, 0x42, 0xf4, 0x59, 0xe2, 0x86, 0x84, 0x24, 0x77, 0x3e, 0x84, 0xdb, 0x85, 0xde, 0x96, 0x3e, 0xac, 0x5a, 0x5e, 0x40, 0x18, [0m
[0;34m[1784656200.037] [10483:10483] [DMG] 				] (241 bytes)[0m
[0;34m[1784656200.037] [10483:10483] [DMG] 				0x1 = [[0m
[0;34m[1784656200.037] [10483:10483] [DMG] 						0x15, 0x30, 0x01, 0x01, 0x01, 0x24, 0x02, 0x01, 0x37, 0x03, 0x24, 0x14, 0x01, 0x18, 0x26, 0x04, 0x80, 0x22, 0x81, 0x27, 0x26, 0x05, 0x80, 0x25, 0x4d, 0x3a, 0x37, 0x06, 0x24, 0x13, 0x02, 0x18, 0x24, 0x07, 0x01, 0x24, 0x08, 0x01, 0x30, 0x09, 0x41, 0x04, 0x3d, 0x4b, 0x7f, 0xd5, 0x45, 0xba, 0x11, 0x80, 0x1e, 0x5d, 0x6c, 0xaf, 0x9d, 0xe9, 0x4d, 0xa6, 0x94, 0x38, 0x06, 0xa1, 0xb2, 0x6d, 0x9b, 0x45, 0x97, 0xcb, 0x2f, 0xfe, 0xc1, 0x3f, 0x6e, 0xd4, 0x58, 0xd3, 0xf8, 0xee, 0x83, 0x88, 0xf7, 0xd4, 0xda, 0x3c, 0xbf, 0xee, 0x3d, 0x36, 0xbd, 0x8d, 0x6e, 0xac, 0x26, 0xb4, 0x98, 0x10, 0xc3, 0xf1, 0x1e, 0xbb, 0xb5, 0xa7, 0xfa, 0xd9, 0x13, 0xbc, 0x37, 0x0a, 0x35, 0x01, 0x29, 0x01, 0x18, 0x24, 0x02, 0x60, 0x30, 0x04, 0x14, 0x16, 0xd7, 0xdb, 0xc6, 0xb7, 0x6d, 0x79, 0x31, 0x48, 0x5a, 0x3e, 0xbc, 0xcd, 0x0f, 0xee, 0x43, 0xdf, 0x16, 0x2a, 0x8d, 0x30, 0x05, 0x14, 0x68, 0xe9, 0xb8, 0x29, 0x7b, 0x27, 0xf0, 0xd4, 0xb3, 0xcf, 0xa5, 0x20, 0x10, 0x74, 0xd8, 0xed, 0x93, 0xb8, 0x5d, 0x73, 0x18, 0x30, 0x0b, 0x40, 0xce, 0xea, 0x67, 0xc9, 0xdb, 0x82, 0x27, 0x6d, 0xfd, 0x0a, 0x35, 0x34, 0xc8, 0xfa, 0x07, 0x5f, 0x9c, 0xfd, 0xb2, 0x8e, 0x71, 0xc8, 0x03, 0x20, 0x02, 0x0e, 0x19, 0xbf, 0x15, 0xe1, 0x3b, 0xf7, 0x7c, 0xec, 0xb1, 0x00, 0x51, 0x01, 0x83, 0xa0, 0xa2, 0xe0, 0x96, 0xa6, 0x8c, 0xc6, 0x3c, 0x1b, 0xbf, 0xef, 0xac, 0x8b, 0x27, 0x3d, 0xe4, 0xd1, 0xb3, 0xf6, 0xb9, 0x71, 0x06, 0x25, 0x8a, 0x7a, 0x18, [0m
[0;34m[1784656200.037] [10483:10483] [DMG] 				] (231 bytes)[0m
[0;34m[1784656200.037] [10483:10483] [DMG] 				0x2 = [[0m
[0;34m[1784656200.037] [10483:10483] [DMG] 						0x74, 0x65, 0x6d, 0x70, 0x6f, 0x72, 0x61, 0x72, 0x79, 0x20, 0x69, 0x70, 0x6b, 0x20, 0x30, 0x31, [0m
[0;34m[1784656200.037] [10483:10483] [DMG] 				] (16 bytes)[0m
[0;34m[1784656200.037] [10483:10483] [DMG] 				0x3 = 112233 (unsigned), [0m
[0;34m[1784656200.037] [10483:10483] [DMG] 				0x4 = 65521 (unsigned), [0m
[0;34m[1784656200.037] [10483:10483] [DMG] 			},[0m
[0;34m[1784656200.037] [10483:10483] [DMG] 		},[0m
[0;34m[1784656200.037] [10483:10483] [DMG] 		[0m
[0;34m[1784656200.037] [10483:10483] [DMG] 	],[0m
[0;34m[1784656200.037] [10483:10483] [DMG] 	[0m
[0;34m[1784656200.037] [10483:10483] [DMG] 	InteractionModelRevision = 12[0m
[0;34m[1784656200.037] [10483:10483] [DMG] },[0m
[0;32m[1784656200.037] [10483:10483] [DMG] AccessControl: checking f=0 a=p s=0xFFFFFFFB00000000 t= c=0x0000_003E e=0 p=o r=i[0m
[0;32m[1784656200.037] [10483:10483] [DMG] AccessControl: implicit admin (PASE)[0m
[0;32m[1784656200.037] [10483:10483] [DMG] AccessControl: checking f=0 a=p s=0xFFFFFFFB00000000 t= c=0x0000_003E e=0 p=a r=i[0m
[0;32m[1784656200.037] [10483:10483] [DMG] AccessControl: implicit admin (PASE)[0m
[0;34m[1784656200.037] [10483:10483] [DMG] Received command for Endpoint=0 Cluster=0x0000_003E Command=0x0000_0006[0m
[0;32m[1784656200.037] [10483:10483] [ZCL] OpCreds: Received an AddNOC command[0m
[0;32m[1784656200.037] [10483:10483] [FP] Validating NOC chain[0m
[0;32m[1784656200.038] [10483:10483] [FP] NOC chain validation successful[0m
[0;32m[1784656200.038] [10483:10483] [FP] Added new fabric at index: 0x1[0m
[0;32m[1784656200.038] [10483:10483] [FP] Assigned compressed fabric ID: 0xEEA9888CBF4D7259, node ID: 0x0000000000000001[0m
[0;32m[1784656200.038] [10483:10483] [TS] Last Known Good Time: 2023-10-14T01:16:48[0m
[0;32m[1784656200.038] [10483:10483] [TS] New proposed Last Known Good Time: 2021-01-01T00:00:00[0m
[0;32m[1784656200.038] [10483:10483] [TS] Retaining current Last Known Good Time[0m
[0;34m[1784656200.040] [10483:10483] [DL] Wrote settings to /tmp/chip_kvs_test[0m
[0;34m[1784656200.043] [10483:10483] [DL] Wrote settings to /tmp/chip_kvs_test[0m
[0;34m[1784656200.045] [10483:10483] [DL] Wrote settings to /tmp/chip_kvs_test[0m
[0;32m[1784656200.045] [10483:10483] [DMG] AccessControl: validating f=1 p=a a=c s=1 t=0[0m
[0;32m[1784656200.045] [10483:10483] [DMG]   validating subject 0x000000000001B669[0m
[0;34m[1784656200.047] [10483:10483] [DL] Wrote settings to /tmp/chip_kvs_test[0m
[0;34m[1784656200.047] [10483:10483] [EVL] LogEvent event number: 0x0000000000000004 priority: 1, endpoint id:  0x0 cluster id: 0x0000_001F event id: 0x0 Epoch timestamp: 0x0000019F85CC816F[0m
[0;32m[1784656200.047] [10483:10483] [ZCL] OpCreds: ACL entry created for Fabric index 0x1 CASE Admin Subject 0x000000000001B669[0m
[0;34m[1784656200.047] [10483:10483] [DL] Using WiFi MAC for hostname[0m
[0;32m[1784656200.047] [10483:10483] [DIS] Advertise operational node EEA9888CBF4D7259-0000000000000001[0m
[0;34m[1784656200.047] [10483:10483] [DIS] Responding with _matter._tcp.local[0m
[0;34m[1784656200.047] [10483:10483] [DIS] Responding with EEA9888CBF4D7259-0000000000000001._matter._tcp.local[0m
[0;34m[1784656200.047] [10483:10483] [DIS] Responding with EEA9888CBF4D7259-0000000000000001._matter._tcp.local[0m
[0;34m[1784656200.047] [10483:10483] [DIS] Responding with 080027AE1A43.local[0m
[0;34m[1784656200.047] [10483:10483] [DIS] Responding with 080027AE1A43.local[0m
[0;34m[1784656200.047] [10483:10483] [DIS] Responding with _IEEA9888CBF4D7259._sub._matter._tcp.local[0m
[0;32m[1784656200.047] [10483:10483] [DIS] CHIP minimal mDNS configured as 'Operational device'; instance name: EEA9888CBF4D7259-0000000000000001.[0m
[0;32m[1784656200.048] [10483:10483] [DIS] mDNS service published: _matter._tcp[0m
[0;34m[1784656200.048] [10483:10483] [DMG] Command handler moving to [NewRespons][0m
[0;34m[1784656200.048] [10483:10483] [DMG] Command handler moving to [ Preparing][0m
[0;34m[1784656200.048] [10483:10483] [DMG] Command handler moving to [AddingComm][0m
[0;34m[1784656200.048] [10483:10483] [DMG] Command handler moving to [AddedComma][0m
[0;32m[1784656200.048] [10483:10483] [ZCL] OpCreds: successfully created fabric index 0x1 via AddNOC[0m
[0;34m[1784656200.048] [10483:10483] [DMG] Decreasing reference count for CommandHandlerImpl, remaining 1[0m
[0;34m[1784656200.048] [10483:10483] [DMG] Decreasing reference count for CommandHandlerImpl, remaining 0[0m
[0;34m[1784656200.048] [10483:10483] [DMG] Command handler moving to [AwaitingDe][0m
[0;32m[1784656200.048] [10483:10483] [EM] <<< [E:5710r S:26952 M:267630533 (Ack:137101415)] (S) Msg TX from 0000000000000000 to 1:FFFFFFFB00000000 [7259] [UDP:[fe80::bfe:a203:38f0:bce7%enp0s3]:60128] --- Type 0001:09 (IM:InvokeCommandResponse) (B:70)[0m
[0;32m[1784656200.048] [10483:10483] [EM] ??1 [E:5710r S:26952 M:267630533] (S) Msg Retransmission to 1:FFFFFFFB00000000 scheduled for 346ms from now [State:Active II:500 AI:300 AT:4000][0m
[0;34m[1784656200.048] [10483:10483] [DMG] Command response sender moving to [AllInvokeR][0m
[0;32m[1784656200.048] [10483:10483] [EM] >>> [E:5709r S:26952 M:137101416 (Ack:267630532)] (S) Msg RX from 1:FFFFFFFB00000000 [7259] to 0000000000000000 --- Type 0000:10 (SecureChannel:StandaloneAck) (B:34)[0m
[0;34m[1784656200.048] [10483:10483] [EM] Found matching exchange: 5709r, Delegate: (nil)[0m
[0;34m[1784656200.048] [10483:10483] [EM] Rxd Ack; Removing MessageCounter:267630532 from Retrans Table on exchange 5709r[0m
[0;32m[1784656200.049] [10483:10483] [EM] >>> [E:5710r S:26952 M:137101417 (Ack:267630533)] (S) Msg RX from 1:FFFFFFFB00000000 [7259] to 0000000000000000 --- Type 0000:10 (SecureChannel:StandaloneAck) (B:34)[0m
[0;34m[1784656200.049] [10483:10483] [EM] Found matching exchange: 5710r, Delegate: (nil)[0m
[0;34m[1784656200.049] [10483:10483] [EM] Rxd Ack; Removing MessageCounter:267630533 from Retrans Table on exchange 5710r[0m
[0;32m[1784656200.254] [10483:10483] [EM] >>> [E:5711r S:0 M:155301752] (U) Msg RX from 0:F0B67DDFB1C6B76B [0000] to 0000000000000000 --- Type 0000:30 (SecureChannel:CASE_Sigma1) (B:196)[0m
[0;34m[1784656200.254] [10483:10483] [EM] Handling via exchange: 5711r, Delegate: 0x55ecb0b4a5f8[0m
[0;32m[1784656200.254] [10483:10483] [IN] CASE Server received Sigma1 message . Starting handshake. EC 0x55ecec91b500[0m
[0;32m[1784656200.254] [10483:10483] [SC] Received Sigma1 msg[0m
[0;34m[1784656200.254] [10483:10483] [SC] Found MRP parameters in the message[0m
[0;34m[1784656200.254] [10483:10483] [SC] Peer (Initiator) assigned session ID 28489[0m
[0;32m[1784656200.255] [10483:10483] [SC] CASE matched destination ID: fabricIndex 1, NodeID 0x0000000000000001[0m
[0;32m[1784656200.255] [10483:10483] [EM] <<< [E:5711r S:0 M:15932523 (Ack:155301752)] (U) Msg TX from 0000000000000000 to 0:F0B67DDFB1C6B76B [0000] [UDP:[fe80::bfe:a203:38f0:bce7%enp0s3]:60128] --- Type 0000:31 (SecureChannel:CASE_Sigma2) (B:751)[0m
[0;32m[1784656200.255] [10483:10483] [EM] ??1 [E:5711r S:0 M:15932523] (U) Msg Retransmission to 0:0000000000000000 scheduled for 377ms from now [State:Active II:500 AI:300 AT:4000][0m
[0;32m[1784656200.255] [10483:10483] [SC] Sent Sigma2 msg[0m
[0;32m[1784656200.258] [10483:10483] [EM] >>> [E:5711r S:0 M:155301753 (Ack:15932523)] (U) Msg RX from 0:F0B67DDFB1C6B76B [0000] to 0000000000000000 --- Type 0000:32 (SecureChannel:CASE_Sigma3) (B:598)[0m
[0;34m[1784656200.258] [10483:10483] [EM] Found matching exchange: 5711r, Delegate: 0x55ecb0b4a630[0m
[0;34m[1784656200.258] [10483:10483] [EM] Rxd Ack; Removing MessageCounter:15932523 from Retrans Table on exchange 5711r[0m
[0;32m[1784656200.258] [10483:10483] [SC] Received Sigma3 msg[0m
[1;31m[1784656200.259] [10483:10483] [SC] The device does not support GetClock_RealTimeMS() API: src/protocols/secure_channel/CASESession.cpp:2276: CHIP Error 0x0000006C: Required feature not supported by this configuration.  Falling back to Last Known Good UTC Time[0m
[0;34m[1784656200.262] [10483:10483] [DL] Wrote settings to /tmp/chip_kvs_test[0m
[0;34m[1784656200.265] [10483:10483] [DL] Wrote settings to /tmp/chip_kvs_test[0m
[0;34m[1784656200.267] [10483:10483] [DL] Wrote settings to /tmp/chip_kvs_test[0m
[0;34m[1784656200.267] [10483:10483] [SC] Sending status report. Protocol code 0, exchange 5711[0m
[0;32m[1784656200.267] [10483:10483] [EM] <<< [E:5711r S:0 M:15932524 (Ack:155301753)] (U) Msg TX from 0000000000000000 to 0:F0B67DDFB1C6B76B [0000] [UDP:[fe80::bfe:a203:38f0:bce7%enp0s3]:60128] --- Type 0000:40 (SecureChannel:StatusReport) (B:34)[0m
[0;32m[1784656200.267] [10483:10483] [EM] ??1 [E:5711r S:0 M:15932524] (U) Msg Retransmission to 0:0000000000000000 scheduled for 348ms from now [State:Active II:500 AI:300 AT:4000][0m
[0;32m[1784656200.267] [10483:10483] [SC] SecureSession[0x55ecec902da0, LSID:26953]: State change 'kEstablishing' --> 'kActive'[0m
[0;34m[1784656200.267] [10483:10483] [IN] SecureSession[0x55ecec902da0]: Activated - Type:2 LSID:26953[0m
[0;34m[1784656200.267] [10483:10483] [IN] New secure session activated for device <000000000001B669, 1>, LSID:26953 PSID:28489![0m
[0;32m[1784656200.267] [10483:10483] [IN] CASE Session established to peer: <000000000001B669, 1>[0m
[0;34m[1784656200.267] [10483:10483] [IN] SecureSession[0x55ecec91ddf0]: Allocated Type:2 LSID:26954[0m
[0;34m[1784656200.267] [10483:10483] [SC] Allocated SecureSession (0x55ecec91ddf0) - waiting for Sigma1 msg[0m
[0;32m[1784656200.269] [10483:10483] [EM] >>> [E:5712r S:26953 M:35423097] (S) Msg RX from 1:000000000001B669 [7259] to 0000000000000001 --- Type 0001:08 (IM:InvokeCommandRequest) (B:59)[0m
[0;34m[1784656200.269] [10483:10483] [EM] Handling via exchange: 5712r, Delegate: 0x55ecb0b54ac8[0m
[0;34m[1784656200.269] [10483:10483] [DMG] InvokeRequestMessage =[0m
[0;34m[1784656200.269] [10483:10483] [DMG] {[0m
[0;34m[1784656200.269] [10483:10483] [DMG] 	suppressResponse = false, [0m
[0;34m[1784656200.269] [10483:10483] [DMG] 	timedRequest = false, [0m
[0;34m[1784656200.269] [10483:10483] [DMG] 	InvokeRequests =[0m
[0;34m[1784656200.269] [10483:10483] [DMG] 	[[0m
[0;34m[1784656200.269] [10483:10483] [DMG] 		CommandDataIB =[0m
[0;34m[1784656200.269] [10483:10483] [DMG] 		{[0m
[0;34m[1784656200.269] [10483:10483] [DMG] 			CommandPathIB =[0m
[0;34m[1784656200.269] [10483:10483] [DMG] 			{[0m
[0;34m[1784656200.269] [10483:10483] [DMG] 				EndpointId = 0x0,[0m
[0;34m[1784656200.269] [10483:10483] [DMG] 				ClusterId = 0x30,[0m
[0;34m[1784656200.269] [10483:10483] [DMG] 				CommandId = 0x4,[0m
[0;34m[1784656200.269] [10483:10483] [DMG] 			},[0m
[0;34m[1784656200.269] [10483:10483] [DMG] 			[0m
[0;34m[1784656200.269] [10483:10483] [DMG] 			CommandFields = [0m
[0;34m[1784656200.269] [10483:10483] [DMG] 			{[0m
[0;34m[1784656200.269] [10483:10483] [DMG] 			},[0m
[0;34m[1784656200.269] [10483:10483] [DMG] 		},[0m
[0;34m[1784656200.269] [10483:10483] [DMG] 		[0m
[0;34m[1784656200.269] [10483:10483] [DMG] 	],[0m
[0;34m[1784656200.269] [10483:10483] [DMG] 	[0m
[0;34m[1784656200.269] [10483:10483] [DMG] 	InteractionModelRevision = 12[0m
[0;34m[1784656200.269] [10483:10483] [DMG] },[0m
[0;32m[1784656200.269] [10483:10483] [DMG] AccessControl: checking f=1 a=c s=0x000000000001B669 t= c=0x0000_0030 e=0 p=o r=i[0m
[0;32m[1784656200.269] [10483:10483] [DMG] AccessControl: allowed[0m
[0;32m[1784656200.269] [10483:10483] [DMG] AccessControl: checking f=1 a=c s=0x000000000001B669 t= c=0x0000_0030 e=0 p=a r=i[0m
[0;32m[1784656200.269] [10483:10483] [DMG] AccessControl: allowed[0m
[0;34m[1784656200.269] [10483:10483] [DMG] Received command for Endpoint=0 Cluster=0x0000_0030 Command=0x0000_0004[0m
[0;32m[1784656200.269] [10483:10483] [FS] GeneralCommissioning: Received CommissioningComplete[0m
[0;34m[1784656200.271] [10483:10483] [DL] Wrote settings to /tmp/chip_kvs_test[0m
[0;34m[1784656200.274] [10483:10483] [DL] Wrote settings to /tmp/chip_kvs_test[0m
[0;32m[1784656200.274] [10483:10483] [FP] Metadata for Fabric 0x1 persisted to storage.[0m
[0;34m[1784656200.276] [10483:10483] [DL] Wrote settings to /tmp/chip_kvs_test[0m
[0;34m[1784656200.278] [10483:10483] [DL] Wrote settings to /tmp/chip_kvs_test[0m
[0;34m[1784656200.281] [10483:10483] [DL] Wrote settings to /tmp/chip_kvs_test[0m
[0;34m[1784656200.283] [10483:10483] [DL] Wrote settings to /tmp/chip_kvs_test[0m
[0;32m[1784656200.283] [10483:10483] [TS] Committing Last Known Good Time to storage: 2023-10-14T01:16:48[0m
[0;34m[1784656200.285] [10483:10483] [DL] Wrote settings to /tmp/chip_kvs_test[0m
[0;34m[1784656200.287] [10483:10483] [DL] Wrote settings to /tmp/chip_kvs_test[0m
[0;32m[1784656200.287] [10483:10483] [ZCL] OpCreds: Fabric index 0x1 was committed to storage. Compressed Fabric Id 0xEEA9888CBF4D7259, FabricId 0000000000000001, NodeId 0000000000000001, VendorId 0xFFF1[0m
[0;34m[1784656200.289] [10483:10483] [DL] Wrote settings to /tmp/chip_kvs_test[0m
[0;32m[1784656200.289] [10483:10483] [FS] GeneralCommissioning: Successfully committed pending fabric data[0m
[0;32m[1784656200.289] [10483:10483] [FS] Fail-safe cleanly disarmed[0m
[0;34m[1784656200.289] [10483:10483] [DMG] Command handler moving to [NewRespons][0m
[0;34m[1784656200.289] [10483:10483] [DMG] Command handler moving to [ Preparing][0m
[0;34m[1784656200.289] [10483:10483] [DMG] Command handler moving to [AddingComm][0m
[0;34m[1784656200.289] [10483:10483] [DMG] Command handler moving to [AddedComma][0m
[0;34m[1784656200.289] [10483:10483] [DMG] Decreasing reference count for CommandHandlerImpl, remaining 1[0m
[0;34m[1784656200.289] [10483:10483] [DMG] Decreasing reference count for CommandHandlerImpl, remaining 0[0m
[0;34m[1784656200.289] [10483:10483] [DMG] Command handler moving to [AwaitingDe][0m
[0;32m[1784656200.289] [10483:10483] [EM] <<< [E:5712r S:26953 M:228376475 (Ack:35423097)] (S) Msg TX from 0000000000000001 to 1:000000000001B669 [7259] [UDP:[fe80::bfe:a203:38f0:bce7%enp0s3]:60128] --- Type 0001:09 (IM:InvokeCommandResponse) (B:70)[0m
[0;32m[1784656200.290] [10483:10483] [EM] ??1 [E:5712r S:26953 M:228376475] (S) Msg Retransmission to 1:000000000001B669 scheduled for 377ms from now [State:Active II:500 AI:300 AT:4000][0m
[0;34m[1784656200.290] [10483:10483] [DMG] Command response sender moving to [AllInvokeR][0m
[0;32m[1784656200.290] [10483:10483] [SVR] Commissioning completed successfully[0m
[0;32m[1784656200.290] [10483:10483] [DIS] Updating services using commissioning mode 0[0m
[0;32m[1784656200.290] [10483:10483] [DIS] CHIP minimal mDNS started advertising.[0m
[0;34m[1784656200.291] [10483:10483] [DL] Using WiFi MAC for hostname[0m
[0;32m[1784656200.291] [10483:10483] [DIS] Advertise operational node EEA9888CBF4D7259-0000000000000001[0m
[0;34m[1784656200.291] [10483:10483] [DIS] Responding with _matter._tcp.local[0m
[0;34m[1784656200.291] [10483:10483] [DIS] Responding with EEA9888CBF4D7259-0000000000000001._matter._tcp.local[0m
[0;34m[1784656200.291] [10483:10483] [DIS] Responding with EEA9888CBF4D7259-0000000000000001._matter._tcp.local[0m
[0;34m[1784656200.291] [10483:10483] [DIS] Responding with 080027AE1A43.local[0m
[0;34m[1784656200.291] [10483:10483] [DIS] Responding with 080027AE1A43.local[0m
[0;34m[1784656200.291] [10483:10483] [DIS] Responding with _IEEA9888CBF4D7259._sub._matter._tcp.local[0m
[0;32m[1784656200.291] [10483:10483] [DIS] CHIP minimal mDNS configured as 'Operational device'; instance name: EEA9888CBF4D7259-0000000000000001.[0m
[0;32m[1784656200.292] [10483:10483] [DIS] mDNS service published: _matter._tcp[0m
[0;34m[1784656200.292] [10483:10483] [IN] Expiring all PASE sessions[0m
[0;34m[1784656200.292] [10483:10483] [IN] SecureSession[0x55ecec902890]: MarkForEviction Type:1 LSID:26952[0m
[0;32m[1784656200.292] [10483:10483] [SC] SecureSession[0x55ecec902890, LSID:26952]: State change 'kActive' --> 'kPendingEviction'[0m
[0;34m[1784656200.292] [10483:10483] [IN] SecureSession[0x55ecec902890]: Released - Type:1 LSID:26952[0m
[0;32m[1784656200.292] [10483:10483] [PAF] WiFiPAF: Closing all WiFiPAF sessions to shutdown[0m
[0;32m[1784656200.292] [10483:10483] [EM] >>> [E:5711r S:0 M:155301754 (Ack:15932524)] (U) Msg RX from 0:F0B67DDFB1C6B76B [0000] to 0000000000000000 --- Type 0000:10 (SecureChannel:StandaloneAck) (B:26)[0m
[0;34m[1784656200.292] [10483:10483] [EM] Found matching exchange: 5711r, Delegate: (nil)[0m
[0;34m[1784656200.292] [10483:10483] [EM] Rxd Ack; Removing MessageCounter:15932524 from Retrans Table on exchange 5711r[0m
[0;32m[1784656200.292] [10483:10483] [EM] >>> [E:5712r S:26953 M:35423098 (Ack:228376475)] (S) Msg RX from 1:000000000001B669 [7259] to 0000000000000001 --- Type 0000:10 (SecureChannel:StandaloneAck) (B:34)[0m
[0;34m[1784656200.292] [10483:10483] [EM] Found matching exchange: 5712r, Delegate: (nil)[0m
[0;34m[1784656200.292] [10483:10483] [EM] Rxd Ack; Removing MessageCounter:228376475 from Retrans Table on exchange 5712r[0m
[0;32m[1784656200.557] [10483:10483] [EM] >>> [E:51310r S:0 M:102826610] (U) Msg RX from 0:B8E8506FFDA6C375 [0000] to 0000000000000000 --- Type 0000:30 (SecureChannel:CASE_Sigma1) (B:196)[0m
[0;34m[1784656200.557] [10483:10483] [EM] Handling via exchange: 51310r, Delegate: 0x55ecb0b4a5f8[0m
[0;32m[1784656200.557] [10483:10483] [IN] CASE Server received Sigma1 message . Starting handshake. EC 0x55ecec91b500[0m
[0;32m[1784656200.558] [10483:10483] [SC] Received Sigma1 msg[0m
[0;34m[1784656200.558] [10483:10483] [SC] Found MRP parameters in the message[0m
[0;34m[1784656200.558] [10483:10483] [SC] Peer (Initiator) assigned session ID 22064[0m
[0;32m[1784656200.558] [10483:10483] [SC] CASE matched destination ID: fabricIndex 1, NodeID 0x0000000000000001[0m
[0;32m[1784656200.558] [10483:10483] [EM] <<< [E:51310r S:0 M:15932525 (Ack:102826610)] (U) Msg TX from 0000000000000000 to 0:B8E8506FFDA6C375 [0000] [UDP:[fe80::bfe:a203:38f0:bce7%enp0s3]:41455] --- Type 0000:31 (SecureChannel:CASE_Sigma2) (B:751)[0m
[0;32m[1784656200.559] [10483:10483] [EM] ??1 [E:51310r S:0 M:15932525] (U) Msg Retransmission to 0:0000000000000000 scheduled for 363ms from now [State:Active II:500 AI:300 AT:4000][0m
[0;32m[1784656200.559] [10483:10483] [SC] Sent Sigma2 msg[0m
[0;32m[1784656200.560] [10483:10483] [EM] >>> [E:51310r S:0 M:102826611 (Ack:15932525)] (U) Msg RX from 0:B8E8506FFDA6C375 [0000] to 0000000000000000 --- Type 0000:32 (SecureChannel:CASE_Sigma3) (B:598)[0m
[0;34m[1784656200.560] [10483:10483] [EM] Found matching exchange: 51310r, Delegate: 0x55ecb0b4a630[0m
[0;34m[1784656200.560] [10483:10483] [EM] Rxd Ack; Removing MessageCounter:15932525 from Retrans Table on exchange 51310r[0m
[0;32m[1784656200.560] [10483:10483] [SC] Received Sigma3 msg[0m
[1;31m[1784656200.560] [10483:10483] [SC] The device does not support GetClock_RealTimeMS() API: src/protocols/secure_channel/CASESession.cpp:2276: CHIP Error 0x0000006C: Required feature not supported by this configuration.  Falling back to Last Known Good UTC Time[0m
[0;34m[1784656200.564] [10483:10483] [DL] Wrote settings to /tmp/chip_kvs_test[0m
[0;34m[1784656200.567] [10483:10483] [DL] Wrote settings to /tmp/chip_kvs_test[0m
[0;34m[1784656200.569] [10483:10483] [DL] Wrote settings to /tmp/chip_kvs_test[0m
[0;34m[1784656200.569] [10483:10483] [SC] Sending status report. Protocol code 0, exchange 51310[0m
[0;32m[1784656200.569] [10483:10483] [EM] <<< [E:51310r S:0 M:15932526 (Ack:102826611)] (U) Msg TX from 0000000000000000 to 0:B8E8506FFDA6C375 [0000] [UDP:[fe80::bfe:a203:38f0:bce7%enp0s3]:41455] --- Type 0000:40 (SecureChannel:StatusReport) (B:34)[0m
[0;32m[1784656200.569] [10483:10483] [EM] ??1 [E:51310r S:0 M:15932526] (U) Msg Retransmission to 0:0000000000000000 scheduled for 382ms from now [State:Active II:500 AI:300 AT:4000][0m
[0;32m[1784656200.569] [10483:10483] [SC] SecureSession[0x55ecec91ddf0, LSID:26954]: State change 'kEstablishing' --> 'kActive'[0m
[0;34m[1784656200.569] [10483:10483] [IN] SecureSession[0x55ecec91ddf0]: Activated - Type:2 LSID:26954[0m
[0;34m[1784656200.569] [10483:10483] [IN] New secure session activated for device <000000000001B669, 1>, LSID:26954 PSID:22064![0m
[0;32m[1784656200.569] [10483:10483] [IN] CASE Session established to peer: <000000000001B669, 1>[0m
[0;34m[1784656200.570] [10483:10483] [IN] SecureSession[0x55ecec902890]: Allocated Type:2 LSID:26955[0m
[0;34m[1784656200.570] [10483:10483] [SC] Allocated SecureSession (0x55ecec902890) - waiting for Sigma1 msg[0m
[0;32m[1784656200.572] [10483:10483] [EM] >>> [E:51311r S:26954 M:125792106] (S) Msg RX from 1:000000000001B669 [7259] to 0000000000000001 --- Type 0001:08 (IM:InvokeCommandRequest) (B:65)[0m
[0;34m[1784656200.572] [10483:10483] [EM] Handling via exchange: 51311r, Delegate: 0x55ecb0b54ac8[0m
[0;34m[1784656200.572] [10483:10483] [DMG] InvokeRequestMessage =[0m
[0;34m[1784656200.572] [10483:10483] [DMG] {[0m
[0;34m[1784656200.572] [10483:10483] [DMG] 	suppressResponse = false, [0m
[0;34m[1784656200.572] [10483:10483] [DMG] 	timedRequest = false, [0m
[0;34m[1784656200.572] [10483:10483] [DMG] 	InvokeRequests =[0m
[0;34m[1784656200.572] [10483:10483] [DMG] 	[[0m
[0;34m[1784656200.572] [10483:10483] [DMG] 		CommandDataIB =[0m
[0;34m[1784656200.572] [10483:10483] [DMG] 		{[0m
[0;34m[1784656200.572] [10483:10483] [DMG] 			CommandPathIB =[0m
[0;34m[1784656200.572] [10483:10483] [DMG] 			{[0m
[0;34m[1784656200.572] [10483:10483] [DMG] 				EndpointId = 0x0,[0m
[0;34m[1784656200.572] [10483:10483] [DMG] 				ClusterId = 0x30,[0m
[0;34m[1784656200.572] [10483:10483] [DMG] 				CommandId = 0x0,[0m
[0;34m[1784656200.572] [10483:10483] [DMG] 			},[0m
[0;34m[1784656200.572] [10483:10483] [DMG] 			[0m
[0;34m[1784656200.572] [10483:10483] [DMG] 			CommandFields = [0m
[0;34m[1784656200.572] [10483:10483] [DMG] 			{[0m
[0;34m[1784656200.572] [10483:10483] [DMG] 				0x0 = 60 (unsigned), [0m
[0;34m[1784656200.572] [10483:10483] [DMG] 				0x1 = 0 (unsigned), [0m
[0;34m[1784656200.572] [10483:10483] [DMG] 			},[0m
[0;34m[1784656200.572] [10483:10483] [DMG] 		},[0m
[0;34m[1784656200.572] [10483:10483] [DMG] 		[0m
[0;34m[1784656200.572] [10483:10483] [DMG] 	],[0m
[0;34m[1784656200.572] [10483:10483] [DMG] 	[0m
[0;34m[1784656200.572] [10483:10483] [DMG] 	InteractionModelRevision = 12[0m
[0;34m[1784656200.572] [10483:10483] [DMG] },[0m
[0;32m[1784656200.572] [10483:10483] [DMG] AccessControl: checking f=1 a=c s=0x000000000001B669 t= c=0x0000_0030 e=0 p=o r=i[0m
[0;32m[1784656200.572] [10483:10483] [DMG] AccessControl: allowed[0m
[0;32m[1784656200.572] [10483:10483] [DMG] AccessControl: checking f=1 a=c s=0x000000000001B669 t= c=0x0000_0030 e=0 p=a r=i[0m
[0;32m[1784656200.572] [10483:10483] [DMG] AccessControl: allowed[0m
[0;34m[1784656200.572] [10483:10483] [DMG] Received command for Endpoint=0 Cluster=0x0000_0030 Command=0x0000_0000[0m
[0;32m[1784656200.572] [10483:10483] [FS] GeneralCommissioning: Received ArmFailSafe (60s)[0m
[0;34m[1784656200.572] [10483:10483] [DMG] Command handler moving to [NewRespons][0m
[0;34m[1784656200.572] [10483:10483] [DMG] Command handler moving to [ Preparing][0m
[0;34m[1784656200.572] [10483:10483] [DMG] Command handler moving to [AddingComm][0m
[0;34m[1784656200.572] [10483:10483] [DMG] Command handler moving to [AddedComma][0m
[0;34m[1784656200.572] [10483:10483] [DMG] Decreasing reference count for CommandHandlerImpl, remaining 1[0m
[0;34m[1784656200.572] [10483:10483] [DMG] Decreasing reference count for CommandHandlerImpl, remaining 0[0m
[0;34m[1784656200.572] [10483:10483] [DMG] Command handler moving to [AwaitingDe][0m
[0;32m[1784656200.572] [10483:10483] [EM] <<< [E:51311r S:26954 M:163690993 (Ack:125792106)] (S) Msg TX from 0000000000000001 to 1:000000000001B669 [7259] [UDP:[fe80::bfe:a203:38f0:bce7%enp0s3]:41455] --- Type 0001:09 (IM:InvokeCommandResponse) (B:70)[0m
[0;32m[1784656200.572] [10483:10483] [EM] ??1 [E:51311r S:26954 M:163690993] (S) Msg Retransmission to 1:000000000001B669 scheduled for 392ms from now [State:Active II:500 AI:300 AT:4000][0m
[0;34m[1784656200.572] [10483:10483] [DMG] Command response sender moving to [AllInvokeR][0m
[0;32m[1784656200.572] [10483:10483] [EM] >>> [E:51310r S:0 M:102826612 (Ack:15932526)] (U) Msg RX from 0:B8E8506FFDA6C375 [0000] to 0000000000000000 --- Type 0000:10 (SecureChannel:StandaloneAck) (B:26)[0m
[0;34m[1784656200.572] [10483:10483] [EM] Found matching exchange: 51310r, Delegate: (nil)[0m
[0;34m[1784656200.572] [10483:10483] [EM] Rxd Ack; Removing MessageCounter:15932526 from Retrans Table on exchange 51310r[0m
[0;32m[1784656200.572] [10483:10483] [EM] >>> [E:51311r S:26954 M:125792107 (Ack:163690993)] (S) Msg RX from 1:000000000001B669 [7259] to 0000000000000001 --- Type 0000:10 (SecureChannel:StandaloneAck) (B:34)[0m
[0;34m[1784656200.572] [10483:10483] [EM] Found matching exchange: 51311r, Delegate: (nil)[0m
[0;34m[1784656200.572] [10483:10483] [EM] Rxd Ack; Removing MessageCounter:163690993 from Retrans Table on exchange 51311r[0m
[0;32m[1784656200.843] [10483:10483] [EM] >>> [E:2624r S:0 M:36985852] (U) Msg RX from 0:EB1EE2EB3E20D95B [0000] to 0000000000000000 --- Type 0000:30 (SecureChannel:CASE_Sigma1) (B:196)[0m
[0;34m[1784656200.843] [10483:10483] [EM] Handling via exchange: 2624r, Delegate: 0x55ecb0b4a5f8[0m
[0;32m[1784656200.843] [10483:10483] [IN] CASE Server received Sigma1 message . Starting handshake. EC 0x55ecec918990[0m
[0;32m[1784656200.843] [10483:10483] [SC] Received Sigma1 msg[0m
[0;34m[1784656200.843] [10483:10483] [SC] Found MRP parameters in the message[0m
[0;34m[1784656200.843] [10483:10483] [SC] Peer (Initiator) assigned session ID 31269[0m
[0;32m[1784656200.844] [10483:10483] [SC] CASE matched destination ID: fabricIndex 1, NodeID 0x0000000000000001[0m
[0;32m[1784656200.845] [10483:10483] [EM] <<< [E:2624r S:0 M:15932527 (Ack:36985852)] (U) Msg TX from 0000000000000000 to 0:EB1EE2EB3E20D95B [0000] [UDP:[fe80::bfe:a203:38f0:bce7%enp0s3]:39466] --- Type 0000:31 (SecureChannel:CASE_Sigma2) (B:751)[0m
[0;32m[1784656200.845] [10483:10483] [EM] ??1 [E:2624r S:0 M:15932527] (U) Msg Retransmission to 0:0000000000000000 scheduled for 352ms from now [State:Active II:500 AI:300 AT:4000][0m
[0;32m[1784656200.845] [10483:10483] [SC] Sent Sigma2 msg[0m
[0;32m[1784656200.848] [10483:10483] [EM] >>> [E:2624r S:0 M:36985853 (Ack:15932527)] (U) Msg RX from 0:EB1EE2EB3E20D95B [0000] to 0000000000000000 --- Type 0000:32 (SecureChannel:CASE_Sigma3) (B:598)[0m
[0;34m[1784656200.848] [10483:10483] [EM] Found matching exchange: 2624r, Delegate: 0x55ecb0b4a630[0m
[0;34m[1784656200.848] [10483:10483] [EM] Rxd Ack; Removing MessageCounter:15932527 from Retrans Table on exchange 2624r[0m
[0;32m[1784656200.848] [10483:10483] [SC] Received Sigma3 msg[0m
[1;31m[1784656200.848] [10483:10483] [SC] The device does not support GetClock_RealTimeMS() API: src/protocols/secure_channel/CASESession.cpp:2276: CHIP Error 0x0000006C: Required feature not supported by this configuration.  Falling back to Last Known Good UTC Time[0m
[0;34m[1784656200.852] [10483:10483] [DL] Wrote settings to /tmp/chip_kvs_test[0m
[0;34m[1784656200.855] [10483:10483] [DL] Wrote settings to /tmp/chip_kvs_test[0m
[0;34m[1784656200.857] [10483:10483] [DL] Wrote settings to /tmp/chip_kvs_test[0m
[0;34m[1784656200.857] [10483:10483] [SC] Sending status report. Protocol code 0, exchange 2624[0m
[0;32m[1784656200.857] [10483:10483] [EM] <<< [E:2624r S:0 M:15932528 (Ack:36985853)] (U) Msg TX from 0000000000000000 to 0:EB1EE2EB3E20D95B [0000] [UDP:[fe80::bfe:a203:38f0:bce7%enp0s3]:39466] --- Type 0000:40 (SecureChannel:StatusReport) (B:34)[0m
[0;32m[1784656200.859] [10483:10483] [EM] ??1 [E:2624r S:0 M:15932528] (U) Msg Retransmission to 0:0000000000000000 scheduled for 371ms from now [State:Active II:500 AI:300 AT:4000][0m
[0;32m[1784656200.859] [10483:10483] [SC] SecureSession[0x55ecec902890, LSID:26955]: State change 'kEstablishing' --> 'kActive'[0m
[0;34m[1784656200.860] [10483:10483] [IN] SecureSession[0x55ecec902890]: Activated - Type:2 LSID:26955[0m
[0;34m[1784656200.860] [10483:10483] [IN] New secure session activated for device <000000000001B669, 1>, LSID:26955 PSID:31269![0m
[0;32m[1784656200.860] [10483:10483] [IN] CASE Session established to peer: <000000000001B669, 1>[0m
[0;34m[1784656200.860] [10483:10483] [IN] SecureSession[0x55ecec91e920]: Allocated Type:2 LSID:26956[0m
[0;34m[1784656200.860] [10483:10483] [SC] Allocated SecureSession (0x55ecec91e920) - waiting for Sigma1 msg[0m
[0;32m[1784656200.860] [10483:10483] [EM] >>> [E:2625r S:26955 M:170372631] (S) Msg RX from 1:000000000001B669 [7259] to 0000000000000001 --- Type 0001:08 (IM:InvokeCommandRequest) (B:96)[0m
[0;34m[1784656200.860] [10483:10483] [EM] Handling via exchange: 2625r, Delegate: 0x55ecb0b54ac8[0m
[0;34m[1784656200.860] [10483:10483] [DMG] InvokeRequestMessage =[0m
[0;34m[1784656200.860] [10483:10483] [DMG] {[0m
[0;34m[1784656200.860] [10483:10483] [DMG] 	suppressResponse = false, [0m
[0;34m[1784656200.860] [10483:10483] [DMG] 	timedRequest = false, [0m
[0;34m[1784656200.860] [10483:10483] [DMG] 	InvokeRequests =[0m
[0;34m[1784656200.860] [10483:10483] [DMG] 	[[0m
[0;34m[1784656200.860] [10483:10483] [DMG] 		CommandDataIB =[0m
[0;34m[1784656200.860] [10483:10483] [DMG] 		{[0m
[0;34m[1784656200.860] [10483:10483] [DMG] 			CommandPathIB =[0m
[0;34m[1784656200.860] [10483:10483] [DMG] 			{[0m
[0;34m[1784656200.860] [10483:10483] [DMG] 				EndpointId = 0x0,[0m
[0;34m[1784656200.860] [10483:10483] [DMG] 				ClusterId = 0x3e,[0m
[0;34m[1784656200.860] [10483:10483] [DMG] 				CommandId = 0x4,[0m
[0;34m[1784656200.860] [10483:10483] [DMG] 			},[0m
[0;34m[1784656200.860] [10483:10483] [DMG] 			[0m
[0;34m[1784656200.860] [10483:10483] [DMG] 			CommandFields = [0m
[0;34m[1784656200.860] [10483:10483] [DMG] 			{[0m
[0;34m[1784656200.860] [10483:10483] [DMG] 				0x0 = [[0m
[0;34m[1784656200.860] [10483:10483] [DMG] 						0x2c, 0x79, 0x58, 0xe2, 0xa0, 0xb0, 0x05, 0x2f, 0xe7, 0xd2, 0xa3, 0xc7, 0xe1, 0x59, 0xf1, 0x51, 0xfa, 0xe0, 0xc0, 0xc7, 0xf4, 0xc4, 0xd6, 0x33, 0x86, 0xda, 0x69, 0x4e, 0x0a, 0x4f, 0xed, 0x0a, [0m
[0;34m[1784656200.860] [10483:10483] [DMG] 				] (32 bytes)[0m
[0;34m[1784656200.860] [10483:10483] [DMG] 				0x1 = true, [0m
[0;34m[1784656200.860] [10483:10483] [DMG] 			},[0m
[0;34m[1784656200.860] [10483:10483] [DMG] 		},[0m
[0;34m[1784656200.860] [10483:10483] [DMG] 		[0m
[0;34m[1784656200.860] [10483:10483] [DMG] 	],[0m
[0;34m[1784656200.860] [10483:10483] [DMG] 	[0m
[0;34m[1784656200.860] [10483:10483] [DMG] 	InteractionModelRevision = 12[0m
[0;34m[1784656200.860] [10483:10483] [DMG] },[0m
[0;32m[1784656200.860] [10483:10483] [DMG] AccessControl: checking f=1 a=c s=0x000000000001B669 t= c=0x0000_003E e=0 p=o r=i[0m
[0;32m[1784656200.860] [10483:10483] [DMG] AccessControl: allowed[0m
[0;32m[1784656200.860] [10483:10483] [DMG] AccessControl: checking f=1 a=c s=0x000000000001B669 t= c=0x0000_003E e=0 p=a r=i[0m
[0;32m[1784656200.860] [10483:10483] [DMG] AccessControl: allowed[0m
[0;34m[1784656200.860] [10483:10483] [DMG] Received command for Endpoint=0 Cluster=0x0000_003E Command=0x0000_0004[0m
[0;32m[1784656200.860] [10483:10483] [ZCL] OpCreds: Received a CSRRequest command[0m
[0;32m[1784656200.860] [10483:10483] [ZCL] OpCreds: AllocatePendingOperationalKey succeeded[0m
[0;32m[1784656200.860] [10483:10483] [ZCL] OpCreds: CSRRequest successful.[0m
[0;34m[1784656200.860] [10483:10483] [DMG] Command handler moving to [NewRespons][0m
[0;34m[1784656200.860] [10483:10483] [DMG] Command handler moving to [ Preparing][0m
[0;34m[1784656200.860] [10483:10483] [DMG] Command handler moving to [AddingComm][0m
[0;34m[1784656200.860] [10483:10483] [DMG] Command handler moving to [AddedComma][0m
[0;34m[1784656200.860] [10483:10483] [DMG] Decreasing reference count for CommandHandlerImpl, remaining 1[0m
[0;34m[1784656200.860] [10483:10483] [DMG] Decreasing reference count for CommandHandlerImpl, remaining 0[0m
[0;34m[1784656200.860] [10483:10483] [DMG] Command handler moving to [AwaitingDe][0m
[0;32m[1784656200.860] [10483:10483] [EM] <<< [E:2625r S:26955 M:8626010 (Ack:170372631)] (S) Msg TX from 0000000000000001 to 1:000000000001B669 [7259] [UDP:[fe80::bfe:a203:38f0:bce7%enp0s3]:39466] --- Type 0001:09 (IM:InvokeCommandResponse) (B:377)[0m
[0;32m[1784656200.860] [10483:10483] [EM] ??1 [E:2625r S:26955 M:8626010] (S) Msg Retransmission to 1:000000000001B669 scheduled for 381ms from now [State:Active II:500 AI:300 AT:4000][0m
[0;34m[1784656200.860] [10483:10483] [DMG] Command response sender moving to [AllInvokeR][0m
[0;32m[1784656200.860] [10483:10483] [EM] >>> [E:2624r S:0 M:36985854 (Ack:15932528)] (U) Msg RX from 0:EB1EE2EB3E20D95B [0000] to 0000000000000000 --- Type 0000:10 (SecureChannel:StandaloneAck) (B:26)[0m
[0;34m[1784656200.860] [10483:10483] [EM] Found matching exchange: 2624r, Delegate: (nil)[0m
[0;34m[1784656200.860] [10483:10483] [EM] Rxd Ack; Removing MessageCounter:15932528 from Retrans Table on exchange 2624r[0m
[0;32m[1784656200.861] [10483:10483] [EM] >>> [E:2625r S:26955 M:170372632 (Ack:8626010)] (S) Msg RX from 1:000000000001B669 [7259] to 0000000000000001 --- Type 0000:10 (SecureChannel:StandaloneAck) (B:34)[0m
[0;34m[1784656200.861] [10483:10483] [EM] Found matching exchange: 2625r, Delegate: (nil)[0m
[0;34m[1784656200.861] [10483:10483] [EM] Rxd Ack; Removing MessageCounter:8626010 from Retrans Table on exchange 2625r[0m
[0;32m[1784656201.173] [10483:10483] [EM] >>> [E:10634r S:0 M:198198866] (U) Msg RX from 0:C8055D8495816A69 [0000] to 0000000000000000 --- Type 0000:30 (SecureChannel:CASE_Sigma1) (B:196)[0m
[0;34m[1784656201.173] [10483:10483] [EM] Handling via exchange: 10634r, Delegate: 0x55ecb0b4a5f8[0m
[0;32m[1784656201.173] [10483:10483] [IN] CASE Server received Sigma1 message . Starting handshake. EC 0x55ecec914ac0[0m
[0;32m[1784656201.173] [10483:10483] [SC] Received Sigma1 msg[0m
[0;34m[1784656201.173] [10483:10483] [SC] Found MRP parameters in the message[0m
[0;34m[1784656201.173] [10483:10483] [SC] Peer (Initiator) assigned session ID 48685[0m
[0;32m[1784656201.174] [10483:10483] [SC] CASE matched destination ID: fabricIndex 1, NodeID 0x0000000000000001[0m
[0;32m[1784656201.174] [10483:10483] [EM] <<< [E:10634r S:0 M:15932529 (Ack:198198866)] (U) Msg TX from 0000000000000000 to 0:C8055D8495816A69 [0000] [UDP:[fe80::bfe:a203:38f0:bce7%enp0s3]:51744] --- Type 0000:31 (SecureChannel:CASE_Sigma2) (B:751)[0m
[0;32m[1784656201.175] [10483:10483] [EM] ??1 [E:10634r S:0 M:15932529] (U) Msg Retransmission to 0:0000000000000000 scheduled for 349ms from now [State:Active II:500 AI:300 AT:4000][0m
[0;32m[1784656201.175] [10483:10483] [SC] Sent Sigma2 msg[0m
[0;32m[1784656201.176] [10483:10483] [EM] >>> [E:10634r S:0 M:198198867 (Ack:15932529)] (U) Msg RX from 0:C8055D8495816A69 [0000] to 0000000000000000 --- Type 0000:32 (SecureChannel:CASE_Sigma3) (B:598)[0m
[0;34m[1784656201.176] [10483:10483] [EM] Found matching exchange: 10634r, Delegate: 0x55ecb0b4a630[0m
[0;34m[1784656201.176] [10483:10483] [EM] Rxd Ack; Removing MessageCounter:15932529 from Retrans Table on exchange 10634r[0m
[0;32m[1784656201.176] [10483:10483] [SC] Received Sigma3 msg[0m
[1;31m[1784656201.176] [10483:10483] [SC] The device does not support GetClock_RealTimeMS() API: src/protocols/secure_channel/CASESession.cpp:2276: CHIP Error 0x0000006C: Required feature not supported by this configuration.  Falling back to Last Known Good UTC Time[0m
[0;34m[1784656201.181] [10483:10483] [DL] Wrote settings to /tmp/chip_kvs_test[0m
[0;34m[1784656201.183] [10483:10483] [DL] Wrote settings to /tmp/chip_kvs_test[0m
[0;34m[1784656201.185] [10483:10483] [DL] Wrote settings to /tmp/chip_kvs_test[0m
[0;34m[1784656201.185] [10483:10483] [SC] Sending status report. Protocol code 0, exchange 10634[0m
[0;32m[1784656201.185] [10483:10483] [EM] <<< [E:10634r S:0 M:15932530 (Ack:198198867)] (U) Msg TX from 0000000000000000 to 0:C8055D8495816A69 [0000] [UDP:[fe80::bfe:a203:38f0:bce7%enp0s3]:51744] --- Type 0000:40 (SecureChannel:StatusReport) (B:34)[0m
[0;32m[1784656201.185] [10483:10483] [EM] ??1 [E:10634r S:0 M:15932530] (U) Msg Retransmission to 0:0000000000000000 scheduled for 353ms from now [State:Active II:500 AI:300 AT:4000][0m
[0;32m[1784656201.185] [10483:10483] [SC] SecureSession[0x55ecec91e920, LSID:26956]: State change 'kEstablishing' --> 'kActive'[0m
[0;34m[1784656201.185] [10483:10483] [IN] SecureSession[0x55ecec91e920]: Activated - Type:2 LSID:26956[0m
[0;34m[1784656201.185] [10483:10483] [IN] New secure session activated for device <000000000001B669, 1>, LSID:26956 PSID:48685![0m
[0;32m[1784656201.185] [10483:10483] [IN] CASE Session established to peer: <000000000001B669, 1>[0m
[0;34m[1784656201.185] [10483:10483] [IN] SecureSession[0x55ecec920f70]: Allocated Type:2 LSID:26957[0m
[0;34m[1784656201.185] [10483:10483] [SC] Allocated SecureSession (0x55ecec920f70) - waiting for Sigma1 msg[0m
[0;32m[1784656201.186] [10483:10483] [EM] >>> [E:10635r S:26956 M:141338882] (S) Msg RX from 1:000000000001B669 [7259] to 0000000000000001 --- Type 0001:02 (IM:ReadRequest) (B:51)[0m
[0;34m[1784656201.186] [10483:10483] [EM] Handling via exchange: 10635r, Delegate: 0x55ecb0b54ac8[0m
[0;34m[1784656201.187] [10483:10483] [IM] Received Read request[0m
[0;34m[1784656201.187] [10483:10483] [DMG] ReadRequestMessage =[0m
[0;34m[1784656201.187] [10483:10483] [DMG] {[0m
[0;34m[1784656201.187] [10483:10483] [DMG] 	AttributePathIBs =[0m
[0;34m[1784656201.187] [10483:10483] [DMG] 	[[0m
[0;34m[1784656201.187] [10483:10483] [DMG] 		AttributePathIB =[0m
[0;34m[1784656201.187] [10483:10483] [DMG] 		{[0m
[0;34m[1784656201.187] [10483:10483] [DMG] 			Endpoint = 0x0,[0m
[0;34m[1784656201.187] [10483:10483] [DMG] 			Cluster = 0x3e,[0m
[0;34m[1784656201.187] [10483:10483] [DMG] 			Attribute = 0x0000_0004,[0m
[0;34m[1784656201.187] [10483:10483] [DMG] 		}[0m
[0;34m[1784656201.187] [10483:10483] [DMG] 			[0m
[0;34m[1784656201.187] [10483:10483] [DMG] 	],[0m
[0;34m[1784656201.187] [10483:10483] [DMG] 		[0m
[0;34m[1784656201.187] [10483:10483] [DMG] 	isFabricFiltered = true, [0m
[0;34m[1784656201.187] [10483:10483] [DMG] 	InteractionModelRevision = 12[0m
[0;34m[1784656201.187] [10483:10483] [DMG] },[0m
[0;34m[1784656201.187] [10483:10483] [DMG] IM RH moving to [CanStartReporting][0m
[0;34m[1784656201.187] [10483:10483] [DMG] Building Reports for ReadHandler with LastReportGeneration = 0x0000000000000000 DirtyGeneration = 0x0000000000000000[0m
[0;34m[1784656201.187] [10483:10483] [DMG] <RE:Run> Cluster 3e, Attribute 4 is dirty[0m
[0;32m[1784656201.187] [10483:10483] [DMG] AccessControl: checking f=1 a=c s=0x000000000001B669 t= c=0x0000_003E e=0 p=v r=r[0m
[0;32m[1784656201.187] [10483:10483] [DMG] AccessControl: allowed[0m
[0;32m[1784656201.187] [10483:10483] [DMG] AccessControl: checking f=1 a=c s=0x000000000001B669 t= c=0x0000_003E e=0 p=v r=r[0m
[0;32m[1784656201.187] [10483:10483] [DMG] AccessControl: allowed[0m
[0;34m[1784656201.187] [10483:10483] [DMG] Reading attribute: Cluster=0x0000_003E Endpoint=0x0 AttributeId=0x0000_0004 (expanded=0)[0m
[0;34m[1784656201.187] [10483:10483] [DMG] <RE> Sending report (payload has 269 bytes)...[0m
[0;32m[1784656201.187] [10483:10483] [EM] <<< [E:10635r S:26956 M:220719491 (Ack:141338882)] (S) Msg TX from 0000000000000001 to 1:000000000001B669 [7259] [UDP:[fe80::bfe:a203:38f0:bce7%enp0s3]:51744] --- Type 0001:05 (IM:ReportData) (B:303)[0m
[0;32m[1784656201.187] [10483:10483] [EM] ??1 [E:10635r S:26956 M:220719491] (S) Msg Retransmission to 1:000000000001B669 scheduled for 401ms from now [State:Active II:500 AI:300 AT:4000][0m
[0;34m[1784656201.187] [10483:10483] [DMG] <RE> OnReportConfirm: NumReports = 0[0m
[0;34m[1784656201.187] [10483:10483] [DMG] <RE> ReportsInFlight = 0 with readHandler 0, RE has no more messages[0m
[0;34m[1784656201.187] [10483:10483] [DMG] IM RH moving to [AwaitingDestruction][0m
[0;34m[1784656201.187] [10483:10483] [DMG] All ReadHandler-s are clean, clear GlobalDirtySet[0m
[0;32m[1784656201.187] [10483:10483] [EM] >>> [E:10634r S:0 M:198198868 (Ack:15932530)] (U) Msg RX from 0:C8055D8495816A69 [0000] to 0000000000000000 --- Type 0000:10 (SecureChannel:StandaloneAck) (B:26)[0m
[0;34m[1784656201.187] [10483:10483] [EM] Found matching exchange: 10634r, Delegate: (nil)[0m
[0;34m[1784656201.187] [10483:10483] [EM] Rxd Ack; Removing MessageCounter:15932530 from Retrans Table on exchange 10634r[0m
[0;32m[1784656201.187] [10483:10483] [EM] >>> [E:10635r S:26956 M:141338883 (Ack:220719491)] (S) Msg RX from 1:000000000001B669 [7259] to 0000000000000001 --- Type 0000:10 (SecureChannel:StandaloneAck) (B:34)[0m
[0;34m[1784656201.187] [10483:10483] [EM] Found matching exchange: 10635r, Delegate: (nil)[0m
[0;34m[1784656201.187] [10483:10483] [EM] Rxd Ack; Removing MessageCounter:220719491 from Retrans Table on exchange 10635r[0m
[0;32m[1784656201.486] [10483:10483] [EM] >>> [E:4367r S:0 M:189140211] (U) Msg RX from 0:802A90934F64B75E [0000] to 0000000000000000 --- Type 0000:30 (SecureChannel:CASE_Sigma1) (B:196)[0m
[0;34m[1784656201.486] [10483:10483] [EM] Handling via exchange: 4367r, Delegate: 0x55ecb0b4a5f8[0m
[0;32m[1784656201.486] [10483:10483] [IN] CASE Server received Sigma1 message . Starting handshake. EC 0x55ecec914ac0[0m
[0;32m[1784656201.486] [10483:10483] [SC] Received Sigma1 msg[0m
[0;34m[1784656201.486] [10483:10483] [SC] Found MRP parameters in the message[0m
[0;34m[1784656201.486] [10483:10483] [SC] Peer (Initiator) assigned session ID 35939[0m
[0;32m[1784656201.486] [10483:10483] [SC] CASE matched destination ID: fabricIndex 1, NodeID 0x0000000000000001[0m
[0;32m[1784656201.487] [10483:10483] [EM] <<< [E:4367r S:0 M:15932531 (Ack:189140211)] (U) Msg TX from 0000000000000000 to 0:802A90934F64B75E [0000] [UDP:[fe80::bfe:a203:38f0:bce7%enp0s3]:36300] --- Type 0000:31 (SecureChannel:CASE_Sigma2) (B:751)[0m
[0;32m[1784656201.487] [10483:10483] [EM] ??1 [E:4367r S:0 M:15932531] (U) Msg Retransmission to 0:0000000000000000 scheduled for 351ms from now [State:Active II:500 AI:300 AT:4000][0m
[0;32m[1784656201.487] [10483:10483] [SC] Sent Sigma2 msg[0m
[0;32m[1784656201.488] [10483:10483] [EM] >>> [E:4367r S:0 M:189140212 (Ack:15932531)] (U) Msg RX from 0:802A90934F64B75E [0000] to 0000000000000000 --- Type 0000:32 (SecureChannel:CASE_Sigma3) (B:598)[0m
[0;34m[1784656201.488] [10483:10483] [EM] Found matching exchange: 4367r, Delegate: 0x55ecb0b4a630[0m
[0;34m[1784656201.488] [10483:10483] [EM] Rxd Ack; Removing MessageCounter:15932531 from Retrans Table on exchange 4367r[0m
[0;32m[1784656201.488] [10483:10483] [SC] Received Sigma3 msg[0m
[1;31m[1784656201.488] [10483:10483] [SC] The device does not support GetClock_RealTimeMS() API: src/protocols/secure_channel/CASESession.cpp:2276: CHIP Error 0x0000006C: Required feature not supported by this configuration.  Falling back to Last Known Good UTC Time[0m
[0;34m[1784656201.494] [10483:10483] [DL] Wrote settings to /tmp/chip_kvs_test[0m
[0;34m[1784656201.496] [10483:10483] [DL] Wrote settings to /tmp/chip_kvs_test[0m
[0;34m[1784656201.498] [10483:10483] [DL] Wrote settings to /tmp/chip_kvs_test[0m
[0;34m[1784656201.498] [10483:10483] [SC] Sending status report. Protocol code 0, exchange 4367[0m
[0;32m[1784656201.498] [10483:10483] [EM] <<< [E:4367r S:0 M:15932532 (Ack:189140212)] (U) Msg TX from 0000000000000000 to 0:802A90934F64B75E [0000] [UDP:[fe80::bfe:a203:38f0:bce7%enp0s3]:36300] --- Type 0000:40 (SecureChannel:StatusReport) (B:34)[0m
[0;32m[1784656201.499] [10483:10483] [EM] ??1 [E:4367r S:0 M:15932532] (U) Msg Retransmission to 0:0000000000000000 scheduled for 365ms from now [State:Active II:500 AI:300 AT:4000][0m
[0;32m[1784656201.499] [10483:10483] [SC] SecureSession[0x55ecec920f70, LSID:26957]: State change 'kEstablishing' --> 'kActive'[0m
[0;34m[1784656201.499] [10483:10483] [IN] SecureSession[0x55ecec920f70]: Activated - Type:2 LSID:26957[0m
[0;34m[1784656201.499] [10483:10483] [IN] New secure session activated for device <000000000001B669, 1>, LSID:26957 PSID:35939![0m
[0;32m[1784656201.499] [10483:10483] [IN] CASE Session established to peer: <000000000001B669, 1>[0m
[0;34m[1784656201.499] [10483:10483] [IN] SecureSession[0x55ecec920c60]: Allocated Type:2 LSID:26958[0m
[0;34m[1784656201.499] [10483:10483] [SC] Allocated SecureSession (0x55ecec920c60) - waiting for Sigma1 msg[0m
[0;32m[1784656201.501] [10483:10483] [EM] >>> [E:4368r S:26957 M:263700127] (S) Msg RX from 1:000000000001B669 [7259] to 0000000000000001 --- Type 0001:08 (IM:InvokeCommandRequest) (B:330)[0m
[0;34m[1784656201.501] [10483:10483] [EM] Handling via exchange: 4368r, Delegate: 0x55ecb0b54ac8[0m
[0;34m[1784656201.501] [10483:10483] [DMG] InvokeRequestMessage =[0m
[0;34m[1784656201.501] [10483:10483] [DMG] {[0m
[0;34m[1784656201.501] [10483:10483] [DMG] 	suppressResponse = false, [0m
[0;34m[1784656201.501] [10483:10483] [DMG] 	timedRequest = false, [0m
[0;34m[1784656201.501] [10483:10483] [DMG] 	InvokeRequests =[0m
[0;34m[1784656201.501] [10483:10483] [DMG] 	[[0m
[0;34m[1784656201.501] [10483:10483] [DMG] 		CommandDataIB =[0m
[0;34m[1784656201.501] [10483:10483] [DMG] 		{[0m
[0;34m[1784656201.501] [10483:10483] [DMG] 			CommandPathIB =[0m
[0;34m[1784656201.501] [10483:10483] [DMG] 			{[0m
[0;34m[1784656201.501] [10483:10483] [DMG] 				EndpointId = 0x0,[0m
[0;34m[1784656201.501] [10483:10483] [DMG] 				ClusterId = 0x3e,[0m
[0;34m[1784656201.501] [10483:10483] [DMG] 				CommandId = 0x7,[0m
[0;34m[1784656201.501] [10483:10483] [DMG] 			},[0m
[0;34m[1784656201.501] [10483:10483] [DMG] 			[0m
[0;34m[1784656201.501] [10483:10483] [DMG] 			CommandFields = [0m
[0;34m[1784656201.501] [10483:10483] [DMG] 			{[0m
[0;34m[1784656201.501] [10483:10483] [DMG] 				0x0 = [[0m
[0;34m[1784656201.501] [10483:10483] [DMG] 						0x15, 0x30, 0x01, 0x14, 0x4b, 0xa9, 0x04, 0x56, 0xfd, 0x5d, 0x21, 0x8b, 0x70, 0xe8, 0xe6, 0x4a, 0x8b, 0x6a, 0x8d, 0xba, 0x7f, 0xfd, 0x8e, 0x4e, 0x24, 0x02, 0x01, 0x37, 0x03, 0x24, 0x14, 0x01, 0x18, 0x26, 0x04, 0x80, 0x9d, 0x9e, 0x25, 0x26, 0x05, 0xff, 0xd0, 0x7f, 0x27, 0x37, 0x06, 0x27, 0x11, 0x88, 0x77, 0x66, 0x55, 0x44, 0x33, 0x22, 0x11, 0x24, 0x15, 0x01, 0x18, 0x24, 0x07, 0x01, 0x24, 0x08, 0x01, 0x30, 0x09, 0x41, 0x04, 0x81, 0xf0, 0x75, 0xde, 0xc9, 0x62, 0x2e, 0x7e, 0xda, 0x69, 0x71, 0x49, 0x0d, 0xb9, 0x9c, 0xf9, 0xcb, 0x2a, 0xd2, 0x3d, 0xe5, 0xad, 0xa5, 0x68, 0xfc, 0xe3, 0x8d, 0x7a, 0x7d, 0x72, 0x84, 0x55, 0xbe, 0x0d, 0xc6, 0x5a, 0x0d, 0xeb, 0xe9, 0xad, 0xdb, 0x22, 0x94, 0x37, 0x99, 0x5f, 0x51, 0xc0, 0xb3, 0x98, 0x71, 0x01, 0xea, 0x7a, 0x97, 0x6f, 0x01, 0xe1, 0x19, 0xc9, 0xcc, 0x84, 0xf3, 0xbf, 0x37, 0x0a, 0x35, 0x01, 0x28, 0x01, 0x18, 0x24, 0x02, 0x01, 0x36, 0x03, 0x04, 0x01, 0x04, 0x02, 0x18, 0x30, 0x04, 0x14, 0xf5, 0x33, 0x7f, 0x76, 0x5b, 0x6b, 0x1f, 0xc0, 0xe3, 0x04, 0xf5, 0xb3, 0xc7, 0x45, 0xec, 0xee, 0xe0, 0x56, 0x7d, 0x2a, 0x30, 0x05, 0x14, 0x68, 0xe9, 0xb8, 0x29, 0x7b, 0x27, 0xf0, 0xd4, 0xb3, 0xcf, 0xa5, 0x20, 0x10, 0x74, 0xd8, 0xed, 0x93, 0xb8, 0x5d, 0x73, 0x18, 0x30, 0x0b, 0x40, 0x12, 0xa7, 0x6c, 0xff, 0xfd, 0x8b, 0xbe, 0x16, 0xac, 0x10, 0x7a, 0xde, 0xd3, 0xb6, 0xbc, 0xcc, 0x6d, 0x4a, 0x60, 0x0e, 0xd2, 0xcf, 0x3a, 0x86, 0xb0, 0xe4, 0x4d, 0x27, 0xf8, 0xb9, 0x7f, 0x57, 0x34, 0xb0, 0x05, 0x28, 0x15, 0xda, 0xce, 0xcd, 0xb8, 0x20, 0x9c, 0x4a, 0x64, 0xd6, 0xb4, 0xb8, 0x82, 0xaa, 0xee, 0xa6, 0xd7, 0x78, 0x5f, 0x1f, 0x1e, 0x93, 0x98, 0x64, 0x24, 0x83, 0xc6, 0x4f, 0x18, [0m
[0;34m[1784656201.501] [10483:10483] [DMG] 				] (267 bytes)[0m
[0;34m[1784656201.501] [10483:10483] [DMG] 			},[0m
[0;34m[1784656201.501] [10483:10483] [DMG] 		},[0m
[0;34m[1784656201.501] [10483:10483] [DMG] 		[0m
[0;34m[1784656201.501] [10483:10483] [DMG] 	],[0m
[0;34m[1784656201.501] [10483:10483] [DMG] 	[0m
[0;34m[1784656201.501] [10483:10483] [DMG] 	InteractionModelRevision = 12[0m
[0;34m[1784656201.501] [10483:10483] [DMG] },[0m
[0;32m[1784656201.501] [10483:10483] [DMG] AccessControl: checking f=1 a=c s=0x000000000001B669 t= c=0x0000_003E e=0 p=o r=i[0m
[0;32m[1784656201.501] [10483:10483] [DMG] AccessControl: allowed[0m
[0;32m[1784656201.501] [10483:10483] [DMG] AccessControl: checking f=1 a=c s=0x000000000001B669 t= c=0x0000_003E e=0 p=a r=i[0m
[0;32m[1784656201.501] [10483:10483] [DMG] AccessControl: allowed[0m
[0;34m[1784656201.501] [10483:10483] [DMG] Received command for Endpoint=0 Cluster=0x0000_003E Command=0x0000_0007[0m
[0;32m[1784656201.501] [10483:10483] [ZCL] OpCreds: Received an UpdateNOC command[0m
[0;32m[1784656201.502] [10483:10483] [FP] Validating NOC chain[0m
[0;32m[1784656201.502] [10483:10483] [FP] NOC chain validation successful[0m
[0;32m[1784656201.502] [10483:10483] [FP] Updated fabric at index: 0x1, Node ID: 0x1122334455667788[0m
[0;32m[1784656201.502] [10483:10483] [TS] Last Known Good Time: 2023-10-14T01:16:48[0m
[0;32m[1784656201.502] [10483:10483] [TS] New proposed Last Known Good Time: 2021-01-01T00:00:00[0m
[0;32m[1784656201.502] [10483:10483] [TS] Retaining current Last Known Good Time[0m
[0;34m[1784656201.504] [10483:10483] [DL] Wrote settings to /tmp/chip_kvs_test[0m
[0;34m[1784656201.506] [10483:10483] [DL] Wrote settings to /tmp/chip_kvs_test[0m
[0;34m[1784656201.508] [10483:10483] [DL] Wrote settings to /tmp/chip_kvs_test[0m
[0;32m[1784656201.508] [10483:10483] [DIS] Updating services using commissioning mode 0[0m
[0;32m[1784656201.508] [10483:10483] [DIS] CHIP minimal mDNS started advertising.[0m
[0;34m[1784656201.509] [10483:10483] [DL] Using WiFi MAC for hostname[0m
[0;32m[1784656201.509] [10483:10483] [DIS] Advertise operational node EEA9888CBF4D7259-1122334455667788[0m
[0;34m[1784656201.509] [10483:10483] [DIS] Responding with _matter._tcp.local[0m
[0;34m[1784656201.509] [10483:10483] [DIS] Responding with EEA9888CBF4D7259-1122334455667788._matter._tcp.local[0m
[0;34m[1784656201.509] [10483:10483] [DIS] Responding with EEA9888CBF4D7259-1122334455667788._matter._tcp.local[0m
[0;34m[1784656201.509] [10483:10483] [DIS] Responding with 080027AE1A43.local[0m
[0;34m[1784656201.509] [10483:10483] [DIS] Responding with 080027AE1A43.local[0m
[0;34m[1784656201.509] [10483:10483] [DIS] Responding with _IEEA9888CBF4D7259._sub._matter._tcp.local[0m
[0;32m[1784656201.509] [10483:10483] [DIS] CHIP minimal mDNS configured as 'Operational device'; instance name: EEA9888CBF4D7259-1122334455667788.[0m
[0;32m[1784656201.510] [10483:10483] [DIS] mDNS service published: _matter._tcp[0m
[0;34m[1784656201.510] [10483:10483] [DMG] Command handler moving to [NewRespons][0m
[0;34m[1784656201.510] [10483:10483] [DMG] Command handler moving to [ Preparing][0m
[0;34m[1784656201.510] [10483:10483] [DMG] Command handler moving to [AddingComm][0m
[0;34m[1784656201.510] [10483:10483] [DMG] Command handler moving to [AddedComma][0m
[0;32m[1784656201.510] [10483:10483] [ZCL] OpCreds: UpdateNOC successful.[0m
[0;34m[1784656201.510] [10483:10483] [IN] Expiring all sessions for fabric 0x1!![0m
[0;34m[1784656201.510] [10483:10483] [IN] SecureSession[0x55ecec902da0]: MarkForEviction Type:2 LSID:26953[0m
[0;32m[1784656201.510] [10483:10483] [SC] SecureSession[0x55ecec902da0, LSID:26953]: State change 'kActive' --> 'kPendingEviction'[0m
[0;34m[1784656201.510] [10483:10483] [IN] SecureSession[0x55ecec902da0]: Released - Type:2 LSID:26953[0m
[0;34m[1784656201.510] [10483:10483] [IN] SecureSession[0x55ecec91ddf0]: MarkForEviction Type:2 LSID:26954[0m
[0;32m[1784656201.510] [10483:10483] [SC] SecureSession[0x55ecec91ddf0, LSID:26954]: State change 'kActive' --> 'kPendingEviction'[0m
[0;34m[1784656201.510] [10483:10483] [IN] SecureSession[0x55ecec91ddf0]: Released - Type:2 LSID:26954[0m
[0;34m[1784656201.510] [10483:10483] [IN] SecureSession[0x55ecec902890]: MarkForEviction Type:2 LSID:26955[0m
[0;32m[1784656201.510] [10483:10483] [SC] SecureSession[0x55ecec902890, LSID:26955]: State change 'kActive' --> 'kPendingEviction'[0m
[0;34m[1784656201.510] [10483:10483] [IN] SecureSession[0x55ecec902890]: Released - Type:2 LSID:26955[0m
[0;34m[1784656201.510] [10483:10483] [IN] SecureSession[0x55ecec91e920]: MarkForEviction Type:2 LSID:26956[0m
[0;32m[1784656201.510] [10483:10483] [SC] SecureSession[0x55ecec91e920, LSID:26956]: State change 'kActive' --> 'kPendingEviction'[0m
[0;34m[1784656201.510] [10483:10483] [IN] SecureSession[0x55ecec91e920]: Released - Type:2 LSID:26956[0m
[0;34m[1784656201.510] [10483:10483] [IN] SecureSession[0x55ecec920f70]: MarkForEviction Type:2 LSID:26957[0m
[0;32m[1784656201.510] [10483:10483] [SC] SecureSession[0x55ecec920f70, LSID:26957]: State change 'kActive' --> 'kPendingEviction'[0m
[0;34m[1784656201.510] [10483:10483] [DMG] Decreasing reference count for CommandHandlerImpl, remaining 1[0m
[0;34m[1784656201.510] [10483:10483] [DMG] Decreasing reference count for CommandHandlerImpl, remaining 0[0m
[0;34m[1784656201.510] [10483:10483] [DMG] Command handler moving to [AwaitingDe][0m
[0;32m[1784656201.510] [10483:10483] [EM] <<< [E:4368r S:26957 M:112905885 (Ack:263700127)] (S) Msg TX from 0000000000000001 to 1:000000000001B669 [7259] [UDP:[fe80::bfe:a203:38f0:bce7%enp0s3]:36300] --- Type 0001:09 (IM:InvokeCommandResponse) (B:70)[0m
[0;32m[1784656201.510] [10483:10483] [EM] ??1 [E:4368r S:26957 M:112905885] (S) Msg Retransmission to 1:000000000001B669 scheduled for 347ms from now [State:Active II:500 AI:300 AT:4000][0m
[0;34m[1784656201.510] [10483:10483] [DMG] Command response sender moving to [AllInvokeR][0m
[0;32m[1784656201.510] [10483:10483] [EM] >>> [E:4367r S:0 M:189140213 (Ack:15932532)] (U) Msg RX from 0:802A90934F64B75E [0000] to 0000000000000000 --- Type 0000:10 (SecureChannel:StandaloneAck) (B:26)[0m
[0;34m[1784656201.510] [10483:10483] [EM] Found matching exchange: 4367r, Delegate: (nil)[0m
[0;34m[1784656201.510] [10483:10483] [EM] Rxd Ack; Removing MessageCounter:15932532 from Retrans Table on exchange 4367r[0m
[0;32m[1784656201.510] [10483:10483] [EM] >>> [E:4368r S:26957 M:263700128 (Ack:112905885)] (S) Msg RX from 1:000000000001B669 [7259] to 0000000000000001 --- Type 0000:10 (SecureChannel:StandaloneAck) (B:34)[0m
[0;34m[1784656201.510] [10483:10483] [EM] Found matching exchange: 4368r, Delegate: (nil)[0m
[0;34m[1784656201.510] [10483:10483] [EM] Rxd Ack; Removing MessageCounter:112905885 from Retrans Table on exchange 4368r[0m
[0;34m[1784656201.510] [10483:10483] [IN] SecureSession[0x55ecec920f70]: Released - Type:2 LSID:26957[0m
[0;32m[1784656201.791] [10483:10483] [EM] >>> [E:34399r S:0 M:48299528] (U) Msg RX from 0:B585F5E75D381183 [0000] to 0000000000000000 --- Type 0000:30 (SecureChannel:CASE_Sigma1) (B:196)[0m
[0;34m[1784656201.791] [10483:10483] [EM] Handling via exchange: 34399r, Delegate: 0x55ecb0b4a5f8[0m
[0;32m[1784656201.791] [10483:10483] [IN] CASE Server received Sigma1 message . Starting handshake. EC 0x55ecec921980[0m
[0;32m[1784656201.791] [10483:10483] [SC] Received Sigma1 msg[0m
[0;34m[1784656201.791] [10483:10483] [SC] Found MRP parameters in the message[0m
[0;34m[1784656201.791] [10483:10483] [SC] Peer (Initiator) assigned session ID 16978[0m
[0;32m[1784656201.791] [10483:10483] [SC] CASE matched destination ID: fabricIndex 1, NodeID 0x1122334455667788[0m
[0;32m[1784656201.792] [10483:10483] [EM] <<< [E:34399r S:0 M:15932533 (Ack:48299528)] (U) Msg TX from 0000000000000000 to 0:B585F5E75D381183 [0000] [UDP:[fe80::bfe:a203:38f0:bce7%enp0s3]:36102] --- Type 0000:31 (SecureChannel:CASE_Sigma2) (B:544)[0m
[0;32m[1784656201.792] [10483:10483] [EM] ??1 [E:34399r S:0 M:15932533] (U) Msg Retransmission to 0:0000000000000000 scheduled for 371ms from now [State:Active II:500 AI:300 AT:4000][0m
[0;32m[1784656201.792] [10483:10483] [SC] Sent Sigma2 msg[0m
[0;32m[1784656201.792] [10483:10483] [EM] >>> [E:34399r S:0 M:48299529 (Ack:15932533)] (U) Msg RX from 0:B585F5E75D381183 [0000] to 0000000000000000 --- Type 0000:40 (SecureChannel:StatusReport) (B:34)[0m
[0;34m[1784656201.792] [10483:10483] [EM] Found matching exchange: 34399r, Delegate: 0x55ecb0b4a630[0m
[0;34m[1784656201.792] [10483:10483] [EM] Rxd Ack; Removing MessageCounter:15932533 from Retrans Table on exchange 34399r[0m
[1;31m[1784656201.792] [10483:10483] [SC] Received error (protocol code 2) during pairing process: src/protocols/secure_channel/CASESession.cpp:2346: CHIP Error 0x00000054: Invalid CASE parameter[0m
[1;31m[1784656201.792] [10483:10483] [IN] CASE Session establishment failed: src/protocols/secure_channel/CASESession.cpp:2346: CHIP Error 0x00000054: Invalid CASE parameter[0m
[0;34m[1784656201.792] [10483:10483] [IN] SecureSession[0x55ecec920c60]: Released - Type:2 LSID:26958[0m
[0;34m[1784656201.792] [10483:10483] [IN] SecureSession[0x55ecec920c60]: Allocated Type:2 LSID:26959[0m
[0;34m[1784656201.792] [10483:10483] [SC] Allocated SecureSession (0x55ecec920c60) - waiting for Sigma1 msg[0m
[0;32m[1784656201.792] [10483:10483] [EM] <<< [E:34399r S:0 M:15932534 (Ack:48299529)] (U) Msg TX from 0000000000000000 to 0:B585F5E75D381183 [0000] [UDP:[fe80::bfe:a203:38f0:bce7%enp0s3]:36102] --- Type 0000:10 (SecureChannel:StandaloneAck) (B:26)[0m
[0;34m[1784656201.793] [10483:10483] [EM] Flushed pending ack for MessageCounter:48299529 on exchange 34399r[0m
[0;34m[1784656201.811] [10483:10483] [ZCL] Emitting ShutDown event[0m
[0;34m[1784656201.811] [10483:10483] [EVL] LogEvent event number: 0x0000000000000005 priority: 2, endpoint id:  0x0 cluster id: 0x0000_0028 event id: 0x1 Epoch timestamp: 0x0000019F85CC8853[0m
[0;34m[1784656201.811] [10483:10483] [DMG] All ReadHandler-s are clean, clear GlobalDirtySet[0m
[0;34m[1784656201.811] [10483:10483] [IN] SecureSession[0x55ecec920c60]: Released - Type:2 LSID:26959[0m
[0;34m[1784656201.813] [10483:10483] [DMG] All ReadHandler-s are clean, clear GlobalDirtySet[0m
[0;32m[1784656201.813] [10483:10483] [DMG] AccessControl: finishing[0m
[0;32m[1784656201.813] [10483:10483] [DMG] Examples::AccessControlDelegate::Finish[0m
[0;34m[1784656201.815] [10483:10483] [DL] Wrote settings to /tmp/chip_counters.ini[0m
[0;32m[1784656201.815] [10483:10483] [DL] NVS set: chip-counters/total-operational-hours = 0 (0x0)[0m
[0;32m[1784656201.815] [10483:10483] [DL] Inet Layer shutdown[0m
[0;32m[1784656201.815] [10483:10483] [DL] BLE Layer shutdown[0m
[0;32m[1784656201.815] [10483:10483] [DL] WiFi-PAF Layer shutdown[0m
[0;32m[1784656201.815] [10483:10483] [PAF] WiFiPAF: Closing all WiFiPAF sessions to shutdown[0m
[0;32m[1784656201.815] [10483:10483] [DL] System Layer shutdown[0m
[0;32m[1784656201.816] [10483:10483] [DMG] TLSClientManagementCluster: shutdown[0m
[0;32m[1784656201.816] [10483:10483] [DMG] TLSCertificateManagementCluster: shutdown[0m
[0;32m[1784656201.816] [10483:10483] [DMG] AccessControlCluster: shutdown[0m
[0;32m[1784656201.816] [10483:10483] [BDX] Stop polling for messages[0m
