[0;34m[1784655510.029] [8386:8386] [DL] ChipLinuxStorage::Init: Using KVS config file: /tmp/chip_kvs_test[0m
[0;34m[1784655510.031] [8386:8386] [DL] Wrote settings to /tmp/chip_kvs_test[0m
[1;31m[1784655510.032] [8386:8386] [DL] ChipLinuxStorage::Init: Attempt to re-initialize with KVS config file: /tmp/chip_kvs, IGNORING.[0m
[0;34m[1784655510.033] [8386:8386] [DL] ChipLinuxStorage::Init: Using KVS config file: /tmp/chip_factory.ini[0m
[0;34m[1784655510.035] [8386:8386] [DL] Wrote settings to /tmp/chip_factory.ini[0m
[0;34m[1784655510.035] [8386:8386] [DL] ChipLinuxStorage::Init: Using KVS config file: /tmp/chip_config.ini[0m
[0;34m[1784655510.037] [8386:8386] [DL] Wrote settings to /tmp/chip_config.ini[0m
[0;34m[1784655510.037] [8386:8386] [DL] ChipLinuxStorage::Init: Using KVS config file: /tmp/chip_counters.ini[0m
[0;34m[1784655510.039] [8386:8386] [DL] Wrote settings to /tmp/chip_counters.ini[0m
[0;34m[1784655510.041] [8386:8386] [DL] Wrote settings to /tmp/chip_config.ini[0m
[0;32m[1784655510.041] [8386:8386] [DL] NVS set: chip-config/unique-id = "29C669A461682CFB"[0m
[0;34m[1784655510.043] [8386:8386] [DL] Wrote settings to /tmp/chip_factory.ini[0m
[0;32m[1784655510.043] [8386:8386] [DL] NVS set: chip-factory/vendor-id = 65521 (0xFFF1)[0m
[0;34m[1784655510.045] [8386:8386] [DL] Wrote settings to /tmp/chip_factory.ini[0m
[0;32m[1784655510.045] [8386:8386] [DL] NVS set: chip-factory/product-id = 32769 (0x8001)[0m
[0;34m[1784655510.047] [8386:8386] [DL] Wrote settings to /tmp/chip_counters.ini[0m
[0;32m[1784655510.047] [8386:8386] [DL] NVS set: chip-counters/reboot-count = 1 (0x1)[0m
[0;34m[1784655510.050] [8386:8386] [DL] Wrote settings to /tmp/chip_counters.ini[0m
[0;32m[1784655510.050] [8386:8386] [DL] NVS set: chip-counters/total-operational-hours = 0 (0x0)[0m
[0;34m[1784655510.052] [8386:8386] [DL] Wrote settings to /tmp/chip_counters.ini[0m
[0;32m[1784655510.052] [8386:8386] [DL] NVS set: chip-counters/boot-reason = 0 (0x0)[0m
[0;34m[1784655510.054] [8386:8386] [DL] Wrote settings to /tmp/chip_config.ini[0m
[0;32m[1784655510.054] [8386:8386] [DL] NVS set: chip-config/regulatory-location = 0 (0x0)[0m
[0;34m[1784655510.056] [8386:8386] [DL] Wrote settings to /tmp/chip_config.ini[0m
[0;32m[1784655510.056] [8386:8386] [DL] NVS set: chip-config/location-capability = 2 (0x2)[0m
[0;34m[1784655510.058] [8386:8386] [DL] Wrote settings to /tmp/chip_config.ini[0m
[0;32m[1784655510.058] [8386:8386] [DL] NVS set: chip-config/configuration-version = 1 (0x1)[0m
[0;32m[1784655510.058] [8386:8386] [DL] Got Ethernet interface: enp0s3[0m
[0;32m[1784655510.059] [8386:8386] [DL] Found the primary Ethernet interface:enp0s3[0m
[1;31m[1784655510.059] [8386:8386] [DL] Failed to get WiFi interface[0m
[1;31m[1784655510.059] [8386:8386] [DL] Failed to reset WiFi statistic counts[0m
[0;32m[1784655510.059] [8386:8386] [PAF] WiFiPAF: WiFiPAFLayer::Init()[0m
[1;31m[1784655510.059] [8386:8386] [-] *** WARNING: Using temporary passcode 20202021 due to no neither --passcode or --spake2p-verifier-base64 given on command line or factory configuration. This is temporary and will disappear. Please update your scripts to explicitly configure onboarding credentials. ***[0m
[1;31m[1784655510.059] [8386:8386] [-] *** WARNING: Using temporary test discriminator 3840 due to --discriminator not given on command line or factory configuration. This is temporary and will disappear. Please update your scripts to explicitly configure onboarding credentials. ***[0m
[0;32m[1784655510.059] [8386:8386] [SPT] LinuxCommissionableDataProvider didn't get a PASE salt, generating one.[0m
[0;32m[1784655510.060] [8386:8386] [DL] Device Configuration:[0m
[0;32m[1784655510.060] [8386:8386] [DL]   Serial Number: TEST_SN[0m
[0;32m[1784655510.060] [8386:8386] [DL]   Vendor Id: 65521 (0xFFF1)[0m
[0;32m[1784655510.060] [8386:8386] [DL]   Product Id: 32769 (0x8001)[0m
[0;32m[1784655510.060] [8386:8386] [DL]   Product Name: TEST_PRODUCT[0m
[0;32m[1784655510.060] [8386:8386] [DL]   Hardware Version: 0[0m
[0;32m[1784655510.060] [8386:8386] [DL]   Setup Pin Code (0 for UNKNOWN/ERROR): 20202021[0m
[0;32m[1784655510.060] [8386:8386] [DL]   Setup Discriminator (0xFFFF for UNKNOWN/ERROR): 3840 (0xF00)[0m
[0;32m[1784655510.060] [8386:8386] [DL]   Manufacturing Date: (not set)[0m
[0;32m[1784655510.060] [8386:8386] [DL]   Device Type: 257 (0x101)[0m
[0;32m[1784655510.060] [8386:8386] [-] ==== Onboarding payload for Standard Commissioning Flow ====[0m
[0;32m[1784655510.060] [8386:8386] [SVR] SetupQRCode: [MT:-24J042C00KA0648G00][0m
[0;32m[1784655510.060] [8386:8386] [SVR] Copy/paste the below URL in a browser to see the QR Code:[0m
[0;32m[1784655510.060] [8386:8386] [SVR] https://project-chip.github.io/connectedhomeip/qrcode.html?data=MT%3A-24J042C00KA0648G00[0m
[0;32m[1784655510.060] [8386:8386] [SVR] Manual pairing code: [34970112332][0m
[0;32m[1784655510.060] [8386:8386] [SVR] Initializing subscription resumption storage...[0m
[0;34m[1784655510.062] [8386:8386] [DL] Wrote settings to /tmp/chip_kvs_test[0m
[0;32m[1784655510.062] [8386:8386] [SVR] Server initializing...[0m
[0;34m[1784655510.062] [8386:8386] [FP] Initializing FabricTable from persistent storage[0m
[0;32m[1784655510.062] [8386:8386] [TS] Last Known Good Time: [unknown][0m
[0;32m[1784655510.062] [8386:8386] [TS] Setting Last Known Good Time to firmware build time 2023-10-14T01:16:48[0m
[0;34m[1784655510.064] [8386:8386] [DL] Wrote settings to /tmp/chip_kvs_test[0m
[0;32m[1784655510.064] [8386:8386] [DMG] AccessControl: initializing[0m
[0;32m[1784655510.064] [8386:8386] [DMG] Examples::AccessControlDelegate::Init[0m
[0;32m[1784655510.064] [8386:8386] [DMG] AccessControl: setting[0m
[0;32m[1784655510.064] [8386:8386] [DMG] DefaultAclStorage: initializing[0m
[0;32m[1784655510.064] [8386:8386] [DMG] DefaultAclStorage: 0 entries loaded[0m
[0;34m[1784655510.064] [8386:8386] [IN] UDP::Init bind&listen port=5540[0m
[0;34m[1784655510.064] [8386:8386] [IN] UDP::Init bound to port=5540[0m
[0;34m[1784655510.064] [8386:8386] [IN] UDP::Init bind&listen port=5540[0m
[0;34m[1784655510.064] [8386:8386] [IN] UDP::Init bound to port=5540[0m
[0;34m[1784655510.064] [8386:8386] [IN] BLEBase::Init - setting/overriding transport[0m
[0;32m[1784655510.064] [8386:8386] [IN] TCP server listening on port 5540 for incoming connections[0m
[0;32m[1784655510.064] [8386:8386] [IN] TCP server listening on port 5540 for incoming connections[0m
[0;34m[1784655510.064] [8386:8386] [IN] WiFiPAFBase::Init - setting/overriding transport[0m
[0;34m[1784655510.064] [8386:8386] [IN] TransportMgr initialized[0m
[0;34m[1784655510.066] [8386:8386] [DL] Wrote settings to /tmp/chip_kvs_test[0m
[0;34m[1784655510.068] [8386:8386] [DL] Wrote settings to /tmp/chip_kvs_test[0m
[0;34m[1784655510.071] [8386:8386] [DL] Wrote settings to /tmp/chip_kvs_test[0m
[0;32m[1784655510.071] [8386:8386] [DMG] Ember attribute persistence requires setting up[0m
[0;32m[1784655510.071] [8386:8386] [ZCL] Using ZAP configuration...[0m
[0;34m[1784655510.071] [8386:8386] [DMG] Failed to read stored attribute (1, 0x0000_0006, 0x0000_0000: src/platform/Linux/KeyValueStoreManagerImpl.cpp:53: CHIP Error 0x000000A0: Value not found in the persisted storage[0m
[0;34m[1784655510.071] [8386:8386] [DMG] Failed to read stored attribute (1, 0x0000_0006, 0x0000_4003: src/platform/Linux/KeyValueStoreManagerImpl.cpp:53: CHIP Error 0x000000A0: Value not found in the persisted storage[0m
[0;34m[1784655510.071] [8386:8386] [DMG] Failed to read stored attribute (1, 0x0000_0008, 0x0000_0000: src/platform/Linux/KeyValueStoreManagerImpl.cpp:53: CHIP Error 0x000000A0: Value not found in the persisted storage[0m
[0;34m[1784655510.071] [8386:8386] [DMG] Failed to read stored attribute (1, 0x0000_0008, 0x0000_4000: src/platform/Linux/KeyValueStoreManagerImpl.cpp:53: CHIP Error 0x000000A0: Value not found in the persisted storage[0m
[0;34m[1784655510.071] [8386:8386] [DMG] Failed to read stored attribute (1, 0x0000_0050, 0x0000_0003: src/platform/Linux/KeyValueStoreManagerImpl.cpp:53: CHIP Error 0x000000A0: Value not found in the persisted storage[0m
[0;34m[1784655510.071] [8386:8386] [DMG] Failed to read stored attribute (1, 0x0000_0050, 0x0000_0004: src/platform/Linux/KeyValueStoreManagerImpl.cpp:53: CHIP Error 0x000000A0: Value not found in the persisted storage[0m
[0;34m[1784655510.071] [8386:8386] [DMG] Failed to read stored attribute (1, 0x0000_0050, 0x0000_0005: src/platform/Linux/KeyValueStoreManagerImpl.cpp:53: CHIP Error 0x000000A0: Value not found in the persisted storage[0m
[0;34m[1784655510.071] [8386:8386] [DMG] Failed to read stored attribute (1, 0x0000_005C, 0x0000_0000: src/platform/Linux/KeyValueStoreManagerImpl.cpp:53: CHIP Error 0x000000A0: Value not found in the persisted storage[0m
[0;34m[1784655510.071] [8386:8386] [DMG] Failed to read stored attribute (1, 0x0000_005C, 0x0000_0001: src/platform/Linux/KeyValueStoreManagerImpl.cpp:53: CHIP Error 0x000000A0: Value not found in the persisted storage[0m
[0;34m[1784655510.071] [8386:8386] [DMG] Failed to read stored attribute (1, 0x0000_005C, 0x0000_0002: src/platform/Linux/KeyValueStoreManagerImpl.cpp:53: CHIP Error 0x000000A0: Value not found in the persisted storage[0m
[0;34m[1784655510.071] [8386:8386] [DMG] Failed to read stored attribute (1, 0x0000_005C, 0x0000_0003: src/platform/Linux/KeyValueStoreManagerImpl.cpp:53: CHIP Error 0x000000A0: Value not found in the persisted storage[0m
[0;34m[1784655510.071] [8386:8386] [DMG] Failed to read stored attribute (1, 0x0000_005C, 0x0000_0004: src/platform/Linux/KeyValueStoreManagerImpl.cpp:53: CHIP Error 0x000000A0: Value not found in the persisted storage[0m
[0;34m[1784655510.071] [8386:8386] [DMG] Failed to read stored attribute (1, 0x0000_005C, 0x0000_0006: src/platform/Linux/KeyValueStoreManagerImpl.cpp:53: CHIP Error 0x000000A0: Value not found in the persisted storage[0m
[0;34m[1784655510.071] [8386:8386] [DMG] Failed to read stored attribute (1, 0x0000_005C, 0x0000_0007: src/platform/Linux/KeyValueStoreManagerImpl.cpp:53: CHIP Error 0x000000A0: Value not found in the persisted storage[0m
[0;34m[1784655510.071] [8386:8386] [DMG] Failed to read stored attribute (1, 0x0000_0081, 0x0000_0001: src/platform/Linux/KeyValueStoreManagerImpl.cpp:53: CHIP Error 0x000000A0: Value not found in the persisted storage[0m
[0;34m[1784655510.071] [8386:8386] [DMG] Failed to read stored attribute (1, 0x0000_0081, 0x0000_0008: src/platform/Linux/KeyValueStoreManagerImpl.cpp:53: CHIP Error 0x000000A0: Value not found in the persisted storage[0m
[0;34m[1784655510.071] [8386:8386] [DMG] Failed to read stored attribute (1, 0x0000_0102, 0x0000_0003: src/platform/Linux/KeyValueStoreManagerImpl.cpp:53: CHIP Error 0x000000A0: Value not found in the persisted storage[0m
[0;34m[1784655510.071] [8386:8386] [DMG] Failed to read stored attribute (1, 0x0000_0102, 0x0000_0004: src/platform/Linux/KeyValueStoreManagerImpl.cpp:53: CHIP Error 0x000000A0: Value not found in the persisted storage[0m
[0;34m[1784655510.071] [8386:8386] [DMG] Failed to read stored attribute (1, 0x0000_0102, 0x0000_0005: src/platform/Linux/KeyValueStoreManagerImpl.cpp:53: CHIP Error 0x000000A0: Value not found in the persisted storage[0m
[0;34m[1784655510.071] [8386:8386] [DMG] Failed to read stored attribute (1, 0x0000_0102, 0x0000_0006: src/platform/Linux/KeyValueStoreManagerImpl.cpp:53: CHIP Error 0x000000A0: Value not found in the persisted storage[0m
[0;34m[1784655510.071] [8386:8386] [DMG] Failed to read stored attribute (1, 0x0000_0102, 0x0000_0007: src/platform/Linux/KeyValueStoreManagerImpl.cpp:53: CHIP Error 0x000000A0: Value not found in the persisted storage[0m
[0;34m[1784655510.071] [8386:8386] [DMG] Failed to read stored attribute (1, 0x0000_0102, 0x0000_0008: src/platform/Linux/KeyValueStoreManagerImpl.cpp:53: CHIP Error 0x000000A0: Value not found in the persisted storage[0m
[0;34m[1784655510.071] [8386:8386] [DMG] Failed to read stored attribute (1, 0x0000_0102, 0x0000_0009: src/platform/Linux/KeyValueStoreManagerImpl.cpp:53: CHIP Error 0x000000A0: Value not found in the persisted storage[0m
[0;34m[1784655510.071] [8386:8386] [DMG] Failed to read stored attribute (1, 0x0000_0102, 0x0000_000E: src/platform/Linux/KeyValueStoreManagerImpl.cpp:53: CHIP Error 0x000000A0: Value not found in the persisted storage[0m
[0;34m[1784655510.071] [8386:8386] [DMG] Failed to read stored attribute (1, 0x0000_0102, 0x0000_000F: src/platform/Linux/KeyValueStoreManagerImpl.cpp:53: CHIP Error 0x000000A0: Value not found in the persisted storage[0m
[0;34m[1784655510.071] [8386:8386] [DMG] Failed to read stored attribute (1, 0x0000_0102, 0x0000_0010: src/platform/Linux/KeyValueStoreManagerImpl.cpp:53: CHIP Error 0x000000A0: Value not found in the persisted storage[0m
[0;34m[1784655510.071] [8386:8386] [DMG] Failed to read stored attribute (1, 0x0000_0102, 0x0000_0011: src/platform/Linux/KeyValueStoreManagerImpl.cpp:53: CHIP Error 0x000000A0: Value not found in the persisted storage[0m
[0;34m[1784655510.071] [8386:8386] [DMG] Failed to read stored attribute (1, 0x0000_0102, 0x0000_0012: src/platform/Linux/KeyValueStoreManagerImpl.cpp:53: CHIP Error 0x000000A0: Value not found in the persisted storage[0m
[0;34m[1784655510.071] [8386:8386] [DMG] Failed to read stored attribute (1, 0x0000_0102, 0x0000_0013: src/platform/Linux/KeyValueStoreManagerImpl.cpp:53: CHIP Error 0x000000A0: Value not found in the persisted storage[0m
[0;34m[1784655510.071] [8386:8386] [DMG] Failed to read stored attribute (1, 0x0000_0102, 0x0000_0017: src/platform/Linux/KeyValueStoreManagerImpl.cpp:53: CHIP Error 0x000000A0: Value not found in the persisted storage[0m
[0;34m[1784655510.071] [8386:8386] [DMG] Failed to read stored attribute (1, 0x0000_0300, 0x0000_0000: src/platform/Linux/KeyValueStoreManagerImpl.cpp:53: CHIP Error 0x000000A0: Value not found in the persisted storage[0m
[0;34m[1784655510.071] [8386:8386] [DMG] Failed to read stored attribute (1, 0x0000_0300, 0x0000_0001: src/platform/Linux/KeyValueStoreManagerImpl.cpp:53: CHIP Error 0x000000A0: Value not found in the persisted storage[0m
[0;34m[1784655510.071] [8386:8386] [DMG] Failed to read stored attribute (1, 0x0000_0300, 0x0000_0003: src/platform/Linux/KeyValueStoreManagerImpl.cpp:53: CHIP Error 0x000000A0: Value not found in the persisted storage[0m
[0;34m[1784655510.071] [8386:8386] [DMG] Failed to read stored attribute (1, 0x0000_0300, 0x0000_0004: src/platform/Linux/KeyValueStoreManagerImpl.cpp:53: CHIP Error 0x000000A0: Value not found in the persisted storage[0m
[0;34m[1784655510.071] [8386:8386] [DMG] Failed to read stored attribute (1, 0x0000_0300, 0x0000_0007: src/platform/Linux/KeyValueStoreManagerImpl.cpp:53: CHIP Error 0x000000A0: Value not found in the persisted storage[0m
[0;34m[1784655510.071] [8386:8386] [DMG] Failed to read stored attribute (1, 0x0000_0300, 0x0000_4000: src/platform/Linux/KeyValueStoreManagerImpl.cpp:53: CHIP Error 0x000000A0: Value not found in the persisted storage[0m
[0;34m[1784655510.071] [8386:8386] [DMG] Failed to read stored attribute (1, 0x0000_0300, 0x0000_4001: src/platform/Linux/KeyValueStoreManagerImpl.cpp:53: CHIP Error 0x000000A0: Value not found in the persisted storage[0m
[0;34m[1784655510.071] [8386:8386] [DMG] Failed to read stored attribute (1, 0x0000_0300, 0x0000_4002: src/platform/Linux/KeyValueStoreManagerImpl.cpp:53: CHIP Error 0x000000A0: Value not found in the persisted storage[0m
[0;34m[1784655510.071] [8386:8386] [DMG] Failed to read stored attribute (1, 0x0000_0300, 0x0000_4003: src/platform/Linux/KeyValueStoreManagerImpl.cpp:53: CHIP Error 0x000000A0: Value not found in the persisted storage[0m
[0;34m[1784655510.071] [8386:8386] [DMG] Failed to read stored attribute (1, 0x0000_0300, 0x0000_4004: src/platform/Linux/KeyValueStoreManagerImpl.cpp:53: CHIP Error 0x000000A0: Value not found in the persisted storage[0m
[0;34m[1784655510.071] [8386:8386] [DMG] Failed to read stored attribute (1, 0x0000_0300, 0x0000_4010: src/platform/Linux/KeyValueStoreManagerImpl.cpp:53: CHIP Error 0x000000A0: Value not found in the persisted storage[0m
[0;34m[1784655510.073] [8386:8386] [DL] Wrote settings to /tmp/chip_kvs_test[0m
[0;34m[1784655510.073] [8386:8386] [EVL] LogEvent event number: 0x0000000000000000 priority: 1, endpoint id:  0x0 cluster id: 0x0000_0038 event id: 0x0 Epoch timestamp: 0x0000019F85C1FA39[0m
[0;32m[1784655510.073] [8386:8386] [ZCL] Emit DSTTableEmpty event [ep=0][0m
[0;32m[1784655510.073] [8386:8386] [ZCL] Initializing TLS Certificate Management cluster.[0m
[0;32m[1784655510.073] [8386:8386] [ZCL] Initializing TLS Client Management cluster.[0m
[0;34m[1784655510.073] [8386:8386] [ZCL] UnitLocalization ep0 set default TemperatureUnit: 1[0m
[0;34m[1784655510.073] [8386:8386] [DMG] Endpoint 0, Cluster 0x0000_0004 update version to 747eb6d4[0m
[0;34m[1784655510.073] [8386:8386] [DMG] Endpoint 0, Cluster 0x0000_0004 update version to 747eb6d5[0m
[0;34m[1784655510.073] [8386:8386] [DMG] Endpoint 1, Cluster 0x0000_0004 update version to 3acb9047[0m
[0;34m[1784655510.073] [8386:8386] [DMG] Endpoint 1, Cluster 0x0000_0004 update version to 3acb9048[0m
[0;32m[1784655510.073] [8386:8386] [ZCL] Endpoint 1 On/off already set to new value[0m
[0;34m[1784655510.073] [8386:8386] [DMG] Endpoint 1, Cluster 0x0000_0008 update version to 3a1868fe[0m
[0;34m[1784655510.073] [8386:8386] [ZCL] ModeBase: Unable to load the CurrentMode from the KVS. Assuming 0[0m
[0;34m[1784655510.073] [8386:8386] [ZCL] ModeBase: Unable to load the StartUpMode from the KVS. Assuming null[0m
[0;34m[1784655510.073] [8386:8386] [ZCL] ModeBase: Unable to load the OnMode from the KVS.      Assuming null[0m
[0;34m[1784655510.073] [8386:8386] [ZCL] ModeBase: Unable to load the CurrentMode from the KVS. Assuming 0[0m
[0;34m[1784655510.073] [8386:8386] [ZCL] ModeBase: Unable to load the StartUpMode from the KVS. Assuming null[0m
[0;34m[1784655510.073] [8386:8386] [ZCL] ModeBase: Unable to load the OnMode from the KVS.      Assuming null[0m
[0;34m[1784655510.073] [8386:8386] [ZCL] ModeBase: Unable to load the CurrentMode from the KVS. Assuming 0[0m
[0;34m[1784655510.073] [8386:8386] [ZCL] ModeBase: Unable to load the StartUpMode from the KVS. Assuming null[0m
[0;34m[1784655510.073] [8386:8386] [ZCL] ModeBase: Unable to load the OnMode from the KVS.      Assuming null[0m
[0;34m[1784655510.073] [8386:8386] [ZCL] ModeBase: Unable to load the CurrentMode from the KVS. Assuming 0[0m
[0;34m[1784655510.073] [8386:8386] [ZCL] ModeBase: Unable to load the StartUpMode from the KVS. Assuming null[0m
[0;34m[1784655510.073] [8386:8386] [ZCL] ModeBase: Unable to load the OnMode from the KVS.      Assuming null[0m
[0;34m[1784655510.073] [8386:8386] [ZCL] ModeBase: Unable to load the CurrentMode from the KVS. Assuming 0[0m
[0;34m[1784655510.073] [8386:8386] [ZCL] ModeBase: Unable to load the StartUpMode from the KVS. Assuming null[0m
[0;34m[1784655510.073] [8386:8386] [ZCL] ModeBase: Unable to load the OnMode from the KVS.      Assuming null[0m
[0;34m[1784655510.073] [8386:8386] [ZCL] ModeBase: Unable to load the CurrentMode from the KVS. Assuming 0[0m
[0;34m[1784655510.073] [8386:8386] [ZCL] ModeBase: Unable to load the StartUpMode from the KVS. Assuming null[0m
[0;34m[1784655510.073] [8386:8386] [ZCL] ModeBase: Unable to load the OnMode from the KVS.      Assuming null[0m
[0;34m[1784655510.073] [8386:8386] [ZCL] ModeBase: Unable to load the CurrentMode from the KVS. Assuming 0[0m
[0;34m[1784655510.073] [8386:8386] [ZCL] ModeBase: Unable to load the StartUpMode from the KVS. Assuming null[0m
[0;34m[1784655510.073] [8386:8386] [ZCL] ModeBase: Unable to load the OnMode from the KVS.      Assuming null[0m
[0;34m[1784655510.073] [8386:8386] [ZCL] ResourceMonitoring: Init[0m
[0;34m[1784655510.073] [8386:8386] [ZCL] ResourceMonitoring: Unable to load the LastChangedTime from the KVS. Assuming null[0m
[0;34m[1784655510.073] [8386:8386] [ZCL] ResourceMonitoring: calling mDelegate->Init()[0m
[0;34m[1784655510.073] [8386:8386] [ZCL] HepaFilterMonitoringDelegate::Init()[0m
[0;34m[1784655510.073] [8386:8386] [ZCL] ResourceMonitoring: Init[0m
[0;34m[1784655510.073] [8386:8386] [ZCL] ResourceMonitoring: Unable to load the LastChangedTime from the KVS. Assuming null[0m
[0;34m[1784655510.073] [8386:8386] [ZCL] ResourceMonitoring: calling mDelegate->Init()[0m
[0;34m[1784655510.073] [8386:8386] [ZCL] ActivatedCarbonFilterMonitoringDelegate::Init()[0m
[0;34m[1784655510.075] [8386:8386] [DL] Wrote settings to /tmp/chip_kvs_test[0m
[0;34m[1784655510.075] [8386:8386] [DMG] Endpoint 1, Cluster 0x0000_0102 update version to fa3b9db3[0m
[0;32m[1784655510.075] [8386:8386] [ZCL] WC POST ATTRIBUTE=7[0m
[0;32m[1784655510.075] [8386:8386] [ZCL] ConfigStatus 0x1B Operational=1 OnlineReserved=1[0m
[0;32m[1784655510.075] [8386:8386] [ZCL] Lift(PA=1 Encoder=0 Reversed=0) Tilt(PA=1 Encoder=0)[0m
[0;32m[1784655510.075] [8386:8386] [ZCL] Initialize PCC Server Cluster [EP:1][0m
[0;34m[1784655510.075] [8386:8386] [DMG] Endpoint 1, Cluster 0x0000_0300 update version to 5ad86fc5[0m
[0;34m[1784655510.075] [8386:8386] [DMG] Endpoint 1, Cluster 0x0000_0300 update version to 5ad86fc6[0m
[0;34m[1784655510.077] [8386:8386] [DL] Wrote settings to /tmp/chip_kvs_test[0m
[0;34m[1784655510.077] [8386:8386] [DMG] Endpoint 1, Cluster 0x0000_0300 update version to 5ad86fc7[0m
[0;34m[1784655510.077] [8386:8386] [DMG] Endpoint 1, Cluster 0x0000_0406 update version to bea78210[0m
[0;34m[1784655510.077] [8386:8386] [DMG] Endpoint 1, Cluster 0x0000_0406 update version to bea78211[0m
[0;34m[1784655510.077] [8386:8386] [DMG] Endpoint 1, Cluster 0x0000_040C update version to 4ad5864a[0m
[0;34m[1784655510.077] [8386:8386] [DMG] Endpoint 1, Cluster 0x0000_040C update version to 4ad5864b[0m
[0;34m[1784655510.077] [8386:8386] [DMG] Endpoint 1, Cluster 0x0000_040C update version to 4ad5864c[0m
[0;34m[1784655510.077] [8386:8386] [DMG] Endpoint 1, Cluster 0x0000_040C update version to 4ad5864d[0m
[0;34m[1784655510.077] [8386:8386] [DMG] Endpoint 1, Cluster 0x0000_040C update version to 4ad5864e[0m
[0;34m[1784655510.077] [8386:8386] [DMG] Endpoint 1, Cluster 0x0000_040C update version to 4ad5864f[0m
[0;34m[1784655510.077] [8386:8386] [DMG] Endpoint 1, Cluster 0x0000_040C update version to 4ad58650[0m
[0;34m[1784655510.077] [8386:8386] [DMG] Endpoint 1, Cluster 0x0000_040C update version to 4ad58651[0m
[0;34m[1784655510.077] [8386:8386] [DMG] Endpoint 1, Cluster 0x0000_040D update version to 17fc936b[0m
[0;34m[1784655510.077] [8386:8386] [DMG] Endpoint 1, Cluster 0x0000_040D update version to 17fc936c[0m
[0;34m[1784655510.077] [8386:8386] [DMG] Endpoint 1, Cluster 0x0000_040D update version to 17fc936d[0m
[0;34m[1784655510.077] [8386:8386] [DMG] Endpoint 1, Cluster 0x0000_040D update version to 17fc936e[0m
[0;34m[1784655510.077] [8386:8386] [DMG] Endpoint 1, Cluster 0x0000_040D update version to 17fc936f[0m
[0;34m[1784655510.077] [8386:8386] [DMG] Endpoint 1, Cluster 0x0000_040D update version to 17fc9370[0m
[0;34m[1784655510.077] [8386:8386] [DMG] Endpoint 1, Cluster 0x0000_040D update version to 17fc9371[0m
[0;34m[1784655510.077] [8386:8386] [DMG] Endpoint 1, Cluster 0x0000_040D update version to 17fc9372[0m
[0;34m[1784655510.077] [8386:8386] [DMG] Endpoint 1, Cluster 0x0000_0413 update version to 5065c545[0m
[0;34m[1784655510.077] [8386:8386] [DMG] Endpoint 1, Cluster 0x0000_0413 update version to 5065c546[0m
[0;34m[1784655510.077] [8386:8386] [DMG] Endpoint 1, Cluster 0x0000_0413 update version to 5065c547[0m
[0;34m[1784655510.077] [8386:8386] [DMG] Endpoint 1, Cluster 0x0000_0413 update version to 5065c548[0m
[0;34m[1784655510.077] [8386:8386] [DMG] Endpoint 1, Cluster 0x0000_0413 update version to 5065c549[0m
[0;34m[1784655510.077] [8386:8386] [DMG] Endpoint 1, Cluster 0x0000_0413 update version to 5065c54a[0m
[0;34m[1784655510.077] [8386:8386] [DMG] Endpoint 1, Cluster 0x0000_0413 update version to 5065c54b[0m
[0;34m[1784655510.077] [8386:8386] [DMG] Endpoint 1, Cluster 0x0000_0413 update version to 5065c54c[0m
[0;34m[1784655510.077] [8386:8386] [DMG] Endpoint 1, Cluster 0x0000_0415 update version to d7488b74[0m
[0;34m[1784655510.077] [8386:8386] [DMG] Endpoint 1, Cluster 0x0000_0415 update version to d7488b75[0m
[0;34m[1784655510.077] [8386:8386] [DMG] Endpoint 1, Cluster 0x0000_0415 update version to d7488b76[0m
[0;34m[1784655510.077] [8386:8386] [DMG] Endpoint 1, Cluster 0x0000_0415 update version to d7488b77[0m
[0;34m[1784655510.077] [8386:8386] [DMG] Endpoint 1, Cluster 0x0000_0415 update version to d7488b78[0m
[0;34m[1784655510.077] [8386:8386] [DMG] Endpoint 1, Cluster 0x0000_0415 update version to d7488b79[0m
[0;34m[1784655510.077] [8386:8386] [DMG] Endpoint 1, Cluster 0x0000_0415 update version to d7488b7a[0m
[0;34m[1784655510.077] [8386:8386] [DMG] Endpoint 1, Cluster 0x0000_0415 update version to d7488b7b[0m
[0;34m[1784655510.077] [8386:8386] [DMG] Endpoint 1, Cluster 0x0000_042A update version to d5df4fb7[0m
[0;34m[1784655510.077] [8386:8386] [DMG] Endpoint 1, Cluster 0x0000_042A update version to d5df4fb8[0m
[0;34m[1784655510.077] [8386:8386] [DMG] Endpoint 1, Cluster 0x0000_042A update version to d5df4fb9[0m
[0;34m[1784655510.077] [8386:8386] [DMG] Endpoint 1, Cluster 0x0000_042A update version to d5df4fba[0m
[0;34m[1784655510.077] [8386:8386] [DMG] Endpoint 1, Cluster 0x0000_042A update version to d5df4fbb[0m
[0;34m[1784655510.077] [8386:8386] [DMG] Endpoint 1, Cluster 0x0000_042A update version to d5df4fbc[0m
[0;34m[1784655510.077] [8386:8386] [DMG] Endpoint 1, Cluster 0x0000_042A update version to d5df4fbd[0m
[0;34m[1784655510.077] [8386:8386] [DMG] Endpoint 1, Cluster 0x0000_042A update version to d5df4fbe[0m
[0;34m[1784655510.077] [8386:8386] [DMG] Endpoint 1, Cluster 0x0000_042B update version to 785612c2[0m
[0;34m[1784655510.077] [8386:8386] [DMG] Endpoint 1, Cluster 0x0000_042B update version to 785612c3[0m
[0;34m[1784655510.077] [8386:8386] [DMG] Endpoint 1, Cluster 0x0000_042B update version to 785612c4[0m
[0;34m[1784655510.077] [8386:8386] [DMG] Endpoint 1, Cluster 0x0000_042B update version to 785612c5[0m
[0;34m[1784655510.077] [8386:8386] [DMG] Endpoint 1, Cluster 0x0000_042B update version to 785612c6[0m
[0;34m[1784655510.077] [8386:8386] [DMG] Endpoint 1, Cluster 0x0000_042B update version to 785612c7[0m
[0;34m[1784655510.077] [8386:8386] [DMG] Endpoint 1, Cluster 0x0000_042B update version to 785612c8[0m
[0;34m[1784655510.077] [8386:8386] [DMG] Endpoint 1, Cluster 0x0000_042B update version to 785612c9[0m
[0;34m[1784655510.077] [8386:8386] [DMG] Endpoint 1, Cluster 0x0000_042C update version to d3cb2886[0m
[0;34m[1784655510.077] [8386:8386] [DMG] Endpoint 1, Cluster 0x0000_042C update version to d3cb2887[0m
[0;34m[1784655510.077] [8386:8386] [DMG] Endpoint 1, Cluster 0x0000_042C update version to d3cb2888[0m
[0;34m[1784655510.077] [8386:8386] [DMG] Endpoint 1, Cluster 0x0000_042C update version to d3cb2889[0m
[0;34m[1784655510.077] [8386:8386] [DMG] Endpoint 1, Cluster 0x0000_042C update version to d3cb288a[0m
[0;34m[1784655510.077] [8386:8386] [DMG] Endpoint 1, Cluster 0x0000_042C update version to d3cb288b[0m
[0;34m[1784655510.077] [8386:8386] [DMG] Endpoint 1, Cluster 0x0000_042C update version to d3cb288c[0m
[0;34m[1784655510.077] [8386:8386] [DMG] Endpoint 1, Cluster 0x0000_042C update version to d3cb288d[0m
[0;34m[1784655510.077] [8386:8386] [DMG] Endpoint 1, Cluster 0x0000_042D update version to fdec1695[0m
[0;34m[1784655510.077] [8386:8386] [DMG] Endpoint 1, Cluster 0x0000_042D update version to fdec1696[0m
[0;34m[1784655510.077] [8386:8386] [DMG] Endpoint 1, Cluster 0x0000_042D update version to fdec1697[0m
[0;34m[1784655510.077] [8386:8386] [DMG] Endpoint 1, Cluster 0x0000_042D update version to fdec1698[0m
[0;34m[1784655510.077] [8386:8386] [DMG] Endpoint 1, Cluster 0x0000_042D update version to fdec1699[0m
[0;34m[1784655510.077] [8386:8386] [DMG] Endpoint 1, Cluster 0x0000_042D update version to fdec169a[0m
[0;34m[1784655510.077] [8386:8386] [DMG] Endpoint 1, Cluster 0x0000_042D update version to fdec169b[0m
[0;34m[1784655510.077] [8386:8386] [DMG] Endpoint 1, Cluster 0x0000_042D update version to fdec169c[0m
[0;34m[1784655510.077] [8386:8386] [DMG] Endpoint 1, Cluster 0x0000_042E update version to 64f732a8[0m
[0;34m[1784655510.077] [8386:8386] [DMG] Endpoint 1, Cluster 0x0000_042E update version to 64f732a9[0m
[0;34m[1784655510.077] [8386:8386] [DMG] Endpoint 1, Cluster 0x0000_042E update version to 64f732aa[0m
[0;34m[1784655510.077] [8386:8386] [DMG] Endpoint 1, Cluster 0x0000_042E update version to 64f732ab[0m
[0;34m[1784655510.077] [8386:8386] [DMG] Endpoint 1, Cluster 0x0000_042E update version to 64f732ac[0m
[0;34m[1784655510.077] [8386:8386] [DMG] Endpoint 1, Cluster 0x0000_042E update version to 64f732ad[0m
[0;34m[1784655510.077] [8386:8386] [DMG] Endpoint 1, Cluster 0x0000_042E update version to 64f732ae[0m
[0;34m[1784655510.077] [8386:8386] [DMG] Endpoint 1, Cluster 0x0000_042E update version to 64f732af[0m
[0;34m[1784655510.077] [8386:8386] [DMG] Endpoint 1, Cluster 0x0000_042F update version to 40f5f09d[0m
[0;34m[1784655510.077] [8386:8386] [DMG] Endpoint 1, Cluster 0x0000_042F update version to 40f5f09e[0m
[0;34m[1784655510.077] [8386:8386] [DMG] Endpoint 1, Cluster 0x0000_042F update version to 40f5f09f[0m
[0;34m[1784655510.077] [8386:8386] [DMG] Endpoint 1, Cluster 0x0000_042F update version to 40f5f0a0[0m
[0;34m[1784655510.077] [8386:8386] [DMG] Endpoint 1, Cluster 0x0000_042F update version to 40f5f0a1[0m
[0;34m[1784655510.077] [8386:8386] [DMG] Endpoint 1, Cluster 0x0000_042F update version to 40f5f0a2[0m
[0;34m[1784655510.077] [8386:8386] [DMG] Endpoint 1, Cluster 0x0000_042F update version to 40f5f0a3[0m
[0;34m[1784655510.077] [8386:8386] [DMG] Endpoint 1, Cluster 0x0000_042F update version to 40f5f0a4[0m
[0;32m[1784655510.078] [8386:8386] [-] Setting LowPower default delegate to global manager[0m
[0;34m[1784655510.078] [8386:8386] [DMG] Endpoint 2, Cluster 0x0000_0004 update version to 3598ecba[0m
[0;34m[1784655510.078] [8386:8386] [DMG] Endpoint 2, Cluster 0x0000_0004 update version to 3598ecbb[0m
[1;31m[1784655510.078] [8386:8386] [IM] Duplicate attribute override registration failed[0m
[0;34m[1784655510.078] [8386:8386] [DMG] Endpoint 2, Cluster 0x0000_0406 update version to 615f700b[0m
[0;34m[1784655510.078] [8386:8386] [DMG] Endpoint 2, Cluster 0x0000_0406 update version to 615f700c[0m
[0;32m[1784655510.078] [8386:8386] [DMG] TLSClientManagementCluster: initializing[0m
[0;32m[1784655510.078] [8386:8386] [DMG] TLSCertificateManagementCluster: initializing[0m
[0;34m[1784655510.078] [8386:8386] [ZCL] Chime: Unable to load the SelectedChime attribute from the KVS. Defaulting to 0[0m
[0;34m[1784655510.078] [8386:8386] [ZCL] Chime: Unable to load the Enabled attribute from the KVS. Defaulting to 1[0m
[0;34m[1784655510.078] [8386:8386] [EVL] LogEvent event number: 0x0000000000000001 priority: 2, endpoint id:  0x0 cluster id: 0x0000_0033 event id: 0x3 Epoch timestamp: 0x0000019F85C1FA3E[0m
[0;34m[1784655510.080] [8386:8386] [DL] Wrote settings to /tmp/chip_kvs_test[0m
[0;32m[1784655510.080] [8386:8386] [DMG] AccessControlCluster: initializing[0m
[0;34m[1784655510.080] [8386:8386] [IN] SecureSession[0x5725b5bd9890]: Allocated Type:1 LSID:26679[0m
[0;34m[1784655510.080] [8386:8386] [SC] Assigned local session key ID 26679[0m
[0;34m[1784655510.080] [8386:8386] [SC] Waiting for PBKDF param request[0m
[0;32m[1784655510.080] [8386:8386] [DIS] Updating services using commissioning mode 1[0m
[0;32m[1784655510.080] [8386:8386] [DIS] CHIP minimal mDNS started advertising.[0m
[0;34m[1784655510.080] [8386:8386] [DL] Using WiFi MAC for hostname[0m
[0;34m[1784655510.080] [8386:8386] [DIS] DNS-SD Pairing Instruction not set[0m
[0;32m[1784655510.080] [8386:8386] [DIS] Advertise commission parameter vendorID=65521 productID=32769 discriminator=3840/15 cm=1 cp=0 jf=0[0m
[0;34m[1784655510.080] [8386:8386] [DIS] Responding with _matterc._udp.local[0m
[0;34m[1784655510.080] [8386:8386] [DIS] Responding with 7BB5848D0C66CB00._matterc._udp.local[0m
[0;34m[1784655510.080] [8386:8386] [DIS] Responding with 080027AE1A43.local[0m
[0;34m[1784655510.080] [8386:8386] [DIS] Responding with 080027AE1A43.local[0m
[0;34m[1784655510.080] [8386:8386] [DIS] Responding with _V65521._sub._matterc._udp.local[0m
[0;34m[1784655510.080] [8386:8386] [DIS] Responding with _T257._sub._matterc._udp.local[0m
[0;34m[1784655510.080] [8386:8386] [DIS] Responding with _S15._sub._matterc._udp.local[0m
[0;34m[1784655510.080] [8386:8386] [DIS] Responding with _L3840._sub._matterc._udp.local[0m
[0;34m[1784655510.080] [8386:8386] [DIS] Responding with _CM._sub._matterc._udp.local[0m
[0;34m[1784655510.080] [8386:8386] [DIS] Responding with 7BB5848D0C66CB00._matterc._udp.local[0m
[0;32m[1784655510.080] [8386:8386] [DIS] CHIP minimal mDNS configured as 'Commissionable node device'; instance name: 7BB5848D0C66CB00.[0m
[0;32m[1784655510.081] [8386:8386] [DIS] mDNS service published: _matterc._udp[0m
[0;32m[1784655510.081] [8386:8386] [DIS] Updating services using commissioning mode 1[0m
[0;32m[1784655510.081] [8386:8386] [DIS] CHIP minimal mDNS started advertising.[0m
[0;34m[1784655510.082] [8386:8386] [DL] Using WiFi MAC for hostname[0m
[0;34m[1784655510.082] [8386:8386] [DIS] DNS-SD Pairing Instruction not set[0m
[0;32m[1784655510.082] [8386:8386] [DIS] Advertise commission parameter vendorID=65521 productID=32769 discriminator=3840/15 cm=1 cp=0 jf=0[0m
[0;34m[1784655510.082] [8386:8386] [DIS] Responding with _matterc._udp.local[0m
[0;34m[1784655510.082] [8386:8386] [DIS] Responding with 7BB5848D0C66CB00._matterc._udp.local[0m
[0;34m[1784655510.082] [8386:8386] [DIS] Responding with 080027AE1A43.local[0m
[0;34m[1784655510.082] [8386:8386] [DIS] Responding with 080027AE1A43.local[0m
[0;34m[1784655510.082] [8386:8386] [DIS] Responding with _V65521._sub._matterc._udp.local[0m
[0;34m[1784655510.082] [8386:8386] [DIS] Responding with _T257._sub._matterc._udp.local[0m
[0;34m[1784655510.082] [8386:8386] [DIS] Responding with _S15._sub._matterc._udp.local[0m
[0;34m[1784655510.082] [8386:8386] [DIS] Responding with _L3840._sub._matterc._udp.local[0m
[0;34m[1784655510.082] [8386:8386] [DIS] Responding with _CM._sub._matterc._udp.local[0m
[0;34m[1784655510.082] [8386:8386] [DIS] Responding with 7BB5848D0C66CB00._matterc._udp.local[0m
[0;32m[1784655510.082] [8386:8386] [DIS] CHIP minimal mDNS configured as 'Commissionable node device'; instance name: 7BB5848D0C66CB00.[0m
[0;32m[1784655510.083] [8386:8386] [DIS] mDNS service published: _matterc._udp[0m
[0;32m[1784655510.083] [8386:8386] [IN] CASE Server enabling CASE session setups[0m
[0;34m[1784655510.083] [8386:8386] [IN] SecureSession[0x5725b5bd9da0]: Allocated Type:2 LSID:26680[0m
[0;34m[1784655510.083] [8386:8386] [SC] Allocated SecureSession (0x5725b5bd9da0) - waiting for Sigma1 msg[0m
[0;32m[1784655510.083] [8386:8386] [SVR] Joining Multicast groups[0m
[0;34m[1784655510.083] [8386:8386] [ZCL] Emitting StartUp event[0m
[0;34m[1784655510.083] [8386:8386] [EVL] LogEvent event number: 0x0000000000000002 priority: 2, endpoint id:  0x0 cluster id: 0x0000_0028 event id: 0x0 Epoch timestamp: 0x0000019F85C1FA43[0m
[0;32m[1784655510.083] [8386:8386] [SVR] Server initialization complete[0m
[0;32m[1784655510.083] [8386:8386] [SVR] Server Listening...[0m
[0;32m[1784655510.083] [8386:8386] [DL] Device Configuration:[0m
[0;32m[1784655510.083] [8386:8386] [DL]   Serial Number: TEST_SN[0m
[0;32m[1784655510.083] [8386:8386] [DL]   Vendor Id: 65521 (0xFFF1)[0m
[0;32m[1784655510.083] [8386:8386] [DL]   Product Id: 32769 (0x8001)[0m
[0;32m[1784655510.083] [8386:8386] [DL]   Product Name: TEST_PRODUCT[0m
[0;32m[1784655510.083] [8386:8386] [DL]   Hardware Version: 0[0m
[0;32m[1784655510.083] [8386:8386] [DL]   Setup Pin Code (0 for UNKNOWN/ERROR): 20202021[0m
[0;32m[1784655510.083] [8386:8386] [DL]   Setup Discriminator (0xFFFF for UNKNOWN/ERROR): 3840 (0xF00)[0m
[0;32m[1784655510.083] [8386:8386] [DL]   Manufacturing Date: (not set)[0m
[0;32m[1784655510.083] [8386:8386] [DL]   Device Type: 257 (0x101)[0m
[0;32m[1784655510.083] [8386:8386] [SVR] SetupQRCode: [MT:-24J042C00KA0648G00][0m
[0;32m[1784655510.083] [8386:8386] [SVR] Copy/paste the below URL in a browser to see the QR Code:[0m
[0;32m[1784655510.083] [8386:8386] [SVR] https://project-chip.github.io/connectedhomeip/qrcode.html?data=MT%3A-24J042C00KA0648G00[0m
[0;32m[1784655510.083] [8386:8386] [SVR] Manual pairing code: [34970112332][0m
[0;34m[1784655510.083] [8386:8386] [DMG] Endpoint 0, Cluster 0x0000_001D update version to f3e49a2b[0m
[0;34m[1784655510.083] [8386:8386] [DMG] Endpoint 1, Cluster 0x0000_005D update version to 95519320[0m
[0;34m[1784655510.083] [8386:8386] [DMG] Endpoint 1, Cluster 0x0000_005D update version to 95519321[0m
[0;34m[1784655510.083] [8386:8386] [DMG] Endpoint 1, Cluster 0x0000_005D update version to 95519322[0m
[0;34m[1784655510.083] [8386:8386] [DMG] Endpoint 1, Cluster 0x0000_005D update version to 95519323[0m
[0;34m[1784655510.083] [8386:8386] [EVL] LogEvent event number: 0x0000000000000003 priority: 1, endpoint id:  0x1 cluster id: 0x0000_005D event id: 0x0 Epoch timestamp: 0x0000019F85C1FA43[0m
[0;32m[1784655510.083] [8386:8386] [ZCL] Set number of supported temperature units to: 2[0m
[0;34m[1784655510.083] [8386:8386] [DMG] Endpoint 0, Cluster 0x0000_002D update version to cc3bbeb2[0m
[0;34m[1784655510.086] [8386:8386] [DL] Wrote settings to /tmp/chip_kvs_test[0m
[0;32m[1784655510.086] [8386:8386] [DL] ===== APP STATUS: Starting event loop =====[0m
[1;31m[1784655535.095] [8386:8390] [DL] FAIL: Get D-Bus object manager client: Error calling StartServiceByName for org.bluez: Failed to activate service 'org.bluez': timed out (service_start_timeout=25000ms)[0m
[1;31m[1784655535.096] [8386:8386] [DL] Disabling CHIPoBLE service due to error: src/platform/Linux/bluez/BluezObjectManager.cpp:280: CHIP Error 0x000000AC: Internal error[0m
[1;31m[1784655535.096] [8386:8386] [DL] Long dispatch time: 25010 ms, for event type 3[0m
[0;32m[1784655535.096] [8386:8386] [SVR] Cannot load binding table: src/platform/Linux/KeyValueStoreManagerImpl.cpp:53: CHIP Error 0x000000A0: Value not found in the persisted storage[0m
[0;32m[1784655535.096] [8386:8386] [DIS] Updating services using commissioning mode 1[0m
[0;32m[1784655535.096] [8386:8386] [DIS] CHIP minimal mDNS started advertising.[0m
[0;34m[1784655535.099] [8386:8386] [DL] Using WiFi MAC for hostname[0m
[0;34m[1784655535.099] [8386:8386] [DIS] DNS-SD Pairing Instruction not set[0m
[0;32m[1784655535.099] [8386:8386] [DIS] Advertise commission parameter vendorID=65521 productID=32769 discriminator=3840/15 cm=1 cp=0 jf=0[0m
[0;34m[1784655535.099] [8386:8386] [DIS] Responding with _matterc._udp.local[0m
[0;34m[1784655535.099] [8386:8386] [DIS] Responding with 7BB5848D0C66CB00._matterc._udp.local[0m
[0;34m[1784655535.099] [8386:8386] [DIS] Responding with 080027AE1A43.local[0m
[0;34m[1784655535.099] [8386:8386] [DIS] Responding with 080027AE1A43.local[0m
[0;34m[1784655535.099] [8386:8386] [DIS] Responding with _V65521._sub._matterc._udp.local[0m
[0;34m[1784655535.099] [8386:8386] [DIS] Responding with _T257._sub._matterc._udp.local[0m
[0;34m[1784655535.099] [8386:8386] [DIS] Responding with _S15._sub._matterc._udp.local[0m
[0;34m[1784655535.099] [8386:8386] [DIS] Responding with _L3840._sub._matterc._udp.local[0m
[0;34m[1784655535.099] [8386:8386] [DIS] Responding with _CM._sub._matterc._udp.local[0m
[0;34m[1784655535.099] [8386:8386] [DIS] Responding with 7BB5848D0C66CB00._matterc._udp.local[0m
[0;32m[1784655535.099] [8386:8386] [DIS] CHIP minimal mDNS configured as 'Commissionable node device'; instance name: 7BB5848D0C66CB00.[0m
[0;32m[1784655535.099] [8386:8386] [DIS] mDNS service published: _matterc._udp[0m
[0;32m[1784655535.100] [8386:8386] [IM] No subscriptions to resume[0m
[0;34m[1784655535.100] [8386:8386] [DMG] Endpoint 0, Cluster 0x0000_0038 update version to a950a3ca[0m
[0;32m[1784655535.385] [8386:8386] [EM] >>> [E:30811r S:0 M:111680397] (U) Msg RX from 0:4DD4C05FA897A31D [0000] to 0000000000000000 --- Type 0000:20 (SecureChannel:PBKDFParamRequest) (B:98)[0m
[0;34m[1784655535.385] [8386:8386] [EM] Handling via exchange: 30811r, Delegate: 0x5725b1dedd08[0m
[0;34m[1784655535.385] [8386:8386] [SC] Received PBKDF param request[0m
[0;34m[1784655535.385] [8386:8386] [SC] Peer assigned session ID 9913[0m
[0;34m[1784655535.385] [8386:8386] [SC] Found MRP parameters in the message[0m
[0;32m[1784655535.385] [8386:8386] [EM] <<< [E:30811r S:0 M:257197598 (Ack:111680397)] (U) Msg TX from 0000000000000000 to 0:4DD4C05FA897A31D [0000] [UDP:[fe80::bfe:a203:38f0:bce7%enp0s3]:57359] --- Type 0000:21 (SecureChannel:PBKDFParamResponse) (B:174)[0m
[0;32m[1784655535.385] [8386:8386] [EM] ??1 [E:30811r S:0 M:257197598] (U) Msg Retransmission to 0:0000000000000000 scheduled for 407ms from now [State:Active II:500 AI:300 AT:4000][0m
[0;34m[1784655535.385] [8386:8386] [SC] Sent PBKDF param response[0m
[0;32m[1784655535.385] [8386:8386] [SVR] Commissioning session establishment step started[0m
[0;32m[1784655535.386] [8386:8386] [EM] >>> [E:30811r S:0 M:111680398 (Ack:257197598)] (U) Msg RX from 0:4DD4C05FA897A31D [0000] to 0000000000000000 --- Type 0000:22 (SecureChannel:PASE_Pake1) (B:96)[0m
[0;34m[1784655535.386] [8386:8386] [EM] Found matching exchange: 30811r, Delegate: 0x5725b1dedd08[0m
[0;34m[1784655535.386] [8386:8386] [EM] Rxd Ack; Removing MessageCounter:257197598 from Retrans Table on exchange 30811r[0m
[0;34m[1784655535.386] [8386:8386] [SC] Received spake2p msg1[0m
[0;32m[1784655535.387] [8386:8386] [EM] <<< [E:30811r S:0 M:257197599 (Ack:111680398)] (U) Msg TX from 0000000000000000 to 0:4DD4C05FA897A31D [0000] [UDP:[fe80::bfe:a203:38f0:bce7%enp0s3]:57359] --- Type 0000:23 (SecureChannel:PASE_Pake2) (B:131)[0m
[0;32m[1784655535.387] [8386:8386] [EM] ??1 [E:30811r S:0 M:257197599] (U) Msg Retransmission to 0:0000000000000000 scheduled for 383ms from now [State:Active II:500 AI:300 AT:4000][0m
[0;34m[1784655535.387] [8386:8386] [SC] Sent spake2p msg2[0m
[0;32m[1784655535.387] [8386:8386] [EM] >>> [E:30811r S:0 M:111680399 (Ack:257197599)] (U) Msg RX from 0:4DD4C05FA897A31D [0000] to 0000000000000000 --- Type 0000:24 (SecureChannel:PASE_Pake3) (B:63)[0m
[0;34m[1784655535.387] [8386:8386] [EM] Found matching exchange: 30811r, Delegate: 0x5725b1dedd08[0m
[0;34m[1784655535.387] [8386:8386] [EM] Rxd Ack; Removing MessageCounter:257197599 from Retrans Table on exchange 30811r[0m
[0;34m[1784655535.387] [8386:8386] [SC] Received spake2p msg3[0m
[0;34m[1784655535.387] [8386:8386] [SC] Sending status report. Protocol code 0, exchange 30811[0m
[0;32m[1784655535.387] [8386:8386] [EM] <<< [E:30811r S:0 M:257197600 (Ack:111680399)] (U) Msg TX from 0000000000000000 to 0:4DD4C05FA897A31D [0000] [UDP:[fe80::bfe:a203:38f0:bce7%enp0s3]:57359] --- Type 0000:40 (SecureChannel:StatusReport) (B:34)[0m
[0;32m[1784655535.387] [8386:8386] [EM] ??1 [E:30811r S:0 M:257197600] (U) Msg Retransmission to 0:0000000000000000 scheduled for 407ms from now [State:Active II:500 AI:300 AT:4000][0m
[0;32m[1784655535.387] [8386:8386] [SC] SecureSession[0x5725b5bd9890, LSID:26679]: State change 'kEstablishing' --> 'kActive'[0m
[0;34m[1784655535.387] [8386:8386] [IN] SecureSession[0x5725b5bd9890]: Activated - Type:1 LSID:26679[0m
[0;34m[1784655535.387] [8386:8386] [IN] New secure session activated for device <FFFFFFFB00000000, 0>, LSID:26679 PSID:9913![0m
[0;32m[1784655535.387] [8386:8386] [SVR] Commissioning completed session establishment step[0m
[0;32m[1784655535.387] [8386:8386] [DIS] Updating services using commissioning mode 0[0m
[0;32m[1784655535.388] [8386:8386] [DIS] CHIP minimal mDNS started advertising.[0m
[0;32m[1784655535.389] [8386:8386] [SVR] Device completed Rendezvous process[0m
[0;32m[1784655535.389] [8386:8386] [EM] >>> [E:30812r S:26679 M:85754048] (S) Msg RX from 0:FFFFFFFB00000000 [0000] to 0000000000000000 --- Type 0001:02 (IM:ReadRequest) (B:136)[0m
[0;34m[1784655535.389] [8386:8386] [EM] Handling via exchange: 30812r, Delegate: 0x5725b1df5ac8[0m
[0;34m[1784655535.389] [8386:8386] [IM] Received Read request[0m
[0;34m[1784655535.389] [8386:8386] [DMG] ReadRequestMessage =[0m
[0;34m[1784655535.389] [8386:8386] [DMG] {[0m
[0;34m[1784655535.389] [8386:8386] [DMG] 	AttributePathIBs =[0m
[0;34m[1784655535.389] [8386:8386] [DMG] 	[[0m
[0;34m[1784655535.389] [8386:8386] [DMG] 		AttributePathIB =[0m
[0;34m[1784655535.389] [8386:8386] [DMG] 		{[0m
[0;34m[1784655535.389] [8386:8386] [DMG] 			Endpoint = 0x0,[0m
[0;34m[1784655535.389] [8386:8386] [DMG] 			Cluster = 0x30,[0m
[0;34m[1784655535.389] [8386:8386] [DMG] 			Attribute = 0x0000_0004,[0m
[0;34m[1784655535.389] [8386:8386] [DMG] 		}[0m
[0;34m[1784655535.389] [8386:8386] [DMG] 			[0m
[0;34m[1784655535.389] [8386:8386] [DMG] 		AttributePathIB =[0m
[0;34m[1784655535.389] [8386:8386] [DMG] 		{[0m
[0;34m[1784655535.389] [8386:8386] [DMG] 			Endpoint = 0x0,[0m
[0;34m[1784655535.389] [8386:8386] [DMG] 			Cluster = 0x30,[0m
[0;34m[1784655535.389] [8386:8386] [DMG] 			Attribute = 0x0000_0000,[0m
[0;34m[1784655535.389] [8386:8386] [DMG] 		}[0m
[0;34m[1784655535.389] [8386:8386] [DMG] 			[0m
[0;34m[1784655535.389] [8386:8386] [DMG] 		AttributePathIB =[0m
[0;34m[1784655535.389] [8386:8386] [DMG] 		{[0m
[0;34m[1784655535.389] [8386:8386] [DMG] 			Endpoint = 0x0,[0m
[0;34m[1784655535.389] [8386:8386] [DMG] 			Cluster = 0x30,[0m
[0;34m[1784655535.389] [8386:8386] [DMG] 			Attribute = 0x0000_0001,[0m
[0;34m[1784655535.389] [8386:8386] [DMG] 		}[0m
[0;34m[1784655535.389] [8386:8386] [DMG] 			[0m
[0;34m[1784655535.389] [8386:8386] [DMG] 		AttributePathIB =[0m
[0;34m[1784655535.389] [8386:8386] [DMG] 		{[0m
[0;34m[1784655535.389] [8386:8386] [DMG] 			Endpoint = 0x0,[0m
[0;34m[1784655535.389] [8386:8386] [DMG] 			Cluster = 0x30,[0m
[0;34m[1784655535.389] [8386:8386] [DMG] 			Attribute = 0x0000_0002,[0m
[0;34m[1784655535.389] [8386:8386] [DMG] 		}[0m
[0;34m[1784655535.389] [8386:8386] [DMG] 			[0m
[0;34m[1784655535.389] [8386:8386] [DMG] 		AttributePathIB =[0m
[0;34m[1784655535.389] [8386:8386] [DMG] 		{[0m
[0;34m[1784655535.389] [8386:8386] [DMG] 			Endpoint = 0x0,[0m
[0;34m[1784655535.389] [8386:8386] [DMG] 			Cluster = 0x30,[0m
[0;34m[1784655535.389] [8386:8386] [DMG] 			Attribute = 0x0000_0003,[0m
[0;34m[1784655535.389] [8386:8386] [DMG] 		}[0m
[0;34m[1784655535.389] [8386:8386] [DMG] 			[0m
[0;34m[1784655535.389] [8386:8386] [DMG] 		AttributePathIB =[0m
[0;34m[1784655535.389] [8386:8386] [DMG] 		{[0m
[0;34m[1784655535.389] [8386:8386] [DMG] 			Endpoint = 0x0,[0m
[0;34m[1784655535.389] [8386:8386] [DMG] 			Cluster = 0x30,[0m
[0;34m[1784655535.389] [8386:8386] [DMG] 			Attribute = 0x0000_000C,[0m
[0;34m[1784655535.389] [8386:8386] [DMG] 		}[0m
[0;34m[1784655535.389] [8386:8386] [DMG] 			[0m
[0;34m[1784655535.389] [8386:8386] [DMG] 		AttributePathIB =[0m
[0;34m[1784655535.389] [8386:8386] [DMG] 		{[0m
[0;34m[1784655535.389] [8386:8386] [DMG] 			Endpoint = 0x0,[0m
[0;34m[1784655535.389] [8386:8386] [DMG] 			Cluster = 0x28,[0m
[0;34m[1784655535.389] [8386:8386] [DMG] 			Attribute = 0x0000_0002,[0m
[0;34m[1784655535.389] [8386:8386] [DMG] 		}[0m
[0;34m[1784655535.389] [8386:8386] [DMG] 			[0m
[0;34m[1784655535.389] [8386:8386] [DMG] 		AttributePathIB =[0m
[0;34m[1784655535.389] [8386:8386] [DMG] 		{[0m
[0;34m[1784655535.389] [8386:8386] [DMG] 			Endpoint = 0x0,[0m
[0;34m[1784655535.389] [8386:8386] [DMG] 			Cluster = 0x28,[0m
[0;34m[1784655535.389] [8386:8386] [DMG] 			Attribute = 0x0000_0004,[0m
[0;34m[1784655535.389] [8386:8386] [DMG] 		}[0m
[0;34m[1784655535.389] [8386:8386] [DMG] 			[0m
[0;34m[1784655535.389] [8386:8386] [DMG] 		AttributePathIB =[0m
[0;34m[1784655535.389] [8386:8386] [DMG] 		{[0m
[0;34m[1784655535.389] [8386:8386] [DMG] 			Endpoint = 0x0,[0m
[0;34m[1784655535.389] [8386:8386] [DMG] 			Cluster = 0x38,[0m
[0;34m[1784655535.389] [8386:8386] [DMG] 		}[0m
[0;34m[1784655535.389] [8386:8386] [DMG] 			[0m
[0;34m[1784655535.389] [8386:8386] [DMG] 	],[0m
[0;34m[1784655535.389] [8386:8386] [DMG] 		[0m
[0;34m[1784655535.389] [8386:8386] [DMG] 	isFabricFiltered = false, [0m
[0;34m[1784655535.389] [8386:8386] [DMG] 	InteractionModelRevision = 12[0m
[0;34m[1784655535.389] [8386:8386] [DMG] },[0m
[0;34m[1784655535.389] [8386:8386] [DMG] IM RH moving to [CanStartReporting][0m
[0;34m[1784655535.389] [8386:8386] [DMG] Building Reports for ReadHandler with LastReportGeneration = 0x0000000000000000 DirtyGeneration = 0x0000000000000000[0m
[0;34m[1784655535.389] [8386:8386] [DMG] <RE:Run> Cluster 38, Attribute 0 is dirty[0m
[0;32m[1784655535.389] [8386:8386] [DMG] AccessControl: checking f=0 a=p s=0xFFFFFFFB00000000 t= c=0x0000_0038 e=0 p=v r=r[0m
[0;32m[1784655535.389] [8386:8386] [DMG] AccessControl: implicit admin (PASE)[0m
[0;32m[1784655535.389] [8386:8386] [DMG] AccessControl: checking f=0 a=p s=0xFFFFFFFB00000000 t= c=0x0000_0038 e=0 p=v r=r[0m
[0;32m[1784655535.389] [8386:8386] [DMG] AccessControl: implicit admin (PASE)[0m
[0;34m[1784655535.389] [8386:8386] [DMG] Reading attribute: Cluster=0x0000_0038 Endpoint=0x0 AttributeId=0x0000_0000 (expanded=1)[0m
[0;34m[1784655535.389] [8386:8386] [DMG] <RE:Run> Cluster 38, Attribute 1 is dirty[0m
[0;32m[1784655535.389] [8386:8386] [DMG] AccessControl: checking f=0 a=p s=0xFFFFFFFB00000000 t= c=0x0000_0038 e=0 p=v r=r[0m
[0;32m[1784655535.389] [8386:8386] [DMG] AccessControl: implicit admin (PASE)[0m
[0;32m[1784655535.389] [8386:8386] [DMG] AccessControl: checking f=0 a=p s=0xFFFFFFFB00000000 t= c=0x0000_0038 e=0 p=v r=r[0m
[0;32m[1784655535.389] [8386:8386] [DMG] AccessControl: implicit admin (PASE)[0m
[0;34m[1784655535.389] [8386:8386] [DMG] Reading attribute: Cluster=0x0000_0038 Endpoint=0x0 AttributeId=0x0000_0001 (expanded=1)[0m
[0;34m[1784655535.389] [8386:8386] [DMG] <RE:Run> Cluster 38, Attribute 2 is dirty[0m
[0;32m[1784655535.389] [8386:8386] [DMG] AccessControl: checking f=0 a=p s=0xFFFFFFFB00000000 t= c=0x0000_0038 e=0 p=v r=r[0m
[0;32m[1784655535.389] [8386:8386] [DMG] AccessControl: implicit admin (PASE)[0m
[0;32m[1784655535.389] [8386:8386] [DMG] AccessControl: checking f=0 a=p s=0xFFFFFFFB00000000 t= c=0x0000_0038 e=0 p=v r=r[0m
[0;32m[1784655535.389] [8386:8386] [DMG] AccessControl: implicit admin (PASE)[0m
[0;34m[1784655535.389] [8386:8386] [DMG] Reading attribute: Cluster=0x0000_0038 Endpoint=0x0 AttributeId=0x0000_0002 (expanded=1)[0m
[0;34m[1784655535.390] [8386:8386] [DMG] <RE:Run> Cluster 38, Attribute 3 is dirty[0m
[0;32m[1784655535.390] [8386:8386] [DMG] AccessControl: checking f=0 a=p s=0xFFFFFFFB00000000 t= c=0x0000_0038 e=0 p=v r=r[0m
[0;32m[1784655535.390] [8386:8386] [DMG] AccessControl: implicit admin (PASE)[0m
[0;32m[1784655535.390] [8386:8386] [DMG] AccessControl: checking f=0 a=p s=0xFFFFFFFB00000000 t= c=0x0000_0038 e=0 p=v r=r[0m
[0;32m[1784655535.390] [8386:8386] [DMG] AccessControl: implicit admin (PASE)[0m
[0;34m[1784655535.390] [8386:8386] [DMG] Reading attribute: Cluster=0x0000_0038 Endpoint=0x0 AttributeId=0x0000_0003 (expanded=1)[0m
[0;34m[1784655535.390] [8386:8386] [DMG] <RE:Run> Cluster 38, Attribute 4 is dirty[0m
[0;32m[1784655535.390] [8386:8386] [DMG] AccessControl: checking f=0 a=p s=0xFFFFFFFB00000000 t= c=0x0000_0038 e=0 p=v r=r[0m
[0;32m[1784655535.390] [8386:8386] [DMG] AccessControl: implicit admin (PASE)[0m
[0;32m[1784655535.390] [8386:8386] [DMG] AccessControl: checking f=0 a=p s=0xFFFFFFFB00000000 t= c=0x0000_0038 e=0 p=v r=r[0m
[0;32m[1784655535.390] [8386:8386] [DMG] AccessControl: implicit admin (PASE)[0m
[0;34m[1784655535.390] [8386:8386] [DMG] Reading attribute: Cluster=0x0000_0038 Endpoint=0x0 AttributeId=0x0000_0004 (expanded=1)[0m
[0;34m[1784655535.390] [8386:8386] [DMG] <RE:Run> Cluster 38, Attribute 5 is dirty[0m
[0;32m[1784655535.390] [8386:8386] [DMG] AccessControl: checking f=0 a=p s=0xFFFFFFFB00000000 t= c=0x0000_0038 e=0 p=v r=r[0m
[0;32m[1784655535.390] [8386:8386] [DMG] AccessControl: implicit admin (PASE)[0m
[0;32m[1784655535.390] [8386:8386] [DMG] AccessControl: checking f=0 a=p s=0xFFFFFFFB00000000 t= c=0x0000_0038 e=0 p=v r=r[0m
[0;32m[1784655535.390] [8386:8386] [DMG] AccessControl: implicit admin (PASE)[0m
[0;34m[1784655535.390] [8386:8386] [DMG] Reading attribute: Cluster=0x0000_0038 Endpoint=0x0 AttributeId=0x0000_0005 (expanded=1)[0m
[0;34m[1784655535.390] [8386:8386] [DMG] <RE:Run> Cluster 38, Attribute 6 is dirty[0m
[0;32m[1784655535.390] [8386:8386] [DMG] AccessControl: checking f=0 a=p s=0xFFFFFFFB00000000 t= c=0x0000_0038 e=0 p=v r=r[0m
[0;32m[1784655535.390] [8386:8386] [DMG] AccessControl: implicit admin (PASE)[0m
[0;32m[1784655535.390] [8386:8386] [DMG] AccessControl: checking f=0 a=p s=0xFFFFFFFB00000000 t= c=0x0000_0038 e=0 p=v r=r[0m
[0;32m[1784655535.390] [8386:8386] [DMG] AccessControl: implicit admin (PASE)[0m
[0;34m[1784655535.390] [8386:8386] [DMG] Reading attribute: Cluster=0x0000_0038 Endpoint=0x0 AttributeId=0x0000_0006 (expanded=1)[0m
[0;34m[1784655535.390] [8386:8386] [DMG] <RE:Run> Cluster 38, Attribute 7 is dirty[0m
[0;32m[1784655535.390] [8386:8386] [DMG] AccessControl: checking f=0 a=p s=0xFFFFFFFB00000000 t= c=0x0000_0038 e=0 p=v r=r[0m
[0;32m[1784655535.390] [8386:8386] [DMG] AccessControl: implicit admin (PASE)[0m
[0;32m[1784655535.390] [8386:8386] [DMG] AccessControl: checking f=0 a=p s=0xFFFFFFFB00000000 t= c=0x0000_0038 e=0 p=v r=r[0m
[0;32m[1784655535.390] [8386:8386] [DMG] AccessControl: implicit admin (PASE)[0m
[0;34m[1784655535.390] [8386:8386] [DMG] Reading attribute: Cluster=0x0000_0038 Endpoint=0x0 AttributeId=0x0000_0007 (expanded=1)[0m
[0;34m[1784655535.390] [8386:8386] [DMG] <RE:Run> Cluster 38, Attribute 8 is dirty[0m
[0;32m[1784655535.390] [8386:8386] [DMG] AccessControl: checking f=0 a=p s=0xFFFFFFFB00000000 t= c=0x0000_0038 e=0 p=v r=r[0m
[0;32m[1784655535.390] [8386:8386] [DMG] AccessControl: implicit admin (PASE)[0m
[0;32m[1784655535.390] [8386:8386] [DMG] AccessControl: checking f=0 a=p s=0xFFFFFFFB00000000 t= c=0x0000_0038 e=0 p=v r=r[0m
[0;32m[1784655535.390] [8386:8386] [DMG] AccessControl: implicit admin (PASE)[0m
[0;34m[1784655535.390] [8386:8386] [DMG] Reading attribute: Cluster=0x0000_0038 Endpoint=0x0 AttributeId=0x0000_0008 (expanded=1)[0m
[0;34m[1784655535.390] [8386:8386] [DMG] <RE:Run> Cluster 38, Attribute a is dirty[0m
[0;32m[1784655535.390] [8386:8386] [DMG] AccessControl: checking f=0 a=p s=0xFFFFFFFB00000000 t= c=0x0000_0038 e=0 p=v r=r[0m
[0;32m[1784655535.390] [8386:8386] [DMG] AccessControl: implicit admin (PASE)[0m
[0;32m[1784655535.390] [8386:8386] [DMG] AccessControl: checking f=0 a=p s=0xFFFFFFFB00000000 t= c=0x0000_0038 e=0 p=v r=r[0m
[0;32m[1784655535.390] [8386:8386] [DMG] AccessControl: implicit admin (PASE)[0m
[0;34m[1784655535.390] [8386:8386] [DMG] Reading attribute: Cluster=0x0000_0038 Endpoint=0x0 AttributeId=0x0000_000A (expanded=1)[0m
[0;34m[1784655535.390] [8386:8386] [DMG] <RE:Run> Cluster 38, Attribute b is dirty[0m
[0;32m[1784655535.390] [8386:8386] [DMG] AccessControl: checking f=0 a=p s=0xFFFFFFFB00000000 t= c=0x0000_0038 e=0 p=v r=r[0m
[0;32m[1784655535.390] [8386:8386] [DMG] AccessControl: implicit admin (PASE)[0m
[0;32m[1784655535.390] [8386:8386] [DMG] AccessControl: checking f=0 a=p s=0xFFFFFFFB00000000 t= c=0x0000_0038 e=0 p=v r=r[0m
[0;32m[1784655535.390] [8386:8386] [DMG] AccessControl: implicit admin (PASE)[0m
[0;34m[1784655535.390] [8386:8386] [DMG] Reading attribute: Cluster=0x0000_0038 Endpoint=0x0 AttributeId=0x0000_000B (expanded=1)[0m
[0;34m[1784655535.390] [8386:8386] [DMG] <RE:Run> Cluster 38, Attribute c is dirty[0m
[0;32m[1784655535.390] [8386:8386] [DMG] AccessControl: checking f=0 a=p s=0xFFFFFFFB00000000 t= c=0x0000_0038 e=0 p=v r=r[0m
[0;32m[1784655535.390] [8386:8386] [DMG] AccessControl: implicit admin (PASE)[0m
[0;32m[1784655535.390] [8386:8386] [DMG] AccessControl: checking f=0 a=p s=0xFFFFFFFB00000000 t= c=0x0000_0038 e=0 p=v r=r[0m
[0;32m[1784655535.390] [8386:8386] [DMG] AccessControl: implicit admin (PASE)[0m
[0;34m[1784655535.390] [8386:8386] [DMG] Reading attribute: Cluster=0x0000_0038 Endpoint=0x0 AttributeId=0x0000_000C (expanded=1)[0m
[0;34m[1784655535.390] [8386:8386] [DMG] <RE:Run> Cluster 38, Attribute fffc is dirty[0m
[0;32m[1784655535.390] [8386:8386] [DMG] AccessControl: checking f=0 a=p s=0xFFFFFFFB00000000 t= c=0x0000_0038 e=0 p=v r=r[0m
[0;32m[1784655535.390] [8386:8386] [DMG] AccessControl: implicit admin (PASE)[0m
[0;32m[1784655535.390] [8386:8386] [DMG] AccessControl: checking f=0 a=p s=0xFFFFFFFB00000000 t= c=0x0000_0038 e=0 p=v r=r[0m
[0;32m[1784655535.390] [8386:8386] [DMG] AccessControl: implicit admin (PASE)[0m
[0;34m[1784655535.390] [8386:8386] [DMG] Reading attribute: Cluster=0x0000_0038 Endpoint=0x0 AttributeId=0x0000_FFFC (expanded=1)[0m
[0;34m[1784655535.390] [8386:8386] [DMG] <RE:Run> Cluster 38, Attribute fffd is dirty[0m
[0;32m[1784655535.390] [8386:8386] [DMG] AccessControl: checking f=0 a=p s=0xFFFFFFFB00000000 t= c=0x0000_0038 e=0 p=v r=r[0m
[0;32m[1784655535.390] [8386:8386] [DMG] AccessControl: implicit admin (PASE)[0m
[0;32m[1784655535.390] [8386:8386] [DMG] AccessControl: checking f=0 a=p s=0xFFFFFFFB00000000 t= c=0x0000_0038 e=0 p=v r=r[0m
[0;32m[1784655535.390] [8386:8386] [DMG] AccessControl: implicit admin (PASE)[0m
[0;34m[1784655535.390] [8386:8386] [DMG] Reading attribute: Cluster=0x0000_0038 Endpoint=0x0 AttributeId=0x0000_FFFD (expanded=1)[0m
[0;34m[1784655535.390] [8386:8386] [DMG] <RE:Run> Cluster 38, Attribute fff8 is dirty[0m
[0;32m[1784655535.390] [8386:8386] [DMG] AccessControl: checking f=0 a=p s=0xFFFFFFFB00000000 t= c=0x0000_0038 e=0 p=v r=r[0m
[0;32m[1784655535.390] [8386:8386] [DMG] AccessControl: implicit admin (PASE)[0m
[0;32m[1784655535.390] [8386:8386] [DMG] AccessControl: checking f=0 a=p s=0xFFFFFFFB00000000 t= c=0x0000_0038 e=0 p=v r=r[0m
[0;32m[1784655535.390] [8386:8386] [DMG] AccessControl: implicit admin (PASE)[0m
[0;34m[1784655535.390] [8386:8386] [DMG] <RE:Run> Cluster 38, Attribute fff9 is dirty[0m
[0;32m[1784655535.390] [8386:8386] [DMG] AccessControl: checking f=0 a=p s=0xFFFFFFFB00000000 t= c=0x0000_0038 e=0 p=v r=r[0m
[0;32m[1784655535.390] [8386:8386] [DMG] AccessControl: implicit admin (PASE)[0m
[0;32m[1784655535.390] [8386:8386] [DMG] AccessControl: checking f=0 a=p s=0xFFFFFFFB00000000 t= c=0x0000_0038 e=0 p=v r=r[0m
[0;32m[1784655535.390] [8386:8386] [DMG] AccessControl: implicit admin (PASE)[0m
[0;34m[1784655535.390] [8386:8386] [DMG] <RE:Run> Cluster 38, Attribute fffb is dirty[0m
[0;32m[1784655535.390] [8386:8386] [DMG] AccessControl: checking f=0 a=p s=0xFFFFFFFB00000000 t= c=0x0000_0038 e=0 p=v r=r[0m
[0;32m[1784655535.390] [8386:8386] [DMG] AccessControl: implicit admin (PASE)[0m
[0;32m[1784655535.390] [8386:8386] [DMG] AccessControl: checking f=0 a=p s=0xFFFFFFFB00000000 t= c=0x0000_0038 e=0 p=v r=r[0m
[0;32m[1784655535.390] [8386:8386] [DMG] AccessControl: implicit admin (PASE)[0m
[0;34m[1784655535.390] [8386:8386] [DMG] <RE:Run> Cluster 28, Attribute 4 is dirty[0m
[0;32m[1784655535.390] [8386:8386] [DMG] AccessControl: checking f=0 a=p s=0xFFFFFFFB00000000 t= c=0x0000_0028 e=0 p=v r=r[0m
[0;32m[1784655535.390] [8386:8386] [DMG] AccessControl: implicit admin (PASE)[0m
[0;32m[1784655535.390] [8386:8386] [DMG] AccessControl: checking f=0 a=p s=0xFFFFFFFB00000000 t= c=0x0000_0028 e=0 p=v r=r[0m
[0;32m[1784655535.390] [8386:8386] [DMG] AccessControl: implicit admin (PASE)[0m
[0;34m[1784655535.390] [8386:8386] [DMG] Reading attribute: Cluster=0x0000_0028 Endpoint=0x0 AttributeId=0x0000_0004 (expanded=0)[0m
[0;34m[1784655535.390] [8386:8386] [DMG] <RE:Run> Cluster 28, Attribute 2 is dirty[0m
[0;32m[1784655535.390] [8386:8386] [DMG] AccessControl: checking f=0 a=p s=0xFFFFFFFB00000000 t= c=0x0000_0028 e=0 p=v r=r[0m
[0;32m[1784655535.390] [8386:8386] [DMG] AccessControl: implicit admin (PASE)[0m
[0;32m[1784655535.390] [8386:8386] [DMG] AccessControl: checking f=0 a=p s=0xFFFFFFFB00000000 t= c=0x0000_0028 e=0 p=v r=r[0m
[0;32m[1784655535.390] [8386:8386] [DMG] AccessControl: implicit admin (PASE)[0m
[0;34m[1784655535.390] [8386:8386] [DMG] Reading attribute: Cluster=0x0000_0028 Endpoint=0x0 AttributeId=0x0000_0002 (expanded=0)[0m
[0;34m[1784655535.390] [8386:8386] [DMG] <RE:Run> Cluster 30, Attribute c is dirty[0m
[0;32m[1784655535.390] [8386:8386] [DMG] AccessControl: checking f=0 a=p s=0xFFFFFFFB00000000 t= c=0x0000_0030 e=0 p=v r=r[0m
[0;32m[1784655535.390] [8386:8386] [DMG] AccessControl: implicit admin (PASE)[0m
[1;31m[1784655535.390] [8386:8386] [DMG] Failed to read attribute: UNSUPPORTED_ATTRIBUTE(134)[0m
[1;31m[1784655535.390] [8386:8386] [DMG] Fail to retrieve data, roll back and encode status on clusterId: 0x0000_0030, attributeId: 0x0000_000Cerr = src/app/data-model-provider/ActionReturnStatus.cpp:104: IM Error 0x00000586: General error: 0x86 (UNSUPPORTED_ATTRIBUTE)[0m
[0;34m[1784655535.390] [8386:8386] [DMG] <RE:Run> Cluster 30, Attribute 3 is dirty[0m
[0;32m[1784655535.390] [8386:8386] [DMG] AccessControl: checking f=0 a=p s=0xFFFFFFFB00000000 t= c=0x0000_0030 e=0 p=v r=r[0m
[0;32m[1784655535.390] [8386:8386] [DMG] AccessControl: implicit admin (PASE)[0m
[0;32m[1784655535.390] [8386:8386] [DMG] AccessControl: checking f=0 a=p s=0xFFFFFFFB00000000 t= c=0x0000_0030 e=0 p=v r=r[0m
[0;32m[1784655535.390] [8386:8386] [DMG] AccessControl: implicit admin (PASE)[0m
[0;34m[1784655535.390] [8386:8386] [DMG] Reading attribute: Cluster=0x0000_0030 Endpoint=0x0 AttributeId=0x0000_0003 (expanded=0)[0m
[0;34m[1784655535.390] [8386:8386] [DMG] <RE:Run> Cluster 30, Attribute 2 is dirty[0m
[0;32m[1784655535.390] [8386:8386] [DMG] AccessControl: checking f=0 a=p s=0xFFFFFFFB00000000 t= c=0x0000_0030 e=0 p=v r=r[0m
[0;32m[1784655535.390] [8386:8386] [DMG] AccessControl: implicit admin (PASE)[0m
[0;32m[1784655535.390] [8386:8386] [DMG] AccessControl: checking f=0 a=p s=0xFFFFFFFB00000000 t= c=0x0000_0030 e=0 p=v r=r[0m
[0;32m[1784655535.390] [8386:8386] [DMG] AccessControl: implicit admin (PASE)[0m
[0;34m[1784655535.390] [8386:8386] [DMG] Reading attribute: Cluster=0x0000_0030 Endpoint=0x0 AttributeId=0x0000_0002 (expanded=0)[0m
[0;34m[1784655535.390] [8386:8386] [DMG] <RE:Run> Cluster 30, Attribute 1 is dirty[0m
[0;32m[1784655535.390] [8386:8386] [DMG] AccessControl: checking f=0 a=p s=0xFFFFFFFB00000000 t= c=0x0000_0030 e=0 p=v r=r[0m
[0;32m[1784655535.390] [8386:8386] [DMG] AccessControl: implicit admin (PASE)[0m
[0;32m[1784655535.390] [8386:8386] [DMG] AccessControl: checking f=0 a=p s=0xFFFFFFFB00000000 t= c=0x0000_0030 e=0 p=v r=r[0m
[0;32m[1784655535.390] [8386:8386] [DMG] AccessControl: implicit admin (PASE)[0m
[0;34m[1784655535.390] [8386:8386] [DMG] Reading attribute: Cluster=0x0000_0030 Endpoint=0x0 AttributeId=0x0000_0001 (expanded=0)[0m
[0;34m[1784655535.390] [8386:8386] [DMG] <RE:Run> Cluster 30, Attribute 0 is dirty[0m
[0;32m[1784655535.390] [8386:8386] [DMG] AccessControl: checking f=0 a=p s=0xFFFFFFFB00000000 t= c=0x0000_0030 e=0 p=v r=r[0m
[0;32m[1784655535.390] [8386:8386] [DMG] AccessControl: implicit admin (PASE)[0m
[0;32m[1784655535.390] [8386:8386] [DMG] AccessControl: checking f=0 a=p s=0xFFFFFFFB00000000 t= c=0x0000_0030 e=0 p=v r=r[0m
[0;32m[1784655535.390] [8386:8386] [DMG] AccessControl: implicit admin (PASE)[0m
[0;34m[1784655535.390] [8386:8386] [DMG] Reading attribute: Cluster=0x0000_0030 Endpoint=0x0 AttributeId=0x0000_0000 (expanded=0)[0m
[0;34m[1784655535.390] [8386:8386] [DMG] <RE:Run> Cluster 30, Attribute 4 is dirty[0m
[0;32m[1784655535.390] [8386:8386] [DMG] AccessControl: checking f=0 a=p s=0xFFFFFFFB00000000 t= c=0x0000_0030 e=0 p=v r=r[0m
[0;32m[1784655535.390] [8386:8386] [DMG] AccessControl: implicit admin (PASE)[0m
[0;32m[1784655535.390] [8386:8386] [DMG] AccessControl: checking f=0 a=p s=0xFFFFFFFB00000000 t= c=0x0000_0030 e=0 p=v r=r[0m
[0;32m[1784655535.390] [8386:8386] [DMG] AccessControl: implicit admin (PASE)[0m
[0;34m[1784655535.390] [8386:8386] [DMG] Reading attribute: Cluster=0x0000_0030 Endpoint=0x0 AttributeId=0x0000_0004 (expanded=0)[0m
[0;34m[1784655535.390] [8386:8386] [DMG] <RE> Sending report (payload has 732 bytes)...[0m
[0;32m[1784655535.390] [8386:8386] [EM] <<< [E:30812r S:26679 M:49121713 (Ack:85754048)] (S) Msg TX from 0000000000000000 to 0:FFFFFFFB00000000 [0000] [UDP:[fe80::bfe:a203:38f0:bce7%enp0s3]:57359] --- Type 0001:05 (IM:ReportData) (B:766)[0m
[0;32m[1784655535.390] [8386:8386] [EM] ??1 [E:30812r S:26679 M:49121713] (S) Msg Retransmission to 0:FFFFFFFB00000000 scheduled for 339ms from now [State:Active II:500 AI:300 AT:4000][0m
[0;34m[1784655535.390] [8386:8386] [DMG] <RE> OnReportConfirm: NumReports = 0[0m
[0;34m[1784655535.390] [8386:8386] [DMG] <RE> ReportsInFlight = 0 with readHandler 0, RE has no more messages[0m
[0;34m[1784655535.390] [8386:8386] [DMG] IM RH moving to [AwaitingDestruction][0m
[0;34m[1784655535.390] [8386:8386] [DMG] All ReadHandler-s are clean, clear GlobalDirtySet[0m
[0;32m[1784655535.390] [8386:8386] [EM] >>> [E:30811r S:0 M:111680400 (Ack:257197600)] (U) Msg RX from 0:4DD4C05FA897A31D [0000] to 0000000000000000 --- Type 0000:10 (SecureChannel:StandaloneAck) (B:26)[0m
[0;34m[1784655535.390] [8386:8386] [EM] Found matching exchange: 30811r, Delegate: (nil)[0m
[0;34m[1784655535.390] [8386:8386] [EM] Rxd Ack; Removing MessageCounter:257197600 from Retrans Table on exchange 30811r[0m
[0;32m[1784655535.392] [8386:8386] [EM] >>> [E:30813r S:26679 M:85754049] (S) Msg RX from 0:FFFFFFFB00000000 [0000] to 0000000000000000 --- Type 0001:02 (IM:ReadRequest) (B:112)[0m
[0;34m[1784655535.392] [8386:8386] [EM] Handling via exchange: 30813r, Delegate: 0x5725b1df5ac8[0m
[0;34m[1784655535.392] [8386:8386] [IM] Received Read request[0m
[0;34m[1784655535.392] [8386:8386] [DMG] ReadRequestMessage =[0m
[0;34m[1784655535.392] [8386:8386] [DMG] {[0m
[0;34m[1784655535.392] [8386:8386] [DMG] 	AttributePathIBs =[0m
[0;34m[1784655535.392] [8386:8386] [DMG] 	[[0m
[0;34m[1784655535.392] [8386:8386] [DMG] 		AttributePathIB =[0m
[0;34m[1784655535.392] [8386:8386] [DMG] 		{[0m
[0;34m[1784655535.392] [8386:8386] [DMG] 			Cluster = 0x31,[0m
[0;34m[1784655535.392] [8386:8386] [DMG] 			Attribute = 0x0000_FFFC,[0m
[0;34m[1784655535.392] [8386:8386] [DMG] 		}[0m
[0;34m[1784655535.392] [8386:8386] [DMG] 			[0m
[0;34m[1784655535.392] [8386:8386] [DMG] 		AttributePathIB =[0m
[0;34m[1784655535.392] [8386:8386] [DMG] 		{[0m
[0;34m[1784655535.392] [8386:8386] [DMG] 			Cluster = 0x31,[0m
[0;34m[1784655535.392] [8386:8386] [DMG] 			Attribute = 0x0000_0003,[0m
[0;34m[1784655535.392] [8386:8386] [DMG] 		}[0m
[0;34m[1784655535.392] [8386:8386] [DMG] 			[0m
[0;34m[1784655535.392] [8386:8386] [DMG] 		AttributePathIB =[0m
[0;34m[1784655535.392] [8386:8386] [DMG] 		{[0m
[0;34m[1784655535.392] [8386:8386] [DMG] 			Endpoint = 0x0,[0m
[0;34m[1784655535.392] [8386:8386] [DMG] 			Cluster = 0x46,[0m
[0;34m[1784655535.392] [8386:8386] [DMG] 			Attribute = 0x0000_0006,[0m
[0;34m[1784655535.392] [8386:8386] [DMG] 		}[0m
[0;34m[1784655535.392] [8386:8386] [DMG] 			[0m
[0;34m[1784655535.392] [8386:8386] [DMG] 		AttributePathIB =[0m
[0;34m[1784655535.392] [8386:8386] [DMG] 		{[0m
[0;34m[1784655535.392] [8386:8386] [DMG] 			Endpoint = 0x0,[0m
[0;34m[1784655535.392] [8386:8386] [DMG] 			Cluster = 0x46,[0m
[0;34m[1784655535.392] [8386:8386] [DMG] 			Attribute = 0x0000_0007,[0m
[0;34m[1784655535.392] [8386:8386] [DMG] 		}[0m
[0;34m[1784655535.392] [8386:8386] [DMG] 			[0m
[0;34m[1784655535.392] [8386:8386] [DMG] 		AttributePathIB =[0m
[0;34m[1784655535.392] [8386:8386] [DMG] 		{[0m
[0;34m[1784655535.392] [8386:8386] [DMG] 			Endpoint = 0x0,[0m
[0;34m[1784655535.392] [8386:8386] [DMG] 			Cluster = 0x46,[0m
[0;34m[1784655535.392] [8386:8386] [DMG] 			Attribute = 0x0000_0000,[0m
[0;34m[1784655535.392] [8386:8386] [DMG] 		}[0m
[0;34m[1784655535.392] [8386:8386] [DMG] 			[0m
[0;34m[1784655535.392] [8386:8386] [DMG] 		AttributePathIB =[0m
[0;34m[1784655535.392] [8386:8386] [DMG] 		{[0m
[0;34m[1784655535.392] [8386:8386] [DMG] 			Endpoint = 0x0,[0m
[0;34m[1784655535.392] [8386:8386] [DMG] 			Cluster = 0x46,[0m
[0;34m[1784655535.392] [8386:8386] [DMG] 			Attribute = 0x0000_0001,[0m
[0;34m[1784655535.392] [8386:8386] [DMG] 		}[0m
[0;34m[1784655535.392] [8386:8386] [DMG] 			[0m
[0;34m[1784655535.392] [8386:8386] [DMG] 		AttributePathIB =[0m
[0;34m[1784655535.392] [8386:8386] [DMG] 		{[0m
[0;34m[1784655535.392] [8386:8386] [DMG] 			Endpoint = 0x0,[0m
[0;34m[1784655535.392] [8386:8386] [DMG] 			Cluster = 0x46,[0m
[0;34m[1784655535.392] [8386:8386] [DMG] 			Attribute = 0x0000_0002,[0m
[0;34m[1784655535.392] [8386:8386] [DMG] 		}[0m
[0;34m[1784655535.392] [8386:8386] [DMG] 			[0m
[0;34m[1784655535.392] [8386:8386] [DMG] 	],[0m
[0;34m[1784655535.392] [8386:8386] [DMG] 		[0m
[0;34m[1784655535.392] [8386:8386] [DMG] 	isFabricFiltered = false, [0m
[0;34m[1784655535.392] [8386:8386] [DMG] 	InteractionModelRevision = 12[0m
[0;34m[1784655535.392] [8386:8386] [DMG] },[0m
[0;34m[1784655535.392] [8386:8386] [DMG] IM RH moving to [CanStartReporting][0m
[0;34m[1784655535.392] [8386:8386] [DMG] Building Reports for ReadHandler with LastReportGeneration = 0x0000000000000000 DirtyGeneration = 0x0000000000000000[0m
[0;34m[1784655535.392] [8386:8386] [DMG] <RE:Run> Cluster 46, Attribute 2 is dirty[0m
[1;31m[1784655535.392] [8386:8386] [DMG] Read request on unknown cluster - no data version available[0m
[0;32m[1784655535.392] [8386:8386] [DMG] AccessControl: checking f=0 a=p s=0xFFFFFFFB00000000 t= c=0x0000_0046 e=0 p=v r=r[0m
[0;32m[1784655535.392] [8386:8386] [DMG] AccessControl: implicit admin (PASE)[0m
[1;31m[1784655535.392] [8386:8386] [DMG] Failed to read attribute: UNSUPPORTED_CLUSTER(195)[0m
[1;31m[1784655535.392] [8386:8386] [DMG] Fail to retrieve data, roll back and encode status on clusterId: 0x0000_0046, attributeId: 0x0000_0002err = src/app/data-model-provider/ActionReturnStatus.cpp:104: IM Error 0x000005C3: General error: 0xc3 (UNSUPPORTED_CLUSTER)[0m
[0;34m[1784655535.392] [8386:8386] [DMG] <RE:Run> Cluster 46, Attribute 1 is dirty[0m
[1;31m[1784655535.392] [8386:8386] [DMG] Read request on unknown cluster - no data version available[0m
[0;32m[1784655535.392] [8386:8386] [DMG] AccessControl: checking f=0 a=p s=0xFFFFFFFB00000000 t= c=0x0000_0046 e=0 p=v r=r[0m
[0;32m[1784655535.392] [8386:8386] [DMG] AccessControl: implicit admin (PASE)[0m
[1;31m[1784655535.392] [8386:8386] [DMG] Failed to read attribute: UNSUPPORTED_CLUSTER(195)[0m
[1;31m[1784655535.392] [8386:8386] [DMG] Fail to retrieve data, roll back and encode status on clusterId: 0x0000_0046, attributeId: 0x0000_0001err = src/app/data-model-provider/ActionReturnStatus.cpp:104: IM Error 0x000005C3: General error: 0xc3 (UNSUPPORTED_CLUSTER)[0m
[0;34m[1784655535.392] [8386:8386] [DMG] <RE:Run> Cluster 46, Attribute 0 is dirty[0m
[1;31m[1784655535.392] [8386:8386] [DMG] Read request on unknown cluster - no data version available[0m
[0;32m[1784655535.392] [8386:8386] [DMG] AccessControl: checking f=0 a=p s=0xFFFFFFFB00000000 t= c=0x0000_0046 e=0 p=v r=r[0m
[0;32m[1784655535.392] [8386:8386] [DMG] AccessControl: implicit admin (PASE)[0m
[1;31m[1784655535.392] [8386:8386] [DMG] Failed to read attribute: UNSUPPORTED_CLUSTER(195)[0m
[1;31m[1784655535.392] [8386:8386] [DMG] Fail to retrieve data, roll back and encode status on clusterId: 0x0000_0046, attributeId: 0x0000_0000err = src/app/data-model-provider/ActionReturnStatus.cpp:104: IM Error 0x000005C3: General error: 0xc3 (UNSUPPORTED_CLUSTER)[0m
[0;34m[1784655535.392] [8386:8386] [DMG] <RE:Run> Cluster 46, Attribute 7 is dirty[0m
[1;31m[1784655535.392] [8386:8386] [DMG] Read request on unknown cluster - no data version available[0m
[0;32m[1784655535.392] [8386:8386] [DMG] AccessControl: checking f=0 a=p s=0xFFFFFFFB00000000 t= c=0x0000_0046 e=0 p=v r=r[0m
[0;32m[1784655535.392] [8386:8386] [DMG] AccessControl: implicit admin (PASE)[0m
[1;31m[1784655535.392] [8386:8386] [DMG] Failed to read attribute: UNSUPPORTED_CLUSTER(195)[0m
[1;31m[1784655535.392] [8386:8386] [DMG] Fail to retrieve data, roll back and encode status on clusterId: 0x0000_0046, attributeId: 0x0000_0007err = src/app/data-model-provider/ActionReturnStatus.cpp:104: IM Error 0x000005C3: General error: 0xc3 (UNSUPPORTED_CLUSTER)[0m
[0;34m[1784655535.392] [8386:8386] [DMG] <RE:Run> Cluster 46, Attribute 6 is dirty[0m
[1;31m[1784655535.392] [8386:8386] [DMG] Read request on unknown cluster - no data version available[0m
[0;32m[1784655535.392] [8386:8386] [DMG] AccessControl: checking f=0 a=p s=0xFFFFFFFB00000000 t= c=0x0000_0046 e=0 p=v r=r[0m
[0;32m[1784655535.392] [8386:8386] [DMG] AccessControl: implicit admin (PASE)[0m
[1;31m[1784655535.392] [8386:8386] [DMG] Failed to read attribute: UNSUPPORTED_CLUSTER(195)[0m
[1;31m[1784655535.392] [8386:8386] [DMG] Fail to retrieve data, roll back and encode status on clusterId: 0x0000_0046, attributeId: 0x0000_0006err = src/app/data-model-provider/ActionReturnStatus.cpp:104: IM Error 0x000005C3: General error: 0xc3 (UNSUPPORTED_CLUSTER)[0m
[0;34m[1784655535.392] [8386:8386] [DMG] <RE:Run> Cluster 31, Attribute fffc is dirty[0m
[0;32m[1784655535.392] [8386:8386] [DMG] AccessControl: checking f=0 a=p s=0xFFFFFFFB00000000 t= c=0x0000_0031 e=0 p=v r=r[0m
[0;32m[1784655535.392] [8386:8386] [DMG] AccessControl: implicit admin (PASE)[0m
[0;32m[1784655535.392] [8386:8386] [DMG] AccessControl: checking f=0 a=p s=0xFFFFFFFB00000000 t= c=0x0000_0031 e=0 p=v r=r[0m
[0;32m[1784655535.392] [8386:8386] [DMG] AccessControl: implicit admin (PASE)[0m
[0;34m[1784655535.392] [8386:8386] [DMG] Reading attribute: Cluster=0x0000_0031 Endpoint=0x0 AttributeId=0x0000_FFFC (expanded=1)[0m
[0;34m[1784655535.392] [8386:8386] [DMG] <RE> Sending report (payload has 152 bytes)...[0m
[0;32m[1784655535.392] [8386:8386] [EM] <<< [E:30813r S:26679 M:49121714 (Ack:85754049)] (S) Msg TX from 0000000000000000 to 0:FFFFFFFB00000000 [0000] [UDP:[fe80::bfe:a203:38f0:bce7%enp0s3]:57359] --- Type 0001:05 (IM:ReportData) (B:186)[0m
[0;32m[1784655535.392] [8386:8386] [EM] ??1 [E:30813r S:26679 M:49121714] (S) Msg Retransmission to 0:FFFFFFFB00000000 scheduled for 383ms from now [State:Active II:500 AI:300 AT:4000][0m
[0;34m[1784655535.392] [8386:8386] [DMG] <RE> OnReportConfirm: NumReports = 0[0m
[0;34m[1784655535.392] [8386:8386] [DMG] <RE> ReportsInFlight = 0 with readHandler 0, RE has no more messages[0m
[0;34m[1784655535.392] [8386:8386] [DMG] IM RH moving to [AwaitingDestruction][0m
[0;34m[1784655535.392] [8386:8386] [DMG] All ReadHandler-s are clean, clear GlobalDirtySet[0m
[0;32m[1784655535.393] [8386:8386] [EM] >>> [E:30812r S:26679 M:85754050 (Ack:49121713)] (S) Msg RX from 0:FFFFFFFB00000000 [0000] to 0000000000000000 --- Type 0000:10 (SecureChannel:StandaloneAck) (B:34)[0m
[0;34m[1784655535.393] [8386:8386] [EM] Found matching exchange: 30812r, Delegate: (nil)[0m
[0;34m[1784655535.393] [8386:8386] [EM] Rxd Ack; Removing MessageCounter:49121713 from Retrans Table on exchange 30812r[0m
[0;32m[1784655535.393] [8386:8386] [EM] >>> [E:30814r S:26679 M:85754051] (S) Msg RX from 0:FFFFFFFB00000000 [0000] to 0000000000000000 --- Type 0001:08 (IM:InvokeCommandRequest) (B:65)[0m
[0;34m[1784655535.393] [8386:8386] [EM] Handling via exchange: 30814r, Delegate: 0x5725b1df5ac8[0m
[0;34m[1784655535.393] [8386:8386] [DMG] InvokeRequestMessage =[0m
[0;34m[1784655535.393] [8386:8386] [DMG] {[0m
[0;34m[1784655535.393] [8386:8386] [DMG] 	suppressResponse = false, [0m
[0;34m[1784655535.393] [8386:8386] [DMG] 	timedRequest = false, [0m
[0;34m[1784655535.393] [8386:8386] [DMG] 	InvokeRequests =[0m
[0;34m[1784655535.393] [8386:8386] [DMG] 	[[0m
[0;34m[1784655535.393] [8386:8386] [DMG] 		CommandDataIB =[0m
[0;34m[1784655535.393] [8386:8386] [DMG] 		{[0m
[0;34m[1784655535.393] [8386:8386] [DMG] 			CommandPathIB =[0m
[0;34m[1784655535.393] [8386:8386] [DMG] 			{[0m
[0;34m[1784655535.393] [8386:8386] [DMG] 				EndpointId = 0x0,[0m
[0;34m[1784655535.393] [8386:8386] [DMG] 				ClusterId = 0x30,[0m
[0;34m[1784655535.393] [8386:8386] [DMG] 				CommandId = 0x0,[0m
[0;34m[1784655535.393] [8386:8386] [DMG] 			},[0m
[0;34m[1784655535.393] [8386:8386] [DMG] 			[0m
[0;34m[1784655535.393] [8386:8386] [DMG] 			CommandFields = [0m
[0;34m[1784655535.393] [8386:8386] [DMG] 			{[0m
[0;34m[1784655535.393] [8386:8386] [DMG] 				0x0 = 60 (unsigned), [0m
[0;34m[1784655535.393] [8386:8386] [DMG] 				0x1 = 3 (unsigned), [0m
[0;34m[1784655535.393] [8386:8386] [DMG] 			},[0m
[0;34m[1784655535.393] [8386:8386] [DMG] 		},[0m
[0;34m[1784655535.393] [8386:8386] [DMG] 		[0m
[0;34m[1784655535.393] [8386:8386] [DMG] 	],[0m
[0;34m[1784655535.393] [8386:8386] [DMG] 	[0m
[0;34m[1784655535.393] [8386:8386] [DMG] 	InteractionModelRevision = 12[0m
[0;34m[1784655535.393] [8386:8386] [DMG] },[0m
[0;32m[1784655535.393] [8386:8386] [DMG] AccessControl: checking f=0 a=p s=0xFFFFFFFB00000000 t= c=0x0000_0030 e=0 p=o r=i[0m
[0;32m[1784655535.393] [8386:8386] [DMG] AccessControl: implicit admin (PASE)[0m
[0;32m[1784655535.393] [8386:8386] [DMG] AccessControl: checking f=0 a=p s=0xFFFFFFFB00000000 t= c=0x0000_0030 e=0 p=a r=i[0m
[0;32m[1784655535.393] [8386:8386] [DMG] AccessControl: implicit admin (PASE)[0m
[0;34m[1784655535.393] [8386:8386] [DMG] Received command for Endpoint=0 Cluster=0x0000_0030 Command=0x0000_0000[0m
[0;32m[1784655535.393] [8386:8386] [FS] GeneralCommissioning: Received ArmFailSafe (60s)[0m
[0;34m[1784655535.393] [8386:8386] [DMG] Command handler moving to [NewRespons][0m
[0;34m[1784655535.393] [8386:8386] [DMG] Command handler moving to [ Preparing][0m
[0;34m[1784655535.393] [8386:8386] [DMG] Command handler moving to [AddingComm][0m
[0;34m[1784655535.393] [8386:8386] [DMG] Command handler moving to [AddedComma][0m
[0;34m[1784655535.393] [8386:8386] [DMG] Decreasing reference count for CommandHandlerImpl, remaining 1[0m
[0;34m[1784655535.393] [8386:8386] [DMG] Decreasing reference count for CommandHandlerImpl, remaining 0[0m
[0;34m[1784655535.393] [8386:8386] [DMG] Command handler moving to [AwaitingDe][0m
[0;32m[1784655535.393] [8386:8386] [EM] <<< [E:30814r S:26679 M:49121715 (Ack:85754051)] (S) Msg TX from 0000000000000000 to 0:FFFFFFFB00000000 [0000] [UDP:[fe80::bfe:a203:38f0:bce7%enp0s3]:57359] --- Type 0001:09 (IM:InvokeCommandResponse) (B:70)[0m
[0;32m[1784655535.393] [8386:8386] [EM] ??1 [E:30814r S:26679 M:49121715] (S) Msg Retransmission to 0:FFFFFFFB00000000 scheduled for 395ms from now [State:Active II:500 AI:300 AT:4000][0m
[0;34m[1784655535.393] [8386:8386] [DMG] Command response sender moving to [AllInvokeR][0m
[0;32m[1784655535.393] [8386:8386] [EM] >>> [E:30813r S:26679 M:85754052 (Ack:49121714)] (S) Msg RX from 0:FFFFFFFB00000000 [0000] to 0000000000000000 --- Type 0000:10 (SecureChannel:StandaloneAck) (B:34)[0m
[0;34m[1784655535.393] [8386:8386] [EM] Found matching exchange: 30813r, Delegate: (nil)[0m
[0;34m[1784655535.393] [8386:8386] [EM] Rxd Ack; Removing MessageCounter:49121714 from Retrans Table on exchange 30813r[0m
[0;32m[1784655535.394] [8386:8386] [EM] >>> [E:30815r S:26679 M:85754053] (S) Msg RX from 0:FFFFFFFB00000000 [0000] to 0000000000000000 --- Type 0001:08 (IM:InvokeCommandRequest) (B:70)[0m
[0;34m[1784655535.394] [8386:8386] [EM] Handling via exchange: 30815r, Delegate: 0x5725b1df5ac8[0m
[0;34m[1784655535.394] [8386:8386] [DMG] InvokeRequestMessage =[0m
[0;34m[1784655535.394] [8386:8386] [DMG] {[0m
[0;34m[1784655535.394] [8386:8386] [DMG] 	suppressResponse = false, [0m
[0;34m[1784655535.394] [8386:8386] [DMG] 	timedRequest = false, [0m
[0;34m[1784655535.394] [8386:8386] [DMG] 	InvokeRequests =[0m
[0;34m[1784655535.394] [8386:8386] [DMG] 	[[0m
[0;34m[1784655535.394] [8386:8386] [DMG] 		CommandDataIB =[0m
[0;34m[1784655535.394] [8386:8386] [DMG] 		{[0m
[0;34m[1784655535.394] [8386:8386] [DMG] 			CommandPathIB =[0m
[0;34m[1784655535.394] [8386:8386] [DMG] 			{[0m
[0;34m[1784655535.394] [8386:8386] [DMG] 				EndpointId = 0x0,[0m
[0;34m[1784655535.394] [8386:8386] [DMG] 				ClusterId = 0x30,[0m
[0;34m[1784655535.394] [8386:8386] [DMG] 				CommandId = 0x2,[0m
[0;34m[1784655535.394] [8386:8386] [DMG] 			},[0m
[0;34m[1784655535.394] [8386:8386] [DMG] 			[0m
[0;34m[1784655535.394] [8386:8386] [DMG] 			CommandFields = [0m
[0;34m[1784655535.394] [8386:8386] [DMG] 			{[0m
[0;34m[1784655535.394] [8386:8386] [DMG] 				0x0 = 0 (unsigned), [0m
[0;34m[1784655535.394] [8386:8386] [DMG] 				0x1 = "XX" (2 chars), [0m
[0;34m[1784655535.394] [8386:8386] [DMG] 				0x2 = 4 (unsigned), [0m
[0;34m[1784655535.394] [8386:8386] [DMG] 			},[0m
[0;34m[1784655535.394] [8386:8386] [DMG] 		},[0m
[0;34m[1784655535.394] [8386:8386] [DMG] 		[0m
[0;34m[1784655535.394] [8386:8386] [DMG] 	],[0m
[0;34m[1784655535.394] [8386:8386] [DMG] 	[0m
[0;34m[1784655535.394] [8386:8386] [DMG] 	InteractionModelRevision = 12[0m
[0;34m[1784655535.394] [8386:8386] [DMG] },[0m
[0;32m[1784655535.394] [8386:8386] [DMG] AccessControl: checking f=0 a=p s=0xFFFFFFFB00000000 t= c=0x0000_0030 e=0 p=o r=i[0m
[0;32m[1784655535.394] [8386:8386] [DMG] AccessControl: implicit admin (PASE)[0m
[0;32m[1784655535.394] [8386:8386] [DMG] AccessControl: checking f=0 a=p s=0xFFFFFFFB00000000 t= c=0x0000_0030 e=0 p=a r=i[0m
[0;32m[1784655535.394] [8386:8386] [DMG] AccessControl: implicit admin (PASE)[0m
[0;34m[1784655535.394] [8386:8386] [DMG] Received command for Endpoint=0 Cluster=0x0000_0030 Command=0x0000_0002[0m
[0;34m[1784655535.397] [8386:8386] [DL] Wrote settings to /tmp/chip_config.ini[0m
[0;32m[1784655535.397] [8386:8386] [DL] NVS set: chip-config/regulatory-location = 0 (0x0)[0m
[0;34m[1784655535.400] [8386:8386] [DL] Wrote settings to /tmp/chip_config.ini[0m
[0;32m[1784655535.400] [8386:8386] [DL] NVS set: chip-config/country-code = "XX"[0m
[0;34m[1784655535.400] [8386:8386] [DMG] Command handler moving to [NewRespons][0m
[0;34m[1784655535.400] [8386:8386] [DMG] Command handler moving to [ Preparing][0m
[0;34m[1784655535.400] [8386:8386] [DMG] Command handler moving to [AddingComm][0m
[0;34m[1784655535.400] [8386:8386] [DMG] Command handler moving to [AddedComma][0m
[0;34m[1784655535.400] [8386:8386] [DMG] Decreasing reference count for CommandHandlerImpl, remaining 1[0m
[0;34m[1784655535.400] [8386:8386] [DMG] Decreasing reference count for CommandHandlerImpl, remaining 0[0m
[0;34m[1784655535.400] [8386:8386] [DMG] Command handler moving to [AwaitingDe][0m
[0;32m[1784655535.400] [8386:8386] [EM] <<< [E:30815r S:26679 M:49121716 (Ack:85754053)] (S) Msg TX from 0000000000000000 to 0:FFFFFFFB00000000 [0000] [UDP:[fe80::bfe:a203:38f0:bce7%enp0s3]:57359] --- Type 0001:09 (IM:InvokeCommandResponse) (B:70)[0m
[0;32m[1784655535.400] [8386:8386] [EM] ??1 [E:30815r S:26679 M:49121716] (S) Msg Retransmission to 0:FFFFFFFB00000000 scheduled for 366ms from now [State:Active II:500 AI:300 AT:4000][0m
[0;34m[1784655535.400] [8386:8386] [DMG] Command response sender moving to [AllInvokeR][0m
[0;32m[1784655535.400] [8386:8386] [EM] >>> [E:30814r S:26679 M:85754054 (Ack:49121715)] (S) Msg RX from 0:FFFFFFFB00000000 [0000] to 0000000000000000 --- Type 0000:10 (SecureChannel:StandaloneAck) (B:34)[0m
[0;34m[1784655535.400] [8386:8386] [EM] Found matching exchange: 30814r, Delegate: (nil)[0m
[0;34m[1784655535.400] [8386:8386] [EM] Rxd Ack; Removing MessageCounter:49121715 from Retrans Table on exchange 30814r[0m
[0;32m[1784655535.400] [8386:8386] [EM] >>> [E:30816r S:26679 M:85754055] (S) Msg RX from 0:FFFFFFFB00000000 [0000] to 0000000000000000 --- Type 0001:08 (IM:InvokeCommandRequest) (B:72)[0m
[0;34m[1784655535.400] [8386:8386] [EM] Handling via exchange: 30816r, Delegate: 0x5725b1df5ac8[0m
[0;34m[1784655535.400] [8386:8386] [DMG] InvokeRequestMessage =[0m
[0;34m[1784655535.400] [8386:8386] [DMG] {[0m
[0;34m[1784655535.400] [8386:8386] [DMG] 	suppressResponse = false, [0m
[0;34m[1784655535.400] [8386:8386] [DMG] 	timedRequest = false, [0m
[0;34m[1784655535.400] [8386:8386] [DMG] 	InvokeRequests =[0m
[0;34m[1784655535.400] [8386:8386] [DMG] 	[[0m
[0;34m[1784655535.400] [8386:8386] [DMG] 		CommandDataIB =[0m
[0;34m[1784655535.400] [8386:8386] [DMG] 		{[0m
[0;34m[1784655535.400] [8386:8386] [DMG] 			CommandPathIB =[0m
[0;34m[1784655535.400] [8386:8386] [DMG] 			{[0m
[0;34m[1784655535.400] [8386:8386] [DMG] 				EndpointId = 0x0,[0m
[0;34m[1784655535.400] [8386:8386] [DMG] 				ClusterId = 0x38,[0m
[0;34m[1784655535.400] [8386:8386] [DMG] 				CommandId = 0x0,[0m
[0;34m[1784655535.400] [8386:8386] [DMG] 			},[0m
[0;34m[1784655535.400] [8386:8386] [DMG] 			[0m
[0;34m[1784655535.400] [8386:8386] [DMG] 			CommandFields = [0m
[0;34m[1784655535.400] [8386:8386] [DMG] 			{[0m
[0;34m[1784655535.400] [8386:8386] [DMG] 				0x0 = 837970735400279 (unsigned), [0m
[0;34m[1784655535.400] [8386:8386] [DMG] 				0x1 = 2 (unsigned), [0m
[0;34m[1784655535.400] [8386:8386] [DMG] 			},[0m
[0;34m[1784655535.400] [8386:8386] [DMG] 		},[0m
[0;34m[1784655535.400] [8386:8386] [DMG] 		[0m
[0;34m[1784655535.400] [8386:8386] [DMG] 	],[0m
[0;34m[1784655535.400] [8386:8386] [DMG] 	[0m
[0;34m[1784655535.400] [8386:8386] [DMG] 	InteractionModelRevision = 12[0m
[0;34m[1784655535.400] [8386:8386] [DMG] },[0m
[0;32m[1784655535.400] [8386:8386] [DMG] AccessControl: checking f=0 a=p s=0xFFFFFFFB00000000 t= c=0x0000_0038 e=0 p=o r=i[0m
[0;32m[1784655535.400] [8386:8386] [DMG] AccessControl: implicit admin (PASE)[0m
[0;32m[1784655535.400] [8386:8386] [DMG] AccessControl: checking f=0 a=p s=0xFFFFFFFB00000000 t= c=0x0000_0038 e=0 p=a r=i[0m
[0;32m[1784655535.400] [8386:8386] [DMG] AccessControl: implicit admin (PASE)[0m
[0;34m[1784655535.400] [8386:8386] [DMG] Received command for Endpoint=0 Cluster=0x0000_0038 Command=0x0000_0000[0m
[1;31m[1784655535.400] [8386:8386] [DMG] Endpoint=0 Cluster=0x0000_0038 Command=0x0000_0000 status 0x01 (FAILURE) ClusterSpecificCode=2 (no additional context)[0m
[0;34m[1784655535.400] [8386:8386] [DMG] Command handler moving to [NewRespons][0m
[0;34m[1784655535.400] [8386:8386] [DMG] Command handler moving to [ Preparing][0m
[0;34m[1784655535.400] [8386:8386] [DMG] Command handler moving to [AddingComm][0m
[0;34m[1784655535.400] [8386:8386] [DMG] Command handler moving to [AddedComma][0m
[0;34m[1784655535.400] [8386:8386] [DMG] Decreasing reference count for CommandHandlerImpl, remaining 1[0m
[0;34m[1784655535.400] [8386:8386] [DMG] Decreasing reference count for CommandHandlerImpl, remaining 0[0m
[0;34m[1784655535.400] [8386:8386] [DMG] Command handler moving to [AwaitingDe][0m
[0;32m[1784655535.400] [8386:8386] [EM] <<< [E:30816r S:26679 M:49121717 (Ack:85754055)] (S) Msg TX from 0000000000000000 to 0:FFFFFFFB00000000 [0000] [UDP:[fe80::bfe:a203:38f0:bce7%enp0s3]:57359] --- Type 0001:09 (IM:InvokeCommandResponse) (B:70)[0m
[0;32m[1784655535.400] [8386:8386] [EM] ??1 [E:30816r S:26679 M:49121717] (S) Msg Retransmission to 0:FFFFFFFB00000000 scheduled for 350ms from now [State:Active II:500 AI:300 AT:4000][0m
[0;34m[1784655535.400] [8386:8386] [DMG] Command response sender moving to [AllInvokeR][0m
[0;32m[1784655535.400] [8386:8386] [EM] >>> [E:30815r S:26679 M:85754056 (Ack:49121716)] (S) Msg RX from 0:FFFFFFFB00000000 [0000] to 0000000000000000 --- Type 0000:10 (SecureChannel:StandaloneAck) (B:34)[0m
[0;34m[1784655535.400] [8386:8386] [EM] Found matching exchange: 30815r, Delegate: (nil)[0m
[0;34m[1784655535.400] [8386:8386] [EM] Rxd Ack; Removing MessageCounter:49121716 from Retrans Table on exchange 30815r[0m
[0;32m[1784655535.401] [8386:8386] [EM] >>> [E:30817r S:26679 M:85754057] (S) Msg RX from 0:FFFFFFFB00000000 [0000] to 0000000000000000 --- Type 0001:08 (IM:InvokeCommandRequest) (B:62)[0m
[0;34m[1784655535.401] [8386:8386] [EM] Handling via exchange: 30817r, Delegate: 0x5725b1df5ac8[0m
[0;34m[1784655535.401] [8386:8386] [DMG] InvokeRequestMessage =[0m
[0;34m[1784655535.401] [8386:8386] [DMG] {[0m
[0;34m[1784655535.401] [8386:8386] [DMG] 	suppressResponse = false, [0m
[0;34m[1784655535.401] [8386:8386] [DMG] 	timedRequest = false, [0m
[0;34m[1784655535.401] [8386:8386] [DMG] 	InvokeRequests =[0m
[0;34m[1784655535.401] [8386:8386] [DMG] 	[[0m
[0;34m[1784655535.401] [8386:8386] [DMG] 		CommandDataIB =[0m
[0;34m[1784655535.401] [8386:8386] [DMG] 		{[0m
[0;34m[1784655535.401] [8386:8386] [DMG] 			CommandPathIB =[0m
[0;34m[1784655535.401] [8386:8386] [DMG] 			{[0m
[0;34m[1784655535.401] [8386:8386] [DMG] 				EndpointId = 0x0,[0m
[0;34m[1784655535.401] [8386:8386] [DMG] 				ClusterId = 0x3e,[0m
[0;34m[1784655535.401] [8386:8386] [DMG] 				CommandId = 0x2,[0m
[0;34m[1784655535.401] [8386:8386] [DMG] 			},[0m
[0;34m[1784655535.401] [8386:8386] [DMG] 			[0m
[0;34m[1784655535.401] [8386:8386] [DMG] 			CommandFields = [0m
[0;34m[1784655535.401] [8386:8386] [DMG] 			{[0m
[0;34m[1784655535.401] [8386:8386] [DMG] 				0x0 = 2 (unsigned), [0m
[0;34m[1784655535.401] [8386:8386] [DMG] 			},[0m
[0;34m[1784655535.401] [8386:8386] [DMG] 		},[0m
[0;34m[1784655535.401] [8386:8386] [DMG] 		[0m
[0;34m[1784655535.401] [8386:8386] [DMG] 	],[0m
[0;34m[1784655535.401] [8386:8386] [DMG] 	[0m
[0;34m[1784655535.401] [8386:8386] [DMG] 	InteractionModelRevision = 12[0m
[0;34m[1784655535.401] [8386:8386] [DMG] },[0m
[0;32m[1784655535.401] [8386:8386] [DMG] AccessControl: checking f=0 a=p s=0xFFFFFFFB00000000 t= c=0x0000_003E e=0 p=o r=i[0m
[0;32m[1784655535.401] [8386:8386] [DMG] AccessControl: implicit admin (PASE)[0m
[0;32m[1784655535.401] [8386:8386] [DMG] AccessControl: checking f=0 a=p s=0xFFFFFFFB00000000 t= c=0x0000_003E e=0 p=a r=i[0m
[0;32m[1784655535.401] [8386:8386] [DMG] AccessControl: implicit admin (PASE)[0m
[0;34m[1784655535.401] [8386:8386] [DMG] Received command for Endpoint=0 Cluster=0x0000_003E Command=0x0000_0002[0m
[0;32m[1784655535.401] [8386:8386] [ZCL] OpCreds: Certificate Chain request received for PAI[0m
[0;34m[1784655535.401] [8386:8386] [DMG] Command handler moving to [NewRespons][0m
[0;34m[1784655535.401] [8386:8386] [DMG] Command handler moving to [ Preparing][0m
[0;34m[1784655535.401] [8386:8386] [DMG] Command handler moving to [AddingComm][0m
[0;34m[1784655535.401] [8386:8386] [DMG] Command handler moving to [AddedComma][0m
[0;34m[1784655535.401] [8386:8386] [DMG] Decreasing reference count for CommandHandlerImpl, remaining 1[0m
[0;34m[1784655535.401] [8386:8386] [DMG] Decreasing reference count for CommandHandlerImpl, remaining 0[0m
[0;34m[1784655535.401] [8386:8386] [DMG] Command handler moving to [AwaitingDe][0m
[0;32m[1784655535.401] [8386:8386] [EM] <<< [E:30817r S:26679 M:49121718 (Ack:85754057)] (S) Msg TX from 0000000000000000 to 0:FFFFFFFB00000000 [0000] [UDP:[fe80::bfe:a203:38f0:bce7%enp0s3]:57359] --- Type 0001:09 (IM:InvokeCommandResponse) (B:531)[0m
[0;32m[1784655535.401] [8386:8386] [EM] ??1 [E:30817r S:26679 M:49121718] (S) Msg Retransmission to 0:FFFFFFFB00000000 scheduled for 371ms from now [State:Active II:500 AI:300 AT:4000][0m
[0;34m[1784655535.401] [8386:8386] [DMG] Command response sender moving to [AllInvokeR][0m
[0;32m[1784655535.401] [8386:8386] [EM] >>> [E:30816r S:26679 M:85754058 (Ack:49121717)] (S) Msg RX from 0:FFFFFFFB00000000 [0000] to 0000000000000000 --- Type 0000:10 (SecureChannel:StandaloneAck) (B:34)[0m
[0;34m[1784655535.401] [8386:8386] [EM] Found matching exchange: 30816r, Delegate: (nil)[0m
[0;34m[1784655535.401] [8386:8386] [EM] Rxd Ack; Removing MessageCounter:49121717 from Retrans Table on exchange 30816r[0m
[0;32m[1784655535.401] [8386:8386] [EM] >>> [E:30818r S:26679 M:85754059] (S) Msg RX from 0:FFFFFFFB00000000 [0000] to 0000000000000000 --- Type 0001:08 (IM:InvokeCommandRequest) (B:62)[0m
[0;34m[1784655535.401] [8386:8386] [EM] Handling via exchange: 30818r, Delegate: 0x5725b1df5ac8[0m
[0;34m[1784655535.401] [8386:8386] [DMG] InvokeRequestMessage =[0m
[0;34m[1784655535.401] [8386:8386] [DMG] {[0m
[0;34m[1784655535.401] [8386:8386] [DMG] 	suppressResponse = false, [0m
[0;34m[1784655535.401] [8386:8386] [DMG] 	timedRequest = false, [0m
[0;34m[1784655535.401] [8386:8386] [DMG] 	InvokeRequests =[0m
[0;34m[1784655535.401] [8386:8386] [DMG] 	[[0m
[0;34m[1784655535.401] [8386:8386] [DMG] 		CommandDataIB =[0m
[0;34m[1784655535.401] [8386:8386] [DMG] 		{[0m
[0;34m[1784655535.401] [8386:8386] [DMG] 			CommandPathIB =[0m
[0;34m[1784655535.401] [8386:8386] [DMG] 			{[0m
[0;34m[1784655535.401] [8386:8386] [DMG] 				EndpointId = 0x0,[0m
[0;34m[1784655535.401] [8386:8386] [DMG] 				ClusterId = 0x3e,[0m
[0;34m[1784655535.401] [8386:8386] [DMG] 				CommandId = 0x2,[0m
[0;34m[1784655535.401] [8386:8386] [DMG] 			},[0m
[0;34m[1784655535.401] [8386:8386] [DMG] 			[0m
[0;34m[1784655535.401] [8386:8386] [DMG] 			CommandFields = [0m
[0;34m[1784655535.401] [8386:8386] [DMG] 			{[0m
[0;34m[1784655535.401] [8386:8386] [DMG] 				0x0 = 1 (unsigned), [0m
[0;34m[1784655535.401] [8386:8386] [DMG] 			},[0m
[0;34m[1784655535.401] [8386:8386] [DMG] 		},[0m
[0;34m[1784655535.401] [8386:8386] [DMG] 		[0m
[0;34m[1784655535.401] [8386:8386] [DMG] 	],[0m
[0;34m[1784655535.401] [8386:8386] [DMG] 	[0m
[0;34m[1784655535.401] [8386:8386] [DMG] 	InteractionModelRevision = 12[0m
[0;34m[1784655535.401] [8386:8386] [DMG] },[0m
[0;32m[1784655535.401] [8386:8386] [DMG] AccessControl: checking f=0 a=p s=0xFFFFFFFB00000000 t= c=0x0000_003E e=0 p=o r=i[0m
[0;32m[1784655535.401] [8386:8386] [DMG] AccessControl: implicit admin (PASE)[0m
[0;32m[1784655535.401] [8386:8386] [DMG] AccessControl: checking f=0 a=p s=0xFFFFFFFB00000000 t= c=0x0000_003E e=0 p=a r=i[0m
[0;32m[1784655535.401] [8386:8386] [DMG] AccessControl: implicit admin (PASE)[0m
[0;34m[1784655535.401] [8386:8386] [DMG] Received command for Endpoint=0 Cluster=0x0000_003E Command=0x0000_0002[0m
[0;32m[1784655535.401] [8386:8386] [ZCL] OpCreds: Certificate Chain request received for DAC[0m
[0;34m[1784655535.401] [8386:8386] [DMG] Command handler moving to [NewRespons][0m
[0;34m[1784655535.401] [8386:8386] [DMG] Command handler moving to [ Preparing][0m
[0;34m[1784655535.401] [8386:8386] [DMG] Command handler moving to [AddingComm][0m
[0;34m[1784655535.401] [8386:8386] [DMG] Command handler moving to [AddedComma][0m
[0;34m[1784655535.401] [8386:8386] [DMG] Decreasing reference count for CommandHandlerImpl, remaining 1[0m
[0;34m[1784655535.401] [8386:8386] [DMG] Decreasing reference count for CommandHandlerImpl, remaining 0[0m
[0;34m[1784655535.401] [8386:8386] [DMG] Command handler moving to [AwaitingDe][0m
[0;32m[1784655535.401] [8386:8386] [EM] <<< [E:30818r S:26679 M:49121719 (Ack:85754059)] (S) Msg TX from 0000000000000000 to 0:FFFFFFFB00000000 [0000] [UDP:[fe80::bfe:a203:38f0:bce7%enp0s3]:57359] --- Type 0001:09 (IM:InvokeCommandResponse) (B:559)[0m
[0;32m[1784655535.401] [8386:8386] [EM] ??1 [E:30818r S:26679 M:49121719] (S) Msg Retransmission to 0:FFFFFFFB00000000 scheduled for 393ms from now [State:Active II:500 AI:300 AT:4000][0m
[0;34m[1784655535.401] [8386:8386] [DMG] Command response sender moving to [AllInvokeR][0m
[0;32m[1784655535.401] [8386:8386] [EM] >>> [E:30817r S:26679 M:85754060 (Ack:49121718)] (S) Msg RX from 0:FFFFFFFB00000000 [0000] to 0000000000000000 --- Type 0000:10 (SecureChannel:StandaloneAck) (B:34)[0m
[0;34m[1784655535.401] [8386:8386] [EM] Found matching exchange: 30817r, Delegate: (nil)[0m
[0;34m[1784655535.401] [8386:8386] [EM] Rxd Ack; Removing MessageCounter:49121718 from Retrans Table on exchange 30817r[0m
[0;32m[1784655535.401] [8386:8386] [EM] >>> [E:30819r S:26679 M:85754061] (S) Msg RX from 0:FFFFFFFB00000000 [0000] to 0000000000000000 --- Type 0001:08 (IM:InvokeCommandRequest) (B:94)[0m
[0;34m[1784655535.402] [8386:8386] [EM] Handling via exchange: 30819r, Delegate: 0x5725b1df5ac8[0m
[0;34m[1784655535.402] [8386:8386] [DMG] InvokeRequestMessage =[0m
[0;34m[1784655535.402] [8386:8386] [DMG] {[0m
[0;34m[1784655535.402] [8386:8386] [DMG] 	suppressResponse = false, [0m
[0;34m[1784655535.402] [8386:8386] [DMG] 	timedRequest = false, [0m
[0;34m[1784655535.402] [8386:8386] [DMG] 	InvokeRequests =[0m
[0;34m[1784655535.402] [8386:8386] [DMG] 	[[0m
[0;34m[1784655535.402] [8386:8386] [DMG] 		CommandDataIB =[0m
[0;34m[1784655535.402] [8386:8386] [DMG] 		{[0m
[0;34m[1784655535.402] [8386:8386] [DMG] 			CommandPathIB =[0m
[0;34m[1784655535.402] [8386:8386] [DMG] 			{[0m
[0;34m[1784655535.402] [8386:8386] [DMG] 				EndpointId = 0x0,[0m
[0;34m[1784655535.402] [8386:8386] [DMG] 				ClusterId = 0x3e,[0m
[0;34m[1784655535.402] [8386:8386] [DMG] 				CommandId = 0x0,[0m
[0;34m[1784655535.402] [8386:8386] [DMG] 			},[0m
[0;34m[1784655535.402] [8386:8386] [DMG] 			[0m
[0;34m[1784655535.402] [8386:8386] [DMG] 			CommandFields = [0m
[0;34m[1784655535.402] [8386:8386] [DMG] 			{[0m
[0;34m[1784655535.402] [8386:8386] [DMG] 				0x0 = [[0m
[0;34m[1784655535.402] [8386:8386] [DMG] 						0x33, 0xe1, 0x7e, 0xe3, 0x55, 0x3b, 0x86, 0xc2, 0x97, 0xc7, 0xb9, 0x54, 0xfd, 0xe8, 0x42, 0xbb, 0x3b, 0xda, 0x1f, 0x30, 0x00, 0x87, 0x0f, 0xd3, 0xd0, 0xbe, 0x49, 0xd8, 0xc4, 0xa5, 0x81, 0x3b, [0m
[0;34m[1784655535.402] [8386:8386] [DMG] 				] (32 bytes)[0m
[0;34m[1784655535.402] [8386:8386] [DMG] 			},[0m
[0;34m[1784655535.402] [8386:8386] [DMG] 		},[0m
[0;34m[1784655535.402] [8386:8386] [DMG] 		[0m
[0;34m[1784655535.402] [8386:8386] [DMG] 	],[0m
[0;34m[1784655535.402] [8386:8386] [DMG] 	[0m
[0;34m[1784655535.402] [8386:8386] [DMG] 	InteractionModelRevision = 12[0m
[0;34m[1784655535.402] [8386:8386] [DMG] },[0m
[0;32m[1784655535.402] [8386:8386] [DMG] AccessControl: checking f=0 a=p s=0xFFFFFFFB00000000 t= c=0x0000_003E e=0 p=o r=i[0m
[0;32m[1784655535.402] [8386:8386] [DMG] AccessControl: implicit admin (PASE)[0m
[0;32m[1784655535.402] [8386:8386] [DMG] AccessControl: checking f=0 a=p s=0xFFFFFFFB00000000 t= c=0x0000_003E e=0 p=a r=i[0m
[0;32m[1784655535.402] [8386:8386] [DMG] AccessControl: implicit admin (PASE)[0m
[0;34m[1784655535.402] [8386:8386] [DMG] Received command for Endpoint=0 Cluster=0x0000_003E Command=0x0000_0000[0m
[0;32m[1784655535.402] [8386:8386] [ZCL] OpCreds: Received an AttestationRequest command[0m
[0;32m[1784655535.402] [8386:8386] [ZCL] OpCreds: AttestationRequest successful.[0m
[0;34m[1784655535.402] [8386:8386] [DMG] Command handler moving to [NewRespons][0m
[0;34m[1784655535.402] [8386:8386] [DMG] Command handler moving to [ Preparing][0m
[0;34m[1784655535.402] [8386:8386] [DMG] Command handler moving to [AddingComm][0m
[0;34m[1784655535.402] [8386:8386] [DMG] Command handler moving to [AddedComma][0m
[0;34m[1784655535.402] [8386:8386] [DMG] Decreasing reference count for CommandHandlerImpl, remaining 1[0m
[0;34m[1784655535.402] [8386:8386] [DMG] Decreasing reference count for CommandHandlerImpl, remaining 0[0m
[0;34m[1784655535.402] [8386:8386] [DMG] Command handler moving to [AwaitingDe][0m
[0;32m[1784655535.402] [8386:8386] [EM] <<< [E:30819r S:26679 M:49121720 (Ack:85754061)] (S) Msg TX from 0000000000000000 to 0:FFFFFFFB00000000 [0000] [UDP:[fe80::bfe:a203:38f0:bce7%enp0s3]:57359] --- Type 0001:09 (IM:InvokeCommandResponse) (B:718)[0m
[0;32m[1784655535.402] [8386:8386] [EM] ??1 [E:30819r S:26679 M:49121720] (S) Msg Retransmission to 0:FFFFFFFB00000000 scheduled for 403ms from now [State:Active II:500 AI:300 AT:4000][0m
[0;34m[1784655535.402] [8386:8386] [DMG] Command response sender moving to [AllInvokeR][0m
[0;32m[1784655535.402] [8386:8386] [EM] >>> [E:30818r S:26679 M:85754062 (Ack:49121719)] (S) Msg RX from 0:FFFFFFFB00000000 [0000] to 0000000000000000 --- Type 0000:10 (SecureChannel:StandaloneAck) (B:34)[0m
[0;34m[1784655535.402] [8386:8386] [EM] Found matching exchange: 30818r, Delegate: (nil)[0m
[0;34m[1784655535.402] [8386:8386] [EM] Rxd Ack; Removing MessageCounter:49121719 from Retrans Table on exchange 30818r[0m
[0;32m[1784655535.409] [8386:8386] [EM] >>> [E:30820r S:26679 M:85754063] (S) Msg RX from 0:FFFFFFFB00000000 [0000] to 0000000000000000 --- Type 0001:08 (IM:InvokeCommandRequest) (B:94)[0m
[0;34m[1784655535.409] [8386:8386] [EM] Handling via exchange: 30820r, Delegate: 0x5725b1df5ac8[0m
[0;34m[1784655535.409] [8386:8386] [DMG] InvokeRequestMessage =[0m
[0;34m[1784655535.409] [8386:8386] [DMG] {[0m
[0;34m[1784655535.409] [8386:8386] [DMG] 	suppressResponse = false, [0m
[0;34m[1784655535.409] [8386:8386] [DMG] 	timedRequest = false, [0m
[0;34m[1784655535.409] [8386:8386] [DMG] 	InvokeRequests =[0m
[0;34m[1784655535.409] [8386:8386] [DMG] 	[[0m
[0;34m[1784655535.409] [8386:8386] [DMG] 		CommandDataIB =[0m
[0;34m[1784655535.409] [8386:8386] [DMG] 		{[0m
[0;34m[1784655535.409] [8386:8386] [DMG] 			CommandPathIB =[0m
[0;34m[1784655535.409] [8386:8386] [DMG] 			{[0m
[0;34m[1784655535.409] [8386:8386] [DMG] 				EndpointId = 0x0,[0m
[0;34m[1784655535.409] [8386:8386] [DMG] 				ClusterId = 0x3e,[0m
[0;34m[1784655535.409] [8386:8386] [DMG] 				CommandId = 0x4,[0m
[0;34m[1784655535.409] [8386:8386] [DMG] 			},[0m
[0;34m[1784655535.409] [8386:8386] [DMG] 			[0m
[0;34m[1784655535.409] [8386:8386] [DMG] 			CommandFields = [0m
[0;34m[1784655535.409] [8386:8386] [DMG] 			{[0m
[0;34m[1784655535.409] [8386:8386] [DMG] 				0x0 = [[0m
[0;34m[1784655535.409] [8386:8386] [DMG] 						0x78, 0xbd, 0x01, 0x5a, 0x06, 0xd6, 0x0b, 0xcf, 0x8b, 0x9c, 0x3e, 0x1d, 0x79, 0x70, 0xa4, 0x70, 0x30, 0x6d, 0x51, 0x70, 0x52, 0xad, 0x5b, 0x7f, 0x81, 0x51, 0x71, 0x6f, 0x77, 0x91, 0x0e, 0x35, [0m
[0;34m[1784655535.409] [8386:8386] [DMG] 				] (32 bytes)[0m
[0;34m[1784655535.409] [8386:8386] [DMG] 			},[0m
[0;34m[1784655535.409] [8386:8386] [DMG] 		},[0m
[0;34m[1784655535.409] [8386:8386] [DMG] 		[0m
[0;34m[1784655535.409] [8386:8386] [DMG] 	],[0m
[0;34m[1784655535.409] [8386:8386] [DMG] 	[0m
[0;34m[1784655535.409] [8386:8386] [DMG] 	InteractionModelRevision = 12[0m
[0;34m[1784655535.409] [8386:8386] [DMG] },[0m
[0;32m[1784655535.409] [8386:8386] [DMG] AccessControl: checking f=0 a=p s=0xFFFFFFFB00000000 t= c=0x0000_003E e=0 p=o r=i[0m
[0;32m[1784655535.409] [8386:8386] [DMG] AccessControl: implicit admin (PASE)[0m
[0;32m[1784655535.409] [8386:8386] [DMG] AccessControl: checking f=0 a=p s=0xFFFFFFFB00000000 t= c=0x0000_003E e=0 p=a r=i[0m
[0;32m[1784655535.409] [8386:8386] [DMG] AccessControl: implicit admin (PASE)[0m
[0;34m[1784655535.409] [8386:8386] [DMG] Received command for Endpoint=0 Cluster=0x0000_003E Command=0x0000_0004[0m
[0;32m[1784655535.409] [8386:8386] [ZCL] OpCreds: Received a CSRRequest command[0m
[0;32m[1784655535.410] [8386:8386] [ZCL] OpCreds: AllocatePendingOperationalKey succeeded[0m
[0;32m[1784655535.410] [8386:8386] [ZCL] OpCreds: CSRRequest successful.[0m
[0;34m[1784655535.410] [8386:8386] [DMG] Command handler moving to [NewRespons][0m
[0;34m[1784655535.410] [8386:8386] [DMG] Command handler moving to [ Preparing][0m
[0;34m[1784655535.410] [8386:8386] [DMG] Command handler moving to [AddingComm][0m
[0;34m[1784655535.410] [8386:8386] [DMG] Command handler moving to [AddedComma][0m
[0;34m[1784655535.410] [8386:8386] [DMG] Decreasing reference count for CommandHandlerImpl, remaining 1[0m
[0;34m[1784655535.410] [8386:8386] [DMG] Decreasing reference count for CommandHandlerImpl, remaining 0[0m
[0;34m[1784655535.410] [8386:8386] [DMG] Command handler moving to [AwaitingDe][0m
[0;32m[1784655535.410] [8386:8386] [EM] <<< [E:30820r S:26679 M:49121721 (Ack:85754063)] (S) Msg TX from 0000000000000000 to 0:FFFFFFFB00000000 [0000] [UDP:[fe80::bfe:a203:38f0:bce7%enp0s3]:57359] --- Type 0001:09 (IM:InvokeCommandResponse) (B:377)[0m
[0;32m[1784655535.410] [8386:8386] [EM] ??1 [E:30820r S:26679 M:49121721] (S) Msg Retransmission to 0:FFFFFFFB00000000 scheduled for 383ms from now [State:Active II:500 AI:300 AT:4000][0m
[0;34m[1784655535.410] [8386:8386] [DMG] Command response sender moving to [AllInvokeR][0m
[0;32m[1784655535.410] [8386:8386] [EM] >>> [E:30819r S:26679 M:85754064 (Ack:49121720)] (S) Msg RX from 0:FFFFFFFB00000000 [0000] to 0000000000000000 --- Type 0000:10 (SecureChannel:StandaloneAck) (B:34)[0m
[0;34m[1784655535.410] [8386:8386] [EM] Found matching exchange: 30819r, Delegate: (nil)[0m
[0;34m[1784655535.410] [8386:8386] [EM] Rxd Ack; Removing MessageCounter:49121720 from Retrans Table on exchange 30819r[0m
[0;32m[1784655535.412] [8386:8386] [EM] >>> [E:30821r S:26679 M:85754065] (S) Msg RX from 0:FFFFFFFB00000000 [0000] to 0000000000000000 --- Type 0001:08 (IM:InvokeCommandRequest) (B:293)[0m
[0;34m[1784655535.412] [8386:8386] [EM] Handling via exchange: 30821r, Delegate: 0x5725b1df5ac8[0m
[0;34m[1784655535.412] [8386:8386] [DMG] InvokeRequestMessage =[0m
[0;34m[1784655535.412] [8386:8386] [DMG] {[0m
[0;34m[1784655535.412] [8386:8386] [DMG] 	suppressResponse = false, [0m
[0;34m[1784655535.412] [8386:8386] [DMG] 	timedRequest = false, [0m
[0;34m[1784655535.412] [8386:8386] [DMG] 	InvokeRequests =[0m
[0;34m[1784655535.412] [8386:8386] [DMG] 	[[0m
[0;34m[1784655535.412] [8386:8386] [DMG] 		CommandDataIB =[0m
[0;34m[1784655535.412] [8386:8386] [DMG] 		{[0m
[0;34m[1784655535.412] [8386:8386] [DMG] 			CommandPathIB =[0m
[0;34m[1784655535.412] [8386:8386] [DMG] 			{[0m
[0;34m[1784655535.412] [8386:8386] [DMG] 				EndpointId = 0x0,[0m
[0;34m[1784655535.412] [8386:8386] [DMG] 				ClusterId = 0x3e,[0m
[0;34m[1784655535.412] [8386:8386] [DMG] 				CommandId = 0xb,[0m
[0;34m[1784655535.412] [8386:8386] [DMG] 			},[0m
[0;34m[1784655535.412] [8386:8386] [DMG] 			[0m
[0;34m[1784655535.412] [8386:8386] [DMG] 			CommandFields = [0m
[0;34m[1784655535.412] [8386:8386] [DMG] 			{[0m
[0;34m[1784655535.412] [8386:8386] [DMG] 				0x0 = [[0m
[0;34m[1784655535.412] [8386:8386] [DMG] 						0x15, 0x30, 0x01, 0x01, 0x01, 0x24, 0x02, 0x01, 0x37, 0x03, 0x24, 0x14, 0x01, 0x18, 0x26, 0x04, 0x80, 0x22, 0x81, 0x27, 0x26, 0x05, 0x80, 0x25, 0x4d, 0x3a, 0x37, 0x06, 0x24, 0x14, 0x01, 0x18, 0x24, 0x07, 0x01, 0x24, 0x08, 0x01, 0x30, 0x09, 0x41, 0x04, 0x52, 0x03, 0x2b, 0x66, 0x3c, 0x20, 0x83, 0x76, 0x46, 0x59, 0x85, 0x08, 0xe0, 0x4c, 0x4a, 0xa9, 0xc1, 0xa9, 0x1d, 0x3e, 0x46, 0x08, 0xb9, 0x5b, 0xb7, 0x80, 0x7f, 0x0f, 0x28, 0x56, 0xe8, 0xef, 0xe2, 0x73, 0xf2, 0x71, 0xc8, 0xb8, 0xce, 0xb8, 0x38, 0x20, 0x06, 0xbc, 0xe9, 0xe6, 0xcb, 0xdd, 0x01, 0x10, 0xef, 0x62, 0x46, 0xd5, 0xef, 0xdf, 0x40, 0xb0, 0xb7, 0xab, 0x18, 0x3d, 0x69, 0x6c, 0x37, 0x0a, 0x35, 0x01, 0x29, 0x01, 0x18, 0x24, 0x02, 0x60, 0x30, 0x04, 0x14, 0xb9, 0xaf, 0x8c, 0x61, 0x03, 0x1d, 0x95, 0x7b, 0x87, 0x77, 0xdf, 0x0c, 0x21, 0x67, 0xc9, 0x62, 0x04, 0xa8, 0x56, 0xc6, 0x30, 0x05, 0x14, 0xb9, 0xaf, 0x8c, 0x61, 0x03, 0x1d, 0x95, 0x7b, 0x87, 0x77, 0xdf, 0x0c, 0x21, 0x67, 0xc9, 0x62, 0x04, 0xa8, 0x56, 0xc6, 0x18, 0x30, 0x0b, 0x40, 0x92, 0x6f, 0x1a, 0x96, 0x4e, 0xe1, 0x35, 0x35, 0x11, 0xe5, 0xde, 0x5a, 0x57, 0x54, 0xe4, 0x17, 0x42, 0xef, 0xc7, 0x9a, 0x3a, 0xb0, 0x29, 0x81, 0x54, 0x3f, 0x90, 0x23, 0x3c, 0x42, 0x8b, 0x17, 0xfd, 0x7f, 0x35, 0xaa, 0x6f, 0xf6, 0xf4, 0x6e, 0x09, 0xd4, 0x29, 0x79, 0x7d, 0xa8, 0x3a, 0xad, 0x68, 0xa4, 0xe1, 0xd2, 0xc1, 0xe6, 0x97, 0x0a, 0x3d, 0x1a, 0x26, 0xca, 0x1f, 0x25, 0x63, 0x81, 0x18, [0m
[0;34m[1784655535.412] [8386:8386] [DMG] 				] (231 bytes)[0m
[0;34m[1784655535.412] [8386:8386] [DMG] 			},[0m
[0;34m[1784655535.412] [8386:8386] [DMG] 		},[0m
[0;34m[1784655535.412] [8386:8386] [DMG] 		[0m
[0;34m[1784655535.412] [8386:8386] [DMG] 	],[0m
[0;34m[1784655535.412] [8386:8386] [DMG] 	[0m
[0;34m[1784655535.412] [8386:8386] [DMG] 	InteractionModelRevision = 12[0m
[0;34m[1784655535.412] [8386:8386] [DMG] },[0m
[0;32m[1784655535.412] [8386:8386] [DMG] AccessControl: checking f=0 a=p s=0xFFFFFFFB00000000 t= c=0x0000_003E e=0 p=o r=i[0m
[0;32m[1784655535.412] [8386:8386] [DMG] AccessControl: implicit admin (PASE)[0m
[0;32m[1784655535.412] [8386:8386] [DMG] AccessControl: checking f=0 a=p s=0xFFFFFFFB00000000 t= c=0x0000_003E e=0 p=a r=i[0m
[0;32m[1784655535.412] [8386:8386] [DMG] AccessControl: implicit admin (PASE)[0m
[0;34m[1784655535.412] [8386:8386] [DMG] Received command for Endpoint=0 Cluster=0x0000_003E Command=0x0000_000B[0m
[0;32m[1784655535.412] [8386:8386] [ZCL] OpCreds: Received an AddTrustedRootCertificate command[0m
[0;32m[1784655535.412] [8386:8386] [ZCL] OpCreds: AddTrustedRootCertificate successful.[0m
[0;34m[1784655535.412] [8386:8386] [DMG] Command handler moving to [NewRespons][0m
[0;34m[1784655535.412] [8386:8386] [DMG] Command handler moving to [ Preparing][0m
[0;34m[1784655535.412] [8386:8386] [DMG] Command handler moving to [AddingComm][0m
[0;34m[1784655535.412] [8386:8386] [DMG] Command handler moving to [AddedComma][0m
[0;34m[1784655535.412] [8386:8386] [DMG] Decreasing reference count for CommandHandlerImpl, remaining 1[0m
[0;34m[1784655535.412] [8386:8386] [DMG] Decreasing reference count for CommandHandlerImpl, remaining 0[0m
[0;34m[1784655535.412] [8386:8386] [DMG] Command handler moving to [AwaitingDe][0m
[0;32m[1784655535.412] [8386:8386] [EM] <<< [E:30821r S:26679 M:49121722 (Ack:85754065)] (S) Msg TX from 0000000000000000 to 0:FFFFFFFB00000000 [0000] [UDP:[fe80::bfe:a203:38f0:bce7%enp0s3]:57359] --- Type 0001:09 (IM:InvokeCommandResponse) (B:67)[0m
[0;32m[1784655535.412] [8386:8386] [EM] ??1 [E:30821r S:26679 M:49121722] (S) Msg Retransmission to 0:FFFFFFFB00000000 scheduled for 387ms from now [State:Active II:500 AI:300 AT:4000][0m
[0;34m[1784655535.412] [8386:8386] [DMG] Command response sender moving to [AllInvokeR][0m
[0;32m[1784655535.412] [8386:8386] [EM] >>> [E:30820r S:26679 M:85754066 (Ack:49121721)] (S) Msg RX from 0:FFFFFFFB00000000 [0000] to 0000000000000000 --- Type 0000:10 (SecureChannel:StandaloneAck) (B:34)[0m
[0;34m[1784655535.412] [8386:8386] [EM] Found matching exchange: 30820r, Delegate: (nil)[0m
[0;34m[1784655535.412] [8386:8386] [EM] Rxd Ack; Removing MessageCounter:49121721 from Retrans Table on exchange 30820r[0m
[0;32m[1784655535.413] [8386:8386] [EM] >>> [E:30822r S:26679 M:85754067] (S) Msg RX from 0:FFFFFFFB00000000 [0000] to 0000000000000000 --- Type 0001:08 (IM:InvokeCommandRequest) (B:566)[0m
[0;34m[1784655535.413] [8386:8386] [EM] Handling via exchange: 30822r, Delegate: 0x5725b1df5ac8[0m
[0;34m[1784655535.413] [8386:8386] [DMG] InvokeRequestMessage =[0m
[0;34m[1784655535.413] [8386:8386] [DMG] {[0m
[0;34m[1784655535.413] [8386:8386] [DMG] 	suppressResponse = false, [0m
[0;34m[1784655535.413] [8386:8386] [DMG] 	timedRequest = false, [0m
[0;34m[1784655535.413] [8386:8386] [DMG] 	InvokeRequests =[0m
[0;34m[1784655535.413] [8386:8386] [DMG] 	[[0m
[0;34m[1784655535.413] [8386:8386] [DMG] 		CommandDataIB =[0m
[0;34m[1784655535.413] [8386:8386] [DMG] 		{[0m
[0;34m[1784655535.413] [8386:8386] [DMG] 			CommandPathIB =[0m
[0;34m[1784655535.413] [8386:8386] [DMG] 			{[0m
[0;34m[1784655535.413] [8386:8386] [DMG] 				EndpointId = 0x0,[0m
[0;34m[1784655535.413] [8386:8386] [DMG] 				ClusterId = 0x3e,[0m
[0;34m[1784655535.413] [8386:8386] [DMG] 				CommandId = 0x6,[0m
[0;34m[1784655535.413] [8386:8386] [DMG] 			},[0m
[0;34m[1784655535.413] [8386:8386] [DMG] 			[0m
[0;34m[1784655535.413] [8386:8386] [DMG] 			CommandFields = [0m
[0;34m[1784655535.413] [8386:8386] [DMG] 			{[0m
[0;34m[1784655535.413] [8386:8386] [DMG] 				0x0 = [[0m
[0;34m[1784655535.413] [8386:8386] [DMG] 						0x15, 0x30, 0x01, 0x01, 0x01, 0x24, 0x02, 0x01, 0x37, 0x03, 0x24, 0x13, 0x02, 0x18, 0x26, 0x04, 0x80, 0x22, 0x81, 0x27, 0x26, 0x05, 0x80, 0x25, 0x4d, 0x3a, 0x37, 0x06, 0x24, 0x15, 0x01, 0x24, 0x11, 0x01, 0x18, 0x24, 0x07, 0x01, 0x24, 0x08, 0x01, 0x30, 0x09, 0x41, 0x04, 0x8e, 0xed, 0xf3, 0xa5, 0x67, 0xbd, 0x20, 0xfc, 0x76, 0xd9, 0x28, 0x55, 0xc6, 0x3a, 0xdf, 0xb4, 0x6d, 0x0c, 0x53, 0xe5, 0x7c, 0x74, 0x2d, 0xe9, 0x15, 0x7a, 0x5b, 0xfd, 0xcd, 0x97, 0x86, 0xa0, 0xef, 0x75, 0xc7, 0xce, 0xaa, 0xd6, 0xc2, 0x8d, 0xb7, 0xd6, 0xad, 0xbc, 0xf9, 0x83, 0xa2, 0x90, 0x1f, 0x45, 0x17, 0x2f, 0x40, 0xfb, 0x19, 0xa6, 0x79, 0x30, 0xf8, 0xfb, 0x1d, 0xd7, 0xd0, 0xfa, 0x37, 0x0a, 0x35, 0x01, 0x28, 0x01, 0x18, 0x24, 0x02, 0x01, 0x36, 0x03, 0x04, 0x02, 0x04, 0x01, 0x18, 0x30, 0x04, 0x14, 0x3b, 0xcf, 0x68, 0xa9, 0x89, 0x29, 0xaf, 0x7b, 0x47, 0x6d, 0xd1, 0xba, 0x06, 0x5b, 0x50, 0x27, 0xb2, 0x19, 0xea, 0x38, 0x30, 0x05, 0x14, 0xc1, 0x77, 0x10, 0x65, 0xb9, 0x1c, 0xaa, 0x9b, 0x02, 0x79, 0xb0, 0xe6, 0x7d, 0xe5, 0x15, 0x93, 0x54, 0x2c, 0x3a, 0x26, 0x18, 0x30, 0x0b, 0x40, 0x46, 0xbf, 0x45, 0x0d, 0xe7, 0x4b, 0x44, 0x3a, 0x4b, 0x91, 0x57, 0x9f, 0xa9, 0xe2, 0x9d, 0x93, 0x34, 0x12, 0x79, 0xd4, 0x55, 0xab, 0xb3, 0x75, 0xd5, 0x25, 0xd8, 0x6a, 0x87, 0xe5, 0xf8, 0x40, 0x6e, 0x84, 0x69, 0x87, 0x1f, 0x8e, 0xad, 0x97, 0x3e, 0x27, 0xcc, 0x82, 0x78, 0xc5, 0xae, 0x0a, 0x87, 0x84, 0xdd, 0xcf, 0x48, 0xd0, 0x6e, 0x9a, 0x98, 0x43, 0x63, 0xe6, 0xe6, 0x13, 0x42, 0xd4, 0x18, [0m
[0;34m[1784655535.413] [8386:8386] [DMG] 				] (241 bytes)[0m
[0;34m[1784655535.413] [8386:8386] [DMG] 				0x1 = [[0m
[0;34m[1784655535.413] [8386:8386] [DMG] 						0x15, 0x30, 0x01, 0x01, 0x01, 0x24, 0x02, 0x01, 0x37, 0x03, 0x24, 0x14, 0x01, 0x18, 0x26, 0x04, 0x80, 0x22, 0x81, 0x27, 0x26, 0x05, 0x80, 0x25, 0x4d, 0x3a, 0x37, 0x06, 0x24, 0x13, 0x02, 0x18, 0x24, 0x07, 0x01, 0x24, 0x08, 0x01, 0x30, 0x09, 0x41, 0x04, 0x5a, 0x16, 0x88, 0xbf, 0xb4, 0xde, 0x24, 0xa6, 0xec, 0x02, 0x29, 0x27, 0xcd, 0x63, 0x6c, 0x63, 0xa5, 0x8d, 0x0b, 0x6f, 0x31, 0xbc, 0x89, 0x61, 0xcf, 0x34, 0x93, 0x4b, 0x5b, 0xa5, 0x4a, 0xb9, 0x66, 0x61, 0x5f, 0xd3, 0x72, 0x49, 0x93, 0x6b, 0x79, 0xa5, 0x4e, 0x96, 0xb1, 0x72, 0x86, 0xf8, 0xf6, 0xe5, 0x2f, 0x58, 0x9e, 0x1d, 0xce, 0x02, 0xba, 0x24, 0x80, 0xb8, 0x5a, 0x59, 0x87, 0x38, 0x37, 0x0a, 0x35, 0x01, 0x29, 0x01, 0x18, 0x24, 0x02, 0x60, 0x30, 0x04, 0x14, 0xc1, 0x77, 0x10, 0x65, 0xb9, 0x1c, 0xaa, 0x9b, 0x02, 0x79, 0xb0, 0xe6, 0x7d, 0xe5, 0x15, 0x93, 0x54, 0x2c, 0x3a, 0x26, 0x30, 0x05, 0x14, 0xb9, 0xaf, 0x8c, 0x61, 0x03, 0x1d, 0x95, 0x7b, 0x87, 0x77, 0xdf, 0x0c, 0x21, 0x67, 0xc9, 0x62, 0x04, 0xa8, 0x56, 0xc6, 0x18, 0x30, 0x0b, 0x40, 0x24, 0x77, 0x6f, 0x07, 0x4d, 0xd0, 0x6d, 0xe5, 0xb8, 0x9d, 0x98, 0xf1, 0x00, 0xe0, 0x4c, 0xfe, 0x46, 0x8f, 0x9e, 0x2d, 0x76, 0x28, 0xca, 0x8d, 0x7f, 0x41, 0xfd, 0xf4, 0xd5, 0xef, 0xa4, 0xf6, 0x62, 0xa7, 0x28, 0x2d, 0xdd, 0xdb, 0x7b, 0xaa, 0x27, 0x92, 0x68, 0xaa, 0x27, 0x51, 0xf8, 0x73, 0xb8, 0x3f, 0x36, 0xbb, 0x75, 0xca, 0x68, 0x6e, 0x8e, 0x75, 0xd9, 0xe5, 0xee, 0x11, 0x52, 0x70, 0x18, [0m
[0;34m[1784655535.413] [8386:8386] [DMG] 				] (231 bytes)[0m
[0;34m[1784655535.413] [8386:8386] [DMG] 				0x2 = [[0m
[0;34m[1784655535.413] [8386:8386] [DMG] 						0x74, 0x65, 0x6d, 0x70, 0x6f, 0x72, 0x61, 0x72, 0x79, 0x20, 0x69, 0x70, 0x6b, 0x20, 0x30, 0x31, [0m
[0;34m[1784655535.413] [8386:8386] [DMG] 				] (16 bytes)[0m
[0;34m[1784655535.413] [8386:8386] [DMG] 				0x3 = 112233 (unsigned), [0m
[0;34m[1784655535.413] [8386:8386] [DMG] 				0x4 = 65521 (unsigned), [0m
[0;34m[1784655535.413] [8386:8386] [DMG] 			},[0m
[0;34m[1784655535.413] [8386:8386] [DMG] 		},[0m
[0;34m[1784655535.413] [8386:8386] [DMG] 		[0m
[0;34m[1784655535.413] [8386:8386] [DMG] 	],[0m
[0;34m[1784655535.413] [8386:8386] [DMG] 	[0m
[0;34m[1784655535.413] [8386:8386] [DMG] 	InteractionModelRevision = 12[0m
[0;34m[1784655535.413] [8386:8386] [DMG] },[0m
[0;32m[1784655535.413] [8386:8386] [DMG] AccessControl: checking f=0 a=p s=0xFFFFFFFB00000000 t= c=0x0000_003E e=0 p=o r=i[0m
[0;32m[1784655535.413] [8386:8386] [DMG] AccessControl: implicit admin (PASE)[0m
[0;32m[1784655535.413] [8386:8386] [DMG] AccessControl: checking f=0 a=p s=0xFFFFFFFB00000000 t= c=0x0000_003E e=0 p=a r=i[0m
[0;32m[1784655535.413] [8386:8386] [DMG] AccessControl: implicit admin (PASE)[0m
[0;34m[1784655535.413] [8386:8386] [DMG] Received command for Endpoint=0 Cluster=0x0000_003E Command=0x0000_0006[0m
[0;32m[1784655535.413] [8386:8386] [ZCL] OpCreds: Received an AddNOC command[0m
[0;32m[1784655535.413] [8386:8386] [FP] Validating NOC chain[0m
[0;32m[1784655535.413] [8386:8386] [FP] NOC chain validation successful[0m
[0;32m[1784655535.413] [8386:8386] [FP] Added new fabric at index: 0x1[0m
[0;32m[1784655535.413] [8386:8386] [FP] Assigned compressed fabric ID: 0x064301ABD7080B99, node ID: 0x0000000000000001[0m
[0;32m[1784655535.413] [8386:8386] [TS] Last Known Good Time: 2023-10-14T01:16:48[0m
[0;32m[1784655535.413] [8386:8386] [TS] New proposed Last Known Good Time: 2021-01-01T00:00:00[0m
[0;32m[1784655535.413] [8386:8386] [TS] Retaining current Last Known Good Time[0m
[0;34m[1784655535.416] [8386:8386] [DL] Wrote settings to /tmp/chip_kvs_test[0m
[0;34m[1784655535.419] [8386:8386] [DL] Wrote settings to /tmp/chip_kvs_test[0m
[0;34m[1784655535.422] [8386:8386] [DL] Wrote settings to /tmp/chip_kvs_test[0m
[0;32m[1784655535.422] [8386:8386] [DMG] AccessControl: validating f=1 p=a a=c s=1 t=0[0m
[0;32m[1784655535.422] [8386:8386] [DMG]   validating subject 0x000000000001B669[0m
[0;34m[1784655535.425] [8386:8386] [DL] Wrote settings to /tmp/chip_kvs_test[0m
[0;34m[1784655535.425] [8386:8386] [EVL] LogEvent event number: 0x0000000000000004 priority: 1, endpoint id:  0x0 cluster id: 0x0000_001F event id: 0x0 Epoch timestamp: 0x0000019F85C25D41[0m
[0;32m[1784655535.425] [8386:8386] [ZCL] OpCreds: ACL entry created for Fabric index 0x1 CASE Admin Subject 0x000000000001B669[0m
[0;34m[1784655535.425] [8386:8386] [DL] Using WiFi MAC for hostname[0m
[0;32m[1784655535.425] [8386:8386] [DIS] Advertise operational node 064301ABD7080B99-0000000000000001[0m
[0;34m[1784655535.425] [8386:8386] [DIS] Responding with _matter._tcp.local[0m
[0;34m[1784655535.425] [8386:8386] [DIS] Responding with 064301ABD7080B99-0000000000000001._matter._tcp.local[0m
[0;34m[1784655535.425] [8386:8386] [DIS] Responding with 064301ABD7080B99-0000000000000001._matter._tcp.local[0m
[0;34m[1784655535.425] [8386:8386] [DIS] Responding with 080027AE1A43.local[0m
[0;34m[1784655535.425] [8386:8386] [DIS] Responding with 080027AE1A43.local[0m
[0;34m[1784655535.425] [8386:8386] [DIS] Responding with _I064301ABD7080B99._sub._matter._tcp.local[0m
[0;32m[1784655535.425] [8386:8386] [DIS] CHIP minimal mDNS configured as 'Operational device'; instance name: 064301ABD7080B99-0000000000000001.[0m
[0;32m[1784655535.426] [8386:8386] [DIS] mDNS service published: _matter._tcp[0m
[0;34m[1784655535.426] [8386:8386] [DMG] Command handler moving to [NewRespons][0m
[0;34m[1784655535.426] [8386:8386] [DMG] Command handler moving to [ Preparing][0m
[0;34m[1784655535.426] [8386:8386] [DMG] Command handler moving to [AddingComm][0m
[0;34m[1784655535.426] [8386:8386] [DMG] Command handler moving to [AddedComma][0m
[0;32m[1784655535.426] [8386:8386] [ZCL] OpCreds: successfully created fabric index 0x1 via AddNOC[0m
[0;34m[1784655535.426] [8386:8386] [DMG] Decreasing reference count for CommandHandlerImpl, remaining 1[0m
[0;34m[1784655535.426] [8386:8386] [DMG] Decreasing reference count for CommandHandlerImpl, remaining 0[0m
[0;34m[1784655535.426] [8386:8386] [DMG] Command handler moving to [AwaitingDe][0m
[0;32m[1784655535.426] [8386:8386] [EM] <<< [E:30822r S:26679 M:49121723 (Ack:85754067)] (S) Msg TX from 0000000000000000 to 1:FFFFFFFB00000000 [0B99] [UDP:[fe80::bfe:a203:38f0:bce7%enp0s3]:57359] --- Type 0001:09 (IM:InvokeCommandResponse) (B:70)[0m
[0;32m[1784655535.426] [8386:8386] [EM] ??1 [E:30822r S:26679 M:49121723] (S) Msg Retransmission to 1:FFFFFFFB00000000 scheduled for 376ms from now [State:Active II:500 AI:300 AT:4000][0m
[0;34m[1784655535.426] [8386:8386] [DMG] Command response sender moving to [AllInvokeR][0m
[0;32m[1784655535.426] [8386:8386] [EM] >>> [E:30821r S:26679 M:85754068 (Ack:49121722)] (S) Msg RX from 1:FFFFFFFB00000000 [0B99] to 0000000000000000 --- Type 0000:10 (SecureChannel:StandaloneAck) (B:34)[0m
[0;34m[1784655535.426] [8386:8386] [EM] Found matching exchange: 30821r, Delegate: (nil)[0m
[0;34m[1784655535.426] [8386:8386] [EM] Rxd Ack; Removing MessageCounter:49121722 from Retrans Table on exchange 30821r[0m
[0;32m[1784655535.427] [8386:8386] [EM] >>> [E:30822r S:26679 M:85754069 (Ack:49121723)] (S) Msg RX from 1:FFFFFFFB00000000 [0B99] to 0000000000000000 --- Type 0000:10 (SecureChannel:StandaloneAck) (B:34)[0m
[0;34m[1784655535.427] [8386:8386] [EM] Found matching exchange: 30822r, Delegate: (nil)[0m
[0;34m[1784655535.427] [8386:8386] [EM] Rxd Ack; Removing MessageCounter:49121723 from Retrans Table on exchange 30822r[0m
[0;32m[1784655535.635] [8386:8386] [EM] >>> [E:30823r S:0 M:111680401] (U) Msg RX from 0:73C65DD2588CE2DD [0000] to 0000000000000000 --- Type 0000:30 (SecureChannel:CASE_Sigma1) (B:196)[0m
[0;34m[1784655535.635] [8386:8386] [EM] Handling via exchange: 30823r, Delegate: 0x5725b1deb5f8[0m
[0;32m[1784655535.635] [8386:8386] [IN] CASE Server received Sigma1 message . Starting handshake. EC 0x5725b5bf2500[0m
[0;32m[1784655535.635] [8386:8386] [SC] Received Sigma1 msg[0m
[0;34m[1784655535.635] [8386:8386] [SC] Found MRP parameters in the message[0m
[0;34m[1784655535.635] [8386:8386] [SC] Peer (Initiator) assigned session ID 9914[0m
[0;32m[1784655535.635] [8386:8386] [SC] CASE matched destination ID: fabricIndex 1, NodeID 0x0000000000000001[0m
[0;32m[1784655535.636] [8386:8386] [EM] <<< [E:30823r S:0 M:257197601 (Ack:111680401)] (U) Msg TX from 0000000000000000 to 0:73C65DD2588CE2DD [0000] [UDP:[fe80::bfe:a203:38f0:bce7%enp0s3]:57359] --- Type 0000:31 (SecureChannel:CASE_Sigma2) (B:751)[0m
[0;32m[1784655535.636] [8386:8386] [EM] ??1 [E:30823r S:0 M:257197601] (U) Msg Retransmission to 0:0000000000000000 scheduled for 404ms from now [State:Active II:500 AI:300 AT:4000][0m
[0;32m[1784655535.636] [8386:8386] [SC] Sent Sigma2 msg[0m
[0;32m[1784655535.638] [8386:8386] [EM] >>> [E:30823r S:0 M:111680402 (Ack:257197601)] (U) Msg RX from 0:73C65DD2588CE2DD [0000] to 0000000000000000 --- Type 0000:32 (SecureChannel:CASE_Sigma3) (B:598)[0m
[0;34m[1784655535.638] [8386:8386] [EM] Found matching exchange: 30823r, Delegate: 0x5725b1deb630[0m
[0;34m[1784655535.638] [8386:8386] [EM] Rxd Ack; Removing MessageCounter:257197601 from Retrans Table on exchange 30823r[0m
[0;32m[1784655535.638] [8386:8386] [SC] Received Sigma3 msg[0m
[1;31m[1784655535.638] [8386:8386] [SC] The device does not support GetClock_RealTimeMS() API: src/protocols/secure_channel/CASESession.cpp:2276: CHIP Error 0x0000006C: Required feature not supported by this configuration.  Falling back to Last Known Good UTC Time[0m
[0;34m[1784655535.642] [8386:8386] [DL] Wrote settings to /tmp/chip_kvs_test[0m
[0;34m[1784655535.645] [8386:8386] [DL] Wrote settings to /tmp/chip_kvs_test[0m
[0;34m[1784655535.649] [8386:8386] [DL] Wrote settings to /tmp/chip_kvs_test[0m
[0;34m[1784655535.649] [8386:8386] [SC] Sending status report. Protocol code 0, exchange 30823[0m
[0;32m[1784655535.649] [8386:8386] [EM] <<< [E:30823r S:0 M:257197602 (Ack:111680402)] (U) Msg TX from 0000000000000000 to 0:73C65DD2588CE2DD [0000] [UDP:[fe80::bfe:a203:38f0:bce7%enp0s3]:57359] --- Type 0000:40 (SecureChannel:StatusReport) (B:34)[0m
[0;32m[1784655535.649] [8386:8386] [EM] ??1 [E:30823r S:0 M:257197602] (U) Msg Retransmission to 0:0000000000000000 scheduled for 336ms from now [State:Active II:500 AI:300 AT:4000][0m
[0;32m[1784655535.649] [8386:8386] [SC] SecureSession[0x5725b5bd9da0, LSID:26680]: State change 'kEstablishing' --> 'kActive'[0m
[0;34m[1784655535.649] [8386:8386] [IN] SecureSession[0x5725b5bd9da0]: Activated - Type:2 LSID:26680[0m
[0;34m[1784655535.649] [8386:8386] [IN] New secure session activated for device <000000000001B669, 1>, LSID:26680 PSID:9914![0m
[0;32m[1784655535.649] [8386:8386] [IN] CASE Session established to peer: <000000000001B669, 1>[0m
[0;34m[1784655535.649] [8386:8386] [IN] SecureSession[0x5725b5bf4df0]: Allocated Type:2 LSID:26681[0m
[0;34m[1784655535.649] [8386:8386] [SC] Allocated SecureSession (0x5725b5bf4df0) - waiting for Sigma1 msg[0m
[0;32m[1784655535.651] [8386:8386] [EM] >>> [E:30824r S:26680 M:91189916] (S) Msg RX from 1:000000000001B669 [0B99] to 0000000000000001 --- Type 0001:08 (IM:InvokeCommandRequest) (B:59)[0m
[0;34m[1784655535.651] [8386:8386] [EM] Handling via exchange: 30824r, Delegate: 0x5725b1df5ac8[0m
[0;34m[1784655535.651] [8386:8386] [DMG] InvokeRequestMessage =[0m
[0;34m[1784655535.651] [8386:8386] [DMG] {[0m
[0;34m[1784655535.651] [8386:8386] [DMG] 	suppressResponse = false, [0m
[0;34m[1784655535.651] [8386:8386] [DMG] 	timedRequest = false, [0m
[0;34m[1784655535.651] [8386:8386] [DMG] 	InvokeRequests =[0m
[0;34m[1784655535.651] [8386:8386] [DMG] 	[[0m
[0;34m[1784655535.651] [8386:8386] [DMG] 		CommandDataIB =[0m
[0;34m[1784655535.651] [8386:8386] [DMG] 		{[0m
[0;34m[1784655535.651] [8386:8386] [DMG] 			CommandPathIB =[0m
[0;34m[1784655535.651] [8386:8386] [DMG] 			{[0m
[0;34m[1784655535.651] [8386:8386] [DMG] 				EndpointId = 0x0,[0m
[0;34m[1784655535.651] [8386:8386] [DMG] 				ClusterId = 0x30,[0m
[0;34m[1784655535.651] [8386:8386] [DMG] 				CommandId = 0x4,[0m
[0;34m[1784655535.651] [8386:8386] [DMG] 			},[0m
[0;34m[1784655535.651] [8386:8386] [DMG] 			[0m
[0;34m[1784655535.651] [8386:8386] [DMG] 			CommandFields = [0m
[0;34m[1784655535.651] [8386:8386] [DMG] 			{[0m
[0;34m[1784655535.651] [8386:8386] [DMG] 			},[0m
[0;34m[1784655535.651] [8386:8386] [DMG] 		},[0m
[0;34m[1784655535.651] [8386:8386] [DMG] 		[0m
[0;34m[1784655535.651] [8386:8386] [DMG] 	],[0m
[0;34m[1784655535.651] [8386:8386] [DMG] 	[0m
[0;34m[1784655535.651] [8386:8386] [DMG] 	InteractionModelRevision = 12[0m
[0;34m[1784655535.651] [8386:8386] [DMG] },[0m
[0;32m[1784655535.651] [8386:8386] [DMG] AccessControl: checking f=1 a=c s=0x000000000001B669 t= c=0x0000_0030 e=0 p=o r=i[0m
[0;32m[1784655535.651] [8386:8386] [DMG] AccessControl: allowed[0m
[0;32m[1784655535.651] [8386:8386] [DMG] AccessControl: checking f=1 a=c s=0x000000000001B669 t= c=0x0000_0030 e=0 p=a r=i[0m
[0;32m[1784655535.651] [8386:8386] [DMG] AccessControl: allowed[0m
[0;34m[1784655535.651] [8386:8386] [DMG] Received command for Endpoint=0 Cluster=0x0000_0030 Command=0x0000_0004[0m
[0;32m[1784655535.651] [8386:8386] [FS] GeneralCommissioning: Received CommissioningComplete[0m
[0;34m[1784655535.653] [8386:8386] [DL] Wrote settings to /tmp/chip_kvs_test[0m
[0;34m[1784655535.656] [8386:8386] [DL] Wrote settings to /tmp/chip_kvs_test[0m
[0;32m[1784655535.656] [8386:8386] [FP] Metadata for Fabric 0x1 persisted to storage.[0m
[0;34m[1784655535.659] [8386:8386] [DL] Wrote settings to /tmp/chip_kvs_test[0m
[0;34m[1784655535.661] [8386:8386] [DL] Wrote settings to /tmp/chip_kvs_test[0m
[0;34m[1784655535.663] [8386:8386] [DL] Wrote settings to /tmp/chip_kvs_test[0m
[0;34m[1784655535.665] [8386:8386] [DL] Wrote settings to /tmp/chip_kvs_test[0m
[0;32m[1784655535.665] [8386:8386] [TS] Committing Last Known Good Time to storage: 2023-10-14T01:16:48[0m
[0;34m[1784655535.667] [8386:8386] [DL] Wrote settings to /tmp/chip_kvs_test[0m
[0;34m[1784655535.669] [8386:8386] [DL] Wrote settings to /tmp/chip_kvs_test[0m
[0;32m[1784655535.670] [8386:8386] [ZCL] OpCreds: Fabric index 0x1 was committed to storage. Compressed Fabric Id 0x064301ABD7080B99, FabricId 0000000000000001, NodeId 0000000000000001, VendorId 0xFFF1[0m
[0;34m[1784655535.672] [8386:8386] [DL] Wrote settings to /tmp/chip_kvs_test[0m
[0;32m[1784655535.672] [8386:8386] [FS] GeneralCommissioning: Successfully committed pending fabric data[0m
[0;32m[1784655535.672] [8386:8386] [FS] Fail-safe cleanly disarmed[0m
[0;34m[1784655535.672] [8386:8386] [DMG] Command handler moving to [NewRespons][0m
[0;34m[1784655535.672] [8386:8386] [DMG] Command handler moving to [ Preparing][0m
[0;34m[1784655535.672] [8386:8386] [DMG] Command handler moving to [AddingComm][0m
[0;34m[1784655535.672] [8386:8386] [DMG] Command handler moving to [AddedComma][0m
[0;34m[1784655535.672] [8386:8386] [DMG] Decreasing reference count for CommandHandlerImpl, remaining 1[0m
[0;34m[1784655535.672] [8386:8386] [DMG] Decreasing reference count for CommandHandlerImpl, remaining 0[0m
[0;34m[1784655535.672] [8386:8386] [DMG] Command handler moving to [AwaitingDe][0m
[0;32m[1784655535.672] [8386:8386] [EM] <<< [E:30824r S:26680 M:198012790 (Ack:91189916)] (S) Msg TX from 0000000000000001 to 1:000000000001B669 [0B99] [UDP:[fe80::bfe:a203:38f0:bce7%enp0s3]:57359] --- Type 0001:09 (IM:InvokeCommandResponse) (B:70)[0m
[0;32m[1784655535.672] [8386:8386] [EM] ??1 [E:30824r S:26680 M:198012790] (S) Msg Retransmission to 1:000000000001B669 scheduled for 377ms from now [State:Active II:500 AI:300 AT:4000][0m
[0;34m[1784655535.672] [8386:8386] [DMG] Command response sender moving to [AllInvokeR][0m
[0;32m[1784655535.672] [8386:8386] [SVR] Commissioning completed successfully[0m
[0;32m[1784655535.672] [8386:8386] [DIS] Updating services using commissioning mode 0[0m
[0;32m[1784655535.672] [8386:8386] [DIS] CHIP minimal mDNS started advertising.[0m
[0;34m[1784655535.674] [8386:8386] [DL] Using WiFi MAC for hostname[0m
[0;32m[1784655535.674] [8386:8386] [DIS] Advertise operational node 064301ABD7080B99-0000000000000001[0m
[0;34m[1784655535.674] [8386:8386] [DIS] Responding with _matter._tcp.local[0m
[0;34m[1784655535.674] [8386:8386] [DIS] Responding with 064301ABD7080B99-0000000000000001._matter._tcp.local[0m
[0;34m[1784655535.674] [8386:8386] [DIS] Responding with 064301ABD7080B99-0000000000000001._matter._tcp.local[0m
[0;34m[1784655535.674] [8386:8386] [DIS] Responding with 080027AE1A43.local[0m
[0;34m[1784655535.674] [8386:8386] [DIS] Responding with 080027AE1A43.local[0m
[0;34m[1784655535.674] [8386:8386] [DIS] Responding with _I064301ABD7080B99._sub._matter._tcp.local[0m
[0;32m[1784655535.674] [8386:8386] [DIS] CHIP minimal mDNS configured as 'Operational device'; instance name: 064301ABD7080B99-0000000000000001.[0m
[0;32m[1784655535.675] [8386:8386] [DIS] mDNS service published: _matter._tcp[0m
[0;34m[1784655535.675] [8386:8386] [IN] Expiring all PASE sessions[0m
[0;34m[1784655535.675] [8386:8386] [IN] SecureSession[0x5725b5bd9890]: MarkForEviction Type:1 LSID:26679[0m
[0;32m[1784655535.675] [8386:8386] [SC] SecureSession[0x5725b5bd9890, LSID:26679]: State change 'kActive' --> 'kPendingEviction'[0m
[0;34m[1784655535.675] [8386:8386] [IN] SecureSession[0x5725b5bd9890]: Released - Type:1 LSID:26679[0m
[0;32m[1784655535.675] [8386:8386] [PAF] WiFiPAF: Closing all WiFiPAF sessions to shutdown[0m
[0;32m[1784655535.675] [8386:8386] [EM] >>> [E:30823r S:0 M:111680403 (Ack:257197602)] (U) Msg RX from 0:73C65DD2588CE2DD [0000] to 0000000000000000 --- Type 0000:10 (SecureChannel:StandaloneAck) (B:26)[0m
[0;34m[1784655535.675] [8386:8386] [EM] Found matching exchange: 30823r, Delegate: (nil)[0m
[0;34m[1784655535.675] [8386:8386] [EM] Rxd Ack; Removing MessageCounter:257197602 from Retrans Table on exchange 30823r[0m
[0;32m[1784655535.675] [8386:8386] [EM] >>> [E:30824r S:26680 M:91189917 (Ack:198012790)] (S) Msg RX from 1:000000000001B669 [0B99] to 0000000000000001 --- Type 0000:10 (SecureChannel:StandaloneAck) (B:34)[0m
[0;34m[1784655535.675] [8386:8386] [EM] Found matching exchange: 30824r, Delegate: (nil)[0m
[0;34m[1784655535.675] [8386:8386] [EM] Rxd Ack; Removing MessageCounter:198012790 from Retrans Table on exchange 30824r[0m
[0;32m[1784655535.973] [8386:8386] [EM] >>> [E:62022r S:0 M:92565479] (U) Msg RX from 0:F497AC55BF2312D1 [0000] to 0000000000000000 --- Type 0000:30 (SecureChannel:CASE_Sigma1) (B:196)[0m
[0;34m[1784655535.973] [8386:8386] [EM] Handling via exchange: 62022r, Delegate: 0x5725b1deb5f8[0m
[0;32m[1784655535.974] [8386:8386] [IN] CASE Server received Sigma1 message . Starting handshake. EC 0x5725b5bf2500[0m
[0;32m[1784655535.974] [8386:8386] [SC] Received Sigma1 msg[0m
[0;34m[1784655535.974] [8386:8386] [SC] Found MRP parameters in the message[0m
[0;34m[1784655535.974] [8386:8386] [SC] Peer (Initiator) assigned session ID 39501[0m
[0;32m[1784655535.974] [8386:8386] [SC] CASE matched destination ID: fabricIndex 1, NodeID 0x0000000000000001[0m
[0;32m[1784655535.974] [8386:8386] [EM] <<< [E:62022r S:0 M:257197603 (Ack:92565479)] (U) Msg TX from 0000000000000000 to 0:F497AC55BF2312D1 [0000] [UDP:[fe80::bfe:a203:38f0:bce7%enp0s3]:52122] --- Type 0000:31 (SecureChannel:CASE_Sigma2) (B:751)[0m
[0;32m[1784655535.975] [8386:8386] [EM] ??1 [E:62022r S:0 M:257197603] (U) Msg Retransmission to 0:0000000000000000 scheduled for 388ms from now [State:Active II:500 AI:300 AT:4000][0m
[0;32m[1784655535.975] [8386:8386] [SC] Sent Sigma2 msg[0m
[0;32m[1784655535.976] [8386:8386] [EM] >>> [E:62022r S:0 M:92565480 (Ack:257197603)] (U) Msg RX from 0:F497AC55BF2312D1 [0000] to 0000000000000000 --- Type 0000:32 (SecureChannel:CASE_Sigma3) (B:598)[0m
[0;34m[1784655535.976] [8386:8386] [EM] Found matching exchange: 62022r, Delegate: 0x5725b1deb630[0m
[0;34m[1784655535.976] [8386:8386] [EM] Rxd Ack; Removing MessageCounter:257197603 from Retrans Table on exchange 62022r[0m
[0;32m[1784655535.976] [8386:8386] [SC] Received Sigma3 msg[0m
[1;31m[1784655535.976] [8386:8386] [SC] The device does not support GetClock_RealTimeMS() API: src/protocols/secure_channel/CASESession.cpp:2276: CHIP Error 0x0000006C: Required feature not supported by this configuration.  Falling back to Last Known Good UTC Time[0m
[0;34m[1784655535.979] [8386:8386] [DL] Wrote settings to /tmp/chip_kvs_test[0m
[0;34m[1784655535.981] [8386:8386] [DL] Wrote settings to /tmp/chip_kvs_test[0m
[0;34m[1784655535.983] [8386:8386] [DL] Wrote settings to /tmp/chip_kvs_test[0m
[0;34m[1784655535.983] [8386:8386] [SC] Sending status report. Protocol code 0, exchange 62022[0m
[0;32m[1784655535.983] [8386:8386] [EM] <<< [E:62022r S:0 M:257197604 (Ack:92565480)] (U) Msg TX from 0000000000000000 to 0:F497AC55BF2312D1 [0000] [UDP:[fe80::bfe:a203:38f0:bce7%enp0s3]:52122] --- Type 0000:40 (SecureChannel:StatusReport) (B:34)[0m
[0;32m[1784655535.983] [8386:8386] [EM] ??1 [E:62022r S:0 M:257197604] (U) Msg Retransmission to 0:0000000000000000 scheduled for 380ms from now [State:Active II:500 AI:300 AT:4000][0m
[0;32m[1784655535.983] [8386:8386] [SC] SecureSession[0x5725b5bf4df0, LSID:26681]: State change 'kEstablishing' --> 'kActive'[0m
[0;34m[1784655535.983] [8386:8386] [IN] SecureSession[0x5725b5bf4df0]: Activated - Type:2 LSID:26681[0m
[0;34m[1784655535.983] [8386:8386] [IN] New secure session activated for device <000000000001B669, 1>, LSID:26681 PSID:39501![0m
[0;32m[1784655535.983] [8386:8386] [IN] CASE Session established to peer: <000000000001B669, 1>[0m
[0;34m[1784655535.983] [8386:8386] [IN] SecureSession[0x5725b5bd9890]: Allocated Type:2 LSID:26682[0m
[0;34m[1784655535.983] [8386:8386] [SC] Allocated SecureSession (0x5725b5bd9890) - waiting for Sigma1 msg[0m
[0;32m[1784655535.985] [8386:8386] [EM] >>> [E:62023r S:26681 M:21839132] (S) Msg RX from 1:000000000001B669 [0B99] to 0000000000000001 --- Type 0001:08 (IM:InvokeCommandRequest) (B:65)[0m
[0;34m[1784655535.985] [8386:8386] [EM] Handling via exchange: 62023r, Delegate: 0x5725b1df5ac8[0m
[0;34m[1784655535.985] [8386:8386] [DMG] InvokeRequestMessage =[0m
[0;34m[1784655535.985] [8386:8386] [DMG] {[0m
[0;34m[1784655535.985] [8386:8386] [DMG] 	suppressResponse = false, [0m
[0;34m[1784655535.985] [8386:8386] [DMG] 	timedRequest = false, [0m
[0;34m[1784655535.985] [8386:8386] [DMG] 	InvokeRequests =[0m
[0;34m[1784655535.985] [8386:8386] [DMG] 	[[0m
[0;34m[1784655535.985] [8386:8386] [DMG] 		CommandDataIB =[0m
[0;34m[1784655535.985] [8386:8386] [DMG] 		{[0m
[0;34m[1784655535.985] [8386:8386] [DMG] 			CommandPathIB =[0m
[0;34m[1784655535.985] [8386:8386] [DMG] 			{[0m
[0;34m[1784655535.985] [8386:8386] [DMG] 				EndpointId = 0x0,[0m
[0;34m[1784655535.985] [8386:8386] [DMG] 				ClusterId = 0x30,[0m
[0;34m[1784655535.985] [8386:8386] [DMG] 				CommandId = 0x0,[0m
[0;34m[1784655535.985] [8386:8386] [DMG] 			},[0m
[0;34m[1784655535.985] [8386:8386] [DMG] 			[0m
[0;34m[1784655535.985] [8386:8386] [DMG] 			CommandFields = [0m
[0;34m[1784655535.985] [8386:8386] [DMG] 			{[0m
[0;34m[1784655535.985] [8386:8386] [DMG] 				0x0 = 60 (unsigned), [0m
[0;34m[1784655535.985] [8386:8386] [DMG] 				0x1 = 0 (unsigned), [0m
[0;34m[1784655535.985] [8386:8386] [DMG] 			},[0m
[0;34m[1784655535.985] [8386:8386] [DMG] 		},[0m
[0;34m[1784655535.985] [8386:8386] [DMG] 		[0m
[0;34m[1784655535.985] [8386:8386] [DMG] 	],[0m
[0;34m[1784655535.985] [8386:8386] [DMG] 	[0m
[0;34m[1784655535.985] [8386:8386] [DMG] 	InteractionModelRevision = 12[0m
[0;34m[1784655535.985] [8386:8386] [DMG] },[0m
[0;32m[1784655535.985] [8386:8386] [DMG] AccessControl: checking f=1 a=c s=0x000000000001B669 t= c=0x0000_0030 e=0 p=o r=i[0m
[0;32m[1784655535.985] [8386:8386] [DMG] AccessControl: allowed[0m
[0;32m[1784655535.985] [8386:8386] [DMG] AccessControl: checking f=1 a=c s=0x000000000001B669 t= c=0x0000_0030 e=0 p=a r=i[0m
[0;32m[1784655535.985] [8386:8386] [DMG] AccessControl: allowed[0m
[0;34m[1784655535.985] [8386:8386] [DMG] Received command for Endpoint=0 Cluster=0x0000_0030 Command=0x0000_0000[0m
[0;32m[1784655535.985] [8386:8386] [FS] GeneralCommissioning: Received ArmFailSafe (60s)[0m
[0;34m[1784655535.985] [8386:8386] [DMG] Command handler moving to [NewRespons][0m
[0;34m[1784655535.985] [8386:8386] [DMG] Command handler moving to [ Preparing][0m
[0;34m[1784655535.985] [8386:8386] [DMG] Command handler moving to [AddingComm][0m
[0;34m[1784655535.985] [8386:8386] [DMG] Command handler moving to [AddedComma][0m
[0;34m[1784655535.985] [8386:8386] [DMG] Decreasing reference count for CommandHandlerImpl, remaining 1[0m
[0;34m[1784655535.985] [8386:8386] [DMG] Decreasing reference count for CommandHandlerImpl, remaining 0[0m
[0;34m[1784655535.985] [8386:8386] [DMG] Command handler moving to [AwaitingDe][0m
[0;32m[1784655535.985] [8386:8386] [EM] <<< [E:62023r S:26681 M:238032202 (Ack:21839132)] (S) Msg TX from 0000000000000001 to 1:000000000001B669 [0B99] [UDP:[fe80::bfe:a203:38f0:bce7%enp0s3]:52122] --- Type 0001:09 (IM:InvokeCommandResponse) (B:70)[0m
[0;32m[1784655535.985] [8386:8386] [EM] ??1 [E:62023r S:26681 M:238032202] (S) Msg Retransmission to 1:000000000001B669 scheduled for 384ms from now [State:Active II:500 AI:300 AT:4000][0m
[0;34m[1784655535.985] [8386:8386] [DMG] Command response sender moving to [AllInvokeR][0m
[0;32m[1784655535.985] [8386:8386] [EM] >>> [E:62022r S:0 M:92565481 (Ack:257197604)] (U) Msg RX from 0:F497AC55BF2312D1 [0000] to 0000000000000000 --- Type 0000:10 (SecureChannel:StandaloneAck) (B:26)[0m
[0;34m[1784655535.985] [8386:8386] [EM] Found matching exchange: 62022r, Delegate: (nil)[0m
[0;34m[1784655535.985] [8386:8386] [EM] Rxd Ack; Removing MessageCounter:257197604 from Retrans Table on exchange 62022r[0m
[0;32m[1784655535.986] [8386:8386] [EM] >>> [E:62023r S:26681 M:21839133 (Ack:238032202)] (S) Msg RX from 1:000000000001B669 [0B99] to 0000000000000001 --- Type 0000:10 (SecureChannel:StandaloneAck) (B:34)[0m
[0;34m[1784655535.986] [8386:8386] [EM] Found matching exchange: 62023r, Delegate: (nil)[0m
[0;34m[1784655535.986] [8386:8386] [EM] Rxd Ack; Removing MessageCounter:238032202 from Retrans Table on exchange 62023r[0m
[0;32m[1784655536.253] [8386:8386] [EM] >>> [E:57292r S:0 M:197933632] (U) Msg RX from 0:C1C7735B9CC72B63 [0000] to 0000000000000000 --- Type 0000:30 (SecureChannel:CASE_Sigma1) (B:196)[0m
[0;34m[1784655536.253] [8386:8386] [EM] Handling via exchange: 57292r, Delegate: 0x5725b1deb5f8[0m
[0;32m[1784655536.253] [8386:8386] [IN] CASE Server received Sigma1 message . Starting handshake. EC 0x5725b5bef990[0m
[0;32m[1784655536.253] [8386:8386] [SC] Received Sigma1 msg[0m
[0;34m[1784655536.253] [8386:8386] [SC] Found MRP parameters in the message[0m
[0;34m[1784655536.254] [8386:8386] [SC] Peer (Initiator) assigned session ID 7075[0m
[0;32m[1784655536.254] [8386:8386] [SC] CASE matched destination ID: fabricIndex 1, NodeID 0x0000000000000001[0m
[0;32m[1784655536.254] [8386:8386] [EM] <<< [E:57292r S:0 M:257197605 (Ack:197933632)] (U) Msg TX from 0000000000000000 to 0:C1C7735B9CC72B63 [0000] [UDP:[fe80::bfe:a203:38f0:bce7%enp0s3]:43927] --- Type 0000:31 (SecureChannel:CASE_Sigma2) (B:751)[0m
[0;32m[1784655536.254] [8386:8386] [EM] ??1 [E:57292r S:0 M:257197605] (U) Msg Retransmission to 0:0000000000000000 scheduled for 351ms from now [State:Active II:500 AI:300 AT:4000][0m
[0;32m[1784655536.254] [8386:8386] [SC] Sent Sigma2 msg[0m
[0;32m[1784655536.255] [8386:8386] [EM] >>> [E:57292r S:0 M:197933633 (Ack:257197605)] (U) Msg RX from 0:C1C7735B9CC72B63 [0000] to 0000000000000000 --- Type 0000:32 (SecureChannel:CASE_Sigma3) (B:598)[0m
[0;34m[1784655536.255] [8386:8386] [EM] Found matching exchange: 57292r, Delegate: 0x5725b1deb630[0m
[0;34m[1784655536.255] [8386:8386] [EM] Rxd Ack; Removing MessageCounter:257197605 from Retrans Table on exchange 57292r[0m
[0;32m[1784655536.255] [8386:8386] [SC] Received Sigma3 msg[0m
[1;31m[1784655536.256] [8386:8386] [SC] The device does not support GetClock_RealTimeMS() API: src/protocols/secure_channel/CASESession.cpp:2276: CHIP Error 0x0000006C: Required feature not supported by this configuration.  Falling back to Last Known Good UTC Time[0m
[0;34m[1784655536.259] [8386:8386] [DL] Wrote settings to /tmp/chip_kvs_test[0m
[0;34m[1784655536.262] [8386:8386] [DL] Wrote settings to /tmp/chip_kvs_test[0m
[0;34m[1784655536.264] [8386:8386] [DL] Wrote settings to /tmp/chip_kvs_test[0m
[0;34m[1784655536.264] [8386:8386] [SC] Sending status report. Protocol code 0, exchange 57292[0m
[0;32m[1784655536.264] [8386:8386] [EM] <<< [E:57292r S:0 M:257197606 (Ack:197933633)] (U) Msg TX from 0000000000000000 to 0:C1C7735B9CC72B63 [0000] [UDP:[fe80::bfe:a203:38f0:bce7%enp0s3]:43927] --- Type 0000:40 (SecureChannel:StatusReport) (B:34)[0m
[0;32m[1784655536.264] [8386:8386] [EM] ??1 [E:57292r S:0 M:257197606] (U) Msg Retransmission to 0:0000000000000000 scheduled for 341ms from now [State:Active II:500 AI:300 AT:4000][0m
[0;32m[1784655536.264] [8386:8386] [SC] SecureSession[0x5725b5bd9890, LSID:26682]: State change 'kEstablishing' --> 'kActive'[0m
[0;34m[1784655536.264] [8386:8386] [IN] SecureSession[0x5725b5bd9890]: Activated - Type:2 LSID:26682[0m
[0;34m[1784655536.264] [8386:8386] [IN] New secure session activated for device <000000000001B669, 1>, LSID:26682 PSID:7075![0m
[0;32m[1784655536.264] [8386:8386] [IN] CASE Session established to peer: <000000000001B669, 1>[0m
[0;34m[1784655536.264] [8386:8386] [IN] SecureSession[0x5725b5bf5920]: Allocated Type:2 LSID:26683[0m
[0;34m[1784655536.264] [8386:8386] [SC] Allocated SecureSession (0x5725b5bf5920) - waiting for Sigma1 msg[0m
[0;32m[1784655536.266] [8386:8386] [EM] >>> [E:57293r S:26682 M:200698002] (S) Msg RX from 1:000000000001B669 [0B99] to 0000000000000001 --- Type 0001:08 (IM:InvokeCommandRequest) (B:96)[0m
[0;34m[1784655536.266] [8386:8386] [EM] Handling via exchange: 57293r, Delegate: 0x5725b1df5ac8[0m
[0;34m[1784655536.266] [8386:8386] [DMG] InvokeRequestMessage =[0m
[0;34m[1784655536.266] [8386:8386] [DMG] {[0m
[0;34m[1784655536.266] [8386:8386] [DMG] 	suppressResponse = false, [0m
[0;34m[1784655536.266] [8386:8386] [DMG] 	timedRequest = false, [0m
[0;34m[1784655536.266] [8386:8386] [DMG] 	InvokeRequests =[0m
[0;34m[1784655536.266] [8386:8386] [DMG] 	[[0m
[0;34m[1784655536.266] [8386:8386] [DMG] 		CommandDataIB =[0m
[0;34m[1784655536.266] [8386:8386] [DMG] 		{[0m
[0;34m[1784655536.266] [8386:8386] [DMG] 			CommandPathIB =[0m
[0;34m[1784655536.266] [8386:8386] [DMG] 			{[0m
[0;34m[1784655536.266] [8386:8386] [DMG] 				EndpointId = 0x0,[0m
[0;34m[1784655536.266] [8386:8386] [DMG] 				ClusterId = 0x3e,[0m
[0;34m[1784655536.266] [8386:8386] [DMG] 				CommandId = 0x4,[0m
[0;34m[1784655536.266] [8386:8386] [DMG] 			},[0m
[0;34m[1784655536.266] [8386:8386] [DMG] 			[0m
[0;34m[1784655536.266] [8386:8386] [DMG] 			CommandFields = [0m
[0;34m[1784655536.266] [8386:8386] [DMG] 			{[0m
[0;34m[1784655536.266] [8386:8386] [DMG] 				0x0 = [[0m
[0;34m[1784655536.266] [8386:8386] [DMG] 						0x7e, 0x06, 0x72, 0x26, 0x0c, 0x61, 0x9b, 0xd0, 0x58, 0xe8, 0x6c, 0x5d, 0x2f, 0xc7, 0xfa, 0x75, 0x03, 0x9b, 0x5a, 0x63, 0x8f, 0x2f, 0x41, 0xb3, 0xcd, 0x93, 0x3e, 0x27, 0xaf, 0x01, 0x16, 0x85, [0m
[0;34m[1784655536.266] [8386:8386] [DMG] 				] (32 bytes)[0m
[0;34m[1784655536.266] [8386:8386] [DMG] 				0x1 = true, [0m
[0;34m[1784655536.266] [8386:8386] [DMG] 			},[0m
[0;34m[1784655536.266] [8386:8386] [DMG] 		},[0m
[0;34m[1784655536.266] [8386:8386] [DMG] 		[0m
[0;34m[1784655536.266] [8386:8386] [DMG] 	],[0m
[0;34m[1784655536.266] [8386:8386] [DMG] 	[0m
[0;34m[1784655536.266] [8386:8386] [DMG] 	InteractionModelRevision = 12[0m
[0;34m[1784655536.266] [8386:8386] [DMG] },[0m
[0;32m[1784655536.266] [8386:8386] [DMG] AccessControl: checking f=1 a=c s=0x000000000001B669 t= c=0x0000_003E e=0 p=o r=i[0m
[0;32m[1784655536.266] [8386:8386] [DMG] AccessControl: allowed[0m
[0;32m[1784655536.266] [8386:8386] [DMG] AccessControl: checking f=1 a=c s=0x000000000001B669 t= c=0x0000_003E e=0 p=a r=i[0m
[0;32m[1784655536.266] [8386:8386] [DMG] AccessControl: allowed[0m
[0;34m[1784655536.266] [8386:8386] [DMG] Received command for Endpoint=0 Cluster=0x0000_003E Command=0x0000_0004[0m
[0;32m[1784655536.266] [8386:8386] [ZCL] OpCreds: Received a CSRRequest command[0m
[0;32m[1784655536.266] [8386:8386] [ZCL] OpCreds: AllocatePendingOperationalKey succeeded[0m
[0;32m[1784655536.266] [8386:8386] [ZCL] OpCreds: CSRRequest successful.[0m
[0;34m[1784655536.266] [8386:8386] [DMG] Command handler moving to [NewRespons][0m
[0;34m[1784655536.266] [8386:8386] [DMG] Command handler moving to [ Preparing][0m
[0;34m[1784655536.266] [8386:8386] [DMG] Command handler moving to [AddingComm][0m
[0;34m[1784655536.266] [8386:8386] [DMG] Command handler moving to [AddedComma][0m
[0;34m[1784655536.266] [8386:8386] [DMG] Decreasing reference count for CommandHandlerImpl, remaining 1[0m
[0;34m[1784655536.266] [8386:8386] [DMG] Decreasing reference count for CommandHandlerImpl, remaining 0[0m
[0;34m[1784655536.266] [8386:8386] [DMG] Command handler moving to [AwaitingDe][0m
[0;32m[1784655536.266] [8386:8386] [EM] <<< [E:57293r S:26682 M:7606965 (Ack:200698002)] (S) Msg TX from 0000000000000001 to 1:000000000001B669 [0B99] [UDP:[fe80::bfe:a203:38f0:bce7%enp0s3]:43927] --- Type 0001:09 (IM:InvokeCommandResponse) (B:376)[0m
[0;32m[1784655536.267] [8386:8386] [EM] ??1 [E:57293r S:26682 M:7606965] (S) Msg Retransmission to 1:000000000001B669 scheduled for 393ms from now [State:Active II:500 AI:300 AT:4000][0m
[0;34m[1784655536.267] [8386:8386] [DMG] Command response sender moving to [AllInvokeR][0m
[0;32m[1784655536.267] [8386:8386] [EM] >>> [E:57292r S:0 M:197933634 (Ack:257197606)] (U) Msg RX from 0:C1C7735B9CC72B63 [0000] to 0000000000000000 --- Type 0000:10 (SecureChannel:StandaloneAck) (B:26)[0m
[0;34m[1784655536.267] [8386:8386] [EM] Found matching exchange: 57292r, Delegate: (nil)[0m
[0;34m[1784655536.267] [8386:8386] [EM] Rxd Ack; Removing MessageCounter:257197606 from Retrans Table on exchange 57292r[0m
[0;32m[1784655536.267] [8386:8386] [EM] >>> [E:57293r S:26682 M:200698003 (Ack:7606965)] (S) Msg RX from 1:000000000001B669 [0B99] to 0000000000000001 --- Type 0000:10 (SecureChannel:StandaloneAck) (B:34)[0m
[0;34m[1784655536.267] [8386:8386] [EM] Found matching exchange: 57293r, Delegate: (nil)[0m
[0;34m[1784655536.267] [8386:8386] [EM] Rxd Ack; Removing MessageCounter:7606965 from Retrans Table on exchange 57293r[0m
[0;32m[1784655536.586] [8386:8386] [EM] >>> [E:64920r S:0 M:144198138] (U) Msg RX from 0:EB71025654D10A76 [0000] to 0000000000000000 --- Type 0000:30 (SecureChannel:CASE_Sigma1) (B:196)[0m
[0;34m[1784655536.586] [8386:8386] [EM] Handling via exchange: 64920r, Delegate: 0x5725b1deb5f8[0m
[0;32m[1784655536.586] [8386:8386] [IN] CASE Server received Sigma1 message . Starting handshake. EC 0x5725b5bebac0[0m
[0;32m[1784655536.586] [8386:8386] [SC] Received Sigma1 msg[0m
[0;34m[1784655536.586] [8386:8386] [SC] Found MRP parameters in the message[0m
[0;34m[1784655536.586] [8386:8386] [SC] Peer (Initiator) assigned session ID 15761[0m
[0;32m[1784655536.587] [8386:8386] [SC] CASE matched destination ID: fabricIndex 1, NodeID 0x0000000000000001[0m
[0;32m[1784655536.587] [8386:8386] [EM] <<< [E:64920r S:0 M:257197607 (Ack:144198138)] (U) Msg TX from 0000000000000000 to 0:EB71025654D10A76 [0000] [UDP:[fe80::bfe:a203:38f0:bce7%enp0s3]:34562] --- Type 0000:31 (SecureChannel:CASE_Sigma2) (B:751)[0m
[0;32m[1784655536.588] [8386:8386] [EM] ??1 [E:64920r S:0 M:257197607] (U) Msg Retransmission to 0:0000000000000000 scheduled for 380ms from now [State:Active II:500 AI:300 AT:4000][0m
[0;32m[1784655536.588] [8386:8386] [SC] Sent Sigma2 msg[0m
[0;32m[1784655536.589] [8386:8386] [EM] >>> [E:64920r S:0 M:144198139 (Ack:257197607)] (U) Msg RX from 0:EB71025654D10A76 [0000] to 0000000000000000 --- Type 0000:32 (SecureChannel:CASE_Sigma3) (B:598)[0m
[0;34m[1784655536.589] [8386:8386] [EM] Found matching exchange: 64920r, Delegate: 0x5725b1deb630[0m
[0;34m[1784655536.589] [8386:8386] [EM] Rxd Ack; Removing MessageCounter:257197607 from Retrans Table on exchange 64920r[0m
[0;32m[1784655536.589] [8386:8386] [SC] Received Sigma3 msg[0m
[1;31m[1784655536.589] [8386:8386] [SC] The device does not support GetClock_RealTimeMS() API: src/protocols/secure_channel/CASESession.cpp:2276: CHIP Error 0x0000006C: Required feature not supported by this configuration.  Falling back to Last Known Good UTC Time[0m
[0;34m[1784655536.593] [8386:8386] [DL] Wrote settings to /tmp/chip_kvs_test[0m
[0;34m[1784655536.595] [8386:8386] [DL] Wrote settings to /tmp/chip_kvs_test[0m
[0;34m[1784655536.597] [8386:8386] [DL] Wrote settings to /tmp/chip_kvs_test[0m
[0;34m[1784655536.597] [8386:8386] [SC] Sending status report. Protocol code 0, exchange 64920[0m
[0;32m[1784655536.597] [8386:8386] [EM] <<< [E:64920r S:0 M:257197608 (Ack:144198139)] (U) Msg TX from 0000000000000000 to 0:EB71025654D10A76 [0000] [UDP:[fe80::bfe:a203:38f0:bce7%enp0s3]:34562] --- Type 0000:40 (SecureChannel:StatusReport) (B:34)[0m
[0;32m[1784655536.597] [8386:8386] [EM] ??1 [E:64920r S:0 M:257197608] (U) Msg Retransmission to 0:0000000000000000 scheduled for 373ms from now [State:Active II:500 AI:300 AT:4000][0m
[0;32m[1784655536.597] [8386:8386] [SC] SecureSession[0x5725b5bf5920, LSID:26683]: State change 'kEstablishing' --> 'kActive'[0m
[0;34m[1784655536.597] [8386:8386] [IN] SecureSession[0x5725b5bf5920]: Activated - Type:2 LSID:26683[0m
[0;34m[1784655536.597] [8386:8386] [IN] New secure session activated for device <000000000001B669, 1>, LSID:26683 PSID:15761![0m
[0;32m[1784655536.597] [8386:8386] [IN] CASE Session established to peer: <000000000001B669, 1>[0m
[0;34m[1784655536.597] [8386:8386] [IN] SecureSession[0x5725b5bf80b0]: Allocated Type:2 LSID:26684[0m
[0;34m[1784655536.597] [8386:8386] [SC] Allocated SecureSession (0x5725b5bf80b0) - waiting for Sigma1 msg[0m
[0;32m[1784655536.599] [8386:8386] [EM] >>> [E:64921r S:26683 M:80462689] (S) Msg RX from 1:000000000001B669 [0B99] to 0000000000000001 --- Type 0001:02 (IM:ReadRequest) (B:51)[0m
[0;34m[1784655536.599] [8386:8386] [EM] Handling via exchange: 64921r, Delegate: 0x5725b1df5ac8[0m
[0;34m[1784655536.599] [8386:8386] [IM] Received Read request[0m
[0;34m[1784655536.599] [8386:8386] [DMG] ReadRequestMessage =[0m
[0;34m[1784655536.599] [8386:8386] [DMG] {[0m
[0;34m[1784655536.599] [8386:8386] [DMG] 	AttributePathIBs =[0m
[0;34m[1784655536.599] [8386:8386] [DMG] 	[[0m
[0;34m[1784655536.599] [8386:8386] [DMG] 		AttributePathIB =[0m
[0;34m[1784655536.599] [8386:8386] [DMG] 		{[0m
[0;34m[1784655536.599] [8386:8386] [DMG] 			Endpoint = 0x0,[0m
[0;34m[1784655536.599] [8386:8386] [DMG] 			Cluster = 0x3e,[0m
[0;34m[1784655536.599] [8386:8386] [DMG] 			Attribute = 0x0000_0004,[0m
[0;34m[1784655536.599] [8386:8386] [DMG] 		}[0m
[0;34m[1784655536.599] [8386:8386] [DMG] 			[0m
[0;34m[1784655536.599] [8386:8386] [DMG] 	],[0m
[0;34m[1784655536.599] [8386:8386] [DMG] 		[0m
[0;34m[1784655536.599] [8386:8386] [DMG] 	isFabricFiltered = true, [0m
[0;34m[1784655536.599] [8386:8386] [DMG] 	InteractionModelRevision = 12[0m
[0;34m[1784655536.599] [8386:8386] [DMG] },[0m
[0;34m[1784655536.599] [8386:8386] [DMG] IM RH moving to [CanStartReporting][0m
[0;34m[1784655536.599] [8386:8386] [DMG] Building Reports for ReadHandler with LastReportGeneration = 0x0000000000000000 DirtyGeneration = 0x0000000000000000[0m
[0;34m[1784655536.599] [8386:8386] [DMG] <RE:Run> Cluster 3e, Attribute 4 is dirty[0m
[0;32m[1784655536.599] [8386:8386] [DMG] AccessControl: checking f=1 a=c s=0x000000000001B669 t= c=0x0000_003E e=0 p=v r=r[0m
[0;32m[1784655536.599] [8386:8386] [DMG] AccessControl: allowed[0m
[0;32m[1784655536.599] [8386:8386] [DMG] AccessControl: checking f=1 a=c s=0x000000000001B669 t= c=0x0000_003E e=0 p=v r=r[0m
[0;32m[1784655536.599] [8386:8386] [DMG] AccessControl: allowed[0m
[0;34m[1784655536.599] [8386:8386] [DMG] Reading attribute: Cluster=0x0000_003E Endpoint=0x0 AttributeId=0x0000_0004 (expanded=0)[0m
[0;34m[1784655536.599] [8386:8386] [DMG] <RE> Sending report (payload has 269 bytes)...[0m
[0;32m[1784655536.599] [8386:8386] [EM] <<< [E:64921r S:26683 M:197645138 (Ack:80462689)] (S) Msg TX from 0000000000000001 to 1:000000000001B669 [0B99] [UDP:[fe80::bfe:a203:38f0:bce7%enp0s3]:34562] --- Type 0001:05 (IM:ReportData) (B:303)[0m
[0;32m[1784655536.599] [8386:8386] [EM] ??1 [E:64921r S:26683 M:197645138] (S) Msg Retransmission to 1:000000000001B669 scheduled for 363ms from now [State:Active II:500 AI:300 AT:4000][0m
[0;34m[1784655536.599] [8386:8386] [DMG] <RE> OnReportConfirm: NumReports = 0[0m
[0;34m[1784655536.599] [8386:8386] [DMG] <RE> ReportsInFlight = 0 with readHandler 0, RE has no more messages[0m
[0;34m[1784655536.599] [8386:8386] [DMG] IM RH moving to [AwaitingDestruction][0m
[0;34m[1784655536.599] [8386:8386] [DMG] All ReadHandler-s are clean, clear GlobalDirtySet[0m
[0;32m[1784655536.599] [8386:8386] [EM] >>> [E:64920r S:0 M:144198140 (Ack:257197608)] (U) Msg RX from 0:EB71025654D10A76 [0000] to 0000000000000000 --- Type 0000:10 (SecureChannel:StandaloneAck) (B:26)[0m
[0;34m[1784655536.599] [8386:8386] [EM] Found matching exchange: 64920r, Delegate: (nil)[0m
[0;34m[1784655536.599] [8386:8386] [EM] Rxd Ack; Removing MessageCounter:257197608 from Retrans Table on exchange 64920r[0m
[0;32m[1784655536.600] [8386:8386] [EM] >>> [E:64921r S:26683 M:80462690 (Ack:197645138)] (S) Msg RX from 1:000000000001B669 [0B99] to 0000000000000001 --- Type 0000:10 (SecureChannel:StandaloneAck) (B:34)[0m
[0;34m[1784655536.600] [8386:8386] [EM] Found matching exchange: 64921r, Delegate: (nil)[0m
[0;34m[1784655536.600] [8386:8386] [EM] Rxd Ack; Removing MessageCounter:197645138 from Retrans Table on exchange 64921r[0m
[0;32m[1784655536.899] [8386:8386] [EM] >>> [E:49004r S:0 M:11135411] (U) Msg RX from 0:46A396556ABD2C56 [0000] to 0000000000000000 --- Type 0000:30 (SecureChannel:CASE_Sigma1) (B:196)[0m
[0;34m[1784655536.899] [8386:8386] [EM] Handling via exchange: 49004r, Delegate: 0x5725b1deb5f8[0m
[0;32m[1784655536.899] [8386:8386] [IN] CASE Server received Sigma1 message . Starting handshake. EC 0x5725b5bda660[0m
[0;32m[1784655536.899] [8386:8386] [SC] Received Sigma1 msg[0m
[0;34m[1784655536.899] [8386:8386] [SC] Found MRP parameters in the message[0m
[0;34m[1784655536.899] [8386:8386] [SC] Peer (Initiator) assigned session ID 60866[0m
[0;32m[1784655536.900] [8386:8386] [SC] CASE matched destination ID: fabricIndex 1, NodeID 0x0000000000000001[0m
[0;32m[1784655536.900] [8386:8386] [EM] <<< [E:49004r S:0 M:257197609 (Ack:11135411)] (U) Msg TX from 0000000000000000 to 0:46A396556ABD2C56 [0000] [UDP:[fe80::bfe:a203:38f0:bce7%enp0s3]:47589] --- Type 0000:31 (SecureChannel:CASE_Sigma2) (B:751)[0m
[0;32m[1784655536.900] [8386:8386] [EM] ??1 [E:49004r S:0 M:257197609] (U) Msg Retransmission to 0:0000000000000000 scheduled for 341ms from now [State:Active II:500 AI:300 AT:4000][0m
[0;32m[1784655536.900] [8386:8386] [SC] Sent Sigma2 msg[0m
[0;32m[1784655536.901] [8386:8386] [EM] >>> [E:49004r S:0 M:11135412 (Ack:257197609)] (U) Msg RX from 0:46A396556ABD2C56 [0000] to 0000000000000000 --- Type 0000:32 (SecureChannel:CASE_Sigma3) (B:598)[0m
[0;34m[1784655536.901] [8386:8386] [EM] Found matching exchange: 49004r, Delegate: 0x5725b1deb630[0m
[0;34m[1784655536.901] [8386:8386] [EM] Rxd Ack; Removing MessageCounter:257197609 from Retrans Table on exchange 49004r[0m
[0;32m[1784655536.901] [8386:8386] [SC] Received Sigma3 msg[0m
[1;31m[1784655536.902] [8386:8386] [SC] The device does not support GetClock_RealTimeMS() API: src/protocols/secure_channel/CASESession.cpp:2276: CHIP Error 0x0000006C: Required feature not supported by this configuration.  Falling back to Last Known Good UTC Time[0m
[0;34m[1784655536.906] [8386:8386] [DL] Wrote settings to /tmp/chip_kvs_test[0m
[0;34m[1784655536.909] [8386:8386] [DL] Wrote settings to /tmp/chip_kvs_test[0m
[0;34m[1784655536.911] [8386:8386] [DL] Wrote settings to /tmp/chip_kvs_test[0m
[0;34m[1784655536.911] [8386:8386] [SC] Sending status report. Protocol code 0, exchange 49004[0m
[0;32m[1784655536.911] [8386:8386] [EM] <<< [E:49004r S:0 M:257197610 (Ack:11135412)] (U) Msg TX from 0000000000000000 to 0:46A396556ABD2C56 [0000] [UDP:[fe80::bfe:a203:38f0:bce7%enp0s3]:47589] --- Type 0000:40 (SecureChannel:StatusReport) (B:34)[0m
[0;32m[1784655536.912] [8386:8386] [EM] ??1 [E:49004r S:0 M:257197610] (U) Msg Retransmission to 0:0000000000000000 scheduled for 380ms from now [State:Active II:500 AI:300 AT:4000][0m
[0;32m[1784655536.912] [8386:8386] [SC] SecureSession[0x5725b5bf80b0, LSID:26684]: State change 'kEstablishing' --> 'kActive'[0m
[0;34m[1784655536.912] [8386:8386] [IN] SecureSession[0x5725b5bf80b0]: Activated - Type:2 LSID:26684[0m
[0;34m[1784655536.912] [8386:8386] [IN] New secure session activated for device <000000000001B669, 1>, LSID:26684 PSID:60866![0m
[0;32m[1784655536.912] [8386:8386] [IN] CASE Session established to peer: <000000000001B669, 1>[0m
[0;34m[1784655536.912] [8386:8386] [IN] SecureSession[0x5725b5bf7f20]: Allocated Type:2 LSID:26685[0m
[0;34m[1784655536.912] [8386:8386] [SC] Allocated SecureSession (0x5725b5bf7f20) - waiting for Sigma1 msg[0m
[0;32m[1784655536.913] [8386:8386] [EM] >>> [E:49005r S:26684 M:14492671] (S) Msg RX from 1:000000000001B669 [0B99] to 0000000000000001 --- Type 0001:08 (IM:InvokeCommandRequest) (B:330)[0m
[0;34m[1784655536.913] [8386:8386] [EM] Handling via exchange: 49005r, Delegate: 0x5725b1df5ac8[0m
[0;34m[1784655536.913] [8386:8386] [DMG] InvokeRequestMessage =[0m
[0;34m[1784655536.913] [8386:8386] [DMG] {[0m
[0;34m[1784655536.913] [8386:8386] [DMG] 	suppressResponse = false, [0m
[0;34m[1784655536.913] [8386:8386] [DMG] 	timedRequest = false, [0m
[0;34m[1784655536.913] [8386:8386] [DMG] 	InvokeRequests =[0m
[0;34m[1784655536.913] [8386:8386] [DMG] 	[[0m
[0;34m[1784655536.913] [8386:8386] [DMG] 		CommandDataIB =[0m
[0;34m[1784655536.913] [8386:8386] [DMG] 		{[0m
[0;34m[1784655536.913] [8386:8386] [DMG] 			CommandPathIB =[0m
[0;34m[1784655536.913] [8386:8386] [DMG] 			{[0m
[0;34m[1784655536.913] [8386:8386] [DMG] 				EndpointId = 0x0,[0m
[0;34m[1784655536.913] [8386:8386] [DMG] 				ClusterId = 0x3e,[0m
[0;34m[1784655536.913] [8386:8386] [DMG] 				CommandId = 0x7,[0m
[0;34m[1784655536.913] [8386:8386] [DMG] 			},[0m
[0;34m[1784655536.913] [8386:8386] [DMG] 			[0m
[0;34m[1784655536.913] [8386:8386] [DMG] 			CommandFields = [0m
[0;34m[1784655536.913] [8386:8386] [DMG] 			{[0m
[0;34m[1784655536.913] [8386:8386] [DMG] 				0x0 = [[0m
[0;34m[1784655536.913] [8386:8386] [DMG] 						0x15, 0x30, 0x01, 0x14, 0x57, 0xa9, 0xd3, 0x86, 0x79, 0x0d, 0x44, 0x64, 0x4f, 0x98, 0x77, 0x5e, 0x21, 0xc4, 0x42, 0xd8, 0x27, 0x4c, 0x0d, 0xf0, 0x24, 0x02, 0x01, 0x37, 0x03, 0x24, 0x14, 0x01, 0x18, 0x26, 0x04, 0x80, 0x9d, 0x9e, 0x25, 0x26, 0x05, 0xff, 0xd0, 0x7f, 0x27, 0x37, 0x06, 0x27, 0x11, 0x88, 0x77, 0x66, 0x55, 0x44, 0x33, 0x22, 0x11, 0x24, 0x15, 0x01, 0x18, 0x24, 0x07, 0x01, 0x24, 0x08, 0x01, 0x30, 0x09, 0x41, 0x04, 0xc8, 0x11, 0x00, 0xce, 0x7b, 0xef, 0x12, 0x7c, 0x4f, 0x98, 0x8f, 0x6f, 0xfe, 0xca, 0x15, 0x86, 0x36, 0xb9, 0x53, 0xb9, 0x74, 0x56, 0x27, 0xdd, 0x66, 0xfb, 0xf7, 0xe7, 0xe0, 0x60, 0x2b, 0x86, 0xbe, 0xa8, 0xa6, 0x75, 0x92, 0xc6, 0xed, 0x5b, 0x49, 0x62, 0xed, 0x59, 0x97, 0xea, 0x99, 0xfd, 0x47, 0x24, 0x8c, 0x4c, 0xd3, 0x67, 0xb1, 0x0d, 0xd6, 0x5e, 0xf3, 0xcb, 0x2e, 0x41, 0x78, 0x7d, 0x37, 0x0a, 0x35, 0x01, 0x28, 0x01, 0x18, 0x24, 0x02, 0x01, 0x36, 0x03, 0x04, 0x01, 0x04, 0x02, 0x18, 0x30, 0x04, 0x14, 0x6b, 0xd1, 0xf6, 0x59, 0x7c, 0x74, 0xbf, 0x77, 0xe8, 0x2a, 0xdd, 0xbf, 0x45, 0xb7, 0xa2, 0x9d, 0x89, 0xe1, 0xc3, 0x9f, 0x30, 0x05, 0x14, 0xb9, 0xaf, 0x8c, 0x61, 0x03, 0x1d, 0x95, 0x7b, 0x87, 0x77, 0xdf, 0x0c, 0x21, 0x67, 0xc9, 0x62, 0x04, 0xa8, 0x56, 0xc6, 0x18, 0x30, 0x0b, 0x40, 0x98, 0xbb, 0x50, 0x09, 0xa3, 0x7b, 0xcc, 0x49, 0x96, 0x46, 0xd2, 0x37, 0x8f, 0x61, 0x57, 0xb5, 0x23, 0x30, 0xd4, 0x80, 0xf1, 0x7f, 0xc0, 0x3b, 0x4e, 0x5a, 0x4f, 0x16, 0x5f, 0x33, 0xa6, 0xde, 0x61, 0xd6, 0x66, 0xd7, 0xed, 0x9e, 0xf7, 0x6b, 0xa8, 0x48, 0xe2, 0x47, 0xb5, 0x4e, 0xa3, 0x97, 0x92, 0xd7, 0x7e, 0x8f, 0x8c, 0x1a, 0xca, 0xe3, 0xa7, 0xbe, 0x08, 0x3a, 0x34, 0x2a, 0xf7, 0x03, 0x18, [0m
[0;34m[1784655536.913] [8386:8386] [DMG] 				] (267 bytes)[0m
[0;34m[1784655536.913] [8386:8386] [DMG] 			},[0m
[0;34m[1784655536.913] [8386:8386] [DMG] 		},[0m
[0;34m[1784655536.913] [8386:8386] [DMG] 		[0m
[0;34m[1784655536.913] [8386:8386] [DMG] 	],[0m
[0;34m[1784655536.913] [8386:8386] [DMG] 	[0m
[0;34m[1784655536.913] [8386:8386] [DMG] 	InteractionModelRevision = 12[0m
[0;34m[1784655536.913] [8386:8386] [DMG] },[0m
[0;32m[1784655536.913] [8386:8386] [DMG] AccessControl: checking f=1 a=c s=0x000000000001B669 t= c=0x0000_003E e=0 p=o r=i[0m
[0;32m[1784655536.913] [8386:8386] [DMG] AccessControl: allowed[0m
[0;32m[1784655536.913] [8386:8386] [DMG] AccessControl: checking f=1 a=c s=0x000000000001B669 t= c=0x0000_003E e=0 p=a r=i[0m
[0;32m[1784655536.913] [8386:8386] [DMG] AccessControl: allowed[0m
[0;34m[1784655536.913] [8386:8386] [DMG] Received command for Endpoint=0 Cluster=0x0000_003E Command=0x0000_0007[0m
[0;32m[1784655536.913] [8386:8386] [ZCL] OpCreds: Received an UpdateNOC command[0m
[0;32m[1784655536.913] [8386:8386] [FP] Validating NOC chain[0m
[0;32m[1784655536.913] [8386:8386] [FP] NOC chain validation successful[0m
[0;32m[1784655536.913] [8386:8386] [FP] Updated fabric at index: 0x1, Node ID: 0x1122334455667788[0m
[0;32m[1784655536.913] [8386:8386] [TS] Last Known Good Time: 2023-10-14T01:16:48[0m
[0;32m[1784655536.913] [8386:8386] [TS] New proposed Last Known Good Time: 2021-01-01T00:00:00[0m
[0;32m[1784655536.913] [8386:8386] [TS] Retaining current Last Known Good Time[0m
[0;34m[1784655536.916] [8386:8386] [DL] Wrote settings to /tmp/chip_kvs_test[0m
[0;34m[1784655536.918] [8386:8386] [DL] Wrote settings to /tmp/chip_kvs_test[0m
[0;34m[1784655536.922] [8386:8386] [DL] Wrote settings to /tmp/chip_kvs_test[0m
[0;32m[1784655536.922] [8386:8386] [DIS] Updating services using commissioning mode 0[0m
[0;32m[1784655536.922] [8386:8386] [DIS] CHIP minimal mDNS started advertising.[0m
[0;34m[1784655536.924] [8386:8386] [DL] Using WiFi MAC for hostname[0m
[0;32m[1784655536.924] [8386:8386] [DIS] Advertise operational node 064301ABD7080B99-1122334455667788[0m
[0;34m[1784655536.924] [8386:8386] [DIS] Responding with _matter._tcp.local[0m
[0;34m[1784655536.924] [8386:8386] [DIS] Responding with 064301ABD7080B99-1122334455667788._matter._tcp.local[0m
[0;34m[1784655536.924] [8386:8386] [DIS] Responding with 064301ABD7080B99-1122334455667788._matter._tcp.local[0m
[0;34m[1784655536.924] [8386:8386] [DIS] Responding with 080027AE1A43.local[0m
[0;34m[1784655536.924] [8386:8386] [DIS] Responding with 080027AE1A43.local[0m
[0;34m[1784655536.924] [8386:8386] [DIS] Responding with _I064301ABD7080B99._sub._matter._tcp.local[0m
[0;32m[1784655536.924] [8386:8386] [DIS] CHIP minimal mDNS configured as 'Operational device'; instance name: 064301ABD7080B99-1122334455667788.[0m
[0;32m[1784655536.924] [8386:8386] [DIS] mDNS service published: _matter._tcp[0m
[0;34m[1784655536.924] [8386:8386] [DMG] Command handler moving to [NewRespons][0m
[0;34m[1784655536.924] [8386:8386] [DMG] Command handler moving to [ Preparing][0m
[0;34m[1784655536.924] [8386:8386] [DMG] Command handler moving to [AddingComm][0m
[0;34m[1784655536.924] [8386:8386] [DMG] Command handler moving to [AddedComma][0m
[0;32m[1784655536.924] [8386:8386] [ZCL] OpCreds: UpdateNOC successful.[0m
[0;34m[1784655536.924] [8386:8386] [IN] Expiring all sessions for fabric 0x1!![0m
[0;34m[1784655536.924] [8386:8386] [IN] SecureSession[0x5725b5bd9da0]: MarkForEviction Type:2 LSID:26680[0m
[0;32m[1784655536.924] [8386:8386] [SC] SecureSession[0x5725b5bd9da0, LSID:26680]: State change 'kActive' --> 'kPendingEviction'[0m
[0;34m[1784655536.924] [8386:8386] [IN] SecureSession[0x5725b5bd9da0]: Released - Type:2 LSID:26680[0m
[0;34m[1784655536.924] [8386:8386] [IN] SecureSession[0x5725b5bf4df0]: MarkForEviction Type:2 LSID:26681[0m
[0;32m[1784655536.924] [8386:8386] [SC] SecureSession[0x5725b5bf4df0, LSID:26681]: State change 'kActive' --> 'kPendingEviction'[0m
[0;34m[1784655536.924] [8386:8386] [IN] SecureSession[0x5725b5bf4df0]: Released - Type:2 LSID:26681[0m
[0;34m[1784655536.924] [8386:8386] [IN] SecureSession[0x5725b5bd9890]: MarkForEviction Type:2 LSID:26682[0m
[0;32m[1784655536.924] [8386:8386] [SC] SecureSession[0x5725b5bd9890, LSID:26682]: State change 'kActive' --> 'kPendingEviction'[0m
[0;34m[1784655536.924] [8386:8386] [IN] SecureSession[0x5725b5bd9890]: Released - Type:2 LSID:26682[0m
[0;34m[1784655536.924] [8386:8386] [IN] SecureSession[0x5725b5bf5920]: MarkForEviction Type:2 LSID:26683[0m
[0;32m[1784655536.924] [8386:8386] [SC] SecureSession[0x5725b5bf5920, LSID:26683]: State change 'kActive' --> 'kPendingEviction'[0m
[0;34m[1784655536.924] [8386:8386] [IN] SecureSession[0x5725b5bf5920]: Released - Type:2 LSID:26683[0m
[0;34m[1784655536.924] [8386:8386] [IN] SecureSession[0x5725b5bf80b0]: MarkForEviction Type:2 LSID:26684[0m
[0;32m[1784655536.924] [8386:8386] [SC] SecureSession[0x5725b5bf80b0, LSID:26684]: State change 'kActive' --> 'kPendingEviction'[0m
[0;34m[1784655536.924] [8386:8386] [DMG] Decreasing reference count for CommandHandlerImpl, remaining 1[0m
[0;34m[1784655536.924] [8386:8386] [DMG] Decreasing reference count for CommandHandlerImpl, remaining 0[0m
[0;34m[1784655536.924] [8386:8386] [DMG] Command handler moving to [AwaitingDe][0m
[0;32m[1784655536.924] [8386:8386] [EM] <<< [E:49005r S:26684 M:146450034 (Ack:14492671)] (S) Msg TX from 0000000000000001 to 1:000000000001B669 [0B99] [UDP:[fe80::bfe:a203:38f0:bce7%enp0s3]:47589] --- Type 0001:09 (IM:InvokeCommandResponse) (B:70)[0m
[0;32m[1784655536.924] [8386:8386] [EM] ??1 [E:49005r S:26684 M:146450034] (S) Msg Retransmission to 1:000000000001B669 scheduled for 340ms from now [State:Active II:500 AI:300 AT:4000][0m
[0;34m[1784655536.924] [8386:8386] [DMG] Command response sender moving to [AllInvokeR][0m
[0;32m[1784655536.924] [8386:8386] [EM] >>> [E:49004r S:0 M:11135413 (Ack:257197610)] (U) Msg RX from 0:46A396556ABD2C56 [0000] to 0000000000000000 --- Type 0000:10 (SecureChannel:StandaloneAck) (B:26)[0m
[0;34m[1784655536.924] [8386:8386] [EM] Found matching exchange: 49004r, Delegate: (nil)[0m
[0;34m[1784655536.924] [8386:8386] [EM] Rxd Ack; Removing MessageCounter:257197610 from Retrans Table on exchange 49004r[0m
[0;32m[1784655536.925] [8386:8386] [EM] >>> [E:49005r S:26684 M:14492672 (Ack:146450034)] (S) Msg RX from 1:000000000001B669 [0B99] to 0000000000000001 --- Type 0000:10 (SecureChannel:StandaloneAck) (B:34)[0m
[0;34m[1784655536.925] [8386:8386] [EM] Found matching exchange: 49005r, Delegate: (nil)[0m
[0;34m[1784655536.925] [8386:8386] [EM] Rxd Ack; Removing MessageCounter:146450034 from Retrans Table on exchange 49005r[0m
[0;34m[1784655536.925] [8386:8386] [IN] SecureSession[0x5725b5bf80b0]: Released - Type:2 LSID:26684[0m
[0;32m[1784655537.193] [8386:8386] [EM] >>> [E:51939r S:0 M:145922482] (U) Msg RX from 0:2B682705807D1480 [0000] to 0000000000000000 --- Type 0000:30 (SecureChannel:CASE_Sigma1) (B:196)[0m
[0;34m[1784655537.193] [8386:8386] [EM] Handling via exchange: 51939r, Delegate: 0x5725b1deb5f8[0m
[0;32m[1784655537.193] [8386:8386] [IN] CASE Server received Sigma1 message . Starting handshake. EC 0x5725b5bee3f0[0m
[0;32m[1784655537.194] [8386:8386] [SC] Received Sigma1 msg[0m
[0;34m[1784655537.194] [8386:8386] [SC] Found MRP parameters in the message[0m
[0;34m[1784655537.194] [8386:8386] [SC] Peer (Initiator) assigned session ID 25736[0m
[0;32m[1784655537.194] [8386:8386] [SC] CASE matched destination ID: fabricIndex 1, NodeID 0x1122334455667788[0m
[0;32m[1784655537.195] [8386:8386] [EM] <<< [E:51939r S:0 M:257197611 (Ack:145922482)] (U) Msg TX from 0000000000000000 to 0:2B682705807D1480 [0000] [UDP:[fe80::bfe:a203:38f0:bce7%enp0s3]:60266] --- Type 0000:31 (SecureChannel:CASE_Sigma2) (B:544)[0m
[0;32m[1784655537.195] [8386:8386] [EM] ??1 [E:51939r S:0 M:257197611] (U) Msg Retransmission to 0:0000000000000000 scheduled for 381ms from now [State:Active II:500 AI:300 AT:4000][0m
[0;32m[1784655537.195] [8386:8386] [SC] Sent Sigma2 msg[0m
[0;32m[1784655537.196] [8386:8386] [EM] >>> [E:51939r S:0 M:145922483 (Ack:257197611)] (U) Msg RX from 0:2B682705807D1480 [0000] to 0000000000000000 --- Type 0000:40 (SecureChannel:StatusReport) (B:34)[0m
[0;34m[1784655537.196] [8386:8386] [EM] Found matching exchange: 51939r, Delegate: 0x5725b1deb630[0m
[0;34m[1784655537.196] [8386:8386] [EM] Rxd Ack; Removing MessageCounter:257197611 from Retrans Table on exchange 51939r[0m
[1;31m[1784655537.196] [8386:8386] [SC] Received error (protocol code 2) during pairing process: src/protocols/secure_channel/CASESession.cpp:2346: CHIP Error 0x00000054: Invalid CASE parameter[0m
[1;31m[1784655537.196] [8386:8386] [IN] CASE Session establishment failed: src/protocols/secure_channel/CASESession.cpp:2346: CHIP Error 0x00000054: Invalid CASE parameter[0m
[0;34m[1784655537.196] [8386:8386] [IN] SecureSession[0x5725b5bf7f20]: Released - Type:2 LSID:26685[0m
[0;34m[1784655537.196] [8386:8386] [IN] SecureSession[0x5725b5bf7f20]: Allocated Type:2 LSID:26686[0m
[0;34m[1784655537.196] [8386:8386] [SC] Allocated SecureSession (0x5725b5bf7f20) - waiting for Sigma1 msg[0m
[0;32m[1784655537.196] [8386:8386] [EM] <<< [E:51939r S:0 M:257197612 (Ack:145922483)] (U) Msg TX from 0000000000000000 to 0:2B682705807D1480 [0000] [UDP:[fe80::bfe:a203:38f0:bce7%enp0s3]:60266] --- Type 0000:10 (SecureChannel:StandaloneAck) (B:26)[0m
[0;34m[1784655537.196] [8386:8386] [EM] Flushed pending ack for MessageCounter:145922483 on exchange 51939r[0m
[0;34m[1784655537.214] [8386:8386] [ZCL] Emitting ShutDown event[0m
[0;34m[1784655537.214] [8386:8386] [EVL] LogEvent event number: 0x0000000000000005 priority: 2, endpoint id:  0x0 cluster id: 0x0000_0028 event id: 0x1 Epoch timestamp: 0x0000019F85C2643E[0m
[0;34m[1784655537.214] [8386:8386] [DMG] All ReadHandler-s are clean, clear GlobalDirtySet[0m
[0;34m[1784655537.214] [8386:8386] [IN] SecureSession[0x5725b5bf7f20]: Released - Type:2 LSID:26686[0m
[0;34m[1784655537.215] [8386:8386] [DMG] All ReadHandler-s are clean, clear GlobalDirtySet[0m
[0;32m[1784655537.215] [8386:8386] [DMG] AccessControl: finishing[0m
[0;32m[1784655537.215] [8386:8386] [DMG] Examples::AccessControlDelegate::Finish[0m
[0;34m[1784655537.217] [8386:8386] [DL] Wrote settings to /tmp/chip_counters.ini[0m
[0;32m[1784655537.217] [8386:8386] [DL] NVS set: chip-counters/total-operational-hours = 0 (0x0)[0m
[0;32m[1784655537.217] [8386:8386] [DL] Inet Layer shutdown[0m
[0;32m[1784655537.217] [8386:8386] [DL] BLE Layer shutdown[0m
[0;32m[1784655537.218] [8386:8386] [DL] WiFi-PAF Layer shutdown[0m
[0;32m[1784655537.218] [8386:8386] [PAF] WiFiPAF: Closing all WiFiPAF sessions to shutdown[0m
[0;32m[1784655537.218] [8386:8386] [DL] System Layer shutdown[0m
[0;32m[1784655537.218] [8386:8386] [DMG] TLSClientManagementCluster: shutdown[0m
[0;32m[1784655537.218] [8386:8386] [DMG] TLSCertificateManagementCluster: shutdown[0m
[0;32m[1784655537.218] [8386:8386] [DMG] AccessControlCluster: shutdown[0m
[0;32m[1784655537.219] [8386:8386] [BDX] Stop polling for messages[0m
