[0;34m[1784654148.766] [3663:3663] [DL] ChipLinuxStorage::Init: Using KVS config file: /tmp/chip_kvs_test[0m
[0;34m[1784654148.768] [3663:3663] [DL] Wrote settings to /tmp/chip_kvs_test[0m
[1;31m[1784654148.768] [3663:3663] [DL] ChipLinuxStorage::Init: Attempt to re-initialize with KVS config file: /tmp/chip_kvs, IGNORING.[0m
[0;34m[1784654148.770] [3663:3663] [DL] ChipLinuxStorage::Init: Using KVS config file: /tmp/chip_factory.ini[0m
[0;34m[1784654148.771] [3663:3663] [DL] Wrote settings to /tmp/chip_factory.ini[0m
[0;34m[1784654148.771] [3663:3663] [DL] ChipLinuxStorage::Init: Using KVS config file: /tmp/chip_config.ini[0m
[0;34m[1784654148.773] [3663:3663] [DL] Wrote settings to /tmp/chip_config.ini[0m
[0;34m[1784654148.773] [3663:3663] [DL] ChipLinuxStorage::Init: Using KVS config file: /tmp/chip_counters.ini[0m
[0;34m[1784654148.775] [3663:3663] [DL] Wrote settings to /tmp/chip_counters.ini[0m
[0;34m[1784654148.777] [3663:3663] [DL] Wrote settings to /tmp/chip_config.ini[0m
[0;32m[1784654148.777] [3663:3663] [DL] NVS set: chip-config/unique-id = "A9EBF3DB1E06FDA2"[0m
[0;34m[1784654148.779] [3663:3663] [DL] Wrote settings to /tmp/chip_factory.ini[0m
[0;32m[1784654148.779] [3663:3663] [DL] NVS set: chip-factory/vendor-id = 65521 (0xFFF1)[0m
[0;34m[1784654148.781] [3663:3663] [DL] Wrote settings to /tmp/chip_factory.ini[0m
[0;32m[1784654148.781] [3663:3663] [DL] NVS set: chip-factory/product-id = 32769 (0x8001)[0m
[0;34m[1784654148.783] [3663:3663] [DL] Wrote settings to /tmp/chip_counters.ini[0m
[0;32m[1784654148.783] [3663:3663] [DL] NVS set: chip-counters/reboot-count = 1 (0x1)[0m
[0;34m[1784654148.785] [3663:3663] [DL] Wrote settings to /tmp/chip_counters.ini[0m
[0;32m[1784654148.785] [3663:3663] [DL] NVS set: chip-counters/total-operational-hours = 0 (0x0)[0m
[0;34m[1784654148.788] [3663:3663] [DL] Wrote settings to /tmp/chip_counters.ini[0m
[0;32m[1784654148.788] [3663:3663] [DL] NVS set: chip-counters/boot-reason = 0 (0x0)[0m
[0;34m[1784654148.790] [3663:3663] [DL] Wrote settings to /tmp/chip_config.ini[0m
[0;32m[1784654148.790] [3663:3663] [DL] NVS set: chip-config/regulatory-location = 0 (0x0)[0m
[0;34m[1784654148.792] [3663:3663] [DL] Wrote settings to /tmp/chip_config.ini[0m
[0;32m[1784654148.792] [3663:3663] [DL] NVS set: chip-config/location-capability = 2 (0x2)[0m
[0;34m[1784654148.794] [3663:3663] [DL] Wrote settings to /tmp/chip_config.ini[0m
[0;32m[1784654148.794] [3663:3663] [DL] NVS set: chip-config/configuration-version = 1 (0x1)[0m
[0;32m[1784654148.794] [3663:3663] [DL] Got Ethernet interface: enp0s3[0m
[0;32m[1784654148.794] [3663:3663] [DL] Found the primary Ethernet interface:enp0s3[0m
[1;31m[1784654148.794] [3663:3663] [DL] Failed to get WiFi interface[0m
[1;31m[1784654148.794] [3663:3663] [DL] Failed to reset WiFi statistic counts[0m
[0;32m[1784654148.794] [3663:3663] [PAF] WiFiPAF: WiFiPAFLayer::Init()[0m
[1;31m[1784654148.794] [3663:3663] [-] *** WARNING: Using temporary passcode 20202021 due to no neither --passcode or --spake2p-verifier-base64 given on command line or factory configuration. This is temporary and will disappear. Please update your scripts to explicitly configure onboarding credentials. ***[0m
[1;31m[1784654148.794] [3663:3663] [-] *** WARNING: Using temporary test discriminator 3840 due to --discriminator not given on command line or factory configuration. This is temporary and will disappear. Please update your scripts to explicitly configure onboarding credentials. ***[0m
[0;32m[1784654148.794] [3663:3663] [SPT] LinuxCommissionableDataProvider didn't get a PASE salt, generating one.[0m
[0;32m[1784654148.796] [3663:3663] [DL] Device Configuration:[0m
[0;32m[1784654148.796] [3663:3663] [DL]   Serial Number: TEST_SN[0m
[0;32m[1784654148.796] [3663:3663] [DL]   Vendor Id: 65521 (0xFFF1)[0m
[0;32m[1784654148.796] [3663:3663] [DL]   Product Id: 32769 (0x8001)[0m
[0;32m[1784654148.796] [3663:3663] [DL]   Product Name: TEST_PRODUCT[0m
[0;32m[1784654148.796] [3663:3663] [DL]   Hardware Version: 0[0m
[0;32m[1784654148.796] [3663:3663] [DL]   Setup Pin Code (0 for UNKNOWN/ERROR): 20202021[0m
[0;32m[1784654148.796] [3663:3663] [DL]   Setup Discriminator (0xFFFF for UNKNOWN/ERROR): 3840 (0xF00)[0m
[0;32m[1784654148.796] [3663:3663] [DL]   Manufacturing Date: (not set)[0m
[0;32m[1784654148.796] [3663:3663] [DL]   Device Type: 257 (0x101)[0m
[0;32m[1784654148.796] [3663:3663] [-] ==== Onboarding payload for Standard Commissioning Flow ====[0m
[0;32m[1784654148.796] [3663:3663] [SVR] SetupQRCode: [MT:-24J042C00KA0648G00][0m
[0;32m[1784654148.796] [3663:3663] [SVR] Copy/paste the below URL in a browser to see the QR Code:[0m
[0;32m[1784654148.796] [3663:3663] [SVR] https://project-chip.github.io/connectedhomeip/qrcode.html?data=MT%3A-24J042C00KA0648G00[0m
[0;32m[1784654148.796] [3663:3663] [SVR] Manual pairing code: [34970112332][0m
[0;32m[1784654148.796] [3663:3663] [SVR] Initializing subscription resumption storage...[0m
[0;34m[1784654148.798] [3663:3663] [DL] Wrote settings to /tmp/chip_kvs_test[0m
[0;32m[1784654148.798] [3663:3663] [SVR] Server initializing...[0m
[0;34m[1784654148.798] [3663:3663] [FP] Initializing FabricTable from persistent storage[0m
[0;32m[1784654148.798] [3663:3663] [TS] Last Known Good Time: [unknown][0m
[0;32m[1784654148.798] [3663:3663] [TS] Setting Last Known Good Time to firmware build time 2023-10-14T01:16:48[0m
[0;34m[1784654148.800] [3663:3663] [DL] Wrote settings to /tmp/chip_kvs_test[0m
[0;32m[1784654148.800] [3663:3663] [DMG] AccessControl: initializing[0m
[0;32m[1784654148.800] [3663:3663] [DMG] Examples::AccessControlDelegate::Init[0m
[0;32m[1784654148.800] [3663:3663] [DMG] AccessControl: setting[0m
[0;32m[1784654148.800] [3663:3663] [DMG] DefaultAclStorage: initializing[0m
[0;32m[1784654148.800] [3663:3663] [DMG] DefaultAclStorage: 0 entries loaded[0m
[0;34m[1784654148.800] [3663:3663] [IN] UDP::Init bind&listen port=5540[0m
[0;34m[1784654148.800] [3663:3663] [IN] UDP::Init bound to port=5540[0m
[0;34m[1784654148.800] [3663:3663] [IN] UDP::Init bind&listen port=5540[0m
[0;34m[1784654148.800] [3663:3663] [IN] UDP::Init bound to port=5540[0m
[0;34m[1784654148.800] [3663:3663] [IN] BLEBase::Init - setting/overriding transport[0m
[0;32m[1784654148.800] [3663:3663] [IN] TCP server listening on port 5540 for incoming connections[0m
[0;32m[1784654148.800] [3663:3663] [IN] TCP server listening on port 5540 for incoming connections[0m
[0;34m[1784654148.800] [3663:3663] [IN] WiFiPAFBase::Init - setting/overriding transport[0m
[0;34m[1784654148.800] [3663:3663] [IN] TransportMgr initialized[0m
[0;34m[1784654148.803] [3663:3663] [DL] Wrote settings to /tmp/chip_kvs_test[0m
[0;34m[1784654148.805] [3663:3663] [DL] Wrote settings to /tmp/chip_kvs_test[0m
[0;34m[1784654148.807] [3663:3663] [DL] Wrote settings to /tmp/chip_kvs_test[0m
[0;32m[1784654148.807] [3663:3663] [DMG] Ember attribute persistence requires setting up[0m
[0;32m[1784654148.807] [3663:3663] [ZCL] Using ZAP configuration...[0m
[0;34m[1784654148.807] [3663:3663] [DMG] Failed to read stored attribute (1, 0x0000_0006, 0x0000_0000: src/platform/Linux/KeyValueStoreManagerImpl.cpp:53: CHIP Error 0x000000A0: Value not found in the persisted storage[0m
[0;34m[1784654148.807] [3663:3663] [DMG] Failed to read stored attribute (1, 0x0000_0006, 0x0000_4003: src/platform/Linux/KeyValueStoreManagerImpl.cpp:53: CHIP Error 0x000000A0: Value not found in the persisted storage[0m
[0;34m[1784654148.807] [3663:3663] [DMG] Failed to read stored attribute (1, 0x0000_0008, 0x0000_0000: src/platform/Linux/KeyValueStoreManagerImpl.cpp:53: CHIP Error 0x000000A0: Value not found in the persisted storage[0m
[0;34m[1784654148.807] [3663:3663] [DMG] Failed to read stored attribute (1, 0x0000_0008, 0x0000_4000: src/platform/Linux/KeyValueStoreManagerImpl.cpp:53: CHIP Error 0x000000A0: Value not found in the persisted storage[0m
[0;34m[1784654148.807] [3663:3663] [DMG] Failed to read stored attribute (1, 0x0000_0050, 0x0000_0003: src/platform/Linux/KeyValueStoreManagerImpl.cpp:53: CHIP Error 0x000000A0: Value not found in the persisted storage[0m
[0;34m[1784654148.807] [3663:3663] [DMG] Failed to read stored attribute (1, 0x0000_0050, 0x0000_0004: src/platform/Linux/KeyValueStoreManagerImpl.cpp:53: CHIP Error 0x000000A0: Value not found in the persisted storage[0m
[0;34m[1784654148.807] [3663:3663] [DMG] Failed to read stored attribute (1, 0x0000_0050, 0x0000_0005: src/platform/Linux/KeyValueStoreManagerImpl.cpp:53: CHIP Error 0x000000A0: Value not found in the persisted storage[0m
[0;34m[1784654148.807] [3663:3663] [DMG] Failed to read stored attribute (1, 0x0000_005C, 0x0000_0000: src/platform/Linux/KeyValueStoreManagerImpl.cpp:53: CHIP Error 0x000000A0: Value not found in the persisted storage[0m
[0;34m[1784654148.807] [3663:3663] [DMG] Failed to read stored attribute (1, 0x0000_005C, 0x0000_0001: src/platform/Linux/KeyValueStoreManagerImpl.cpp:53: CHIP Error 0x000000A0: Value not found in the persisted storage[0m
[0;34m[1784654148.807] [3663:3663] [DMG] Failed to read stored attribute (1, 0x0000_005C, 0x0000_0002: src/platform/Linux/KeyValueStoreManagerImpl.cpp:53: CHIP Error 0x000000A0: Value not found in the persisted storage[0m
[0;34m[1784654148.807] [3663:3663] [DMG] Failed to read stored attribute (1, 0x0000_005C, 0x0000_0003: src/platform/Linux/KeyValueStoreManagerImpl.cpp:53: CHIP Error 0x000000A0: Value not found in the persisted storage[0m
[0;34m[1784654148.807] [3663:3663] [DMG] Failed to read stored attribute (1, 0x0000_005C, 0x0000_0004: src/platform/Linux/KeyValueStoreManagerImpl.cpp:53: CHIP Error 0x000000A0: Value not found in the persisted storage[0m
[0;34m[1784654148.807] [3663:3663] [DMG] Failed to read stored attribute (1, 0x0000_005C, 0x0000_0006: src/platform/Linux/KeyValueStoreManagerImpl.cpp:53: CHIP Error 0x000000A0: Value not found in the persisted storage[0m
[0;34m[1784654148.807] [3663:3663] [DMG] Failed to read stored attribute (1, 0x0000_005C, 0x0000_0007: src/platform/Linux/KeyValueStoreManagerImpl.cpp:53: CHIP Error 0x000000A0: Value not found in the persisted storage[0m
[0;34m[1784654148.807] [3663:3663] [DMG] Failed to read stored attribute (1, 0x0000_0081, 0x0000_0001: src/platform/Linux/KeyValueStoreManagerImpl.cpp:53: CHIP Error 0x000000A0: Value not found in the persisted storage[0m
[0;34m[1784654148.807] [3663:3663] [DMG] Failed to read stored attribute (1, 0x0000_0081, 0x0000_0008: src/platform/Linux/KeyValueStoreManagerImpl.cpp:53: CHIP Error 0x000000A0: Value not found in the persisted storage[0m
[0;34m[1784654148.807] [3663:3663] [DMG] Failed to read stored attribute (1, 0x0000_0102, 0x0000_0003: src/platform/Linux/KeyValueStoreManagerImpl.cpp:53: CHIP Error 0x000000A0: Value not found in the persisted storage[0m
[0;34m[1784654148.807] [3663:3663] [DMG] Failed to read stored attribute (1, 0x0000_0102, 0x0000_0004: src/platform/Linux/KeyValueStoreManagerImpl.cpp:53: CHIP Error 0x000000A0: Value not found in the persisted storage[0m
[0;34m[1784654148.807] [3663:3663] [DMG] Failed to read stored attribute (1, 0x0000_0102, 0x0000_0005: src/platform/Linux/KeyValueStoreManagerImpl.cpp:53: CHIP Error 0x000000A0: Value not found in the persisted storage[0m
[0;34m[1784654148.807] [3663:3663] [DMG] Failed to read stored attribute (1, 0x0000_0102, 0x0000_0006: src/platform/Linux/KeyValueStoreManagerImpl.cpp:53: CHIP Error 0x000000A0: Value not found in the persisted storage[0m
[0;34m[1784654148.807] [3663:3663] [DMG] Failed to read stored attribute (1, 0x0000_0102, 0x0000_0007: src/platform/Linux/KeyValueStoreManagerImpl.cpp:53: CHIP Error 0x000000A0: Value not found in the persisted storage[0m
[0;34m[1784654148.807] [3663:3663] [DMG] Failed to read stored attribute (1, 0x0000_0102, 0x0000_0008: src/platform/Linux/KeyValueStoreManagerImpl.cpp:53: CHIP Error 0x000000A0: Value not found in the persisted storage[0m
[0;34m[1784654148.807] [3663:3663] [DMG] Failed to read stored attribute (1, 0x0000_0102, 0x0000_0009: src/platform/Linux/KeyValueStoreManagerImpl.cpp:53: CHIP Error 0x000000A0: Value not found in the persisted storage[0m
[0;34m[1784654148.807] [3663:3663] [DMG] Failed to read stored attribute (1, 0x0000_0102, 0x0000_000E: src/platform/Linux/KeyValueStoreManagerImpl.cpp:53: CHIP Error 0x000000A0: Value not found in the persisted storage[0m
[0;34m[1784654148.807] [3663:3663] [DMG] Failed to read stored attribute (1, 0x0000_0102, 0x0000_000F: src/platform/Linux/KeyValueStoreManagerImpl.cpp:53: CHIP Error 0x000000A0: Value not found in the persisted storage[0m
[0;34m[1784654148.807] [3663:3663] [DMG] Failed to read stored attribute (1, 0x0000_0102, 0x0000_0010: src/platform/Linux/KeyValueStoreManagerImpl.cpp:53: CHIP Error 0x000000A0: Value not found in the persisted storage[0m
[0;34m[1784654148.807] [3663:3663] [DMG] Failed to read stored attribute (1, 0x0000_0102, 0x0000_0011: src/platform/Linux/KeyValueStoreManagerImpl.cpp:53: CHIP Error 0x000000A0: Value not found in the persisted storage[0m
[0;34m[1784654148.807] [3663:3663] [DMG] Failed to read stored attribute (1, 0x0000_0102, 0x0000_0012: src/platform/Linux/KeyValueStoreManagerImpl.cpp:53: CHIP Error 0x000000A0: Value not found in the persisted storage[0m
[0;34m[1784654148.807] [3663:3663] [DMG] Failed to read stored attribute (1, 0x0000_0102, 0x0000_0013: src/platform/Linux/KeyValueStoreManagerImpl.cpp:53: CHIP Error 0x000000A0: Value not found in the persisted storage[0m
[0;34m[1784654148.807] [3663:3663] [DMG] Failed to read stored attribute (1, 0x0000_0102, 0x0000_0017: src/platform/Linux/KeyValueStoreManagerImpl.cpp:53: CHIP Error 0x000000A0: Value not found in the persisted storage[0m
[0;34m[1784654148.807] [3663:3663] [DMG] Failed to read stored attribute (1, 0x0000_0300, 0x0000_0000: src/platform/Linux/KeyValueStoreManagerImpl.cpp:53: CHIP Error 0x000000A0: Value not found in the persisted storage[0m
[0;34m[1784654148.807] [3663:3663] [DMG] Failed to read stored attribute (1, 0x0000_0300, 0x0000_0001: src/platform/Linux/KeyValueStoreManagerImpl.cpp:53: CHIP Error 0x000000A0: Value not found in the persisted storage[0m
[0;34m[1784654148.807] [3663:3663] [DMG] Failed to read stored attribute (1, 0x0000_0300, 0x0000_0003: src/platform/Linux/KeyValueStoreManagerImpl.cpp:53: CHIP Error 0x000000A0: Value not found in the persisted storage[0m
[0;34m[1784654148.807] [3663:3663] [DMG] Failed to read stored attribute (1, 0x0000_0300, 0x0000_0004: src/platform/Linux/KeyValueStoreManagerImpl.cpp:53: CHIP Error 0x000000A0: Value not found in the persisted storage[0m
[0;34m[1784654148.807] [3663:3663] [DMG] Failed to read stored attribute (1, 0x0000_0300, 0x0000_0007: src/platform/Linux/KeyValueStoreManagerImpl.cpp:53: CHIP Error 0x000000A0: Value not found in the persisted storage[0m
[0;34m[1784654148.807] [3663:3663] [DMG] Failed to read stored attribute (1, 0x0000_0300, 0x0000_4000: src/platform/Linux/KeyValueStoreManagerImpl.cpp:53: CHIP Error 0x000000A0: Value not found in the persisted storage[0m
[0;34m[1784654148.807] [3663:3663] [DMG] Failed to read stored attribute (1, 0x0000_0300, 0x0000_4001: src/platform/Linux/KeyValueStoreManagerImpl.cpp:53: CHIP Error 0x000000A0: Value not found in the persisted storage[0m
[0;34m[1784654148.807] [3663:3663] [DMG] Failed to read stored attribute (1, 0x0000_0300, 0x0000_4002: src/platform/Linux/KeyValueStoreManagerImpl.cpp:53: CHIP Error 0x000000A0: Value not found in the persisted storage[0m
[0;34m[1784654148.807] [3663:3663] [DMG] Failed to read stored attribute (1, 0x0000_0300, 0x0000_4003: src/platform/Linux/KeyValueStoreManagerImpl.cpp:53: CHIP Error 0x000000A0: Value not found in the persisted storage[0m
[0;34m[1784654148.807] [3663:3663] [DMG] Failed to read stored attribute (1, 0x0000_0300, 0x0000_4004: src/platform/Linux/KeyValueStoreManagerImpl.cpp:53: CHIP Error 0x000000A0: Value not found in the persisted storage[0m
[0;34m[1784654148.807] [3663:3663] [DMG] Failed to read stored attribute (1, 0x0000_0300, 0x0000_4010: src/platform/Linux/KeyValueStoreManagerImpl.cpp:53: CHIP Error 0x000000A0: Value not found in the persisted storage[0m
[0;34m[1784654148.809] [3663:3663] [DL] Wrote settings to /tmp/chip_kvs_test[0m
[0;34m[1784654148.809] [3663:3663] [EVL] LogEvent event number: 0x0000000000000000 priority: 1, endpoint id:  0x0 cluster id: 0x0000_0038 event id: 0x0 Epoch timestamp: 0x0000019F85AD34C9[0m
[0;32m[1784654148.809] [3663:3663] [ZCL] Emit DSTTableEmpty event [ep=0][0m
[0;32m[1784654148.809] [3663:3663] [ZCL] Initializing TLS Certificate Management cluster.[0m
[0;32m[1784654148.809] [3663:3663] [ZCL] Initializing TLS Client Management cluster.[0m
[0;34m[1784654148.809] [3663:3663] [ZCL] UnitLocalization ep0 set default TemperatureUnit: 1[0m
[0;34m[1784654148.809] [3663:3663] [DMG] Endpoint 0, Cluster 0x0000_0004 update version to 1d1dbad5[0m
[0;34m[1784654148.809] [3663:3663] [DMG] Endpoint 0, Cluster 0x0000_0004 update version to 1d1dbad6[0m
[0;34m[1784654148.809] [3663:3663] [DMG] Endpoint 1, Cluster 0x0000_0004 update version to 6bb405eb[0m
[0;34m[1784654148.809] [3663:3663] [DMG] Endpoint 1, Cluster 0x0000_0004 update version to 6bb405ec[0m
[0;32m[1784654148.809] [3663:3663] [ZCL] Endpoint 1 On/off already set to new value[0m
[0;34m[1784654148.809] [3663:3663] [DMG] Endpoint 1, Cluster 0x0000_0008 update version to eedfb006[0m
[0;34m[1784654148.809] [3663:3663] [ZCL] ModeBase: Unable to load the CurrentMode from the KVS. Assuming 0[0m
[0;34m[1784654148.809] [3663:3663] [ZCL] ModeBase: Unable to load the StartUpMode from the KVS. Assuming null[0m
[0;34m[1784654148.809] [3663:3663] [ZCL] ModeBase: Unable to load the OnMode from the KVS.      Assuming null[0m
[0;34m[1784654148.809] [3663:3663] [ZCL] ModeBase: Unable to load the CurrentMode from the KVS. Assuming 0[0m
[0;34m[1784654148.809] [3663:3663] [ZCL] ModeBase: Unable to load the StartUpMode from the KVS. Assuming null[0m
[0;34m[1784654148.809] [3663:3663] [ZCL] ModeBase: Unable to load the OnMode from the KVS.      Assuming null[0m
[0;34m[1784654148.809] [3663:3663] [ZCL] ModeBase: Unable to load the CurrentMode from the KVS. Assuming 0[0m
[0;34m[1784654148.809] [3663:3663] [ZCL] ModeBase: Unable to load the StartUpMode from the KVS. Assuming null[0m
[0;34m[1784654148.809] [3663:3663] [ZCL] ModeBase: Unable to load the OnMode from the KVS.      Assuming null[0m
[0;34m[1784654148.809] [3663:3663] [ZCL] ModeBase: Unable to load the CurrentMode from the KVS. Assuming 0[0m
[0;34m[1784654148.809] [3663:3663] [ZCL] ModeBase: Unable to load the StartUpMode from the KVS. Assuming null[0m
[0;34m[1784654148.809] [3663:3663] [ZCL] ModeBase: Unable to load the OnMode from the KVS.      Assuming null[0m
[0;34m[1784654148.809] [3663:3663] [ZCL] ModeBase: Unable to load the CurrentMode from the KVS. Assuming 0[0m
[0;34m[1784654148.809] [3663:3663] [ZCL] ModeBase: Unable to load the StartUpMode from the KVS. Assuming null[0m
[0;34m[1784654148.809] [3663:3663] [ZCL] ModeBase: Unable to load the OnMode from the KVS.      Assuming null[0m
[0;34m[1784654148.809] [3663:3663] [ZCL] ModeBase: Unable to load the CurrentMode from the KVS. Assuming 0[0m
[0;34m[1784654148.809] [3663:3663] [ZCL] ModeBase: Unable to load the StartUpMode from the KVS. Assuming null[0m
[0;34m[1784654148.809] [3663:3663] [ZCL] ModeBase: Unable to load the OnMode from the KVS.      Assuming null[0m
[0;34m[1784654148.809] [3663:3663] [ZCL] ModeBase: Unable to load the CurrentMode from the KVS. Assuming 0[0m
[0;34m[1784654148.809] [3663:3663] [ZCL] ModeBase: Unable to load the StartUpMode from the KVS. Assuming null[0m
[0;34m[1784654148.809] [3663:3663] [ZCL] ModeBase: Unable to load the OnMode from the KVS.      Assuming null[0m
[0;34m[1784654148.809] [3663:3663] [ZCL] ResourceMonitoring: Init[0m
[0;34m[1784654148.809] [3663:3663] [ZCL] ResourceMonitoring: Unable to load the LastChangedTime from the KVS. Assuming null[0m
[0;34m[1784654148.809] [3663:3663] [ZCL] ResourceMonitoring: calling mDelegate->Init()[0m
[0;34m[1784654148.809] [3663:3663] [ZCL] HepaFilterMonitoringDelegate::Init()[0m
[0;34m[1784654148.809] [3663:3663] [ZCL] ResourceMonitoring: Init[0m
[0;34m[1784654148.809] [3663:3663] [ZCL] ResourceMonitoring: Unable to load the LastChangedTime from the KVS. Assuming null[0m
[0;34m[1784654148.809] [3663:3663] [ZCL] ResourceMonitoring: calling mDelegate->Init()[0m
[0;34m[1784654148.809] [3663:3663] [ZCL] ActivatedCarbonFilterMonitoringDelegate::Init()[0m
[0;34m[1784654148.811] [3663:3663] [DL] Wrote settings to /tmp/chip_kvs_test[0m
[0;34m[1784654148.811] [3663:3663] [DMG] Endpoint 1, Cluster 0x0000_0102 update version to e31e276a[0m
[0;32m[1784654148.811] [3663:3663] [ZCL] WC POST ATTRIBUTE=7[0m
[0;32m[1784654148.811] [3663:3663] [ZCL] ConfigStatus 0x1B Operational=1 OnlineReserved=1[0m
[0;32m[1784654148.811] [3663:3663] [ZCL] Lift(PA=1 Encoder=0 Reversed=0) Tilt(PA=1 Encoder=0)[0m
[0;32m[1784654148.811] [3663:3663] [ZCL] Initialize PCC Server Cluster [EP:1][0m
[0;34m[1784654148.811] [3663:3663] [DMG] Endpoint 1, Cluster 0x0000_0300 update version to 8c292b7b[0m
[0;34m[1784654148.811] [3663:3663] [DMG] Endpoint 1, Cluster 0x0000_0300 update version to 8c292b7c[0m
[0;34m[1784654148.814] [3663:3663] [DL] Wrote settings to /tmp/chip_kvs_test[0m
[0;34m[1784654148.814] [3663:3663] [DMG] Endpoint 1, Cluster 0x0000_0300 update version to 8c292b7d[0m
[0;34m[1784654148.814] [3663:3663] [DMG] Endpoint 1, Cluster 0x0000_0406 update version to c6da57a5[0m
[0;34m[1784654148.814] [3663:3663] [DMG] Endpoint 1, Cluster 0x0000_0406 update version to c6da57a6[0m
[0;34m[1784654148.814] [3663:3663] [DMG] Endpoint 1, Cluster 0x0000_040C update version to 7bae1744[0m
[0;34m[1784654148.814] [3663:3663] [DMG] Endpoint 1, Cluster 0x0000_040C update version to 7bae1745[0m
[0;34m[1784654148.814] [3663:3663] [DMG] Endpoint 1, Cluster 0x0000_040C update version to 7bae1746[0m
[0;34m[1784654148.814] [3663:3663] [DMG] Endpoint 1, Cluster 0x0000_040C update version to 7bae1747[0m
[0;34m[1784654148.814] [3663:3663] [DMG] Endpoint 1, Cluster 0x0000_040C update version to 7bae1748[0m
[0;34m[1784654148.814] [3663:3663] [DMG] Endpoint 1, Cluster 0x0000_040C update version to 7bae1749[0m
[0;34m[1784654148.814] [3663:3663] [DMG] Endpoint 1, Cluster 0x0000_040C update version to 7bae174a[0m
[0;34m[1784654148.814] [3663:3663] [DMG] Endpoint 1, Cluster 0x0000_040C update version to 7bae174b[0m
[0;34m[1784654148.814] [3663:3663] [DMG] Endpoint 1, Cluster 0x0000_040D update version to 4be292e8[0m
[0;34m[1784654148.814] [3663:3663] [DMG] Endpoint 1, Cluster 0x0000_040D update version to 4be292e9[0m
[0;34m[1784654148.814] [3663:3663] [DMG] Endpoint 1, Cluster 0x0000_040D update version to 4be292ea[0m
[0;34m[1784654148.814] [3663:3663] [DMG] Endpoint 1, Cluster 0x0000_040D update version to 4be292eb[0m
[0;34m[1784654148.814] [3663:3663] [DMG] Endpoint 1, Cluster 0x0000_040D update version to 4be292ec[0m
[0;34m[1784654148.814] [3663:3663] [DMG] Endpoint 1, Cluster 0x0000_040D update version to 4be292ed[0m
[0;34m[1784654148.814] [3663:3663] [DMG] Endpoint 1, Cluster 0x0000_040D update version to 4be292ee[0m
[0;34m[1784654148.814] [3663:3663] [DMG] Endpoint 1, Cluster 0x0000_040D update version to 4be292ef[0m
[0;34m[1784654148.814] [3663:3663] [DMG] Endpoint 1, Cluster 0x0000_0413 update version to c02b35f6[0m
[0;34m[1784654148.814] [3663:3663] [DMG] Endpoint 1, Cluster 0x0000_0413 update version to c02b35f7[0m
[0;34m[1784654148.814] [3663:3663] [DMG] Endpoint 1, Cluster 0x0000_0413 update version to c02b35f8[0m
[0;34m[1784654148.814] [3663:3663] [DMG] Endpoint 1, Cluster 0x0000_0413 update version to c02b35f9[0m
[0;34m[1784654148.814] [3663:3663] [DMG] Endpoint 1, Cluster 0x0000_0413 update version to c02b35fa[0m
[0;34m[1784654148.814] [3663:3663] [DMG] Endpoint 1, Cluster 0x0000_0413 update version to c02b35fb[0m
[0;34m[1784654148.814] [3663:3663] [DMG] Endpoint 1, Cluster 0x0000_0413 update version to c02b35fc[0m
[0;34m[1784654148.814] [3663:3663] [DMG] Endpoint 1, Cluster 0x0000_0413 update version to c02b35fd[0m
[0;34m[1784654148.814] [3663:3663] [DMG] Endpoint 1, Cluster 0x0000_0415 update version to e15ad031[0m
[0;34m[1784654148.814] [3663:3663] [DMG] Endpoint 1, Cluster 0x0000_0415 update version to e15ad032[0m
[0;34m[1784654148.814] [3663:3663] [DMG] Endpoint 1, Cluster 0x0000_0415 update version to e15ad033[0m
[0;34m[1784654148.814] [3663:3663] [DMG] Endpoint 1, Cluster 0x0000_0415 update version to e15ad034[0m
[0;34m[1784654148.814] [3663:3663] [DMG] Endpoint 1, Cluster 0x0000_0415 update version to e15ad035[0m
[0;34m[1784654148.814] [3663:3663] [DMG] Endpoint 1, Cluster 0x0000_0415 update version to e15ad036[0m
[0;34m[1784654148.814] [3663:3663] [DMG] Endpoint 1, Cluster 0x0000_0415 update version to e15ad037[0m
[0;34m[1784654148.814] [3663:3663] [DMG] Endpoint 1, Cluster 0x0000_0415 update version to e15ad038[0m
[0;34m[1784654148.814] [3663:3663] [DMG] Endpoint 1, Cluster 0x0000_042A update version to 527b4a78[0m
[0;34m[1784654148.814] [3663:3663] [DMG] Endpoint 1, Cluster 0x0000_042A update version to 527b4a79[0m
[0;34m[1784654148.814] [3663:3663] [DMG] Endpoint 1, Cluster 0x0000_042A update version to 527b4a7a[0m
[0;34m[1784654148.814] [3663:3663] [DMG] Endpoint 1, Cluster 0x0000_042A update version to 527b4a7b[0m
[0;34m[1784654148.814] [3663:3663] [DMG] Endpoint 1, Cluster 0x0000_042A update version to 527b4a7c[0m
[0;34m[1784654148.814] [3663:3663] [DMG] Endpoint 1, Cluster 0x0000_042A update version to 527b4a7d[0m
[0;34m[1784654148.814] [3663:3663] [DMG] Endpoint 1, Cluster 0x0000_042A update version to 527b4a7e[0m
[0;34m[1784654148.814] [3663:3663] [DMG] Endpoint 1, Cluster 0x0000_042A update version to 527b4a7f[0m
[0;34m[1784654148.814] [3663:3663] [DMG] Endpoint 1, Cluster 0x0000_042B update version to 45fb42a4[0m
[0;34m[1784654148.814] [3663:3663] [DMG] Endpoint 1, Cluster 0x0000_042B update version to 45fb42a5[0m
[0;34m[1784654148.814] [3663:3663] [DMG] Endpoint 1, Cluster 0x0000_042B update version to 45fb42a6[0m
[0;34m[1784654148.814] [3663:3663] [DMG] Endpoint 1, Cluster 0x0000_042B update version to 45fb42a7[0m
[0;34m[1784654148.814] [3663:3663] [DMG] Endpoint 1, Cluster 0x0000_042B update version to 45fb42a8[0m
[0;34m[1784654148.814] [3663:3663] [DMG] Endpoint 1, Cluster 0x0000_042B update version to 45fb42a9[0m
[0;34m[1784654148.814] [3663:3663] [DMG] Endpoint 1, Cluster 0x0000_042B update version to 45fb42aa[0m
[0;34m[1784654148.814] [3663:3663] [DMG] Endpoint 1, Cluster 0x0000_042B update version to 45fb42ab[0m
[0;34m[1784654148.814] [3663:3663] [DMG] Endpoint 1, Cluster 0x0000_042C update version to e6b3a18d[0m
[0;34m[1784654148.814] [3663:3663] [DMG] Endpoint 1, Cluster 0x0000_042C update version to e6b3a18e[0m
[0;34m[1784654148.814] [3663:3663] [DMG] Endpoint 1, Cluster 0x0000_042C update version to e6b3a18f[0m
[0;34m[1784654148.814] [3663:3663] [DMG] Endpoint 1, Cluster 0x0000_042C update version to e6b3a190[0m
[0;34m[1784654148.814] [3663:3663] [DMG] Endpoint 1, Cluster 0x0000_042C update version to e6b3a191[0m
[0;34m[1784654148.814] [3663:3663] [DMG] Endpoint 1, Cluster 0x0000_042C update version to e6b3a192[0m
[0;34m[1784654148.814] [3663:3663] [DMG] Endpoint 1, Cluster 0x0000_042C update version to e6b3a193[0m
[0;34m[1784654148.814] [3663:3663] [DMG] Endpoint 1, Cluster 0x0000_042C update version to e6b3a194[0m
[0;34m[1784654148.814] [3663:3663] [DMG] Endpoint 1, Cluster 0x0000_042D update version to 542e4ae6[0m
[0;34m[1784654148.814] [3663:3663] [DMG] Endpoint 1, Cluster 0x0000_042D update version to 542e4ae7[0m
[0;34m[1784654148.814] [3663:3663] [DMG] Endpoint 1, Cluster 0x0000_042D update version to 542e4ae8[0m
[0;34m[1784654148.814] [3663:3663] [DMG] Endpoint 1, Cluster 0x0000_042D update version to 542e4ae9[0m
[0;34m[1784654148.814] [3663:3663] [DMG] Endpoint 1, Cluster 0x0000_042D update version to 542e4aea[0m
[0;34m[1784654148.814] [3663:3663] [DMG] Endpoint 1, Cluster 0x0000_042D update version to 542e4aeb[0m
[0;34m[1784654148.814] [3663:3663] [DMG] Endpoint 1, Cluster 0x0000_042D update version to 542e4aec[0m
[0;34m[1784654148.814] [3663:3663] [DMG] Endpoint 1, Cluster 0x0000_042D update version to 542e4aed[0m
[0;34m[1784654148.814] [3663:3663] [DMG] Endpoint 1, Cluster 0x0000_042E update version to a76795fb[0m
[0;34m[1784654148.814] [3663:3663] [DMG] Endpoint 1, Cluster 0x0000_042E update version to a76795fc[0m
[0;34m[1784654148.814] [3663:3663] [DMG] Endpoint 1, Cluster 0x0000_042E update version to a76795fd[0m
[0;34m[1784654148.814] [3663:3663] [DMG] Endpoint 1, Cluster 0x0000_042E update version to a76795fe[0m
[0;34m[1784654148.814] [3663:3663] [DMG] Endpoint 1, Cluster 0x0000_042E update version to a76795ff[0m
[0;34m[1784654148.814] [3663:3663] [DMG] Endpoint 1, Cluster 0x0000_042E update version to a7679600[0m
[0;34m[1784654148.814] [3663:3663] [DMG] Endpoint 1, Cluster 0x0000_042E update version to a7679601[0m
[0;34m[1784654148.814] [3663:3663] [DMG] Endpoint 1, Cluster 0x0000_042E update version to a7679602[0m
[0;34m[1784654148.814] [3663:3663] [DMG] Endpoint 1, Cluster 0x0000_042F update version to 3fc36b48[0m
[0;34m[1784654148.814] [3663:3663] [DMG] Endpoint 1, Cluster 0x0000_042F update version to 3fc36b49[0m
[0;34m[1784654148.814] [3663:3663] [DMG] Endpoint 1, Cluster 0x0000_042F update version to 3fc36b4a[0m
[0;34m[1784654148.814] [3663:3663] [DMG] Endpoint 1, Cluster 0x0000_042F update version to 3fc36b4b[0m
[0;34m[1784654148.814] [3663:3663] [DMG] Endpoint 1, Cluster 0x0000_042F update version to 3fc36b4c[0m
[0;34m[1784654148.814] [3663:3663] [DMG] Endpoint 1, Cluster 0x0000_042F update version to 3fc36b4d[0m
[0;34m[1784654148.814] [3663:3663] [DMG] Endpoint 1, Cluster 0x0000_042F update version to 3fc36b4e[0m
[0;34m[1784654148.814] [3663:3663] [DMG] Endpoint 1, Cluster 0x0000_042F update version to 3fc36b4f[0m
[0;32m[1784654148.814] [3663:3663] [-] Setting LowPower default delegate to global manager[0m
[0;34m[1784654148.814] [3663:3663] [DMG] Endpoint 2, Cluster 0x0000_0004 update version to 1677cfca[0m
[0;34m[1784654148.814] [3663:3663] [DMG] Endpoint 2, Cluster 0x0000_0004 update version to 1677cfcb[0m
[1;31m[1784654148.814] [3663:3663] [IM] Duplicate attribute override registration failed[0m
[0;34m[1784654148.814] [3663:3663] [DMG] Endpoint 2, Cluster 0x0000_0406 update version to 765f7d7f[0m
[0;34m[1784654148.814] [3663:3663] [DMG] Endpoint 2, Cluster 0x0000_0406 update version to 765f7d80[0m
[0;32m[1784654148.815] [3663:3663] [DMG] TLSClientManagementCluster: initializing[0m
[0;32m[1784654148.815] [3663:3663] [DMG] TLSCertificateManagementCluster: initializing[0m
[0;34m[1784654148.815] [3663:3663] [ZCL] Chime: Unable to load the SelectedChime attribute from the KVS. Defaulting to 0[0m
[0;34m[1784654148.815] [3663:3663] [ZCL] Chime: Unable to load the Enabled attribute from the KVS. Defaulting to 1[0m
[0;34m[1784654148.815] [3663:3663] [EVL] LogEvent event number: 0x0000000000000001 priority: 2, endpoint id:  0x0 cluster id: 0x0000_0033 event id: 0x3 Epoch timestamp: 0x0000019F85AD34CF[0m
[0;34m[1784654148.817] [3663:3663] [DL] Wrote settings to /tmp/chip_kvs_test[0m
[0;32m[1784654148.817] [3663:3663] [DMG] AccessControlCluster: initializing[0m
[0;34m[1784654148.817] [3663:3663] [IN] SecureSession[0x6252b495b890]: Allocated Type:1 LSID:33712[0m
[0;34m[1784654148.817] [3663:3663] [SC] Assigned local session key ID 33712[0m
[0;34m[1784654148.817] [3663:3663] [SC] Waiting for PBKDF param request[0m
[0;32m[1784654148.817] [3663:3663] [DIS] Updating services using commissioning mode 1[0m
[0;32m[1784654148.817] [3663:3663] [DIS] CHIP minimal mDNS started advertising.[0m
[0;34m[1784654148.817] [3663:3663] [DL] Using WiFi MAC for hostname[0m
[0;34m[1784654148.817] [3663:3663] [DIS] DNS-SD Pairing Instruction not set[0m
[0;32m[1784654148.817] [3663:3663] [DIS] Advertise commission parameter vendorID=65521 productID=32769 discriminator=3840/15 cm=1 cp=0 jf=0[0m
[0;34m[1784654148.817] [3663:3663] [DIS] Responding with _matterc._udp.local[0m
[0;34m[1784654148.817] [3663:3663] [DIS] Responding with 72B299EEE1A0878E._matterc._udp.local[0m
[0;34m[1784654148.817] [3663:3663] [DIS] Responding with 080027AE1A43.local[0m
[0;34m[1784654148.817] [3663:3663] [DIS] Responding with 080027AE1A43.local[0m
[0;34m[1784654148.817] [3663:3663] [DIS] Responding with _V65521._sub._matterc._udp.local[0m
[0;34m[1784654148.817] [3663:3663] [DIS] Responding with _T257._sub._matterc._udp.local[0m
[0;34m[1784654148.817] [3663:3663] [DIS] Responding with _S15._sub._matterc._udp.local[0m
[0;34m[1784654148.817] [3663:3663] [DIS] Responding with _L3840._sub._matterc._udp.local[0m
[0;34m[1784654148.817] [3663:3663] [DIS] Responding with _CM._sub._matterc._udp.local[0m
[0;34m[1784654148.817] [3663:3663] [DIS] Responding with 72B299EEE1A0878E._matterc._udp.local[0m
[0;32m[1784654148.817] [3663:3663] [DIS] CHIP minimal mDNS configured as 'Commissionable node device'; instance name: 72B299EEE1A0878E.[0m
[0;32m[1784654148.818] [3663:3663] [DIS] mDNS service published: _matterc._udp[0m
[0;32m[1784654148.818] [3663:3663] [DIS] Updating services using commissioning mode 1[0m
[0;32m[1784654148.818] [3663:3663] [DIS] CHIP minimal mDNS started advertising.[0m
[0;34m[1784654148.819] [3663:3663] [DL] Using WiFi MAC for hostname[0m
[0;34m[1784654148.819] [3663:3663] [DIS] DNS-SD Pairing Instruction not set[0m
[0;32m[1784654148.819] [3663:3663] [DIS] Advertise commission parameter vendorID=65521 productID=32769 discriminator=3840/15 cm=1 cp=0 jf=0[0m
[0;34m[1784654148.819] [3663:3663] [DIS] Responding with _matterc._udp.local[0m
[0;34m[1784654148.819] [3663:3663] [DIS] Responding with 72B299EEE1A0878E._matterc._udp.local[0m
[0;34m[1784654148.819] [3663:3663] [DIS] Responding with 080027AE1A43.local[0m
[0;34m[1784654148.819] [3663:3663] [DIS] Responding with 080027AE1A43.local[0m
[0;34m[1784654148.819] [3663:3663] [DIS] Responding with _V65521._sub._matterc._udp.local[0m
[0;34m[1784654148.819] [3663:3663] [DIS] Responding with _T257._sub._matterc._udp.local[0m
[0;34m[1784654148.819] [3663:3663] [DIS] Responding with _S15._sub._matterc._udp.local[0m
[0;34m[1784654148.819] [3663:3663] [DIS] Responding with _L3840._sub._matterc._udp.local[0m
[0;34m[1784654148.819] [3663:3663] [DIS] Responding with _CM._sub._matterc._udp.local[0m
[0;34m[1784654148.819] [3663:3663] [DIS] Responding with 72B299EEE1A0878E._matterc._udp.local[0m
[0;32m[1784654148.819] [3663:3663] [DIS] CHIP minimal mDNS configured as 'Commissionable node device'; instance name: 72B299EEE1A0878E.[0m
[0;32m[1784654148.819] [3663:3663] [DIS] mDNS service published: _matterc._udp[0m
[0;32m[1784654148.819] [3663:3663] [IN] CASE Server enabling CASE session setups[0m
[0;34m[1784654148.820] [3663:3663] [IN] SecureSession[0x6252b495bda0]: Allocated Type:2 LSID:33713[0m
[0;34m[1784654148.820] [3663:3663] [SC] Allocated SecureSession (0x6252b495bda0) - waiting for Sigma1 msg[0m
[0;32m[1784654148.820] [3663:3663] [SVR] Joining Multicast groups[0m
[0;34m[1784654148.820] [3663:3663] [ZCL] Emitting StartUp event[0m
[0;34m[1784654148.820] [3663:3663] [EVL] LogEvent event number: 0x0000000000000002 priority: 2, endpoint id:  0x0 cluster id: 0x0000_0028 event id: 0x0 Epoch timestamp: 0x0000019F85AD34D4[0m
[0;32m[1784654148.820] [3663:3663] [SVR] Server initialization complete[0m
[0;32m[1784654148.820] [3663:3663] [SVR] Server Listening...[0m
[0;32m[1784654148.820] [3663:3663] [DL] Device Configuration:[0m
[0;32m[1784654148.820] [3663:3663] [DL]   Serial Number: TEST_SN[0m
[0;32m[1784654148.820] [3663:3663] [DL]   Vendor Id: 65521 (0xFFF1)[0m
[0;32m[1784654148.820] [3663:3663] [DL]   Product Id: 32769 (0x8001)[0m
[0;32m[1784654148.820] [3663:3663] [DL]   Product Name: TEST_PRODUCT[0m
[0;32m[1784654148.820] [3663:3663] [DL]   Hardware Version: 0[0m
[0;32m[1784654148.820] [3663:3663] [DL]   Setup Pin Code (0 for UNKNOWN/ERROR): 20202021[0m
[0;32m[1784654148.820] [3663:3663] [DL]   Setup Discriminator (0xFFFF for UNKNOWN/ERROR): 3840 (0xF00)[0m
[0;32m[1784654148.820] [3663:3663] [DL]   Manufacturing Date: (not set)[0m
[0;32m[1784654148.820] [3663:3663] [DL]   Device Type: 257 (0x101)[0m
[0;32m[1784654148.820] [3663:3663] [SVR] SetupQRCode: [MT:-24J042C00KA0648G00][0m
[0;32m[1784654148.820] [3663:3663] [SVR] Copy/paste the below URL in a browser to see the QR Code:[0m
[0;32m[1784654148.820] [3663:3663] [SVR] https://project-chip.github.io/connectedhomeip/qrcode.html?data=MT%3A-24J042C00KA0648G00[0m
[0;32m[1784654148.820] [3663:3663] [SVR] Manual pairing code: [34970112332][0m
[0;34m[1784654148.820] [3663:3663] [DMG] Endpoint 0, Cluster 0x0000_001D update version to b9d87e34[0m
[0;34m[1784654148.820] [3663:3663] [DMG] Endpoint 1, Cluster 0x0000_005D update version to e3c604d4[0m
[0;34m[1784654148.820] [3663:3663] [DMG] Endpoint 1, Cluster 0x0000_005D update version to e3c604d5[0m
[0;34m[1784654148.820] [3663:3663] [DMG] Endpoint 1, Cluster 0x0000_005D update version to e3c604d6[0m
[0;34m[1784654148.820] [3663:3663] [DMG] Endpoint 1, Cluster 0x0000_005D update version to e3c604d7[0m
[0;34m[1784654148.820] [3663:3663] [EVL] LogEvent event number: 0x0000000000000003 priority: 1, endpoint id:  0x1 cluster id: 0x0000_005D event id: 0x0 Epoch timestamp: 0x0000019F85AD34D4[0m
[0;32m[1784654148.820] [3663:3663] [ZCL] Set number of supported temperature units to: 2[0m
[0;34m[1784654148.820] [3663:3663] [DMG] Endpoint 0, Cluster 0x0000_002D update version to 905329[0m
[0;34m[1784654148.822] [3663:3663] [DL] Wrote settings to /tmp/chip_kvs_test[0m
[0;32m[1784654148.822] [3663:3663] [DL] ===== APP STATUS: Starting event loop =====[0m
[1;31m[1784654173.825] [3663:3667] [DL] FAIL: Get D-Bus object manager client: Error calling StartServiceByName for org.bluez: Timeout was reached[0m
[1;31m[1784654173.825] [3663:3663] [DL] Disabling CHIPoBLE service due to error: src/platform/Linux/bluez/BluezObjectManager.cpp:280: CHIP Error 0x000000AC: Internal error[0m
[1;31m[1784654173.825] [3663:3663] [DL] Long dispatch time: 25004 ms, for event type 3[0m
[0;32m[1784654173.825] [3663:3663] [SVR] Cannot load binding table: src/platform/Linux/KeyValueStoreManagerImpl.cpp:53: CHIP Error 0x000000A0: Value not found in the persisted storage[0m
[0;32m[1784654173.825] [3663:3663] [DIS] Updating services using commissioning mode 1[0m
[0;32m[1784654173.826] [3663:3663] [DIS] CHIP minimal mDNS started advertising.[0m
[0;34m[1784654173.827] [3663:3663] [DL] Using WiFi MAC for hostname[0m
[0;34m[1784654173.827] [3663:3663] [DIS] DNS-SD Pairing Instruction not set[0m
[0;32m[1784654173.827] [3663:3663] [DIS] Advertise commission parameter vendorID=65521 productID=32769 discriminator=3840/15 cm=1 cp=0 jf=0[0m
[0;34m[1784654173.827] [3663:3663] [DIS] Responding with _matterc._udp.local[0m
[0;34m[1784654173.827] [3663:3663] [DIS] Responding with 72B299EEE1A0878E._matterc._udp.local[0m
[0;34m[1784654173.827] [3663:3663] [DIS] Responding with 080027AE1A43.local[0m
[0;34m[1784654173.827] [3663:3663] [DIS] Responding with 080027AE1A43.local[0m
[0;34m[1784654173.827] [3663:3663] [DIS] Responding with _V65521._sub._matterc._udp.local[0m
[0;34m[1784654173.827] [3663:3663] [DIS] Responding with _T257._sub._matterc._udp.local[0m
[0;34m[1784654173.827] [3663:3663] [DIS] Responding with _S15._sub._matterc._udp.local[0m
[0;34m[1784654173.827] [3663:3663] [DIS] Responding with _L3840._sub._matterc._udp.local[0m
[0;34m[1784654173.827] [3663:3663] [DIS] Responding with _CM._sub._matterc._udp.local[0m
[0;34m[1784654173.827] [3663:3663] [DIS] Responding with 72B299EEE1A0878E._matterc._udp.local[0m
[0;32m[1784654173.827] [3663:3663] [DIS] CHIP minimal mDNS configured as 'Commissionable node device'; instance name: 72B299EEE1A0878E.[0m
[0;32m[1784654173.827] [3663:3663] [DIS] mDNS service published: _matterc._udp[0m
[0;32m[1784654173.827] [3663:3663] [IM] No subscriptions to resume[0m
[0;34m[1784654173.827] [3663:3663] [DMG] Endpoint 0, Cluster 0x0000_0038 update version to 5954c128[0m
[0;32m[1784654174.135] [3663:3663] [EM] >>> [E:8713r S:0 M:133627865] (U) Msg RX from 0:43ABABCC8EEBE384 [0000] to 0000000000000000 --- Type 0000:20 (SecureChannel:PBKDFParamRequest) (B:98)[0m
[0;34m[1784654174.135] [3663:3663] [EM] Handling via exchange: 8713r, Delegate: 0x6252ac74fd08[0m
[0;34m[1784654174.135] [3663:3663] [SC] Received PBKDF param request[0m
[0;34m[1784654174.135] [3663:3663] [SC] Peer assigned session ID 37921[0m
[0;34m[1784654174.135] [3663:3663] [SC] Found MRP parameters in the message[0m
[0;32m[1784654174.135] [3663:3663] [EM] <<< [E:8713r S:0 M:85535803 (Ack:133627865)] (U) Msg TX from 0000000000000000 to 0:43ABABCC8EEBE384 [0000] [UDP:[fe80::bfe:a203:38f0:bce7%enp0s3]:46319] --- Type 0000:21 (SecureChannel:PBKDFParamResponse) (B:174)[0m
[0;32m[1784654174.135] [3663:3663] [EM] ??1 [E:8713r S:0 M:85535803] (U) Msg Retransmission to 0:0000000000000000 scheduled for 340ms from now [State:Active II:500 AI:300 AT:4000][0m
[0;34m[1784654174.135] [3663:3663] [SC] Sent PBKDF param response[0m
[0;32m[1784654174.135] [3663:3663] [SVR] Commissioning session establishment step started[0m
[0;32m[1784654174.136] [3663:3663] [EM] >>> [E:8713r S:0 M:133627866 (Ack:85535803)] (U) Msg RX from 0:43ABABCC8EEBE384 [0000] to 0000000000000000 --- Type 0000:22 (SecureChannel:PASE_Pake1) (B:96)[0m
[0;34m[1784654174.136] [3663:3663] [EM] Found matching exchange: 8713r, Delegate: 0x6252ac74fd08[0m
[0;34m[1784654174.136] [3663:3663] [EM] Rxd Ack; Removing MessageCounter:85535803 from Retrans Table on exchange 8713r[0m
[0;34m[1784654174.136] [3663:3663] [SC] Received spake2p msg1[0m
[0;32m[1784654174.137] [3663:3663] [EM] <<< [E:8713r S:0 M:85535804 (Ack:133627866)] (U) Msg TX from 0000000000000000 to 0:43ABABCC8EEBE384 [0000] [UDP:[fe80::bfe:a203:38f0:bce7%enp0s3]:46319] --- Type 0000:23 (SecureChannel:PASE_Pake2) (B:131)[0m
[0;32m[1784654174.137] [3663:3663] [EM] ??1 [E:8713r S:0 M:85535804] (U) Msg Retransmission to 0:0000000000000000 scheduled for 330ms from now [State:Active II:500 AI:300 AT:4000][0m
[0;34m[1784654174.137] [3663:3663] [SC] Sent spake2p msg2[0m
[0;32m[1784654174.137] [3663:3663] [EM] >>> [E:8713r S:0 M:133627867 (Ack:85535804)] (U) Msg RX from 0:43ABABCC8EEBE384 [0000] to 0000000000000000 --- Type 0000:24 (SecureChannel:PASE_Pake3) (B:63)[0m
[0;34m[1784654174.137] [3663:3663] [EM] Found matching exchange: 8713r, Delegate: 0x6252ac74fd08[0m
[0;34m[1784654174.137] [3663:3663] [EM] Rxd Ack; Removing MessageCounter:85535804 from Retrans Table on exchange 8713r[0m
[0;34m[1784654174.137] [3663:3663] [SC] Received spake2p msg3[0m
[0;34m[1784654174.137] [3663:3663] [SC] Sending status report. Protocol code 0, exchange 8713[0m
[0;32m[1784654174.137] [3663:3663] [EM] <<< [E:8713r S:0 M:85535805 (Ack:133627867)] (U) Msg TX from 0000000000000000 to 0:43ABABCC8EEBE384 [0000] [UDP:[fe80::bfe:a203:38f0:bce7%enp0s3]:46319] --- Type 0000:40 (SecureChannel:StatusReport) (B:34)[0m
[0;32m[1784654174.137] [3663:3663] [EM] ??1 [E:8713r S:0 M:85535805] (U) Msg Retransmission to 0:0000000000000000 scheduled for 385ms from now [State:Active II:500 AI:300 AT:4000][0m
[0;32m[1784654174.137] [3663:3663] [SC] SecureSession[0x6252b495b890, LSID:33712]: State change 'kEstablishing' --> 'kActive'[0m
[0;34m[1784654174.137] [3663:3663] [IN] SecureSession[0x6252b495b890]: Activated - Type:1 LSID:33712[0m
[0;34m[1784654174.137] [3663:3663] [IN] New secure session activated for device <FFFFFFFB00000000, 0>, LSID:33712 PSID:37921![0m
[0;32m[1784654174.137] [3663:3663] [SVR] Commissioning completed session establishment step[0m
[0;32m[1784654174.137] [3663:3663] [DIS] Updating services using commissioning mode 0[0m
[0;32m[1784654174.137] [3663:3663] [DIS] CHIP minimal mDNS started advertising.[0m
[0;32m[1784654174.138] [3663:3663] [SVR] Device completed Rendezvous process[0m
[0;32m[1784654174.138] [3663:3663] [EM] >>> [E:8714r S:33712 M:84742129] (S) Msg RX from 0:FFFFFFFB00000000 [0000] to 0000000000000000 --- Type 0001:02 (IM:ReadRequest) (B:136)[0m
[0;34m[1784654174.138] [3663:3663] [EM] Handling via exchange: 8714r, Delegate: 0x6252ac757ac8[0m
[0;34m[1784654174.138] [3663:3663] [IM] Received Read request[0m
[0;34m[1784654174.138] [3663:3663] [DMG] ReadRequestMessage =[0m
[0;34m[1784654174.138] [3663:3663] [DMG] {[0m
[0;34m[1784654174.138] [3663:3663] [DMG] 	AttributePathIBs =[0m
[0;34m[1784654174.138] [3663:3663] [DMG] 	[[0m
[0;34m[1784654174.138] [3663:3663] [DMG] 		AttributePathIB =[0m
[0;34m[1784654174.138] [3663:3663] [DMG] 		{[0m
[0;34m[1784654174.138] [3663:3663] [DMG] 			Endpoint = 0x0,[0m
[0;34m[1784654174.138] [3663:3663] [DMG] 			Cluster = 0x30,[0m
[0;34m[1784654174.138] [3663:3663] [DMG] 			Attribute = 0x0000_0004,[0m
[0;34m[1784654174.138] [3663:3663] [DMG] 		}[0m
[0;34m[1784654174.138] [3663:3663] [DMG] 			[0m
[0;34m[1784654174.138] [3663:3663] [DMG] 		AttributePathIB =[0m
[0;34m[1784654174.138] [3663:3663] [DMG] 		{[0m
[0;34m[1784654174.138] [3663:3663] [DMG] 			Endpoint = 0x0,[0m
[0;34m[1784654174.138] [3663:3663] [DMG] 			Cluster = 0x30,[0m
[0;34m[1784654174.138] [3663:3663] [DMG] 			Attribute = 0x0000_0000,[0m
[0;34m[1784654174.138] [3663:3663] [DMG] 		}[0m
[0;34m[1784654174.138] [3663:3663] [DMG] 			[0m
[0;34m[1784654174.138] [3663:3663] [DMG] 		AttributePathIB =[0m
[0;34m[1784654174.138] [3663:3663] [DMG] 		{[0m
[0;34m[1784654174.138] [3663:3663] [DMG] 			Endpoint = 0x0,[0m
[0;34m[1784654174.138] [3663:3663] [DMG] 			Cluster = 0x30,[0m
[0;34m[1784654174.138] [3663:3663] [DMG] 			Attribute = 0x0000_0001,[0m
[0;34m[1784654174.138] [3663:3663] [DMG] 		}[0m
[0;34m[1784654174.138] [3663:3663] [DMG] 			[0m
[0;34m[1784654174.138] [3663:3663] [DMG] 		AttributePathIB =[0m
[0;34m[1784654174.138] [3663:3663] [DMG] 		{[0m
[0;34m[1784654174.138] [3663:3663] [DMG] 			Endpoint = 0x0,[0m
[0;34m[1784654174.138] [3663:3663] [DMG] 			Cluster = 0x30,[0m
[0;34m[1784654174.138] [3663:3663] [DMG] 			Attribute = 0x0000_0002,[0m
[0;34m[1784654174.138] [3663:3663] [DMG] 		}[0m
[0;34m[1784654174.138] [3663:3663] [DMG] 			[0m
[0;34m[1784654174.138] [3663:3663] [DMG] 		AttributePathIB =[0m
[0;34m[1784654174.138] [3663:3663] [DMG] 		{[0m
[0;34m[1784654174.138] [3663:3663] [DMG] 			Endpoint = 0x0,[0m
[0;34m[1784654174.138] [3663:3663] [DMG] 			Cluster = 0x30,[0m
[0;34m[1784654174.138] [3663:3663] [DMG] 			Attribute = 0x0000_0003,[0m
[0;34m[1784654174.138] [3663:3663] [DMG] 		}[0m
[0;34m[1784654174.138] [3663:3663] [DMG] 			[0m
[0;34m[1784654174.138] [3663:3663] [DMG] 		AttributePathIB =[0m
[0;34m[1784654174.138] [3663:3663] [DMG] 		{[0m
[0;34m[1784654174.138] [3663:3663] [DMG] 			Endpoint = 0x0,[0m
[0;34m[1784654174.138] [3663:3663] [DMG] 			Cluster = 0x30,[0m
[0;34m[1784654174.138] [3663:3663] [DMG] 			Attribute = 0x0000_000C,[0m
[0;34m[1784654174.138] [3663:3663] [DMG] 		}[0m
[0;34m[1784654174.138] [3663:3663] [DMG] 			[0m
[0;34m[1784654174.138] [3663:3663] [DMG] 		AttributePathIB =[0m
[0;34m[1784654174.138] [3663:3663] [DMG] 		{[0m
[0;34m[1784654174.138] [3663:3663] [DMG] 			Endpoint = 0x0,[0m
[0;34m[1784654174.138] [3663:3663] [DMG] 			Cluster = 0x28,[0m
[0;34m[1784654174.138] [3663:3663] [DMG] 			Attribute = 0x0000_0002,[0m
[0;34m[1784654174.138] [3663:3663] [DMG] 		}[0m
[0;34m[1784654174.138] [3663:3663] [DMG] 			[0m
[0;34m[1784654174.138] [3663:3663] [DMG] 		AttributePathIB =[0m
[0;34m[1784654174.138] [3663:3663] [DMG] 		{[0m
[0;34m[1784654174.138] [3663:3663] [DMG] 			Endpoint = 0x0,[0m
[0;34m[1784654174.138] [3663:3663] [DMG] 			Cluster = 0x28,[0m
[0;34m[1784654174.138] [3663:3663] [DMG] 			Attribute = 0x0000_0004,[0m
[0;34m[1784654174.138] [3663:3663] [DMG] 		}[0m
[0;34m[1784654174.138] [3663:3663] [DMG] 			[0m
[0;34m[1784654174.138] [3663:3663] [DMG] 		AttributePathIB =[0m
[0;34m[1784654174.138] [3663:3663] [DMG] 		{[0m
[0;34m[1784654174.138] [3663:3663] [DMG] 			Endpoint = 0x0,[0m
[0;34m[1784654174.138] [3663:3663] [DMG] 			Cluster = 0x38,[0m
[0;34m[1784654174.138] [3663:3663] [DMG] 		}[0m
[0;34m[1784654174.138] [3663:3663] [DMG] 			[0m
[0;34m[1784654174.138] [3663:3663] [DMG] 	],[0m
[0;34m[1784654174.139] [3663:3663] [DMG] 		[0m
[0;34m[1784654174.139] [3663:3663] [DMG] 	isFabricFiltered = false, [0m
[0;34m[1784654174.139] [3663:3663] [DMG] 	InteractionModelRevision = 12[0m
[0;34m[1784654174.139] [3663:3663] [DMG] },[0m
[0;34m[1784654174.139] [3663:3663] [DMG] IM RH moving to [CanStartReporting][0m
[0;34m[1784654174.139] [3663:3663] [DMG] Building Reports for ReadHandler with LastReportGeneration = 0x0000000000000000 DirtyGeneration = 0x0000000000000000[0m
[0;34m[1784654174.139] [3663:3663] [DMG] <RE:Run> Cluster 38, Attribute 0 is dirty[0m
[0;32m[1784654174.139] [3663:3663] [DMG] AccessControl: checking f=0 a=p s=0xFFFFFFFB00000000 t= c=0x0000_0038 e=0 p=v r=r[0m
[0;32m[1784654174.139] [3663:3663] [DMG] AccessControl: implicit admin (PASE)[0m
[0;32m[1784654174.139] [3663:3663] [DMG] AccessControl: checking f=0 a=p s=0xFFFFFFFB00000000 t= c=0x0000_0038 e=0 p=v r=r[0m
[0;32m[1784654174.139] [3663:3663] [DMG] AccessControl: implicit admin (PASE)[0m
[0;34m[1784654174.139] [3663:3663] [DMG] Reading attribute: Cluster=0x0000_0038 Endpoint=0x0 AttributeId=0x0000_0000 (expanded=1)[0m
[0;34m[1784654174.139] [3663:3663] [DMG] <RE:Run> Cluster 38, Attribute 1 is dirty[0m
[0;32m[1784654174.139] [3663:3663] [DMG] AccessControl: checking f=0 a=p s=0xFFFFFFFB00000000 t= c=0x0000_0038 e=0 p=v r=r[0m
[0;32m[1784654174.139] [3663:3663] [DMG] AccessControl: implicit admin (PASE)[0m
[0;32m[1784654174.139] [3663:3663] [DMG] AccessControl: checking f=0 a=p s=0xFFFFFFFB00000000 t= c=0x0000_0038 e=0 p=v r=r[0m
[0;32m[1784654174.139] [3663:3663] [DMG] AccessControl: implicit admin (PASE)[0m
[0;34m[1784654174.139] [3663:3663] [DMG] Reading attribute: Cluster=0x0000_0038 Endpoint=0x0 AttributeId=0x0000_0001 (expanded=1)[0m
[0;34m[1784654174.139] [3663:3663] [DMG] <RE:Run> Cluster 38, Attribute 2 is dirty[0m
[0;32m[1784654174.139] [3663:3663] [DMG] AccessControl: checking f=0 a=p s=0xFFFFFFFB00000000 t= c=0x0000_0038 e=0 p=v r=r[0m
[0;32m[1784654174.139] [3663:3663] [DMG] AccessControl: implicit admin (PASE)[0m
[0;32m[1784654174.139] [3663:3663] [DMG] AccessControl: checking f=0 a=p s=0xFFFFFFFB00000000 t= c=0x0000_0038 e=0 p=v r=r[0m
[0;32m[1784654174.139] [3663:3663] [DMG] AccessControl: implicit admin (PASE)[0m
[0;34m[1784654174.139] [3663:3663] [DMG] Reading attribute: Cluster=0x0000_0038 Endpoint=0x0 AttributeId=0x0000_0002 (expanded=1)[0m
[0;34m[1784654174.139] [3663:3663] [DMG] <RE:Run> Cluster 38, Attribute 3 is dirty[0m
[0;32m[1784654174.139] [3663:3663] [DMG] AccessControl: checking f=0 a=p s=0xFFFFFFFB00000000 t= c=0x0000_0038 e=0 p=v r=r[0m
[0;32m[1784654174.139] [3663:3663] [DMG] AccessControl: implicit admin (PASE)[0m
[0;32m[1784654174.139] [3663:3663] [DMG] AccessControl: checking f=0 a=p s=0xFFFFFFFB00000000 t= c=0x0000_0038 e=0 p=v r=r[0m
[0;32m[1784654174.139] [3663:3663] [DMG] AccessControl: implicit admin (PASE)[0m
[0;34m[1784654174.139] [3663:3663] [DMG] Reading attribute: Cluster=0x0000_0038 Endpoint=0x0 AttributeId=0x0000_0003 (expanded=1)[0m
[0;34m[1784654174.139] [3663:3663] [DMG] <RE:Run> Cluster 38, Attribute 4 is dirty[0m
[0;32m[1784654174.139] [3663:3663] [DMG] AccessControl: checking f=0 a=p s=0xFFFFFFFB00000000 t= c=0x0000_0038 e=0 p=v r=r[0m
[0;32m[1784654174.139] [3663:3663] [DMG] AccessControl: implicit admin (PASE)[0m
[0;32m[1784654174.139] [3663:3663] [DMG] AccessControl: checking f=0 a=p s=0xFFFFFFFB00000000 t= c=0x0000_0038 e=0 p=v r=r[0m
[0;32m[1784654174.139] [3663:3663] [DMG] AccessControl: implicit admin (PASE)[0m
[0;34m[1784654174.139] [3663:3663] [DMG] Reading attribute: Cluster=0x0000_0038 Endpoint=0x0 AttributeId=0x0000_0004 (expanded=1)[0m
[0;34m[1784654174.139] [3663:3663] [DMG] <RE:Run> Cluster 38, Attribute 5 is dirty[0m
[0;32m[1784654174.139] [3663:3663] [DMG] AccessControl: checking f=0 a=p s=0xFFFFFFFB00000000 t= c=0x0000_0038 e=0 p=v r=r[0m
[0;32m[1784654174.139] [3663:3663] [DMG] AccessControl: implicit admin (PASE)[0m
[0;32m[1784654174.139] [3663:3663] [DMG] AccessControl: checking f=0 a=p s=0xFFFFFFFB00000000 t= c=0x0000_0038 e=0 p=v r=r[0m
[0;32m[1784654174.139] [3663:3663] [DMG] AccessControl: implicit admin (PASE)[0m
[0;34m[1784654174.139] [3663:3663] [DMG] Reading attribute: Cluster=0x0000_0038 Endpoint=0x0 AttributeId=0x0000_0005 (expanded=1)[0m
[0;34m[1784654174.139] [3663:3663] [DMG] <RE:Run> Cluster 38, Attribute 6 is dirty[0m
[0;32m[1784654174.139] [3663:3663] [DMG] AccessControl: checking f=0 a=p s=0xFFFFFFFB00000000 t= c=0x0000_0038 e=0 p=v r=r[0m
[0;32m[1784654174.139] [3663:3663] [DMG] AccessControl: implicit admin (PASE)[0m
[0;32m[1784654174.139] [3663:3663] [DMG] AccessControl: checking f=0 a=p s=0xFFFFFFFB00000000 t= c=0x0000_0038 e=0 p=v r=r[0m
[0;32m[1784654174.139] [3663:3663] [DMG] AccessControl: implicit admin (PASE)[0m
[0;34m[1784654174.139] [3663:3663] [DMG] Reading attribute: Cluster=0x0000_0038 Endpoint=0x0 AttributeId=0x0000_0006 (expanded=1)[0m
[0;34m[1784654174.139] [3663:3663] [DMG] <RE:Run> Cluster 38, Attribute 7 is dirty[0m
[0;32m[1784654174.139] [3663:3663] [DMG] AccessControl: checking f=0 a=p s=0xFFFFFFFB00000000 t= c=0x0000_0038 e=0 p=v r=r[0m
[0;32m[1784654174.139] [3663:3663] [DMG] AccessControl: implicit admin (PASE)[0m
[0;32m[1784654174.139] [3663:3663] [DMG] AccessControl: checking f=0 a=p s=0xFFFFFFFB00000000 t= c=0x0000_0038 e=0 p=v r=r[0m
[0;32m[1784654174.139] [3663:3663] [DMG] AccessControl: implicit admin (PASE)[0m
[0;34m[1784654174.139] [3663:3663] [DMG] Reading attribute: Cluster=0x0000_0038 Endpoint=0x0 AttributeId=0x0000_0007 (expanded=1)[0m
[0;34m[1784654174.139] [3663:3663] [DMG] <RE:Run> Cluster 38, Attribute 8 is dirty[0m
[0;32m[1784654174.139] [3663:3663] [DMG] AccessControl: checking f=0 a=p s=0xFFFFFFFB00000000 t= c=0x0000_0038 e=0 p=v r=r[0m
[0;32m[1784654174.139] [3663:3663] [DMG] AccessControl: implicit admin (PASE)[0m
[0;32m[1784654174.139] [3663:3663] [DMG] AccessControl: checking f=0 a=p s=0xFFFFFFFB00000000 t= c=0x0000_0038 e=0 p=v r=r[0m
[0;32m[1784654174.139] [3663:3663] [DMG] AccessControl: implicit admin (PASE)[0m
[0;34m[1784654174.139] [3663:3663] [DMG] Reading attribute: Cluster=0x0000_0038 Endpoint=0x0 AttributeId=0x0000_0008 (expanded=1)[0m
[0;34m[1784654174.139] [3663:3663] [DMG] <RE:Run> Cluster 38, Attribute a is dirty[0m
[0;32m[1784654174.139] [3663:3663] [DMG] AccessControl: checking f=0 a=p s=0xFFFFFFFB00000000 t= c=0x0000_0038 e=0 p=v r=r[0m
[0;32m[1784654174.139] [3663:3663] [DMG] AccessControl: implicit admin (PASE)[0m
[0;32m[1784654174.139] [3663:3663] [DMG] AccessControl: checking f=0 a=p s=0xFFFFFFFB00000000 t= c=0x0000_0038 e=0 p=v r=r[0m
[0;32m[1784654174.139] [3663:3663] [DMG] AccessControl: implicit admin (PASE)[0m
[0;34m[1784654174.139] [3663:3663] [DMG] Reading attribute: Cluster=0x0000_0038 Endpoint=0x0 AttributeId=0x0000_000A (expanded=1)[0m
[0;34m[1784654174.139] [3663:3663] [DMG] <RE:Run> Cluster 38, Attribute b is dirty[0m
[0;32m[1784654174.139] [3663:3663] [DMG] AccessControl: checking f=0 a=p s=0xFFFFFFFB00000000 t= c=0x0000_0038 e=0 p=v r=r[0m
[0;32m[1784654174.139] [3663:3663] [DMG] AccessControl: implicit admin (PASE)[0m
[0;32m[1784654174.139] [3663:3663] [DMG] AccessControl: checking f=0 a=p s=0xFFFFFFFB00000000 t= c=0x0000_0038 e=0 p=v r=r[0m
[0;32m[1784654174.139] [3663:3663] [DMG] AccessControl: implicit admin (PASE)[0m
[0;34m[1784654174.139] [3663:3663] [DMG] Reading attribute: Cluster=0x0000_0038 Endpoint=0x0 AttributeId=0x0000_000B (expanded=1)[0m
[0;34m[1784654174.139] [3663:3663] [DMG] <RE:Run> Cluster 38, Attribute c is dirty[0m
[0;32m[1784654174.139] [3663:3663] [DMG] AccessControl: checking f=0 a=p s=0xFFFFFFFB00000000 t= c=0x0000_0038 e=0 p=v r=r[0m
[0;32m[1784654174.139] [3663:3663] [DMG] AccessControl: implicit admin (PASE)[0m
[0;32m[1784654174.139] [3663:3663] [DMG] AccessControl: checking f=0 a=p s=0xFFFFFFFB00000000 t= c=0x0000_0038 e=0 p=v r=r[0m
[0;32m[1784654174.139] [3663:3663] [DMG] AccessControl: implicit admin (PASE)[0m
[0;34m[1784654174.139] [3663:3663] [DMG] Reading attribute: Cluster=0x0000_0038 Endpoint=0x0 AttributeId=0x0000_000C (expanded=1)[0m
[0;34m[1784654174.139] [3663:3663] [DMG] <RE:Run> Cluster 38, Attribute fffc is dirty[0m
[0;32m[1784654174.139] [3663:3663] [DMG] AccessControl: checking f=0 a=p s=0xFFFFFFFB00000000 t= c=0x0000_0038 e=0 p=v r=r[0m
[0;32m[1784654174.139] [3663:3663] [DMG] AccessControl: implicit admin (PASE)[0m
[0;32m[1784654174.139] [3663:3663] [DMG] AccessControl: checking f=0 a=p s=0xFFFFFFFB00000000 t= c=0x0000_0038 e=0 p=v r=r[0m
[0;32m[1784654174.139] [3663:3663] [DMG] AccessControl: implicit admin (PASE)[0m
[0;34m[1784654174.139] [3663:3663] [DMG] Reading attribute: Cluster=0x0000_0038 Endpoint=0x0 AttributeId=0x0000_FFFC (expanded=1)[0m
[0;34m[1784654174.139] [3663:3663] [DMG] <RE:Run> Cluster 38, Attribute fffd is dirty[0m
[0;32m[1784654174.139] [3663:3663] [DMG] AccessControl: checking f=0 a=p s=0xFFFFFFFB00000000 t= c=0x0000_0038 e=0 p=v r=r[0m
[0;32m[1784654174.139] [3663:3663] [DMG] AccessControl: implicit admin (PASE)[0m
[0;32m[1784654174.139] [3663:3663] [DMG] AccessControl: checking f=0 a=p s=0xFFFFFFFB00000000 t= c=0x0000_0038 e=0 p=v r=r[0m
[0;32m[1784654174.139] [3663:3663] [DMG] AccessControl: implicit admin (PASE)[0m
[0;34m[1784654174.139] [3663:3663] [DMG] Reading attribute: Cluster=0x0000_0038 Endpoint=0x0 AttributeId=0x0000_FFFD (expanded=1)[0m
[0;34m[1784654174.139] [3663:3663] [DMG] <RE:Run> Cluster 38, Attribute fff8 is dirty[0m
[0;32m[1784654174.139] [3663:3663] [DMG] AccessControl: checking f=0 a=p s=0xFFFFFFFB00000000 t= c=0x0000_0038 e=0 p=v r=r[0m
[0;32m[1784654174.139] [3663:3663] [DMG] AccessControl: implicit admin (PASE)[0m
[0;32m[1784654174.139] [3663:3663] [DMG] AccessControl: checking f=0 a=p s=0xFFFFFFFB00000000 t= c=0x0000_0038 e=0 p=v r=r[0m
[0;32m[1784654174.139] [3663:3663] [DMG] AccessControl: implicit admin (PASE)[0m
[0;34m[1784654174.139] [3663:3663] [DMG] <RE:Run> Cluster 38, Attribute fff9 is dirty[0m
[0;32m[1784654174.139] [3663:3663] [DMG] AccessControl: checking f=0 a=p s=0xFFFFFFFB00000000 t= c=0x0000_0038 e=0 p=v r=r[0m
[0;32m[1784654174.139] [3663:3663] [DMG] AccessControl: implicit admin (PASE)[0m
[0;32m[1784654174.139] [3663:3663] [DMG] AccessControl: checking f=0 a=p s=0xFFFFFFFB00000000 t= c=0x0000_0038 e=0 p=v r=r[0m
[0;32m[1784654174.139] [3663:3663] [DMG] AccessControl: implicit admin (PASE)[0m
[0;34m[1784654174.139] [3663:3663] [DMG] <RE:Run> Cluster 38, Attribute fffb is dirty[0m
[0;32m[1784654174.139] [3663:3663] [DMG] AccessControl: checking f=0 a=p s=0xFFFFFFFB00000000 t= c=0x0000_0038 e=0 p=v r=r[0m
[0;32m[1784654174.139] [3663:3663] [DMG] AccessControl: implicit admin (PASE)[0m
[0;32m[1784654174.139] [3663:3663] [DMG] AccessControl: checking f=0 a=p s=0xFFFFFFFB00000000 t= c=0x0000_0038 e=0 p=v r=r[0m
[0;32m[1784654174.139] [3663:3663] [DMG] AccessControl: implicit admin (PASE)[0m
[0;34m[1784654174.139] [3663:3663] [DMG] <RE:Run> Cluster 28, Attribute 4 is dirty[0m
[0;32m[1784654174.139] [3663:3663] [DMG] AccessControl: checking f=0 a=p s=0xFFFFFFFB00000000 t= c=0x0000_0028 e=0 p=v r=r[0m
[0;32m[1784654174.139] [3663:3663] [DMG] AccessControl: implicit admin (PASE)[0m
[0;32m[1784654174.139] [3663:3663] [DMG] AccessControl: checking f=0 a=p s=0xFFFFFFFB00000000 t= c=0x0000_0028 e=0 p=v r=r[0m
[0;32m[1784654174.139] [3663:3663] [DMG] AccessControl: implicit admin (PASE)[0m
[0;34m[1784654174.139] [3663:3663] [DMG] Reading attribute: Cluster=0x0000_0028 Endpoint=0x0 AttributeId=0x0000_0004 (expanded=0)[0m
[0;34m[1784654174.139] [3663:3663] [DMG] <RE:Run> Cluster 28, Attribute 2 is dirty[0m
[0;32m[1784654174.139] [3663:3663] [DMG] AccessControl: checking f=0 a=p s=0xFFFFFFFB00000000 t= c=0x0000_0028 e=0 p=v r=r[0m
[0;32m[1784654174.139] [3663:3663] [DMG] AccessControl: implicit admin (PASE)[0m
[0;32m[1784654174.139] [3663:3663] [DMG] AccessControl: checking f=0 a=p s=0xFFFFFFFB00000000 t= c=0x0000_0028 e=0 p=v r=r[0m
[0;32m[1784654174.139] [3663:3663] [DMG] AccessControl: implicit admin (PASE)[0m
[0;34m[1784654174.139] [3663:3663] [DMG] Reading attribute: Cluster=0x0000_0028 Endpoint=0x0 AttributeId=0x0000_0002 (expanded=0)[0m
[0;34m[1784654174.139] [3663:3663] [DMG] <RE:Run> Cluster 30, Attribute c is dirty[0m
[0;32m[1784654174.139] [3663:3663] [DMG] AccessControl: checking f=0 a=p s=0xFFFFFFFB00000000 t= c=0x0000_0030 e=0 p=v r=r[0m
[0;32m[1784654174.139] [3663:3663] [DMG] AccessControl: implicit admin (PASE)[0m
[1;31m[1784654174.139] [3663:3663] [DMG] Failed to read attribute: UNSUPPORTED_ATTRIBUTE(134)[0m
[1;31m[1784654174.139] [3663:3663] [DMG] Fail to retrieve data, roll back and encode status on clusterId: 0x0000_0030, attributeId: 0x0000_000Cerr = src/app/data-model-provider/ActionReturnStatus.cpp:104: IM Error 0x00000586: General error: 0x86 (UNSUPPORTED_ATTRIBUTE)[0m
[0;34m[1784654174.139] [3663:3663] [DMG] <RE:Run> Cluster 30, Attribute 3 is dirty[0m
[0;32m[1784654174.139] [3663:3663] [DMG] AccessControl: checking f=0 a=p s=0xFFFFFFFB00000000 t= c=0x0000_0030 e=0 p=v r=r[0m
[0;32m[1784654174.139] [3663:3663] [DMG] AccessControl: implicit admin (PASE)[0m
[0;32m[1784654174.139] [3663:3663] [DMG] AccessControl: checking f=0 a=p s=0xFFFFFFFB00000000 t= c=0x0000_0030 e=0 p=v r=r[0m
[0;32m[1784654174.139] [3663:3663] [DMG] AccessControl: implicit admin (PASE)[0m
[0;34m[1784654174.139] [3663:3663] [DMG] Reading attribute: Cluster=0x0000_0030 Endpoint=0x0 AttributeId=0x0000_0003 (expanded=0)[0m
[0;34m[1784654174.139] [3663:3663] [DMG] <RE:Run> Cluster 30, Attribute 2 is dirty[0m
[0;32m[1784654174.139] [3663:3663] [DMG] AccessControl: checking f=0 a=p s=0xFFFFFFFB00000000 t= c=0x0000_0030 e=0 p=v r=r[0m
[0;32m[1784654174.139] [3663:3663] [DMG] AccessControl: implicit admin (PASE)[0m
[0;32m[1784654174.139] [3663:3663] [DMG] AccessControl: checking f=0 a=p s=0xFFFFFFFB00000000 t= c=0x0000_0030 e=0 p=v r=r[0m
[0;32m[1784654174.139] [3663:3663] [DMG] AccessControl: implicit admin (PASE)[0m
[0;34m[1784654174.139] [3663:3663] [DMG] Reading attribute: Cluster=0x0000_0030 Endpoint=0x0 AttributeId=0x0000_0002 (expanded=0)[0m
[0;34m[1784654174.139] [3663:3663] [DMG] <RE:Run> Cluster 30, Attribute 1 is dirty[0m
[0;32m[1784654174.139] [3663:3663] [DMG] AccessControl: checking f=0 a=p s=0xFFFFFFFB00000000 t= c=0x0000_0030 e=0 p=v r=r[0m
[0;32m[1784654174.139] [3663:3663] [DMG] AccessControl: implicit admin (PASE)[0m
[0;32m[1784654174.139] [3663:3663] [DMG] AccessControl: checking f=0 a=p s=0xFFFFFFFB00000000 t= c=0x0000_0030 e=0 p=v r=r[0m
[0;32m[1784654174.139] [3663:3663] [DMG] AccessControl: implicit admin (PASE)[0m
[0;34m[1784654174.139] [3663:3663] [DMG] Reading attribute: Cluster=0x0000_0030 Endpoint=0x0 AttributeId=0x0000_0001 (expanded=0)[0m
[0;34m[1784654174.139] [3663:3663] [DMG] <RE:Run> Cluster 30, Attribute 0 is dirty[0m
[0;32m[1784654174.139] [3663:3663] [DMG] AccessControl: checking f=0 a=p s=0xFFFFFFFB00000000 t= c=0x0000_0030 e=0 p=v r=r[0m
[0;32m[1784654174.139] [3663:3663] [DMG] AccessControl: implicit admin (PASE)[0m
[0;32m[1784654174.139] [3663:3663] [DMG] AccessControl: checking f=0 a=p s=0xFFFFFFFB00000000 t= c=0x0000_0030 e=0 p=v r=r[0m
[0;32m[1784654174.139] [3663:3663] [DMG] AccessControl: implicit admin (PASE)[0m
[0;34m[1784654174.139] [3663:3663] [DMG] Reading attribute: Cluster=0x0000_0030 Endpoint=0x0 AttributeId=0x0000_0000 (expanded=0)[0m
[0;34m[1784654174.139] [3663:3663] [DMG] <RE:Run> Cluster 30, Attribute 4 is dirty[0m
[0;32m[1784654174.139] [3663:3663] [DMG] AccessControl: checking f=0 a=p s=0xFFFFFFFB00000000 t= c=0x0000_0030 e=0 p=v r=r[0m
[0;32m[1784654174.139] [3663:3663] [DMG] AccessControl: implicit admin (PASE)[0m
[0;32m[1784654174.139] [3663:3663] [DMG] AccessControl: checking f=0 a=p s=0xFFFFFFFB00000000 t= c=0x0000_0030 e=0 p=v r=r[0m
[0;32m[1784654174.139] [3663:3663] [DMG] AccessControl: implicit admin (PASE)[0m
[0;34m[1784654174.139] [3663:3663] [DMG] Reading attribute: Cluster=0x0000_0030 Endpoint=0x0 AttributeId=0x0000_0004 (expanded=0)[0m
[0;34m[1784654174.139] [3663:3663] [DMG] <RE> Sending report (payload has 732 bytes)...[0m
[0;32m[1784654174.139] [3663:3663] [EM] <<< [E:8714r S:33712 M:156655049 (Ack:84742129)] (S) Msg TX from 0000000000000000 to 0:FFFFFFFB00000000 [0000] [UDP:[fe80::bfe:a203:38f0:bce7%enp0s3]:46319] --- Type 0001:05 (IM:ReportData) (B:766)[0m
[0;32m[1784654174.141] [3663:3663] [EM] ??1 [E:8714r S:33712 M:156655049] (S) Msg Retransmission to 0:FFFFFFFB00000000 scheduled for 345ms from now [State:Active II:500 AI:300 AT:4000][0m
[0;34m[1784654174.141] [3663:3663] [DMG] <RE> OnReportConfirm: NumReports = 0[0m
[0;34m[1784654174.141] [3663:3663] [DMG] <RE> ReportsInFlight = 0 with readHandler 0, RE has no more messages[0m
[0;34m[1784654174.141] [3663:3663] [DMG] IM RH moving to [AwaitingDestruction][0m
[0;34m[1784654174.141] [3663:3663] [DMG] All ReadHandler-s are clean, clear GlobalDirtySet[0m
[0;32m[1784654174.141] [3663:3663] [EM] >>> [E:8713r S:0 M:133627868 (Ack:85535805)] (U) Msg RX from 0:43ABABCC8EEBE384 [0000] to 0000000000000000 --- Type 0000:10 (SecureChannel:StandaloneAck) (B:26)[0m
[0;34m[1784654174.141] [3663:3663] [EM] Found matching exchange: 8713r, Delegate: (nil)[0m
[0;34m[1784654174.141] [3663:3663] [EM] Rxd Ack; Removing MessageCounter:85535805 from Retrans Table on exchange 8713r[0m
[0;32m[1784654174.141] [3663:3663] [EM] >>> [E:8715r S:33712 M:84742130] (S) Msg RX from 0:FFFFFFFB00000000 [0000] to 0000000000000000 --- Type 0001:02 (IM:ReadRequest) (B:112)[0m
[0;34m[1784654174.141] [3663:3663] [EM] Handling via exchange: 8715r, Delegate: 0x6252ac757ac8[0m
[0;34m[1784654174.141] [3663:3663] [IM] Received Read request[0m
[0;34m[1784654174.141] [3663:3663] [DMG] ReadRequestMessage =[0m
[0;34m[1784654174.141] [3663:3663] [DMG] {[0m
[0;34m[1784654174.141] [3663:3663] [DMG] 	AttributePathIBs =[0m
[0;34m[1784654174.141] [3663:3663] [DMG] 	[[0m
[0;34m[1784654174.141] [3663:3663] [DMG] 		AttributePathIB =[0m
[0;34m[1784654174.141] [3663:3663] [DMG] 		{[0m
[0;34m[1784654174.141] [3663:3663] [DMG] 			Cluster = 0x31,[0m
[0;34m[1784654174.141] [3663:3663] [DMG] 			Attribute = 0x0000_FFFC,[0m
[0;34m[1784654174.141] [3663:3663] [DMG] 		}[0m
[0;34m[1784654174.141] [3663:3663] [DMG] 			[0m
[0;34m[1784654174.141] [3663:3663] [DMG] 		AttributePathIB =[0m
[0;34m[1784654174.141] [3663:3663] [DMG] 		{[0m
[0;34m[1784654174.141] [3663:3663] [DMG] 			Cluster = 0x31,[0m
[0;34m[1784654174.141] [3663:3663] [DMG] 			Attribute = 0x0000_0003,[0m
[0;34m[1784654174.141] [3663:3663] [DMG] 		}[0m
[0;34m[1784654174.141] [3663:3663] [DMG] 			[0m
[0;34m[1784654174.141] [3663:3663] [DMG] 		AttributePathIB =[0m
[0;34m[1784654174.141] [3663:3663] [DMG] 		{[0m
[0;34m[1784654174.141] [3663:3663] [DMG] 			Endpoint = 0x0,[0m
[0;34m[1784654174.141] [3663:3663] [DMG] 			Cluster = 0x46,[0m
[0;34m[1784654174.141] [3663:3663] [DMG] 			Attribute = 0x0000_0006,[0m
[0;34m[1784654174.141] [3663:3663] [DMG] 		}[0m
[0;34m[1784654174.141] [3663:3663] [DMG] 			[0m
[0;34m[1784654174.141] [3663:3663] [DMG] 		AttributePathIB =[0m
[0;34m[1784654174.141] [3663:3663] [DMG] 		{[0m
[0;34m[1784654174.141] [3663:3663] [DMG] 			Endpoint = 0x0,[0m
[0;34m[1784654174.141] [3663:3663] [DMG] 			Cluster = 0x46,[0m
[0;34m[1784654174.141] [3663:3663] [DMG] 			Attribute = 0x0000_0007,[0m
[0;34m[1784654174.141] [3663:3663] [DMG] 		}[0m
[0;34m[1784654174.141] [3663:3663] [DMG] 			[0m
[0;34m[1784654174.141] [3663:3663] [DMG] 		AttributePathIB =[0m
[0;34m[1784654174.141] [3663:3663] [DMG] 		{[0m
[0;34m[1784654174.141] [3663:3663] [DMG] 			Endpoint = 0x0,[0m
[0;34m[1784654174.141] [3663:3663] [DMG] 			Cluster = 0x46,[0m
[0;34m[1784654174.141] [3663:3663] [DMG] 			Attribute = 0x0000_0000,[0m
[0;34m[1784654174.141] [3663:3663] [DMG] 		}[0m
[0;34m[1784654174.141] [3663:3663] [DMG] 			[0m
[0;34m[1784654174.141] [3663:3663] [DMG] 		AttributePathIB =[0m
[0;34m[1784654174.141] [3663:3663] [DMG] 		{[0m
[0;34m[1784654174.141] [3663:3663] [DMG] 			Endpoint = 0x0,[0m
[0;34m[1784654174.141] [3663:3663] [DMG] 			Cluster = 0x46,[0m
[0;34m[1784654174.141] [3663:3663] [DMG] 			Attribute = 0x0000_0001,[0m
[0;34m[1784654174.141] [3663:3663] [DMG] 		}[0m
[0;34m[1784654174.141] [3663:3663] [DMG] 			[0m
[0;34m[1784654174.141] [3663:3663] [DMG] 		AttributePathIB =[0m
[0;34m[1784654174.141] [3663:3663] [DMG] 		{[0m
[0;34m[1784654174.141] [3663:3663] [DMG] 			Endpoint = 0x0,[0m
[0;34m[1784654174.141] [3663:3663] [DMG] 			Cluster = 0x46,[0m
[0;34m[1784654174.141] [3663:3663] [DMG] 			Attribute = 0x0000_0002,[0m
[0;34m[1784654174.141] [3663:3663] [DMG] 		}[0m
[0;34m[1784654174.141] [3663:3663] [DMG] 			[0m
[0;34m[1784654174.141] [3663:3663] [DMG] 	],[0m
[0;34m[1784654174.141] [3663:3663] [DMG] 		[0m
[0;34m[1784654174.141] [3663:3663] [DMG] 	isFabricFiltered = false, [0m
[0;34m[1784654174.141] [3663:3663] [DMG] 	InteractionModelRevision = 12[0m
[0;34m[1784654174.141] [3663:3663] [DMG] },[0m
[0;34m[1784654174.141] [3663:3663] [DMG] IM RH moving to [CanStartReporting][0m
[0;34m[1784654174.141] [3663:3663] [DMG] Building Reports for ReadHandler with LastReportGeneration = 0x0000000000000000 DirtyGeneration = 0x0000000000000000[0m
[0;34m[1784654174.141] [3663:3663] [DMG] <RE:Run> Cluster 46, Attribute 2 is dirty[0m
[1;31m[1784654174.141] [3663:3663] [DMG] Read request on unknown cluster - no data version available[0m
[0;32m[1784654174.141] [3663:3663] [DMG] AccessControl: checking f=0 a=p s=0xFFFFFFFB00000000 t= c=0x0000_0046 e=0 p=v r=r[0m
[0;32m[1784654174.141] [3663:3663] [DMG] AccessControl: implicit admin (PASE)[0m
[1;31m[1784654174.141] [3663:3663] [DMG] Failed to read attribute: UNSUPPORTED_CLUSTER(195)[0m
[1;31m[1784654174.141] [3663:3663] [DMG] Fail to retrieve data, roll back and encode status on clusterId: 0x0000_0046, attributeId: 0x0000_0002err = src/app/data-model-provider/ActionReturnStatus.cpp:104: IM Error 0x000005C3: General error: 0xc3 (UNSUPPORTED_CLUSTER)[0m
[0;34m[1784654174.141] [3663:3663] [DMG] <RE:Run> Cluster 46, Attribute 1 is dirty[0m
[1;31m[1784654174.141] [3663:3663] [DMG] Read request on unknown cluster - no data version available[0m
[0;32m[1784654174.141] [3663:3663] [DMG] AccessControl: checking f=0 a=p s=0xFFFFFFFB00000000 t= c=0x0000_0046 e=0 p=v r=r[0m
[0;32m[1784654174.141] [3663:3663] [DMG] AccessControl: implicit admin (PASE)[0m
[1;31m[1784654174.141] [3663:3663] [DMG] Failed to read attribute: UNSUPPORTED_CLUSTER(195)[0m
[1;31m[1784654174.141] [3663:3663] [DMG] Fail to retrieve data, roll back and encode status on clusterId: 0x0000_0046, attributeId: 0x0000_0001err = src/app/data-model-provider/ActionReturnStatus.cpp:104: IM Error 0x000005C3: General error: 0xc3 (UNSUPPORTED_CLUSTER)[0m
[0;34m[1784654174.141] [3663:3663] [DMG] <RE:Run> Cluster 46, Attribute 0 is dirty[0m
[1;31m[1784654174.141] [3663:3663] [DMG] Read request on unknown cluster - no data version available[0m
[0;32m[1784654174.141] [3663:3663] [DMG] AccessControl: checking f=0 a=p s=0xFFFFFFFB00000000 t= c=0x0000_0046 e=0 p=v r=r[0m
[0;32m[1784654174.141] [3663:3663] [DMG] AccessControl: implicit admin (PASE)[0m
[1;31m[1784654174.141] [3663:3663] [DMG] Failed to read attribute: UNSUPPORTED_CLUSTER(195)[0m
[1;31m[1784654174.141] [3663:3663] [DMG] Fail to retrieve data, roll back and encode status on clusterId: 0x0000_0046, attributeId: 0x0000_0000err = src/app/data-model-provider/ActionReturnStatus.cpp:104: IM Error 0x000005C3: General error: 0xc3 (UNSUPPORTED_CLUSTER)[0m
[0;34m[1784654174.141] [3663:3663] [DMG] <RE:Run> Cluster 46, Attribute 7 is dirty[0m
[1;31m[1784654174.141] [3663:3663] [DMG] Read request on unknown cluster - no data version available[0m
[0;32m[1784654174.141] [3663:3663] [DMG] AccessControl: checking f=0 a=p s=0xFFFFFFFB00000000 t= c=0x0000_0046 e=0 p=v r=r[0m
[0;32m[1784654174.141] [3663:3663] [DMG] AccessControl: implicit admin (PASE)[0m
[1;31m[1784654174.141] [3663:3663] [DMG] Failed to read attribute: UNSUPPORTED_CLUSTER(195)[0m
[1;31m[1784654174.141] [3663:3663] [DMG] Fail to retrieve data, roll back and encode status on clusterId: 0x0000_0046, attributeId: 0x0000_0007err = src/app/data-model-provider/ActionReturnStatus.cpp:104: IM Error 0x000005C3: General error: 0xc3 (UNSUPPORTED_CLUSTER)[0m
[0;34m[1784654174.141] [3663:3663] [DMG] <RE:Run> Cluster 46, Attribute 6 is dirty[0m
[1;31m[1784654174.141] [3663:3663] [DMG] Read request on unknown cluster - no data version available[0m
[0;32m[1784654174.141] [3663:3663] [DMG] AccessControl: checking f=0 a=p s=0xFFFFFFFB00000000 t= c=0x0000_0046 e=0 p=v r=r[0m
[0;32m[1784654174.141] [3663:3663] [DMG] AccessControl: implicit admin (PASE)[0m
[1;31m[1784654174.141] [3663:3663] [DMG] Failed to read attribute: UNSUPPORTED_CLUSTER(195)[0m
[1;31m[1784654174.141] [3663:3663] [DMG] Fail to retrieve data, roll back and encode status on clusterId: 0x0000_0046, attributeId: 0x0000_0006err = src/app/data-model-provider/ActionReturnStatus.cpp:104: IM Error 0x000005C3: General error: 0xc3 (UNSUPPORTED_CLUSTER)[0m
[0;34m[1784654174.141] [3663:3663] [DMG] <RE:Run> Cluster 31, Attribute fffc is dirty[0m
[0;32m[1784654174.141] [3663:3663] [DMG] AccessControl: checking f=0 a=p s=0xFFFFFFFB00000000 t= c=0x0000_0031 e=0 p=v r=r[0m
[0;32m[1784654174.141] [3663:3663] [DMG] AccessControl: implicit admin (PASE)[0m
[0;32m[1784654174.141] [3663:3663] [DMG] AccessControl: checking f=0 a=p s=0xFFFFFFFB00000000 t= c=0x0000_0031 e=0 p=v r=r[0m
[0;32m[1784654174.141] [3663:3663] [DMG] AccessControl: implicit admin (PASE)[0m
[0;34m[1784654174.141] [3663:3663] [DMG] Reading attribute: Cluster=0x0000_0031 Endpoint=0x0 AttributeId=0x0000_FFFC (expanded=1)[0m
[0;34m[1784654174.141] [3663:3663] [DMG] <RE> Sending report (payload has 152 bytes)...[0m
[0;32m[1784654174.141] [3663:3663] [EM] <<< [E:8715r S:33712 M:156655050 (Ack:84742130)] (S) Msg TX from 0000000000000000 to 0:FFFFFFFB00000000 [0000] [UDP:[fe80::bfe:a203:38f0:bce7%enp0s3]:46319] --- Type 0001:05 (IM:ReportData) (B:186)[0m
[0;32m[1784654174.142] [3663:3663] [EM] ??1 [E:8715r S:33712 M:156655050] (S) Msg Retransmission to 0:FFFFFFFB00000000 scheduled for 391ms from now [State:Active II:500 AI:300 AT:4000][0m
[0;34m[1784654174.142] [3663:3663] [DMG] <RE> OnReportConfirm: NumReports = 0[0m
[0;34m[1784654174.142] [3663:3663] [DMG] <RE> ReportsInFlight = 0 with readHandler 0, RE has no more messages[0m
[0;34m[1784654174.142] [3663:3663] [DMG] IM RH moving to [AwaitingDestruction][0m
[0;34m[1784654174.142] [3663:3663] [DMG] All ReadHandler-s are clean, clear GlobalDirtySet[0m
[0;32m[1784654174.142] [3663:3663] [EM] >>> [E:8714r S:33712 M:84742131 (Ack:156655049)] (S) Msg RX from 0:FFFFFFFB00000000 [0000] to 0000000000000000 --- Type 0000:10 (SecureChannel:StandaloneAck) (B:34)[0m
[0;34m[1784654174.142] [3663:3663] [EM] Found matching exchange: 8714r, Delegate: (nil)[0m
[0;34m[1784654174.142] [3663:3663] [EM] Rxd Ack; Removing MessageCounter:156655049 from Retrans Table on exchange 8714r[0m
[0;32m[1784654174.142] [3663:3663] [EM] >>> [E:8716r S:33712 M:84742132] (S) Msg RX from 0:FFFFFFFB00000000 [0000] to 0000000000000000 --- Type 0001:08 (IM:InvokeCommandRequest) (B:65)[0m
[0;34m[1784654174.142] [3663:3663] [EM] Handling via exchange: 8716r, Delegate: 0x6252ac757ac8[0m
[0;34m[1784654174.142] [3663:3663] [DMG] InvokeRequestMessage =[0m
[0;34m[1784654174.142] [3663:3663] [DMG] {[0m
[0;34m[1784654174.142] [3663:3663] [DMG] 	suppressResponse = false, [0m
[0;34m[1784654174.142] [3663:3663] [DMG] 	timedRequest = false, [0m
[0;34m[1784654174.142] [3663:3663] [DMG] 	InvokeRequests =[0m
[0;34m[1784654174.142] [3663:3663] [DMG] 	[[0m
[0;34m[1784654174.142] [3663:3663] [DMG] 		CommandDataIB =[0m
[0;34m[1784654174.142] [3663:3663] [DMG] 		{[0m
[0;34m[1784654174.142] [3663:3663] [DMG] 			CommandPathIB =[0m
[0;34m[1784654174.142] [3663:3663] [DMG] 			{[0m
[0;34m[1784654174.142] [3663:3663] [DMG] 				EndpointId = 0x0,[0m
[0;34m[1784654174.142] [3663:3663] [DMG] 				ClusterId = 0x30,[0m
[0;34m[1784654174.142] [3663:3663] [DMG] 				CommandId = 0x0,[0m
[0;34m[1784654174.142] [3663:3663] [DMG] 			},[0m
[0;34m[1784654174.142] [3663:3663] [DMG] 			[0m
[0;34m[1784654174.142] [3663:3663] [DMG] 			CommandFields = [0m
[0;34m[1784654174.142] [3663:3663] [DMG] 			{[0m
[0;34m[1784654174.142] [3663:3663] [DMG] 				0x0 = 60 (unsigned), [0m
[0;34m[1784654174.142] [3663:3663] [DMG] 				0x1 = 3 (unsigned), [0m
[0;34m[1784654174.142] [3663:3663] [DMG] 			},[0m
[0;34m[1784654174.142] [3663:3663] [DMG] 		},[0m
[0;34m[1784654174.142] [3663:3663] [DMG] 		[0m
[0;34m[1784654174.142] [3663:3663] [DMG] 	],[0m
[0;34m[1784654174.142] [3663:3663] [DMG] 	[0m
[0;34m[1784654174.142] [3663:3663] [DMG] 	InteractionModelRevision = 12[0m
[0;34m[1784654174.142] [3663:3663] [DMG] },[0m
[0;32m[1784654174.142] [3663:3663] [DMG] AccessControl: checking f=0 a=p s=0xFFFFFFFB00000000 t= c=0x0000_0030 e=0 p=o r=i[0m
[0;32m[1784654174.142] [3663:3663] [DMG] AccessControl: implicit admin (PASE)[0m
[0;32m[1784654174.142] [3663:3663] [DMG] AccessControl: checking f=0 a=p s=0xFFFFFFFB00000000 t= c=0x0000_0030 e=0 p=a r=i[0m
[0;32m[1784654174.142] [3663:3663] [DMG] AccessControl: implicit admin (PASE)[0m
[0;34m[1784654174.142] [3663:3663] [DMG] Received command for Endpoint=0 Cluster=0x0000_0030 Command=0x0000_0000[0m
[0;32m[1784654174.142] [3663:3663] [FS] GeneralCommissioning: Received ArmFailSafe (60s)[0m
[0;34m[1784654174.142] [3663:3663] [DMG] Command handler moving to [NewRespons][0m
[0;34m[1784654174.142] [3663:3663] [DMG] Command handler moving to [ Preparing][0m
[0;34m[1784654174.142] [3663:3663] [DMG] Command handler moving to [AddingComm][0m
[0;34m[1784654174.142] [3663:3663] [DMG] Command handler moving to [AddedComma][0m
[0;34m[1784654174.142] [3663:3663] [DMG] Decreasing reference count for CommandHandlerImpl, remaining 1[0m
[0;34m[1784654174.142] [3663:3663] [DMG] Decreasing reference count for CommandHandlerImpl, remaining 0[0m
[0;34m[1784654174.142] [3663:3663] [DMG] Command handler moving to [AwaitingDe][0m
[0;32m[1784654174.142] [3663:3663] [EM] <<< [E:8716r S:33712 M:156655051 (Ack:84742132)] (S) Msg TX from 0000000000000000 to 0:FFFFFFFB00000000 [0000] [UDP:[fe80::bfe:a203:38f0:bce7%enp0s3]:46319] --- Type 0001:09 (IM:InvokeCommandResponse) (B:70)[0m
[0;32m[1784654174.143] [3663:3663] [EM] ??1 [E:8716r S:33712 M:156655051] (S) Msg Retransmission to 0:FFFFFFFB00000000 scheduled for 368ms from now [State:Active II:500 AI:300 AT:4000][0m
[0;34m[1784654174.143] [3663:3663] [DMG] Command response sender moving to [AllInvokeR][0m
[0;32m[1784654174.143] [3663:3663] [EM] >>> [E:8715r S:33712 M:84742133 (Ack:156655050)] (S) Msg RX from 0:FFFFFFFB00000000 [0000] to 0000000000000000 --- Type 0000:10 (SecureChannel:StandaloneAck) (B:34)[0m
[0;34m[1784654174.143] [3663:3663] [EM] Found matching exchange: 8715r, Delegate: (nil)[0m
[0;34m[1784654174.143] [3663:3663] [EM] Rxd Ack; Removing MessageCounter:156655050 from Retrans Table on exchange 8715r[0m
[0;32m[1784654174.143] [3663:3663] [EM] >>> [E:8717r S:33712 M:84742134] (S) Msg RX from 0:FFFFFFFB00000000 [0000] to 0000000000000000 --- Type 0001:08 (IM:InvokeCommandRequest) (B:70)[0m
[0;34m[1784654174.143] [3663:3663] [EM] Handling via exchange: 8717r, Delegate: 0x6252ac757ac8[0m
[0;34m[1784654174.143] [3663:3663] [DMG] InvokeRequestMessage =[0m
[0;34m[1784654174.143] [3663:3663] [DMG] {[0m
[0;34m[1784654174.143] [3663:3663] [DMG] 	suppressResponse = false, [0m
[0;34m[1784654174.143] [3663:3663] [DMG] 	timedRequest = false, [0m
[0;34m[1784654174.143] [3663:3663] [DMG] 	InvokeRequests =[0m
[0;34m[1784654174.143] [3663:3663] [DMG] 	[[0m
[0;34m[1784654174.143] [3663:3663] [DMG] 		CommandDataIB =[0m
[0;34m[1784654174.143] [3663:3663] [DMG] 		{[0m
[0;34m[1784654174.143] [3663:3663] [DMG] 			CommandPathIB =[0m
[0;34m[1784654174.143] [3663:3663] [DMG] 			{[0m
[0;34m[1784654174.143] [3663:3663] [DMG] 				EndpointId = 0x0,[0m
[0;34m[1784654174.143] [3663:3663] [DMG] 				ClusterId = 0x30,[0m
[0;34m[1784654174.143] [3663:3663] [DMG] 				CommandId = 0x2,[0m
[0;34m[1784654174.143] [3663:3663] [DMG] 			},[0m
[0;34m[1784654174.143] [3663:3663] [DMG] 			[0m
[0;34m[1784654174.143] [3663:3663] [DMG] 			CommandFields = [0m
[0;34m[1784654174.143] [3663:3663] [DMG] 			{[0m
[0;34m[1784654174.143] [3663:3663] [DMG] 				0x0 = 0 (unsigned), [0m
[0;34m[1784654174.143] [3663:3663] [DMG] 				0x1 = "XX" (2 chars), [0m
[0;34m[1784654174.143] [3663:3663] [DMG] 				0x2 = 4 (unsigned), [0m
[0;34m[1784654174.143] [3663:3663] [DMG] 			},[0m
[0;34m[1784654174.143] [3663:3663] [DMG] 		},[0m
[0;34m[1784654174.143] [3663:3663] [DMG] 		[0m
[0;34m[1784654174.143] [3663:3663] [DMG] 	],[0m
[0;34m[1784654174.143] [3663:3663] [DMG] 	[0m
[0;34m[1784654174.143] [3663:3663] [DMG] 	InteractionModelRevision = 12[0m
[0;34m[1784654174.143] [3663:3663] [DMG] },[0m
[0;32m[1784654174.143] [3663:3663] [DMG] AccessControl: checking f=0 a=p s=0xFFFFFFFB00000000 t= c=0x0000_0030 e=0 p=o r=i[0m
[0;32m[1784654174.143] [3663:3663] [DMG] AccessControl: implicit admin (PASE)[0m
[0;32m[1784654174.143] [3663:3663] [DMG] AccessControl: checking f=0 a=p s=0xFFFFFFFB00000000 t= c=0x0000_0030 e=0 p=a r=i[0m
[0;32m[1784654174.143] [3663:3663] [DMG] AccessControl: implicit admin (PASE)[0m
[0;34m[1784654174.143] [3663:3663] [DMG] Received command for Endpoint=0 Cluster=0x0000_0030 Command=0x0000_0002[0m
[0;34m[1784654174.146] [3663:3663] [DL] Wrote settings to /tmp/chip_config.ini[0m
[0;32m[1784654174.146] [3663:3663] [DL] NVS set: chip-config/regulatory-location = 0 (0x0)[0m
[0;34m[1784654174.148] [3663:3663] [DL] Wrote settings to /tmp/chip_config.ini[0m
[0;32m[1784654174.148] [3663:3663] [DL] NVS set: chip-config/country-code = "XX"[0m
[0;34m[1784654174.148] [3663:3663] [DMG] Command handler moving to [NewRespons][0m
[0;34m[1784654174.148] [3663:3663] [DMG] Command handler moving to [ Preparing][0m
[0;34m[1784654174.148] [3663:3663] [DMG] Command handler moving to [AddingComm][0m
[0;34m[1784654174.148] [3663:3663] [DMG] Command handler moving to [AddedComma][0m
[0;34m[1784654174.148] [3663:3663] [DMG] Decreasing reference count for CommandHandlerImpl, remaining 1[0m
[0;34m[1784654174.148] [3663:3663] [DMG] Decreasing reference count for CommandHandlerImpl, remaining 0[0m
[0;34m[1784654174.148] [3663:3663] [DMG] Command handler moving to [AwaitingDe][0m
[0;32m[1784654174.148] [3663:3663] [EM] <<< [E:8717r S:33712 M:156655052 (Ack:84742134)] (S) Msg TX from 0000000000000000 to 0:FFFFFFFB00000000 [0000] [UDP:[fe80::bfe:a203:38f0:bce7%enp0s3]:46319] --- Type 0001:09 (IM:InvokeCommandResponse) (B:70)[0m
[0;32m[1784654174.148] [3663:3663] [EM] ??1 [E:8717r S:33712 M:156655052] (S) Msg Retransmission to 0:FFFFFFFB00000000 scheduled for 395ms from now [State:Active II:500 AI:300 AT:4000][0m
[0;34m[1784654174.148] [3663:3663] [DMG] Command response sender moving to [AllInvokeR][0m
[0;32m[1784654174.148] [3663:3663] [EM] >>> [E:8716r S:33712 M:84742135 (Ack:156655051)] (S) Msg RX from 0:FFFFFFFB00000000 [0000] to 0000000000000000 --- Type 0000:10 (SecureChannel:StandaloneAck) (B:34)[0m
[0;34m[1784654174.148] [3663:3663] [EM] Found matching exchange: 8716r, Delegate: (nil)[0m
[0;34m[1784654174.148] [3663:3663] [EM] Rxd Ack; Removing MessageCounter:156655051 from Retrans Table on exchange 8716r[0m
[0;32m[1784654174.149] [3663:3663] [EM] >>> [E:8718r S:33712 M:84742136] (S) Msg RX from 0:FFFFFFFB00000000 [0000] to 0000000000000000 --- Type 0001:08 (IM:InvokeCommandRequest) (B:72)[0m
[0;34m[1784654174.149] [3663:3663] [EM] Handling via exchange: 8718r, Delegate: 0x6252ac757ac8[0m
[0;34m[1784654174.149] [3663:3663] [DMG] InvokeRequestMessage =[0m
[0;34m[1784654174.149] [3663:3663] [DMG] {[0m
[0;34m[1784654174.149] [3663:3663] [DMG] 	suppressResponse = false, [0m
[0;34m[1784654174.149] [3663:3663] [DMG] 	timedRequest = false, [0m
[0;34m[1784654174.149] [3663:3663] [DMG] 	InvokeRequests =[0m
[0;34m[1784654174.149] [3663:3663] [DMG] 	[[0m
[0;34m[1784654174.149] [3663:3663] [DMG] 		CommandDataIB =[0m
[0;34m[1784654174.149] [3663:3663] [DMG] 		{[0m
[0;34m[1784654174.149] [3663:3663] [DMG] 			CommandPathIB =[0m
[0;34m[1784654174.149] [3663:3663] [DMG] 			{[0m
[0;34m[1784654174.149] [3663:3663] [DMG] 				EndpointId = 0x0,[0m
[0;34m[1784654174.149] [3663:3663] [DMG] 				ClusterId = 0x38,[0m
[0;34m[1784654174.149] [3663:3663] [DMG] 				CommandId = 0x0,[0m
[0;34m[1784654174.149] [3663:3663] [DMG] 			},[0m
[0;34m[1784654174.149] [3663:3663] [DMG] 			[0m
[0;34m[1784654174.149] [3663:3663] [DMG] 			CommandFields = [0m
[0;34m[1784654174.149] [3663:3663] [DMG] 			{[0m
[0;34m[1784654174.149] [3663:3663] [DMG] 				0x0 = 837969374148911 (unsigned), [0m
[0;34m[1784654174.149] [3663:3663] [DMG] 				0x1 = 2 (unsigned), [0m
[0;34m[1784654174.149] [3663:3663] [DMG] 			},[0m
[0;34m[1784654174.149] [3663:3663] [DMG] 		},[0m
[0;34m[1784654174.149] [3663:3663] [DMG] 		[0m
[0;34m[1784654174.149] [3663:3663] [DMG] 	],[0m
[0;34m[1784654174.149] [3663:3663] [DMG] 	[0m
[0;34m[1784654174.149] [3663:3663] [DMG] 	InteractionModelRevision = 12[0m
[0;34m[1784654174.149] [3663:3663] [DMG] },[0m
[0;32m[1784654174.149] [3663:3663] [DMG] AccessControl: checking f=0 a=p s=0xFFFFFFFB00000000 t= c=0x0000_0038 e=0 p=o r=i[0m
[0;32m[1784654174.149] [3663:3663] [DMG] AccessControl: implicit admin (PASE)[0m
[0;32m[1784654174.149] [3663:3663] [DMG] AccessControl: checking f=0 a=p s=0xFFFFFFFB00000000 t= c=0x0000_0038 e=0 p=a r=i[0m
[0;32m[1784654174.149] [3663:3663] [DMG] AccessControl: implicit admin (PASE)[0m
[0;34m[1784654174.149] [3663:3663] [DMG] Received command for Endpoint=0 Cluster=0x0000_0038 Command=0x0000_0000[0m
[1;31m[1784654174.149] [3663:3663] [DMG] Endpoint=0 Cluster=0x0000_0038 Command=0x0000_0000 status 0x01 (FAILURE) ClusterSpecificCode=2 (no additional context)[0m
[0;34m[1784654174.149] [3663:3663] [DMG] Command handler moving to [NewRespons][0m
[0;34m[1784654174.149] [3663:3663] [DMG] Command handler moving to [ Preparing][0m
[0;34m[1784654174.149] [3663:3663] [DMG] Command handler moving to [AddingComm][0m
[0;34m[1784654174.149] [3663:3663] [DMG] Command handler moving to [AddedComma][0m
[0;34m[1784654174.149] [3663:3663] [DMG] Decreasing reference count for CommandHandlerImpl, remaining 1[0m
[0;34m[1784654174.149] [3663:3663] [DMG] Decreasing reference count for CommandHandlerImpl, remaining 0[0m
[0;34m[1784654174.149] [3663:3663] [DMG] Command handler moving to [AwaitingDe][0m
[0;32m[1784654174.149] [3663:3663] [EM] <<< [E:8718r S:33712 M:156655053 (Ack:84742136)] (S) Msg TX from 0000000000000000 to 0:FFFFFFFB00000000 [0000] [UDP:[fe80::bfe:a203:38f0:bce7%enp0s3]:46319] --- Type 0001:09 (IM:InvokeCommandResponse) (B:70)[0m
[0;32m[1784654174.149] [3663:3663] [EM] ??1 [E:8718r S:33712 M:156655053] (S) Msg Retransmission to 0:FFFFFFFB00000000 scheduled for 361ms from now [State:Active II:500 AI:300 AT:4000][0m
[0;34m[1784654174.149] [3663:3663] [DMG] Command response sender moving to [AllInvokeR][0m
[0;32m[1784654174.149] [3663:3663] [EM] >>> [E:8717r S:33712 M:84742137 (Ack:156655052)] (S) Msg RX from 0:FFFFFFFB00000000 [0000] to 0000000000000000 --- Type 0000:10 (SecureChannel:StandaloneAck) (B:34)[0m
[0;34m[1784654174.149] [3663:3663] [EM] Found matching exchange: 8717r, Delegate: (nil)[0m
[0;34m[1784654174.149] [3663:3663] [EM] Rxd Ack; Removing MessageCounter:156655052 from Retrans Table on exchange 8717r[0m
[0;32m[1784654174.149] [3663:3663] [EM] >>> [E:8719r S:33712 M:84742138] (S) Msg RX from 0:FFFFFFFB00000000 [0000] to 0000000000000000 --- Type 0001:08 (IM:InvokeCommandRequest) (B:62)[0m
[0;34m[1784654174.149] [3663:3663] [EM] Handling via exchange: 8719r, Delegate: 0x6252ac757ac8[0m
[0;34m[1784654174.149] [3663:3663] [DMG] InvokeRequestMessage =[0m
[0;34m[1784654174.149] [3663:3663] [DMG] {[0m
[0;34m[1784654174.149] [3663:3663] [DMG] 	suppressResponse = false, [0m
[0;34m[1784654174.149] [3663:3663] [DMG] 	timedRequest = false, [0m
[0;34m[1784654174.149] [3663:3663] [DMG] 	InvokeRequests =[0m
[0;34m[1784654174.149] [3663:3663] [DMG] 	[[0m
[0;34m[1784654174.149] [3663:3663] [DMG] 		CommandDataIB =[0m
[0;34m[1784654174.149] [3663:3663] [DMG] 		{[0m
[0;34m[1784654174.149] [3663:3663] [DMG] 			CommandPathIB =[0m
[0;34m[1784654174.149] [3663:3663] [DMG] 			{[0m
[0;34m[1784654174.149] [3663:3663] [DMG] 				EndpointId = 0x0,[0m
[0;34m[1784654174.149] [3663:3663] [DMG] 				ClusterId = 0x3e,[0m
[0;34m[1784654174.149] [3663:3663] [DMG] 				CommandId = 0x2,[0m
[0;34m[1784654174.149] [3663:3663] [DMG] 			},[0m
[0;34m[1784654174.149] [3663:3663] [DMG] 			[0m
[0;34m[1784654174.149] [3663:3663] [DMG] 			CommandFields = [0m
[0;34m[1784654174.149] [3663:3663] [DMG] 			{[0m
[0;34m[1784654174.149] [3663:3663] [DMG] 				0x0 = 2 (unsigned), [0m
[0;34m[1784654174.149] [3663:3663] [DMG] 			},[0m
[0;34m[1784654174.149] [3663:3663] [DMG] 		},[0m
[0;34m[1784654174.149] [3663:3663] [DMG] 		[0m
[0;34m[1784654174.149] [3663:3663] [DMG] 	],[0m
[0;34m[1784654174.149] [3663:3663] [DMG] 	[0m
[0;34m[1784654174.149] [3663:3663] [DMG] 	InteractionModelRevision = 12[0m
[0;34m[1784654174.149] [3663:3663] [DMG] },[0m
[0;32m[1784654174.149] [3663:3663] [DMG] AccessControl: checking f=0 a=p s=0xFFFFFFFB00000000 t= c=0x0000_003E e=0 p=o r=i[0m
[0;32m[1784654174.149] [3663:3663] [DMG] AccessControl: implicit admin (PASE)[0m
[0;32m[1784654174.149] [3663:3663] [DMG] AccessControl: checking f=0 a=p s=0xFFFFFFFB00000000 t= c=0x0000_003E e=0 p=a r=i[0m
[0;32m[1784654174.149] [3663:3663] [DMG] AccessControl: implicit admin (PASE)[0m
[0;34m[1784654174.149] [3663:3663] [DMG] Received command for Endpoint=0 Cluster=0x0000_003E Command=0x0000_0002[0m
[0;32m[1784654174.149] [3663:3663] [ZCL] OpCreds: Certificate Chain request received for PAI[0m
[0;34m[1784654174.149] [3663:3663] [DMG] Command handler moving to [NewRespons][0m
[0;34m[1784654174.149] [3663:3663] [DMG] Command handler moving to [ Preparing][0m
[0;34m[1784654174.149] [3663:3663] [DMG] Command handler moving to [AddingComm][0m
[0;34m[1784654174.149] [3663:3663] [DMG] Command handler moving to [AddedComma][0m
[0;34m[1784654174.149] [3663:3663] [DMG] Decreasing reference count for CommandHandlerImpl, remaining 1[0m
[0;34m[1784654174.149] [3663:3663] [DMG] Decreasing reference count for CommandHandlerImpl, remaining 0[0m
[0;34m[1784654174.149] [3663:3663] [DMG] Command handler moving to [AwaitingDe][0m
[0;32m[1784654174.149] [3663:3663] [EM] <<< [E:8719r S:33712 M:156655054 (Ack:84742138)] (S) Msg TX from 0000000000000000 to 0:FFFFFFFB00000000 [0000] [UDP:[fe80::bfe:a203:38f0:bce7%enp0s3]:46319] --- Type 0001:09 (IM:InvokeCommandResponse) (B:531)[0m
[0;32m[1784654174.149] [3663:3663] [EM] ??1 [E:8719r S:33712 M:156655054] (S) Msg Retransmission to 0:FFFFFFFB00000000 scheduled for 398ms from now [State:Active II:500 AI:300 AT:4000][0m
[0;34m[1784654174.149] [3663:3663] [DMG] Command response sender moving to [AllInvokeR][0m
[0;32m[1784654174.149] [3663:3663] [EM] >>> [E:8718r S:33712 M:84742139 (Ack:156655053)] (S) Msg RX from 0:FFFFFFFB00000000 [0000] to 0000000000000000 --- Type 0000:10 (SecureChannel:StandaloneAck) (B:34)[0m
[0;34m[1784654174.149] [3663:3663] [EM] Found matching exchange: 8718r, Delegate: (nil)[0m
[0;34m[1784654174.149] [3663:3663] [EM] Rxd Ack; Removing MessageCounter:156655053 from Retrans Table on exchange 8718r[0m
[0;32m[1784654174.149] [3663:3663] [EM] >>> [E:8720r S:33712 M:84742140] (S) Msg RX from 0:FFFFFFFB00000000 [0000] to 0000000000000000 --- Type 0001:08 (IM:InvokeCommandRequest) (B:62)[0m
[0;34m[1784654174.149] [3663:3663] [EM] Handling via exchange: 8720r, Delegate: 0x6252ac757ac8[0m
[0;34m[1784654174.149] [3663:3663] [DMG] InvokeRequestMessage =[0m
[0;34m[1784654174.150] [3663:3663] [DMG] {[0m
[0;34m[1784654174.150] [3663:3663] [DMG] 	suppressResponse = false, [0m
[0;34m[1784654174.150] [3663:3663] [DMG] 	timedRequest = false, [0m
[0;34m[1784654174.150] [3663:3663] [DMG] 	InvokeRequests =[0m
[0;34m[1784654174.150] [3663:3663] [DMG] 	[[0m
[0;34m[1784654174.150] [3663:3663] [DMG] 		CommandDataIB =[0m
[0;34m[1784654174.150] [3663:3663] [DMG] 		{[0m
[0;34m[1784654174.150] [3663:3663] [DMG] 			CommandPathIB =[0m
[0;34m[1784654174.150] [3663:3663] [DMG] 			{[0m
[0;34m[1784654174.150] [3663:3663] [DMG] 				EndpointId = 0x0,[0m
[0;34m[1784654174.150] [3663:3663] [DMG] 				ClusterId = 0x3e,[0m
[0;34m[1784654174.150] [3663:3663] [DMG] 				CommandId = 0x2,[0m
[0;34m[1784654174.150] [3663:3663] [DMG] 			},[0m
[0;34m[1784654174.150] [3663:3663] [DMG] 			[0m
[0;34m[1784654174.150] [3663:3663] [DMG] 			CommandFields = [0m
[0;34m[1784654174.150] [3663:3663] [DMG] 			{[0m
[0;34m[1784654174.150] [3663:3663] [DMG] 				0x0 = 1 (unsigned), [0m
[0;34m[1784654174.150] [3663:3663] [DMG] 			},[0m
[0;34m[1784654174.150] [3663:3663] [DMG] 		},[0m
[0;34m[1784654174.150] [3663:3663] [DMG] 		[0m
[0;34m[1784654174.150] [3663:3663] [DMG] 	],[0m
[0;34m[1784654174.150] [3663:3663] [DMG] 	[0m
[0;34m[1784654174.150] [3663:3663] [DMG] 	InteractionModelRevision = 12[0m
[0;34m[1784654174.150] [3663:3663] [DMG] },[0m
[0;32m[1784654174.150] [3663:3663] [DMG] AccessControl: checking f=0 a=p s=0xFFFFFFFB00000000 t= c=0x0000_003E e=0 p=o r=i[0m
[0;32m[1784654174.150] [3663:3663] [DMG] AccessControl: implicit admin (PASE)[0m
[0;32m[1784654174.150] [3663:3663] [DMG] AccessControl: checking f=0 a=p s=0xFFFFFFFB00000000 t= c=0x0000_003E e=0 p=a r=i[0m
[0;32m[1784654174.150] [3663:3663] [DMG] AccessControl: implicit admin (PASE)[0m
[0;34m[1784654174.150] [3663:3663] [DMG] Received command for Endpoint=0 Cluster=0x0000_003E Command=0x0000_0002[0m
[0;32m[1784654174.150] [3663:3663] [ZCL] OpCreds: Certificate Chain request received for DAC[0m
[0;34m[1784654174.150] [3663:3663] [DMG] Command handler moving to [NewRespons][0m
[0;34m[1784654174.150] [3663:3663] [DMG] Command handler moving to [ Preparing][0m
[0;34m[1784654174.150] [3663:3663] [DMG] Command handler moving to [AddingComm][0m
[0;34m[1784654174.150] [3663:3663] [DMG] Command handler moving to [AddedComma][0m
[0;34m[1784654174.150] [3663:3663] [DMG] Decreasing reference count for CommandHandlerImpl, remaining 1[0m
[0;34m[1784654174.150] [3663:3663] [DMG] Decreasing reference count for CommandHandlerImpl, remaining 0[0m
[0;34m[1784654174.150] [3663:3663] [DMG] Command handler moving to [AwaitingDe][0m
[0;32m[1784654174.150] [3663:3663] [EM] <<< [E:8720r S:33712 M:156655055 (Ack:84742140)] (S) Msg TX from 0000000000000000 to 0:FFFFFFFB00000000 [0000] [UDP:[fe80::bfe:a203:38f0:bce7%enp0s3]:46319] --- Type 0001:09 (IM:InvokeCommandResponse) (B:559)[0m
[0;32m[1784654174.150] [3663:3663] [EM] ??1 [E:8720r S:33712 M:156655055] (S) Msg Retransmission to 0:FFFFFFFB00000000 scheduled for 402ms from now [State:Active II:500 AI:300 AT:4000][0m
[0;34m[1784654174.150] [3663:3663] [DMG] Command response sender moving to [AllInvokeR][0m
[0;32m[1784654174.150] [3663:3663] [EM] >>> [E:8719r S:33712 M:84742141 (Ack:156655054)] (S) Msg RX from 0:FFFFFFFB00000000 [0000] to 0000000000000000 --- Type 0000:10 (SecureChannel:StandaloneAck) (B:34)[0m
[0;34m[1784654174.150] [3663:3663] [EM] Found matching exchange: 8719r, Delegate: (nil)[0m
[0;34m[1784654174.150] [3663:3663] [EM] Rxd Ack; Removing MessageCounter:156655054 from Retrans Table on exchange 8719r[0m
[0;32m[1784654174.150] [3663:3663] [EM] >>> [E:8721r S:33712 M:84742142] (S) Msg RX from 0:FFFFFFFB00000000 [0000] to 0000000000000000 --- Type 0001:08 (IM:InvokeCommandRequest) (B:94)[0m
[0;34m[1784654174.150] [3663:3663] [EM] Handling via exchange: 8721r, Delegate: 0x6252ac757ac8[0m
[0;34m[1784654174.150] [3663:3663] [DMG] InvokeRequestMessage =[0m
[0;34m[1784654174.150] [3663:3663] [DMG] {[0m
[0;34m[1784654174.150] [3663:3663] [DMG] 	suppressResponse = false, [0m
[0;34m[1784654174.150] [3663:3663] [DMG] 	timedRequest = false, [0m
[0;34m[1784654174.150] [3663:3663] [DMG] 	InvokeRequests =[0m
[0;34m[1784654174.150] [3663:3663] [DMG] 	[[0m
[0;34m[1784654174.150] [3663:3663] [DMG] 		CommandDataIB =[0m
[0;34m[1784654174.150] [3663:3663] [DMG] 		{[0m
[0;34m[1784654174.150] [3663:3663] [DMG] 			CommandPathIB =[0m
[0;34m[1784654174.150] [3663:3663] [DMG] 			{[0m
[0;34m[1784654174.150] [3663:3663] [DMG] 				EndpointId = 0x0,[0m
[0;34m[1784654174.150] [3663:3663] [DMG] 				ClusterId = 0x3e,[0m
[0;34m[1784654174.150] [3663:3663] [DMG] 				CommandId = 0x0,[0m
[0;34m[1784654174.150] [3663:3663] [DMG] 			},[0m
[0;34m[1784654174.150] [3663:3663] [DMG] 			[0m
[0;34m[1784654174.150] [3663:3663] [DMG] 			CommandFields = [0m
[0;34m[1784654174.150] [3663:3663] [DMG] 			{[0m
[0;34m[1784654174.150] [3663:3663] [DMG] 				0x0 = [[0m
[0;34m[1784654174.150] [3663:3663] [DMG] 						0x6f, 0xf5, 0xb0, 0x9c, 0xe4, 0x1b, 0x5a, 0xcc, 0x56, 0x67, 0xe3, 0x8f, 0x61, 0xac, 0x8f, 0xa4, 0xc6, 0xdc, 0x14, 0x87, 0xcf, 0x35, 0x1d, 0x12, 0xcf, 0x60, 0xd9, 0xd0, 0x8e, 0x83, 0xf6, 0xf2, [0m
[0;34m[1784654174.150] [3663:3663] [DMG] 				] (32 bytes)[0m
[0;34m[1784654174.150] [3663:3663] [DMG] 			},[0m
[0;34m[1784654174.150] [3663:3663] [DMG] 		},[0m
[0;34m[1784654174.150] [3663:3663] [DMG] 		[0m
[0;34m[1784654174.150] [3663:3663] [DMG] 	],[0m
[0;34m[1784654174.150] [3663:3663] [DMG] 	[0m
[0;34m[1784654174.150] [3663:3663] [DMG] 	InteractionModelRevision = 12[0m
[0;34m[1784654174.150] [3663:3663] [DMG] },[0m
[0;32m[1784654174.150] [3663:3663] [DMG] AccessControl: checking f=0 a=p s=0xFFFFFFFB00000000 t= c=0x0000_003E e=0 p=o r=i[0m
[0;32m[1784654174.150] [3663:3663] [DMG] AccessControl: implicit admin (PASE)[0m
[0;32m[1784654174.150] [3663:3663] [DMG] AccessControl: checking f=0 a=p s=0xFFFFFFFB00000000 t= c=0x0000_003E e=0 p=a r=i[0m
[0;32m[1784654174.150] [3663:3663] [DMG] AccessControl: implicit admin (PASE)[0m
[0;34m[1784654174.150] [3663:3663] [DMG] Received command for Endpoint=0 Cluster=0x0000_003E Command=0x0000_0000[0m
[0;32m[1784654174.150] [3663:3663] [ZCL] OpCreds: Received an AttestationRequest command[0m
[0;32m[1784654174.150] [3663:3663] [ZCL] OpCreds: AttestationRequest successful.[0m
[0;34m[1784654174.150] [3663:3663] [DMG] Command handler moving to [NewRespons][0m
[0;34m[1784654174.150] [3663:3663] [DMG] Command handler moving to [ Preparing][0m
[0;34m[1784654174.150] [3663:3663] [DMG] Command handler moving to [AddingComm][0m
[0;34m[1784654174.150] [3663:3663] [DMG] Command handler moving to [AddedComma][0m
[0;34m[1784654174.150] [3663:3663] [DMG] Decreasing reference count for CommandHandlerImpl, remaining 1[0m
[0;34m[1784654174.150] [3663:3663] [DMG] Decreasing reference count for CommandHandlerImpl, remaining 0[0m
[0;34m[1784654174.150] [3663:3663] [DMG] Command handler moving to [AwaitingDe][0m
[0;32m[1784654174.150] [3663:3663] [EM] <<< [E:8721r S:33712 M:156655056 (Ack:84742142)] (S) Msg TX from 0000000000000000 to 0:FFFFFFFB00000000 [0000] [UDP:[fe80::bfe:a203:38f0:bce7%enp0s3]:46319] --- Type 0001:09 (IM:InvokeCommandResponse) (B:718)[0m
[0;32m[1784654174.150] [3663:3663] [EM] ??1 [E:8721r S:33712 M:156655056] (S) Msg Retransmission to 0:FFFFFFFB00000000 scheduled for 362ms from now [State:Active II:500 AI:300 AT:4000][0m
[0;34m[1784654174.150] [3663:3663] [DMG] Command response sender moving to [AllInvokeR][0m
[0;32m[1784654174.150] [3663:3663] [EM] >>> [E:8720r S:33712 M:84742143 (Ack:156655055)] (S) Msg RX from 0:FFFFFFFB00000000 [0000] to 0000000000000000 --- Type 0000:10 (SecureChannel:StandaloneAck) (B:34)[0m
[0;34m[1784654174.150] [3663:3663] [EM] Found matching exchange: 8720r, Delegate: (nil)[0m
[0;34m[1784654174.150] [3663:3663] [EM] Rxd Ack; Removing MessageCounter:156655055 from Retrans Table on exchange 8720r[0m
[0;32m[1784654174.159] [3663:3663] [EM] >>> [E:8722r S:33712 M:84742144] (S) Msg RX from 0:FFFFFFFB00000000 [0000] to 0000000000000000 --- Type 0001:08 (IM:InvokeCommandRequest) (B:94)[0m
[0;34m[1784654174.159] [3663:3663] [EM] Handling via exchange: 8722r, Delegate: 0x6252ac757ac8[0m
[0;34m[1784654174.159] [3663:3663] [DMG] InvokeRequestMessage =[0m
[0;34m[1784654174.159] [3663:3663] [DMG] {[0m
[0;34m[1784654174.159] [3663:3663] [DMG] 	suppressResponse = false, [0m
[0;34m[1784654174.159] [3663:3663] [DMG] 	timedRequest = false, [0m
[0;34m[1784654174.159] [3663:3663] [DMG] 	InvokeRequests =[0m
[0;34m[1784654174.159] [3663:3663] [DMG] 	[[0m
[0;34m[1784654174.159] [3663:3663] [DMG] 		CommandDataIB =[0m
[0;34m[1784654174.159] [3663:3663] [DMG] 		{[0m
[0;34m[1784654174.159] [3663:3663] [DMG] 			CommandPathIB =[0m
[0;34m[1784654174.159] [3663:3663] [DMG] 			{[0m
[0;34m[1784654174.159] [3663:3663] [DMG] 				EndpointId = 0x0,[0m
[0;34m[1784654174.159] [3663:3663] [DMG] 				ClusterId = 0x3e,[0m
[0;34m[1784654174.159] [3663:3663] [DMG] 				CommandId = 0x4,[0m
[0;34m[1784654174.159] [3663:3663] [DMG] 			},[0m
[0;34m[1784654174.159] [3663:3663] [DMG] 			[0m
[0;34m[1784654174.159] [3663:3663] [DMG] 			CommandFields = [0m
[0;34m[1784654174.159] [3663:3663] [DMG] 			{[0m
[0;34m[1784654174.159] [3663:3663] [DMG] 				0x0 = [[0m
[0;34m[1784654174.159] [3663:3663] [DMG] 						0xe1, 0x56, 0x9d, 0x61, 0x39, 0x22, 0xf9, 0xb2, 0x82, 0xeb, 0x89, 0x58, 0xa6, 0xfc, 0x7f, 0x4e, 0x78, 0xf2, 0x65, 0x1f, 0xdb, 0xf2, 0xea, 0x2e, 0xec, 0x1f, 0xf0, 0xf5, 0x93, 0x52, 0x77, 0x0b, [0m
[0;34m[1784654174.159] [3663:3663] [DMG] 				] (32 bytes)[0m
[0;34m[1784654174.159] [3663:3663] [DMG] 			},[0m
[0;34m[1784654174.159] [3663:3663] [DMG] 		},[0m
[0;34m[1784654174.159] [3663:3663] [DMG] 		[0m
[0;34m[1784654174.159] [3663:3663] [DMG] 	],[0m
[0;34m[1784654174.159] [3663:3663] [DMG] 	[0m
[0;34m[1784654174.159] [3663:3663] [DMG] 	InteractionModelRevision = 12[0m
[0;34m[1784654174.159] [3663:3663] [DMG] },[0m
[0;32m[1784654174.159] [3663:3663] [DMG] AccessControl: checking f=0 a=p s=0xFFFFFFFB00000000 t= c=0x0000_003E e=0 p=o r=i[0m
[0;32m[1784654174.159] [3663:3663] [DMG] AccessControl: implicit admin (PASE)[0m
[0;32m[1784654174.159] [3663:3663] [DMG] AccessControl: checking f=0 a=p s=0xFFFFFFFB00000000 t= c=0x0000_003E e=0 p=a r=i[0m
[0;32m[1784654174.159] [3663:3663] [DMG] AccessControl: implicit admin (PASE)[0m
[0;34m[1784654174.159] [3663:3663] [DMG] Received command for Endpoint=0 Cluster=0x0000_003E Command=0x0000_0004[0m
[0;32m[1784654174.159] [3663:3663] [ZCL] OpCreds: Received a CSRRequest command[0m
[0;32m[1784654174.159] [3663:3663] [ZCL] OpCreds: AllocatePendingOperationalKey succeeded[0m
[0;32m[1784654174.159] [3663:3663] [ZCL] OpCreds: CSRRequest successful.[0m
[0;34m[1784654174.159] [3663:3663] [DMG] Command handler moving to [NewRespons][0m
[0;34m[1784654174.159] [3663:3663] [DMG] Command handler moving to [ Preparing][0m
[0;34m[1784654174.159] [3663:3663] [DMG] Command handler moving to [AddingComm][0m
[0;34m[1784654174.159] [3663:3663] [DMG] Command handler moving to [AddedComma][0m
[0;34m[1784654174.159] [3663:3663] [DMG] Decreasing reference count for CommandHandlerImpl, remaining 1[0m
[0;34m[1784654174.159] [3663:3663] [DMG] Decreasing reference count for CommandHandlerImpl, remaining 0[0m
[0;34m[1784654174.159] [3663:3663] [DMG] Command handler moving to [AwaitingDe][0m
[0;32m[1784654174.159] [3663:3663] [EM] <<< [E:8722r S:33712 M:156655057 (Ack:84742144)] (S) Msg TX from 0000000000000000 to 0:FFFFFFFB00000000 [0000] [UDP:[fe80::bfe:a203:38f0:bce7%enp0s3]:46319] --- Type 0001:09 (IM:InvokeCommandResponse) (B:377)[0m
[0;32m[1784654174.159] [3663:3663] [EM] ??1 [E:8722r S:33712 M:156655057] (S) Msg Retransmission to 0:FFFFFFFB00000000 scheduled for 410ms from now [State:Active II:500 AI:300 AT:4000][0m
[0;34m[1784654174.159] [3663:3663] [DMG] Command response sender moving to [AllInvokeR][0m
[0;32m[1784654174.159] [3663:3663] [EM] >>> [E:8721r S:33712 M:84742145 (Ack:156655056)] (S) Msg RX from 0:FFFFFFFB00000000 [0000] to 0000000000000000 --- Type 0000:10 (SecureChannel:StandaloneAck) (B:34)[0m
[0;34m[1784654174.159] [3663:3663] [EM] Found matching exchange: 8721r, Delegate: (nil)[0m
[0;34m[1784654174.159] [3663:3663] [EM] Rxd Ack; Removing MessageCounter:156655056 from Retrans Table on exchange 8721r[0m
[0;32m[1784654174.162] [3663:3663] [EM] >>> [E:8723r S:33712 M:84742146] (S) Msg RX from 0:FFFFFFFB00000000 [0000] to 0000000000000000 --- Type 0001:08 (IM:InvokeCommandRequest) (B:293)[0m
[0;34m[1784654174.162] [3663:3663] [EM] Handling via exchange: 8723r, Delegate: 0x6252ac757ac8[0m
[0;34m[1784654174.162] [3663:3663] [DMG] InvokeRequestMessage =[0m
[0;34m[1784654174.162] [3663:3663] [DMG] {[0m
[0;34m[1784654174.162] [3663:3663] [DMG] 	suppressResponse = false, [0m
[0;34m[1784654174.162] [3663:3663] [DMG] 	timedRequest = false, [0m
[0;34m[1784654174.162] [3663:3663] [DMG] 	InvokeRequests =[0m
[0;34m[1784654174.162] [3663:3663] [DMG] 	[[0m
[0;34m[1784654174.162] [3663:3663] [DMG] 		CommandDataIB =[0m
[0;34m[1784654174.162] [3663:3663] [DMG] 		{[0m
[0;34m[1784654174.162] [3663:3663] [DMG] 			CommandPathIB =[0m
[0;34m[1784654174.162] [3663:3663] [DMG] 			{[0m
[0;34m[1784654174.162] [3663:3663] [DMG] 				EndpointId = 0x0,[0m
[0;34m[1784654174.162] [3663:3663] [DMG] 				ClusterId = 0x3e,[0m
[0;34m[1784654174.162] [3663:3663] [DMG] 				CommandId = 0xb,[0m
[0;34m[1784654174.162] [3663:3663] [DMG] 			},[0m
[0;34m[1784654174.162] [3663:3663] [DMG] 			[0m
[0;34m[1784654174.162] [3663:3663] [DMG] 			CommandFields = [0m
[0;34m[1784654174.162] [3663:3663] [DMG] 			{[0m
[0;34m[1784654174.162] [3663:3663] [DMG] 				0x0 = [[0m
[0;34m[1784654174.162] [3663:3663] [DMG] 						0x15, 0x30, 0x01, 0x01, 0x01, 0x24, 0x02, 0x01, 0x37, 0x03, 0x24, 0x14, 0x01, 0x18, 0x26, 0x04, 0x80, 0x22, 0x81, 0x27, 0x26, 0x05, 0x80, 0x25, 0x4d, 0x3a, 0x37, 0x06, 0x24, 0x14, 0x01, 0x18, 0x24, 0x07, 0x01, 0x24, 0x08, 0x01, 0x30, 0x09, 0x41, 0x04, 0xfa, 0xae, 0xa0, 0x8e, 0x7f, 0xf5, 0x77, 0x51, 0xa3, 0xea, 0x32, 0x72, 0xbf, 0x14, 0xac, 0x1c, 0xb2, 0x6e, 0xb2, 0x16, 0xf0, 0x1b, 0x86, 0x05, 0xe4, 0xf8, 0xe0, 0x53, 0x06, 0x8c, 0xd2, 0x10, 0xb8, 0x96, 0x47, 0x6f, 0xc1, 0xb9, 0x43, 0x33, 0x9c, 0xe7, 0x4d, 0xeb, 0x2d, 0x8e, 0xe1, 0x6e, 0xa9, 0x65, 0x84, 0x48, 0xcc, 0x77, 0x7d, 0x6a, 0xfc, 0x30, 0xdf, 0x9c, 0xf4, 0x07, 0x4b, 0x69, 0x37, 0x0a, 0x35, 0x01, 0x29, 0x01, 0x18, 0x24, 0x02, 0x60, 0x30, 0x04, 0x14, 0x57, 0x24, 0x30, 0x4c, 0x8b, 0xa3, 0xa5, 0xe4, 0xae, 0x3b, 0xd5, 0x0d, 0x76, 0x4d, 0xa0, 0xee, 0xfc, 0x46, 0x05, 0x41, 0x30, 0x05, 0x14, 0x57, 0x24, 0x30, 0x4c, 0x8b, 0xa3, 0xa5, 0xe4, 0xae, 0x3b, 0xd5, 0x0d, 0x76, 0x4d, 0xa0, 0xee, 0xfc, 0x46, 0x05, 0x41, 0x18, 0x30, 0x0b, 0x40, 0x29, 0x92, 0x4d, 0x37, 0xbd, 0x0b, 0x83, 0x81, 0x99, 0xb7, 0x58, 0xe1, 0xf1, 0x46, 0x7f, 0x97, 0xa1, 0x40, 0x04, 0xd5, 0x2e, 0x91, 0xe2, 0x2b, 0x73, 0x63, 0x4e, 0xee, 0x23, 0x17, 0x4f, 0x9c, 0xdd, 0x8d, 0xad, 0xa3, 0x57, 0xe8, 0x6c, 0x1f, 0x58, 0xe7, 0x75, 0x71, 0x26, 0xfa, 0xb4, 0x1f, 0x70, 0x95, 0xeb, 0xe9, 0x8b, 0x7a, 0xef, 0xb9, 0x95, 0x44, 0xa4, 0xf4, 0x9f, 0xd9, 0x89, 0xc6, 0x18, [0m
[0;34m[1784654174.162] [3663:3663] [DMG] 				] (231 bytes)[0m
[0;34m[1784654174.162] [3663:3663] [DMG] 			},[0m
[0;34m[1784654174.162] [3663:3663] [DMG] 		},[0m
[0;34m[1784654174.162] [3663:3663] [DMG] 		[0m
[0;34m[1784654174.162] [3663:3663] [DMG] 	],[0m
[0;34m[1784654174.162] [3663:3663] [DMG] 	[0m
[0;34m[1784654174.162] [3663:3663] [DMG] 	InteractionModelRevision = 12[0m
[0;34m[1784654174.162] [3663:3663] [DMG] },[0m
[0;32m[1784654174.162] [3663:3663] [DMG] AccessControl: checking f=0 a=p s=0xFFFFFFFB00000000 t= c=0x0000_003E e=0 p=o r=i[0m
[0;32m[1784654174.162] [3663:3663] [DMG] AccessControl: implicit admin (PASE)[0m
[0;32m[1784654174.162] [3663:3663] [DMG] AccessControl: checking f=0 a=p s=0xFFFFFFFB00000000 t= c=0x0000_003E e=0 p=a r=i[0m
[0;32m[1784654174.162] [3663:3663] [DMG] AccessControl: implicit admin (PASE)[0m
[0;34m[1784654174.162] [3663:3663] [DMG] Received command for Endpoint=0 Cluster=0x0000_003E Command=0x0000_000B[0m
[0;32m[1784654174.162] [3663:3663] [ZCL] OpCreds: Received an AddTrustedRootCertificate command[0m
[0;32m[1784654174.162] [3663:3663] [ZCL] OpCreds: AddTrustedRootCertificate successful.[0m
[0;34m[1784654174.162] [3663:3663] [DMG] Command handler moving to [NewRespons][0m
[0;34m[1784654174.162] [3663:3663] [DMG] Command handler moving to [ Preparing][0m
[0;34m[1784654174.162] [3663:3663] [DMG] Command handler moving to [AddingComm][0m
[0;34m[1784654174.162] [3663:3663] [DMG] Command handler moving to [AddedComma][0m
[0;34m[1784654174.162] [3663:3663] [DMG] Decreasing reference count for CommandHandlerImpl, remaining 1[0m
[0;34m[1784654174.162] [3663:3663] [DMG] Decreasing reference count for CommandHandlerImpl, remaining 0[0m
[0;34m[1784654174.162] [3663:3663] [DMG] Command handler moving to [AwaitingDe][0m
[0;32m[1784654174.162] [3663:3663] [EM] <<< [E:8723r S:33712 M:156655058 (Ack:84742146)] (S) Msg TX from 0000000000000000 to 0:FFFFFFFB00000000 [0000] [UDP:[fe80::bfe:a203:38f0:bce7%enp0s3]:46319] --- Type 0001:09 (IM:InvokeCommandResponse) (B:67)[0m
[0;32m[1784654174.162] [3663:3663] [EM] ??1 [E:8723r S:33712 M:156655058] (S) Msg Retransmission to 0:FFFFFFFB00000000 scheduled for 361ms from now [State:Active II:500 AI:300 AT:4000][0m
[0;34m[1784654174.162] [3663:3663] [DMG] Command response sender moving to [AllInvokeR][0m
[0;32m[1784654174.162] [3663:3663] [EM] >>> [E:8722r S:33712 M:84742147 (Ack:156655057)] (S) Msg RX from 0:FFFFFFFB00000000 [0000] to 0000000000000000 --- Type 0000:10 (SecureChannel:StandaloneAck) (B:34)[0m
[0;34m[1784654174.162] [3663:3663] [EM] Found matching exchange: 8722r, Delegate: (nil)[0m
[0;34m[1784654174.162] [3663:3663] [EM] Rxd Ack; Removing MessageCounter:156655057 from Retrans Table on exchange 8722r[0m
[0;32m[1784654174.162] [3663:3663] [EM] >>> [E:8724r S:33712 M:84742148] (S) Msg RX from 0:FFFFFFFB00000000 [0000] to 0000000000000000 --- Type 0001:08 (IM:InvokeCommandRequest) (B:566)[0m
[0;34m[1784654174.162] [3663:3663] [EM] Handling via exchange: 8724r, Delegate: 0x6252ac757ac8[0m
[0;34m[1784654174.162] [3663:3663] [DMG] InvokeRequestMessage =[0m
[0;34m[1784654174.162] [3663:3663] [DMG] {[0m
[0;34m[1784654174.162] [3663:3663] [DMG] 	suppressResponse = false, [0m
[0;34m[1784654174.162] [3663:3663] [DMG] 	timedRequest = false, [0m
[0;34m[1784654174.162] [3663:3663] [DMG] 	InvokeRequests =[0m
[0;34m[1784654174.162] [3663:3663] [DMG] 	[[0m
[0;34m[1784654174.162] [3663:3663] [DMG] 		CommandDataIB =[0m
[0;34m[1784654174.162] [3663:3663] [DMG] 		{[0m
[0;34m[1784654174.162] [3663:3663] [DMG] 			CommandPathIB =[0m
[0;34m[1784654174.162] [3663:3663] [DMG] 			{[0m
[0;34m[1784654174.162] [3663:3663] [DMG] 				EndpointId = 0x0,[0m
[0;34m[1784654174.162] [3663:3663] [DMG] 				ClusterId = 0x3e,[0m
[0;34m[1784654174.162] [3663:3663] [DMG] 				CommandId = 0x6,[0m
[0;34m[1784654174.162] [3663:3663] [DMG] 			},[0m
[0;34m[1784654174.162] [3663:3663] [DMG] 			[0m
[0;34m[1784654174.162] [3663:3663] [DMG] 			CommandFields = [0m
[0;34m[1784654174.162] [3663:3663] [DMG] 			{[0m
[0;34m[1784654174.162] [3663:3663] [DMG] 				0x0 = [[0m
[0;34m[1784654174.162] [3663:3663] [DMG] 						0x15, 0x30, 0x01, 0x01, 0x01, 0x24, 0x02, 0x01, 0x37, 0x03, 0x24, 0x13, 0x02, 0x18, 0x26, 0x04, 0x80, 0x22, 0x81, 0x27, 0x26, 0x05, 0x80, 0x25, 0x4d, 0x3a, 0x37, 0x06, 0x24, 0x15, 0x01, 0x24, 0x11, 0x01, 0x18, 0x24, 0x07, 0x01, 0x24, 0x08, 0x01, 0x30, 0x09, 0x41, 0x04, 0xef, 0xc8, 0x08, 0x6e, 0xe9, 0x8c, 0xbb, 0x73, 0xec, 0xb8, 0x12, 0xf7, 0xd4, 0xa8, 0x96, 0x39, 0xee, 0x1f, 0x3d, 0x56, 0x87, 0x6e, 0xb4, 0xd8, 0x66, 0x33, 0x31, 0x3b, 0x6a, 0x59, 0xb1, 0xda, 0xb6, 0xb7, 0x67, 0x15, 0xbf, 0x30, 0x2c, 0x64, 0x72, 0xfe, 0x9c, 0x40, 0x67, 0x09, 0xda, 0x2b, 0xe8, 0xaf, 0xfa, 0x8f, 0x4c, 0xd8, 0x9f, 0xe8, 0x06, 0x32, 0x5a, 0x44, 0x96, 0x91, 0xdf, 0xca, 0x37, 0x0a, 0x35, 0x01, 0x28, 0x01, 0x18, 0x24, 0x02, 0x01, 0x36, 0x03, 0x04, 0x02, 0x04, 0x01, 0x18, 0x30, 0x04, 0x14, 0x1b, 0x19, 0xe4, 0x95, 0xa0, 0x2f, 0x19, 0x11, 0xf9, 0x57, 0x55, 0xbe, 0x4d, 0x26, 0x59, 0x05, 0x9e, 0xcf, 0x80, 0xaa, 0x30, 0x05, 0x14, 0x99, 0x43, 0x7f, 0xf8, 0x86, 0x4f, 0x8f, 0x38, 0x7b, 0x64, 0x7c, 0x23, 0x42, 0x70, 0xe0, 0x15, 0x13, 0x16, 0x93, 0x7a, 0x18, 0x30, 0x0b, 0x40, 0xea, 0x07, 0x99, 0x04, 0x41, 0x29, 0xe3, 0xbe, 0xb8, 0xb1, 0x4f, 0xc2, 0xe0, 0xb6, 0x1d, 0x4c, 0xef, 0x59, 0x68, 0xf8, 0x8d, 0xdd, 0xd2, 0x71, 0x5e, 0x15, 0xae, 0x01, 0x66, 0x29, 0xc3, 0x01, 0xa1, 0x38, 0xce, 0x58, 0x68, 0x62, 0x91, 0x5d, 0x09, 0x89, 0xe6, 0x6d, 0xfa, 0x8a, 0x01, 0xaf, 0x28, 0x24, 0xfc, 0x1a, 0xd3, 0x23, 0xdf, 0xd0, 0xc9, 0xed, 0x45, 0x18, 0xf4, 0xeb, 0x84, 0xea, 0x18, [0m
[0;34m[1784654174.162] [3663:3663] [DMG] 				] (241 bytes)[0m
[0;34m[1784654174.162] [3663:3663] [DMG] 				0x1 = [[0m
[0;34m[1784654174.162] [3663:3663] [DMG] 						0x15, 0x30, 0x01, 0x01, 0x01, 0x24, 0x02, 0x01, 0x37, 0x03, 0x24, 0x14, 0x01, 0x18, 0x26, 0x04, 0x80, 0x22, 0x81, 0x27, 0x26, 0x05, 0x80, 0x25, 0x4d, 0x3a, 0x37, 0x06, 0x24, 0x13, 0x02, 0x18, 0x24, 0x07, 0x01, 0x24, 0x08, 0x01, 0x30, 0x09, 0x41, 0x04, 0x8c, 0x35, 0x88, 0x28, 0x71, 0x97, 0x6d, 0xa4, 0x95, 0x9e, 0x70, 0xcc, 0x39, 0x1e, 0xda, 0x61, 0xd1, 0x58, 0xf0, 0x00, 0xe4, 0xf9, 0x6d, 0x58, 0x62, 0xd7, 0xa3, 0x91, 0x29, 0x68, 0xdb, 0x65, 0x54, 0x54, 0x97, 0xfb, 0xae, 0xf8, 0x49, 0x0e, 0x1c, 0xc0, 0x0c, 0x21, 0x97, 0x58, 0x58, 0x77, 0x69, 0x8c, 0x2c, 0x2a, 0xec, 0x2f, 0xe1, 0xdc, 0x6a, 0x4c, 0xa4, 0x55, 0xfd, 0x23, 0x72, 0x9a, 0x37, 0x0a, 0x35, 0x01, 0x29, 0x01, 0x18, 0x24, 0x02, 0x60, 0x30, 0x04, 0x14, 0x99, 0x43, 0x7f, 0xf8, 0x86, 0x4f, 0x8f, 0x38, 0x7b, 0x64, 0x7c, 0x23, 0x42, 0x70, 0xe0, 0x15, 0x13, 0x16, 0x93, 0x7a, 0x30, 0x05, 0x14, 0x57, 0x24, 0x30, 0x4c, 0x8b, 0xa3, 0xa5, 0xe4, 0xae, 0x3b, 0xd5, 0x0d, 0x76, 0x4d, 0xa0, 0xee, 0xfc, 0x46, 0x05, 0x41, 0x18, 0x30, 0x0b, 0x40, 0xec, 0x46, 0x50, 0xa2, 0x1a, 0x90, 0x1c, 0x80, 0x70, 0x28, 0x00, 0xee, 0xe7, 0x0a, 0xde, 0xe8, 0x85, 0x6f, 0x7b, 0x32, 0x9f, 0xea, 0x3f, 0xb3, 0x5d, 0xd7, 0x4b, 0x49, 0x65, 0x3a, 0x49, 0x8d, 0xab, 0xed, 0x8e, 0xaf, 0xeb, 0xb8, 0x47, 0xec, 0x57, 0x52, 0xa6, 0xdb, 0x97, 0x86, 0x88, 0xde, 0xb3, 0x66, 0xf3, 0x81, 0x11, 0xf1, 0xa0, 0x3d, 0xc9, 0x57, 0xe8, 0xae, 0x89, 0x26, 0x13, 0x5e, 0x18, [0m
[0;34m[1784654174.162] [3663:3663] [DMG] 				] (231 bytes)[0m
[0;34m[1784654174.162] [3663:3663] [DMG] 				0x2 = [[0m
[0;34m[1784654174.162] [3663:3663] [DMG] 						0x74, 0x65, 0x6d, 0x70, 0x6f, 0x72, 0x61, 0x72, 0x79, 0x20, 0x69, 0x70, 0x6b, 0x20, 0x30, 0x31, [0m
[0;34m[1784654174.162] [3663:3663] [DMG] 				] (16 bytes)[0m
[0;34m[1784654174.162] [3663:3663] [DMG] 				0x3 = 112233 (unsigned), [0m
[0;34m[1784654174.162] [3663:3663] [DMG] 				0x4 = 65521 (unsigned), [0m
[0;34m[1784654174.162] [3663:3663] [DMG] 			},[0m
[0;34m[1784654174.162] [3663:3663] [DMG] 		},[0m
[0;34m[1784654174.162] [3663:3663] [DMG] 		[0m
[0;34m[1784654174.162] [3663:3663] [DMG] 	],[0m
[0;34m[1784654174.162] [3663:3663] [DMG] 	[0m
[0;34m[1784654174.162] [3663:3663] [DMG] 	InteractionModelRevision = 12[0m
[0;34m[1784654174.162] [3663:3663] [DMG] },[0m
[0;32m[1784654174.162] [3663:3663] [DMG] AccessControl: checking f=0 a=p s=0xFFFFFFFB00000000 t= c=0x0000_003E e=0 p=o r=i[0m
[0;32m[1784654174.162] [3663:3663] [DMG] AccessControl: implicit admin (PASE)[0m
[0;32m[1784654174.162] [3663:3663] [DMG] AccessControl: checking f=0 a=p s=0xFFFFFFFB00000000 t= c=0x0000_003E e=0 p=a r=i[0m
[0;32m[1784654174.162] [3663:3663] [DMG] AccessControl: implicit admin (PASE)[0m
[0;34m[1784654174.162] [3663:3663] [DMG] Received command for Endpoint=0 Cluster=0x0000_003E Command=0x0000_0006[0m
[0;32m[1784654174.162] [3663:3663] [ZCL] OpCreds: Received an AddNOC command[0m
[0;32m[1784654174.163] [3663:3663] [FP] Validating NOC chain[0m
[0;32m[1784654174.163] [3663:3663] [FP] NOC chain validation successful[0m
[0;32m[1784654174.163] [3663:3663] [FP] Added new fabric at index: 0x1[0m
[0;32m[1784654174.163] [3663:3663] [FP] Assigned compressed fabric ID: 0x7A9BBA42D31D12DB, node ID: 0x0000000000000001[0m
[0;32m[1784654174.163] [3663:3663] [TS] Last Known Good Time: 2023-10-14T01:16:48[0m
[0;32m[1784654174.163] [3663:3663] [TS] New proposed Last Known Good Time: 2021-01-01T00:00:00[0m
[0;32m[1784654174.163] [3663:3663] [TS] Retaining current Last Known Good Time[0m
[0;34m[1784654174.165] [3663:3663] [DL] Wrote settings to /tmp/chip_kvs_test[0m
[0;34m[1784654174.167] [3663:3663] [DL] Wrote settings to /tmp/chip_kvs_test[0m
[0;34m[1784654174.170] [3663:3663] [DL] Wrote settings to /tmp/chip_kvs_test[0m
[0;32m[1784654174.170] [3663:3663] [DMG] AccessControl: validating f=1 p=a a=c s=1 t=0[0m
[0;32m[1784654174.170] [3663:3663] [DMG]   validating subject 0x000000000001B669[0m
[0;34m[1784654174.172] [3663:3663] [DL] Wrote settings to /tmp/chip_kvs_test[0m
[0;34m[1784654174.172] [3663:3663] [EVL] LogEvent event number: 0x0000000000000004 priority: 1, endpoint id:  0x0 cluster id: 0x0000_001F event id: 0x0 Epoch timestamp: 0x0000019F85AD97DC[0m
[0;32m[1784654174.172] [3663:3663] [ZCL] OpCreds: ACL entry created for Fabric index 0x1 CASE Admin Subject 0x000000000001B669[0m
[0;34m[1784654174.172] [3663:3663] [DL] Using WiFi MAC for hostname[0m
[0;32m[1784654174.172] [3663:3663] [DIS] Advertise operational node 7A9BBA42D31D12DB-0000000000000001[0m
[0;34m[1784654174.172] [3663:3663] [DIS] Responding with _matter._tcp.local[0m
[0;34m[1784654174.172] [3663:3663] [DIS] Responding with 7A9BBA42D31D12DB-0000000000000001._matter._tcp.local[0m
[0;34m[1784654174.172] [3663:3663] [DIS] Responding with 7A9BBA42D31D12DB-0000000000000001._matter._tcp.local[0m
[0;34m[1784654174.172] [3663:3663] [DIS] Responding with 080027AE1A43.local[0m
[0;34m[1784654174.172] [3663:3663] [DIS] Responding with 080027AE1A43.local[0m
[0;34m[1784654174.172] [3663:3663] [DIS] Responding with _I7A9BBA42D31D12DB._sub._matter._tcp.local[0m
[0;32m[1784654174.172] [3663:3663] [DIS] CHIP minimal mDNS configured as 'Operational device'; instance name: 7A9BBA42D31D12DB-0000000000000001.[0m
[0;32m[1784654174.173] [3663:3663] [DIS] mDNS service published: _matter._tcp[0m
[0;34m[1784654174.173] [3663:3663] [DMG] Command handler moving to [NewRespons][0m
[0;34m[1784654174.173] [3663:3663] [DMG] Command handler moving to [ Preparing][0m
[0;34m[1784654174.173] [3663:3663] [DMG] Command handler moving to [AddingComm][0m
[0;34m[1784654174.173] [3663:3663] [DMG] Command handler moving to [AddedComma][0m
[0;32m[1784654174.173] [3663:3663] [ZCL] OpCreds: successfully created fabric index 0x1 via AddNOC[0m
[0;34m[1784654174.173] [3663:3663] [DMG] Decreasing reference count for CommandHandlerImpl, remaining 1[0m
[0;34m[1784654174.173] [3663:3663] [DMG] Decreasing reference count for CommandHandlerImpl, remaining 0[0m
[0;34m[1784654174.173] [3663:3663] [DMG] Command handler moving to [AwaitingDe][0m
[0;32m[1784654174.173] [3663:3663] [EM] <<< [E:8724r S:33712 M:156655059 (Ack:84742148)] (S) Msg TX from 0000000000000000 to 1:FFFFFFFB00000000 [12DB] [UDP:[fe80::bfe:a203:38f0:bce7%enp0s3]:46319] --- Type 0001:09 (IM:InvokeCommandResponse) (B:70)[0m
[0;32m[1784654174.173] [3663:3663] [EM] ??1 [E:8724r S:33712 M:156655059] (S) Msg Retransmission to 1:FFFFFFFB00000000 scheduled for 393ms from now [State:Active II:500 AI:300 AT:4000][0m
[0;34m[1784654174.173] [3663:3663] [DMG] Command response sender moving to [AllInvokeR][0m
[0;32m[1784654174.173] [3663:3663] [EM] >>> [E:8723r S:33712 M:84742149 (Ack:156655058)] (S) Msg RX from 1:FFFFFFFB00000000 [12DB] to 0000000000000000 --- Type 0000:10 (SecureChannel:StandaloneAck) (B:34)[0m
[0;34m[1784654174.173] [3663:3663] [EM] Found matching exchange: 8723r, Delegate: (nil)[0m
[0;34m[1784654174.173] [3663:3663] [EM] Rxd Ack; Removing MessageCounter:156655058 from Retrans Table on exchange 8723r[0m
[0;32m[1784654174.174] [3663:3663] [EM] >>> [E:8724r S:33712 M:84742150 (Ack:156655059)] (S) Msg RX from 1:FFFFFFFB00000000 [12DB] to 0000000000000000 --- Type 0000:10 (SecureChannel:StandaloneAck) (B:34)[0m
[0;34m[1784654174.174] [3663:3663] [EM] Found matching exchange: 8724r, Delegate: (nil)[0m
[0;34m[1784654174.174] [3663:3663] [EM] Rxd Ack; Removing MessageCounter:156655059 from Retrans Table on exchange 8724r[0m
[0;32m[1784654174.377] [3663:3663] [EM] >>> [E:8725r S:0 M:133627869] (U) Msg RX from 0:9D7940AA7D8CB91D [0000] to 0000000000000000 --- Type 0000:30 (SecureChannel:CASE_Sigma1) (B:196)[0m
[0;34m[1784654174.377] [3663:3663] [EM] Handling via exchange: 8725r, Delegate: 0x6252ac74d5f8[0m
[0;32m[1784654174.377] [3663:3663] [IN] CASE Server received Sigma1 message . Starting handshake. EC 0x6252b4970470[0m
[0;32m[1784654174.377] [3663:3663] [SC] Received Sigma1 msg[0m
[0;34m[1784654174.377] [3663:3663] [SC] Found MRP parameters in the message[0m
[0;34m[1784654174.377] [3663:3663] [SC] Peer (Initiator) assigned session ID 37922[0m
[0;32m[1784654174.378] [3663:3663] [SC] CASE matched destination ID: fabricIndex 1, NodeID 0x0000000000000001[0m
[0;32m[1784654174.378] [3663:3663] [EM] <<< [E:8725r S:0 M:85535806 (Ack:133627869)] (U) Msg TX from 0000000000000000 to 0:9D7940AA7D8CB91D [0000] [UDP:[fe80::bfe:a203:38f0:bce7%enp0s3]:46319] --- Type 0000:31 (SecureChannel:CASE_Sigma2) (B:751)[0m
[0;32m[1784654174.378] [3663:3663] [EM] ??1 [E:8725r S:0 M:85535806] (U) Msg Retransmission to 0:0000000000000000 scheduled for 370ms from now [State:Active II:500 AI:300 AT:4000][0m
[0;32m[1784654174.378] [3663:3663] [SC] Sent Sigma2 msg[0m
[0;32m[1784654174.380] [3663:3663] [EM] >>> [E:8725r S:0 M:133627870 (Ack:85535806)] (U) Msg RX from 0:9D7940AA7D8CB91D [0000] to 0000000000000000 --- Type 0000:32 (SecureChannel:CASE_Sigma3) (B:598)[0m
[0;34m[1784654174.380] [3663:3663] [EM] Found matching exchange: 8725r, Delegate: 0x6252ac74d630[0m
[0;34m[1784654174.380] [3663:3663] [EM] Rxd Ack; Removing MessageCounter:85535806 from Retrans Table on exchange 8725r[0m
[0;32m[1784654174.380] [3663:3663] [SC] Received Sigma3 msg[0m
[1;31m[1784654174.380] [3663:3663] [SC] The device does not support GetClock_RealTimeMS() API: src/protocols/secure_channel/CASESession.cpp:2276: CHIP Error 0x0000006C: Required feature not supported by this configuration.  Falling back to Last Known Good UTC Time[0m
[0;34m[1784654174.384] [3663:3663] [DL] Wrote settings to /tmp/chip_kvs_test[0m
[0;34m[1784654174.386] [3663:3663] [DL] Wrote settings to /tmp/chip_kvs_test[0m
[0;34m[1784654174.388] [3663:3663] [DL] Wrote settings to /tmp/chip_kvs_test[0m
[0;34m[1784654174.388] [3663:3663] [SC] Sending status report. Protocol code 0, exchange 8725[0m
[0;32m[1784654174.388] [3663:3663] [EM] <<< [E:8725r S:0 M:85535807 (Ack:133627870)] (U) Msg TX from 0000000000000000 to 0:9D7940AA7D8CB91D [0000] [UDP:[fe80::bfe:a203:38f0:bce7%enp0s3]:46319] --- Type 0000:40 (SecureChannel:StatusReport) (B:34)[0m
[0;32m[1784654174.388] [3663:3663] [EM] ??1 [E:8725r S:0 M:85535807] (U) Msg Retransmission to 0:0000000000000000 scheduled for 376ms from now [State:Active II:500 AI:300 AT:4000][0m
[0;32m[1784654174.388] [3663:3663] [SC] SecureSession[0x6252b495bda0, LSID:33713]: State change 'kEstablishing' --> 'kActive'[0m
[0;34m[1784654174.388] [3663:3663] [IN] SecureSession[0x6252b495bda0]: Activated - Type:2 LSID:33713[0m
[0;34m[1784654174.388] [3663:3663] [IN] New secure session activated for device <000000000001B669, 1>, LSID:33713 PSID:37922![0m
[0;32m[1784654174.388] [3663:3663] [IN] CASE Session established to peer: <000000000001B669, 1>[0m
[0;34m[1784654174.388] [3663:3663] [IN] SecureSession[0x6252b4976d40]: Allocated Type:2 LSID:33714[0m
[0;34m[1784654174.388] [3663:3663] [SC] Allocated SecureSession (0x6252b4976d40) - waiting for Sigma1 msg[0m
[0;32m[1784654174.390] [3663:3663] [EM] >>> [E:8726r S:33713 M:98760403] (S) Msg RX from 1:000000000001B669 [12DB] to 0000000000000001 --- Type 0001:08 (IM:InvokeCommandRequest) (B:59)[0m
[0;34m[1784654174.390] [3663:3663] [EM] Handling via exchange: 8726r, Delegate: 0x6252ac757ac8[0m
[0;34m[1784654174.390] [3663:3663] [DMG] InvokeRequestMessage =[0m
[0;34m[1784654174.390] [3663:3663] [DMG] {[0m
[0;34m[1784654174.390] [3663:3663] [DMG] 	suppressResponse = false, [0m
[0;34m[1784654174.390] [3663:3663] [DMG] 	timedRequest = false, [0m
[0;34m[1784654174.390] [3663:3663] [DMG] 	InvokeRequests =[0m
[0;34m[1784654174.390] [3663:3663] [DMG] 	[[0m
[0;34m[1784654174.390] [3663:3663] [DMG] 		CommandDataIB =[0m
[0;34m[1784654174.390] [3663:3663] [DMG] 		{[0m
[0;34m[1784654174.390] [3663:3663] [DMG] 			CommandPathIB =[0m
[0;34m[1784654174.390] [3663:3663] [DMG] 			{[0m
[0;34m[1784654174.390] [3663:3663] [DMG] 				EndpointId = 0x0,[0m
[0;34m[1784654174.390] [3663:3663] [DMG] 				ClusterId = 0x30,[0m
[0;34m[1784654174.390] [3663:3663] [DMG] 				CommandId = 0x4,[0m
[0;34m[1784654174.390] [3663:3663] [DMG] 			},[0m
[0;34m[1784654174.390] [3663:3663] [DMG] 			[0m
[0;34m[1784654174.390] [3663:3663] [DMG] 			CommandFields = [0m
[0;34m[1784654174.390] [3663:3663] [DMG] 			{[0m
[0;34m[1784654174.390] [3663:3663] [DMG] 			},[0m
[0;34m[1784654174.390] [3663:3663] [DMG] 		},[0m
[0;34m[1784654174.390] [3663:3663] [DMG] 		[0m
[0;34m[1784654174.390] [3663:3663] [DMG] 	],[0m
[0;34m[1784654174.390] [3663:3663] [DMG] 	[0m
[0;34m[1784654174.390] [3663:3663] [DMG] 	InteractionModelRevision = 12[0m
[0;34m[1784654174.390] [3663:3663] [DMG] },[0m
[0;32m[1784654174.390] [3663:3663] [DMG] AccessControl: checking f=1 a=c s=0x000000000001B669 t= c=0x0000_0030 e=0 p=o r=i[0m
[0;32m[1784654174.390] [3663:3663] [DMG] AccessControl: allowed[0m
[0;32m[1784654174.390] [3663:3663] [DMG] AccessControl: checking f=1 a=c s=0x000000000001B669 t= c=0x0000_0030 e=0 p=a r=i[0m
[0;32m[1784654174.390] [3663:3663] [DMG] AccessControl: allowed[0m
[0;34m[1784654174.390] [3663:3663] [DMG] Received command for Endpoint=0 Cluster=0x0000_0030 Command=0x0000_0004[0m
[0;32m[1784654174.390] [3663:3663] [FS] GeneralCommissioning: Received CommissioningComplete[0m
[0;34m[1784654174.392] [3663:3663] [DL] Wrote settings to /tmp/chip_kvs_test[0m
[0;34m[1784654174.394] [3663:3663] [DL] Wrote settings to /tmp/chip_kvs_test[0m
[0;32m[1784654174.394] [3663:3663] [FP] Metadata for Fabric 0x1 persisted to storage.[0m
[0;34m[1784654174.397] [3663:3663] [DL] Wrote settings to /tmp/chip_kvs_test[0m
[0;34m[1784654174.400] [3663:3663] [DL] Wrote settings to /tmp/chip_kvs_test[0m
[0;34m[1784654174.402] [3663:3663] [DL] Wrote settings to /tmp/chip_kvs_test[0m
[0;34m[1784654174.405] [3663:3663] [DL] Wrote settings to /tmp/chip_kvs_test[0m
[0;32m[1784654174.405] [3663:3663] [TS] Committing Last Known Good Time to storage: 2023-10-14T01:16:48[0m
[0;34m[1784654174.407] [3663:3663] [DL] Wrote settings to /tmp/chip_kvs_test[0m
[0;34m[1784654174.409] [3663:3663] [DL] Wrote settings to /tmp/chip_kvs_test[0m
[0;32m[1784654174.409] [3663:3663] [ZCL] OpCreds: Fabric index 0x1 was committed to storage. Compressed Fabric Id 0x7A9BBA42D31D12DB, FabricId 0000000000000001, NodeId 0000000000000001, VendorId 0xFFF1[0m
[0;34m[1784654174.412] [3663:3663] [DL] Wrote settings to /tmp/chip_kvs_test[0m
[0;32m[1784654174.412] [3663:3663] [FS] GeneralCommissioning: Successfully committed pending fabric data[0m
[0;32m[1784654174.412] [3663:3663] [FS] Fail-safe cleanly disarmed[0m
[0;34m[1784654174.412] [3663:3663] [DMG] Command handler moving to [NewRespons][0m
[0;34m[1784654174.412] [3663:3663] [DMG] Command handler moving to [ Preparing][0m
[0;34m[1784654174.412] [3663:3663] [DMG] Command handler moving to [AddingComm][0m
[0;34m[1784654174.412] [3663:3663] [DMG] Command handler moving to [AddedComma][0m
[0;34m[1784654174.412] [3663:3663] [DMG] Decreasing reference count for CommandHandlerImpl, remaining 1[0m
[0;34m[1784654174.412] [3663:3663] [DMG] Decreasing reference count for CommandHandlerImpl, remaining 0[0m
[0;34m[1784654174.412] [3663:3663] [DMG] Command handler moving to [AwaitingDe][0m
[0;32m[1784654174.412] [3663:3663] [EM] <<< [E:8726r S:33713 M:156978806 (Ack:98760403)] (S) Msg TX from 0000000000000001 to 1:000000000001B669 [12DB] [UDP:[fe80::bfe:a203:38f0:bce7%enp0s3]:46319] --- Type 0001:09 (IM:InvokeCommandResponse) (B:70)[0m
[0;32m[1784654174.412] [3663:3663] [EM] ??1 [E:8726r S:33713 M:156978806] (S) Msg Retransmission to 1:000000000001B669 scheduled for 385ms from now [State:Active II:500 AI:300 AT:4000][0m
[0;34m[1784654174.412] [3663:3663] [DMG] Command response sender moving to [AllInvokeR][0m
[0;32m[1784654174.412] [3663:3663] [SVR] Commissioning completed successfully[0m
[0;32m[1784654174.412] [3663:3663] [DIS] Updating services using commissioning mode 0[0m
[0;32m[1784654174.413] [3663:3663] [DIS] CHIP minimal mDNS started advertising.[0m
[0;34m[1784654174.414] [3663:3663] [DL] Using WiFi MAC for hostname[0m
[0;32m[1784654174.414] [3663:3663] [DIS] Advertise operational node 7A9BBA42D31D12DB-0000000000000001[0m
[0;34m[1784654174.414] [3663:3663] [DIS] Responding with _matter._tcp.local[0m
[0;34m[1784654174.414] [3663:3663] [DIS] Responding with 7A9BBA42D31D12DB-0000000000000001._matter._tcp.local[0m
[0;34m[1784654174.414] [3663:3663] [DIS] Responding with 7A9BBA42D31D12DB-0000000000000001._matter._tcp.local[0m
[0;34m[1784654174.414] [3663:3663] [DIS] Responding with 080027AE1A43.local[0m
[0;34m[1784654174.414] [3663:3663] [DIS] Responding with 080027AE1A43.local[0m
[0;34m[1784654174.414] [3663:3663] [DIS] Responding with _I7A9BBA42D31D12DB._sub._matter._tcp.local[0m
[0;32m[1784654174.414] [3663:3663] [DIS] CHIP minimal mDNS configured as 'Operational device'; instance name: 7A9BBA42D31D12DB-0000000000000001.[0m
[0;32m[1784654174.414] [3663:3663] [DIS] mDNS service published: _matter._tcp[0m
[0;34m[1784654174.414] [3663:3663] [IN] Expiring all PASE sessions[0m
[0;34m[1784654174.414] [3663:3663] [IN] SecureSession[0x6252b495b890]: MarkForEviction Type:1 LSID:33712[0m
[0;32m[1784654174.414] [3663:3663] [SC] SecureSession[0x6252b495b890, LSID:33712]: State change 'kActive' --> 'kPendingEviction'[0m
[0;34m[1784654174.414] [3663:3663] [IN] SecureSession[0x6252b495b890]: Released - Type:1 LSID:33712[0m
[0;32m[1784654174.414] [3663:3663] [PAF] WiFiPAF: Closing all WiFiPAF sessions to shutdown[0m
[0;32m[1784654174.414] [3663:3663] [EM] >>> [E:8725r S:0 M:133627871 (Ack:85535807)] (U) Msg RX from 0:9D7940AA7D8CB91D [0000] to 0000000000000000 --- Type 0000:10 (SecureChannel:StandaloneAck) (B:26)[0m
[0;34m[1784654174.414] [3663:3663] [EM] Found matching exchange: 8725r, Delegate: (nil)[0m
[0;34m[1784654174.414] [3663:3663] [EM] Rxd Ack; Removing MessageCounter:85535807 from Retrans Table on exchange 8725r[0m
[0;32m[1784654174.414] [3663:3663] [EM] >>> [E:8726r S:33713 M:98760404 (Ack:156978806)] (S) Msg RX from 1:000000000001B669 [12DB] to 0000000000000001 --- Type 0000:10 (SecureChannel:StandaloneAck) (B:34)[0m
[0;34m[1784654174.414] [3663:3663] [EM] Found matching exchange: 8726r, Delegate: (nil)[0m
[0;34m[1784654174.414] [3663:3663] [EM] Rxd Ack; Removing MessageCounter:156978806 from Retrans Table on exchange 8726r[0m
[0;32m[1784654174.680] [3663:3663] [EM] >>> [E:40451r S:0 M:244881802] (U) Msg RX from 0:D49E9A46A01D4063 [0000] to 0000000000000000 --- Type 0000:30 (SecureChannel:CASE_Sigma1) (B:196)[0m
[0;34m[1784654174.680] [3663:3663] [EM] Handling via exchange: 40451r, Delegate: 0x6252ac74d5f8[0m
[0;32m[1784654174.680] [3663:3663] [IN] CASE Server received Sigma1 message . Starting handshake. EC 0x6252b4970470[0m
[0;32m[1784654174.681] [3663:3663] [SC] Received Sigma1 msg[0m
[0;34m[1784654174.681] [3663:3663] [SC] Found MRP parameters in the message[0m
[0;34m[1784654174.681] [3663:3663] [SC] Peer (Initiator) assigned session ID 7071[0m
[0;32m[1784654174.681] [3663:3663] [SC] CASE matched destination ID: fabricIndex 1, NodeID 0x0000000000000001[0m
[0;32m[1784654174.682] [3663:3663] [EM] <<< [E:40451r S:0 M:85535808 (Ack:244881802)] (U) Msg TX from 0000000000000000 to 0:D49E9A46A01D4063 [0000] [UDP:[fe80::bfe:a203:38f0:bce7%enp0s3]:50926] --- Type 0000:31 (SecureChannel:CASE_Sigma2) (B:751)[0m
[0;32m[1784654174.682] [3663:3663] [EM] ??1 [E:40451r S:0 M:85535808] (U) Msg Retransmission to 0:0000000000000000 scheduled for 332ms from now [State:Active II:500 AI:300 AT:4000][0m
[0;32m[1784654174.682] [3663:3663] [SC] Sent Sigma2 msg[0m
[0;32m[1784654174.684] [3663:3663] [EM] >>> [E:40451r S:0 M:244881803 (Ack:85535808)] (U) Msg RX from 0:D49E9A46A01D4063 [0000] to 0000000000000000 --- Type 0000:32 (SecureChannel:CASE_Sigma3) (B:598)[0m
[0;34m[1784654174.684] [3663:3663] [EM] Found matching exchange: 40451r, Delegate: 0x6252ac74d630[0m
[0;34m[1784654174.684] [3663:3663] [EM] Rxd Ack; Removing MessageCounter:85535808 from Retrans Table on exchange 40451r[0m
[0;32m[1784654174.684] [3663:3663] [SC] Received Sigma3 msg[0m
[1;31m[1784654174.684] [3663:3663] [SC] The device does not support GetClock_RealTimeMS() API: src/protocols/secure_channel/CASESession.cpp:2276: CHIP Error 0x0000006C: Required feature not supported by this configuration.  Falling back to Last Known Good UTC Time[0m
[0;34m[1784654174.688] [3663:3663] [DL] Wrote settings to /tmp/chip_kvs_test[0m
[0;34m[1784654174.691] [3663:3663] [DL] Wrote settings to /tmp/chip_kvs_test[0m
[0;34m[1784654174.693] [3663:3663] [DL] Wrote settings to /tmp/chip_kvs_test[0m
[0;34m[1784654174.693] [3663:3663] [SC] Sending status report. Protocol code 0, exchange 40451[0m
[0;32m[1784654174.693] [3663:3663] [EM] <<< [E:40451r S:0 M:85535809 (Ack:244881803)] (U) Msg TX from 0000000000000000 to 0:D49E9A46A01D4063 [0000] [UDP:[fe80::bfe:a203:38f0:bce7%enp0s3]:50926] --- Type 0000:40 (SecureChannel:StatusReport) (B:34)[0m
[0;32m[1784654174.693] [3663:3663] [EM] ??1 [E:40451r S:0 M:85535809] (U) Msg Retransmission to 0:0000000000000000 scheduled for 394ms from now [State:Active II:500 AI:300 AT:4000][0m
[0;32m[1784654174.693] [3663:3663] [SC] SecureSession[0x6252b4976d40, LSID:33714]: State change 'kEstablishing' --> 'kActive'[0m
[0;34m[1784654174.693] [3663:3663] [IN] SecureSession[0x6252b4976d40]: Activated - Type:2 LSID:33714[0m
[0;34m[1784654174.693] [3663:3663] [IN] New secure session activated for device <000000000001B669, 1>, LSID:33714 PSID:7071![0m
[0;32m[1784654174.693] [3663:3663] [IN] CASE Session established to peer: <000000000001B669, 1>[0m
[0;34m[1784654174.694] [3663:3663] [IN] SecureSession[0x6252b495b890]: Allocated Type:2 LSID:33715[0m
[0;34m[1784654174.694] [3663:3663] [SC] Allocated SecureSession (0x6252b495b890) - waiting for Sigma1 msg[0m
[0;32m[1784654174.696] [3663:3663] [EM] >>> [E:40452r S:33714 M:225912510] (S) Msg RX from 1:000000000001B669 [12DB] to 0000000000000001 --- Type 0001:08 (IM:InvokeCommandRequest) (B:65)[0m
[0;34m[1784654174.696] [3663:3663] [EM] Handling via exchange: 40452r, Delegate: 0x6252ac757ac8[0m
[0;34m[1784654174.696] [3663:3663] [DMG] InvokeRequestMessage =[0m
[0;34m[1784654174.696] [3663:3663] [DMG] {[0m
[0;34m[1784654174.696] [3663:3663] [DMG] 	suppressResponse = false, [0m
[0;34m[1784654174.696] [3663:3663] [DMG] 	timedRequest = false, [0m
[0;34m[1784654174.696] [3663:3663] [DMG] 	InvokeRequests =[0m
[0;34m[1784654174.696] [3663:3663] [DMG] 	[[0m
[0;34m[1784654174.696] [3663:3663] [DMG] 		CommandDataIB =[0m
[0;34m[1784654174.696] [3663:3663] [DMG] 		{[0m
[0;34m[1784654174.696] [3663:3663] [DMG] 			CommandPathIB =[0m
[0;34m[1784654174.696] [3663:3663] [DMG] 			{[0m
[0;34m[1784654174.696] [3663:3663] [DMG] 				EndpointId = 0x0,[0m
[0;34m[1784654174.696] [3663:3663] [DMG] 				ClusterId = 0x30,[0m
[0;34m[1784654174.696] [3663:3663] [DMG] 				CommandId = 0x0,[0m
[0;34m[1784654174.696] [3663:3663] [DMG] 			},[0m
[0;34m[1784654174.696] [3663:3663] [DMG] 			[0m
[0;34m[1784654174.696] [3663:3663] [DMG] 			CommandFields = [0m
[0;34m[1784654174.696] [3663:3663] [DMG] 			{[0m
[0;34m[1784654174.696] [3663:3663] [DMG] 				0x0 = 60 (unsigned), [0m
[0;34m[1784654174.696] [3663:3663] [DMG] 				0x1 = 0 (unsigned), [0m
[0;34m[1784654174.696] [3663:3663] [DMG] 			},[0m
[0;34m[1784654174.696] [3663:3663] [DMG] 		},[0m
[0;34m[1784654174.696] [3663:3663] [DMG] 		[0m
[0;34m[1784654174.696] [3663:3663] [DMG] 	],[0m
[0;34m[1784654174.696] [3663:3663] [DMG] 	[0m
[0;34m[1784654174.696] [3663:3663] [DMG] 	InteractionModelRevision = 12[0m
[0;34m[1784654174.696] [3663:3663] [DMG] },[0m
[0;32m[1784654174.696] [3663:3663] [DMG] AccessControl: checking f=1 a=c s=0x000000000001B669 t= c=0x0000_0030 e=0 p=o r=i[0m
[0;32m[1784654174.696] [3663:3663] [DMG] AccessControl: allowed[0m
[0;32m[1784654174.696] [3663:3663] [DMG] AccessControl: checking f=1 a=c s=0x000000000001B669 t= c=0x0000_0030 e=0 p=a r=i[0m
[0;32m[1784654174.696] [3663:3663] [DMG] AccessControl: allowed[0m
[0;34m[1784654174.696] [3663:3663] [DMG] Received command for Endpoint=0 Cluster=0x0000_0030 Command=0x0000_0000[0m
[0;32m[1784654174.696] [3663:3663] [FS] GeneralCommissioning: Received ArmFailSafe (60s)[0m
[0;34m[1784654174.696] [3663:3663] [DMG] Command handler moving to [NewRespons][0m
[0;34m[1784654174.696] [3663:3663] [DMG] Command handler moving to [ Preparing][0m
[0;34m[1784654174.696] [3663:3663] [DMG] Command handler moving to [AddingComm][0m
[0;34m[1784654174.696] [3663:3663] [DMG] Command handler moving to [AddedComma][0m
[0;34m[1784654174.696] [3663:3663] [DMG] Decreasing reference count for CommandHandlerImpl, remaining 1[0m
[0;34m[1784654174.696] [3663:3663] [DMG] Decreasing reference count for CommandHandlerImpl, remaining 0[0m
[0;34m[1784654174.696] [3663:3663] [DMG] Command handler moving to [AwaitingDe][0m
[0;32m[1784654174.696] [3663:3663] [EM] <<< [E:40452r S:33714 M:36577538 (Ack:225912510)] (S) Msg TX from 0000000000000001 to 1:000000000001B669 [12DB] [UDP:[fe80::bfe:a203:38f0:bce7%enp0s3]:50926] --- Type 0001:09 (IM:InvokeCommandResponse) (B:70)[0m
[0;32m[1784654174.696] [3663:3663] [EM] ??1 [E:40452r S:33714 M:36577538] (S) Msg Retransmission to 1:000000000001B669 scheduled for 332ms from now [State:Active II:500 AI:300 AT:4000][0m
[0;34m[1784654174.696] [3663:3663] [DMG] Command response sender moving to [AllInvokeR][0m
[0;32m[1784654174.696] [3663:3663] [EM] >>> [E:40451r S:0 M:244881804 (Ack:85535809)] (U) Msg RX from 0:D49E9A46A01D4063 [0000] to 0000000000000000 --- Type 0000:10 (SecureChannel:StandaloneAck) (B:26)[0m
[0;34m[1784654174.696] [3663:3663] [EM] Found matching exchange: 40451r, Delegate: (nil)[0m
[0;34m[1784654174.696] [3663:3663] [EM] Rxd Ack; Removing MessageCounter:85535809 from Retrans Table on exchange 40451r[0m
[0;32m[1784654174.696] [3663:3663] [EM] >>> [E:40452r S:33714 M:225912511 (Ack:36577538)] (S) Msg RX from 1:000000000001B669 [12DB] to 0000000000000001 --- Type 0000:10 (SecureChannel:StandaloneAck) (B:34)[0m
[0;34m[1784654174.696] [3663:3663] [EM] Found matching exchange: 40452r, Delegate: (nil)[0m
[0;34m[1784654174.696] [3663:3663] [EM] Rxd Ack; Removing MessageCounter:36577538 from Retrans Table on exchange 40452r[0m
[0;32m[1784654174.973] [3663:3663] [EM] >>> [E:34783r S:0 M:154249182] (U) Msg RX from 0:20C26F1C237D8894 [0000] to 0000000000000000 --- Type 0000:30 (SecureChannel:CASE_Sigma1) (B:196)[0m
[0;34m[1784654174.974] [3663:3663] [EM] Handling via exchange: 34783r, Delegate: 0x6252ac74d5f8[0m
[0;32m[1784654174.974] [3663:3663] [IN] CASE Server received Sigma1 message . Starting handshake. EC 0x6252b4958770[0m
[0;32m[1784654174.974] [3663:3663] [SC] Received Sigma1 msg[0m
[0;34m[1784654174.974] [3663:3663] [SC] Found MRP parameters in the message[0m
[0;34m[1784654174.974] [3663:3663] [SC] Peer (Initiator) assigned session ID 54976[0m
[0;32m[1784654174.975] [3663:3663] [SC] CASE matched destination ID: fabricIndex 1, NodeID 0x0000000000000001[0m
[0;32m[1784654174.976] [3663:3663] [EM] <<< [E:34783r S:0 M:85535810 (Ack:154249182)] (U) Msg TX from 0000000000000000 to 0:20C26F1C237D8894 [0000] [UDP:[fe80::bfe:a203:38f0:bce7%enp0s3]:59643] --- Type 0000:31 (SecureChannel:CASE_Sigma2) (B:751)[0m
[0;32m[1784654174.976] [3663:3663] [EM] ??1 [E:34783r S:0 M:85535810] (U) Msg Retransmission to 0:0000000000000000 scheduled for 344ms from now [State:Active II:500 AI:300 AT:4000][0m
[0;32m[1784654174.976] [3663:3663] [SC] Sent Sigma2 msg[0m
[0;32m[1784654174.977] [3663:3663] [EM] >>> [E:34783r S:0 M:154249183 (Ack:85535810)] (U) Msg RX from 0:20C26F1C237D8894 [0000] to 0000000000000000 --- Type 0000:32 (SecureChannel:CASE_Sigma3) (B:598)[0m
[0;34m[1784654174.977] [3663:3663] [EM] Found matching exchange: 34783r, Delegate: 0x6252ac74d630[0m
[0;34m[1784654174.977] [3663:3663] [EM] Rxd Ack; Removing MessageCounter:85535810 from Retrans Table on exchange 34783r[0m
[0;32m[1784654174.977] [3663:3663] [SC] Received Sigma3 msg[0m
[1;31m[1784654174.978] [3663:3663] [SC] The device does not support GetClock_RealTimeMS() API: src/protocols/secure_channel/CASESession.cpp:2276: CHIP Error 0x0000006C: Required feature not supported by this configuration.  Falling back to Last Known Good UTC Time[0m
[0;34m[1784654174.982] [3663:3663] [DL] Wrote settings to /tmp/chip_kvs_test[0m
[0;34m[1784654174.984] [3663:3663] [DL] Wrote settings to /tmp/chip_kvs_test[0m
[0;34m[1784654174.986] [3663:3663] [DL] Wrote settings to /tmp/chip_kvs_test[0m
[0;34m[1784654174.986] [3663:3663] [SC] Sending status report. Protocol code 0, exchange 34783[0m
[0;32m[1784654174.986] [3663:3663] [EM] <<< [E:34783r S:0 M:85535811 (Ack:154249183)] (U) Msg TX from 0000000000000000 to 0:20C26F1C237D8894 [0000] [UDP:[fe80::bfe:a203:38f0:bce7%enp0s3]:59643] --- Type 0000:40 (SecureChannel:StatusReport) (B:34)[0m
[0;32m[1784654174.986] [3663:3663] [EM] ??1 [E:34783r S:0 M:85535811] (U) Msg Retransmission to 0:0000000000000000 scheduled for 333ms from now [State:Active II:500 AI:300 AT:4000][0m
[0;32m[1784654174.987] [3663:3663] [SC] SecureSession[0x6252b495b890, LSID:33715]: State change 'kEstablishing' --> 'kActive'[0m
[0;34m[1784654174.987] [3663:3663] [IN] SecureSession[0x6252b495b890]: Activated - Type:2 LSID:33715[0m
[0;34m[1784654174.987] [3663:3663] [IN] New secure session activated for device <000000000001B669, 1>, LSID:33715 PSID:54976![0m
[0;32m[1784654174.987] [3663:3663] [IN] CASE Session established to peer: <000000000001B669, 1>[0m
[0;34m[1784654174.987] [3663:3663] [IN] SecureSession[0x6252b4978df0]: Allocated Type:2 LSID:33716[0m
[0;34m[1784654174.987] [3663:3663] [SC] Allocated SecureSession (0x6252b4978df0) - waiting for Sigma1 msg[0m
[0;32m[1784654174.988] [3663:3663] [EM] >>> [E:34784r S:33715 M:237216097] (S) Msg RX from 1:000000000001B669 [12DB] to 0000000000000001 --- Type 0001:08 (IM:InvokeCommandRequest) (B:96)[0m
[0;34m[1784654174.988] [3663:3663] [EM] Handling via exchange: 34784r, Delegate: 0x6252ac757ac8[0m
[0;34m[1784654174.988] [3663:3663] [DMG] InvokeRequestMessage =[0m
[0;34m[1784654174.988] [3663:3663] [DMG] {[0m
[0;34m[1784654174.988] [3663:3663] [DMG] 	suppressResponse = false, [0m
[0;34m[1784654174.988] [3663:3663] [DMG] 	timedRequest = false, [0m
[0;34m[1784654174.988] [3663:3663] [DMG] 	InvokeRequests =[0m
[0;34m[1784654174.988] [3663:3663] [DMG] 	[[0m
[0;34m[1784654174.988] [3663:3663] [DMG] 		CommandDataIB =[0m
[0;34m[1784654174.988] [3663:3663] [DMG] 		{[0m
[0;34m[1784654174.988] [3663:3663] [DMG] 			CommandPathIB =[0m
[0;34m[1784654174.988] [3663:3663] [DMG] 			{[0m
[0;34m[1784654174.988] [3663:3663] [DMG] 				EndpointId = 0x0,[0m
[0;34m[1784654174.988] [3663:3663] [DMG] 				ClusterId = 0x3e,[0m
[0;34m[1784654174.988] [3663:3663] [DMG] 				CommandId = 0x4,[0m
[0;34m[1784654174.988] [3663:3663] [DMG] 			},[0m
[0;34m[1784654174.988] [3663:3663] [DMG] 			[0m
[0;34m[1784654174.988] [3663:3663] [DMG] 			CommandFields = [0m
[0;34m[1784654174.988] [3663:3663] [DMG] 			{[0m
[0;34m[1784654174.988] [3663:3663] [DMG] 				0x0 = [[0m
[0;34m[1784654174.988] [3663:3663] [DMG] 						0xfd, 0x56, 0x1d, 0xa2, 0xb7, 0x0a, 0xcf, 0x24, 0x9f, 0x07, 0x19, 0xcf, 0x3c, 0x60, 0x17, 0xfa, 0xfa, 0x45, 0x6e, 0xb0, 0x16, 0xfb, 0x82, 0x4c, 0x3e, 0x74, 0x6c, 0xbf, 0x41, 0x8b, 0x98, 0x84, [0m
[0;34m[1784654174.988] [3663:3663] [DMG] 				] (32 bytes)[0m
[0;34m[1784654174.988] [3663:3663] [DMG] 				0x1 = true, [0m
[0;34m[1784654174.988] [3663:3663] [DMG] 			},[0m
[0;34m[1784654174.988] [3663:3663] [DMG] 		},[0m
[0;34m[1784654174.988] [3663:3663] [DMG] 		[0m
[0;34m[1784654174.988] [3663:3663] [DMG] 	],[0m
[0;34m[1784654174.988] [3663:3663] [DMG] 	[0m
[0;34m[1784654174.988] [3663:3663] [DMG] 	InteractionModelRevision = 12[0m
[0;34m[1784654174.988] [3663:3663] [DMG] },[0m
[0;32m[1784654174.988] [3663:3663] [DMG] AccessControl: checking f=1 a=c s=0x000000000001B669 t= c=0x0000_003E e=0 p=o r=i[0m
[0;32m[1784654174.988] [3663:3663] [DMG] AccessControl: allowed[0m
[0;32m[1784654174.988] [3663:3663] [DMG] AccessControl: checking f=1 a=c s=0x000000000001B669 t= c=0x0000_003E e=0 p=a r=i[0m
[0;32m[1784654174.988] [3663:3663] [DMG] AccessControl: allowed[0m
[0;34m[1784654174.988] [3663:3663] [DMG] Received command for Endpoint=0 Cluster=0x0000_003E Command=0x0000_0004[0m
[0;32m[1784654174.988] [3663:3663] [ZCL] OpCreds: Received a CSRRequest command[0m
[0;32m[1784654174.988] [3663:3663] [ZCL] OpCreds: AllocatePendingOperationalKey succeeded[0m
[0;32m[1784654174.988] [3663:3663] [ZCL] OpCreds: CSRRequest successful.[0m
[0;34m[1784654174.989] [3663:3663] [DMG] Command handler moving to [NewRespons][0m
[0;34m[1784654174.989] [3663:3663] [DMG] Command handler moving to [ Preparing][0m
[0;34m[1784654174.989] [3663:3663] [DMG] Command handler moving to [AddingComm][0m
[0;34m[1784654174.989] [3663:3663] [DMG] Command handler moving to [AddedComma][0m
[0;34m[1784654174.989] [3663:3663] [DMG] Decreasing reference count for CommandHandlerImpl, remaining 1[0m
[0;34m[1784654174.989] [3663:3663] [DMG] Decreasing reference count for CommandHandlerImpl, remaining 0[0m
[0;34m[1784654174.989] [3663:3663] [DMG] Command handler moving to [AwaitingDe][0m
[0;32m[1784654174.989] [3663:3663] [EM] <<< [E:34784r S:33715 M:123135926 (Ack:237216097)] (S) Msg TX from 0000000000000001 to 1:000000000001B669 [12DB] [UDP:[fe80::bfe:a203:38f0:bce7%enp0s3]:59643] --- Type 0001:09 (IM:InvokeCommandResponse) (B:377)[0m
[0;32m[1784654174.989] [3663:3663] [EM] ??1 [E:34784r S:33715 M:123135926] (S) Msg Retransmission to 1:000000000001B669 scheduled for 350ms from now [State:Active II:500 AI:300 AT:4000][0m
[0;34m[1784654174.989] [3663:3663] [DMG] Command response sender moving to [AllInvokeR][0m
[0;32m[1784654174.989] [3663:3663] [EM] >>> [E:34783r S:0 M:154249184 (Ack:85535811)] (U) Msg RX from 0:20C26F1C237D8894 [0000] to 0000000000000000 --- Type 0000:10 (SecureChannel:StandaloneAck) (B:26)[0m
[0;34m[1784654174.989] [3663:3663] [EM] Found matching exchange: 34783r, Delegate: (nil)[0m
[0;34m[1784654174.989] [3663:3663] [EM] Rxd Ack; Removing MessageCounter:85535811 from Retrans Table on exchange 34783r[0m
[0;32m[1784654174.989] [3663:3663] [EM] >>> [E:34784r S:33715 M:237216098 (Ack:123135926)] (S) Msg RX from 1:000000000001B669 [12DB] to 0000000000000001 --- Type 0000:10 (SecureChannel:StandaloneAck) (B:34)[0m
[0;34m[1784654174.989] [3663:3663] [EM] Found matching exchange: 34784r, Delegate: (nil)[0m
[0;34m[1784654174.989] [3663:3663] [EM] Rxd Ack; Removing MessageCounter:123135926 from Retrans Table on exchange 34784r[0m
[0;32m[1784654175.307] [3663:3663] [EM] >>> [E:57575r S:0 M:256041753] (U) Msg RX from 0:9D5D40218CA813D0 [0000] to 0000000000000000 --- Type 0000:30 (SecureChannel:CASE_Sigma1) (B:196)[0m
[0;34m[1784654175.307] [3663:3663] [EM] Handling via exchange: 57575r, Delegate: 0x6252ac74d5f8[0m
[0;32m[1784654175.307] [3663:3663] [IN] CASE Server received Sigma1 message . Starting handshake. EC 0x6252b496dac0[0m
[0;32m[1784654175.307] [3663:3663] [SC] Received Sigma1 msg[0m
[0;34m[1784654175.307] [3663:3663] [SC] Found MRP parameters in the message[0m
[0;34m[1784654175.307] [3663:3663] [SC] Peer (Initiator) assigned session ID 4748[0m
[0;32m[1784654175.308] [3663:3663] [SC] CASE matched destination ID: fabricIndex 1, NodeID 0x0000000000000001[0m
[0;32m[1784654175.309] [3663:3663] [EM] <<< [E:57575r S:0 M:85535812 (Ack:256041753)] (U) Msg TX from 0000000000000000 to 0:9D5D40218CA813D0 [0000] [UDP:[fe80::bfe:a203:38f0:bce7%enp0s3]:49011] --- Type 0000:31 (SecureChannel:CASE_Sigma2) (B:751)[0m
[0;32m[1784654175.310] [3663:3663] [EM] ??1 [E:57575r S:0 M:85535812] (U) Msg Retransmission to 0:0000000000000000 scheduled for 335ms from now [State:Active II:500 AI:300 AT:4000][0m
[0;32m[1784654175.310] [3663:3663] [SC] Sent Sigma2 msg[0m
[0;32m[1784654175.312] [3663:3663] [EM] >>> [E:57575r S:0 M:256041754 (Ack:85535812)] (U) Msg RX from 0:9D5D40218CA813D0 [0000] to 0000000000000000 --- Type 0000:32 (SecureChannel:CASE_Sigma3) (B:598)[0m
[0;34m[1784654175.313] [3663:3663] [EM] Found matching exchange: 57575r, Delegate: 0x6252ac74d630[0m
[0;34m[1784654175.313] [3663:3663] [EM] Rxd Ack; Removing MessageCounter:85535812 from Retrans Table on exchange 57575r[0m
[0;32m[1784654175.313] [3663:3663] [SC] Received Sigma3 msg[0m
[1;31m[1784654175.313] [3663:3663] [SC] The device does not support GetClock_RealTimeMS() API: src/protocols/secure_channel/CASESession.cpp:2276: CHIP Error 0x0000006C: Required feature not supported by this configuration.  Falling back to Last Known Good UTC Time[0m
[0;34m[1784654175.317] [3663:3663] [DL] Wrote settings to /tmp/chip_kvs_test[0m
[0;34m[1784654175.319] [3663:3663] [DL] Wrote settings to /tmp/chip_kvs_test[0m
[0;34m[1784654175.322] [3663:3663] [DL] Wrote settings to /tmp/chip_kvs_test[0m
[0;34m[1784654175.322] [3663:3663] [SC] Sending status report. Protocol code 0, exchange 57575[0m
[0;32m[1784654175.322] [3663:3663] [EM] <<< [E:57575r S:0 M:85535813 (Ack:256041754)] (U) Msg TX from 0000000000000000 to 0:9D5D40218CA813D0 [0000] [UDP:[fe80::bfe:a203:38f0:bce7%enp0s3]:49011] --- Type 0000:40 (SecureChannel:StatusReport) (B:34)[0m
[0;32m[1784654175.323] [3663:3663] [EM] ??1 [E:57575r S:0 M:85535813] (U) Msg Retransmission to 0:0000000000000000 scheduled for 391ms from now [State:Active II:500 AI:300 AT:4000][0m
[0;32m[1784654175.323] [3663:3663] [SC] SecureSession[0x6252b4978df0, LSID:33716]: State change 'kEstablishing' --> 'kActive'[0m
[0;34m[1784654175.323] [3663:3663] [IN] SecureSession[0x6252b4978df0]: Activated - Type:2 LSID:33716[0m
[0;34m[1784654175.323] [3663:3663] [IN] New secure session activated for device <000000000001B669, 1>, LSID:33716 PSID:4748![0m
[0;32m[1784654175.323] [3663:3663] [IN] CASE Session established to peer: <000000000001B669, 1>[0m
[0;34m[1784654175.323] [3663:3663] [IN] SecureSession[0x6252b4979ea0]: Allocated Type:2 LSID:33717[0m
[0;34m[1784654175.323] [3663:3663] [SC] Allocated SecureSession (0x6252b4979ea0) - waiting for Sigma1 msg[0m
[0;32m[1784654175.326] [3663:3663] [EM] >>> [E:57576r S:33716 M:54336816] (S) Msg RX from 1:000000000001B669 [12DB] to 0000000000000001 --- Type 0001:02 (IM:ReadRequest) (B:51)[0m
[0;34m[1784654175.326] [3663:3663] [EM] Handling via exchange: 57576r, Delegate: 0x6252ac757ac8[0m
[0;34m[1784654175.326] [3663:3663] [IM] Received Read request[0m
[0;34m[1784654175.326] [3663:3663] [DMG] ReadRequestMessage =[0m
[0;34m[1784654175.327] [3663:3663] [DMG] {[0m
[0;34m[1784654175.327] [3663:3663] [DMG] 	AttributePathIBs =[0m
[0;34m[1784654175.327] [3663:3663] [DMG] 	[[0m
[0;34m[1784654175.327] [3663:3663] [DMG] 		AttributePathIB =[0m
[0;34m[1784654175.327] [3663:3663] [DMG] 		{[0m
[0;34m[1784654175.327] [3663:3663] [DMG] 			Endpoint = 0x0,[0m
[0;34m[1784654175.327] [3663:3663] [DMG] 			Cluster = 0x3e,[0m
[0;34m[1784654175.327] [3663:3663] [DMG] 			Attribute = 0x0000_0004,[0m
[0;34m[1784654175.327] [3663:3663] [DMG] 		}[0m
[0;34m[1784654175.327] [3663:3663] [DMG] 			[0m
[0;34m[1784654175.327] [3663:3663] [DMG] 	],[0m
[0;34m[1784654175.327] [3663:3663] [DMG] 		[0m
[0;34m[1784654175.327] [3663:3663] [DMG] 	isFabricFiltered = true, [0m
[0;34m[1784654175.327] [3663:3663] [DMG] 	InteractionModelRevision = 12[0m
[0;34m[1784654175.327] [3663:3663] [DMG] },[0m
[0;34m[1784654175.327] [3663:3663] [DMG] IM RH moving to [CanStartReporting][0m
[0;34m[1784654175.327] [3663:3663] [DMG] Building Reports for ReadHandler with LastReportGeneration = 0x0000000000000000 DirtyGeneration = 0x0000000000000000[0m
[0;34m[1784654175.327] [3663:3663] [DMG] <RE:Run> Cluster 3e, Attribute 4 is dirty[0m
[0;32m[1784654175.327] [3663:3663] [DMG] AccessControl: checking f=1 a=c s=0x000000000001B669 t= c=0x0000_003E e=0 p=v r=r[0m
[0;32m[1784654175.327] [3663:3663] [DMG] AccessControl: allowed[0m
[0;32m[1784654175.327] [3663:3663] [DMG] AccessControl: checking f=1 a=c s=0x000000000001B669 t= c=0x0000_003E e=0 p=v r=r[0m
[0;32m[1784654175.327] [3663:3663] [DMG] AccessControl: allowed[0m
[0;34m[1784654175.327] [3663:3663] [DMG] Reading attribute: Cluster=0x0000_003E Endpoint=0x0 AttributeId=0x0000_0004 (expanded=0)[0m
[0;34m[1784654175.327] [3663:3663] [DMG] <RE> Sending report (payload has 269 bytes)...[0m
[0;32m[1784654175.327] [3663:3663] [EM] <<< [E:57576r S:33716 M:52846431 (Ack:54336816)] (S) Msg TX from 0000000000000001 to 1:000000000001B669 [12DB] [UDP:[fe80::bfe:a203:38f0:bce7%enp0s3]:49011] --- Type 0001:05 (IM:ReportData) (B:303)[0m
[0;32m[1784654175.327] [3663:3663] [EM] ??1 [E:57576r S:33716 M:52846431] (S) Msg Retransmission to 1:000000000001B669 scheduled for 382ms from now [State:Active II:500 AI:300 AT:4000][0m
[0;34m[1784654175.327] [3663:3663] [DMG] <RE> OnReportConfirm: NumReports = 0[0m
[0;34m[1784654175.327] [3663:3663] [DMG] <RE> ReportsInFlight = 0 with readHandler 0, RE has no more messages[0m
[0;34m[1784654175.327] [3663:3663] [DMG] IM RH moving to [AwaitingDestruction][0m
[0;34m[1784654175.327] [3663:3663] [DMG] All ReadHandler-s are clean, clear GlobalDirtySet[0m
[0;32m[1784654175.328] [3663:3663] [EM] >>> [E:57575r S:0 M:256041755 (Ack:85535813)] (U) Msg RX from 0:9D5D40218CA813D0 [0000] to 0000000000000000 --- Type 0000:10 (SecureChannel:StandaloneAck) (B:26)[0m
[0;34m[1784654175.328] [3663:3663] [EM] Found matching exchange: 57575r, Delegate: (nil)[0m
[0;34m[1784654175.328] [3663:3663] [EM] Rxd Ack; Removing MessageCounter:85535813 from Retrans Table on exchange 57575r[0m
[0;32m[1784654175.328] [3663:3663] [EM] >>> [E:57576r S:33716 M:54336817 (Ack:52846431)] (S) Msg RX from 1:000000000001B669 [12DB] to 0000000000000001 --- Type 0000:10 (SecureChannel:StandaloneAck) (B:34)[0m
[0;34m[1784654175.328] [3663:3663] [EM] Found matching exchange: 57576r, Delegate: (nil)[0m
[0;34m[1784654175.328] [3663:3663] [EM] Rxd Ack; Removing MessageCounter:52846431 from Retrans Table on exchange 57576r[0m
[0;32m[1784654175.652] [3663:3663] [EM] >>> [E:59371r S:0 M:33626855] (U) Msg RX from 0:2E68E54A7D6B39A0 [0000] to 0000000000000000 --- Type 0000:30 (SecureChannel:CASE_Sigma1) (B:196)[0m
[0;34m[1784654175.652] [3663:3663] [EM] Handling via exchange: 59371r, Delegate: 0x6252ac74d5f8[0m
[0;32m[1784654175.652] [3663:3663] [IN] CASE Server received Sigma1 message . Starting handshake. EC 0x6252b4978860[0m
[0;32m[1784654175.652] [3663:3663] [SC] Received Sigma1 msg[0m
[0;34m[1784654175.652] [3663:3663] [SC] Found MRP parameters in the message[0m
[0;34m[1784654175.652] [3663:3663] [SC] Peer (Initiator) assigned session ID 61996[0m
[0;32m[1784654175.652] [3663:3663] [SC] CASE matched destination ID: fabricIndex 1, NodeID 0x0000000000000001[0m
[0;32m[1784654175.652] [3663:3663] [EM] <<< [E:59371r S:0 M:85535814 (Ack:33626855)] (U) Msg TX from 0000000000000000 to 0:2E68E54A7D6B39A0 [0000] [UDP:[fe80::bfe:a203:38f0:bce7%enp0s3]:36938] --- Type 0000:31 (SecureChannel:CASE_Sigma2) (B:751)[0m
[0;32m[1784654175.653] [3663:3663] [EM] ??1 [E:59371r S:0 M:85535814] (U) Msg Retransmission to 0:0000000000000000 scheduled for 366ms from now [State:Active II:500 AI:300 AT:4000][0m
[0;32m[1784654175.653] [3663:3663] [SC] Sent Sigma2 msg[0m
[0;32m[1784654175.654] [3663:3663] [EM] >>> [E:59371r S:0 M:33626856 (Ack:85535814)] (U) Msg RX from 0:2E68E54A7D6B39A0 [0000] to 0000000000000000 --- Type 0000:32 (SecureChannel:CASE_Sigma3) (B:598)[0m
[0;34m[1784654175.654] [3663:3663] [EM] Found matching exchange: 59371r, Delegate: 0x6252ac74d630[0m
[0;34m[1784654175.654] [3663:3663] [EM] Rxd Ack; Removing MessageCounter:85535814 from Retrans Table on exchange 59371r[0m
[0;32m[1784654175.654] [3663:3663] [SC] Received Sigma3 msg[0m
[1;31m[1784654175.654] [3663:3663] [SC] The device does not support GetClock_RealTimeMS() API: src/protocols/secure_channel/CASESession.cpp:2276: CHIP Error 0x0000006C: Required feature not supported by this configuration.  Falling back to Last Known Good UTC Time[0m
[0;34m[1784654175.660] [3663:3663] [DL] Wrote settings to /tmp/chip_kvs_test[0m
[0;34m[1784654175.663] [3663:3663] [DL] Wrote settings to /tmp/chip_kvs_test[0m
[0;34m[1784654175.665] [3663:3663] [DL] Wrote settings to /tmp/chip_kvs_test[0m
[0;34m[1784654175.665] [3663:3663] [SC] Sending status report. Protocol code 0, exchange 59371[0m
[0;32m[1784654175.665] [3663:3663] [EM] <<< [E:59371r S:0 M:85535815 (Ack:33626856)] (U) Msg TX from 0000000000000000 to 0:2E68E54A7D6B39A0 [0000] [UDP:[fe80::bfe:a203:38f0:bce7%enp0s3]:36938] --- Type 0000:40 (SecureChannel:StatusReport) (B:34)[0m
[0;32m[1784654175.666] [3663:3663] [EM] ??1 [E:59371r S:0 M:85535815] (U) Msg Retransmission to 0:0000000000000000 scheduled for 383ms from now [State:Active II:500 AI:300 AT:4000][0m
[0;32m[1784654175.666] [3663:3663] [SC] SecureSession[0x6252b4979ea0, LSID:33717]: State change 'kEstablishing' --> 'kActive'[0m
[0;34m[1784654175.666] [3663:3663] [IN] SecureSession[0x6252b4979ea0]: Activated - Type:2 LSID:33717[0m
[0;34m[1784654175.666] [3663:3663] [IN] New secure session activated for device <000000000001B669, 1>, LSID:33717 PSID:61996![0m
[0;32m[1784654175.666] [3663:3663] [IN] CASE Session established to peer: <000000000001B669, 1>[0m
[0;34m[1784654175.666] [3663:3663] [IN] SecureSession[0x6252b497a8e0]: Allocated Type:2 LSID:33718[0m
[0;34m[1784654175.666] [3663:3663] [SC] Allocated SecureSession (0x6252b497a8e0) - waiting for Sigma1 msg[0m
[0;32m[1784654175.667] [3663:3663] [EM] >>> [E:59372r S:33717 M:260788145] (S) Msg RX from 1:000000000001B669 [12DB] to 0000000000000001 --- Type 0001:08 (IM:InvokeCommandRequest) (B:330)[0m
[0;34m[1784654175.667] [3663:3663] [EM] Handling via exchange: 59372r, Delegate: 0x6252ac757ac8[0m
[0;34m[1784654175.667] [3663:3663] [DMG] InvokeRequestMessage =[0m
[0;34m[1784654175.667] [3663:3663] [DMG] {[0m
[0;34m[1784654175.667] [3663:3663] [DMG] 	suppressResponse = false, [0m
[0;34m[1784654175.667] [3663:3663] [DMG] 	timedRequest = false, [0m
[0;34m[1784654175.667] [3663:3663] [DMG] 	InvokeRequests =[0m
[0;34m[1784654175.667] [3663:3663] [DMG] 	[[0m
[0;34m[1784654175.667] [3663:3663] [DMG] 		CommandDataIB =[0m
[0;34m[1784654175.667] [3663:3663] [DMG] 		{[0m
[0;34m[1784654175.667] [3663:3663] [DMG] 			CommandPathIB =[0m
[0;34m[1784654175.667] [3663:3663] [DMG] 			{[0m
[0;34m[1784654175.667] [3663:3663] [DMG] 				EndpointId = 0x0,[0m
[0;34m[1784654175.667] [3663:3663] [DMG] 				ClusterId = 0x3e,[0m
[0;34m[1784654175.667] [3663:3663] [DMG] 				CommandId = 0x7,[0m
[0;34m[1784654175.667] [3663:3663] [DMG] 			},[0m
[0;34m[1784654175.667] [3663:3663] [DMG] 			[0m
[0;34m[1784654175.668] [3663:3663] [DMG] 			CommandFields = [0m
[0;34m[1784654175.668] [3663:3663] [DMG] 			{[0m
[0;34m[1784654175.668] [3663:3663] [DMG] 				0x0 = [[0m
[0;34m[1784654175.668] [3663:3663] [DMG] 						0x15, 0x30, 0x01, 0x14, 0x13, 0xd4, 0x90, 0x91, 0xa5, 0xf2, 0x5b, 0x03, 0xf7, 0xe4, 0x05, 0x19, 0xb7, 0xde, 0x7d, 0x04, 0xb5, 0xf7, 0x23, 0xd3, 0x24, 0x02, 0x01, 0x37, 0x03, 0x24, 0x14, 0x01, 0x18, 0x26, 0x04, 0x80, 0x9d, 0x9e, 0x25, 0x26, 0x05, 0xff, 0xd0, 0x7f, 0x27, 0x37, 0x06, 0x27, 0x11, 0x88, 0x77, 0x66, 0x55, 0x44, 0x33, 0x22, 0x11, 0x24, 0x15, 0x01, 0x18, 0x24, 0x07, 0x01, 0x24, 0x08, 0x01, 0x30, 0x09, 0x41, 0x04, 0x20, 0x7e, 0xdf, 0x1b, 0x13, 0xe6, 0xb0, 0xd9, 0xda, 0x63, 0x43, 0x2a, 0x36, 0x39, 0x84, 0x60, 0x9d, 0xe2, 0x64, 0x8f, 0xd2, 0x61, 0xfb, 0x93, 0xd7, 0x33, 0xd7, 0x82, 0xdc, 0x4b, 0x09, 0x95, 0x09, 0x57, 0x2c, 0x4f, 0x7d, 0xda, 0xbc, 0xf2, 0x76, 0xf8, 0x9c, 0xed, 0x25, 0x63, 0x7f, 0x91, 0xf9, 0x9b, 0xd0, 0x9f, 0x6c, 0x8d, 0xf3, 0x0d, 0xdb, 0x1e, 0x6c, 0x07, 0xc2, 0x9f, 0xa3, 0xd8, 0x37, 0x0a, 0x35, 0x01, 0x28, 0x01, 0x18, 0x24, 0x02, 0x01, 0x36, 0x03, 0x04, 0x01, 0x04, 0x02, 0x18, 0x30, 0x04, 0x14, 0x93, 0x1a, 0x86, 0xbf, 0x10, 0x57, 0xf2, 0x5a, 0x42, 0x81, 0x4a, 0xd2, 0x07, 0x81, 0xf7, 0xbc, 0xd5, 0xda, 0x74, 0xf2, 0x30, 0x05, 0x14, 0x57, 0x24, 0x30, 0x4c, 0x8b, 0xa3, 0xa5, 0xe4, 0xae, 0x3b, 0xd5, 0x0d, 0x76, 0x4d, 0xa0, 0xee, 0xfc, 0x46, 0x05, 0x41, 0x18, 0x30, 0x0b, 0x40, 0x79, 0x99, 0xfe, 0xcc, 0x41, 0x8f, 0xff, 0x30, 0x73, 0x8a, 0xb4, 0xf8, 0x32, 0x2b, 0x61, 0x04, 0x3e, 0x44, 0x40, 0xca, 0x9a, 0xd5, 0x63, 0x66, 0x27, 0x67, 0x69, 0x63, 0xb5, 0x49, 0x85, 0xef, 0x73, 0x50, 0x6c, 0xe6, 0xad, 0x63, 0x63, 0x7e, 0x08, 0xf7, 0xc3, 0x08, 0xfe, 0x86, 0x82, 0xaa, 0x74, 0xa3, 0x6b, 0xcb, 0xb3, 0x9b, 0x5b, 0x6c, 0x6a, 0x2c, 0x68, 0x12, 0x2e, 0x06, 0xf7, 0x86, 0x18, [0m
[0;34m[1784654175.668] [3663:3663] [DMG] 				] (267 bytes)[0m
[0;34m[1784654175.668] [3663:3663] [DMG] 			},[0m
[0;34m[1784654175.668] [3663:3663] [DMG] 		},[0m
[0;34m[1784654175.668] [3663:3663] [DMG] 		[0m
[0;34m[1784654175.668] [3663:3663] [DMG] 	],[0m
[0;34m[1784654175.668] [3663:3663] [DMG] 	[0m
[0;34m[1784654175.668] [3663:3663] [DMG] 	InteractionModelRevision = 12[0m
[0;34m[1784654175.668] [3663:3663] [DMG] },[0m
[0;32m[1784654175.668] [3663:3663] [DMG] AccessControl: checking f=1 a=c s=0x000000000001B669 t= c=0x0000_003E e=0 p=o r=i[0m
[0;32m[1784654175.668] [3663:3663] [DMG] AccessControl: allowed[0m
[0;32m[1784654175.668] [3663:3663] [DMG] AccessControl: checking f=1 a=c s=0x000000000001B669 t= c=0x0000_003E e=0 p=a r=i[0m
[0;32m[1784654175.668] [3663:3663] [DMG] AccessControl: allowed[0m
[0;34m[1784654175.668] [3663:3663] [DMG] Received command for Endpoint=0 Cluster=0x0000_003E Command=0x0000_0007[0m
[0;32m[1784654175.668] [3663:3663] [ZCL] OpCreds: Received an UpdateNOC command[0m
[0;32m[1784654175.668] [3663:3663] [FP] Validating NOC chain[0m
[0;32m[1784654175.669] [3663:3663] [FP] NOC chain validation successful[0m
[0;32m[1784654175.669] [3663:3663] [FP] Updated fabric at index: 0x1, Node ID: 0x1122334455667788[0m
[0;32m[1784654175.669] [3663:3663] [TS] Last Known Good Time: 2023-10-14T01:16:48[0m
[0;32m[1784654175.669] [3663:3663] [TS] New proposed Last Known Good Time: 2021-01-01T00:00:00[0m
[0;32m[1784654175.669] [3663:3663] [TS] Retaining current Last Known Good Time[0m
[0;34m[1784654175.671] [3663:3663] [DL] Wrote settings to /tmp/chip_kvs_test[0m
[0;34m[1784654175.674] [3663:3663] [DL] Wrote settings to /tmp/chip_kvs_test[0m
[0;34m[1784654175.677] [3663:3663] [DL] Wrote settings to /tmp/chip_kvs_test[0m
[0;32m[1784654175.677] [3663:3663] [DIS] Updating services using commissioning mode 0[0m
[0;32m[1784654175.677] [3663:3663] [DIS] CHIP minimal mDNS started advertising.[0m
[0;34m[1784654175.678] [3663:3663] [DL] Using WiFi MAC for hostname[0m
[0;32m[1784654175.678] [3663:3663] [DIS] Advertise operational node 7A9BBA42D31D12DB-1122334455667788[0m
[0;34m[1784654175.678] [3663:3663] [DIS] Responding with _matter._tcp.local[0m
[0;34m[1784654175.678] [3663:3663] [DIS] Responding with 7A9BBA42D31D12DB-1122334455667788._matter._tcp.local[0m
[0;34m[1784654175.678] [3663:3663] [DIS] Responding with 7A9BBA42D31D12DB-1122334455667788._matter._tcp.local[0m
[0;34m[1784654175.678] [3663:3663] [DIS] Responding with 080027AE1A43.local[0m
[0;34m[1784654175.678] [3663:3663] [DIS] Responding with 080027AE1A43.local[0m
[0;34m[1784654175.678] [3663:3663] [DIS] Responding with _I7A9BBA42D31D12DB._sub._matter._tcp.local[0m
[0;32m[1784654175.678] [3663:3663] [DIS] CHIP minimal mDNS configured as 'Operational device'; instance name: 7A9BBA42D31D12DB-1122334455667788.[0m
[0;32m[1784654175.678] [3663:3663] [DIS] mDNS service published: _matter._tcp[0m
[0;34m[1784654175.678] [3663:3663] [DMG] Command handler moving to [NewRespons][0m
[0;34m[1784654175.679] [3663:3663] [DMG] Command handler moving to [ Preparing][0m
[0;34m[1784654175.679] [3663:3663] [DMG] Command handler moving to [AddingComm][0m
[0;34m[1784654175.679] [3663:3663] [DMG] Command handler moving to [AddedComma][0m
[0;32m[1784654175.679] [3663:3663] [ZCL] OpCreds: UpdateNOC successful.[0m
[0;34m[1784654175.679] [3663:3663] [IN] Expiring all sessions for fabric 0x1!![0m
[0;34m[1784654175.679] [3663:3663] [IN] SecureSession[0x6252b495bda0]: MarkForEviction Type:2 LSID:33713[0m
[0;32m[1784654175.679] [3663:3663] [SC] SecureSession[0x6252b495bda0, LSID:33713]: State change 'kActive' --> 'kPendingEviction'[0m
[0;34m[1784654175.679] [3663:3663] [IN] SecureSession[0x6252b495bda0]: Released - Type:2 LSID:33713[0m
[0;34m[1784654175.679] [3663:3663] [IN] SecureSession[0x6252b4976d40]: MarkForEviction Type:2 LSID:33714[0m
[0;32m[1784654175.679] [3663:3663] [SC] SecureSession[0x6252b4976d40, LSID:33714]: State change 'kActive' --> 'kPendingEviction'[0m
[0;34m[1784654175.679] [3663:3663] [IN] SecureSession[0x6252b4976d40]: Released - Type:2 LSID:33714[0m
[0;34m[1784654175.679] [3663:3663] [IN] SecureSession[0x6252b495b890]: MarkForEviction Type:2 LSID:33715[0m
[0;32m[1784654175.679] [3663:3663] [SC] SecureSession[0x6252b495b890, LSID:33715]: State change 'kActive' --> 'kPendingEviction'[0m
[0;34m[1784654175.679] [3663:3663] [IN] SecureSession[0x6252b495b890]: Released - Type:2 LSID:33715[0m
[0;34m[1784654175.679] [3663:3663] [IN] SecureSession[0x6252b4978df0]: MarkForEviction Type:2 LSID:33716[0m
[0;32m[1784654175.679] [3663:3663] [SC] SecureSession[0x6252b4978df0, LSID:33716]: State change 'kActive' --> 'kPendingEviction'[0m
[0;34m[1784654175.679] [3663:3663] [IN] SecureSession[0x6252b4978df0]: Released - Type:2 LSID:33716[0m
[0;34m[1784654175.679] [3663:3663] [IN] SecureSession[0x6252b4979ea0]: MarkForEviction Type:2 LSID:33717[0m
[0;32m[1784654175.679] [3663:3663] [SC] SecureSession[0x6252b4979ea0, LSID:33717]: State change 'kActive' --> 'kPendingEviction'[0m
[0;34m[1784654175.679] [3663:3663] [DMG] Decreasing reference count for CommandHandlerImpl, remaining 1[0m
[0;34m[1784654175.679] [3663:3663] [DMG] Decreasing reference count for CommandHandlerImpl, remaining 0[0m
[0;34m[1784654175.679] [3663:3663] [DMG] Command handler moving to [AwaitingDe][0m
[0;32m[1784654175.679] [3663:3663] [EM] <<< [E:59372r S:33717 M:180852102 (Ack:260788145)] (S) Msg TX from 0000000000000001 to 1:000000000001B669 [12DB] [UDP:[fe80::bfe:a203:38f0:bce7%enp0s3]:36938] --- Type 0001:09 (IM:InvokeCommandResponse) (B:70)[0m
[0;32m[1784654175.679] [3663:3663] [EM] ??1 [E:59372r S:33717 M:180852102] (S) Msg Retransmission to 1:000000000001B669 scheduled for 378ms from now [State:Active II:500 AI:300 AT:4000][0m
[0;34m[1784654175.679] [3663:3663] [DMG] Command response sender moving to [AllInvokeR][0m
[0;32m[1784654175.679] [3663:3663] [EM] >>> [E:59371r S:0 M:33626857 (Ack:85535815)] (U) Msg RX from 0:2E68E54A7D6B39A0 [0000] to 0000000000000000 --- Type 0000:10 (SecureChannel:StandaloneAck) (B:26)[0m
[0;34m[1784654175.679] [3663:3663] [EM] Found matching exchange: 59371r, Delegate: (nil)[0m
[0;34m[1784654175.679] [3663:3663] [EM] Rxd Ack; Removing MessageCounter:85535815 from Retrans Table on exchange 59371r[0m
[0;32m[1784654175.679] [3663:3663] [EM] >>> [E:59372r S:33717 M:260788146 (Ack:180852102)] (S) Msg RX from 1:000000000001B669 [12DB] to 0000000000000001 --- Type 0000:10 (SecureChannel:StandaloneAck) (B:34)[0m
[0;34m[1784654175.679] [3663:3663] [EM] Found matching exchange: 59372r, Delegate: (nil)[0m
[0;34m[1784654175.679] [3663:3663] [EM] Rxd Ack; Removing MessageCounter:180852102 from Retrans Table on exchange 59372r[0m
[0;34m[1784654175.679] [3663:3663] [IN] SecureSession[0x6252b4979ea0]: Released - Type:2 LSID:33717[0m
[0;32m[1784654175.979] [3663:3663] [EM] >>> [E:56733r S:0 M:8973652] (U) Msg RX from 0:E5FA8B596C1E0AD5 [0000] to 0000000000000000 --- Type 0000:30 (SecureChannel:CASE_Sigma1) (B:196)[0m
[0;34m[1784654175.979] [3663:3663] [EM] Handling via exchange: 56733r, Delegate: 0x6252ac74d5f8[0m
[0;32m[1784654175.980] [3663:3663] [IN] CASE Server received Sigma1 message . Starting handshake. EC 0x6252b49703f0[0m
[0;32m[1784654175.980] [3663:3663] [SC] Received Sigma1 msg[0m
[0;34m[1784654175.980] [3663:3663] [SC] Found MRP parameters in the message[0m
[0;34m[1784654175.980] [3663:3663] [SC] Peer (Initiator) assigned session ID 64366[0m
[0;32m[1784654175.980] [3663:3663] [SC] CASE matched destination ID: fabricIndex 1, NodeID 0x1122334455667788[0m
[0;32m[1784654175.981] [3663:3663] [EM] <<< [E:56733r S:0 M:85535816 (Ack:8973652)] (U) Msg TX from 0000000000000000 to 0:E5FA8B596C1E0AD5 [0000] [UDP:[fe80::bfe:a203:38f0:bce7%enp0s3]:59121] --- Type 0000:31 (SecureChannel:CASE_Sigma2) (B:544)[0m
[0;32m[1784654175.981] [3663:3663] [EM] ??1 [E:56733r S:0 M:85535816] (U) Msg Retransmission to 0:0000000000000000 scheduled for 348ms from now [State:Active II:500 AI:300 AT:4000][0m
[0;32m[1784654175.981] [3663:3663] [SC] Sent Sigma2 msg[0m
[0;32m[1784654175.983] [3663:3663] [EM] >>> [E:56733r S:0 M:8973653 (Ack:85535816)] (U) Msg RX from 0:E5FA8B596C1E0AD5 [0000] to 0000000000000000 --- Type 0000:32 (SecureChannel:CASE_Sigma3) (B:598)[0m
[0;34m[1784654175.983] [3663:3663] [EM] Found matching exchange: 56733r, Delegate: 0x6252ac74d630[0m
[0;34m[1784654175.983] [3663:3663] [EM] Rxd Ack; Removing MessageCounter:85535816 from Retrans Table on exchange 56733r[0m
[0;32m[1784654175.983] [3663:3663] [SC] Received Sigma3 msg[0m
[1;31m[1784654175.983] [3663:3663] [SC] The device does not support GetClock_RealTimeMS() API: src/protocols/secure_channel/CASESession.cpp:2276: CHIP Error 0x0000006C: Required feature not supported by this configuration.  Falling back to Last Known Good UTC Time[0m
[0;34m[1784654175.988] [3663:3663] [DL] Wrote settings to /tmp/chip_kvs_test[0m
[0;34m[1784654175.991] [3663:3663] [DL] Wrote settings to /tmp/chip_kvs_test[0m
[0;34m[1784654175.993] [3663:3663] [DL] Wrote settings to /tmp/chip_kvs_test[0m
[0;34m[1784654175.993] [3663:3663] [SC] Sending status report. Protocol code 0, exchange 56733[0m
[0;32m[1784654175.993] [3663:3663] [EM] <<< [E:56733r S:0 M:85535817 (Ack:8973653)] (U) Msg TX from 0000000000000000 to 0:E5FA8B596C1E0AD5 [0000] [UDP:[fe80::bfe:a203:38f0:bce7%enp0s3]:59121] --- Type 0000:40 (SecureChannel:StatusReport) (B:34)[0m
[0;32m[1784654175.993] [3663:3663] [EM] ??1 [E:56733r S:0 M:85535817] (U) Msg Retransmission to 0:0000000000000000 scheduled for 359ms from now [State:Active II:500 AI:300 AT:4000][0m
[0;32m[1784654175.993] [3663:3663] [SC] SecureSession[0x6252b497a8e0, LSID:33718]: State change 'kEstablishing' --> 'kActive'[0m
[0;34m[1784654175.993] [3663:3663] [IN] SecureSession[0x6252b497a8e0]: Activated - Type:2 LSID:33718[0m
[0;34m[1784654175.993] [3663:3663] [IN] New secure session activated for device <000000000001B669, 1>, LSID:33718 PSID:64366![0m
[0;32m[1784654175.993] [3663:3663] [IN] CASE Session established to peer: <000000000001B669, 1>[0m
[0;34m[1784654175.993] [3663:3663] [IN] SecureSession[0x6252b4979ea0]: Allocated Type:2 LSID:33719[0m
[0;34m[1784654175.993] [3663:3663] [SC] Allocated SecureSession (0x6252b4979ea0) - waiting for Sigma1 msg[0m
[0;32m[1784654175.995] [3663:3663] [EM] >>> [E:56734r S:33718 M:29814089] (S) Msg RX from 1:000000000001B669 [12DB] to 1122334455667788 --- Type 0001:02 (IM:ReadRequest) (B:51)[0m
[0;34m[1784654175.995] [3663:3663] [EM] Handling via exchange: 56734r, Delegate: 0x6252ac757ac8[0m
[0;34m[1784654175.995] [3663:3663] [IM] Received Read request[0m
[0;34m[1784654175.995] [3663:3663] [DMG] ReadRequestMessage =[0m
[0;34m[1784654175.995] [3663:3663] [DMG] {[0m
[0;34m[1784654175.995] [3663:3663] [DMG] 	AttributePathIBs =[0m
[0;34m[1784654175.995] [3663:3663] [DMG] 	[[0m
[0;34m[1784654175.995] [3663:3663] [DMG] 		AttributePathIB =[0m
[0;34m[1784654175.995] [3663:3663] [DMG] 		{[0m
[0;34m[1784654175.995] [3663:3663] [DMG] 			Endpoint = 0x0,[0m
[0;34m[1784654175.995] [3663:3663] [DMG] 			Cluster = 0x3e,[0m
[0;34m[1784654175.995] [3663:3663] [DMG] 			Attribute = 0x0000_0004,[0m
[0;34m[1784654175.995] [3663:3663] [DMG] 		}[0m
[0;34m[1784654175.995] [3663:3663] [DMG] 			[0m
[0;34m[1784654175.995] [3663:3663] [DMG] 	],[0m
[0;34m[1784654175.995] [3663:3663] [DMG] 		[0m
[0;34m[1784654175.995] [3663:3663] [DMG] 	isFabricFiltered = true, [0m
[0;34m[1784654175.995] [3663:3663] [DMG] 	InteractionModelRevision = 12[0m
[0;34m[1784654175.995] [3663:3663] [DMG] },[0m
[0;34m[1784654175.995] [3663:3663] [DMG] IM RH moving to [CanStartReporting][0m
[0;34m[1784654175.995] [3663:3663] [DMG] Building Reports for ReadHandler with LastReportGeneration = 0x0000000000000000 DirtyGeneration = 0x0000000000000000[0m
[0;34m[1784654175.995] [3663:3663] [DMG] <RE:Run> Cluster 3e, Attribute 4 is dirty[0m
[0;32m[1784654175.995] [3663:3663] [DMG] AccessControl: checking f=1 a=c s=0x000000000001B669 t= c=0x0000_003E e=0 p=v r=r[0m
[0;32m[1784654175.995] [3663:3663] [DMG] AccessControl: allowed[0m
[0;32m[1784654175.995] [3663:3663] [DMG] AccessControl: checking f=1 a=c s=0x000000000001B669 t= c=0x0000_003E e=0 p=v r=r[0m
[0;32m[1784654175.995] [3663:3663] [DMG] AccessControl: allowed[0m
[0;34m[1784654175.995] [3663:3663] [DMG] Reading attribute: Cluster=0x0000_003E Endpoint=0x0 AttributeId=0x0000_0004 (expanded=0)[0m
[0;34m[1784654175.995] [3663:3663] [DMG] <RE> Sending report (payload has 269 bytes)...[0m
[0;32m[1784654175.995] [3663:3663] [EM] <<< [E:56734r S:33718 M:56346493 (Ack:29814089)] (S) Msg TX from 1122334455667788 to 1:000000000001B669 [12DB] [UDP:[fe80::bfe:a203:38f0:bce7%enp0s3]:59121] --- Type 0001:05 (IM:ReportData) (B:303)[0m
[0;32m[1784654175.995] [3663:3663] [EM] ??1 [E:56734r S:33718 M:56346493] (S) Msg Retransmission to 1:000000000001B669 scheduled for 385ms from now [State:Active II:500 AI:300 AT:4000][0m
[0;34m[1784654175.995] [3663:3663] [DMG] <RE> OnReportConfirm: NumReports = 0[0m
[0;34m[1784654175.995] [3663:3663] [DMG] <RE> ReportsInFlight = 0 with readHandler 0, RE has no more messages[0m
[0;34m[1784654175.995] [3663:3663] [DMG] IM RH moving to [AwaitingDestruction][0m
[0;34m[1784654175.995] [3663:3663] [DMG] All ReadHandler-s are clean, clear GlobalDirtySet[0m
[0;32m[1784654175.995] [3663:3663] [EM] >>> [E:56733r S:0 M:8973654 (Ack:85535817)] (U) Msg RX from 0:E5FA8B596C1E0AD5 [0000] to 0000000000000000 --- Type 0000:10 (SecureChannel:StandaloneAck) (B:26)[0m
[0;34m[1784654175.995] [3663:3663] [EM] Found matching exchange: 56733r, Delegate: (nil)[0m
[0;34m[1784654175.995] [3663:3663] [EM] Rxd Ack; Removing MessageCounter:85535817 from Retrans Table on exchange 56733r[0m
[0;32m[1784654175.995] [3663:3663] [EM] >>> [E:56734r S:33718 M:29814090 (Ack:56346493)] (S) Msg RX from 1:000000000001B669 [12DB] to 1122334455667788 --- Type 0000:10 (SecureChannel:StandaloneAck) (B:34)[0m
[0;34m[1784654175.995] [3663:3663] [EM] Found matching exchange: 56734r, Delegate: (nil)[0m
[0;34m[1784654175.995] [3663:3663] [EM] Rxd Ack; Removing MessageCounter:56346493 from Retrans Table on exchange 56734r[0m
[0;34m[1784654176.009] [3663:3663] [ZCL] Emitting ShutDown event[0m
[0;34m[1784654176.009] [3663:3663] [EVL] LogEvent event number: 0x0000000000000005 priority: 2, endpoint id:  0x0 cluster id: 0x0000_0028 event id: 0x1 Epoch timestamp: 0x0000019F85AD9F09[0m
[0;34m[1784654176.009] [3663:3663] [DMG] All ReadHandler-s are clean, clear GlobalDirtySet[0m
[0;34m[1784654176.009] [3663:3663] [IN] SecureSession[0x6252b4979ea0]: Released - Type:2 LSID:33719[0m
[0;34m[1784654176.010] [3663:3663] [DMG] All ReadHandler-s are clean, clear GlobalDirtySet[0m
[0;34m[1784654176.010] [3663:3663] [IN] SecureSession[0x6252b497a8e0]: MarkForEviction Type:2 LSID:33718[0m
[0;32m[1784654176.010] [3663:3663] [SC] SecureSession[0x6252b497a8e0, LSID:33718]: State change 'kActive' --> 'kPendingEviction'[0m
[0;34m[1784654176.010] [3663:3663] [IN] SecureSession[0x6252b497a8e0]: Released - Type:2 LSID:33718[0m
[0;32m[1784654176.010] [3663:3663] [DMG] AccessControl: finishing[0m
[0;32m[1784654176.010] [3663:3663] [DMG] Examples::AccessControlDelegate::Finish[0m
[0;34m[1784654176.012] [3663:3663] [DL] Wrote settings to /tmp/chip_counters.ini[0m
[0;32m[1784654176.012] [3663:3663] [DL] NVS set: chip-counters/total-operational-hours = 0 (0x0)[0m
[0;32m[1784654176.012] [3663:3663] [DL] Inet Layer shutdown[0m
[0;32m[1784654176.012] [3663:3663] [DL] BLE Layer shutdown[0m
[0;32m[1784654176.012] [3663:3663] [DL] WiFi-PAF Layer shutdown[0m
[0;32m[1784654176.012] [3663:3663] [PAF] WiFiPAF: Closing all WiFiPAF sessions to shutdown[0m
[0;32m[1784654176.012] [3663:3663] [DL] System Layer shutdown[0m
[0;32m[1784654176.012] [3663:3663] [DMG] TLSClientManagementCluster: shutdown[0m
[0;32m[1784654176.012] [3663:3663] [DMG] TLSCertificateManagementCluster: shutdown[0m
[0;32m[1784654176.012] [3663:3663] [DMG] AccessControlCluster: shutdown[0m
[0;32m[1784654176.013] [3663:3663] [BDX] Stop polling for messages[0m
