[0;34m[1784655686.186] [8920:8920] [DL] ChipLinuxStorage::Init: Using KVS config file: /tmp/chip_tool_kvs[0m
[0;34m[1784655686.193] [8920:8920] [DL] Wrote settings to /tmp/chip_tool_kvs[0m
[1;31m[1784655686.193] [8920:8920] [DL] ChipLinuxStorage::Init: Attempt to re-initialize with KVS config file: /tmp/chip_kvs, IGNORING.[0m
[0;34m[1784655686.195] [8920:8920] [DL] ChipLinuxStorage::Init: Using KVS config file: /tmp/chip_factory.ini[0m
[0;34m[1784655686.195] [8920:8920] [DL] ChipLinuxStorage::Init: Using KVS config file: /tmp/chip_config.ini[0m
[0;34m[1784655686.195] [8920:8920] [DL] ChipLinuxStorage::Init: Using KVS config file: /tmp/chip_counters.ini[0m
[0;34m[1784655686.198] [8920:8920] [DL] Wrote settings to /tmp/chip_counters.ini[0m
[0;32m[1784655686.198] [8920:8920] [DL] NVS set: chip-counters/reboot-count = 2 (0x2)[0m
[0;32m[1784655686.198] [8920:8920] [DL] Got Ethernet interface: enp0s3[0m
[0;32m[1784655686.198] [8920:8920] [DL] Found the primary Ethernet interface:enp0s3[0m
[1;31m[1784655686.199] [8920:8920] [DL] Failed to get WiFi interface[0m
[1;31m[1784655686.199] [8920:8920] [DL] Failed to reset WiFi statistic counts[0m
[0;32m[1784655686.199] [8920:8920] [PAF] WiFiPAF: WiFiPAFLayer::Init()[0m
[0;34m[1784655686.199] [8920:8920] [IN] UDP::Init bind&listen port=0[0m
[0;34m[1784655686.199] [8920:8920] [IN] UDP::Init bound to port=54323[0m
[0;34m[1784655686.199] [8920:8920] [IN] UDP::Init bind&listen port=0[0m
[0;34m[1784655686.199] [8920:8920] [IN] UDP::Init bound to port=40352[0m
[0;34m[1784655686.199] [8920:8920] [IN] BLEBase::Init - setting/overriding transport[0m
[0;34m[1784655686.199] [8920:8920] [IN] WiFiPAFBase::Init - setting/overriding transport[0m
[0;34m[1784655686.199] [8920:8920] [IN] TransportMgr initialized[0m
[0;34m[1784655686.199] [8920:8920] [FP] Initializing FabricTable from persistent storage[0m
[0;32m[1784655686.199] [8920:8920] [TS] Last Known Good Time: [unknown][0m
[0;32m[1784655686.199] [8920:8920] [TS] Setting Last Known Good Time to firmware build time 2023-10-14T01:16:48[0m
[0;32m[1784655686.200] [8920:8920] [DMG] Ember attribute persistence requires setting up[0m
[0;32m[1784655686.200] [8920:8920] [ZCL] Using ZAP configuration...[0m
[0;34m[1784655686.200] [8920:8920] [CTL] System State Initialized...[0m
[0;32m[1784655686.200] [8920:8920] [CTL] Setting attestation nonce to random value[0m
[0;32m[1784655686.200] [8920:8920] [CTL] Setting CSR nonce to random value[0m
[0;34m[1784655686.201] [8920:8922] [DL] CHIP task running[0m
[0;32m[1784655686.201] [8920:8922] [CTL] Setting attestation nonce to random value[0m
[0;32m[1784655686.201] [8920:8922] [CTL] Setting CSR nonce to random value[0m
[0;32m[1784655686.201] [8920:8922] [CTL] Couldn't get ExampleOpCredsCAKey from storage: src/controller/ExamplePersistentStorage.cpp:112: CHIP Error 0x000000A0: Value not found in the persisted storage[0m
[0;32m[1784655686.202] [8920:8922] [CTL] Couldn't get ExampleOpCredsICAKey from storage: src/controller/ExamplePersistentStorage.cpp:112: CHIP Error 0x000000A0: Value not found in the persisted storage[0m
[0;32m[1784655686.203] [8920:8922] [CTL] Generating RCAC[0m
[0;32m[1784655686.204] [8920:8922] [CTL] Generating ICAC[0m
[0;32m[1784655686.204] [8920:8922] [CTL] Generating NOC[0m
[0;32m[1784655686.205] [8920:8922] [FP] Validating NOC chain[0m
[0;32m[1784655686.205] [8920:8922] [FP] NOC chain validation successful[0m
[0;32m[1784655686.205] [8920:8922] [FP] Added new fabric at index: 0x1[0m
[0;32m[1784655686.205] [8920:8922] [FP] Assigned compressed fabric ID: 0x5C4D4303B11E0A28, node ID: 0x000000000001B669[0m
[0;32m[1784655686.205] [8920:8922] [TS] Last Known Good Time: 2023-10-14T01:16:48[0m
[0;32m[1784655686.205] [8920:8922] [TS] New proposed Last Known Good Time: 2021-01-01T00:00:00[0m
[0;32m[1784655686.205] [8920:8922] [TS] Retaining current Last Known Good Time[0m
[0;32m[1784655686.206] [8920:8922] [FP] Metadata for Fabric 0x1 persisted to storage.[0m
[0;32m[1784655686.208] [8920:8922] [TS] Committing Last Known Good Time to storage: 2023-10-14T01:16:48[0m
[0;32m[1784655686.209] [8920:8922] [CTL] Joined the fabric at index 1. Fabric ID is 0x0000000000000001 (Compressed Fabric ID: 5C4D4303B11E0A28)[0m
[0;32m[1784655686.224] [8920:8922] [TOO] Discovered Device: fe80::bfe:a203:38f0:bce7:5540[0m
[0;34m[1784655686.224] [8920:8922] [IN] SecureSession[0x7b8ef4032f30]: Allocated Type:1 LSID:5258[0m
[0;34m[1784655686.224] [8920:8922] [SC] Assigned local session key ID 5258[0m
[0;32m[1784655686.224] [8920:8922] [EM] <<< [E:36715i S:0 M:169910322] (U) Msg TX from 59F53E8665889B81 to 0:0000000000000000 [0000] [UDP:[fe80::bfe:a203:38f0:bce7%enp0s3]:5540] --- Type 0000:20 (SecureChannel:PBKDFParamRequest) (B:98)[0m
[0;32m[1784655686.224] [8920:8922] [EM] ??1 [E:36715i S:0 M:169910322] (U) Msg Retransmission to 0:0000000000000000 scheduled for 404ms from now [State:Active II:500 AI:300 AT:4000][0m
[0;32m[1784655686.224] [8920:8922] [SC] Sent PBKDF param request [II:500ms AI:300ms AT:4000ms)[0m
[0;32m[1784655686.224] [8920:8922] [CTL] Setting attestation nonce to random value[0m
[0;32m[1784655686.224] [8920:8922] [CTL] Setting CSR nonce to random value[0m
[0;32m[1784655686.224] [8920:8922] [CTL] Commission called for node ID 0x0000000000000001[0m
[0;32m[1784655686.225] [8920:8922] [EM] >>> [E:36715i S:0 M:46623805 (Ack:169910322)] (U) Msg RX from 0:0000000000000000 [0000] to 59F53E8665889B81 --- Type 0000:21 (SecureChannel:PBKDFParamResponse) (B:174)[0m
[0;34m[1784655686.225] [8920:8922] [EM] Found matching exchange: 36715i, Delegate: 0x7b8ef4033e80[0m
[0;34m[1784655686.225] [8920:8922] [EM] Rxd Ack; Removing MessageCounter:169910322 from Retrans Table on exchange 36715i[0m
[0;34m[1784655686.225] [8920:8922] [SC] Received PBKDF param response[0m
[0;34m[1784655686.225] [8920:8922] [SC] Peer assigned session ID 30993[0m
[0;34m[1784655686.225] [8920:8922] [SC] Found MRP parameters in the message[0m
[0;32m[1784655686.226] [8920:8922] [EM] <<< [E:36715i S:0 M:169910323 (Ack:46623805)] (U) Msg TX from 59F53E8665889B81 to 0:0000000000000000 [0000] [UDP:[fe80::bfe:a203:38f0:bce7%enp0s3]:5540] --- Type 0000:22 (SecureChannel:PASE_Pake1) (B:96)[0m
[0;32m[1784655686.226] [8920:8922] [EM] ??1 [E:36715i S:0 M:169910323] (U) Msg Retransmission to 0:0000000000000000 scheduled for 337ms from now [State:Active II:500 AI:300 AT:4000][0m
[0;34m[1784655686.226] [8920:8922] [SC] Sent spake2p msg1[0m
[0;32m[1784655686.227] [8920:8922] [EM] >>> [E:36715i S:0 M:46623806 (Ack:169910323)] (U) Msg RX from 0:0000000000000000 [0000] to 59F53E8665889B81 --- Type 0000:23 (SecureChannel:PASE_Pake2) (B:131)[0m
[0;34m[1784655686.227] [8920:8922] [EM] Found matching exchange: 36715i, Delegate: 0x7b8ef4033e80[0m
[0;34m[1784655686.227] [8920:8922] [EM] Rxd Ack; Removing MessageCounter:169910323 from Retrans Table on exchange 36715i[0m
[0;34m[1784655686.227] [8920:8922] [SC] Received spake2p msg2[0m
[0;32m[1784655686.227] [8920:8922] [EM] <<< [E:36715i S:0 M:169910324 (Ack:46623806)] (U) Msg TX from 59F53E8665889B81 to 0:0000000000000000 [0000] [UDP:[fe80::bfe:a203:38f0:bce7%enp0s3]:5540] --- Type 0000:24 (SecureChannel:PASE_Pake3) (B:63)[0m
[0;32m[1784655686.227] [8920:8922] [EM] ??1 [E:36715i S:0 M:169910324] (U) Msg Retransmission to 0:0000000000000000 scheduled for 350ms from now [State:Active II:500 AI:300 AT:4000][0m
[0;34m[1784655686.227] [8920:8922] [SC] Sent spake2p msg3[0m
[0;32m[1784655686.227] [8920:8922] [EM] >>> [E:36715i S:0 M:46623807 (Ack:169910324)] (U) Msg RX from 0:0000000000000000 [0000] to 59F53E8665889B81 --- Type 0000:40 (SecureChannel:StatusReport) (B:34)[0m
[0;34m[1784655686.227] [8920:8922] [EM] Found matching exchange: 36715i, Delegate: 0x7b8ef4033e80[0m
[0;34m[1784655686.227] [8920:8922] [EM] Rxd Ack; Removing MessageCounter:169910324 from Retrans Table on exchange 36715i[0m
[0;32m[1784655686.227] [8920:8922] [SC] SecureSession[0x7b8ef4032f30, LSID:5258]: State change 'kEstablishing' --> 'kActive'[0m
[0;34m[1784655686.227] [8920:8922] [IN] SecureSession[0x7b8ef4032f30]: Activated - Type:1 LSID:5258[0m
[0;34m[1784655686.227] [8920:8922] [IN] New secure session activated for device <FFFFFFFB00000000, 0>, LSID:5258 PSID:30993![0m
[0;34m[1784655686.227] [8920:8922] [CTL] Remote device completed SPAKE2+ handshake[0m
[0;32m[1784655686.227] [8920:8922] [TOO] Pairing Success[0m
[0;32m[1784655686.227] [8920:8922] [TOO] PASE establishment successful[0m
[0;32m[1784655686.227] [8920:8922] [CTL] Commissioning stage next step: 'SecurePairing' -> 'ReadCommissioningInfo'[0m
[0;32m[1784655686.227] [8920:8922] [CTL] Performing next commissioning step 'ReadCommissioningInfo'[0m
[0;34m[1784655686.227] [8920:8922] [TOO] Starting commissioning stage 'ReadCommissioningInfo'[0m
[0;32m[1784655686.227] [8920:8922] [CTL] Sending read requests for commissioning information[0m
[0;34m[1784655686.227] [8920:8922] [DMG] SendReadRequest ReadClient[0x7b8ef4035210]: Sending Read Request[0m
[0;32m[1784655686.227] [8920:8922] [DMG] 0 data version filters provided, 0 not relevant, 0 encoded, 0 skipped due to lack of space[0m
[0;32m[1784655686.227] [8920:8922] [EM] <<< [E:36716i S:5258 M:261911573] (S) Msg TX from 0000000000000000 to 0:FFFFFFFB00000000 [0000] [UDP:[fe80::bfe:a203:38f0:bce7%enp0s3]:5540] --- Type 0001:02 (IM:ReadRequest) (B:136)[0m
[0;32m[1784655686.227] [8920:8922] [EM] ??1 [E:36716i S:5258 M:261911573] (S) Msg Retransmission to 0:FFFFFFFB00000000 scheduled for 359ms from now [State:Active II:500 AI:300 AT:4000][0m
[0;34m[1784655686.227] [8920:8922] [DMG] MoveToState ReadClient[0x7b8ef4035210]: Moving to [AwaitingIn][0m
[0;32m[1784655686.227] [8920:8922] [EM] <<< [E:36715i S:0 M:169910325 (Ack:46623807)] (U) Msg TX from 59F53E8665889B81 to 0:0000000000000000 [0000] [UDP:[fe80::bfe:a203:38f0:bce7%enp0s3]:5540] --- Type 0000:10 (SecureChannel:StandaloneAck) (B:26)[0m
[0;34m[1784655686.227] [8920:8922] [EM] Flushed pending ack for MessageCounter:46623807 on exchange 36715i[0m
[0;32m[1784655686.230] [8920:8922] [EM] >>> [E:36716i S:5258 M:189663841 (Ack:261911573)] (S) Msg RX from 0:FFFFFFFB00000000 [0000] to 0000000000000000 --- Type 0001:05 (IM:ReportData) (B:766)[0m
[0;34m[1784655686.230] [8920:8922] [EM] Found matching exchange: 36716i, Delegate: 0x7b8ef4035220[0m
[0;34m[1784655686.230] [8920:8922] [EM] Rxd Ack; Removing MessageCounter:261911573 from Retrans Table on exchange 36716i[0m
[0;34m[1784655686.230] [8920:8922] [DMG] ReportDataMessage =[0m
[0;34m[1784655686.230] [8920:8922] [DMG] {[0m
[0;34m[1784655686.230] [8920:8922] [DMG] 	AttributeReportIBs =[0m
[0;34m[1784655686.230] [8920:8922] [DMG] 	[[0m
[0;34m[1784655686.230] [8920:8922] [DMG] 		AttributeReportIB =[0m
[0;34m[1784655686.230] [8920:8922] [DMG] 		{[0m
[0;34m[1784655686.230] [8920:8922] [DMG] 			AttributeDataIB =[0m
[0;34m[1784655686.230] [8920:8922] [DMG] 			{[0m
[0;34m[1784655686.230] [8920:8922] [DMG] 				DataVersion = 0x424fa39d,[0m
[0;34m[1784655686.230] [8920:8922] [DMG] 				AttributePathIB =[0m
[0;34m[1784655686.230] [8920:8922] [DMG] 				{[0m
[0;34m[1784655686.230] [8920:8922] [DMG] 					Endpoint = 0x0,[0m
[0;34m[1784655686.230] [8920:8922] [DMG] 					Cluster = 0x38,[0m
[0;34m[1784655686.230] [8920:8922] [DMG] 					Attribute = 0x0000_0000,[0m
[0;34m[1784655686.230] [8920:8922] [DMG] 				}[0m
[0;34m[1784655686.230] [8920:8922] [DMG] 					[0m
[0;34m[1784655686.230] [8920:8922] [DMG] 				Data = 837970886229511 (unsigned), [0m
[0;34m[1784655686.230] [8920:8922] [DMG] 			},[0m
[0;34m[1784655686.230] [8920:8922] [DMG] 			[0m
[0;34m[1784655686.230] [8920:8922] [DMG] 		},[0m
[0;34m[1784655686.230] [8920:8922] [DMG] 		[0m
[0;34m[1784655686.230] [8920:8922] [DMG] 		AttributeReportIB =[0m
[0;34m[1784655686.230] [8920:8922] [DMG] 		{[0m
[0;34m[1784655686.230] [8920:8922] [DMG] 			AttributeDataIB =[0m
[0;34m[1784655686.230] [8920:8922] [DMG] 			{[0m
[0;34m[1784655686.230] [8920:8922] [DMG] 				DataVersion = 0x424fa39d,[0m
[0;34m[1784655686.230] [8920:8922] [DMG] 				AttributePathIB =[0m
[0;34m[1784655686.230] [8920:8922] [DMG] 				{[0m
[0;34m[1784655686.230] [8920:8922] [DMG] 					Endpoint = 0x0,[0m
[0;34m[1784655686.230] [8920:8922] [DMG] 					Cluster = 0x38,[0m
[0;34m[1784655686.230] [8920:8922] [DMG] 					Attribute = 0x0000_0001,[0m
[0;34m[1784655686.230] [8920:8922] [DMG] 				}[0m
[0;34m[1784655686.230] [8920:8922] [DMG] 					[0m
[0;34m[1784655686.230] [8920:8922] [DMG] 				Data = 3 (unsigned), [0m
[0;34m[1784655686.230] [8920:8922] [DMG] 			},[0m
[0;34m[1784655686.230] [8920:8922] [DMG] 			[0m
[0;34m[1784655686.230] [8920:8922] [DMG] 		},[0m
[0;34m[1784655686.230] [8920:8922] [DMG] 		[0m
[0;34m[1784655686.230] [8920:8922] [DMG] 		AttributeReportIB =[0m
[0;34m[1784655686.230] [8920:8922] [DMG] 		{[0m
[0;34m[1784655686.230] [8920:8922] [DMG] 			AttributeDataIB =[0m
[0;34m[1784655686.230] [8920:8922] [DMG] 			{[0m
[0;34m[1784655686.230] [8920:8922] [DMG] 				DataVersion = 0x424fa39d,[0m
[0;34m[1784655686.230] [8920:8922] [DMG] 				AttributePathIB =[0m
[0;34m[1784655686.230] [8920:8922] [DMG] 				{[0m
[0;34m[1784655686.230] [8920:8922] [DMG] 					Endpoint = 0x0,[0m
[0;34m[1784655686.230] [8920:8922] [DMG] 					Cluster = 0x38,[0m
[0;34m[1784655686.230] [8920:8922] [DMG] 					Attribute = 0x0000_0002,[0m
[0;34m[1784655686.230] [8920:8922] [DMG] 				}[0m
[0;34m[1784655686.230] [8920:8922] [DMG] 					[0m
[0;34m[1784655686.230] [8920:8922] [DMG] 				Data = 8 (unsigned), [0m
[0;34m[1784655686.230] [8920:8922] [DMG] 			},[0m
[0;34m[1784655686.230] [8920:8922] [DMG] 			[0m
[0;34m[1784655686.230] [8920:8922] [DMG] 		},[0m
[0;34m[1784655686.230] [8920:8922] [DMG] 		[0m
[0;34m[1784655686.230] [8920:8922] [DMG] 		AttributeReportIB =[0m
[0;34m[1784655686.230] [8920:8922] [DMG] 		{[0m
[0;34m[1784655686.230] [8920:8922] [DMG] 			AttributeDataIB =[0m
[0;34m[1784655686.230] [8920:8922] [DMG] 			{[0m
[0;34m[1784655686.230] [8920:8922] [DMG] 				DataVersion = 0x424fa39d,[0m
[0;34m[1784655686.230] [8920:8922] [DMG] 				AttributePathIB =[0m
[0;34m[1784655686.230] [8920:8922] [DMG] 				{[0m
[0;34m[1784655686.230] [8920:8922] [DMG] 					Endpoint = 0x0,[0m
[0;34m[1784655686.230] [8920:8922] [DMG] 					Cluster = 0x38,[0m
[0;34m[1784655686.230] [8920:8922] [DMG] 					Attribute = 0x0000_0003,[0m
[0;34m[1784655686.230] [8920:8922] [DMG] 				}[0m
[0;34m[1784655686.230] [8920:8922] [DMG] 					[0m
[0;34m[1784655686.230] [8920:8922] [DMG] 				Data = NULL[0m
[0;34m[1784655686.230] [8920:8922] [DMG] 			},[0m
[0;34m[1784655686.230] [8920:8922] [DMG] 			[0m
[0;34m[1784655686.230] [8920:8922] [DMG] 		},[0m
[0;34m[1784655686.230] [8920:8922] [DMG] 		[0m
[0;34m[1784655686.230] [8920:8922] [DMG] 		AttributeReportIB =[0m
[0;34m[1784655686.230] [8920:8922] [DMG] 		{[0m
[0;34m[1784655686.230] [8920:8922] [DMG] 			AttributeDataIB =[0m
[0;34m[1784655686.230] [8920:8922] [DMG] 			{[0m
[0;34m[1784655686.230] [8920:8922] [DMG] 				DataVersion = 0x424fa39d,[0m
[0;34m[1784655686.230] [8920:8922] [DMG] 				AttributePathIB =[0m
[0;34m[1784655686.230] [8920:8922] [DMG] 				{[0m
[0;34m[1784655686.230] [8920:8922] [DMG] 					Endpoint = 0x0,[0m
[0;34m[1784655686.230] [8920:8922] [DMG] 					Cluster = 0x38,[0m
[0;34m[1784655686.230] [8920:8922] [DMG] 					Attribute = 0x0000_0004,[0m
[0;34m[1784655686.230] [8920:8922] [DMG] 				}[0m
[0;34m[1784655686.230] [8920:8922] [DMG] 					[0m
[0;34m[1784655686.230] [8920:8922] [DMG] 				Data = NULL[0m
[0;34m[1784655686.230] [8920:8922] [DMG] 			},[0m
[0;34m[1784655686.230] [8920:8922] [DMG] 			[0m
[0;34m[1784655686.230] [8920:8922] [DMG] 		},[0m
[0;34m[1784655686.230] [8920:8922] [DMG] 		[0m
[0;34m[1784655686.230] [8920:8922] [DMG] 		AttributeReportIB =[0m
[0;34m[1784655686.230] [8920:8922] [DMG] 		{[0m
[0;34m[1784655686.230] [8920:8922] [DMG] 			AttributeDataIB =[0m
[0;34m[1784655686.230] [8920:8922] [DMG] 			{[0m
[0;34m[1784655686.230] [8920:8922] [DMG] 				DataVersion = 0x424fa39d,[0m
[0;34m[1784655686.230] [8920:8922] [DMG] 				AttributePathIB =[0m
[0;34m[1784655686.230] [8920:8922] [DMG] 				{[0m
[0;34m[1784655686.230] [8920:8922] [DMG] 					Endpoint = 0x0,[0m
[0;34m[1784655686.230] [8920:8922] [DMG] 					Cluster = 0x38,[0m
[0;34m[1784655686.230] [8920:8922] [DMG] 					Attribute = 0x0000_0005,[0m
[0;34m[1784655686.230] [8920:8922] [DMG] 				}[0m
[0;34m[1784655686.230] [8920:8922] [DMG] 					[0m
[0;34m[1784655686.230] [8920:8922] [DMG] 				Data = [[0m
[0;34m[1784655686.230] [8920:8922] [DMG] 						[0m
[0;34m[1784655686.230] [8920:8922] [DMG] 					{[0m
[0;34m[1784655686.230] [8920:8922] [DMG] 						0x0 = 0 (signed), [0m
[0;34m[1784655686.230] [8920:8922] [DMG] 						0x1 = 0 (unsigned), [0m
[0;34m[1784655686.230] [8920:8922] [DMG] 					},[0m
[0;34m[1784655686.230] [8920:8922] [DMG] 				],[0m
[0;34m[1784655686.230] [8920:8922] [DMG] 			},[0m
[0;34m[1784655686.230] [8920:8922] [DMG] 			[0m
[0;34m[1784655686.230] [8920:8922] [DMG] 		},[0m
[0;34m[1784655686.230] [8920:8922] [DMG] 		[0m
[0;34m[1784655686.230] [8920:8922] [DMG] 		AttributeReportIB =[0m
[0;34m[1784655686.230] [8920:8922] [DMG] 		{[0m
[0;34m[1784655686.230] [8920:8922] [DMG] 			AttributeDataIB =[0m
[0;34m[1784655686.230] [8920:8922] [DMG] 			{[0m
[0;34m[1784655686.230] [8920:8922] [DMG] 				DataVersion = 0x424fa39d,[0m
[0;34m[1784655686.230] [8920:8922] [DMG] 				AttributePathIB =[0m
[0;34m[1784655686.230] [8920:8922] [DMG] 				{[0m
[0;34m[1784655686.230] [8920:8922] [DMG] 					Endpoint = 0x0,[0m
[0;34m[1784655686.230] [8920:8922] [DMG] 					Cluster = 0x38,[0m
[0;34m[1784655686.230] [8920:8922] [DMG] 					Attribute = 0x0000_0006,[0m
[0;34m[1784655686.230] [8920:8922] [DMG] 				}[0m
[0;34m[1784655686.230] [8920:8922] [DMG] 					[0m
[0;34m[1784655686.230] [8920:8922] [DMG] 				Data = [[0m
[0;34m[1784655686.230] [8920:8922] [DMG] 						[0m
[0;34m[1784655686.230] [8920:8922] [DMG] 				],[0m
[0;34m[1784655686.230] [8920:8922] [DMG] 			},[0m
[0;34m[1784655686.230] [8920:8922] [DMG] 			[0m
[0;34m[1784655686.230] [8920:8922] [DMG] 		},[0m
[0;34m[1784655686.230] [8920:8922] [DMG] 		[0m
[0;34m[1784655686.230] [8920:8922] [DMG] 		AttributeReportIB =[0m
[0;34m[1784655686.230] [8920:8922] [DMG] 		{[0m
[0;34m[1784655686.230] [8920:8922] [DMG] 			AttributeDataIB =[0m
[0;34m[1784655686.230] [8920:8922] [DMG] 			{[0m
[0;34m[1784655686.230] [8920:8922] [DMG] 				DataVersion = 0x424fa39d,[0m
[0;34m[1784655686.230] [8920:8922] [DMG] 				AttributePathIB =[0m
[0;34m[1784655686.230] [8920:8922] [DMG] 				{[0m
[0;34m[1784655686.230] [8920:8922] [DMG] 					Endpoint = 0x0,[0m
[0;34m[1784655686.230] [8920:8922] [DMG] 					Cluster = 0x38,[0m
[0;34m[1784655686.230] [8920:8922] [DMG] 					Attribute = 0x0000_0007,[0m
[0;34m[1784655686.230] [8920:8922] [DMG] 				}[0m
[0;34m[1784655686.230] [8920:8922] [DMG] 					[0m
[0;34m[1784655686.230] [8920:8922] [DMG] 				Data = NULL[0m
[0;34m[1784655686.230] [8920:8922] [DMG] 			},[0m
[0;34m[1784655686.230] [8920:8922] [DMG] 			[0m
[0;34m[1784655686.230] [8920:8922] [DMG] 		},[0m
[0;34m[1784655686.230] [8920:8922] [DMG] 		[0m
[0;34m[1784655686.230] [8920:8922] [DMG] 		AttributeReportIB =[0m
[0;34m[1784655686.230] [8920:8922] [DMG] 		{[0m
[0;34m[1784655686.230] [8920:8922] [DMG] 			AttributeDataIB =[0m
[0;34m[1784655686.230] [8920:8922] [DMG] 			{[0m
[0;34m[1784655686.230] [8920:8922] [DMG] 				DataVersion = 0x424fa39d,[0m
[0;34m[1784655686.230] [8920:8922] [DMG] 				AttributePathIB =[0m
[0;34m[1784655686.230] [8920:8922] [DMG] 				{[0m
[0;34m[1784655686.230] [8920:8922] [DMG] 					Endpoint = 0x0,[0m
[0;34m[1784655686.230] [8920:8922] [DMG] 					Cluster = 0x38,[0m
[0;34m[1784655686.230] [8920:8922] [DMG] 					Attribute = 0x0000_0008,[0m
[0;34m[1784655686.230] [8920:8922] [DMG] 				}[0m
[0;34m[1784655686.230] [8920:8922] [DMG] 					[0m
[0;34m[1784655686.230] [8920:8922] [DMG] 				Data = 0 (unsigned), [0m
[0;34m[1784655686.230] [8920:8922] [DMG] 			},[0m
[0;34m[1784655686.230] [8920:8922] [DMG] 			[0m
[0;34m[1784655686.230] [8920:8922] [DMG] 		},[0m
[0;34m[1784655686.230] [8920:8922] [DMG] 		[0m
[0;34m[1784655686.230] [8920:8922] [DMG] 		AttributeReportIB =[0m
[0;34m[1784655686.230] [8920:8922] [DMG] 		{[0m
[0;34m[1784655686.230] [8920:8922] [DMG] 			AttributeDataIB =[0m
[0;34m[1784655686.230] [8920:8922] [DMG] 			{[0m
[0;34m[1784655686.230] [8920:8922] [DMG] 				DataVersion = 0x424fa39d,[0m
[0;34m[1784655686.230] [8920:8922] [DMG] 				AttributePathIB =[0m
[0;34m[1784655686.230] [8920:8922] [DMG] 				{[0m
[0;34m[1784655686.230] [8920:8922] [DMG] 					Endpoint = 0x0,[0m
[0;34m[1784655686.230] [8920:8922] [DMG] 					Cluster = 0x38,[0m
[0;34m[1784655686.230] [8920:8922] [DMG] 					Attribute = 0x0000_000A,[0m
[0;34m[1784655686.230] [8920:8922] [DMG] 				}[0m
[0;34m[1784655686.230] [8920:8922] [DMG] 					[0m
[0;34m[1784655686.230] [8920:8922] [DMG] 				Data = 2 (unsigned), [0m
[0;34m[1784655686.230] [8920:8922] [DMG] 			},[0m
[0;34m[1784655686.230] [8920:8922] [DMG] 			[0m
[0;34m[1784655686.230] [8920:8922] [DMG] 		},[0m
[0;34m[1784655686.230] [8920:8922] [DMG] 		[0m
[0;34m[1784655686.230] [8920:8922] [DMG] 		AttributeReportIB =[0m
[0;34m[1784655686.230] [8920:8922] [DMG] 		{[0m
[0;34m[1784655686.230] [8920:8922] [DMG] 			AttributeDataIB =[0m
[0;34m[1784655686.230] [8920:8922] [DMG] 			{[0m
[0;34m[1784655686.230] [8920:8922] [DMG] 				DataVersion = 0x424fa39d,[0m
[0;34m[1784655686.230] [8920:8922] [DMG] 				AttributePathIB =[0m
[0;34m[1784655686.230] [8920:8922] [DMG] 				{[0m
[0;34m[1784655686.230] [8920:8922] [DMG] 					Endpoint = 0x0,[0m
[0;34m[1784655686.230] [8920:8922] [DMG] 					Cluster = 0x38,[0m
[0;34m[1784655686.230] [8920:8922] [DMG] 					Attribute = 0x0000_000B,[0m
[0;34m[1784655686.230] [8920:8922] [DMG] 				}[0m
[0;34m[1784655686.230] [8920:8922] [DMG] 					[0m
[0;34m[1784655686.230] [8920:8922] [DMG] 				Data = 2 (unsigned), [0m
[0;34m[1784655686.230] [8920:8922] [DMG] 			},[0m
[0;34m[1784655686.230] [8920:8922] [DMG] 			[0m
[0;34m[1784655686.230] [8920:8922] [DMG] 		},[0m
[0;34m[1784655686.230] [8920:8922] [DMG] 		[0m
[0;34m[1784655686.230] [8920:8922] [DMG] 		AttributeReportIB =[0m
[0;34m[1784655686.230] [8920:8922] [DMG] 		{[0m
[0;34m[1784655686.230] [8920:8922] [DMG] 			AttributeDataIB =[0m
[0;34m[1784655686.230] [8920:8922] [DMG] 			{[0m
[0;34m[1784655686.230] [8920:8922] [DMG] 				DataVersion = 0x424fa39d,[0m
[0;34m[1784655686.230] [8920:8922] [DMG] 				AttributePathIB =[0m
[0;34m[1784655686.230] [8920:8922] [DMG] 				{[0m
[0;34m[1784655686.230] [8920:8922] [DMG] 					Endpoint = 0x0,[0m
[0;34m[1784655686.230] [8920:8922] [DMG] 					Cluster = 0x38,[0m
[0;34m[1784655686.230] [8920:8922] [DMG] 					Attribute = 0x0000_000C,[0m
[0;34m[1784655686.230] [8920:8922] [DMG] 				}[0m
[0;34m[1784655686.230] [8920:8922] [DMG] 					[0m
[0;34m[1784655686.230] [8920:8922] [DMG] 				Data = true, [0m
[0;34m[1784655686.230] [8920:8922] [DMG] 			},[0m
[0;34m[1784655686.230] [8920:8922] [DMG] 			[0m
[0;34m[1784655686.230] [8920:8922] [DMG] 		},[0m
[0;34m[1784655686.230] [8920:8922] [DMG] 		[0m
[0;34m[1784655686.230] [8920:8922] [DMG] 		AttributeReportIB =[0m
[0;34m[1784655686.230] [8920:8922] [DMG] 		{[0m
[0;34m[1784655686.230] [8920:8922] [DMG] 			AttributeDataIB =[0m
[0;34m[1784655686.230] [8920:8922] [DMG] 			{[0m
[0;34m[1784655686.230] [8920:8922] [DMG] 				DataVersion = 0x424fa39d,[0m
[0;34m[1784655686.230] [8920:8922] [DMG] 				AttributePathIB =[0m
[0;34m[1784655686.230] [8920:8922] [DMG] 				{[0m
[0;34m[1784655686.230] [8920:8922] [DMG] 					Endpoint = 0x0,[0m
[0;34m[1784655686.230] [8920:8922] [DMG] 					Cluster = 0x38,[0m
[0;34m[1784655686.230] [8920:8922] [DMG] 					Attribute = 0x0000_FFFC,[0m
[0;34m[1784655686.230] [8920:8922] [DMG] 				}[0m
[0;34m[1784655686.230] [8920:8922] [DMG] 					[0m
[0;34m[1784655686.230] [8920:8922] [DMG] 				Data = 11 (unsigned), [0m
[0;34m[1784655686.230] [8920:8922] [DMG] 			},[0m
[0;34m[1784655686.230] [8920:8922] [DMG] 			[0m
[0;34m[1784655686.230] [8920:8922] [DMG] 		},[0m
[0;34m[1784655686.230] [8920:8922] [DMG] 		[0m
[0;34m[1784655686.230] [8920:8922] [DMG] 		AttributeReportIB =[0m
[0;34m[1784655686.230] [8920:8922] [DMG] 		{[0m
[0;34m[1784655686.230] [8920:8922] [DMG] 			AttributeDataIB =[0m
[0;34m[1784655686.230] [8920:8922] [DMG] 			{[0m
[0;34m[1784655686.230] [8920:8922] [DMG] 				DataVersion = 0x424fa39d,[0m
[0;34m[1784655686.230] [8920:8922] [DMG] 				AttributePathIB =[0m
[0;34m[1784655686.230] [8920:8922] [DMG] 				{[0m
[0;34m[1784655686.230] [8920:8922] [DMG] 					Endpoint = 0x0,[0m
[0;34m[1784655686.230] [8920:8922] [DMG] 					Cluster = 0x38,[0m
[0;34m[1784655686.230] [8920:8922] [DMG] 					Attribute = 0x0000_FFFD,[0m
[0;34m[1784655686.230] [8920:8922] [DMG] 				}[0m
[0;34m[1784655686.230] [8920:8922] [DMG] 					[0m
[0;34m[1784655686.230] [8920:8922] [DMG] 				Data = 2 (unsigned), [0m
[0;34m[1784655686.230] [8920:8922] [DMG] 			},[0m
[0;34m[1784655686.230] [8920:8922] [DMG] 			[0m
[0;34m[1784655686.230] [8920:8922] [DMG] 		},[0m
[0;34m[1784655686.230] [8920:8922] [DMG] 		[0m
[0;34m[1784655686.230] [8920:8922] [DMG] 		AttributeReportIB =[0m
[0;34m[1784655686.230] [8920:8922] [DMG] 		{[0m
[0;34m[1784655686.230] [8920:8922] [DMG] 			AttributeDataIB =[0m
[0;34m[1784655686.230] [8920:8922] [DMG] 			{[0m
[0;34m[1784655686.230] [8920:8922] [DMG] 				DataVersion = 0x424fa39d,[0m
[0;34m[1784655686.230] [8920:8922] [DMG] 				AttributePathIB =[0m
[0;34m[1784655686.230] [8920:8922] [DMG] 				{[0m
[0;34m[1784655686.230] [8920:8922] [DMG] 					Endpoint = 0x0,[0m
[0;34m[1784655686.230] [8920:8922] [DMG] 					Cluster = 0x38,[0m
[0;34m[1784655686.230] [8920:8922] [DMG] 					Attribute = 0x0000_FFF8,[0m
[0;34m[1784655686.230] [8920:8922] [DMG] 				}[0m
[0;34m[1784655686.230] [8920:8922] [DMG] 					[0m
[0;34m[1784655686.230] [8920:8922] [DMG] 				Data = [[0m
[0;34m[1784655686.230] [8920:8922] [DMG] 						3 (unsigned), [0m
[0;34m[1784655686.230] [8920:8922] [DMG] 				],[0m
[0;34m[1784655686.230] [8920:8922] [DMG] 			},[0m
[0;34m[1784655686.230] [8920:8922] [DMG] 			[0m
[0;34m[1784655686.230] [8920:8922] [DMG] 		},[0m
[0;34m[1784655686.230] [8920:8922] [DMG] 		[0m
[0;34m[1784655686.230] [8920:8922] [DMG] 		AttributeReportIB =[0m
[0;34m[1784655686.230] [8920:8922] [DMG] 		{[0m
[0;34m[1784655686.230] [8920:8922] [DMG] 			AttributeDataIB =[0m
[0;34m[1784655686.230] [8920:8922] [DMG] 			{[0m
[0;34m[1784655686.230] [8920:8922] [DMG] 				DataVersion = 0x424fa39d,[0m
[0;34m[1784655686.230] [8920:8922] [DMG] 				AttributePathIB =[0m
[0;34m[1784655686.230] [8920:8922] [DMG] 				{[0m
[0;34m[1784655686.230] [8920:8922] [DMG] 					Endpoint = 0x0,[0m
[0;34m[1784655686.230] [8920:8922] [DMG] 					Cluster = 0x38,[0m
[0;34m[1784655686.230] [8920:8922] [DMG] 					Attribute = 0x0000_FFF9,[0m
[0;34m[1784655686.230] [8920:8922] [DMG] 				}[0m
[0;34m[1784655686.230] [8920:8922] [DMG] 					[0m
[0;34m[1784655686.230] [8920:8922] [DMG] 				Data = [[0m
[0;34m[1784655686.230] [8920:8922] [DMG] 						0 (unsigned), 1 (unsigned), 2 (unsigned), 4 (unsigned), 5 (unsigned), [0m
[0;34m[1784655686.230] [8920:8922] [DMG] 				],[0m
[0;34m[1784655686.230] [8920:8922] [DMG] 			},[0m
[0;34m[1784655686.230] [8920:8922] [DMG] 			[0m
[0;34m[1784655686.230] [8920:8922] [DMG] 		},[0m
[0;34m[1784655686.230] [8920:8922] [DMG] 		[0m
[0;34m[1784655686.230] [8920:8922] [DMG] 		AttributeReportIB =[0m
[0;34m[1784655686.230] [8920:8922] [DMG] 		{[0m
[0;34m[1784655686.230] [8920:8922] [DMG] 			AttributeDataIB =[0m
[0;34m[1784655686.230] [8920:8922] [DMG] 			{[0m
[0;34m[1784655686.230] [8920:8922] [DMG] 				DataVersion = 0x424fa39d,[0m
[0;34m[1784655686.230] [8920:8922] [DMG] 				AttributePathIB =[0m
[0;34m[1784655686.230] [8920:8922] [DMG] 				{[0m
[0;34m[1784655686.230] [8920:8922] [DMG] 					Endpoint = 0x0,[0m
[0;34m[1784655686.230] [8920:8922] [DMG] 					Cluster = 0x38,[0m
[0;34m[1784655686.230] [8920:8922] [DMG] 					Attribute = 0x0000_FFFB,[0m
[0;34m[1784655686.230] [8920:8922] [DMG] 				}[0m
[0;34m[1784655686.230] [8920:8922] [DMG] 					[0m
[0;34m[1784655686.230] [8920:8922] [DMG] 				Data = [[0m
[0;34m[1784655686.230] [8920:8922] [DMG] 						0 (unsigned), 1 (unsigned), 2 (unsigned), 3 (unsigned), 4 (unsigned), 5 (unsigned), 6 (unsigned), 7 (unsigned), 8 (unsigned), 10 (unsigned), 11 (unsigned), 12 (unsigned), 65532 (unsigned), 65533 (unsigned), 65528 (unsigned), 65529 (unsigned), 65531 (unsigned), [0m
[0;34m[1784655686.230] [8920:8922] [DMG] 				],[0m
[0;34m[1784655686.230] [8920:8922] [DMG] 			},[0m
[0;34m[1784655686.230] [8920:8922] [DMG] 			[0m
[0;34m[1784655686.230] [8920:8922] [DMG] 		},[0m
[0;34m[1784655686.230] [8920:8922] [DMG] 		[0m
[0;34m[1784655686.230] [8920:8922] [DMG] 		AttributeReportIB =[0m
[0;34m[1784655686.230] [8920:8922] [DMG] 		{[0m
[0;34m[1784655686.230] [8920:8922] [DMG] 			AttributeDataIB =[0m
[0;34m[1784655686.230] [8920:8922] [DMG] 			{[0m
[0;34m[1784655686.230] [8920:8922] [DMG] 				DataVersion = 0xdbcf5a52,[0m
[0;34m[1784655686.230] [8920:8922] [DMG] 				AttributePathIB =[0m
[0;34m[1784655686.230] [8920:8922] [DMG] 				{[0m
[0;34m[1784655686.230] [8920:8922] [DMG] 					Endpoint = 0x0,[0m
[0;34m[1784655686.230] [8920:8922] [DMG] 					Cluster = 0x28,[0m
[0;34m[1784655686.230] [8920:8922] [DMG] 					Attribute = 0x0000_0004,[0m
[0;34m[1784655686.230] [8920:8922] [DMG] 				}[0m
[0;34m[1784655686.230] [8920:8922] [DMG] 					[0m
[0;34m[1784655686.230] [8920:8922] [DMG] 				Data = 32769 (unsigned), [0m
[0;34m[1784655686.230] [8920:8922] [DMG] 			},[0m
[0;34m[1784655686.230] [8920:8922] [DMG] 			[0m
[0;34m[1784655686.230] [8920:8922] [DMG] 		},[0m
[0;34m[1784655686.230] [8920:8922] [DMG] 		[0m
[0;34m[1784655686.230] [8920:8922] [DMG] 		AttributeReportIB =[0m
[0;34m[1784655686.230] [8920:8922] [DMG] 		{[0m
[0;34m[1784655686.230] [8920:8922] [DMG] 			AttributeDataIB =[0m
[0;34m[1784655686.230] [8920:8922] [DMG] 			{[0m
[0;34m[1784655686.230] [8920:8922] [DMG] 				DataVersion = 0xdbcf5a52,[0m
[0;34m[1784655686.230] [8920:8922] [DMG] 				AttributePathIB =[0m
[0;34m[1784655686.230] [8920:8922] [DMG] 				{[0m
[0;34m[1784655686.230] [8920:8922] [DMG] 					Endpoint = 0x0,[0m
[0;34m[1784655686.230] [8920:8922] [DMG] 					Cluster = 0x28,[0m
[0;34m[1784655686.230] [8920:8922] [DMG] 					Attribute = 0x0000_0002,[0m
[0;34m[1784655686.230] [8920:8922] [DMG] 				}[0m
[0;34m[1784655686.230] [8920:8922] [DMG] 					[0m
[0;34m[1784655686.230] [8920:8922] [DMG] 				Data = 65521 (unsigned), [0m
[0;34m[1784655686.230] [8920:8922] [DMG] 			},[0m
[0;34m[1784655686.230] [8920:8922] [DMG] 			[0m
[0;34m[1784655686.230] [8920:8922] [DMG] 		},[0m
[0;34m[1784655686.231] [8920:8922] [DMG] 		[0m
[0;34m[1784655686.231] [8920:8922] [DMG] 		AttributeReportIB =[0m
[0;34m[1784655686.231] [8920:8922] [DMG] 		{[0m
[0;34m[1784655686.231] [8920:8922] [DMG] 			AttributeStatusIB =[0m
[0;34m[1784655686.231] [8920:8922] [DMG] 			{[0m
[0;34m[1784655686.231] [8920:8922] [DMG] 				AttributePathIB =[0m
[0;34m[1784655686.231] [8920:8922] [DMG] 				{[0m
[0;34m[1784655686.231] [8920:8922] [DMG] 					Endpoint = 0x0,[0m
[0;34m[1784655686.231] [8920:8922] [DMG] 					Cluster = 0x30,[0m
[0;34m[1784655686.231] [8920:8922] [DMG] 					Attribute = 0x0000_000C,[0m
[0;34m[1784655686.231] [8920:8922] [DMG] 				}[0m
[0;34m[1784655686.231] [8920:8922] [DMG] 					[0m
[0;34m[1784655686.231] [8920:8922] [DMG] 				StatusIB =[0m
[0;34m[1784655686.231] [8920:8922] [DMG] 				{[0m
[0;34m[1784655686.231] [8920:8922] [DMG] 					status = 0x86 (UNSUPPORTED_ATTRIBUTE),[0m
[0;34m[1784655686.231] [8920:8922] [DMG] 				},[0m
[0;34m[1784655686.231] [8920:8922] [DMG] 				[0m
[0;34m[1784655686.231] [8920:8922] [DMG] 			},[0m
[0;34m[1784655686.231] [8920:8922] [DMG] 			[0m
[0;34m[1784655686.231] [8920:8922] [DMG] 		},[0m
[0;34m[1784655686.231] [8920:8922] [DMG] 		[0m
[0;34m[1784655686.231] [8920:8922] [DMG] 		AttributeReportIB =[0m
[0;34m[1784655686.231] [8920:8922] [DMG] 		{[0m
[0;34m[1784655686.231] [8920:8922] [DMG] 			AttributeDataIB =[0m
[0;34m[1784655686.231] [8920:8922] [DMG] 			{[0m
[0;34m[1784655686.231] [8920:8922] [DMG] 				DataVersion = 0x57c200f8,[0m
[0;34m[1784655686.231] [8920:8922] [DMG] 				AttributePathIB =[0m
[0;34m[1784655686.231] [8920:8922] [DMG] 				{[0m
[0;34m[1784655686.231] [8920:8922] [DMG] 					Endpoint = 0x0,[0m
[0;34m[1784655686.231] [8920:8922] [DMG] 					Cluster = 0x30,[0m
[0;34m[1784655686.231] [8920:8922] [DMG] 					Attribute = 0x0000_0003,[0m
[0;34m[1784655686.231] [8920:8922] [DMG] 				}[0m
[0;34m[1784655686.231] [8920:8922] [DMG] 					[0m
[0;34m[1784655686.231] [8920:8922] [DMG] 				Data = 2 (unsigned), [0m
[0;34m[1784655686.231] [8920:8922] [DMG] 			},[0m
[0;34m[1784655686.231] [8920:8922] [DMG] 			[0m
[0;34m[1784655686.231] [8920:8922] [DMG] 		},[0m
[0;34m[1784655686.231] [8920:8922] [DMG] 		[0m
[0;34m[1784655686.231] [8920:8922] [DMG] 		AttributeReportIB =[0m
[0;34m[1784655686.231] [8920:8922] [DMG] 		{[0m
[0;34m[1784655686.231] [8920:8922] [DMG] 			AttributeDataIB =[0m
[0;34m[1784655686.231] [8920:8922] [DMG] 			{[0m
[0;34m[1784655686.231] [8920:8922] [DMG] 				DataVersion = 0x57c200f8,[0m
[0;34m[1784655686.231] [8920:8922] [DMG] 				AttributePathIB =[0m
[0;34m[1784655686.231] [8920:8922] [DMG] 				{[0m
[0;34m[1784655686.231] [8920:8922] [DMG] 					Endpoint = 0x0,[0m
[0;34m[1784655686.231] [8920:8922] [DMG] 					Cluster = 0x30,[0m
[0;34m[1784655686.231] [8920:8922] [DMG] 					Attribute = 0x0000_0002,[0m
[0;34m[1784655686.231] [8920:8922] [DMG] 				}[0m
[0;34m[1784655686.231] [8920:8922] [DMG] 					[0m
[0;34m[1784655686.231] [8920:8922] [DMG] 				Data = 0 (unsigned), [0m
[0;34m[1784655686.231] [8920:8922] [DMG] 			},[0m
[0;34m[1784655686.231] [8920:8922] [DMG] 			[0m
[0;34m[1784655686.231] [8920:8922] [DMG] 		},[0m
[0;34m[1784655686.231] [8920:8922] [DMG] 		[0m
[0;34m[1784655686.231] [8920:8922] [DMG] 		AttributeReportIB =[0m
[0;34m[1784655686.231] [8920:8922] [DMG] 		{[0m
[0;34m[1784655686.231] [8920:8922] [DMG] 			AttributeDataIB =[0m
[0;34m[1784655686.231] [8920:8922] [DMG] 			{[0m
[0;34m[1784655686.231] [8920:8922] [DMG] 				DataVersion = 0x57c200f8,[0m
[0;34m[1784655686.231] [8920:8922] [DMG] 				AttributePathIB =[0m
[0;34m[1784655686.231] [8920:8922] [DMG] 				{[0m
[0;34m[1784655686.231] [8920:8922] [DMG] 					Endpoint = 0x0,[0m
[0;34m[1784655686.231] [8920:8922] [DMG] 					Cluster = 0x30,[0m
[0;34m[1784655686.231] [8920:8922] [DMG] 					Attribute = 0x0000_0001,[0m
[0;34m[1784655686.231] [8920:8922] [DMG] 				}[0m
[0;34m[1784655686.231] [8920:8922] [DMG] 					[0m
[0;34m[1784655686.231] [8920:8922] [DMG] 				Data = [0m
[0;34m[1784655686.231] [8920:8922] [DMG] 				{[0m
[0;34m[1784655686.231] [8920:8922] [DMG] 					0x0 = 60 (unsigned), [0m
[0;34m[1784655686.231] [8920:8922] [DMG] 					0x1 = 900 (unsigned), [0m
[0;34m[1784655686.231] [8920:8922] [DMG] 				},[0m
[0;34m[1784655686.231] [8920:8922] [DMG] 			},[0m
[0;34m[1784655686.231] [8920:8922] [DMG] 			[0m
[0;34m[1784655686.231] [8920:8922] [DMG] 		},[0m
[0;34m[1784655686.231] [8920:8922] [DMG] 		[0m
[0;34m[1784655686.231] [8920:8922] [DMG] 		AttributeReportIB =[0m
[0;34m[1784655686.231] [8920:8922] [DMG] 		{[0m
[0;34m[1784655686.231] [8920:8922] [DMG] 			AttributeDataIB =[0m
[0;34m[1784655686.231] [8920:8922] [DMG] 			{[0m
[0;34m[1784655686.231] [8920:8922] [DMG] 				DataVersion = 0x57c200f8,[0m
[0;34m[1784655686.231] [8920:8922] [DMG] 				AttributePathIB =[0m
[0;34m[1784655686.231] [8920:8922] [DMG] 				{[0m
[0;34m[1784655686.231] [8920:8922] [DMG] 					Endpoint = 0x0,[0m
[0;34m[1784655686.231] [8920:8922] [DMG] 					Cluster = 0x30,[0m
[0;34m[1784655686.231] [8920:8922] [DMG] 					Attribute = 0x0000_0000,[0m
[0;34m[1784655686.231] [8920:8922] [DMG] 				}[0m
[0;34m[1784655686.231] [8920:8922] [DMG] 					[0m
[0;34m[1784655686.231] [8920:8922] [DMG] 				Data = 0 (unsigned), [0m
[0;34m[1784655686.231] [8920:8922] [DMG] 			},[0m
[0;34m[1784655686.231] [8920:8922] [DMG] 			[0m
[0;34m[1784655686.231] [8920:8922] [DMG] 		},[0m
[0;34m[1784655686.231] [8920:8922] [DMG] 		[0m
[0;34m[1784655686.231] [8920:8922] [DMG] 		AttributeReportIB =[0m
[0;34m[1784655686.231] [8920:8922] [DMG] 		{[0m
[0;34m[1784655686.231] [8920:8922] [DMG] 			AttributeDataIB =[0m
[0;34m[1784655686.231] [8920:8922] [DMG] 			{[0m
[0;34m[1784655686.231] [8920:8922] [DMG] 				DataVersion = 0x57c200f8,[0m
[0;34m[1784655686.231] [8920:8922] [DMG] 				AttributePathIB =[0m
[0;34m[1784655686.231] [8920:8922] [DMG] 				{[0m
[0;34m[1784655686.231] [8920:8922] [DMG] 					Endpoint = 0x0,[0m
[0;34m[1784655686.231] [8920:8922] [DMG] 					Cluster = 0x30,[0m
[0;34m[1784655686.231] [8920:8922] [DMG] 					Attribute = 0x0000_0004,[0m
[0;34m[1784655686.231] [8920:8922] [DMG] 				}[0m
[0;34m[1784655686.231] [8920:8922] [DMG] 					[0m
[0;34m[1784655686.231] [8920:8922] [DMG] 				Data = true, [0m
[0;34m[1784655686.231] [8920:8922] [DMG] 			},[0m
[0;34m[1784655686.231] [8920:8922] [DMG] 			[0m
[0;34m[1784655686.231] [8920:8922] [DMG] 		},[0m
[0;34m[1784655686.231] [8920:8922] [DMG] 		[0m
[0;34m[1784655686.231] [8920:8922] [DMG] 	],[0m
[0;34m[1784655686.231] [8920:8922] [DMG] 	[0m
[0;34m[1784655686.231] [8920:8922] [DMG] 	SuppressResponse = true, [0m
[0;34m[1784655686.231] [8920:8922] [DMG] 	InteractionModelRevision = 12[0m
[0;34m[1784655686.231] [8920:8922] [DMG] }[0m
[0;34m[1784655686.231] [8920:8922] [DMG] SendReadRequest ReadClient[0x7b8ef4035210]: Sending Read Request[0m
[0;32m[1784655686.231] [8920:8922] [DMG] 0 data version filters provided, 0 not relevant, 0 encoded, 0 skipped due to lack of space[0m
[0;32m[1784655686.231] [8920:8922] [EM] <<< [E:36717i S:5258 M:261911574] (S) Msg TX from 0000000000000000 to 0:FFFFFFFB00000000 [0000] [UDP:[fe80::bfe:a203:38f0:bce7%enp0s3]:5540] --- Type 0001:02 (IM:ReadRequest) (B:112)[0m
[0;32m[1784655686.231] [8920:8922] [EM] ??1 [E:36717i S:5258 M:261911574] (S) Msg Retransmission to 0:FFFFFFFB00000000 scheduled for 355ms from now [State:Active II:500 AI:300 AT:4000][0m
[0;34m[1784655686.231] [8920:8922] [DMG] MoveToState ReadClient[0x7b8ef4035210]: Moving to [AwaitingIn][0m
[0;32m[1784655686.231] [8920:8922] [EM] <<< [E:36716i S:5258 M:261911575 (Ack:189663841)] (S) Msg TX from 0000000000000000 to 0:FFFFFFFB00000000 [0000] [UDP:[fe80::bfe:a203:38f0:bce7%enp0s3]:5540] --- Type 0000:10 (SecureChannel:StandaloneAck) (B:34)[0m
[0;34m[1784655686.231] [8920:8922] [EM] Flushed pending ack for MessageCounter:189663841 on exchange 36716i[0m
[0;32m[1784655686.232] [8920:8922] [EM] >>> [E:36717i S:5258 M:189663842 (Ack:261911574)] (S) Msg RX from 0:FFFFFFFB00000000 [0000] to 0000000000000000 --- Type 0001:05 (IM:ReportData) (B:186)[0m
[0;34m[1784655686.232] [8920:8922] [EM] Found matching exchange: 36717i, Delegate: 0x7b8ef4035220[0m
[0;34m[1784655686.232] [8920:8922] [EM] Rxd Ack; Removing MessageCounter:261911574 from Retrans Table on exchange 36717i[0m
[0;34m[1784655686.232] [8920:8922] [DMG] ReportDataMessage =[0m
[0;34m[1784655686.232] [8920:8922] [DMG] {[0m
[0;34m[1784655686.232] [8920:8922] [DMG] 	AttributeReportIBs =[0m
[0;34m[1784655686.232] [8920:8922] [DMG] 	[[0m
[0;34m[1784655686.232] [8920:8922] [DMG] 		AttributeReportIB =[0m
[0;34m[1784655686.232] [8920:8922] [DMG] 		{[0m
[0;34m[1784655686.232] [8920:8922] [DMG] 			AttributeStatusIB =[0m
[0;34m[1784655686.232] [8920:8922] [DMG] 			{[0m
[0;34m[1784655686.232] [8920:8922] [DMG] 				AttributePathIB =[0m
[0;34m[1784655686.232] [8920:8922] [DMG] 				{[0m
[0;34m[1784655686.232] [8920:8922] [DMG] 					Endpoint = 0x0,[0m
[0;34m[1784655686.232] [8920:8922] [DMG] 					Cluster = 0x46,[0m
[0;34m[1784655686.232] [8920:8922] [DMG] 					Attribute = 0x0000_0002,[0m
[0;34m[1784655686.232] [8920:8922] [DMG] 				}[0m
[0;34m[1784655686.232] [8920:8922] [DMG] 					[0m
[0;34m[1784655686.232] [8920:8922] [DMG] 				StatusIB =[0m
[0;34m[1784655686.232] [8920:8922] [DMG] 				{[0m
[0;34m[1784655686.232] [8920:8922] [DMG] 					status = 0xc3 (UNSUPPORTED_CLUSTER),[0m
[0;34m[1784655686.232] [8920:8922] [DMG] 				},[0m
[0;34m[1784655686.232] [8920:8922] [DMG] 				[0m
[0;34m[1784655686.232] [8920:8922] [DMG] 			},[0m
[0;34m[1784655686.232] [8920:8922] [DMG] 			[0m
[0;34m[1784655686.232] [8920:8922] [DMG] 		},[0m
[0;34m[1784655686.232] [8920:8922] [DMG] 		[0m
[0;34m[1784655686.232] [8920:8922] [DMG] 		AttributeReportIB =[0m
[0;34m[1784655686.232] [8920:8922] [DMG] 		{[0m
[0;34m[1784655686.232] [8920:8922] [DMG] 			AttributeStatusIB =[0m
[0;34m[1784655686.232] [8920:8922] [DMG] 			{[0m
[0;34m[1784655686.232] [8920:8922] [DMG] 				AttributePathIB =[0m
[0;34m[1784655686.232] [8920:8922] [DMG] 				{[0m
[0;34m[1784655686.232] [8920:8922] [DMG] 					Endpoint = 0x0,[0m
[0;34m[1784655686.232] [8920:8922] [DMG] 					Cluster = 0x46,[0m
[0;34m[1784655686.232] [8920:8922] [DMG] 					Attribute = 0x0000_0001,[0m
[0;34m[1784655686.232] [8920:8922] [DMG] 				}[0m
[0;34m[1784655686.232] [8920:8922] [DMG] 					[0m
[0;34m[1784655686.232] [8920:8922] [DMG] 				StatusIB =[0m
[0;34m[1784655686.232] [8920:8922] [DMG] 				{[0m
[0;34m[1784655686.232] [8920:8922] [DMG] 					status = 0xc3 (UNSUPPORTED_CLUSTER),[0m
[0;34m[1784655686.232] [8920:8922] [DMG] 				},[0m
[0;34m[1784655686.232] [8920:8922] [DMG] 				[0m
[0;34m[1784655686.232] [8920:8922] [DMG] 			},[0m
[0;34m[1784655686.232] [8920:8922] [DMG] 			[0m
[0;34m[1784655686.232] [8920:8922] [DMG] 		},[0m
[0;34m[1784655686.232] [8920:8922] [DMG] 		[0m
[0;34m[1784655686.232] [8920:8922] [DMG] 		AttributeReportIB =[0m
[0;34m[1784655686.232] [8920:8922] [DMG] 		{[0m
[0;34m[1784655686.232] [8920:8922] [DMG] 			AttributeStatusIB =[0m
[0;34m[1784655686.232] [8920:8922] [DMG] 			{[0m
[0;34m[1784655686.232] [8920:8922] [DMG] 				AttributePathIB =[0m
[0;34m[1784655686.232] [8920:8922] [DMG] 				{[0m
[0;34m[1784655686.232] [8920:8922] [DMG] 					Endpoint = 0x0,[0m
[0;34m[1784655686.232] [8920:8922] [DMG] 					Cluster = 0x46,[0m
[0;34m[1784655686.232] [8920:8922] [DMG] 					Attribute = 0x0000_0000,[0m
[0;34m[1784655686.232] [8920:8922] [DMG] 				}[0m
[0;34m[1784655686.232] [8920:8922] [DMG] 					[0m
[0;34m[1784655686.232] [8920:8922] [DMG] 				StatusIB =[0m
[0;34m[1784655686.232] [8920:8922] [DMG] 				{[0m
[0;34m[1784655686.232] [8920:8922] [DMG] 					status = 0xc3 (UNSUPPORTED_CLUSTER),[0m
[0;34m[1784655686.232] [8920:8922] [DMG] 				},[0m
[0;34m[1784655686.232] [8920:8922] [DMG] 				[0m
[0;34m[1784655686.232] [8920:8922] [DMG] 			},[0m
[0;34m[1784655686.232] [8920:8922] [DMG] 			[0m
[0;34m[1784655686.232] [8920:8922] [DMG] 		},[0m
[0;34m[1784655686.232] [8920:8922] [DMG] 		[0m
[0;34m[1784655686.232] [8920:8922] [DMG] 		AttributeReportIB =[0m
[0;34m[1784655686.232] [8920:8922] [DMG] 		{[0m
[0;34m[1784655686.232] [8920:8922] [DMG] 			AttributeStatusIB =[0m
[0;34m[1784655686.232] [8920:8922] [DMG] 			{[0m
[0;34m[1784655686.232] [8920:8922] [DMG] 				AttributePathIB =[0m
[0;34m[1784655686.232] [8920:8922] [DMG] 				{[0m
[0;34m[1784655686.232] [8920:8922] [DMG] 					Endpoint = 0x0,[0m
[0;34m[1784655686.232] [8920:8922] [DMG] 					Cluster = 0x46,[0m
[0;34m[1784655686.232] [8920:8922] [DMG] 					Attribute = 0x0000_0007,[0m
[0;34m[1784655686.232] [8920:8922] [DMG] 				}[0m
[0;34m[1784655686.232] [8920:8922] [DMG] 					[0m
[0;34m[1784655686.232] [8920:8922] [DMG] 				StatusIB =[0m
[0;34m[1784655686.232] [8920:8922] [DMG] 				{[0m
[0;34m[1784655686.232] [8920:8922] [DMG] 					status = 0xc3 (UNSUPPORTED_CLUSTER),[0m
[0;34m[1784655686.232] [8920:8922] [DMG] 				},[0m
[0;34m[1784655686.232] [8920:8922] [DMG] 				[0m
[0;34m[1784655686.232] [8920:8922] [DMG] 			},[0m
[0;34m[1784655686.232] [8920:8922] [DMG] 			[0m
[0;34m[1784655686.232] [8920:8922] [DMG] 		},[0m
[0;34m[1784655686.232] [8920:8922] [DMG] 		[0m
[0;34m[1784655686.232] [8920:8922] [DMG] 		AttributeReportIB =[0m
[0;34m[1784655686.232] [8920:8922] [DMG] 		{[0m
[0;34m[1784655686.232] [8920:8922] [DMG] 			AttributeStatusIB =[0m
[0;34m[1784655686.232] [8920:8922] [DMG] 			{[0m
[0;34m[1784655686.232] [8920:8922] [DMG] 				AttributePathIB =[0m
[0;34m[1784655686.232] [8920:8922] [DMG] 				{[0m
[0;34m[1784655686.232] [8920:8922] [DMG] 					Endpoint = 0x0,[0m
[0;34m[1784655686.232] [8920:8922] [DMG] 					Cluster = 0x46,[0m
[0;34m[1784655686.232] [8920:8922] [DMG] 					Attribute = 0x0000_0006,[0m
[0;34m[1784655686.232] [8920:8922] [DMG] 				}[0m
[0;34m[1784655686.232] [8920:8922] [DMG] 					[0m
[0;34m[1784655686.232] [8920:8922] [DMG] 				StatusIB =[0m
[0;34m[1784655686.232] [8920:8922] [DMG] 				{[0m
[0;34m[1784655686.232] [8920:8922] [DMG] 					status = 0xc3 (UNSUPPORTED_CLUSTER),[0m
[0;34m[1784655686.232] [8920:8922] [DMG] 				},[0m
[0;34m[1784655686.232] [8920:8922] [DMG] 				[0m
[0;34m[1784655686.232] [8920:8922] [DMG] 			},[0m
[0;34m[1784655686.232] [8920:8922] [DMG] 			[0m
[0;34m[1784655686.232] [8920:8922] [DMG] 		},[0m
[0;34m[1784655686.232] [8920:8922] [DMG] 		[0m
[0;34m[1784655686.232] [8920:8922] [DMG] 		AttributeReportIB =[0m
[0;34m[1784655686.232] [8920:8922] [DMG] 		{[0m
[0;34m[1784655686.232] [8920:8922] [DMG] 			AttributeDataIB =[0m
[0;34m[1784655686.232] [8920:8922] [DMG] 			{[0m
[0;34m[1784655686.232] [8920:8922] [DMG] 				DataVersion = 0x78b059a4,[0m
[0;34m[1784655686.232] [8920:8922] [DMG] 				AttributePathIB =[0m
[0;34m[1784655686.232] [8920:8922] [DMG] 				{[0m
[0;34m[1784655686.232] [8920:8922] [DMG] 					Endpoint = 0x0,[0m
[0;34m[1784655686.232] [8920:8922] [DMG] 					Cluster = 0x31,[0m
[0;34m[1784655686.232] [8920:8922] [DMG] 					Attribute = 0x0000_FFFC,[0m
[0;34m[1784655686.232] [8920:8922] [DMG] 				}[0m
[0;34m[1784655686.232] [8920:8922] [DMG] 					[0m
[0;34m[1784655686.232] [8920:8922] [DMG] 				Data = 4 (unsigned), [0m
[0;34m[1784655686.232] [8920:8922] [DMG] 			},[0m
[0;34m[1784655686.232] [8920:8922] [DMG] 			[0m
[0;34m[1784655686.232] [8920:8922] [DMG] 		},[0m
[0;34m[1784655686.232] [8920:8922] [DMG] 		[0m
[0;34m[1784655686.232] [8920:8922] [DMG] 	],[0m
[0;34m[1784655686.232] [8920:8922] [DMG] 	[0m
[0;34m[1784655686.232] [8920:8922] [DMG] 	SuppressResponse = true, [0m
[0;34m[1784655686.232] [8920:8922] [DMG] 	InteractionModelRevision = 12[0m
[0;34m[1784655686.232] [8920:8922] [DMG] }[0m
[1;31m[1784655686.232] [8920:8922] [CTL] Ignoring failure to read IsCommissioningWithoutPower: src/app/ClusterStateCache.cpp:294: CHIP Error 0x000000CA: Interaction Model Error[0m
[0;32m[1784655686.232] [8920:8922] [CTL] NetworkCommissioning Features: has Ethernet. endpointid = 0[0m
[0;32m[1784655686.232] [8920:8922] [SVR] OnReadCommissioningInfo - vendorId=0xFFF1 productId=0x8001[0m
[0;32m[1784655686.232] [8920:8922] [SVR] OnReadCommissioningInfo ICD - IdleModeDuration=0 activeModeDuration=0 activeModeThreshold=0[0m
[0;32m[1784655686.232] [8920:8922] [CTL] Successfully finished commissioning step 'ReadCommissioningInfo'[0m
[0;32m[1784655686.232] [8920:8922] [CTL] Commissioning stage next step: 'ReadCommissioningInfo' -> 'ArmFailSafe'[0m
[0;32m[1784655686.232] [8920:8922] [CTL] Performing next commissioning step 'ArmFailSafe'[0m
[0;34m[1784655686.232] [8920:8922] [TOO] Starting commissioning stage 'ArmFailSafe'[0m
[0;32m[1784655686.232] [8920:8922] [CTL] Arming failsafe (60 seconds)[0m
[0;34m[1784655686.232] [8920:8922] [DMG] ICR moving to [AddingComm][0m
[0;34m[1784655686.232] [8920:8922] [DMG] ICR moving to [AddedComma][0m
[0;32m[1784655686.232] [8920:8922] [EM] <<< [E:36718i S:5258 M:261911576] (S) Msg TX from 0000000000000000 to 0:FFFFFFFB00000000 [0000] [UDP:[fe80::bfe:a203:38f0:bce7%enp0s3]:5540] --- Type 0001:08 (IM:InvokeCommandRequest) (B:65)[0m
[0;32m[1784655686.232] [8920:8922] [EM] ??1 [E:36718i S:5258 M:261911576] (S) Msg Retransmission to 0:FFFFFFFB00000000 scheduled for 343ms from now [State:Active II:500 AI:300 AT:4000][0m
[0;34m[1784655686.232] [8920:8922] [DMG] ICR moving to [AwaitingRe][0m
[0;32m[1784655686.232] [8920:8922] [EM] <<< [E:36717i S:5258 M:261911577 (Ack:189663842)] (S) Msg TX from 0000000000000000 to 0:FFFFFFFB00000000 [0000] [UDP:[fe80::bfe:a203:38f0:bce7%enp0s3]:5540] --- Type 0000:10 (SecureChannel:StandaloneAck) (B:34)[0m
[0;34m[1784655686.232] [8920:8922] [EM] Flushed pending ack for MessageCounter:189663842 on exchange 36717i[0m
[0;32m[1784655686.233] [8920:8922] [EM] >>> [E:36718i S:5258 M:189663843 (Ack:261911576)] (S) Msg RX from 0:FFFFFFFB00000000 [0000] to 0000000000000000 --- Type 0001:09 (IM:InvokeCommandResponse) (B:70)[0m
[0;34m[1784655686.233] [8920:8922] [EM] Found matching exchange: 36718i, Delegate: 0x7b8ef40382d8[0m
[0;34m[1784655686.233] [8920:8922] [EM] Rxd Ack; Removing MessageCounter:261911576 from Retrans Table on exchange 36718i[0m
[0;34m[1784655686.233] [8920:8922] [DMG] ICR moving to [ResponseRe][0m
[0;34m[1784655686.233] [8920:8922] [DMG] InvokeResponseMessage =[0m
[0;34m[1784655686.233] [8920:8922] [DMG] {[0m
[0;34m[1784655686.233] [8920:8922] [DMG] 	suppressResponse = false, [0m
[0;34m[1784655686.233] [8920:8922] [DMG] 	InvokeResponseIBs =[0m
[0;34m[1784655686.233] [8920:8922] [DMG] 	[[0m
[0;34m[1784655686.233] [8920:8922] [DMG] 		InvokeResponseIB =[0m
[0;34m[1784655686.233] [8920:8922] [DMG] 		{[0m
[0;34m[1784655686.233] [8920:8922] [DMG] 			CommandDataIB =[0m
[0;34m[1784655686.233] [8920:8922] [DMG] 			{[0m
[0;34m[1784655686.233] [8920:8922] [DMG] 				CommandPathIB =[0m
[0;34m[1784655686.233] [8920:8922] [DMG] 				{[0m
[0;34m[1784655686.233] [8920:8922] [DMG] 					EndpointId = 0x0,[0m
[0;34m[1784655686.233] [8920:8922] [DMG] 					ClusterId = 0x30,[0m
[0;34m[1784655686.233] [8920:8922] [DMG] 					CommandId = 0x1,[0m
[0;34m[1784655686.233] [8920:8922] [DMG] 				},[0m
[0;34m[1784655686.233] [8920:8922] [DMG] 				[0m
[0;34m[1784655686.233] [8920:8922] [DMG] 				CommandFields = [0m
[0;34m[1784655686.233] [8920:8922] [DMG] 				{[0m
[0;34m[1784655686.233] [8920:8922] [DMG] 					0x0 = 0 (unsigned), [0m
[0;34m[1784655686.233] [8920:8922] [DMG] 					0x1 = "" (0 chars), [0m
[0;34m[1784655686.233] [8920:8922] [DMG] 				},[0m
[0;34m[1784655686.233] [8920:8922] [DMG] 			},[0m
[0;34m[1784655686.233] [8920:8922] [DMG] 			[0m
[0;34m[1784655686.233] [8920:8922] [DMG] 		},[0m
[0;34m[1784655686.233] [8920:8922] [DMG] 		[0m
[0;34m[1784655686.233] [8920:8922] [DMG] 	],[0m
[0;34m[1784655686.233] [8920:8922] [DMG] 	[0m
[0;34m[1784655686.233] [8920:8922] [DMG] 	InteractionModelRevision = 12[0m
[0;34m[1784655686.233] [8920:8922] [DMG] },[0m
[0;32m[1784655686.233] [8920:8922] [DMG] Received Command Response Data, Endpoint=0 Cluster=0x0000_0030 Command=0x0000_0001[0m
[0;32m[1784655686.233] [8920:8922] [CTL] Received ArmFailSafe response errorCode=0[0m
[0;32m[1784655686.233] [8920:8922] [CTL] Successfully finished commissioning step 'ArmFailSafe'[0m
[0;32m[1784655686.233] [8920:8922] [CTL] Commissioning stage next step: 'ArmFailSafe' -> 'ConfigRegulatory'[0m
[0;32m[1784655686.233] [8920:8922] [CTL] Performing next commissioning step 'ConfigRegulatory'[0m
[0;34m[1784655686.233] [8920:8922] [TOO] Starting commissioning stage 'ConfigRegulatory'[0m
[0;32m[1784655686.233] [8920:8922] [CTL] Setting Regulatory Config[0m
[0;32m[1784655686.233] [8920:8922] [CTL] No regulatory config supplied by controller, leaving as device default (0)[0m
[0;34m[1784655686.233] [8920:8922] [DMG] ICR moving to [AddingComm][0m
[0;34m[1784655686.233] [8920:8922] [DMG] ICR moving to [AddedComma][0m
[0;32m[1784655686.233] [8920:8922] [EM] <<< [E:36719i S:5258 M:261911578] (S) Msg TX from 0000000000000000 to 0:FFFFFFFB00000000 [0000] [UDP:[fe80::bfe:a203:38f0:bce7%enp0s3]:5540] --- Type 0001:08 (IM:InvokeCommandRequest) (B:70)[0m
[0;32m[1784655686.233] [8920:8922] [EM] ??1 [E:36719i S:5258 M:261911578] (S) Msg Retransmission to 0:FFFFFFFB00000000 scheduled for 354ms from now [State:Active II:500 AI:300 AT:4000][0m
[0;34m[1784655686.233] [8920:8922] [DMG] ICR moving to [AwaitingRe][0m
[0;34m[1784655686.233] [8920:8922] [DMG] ICR moving to [AwaitingDe][0m
[0;32m[1784655686.233] [8920:8922] [EM] <<< [E:36718i S:5258 M:261911579 (Ack:189663843)] (S) Msg TX from 0000000000000000 to 0:FFFFFFFB00000000 [0000] [UDP:[fe80::bfe:a203:38f0:bce7%enp0s3]:5540] --- Type 0000:10 (SecureChannel:StandaloneAck) (B:34)[0m
[0;34m[1784655686.233] [8920:8922] [EM] Flushed pending ack for MessageCounter:189663843 on exchange 36718i[0m
[0;32m[1784655686.238] [8920:8922] [EM] >>> [E:36719i S:5258 M:189663844 (Ack:261911578)] (S) Msg RX from 0:FFFFFFFB00000000 [0000] to 0000000000000000 --- Type 0001:09 (IM:InvokeCommandResponse) (B:70)[0m
[0;34m[1784655686.238] [8920:8922] [EM] Found matching exchange: 36719i, Delegate: 0x7b8ef4035088[0m
[0;34m[1784655686.238] [8920:8922] [EM] Rxd Ack; Removing MessageCounter:261911578 from Retrans Table on exchange 36719i[0m
[0;34m[1784655686.238] [8920:8922] [DMG] ICR moving to [ResponseRe][0m
[0;34m[1784655686.238] [8920:8922] [DMG] InvokeResponseMessage =[0m
[0;34m[1784655686.238] [8920:8922] [DMG] {[0m
[0;34m[1784655686.238] [8920:8922] [DMG] 	suppressResponse = false, [0m
[0;34m[1784655686.238] [8920:8922] [DMG] 	InvokeResponseIBs =[0m
[0;34m[1784655686.238] [8920:8922] [DMG] 	[[0m
[0;34m[1784655686.238] [8920:8922] [DMG] 		InvokeResponseIB =[0m
[0;34m[1784655686.238] [8920:8922] [DMG] 		{[0m
[0;34m[1784655686.238] [8920:8922] [DMG] 			CommandDataIB =[0m
[0;34m[1784655686.238] [8920:8922] [DMG] 			{[0m
[0;34m[1784655686.238] [8920:8922] [DMG] 				CommandPathIB =[0m
[0;34m[1784655686.238] [8920:8922] [DMG] 				{[0m
[0;34m[1784655686.238] [8920:8922] [DMG] 					EndpointId = 0x0,[0m
[0;34m[1784655686.238] [8920:8922] [DMG] 					ClusterId = 0x30,[0m
[0;34m[1784655686.238] [8920:8922] [DMG] 					CommandId = 0x3,[0m
[0;34m[1784655686.238] [8920:8922] [DMG] 				},[0m
[0;34m[1784655686.238] [8920:8922] [DMG] 				[0m
[0;34m[1784655686.238] [8920:8922] [DMG] 				CommandFields = [0m
[0;34m[1784655686.238] [8920:8922] [DMG] 				{[0m
[0;34m[1784655686.238] [8920:8922] [DMG] 					0x0 = 0 (unsigned), [0m
[0;34m[1784655686.238] [8920:8922] [DMG] 					0x1 = "" (0 chars), [0m
[0;34m[1784655686.238] [8920:8922] [DMG] 				},[0m
[0;34m[1784655686.238] [8920:8922] [DMG] 			},[0m
[0;34m[1784655686.238] [8920:8922] [DMG] 			[0m
[0;34m[1784655686.238] [8920:8922] [DMG] 		},[0m
[0;34m[1784655686.238] [8920:8922] [DMG] 		[0m
[0;34m[1784655686.238] [8920:8922] [DMG] 	],[0m
[0;34m[1784655686.238] [8920:8922] [DMG] 	[0m
[0;34m[1784655686.238] [8920:8922] [DMG] 	InteractionModelRevision = 12[0m
[0;34m[1784655686.238] [8920:8922] [DMG] },[0m
[0;32m[1784655686.238] [8920:8922] [DMG] Received Command Response Data, Endpoint=0 Cluster=0x0000_0030 Command=0x0000_0003[0m
[0;32m[1784655686.238] [8920:8922] [CTL] Received SetRegulatoryConfig response errorCode=0[0m
[0;32m[1784655686.238] [8920:8922] [CTL] Successfully finished commissioning step 'ConfigRegulatory'[0m
[0;32m[1784655686.238] [8920:8922] [CTL] Commissioning stage next step: 'ConfigRegulatory' -> 'ConfigureTCAcknowledgments'[0m
[0;32m[1784655686.238] [8920:8922] [CTL] Performing next commissioning step 'ConfigureTCAcknowledgments'[0m
[0;34m[1784655686.238] [8920:8922] [TOO] Starting commissioning stage 'ConfigureTCAcknowledgments'[0m
[0;32m[1784655686.238] [8920:8922] [CTL] Setting Terms and Conditions[0m
[0;32m[1784655686.238] [8920:8922] [CTL] Setting Terms and Conditions: Skipped[0m
[0;32m[1784655686.238] [8920:8922] [CTL] Successfully finished commissioning step 'ConfigureTCAcknowledgments'[0m
[0;32m[1784655686.238] [8920:8922] [CTL] Commissioning stage next step: 'ConfigureTCAcknowledgments' -> 'ConfigureUTCTime'[0m
[0;32m[1784655686.238] [8920:8922] [CTL] Performing next commissioning step 'ConfigureUTCTime'[0m
[0;34m[1784655686.238] [8920:8922] [TOO] Starting commissioning stage 'ConfigureUTCTime'[0m
[0;34m[1784655686.238] [8920:8922] [DMG] ICR moving to [AddingComm][0m
[0;34m[1784655686.238] [8920:8922] [DMG] ICR moving to [AddedComma][0m
[0;32m[1784655686.238] [8920:8922] [EM] <<< [E:36720i S:5258 M:261911580] (S) Msg TX from 0000000000000000 to 0:FFFFFFFB00000000 [0000] [UDP:[fe80::bfe:a203:38f0:bce7%enp0s3]:5540] --- Type 0001:08 (IM:InvokeCommandRequest) (B:72)[0m
[0;32m[1784655686.239] [8920:8922] [EM] ??1 [E:36720i S:5258 M:261911580] (S) Msg Retransmission to 0:FFFFFFFB00000000 scheduled for 362ms from now [State:Active II:500 AI:300 AT:4000][0m
[0;34m[1784655686.239] [8920:8922] [DMG] ICR moving to [AwaitingRe][0m
[0;34m[1784655686.239] [8920:8922] [DMG] ICR moving to [AwaitingDe][0m
[0;32m[1784655686.239] [8920:8922] [EM] <<< [E:36719i S:5258 M:261911581 (Ack:189663844)] (S) Msg TX from 0000000000000000 to 0:FFFFFFFB00000000 [0000] [UDP:[fe80::bfe:a203:38f0:bce7%enp0s3]:5540] --- Type 0000:10 (SecureChannel:StandaloneAck) (B:34)[0m
[0;34m[1784655686.239] [8920:8922] [EM] Flushed pending ack for MessageCounter:189663844 on exchange 36719i[0m
[0;32m[1784655686.239] [8920:8922] [EM] >>> [E:36720i S:5258 M:189663845 (Ack:261911580)] (S) Msg RX from 0:FFFFFFFB00000000 [0000] to 0000000000000000 --- Type 0001:09 (IM:InvokeCommandResponse) (B:70)[0m
[0;34m[1784655686.239] [8920:8922] [EM] Found matching exchange: 36720i, Delegate: 0x7b8ef40382d8[0m
[0;34m[1784655686.239] [8920:8922] [EM] Rxd Ack; Removing MessageCounter:261911580 from Retrans Table on exchange 36720i[0m
[0;34m[1784655686.239] [8920:8922] [DMG] ICR moving to [ResponseRe][0m
[0;34m[1784655686.239] [8920:8922] [DMG] InvokeResponseMessage =[0m
[0;34m[1784655686.239] [8920:8922] [DMG] {[0m
[0;34m[1784655686.239] [8920:8922] [DMG] 	suppressResponse = false, [0m
[0;34m[1784655686.239] [8920:8922] [DMG] 	InvokeResponseIBs =[0m
[0;34m[1784655686.239] [8920:8922] [DMG] 	[[0m
[0;34m[1784655686.239] [8920:8922] [DMG] 		InvokeResponseIB =[0m
[0;34m[1784655686.239] [8920:8922] [DMG] 		{[0m
[0;34m[1784655686.239] [8920:8922] [DMG] 			CommandStatusIB =[0m
[0;34m[1784655686.239] [8920:8922] [DMG] 			{[0m
[0;34m[1784655686.239] [8920:8922] [DMG] 				CommandPathIB =[0m
[0;34m[1784655686.239] [8920:8922] [DMG] 				{[0m
[0;34m[1784655686.239] [8920:8922] [DMG] 					EndpointId = 0x0,[0m
[0;34m[1784655686.239] [8920:8922] [DMG] 					ClusterId = 0x38,[0m
[0;34m[1784655686.239] [8920:8922] [DMG] 					CommandId = 0x0,[0m
[0;34m[1784655686.239] [8920:8922] [DMG] 				},[0m
[0;34m[1784655686.239] [8920:8922] [DMG] 				[0m
[0;34m[1784655686.239] [8920:8922] [DMG] 				StatusIB =[0m
[0;34m[1784655686.239] [8920:8922] [DMG] 				{[0m
[0;34m[1784655686.239] [8920:8922] [DMG] 					status = 0x01 (FAILURE),[0m
[0;34m[1784655686.239] [8920:8922] [DMG] 					cluster-status = 0x2,[0m
[0;34m[1784655686.239] [8920:8922] [DMG] 				},[0m
[0;34m[1784655686.239] [8920:8922] [DMG] 				[0m
[0;34m[1784655686.239] [8920:8922] [DMG] 			},[0m
[0;34m[1784655686.239] [8920:8922] [DMG] 			[0m
[0;34m[1784655686.239] [8920:8922] [DMG] 		},[0m
[0;34m[1784655686.239] [8920:8922] [DMG] 		[0m
[0;34m[1784655686.239] [8920:8922] [DMG] 	],[0m
[0;34m[1784655686.239] [8920:8922] [DMG] 	[0m
[0;34m[1784655686.239] [8920:8922] [DMG] 	InteractionModelRevision = 12[0m
[0;34m[1784655686.239] [8920:8922] [DMG] },[0m
[0;32m[1784655686.239] [8920:8922] [DMG] Received Command Response Status for Endpoint=0 Cluster=0x0000_0038 Command=0x0000_0000 Status=0x1[0m
[0;32m[1784655686.239] [8920:8922] [CTL] Successfully finished commissioning step 'ConfigureUTCTime'[0m
[0;32m[1784655686.239] [8920:8922] [CTL] Commissioning stage next step: 'ConfigureUTCTime' -> 'SendPAICertificateRequest'[0m
[0;32m[1784655686.239] [8920:8922] [CTL] Performing next commissioning step 'SendPAICertificateRequest'[0m
[0;34m[1784655686.239] [8920:8922] [TOO] Starting commissioning stage 'SendPAICertificateRequest'[0m
[0;32m[1784655686.239] [8920:8922] [CTL] Sending request for PAI certificate[0m
[0;34m[1784655686.239] [8920:8922] [CTL] Sending Certificate Chain request to 0x7b8ef4033e20 device[0m
[0;34m[1784655686.239] [8920:8922] [DMG] ICR moving to [AddingComm][0m
[0;34m[1784655686.239] [8920:8922] [DMG] ICR moving to [AddedComma][0m
[0;32m[1784655686.239] [8920:8922] [EM] <<< [E:36721i S:5258 M:261911582] (S) Msg TX from 0000000000000000 to 0:FFFFFFFB00000000 [0000] [UDP:[fe80::bfe:a203:38f0:bce7%enp0s3]:5540] --- Type 0001:08 (IM:InvokeCommandRequest) (B:62)[0m
[0;32m[1784655686.239] [8920:8922] [EM] ??1 [E:36721i S:5258 M:261911582] (S) Msg Retransmission to 0:FFFFFFFB00000000 scheduled for 358ms from now [State:Active II:500 AI:300 AT:4000][0m
[0;34m[1784655686.239] [8920:8922] [DMG] ICR moving to [AwaitingRe][0m
[0;34m[1784655686.239] [8920:8922] [DMG] ICR moving to [AwaitingDe][0m
[0;32m[1784655686.240] [8920:8922] [EM] <<< [E:36720i S:5258 M:261911583 (Ack:189663845)] (S) Msg TX from 0000000000000000 to 0:FFFFFFFB00000000 [0000] [UDP:[fe80::bfe:a203:38f0:bce7%enp0s3]:5540] --- Type 0000:10 (SecureChannel:StandaloneAck) (B:34)[0m
[0;34m[1784655686.240] [8920:8922] [EM] Flushed pending ack for MessageCounter:189663845 on exchange 36720i[0m
[0;32m[1784655686.240] [8920:8922] [EM] >>> [E:36721i S:5258 M:189663846 (Ack:261911582)] (S) Msg RX from 0:FFFFFFFB00000000 [0000] to 0000000000000000 --- Type 0001:09 (IM:InvokeCommandResponse) (B:531)[0m
[0;34m[1784655686.240] [8920:8922] [EM] Found matching exchange: 36721i, Delegate: 0x7b8ef4035088[0m
[0;34m[1784655686.240] [8920:8922] [EM] Rxd Ack; Removing MessageCounter:261911582 from Retrans Table on exchange 36721i[0m
[0;34m[1784655686.240] [8920:8922] [DMG] ICR moving to [ResponseRe][0m
[0;34m[1784655686.240] [8920:8922] [DMG] InvokeResponseMessage =[0m
[0;34m[1784655686.240] [8920:8922] [DMG] {[0m
[0;34m[1784655686.240] [8920:8922] [DMG] 	suppressResponse = false, [0m
[0;34m[1784655686.240] [8920:8922] [DMG] 	InvokeResponseIBs =[0m
[0;34m[1784655686.240] [8920:8922] [DMG] 	[[0m
[0;34m[1784655686.240] [8920:8922] [DMG] 		InvokeResponseIB =[0m
[0;34m[1784655686.240] [8920:8922] [DMG] 		{[0m
[0;34m[1784655686.240] [8920:8922] [DMG] 			CommandDataIB =[0m
[0;34m[1784655686.240] [8920:8922] [DMG] 			{[0m
[0;34m[1784655686.240] [8920:8922] [DMG] 				CommandPathIB =[0m
[0;34m[1784655686.240] [8920:8922] [DMG] 				{[0m
[0;34m[1784655686.240] [8920:8922] [DMG] 					EndpointId = 0x0,[0m
[0;34m[1784655686.240] [8920:8922] [DMG] 					ClusterId = 0x3e,[0m
[0;34m[1784655686.240] [8920:8922] [DMG] 					CommandId = 0x3,[0m
[0;34m[1784655686.240] [8920:8922] [DMG] 				},[0m
[0;34m[1784655686.240] [8920:8922] [DMG] 				[0m
[0;34m[1784655686.240] [8920:8922] [DMG] 				CommandFields = [0m
[0;34m[1784655686.240] [8920:8922] [DMG] 				{[0m
[0;34m[1784655686.240] [8920:8922] [DMG] 					0x0 = [[0m
[0;34m[1784655686.240] [8920:8922] [DMG] 							0x30, 0x82, 0x01, 0xcb, 0x30, 0x82, 0x01, 0x71, 0xa0, 0x03, 0x02, 0x01, 0x02, 0x02, 0x08, 0x56, 0xad, 0x82, 0x22, 0xad, 0x94, 0x5b, 0x64, 0x30, 0x0a, 0x06, 0x08, 0x2a, 0x86, 0x48, 0xce, 0x3d, 0x04, 0x03, 0x02, 0x30, 0x30, 0x31, 0x18, 0x30, 0x16, 0x06, 0x03, 0x55, 0x04, 0x03, 0x0c, 0x0f, 0x4d, 0x61, 0x74, 0x74, 0x65, 0x72, 0x20, 0x54, 0x65, 0x73, 0x74, 0x20, 0x50, 0x41, 0x41, 0x31, 0x14, 0x30, 0x12, 0x06, 0x0a, 0x2b, 0x06, 0x01, 0x04, 0x01, 0x82, 0xa2, 0x7c, 0x02, 0x01, 0x0c, 0x04, 0x46, 0x46, 0x46, 0x31, 0x30, 0x20, 0x17, 0x0d, 0x32, 0x32, 0x30, 0x32, 0x30, 0x35, 0x30, 0x30, 0x30, 0x30, 0x30, 0x30, 0x5a, 0x18, 0x0f, 0x39, 0x39, 0x39, 0x39, 0x31, 0x32, 0x33, 0x31, 0x32, 0x33, 0x35, 0x39, 0x35, 0x39, 0x5a, 0x30, 0x3d, 0x31, 0x25, 0x30, 0x23, 0x06, 0x03, 0x55, 0x04, 0x03, 0x0c, 0x1c, 0x4d, 0x61, 0x74, 0x74, 0x65, 0x72, 0x20, 0x44, 0x65, 0x76, 0x20, 0x50, 0x41, 0x49, 0x20, 0x30, 0x78, 0x46, 0x46, 0x46, 0x31, 0x20, 0x6e, 0x6f, 0x20, 0x50, 0x49, 0x44, 0x31, 0x14, 0x30, 0x12, 0x06, 0x0a, 0x2b, 0x06, 0x01, 0x04, 0x01, 0x82, 0xa2, 0x7c, 0x02, 0x01, 0x0c, 0x04, 0x46, 0x46, 0x46, 0x31, 0x30, 0x59, 0x30, 0x13, 0x06, 0x07, 0x2a, 0x86, 0x48, 0xce, 0x3d, 0x02, 0x01, 0x06, 0x08, 0x2a, 0x86, 0x48, 0xce, 0x3d, 0x03, 0x01, 0x07, 0x03, 0x42, 0x00, 0x04, 0x41, 0x9a, 0x93, 0x15, 0xc2, 0x17, 0x3e, 0x0c, 0x8c, 0x87, 0x6d, 0x03, 0xcc, 0xfc, 0x94, 0x48, 0x52, 0x64, 0x7f, 0x7f, 0xec, 0x5e, 0x50, 0x82, 0xf4, 0x05, 0x99, 0x28, 0xec, 0xa8, 0x94, 0xc5, 0x94, 0x15, 0x13, 0x09, 0xac, 0x63, 0x1e, 0x4c, 0xb0, 0x33, 0x92, 0xaf, 0x68, 0x4b, 0x0b, 0xaf, 0xb7, 0xe6, 0x5b, 0x3b, 0x81, 0x62, 0xc2, 0xf5, 0x2b, 0xf9, 0x31, 0xb8, 0xe7, 0x7a, 0xaa, 0x82, 0xa3, 0x66, 0x30, 0x64, 0x30, 0x12, 0x06, 0x03, 0x55, 0x1d, 0x[0m
[0;34m[1784655686.240] [8920:8922] [DMG] 					] (463 bytes)[0m
[0;34m[1784655686.240] [8920:8922] [DMG] 				},[0m
[0;34m[1784655686.240] [8920:8922] [DMG] 			},[0m
[0;34m[1784655686.240] [8920:8922] [DMG] 			[0m
[0;34m[1784655686.240] [8920:8922] [DMG] 		},[0m
[0;34m[1784655686.240] [8920:8922] [DMG] 		[0m
[0;34m[1784655686.240] [8920:8922] [DMG] 	],[0m
[0;34m[1784655686.240] [8920:8922] [DMG] 	[0m
[0;34m[1784655686.240] [8920:8922] [DMG] 	InteractionModelRevision = 12[0m
[0;34m[1784655686.240] [8920:8922] [DMG] },[0m
[0;32m[1784655686.240] [8920:8922] [DMG] Received Command Response Data, Endpoint=0 Cluster=0x0000_003E Command=0x0000_0003[0m
[0;32m[1784655686.240] [8920:8922] [CTL] Received certificate chain from the device[0m
[0;32m[1784655686.240] [8920:8922] [CTL] Successfully finished commissioning step 'SendPAICertificateRequest'[0m
[0;32m[1784655686.240] [8920:8922] [CTL] Commissioning stage next step: 'SendPAICertificateRequest' -> 'SendDACCertificateRequest'[0m
[0;32m[1784655686.240] [8920:8922] [CTL] Performing next commissioning step 'SendDACCertificateRequest'[0m
[0;34m[1784655686.240] [8920:8922] [TOO] Starting commissioning stage 'SendDACCertificateRequest'[0m
[0;32m[1784655686.240] [8920:8922] [CTL] Sending request for DAC certificate[0m
[0;34m[1784655686.240] [8920:8922] [CTL] Sending Certificate Chain request to 0x7b8ef4033e20 device[0m
[0;34m[1784655686.240] [8920:8922] [DMG] ICR moving to [AddingComm][0m
[0;34m[1784655686.240] [8920:8922] [DMG] ICR moving to [AddedComma][0m
[0;32m[1784655686.240] [8920:8922] [EM] <<< [E:36722i S:5258 M:261911584] (S) Msg TX from 0000000000000000 to 0:FFFFFFFB00000000 [0000] [UDP:[fe80::bfe:a203:38f0:bce7%enp0s3]:5540] --- Type 0001:08 (IM:InvokeCommandRequest) (B:62)[0m
[0;32m[1784655686.240] [8920:8922] [EM] ??1 [E:36722i S:5258 M:261911584] (S) Msg Retransmission to 0:FFFFFFFB00000000 scheduled for 350ms from now [State:Active II:500 AI:300 AT:4000][0m
[0;34m[1784655686.240] [8920:8922] [DMG] ICR moving to [AwaitingRe][0m
[0;34m[1784655686.240] [8920:8922] [DMG] ICR moving to [AwaitingDe][0m
[0;32m[1784655686.240] [8920:8922] [EM] <<< [E:36721i S:5258 M:261911585 (Ack:189663846)] (S) Msg TX from 0000000000000000 to 0:FFFFFFFB00000000 [0000] [UDP:[fe80::bfe:a203:38f0:bce7%enp0s3]:5540] --- Type 0000:10 (SecureChannel:StandaloneAck) (B:34)[0m
[0;34m[1784655686.240] [8920:8922] [EM] Flushed pending ack for MessageCounter:189663846 on exchange 36721i[0m
[0;32m[1784655686.240] [8920:8922] [EM] >>> [E:36722i S:5258 M:189663847 (Ack:261911584)] (S) Msg RX from 0:FFFFFFFB00000000 [0000] to 0000000000000000 --- Type 0001:09 (IM:InvokeCommandResponse) (B:559)[0m
[0;34m[1784655686.240] [8920:8922] [EM] Found matching exchange: 36722i, Delegate: 0x7b8ef40382d8[0m
[0;34m[1784655686.240] [8920:8922] [EM] Rxd Ack; Removing MessageCounter:261911584 from Retrans Table on exchange 36722i[0m
[0;34m[1784655686.240] [8920:8922] [DMG] ICR moving to [ResponseRe][0m
[0;34m[1784655686.240] [8920:8922] [DMG] InvokeResponseMessage =[0m
[0;34m[1784655686.240] [8920:8922] [DMG] {[0m
[0;34m[1784655686.240] [8920:8922] [DMG] 	suppressResponse = false, [0m
[0;34m[1784655686.240] [8920:8922] [DMG] 	InvokeResponseIBs =[0m
[0;34m[1784655686.240] [8920:8922] [DMG] 	[[0m
[0;34m[1784655686.240] [8920:8922] [DMG] 		InvokeResponseIB =[0m
[0;34m[1784655686.240] [8920:8922] [DMG] 		{[0m
[0;34m[1784655686.240] [8920:8922] [DMG] 			CommandDataIB =[0m
[0;34m[1784655686.240] [8920:8922] [DMG] 			{[0m
[0;34m[1784655686.240] [8920:8922] [DMG] 				CommandPathIB =[0m
[0;34m[1784655686.240] [8920:8922] [DMG] 				{[0m
[0;34m[1784655686.240] [8920:8922] [DMG] 					EndpointId = 0x0,[0m
[0;34m[1784655686.240] [8920:8922] [DMG] 					ClusterId = 0x3e,[0m
[0;34m[1784655686.240] [8920:8922] [DMG] 					CommandId = 0x3,[0m
[0;34m[1784655686.240] [8920:8922] [DMG] 				},[0m
[0;34m[1784655686.240] [8920:8922] [DMG] 				[0m
[0;34m[1784655686.240] [8920:8922] [DMG] 				CommandFields = [0m
[0;34m[1784655686.240] [8920:8922] [DMG] 				{[0m
[0;34m[1784655686.240] [8920:8922] [DMG] 					0x0 = [[0m
[0;34m[1784655686.240] [8920:8922] [DMG] 							0x30, 0x82, 0x01, 0xe7, 0x30, 0x82, 0x01, 0x8e, 0xa0, 0x03, 0x02, 0x01, 0x02, 0x02, 0x08, 0x69, 0xcd, 0xf1, 0x0d, 0xe9, 0xe5, 0x4e, 0xd1, 0x30, 0x0a, 0x06, 0x08, 0x2a, 0x86, 0x48, 0xce, 0x3d, 0x04, 0x03, 0x02, 0x30, 0x3d, 0x31, 0x25, 0x30, 0x23, 0x06, 0x03, 0x55, 0x04, 0x03, 0x0c, 0x1c, 0x4d, 0x61, 0x74, 0x74, 0x65, 0x72, 0x20, 0x44, 0x65, 0x76, 0x20, 0x50, 0x41, 0x49, 0x20, 0x30, 0x78, 0x46, 0x46, 0x46, 0x31, 0x20, 0x6e, 0x6f, 0x20, 0x50, 0x49, 0x44, 0x31, 0x14, 0x30, 0x12, 0x06, 0x0a, 0x2b, 0x06, 0x01, 0x04, 0x01, 0x82, 0xa2, 0x7c, 0x02, 0x01, 0x0c, 0x04, 0x46, 0x46, 0x46, 0x31, 0x30, 0x20, 0x17, 0x0d, 0x32, 0x32, 0x30, 0x32, 0x30, 0x35, 0x30, 0x30, 0x30, 0x30, 0x30, 0x30, 0x5a, 0x18, 0x0f, 0x39, 0x39, 0x39, 0x39, 0x31, 0x32, 0x33, 0x31, 0x32, 0x33, 0x35, 0x39, 0x35, 0x39, 0x5a, 0x30, 0x53, 0x31, 0x25, 0x30, 0x23, 0x06, 0x03, 0x55, 0x04, 0x03, 0x0c, 0x1c, 0x4d, 0x61, 0x74, 0x74, 0x65, 0x72, 0x20, 0x44, 0x65, 0x76, 0x20, 0x44, 0x41, 0x43, 0x20, 0x30, 0x78, 0x46, 0x46, 0x46, 0x31, 0x2f, 0x30, 0x78, 0x38, 0x30, 0x30, 0x31, 0x31, 0x14, 0x30, 0x12, 0x06, 0x0a, 0x2b, 0x06, 0x01, 0x04, 0x01, 0x82, 0xa2, 0x7c, 0x02, 0x01, 0x0c, 0x04, 0x46, 0x46, 0x46, 0x31, 0x31, 0x14, 0x30, 0x12, 0x06, 0x0a, 0x2b, 0x06, 0x01, 0x04, 0x01, 0x82, 0xa2, 0x7c, 0x02, 0x02, 0x0c, 0x04, 0x38, 0x30, 0x30, 0x31, 0x30, 0x59, 0x30, 0x13, 0x06, 0x07, 0x2a, 0x86, 0x48, 0xce, 0x3d, 0x02, 0x01, 0x06, 0x08, 0x2a, 0x86, 0x48, 0xce, 0x3d, 0x03, 0x01, 0x07, 0x03, 0x42, 0x00, 0x04, 0x46, 0x3a, 0xc6, 0x93, 0x42, 0x91, 0x0a, 0x0e, 0x55, 0x88, 0xfc, 0x6f, 0xf5, 0x6b, 0xb6, 0x3e, 0x62, 0xec, 0xce, 0xcb, 0x14, 0x8f, 0x7d, 0x4e, 0xb0, 0x3e, 0xe5, 0x52, 0x60, 0x14, 0x15, 0x76, 0x7d, 0x16, 0xa5, 0xc6, 0x63, 0xf7, 0x93, 0x[0m
[0;34m[1784655686.240] [8920:8922] [DMG] 					] (491 bytes)[0m
[0;34m[1784655686.240] [8920:8922] [DMG] 				},[0m
[0;34m[1784655686.240] [8920:8922] [DMG] 			},[0m
[0;34m[1784655686.240] [8920:8922] [DMG] 			[0m
[0;34m[1784655686.240] [8920:8922] [DMG] 		},[0m
[0;34m[1784655686.240] [8920:8922] [DMG] 		[0m
[0;34m[1784655686.240] [8920:8922] [DMG] 	],[0m
[0;34m[1784655686.240] [8920:8922] [DMG] 	[0m
[0;34m[1784655686.240] [8920:8922] [DMG] 	InteractionModelRevision = 12[0m
[0;34m[1784655686.240] [8920:8922] [DMG] },[0m
[0;32m[1784655686.240] [8920:8922] [DMG] Received Command Response Data, Endpoint=0 Cluster=0x0000_003E Command=0x0000_0003[0m
[0;32m[1784655686.240] [8920:8922] [CTL] Received certificate chain from the device[0m
[0;32m[1784655686.240] [8920:8922] [CTL] Successfully finished commissioning step 'SendDACCertificateRequest'[0m
[0;32m[1784655686.240] [8920:8922] [CTL] Commissioning stage next step: 'SendDACCertificateRequest' -> 'SendAttestationRequest'[0m
[0;32m[1784655686.240] [8920:8922] [CTL] Performing next commissioning step 'SendAttestationRequest'[0m
[0;34m[1784655686.240] [8920:8922] [TOO] Starting commissioning stage 'SendAttestationRequest'[0m
[0;32m[1784655686.240] [8920:8922] [CTL] Sending Attestation Request to the device.[0m
[0;34m[1784655686.240] [8920:8922] [CTL] Sending Attestation request to 0x7b8ef4033e20 device[0m
[0;34m[1784655686.240] [8920:8922] [DMG] ICR moving to [AddingComm][0m
[0;34m[1784655686.240] [8920:8922] [DMG] ICR moving to [AddedComma][0m
[0;32m[1784655686.240] [8920:8922] [EM] <<< [E:36723i S:5258 M:261911586] (S) Msg TX from 0000000000000000 to 0:FFFFFFFB00000000 [0000] [UDP:[fe80::bfe:a203:38f0:bce7%enp0s3]:5540] --- Type 0001:08 (IM:InvokeCommandRequest) (B:94)[0m
[0;32m[1784655686.240] [8920:8922] [EM] ??1 [E:36723i S:5258 M:261911586] (S) Msg Retransmission to 0:FFFFFFFB00000000 scheduled for 365ms from now [State:Active II:500 AI:300 AT:4000][0m
[0;34m[1784655686.240] [8920:8922] [DMG] ICR moving to [AwaitingRe][0m
[0;34m[1784655686.240] [8920:8922] [CTL] Sent Attestation request, waiting for the Attestation Information[0m
[0;34m[1784655686.240] [8920:8922] [DMG] ICR moving to [AwaitingDe][0m
[0;32m[1784655686.240] [8920:8922] [EM] <<< [E:36722i S:5258 M:261911587 (Ack:189663847)] (S) Msg TX from 0000000000000000 to 0:FFFFFFFB00000000 [0000] [UDP:[fe80::bfe:a203:38f0:bce7%enp0s3]:5540] --- Type 0000:10 (SecureChannel:StandaloneAck) (B:34)[0m
[0;34m[1784655686.240] [8920:8922] [EM] Flushed pending ack for MessageCounter:189663847 on exchange 36722i[0m
[0;32m[1784655686.241] [8920:8922] [EM] >>> [E:36723i S:5258 M:189663848 (Ack:261911586)] (S) Msg RX from 0:FFFFFFFB00000000 [0000] to 0000000000000000 --- Type 0001:09 (IM:InvokeCommandResponse) (B:718)[0m
[0;34m[1784655686.241] [8920:8922] [EM] Found matching exchange: 36723i, Delegate: 0x7b8ef4035088[0m
[0;34m[1784655686.241] [8920:8922] [EM] Rxd Ack; Removing MessageCounter:261911586 from Retrans Table on exchange 36723i[0m
[0;34m[1784655686.241] [8920:8922] [DMG] ICR moving to [ResponseRe][0m
[0;34m[1784655686.241] [8920:8922] [DMG] InvokeResponseMessage =[0m
[0;34m[1784655686.241] [8920:8922] [DMG] {[0m
[0;34m[1784655686.241] [8920:8922] [DMG] 	suppressResponse = false, [0m
[0;34m[1784655686.241] [8920:8922] [DMG] 	InvokeResponseIBs =[0m
[0;34m[1784655686.241] [8920:8922] [DMG] 	[[0m
[0;34m[1784655686.241] [8920:8922] [DMG] 		InvokeResponseIB =[0m
[0;34m[1784655686.241] [8920:8922] [DMG] 		{[0m
[0;34m[1784655686.241] [8920:8922] [DMG] 			CommandDataIB =[0m
[0;34m[1784655686.241] [8920:8922] [DMG] 			{[0m
[0;34m[1784655686.241] [8920:8922] [DMG] 				CommandPathIB =[0m
[0;34m[1784655686.241] [8920:8922] [DMG] 				{[0m
[0;34m[1784655686.241] [8920:8922] [DMG] 					EndpointId = 0x0,[0m
[0;34m[1784655686.241] [8920:8922] [DMG] 					ClusterId = 0x3e,[0m
[0;34m[1784655686.241] [8920:8922] [DMG] 					CommandId = 0x1,[0m
[0;34m[1784655686.241] [8920:8922] [DMG] 				},[0m
[0;34m[1784655686.241] [8920:8922] [DMG] 				[0m
[0;34m[1784655686.241] [8920:8922] [DMG] 				CommandFields = [0m
[0;34m[1784655686.241] [8920:8922] [DMG] 				{[0m
[0;34m[1784655686.241] [8920:8922] [DMG] 					0x0 = [[0m
[0;34m[1784655686.241] [8920:8922] [DMG] 							0x15, 0x31, 0x01, 0x1b, 0x02, 0x30, 0x82, 0x02, 0x17, 0x06, 0x09, 0x2a, 0x86, 0x48, 0x86, 0xf7, 0x0d, 0x01, 0x07, 0x02, 0xa0, 0x82, 0x02, 0x08, 0x30, 0x82, 0x02, 0x04, 0x02, 0x01, 0x03, 0x31, 0x0d, 0x30, 0x0b, 0x06, 0x09, 0x60, 0x86, 0x48, 0x01, 0x65, 0x03, 0x04, 0x02, 0x01, 0x30, 0x82, 0x01, 0x70, 0x06, 0x09, 0x2a, 0x86, 0x48, 0x86, 0xf7, 0x0d, 0x01, 0x07, 0x01, 0xa0, 0x82, 0x01, 0x61, 0x04, 0x82, 0x01, 0x5d, 0x15, 0x24, 0x00, 0x01, 0x25, 0x01, 0xf1, 0xff, 0x36, 0x02, 0x05, 0x00, 0x80, 0x05, 0x01, 0x80, 0x05, 0x02, 0x80, 0x05, 0x03, 0x80, 0x05, 0x04, 0x80, 0x05, 0x05, 0x80, 0x05, 0x06, 0x80, 0x05, 0x07, 0x80, 0x05, 0x08, 0x80, 0x05, 0x09, 0x80, 0x05, 0x0a, 0x80, 0x05, 0x0b, 0x80, 0x05, 0x0c, 0x80, 0x05, 0x0d, 0x80, 0x05, 0x0e, 0x80, 0x05, 0x0f, 0x80, 0x05, 0x10, 0x80, 0x05, 0x11, 0x80, 0x05, 0x12, 0x80, 0x05, 0x13, 0x80, 0x05, 0x14, 0x80, 0x05, 0x15, 0x80, 0x05, 0x16, 0x80, 0x05, 0x17, 0x80, 0x05, 0x18, 0x80, 0x05, 0x19, 0x80, 0x05, 0x1a, 0x80, 0x05, 0x1b, 0x80, 0x05, 0x1c, 0x80, 0x05, 0x1d, 0x80, 0x05, 0x1e, 0x80, 0x05, 0x1f, 0x80, 0x05, 0x20, 0x80, 0x05, 0x21, 0x80, 0x05, 0x22, 0x80, 0x05, 0x23, 0x80, 0x05, 0x24, 0x80, 0x05, 0x25, 0x80, 0x05, 0x26, 0x80, 0x05, 0x27, 0x80, 0x05, 0x28, 0x80, 0x05, 0x29, 0x80, 0x05, 0x2a, 0x80, 0x05, 0x2b, 0x80, 0x05, 0x2c, 0x80, 0x05, 0x2d, 0x80, 0x05, 0x2e, 0x80, 0x05, 0x2f, 0x80, 0x05, 0x30, 0x80, 0x05, 0x31, 0x80, 0x05, 0x32, 0x80, 0x05, 0x33, 0x80, 0x05, 0x34, 0x80, 0x05, 0x35, 0x80, 0x05, 0x36, 0x80, 0x05, 0x37, 0x80, 0x05, 0x38, 0x80, 0x05, 0x39, 0x80, 0x05, 0x3a, 0x80, 0x05, 0x3b, 0x80, 0x05, 0x3c, 0x80, 0x05, 0x3d, 0x80, 0x05, 0x3e, 0x80, 0x05, 0x3f, 0x80, 0x05, 0x40, 0x80, 0x05, 0x41, 0x80, 0x05, 0x42, 0x80, 0x05, 0x43, 0x80, 0x[0m
[0;34m[1784655686.241] [8920:8922] [DMG] 					] (583 bytes)[0m
[0;34m[1784655686.241] [8920:8922] [DMG] 					0x1 = [[0m
[0;34m[1784655686.241] [8920:8922] [DMG] 							0x3a, 0x75, 0xba, 0xe5, 0x99, 0x3b, 0x64, 0xdb, 0xde, 0x48, 0x72, 0x0d, 0xb1, 0x5a, 0x4d, 0xac, 0xde, 0xd0, 0xaa, 0xf7, 0x2c, 0xf0, 0xaa, 0xa8, 0x1a, 0x2d, 0x90, 0xba, 0xe1, 0xc8, 0xfc, 0x12, 0x31, 0xb7, 0x81, 0xa7, 0xed, 0x5e, 0xc3, 0x63, 0x38, 0xa8, 0x8b, 0xf5, 0x4d, 0x4e, 0xa1, 0x03, 0x00, 0xa2, 0x44, 0x3a, 0xd5, 0x81, 0xaf, 0xd1, 0x4b, 0xa6, 0xda, 0xc7, 0x2c, 0x18, 0x95, 0xe3, [0m
[0;34m[1784655686.241] [8920:8922] [DMG] 					] (64 bytes)[0m
[0;34m[1784655686.241] [8920:8922] [DMG] 				},[0m
[0;34m[1784655686.241] [8920:8922] [DMG] 			},[0m
[0;34m[1784655686.241] [8920:8922] [DMG] 			[0m
[0;34m[1784655686.241] [8920:8922] [DMG] 		},[0m
[0;34m[1784655686.241] [8920:8922] [DMG] 		[0m
[0;34m[1784655686.241] [8920:8922] [DMG] 	],[0m
[0;34m[1784655686.241] [8920:8922] [DMG] 	[0m
[0;34m[1784655686.241] [8920:8922] [DMG] 	InteractionModelRevision = 12[0m
[0;34m[1784655686.241] [8920:8922] [DMG] },[0m
[0;32m[1784655686.241] [8920:8922] [DMG] Received Command Response Data, Endpoint=0 Cluster=0x0000_003E Command=0x0000_0001[0m
[0;32m[1784655686.241] [8920:8922] [CTL] Received Attestation Information from the device[0m
[0;32m[1784655686.241] [8920:8922] [CTL] Successfully finished commissioning step 'SendAttestationRequest'[0m
[0;34m[1784655686.241] [8920:8922] [CTL] AutoCommissioner setting attestationElements buffer size 583/583[0m
[0;32m[1784655686.241] [8920:8922] [CTL] Commissioning stage next step: 'SendAttestationRequest' -> 'AttestationVerification'[0m
[0;32m[1784655686.241] [8920:8922] [CTL] Performing next commissioning step 'AttestationVerification'[0m
[0;34m[1784655686.241] [8920:8922] [TOO] Starting commissioning stage 'AttestationVerification'[0m
[0;32m[1784655686.241] [8920:8922] [CTL] Verifying Device Attestation information received from the device[0m
[0;32m[1784655686.243] [8920:8922] [-] Device candidate DAC chain details:[0m
[0;32m[1784655686.243] [8920:8922] [-] --> DAC's VID: 0xFFF1, PID: 0x8001[0m
[0;32m[1784655686.243] [8920:8922] [-] ==== DAC certificate considered (491 bytes) ====[0m
[0;32m[1784655686.243] [8920:8922] [-] -----BEGIN CERTIFICATE-----[0m
[0;32m[1784655686.243] [8920:8922] [-] MIIB5zCCAY6gAwIBAgIIac3xDenlTtEwCgYIKoZIzj0EAwIwPTElMCMGA1UEAwwc[0m
[0;32m[1784655686.243] [8920:8922] [-] TWF0dGVyIERldiBQQUkgMHhGRkYxIG5vIFBJRDEUMBIGCisGAQQBgqJ8AgEMBEZG[0m
[0;32m[1784655686.243] [8920:8922] [-] RjEwIBcNMjIwMjA1MDAwMDAwWhgPOTk5OTEyMzEyMzU5NTlaMFMxJTAjBgNVBAMM[0m
[0;32m[1784655686.243] [8920:8922] [-] HE1hdHRlciBEZXYgREFDIDB4RkZGMS8weDgwMDExFDASBgorBgEEAYKifAIBDARG[0m
[0;32m[1784655686.243] [8920:8922] [-] RkYxMRQwEgYKKwYBBAGConwCAgwEODAwMTBZMBMGByqGSM49AgEGCCqGSM49AwEH[0m
[0;32m[1784655686.243] [8920:8922] [-] A0IABEY6xpNCkQoOVYj8b/Vrtj5i7M7LFI99TrA+5VJgFBV2fRalxmP3k+SRIyYL[0m
[0;32m[1784655686.243] [8920:8922] [-] gpenzX58/HsxaznZjpDSk3dzjoKjYDBeMAwGA1UdEwEB/wQCMAAwDgYDVR0PAQH/[0m
[0;32m[1784655686.243] [8920:8922] [-] BAQDAgeAMB0GA1UdDgQWBBSI3eezADgpMs/3NMBGJIEPRBaKbzAfBgNVHSMEGDAW[0m
[0;32m[1784655686.243] [8920:8922] [-] gBRjVA5H9kscONE4hKRi0WwZXY/7PDAKBggqhkjOPQQDAgNHADBEAiABJ6J7S0Rh[0m
[0;32m[1784655686.243] [8920:8922] [-] DuL83E0reIVWNmC8D3bxchntagjfsrPBzQIga1ngr0Xz6yqFuRnTVzFSjGAoxBUj[0m
[0;32m[1784655686.243] [8920:8922] [-] lUXhCOTlTnCXE1M=[0m
[0;32m[1784655686.243] [8920:8922] [-] -----END CERTIFICATE-----[0m
[0;32m[1784655686.243] [8920:8922] [-] --> DAC certificate SKID: 88:DD:E7:B3:00:38:29:32:CF:F7:34:C0:46:24:81:0F:44:16:8A:6F[0m
[0;32m[1784655686.244] [8920:8922] [-] --> DAC certificate AKID: 63:54:0E:47:F6:4B:1C:38:D1:38:84:A4:62:D1:6C:19:5D:8F:FB:3C[0m
[0;32m[1784655686.244] [8920:8922] [-] ==== PAI certificate considered (463 bytes) ====[0m
[0;32m[1784655686.244] [8920:8922] [-] -----BEGIN CERTIFICATE-----[0m
[0;32m[1784655686.244] [8920:8922] [-] MIIByzCCAXGgAwIBAgIIVq2CIq2UW2QwCgYIKoZIzj0EAwIwMDEYMBYGA1UEAwwP[0m
[0;32m[1784655686.244] [8920:8922] [-] TWF0dGVyIFRlc3QgUEFBMRQwEgYKKwYBBAGConwCAQwERkZGMTAgFw0yMjAyMDUw[0m
[0;32m[1784655686.244] [8920:8922] [-] MDAwMDBaGA85OTk5MTIzMTIzNTk1OVowPTElMCMGA1UEAwwcTWF0dGVyIERldiBQ[0m
[0;32m[1784655686.244] [8920:8922] [-] QUkgMHhGRkYxIG5vIFBJRDEUMBIGCisGAQQBgqJ8AgEMBEZGRjEwWTATBgcqhkjO[0m
[0;32m[1784655686.244] [8920:8922] [-] PQIBBggqhkjOPQMBBwNCAARBmpMVwhc+DIyHbQPM/JRIUmR/f+xeUIL0BZko7KiU[0m
[0;32m[1784655686.244] [8920:8922] [-] xZQVEwmsYx5MsDOSr2hLC6+35ls7gWLC9Sv5MbjneqqCo2YwZDASBgNVHRMBAf8E[0m
[0;32m[1784655686.244] [8920:8922] [-] CDAGAQH/AgEAMA4GA1UdDwEB/wQEAwIBBjAdBgNVHQ4EFgQUY1QOR/ZLHDjROISk[0m
[0;32m[1784655686.244] [8920:8922] [-] YtFsGV2P+zwwHwYDVR0jBBgwFoAUav0idx9RH+y/FkGXZxDc3DGhcX4wCgYIKoZI[0m
[0;32m[1784655686.244] [8920:8922] [-] zj0EAwIDSAAwRQIhALLvJ/Sa6bUPuR7qyUxNC9u415KcbLiPrOUpNo0SBUwMAiBl[0m
[0;32m[1784655686.244] [8920:8922] [-] Xckrhr2QmIKmxiF3uCXX0F7b58Ivn+pxIg5+pwP4kQ==[0m
[0;32m[1784655686.244] [8920:8922] [-] -----END CERTIFICATE-----[0m
[0;32m[1784655686.244] [8920:8922] [-] --> PAI certificate SKID: 63:54:0E:47:F6:4B:1C:38:D1:38:84:A4:62:D1:6C:19:5D:8F:FB:3C[0m
[0;32m[1784655686.244] [8920:8922] [-] --> PAI certificate AKID: 6A:FD:22:77:1F:51:1F:EC:BF:16:41:97:67:10:DC:DC:31:A1:71:7E[0m
[0;32m[1784655686.245] [8920:8922] [-] ==== PAA certificate considered (449 bytes) ====[0m
[0;32m[1784655686.245] [8920:8922] [-] -----BEGIN CERTIFICATE-----[0m
[0;32m[1784655686.245] [8920:8922] [-] MIIBvTCCAWSgAwIBAgIITqjoMYLUHBwwCgYIKoZIzj0EAwIwMDEYMBYGA1UEAwwP[0m
[0;32m[1784655686.245] [8920:8922] [-] TWF0dGVyIFRlc3QgUEFBMRQwEgYKKwYBBAGConwCAQwERkZGMTAgFw0yMTA2Mjgx[0m
[0;32m[1784655686.245] [8920:8922] [-] NDIzNDNaGA85OTk5MTIzMTIzNTk1OVowMDEYMBYGA1UEAwwPTWF0dGVyIFRlc3Qg[0m
[0;32m[1784655686.245] [8920:8922] [-] UEFBMRQwEgYKKwYBBAGConwCAQwERkZGMTBZMBMGByqGSM49AgEGCCqGSM49AwEH[0m
[0;32m[1784655686.245] [8920:8922] [-] A0IABLbLY3KIfyko9brIGqnZOuJDHK2p154kL2UXfvnO2TKijs0Duq9qj8oYShpQ[0m
[0;32m[1784655686.245] [8920:8922] [-] NUKWDUU/MD8fGUIddR6Pjxqam3WjZjBkMBIGA1UdEwEB/wQIMAYBAf8CAQEwDgYD[0m
[0;32m[1784655686.245] [8920:8922] [-] VR0PAQH/BAQDAgEGMB0GA1UdDgQWBBRq/SJ3H1Ef7L8WQZdnENzcMaFxfjAfBgNV[0m
[0;32m[1784655686.245] [8920:8922] [-] HSMEGDAWgBRq/SJ3H1Ef7L8WQZdnENzcMaFxfjAKBggqhkjOPQQDAgNHADBEAiBQ[0m
[0;32m[1784655686.245] [8920:8922] [-] qoAC9NkyqaAFOPZTaK0P/8jvu8m+t9pWmDXPmqdRDgIgI7rI/g8j51RFtlM5CBpH[0m
[0;32m[1784655686.245] [8920:8922] [-] mUkpxyqvChVI1A0DTVFLJd4=[0m
[0;32m[1784655686.245] [8920:8922] [-] -----END CERTIFICATE-----[0m
[0;32m[1784655686.246] [8920:8922] [-] --> PAA certificate SKID: 6A:FD:22:77:1F:51:1F:EC:BF:16:41:97:67:10:DC:DC:31:A1:71:7E[0m
[0;32m[1784655686.246] [8920:8922] [-] --> PAA certificate AKID: 6A:FD:22:77:1F:51:1F:EC:BF:16:41:97:67:10:DC:DC:31:A1:71:7E[0m
[0;32m[1784655686.248] [8920:8922] [-] CD signing key identifier: FE:34:3F:95:99:47:76:3B:61:EE:45:39:13:13:38:49:4F:E6:7D:8E[0m
[0;32m[1784655686.249] [8920:8922] [-] Certification type 0[0m
[0;32m[1784655686.249] [8920:8922] [-] Device certification declaration details:[0m
[0;32m[1784655686.249] [8920:8922] [-] --> VID: 0xFFF1[0m
[0;32m[1784655686.249] [8920:8922] [-] --> Device type ID: 0x0000_0016[0m
[0;32m[1784655686.249] [8920:8922] [-] --> Certification type: 0 (Development and testing)[0m
[0;32m[1784655686.249] [8920:8922] [CTL] Successfully finished commissioning step 'AttestationVerification'[0m
[0;32m[1784655686.249] [8920:8922] [CTL] Commissioning stage next step: 'AttestationVerification' -> 'AttestationRevocationCheck'[0m
[0;32m[1784655686.249] [8920:8922] [CTL] Performing next commissioning step 'AttestationRevocationCheck'[0m
[0;34m[1784655686.249] [8920:8922] [TOO] Starting commissioning stage 'AttestationRevocationCheck'[0m
[0;32m[1784655686.249] [8920:8922] [CTL] Verifying the device's DAC chain revocation status[0m
[0;32m[1784655686.249] [8920:8922] [-] WARNING: No revocation delegate available. Revocation checks will be skipped![0m
[0;32m[1784655686.249] [8920:8922] [CTL] Successfully validated 'Attestation Information' command received from the device.[0m
[0;32m[1784655686.249] [8920:8922] [CTL] Successfully finished commissioning step 'AttestationRevocationCheck'[0m
[0;32m[1784655686.249] [8920:8922] [CTL] Commissioning stage next step: 'AttestationRevocationCheck' -> 'SendOpCertSigningRequest'[0m
[0;32m[1784655686.249] [8920:8922] [CTL] Performing next commissioning step 'SendOpCertSigningRequest'[0m
[0;34m[1784655686.249] [8920:8922] [TOO] Starting commissioning stage 'SendOpCertSigningRequest'[0m
[0;34m[1784655686.249] [8920:8922] [CTL] Sending CSR request to 0x7b8ef4033e20 device[0m
[0;34m[1784655686.249] [8920:8922] [DMG] ICR moving to [AddingComm][0m
[0;34m[1784655686.249] [8920:8922] [DMG] ICR moving to [AddedComma][0m
[0;32m[1784655686.249] [8920:8922] [EM] <<< [E:36724i S:5258 M:261911588] (S) Msg TX from 0000000000000000 to 0:FFFFFFFB00000000 [0000] [UDP:[fe80::bfe:a203:38f0:bce7%enp0s3]:5540] --- Type 0001:08 (IM:InvokeCommandRequest) (B:94)[0m
[0;32m[1784655686.249] [8920:8922] [EM] ??1 [E:36724i S:5258 M:261911588] (S) Msg Retransmission to 0:FFFFFFFB00000000 scheduled for 346ms from now [State:Active II:500 AI:300 AT:4000][0m
[0;34m[1784655686.249] [8920:8922] [DMG] ICR moving to [AwaitingRe][0m
[0;34m[1784655686.249] [8920:8922] [CTL] Sent CSR request, waiting for the CSR[0m
[0;34m[1784655686.249] [8920:8922] [DMG] ICR moving to [AwaitingDe][0m
[0;32m[1784655686.249] [8920:8922] [EM] <<< [E:36723i S:5258 M:261911589 (Ack:189663848)] (S) Msg TX from 0000000000000000 to 0:FFFFFFFB00000000 [0000] [UDP:[fe80::bfe:a203:38f0:bce7%enp0s3]:5540] --- Type 0000:10 (SecureChannel:StandaloneAck) (B:34)[0m
[0;34m[1784655686.249] [8920:8922] [EM] Flushed pending ack for MessageCounter:189663848 on exchange 36723i[0m
[0;32m[1784655686.250] [8920:8922] [EM] >>> [E:36724i S:5258 M:189663849 (Ack:261911588)] (S) Msg RX from 0:FFFFFFFB00000000 [0000] to 0000000000000000 --- Type 0001:09 (IM:InvokeCommandResponse) (B:378)[0m
[0;34m[1784655686.250] [8920:8922] [EM] Found matching exchange: 36724i, Delegate: 0x7b8ef40382d8[0m
[0;34m[1784655686.250] [8920:8922] [EM] Rxd Ack; Removing MessageCounter:261911588 from Retrans Table on exchange 36724i[0m
[0;34m[1784655686.250] [8920:8922] [DMG] ICR moving to [ResponseRe][0m
[0;34m[1784655686.250] [8920:8922] [DMG] InvokeResponseMessage =[0m
[0;34m[1784655686.250] [8920:8922] [DMG] {[0m
[0;34m[1784655686.250] [8920:8922] [DMG] 	suppressResponse = false, [0m
[0;34m[1784655686.250] [8920:8922] [DMG] 	InvokeResponseIBs =[0m
[0;34m[1784655686.250] [8920:8922] [DMG] 	[[0m
[0;34m[1784655686.250] [8920:8922] [DMG] 		InvokeResponseIB =[0m
[0;34m[1784655686.250] [8920:8922] [DMG] 		{[0m
[0;34m[1784655686.250] [8920:8922] [DMG] 			CommandDataIB =[0m
[0;34m[1784655686.250] [8920:8922] [DMG] 			{[0m
[0;34m[1784655686.250] [8920:8922] [DMG] 				CommandPathIB =[0m
[0;34m[1784655686.250] [8920:8922] [DMG] 				{[0m
[0;34m[1784655686.250] [8920:8922] [DMG] 					EndpointId = 0x0,[0m
[0;34m[1784655686.250] [8920:8922] [DMG] 					ClusterId = 0x3e,[0m
[0;34m[1784655686.250] [8920:8922] [DMG] 					CommandId = 0x5,[0m
[0;34m[1784655686.250] [8920:8922] [DMG] 				},[0m
[0;34m[1784655686.250] [8920:8922] [DMG] 				[0m
[0;34m[1784655686.250] [8920:8922] [DMG] 				CommandFields = [0m
[0;34m[1784655686.250] [8920:8922] [DMG] 				{[0m
[0;34m[1784655686.250] [8920:8922] [DMG] 					0x0 = [[0m
[0;34m[1784655686.250] [8920:8922] [DMG] 							0x15, 0x30, 0x01, 0xcc, 0x30, 0x81, 0xc9, 0x30, 0x70, 0x02, 0x01, 0x00, 0x30, 0x0e, 0x31, 0x0c, 0x30, 0x0a, 0x06, 0x03, 0x55, 0x04, 0x0a, 0x0c, 0x03, 0x43, 0x53, 0x52, 0x30, 0x59, 0x30, 0x13, 0x06, 0x07, 0x2a, 0x86, 0x48, 0xce, 0x3d, 0x02, 0x01, 0x06, 0x08, 0x2a, 0x86, 0x48, 0xce, 0x3d, 0x03, 0x01, 0x07, 0x03, 0x42, 0x00, 0x04, 0xc8, 0x5f, 0xdc, 0x78, 0xbc, 0xa6, 0xc6, 0xbf, 0x42, 0x08, 0x96, 0xec, 0xe1, 0xec, 0x33, 0xfc, 0xf8, 0x9e, 0xb7, 0xa4, 0xe6, 0x7f, 0x7e, 0x4e, 0xb6, 0x2e, 0xb8, 0x6a, 0x92, 0x85, 0x2c, 0xd0, 0x77, 0x7a, 0x96, 0xb9, 0x9e, 0xa6, 0x50, 0x96, 0x17, 0x87, 0x74, 0x64, 0x0a, 0xe2, 0xba, 0x7d, 0xe6, 0x63, 0x91, 0xb6, 0x99, 0xf3, 0xa4, 0x07, 0xff, 0x08, 0x7b, 0x1a, 0x74, 0x94, 0x4c, 0xd9, 0xa0, 0x00, 0x30, 0x0a, 0x06, 0x08, 0x2a, 0x86, 0x48, 0xce, 0x3d, 0x04, 0x03, 0x02, 0x03, 0x49, 0x00, 0x30, 0x46, 0x02, 0x21, 0x00, 0xd5, 0x24, 0x4d, 0x33, 0x13, 0x29, 0x15, 0xa2, 0x32, 0x65, 0x83, 0xaa, 0xa2, 0xf2, 0xa6, 0xa9, 0x52, 0x79, 0x86, 0x36, 0x2c, 0x46, 0xae, 0xfb, 0xae, 0x76, 0x62, 0x66, 0x0c, 0xa1, 0x56, 0xf2, 0x02, 0x21, 0x00, 0xff, 0x4b, 0x06, 0x2e, 0x0c, 0xd1, 0x48, 0x1a, 0x90, 0xb9, 0x57, 0xb9, 0xcc, 0xfa, 0x9c, 0xaf, 0x52, 0x15, 0xb0, 0x2c, 0xa5, 0x08, 0x79, 0x47, 0x28, 0xee, 0x5c, 0x83, 0xb4, 0x0f, 0x52, 0x4f, 0x30, 0x02, 0x20, 0x89, 0x6a, 0xd1, 0xa5, 0xb6, 0x5d, 0x95, 0x0d, 0x6e, 0x85, 0xd1, 0x3c, 0x02, 0x30, 0x5e, 0x36, 0xa6, 0xcc, 0xf9, 0x45, 0xd0, 0xca, 0x4f, 0x3f, 0x99, 0x24, 0x64, 0x91, 0xe8, 0x7e, 0x28, 0x7a, 0x18, [0m
[0;34m[1784655686.250] [8920:8922] [DMG] 					] (244 bytes)[0m
[0;34m[1784655686.250] [8920:8922] [DMG] 					0x1 = [[0m
[0;34m[1784655686.250] [8920:8922] [DMG] 							0xda, 0xda, 0xed, 0x51, 0xa2, 0xba, 0x33, 0x99, 0xfd, 0xd0, 0x1a, 0x0b, 0xd1, 0x46, 0x47, 0xab, 0x3a, 0x67, 0x2f, 0x97, 0x58, 0x63, 0x96, 0x77, 0x32, 0x71, 0xe5, 0x9a, 0xa0, 0xd7, 0x3b, 0xae, 0x1c, 0xe6, 0xd9, 0x22, 0x86, 0xd4, 0xb5, 0x49, 0x70, 0x6f, 0x8a, 0x22, 0x01, 0xd1, 0x2a, 0xa2, 0x86, 0x08, 0x13, 0xe3, 0xc5, 0x0f, 0x94, 0xa4, 0x89, 0x2e, 0x9a, 0x6d, 0x5b, 0xe4, 0x40, 0xad, [0m
[0;34m[1784655686.250] [8920:8922] [DMG] 					] (64 bytes)[0m
[0;34m[1784655686.250] [8920:8922] [DMG] 				},[0m
[0;34m[1784655686.250] [8920:8922] [DMG] 			},[0m
[0;34m[1784655686.250] [8920:8922] [DMG] 			[0m
[0;34m[1784655686.250] [8920:8922] [DMG] 		},[0m
[0;34m[1784655686.250] [8920:8922] [DMG] 		[0m
[0;34m[1784655686.250] [8920:8922] [DMG] 	],[0m
[0;34m[1784655686.250] [8920:8922] [DMG] 	[0m
[0;34m[1784655686.250] [8920:8922] [DMG] 	InteractionModelRevision = 12[0m
[0;34m[1784655686.250] [8920:8922] [DMG] },[0m
[0;32m[1784655686.250] [8920:8922] [DMG] Received Command Response Data, Endpoint=0 Cluster=0x0000_003E Command=0x0000_0005[0m
[0;32m[1784655686.250] [8920:8922] [CTL] Received certificate signing request from the device[0m
[0;32m[1784655686.250] [8920:8922] [CTL] Successfully finished commissioning step 'SendOpCertSigningRequest'[0m
[0;32m[1784655686.250] [8920:8922] [CTL] Commissioning stage next step: 'SendOpCertSigningRequest' -> 'ValidateCSR'[0m
[0;32m[1784655686.250] [8920:8922] [CTL] Performing next commissioning step 'ValidateCSR'[0m
[0;34m[1784655686.250] [8920:8922] [TOO] Starting commissioning stage 'ValidateCSR'[0m
[0;32m[1784655686.251] [8920:8922] [CTL] Successfully finished commissioning step 'ValidateCSR'[0m
[0;32m[1784655686.251] [8920:8922] [CTL] Commissioning stage next step: 'ValidateCSR' -> 'GenerateNOCChain'[0m
[0;32m[1784655686.251] [8920:8922] [CTL] Performing next commissioning step 'GenerateNOCChain'[0m
[0;34m[1784655686.251] [8920:8922] [TOO] Starting commissioning stage 'GenerateNOCChain'[0m
[0;32m[1784655686.251] [8920:8922] [CTL] Getting certificate chain for the device from the issuer[0m
[0;32m[1784655686.251] [8920:8922] [CTL] Verifying Certificate Signing Request[0m
[0;32m[1784655686.251] [8920:8922] [CTL] Generating NOC[0m
[0;32m[1784655686.251] [8920:8922] [CTL] Providing certificate chain to the commissioner[0m
[0;32m[1784655686.251] [8920:8922] [CTL] Received callback from the CA for NOC Chain generation. Status: Success[0m
[0;32m[1784655686.251] [8920:8922] [CTL] Successfully finished commissioning step 'GenerateNOCChain'[0m
[0;32m[1784655686.251] [8920:8922] [CTL] Performing next commissioning step 'SendTrustedRootCert'[0m
[0;34m[1784655686.251] [8920:8922] [TOO] Starting commissioning stage 'SendTrustedRootCert'[0m
[0;32m[1784655686.251] [8920:8922] [CTL] Sending root certificate to the device[0m
[0;34m[1784655686.252] [8920:8922] [DMG] ICR moving to [AddingComm][0m
[0;34m[1784655686.252] [8920:8922] [DMG] ICR moving to [AddedComma][0m
[0;32m[1784655686.252] [8920:8922] [EM] <<< [E:36725i S:5258 M:261911590] (S) Msg TX from 0000000000000000 to 0:FFFFFFFB00000000 [0000] [UDP:[fe80::bfe:a203:38f0:bce7%enp0s3]:5540] --- Type 0001:08 (IM:InvokeCommandRequest) (B:293)[0m
[0;32m[1784655686.252] [8920:8922] [EM] ??1 [E:36725i S:5258 M:261911590] (S) Msg Retransmission to 0:FFFFFFFB00000000 scheduled for 385ms from now [State:Active II:500 AI:300 AT:4000][0m
[0;34m[1784655686.252] [8920:8922] [DMG] ICR moving to [AwaitingRe][0m
[0;32m[1784655686.252] [8920:8922] [CTL] Sent root certificate to the device[0m
[0;34m[1784655686.252] [8920:8922] [DMG] ICR moving to [AwaitingDe][0m
[0;32m[1784655686.252] [8920:8922] [EM] <<< [E:36724i S:5258 M:261911591 (Ack:189663849)] (S) Msg TX from 0000000000000000 to 0:FFFFFFFB00000000 [0000] [UDP:[fe80::bfe:a203:38f0:bce7%enp0s3]:5540] --- Type 0000:10 (SecureChannel:StandaloneAck) (B:34)[0m
[0;34m[1784655686.252] [8920:8922] [EM] Flushed pending ack for MessageCounter:189663849 on exchange 36724i[0m
[0;32m[1784655686.253] [8920:8922] [EM] >>> [E:36725i S:5258 M:189663850 (Ack:261911590)] (S) Msg RX from 0:FFFFFFFB00000000 [0000] to 0000000000000000 --- Type 0001:09 (IM:InvokeCommandResponse) (B:67)[0m
[0;34m[1784655686.253] [8920:8922] [EM] Found matching exchange: 36725i, Delegate: 0x7b8ef4035088[0m
[0;34m[1784655686.253] [8920:8922] [EM] Rxd Ack; Removing MessageCounter:261911590 from Retrans Table on exchange 36725i[0m
[0;34m[1784655686.253] [8920:8922] [DMG] ICR moving to [ResponseRe][0m
[0;34m[1784655686.253] [8920:8922] [DMG] InvokeResponseMessage =[0m
[0;34m[1784655686.253] [8920:8922] [DMG] {[0m
[0;34m[1784655686.253] [8920:8922] [DMG] 	suppressResponse = false, [0m
[0;34m[1784655686.253] [8920:8922] [DMG] 	InvokeResponseIBs =[0m
[0;34m[1784655686.253] [8920:8922] [DMG] 	[[0m
[0;34m[1784655686.253] [8920:8922] [DMG] 		InvokeResponseIB =[0m
[0;34m[1784655686.253] [8920:8922] [DMG] 		{[0m
[0;34m[1784655686.253] [8920:8922] [DMG] 			CommandStatusIB =[0m
[0;34m[1784655686.253] [8920:8922] [DMG] 			{[0m
[0;34m[1784655686.253] [8920:8922] [DMG] 				CommandPathIB =[0m
[0;34m[1784655686.253] [8920:8922] [DMG] 				{[0m
[0;34m[1784655686.253] [8920:8922] [DMG] 					EndpointId = 0x0,[0m
[0;34m[1784655686.253] [8920:8922] [DMG] 					ClusterId = 0x3e,[0m
[0;34m[1784655686.253] [8920:8922] [DMG] 					CommandId = 0xb,[0m
[0;34m[1784655686.253] [8920:8922] [DMG] 				},[0m
[0;34m[1784655686.253] [8920:8922] [DMG] 				[0m
[0;34m[1784655686.253] [8920:8922] [DMG] 				StatusIB =[0m
[0;34m[1784655686.253] [8920:8922] [DMG] 				{[0m
[0;34m[1784655686.253] [8920:8922] [DMG] 					status = 0x00 (SUCCESS),[0m
[0;34m[1784655686.253] [8920:8922] [DMG] 				},[0m
[0;34m[1784655686.253] [8920:8922] [DMG] 				[0m
[0;34m[1784655686.253] [8920:8922] [DMG] 			},[0m
[0;34m[1784655686.253] [8920:8922] [DMG] 			[0m
[0;34m[1784655686.253] [8920:8922] [DMG] 		},[0m
[0;34m[1784655686.253] [8920:8922] [DMG] 		[0m
[0;34m[1784655686.253] [8920:8922] [DMG] 	],[0m
[0;34m[1784655686.253] [8920:8922] [DMG] 	[0m
[0;34m[1784655686.253] [8920:8922] [DMG] 	InteractionModelRevision = 12[0m
[0;34m[1784655686.253] [8920:8922] [DMG] },[0m
[0;32m[1784655686.253] [8920:8922] [DMG] Received Command Response Status for Endpoint=0 Cluster=0x0000_003E Command=0x0000_000B Status=0x0[0m
[0;32m[1784655686.253] [8920:8922] [CTL] Device confirmed that it has received the root certificate[0m
[0;32m[1784655686.253] [8920:8922] [CTL] Successfully finished commissioning step 'SendTrustedRootCert'[0m
[0;32m[1784655686.253] [8920:8922] [CTL] Commissioning stage next step: 'SendTrustedRootCert' -> 'SendNOC'[0m
[0;32m[1784655686.253] [8920:8922] [CTL] Performing next commissioning step 'SendNOC'[0m
[0;34m[1784655686.253] [8920:8922] [TOO] Starting commissioning stage 'SendNOC'[0m
[0;34m[1784655686.253] [8920:8922] [DMG] ICR moving to [AddingComm][0m
[0;34m[1784655686.253] [8920:8922] [DMG] ICR moving to [AddedComma][0m
[0;32m[1784655686.253] [8920:8922] [EM] <<< [E:36726i S:5258 M:261911592] (S) Msg TX from 0000000000000000 to 0:FFFFFFFB00000000 [0000] [UDP:[fe80::bfe:a203:38f0:bce7%enp0s3]:5540] --- Type 0001:08 (IM:InvokeCommandRequest) (B:566)[0m
[0;32m[1784655686.253] [8920:8922] [EM] ??1 [E:36726i S:5258 M:261911592] (S) Msg Retransmission to 0:FFFFFFFB00000000 scheduled for 335ms from now [State:Active II:500 AI:300 AT:4000][0m
[0;34m[1784655686.253] [8920:8922] [DMG] ICR moving to [AwaitingRe][0m
[0;32m[1784655686.253] [8920:8922] [CTL] Sent operational certificate to the device[0m
[0;34m[1784655686.253] [8920:8922] [DMG] ICR moving to [AwaitingDe][0m
[0;32m[1784655686.253] [8920:8922] [EM] <<< [E:36725i S:5258 M:261911593 (Ack:189663850)] (S) Msg TX from 0000000000000000 to 0:FFFFFFFB00000000 [0000] [UDP:[fe80::bfe:a203:38f0:bce7%enp0s3]:5540] --- Type 0000:10 (SecureChannel:StandaloneAck) (B:34)[0m
[0;34m[1784655686.253] [8920:8922] [EM] Flushed pending ack for MessageCounter:189663850 on exchange 36725i[0m
[0;32m[1784655686.266] [8920:8922] [EM] >>> [E:36726i S:5258 M:189663851 (Ack:261911592)] (S) Msg RX from 0:FFFFFFFB00000000 [0000] to 0000000000000000 --- Type 0001:09 (IM:InvokeCommandResponse) (B:70)[0m
[0;34m[1784655686.266] [8920:8922] [EM] Found matching exchange: 36726i, Delegate: 0x7b8ef40382d8[0m
[0;34m[1784655686.266] [8920:8922] [EM] Rxd Ack; Removing MessageCounter:261911592 from Retrans Table on exchange 36726i[0m
[0;34m[1784655686.266] [8920:8922] [DMG] ICR moving to [ResponseRe][0m
[0;34m[1784655686.266] [8920:8922] [DMG] InvokeResponseMessage =[0m
[0;34m[1784655686.266] [8920:8922] [DMG] {[0m
[0;34m[1784655686.266] [8920:8922] [DMG] 	suppressResponse = false, [0m
[0;34m[1784655686.266] [8920:8922] [DMG] 	InvokeResponseIBs =[0m
[0;34m[1784655686.266] [8920:8922] [DMG] 	[[0m
[0;34m[1784655686.266] [8920:8922] [DMG] 		InvokeResponseIB =[0m
[0;34m[1784655686.266] [8920:8922] [DMG] 		{[0m
[0;34m[1784655686.266] [8920:8922] [DMG] 			CommandDataIB =[0m
[0;34m[1784655686.266] [8920:8922] [DMG] 			{[0m
[0;34m[1784655686.266] [8920:8922] [DMG] 				CommandPathIB =[0m
[0;34m[1784655686.266] [8920:8922] [DMG] 				{[0m
[0;34m[1784655686.266] [8920:8922] [DMG] 					EndpointId = 0x0,[0m
[0;34m[1784655686.266] [8920:8922] [DMG] 					ClusterId = 0x3e,[0m
[0;34m[1784655686.266] [8920:8922] [DMG] 					CommandId = 0x8,[0m
[0;34m[1784655686.266] [8920:8922] [DMG] 				},[0m
[0;34m[1784655686.266] [8920:8922] [DMG] 				[0m
[0;34m[1784655686.266] [8920:8922] [DMG] 				CommandFields = [0m
[0;34m[1784655686.266] [8920:8922] [DMG] 				{[0m
[0;34m[1784655686.266] [8920:8922] [DMG] 					0x0 = 0 (unsigned), [0m
[0;34m[1784655686.266] [8920:8922] [DMG] 					0x1 = 1 (unsigned), [0m
[0;34m[1784655686.266] [8920:8922] [DMG] 				},[0m
[0;34m[1784655686.266] [8920:8922] [DMG] 			},[0m
[0;34m[1784655686.266] [8920:8922] [DMG] 			[0m
[0;34m[1784655686.266] [8920:8922] [DMG] 		},[0m
[0;34m[1784655686.266] [8920:8922] [DMG] 		[0m
[0;34m[1784655686.266] [8920:8922] [DMG] 	],[0m
[0;34m[1784655686.266] [8920:8922] [DMG] 	[0m
[0;34m[1784655686.266] [8920:8922] [DMG] 	InteractionModelRevision = 12[0m
[0;34m[1784655686.266] [8920:8922] [DMG] },[0m
[0;32m[1784655686.266] [8920:8922] [DMG] Received Command Response Data, Endpoint=0 Cluster=0x0000_003E Command=0x0000_0008[0m
[0;32m[1784655686.266] [8920:8922] [CTL] Device returned status 0 on receiving the NOC[0m
[0;32m[1784655686.266] [8920:8922] [CTL] Operational credentials provisioned on device 0x7b8ef4033e20[0m
[0;32m[1784655686.266] [8920:8922] [TOO] Secure Pairing Success[0m
[0;32m[1784655686.266] [8920:8922] [TOO] CASE establishment successful[0m
[0;32m[1784655686.266] [8920:8922] [CTL] Successfully finished commissioning step 'SendNOC'[0m
[0;32m[1784655686.266] [8920:8922] [CTL] Commissioning stage next step: 'SendNOC' -> 'EvictPreviousCaseSessions'[0m
[0;32m[1784655686.266] [8920:8922] [CTL] Performing next commissioning step 'EvictPreviousCaseSessions'[0m
[0;34m[1784655686.266] [8920:8922] [TOO] Starting commissioning stage 'EvictPreviousCaseSessions'[0m
[0;34m[1784655686.266] [8920:8922] [IN] Expiring all sessions for node <0000000000000001, 1>!![0m
[0;32m[1784655686.266] [8920:8922] [CTL] Successfully finished commissioning step 'EvictPreviousCaseSessions'[0m
[0;32m[1784655686.266] [8920:8922] [CTL] Commissioning stage next step: 'EvictPreviousCaseSessions' -> 'FindOperationalForStayActive'[0m
[0;32m[1784655686.266] [8920:8922] [CTL] Performing next commissioning step 'FindOperationalForStayActive'[0m
[0;34m[1784655686.266] [8920:8922] [TOO] Starting commissioning stage 'FindOperationalForStayActive'[0m
[0;34m[1784655686.266] [8920:8922] [CSM] FindOrEstablishSession: PeerId = [1:0000000000000001][0m
[0;34m[1784655686.266] [8920:8922] [CSM] FindOrEstablishSession: No existing OperationalSessionSetup instance found[0m
[0;34m[1784655686.266] [8920:8922] [DIS] OperationalSessionSetup[1:0000000000000001]: State change 1 --> 2[0m
[0;32m[1784655686.266] [8920:8922] [DIS] Lookup started for 5C4D4303B11E0A28-0000000000000001[0m
[0;34m[1784655686.266] [8920:8922] [DMG] ICR moving to [AwaitingDe][0m
[0;32m[1784655686.266] [8920:8922] [EM] <<< [E:36726i S:5258 M:261911594 (Ack:189663851)] (S) Msg TX from 0000000000000000 to 0:FFFFFFFB00000000 [0000] [UDP:[fe80::bfe:a203:38f0:bce7%enp0s3]:5540] --- Type 0000:10 (SecureChannel:StandaloneAck) (B:34)[0m
[0;34m[1784655686.266] [8920:8922] [EM] Flushed pending ack for MessageCounter:189663851 on exchange 36726i[0m
[0;32m[1784655686.267] [8920:8922] [DIS] UDP:[fe80::bfe:a203:38f0:bce7%enp0s3]:5540: new best score: 7 (for 5C4D4303B11E0A28-0000000000000001)[0m
[0;34m[1784655686.267] [8920:8922] [DIS] Lookup clearing interface for non LL address[0m
[0;32m[1784655686.267] [8920:8922] [DIS] UDP:10.0.2.15%enp0s3:5540: new best score: 2 (for 5C4D4303B11E0A28-0000000000000001)[0m
[0;32m[1784655686.267] [8920:8922] [DIS] Checking node lookup status for 5C4D4303B11E0A28-0000000000000001 after 1 ms[0m
[0;32m[1784655686.267] [8920:8922] [DIS] Keeping DNSSD lookup active[0m
[0;32m[1784655686.267] [8920:8922] [DIS] UDP:[fe80::bfe:a203:38f0:bce7%enp0s3]:5540: score has not improved: 7 (for 5C4D4303B11E0A28-0000000000000001)[0m
[0;34m[1784655686.267] [8920:8922] [DIS] Lookup clearing interface for non LL address[0m
[0;32m[1784655686.267] [8920:8922] [DIS] UDP:10.0.2.15%enp0s3:5540: score has not improved: 2 (for 5C4D4303B11E0A28-0000000000000001)[0m
[0;32m[1784655686.267] [8920:8922] [DIS] Checking node lookup status for 5C4D4303B11E0A28-0000000000000001 after 1 ms[0m
[0;32m[1784655686.267] [8920:8922] [DIS] Keeping DNSSD lookup active[0m
[0;32m[1784655686.469] [8920:8922] [DIS] Checking node lookup status for 5C4D4303B11E0A28-0000000000000001 after 203 ms[0m
[0;34m[1784655686.469] [8920:8922] [DIS] OperationalSessionSetup[1:0000000000000001]: Updating device address to UDP:[fe80::bfe:a203:38f0:bce7%enp0s3]:5540 while in state 2[0m
[0;34m[1784655686.469] [8920:8922] [DIS] OperationalSessionSetup[1:0000000000000001]: State change 2 --> 3[0m
[0;34m[1784655686.469] [8920:8922] [IN] SecureSession[0x7b8ef40647b0]: Allocated Type:2 LSID:5259[0m
[0;32m[1784655686.469] [8920:8922] [SC] Initiating session on local FabricIndex 1 from 0x000000000001B669 -> 0x0000000000000001[0m
[0;32m[1784655686.470] [8920:8922] [EM] <<< [E:36727i S:0 M:169910326] (U) Msg TX from E518E888149ADE4B to 0:0000000000000000 [0000] [UDP:[fe80::bfe:a203:38f0:bce7%enp0s3]:5540] --- Type 0000:30 (SecureChannel:CASE_Sigma1) (B:196)[0m
[0;32m[1784655686.470] [8920:8922] [EM] ??1 [E:36727i S:0 M:169910326] (U) Msg Retransmission to 0:0000000000000000 scheduled for 575ms from now [State:Idle II:500 AI:300 AT:4000][0m
[0;32m[1784655686.470] [8920:8922] [SC] Sent Sigma1 msg to <0000000000000001, 1> [II:500ms AI:300ms AT:4000ms][0m
[0;34m[1784655686.470] [8920:8922] [DIS] OperationalSessionSetup[1:0000000000000001]: State change 3 --> 4[0m
[0;32m[1784655686.472] [8920:8922] [EM] >>> [E:36727i S:0 M:46623808 (Ack:169910326)] (U) Msg RX from 0:0000000000000000 [0000] to E518E888149ADE4B --- Type 0000:31 (SecureChannel:CASE_Sigma2) (B:751)[0m
[0;34m[1784655686.472] [8920:8922] [EM] Found matching exchange: 36727i, Delegate: 0x7b8ef4064e88[0m
[0;34m[1784655686.472] [8920:8922] [EM] Rxd Ack; Removing MessageCounter:169910326 from Retrans Table on exchange 36727i[0m
[0;32m[1784655686.472] [8920:8922] [SC] Received Sigma2 msg[0m
[0;34m[1784655686.472] [8920:8922] [SC] Found MRP parameters in the message[0m
[0;34m[1784655686.473] [8920:8922] [SC] Peer <0000000000000001, 1> assigned session ID 30994[0m
[0;34m[1784655686.473] [8920:8922] [SC] Sending Sigma3[0m
[0;32m[1784655686.473] [8920:8922] [EM] <<< [E:36727i S:0 M:169910327 (Ack:46623808)] (U) Msg TX from E518E888149ADE4B to 0:0000000000000000 [0000] [UDP:[fe80::bfe:a203:38f0:bce7%enp0s3]:5540] --- Type 0000:32 (SecureChannel:CASE_Sigma3) (B:598)[0m
[0;32m[1784655686.473] [8920:8922] [EM] ??1 [E:36727i S:0 M:169910327] (U) Msg Retransmission to 0:0000000000000000 scheduled for 347ms from now [State:Active II:500 AI:300 AT:4000][0m
[0;32m[1784655686.473] [8920:8922] [SC] Sent Sigma3 msg[0m
[0;32m[1784655686.482] [8920:8922] [EM] >>> [E:36727i S:0 M:46623809 (Ack:169910327)] (U) Msg RX from 0:0000000000000000 [0000] to E518E888149ADE4B --- Type 0000:40 (SecureChannel:StatusReport) (B:34)[0m
[0;34m[1784655686.482] [8920:8922] [EM] Found matching exchange: 36727i, Delegate: 0x7b8ef4064e88[0m
[0;34m[1784655686.482] [8920:8922] [EM] Rxd Ack; Removing MessageCounter:169910327 from Retrans Table on exchange 36727i[0m
[0;32m[1784655686.482] [8920:8922] [SC] Success status report received. Session was established[0m
[0;32m[1784655686.484] [8920:8922] [SC] SecureSession[0x7b8ef40647b0, LSID:5259]: State change 'kEstablishing' --> 'kActive'[0m
[0;34m[1784655686.484] [8920:8922] [IN] SecureSession[0x7b8ef40647b0]: Activated - Type:2 LSID:5259[0m
[0;34m[1784655686.484] [8920:8922] [IN] New secure session activated for device <0000000000000001, 1>, LSID:5259 PSID:30994![0m
[0;34m[1784655686.484] [8920:8922] [DIS] OperationalSessionSetup[1:0000000000000001]: State change 4 --> 5[0m
[0;32m[1784655686.484] [8920:8922] [CTL] Successfully finished commissioning step 'FindOperationalForStayActive'[0m
[0;32m[1784655686.484] [8920:8922] [CTL] Commissioning stage next step: 'FindOperationalForStayActive' -> 'ICDSendStayActive'[0m
[0;32m[1784655686.484] [8920:8922] [CTL] Performing next commissioning step 'ICDSendStayActive'[0m
[0;34m[1784655686.484] [8920:8922] [TOO] Starting commissioning stage 'ICDSendStayActive'[0m
[0;32m[1784655686.484] [8920:8922] [CTL] Skipping kICDSendStayActive[0m
[0;32m[1784655686.484] [8920:8922] [CTL] Successfully finished commissioning step 'ICDSendStayActive'[0m
[0;32m[1784655686.484] [8920:8922] [CTL] Commissioning stage next step: 'ICDSendStayActive' -> 'FindOperationalForCommissioningComplete'[0m
[0;32m[1784655686.484] [8920:8922] [CTL] Performing next commissioning step 'FindOperationalForCommissioningComplete'[0m
[0;34m[1784655686.484] [8920:8922] [TOO] Starting commissioning stage 'FindOperationalForCommissioningComplete'[0m
[0;34m[1784655686.484] [8920:8922] [CSM] FindOrEstablishSession: PeerId = [1:0000000000000001][0m
[0;34m[1784655686.484] [8920:8922] [CSM] FindOrEstablishSession: No existing OperationalSessionSetup instance found[0m
[0;32m[1784655686.484] [8920:8922] [DIS] Found an existing secure session to [1:0000000000000001]![0m
[0;34m[1784655686.484] [8920:8922] [DIS] OperationalSessionSetup[1:0000000000000001]: State change 1 --> 5[0m
[0;32m[1784655686.484] [8920:8922] [CTL] Successfully finished commissioning step 'FindOperationalForCommissioningComplete'[0m
[0;32m[1784655686.484] [8920:8922] [CTL] Commissioning stage next step: 'FindOperationalForCommissioningComplete' -> 'SendComplete'[0m
[0;32m[1784655686.484] [8920:8922] [CTL] Performing next commissioning step 'SendComplete'[0m
[0;34m[1784655686.484] [8920:8922] [TOO] Starting commissioning stage 'SendComplete'[0m
[0;34m[1784655686.484] [8920:8922] [DMG] ICR moving to [AddingComm][0m
[0;34m[1784655686.484] [8920:8922] [DMG] ICR moving to [AddedComma][0m
[0;32m[1784655686.484] [8920:8922] [EM] <<< [E:36728i S:5259 M:239577595] (S) Msg TX from 000000000001B669 to 1:0000000000000001 [0A28] [UDP:[fe80::bfe:a203:38f0:bce7%enp0s3]:5540] --- Type 0001:08 (IM:InvokeCommandRequest) (B:59)[0m
[0;32m[1784655686.484] [8920:8922] [EM] ??1 [E:36728i S:5259 M:239577595] (S) Msg Retransmission to 1:0000000000000001 scheduled for 409ms from now [State:Active II:500 AI:300 AT:4000][0m
[0;34m[1784655686.484] [8920:8922] [DMG] ICR moving to [AwaitingRe][0m
[0;32m[1784655686.484] [8920:8922] [EM] <<< [E:36727i S:0 M:169910328 (Ack:46623809)] (U) Msg TX from E518E888149ADE4B to 0:0000000000000000 [0000] [UDP:[fe80::bfe:a203:38f0:bce7%enp0s3]:5540] --- Type 0000:10 (SecureChannel:StandaloneAck) (B:26)[0m
[0;34m[1784655686.484] [8920:8922] [EM] Flushed pending ack for MessageCounter:46623809 on exchange 36727i[0m
[0;32m[1784655686.506] [8920:8922] [EM] >>> [E:36728i S:5259 M:181933413 (Ack:239577595)] (S) Msg RX from 1:0000000000000001 [0A28] to 000000000001B669 --- Type 0001:09 (IM:InvokeCommandResponse) (B:70)[0m
[0;34m[1784655686.506] [8920:8922] [EM] Found matching exchange: 36728i, Delegate: 0x7b8ef40382d8[0m
[0;34m[1784655686.506] [8920:8922] [EM] Rxd Ack; Removing MessageCounter:239577595 from Retrans Table on exchange 36728i[0m
[0;34m[1784655686.506] [8920:8922] [DMG] ICR moving to [ResponseRe][0m
[0;34m[1784655686.506] [8920:8922] [DMG] InvokeResponseMessage =[0m
[0;34m[1784655686.506] [8920:8922] [DMG] {[0m
[0;34m[1784655686.506] [8920:8922] [DMG] 	suppressResponse = false, [0m
[0;34m[1784655686.506] [8920:8922] [DMG] 	InvokeResponseIBs =[0m
[0;34m[1784655686.506] [8920:8922] [DMG] 	[[0m
[0;34m[1784655686.506] [8920:8922] [DMG] 		InvokeResponseIB =[0m
[0;34m[1784655686.506] [8920:8922] [DMG] 		{[0m
[0;34m[1784655686.506] [8920:8922] [DMG] 			CommandDataIB =[0m
[0;34m[1784655686.506] [8920:8922] [DMG] 			{[0m
[0;34m[1784655686.506] [8920:8922] [DMG] 				CommandPathIB =[0m
[0;34m[1784655686.506] [8920:8922] [DMG] 				{[0m
[0;34m[1784655686.506] [8920:8922] [DMG] 					EndpointId = 0x0,[0m
[0;34m[1784655686.506] [8920:8922] [DMG] 					ClusterId = 0x30,[0m
[0;34m[1784655686.506] [8920:8922] [DMG] 					CommandId = 0x5,[0m
[0;34m[1784655686.506] [8920:8922] [DMG] 				},[0m
[0;34m[1784655686.506] [8920:8922] [DMG] 				[0m
[0;34m[1784655686.506] [8920:8922] [DMG] 				CommandFields = [0m
[0;34m[1784655686.506] [8920:8922] [DMG] 				{[0m
[0;34m[1784655686.506] [8920:8922] [DMG] 					0x0 = 0 (unsigned), [0m
[0;34m[1784655686.506] [8920:8922] [DMG] 					0x1 = "" (0 chars), [0m
[0;34m[1784655686.506] [8920:8922] [DMG] 				},[0m
[0;34m[1784655686.506] [8920:8922] [DMG] 			},[0m
[0;34m[1784655686.506] [8920:8922] [DMG] 			[0m
[0;34m[1784655686.506] [8920:8922] [DMG] 		},[0m
[0;34m[1784655686.506] [8920:8922] [DMG] 		[0m
[0;34m[1784655686.506] [8920:8922] [DMG] 	],[0m
[0;34m[1784655686.506] [8920:8922] [DMG] 	[0m
[0;34m[1784655686.506] [8920:8922] [DMG] 	InteractionModelRevision = 12[0m
[0;34m[1784655686.506] [8920:8922] [DMG] },[0m
[0;32m[1784655686.506] [8920:8922] [DMG] Received Command Response Data, Endpoint=0 Cluster=0x0000_0030 Command=0x0000_0005[0m
[0;32m[1784655686.506] [8920:8922] [CTL] Received CommissioningComplete response, errorCode=0[0m
[0;32m[1784655686.506] [8920:8922] [CTL] Successfully finished commissioning step 'SendComplete'[0m
[0;32m[1784655686.506] [8920:8922] [CTL] Commissioning stage next step: 'SendComplete' -> 'Cleanup'[0m
[0;32m[1784655686.506] [8920:8922] [CTL] Performing next commissioning step 'Cleanup'[0m
[0;34m[1784655686.506] [8920:8922] [TOO] Starting commissioning stage 'Cleanup'[0m
[0;32m[1784655686.506] [8920:8922] [CTL] Successfully finished commissioning step 'Cleanup'[0m
[0;34m[1784655686.506] [8920:8922] [IN] SecureSession[0x7b8ef4032f30]: MarkForEviction Type:1 LSID:5258[0m
[0;32m[1784655686.506] [8920:8922] [SC] SecureSession[0x7b8ef4032f30, LSID:5258]: State change 'kActive' --> 'kPendingEviction'[0m
[0;34m[1784655686.506] [8920:8922] [IN] SecureSession[0x7b8ef4032f30]: Released - Type:1 LSID:5258[0m
[0;32m[1784655686.506] [8920:8922] [CTL] Commissioning complete for node ID 0x0000000000000001: success[0m
[0;32m[1784655686.506] [8920:8922] [TOO] Device commissioning completed with success[0m
[0;34m[1784655686.506] [8920:8922] [DMG] ICR moving to [AwaitingDe][0m
[0;32m[1784655686.506] [8920:8922] [EM] <<< [E:36728i S:5259 M:239577596 (Ack:181933413)] (S) Msg TX from 000000000001B669 to 1:0000000000000001 [0A28] [UDP:[fe80::bfe:a203:38f0:bce7%enp0s3]:5540] --- Type 0000:10 (SecureChannel:StandaloneAck) (B:34)[0m
[0;34m[1784655686.506] [8920:8922] [EM] Flushed pending ack for MessageCounter:181933413 on exchange 36728i[0m
[0;34m[1784655686.507] [8920:8920] [CTL] Shutting down the commissioner[0m
[0;32m[1784655686.507] [8920:8920] [PAF] WiFiPAF: Closing all WiFiPAF sessions to shutdown[0m
[0;34m[1784655686.507] [8920:8920] [CTL] Shutting down the controller[0m
[0;34m[1784655686.507] [8920:8920] [IN] Expiring all sessions for fabric 0x1!![0m
[0;34m[1784655686.507] [8920:8920] [IN] SecureSession[0x7b8ef40647b0]: MarkForEviction Type:2 LSID:5259[0m
[0;32m[1784655686.507] [8920:8920] [SC] SecureSession[0x7b8ef40647b0, LSID:5259]: State change 'kActive' --> 'kPendingEviction'[0m
[0;34m[1784655686.507] [8920:8920] [IN] SecureSession[0x7b8ef40647b0]: Released - Type:2 LSID:5259[0m
[0;32m[1784655686.507] [8920:8920] [FP] Forgetting fabric 0x1[0m
[0;32m[1784655686.507] [8920:8920] [TS] Pending Last Known Good Time: 2023-10-14T01:16:48[0m
[0;32m[1784655686.508] [8920:8920] [TS] Previous Last Known Good Time: 2023-10-14T01:16:48[0m
[0;32m[1784655686.508] [8920:8920] [TS] Reverted Last Known Good Time to previous value[0m
[0;34m[1784655686.508] [8920:8920] [CTL] Shutting down the commissioner[0m
[0;32m[1784655686.508] [8920:8920] [PAF] WiFiPAF: Closing all WiFiPAF sessions to shutdown[0m
[0;34m[1784655686.508] [8920:8920] [CTL] Shutting down the controller[0m
[0;34m[1784655686.508] [8920:8920] [CTL] Shutting down the System State, this will teardown the CHIP Stack[0m
[0;34m[1784655686.508] [8920:8920] [DMG] All ReadHandler-s are clean, clear GlobalDirtySet[0m
[0;32m[1784655686.508] [8920:8920] [FP] Shutting down FabricTable[0m
[0;32m[1784655686.508] [8920:8920] [TS] Pending Last Known Good Time: 2023-10-14T01:16:48[0m
[0;32m[1784655686.508] [8920:8920] [TS] Previous Last Known Good Time: 2023-10-14T01:16:48[0m
[0;32m[1784655686.508] [8920:8920] [TS] Reverted Last Known Good Time to previous value[0m
[0;34m[1784655686.510] [8920:8920] [DL] Wrote settings to /tmp/chip_counters.ini[0m
[0;32m[1784655686.510] [8920:8920] [DL] NVS set: chip-counters/total-operational-hours = 0 (0x0)[0m
[0;32m[1784655686.510] [8920:8920] [DL] Inet Layer shutdown[0m
[0;32m[1784655686.510] [8920:8920] [DL] BLE Layer shutdown[0m
[0;32m[1784655686.510] [8920:8920] [DL] WiFi-PAF Layer shutdown[0m
[0;32m[1784655686.510] [8920:8920] [PAF] WiFiPAF: Closing all WiFiPAF sessions to shutdown[0m
[0;32m[1784655686.510] [8920:8920] [DL] System Layer shutdown[0m
