[0;34m[1784655444.629] [8157:8157] [DL] ChipLinuxStorage::Init: Using KVS config file: /tmp/chip_tool_kvs[0m
[0;34m[1784655444.663] [8157:8157] [DL] Wrote settings to /tmp/chip_tool_kvs[0m
[1;31m[1784655444.664] [8157:8157] [DL] ChipLinuxStorage::Init: Attempt to re-initialize with KVS config file: /tmp/chip_kvs, IGNORING.[0m
[0;34m[1784655444.666] [8157:8157] [DL] ChipLinuxStorage::Init: Using KVS config file: /tmp/chip_factory.ini[0m
[0;34m[1784655444.666] [8157:8157] [DL] ChipLinuxStorage::Init: Using KVS config file: /tmp/chip_config.ini[0m
[0;34m[1784655444.666] [8157:8157] [DL] ChipLinuxStorage::Init: Using KVS config file: /tmp/chip_counters.ini[0m
[0;34m[1784655444.668] [8157:8157] [DL] Wrote settings to /tmp/chip_counters.ini[0m
[0;32m[1784655444.668] [8157:8157] [DL] NVS set: chip-counters/reboot-count = 2 (0x2)[0m
[0;32m[1784655444.668] [8157:8157] [DL] Got Ethernet interface: enp0s3[0m
[0;32m[1784655444.668] [8157:8157] [DL] Found the primary Ethernet interface:enp0s3[0m
[1;31m[1784655444.669] [8157:8157] [DL] Failed to get WiFi interface[0m
[1;31m[1784655444.669] [8157:8157] [DL] Failed to reset WiFi statistic counts[0m
[0;32m[1784655444.669] [8157:8157] [PAF] WiFiPAF: WiFiPAFLayer::Init()[0m
[0;34m[1784655444.669] [8157:8157] [IN] UDP::Init bind&listen port=0[0m
[0;34m[1784655444.669] [8157:8157] [IN] UDP::Init bound to port=50346[0m
[0;34m[1784655444.669] [8157:8157] [IN] UDP::Init bind&listen port=0[0m
[0;34m[1784655444.669] [8157:8157] [IN] UDP::Init bound to port=33647[0m
[0;34m[1784655444.669] [8157:8157] [IN] BLEBase::Init - setting/overriding transport[0m
[0;34m[1784655444.669] [8157:8157] [IN] WiFiPAFBase::Init - setting/overriding transport[0m
[0;34m[1784655444.669] [8157:8157] [IN] TransportMgr initialized[0m
[0;34m[1784655444.669] [8157:8157] [FP] Initializing FabricTable from persistent storage[0m
[0;32m[1784655444.669] [8157:8157] [TS] Last Known Good Time: [unknown][0m
[0;32m[1784655444.669] [8157:8157] [TS] Setting Last Known Good Time to firmware build time 2023-10-14T01:16:48[0m
[0;32m[1784655444.670] [8157:8157] [DMG] Ember attribute persistence requires setting up[0m
[0;32m[1784655444.670] [8157:8157] [ZCL] Using ZAP configuration...[0m
[0;34m[1784655444.670] [8157:8157] [CTL] System State Initialized...[0m
[0;32m[1784655444.670] [8157:8157] [CTL] Setting attestation nonce to random value[0m
[0;32m[1784655444.670] [8157:8157] [CTL] Setting CSR nonce to random value[0m
[0;34m[1784655444.670] [8157:8159] [DL] CHIP task running[0m
[0;32m[1784655444.671] [8157:8159] [CTL] Setting attestation nonce to random value[0m
[0;32m[1784655444.671] [8157:8159] [CTL] Setting CSR nonce to random value[0m
[0;32m[1784655444.671] [8157:8159] [CTL] Couldn't get ExampleOpCredsCAKey from storage: src/controller/ExamplePersistentStorage.cpp:112: CHIP Error 0x000000A0: Value not found in the persisted storage[0m
[0;32m[1784655444.671] [8157:8159] [CTL] Couldn't get ExampleOpCredsICAKey from storage: src/controller/ExamplePersistentStorage.cpp:112: CHIP Error 0x000000A0: Value not found in the persisted storage[0m
[0;32m[1784655444.672] [8157:8159] [CTL] Generating RCAC[0m
[0;32m[1784655444.673] [8157:8159] [CTL] Generating ICAC[0m
[0;32m[1784655444.673] [8157:8159] [CTL] Generating NOC[0m
[0;32m[1784655444.673] [8157:8159] [FP] Validating NOC chain[0m
[0;32m[1784655444.673] [8157:8159] [FP] NOC chain validation successful[0m
[0;32m[1784655444.673] [8157:8159] [FP] Added new fabric at index: 0x1[0m
[0;32m[1784655444.673] [8157:8159] [FP] Assigned compressed fabric ID: 0xB1E2EB81A739EA25, node ID: 0x000000000001B669[0m
[0;32m[1784655444.673] [8157:8159] [TS] Last Known Good Time: 2023-10-14T01:16:48[0m
[0;32m[1784655444.673] [8157:8159] [TS] New proposed Last Known Good Time: 2021-01-01T00:00:00[0m
[0;32m[1784655444.673] [8157:8159] [TS] Retaining current Last Known Good Time[0m
[0;32m[1784655444.674] [8157:8159] [FP] Metadata for Fabric 0x1 persisted to storage.[0m
[0;32m[1784655444.675] [8157:8159] [TS] Committing Last Known Good Time to storage: 2023-10-14T01:16:48[0m
[0;32m[1784655444.676] [8157:8159] [CTL] Joined the fabric at index 1. Fabric ID is 0x0000000000000001 (Compressed Fabric ID: B1E2EB81A739EA25)[0m
[0;32m[1784655444.687] [8157:8159] [TOO] Discovered Device: fe80::bfe:a203:38f0:bce7:5540[0m
[0;34m[1784655444.687] [8157:8159] [IN] SecureSession[0x75e980032f30]: Allocated Type:1 LSID:54984[0m
[0;34m[1784655444.687] [8157:8159] [SC] Assigned local session key ID 54984[0m
[0;32m[1784655444.687] [8157:8159] [EM] <<< [E:14683i S:0 M:61559315] (U) Msg TX from 580B33957B1DEA0F to 0:0000000000000000 [0000] [UDP:[fe80::bfe:a203:38f0:bce7%enp0s3]:5540] --- Type 0000:20 (SecureChannel:PBKDFParamRequest) (B:98)[0m
[0;32m[1784655444.687] [8157:8159] [EM] ??1 [E:14683i S:0 M:61559315] (U) Msg Retransmission to 0:0000000000000000 scheduled for 353ms from now [State:Active II:500 AI:300 AT:4000][0m
[0;32m[1784655444.687] [8157:8159] [SC] Sent PBKDF param request [II:500ms AI:300ms AT:4000ms)[0m
[0;32m[1784655444.688] [8157:8159] [CTL] Setting attestation nonce to random value[0m
[0;32m[1784655444.688] [8157:8159] [CTL] Setting CSR nonce to random value[0m
[0;32m[1784655444.688] [8157:8159] [CTL] Commission called for node ID 0x0000000000000001[0m
[0;32m[1784655444.688] [8157:8159] [EM] >>> [E:14683i S:0 M:10893448 (Ack:61559315)] (U) Msg RX from 0:0000000000000000 [0000] to 580B33957B1DEA0F --- Type 0000:21 (SecureChannel:PBKDFParamResponse) (B:174)[0m
[0;34m[1784655444.688] [8157:8159] [EM] Found matching exchange: 14683i, Delegate: 0x75e980033e80[0m
[0;34m[1784655444.688] [8157:8159] [EM] Rxd Ack; Removing MessageCounter:61559315 from Retrans Table on exchange 14683i[0m
[0;34m[1784655444.688] [8157:8159] [SC] Received PBKDF param response[0m
[0;34m[1784655444.688] [8157:8159] [SC] Peer assigned session ID 23154[0m
[0;34m[1784655444.688] [8157:8159] [SC] Found MRP parameters in the message[0m
[0;32m[1784655444.689] [8157:8159] [EM] <<< [E:14683i S:0 M:61559316 (Ack:10893448)] (U) Msg TX from 580B33957B1DEA0F to 0:0000000000000000 [0000] [UDP:[fe80::bfe:a203:38f0:bce7%enp0s3]:5540] --- Type 0000:22 (SecureChannel:PASE_Pake1) (B:96)[0m
[0;32m[1784655444.689] [8157:8159] [EM] ??1 [E:14683i S:0 M:61559316] (U) Msg Retransmission to 0:0000000000000000 scheduled for 405ms from now [State:Active II:500 AI:300 AT:4000][0m
[0;34m[1784655444.689] [8157:8159] [SC] Sent spake2p msg1[0m
[0;32m[1784655444.690] [8157:8159] [EM] >>> [E:14683i S:0 M:10893449 (Ack:61559316)] (U) Msg RX from 0:0000000000000000 [0000] to 580B33957B1DEA0F --- Type 0000:23 (SecureChannel:PASE_Pake2) (B:131)[0m
[0;34m[1784655444.690] [8157:8159] [EM] Found matching exchange: 14683i, Delegate: 0x75e980033e80[0m
[0;34m[1784655444.690] [8157:8159] [EM] Rxd Ack; Removing MessageCounter:61559316 from Retrans Table on exchange 14683i[0m
[0;34m[1784655444.690] [8157:8159] [SC] Received spake2p msg2[0m
[0;32m[1784655444.690] [8157:8159] [EM] <<< [E:14683i S:0 M:61559317 (Ack:10893449)] (U) Msg TX from 580B33957B1DEA0F to 0:0000000000000000 [0000] [UDP:[fe80::bfe:a203:38f0:bce7%enp0s3]:5540] --- Type 0000:24 (SecureChannel:PASE_Pake3) (B:63)[0m
[0;32m[1784655444.690] [8157:8159] [EM] ??1 [E:14683i S:0 M:61559317] (U) Msg Retransmission to 0:0000000000000000 scheduled for 369ms from now [State:Active II:500 AI:300 AT:4000][0m
[0;34m[1784655444.690] [8157:8159] [SC] Sent spake2p msg3[0m
[0;32m[1784655444.690] [8157:8159] [EM] >>> [E:14683i S:0 M:10893450 (Ack:61559317)] (U) Msg RX from 0:0000000000000000 [0000] to 580B33957B1DEA0F --- Type 0000:40 (SecureChannel:StatusReport) (B:34)[0m
[0;34m[1784655444.690] [8157:8159] [EM] Found matching exchange: 14683i, Delegate: 0x75e980033e80[0m
[0;34m[1784655444.690] [8157:8159] [EM] Rxd Ack; Removing MessageCounter:61559317 from Retrans Table on exchange 14683i[0m
[0;32m[1784655444.690] [8157:8159] [SC] SecureSession[0x75e980032f30, LSID:54984]: State change 'kEstablishing' --> 'kActive'[0m
[0;34m[1784655444.690] [8157:8159] [IN] SecureSession[0x75e980032f30]: Activated - Type:1 LSID:54984[0m
[0;34m[1784655444.690] [8157:8159] [IN] New secure session activated for device <FFFFFFFB00000000, 0>, LSID:54984 PSID:23154![0m
[0;34m[1784655444.690] [8157:8159] [CTL] Remote device completed SPAKE2+ handshake[0m
[0;32m[1784655444.690] [8157:8159] [TOO] Pairing Success[0m
[0;32m[1784655444.690] [8157:8159] [TOO] PASE establishment successful[0m
[0;32m[1784655444.690] [8157:8159] [CTL] Commissioning stage next step: 'SecurePairing' -> 'ReadCommissioningInfo'[0m
[0;32m[1784655444.690] [8157:8159] [CTL] Performing next commissioning step 'ReadCommissioningInfo'[0m
[0;34m[1784655444.690] [8157:8159] [TOO] Starting commissioning stage 'ReadCommissioningInfo'[0m
[0;32m[1784655444.690] [8157:8159] [CTL] Sending read requests for commissioning information[0m
[0;34m[1784655444.690] [8157:8159] [DMG] SendReadRequest ReadClient[0x75e9800351e0]: Sending Read Request[0m
[0;32m[1784655444.690] [8157:8159] [DMG] 0 data version filters provided, 0 not relevant, 0 encoded, 0 skipped due to lack of space[0m
[0;32m[1784655444.690] [8157:8159] [EM] <<< [E:14684i S:54984 M:211791486] (S) Msg TX from 0000000000000000 to 0:FFFFFFFB00000000 [0000] [UDP:[fe80::bfe:a203:38f0:bce7%enp0s3]:5540] --- Type 0001:02 (IM:ReadRequest) (B:136)[0m
[0;32m[1784655444.690] [8157:8159] [EM] ??1 [E:14684i S:54984 M:211791486] (S) Msg Retransmission to 0:FFFFFFFB00000000 scheduled for 388ms from now [State:Active II:500 AI:300 AT:4000][0m
[0;34m[1784655444.690] [8157:8159] [DMG] MoveToState ReadClient[0x75e9800351e0]: Moving to [AwaitingIn][0m
[0;32m[1784655444.690] [8157:8159] [EM] <<< [E:14683i S:0 M:61559318 (Ack:10893450)] (U) Msg TX from 580B33957B1DEA0F to 0:0000000000000000 [0000] [UDP:[fe80::bfe:a203:38f0:bce7%enp0s3]:5540] --- Type 0000:10 (SecureChannel:StandaloneAck) (B:26)[0m
[0;34m[1784655444.690] [8157:8159] [EM] Flushed pending ack for MessageCounter:10893450 on exchange 14683i[0m
[0;32m[1784655444.693] [8157:8159] [EM] >>> [E:14684i S:54984 M:963769 (Ack:211791486)] (S) Msg RX from 0:FFFFFFFB00000000 [0000] to 0000000000000000 --- Type 0001:05 (IM:ReportData) (B:766)[0m
[0;34m[1784655444.693] [8157:8159] [EM] Found matching exchange: 14684i, Delegate: 0x75e9800351f0[0m
[0;34m[1784655444.693] [8157:8159] [EM] Rxd Ack; Removing MessageCounter:211791486 from Retrans Table on exchange 14684i[0m
[0;34m[1784655444.693] [8157:8159] [DMG] ReportDataMessage =[0m
[0;34m[1784655444.693] [8157:8159] [DMG] {[0m
[0;34m[1784655444.693] [8157:8159] [DMG] 	AttributeReportIBs =[0m
[0;34m[1784655444.693] [8157:8159] [DMG] 	[[0m
[0;34m[1784655444.693] [8157:8159] [DMG] 		AttributeReportIB =[0m
[0;34m[1784655444.693] [8157:8159] [DMG] 		{[0m
[0;34m[1784655444.693] [8157:8159] [DMG] 			AttributeDataIB =[0m
[0;34m[1784655444.693] [8157:8159] [DMG] 			{[0m
[0;34m[1784655444.693] [8157:8159] [DMG] 				DataVersion = 0xad983489,[0m
[0;34m[1784655444.693] [8157:8159] [DMG] 				AttributePathIB =[0m
[0;34m[1784655444.693] [8157:8159] [DMG] 				{[0m
[0;34m[1784655444.693] [8157:8159] [DMG] 					Endpoint = 0x0,[0m
[0;34m[1784655444.693] [8157:8159] [DMG] 					Cluster = 0x38,[0m
[0;34m[1784655444.693] [8157:8159] [DMG] 					Attribute = 0x0000_0000,[0m
[0;34m[1784655444.693] [8157:8159] [DMG] 				}[0m
[0;34m[1784655444.693] [8157:8159] [DMG] 					[0m
[0;34m[1784655444.693] [8157:8159] [DMG] 				Data = 837970644692708 (unsigned), [0m
[0;34m[1784655444.693] [8157:8159] [DMG] 			},[0m
[0;34m[1784655444.693] [8157:8159] [DMG] 			[0m
[0;34m[1784655444.693] [8157:8159] [DMG] 		},[0m
[0;34m[1784655444.693] [8157:8159] [DMG] 		[0m
[0;34m[1784655444.693] [8157:8159] [DMG] 		AttributeReportIB =[0m
[0;34m[1784655444.693] [8157:8159] [DMG] 		{[0m
[0;34m[1784655444.693] [8157:8159] [DMG] 			AttributeDataIB =[0m
[0;34m[1784655444.693] [8157:8159] [DMG] 			{[0m
[0;34m[1784655444.693] [8157:8159] [DMG] 				DataVersion = 0xad983489,[0m
[0;34m[1784655444.693] [8157:8159] [DMG] 				AttributePathIB =[0m
[0;34m[1784655444.693] [8157:8159] [DMG] 				{[0m
[0;34m[1784655444.693] [8157:8159] [DMG] 					Endpoint = 0x0,[0m
[0;34m[1784655444.693] [8157:8159] [DMG] 					Cluster = 0x38,[0m
[0;34m[1784655444.693] [8157:8159] [DMG] 					Attribute = 0x0000_0001,[0m
[0;34m[1784655444.693] [8157:8159] [DMG] 				}[0m
[0;34m[1784655444.693] [8157:8159] [DMG] 					[0m
[0;34m[1784655444.693] [8157:8159] [DMG] 				Data = 3 (unsigned), [0m
[0;34m[1784655444.693] [8157:8159] [DMG] 			},[0m
[0;34m[1784655444.693] [8157:8159] [DMG] 			[0m
[0;34m[1784655444.693] [8157:8159] [DMG] 		},[0m
[0;34m[1784655444.693] [8157:8159] [DMG] 		[0m
[0;34m[1784655444.693] [8157:8159] [DMG] 		AttributeReportIB =[0m
[0;34m[1784655444.693] [8157:8159] [DMG] 		{[0m
[0;34m[1784655444.693] [8157:8159] [DMG] 			AttributeDataIB =[0m
[0;34m[1784655444.693] [8157:8159] [DMG] 			{[0m
[0;34m[1784655444.693] [8157:8159] [DMG] 				DataVersion = 0xad983489,[0m
[0;34m[1784655444.693] [8157:8159] [DMG] 				AttributePathIB =[0m
[0;34m[1784655444.693] [8157:8159] [DMG] 				{[0m
[0;34m[1784655444.693] [8157:8159] [DMG] 					Endpoint = 0x0,[0m
[0;34m[1784655444.693] [8157:8159] [DMG] 					Cluster = 0x38,[0m
[0;34m[1784655444.693] [8157:8159] [DMG] 					Attribute = 0x0000_0002,[0m
[0;34m[1784655444.693] [8157:8159] [DMG] 				}[0m
[0;34m[1784655444.693] [8157:8159] [DMG] 					[0m
[0;34m[1784655444.693] [8157:8159] [DMG] 				Data = 8 (unsigned), [0m
[0;34m[1784655444.693] [8157:8159] [DMG] 			},[0m
[0;34m[1784655444.693] [8157:8159] [DMG] 			[0m
[0;34m[1784655444.693] [8157:8159] [DMG] 		},[0m
[0;34m[1784655444.693] [8157:8159] [DMG] 		[0m
[0;34m[1784655444.693] [8157:8159] [DMG] 		AttributeReportIB =[0m
[0;34m[1784655444.693] [8157:8159] [DMG] 		{[0m
[0;34m[1784655444.693] [8157:8159] [DMG] 			AttributeDataIB =[0m
[0;34m[1784655444.693] [8157:8159] [DMG] 			{[0m
[0;34m[1784655444.693] [8157:8159] [DMG] 				DataVersion = 0xad983489,[0m
[0;34m[1784655444.693] [8157:8159] [DMG] 				AttributePathIB =[0m
[0;34m[1784655444.693] [8157:8159] [DMG] 				{[0m
[0;34m[1784655444.693] [8157:8159] [DMG] 					Endpoint = 0x0,[0m
[0;34m[1784655444.693] [8157:8159] [DMG] 					Cluster = 0x38,[0m
[0;34m[1784655444.693] [8157:8159] [DMG] 					Attribute = 0x0000_0003,[0m
[0;34m[1784655444.693] [8157:8159] [DMG] 				}[0m
[0;34m[1784655444.693] [8157:8159] [DMG] 					[0m
[0;34m[1784655444.693] [8157:8159] [DMG] 				Data = NULL[0m
[0;34m[1784655444.693] [8157:8159] [DMG] 			},[0m
[0;34m[1784655444.693] [8157:8159] [DMG] 			[0m
[0;34m[1784655444.693] [8157:8159] [DMG] 		},[0m
[0;34m[1784655444.693] [8157:8159] [DMG] 		[0m
[0;34m[1784655444.693] [8157:8159] [DMG] 		AttributeReportIB =[0m
[0;34m[1784655444.693] [8157:8159] [DMG] 		{[0m
[0;34m[1784655444.693] [8157:8159] [DMG] 			AttributeDataIB =[0m
[0;34m[1784655444.693] [8157:8159] [DMG] 			{[0m
[0;34m[1784655444.693] [8157:8159] [DMG] 				DataVersion = 0xad983489,[0m
[0;34m[1784655444.693] [8157:8159] [DMG] 				AttributePathIB =[0m
[0;34m[1784655444.693] [8157:8159] [DMG] 				{[0m
[0;34m[1784655444.693] [8157:8159] [DMG] 					Endpoint = 0x0,[0m
[0;34m[1784655444.693] [8157:8159] [DMG] 					Cluster = 0x38,[0m
[0;34m[1784655444.693] [8157:8159] [DMG] 					Attribute = 0x0000_0004,[0m
[0;34m[1784655444.693] [8157:8159] [DMG] 				}[0m
[0;34m[1784655444.693] [8157:8159] [DMG] 					[0m
[0;34m[1784655444.693] [8157:8159] [DMG] 				Data = NULL[0m
[0;34m[1784655444.693] [8157:8159] [DMG] 			},[0m
[0;34m[1784655444.693] [8157:8159] [DMG] 			[0m
[0;34m[1784655444.693] [8157:8159] [DMG] 		},[0m
[0;34m[1784655444.693] [8157:8159] [DMG] 		[0m
[0;34m[1784655444.693] [8157:8159] [DMG] 		AttributeReportIB =[0m
[0;34m[1784655444.693] [8157:8159] [DMG] 		{[0m
[0;34m[1784655444.693] [8157:8159] [DMG] 			AttributeDataIB =[0m
[0;34m[1784655444.693] [8157:8159] [DMG] 			{[0m
[0;34m[1784655444.693] [8157:8159] [DMG] 				DataVersion = 0xad983489,[0m
[0;34m[1784655444.693] [8157:8159] [DMG] 				AttributePathIB =[0m
[0;34m[1784655444.693] [8157:8159] [DMG] 				{[0m
[0;34m[1784655444.693] [8157:8159] [DMG] 					Endpoint = 0x0,[0m
[0;34m[1784655444.693] [8157:8159] [DMG] 					Cluster = 0x38,[0m
[0;34m[1784655444.693] [8157:8159] [DMG] 					Attribute = 0x0000_0005,[0m
[0;34m[1784655444.693] [8157:8159] [DMG] 				}[0m
[0;34m[1784655444.693] [8157:8159] [DMG] 					[0m
[0;34m[1784655444.693] [8157:8159] [DMG] 				Data = [[0m
[0;34m[1784655444.693] [8157:8159] [DMG] 						[0m
[0;34m[1784655444.693] [8157:8159] [DMG] 					{[0m
[0;34m[1784655444.693] [8157:8159] [DMG] 						0x0 = 0 (signed), [0m
[0;34m[1784655444.693] [8157:8159] [DMG] 						0x1 = 0 (unsigned), [0m
[0;34m[1784655444.693] [8157:8159] [DMG] 					},[0m
[0;34m[1784655444.693] [8157:8159] [DMG] 				],[0m
[0;34m[1784655444.693] [8157:8159] [DMG] 			},[0m
[0;34m[1784655444.693] [8157:8159] [DMG] 			[0m
[0;34m[1784655444.693] [8157:8159] [DMG] 		},[0m
[0;34m[1784655444.693] [8157:8159] [DMG] 		[0m
[0;34m[1784655444.693] [8157:8159] [DMG] 		AttributeReportIB =[0m
[0;34m[1784655444.693] [8157:8159] [DMG] 		{[0m
[0;34m[1784655444.693] [8157:8159] [DMG] 			AttributeDataIB =[0m
[0;34m[1784655444.693] [8157:8159] [DMG] 			{[0m
[0;34m[1784655444.693] [8157:8159] [DMG] 				DataVersion = 0xad983489,[0m
[0;34m[1784655444.693] [8157:8159] [DMG] 				AttributePathIB =[0m
[0;34m[1784655444.693] [8157:8159] [DMG] 				{[0m
[0;34m[1784655444.693] [8157:8159] [DMG] 					Endpoint = 0x0,[0m
[0;34m[1784655444.693] [8157:8159] [DMG] 					Cluster = 0x38,[0m
[0;34m[1784655444.693] [8157:8159] [DMG] 					Attribute = 0x0000_0006,[0m
[0;34m[1784655444.693] [8157:8159] [DMG] 				}[0m
[0;34m[1784655444.693] [8157:8159] [DMG] 					[0m
[0;34m[1784655444.693] [8157:8159] [DMG] 				Data = [[0m
[0;34m[1784655444.693] [8157:8159] [DMG] 						[0m
[0;34m[1784655444.693] [8157:8159] [DMG] 				],[0m
[0;34m[1784655444.693] [8157:8159] [DMG] 			},[0m
[0;34m[1784655444.693] [8157:8159] [DMG] 			[0m
[0;34m[1784655444.693] [8157:8159] [DMG] 		},[0m
[0;34m[1784655444.693] [8157:8159] [DMG] 		[0m
[0;34m[1784655444.693] [8157:8159] [DMG] 		AttributeReportIB =[0m
[0;34m[1784655444.693] [8157:8159] [DMG] 		{[0m
[0;34m[1784655444.693] [8157:8159] [DMG] 			AttributeDataIB =[0m
[0;34m[1784655444.693] [8157:8159] [DMG] 			{[0m
[0;34m[1784655444.693] [8157:8159] [DMG] 				DataVersion = 0xad983489,[0m
[0;34m[1784655444.693] [8157:8159] [DMG] 				AttributePathIB =[0m
[0;34m[1784655444.693] [8157:8159] [DMG] 				{[0m
[0;34m[1784655444.693] [8157:8159] [DMG] 					Endpoint = 0x0,[0m
[0;34m[1784655444.693] [8157:8159] [DMG] 					Cluster = 0x38,[0m
[0;34m[1784655444.693] [8157:8159] [DMG] 					Attribute = 0x0000_0007,[0m
[0;34m[1784655444.693] [8157:8159] [DMG] 				}[0m
[0;34m[1784655444.693] [8157:8159] [DMG] 					[0m
[0;34m[1784655444.693] [8157:8159] [DMG] 				Data = NULL[0m
[0;34m[1784655444.693] [8157:8159] [DMG] 			},[0m
[0;34m[1784655444.693] [8157:8159] [DMG] 			[0m
[0;34m[1784655444.693] [8157:8159] [DMG] 		},[0m
[0;34m[1784655444.693] [8157:8159] [DMG] 		[0m
[0;34m[1784655444.693] [8157:8159] [DMG] 		AttributeReportIB =[0m
[0;34m[1784655444.693] [8157:8159] [DMG] 		{[0m
[0;34m[1784655444.693] [8157:8159] [DMG] 			AttributeDataIB =[0m
[0;34m[1784655444.693] [8157:8159] [DMG] 			{[0m
[0;34m[1784655444.693] [8157:8159] [DMG] 				DataVersion = 0xad983489,[0m
[0;34m[1784655444.693] [8157:8159] [DMG] 				AttributePathIB =[0m
[0;34m[1784655444.693] [8157:8159] [DMG] 				{[0m
[0;34m[1784655444.693] [8157:8159] [DMG] 					Endpoint = 0x0,[0m
[0;34m[1784655444.693] [8157:8159] [DMG] 					Cluster = 0x38,[0m
[0;34m[1784655444.693] [8157:8159] [DMG] 					Attribute = 0x0000_0008,[0m
[0;34m[1784655444.693] [8157:8159] [DMG] 				}[0m
[0;34m[1784655444.693] [8157:8159] [DMG] 					[0m
[0;34m[1784655444.693] [8157:8159] [DMG] 				Data = 0 (unsigned), [0m
[0;34m[1784655444.693] [8157:8159] [DMG] 			},[0m
[0;34m[1784655444.693] [8157:8159] [DMG] 			[0m
[0;34m[1784655444.693] [8157:8159] [DMG] 		},[0m
[0;34m[1784655444.693] [8157:8159] [DMG] 		[0m
[0;34m[1784655444.693] [8157:8159] [DMG] 		AttributeReportIB =[0m
[0;34m[1784655444.693] [8157:8159] [DMG] 		{[0m
[0;34m[1784655444.693] [8157:8159] [DMG] 			AttributeDataIB =[0m
[0;34m[1784655444.693] [8157:8159] [DMG] 			{[0m
[0;34m[1784655444.693] [8157:8159] [DMG] 				DataVersion = 0xad983489,[0m
[0;34m[1784655444.693] [8157:8159] [DMG] 				AttributePathIB =[0m
[0;34m[1784655444.693] [8157:8159] [DMG] 				{[0m
[0;34m[1784655444.693] [8157:8159] [DMG] 					Endpoint = 0x0,[0m
[0;34m[1784655444.693] [8157:8159] [DMG] 					Cluster = 0x38,[0m
[0;34m[1784655444.693] [8157:8159] [DMG] 					Attribute = 0x0000_000A,[0m
[0;34m[1784655444.693] [8157:8159] [DMG] 				}[0m
[0;34m[1784655444.693] [8157:8159] [DMG] 					[0m
[0;34m[1784655444.693] [8157:8159] [DMG] 				Data = 2 (unsigned), [0m
[0;34m[1784655444.693] [8157:8159] [DMG] 			},[0m
[0;34m[1784655444.693] [8157:8159] [DMG] 			[0m
[0;34m[1784655444.693] [8157:8159] [DMG] 		},[0m
[0;34m[1784655444.693] [8157:8159] [DMG] 		[0m
[0;34m[1784655444.693] [8157:8159] [DMG] 		AttributeReportIB =[0m
[0;34m[1784655444.693] [8157:8159] [DMG] 		{[0m
[0;34m[1784655444.693] [8157:8159] [DMG] 			AttributeDataIB =[0m
[0;34m[1784655444.693] [8157:8159] [DMG] 			{[0m
[0;34m[1784655444.693] [8157:8159] [DMG] 				DataVersion = 0xad983489,[0m
[0;34m[1784655444.693] [8157:8159] [DMG] 				AttributePathIB =[0m
[0;34m[1784655444.693] [8157:8159] [DMG] 				{[0m
[0;34m[1784655444.693] [8157:8159] [DMG] 					Endpoint = 0x0,[0m
[0;34m[1784655444.693] [8157:8159] [DMG] 					Cluster = 0x38,[0m
[0;34m[1784655444.693] [8157:8159] [DMG] 					Attribute = 0x0000_000B,[0m
[0;34m[1784655444.693] [8157:8159] [DMG] 				}[0m
[0;34m[1784655444.693] [8157:8159] [DMG] 					[0m
[0;34m[1784655444.693] [8157:8159] [DMG] 				Data = 2 (unsigned), [0m
[0;34m[1784655444.693] [8157:8159] [DMG] 			},[0m
[0;34m[1784655444.693] [8157:8159] [DMG] 			[0m
[0;34m[1784655444.693] [8157:8159] [DMG] 		},[0m
[0;34m[1784655444.693] [8157:8159] [DMG] 		[0m
[0;34m[1784655444.693] [8157:8159] [DMG] 		AttributeReportIB =[0m
[0;34m[1784655444.693] [8157:8159] [DMG] 		{[0m
[0;34m[1784655444.693] [8157:8159] [DMG] 			AttributeDataIB =[0m
[0;34m[1784655444.693] [8157:8159] [DMG] 			{[0m
[0;34m[1784655444.693] [8157:8159] [DMG] 				DataVersion = 0xad983489,[0m
[0;34m[1784655444.693] [8157:8159] [DMG] 				AttributePathIB =[0m
[0;34m[1784655444.693] [8157:8159] [DMG] 				{[0m
[0;34m[1784655444.693] [8157:8159] [DMG] 					Endpoint = 0x0,[0m
[0;34m[1784655444.693] [8157:8159] [DMG] 					Cluster = 0x38,[0m
[0;34m[1784655444.693] [8157:8159] [DMG] 					Attribute = 0x0000_000C,[0m
[0;34m[1784655444.693] [8157:8159] [DMG] 				}[0m
[0;34m[1784655444.693] [8157:8159] [DMG] 					[0m
[0;34m[1784655444.693] [8157:8159] [DMG] 				Data = true, [0m
[0;34m[1784655444.693] [8157:8159] [DMG] 			},[0m
[0;34m[1784655444.693] [8157:8159] [DMG] 			[0m
[0;34m[1784655444.693] [8157:8159] [DMG] 		},[0m
[0;34m[1784655444.693] [8157:8159] [DMG] 		[0m
[0;34m[1784655444.693] [8157:8159] [DMG] 		AttributeReportIB =[0m
[0;34m[1784655444.693] [8157:8159] [DMG] 		{[0m
[0;34m[1784655444.693] [8157:8159] [DMG] 			AttributeDataIB =[0m
[0;34m[1784655444.693] [8157:8159] [DMG] 			{[0m
[0;34m[1784655444.693] [8157:8159] [DMG] 				DataVersion = 0xad983489,[0m
[0;34m[1784655444.693] [8157:8159] [DMG] 				AttributePathIB =[0m
[0;34m[1784655444.693] [8157:8159] [DMG] 				{[0m
[0;34m[1784655444.693] [8157:8159] [DMG] 					Endpoint = 0x0,[0m
[0;34m[1784655444.694] [8157:8159] [DMG] 					Cluster = 0x38,[0m
[0;34m[1784655444.694] [8157:8159] [DMG] 					Attribute = 0x0000_FFFC,[0m
[0;34m[1784655444.694] [8157:8159] [DMG] 				}[0m
[0;34m[1784655444.694] [8157:8159] [DMG] 					[0m
[0;34m[1784655444.694] [8157:8159] [DMG] 				Data = 11 (unsigned), [0m
[0;34m[1784655444.694] [8157:8159] [DMG] 			},[0m
[0;34m[1784655444.694] [8157:8159] [DMG] 			[0m
[0;34m[1784655444.694] [8157:8159] [DMG] 		},[0m
[0;34m[1784655444.694] [8157:8159] [DMG] 		[0m
[0;34m[1784655444.694] [8157:8159] [DMG] 		AttributeReportIB =[0m
[0;34m[1784655444.694] [8157:8159] [DMG] 		{[0m
[0;34m[1784655444.694] [8157:8159] [DMG] 			AttributeDataIB =[0m
[0;34m[1784655444.694] [8157:8159] [DMG] 			{[0m
[0;34m[1784655444.694] [8157:8159] [DMG] 				DataVersion = 0xad983489,[0m
[0;34m[1784655444.694] [8157:8159] [DMG] 				AttributePathIB =[0m
[0;34m[1784655444.694] [8157:8159] [DMG] 				{[0m
[0;34m[1784655444.694] [8157:8159] [DMG] 					Endpoint = 0x0,[0m
[0;34m[1784655444.694] [8157:8159] [DMG] 					Cluster = 0x38,[0m
[0;34m[1784655444.694] [8157:8159] [DMG] 					Attribute = 0x0000_FFFD,[0m
[0;34m[1784655444.694] [8157:8159] [DMG] 				}[0m
[0;34m[1784655444.694] [8157:8159] [DMG] 					[0m
[0;34m[1784655444.694] [8157:8159] [DMG] 				Data = 2 (unsigned), [0m
[0;34m[1784655444.694] [8157:8159] [DMG] 			},[0m
[0;34m[1784655444.694] [8157:8159] [DMG] 			[0m
[0;34m[1784655444.694] [8157:8159] [DMG] 		},[0m
[0;34m[1784655444.694] [8157:8159] [DMG] 		[0m
[0;34m[1784655444.694] [8157:8159] [DMG] 		AttributeReportIB =[0m
[0;34m[1784655444.694] [8157:8159] [DMG] 		{[0m
[0;34m[1784655444.694] [8157:8159] [DMG] 			AttributeDataIB =[0m
[0;34m[1784655444.694] [8157:8159] [DMG] 			{[0m
[0;34m[1784655444.694] [8157:8159] [DMG] 				DataVersion = 0xad983489,[0m
[0;34m[1784655444.694] [8157:8159] [DMG] 				AttributePathIB =[0m
[0;34m[1784655444.694] [8157:8159] [DMG] 				{[0m
[0;34m[1784655444.694] [8157:8159] [DMG] 					Endpoint = 0x0,[0m
[0;34m[1784655444.694] [8157:8159] [DMG] 					Cluster = 0x38,[0m
[0;34m[1784655444.694] [8157:8159] [DMG] 					Attribute = 0x0000_FFF8,[0m
[0;34m[1784655444.694] [8157:8159] [DMG] 				}[0m
[0;34m[1784655444.694] [8157:8159] [DMG] 					[0m
[0;34m[1784655444.694] [8157:8159] [DMG] 				Data = [[0m
[0;34m[1784655444.694] [8157:8159] [DMG] 						3 (unsigned), [0m
[0;34m[1784655444.694] [8157:8159] [DMG] 				],[0m
[0;34m[1784655444.694] [8157:8159] [DMG] 			},[0m
[0;34m[1784655444.694] [8157:8159] [DMG] 			[0m
[0;34m[1784655444.694] [8157:8159] [DMG] 		},[0m
[0;34m[1784655444.694] [8157:8159] [DMG] 		[0m
[0;34m[1784655444.694] [8157:8159] [DMG] 		AttributeReportIB =[0m
[0;34m[1784655444.694] [8157:8159] [DMG] 		{[0m
[0;34m[1784655444.694] [8157:8159] [DMG] 			AttributeDataIB =[0m
[0;34m[1784655444.694] [8157:8159] [DMG] 			{[0m
[0;34m[1784655444.694] [8157:8159] [DMG] 				DataVersion = 0xad983489,[0m
[0;34m[1784655444.694] [8157:8159] [DMG] 				AttributePathIB =[0m
[0;34m[1784655444.694] [8157:8159] [DMG] 				{[0m
[0;34m[1784655444.694] [8157:8159] [DMG] 					Endpoint = 0x0,[0m
[0;34m[1784655444.694] [8157:8159] [DMG] 					Cluster = 0x38,[0m
[0;34m[1784655444.694] [8157:8159] [DMG] 					Attribute = 0x0000_FFF9,[0m
[0;34m[1784655444.694] [8157:8159] [DMG] 				}[0m
[0;34m[1784655444.694] [8157:8159] [DMG] 					[0m
[0;34m[1784655444.694] [8157:8159] [DMG] 				Data = [[0m
[0;34m[1784655444.694] [8157:8159] [DMG] 						0 (unsigned), 1 (unsigned), 2 (unsigned), 4 (unsigned), 5 (unsigned), [0m
[0;34m[1784655444.694] [8157:8159] [DMG] 				],[0m
[0;34m[1784655444.694] [8157:8159] [DMG] 			},[0m
[0;34m[1784655444.694] [8157:8159] [DMG] 			[0m
[0;34m[1784655444.694] [8157:8159] [DMG] 		},[0m
[0;34m[1784655444.694] [8157:8159] [DMG] 		[0m
[0;34m[1784655444.694] [8157:8159] [DMG] 		AttributeReportIB =[0m
[0;34m[1784655444.694] [8157:8159] [DMG] 		{[0m
[0;34m[1784655444.694] [8157:8159] [DMG] 			AttributeDataIB =[0m
[0;34m[1784655444.694] [8157:8159] [DMG] 			{[0m
[0;34m[1784655444.694] [8157:8159] [DMG] 				DataVersion = 0xad983489,[0m
[0;34m[1784655444.694] [8157:8159] [DMG] 				AttributePathIB =[0m
[0;34m[1784655444.694] [8157:8159] [DMG] 				{[0m
[0;34m[1784655444.694] [8157:8159] [DMG] 					Endpoint = 0x0,[0m
[0;34m[1784655444.694] [8157:8159] [DMG] 					Cluster = 0x38,[0m
[0;34m[1784655444.694] [8157:8159] [DMG] 					Attribute = 0x0000_FFFB,[0m
[0;34m[1784655444.694] [8157:8159] [DMG] 				}[0m
[0;34m[1784655444.694] [8157:8159] [DMG] 					[0m
[0;34m[1784655444.694] [8157:8159] [DMG] 				Data = [[0m
[0;34m[1784655444.694] [8157:8159] [DMG] 						0 (unsigned), 1 (unsigned), 2 (unsigned), 3 (unsigned), 4 (unsigned), 5 (unsigned), 6 (unsigned), 7 (unsigned), 8 (unsigned), 10 (unsigned), 11 (unsigned), 12 (unsigned), 65532 (unsigned), 65533 (unsigned), 65528 (unsigned), 65529 (unsigned), 65531 (unsigned), [0m
[0;34m[1784655444.694] [8157:8159] [DMG] 				],[0m
[0;34m[1784655444.694] [8157:8159] [DMG] 			},[0m
[0;34m[1784655444.694] [8157:8159] [DMG] 			[0m
[0;34m[1784655444.694] [8157:8159] [DMG] 		},[0m
[0;34m[1784655444.694] [8157:8159] [DMG] 		[0m
[0;34m[1784655444.694] [8157:8159] [DMG] 		AttributeReportIB =[0m
[0;34m[1784655444.694] [8157:8159] [DMG] 		{[0m
[0;34m[1784655444.694] [8157:8159] [DMG] 			AttributeDataIB =[0m
[0;34m[1784655444.694] [8157:8159] [DMG] 			{[0m
[0;34m[1784655444.694] [8157:8159] [DMG] 				DataVersion = 0x36b88d57,[0m
[0;34m[1784655444.694] [8157:8159] [DMG] 				AttributePathIB =[0m
[0;34m[1784655444.694] [8157:8159] [DMG] 				{[0m
[0;34m[1784655444.694] [8157:8159] [DMG] 					Endpoint = 0x0,[0m
[0;34m[1784655444.694] [8157:8159] [DMG] 					Cluster = 0x28,[0m
[0;34m[1784655444.694] [8157:8159] [DMG] 					Attribute = 0x0000_0004,[0m
[0;34m[1784655444.694] [8157:8159] [DMG] 				}[0m
[0;34m[1784655444.694] [8157:8159] [DMG] 					[0m
[0;34m[1784655444.694] [8157:8159] [DMG] 				Data = 32769 (unsigned), [0m
[0;34m[1784655444.694] [8157:8159] [DMG] 			},[0m
[0;34m[1784655444.694] [8157:8159] [DMG] 			[0m
[0;34m[1784655444.694] [8157:8159] [DMG] 		},[0m
[0;34m[1784655444.694] [8157:8159] [DMG] 		[0m
[0;34m[1784655444.694] [8157:8159] [DMG] 		AttributeReportIB =[0m
[0;34m[1784655444.694] [8157:8159] [DMG] 		{[0m
[0;34m[1784655444.694] [8157:8159] [DMG] 			AttributeDataIB =[0m
[0;34m[1784655444.694] [8157:8159] [DMG] 			{[0m
[0;34m[1784655444.694] [8157:8159] [DMG] 				DataVersion = 0x36b88d57,[0m
[0;34m[1784655444.694] [8157:8159] [DMG] 				AttributePathIB =[0m
[0;34m[1784655444.694] [8157:8159] [DMG] 				{[0m
[0;34m[1784655444.694] [8157:8159] [DMG] 					Endpoint = 0x0,[0m
[0;34m[1784655444.694] [8157:8159] [DMG] 					Cluster = 0x28,[0m
[0;34m[1784655444.694] [8157:8159] [DMG] 					Attribute = 0x0000_0002,[0m
[0;34m[1784655444.694] [8157:8159] [DMG] 				}[0m
[0;34m[1784655444.694] [8157:8159] [DMG] 					[0m
[0;34m[1784655444.694] [8157:8159] [DMG] 				Data = 65521 (unsigned), [0m
[0;34m[1784655444.694] [8157:8159] [DMG] 			},[0m
[0;34m[1784655444.694] [8157:8159] [DMG] 			[0m
[0;34m[1784655444.694] [8157:8159] [DMG] 		},[0m
[0;34m[1784655444.694] [8157:8159] [DMG] 		[0m
[0;34m[1784655444.694] [8157:8159] [DMG] 		AttributeReportIB =[0m
[0;34m[1784655444.694] [8157:8159] [DMG] 		{[0m
[0;34m[1784655444.694] [8157:8159] [DMG] 			AttributeStatusIB =[0m
[0;34m[1784655444.694] [8157:8159] [DMG] 			{[0m
[0;34m[1784655444.694] [8157:8159] [DMG] 				AttributePathIB =[0m
[0;34m[1784655444.694] [8157:8159] [DMG] 				{[0m
[0;34m[1784655444.694] [8157:8159] [DMG] 					Endpoint = 0x0,[0m
[0;34m[1784655444.694] [8157:8159] [DMG] 					Cluster = 0x30,[0m
[0;34m[1784655444.694] [8157:8159] [DMG] 					Attribute = 0x0000_000C,[0m
[0;34m[1784655444.694] [8157:8159] [DMG] 				}[0m
[0;34m[1784655444.694] [8157:8159] [DMG] 					[0m
[0;34m[1784655444.694] [8157:8159] [DMG] 				StatusIB =[0m
[0;34m[1784655444.694] [8157:8159] [DMG] 				{[0m
[0;34m[1784655444.694] [8157:8159] [DMG] 					status = 0x86 (UNSUPPORTED_ATTRIBUTE),[0m
[0;34m[1784655444.694] [8157:8159] [DMG] 				},[0m
[0;34m[1784655444.694] [8157:8159] [DMG] 				[0m
[0;34m[1784655444.694] [8157:8159] [DMG] 			},[0m
[0;34m[1784655444.694] [8157:8159] [DMG] 			[0m
[0;34m[1784655444.694] [8157:8159] [DMG] 		},[0m
[0;34m[1784655444.694] [8157:8159] [DMG] 		[0m
[0;34m[1784655444.694] [8157:8159] [DMG] 		AttributeReportIB =[0m
[0;34m[1784655444.694] [8157:8159] [DMG] 		{[0m
[0;34m[1784655444.694] [8157:8159] [DMG] 			AttributeDataIB =[0m
[0;34m[1784655444.694] [8157:8159] [DMG] 			{[0m
[0;34m[1784655444.694] [8157:8159] [DMG] 				DataVersion = 0xd9bdc42d,[0m
[0;34m[1784655444.694] [8157:8159] [DMG] 				AttributePathIB =[0m
[0;34m[1784655444.694] [8157:8159] [DMG] 				{[0m
[0;34m[1784655444.694] [8157:8159] [DMG] 					Endpoint = 0x0,[0m
[0;34m[1784655444.694] [8157:8159] [DMG] 					Cluster = 0x30,[0m
[0;34m[1784655444.694] [8157:8159] [DMG] 					Attribute = 0x0000_0003,[0m
[0;34m[1784655444.694] [8157:8159] [DMG] 				}[0m
[0;34m[1784655444.694] [8157:8159] [DMG] 					[0m
[0;34m[1784655444.694] [8157:8159] [DMG] 				Data = 2 (unsigned), [0m
[0;34m[1784655444.694] [8157:8159] [DMG] 			},[0m
[0;34m[1784655444.694] [8157:8159] [DMG] 			[0m
[0;34m[1784655444.694] [8157:8159] [DMG] 		},[0m
[0;34m[1784655444.694] [8157:8159] [DMG] 		[0m
[0;34m[1784655444.694] [8157:8159] [DMG] 		AttributeReportIB =[0m
[0;34m[1784655444.694] [8157:8159] [DMG] 		{[0m
[0;34m[1784655444.694] [8157:8159] [DMG] 			AttributeDataIB =[0m
[0;34m[1784655444.694] [8157:8159] [DMG] 			{[0m
[0;34m[1784655444.694] [8157:8159] [DMG] 				DataVersion = 0xd9bdc42d,[0m
[0;34m[1784655444.694] [8157:8159] [DMG] 				AttributePathIB =[0m
[0;34m[1784655444.694] [8157:8159] [DMG] 				{[0m
[0;34m[1784655444.694] [8157:8159] [DMG] 					Endpoint = 0x0,[0m
[0;34m[1784655444.694] [8157:8159] [DMG] 					Cluster = 0x30,[0m
[0;34m[1784655444.694] [8157:8159] [DMG] 					Attribute = 0x0000_0002,[0m
[0;34m[1784655444.694] [8157:8159] [DMG] 				}[0m
[0;34m[1784655444.694] [8157:8159] [DMG] 					[0m
[0;34m[1784655444.694] [8157:8159] [DMG] 				Data = 0 (unsigned), [0m
[0;34m[1784655444.694] [8157:8159] [DMG] 			},[0m
[0;34m[1784655444.694] [8157:8159] [DMG] 			[0m
[0;34m[1784655444.694] [8157:8159] [DMG] 		},[0m
[0;34m[1784655444.694] [8157:8159] [DMG] 		[0m
[0;34m[1784655444.694] [8157:8159] [DMG] 		AttributeReportIB =[0m
[0;34m[1784655444.694] [8157:8159] [DMG] 		{[0m
[0;34m[1784655444.694] [8157:8159] [DMG] 			AttributeDataIB =[0m
[0;34m[1784655444.694] [8157:8159] [DMG] 			{[0m
[0;34m[1784655444.694] [8157:8159] [DMG] 				DataVersion = 0xd9bdc42d,[0m
[0;34m[1784655444.694] [8157:8159] [DMG] 				AttributePathIB =[0m
[0;34m[1784655444.694] [8157:8159] [DMG] 				{[0m
[0;34m[1784655444.694] [8157:8159] [DMG] 					Endpoint = 0x0,[0m
[0;34m[1784655444.694] [8157:8159] [DMG] 					Cluster = 0x30,[0m
[0;34m[1784655444.694] [8157:8159] [DMG] 					Attribute = 0x0000_0001,[0m
[0;34m[1784655444.694] [8157:8159] [DMG] 				}[0m
[0;34m[1784655444.694] [8157:8159] [DMG] 					[0m
[0;34m[1784655444.694] [8157:8159] [DMG] 				Data = [0m
[0;34m[1784655444.694] [8157:8159] [DMG] 				{[0m
[0;34m[1784655444.694] [8157:8159] [DMG] 					0x0 = 60 (unsigned), [0m
[0;34m[1784655444.694] [8157:8159] [DMG] 					0x1 = 900 (unsigned), [0m
[0;34m[1784655444.694] [8157:8159] [DMG] 				},[0m
[0;34m[1784655444.694] [8157:8159] [DMG] 			},[0m
[0;34m[1784655444.694] [8157:8159] [DMG] 			[0m
[0;34m[1784655444.694] [8157:8159] [DMG] 		},[0m
[0;34m[1784655444.694] [8157:8159] [DMG] 		[0m
[0;34m[1784655444.694] [8157:8159] [DMG] 		AttributeReportIB =[0m
[0;34m[1784655444.694] [8157:8159] [DMG] 		{[0m
[0;34m[1784655444.694] [8157:8159] [DMG] 			AttributeDataIB =[0m
[0;34m[1784655444.694] [8157:8159] [DMG] 			{[0m
[0;34m[1784655444.694] [8157:8159] [DMG] 				DataVersion = 0xd9bdc42d,[0m
[0;34m[1784655444.694] [8157:8159] [DMG] 				AttributePathIB =[0m
[0;34m[1784655444.694] [8157:8159] [DMG] 				{[0m
[0;34m[1784655444.694] [8157:8159] [DMG] 					Endpoint = 0x0,[0m
[0;34m[1784655444.694] [8157:8159] [DMG] 					Cluster = 0x30,[0m
[0;34m[1784655444.694] [8157:8159] [DMG] 					Attribute = 0x0000_0000,[0m
[0;34m[1784655444.694] [8157:8159] [DMG] 				}[0m
[0;34m[1784655444.694] [8157:8159] [DMG] 					[0m
[0;34m[1784655444.694] [8157:8159] [DMG] 				Data = 0 (unsigned), [0m
[0;34m[1784655444.694] [8157:8159] [DMG] 			},[0m
[0;34m[1784655444.694] [8157:8159] [DMG] 			[0m
[0;34m[1784655444.694] [8157:8159] [DMG] 		},[0m
[0;34m[1784655444.694] [8157:8159] [DMG] 		[0m
[0;34m[1784655444.694] [8157:8159] [DMG] 		AttributeReportIB =[0m
[0;34m[1784655444.694] [8157:8159] [DMG] 		{[0m
[0;34m[1784655444.694] [8157:8159] [DMG] 			AttributeDataIB =[0m
[0;34m[1784655444.694] [8157:8159] [DMG] 			{[0m
[0;34m[1784655444.694] [8157:8159] [DMG] 				DataVersion = 0xd9bdc42d,[0m
[0;34m[1784655444.694] [8157:8159] [DMG] 				AttributePathIB =[0m
[0;34m[1784655444.694] [8157:8159] [DMG] 				{[0m
[0;34m[1784655444.694] [8157:8159] [DMG] 					Endpoint = 0x0,[0m
[0;34m[1784655444.694] [8157:8159] [DMG] 					Cluster = 0x30,[0m
[0;34m[1784655444.694] [8157:8159] [DMG] 					Attribute = 0x0000_0004,[0m
[0;34m[1784655444.694] [8157:8159] [DMG] 				}[0m
[0;34m[1784655444.694] [8157:8159] [DMG] 					[0m
[0;34m[1784655444.694] [8157:8159] [DMG] 				Data = true, [0m
[0;34m[1784655444.694] [8157:8159] [DMG] 			},[0m
[0;34m[1784655444.694] [8157:8159] [DMG] 			[0m
[0;34m[1784655444.694] [8157:8159] [DMG] 		},[0m
[0;34m[1784655444.694] [8157:8159] [DMG] 		[0m
[0;34m[1784655444.694] [8157:8159] [DMG] 	],[0m
[0;34m[1784655444.694] [8157:8159] [DMG] 	[0m
[0;34m[1784655444.694] [8157:8159] [DMG] 	SuppressResponse = true, [0m
[0;34m[1784655444.694] [8157:8159] [DMG] 	InteractionModelRevision = 12[0m
[0;34m[1784655444.694] [8157:8159] [DMG] }[0m
[0;34m[1784655444.694] [8157:8159] [DMG] SendReadRequest ReadClient[0x75e9800351e0]: Sending Read Request[0m
[0;32m[1784655444.694] [8157:8159] [DMG] 0 data version filters provided, 0 not relevant, 0 encoded, 0 skipped due to lack of space[0m
[0;32m[1784655444.694] [8157:8159] [EM] <<< [E:14685i S:54984 M:211791487] (S) Msg TX from 0000000000000000 to 0:FFFFFFFB00000000 [0000] [UDP:[fe80::bfe:a203:38f0:bce7%enp0s3]:5540] --- Type 0001:02 (IM:ReadRequest) (B:112)[0m
[0;32m[1784655444.694] [8157:8159] [EM] ??1 [E:14685i S:54984 M:211791487] (S) Msg Retransmission to 0:FFFFFFFB00000000 scheduled for 351ms from now [State:Active II:500 AI:300 AT:4000][0m
[0;34m[1784655444.694] [8157:8159] [DMG] MoveToState ReadClient[0x75e9800351e0]: Moving to [AwaitingIn][0m
[0;32m[1784655444.694] [8157:8159] [EM] <<< [E:14684i S:54984 M:211791488 (Ack:963769)] (S) Msg TX from 0000000000000000 to 0:FFFFFFFB00000000 [0000] [UDP:[fe80::bfe:a203:38f0:bce7%enp0s3]:5540] --- Type 0000:10 (SecureChannel:StandaloneAck) (B:34)[0m
[0;34m[1784655444.694] [8157:8159] [EM] Flushed pending ack for MessageCounter:963769 on exchange 14684i[0m
[0;32m[1784655444.695] [8157:8159] [EM] >>> [E:14685i S:54984 M:963770 (Ack:211791487)] (S) Msg RX from 0:FFFFFFFB00000000 [0000] to 0000000000000000 --- Type 0001:05 (IM:ReportData) (B:186)[0m
[0;34m[1784655444.695] [8157:8159] [EM] Found matching exchange: 14685i, Delegate: 0x75e9800351f0[0m
[0;34m[1784655444.695] [8157:8159] [EM] Rxd Ack; Removing MessageCounter:211791487 from Retrans Table on exchange 14685i[0m
[0;34m[1784655444.695] [8157:8159] [DMG] ReportDataMessage =[0m
[0;34m[1784655444.695] [8157:8159] [DMG] {[0m
[0;34m[1784655444.695] [8157:8159] [DMG] 	AttributeReportIBs =[0m
[0;34m[1784655444.695] [8157:8159] [DMG] 	[[0m
[0;34m[1784655444.695] [8157:8159] [DMG] 		AttributeReportIB =[0m
[0;34m[1784655444.695] [8157:8159] [DMG] 		{[0m
[0;34m[1784655444.695] [8157:8159] [DMG] 			AttributeStatusIB =[0m
[0;34m[1784655444.695] [8157:8159] [DMG] 			{[0m
[0;34m[1784655444.695] [8157:8159] [DMG] 				AttributePathIB =[0m
[0;34m[1784655444.695] [8157:8159] [DMG] 				{[0m
[0;34m[1784655444.695] [8157:8159] [DMG] 					Endpoint = 0x0,[0m
[0;34m[1784655444.695] [8157:8159] [DMG] 					Cluster = 0x46,[0m
[0;34m[1784655444.695] [8157:8159] [DMG] 					Attribute = 0x0000_0002,[0m
[0;34m[1784655444.695] [8157:8159] [DMG] 				}[0m
[0;34m[1784655444.695] [8157:8159] [DMG] 					[0m
[0;34m[1784655444.695] [8157:8159] [DMG] 				StatusIB =[0m
[0;34m[1784655444.695] [8157:8159] [DMG] 				{[0m
[0;34m[1784655444.695] [8157:8159] [DMG] 					status = 0xc3 (UNSUPPORTED_CLUSTER),[0m
[0;34m[1784655444.695] [8157:8159] [DMG] 				},[0m
[0;34m[1784655444.695] [8157:8159] [DMG] 				[0m
[0;34m[1784655444.695] [8157:8159] [DMG] 			},[0m
[0;34m[1784655444.695] [8157:8159] [DMG] 			[0m
[0;34m[1784655444.695] [8157:8159] [DMG] 		},[0m
[0;34m[1784655444.695] [8157:8159] [DMG] 		[0m
[0;34m[1784655444.695] [8157:8159] [DMG] 		AttributeReportIB =[0m
[0;34m[1784655444.695] [8157:8159] [DMG] 		{[0m
[0;34m[1784655444.695] [8157:8159] [DMG] 			AttributeStatusIB =[0m
[0;34m[1784655444.695] [8157:8159] [DMG] 			{[0m
[0;34m[1784655444.695] [8157:8159] [DMG] 				AttributePathIB =[0m
[0;34m[1784655444.695] [8157:8159] [DMG] 				{[0m
[0;34m[1784655444.695] [8157:8159] [DMG] 					Endpoint = 0x0,[0m
[0;34m[1784655444.695] [8157:8159] [DMG] 					Cluster = 0x46,[0m
[0;34m[1784655444.695] [8157:8159] [DMG] 					Attribute = 0x0000_0001,[0m
[0;34m[1784655444.695] [8157:8159] [DMG] 				}[0m
[0;34m[1784655444.695] [8157:8159] [DMG] 					[0m
[0;34m[1784655444.695] [8157:8159] [DMG] 				StatusIB =[0m
[0;34m[1784655444.695] [8157:8159] [DMG] 				{[0m
[0;34m[1784655444.695] [8157:8159] [DMG] 					status = 0xc3 (UNSUPPORTED_CLUSTER),[0m
[0;34m[1784655444.695] [8157:8159] [DMG] 				},[0m
[0;34m[1784655444.695] [8157:8159] [DMG] 				[0m
[0;34m[1784655444.695] [8157:8159] [DMG] 			},[0m
[0;34m[1784655444.695] [8157:8159] [DMG] 			[0m
[0;34m[1784655444.695] [8157:8159] [DMG] 		},[0m
[0;34m[1784655444.695] [8157:8159] [DMG] 		[0m
[0;34m[1784655444.695] [8157:8159] [DMG] 		AttributeReportIB =[0m
[0;34m[1784655444.695] [8157:8159] [DMG] 		{[0m
[0;34m[1784655444.695] [8157:8159] [DMG] 			AttributeStatusIB =[0m
[0;34m[1784655444.695] [8157:8159] [DMG] 			{[0m
[0;34m[1784655444.695] [8157:8159] [DMG] 				AttributePathIB =[0m
[0;34m[1784655444.695] [8157:8159] [DMG] 				{[0m
[0;34m[1784655444.695] [8157:8159] [DMG] 					Endpoint = 0x0,[0m
[0;34m[1784655444.695] [8157:8159] [DMG] 					Cluster = 0x46,[0m
[0;34m[1784655444.695] [8157:8159] [DMG] 					Attribute = 0x0000_0000,[0m
[0;34m[1784655444.695] [8157:8159] [DMG] 				}[0m
[0;34m[1784655444.695] [8157:8159] [DMG] 					[0m
[0;34m[1784655444.695] [8157:8159] [DMG] 				StatusIB =[0m
[0;34m[1784655444.695] [8157:8159] [DMG] 				{[0m
[0;34m[1784655444.695] [8157:8159] [DMG] 					status = 0xc3 (UNSUPPORTED_CLUSTER),[0m
[0;34m[1784655444.695] [8157:8159] [DMG] 				},[0m
[0;34m[1784655444.695] [8157:8159] [DMG] 				[0m
[0;34m[1784655444.695] [8157:8159] [DMG] 			},[0m
[0;34m[1784655444.695] [8157:8159] [DMG] 			[0m
[0;34m[1784655444.695] [8157:8159] [DMG] 		},[0m
[0;34m[1784655444.695] [8157:8159] [DMG] 		[0m
[0;34m[1784655444.695] [8157:8159] [DMG] 		AttributeReportIB =[0m
[0;34m[1784655444.695] [8157:8159] [DMG] 		{[0m
[0;34m[1784655444.695] [8157:8159] [DMG] 			AttributeStatusIB =[0m
[0;34m[1784655444.695] [8157:8159] [DMG] 			{[0m
[0;34m[1784655444.695] [8157:8159] [DMG] 				AttributePathIB =[0m
[0;34m[1784655444.695] [8157:8159] [DMG] 				{[0m
[0;34m[1784655444.695] [8157:8159] [DMG] 					Endpoint = 0x0,[0m
[0;34m[1784655444.695] [8157:8159] [DMG] 					Cluster = 0x46,[0m
[0;34m[1784655444.695] [8157:8159] [DMG] 					Attribute = 0x0000_0007,[0m
[0;34m[1784655444.695] [8157:8159] [DMG] 				}[0m
[0;34m[1784655444.695] [8157:8159] [DMG] 					[0m
[0;34m[1784655444.695] [8157:8159] [DMG] 				StatusIB =[0m
[0;34m[1784655444.695] [8157:8159] [DMG] 				{[0m
[0;34m[1784655444.695] [8157:8159] [DMG] 					status = 0xc3 (UNSUPPORTED_CLUSTER),[0m
[0;34m[1784655444.695] [8157:8159] [DMG] 				},[0m
[0;34m[1784655444.695] [8157:8159] [DMG] 				[0m
[0;34m[1784655444.695] [8157:8159] [DMG] 			},[0m
[0;34m[1784655444.695] [8157:8159] [DMG] 			[0m
[0;34m[1784655444.695] [8157:8159] [DMG] 		},[0m
[0;34m[1784655444.695] [8157:8159] [DMG] 		[0m
[0;34m[1784655444.695] [8157:8159] [DMG] 		AttributeReportIB =[0m
[0;34m[1784655444.695] [8157:8159] [DMG] 		{[0m
[0;34m[1784655444.695] [8157:8159] [DMG] 			AttributeStatusIB =[0m
[0;34m[1784655444.695] [8157:8159] [DMG] 			{[0m
[0;34m[1784655444.695] [8157:8159] [DMG] 				AttributePathIB =[0m
[0;34m[1784655444.695] [8157:8159] [DMG] 				{[0m
[0;34m[1784655444.695] [8157:8159] [DMG] 					Endpoint = 0x0,[0m
[0;34m[1784655444.695] [8157:8159] [DMG] 					Cluster = 0x46,[0m
[0;34m[1784655444.695] [8157:8159] [DMG] 					Attribute = 0x0000_0006,[0m
[0;34m[1784655444.695] [8157:8159] [DMG] 				}[0m
[0;34m[1784655444.695] [8157:8159] [DMG] 					[0m
[0;34m[1784655444.695] [8157:8159] [DMG] 				StatusIB =[0m
[0;34m[1784655444.695] [8157:8159] [DMG] 				{[0m
[0;34m[1784655444.695] [8157:8159] [DMG] 					status = 0xc3 (UNSUPPORTED_CLUSTER),[0m
[0;34m[1784655444.695] [8157:8159] [DMG] 				},[0m
[0;34m[1784655444.695] [8157:8159] [DMG] 				[0m
[0;34m[1784655444.695] [8157:8159] [DMG] 			},[0m
[0;34m[1784655444.695] [8157:8159] [DMG] 			[0m
[0;34m[1784655444.695] [8157:8159] [DMG] 		},[0m
[0;34m[1784655444.695] [8157:8159] [DMG] 		[0m
[0;34m[1784655444.695] [8157:8159] [DMG] 		AttributeReportIB =[0m
[0;34m[1784655444.695] [8157:8159] [DMG] 		{[0m
[0;34m[1784655444.695] [8157:8159] [DMG] 			AttributeDataIB =[0m
[0;34m[1784655444.695] [8157:8159] [DMG] 			{[0m
[0;34m[1784655444.695] [8157:8159] [DMG] 				DataVersion = 0x2d69abeb,[0m
[0;34m[1784655444.695] [8157:8159] [DMG] 				AttributePathIB =[0m
[0;34m[1784655444.695] [8157:8159] [DMG] 				{[0m
[0;34m[1784655444.695] [8157:8159] [DMG] 					Endpoint = 0x0,[0m
[0;34m[1784655444.695] [8157:8159] [DMG] 					Cluster = 0x31,[0m
[0;34m[1784655444.695] [8157:8159] [DMG] 					Attribute = 0x0000_FFFC,[0m
[0;34m[1784655444.695] [8157:8159] [DMG] 				}[0m
[0;34m[1784655444.695] [8157:8159] [DMG] 					[0m
[0;34m[1784655444.695] [8157:8159] [DMG] 				Data = 4 (unsigned), [0m
[0;34m[1784655444.695] [8157:8159] [DMG] 			},[0m
[0;34m[1784655444.695] [8157:8159] [DMG] 			[0m
[0;34m[1784655444.695] [8157:8159] [DMG] 		},[0m
[0;34m[1784655444.695] [8157:8159] [DMG] 		[0m
[0;34m[1784655444.695] [8157:8159] [DMG] 	],[0m
[0;34m[1784655444.695] [8157:8159] [DMG] 	[0m
[0;34m[1784655444.695] [8157:8159] [DMG] 	SuppressResponse = true, [0m
[0;34m[1784655444.695] [8157:8159] [DMG] 	InteractionModelRevision = 12[0m
[0;34m[1784655444.695] [8157:8159] [DMG] }[0m
[1;31m[1784655444.695] [8157:8159] [CTL] Ignoring failure to read IsCommissioningWithoutPower: src/app/ClusterStateCache.cpp:294: CHIP Error 0x000000CA: Interaction Model Error[0m
[0;32m[1784655444.695] [8157:8159] [CTL] NetworkCommissioning Features: has Ethernet. endpointid = 0[0m
[0;32m[1784655444.696] [8157:8159] [SVR] OnReadCommissioningInfo - vendorId=0xFFF1 productId=0x8001[0m
[0;32m[1784655444.696] [8157:8159] [SVR] OnReadCommissioningInfo ICD - IdleModeDuration=0 activeModeDuration=0 activeModeThreshold=0[0m
[0;32m[1784655444.696] [8157:8159] [CTL] Successfully finished commissioning step 'ReadCommissioningInfo'[0m
[0;32m[1784655444.696] [8157:8159] [CTL] Commissioning stage next step: 'ReadCommissioningInfo' -> 'ArmFailSafe'[0m
[0;32m[1784655444.696] [8157:8159] [CTL] Performing next commissioning step 'ArmFailSafe'[0m
[0;34m[1784655444.696] [8157:8159] [TOO] Starting commissioning stage 'ArmFailSafe'[0m
[0;32m[1784655444.696] [8157:8159] [CTL] Arming failsafe (60 seconds)[0m
[0;34m[1784655444.696] [8157:8159] [DMG] ICR moving to [AddingComm][0m
[0;34m[1784655444.696] [8157:8159] [DMG] ICR moving to [AddedComma][0m
[0;32m[1784655444.696] [8157:8159] [EM] <<< [E:14686i S:54984 M:211791489] (S) Msg TX from 0000000000000000 to 0:FFFFFFFB00000000 [0000] [UDP:[fe80::bfe:a203:38f0:bce7%enp0s3]:5540] --- Type 0001:08 (IM:InvokeCommandRequest) (B:65)[0m
[0;32m[1784655444.696] [8157:8159] [EM] ??1 [E:14686i S:54984 M:211791489] (S) Msg Retransmission to 0:FFFFFFFB00000000 scheduled for 335ms from now [State:Active II:500 AI:300 AT:4000][0m
[0;34m[1784655444.696] [8157:8159] [DMG] ICR moving to [AwaitingRe][0m
[0;32m[1784655444.696] [8157:8159] [EM] <<< [E:14685i S:54984 M:211791490 (Ack:963770)] (S) Msg TX from 0000000000000000 to 0:FFFFFFFB00000000 [0000] [UDP:[fe80::bfe:a203:38f0:bce7%enp0s3]:5540] --- Type 0000:10 (SecureChannel:StandaloneAck) (B:34)[0m
[0;34m[1784655444.696] [8157:8159] [EM] Flushed pending ack for MessageCounter:963770 on exchange 14685i[0m
[0;32m[1784655444.696] [8157:8159] [EM] >>> [E:14686i S:54984 M:963771 (Ack:211791489)] (S) Msg RX from 0:FFFFFFFB00000000 [0000] to 0000000000000000 --- Type 0001:09 (IM:InvokeCommandResponse) (B:70)[0m
[0;34m[1784655444.696] [8157:8159] [EM] Found matching exchange: 14686i, Delegate: 0x75e9800382d8[0m
[0;34m[1784655444.696] [8157:8159] [EM] Rxd Ack; Removing MessageCounter:211791489 from Retrans Table on exchange 14686i[0m
[0;34m[1784655444.696] [8157:8159] [DMG] ICR moving to [ResponseRe][0m
[0;34m[1784655444.696] [8157:8159] [DMG] InvokeResponseMessage =[0m
[0;34m[1784655444.696] [8157:8159] [DMG] {[0m
[0;34m[1784655444.696] [8157:8159] [DMG] 	suppressResponse = false, [0m
[0;34m[1784655444.696] [8157:8159] [DMG] 	InvokeResponseIBs =[0m
[0;34m[1784655444.696] [8157:8159] [DMG] 	[[0m
[0;34m[1784655444.696] [8157:8159] [DMG] 		InvokeResponseIB =[0m
[0;34m[1784655444.696] [8157:8159] [DMG] 		{[0m
[0;34m[1784655444.696] [8157:8159] [DMG] 			CommandDataIB =[0m
[0;34m[1784655444.696] [8157:8159] [DMG] 			{[0m
[0;34m[1784655444.696] [8157:8159] [DMG] 				CommandPathIB =[0m
[0;34m[1784655444.696] [8157:8159] [DMG] 				{[0m
[0;34m[1784655444.696] [8157:8159] [DMG] 					EndpointId = 0x0,[0m
[0;34m[1784655444.696] [8157:8159] [DMG] 					ClusterId = 0x30,[0m
[0;34m[1784655444.696] [8157:8159] [DMG] 					CommandId = 0x1,[0m
[0;34m[1784655444.696] [8157:8159] [DMG] 				},[0m
[0;34m[1784655444.696] [8157:8159] [DMG] 				[0m
[0;34m[1784655444.696] [8157:8159] [DMG] 				CommandFields = [0m
[0;34m[1784655444.696] [8157:8159] [DMG] 				{[0m
[0;34m[1784655444.696] [8157:8159] [DMG] 					0x0 = 0 (unsigned), [0m
[0;34m[1784655444.696] [8157:8159] [DMG] 					0x1 = "" (0 chars), [0m
[0;34m[1784655444.696] [8157:8159] [DMG] 				},[0m
[0;34m[1784655444.696] [8157:8159] [DMG] 			},[0m
[0;34m[1784655444.696] [8157:8159] [DMG] 			[0m
[0;34m[1784655444.696] [8157:8159] [DMG] 		},[0m
[0;34m[1784655444.696] [8157:8159] [DMG] 		[0m
[0;34m[1784655444.696] [8157:8159] [DMG] 	],[0m
[0;34m[1784655444.696] [8157:8159] [DMG] 	[0m
[0;34m[1784655444.696] [8157:8159] [DMG] 	InteractionModelRevision = 12[0m
[0;34m[1784655444.696] [8157:8159] [DMG] },[0m
[0;32m[1784655444.696] [8157:8159] [DMG] Received Command Response Data, Endpoint=0 Cluster=0x0000_0030 Command=0x0000_0001[0m
[0;32m[1784655444.696] [8157:8159] [CTL] Received ArmFailSafe response errorCode=0[0m
[0;32m[1784655444.696] [8157:8159] [CTL] Successfully finished commissioning step 'ArmFailSafe'[0m
[0;32m[1784655444.696] [8157:8159] [CTL] Commissioning stage next step: 'ArmFailSafe' -> 'ConfigRegulatory'[0m
[0;32m[1784655444.696] [8157:8159] [CTL] Performing next commissioning step 'ConfigRegulatory'[0m
[0;34m[1784655444.696] [8157:8159] [TOO] Starting commissioning stage 'ConfigRegulatory'[0m
[0;32m[1784655444.696] [8157:8159] [CTL] Setting Regulatory Config[0m
[0;32m[1784655444.696] [8157:8159] [CTL] No regulatory config supplied by controller, leaving as device default (0)[0m
[0;34m[1784655444.696] [8157:8159] [DMG] ICR moving to [AddingComm][0m
[0;34m[1784655444.696] [8157:8159] [DMG] ICR moving to [AddedComma][0m
[0;32m[1784655444.696] [8157:8159] [EM] <<< [E:14687i S:54984 M:211791491] (S) Msg TX from 0000000000000000 to 0:FFFFFFFB00000000 [0000] [UDP:[fe80::bfe:a203:38f0:bce7%enp0s3]:5540] --- Type 0001:08 (IM:InvokeCommandRequest) (B:70)[0m
[0;32m[1784655444.696] [8157:8159] [EM] ??1 [E:14687i S:54984 M:211791491] (S) Msg Retransmission to 0:FFFFFFFB00000000 scheduled for 348ms from now [State:Active II:500 AI:300 AT:4000][0m
[0;34m[1784655444.696] [8157:8159] [DMG] ICR moving to [AwaitingRe][0m
[0;34m[1784655444.696] [8157:8159] [DMG] ICR moving to [AwaitingDe][0m
[0;32m[1784655444.696] [8157:8159] [EM] <<< [E:14686i S:54984 M:211791492 (Ack:963771)] (S) Msg TX from 0000000000000000 to 0:FFFFFFFB00000000 [0000] [UDP:[fe80::bfe:a203:38f0:bce7%enp0s3]:5540] --- Type 0000:10 (SecureChannel:StandaloneAck) (B:34)[0m
[0;34m[1784655444.696] [8157:8159] [EM] Flushed pending ack for MessageCounter:963771 on exchange 14686i[0m
[0;32m[1784655444.702] [8157:8159] [EM] >>> [E:14687i S:54984 M:963772 (Ack:211791491)] (S) Msg RX from 0:FFFFFFFB00000000 [0000] to 0000000000000000 --- Type 0001:09 (IM:InvokeCommandResponse) (B:70)[0m
[0;34m[1784655444.702] [8157:8159] [EM] Found matching exchange: 14687i, Delegate: 0x75e980035058[0m
[0;34m[1784655444.702] [8157:8159] [EM] Rxd Ack; Removing MessageCounter:211791491 from Retrans Table on exchange 14687i[0m
[0;34m[1784655444.702] [8157:8159] [DMG] ICR moving to [ResponseRe][0m
[0;34m[1784655444.702] [8157:8159] [DMG] InvokeResponseMessage =[0m
[0;34m[1784655444.702] [8157:8159] [DMG] {[0m
[0;34m[1784655444.702] [8157:8159] [DMG] 	suppressResponse = false, [0m
[0;34m[1784655444.702] [8157:8159] [DMG] 	InvokeResponseIBs =[0m
[0;34m[1784655444.702] [8157:8159] [DMG] 	[[0m
[0;34m[1784655444.702] [8157:8159] [DMG] 		InvokeResponseIB =[0m
[0;34m[1784655444.702] [8157:8159] [DMG] 		{[0m
[0;34m[1784655444.702] [8157:8159] [DMG] 			CommandDataIB =[0m
[0;34m[1784655444.702] [8157:8159] [DMG] 			{[0m
[0;34m[1784655444.702] [8157:8159] [DMG] 				CommandPathIB =[0m
[0;34m[1784655444.702] [8157:8159] [DMG] 				{[0m
[0;34m[1784655444.702] [8157:8159] [DMG] 					EndpointId = 0x0,[0m
[0;34m[1784655444.702] [8157:8159] [DMG] 					ClusterId = 0x30,[0m
[0;34m[1784655444.702] [8157:8159] [DMG] 					CommandId = 0x3,[0m
[0;34m[1784655444.702] [8157:8159] [DMG] 				},[0m
[0;34m[1784655444.702] [8157:8159] [DMG] 				[0m
[0;34m[1784655444.702] [8157:8159] [DMG] 				CommandFields = [0m
[0;34m[1784655444.702] [8157:8159] [DMG] 				{[0m
[0;34m[1784655444.702] [8157:8159] [DMG] 					0x0 = 0 (unsigned), [0m
[0;34m[1784655444.702] [8157:8159] [DMG] 					0x1 = "" (0 chars), [0m
[0;34m[1784655444.702] [8157:8159] [DMG] 				},[0m
[0;34m[1784655444.702] [8157:8159] [DMG] 			},[0m
[0;34m[1784655444.702] [8157:8159] [DMG] 			[0m
[0;34m[1784655444.702] [8157:8159] [DMG] 		},[0m
[0;34m[1784655444.702] [8157:8159] [DMG] 		[0m
[0;34m[1784655444.702] [8157:8159] [DMG] 	],[0m
[0;34m[1784655444.702] [8157:8159] [DMG] 	[0m
[0;34m[1784655444.702] [8157:8159] [DMG] 	InteractionModelRevision = 12[0m
[0;34m[1784655444.702] [8157:8159] [DMG] },[0m
[0;32m[1784655444.702] [8157:8159] [DMG] Received Command Response Data, Endpoint=0 Cluster=0x0000_0030 Command=0x0000_0003[0m
[0;32m[1784655444.702] [8157:8159] [CTL] Received SetRegulatoryConfig response errorCode=0[0m
[0;32m[1784655444.702] [8157:8159] [CTL] Successfully finished commissioning step 'ConfigRegulatory'[0m
[0;32m[1784655444.702] [8157:8159] [CTL] Commissioning stage next step: 'ConfigRegulatory' -> 'ConfigureTCAcknowledgments'[0m
[0;32m[1784655444.702] [8157:8159] [CTL] Performing next commissioning step 'ConfigureTCAcknowledgments'[0m
[0;34m[1784655444.702] [8157:8159] [TOO] Starting commissioning stage 'ConfigureTCAcknowledgments'[0m
[0;32m[1784655444.702] [8157:8159] [CTL] Setting Terms and Conditions[0m
[0;32m[1784655444.702] [8157:8159] [CTL] Setting Terms and Conditions: Skipped[0m
[0;32m[1784655444.702] [8157:8159] [CTL] Successfully finished commissioning step 'ConfigureTCAcknowledgments'[0m
[0;32m[1784655444.702] [8157:8159] [CTL] Commissioning stage next step: 'ConfigureTCAcknowledgments' -> 'ConfigureUTCTime'[0m
[0;32m[1784655444.702] [8157:8159] [CTL] Performing next commissioning step 'ConfigureUTCTime'[0m
[0;34m[1784655444.702] [8157:8159] [TOO] Starting commissioning stage 'ConfigureUTCTime'[0m
[0;34m[1784655444.702] [8157:8159] [DMG] ICR moving to [AddingComm][0m
[0;34m[1784655444.702] [8157:8159] [DMG] ICR moving to [AddedComma][0m
[0;32m[1784655444.702] [8157:8159] [EM] <<< [E:14688i S:54984 M:211791493] (S) Msg TX from 0000000000000000 to 0:FFFFFFFB00000000 [0000] [UDP:[fe80::bfe:a203:38f0:bce7%enp0s3]:5540] --- Type 0001:08 (IM:InvokeCommandRequest) (B:72)[0m
[0;32m[1784655444.702] [8157:8159] [EM] ??1 [E:14688i S:54984 M:211791493] (S) Msg Retransmission to 0:FFFFFFFB00000000 scheduled for 344ms from now [State:Active II:500 AI:300 AT:4000][0m
[0;34m[1784655444.702] [8157:8159] [DMG] ICR moving to [AwaitingRe][0m
[0;34m[1784655444.702] [8157:8159] [DMG] ICR moving to [AwaitingDe][0m
[0;32m[1784655444.702] [8157:8159] [EM] <<< [E:14687i S:54984 M:211791494 (Ack:963772)] (S) Msg TX from 0000000000000000 to 0:FFFFFFFB00000000 [0000] [UDP:[fe80::bfe:a203:38f0:bce7%enp0s3]:5540] --- Type 0000:10 (SecureChannel:StandaloneAck) (B:34)[0m
[0;34m[1784655444.702] [8157:8159] [EM] Flushed pending ack for MessageCounter:963772 on exchange 14687i[0m
[0;32m[1784655444.703] [8157:8159] [EM] >>> [E:14688i S:54984 M:963773 (Ack:211791493)] (S) Msg RX from 0:FFFFFFFB00000000 [0000] to 0000000000000000 --- Type 0001:09 (IM:InvokeCommandResponse) (B:70)[0m
[0;34m[1784655444.703] [8157:8159] [EM] Found matching exchange: 14688i, Delegate: 0x75e9800382d8[0m
[0;34m[1784655444.703] [8157:8159] [EM] Rxd Ack; Removing MessageCounter:211791493 from Retrans Table on exchange 14688i[0m
[0;34m[1784655444.703] [8157:8159] [DMG] ICR moving to [ResponseRe][0m
[0;34m[1784655444.703] [8157:8159] [DMG] InvokeResponseMessage =[0m
[0;34m[1784655444.703] [8157:8159] [DMG] {[0m
[0;34m[1784655444.703] [8157:8159] [DMG] 	suppressResponse = false, [0m
[0;34m[1784655444.703] [8157:8159] [DMG] 	InvokeResponseIBs =[0m
[0;34m[1784655444.703] [8157:8159] [DMG] 	[[0m
[0;34m[1784655444.703] [8157:8159] [DMG] 		InvokeResponseIB =[0m
[0;34m[1784655444.703] [8157:8159] [DMG] 		{[0m
[0;34m[1784655444.703] [8157:8159] [DMG] 			CommandStatusIB =[0m
[0;34m[1784655444.703] [8157:8159] [DMG] 			{[0m
[0;34m[1784655444.703] [8157:8159] [DMG] 				CommandPathIB =[0m
[0;34m[1784655444.703] [8157:8159] [DMG] 				{[0m
[0;34m[1784655444.703] [8157:8159] [DMG] 					EndpointId = 0x0,[0m
[0;34m[1784655444.703] [8157:8159] [DMG] 					ClusterId = 0x38,[0m
[0;34m[1784655444.703] [8157:8159] [DMG] 					CommandId = 0x0,[0m
[0;34m[1784655444.703] [8157:8159] [DMG] 				},[0m
[0;34m[1784655444.703] [8157:8159] [DMG] 				[0m
[0;34m[1784655444.703] [8157:8159] [DMG] 				StatusIB =[0m
[0;34m[1784655444.703] [8157:8159] [DMG] 				{[0m
[0;34m[1784655444.703] [8157:8159] [DMG] 					status = 0x01 (FAILURE),[0m
[0;34m[1784655444.703] [8157:8159] [DMG] 					cluster-status = 0x2,[0m
[0;34m[1784655444.703] [8157:8159] [DMG] 				},[0m
[0;34m[1784655444.703] [8157:8159] [DMG] 				[0m
[0;34m[1784655444.703] [8157:8159] [DMG] 			},[0m
[0;34m[1784655444.703] [8157:8159] [DMG] 			[0m
[0;34m[1784655444.703] [8157:8159] [DMG] 		},[0m
[0;34m[1784655444.703] [8157:8159] [DMG] 		[0m
[0;34m[1784655444.703] [8157:8159] [DMG] 	],[0m
[0;34m[1784655444.703] [8157:8159] [DMG] 	[0m
[0;34m[1784655444.703] [8157:8159] [DMG] 	InteractionModelRevision = 12[0m
[0;34m[1784655444.703] [8157:8159] [DMG] },[0m
[0;32m[1784655444.703] [8157:8159] [DMG] Received Command Response Status for Endpoint=0 Cluster=0x0000_0038 Command=0x0000_0000 Status=0x1[0m
[0;32m[1784655444.703] [8157:8159] [CTL] Successfully finished commissioning step 'ConfigureUTCTime'[0m
[0;32m[1784655444.703] [8157:8159] [CTL] Commissioning stage next step: 'ConfigureUTCTime' -> 'SendPAICertificateRequest'[0m
[0;32m[1784655444.703] [8157:8159] [CTL] Performing next commissioning step 'SendPAICertificateRequest'[0m
[0;34m[1784655444.703] [8157:8159] [TOO] Starting commissioning stage 'SendPAICertificateRequest'[0m
[0;32m[1784655444.703] [8157:8159] [CTL] Sending request for PAI certificate[0m
[0;34m[1784655444.703] [8157:8159] [CTL] Sending Certificate Chain request to 0x75e980033e20 device[0m
[0;34m[1784655444.703] [8157:8159] [DMG] ICR moving to [AddingComm][0m
[0;34m[1784655444.703] [8157:8159] [DMG] ICR moving to [AddedComma][0m
[0;32m[1784655444.703] [8157:8159] [EM] <<< [E:14689i S:54984 M:211791495] (S) Msg TX from 0000000000000000 to 0:FFFFFFFB00000000 [0000] [UDP:[fe80::bfe:a203:38f0:bce7%enp0s3]:5540] --- Type 0001:08 (IM:InvokeCommandRequest) (B:62)[0m
[0;32m[1784655444.703] [8157:8159] [EM] ??1 [E:14689i S:54984 M:211791495] (S) Msg Retransmission to 0:FFFFFFFB00000000 scheduled for 342ms from now [State:Active II:500 AI:300 AT:4000][0m
[0;34m[1784655444.703] [8157:8159] [DMG] ICR moving to [AwaitingRe][0m
[0;34m[1784655444.703] [8157:8159] [DMG] ICR moving to [AwaitingDe][0m
[0;32m[1784655444.703] [8157:8159] [EM] <<< [E:14688i S:54984 M:211791496 (Ack:963773)] (S) Msg TX from 0000000000000000 to 0:FFFFFFFB00000000 [0000] [UDP:[fe80::bfe:a203:38f0:bce7%enp0s3]:5540] --- Type 0000:10 (SecureChannel:StandaloneAck) (B:34)[0m
[0;34m[1784655444.703] [8157:8159] [EM] Flushed pending ack for MessageCounter:963773 on exchange 14688i[0m
[0;32m[1784655444.703] [8157:8159] [EM] >>> [E:14689i S:54984 M:963774 (Ack:211791495)] (S) Msg RX from 0:FFFFFFFB00000000 [0000] to 0000000000000000 --- Type 0001:09 (IM:InvokeCommandResponse) (B:531)[0m
[0;34m[1784655444.703] [8157:8159] [EM] Found matching exchange: 14689i, Delegate: 0x75e980035058[0m
[0;34m[1784655444.703] [8157:8159] [EM] Rxd Ack; Removing MessageCounter:211791495 from Retrans Table on exchange 14689i[0m
[0;34m[1784655444.703] [8157:8159] [DMG] ICR moving to [ResponseRe][0m
[0;34m[1784655444.703] [8157:8159] [DMG] InvokeResponseMessage =[0m
[0;34m[1784655444.703] [8157:8159] [DMG] {[0m
[0;34m[1784655444.703] [8157:8159] [DMG] 	suppressResponse = false, [0m
[0;34m[1784655444.703] [8157:8159] [DMG] 	InvokeResponseIBs =[0m
[0;34m[1784655444.703] [8157:8159] [DMG] 	[[0m
[0;34m[1784655444.703] [8157:8159] [DMG] 		InvokeResponseIB =[0m
[0;34m[1784655444.703] [8157:8159] [DMG] 		{[0m
[0;34m[1784655444.703] [8157:8159] [DMG] 			CommandDataIB =[0m
[0;34m[1784655444.703] [8157:8159] [DMG] 			{[0m
[0;34m[1784655444.703] [8157:8159] [DMG] 				CommandPathIB =[0m
[0;34m[1784655444.703] [8157:8159] [DMG] 				{[0m
[0;34m[1784655444.703] [8157:8159] [DMG] 					EndpointId = 0x0,[0m
[0;34m[1784655444.703] [8157:8159] [DMG] 					ClusterId = 0x3e,[0m
[0;34m[1784655444.703] [8157:8159] [DMG] 					CommandId = 0x3,[0m
[0;34m[1784655444.703] [8157:8159] [DMG] 				},[0m
[0;34m[1784655444.703] [8157:8159] [DMG] 				[0m
[0;34m[1784655444.703] [8157:8159] [DMG] 				CommandFields = [0m
[0;34m[1784655444.703] [8157:8159] [DMG] 				{[0m
[0;34m[1784655444.703] [8157:8159] [DMG] 					0x0 = [[0m
[0;34m[1784655444.703] [8157:8159] [DMG] 							0x30, 0x82, 0x01, 0xcb, 0x30, 0x82, 0x01, 0x71, 0xa0, 0x03, 0x02, 0x01, 0x02, 0x02, 0x08, 0x56, 0xad, 0x82, 0x22, 0xad, 0x94, 0x5b, 0x64, 0x30, 0x0a, 0x06, 0x08, 0x2a, 0x86, 0x48, 0xce, 0x3d, 0x04, 0x03, 0x02, 0x30, 0x30, 0x31, 0x18, 0x30, 0x16, 0x06, 0x03, 0x55, 0x04, 0x03, 0x0c, 0x0f, 0x4d, 0x61, 0x74, 0x74, 0x65, 0x72, 0x20, 0x54, 0x65, 0x73, 0x74, 0x20, 0x50, 0x41, 0x41, 0x31, 0x14, 0x30, 0x12, 0x06, 0x0a, 0x2b, 0x06, 0x01, 0x04, 0x01, 0x82, 0xa2, 0x7c, 0x02, 0x01, 0x0c, 0x04, 0x46, 0x46, 0x46, 0x31, 0x30, 0x20, 0x17, 0x0d, 0x32, 0x32, 0x30, 0x32, 0x30, 0x35, 0x30, 0x30, 0x30, 0x30, 0x30, 0x30, 0x5a, 0x18, 0x0f, 0x39, 0x39, 0x39, 0x39, 0x31, 0x32, 0x33, 0x31, 0x32, 0x33, 0x35, 0x39, 0x35, 0x39, 0x5a, 0x30, 0x3d, 0x31, 0x25, 0x30, 0x23, 0x06, 0x03, 0x55, 0x04, 0x03, 0x0c, 0x1c, 0x4d, 0x61, 0x74, 0x74, 0x65, 0x72, 0x20, 0x44, 0x65, 0x76, 0x20, 0x50, 0x41, 0x49, 0x20, 0x30, 0x78, 0x46, 0x46, 0x46, 0x31, 0x20, 0x6e, 0x6f, 0x20, 0x50, 0x49, 0x44, 0x31, 0x14, 0x30, 0x12, 0x06, 0x0a, 0x2b, 0x06, 0x01, 0x04, 0x01, 0x82, 0xa2, 0x7c, 0x02, 0x01, 0x0c, 0x04, 0x46, 0x46, 0x46, 0x31, 0x30, 0x59, 0x30, 0x13, 0x06, 0x07, 0x2a, 0x86, 0x48, 0xce, 0x3d, 0x02, 0x01, 0x06, 0x08, 0x2a, 0x86, 0x48, 0xce, 0x3d, 0x03, 0x01, 0x07, 0x03, 0x42, 0x00, 0x04, 0x41, 0x9a, 0x93, 0x15, 0xc2, 0x17, 0x3e, 0x0c, 0x8c, 0x87, 0x6d, 0x03, 0xcc, 0xfc, 0x94, 0x48, 0x52, 0x64, 0x7f, 0x7f, 0xec, 0x5e, 0x50, 0x82, 0xf4, 0x05, 0x99, 0x28, 0xec, 0xa8, 0x94, 0xc5, 0x94, 0x15, 0x13, 0x09, 0xac, 0x63, 0x1e, 0x4c, 0xb0, 0x33, 0x92, 0xaf, 0x68, 0x4b, 0x0b, 0xaf, 0xb7, 0xe6, 0x5b, 0x3b, 0x81, 0x62, 0xc2, 0xf5, 0x2b, 0xf9, 0x31, 0xb8, 0xe7, 0x7a, 0xaa, 0x82, 0xa3, 0x66, 0x30, 0x64, 0x30, 0x12, 0x06, 0x03, 0x55, 0x1d, 0x[0m
[0;34m[1784655444.703] [8157:8159] [DMG] 					] (463 bytes)[0m
[0;34m[1784655444.703] [8157:8159] [DMG] 				},[0m
[0;34m[1784655444.703] [8157:8159] [DMG] 			},[0m
[0;34m[1784655444.703] [8157:8159] [DMG] 			[0m
[0;34m[1784655444.703] [8157:8159] [DMG] 		},[0m
[0;34m[1784655444.703] [8157:8159] [DMG] 		[0m
[0;34m[1784655444.703] [8157:8159] [DMG] 	],[0m
[0;34m[1784655444.703] [8157:8159] [DMG] 	[0m
[0;34m[1784655444.703] [8157:8159] [DMG] 	InteractionModelRevision = 12[0m
[0;34m[1784655444.703] [8157:8159] [DMG] },[0m
[0;32m[1784655444.703] [8157:8159] [DMG] Received Command Response Data, Endpoint=0 Cluster=0x0000_003E Command=0x0000_0003[0m
[0;32m[1784655444.703] [8157:8159] [CTL] Received certificate chain from the device[0m
[0;32m[1784655444.703] [8157:8159] [CTL] Successfully finished commissioning step 'SendPAICertificateRequest'[0m
[0;32m[1784655444.703] [8157:8159] [CTL] Commissioning stage next step: 'SendPAICertificateRequest' -> 'SendDACCertificateRequest'[0m
[0;32m[1784655444.703] [8157:8159] [CTL] Performing next commissioning step 'SendDACCertificateRequest'[0m
[0;34m[1784655444.703] [8157:8159] [TOO] Starting commissioning stage 'SendDACCertificateRequest'[0m
[0;32m[1784655444.703] [8157:8159] [CTL] Sending request for DAC certificate[0m
[0;34m[1784655444.703] [8157:8159] [CTL] Sending Certificate Chain request to 0x75e980033e20 device[0m
[0;34m[1784655444.703] [8157:8159] [DMG] ICR moving to [AddingComm][0m
[0;34m[1784655444.703] [8157:8159] [DMG] ICR moving to [AddedComma][0m
[0;32m[1784655444.703] [8157:8159] [EM] <<< [E:14690i S:54984 M:211791497] (S) Msg TX from 0000000000000000 to 0:FFFFFFFB00000000 [0000] [UDP:[fe80::bfe:a203:38f0:bce7%enp0s3]:5540] --- Type 0001:08 (IM:InvokeCommandRequest) (B:62)[0m
[0;32m[1784655444.703] [8157:8159] [EM] ??1 [E:14690i S:54984 M:211791497] (S) Msg Retransmission to 0:FFFFFFFB00000000 scheduled for 372ms from now [State:Active II:500 AI:300 AT:4000][0m
[0;34m[1784655444.703] [8157:8159] [DMG] ICR moving to [AwaitingRe][0m
[0;34m[1784655444.703] [8157:8159] [DMG] ICR moving to [AwaitingDe][0m
[0;32m[1784655444.703] [8157:8159] [EM] <<< [E:14689i S:54984 M:211791498 (Ack:963774)] (S) Msg TX from 0000000000000000 to 0:FFFFFFFB00000000 [0000] [UDP:[fe80::bfe:a203:38f0:bce7%enp0s3]:5540] --- Type 0000:10 (SecureChannel:StandaloneAck) (B:34)[0m
[0;34m[1784655444.703] [8157:8159] [EM] Flushed pending ack for MessageCounter:963774 on exchange 14689i[0m
[0;32m[1784655444.703] [8157:8159] [EM] >>> [E:14690i S:54984 M:963775 (Ack:211791497)] (S) Msg RX from 0:FFFFFFFB00000000 [0000] to 0000000000000000 --- Type 0001:09 (IM:InvokeCommandResponse) (B:559)[0m
[0;34m[1784655444.703] [8157:8159] [EM] Found matching exchange: 14690i, Delegate: 0x75e9800382d8[0m
[0;34m[1784655444.703] [8157:8159] [EM] Rxd Ack; Removing MessageCounter:211791497 from Retrans Table on exchange 14690i[0m
[0;34m[1784655444.703] [8157:8159] [DMG] ICR moving to [ResponseRe][0m
[0;34m[1784655444.703] [8157:8159] [DMG] InvokeResponseMessage =[0m
[0;34m[1784655444.703] [8157:8159] [DMG] {[0m
[0;34m[1784655444.703] [8157:8159] [DMG] 	suppressResponse = false, [0m
[0;34m[1784655444.703] [8157:8159] [DMG] 	InvokeResponseIBs =[0m
[0;34m[1784655444.703] [8157:8159] [DMG] 	[[0m
[0;34m[1784655444.703] [8157:8159] [DMG] 		InvokeResponseIB =[0m
[0;34m[1784655444.703] [8157:8159] [DMG] 		{[0m
[0;34m[1784655444.703] [8157:8159] [DMG] 			CommandDataIB =[0m
[0;34m[1784655444.703] [8157:8159] [DMG] 			{[0m
[0;34m[1784655444.703] [8157:8159] [DMG] 				CommandPathIB =[0m
[0;34m[1784655444.703] [8157:8159] [DMG] 				{[0m
[0;34m[1784655444.703] [8157:8159] [DMG] 					EndpointId = 0x0,[0m
[0;34m[1784655444.703] [8157:8159] [DMG] 					ClusterId = 0x3e,[0m
[0;34m[1784655444.703] [8157:8159] [DMG] 					CommandId = 0x3,[0m
[0;34m[1784655444.703] [8157:8159] [DMG] 				},[0m
[0;34m[1784655444.703] [8157:8159] [DMG] 				[0m
[0;34m[1784655444.703] [8157:8159] [DMG] 				CommandFields = [0m
[0;34m[1784655444.703] [8157:8159] [DMG] 				{[0m
[0;34m[1784655444.703] [8157:8159] [DMG] 					0x0 = [[0m
[0;34m[1784655444.703] [8157:8159] [DMG] 							0x30, 0x82, 0x01, 0xe7, 0x30, 0x82, 0x01, 0x8e, 0xa0, 0x03, 0x02, 0x01, 0x02, 0x02, 0x08, 0x69, 0xcd, 0xf1, 0x0d, 0xe9, 0xe5, 0x4e, 0xd1, 0x30, 0x0a, 0x06, 0x08, 0x2a, 0x86, 0x48, 0xce, 0x3d, 0x04, 0x03, 0x02, 0x30, 0x3d, 0x31, 0x25, 0x30, 0x23, 0x06, 0x03, 0x55, 0x04, 0x03, 0x0c, 0x1c, 0x4d, 0x61, 0x74, 0x74, 0x65, 0x72, 0x20, 0x44, 0x65, 0x76, 0x20, 0x50, 0x41, 0x49, 0x20, 0x30, 0x78, 0x46, 0x46, 0x46, 0x31, 0x20, 0x6e, 0x6f, 0x20, 0x50, 0x49, 0x44, 0x31, 0x14, 0x30, 0x12, 0x06, 0x0a, 0x2b, 0x06, 0x01, 0x04, 0x01, 0x82, 0xa2, 0x7c, 0x02, 0x01, 0x0c, 0x04, 0x46, 0x46, 0x46, 0x31, 0x30, 0x20, 0x17, 0x0d, 0x32, 0x32, 0x30, 0x32, 0x30, 0x35, 0x30, 0x30, 0x30, 0x30, 0x30, 0x30, 0x5a, 0x18, 0x0f, 0x39, 0x39, 0x39, 0x39, 0x31, 0x32, 0x33, 0x31, 0x32, 0x33, 0x35, 0x39, 0x35, 0x39, 0x5a, 0x30, 0x53, 0x31, 0x25, 0x30, 0x23, 0x06, 0x03, 0x55, 0x04, 0x03, 0x0c, 0x1c, 0x4d, 0x61, 0x74, 0x74, 0x65, 0x72, 0x20, 0x44, 0x65, 0x76, 0x20, 0x44, 0x41, 0x43, 0x20, 0x30, 0x78, 0x46, 0x46, 0x46, 0x31, 0x2f, 0x30, 0x78, 0x38, 0x30, 0x30, 0x31, 0x31, 0x14, 0x30, 0x12, 0x06, 0x0a, 0x2b, 0x06, 0x01, 0x04, 0x01, 0x82, 0xa2, 0x7c, 0x02, 0x01, 0x0c, 0x04, 0x46, 0x46, 0x46, 0x31, 0x31, 0x14, 0x30, 0x12, 0x06, 0x0a, 0x2b, 0x06, 0x01, 0x04, 0x01, 0x82, 0xa2, 0x7c, 0x02, 0x02, 0x0c, 0x04, 0x38, 0x30, 0x30, 0x31, 0x30, 0x59, 0x30, 0x13, 0x06, 0x07, 0x2a, 0x86, 0x48, 0xce, 0x3d, 0x02, 0x01, 0x06, 0x08, 0x2a, 0x86, 0x48, 0xce, 0x3d, 0x03, 0x01, 0x07, 0x03, 0x42, 0x00, 0x04, 0x46, 0x3a, 0xc6, 0x93, 0x42, 0x91, 0x0a, 0x0e, 0x55, 0x88, 0xfc, 0x6f, 0xf5, 0x6b, 0xb6, 0x3e, 0x62, 0xec, 0xce, 0xcb, 0x14, 0x8f, 0x7d, 0x4e, 0xb0, 0x3e, 0xe5, 0x52, 0x60, 0x14, 0x15, 0x76, 0x7d, 0x16, 0xa5, 0xc6, 0x63, 0xf7, 0x93, 0x[0m
[0;34m[1784655444.703] [8157:8159] [DMG] 					] (491 bytes)[0m
[0;34m[1784655444.703] [8157:8159] [DMG] 				},[0m
[0;34m[1784655444.704] [8157:8159] [DMG] 			},[0m
[0;34m[1784655444.704] [8157:8159] [DMG] 			[0m
[0;34m[1784655444.704] [8157:8159] [DMG] 		},[0m
[0;34m[1784655444.704] [8157:8159] [DMG] 		[0m
[0;34m[1784655444.704] [8157:8159] [DMG] 	],[0m
[0;34m[1784655444.704] [8157:8159] [DMG] 	[0m
[0;34m[1784655444.704] [8157:8159] [DMG] 	InteractionModelRevision = 12[0m
[0;34m[1784655444.704] [8157:8159] [DMG] },[0m
[0;32m[1784655444.704] [8157:8159] [DMG] Received Command Response Data, Endpoint=0 Cluster=0x0000_003E Command=0x0000_0003[0m
[0;32m[1784655444.704] [8157:8159] [CTL] Received certificate chain from the device[0m
[0;32m[1784655444.704] [8157:8159] [CTL] Successfully finished commissioning step 'SendDACCertificateRequest'[0m
[0;32m[1784655444.704] [8157:8159] [CTL] Commissioning stage next step: 'SendDACCertificateRequest' -> 'SendAttestationRequest'[0m
[0;32m[1784655444.704] [8157:8159] [CTL] Performing next commissioning step 'SendAttestationRequest'[0m
[0;34m[1784655444.704] [8157:8159] [TOO] Starting commissioning stage 'SendAttestationRequest'[0m
[0;32m[1784655444.704] [8157:8159] [CTL] Sending Attestation Request to the device.[0m
[0;34m[1784655444.704] [8157:8159] [CTL] Sending Attestation request to 0x75e980033e20 device[0m
[0;34m[1784655444.704] [8157:8159] [DMG] ICR moving to [AddingComm][0m
[0;34m[1784655444.704] [8157:8159] [DMG] ICR moving to [AddedComma][0m
[0;32m[1784655444.704] [8157:8159] [EM] <<< [E:14691i S:54984 M:211791499] (S) Msg TX from 0000000000000000 to 0:FFFFFFFB00000000 [0000] [UDP:[fe80::bfe:a203:38f0:bce7%enp0s3]:5540] --- Type 0001:08 (IM:InvokeCommandRequest) (B:94)[0m
[0;32m[1784655444.704] [8157:8159] [EM] ??1 [E:14691i S:54984 M:211791499] (S) Msg Retransmission to 0:FFFFFFFB00000000 scheduled for 377ms from now [State:Active II:500 AI:300 AT:4000][0m
[0;34m[1784655444.704] [8157:8159] [DMG] ICR moving to [AwaitingRe][0m
[0;34m[1784655444.704] [8157:8159] [CTL] Sent Attestation request, waiting for the Attestation Information[0m
[0;34m[1784655444.704] [8157:8159] [DMG] ICR moving to [AwaitingDe][0m
[0;32m[1784655444.704] [8157:8159] [EM] <<< [E:14690i S:54984 M:211791500 (Ack:963775)] (S) Msg TX from 0000000000000000 to 0:FFFFFFFB00000000 [0000] [UDP:[fe80::bfe:a203:38f0:bce7%enp0s3]:5540] --- Type 0000:10 (SecureChannel:StandaloneAck) (B:34)[0m
[0;34m[1784655444.704] [8157:8159] [EM] Flushed pending ack for MessageCounter:963775 on exchange 14690i[0m
[0;32m[1784655444.704] [8157:8159] [EM] >>> [E:14691i S:54984 M:963776 (Ack:211791499)] (S) Msg RX from 0:FFFFFFFB00000000 [0000] to 0000000000000000 --- Type 0001:09 (IM:InvokeCommandResponse) (B:718)[0m
[0;34m[1784655444.704] [8157:8159] [EM] Found matching exchange: 14691i, Delegate: 0x75e980035058[0m
[0;34m[1784655444.704] [8157:8159] [EM] Rxd Ack; Removing MessageCounter:211791499 from Retrans Table on exchange 14691i[0m
[0;34m[1784655444.704] [8157:8159] [DMG] ICR moving to [ResponseRe][0m
[0;34m[1784655444.704] [8157:8159] [DMG] InvokeResponseMessage =[0m
[0;34m[1784655444.704] [8157:8159] [DMG] {[0m
[0;34m[1784655444.704] [8157:8159] [DMG] 	suppressResponse = false, [0m
[0;34m[1784655444.704] [8157:8159] [DMG] 	InvokeResponseIBs =[0m
[0;34m[1784655444.704] [8157:8159] [DMG] 	[[0m
[0;34m[1784655444.704] [8157:8159] [DMG] 		InvokeResponseIB =[0m
[0;34m[1784655444.704] [8157:8159] [DMG] 		{[0m
[0;34m[1784655444.704] [8157:8159] [DMG] 			CommandDataIB =[0m
[0;34m[1784655444.704] [8157:8159] [DMG] 			{[0m
[0;34m[1784655444.704] [8157:8159] [DMG] 				CommandPathIB =[0m
[0;34m[1784655444.704] [8157:8159] [DMG] 				{[0m
[0;34m[1784655444.704] [8157:8159] [DMG] 					EndpointId = 0x0,[0m
[0;34m[1784655444.704] [8157:8159] [DMG] 					ClusterId = 0x3e,[0m
[0;34m[1784655444.704] [8157:8159] [DMG] 					CommandId = 0x1,[0m
[0;34m[1784655444.704] [8157:8159] [DMG] 				},[0m
[0;34m[1784655444.704] [8157:8159] [DMG] 				[0m
[0;34m[1784655444.704] [8157:8159] [DMG] 				CommandFields = [0m
[0;34m[1784655444.704] [8157:8159] [DMG] 				{[0m
[0;34m[1784655444.704] [8157:8159] [DMG] 					0x0 = [[0m
[0;34m[1784655444.704] [8157:8159] [DMG] 							0x15, 0x31, 0x01, 0x1b, 0x02, 0x30, 0x82, 0x02, 0x17, 0x06, 0x09, 0x2a, 0x86, 0x48, 0x86, 0xf7, 0x0d, 0x01, 0x07, 0x02, 0xa0, 0x82, 0x02, 0x08, 0x30, 0x82, 0x02, 0x04, 0x02, 0x01, 0x03, 0x31, 0x0d, 0x30, 0x0b, 0x06, 0x09, 0x60, 0x86, 0x48, 0x01, 0x65, 0x03, 0x04, 0x02, 0x01, 0x30, 0x82, 0x01, 0x70, 0x06, 0x09, 0x2a, 0x86, 0x48, 0x86, 0xf7, 0x0d, 0x01, 0x07, 0x01, 0xa0, 0x82, 0x01, 0x61, 0x04, 0x82, 0x01, 0x5d, 0x15, 0x24, 0x00, 0x01, 0x25, 0x01, 0xf1, 0xff, 0x36, 0x02, 0x05, 0x00, 0x80, 0x05, 0x01, 0x80, 0x05, 0x02, 0x80, 0x05, 0x03, 0x80, 0x05, 0x04, 0x80, 0x05, 0x05, 0x80, 0x05, 0x06, 0x80, 0x05, 0x07, 0x80, 0x05, 0x08, 0x80, 0x05, 0x09, 0x80, 0x05, 0x0a, 0x80, 0x05, 0x0b, 0x80, 0x05, 0x0c, 0x80, 0x05, 0x0d, 0x80, 0x05, 0x0e, 0x80, 0x05, 0x0f, 0x80, 0x05, 0x10, 0x80, 0x05, 0x11, 0x80, 0x05, 0x12, 0x80, 0x05, 0x13, 0x80, 0x05, 0x14, 0x80, 0x05, 0x15, 0x80, 0x05, 0x16, 0x80, 0x05, 0x17, 0x80, 0x05, 0x18, 0x80, 0x05, 0x19, 0x80, 0x05, 0x1a, 0x80, 0x05, 0x1b, 0x80, 0x05, 0x1c, 0x80, 0x05, 0x1d, 0x80, 0x05, 0x1e, 0x80, 0x05, 0x1f, 0x80, 0x05, 0x20, 0x80, 0x05, 0x21, 0x80, 0x05, 0x22, 0x80, 0x05, 0x23, 0x80, 0x05, 0x24, 0x80, 0x05, 0x25, 0x80, 0x05, 0x26, 0x80, 0x05, 0x27, 0x80, 0x05, 0x28, 0x80, 0x05, 0x29, 0x80, 0x05, 0x2a, 0x80, 0x05, 0x2b, 0x80, 0x05, 0x2c, 0x80, 0x05, 0x2d, 0x80, 0x05, 0x2e, 0x80, 0x05, 0x2f, 0x80, 0x05, 0x30, 0x80, 0x05, 0x31, 0x80, 0x05, 0x32, 0x80, 0x05, 0x33, 0x80, 0x05, 0x34, 0x80, 0x05, 0x35, 0x80, 0x05, 0x36, 0x80, 0x05, 0x37, 0x80, 0x05, 0x38, 0x80, 0x05, 0x39, 0x80, 0x05, 0x3a, 0x80, 0x05, 0x3b, 0x80, 0x05, 0x3c, 0x80, 0x05, 0x3d, 0x80, 0x05, 0x3e, 0x80, 0x05, 0x3f, 0x80, 0x05, 0x40, 0x80, 0x05, 0x41, 0x80, 0x05, 0x42, 0x80, 0x05, 0x43, 0x80, 0x[0m
[0;34m[1784655444.704] [8157:8159] [DMG] 					] (583 bytes)[0m
[0;34m[1784655444.704] [8157:8159] [DMG] 					0x1 = [[0m
[0;34m[1784655444.704] [8157:8159] [DMG] 							0xef, 0x89, 0x79, 0xf1, 0xb4, 0xa2, 0x1d, 0xfe, 0x0b, 0xc5, 0x46, 0xd3, 0xa3, 0x8c, 0xee, 0xa4, 0x88, 0x22, 0xee, 0xf1, 0xa0, 0x80, 0x93, 0x32, 0xd2, 0x71, 0xa0, 0x97, 0x18, 0x2e, 0x99, 0x5b, 0xcc, 0x1f, 0x33, 0x58, 0x0c, 0xe5, 0x08, 0x29, 0x07, 0x52, 0xc7, 0x45, 0x74, 0xd5, 0xa0, 0xae, 0xc8, 0xec, 0x05, 0x33, 0xce, 0xe6, 0xb5, 0x73, 0xb0, 0x26, 0x02, 0x83, 0x9f, 0xad, 0xec, 0xd9, [0m
[0;34m[1784655444.704] [8157:8159] [DMG] 					] (64 bytes)[0m
[0;34m[1784655444.704] [8157:8159] [DMG] 				},[0m
[0;34m[1784655444.704] [8157:8159] [DMG] 			},[0m
[0;34m[1784655444.704] [8157:8159] [DMG] 			[0m
[0;34m[1784655444.704] [8157:8159] [DMG] 		},[0m
[0;34m[1784655444.704] [8157:8159] [DMG] 		[0m
[0;34m[1784655444.704] [8157:8159] [DMG] 	],[0m
[0;34m[1784655444.704] [8157:8159] [DMG] 	[0m
[0;34m[1784655444.704] [8157:8159] [DMG] 	InteractionModelRevision = 12[0m
[0;34m[1784655444.704] [8157:8159] [DMG] },[0m
[0;32m[1784655444.704] [8157:8159] [DMG] Received Command Response Data, Endpoint=0 Cluster=0x0000_003E Command=0x0000_0001[0m
[0;32m[1784655444.704] [8157:8159] [CTL] Received Attestation Information from the device[0m
[0;32m[1784655444.704] [8157:8159] [CTL] Successfully finished commissioning step 'SendAttestationRequest'[0m
[0;34m[1784655444.704] [8157:8159] [CTL] AutoCommissioner setting attestationElements buffer size 583/583[0m
[0;32m[1784655444.704] [8157:8159] [CTL] Commissioning stage next step: 'SendAttestationRequest' -> 'AttestationVerification'[0m
[0;32m[1784655444.704] [8157:8159] [CTL] Performing next commissioning step 'AttestationVerification'[0m
[0;34m[1784655444.704] [8157:8159] [TOO] Starting commissioning stage 'AttestationVerification'[0m
[0;32m[1784655444.704] [8157:8159] [CTL] Verifying Device Attestation information received from the device[0m
[0;32m[1784655444.707] [8157:8159] [-] Device candidate DAC chain details:[0m
[0;32m[1784655444.707] [8157:8159] [-] --> DAC's VID: 0xFFF1, PID: 0x8001[0m
[0;32m[1784655444.707] [8157:8159] [-] ==== DAC certificate considered (491 bytes) ====[0m
[0;32m[1784655444.707] [8157:8159] [-] -----BEGIN CERTIFICATE-----[0m
[0;32m[1784655444.707] [8157:8159] [-] MIIB5zCCAY6gAwIBAgIIac3xDenlTtEwCgYIKoZIzj0EAwIwPTElMCMGA1UEAwwc[0m
[0;32m[1784655444.707] [8157:8159] [-] TWF0dGVyIERldiBQQUkgMHhGRkYxIG5vIFBJRDEUMBIGCisGAQQBgqJ8AgEMBEZG[0m
[0;32m[1784655444.707] [8157:8159] [-] RjEwIBcNMjIwMjA1MDAwMDAwWhgPOTk5OTEyMzEyMzU5NTlaMFMxJTAjBgNVBAMM[0m
[0;32m[1784655444.707] [8157:8159] [-] HE1hdHRlciBEZXYgREFDIDB4RkZGMS8weDgwMDExFDASBgorBgEEAYKifAIBDARG[0m
[0;32m[1784655444.707] [8157:8159] [-] RkYxMRQwEgYKKwYBBAGConwCAgwEODAwMTBZMBMGByqGSM49AgEGCCqGSM49AwEH[0m
[0;32m[1784655444.707] [8157:8159] [-] A0IABEY6xpNCkQoOVYj8b/Vrtj5i7M7LFI99TrA+5VJgFBV2fRalxmP3k+SRIyYL[0m
[0;32m[1784655444.707] [8157:8159] [-] gpenzX58/HsxaznZjpDSk3dzjoKjYDBeMAwGA1UdEwEB/wQCMAAwDgYDVR0PAQH/[0m
[0;32m[1784655444.707] [8157:8159] [-] BAQDAgeAMB0GA1UdDgQWBBSI3eezADgpMs/3NMBGJIEPRBaKbzAfBgNVHSMEGDAW[0m
[0;32m[1784655444.707] [8157:8159] [-] gBRjVA5H9kscONE4hKRi0WwZXY/7PDAKBggqhkjOPQQDAgNHADBEAiABJ6J7S0Rh[0m
[0;32m[1784655444.707] [8157:8159] [-] DuL83E0reIVWNmC8D3bxchntagjfsrPBzQIga1ngr0Xz6yqFuRnTVzFSjGAoxBUj[0m
[0;32m[1784655444.707] [8157:8159] [-] lUXhCOTlTnCXE1M=[0m
[0;32m[1784655444.707] [8157:8159] [-] -----END CERTIFICATE-----[0m
[0;32m[1784655444.707] [8157:8159] [-] --> DAC certificate SKID: 88:DD:E7:B3:00:38:29:32:CF:F7:34:C0:46:24:81:0F:44:16:8A:6F[0m
[0;32m[1784655444.707] [8157:8159] [-] --> DAC certificate AKID: 63:54:0E:47:F6:4B:1C:38:D1:38:84:A4:62:D1:6C:19:5D:8F:FB:3C[0m
[0;32m[1784655444.707] [8157:8159] [-] ==== PAI certificate considered (463 bytes) ====[0m
[0;32m[1784655444.707] [8157:8159] [-] -----BEGIN CERTIFICATE-----[0m
[0;32m[1784655444.707] [8157:8159] [-] MIIByzCCAXGgAwIBAgIIVq2CIq2UW2QwCgYIKoZIzj0EAwIwMDEYMBYGA1UEAwwP[0m
[0;32m[1784655444.707] [8157:8159] [-] TWF0dGVyIFRlc3QgUEFBMRQwEgYKKwYBBAGConwCAQwERkZGMTAgFw0yMjAyMDUw[0m
[0;32m[1784655444.707] [8157:8159] [-] MDAwMDBaGA85OTk5MTIzMTIzNTk1OVowPTElMCMGA1UEAwwcTWF0dGVyIERldiBQ[0m
[0;32m[1784655444.707] [8157:8159] [-] QUkgMHhGRkYxIG5vIFBJRDEUMBIGCisGAQQBgqJ8AgEMBEZGRjEwWTATBgcqhkjO[0m
[0;32m[1784655444.707] [8157:8159] [-] PQIBBggqhkjOPQMBBwNCAARBmpMVwhc+DIyHbQPM/JRIUmR/f+xeUIL0BZko7KiU[0m
[0;32m[1784655444.707] [8157:8159] [-] xZQVEwmsYx5MsDOSr2hLC6+35ls7gWLC9Sv5MbjneqqCo2YwZDASBgNVHRMBAf8E[0m
[0;32m[1784655444.707] [8157:8159] [-] CDAGAQH/AgEAMA4GA1UdDwEB/wQEAwIBBjAdBgNVHQ4EFgQUY1QOR/ZLHDjROISk[0m
[0;32m[1784655444.707] [8157:8159] [-] YtFsGV2P+zwwHwYDVR0jBBgwFoAUav0idx9RH+y/FkGXZxDc3DGhcX4wCgYIKoZI[0m
[0;32m[1784655444.707] [8157:8159] [-] zj0EAwIDSAAwRQIhALLvJ/Sa6bUPuR7qyUxNC9u415KcbLiPrOUpNo0SBUwMAiBl[0m
[0;32m[1784655444.707] [8157:8159] [-] Xckrhr2QmIKmxiF3uCXX0F7b58Ivn+pxIg5+pwP4kQ==[0m
[0;32m[1784655444.707] [8157:8159] [-] -----END CERTIFICATE-----[0m
[0;32m[1784655444.707] [8157:8159] [-] --> PAI certificate SKID: 63:54:0E:47:F6:4B:1C:38:D1:38:84:A4:62:D1:6C:19:5D:8F:FB:3C[0m
[0;32m[1784655444.708] [8157:8159] [-] --> PAI certificate AKID: 6A:FD:22:77:1F:51:1F:EC:BF:16:41:97:67:10:DC:DC:31:A1:71:7E[0m
[0;32m[1784655444.709] [8157:8159] [-] ==== PAA certificate considered (449 bytes) ====[0m
[0;32m[1784655444.709] [8157:8159] [-] -----BEGIN CERTIFICATE-----[0m
[0;32m[1784655444.709] [8157:8159] [-] MIIBvTCCAWSgAwIBAgIITqjoMYLUHBwwCgYIKoZIzj0EAwIwMDEYMBYGA1UEAwwP[0m
[0;32m[1784655444.709] [8157:8159] [-] TWF0dGVyIFRlc3QgUEFBMRQwEgYKKwYBBAGConwCAQwERkZGMTAgFw0yMTA2Mjgx[0m
[0;32m[1784655444.709] [8157:8159] [-] NDIzNDNaGA85OTk5MTIzMTIzNTk1OVowMDEYMBYGA1UEAwwPTWF0dGVyIFRlc3Qg[0m
[0;32m[1784655444.709] [8157:8159] [-] UEFBMRQwEgYKKwYBBAGConwCAQwERkZGMTBZMBMGByqGSM49AgEGCCqGSM49AwEH[0m
[0;32m[1784655444.709] [8157:8159] [-] A0IABLbLY3KIfyko9brIGqnZOuJDHK2p154kL2UXfvnO2TKijs0Duq9qj8oYShpQ[0m
[0;32m[1784655444.709] [8157:8159] [-] NUKWDUU/MD8fGUIddR6Pjxqam3WjZjBkMBIGA1UdEwEB/wQIMAYBAf8CAQEwDgYD[0m
[0;32m[1784655444.709] [8157:8159] [-] VR0PAQH/BAQDAgEGMB0GA1UdDgQWBBRq/SJ3H1Ef7L8WQZdnENzcMaFxfjAfBgNV[0m
[0;32m[1784655444.709] [8157:8159] [-] HSMEGDAWgBRq/SJ3H1Ef7L8WQZdnENzcMaFxfjAKBggqhkjOPQQDAgNHADBEAiBQ[0m
[0;32m[1784655444.709] [8157:8159] [-] qoAC9NkyqaAFOPZTaK0P/8jvu8m+t9pWmDXPmqdRDgIgI7rI/g8j51RFtlM5CBpH[0m
[0;32m[1784655444.709] [8157:8159] [-] mUkpxyqvChVI1A0DTVFLJd4=[0m
[0;32m[1784655444.709] [8157:8159] [-] -----END CERTIFICATE-----[0m
[0;32m[1784655444.709] [8157:8159] [-] --> PAA certificate SKID: 6A:FD:22:77:1F:51:1F:EC:BF:16:41:97:67:10:DC:DC:31:A1:71:7E[0m
[0;32m[1784655444.709] [8157:8159] [-] --> PAA certificate AKID: 6A:FD:22:77:1F:51:1F:EC:BF:16:41:97:67:10:DC:DC:31:A1:71:7E[0m
[0;32m[1784655444.711] [8157:8159] [-] CD signing key identifier: FE:34:3F:95:99:47:76:3B:61:EE:45:39:13:13:38:49:4F:E6:7D:8E[0m
[0;32m[1784655444.711] [8157:8159] [-] Certification type 0[0m
[0;32m[1784655444.711] [8157:8159] [-] Device certification declaration details:[0m
[0;32m[1784655444.711] [8157:8159] [-] --> VID: 0xFFF1[0m
[0;32m[1784655444.711] [8157:8159] [-] --> Device type ID: 0x0000_0016[0m
[0;32m[1784655444.711] [8157:8159] [-] --> Certification type: 0 (Development and testing)[0m
[0;32m[1784655444.711] [8157:8159] [CTL] Successfully finished commissioning step 'AttestationVerification'[0m
[0;32m[1784655444.711] [8157:8159] [CTL] Commissioning stage next step: 'AttestationVerification' -> 'AttestationRevocationCheck'[0m
[0;32m[1784655444.711] [8157:8159] [CTL] Performing next commissioning step 'AttestationRevocationCheck'[0m
[0;34m[1784655444.711] [8157:8159] [TOO] Starting commissioning stage 'AttestationRevocationCheck'[0m
[0;32m[1784655444.711] [8157:8159] [CTL] Verifying the device's DAC chain revocation status[0m
[0;32m[1784655444.711] [8157:8159] [-] WARNING: No revocation delegate available. Revocation checks will be skipped![0m
[0;32m[1784655444.711] [8157:8159] [CTL] Successfully validated 'Attestation Information' command received from the device.[0m
[0;32m[1784655444.711] [8157:8159] [CTL] Successfully finished commissioning step 'AttestationRevocationCheck'[0m
[0;32m[1784655444.711] [8157:8159] [CTL] Commissioning stage next step: 'AttestationRevocationCheck' -> 'SendOpCertSigningRequest'[0m
[0;32m[1784655444.711] [8157:8159] [CTL] Performing next commissioning step 'SendOpCertSigningRequest'[0m
[0;34m[1784655444.711] [8157:8159] [TOO] Starting commissioning stage 'SendOpCertSigningRequest'[0m
[0;34m[1784655444.711] [8157:8159] [CTL] Sending CSR request to 0x75e980033e20 device[0m
[0;34m[1784655444.711] [8157:8159] [DMG] ICR moving to [AddingComm][0m
[0;34m[1784655444.711] [8157:8159] [DMG] ICR moving to [AddedComma][0m
[0;32m[1784655444.711] [8157:8159] [EM] <<< [E:14692i S:54984 M:211791501] (S) Msg TX from 0000000000000000 to 0:FFFFFFFB00000000 [0000] [UDP:[fe80::bfe:a203:38f0:bce7%enp0s3]:5540] --- Type 0001:08 (IM:InvokeCommandRequest) (B:94)[0m
[0;32m[1784655444.712] [8157:8159] [EM] ??1 [E:14692i S:54984 M:211791501] (S) Msg Retransmission to 0:FFFFFFFB00000000 scheduled for 382ms from now [State:Active II:500 AI:300 AT:4000][0m
[0;34m[1784655444.712] [8157:8159] [DMG] ICR moving to [AwaitingRe][0m
[0;34m[1784655444.712] [8157:8159] [CTL] Sent CSR request, waiting for the CSR[0m
[0;34m[1784655444.712] [8157:8159] [DMG] ICR moving to [AwaitingDe][0m
[0;32m[1784655444.712] [8157:8159] [EM] <<< [E:14691i S:54984 M:211791502 (Ack:963776)] (S) Msg TX from 0000000000000000 to 0:FFFFFFFB00000000 [0000] [UDP:[fe80::bfe:a203:38f0:bce7%enp0s3]:5540] --- Type 0000:10 (SecureChannel:StandaloneAck) (B:34)[0m
[0;34m[1784655444.712] [8157:8159] [EM] Flushed pending ack for MessageCounter:963776 on exchange 14691i[0m
[0;32m[1784655444.712] [8157:8159] [EM] >>> [E:14692i S:54984 M:963777 (Ack:211791501)] (S) Msg RX from 0:FFFFFFFB00000000 [0000] to 0000000000000000 --- Type 0001:09 (IM:InvokeCommandResponse) (B:378)[0m
[0;34m[1784655444.712] [8157:8159] [EM] Found matching exchange: 14692i, Delegate: 0x75e9800382d8[0m
[0;34m[1784655444.712] [8157:8159] [EM] Rxd Ack; Removing MessageCounter:211791501 from Retrans Table on exchange 14692i[0m
[0;34m[1784655444.712] [8157:8159] [DMG] ICR moving to [ResponseRe][0m
[0;34m[1784655444.712] [8157:8159] [DMG] InvokeResponseMessage =[0m
[0;34m[1784655444.712] [8157:8159] [DMG] {[0m
[0;34m[1784655444.712] [8157:8159] [DMG] 	suppressResponse = false, [0m
[0;34m[1784655444.712] [8157:8159] [DMG] 	InvokeResponseIBs =[0m
[0;34m[1784655444.712] [8157:8159] [DMG] 	[[0m
[0;34m[1784655444.712] [8157:8159] [DMG] 		InvokeResponseIB =[0m
[0;34m[1784655444.712] [8157:8159] [DMG] 		{[0m
[0;34m[1784655444.712] [8157:8159] [DMG] 			CommandDataIB =[0m
[0;34m[1784655444.712] [8157:8159] [DMG] 			{[0m
[0;34m[1784655444.712] [8157:8159] [DMG] 				CommandPathIB =[0m
[0;34m[1784655444.712] [8157:8159] [DMG] 				{[0m
[0;34m[1784655444.712] [8157:8159] [DMG] 					EndpointId = 0x0,[0m
[0;34m[1784655444.712] [8157:8159] [DMG] 					ClusterId = 0x3e,[0m
[0;34m[1784655444.712] [8157:8159] [DMG] 					CommandId = 0x5,[0m
[0;34m[1784655444.712] [8157:8159] [DMG] 				},[0m
[0;34m[1784655444.712] [8157:8159] [DMG] 				[0m
[0;34m[1784655444.712] [8157:8159] [DMG] 				CommandFields = [0m
[0;34m[1784655444.712] [8157:8159] [DMG] 				{[0m
[0;34m[1784655444.712] [8157:8159] [DMG] 					0x0 = [[0m
[0;34m[1784655444.712] [8157:8159] [DMG] 							0x15, 0x30, 0x01, 0xcc, 0x30, 0x81, 0xc9, 0x30, 0x70, 0x02, 0x01, 0x00, 0x30, 0x0e, 0x31, 0x0c, 0x30, 0x0a, 0x06, 0x03, 0x55, 0x04, 0x0a, 0x0c, 0x03, 0x43, 0x53, 0x52, 0x30, 0x59, 0x30, 0x13, 0x06, 0x07, 0x2a, 0x86, 0x48, 0xce, 0x3d, 0x02, 0x01, 0x06, 0x08, 0x2a, 0x86, 0x48, 0xce, 0x3d, 0x03, 0x01, 0x07, 0x03, 0x42, 0x00, 0x04, 0xb7, 0xb1, 0x4a, 0x51, 0x5e, 0x69, 0xb9, 0xf8, 0x71, 0xbc, 0x90, 0x67, 0x49, 0x41, 0x57, 0xeb, 0x63, 0x54, 0x6a, 0x47, 0x6c, 0x56, 0x72, 0xb9, 0x7a, 0x1d, 0xdc, 0xfb, 0xb1, 0x51, 0x14, 0x54, 0x60, 0xec, 0xe9, 0x78, 0x39, 0x63, 0x5d, 0x3d, 0x45, 0x85, 0x50, 0xc1, 0x75, 0xbf, 0xc8, 0xec, 0x9a, 0xa9, 0xe1, 0x64, 0x95, 0xac, 0xa4, 0xaf, 0x8c, 0x76, 0x1e, 0xe6, 0x01, 0x12, 0x7f, 0x9d, 0xa0, 0x00, 0x30, 0x0a, 0x06, 0x08, 0x2a, 0x86, 0x48, 0xce, 0x3d, 0x04, 0x03, 0x02, 0x03, 0x49, 0x00, 0x30, 0x46, 0x02, 0x21, 0x00, 0xc9, 0xd6, 0x83, 0x13, 0xf5, 0x82, 0xcc, 0x1a, 0xb7, 0xfb, 0x89, 0x03, 0xdd, 0x85, 0x4b, 0x2c, 0x0b, 0xeb, 0x18, 0xab, 0x0a, 0x5f, 0x28, 0xbf, 0x85, 0x4e, 0x30, 0x32, 0x9c, 0xc7, 0xd7, 0xd5, 0x02, 0x21, 0x00, 0xd8, 0x1b, 0x92, 0x6a, 0x78, 0x04, 0xc9, 0x64, 0x87, 0x47, 0xf9, 0xd1, 0x74, 0x86, 0x89, 0x3a, 0x5e, 0xe9, 0xb7, 0x8f, 0xa3, 0x48, 0x30, 0xab, 0xd9, 0x06, 0xc9, 0x99, 0x01, 0x8a, 0x33, 0x50, 0x30, 0x02, 0x20, 0xab, 0x76, 0x67, 0xd5, 0xde, 0x7a, 0x47, 0xd1, 0x7a, 0x09, 0xf2, 0x0d, 0xb6, 0x09, 0xb4, 0x40, 0x16, 0x7b, 0x16, 0x25, 0xc1, 0xb9, 0xbc, 0x19, 0x6d, 0x6b, 0x91, 0x96, 0x5c, 0x16, 0xd0, 0xac, 0x18, [0m
[0;34m[1784655444.712] [8157:8159] [DMG] 					] (244 bytes)[0m
[0;34m[1784655444.712] [8157:8159] [DMG] 					0x1 = [[0m
[0;34m[1784655444.712] [8157:8159] [DMG] 							0xc4, 0xa8, 0xd6, 0x60, 0x92, 0x6b, 0x57, 0xee, 0x07, 0xae, 0x55, 0xa6, 0x4b, 0x36, 0x44, 0xce, 0x58, 0x7e, 0x8c, 0xe7, 0x3c, 0x37, 0xef, 0x49, 0x12, 0x39, 0x42, 0x49, 0x21, 0xcf, 0x32, 0x00, 0xcc, 0x30, 0x2b, 0xd5, 0xf9, 0x14, 0xbe, 0x1d, 0x8f, 0xd7, 0x51, 0x22, 0x65, 0x0c, 0xe5, 0x79, 0xa0, 0x71, 0xa8, 0xb2, 0xfd, 0xb8, 0xf3, 0x3f, 0x97, 0x4c, 0x35, 0x0f, 0x48, 0x82, 0xfe, 0xd5, [0m
[0;34m[1784655444.712] [8157:8159] [DMG] 					] (64 bytes)[0m
[0;34m[1784655444.712] [8157:8159] [DMG] 				},[0m
[0;34m[1784655444.712] [8157:8159] [DMG] 			},[0m
[0;34m[1784655444.712] [8157:8159] [DMG] 			[0m
[0;34m[1784655444.712] [8157:8159] [DMG] 		},[0m
[0;34m[1784655444.712] [8157:8159] [DMG] 		[0m
[0;34m[1784655444.712] [8157:8159] [DMG] 	],[0m
[0;34m[1784655444.712] [8157:8159] [DMG] 	[0m
[0;34m[1784655444.712] [8157:8159] [DMG] 	InteractionModelRevision = 12[0m
[0;34m[1784655444.712] [8157:8159] [DMG] },[0m
[0;32m[1784655444.712] [8157:8159] [DMG] Received Command Response Data, Endpoint=0 Cluster=0x0000_003E Command=0x0000_0005[0m
[0;32m[1784655444.712] [8157:8159] [CTL] Received certificate signing request from the device[0m
[0;32m[1784655444.712] [8157:8159] [CTL] Successfully finished commissioning step 'SendOpCertSigningRequest'[0m
[0;32m[1784655444.712] [8157:8159] [CTL] Commissioning stage next step: 'SendOpCertSigningRequest' -> 'ValidateCSR'[0m
[0;32m[1784655444.712] [8157:8159] [CTL] Performing next commissioning step 'ValidateCSR'[0m
[0;34m[1784655444.712] [8157:8159] [TOO] Starting commissioning stage 'ValidateCSR'[0m
[0;32m[1784655444.713] [8157:8159] [CTL] Successfully finished commissioning step 'ValidateCSR'[0m
[0;32m[1784655444.713] [8157:8159] [CTL] Commissioning stage next step: 'ValidateCSR' -> 'GenerateNOCChain'[0m
[0;32m[1784655444.713] [8157:8159] [CTL] Performing next commissioning step 'GenerateNOCChain'[0m
[0;34m[1784655444.713] [8157:8159] [TOO] Starting commissioning stage 'GenerateNOCChain'[0m
[0;32m[1784655444.713] [8157:8159] [CTL] Getting certificate chain for the device from the issuer[0m
[0;32m[1784655444.714] [8157:8159] [CTL] Verifying Certificate Signing Request[0m
[0;32m[1784655444.714] [8157:8159] [CTL] Generating NOC[0m
[0;32m[1784655444.714] [8157:8159] [CTL] Providing certificate chain to the commissioner[0m
[0;32m[1784655444.714] [8157:8159] [CTL] Received callback from the CA for NOC Chain generation. Status: Success[0m
[0;32m[1784655444.714] [8157:8159] [CTL] Successfully finished commissioning step 'GenerateNOCChain'[0m
[0;32m[1784655444.714] [8157:8159] [CTL] Performing next commissioning step 'SendTrustedRootCert'[0m
[0;34m[1784655444.714] [8157:8159] [TOO] Starting commissioning stage 'SendTrustedRootCert'[0m
[0;32m[1784655444.714] [8157:8159] [CTL] Sending root certificate to the device[0m
[0;34m[1784655444.714] [8157:8159] [DMG] ICR moving to [AddingComm][0m
[0;34m[1784655444.714] [8157:8159] [DMG] ICR moving to [AddedComma][0m
[0;32m[1784655444.714] [8157:8159] [EM] <<< [E:14693i S:54984 M:211791503] (S) Msg TX from 0000000000000000 to 0:FFFFFFFB00000000 [0000] [UDP:[fe80::bfe:a203:38f0:bce7%enp0s3]:5540] --- Type 0001:08 (IM:InvokeCommandRequest) (B:293)[0m
[0;32m[1784655444.714] [8157:8159] [EM] ??1 [E:14693i S:54984 M:211791503] (S) Msg Retransmission to 0:FFFFFFFB00000000 scheduled for 379ms from now [State:Active II:500 AI:300 AT:4000][0m
[0;34m[1784655444.714] [8157:8159] [DMG] ICR moving to [AwaitingRe][0m
[0;32m[1784655444.714] [8157:8159] [CTL] Sent root certificate to the device[0m
[0;34m[1784655444.714] [8157:8159] [DMG] ICR moving to [AwaitingDe][0m
[0;32m[1784655444.714] [8157:8159] [EM] <<< [E:14692i S:54984 M:211791504 (Ack:963777)] (S) Msg TX from 0000000000000000 to 0:FFFFFFFB00000000 [0000] [UDP:[fe80::bfe:a203:38f0:bce7%enp0s3]:5540] --- Type 0000:10 (SecureChannel:StandaloneAck) (B:34)[0m
[0;34m[1784655444.714] [8157:8159] [EM] Flushed pending ack for MessageCounter:963777 on exchange 14692i[0m
[0;32m[1784655444.715] [8157:8159] [EM] >>> [E:14693i S:54984 M:963778 (Ack:211791503)] (S) Msg RX from 0:FFFFFFFB00000000 [0000] to 0000000000000000 --- Type 0001:09 (IM:InvokeCommandResponse) (B:67)[0m
[0;34m[1784655444.715] [8157:8159] [EM] Found matching exchange: 14693i, Delegate: 0x75e980035058[0m
[0;34m[1784655444.715] [8157:8159] [EM] Rxd Ack; Removing MessageCounter:211791503 from Retrans Table on exchange 14693i[0m
[0;34m[1784655444.715] [8157:8159] [DMG] ICR moving to [ResponseRe][0m
[0;34m[1784655444.715] [8157:8159] [DMG] InvokeResponseMessage =[0m
[0;34m[1784655444.715] [8157:8159] [DMG] {[0m
[0;34m[1784655444.715] [8157:8159] [DMG] 	suppressResponse = false, [0m
[0;34m[1784655444.715] [8157:8159] [DMG] 	InvokeResponseIBs =[0m
[0;34m[1784655444.715] [8157:8159] [DMG] 	[[0m
[0;34m[1784655444.715] [8157:8159] [DMG] 		InvokeResponseIB =[0m
[0;34m[1784655444.715] [8157:8159] [DMG] 		{[0m
[0;34m[1784655444.715] [8157:8159] [DMG] 			CommandStatusIB =[0m
[0;34m[1784655444.715] [8157:8159] [DMG] 			{[0m
[0;34m[1784655444.715] [8157:8159] [DMG] 				CommandPathIB =[0m
[0;34m[1784655444.715] [8157:8159] [DMG] 				{[0m
[0;34m[1784655444.715] [8157:8159] [DMG] 					EndpointId = 0x0,[0m
[0;34m[1784655444.715] [8157:8159] [DMG] 					ClusterId = 0x3e,[0m
[0;34m[1784655444.715] [8157:8159] [DMG] 					CommandId = 0xb,[0m
[0;34m[1784655444.715] [8157:8159] [DMG] 				},[0m
[0;34m[1784655444.715] [8157:8159] [DMG] 				[0m
[0;34m[1784655444.715] [8157:8159] [DMG] 				StatusIB =[0m
[0;34m[1784655444.715] [8157:8159] [DMG] 				{[0m
[0;34m[1784655444.715] [8157:8159] [DMG] 					status = 0x00 (SUCCESS),[0m
[0;34m[1784655444.715] [8157:8159] [DMG] 				},[0m
[0;34m[1784655444.715] [8157:8159] [DMG] 				[0m
[0;34m[1784655444.715] [8157:8159] [DMG] 			},[0m
[0;34m[1784655444.715] [8157:8159] [DMG] 			[0m
[0;34m[1784655444.715] [8157:8159] [DMG] 		},[0m
[0;34m[1784655444.715] [8157:8159] [DMG] 		[0m
[0;34m[1784655444.715] [8157:8159] [DMG] 	],[0m
[0;34m[1784655444.715] [8157:8159] [DMG] 	[0m
[0;34m[1784655444.715] [8157:8159] [DMG] 	InteractionModelRevision = 12[0m
[0;34m[1784655444.715] [8157:8159] [DMG] },[0m
[0;32m[1784655444.715] [8157:8159] [DMG] Received Command Response Status for Endpoint=0 Cluster=0x0000_003E Command=0x0000_000B Status=0x0[0m
[0;32m[1784655444.715] [8157:8159] [CTL] Device confirmed that it has received the root certificate[0m
[0;32m[1784655444.715] [8157:8159] [CTL] Successfully finished commissioning step 'SendTrustedRootCert'[0m
[0;32m[1784655444.715] [8157:8159] [CTL] Commissioning stage next step: 'SendTrustedRootCert' -> 'SendNOC'[0m
[0;32m[1784655444.715] [8157:8159] [CTL] Performing next commissioning step 'SendNOC'[0m
[0;34m[1784655444.715] [8157:8159] [TOO] Starting commissioning stage 'SendNOC'[0m
[0;34m[1784655444.715] [8157:8159] [DMG] ICR moving to [AddingComm][0m
[0;34m[1784655444.715] [8157:8159] [DMG] ICR moving to [AddedComma][0m
[0;32m[1784655444.715] [8157:8159] [EM] <<< [E:14694i S:54984 M:211791505] (S) Msg TX from 0000000000000000 to 0:FFFFFFFB00000000 [0000] [UDP:[fe80::bfe:a203:38f0:bce7%enp0s3]:5540] --- Type 0001:08 (IM:InvokeCommandRequest) (B:566)[0m
[0;32m[1784655444.715] [8157:8159] [EM] ??1 [E:14694i S:54984 M:211791505] (S) Msg Retransmission to 0:FFFFFFFB00000000 scheduled for 355ms from now [State:Active II:500 AI:300 AT:4000][0m
[0;34m[1784655444.715] [8157:8159] [DMG] ICR moving to [AwaitingRe][0m
[0;32m[1784655444.715] [8157:8159] [CTL] Sent operational certificate to the device[0m
[0;34m[1784655444.715] [8157:8159] [DMG] ICR moving to [AwaitingDe][0m
[0;32m[1784655444.715] [8157:8159] [EM] <<< [E:14693i S:54984 M:211791506 (Ack:963778)] (S) Msg TX from 0000000000000000 to 0:FFFFFFFB00000000 [0000] [UDP:[fe80::bfe:a203:38f0:bce7%enp0s3]:5540] --- Type 0000:10 (SecureChannel:StandaloneAck) (B:34)[0m
[0;34m[1784655444.715] [8157:8159] [EM] Flushed pending ack for MessageCounter:963778 on exchange 14693i[0m
[0;32m[1784655444.726] [8157:8159] [EM] >>> [E:14694i S:54984 M:963779 (Ack:211791505)] (S) Msg RX from 0:FFFFFFFB00000000 [0000] to 0000000000000000 --- Type 0001:09 (IM:InvokeCommandResponse) (B:70)[0m
[0;34m[1784655444.726] [8157:8159] [EM] Found matching exchange: 14694i, Delegate: 0x75e9800382d8[0m
[0;34m[1784655444.726] [8157:8159] [EM] Rxd Ack; Removing MessageCounter:211791505 from Retrans Table on exchange 14694i[0m
[0;34m[1784655444.726] [8157:8159] [DMG] ICR moving to [ResponseRe][0m
[0;34m[1784655444.726] [8157:8159] [DMG] InvokeResponseMessage =[0m
[0;34m[1784655444.726] [8157:8159] [DMG] {[0m
[0;34m[1784655444.726] [8157:8159] [DMG] 	suppressResponse = false, [0m
[0;34m[1784655444.726] [8157:8159] [DMG] 	InvokeResponseIBs =[0m
[0;34m[1784655444.726] [8157:8159] [DMG] 	[[0m
[0;34m[1784655444.726] [8157:8159] [DMG] 		InvokeResponseIB =[0m
[0;34m[1784655444.726] [8157:8159] [DMG] 		{[0m
[0;34m[1784655444.726] [8157:8159] [DMG] 			CommandDataIB =[0m
[0;34m[1784655444.726] [8157:8159] [DMG] 			{[0m
[0;34m[1784655444.726] [8157:8159] [DMG] 				CommandPathIB =[0m
[0;34m[1784655444.726] [8157:8159] [DMG] 				{[0m
[0;34m[1784655444.726] [8157:8159] [DMG] 					EndpointId = 0x0,[0m
[0;34m[1784655444.726] [8157:8159] [DMG] 					ClusterId = 0x3e,[0m
[0;34m[1784655444.726] [8157:8159] [DMG] 					CommandId = 0x8,[0m
[0;34m[1784655444.726] [8157:8159] [DMG] 				},[0m
[0;34m[1784655444.726] [8157:8159] [DMG] 				[0m
[0;34m[1784655444.726] [8157:8159] [DMG] 				CommandFields = [0m
[0;34m[1784655444.726] [8157:8159] [DMG] 				{[0m
[0;34m[1784655444.726] [8157:8159] [DMG] 					0x0 = 0 (unsigned), [0m
[0;34m[1784655444.726] [8157:8159] [DMG] 					0x1 = 1 (unsigned), [0m
[0;34m[1784655444.726] [8157:8159] [DMG] 				},[0m
[0;34m[1784655444.726] [8157:8159] [DMG] 			},[0m
[0;34m[1784655444.726] [8157:8159] [DMG] 			[0m
[0;34m[1784655444.726] [8157:8159] [DMG] 		},[0m
[0;34m[1784655444.726] [8157:8159] [DMG] 		[0m
[0;34m[1784655444.726] [8157:8159] [DMG] 	],[0m
[0;34m[1784655444.726] [8157:8159] [DMG] 	[0m
[0;34m[1784655444.726] [8157:8159] [DMG] 	InteractionModelRevision = 12[0m
[0;34m[1784655444.726] [8157:8159] [DMG] },[0m
[0;32m[1784655444.726] [8157:8159] [DMG] Received Command Response Data, Endpoint=0 Cluster=0x0000_003E Command=0x0000_0008[0m
[0;32m[1784655444.726] [8157:8159] [CTL] Device returned status 0 on receiving the NOC[0m
[0;32m[1784655444.726] [8157:8159] [CTL] Operational credentials provisioned on device 0x75e980033e20[0m
[0;32m[1784655444.726] [8157:8159] [TOO] Secure Pairing Success[0m
[0;32m[1784655444.726] [8157:8159] [TOO] CASE establishment successful[0m
[0;32m[1784655444.726] [8157:8159] [CTL] Successfully finished commissioning step 'SendNOC'[0m
[0;32m[1784655444.726] [8157:8159] [CTL] Commissioning stage next step: 'SendNOC' -> 'EvictPreviousCaseSessions'[0m
[0;32m[1784655444.726] [8157:8159] [CTL] Performing next commissioning step 'EvictPreviousCaseSessions'[0m
[0;34m[1784655444.726] [8157:8159] [TOO] Starting commissioning stage 'EvictPreviousCaseSessions'[0m
[0;34m[1784655444.726] [8157:8159] [IN] Expiring all sessions for node <0000000000000001, 1>!![0m
[0;32m[1784655444.726] [8157:8159] [CTL] Successfully finished commissioning step 'EvictPreviousCaseSessions'[0m
[0;32m[1784655444.726] [8157:8159] [CTL] Commissioning stage next step: 'EvictPreviousCaseSessions' -> 'FindOperationalForStayActive'[0m
[0;32m[1784655444.726] [8157:8159] [CTL] Performing next commissioning step 'FindOperationalForStayActive'[0m
[0;34m[1784655444.726] [8157:8159] [TOO] Starting commissioning stage 'FindOperationalForStayActive'[0m
[0;34m[1784655444.726] [8157:8159] [CSM] FindOrEstablishSession: PeerId = [1:0000000000000001][0m
[0;34m[1784655444.726] [8157:8159] [CSM] FindOrEstablishSession: No existing OperationalSessionSetup instance found[0m
[0;34m[1784655444.726] [8157:8159] [DIS] OperationalSessionSetup[1:0000000000000001]: State change 1 --> 2[0m
[0;32m[1784655444.727] [8157:8159] [DIS] Lookup started for B1E2EB81A739EA25-0000000000000001[0m
[0;34m[1784655444.727] [8157:8159] [DMG] ICR moving to [AwaitingDe][0m
[0;32m[1784655444.727] [8157:8159] [EM] <<< [E:14694i S:54984 M:211791507 (Ack:963779)] (S) Msg TX from 0000000000000000 to 0:FFFFFFFB00000000 [0000] [UDP:[fe80::bfe:a203:38f0:bce7%enp0s3]:5540] --- Type 0000:10 (SecureChannel:StandaloneAck) (B:34)[0m
[0;34m[1784655444.727] [8157:8159] [EM] Flushed pending ack for MessageCounter:963779 on exchange 14694i[0m
[0;32m[1784655444.727] [8157:8159] [DIS] UDP:[fe80::bfe:a203:38f0:bce7%enp0s3]:5540: new best score: 7 (for B1E2EB81A739EA25-0000000000000001)[0m
[0;34m[1784655444.727] [8157:8159] [DIS] Lookup clearing interface for non LL address[0m
[0;32m[1784655444.727] [8157:8159] [DIS] UDP:10.0.2.15%enp0s3:5540: new best score: 2 (for B1E2EB81A739EA25-0000000000000001)[0m
[0;32m[1784655444.727] [8157:8159] [DIS] Checking node lookup status for B1E2EB81A739EA25-0000000000000001 after 0 ms[0m
[0;32m[1784655444.727] [8157:8159] [DIS] Keeping DNSSD lookup active[0m
[0;32m[1784655444.727] [8157:8159] [DIS] UDP:[fe80::bfe:a203:38f0:bce7%enp0s3]:5540: score has not improved: 7 (for B1E2EB81A739EA25-0000000000000001)[0m
[0;34m[1784655444.727] [8157:8159] [DIS] Lookup clearing interface for non LL address[0m
[0;32m[1784655444.727] [8157:8159] [DIS] UDP:10.0.2.15%enp0s3:5540: score has not improved: 2 (for B1E2EB81A739EA25-0000000000000001)[0m
[0;32m[1784655444.727] [8157:8159] [DIS] Checking node lookup status for B1E2EB81A739EA25-0000000000000001 after 0 ms[0m
[0;32m[1784655444.727] [8157:8159] [DIS] Keeping DNSSD lookup active[0m
[0;32m[1784655444.930] [8157:8159] [DIS] Checking node lookup status for B1E2EB81A739EA25-0000000000000001 after 203 ms[0m
[0;34m[1784655444.930] [8157:8159] [DIS] OperationalSessionSetup[1:0000000000000001]: Updating device address to UDP:[fe80::bfe:a203:38f0:bce7%enp0s3]:5540 while in state 2[0m
[0;34m[1784655444.930] [8157:8159] [DIS] OperationalSessionSetup[1:0000000000000001]: State change 2 --> 3[0m
[0;34m[1784655444.930] [8157:8159] [IN] SecureSession[0x75e9800647b0]: Allocated Type:2 LSID:54985[0m
[0;32m[1784655444.930] [8157:8159] [SC] Initiating session on local FabricIndex 1 from 0x000000000001B669 -> 0x0000000000000001[0m
[0;32m[1784655444.930] [8157:8159] [EM] <<< [E:14695i S:0 M:61559319] (U) Msg TX from EAD5209C09AD2583 to 0:0000000000000000 [0000] [UDP:[fe80::bfe:a203:38f0:bce7%enp0s3]:5540] --- Type 0000:30 (SecureChannel:CASE_Sigma1) (B:196)[0m
[0;32m[1784655444.930] [8157:8159] [EM] ??1 [E:14695i S:0 M:61559319] (U) Msg Retransmission to 0:0000000000000000 scheduled for 626ms from now [State:Idle II:500 AI:300 AT:4000][0m
[0;32m[1784655444.931] [8157:8159] [SC] Sent Sigma1 msg to <0000000000000001, 1> [II:500ms AI:300ms AT:4000ms][0m
[0;34m[1784655444.931] [8157:8159] [DIS] OperationalSessionSetup[1:0000000000000001]: State change 3 --> 4[0m
[0;32m[1784655444.932] [8157:8159] [EM] >>> [E:14695i S:0 M:10893451 (Ack:61559319)] (U) Msg RX from 0:0000000000000000 [0000] to EAD5209C09AD2583 --- Type 0000:31 (SecureChannel:CASE_Sigma2) (B:751)[0m
[0;34m[1784655444.932] [8157:8159] [EM] Found matching exchange: 14695i, Delegate: 0x75e980064e88[0m
[0;34m[1784655444.932] [8157:8159] [EM] Rxd Ack; Removing MessageCounter:61559319 from Retrans Table on exchange 14695i[0m
[0;32m[1784655444.932] [8157:8159] [SC] Received Sigma2 msg[0m
[0;34m[1784655444.932] [8157:8159] [SC] Found MRP parameters in the message[0m
[0;34m[1784655444.933] [8157:8159] [SC] Peer <0000000000000001, 1> assigned session ID 23155[0m
[0;34m[1784655444.934] [8157:8159] [SC] Sending Sigma3[0m
[0;32m[1784655444.934] [8157:8159] [EM] <<< [E:14695i S:0 M:61559320 (Ack:10893451)] (U) Msg TX from EAD5209C09AD2583 to 0:0000000000000000 [0000] [UDP:[fe80::bfe:a203:38f0:bce7%enp0s3]:5540] --- Type 0000:32 (SecureChannel:CASE_Sigma3) (B:598)[0m
[0;32m[1784655444.934] [8157:8159] [EM] ??1 [E:14695i S:0 M:61559320] (U) Msg Retransmission to 0:0000000000000000 scheduled for 330ms from now [State:Active II:500 AI:300 AT:4000][0m
[0;32m[1784655444.934] [8157:8159] [SC] Sent Sigma3 msg[0m
[0;32m[1784655444.943] [8157:8159] [EM] >>> [E:14695i S:0 M:10893452 (Ack:61559320)] (U) Msg RX from 0:0000000000000000 [0000] to EAD5209C09AD2583 --- Type 0000:40 (SecureChannel:StatusReport) (B:34)[0m
[0;34m[1784655444.943] [8157:8159] [EM] Found matching exchange: 14695i, Delegate: 0x75e980064e88[0m
[0;34m[1784655444.943] [8157:8159] [EM] Rxd Ack; Removing MessageCounter:61559320 from Retrans Table on exchange 14695i[0m
[0;32m[1784655444.943] [8157:8159] [SC] Success status report received. Session was established[0m
[0;32m[1784655444.944] [8157:8159] [SC] SecureSession[0x75e9800647b0, LSID:54985]: State change 'kEstablishing' --> 'kActive'[0m
[0;34m[1784655444.944] [8157:8159] [IN] SecureSession[0x75e9800647b0]: Activated - Type:2 LSID:54985[0m
[0;34m[1784655444.944] [8157:8159] [IN] New secure session activated for device <0000000000000001, 1>, LSID:54985 PSID:23155![0m
[0;34m[1784655444.944] [8157:8159] [DIS] OperationalSessionSetup[1:0000000000000001]: State change 4 --> 5[0m
[0;32m[1784655444.944] [8157:8159] [CTL] Successfully finished commissioning step 'FindOperationalForStayActive'[0m
[0;32m[1784655444.944] [8157:8159] [CTL] Commissioning stage next step: 'FindOperationalForStayActive' -> 'ICDSendStayActive'[0m
[0;32m[1784655444.944] [8157:8159] [CTL] Performing next commissioning step 'ICDSendStayActive'[0m
[0;34m[1784655444.944] [8157:8159] [TOO] Starting commissioning stage 'ICDSendStayActive'[0m
[0;32m[1784655444.944] [8157:8159] [CTL] Skipping kICDSendStayActive[0m
[0;32m[1784655444.944] [8157:8159] [CTL] Successfully finished commissioning step 'ICDSendStayActive'[0m
[0;32m[1784655444.944] [8157:8159] [CTL] Commissioning stage next step: 'ICDSendStayActive' -> 'FindOperationalForCommissioningComplete'[0m
[0;32m[1784655444.944] [8157:8159] [CTL] Performing next commissioning step 'FindOperationalForCommissioningComplete'[0m
[0;34m[1784655444.944] [8157:8159] [TOO] Starting commissioning stage 'FindOperationalForCommissioningComplete'[0m
[0;34m[1784655444.944] [8157:8159] [CSM] FindOrEstablishSession: PeerId = [1:0000000000000001][0m
[0;34m[1784655444.944] [8157:8159] [CSM] FindOrEstablishSession: No existing OperationalSessionSetup instance found[0m
[0;32m[1784655444.944] [8157:8159] [DIS] Found an existing secure session to [1:0000000000000001]![0m
[0;34m[1784655444.944] [8157:8159] [DIS] OperationalSessionSetup[1:0000000000000001]: State change 1 --> 5[0m
[0;32m[1784655444.944] [8157:8159] [CTL] Successfully finished commissioning step 'FindOperationalForCommissioningComplete'[0m
[0;32m[1784655444.944] [8157:8159] [CTL] Commissioning stage next step: 'FindOperationalForCommissioningComplete' -> 'SendComplete'[0m
[0;32m[1784655444.944] [8157:8159] [CTL] Performing next commissioning step 'SendComplete'[0m
[0;34m[1784655444.944] [8157:8159] [TOO] Starting commissioning stage 'SendComplete'[0m
[0;34m[1784655444.944] [8157:8159] [DMG] ICR moving to [AddingComm][0m
[0;34m[1784655444.944] [8157:8159] [DMG] ICR moving to [AddedComma][0m
[0;32m[1784655444.944] [8157:8159] [EM] <<< [E:14696i S:54985 M:224045551] (S) Msg TX from 000000000001B669 to 1:0000000000000001 [EA25] [UDP:[fe80::bfe:a203:38f0:bce7%enp0s3]:5540] --- Type 0001:08 (IM:InvokeCommandRequest) (B:59)[0m
[0;32m[1784655444.944] [8157:8159] [EM] ??1 [E:14696i S:54985 M:224045551] (S) Msg Retransmission to 1:0000000000000001 scheduled for 374ms from now [State:Active II:500 AI:300 AT:4000][0m
[0;34m[1784655444.944] [8157:8159] [DMG] ICR moving to [AwaitingRe][0m
[0;32m[1784655444.944] [8157:8159] [EM] <<< [E:14695i S:0 M:61559321 (Ack:10893452)] (U) Msg TX from EAD5209C09AD2583 to 0:0000000000000000 [0000] [UDP:[fe80::bfe:a203:38f0:bce7%enp0s3]:5540] --- Type 0000:10 (SecureChannel:StandaloneAck) (B:26)[0m
[0;34m[1784655444.944] [8157:8159] [EM] Flushed pending ack for MessageCounter:10893452 on exchange 14695i[0m
[0;32m[1784655444.964] [8157:8159] [EM] >>> [E:14696i S:54985 M:124150382 (Ack:224045551)] (S) Msg RX from 1:0000000000000001 [EA25] to 000000000001B669 --- Type 0001:09 (IM:InvokeCommandResponse) (B:70)[0m
[0;34m[1784655444.964] [8157:8159] [EM] Found matching exchange: 14696i, Delegate: 0x75e9800382d8[0m
[0;34m[1784655444.964] [8157:8159] [EM] Rxd Ack; Removing MessageCounter:224045551 from Retrans Table on exchange 14696i[0m
[0;34m[1784655444.964] [8157:8159] [DMG] ICR moving to [ResponseRe][0m
[0;34m[1784655444.964] [8157:8159] [DMG] InvokeResponseMessage =[0m
[0;34m[1784655444.964] [8157:8159] [DMG] {[0m
[0;34m[1784655444.964] [8157:8159] [DMG] 	suppressResponse = false, [0m
[0;34m[1784655444.964] [8157:8159] [DMG] 	InvokeResponseIBs =[0m
[0;34m[1784655444.964] [8157:8159] [DMG] 	[[0m
[0;34m[1784655444.964] [8157:8159] [DMG] 		InvokeResponseIB =[0m
[0;34m[1784655444.964] [8157:8159] [DMG] 		{[0m
[0;34m[1784655444.964] [8157:8159] [DMG] 			CommandDataIB =[0m
[0;34m[1784655444.964] [8157:8159] [DMG] 			{[0m
[0;34m[1784655444.964] [8157:8159] [DMG] 				CommandPathIB =[0m
[0;34m[1784655444.964] [8157:8159] [DMG] 				{[0m
[0;34m[1784655444.964] [8157:8159] [DMG] 					EndpointId = 0x0,[0m
[0;34m[1784655444.964] [8157:8159] [DMG] 					ClusterId = 0x30,[0m
[0;34m[1784655444.964] [8157:8159] [DMG] 					CommandId = 0x5,[0m
[0;34m[1784655444.964] [8157:8159] [DMG] 				},[0m
[0;34m[1784655444.964] [8157:8159] [DMG] 				[0m
[0;34m[1784655444.964] [8157:8159] [DMG] 				CommandFields = [0m
[0;34m[1784655444.964] [8157:8159] [DMG] 				{[0m
[0;34m[1784655444.964] [8157:8159] [DMG] 					0x0 = 0 (unsigned), [0m
[0;34m[1784655444.964] [8157:8159] [DMG] 					0x1 = "" (0 chars), [0m
[0;34m[1784655444.964] [8157:8159] [DMG] 				},[0m
[0;34m[1784655444.964] [8157:8159] [DMG] 			},[0m
[0;34m[1784655444.964] [8157:8159] [DMG] 			[0m
[0;34m[1784655444.964] [8157:8159] [DMG] 		},[0m
[0;34m[1784655444.964] [8157:8159] [DMG] 		[0m
[0;34m[1784655444.964] [8157:8159] [DMG] 	],[0m
[0;34m[1784655444.964] [8157:8159] [DMG] 	[0m
[0;34m[1784655444.964] [8157:8159] [DMG] 	InteractionModelRevision = 12[0m
[0;34m[1784655444.964] [8157:8159] [DMG] },[0m
[0;32m[1784655444.964] [8157:8159] [DMG] Received Command Response Data, Endpoint=0 Cluster=0x0000_0030 Command=0x0000_0005[0m
[0;32m[1784655444.964] [8157:8159] [CTL] Received CommissioningComplete response, errorCode=0[0m
[0;32m[1784655444.964] [8157:8159] [CTL] Successfully finished commissioning step 'SendComplete'[0m
[0;32m[1784655444.964] [8157:8159] [CTL] Commissioning stage next step: 'SendComplete' -> 'Cleanup'[0m
[0;32m[1784655444.964] [8157:8159] [CTL] Performing next commissioning step 'Cleanup'[0m
[0;34m[1784655444.964] [8157:8159] [TOO] Starting commissioning stage 'Cleanup'[0m
[0;32m[1784655444.964] [8157:8159] [CTL] Successfully finished commissioning step 'Cleanup'[0m
[0;34m[1784655444.964] [8157:8159] [IN] SecureSession[0x75e980032f30]: MarkForEviction Type:1 LSID:54984[0m
[0;32m[1784655444.964] [8157:8159] [SC] SecureSession[0x75e980032f30, LSID:54984]: State change 'kActive' --> 'kPendingEviction'[0m
[0;34m[1784655444.964] [8157:8159] [IN] SecureSession[0x75e980032f30]: Released - Type:1 LSID:54984[0m
[0;32m[1784655444.964] [8157:8159] [CTL] Commissioning complete for node ID 0x0000000000000001: success[0m
[0;32m[1784655444.964] [8157:8159] [TOO] Device commissioning completed with success[0m
[0;34m[1784655444.964] [8157:8159] [DMG] ICR moving to [AwaitingDe][0m
[0;32m[1784655444.964] [8157:8159] [EM] <<< [E:14696i S:54985 M:224045552 (Ack:124150382)] (S) Msg TX from 000000000001B669 to 1:0000000000000001 [EA25] [UDP:[fe80::bfe:a203:38f0:bce7%enp0s3]:5540] --- Type 0000:10 (SecureChannel:StandaloneAck) (B:34)[0m
[0;34m[1784655444.964] [8157:8159] [EM] Flushed pending ack for MessageCounter:124150382 on exchange 14696i[0m
[0;34m[1784655444.965] [8157:8157] [CTL] Shutting down the commissioner[0m
[0;32m[1784655444.965] [8157:8157] [PAF] WiFiPAF: Closing all WiFiPAF sessions to shutdown[0m
[0;34m[1784655444.965] [8157:8157] [CTL] Shutting down the controller[0m
[0;34m[1784655444.965] [8157:8157] [IN] Expiring all sessions for fabric 0x1!![0m
[0;34m[1784655444.965] [8157:8157] [IN] SecureSession[0x75e9800647b0]: MarkForEviction Type:2 LSID:54985[0m
[0;32m[1784655444.965] [8157:8157] [SC] SecureSession[0x75e9800647b0, LSID:54985]: State change 'kActive' --> 'kPendingEviction'[0m
[0;34m[1784655444.965] [8157:8157] [IN] SecureSession[0x75e9800647b0]: Released - Type:2 LSID:54985[0m
[0;32m[1784655444.965] [8157:8157] [FP] Forgetting fabric 0x1[0m
[0;32m[1784655444.965] [8157:8157] [TS] Pending Last Known Good Time: 2023-10-14T01:16:48[0m
[0;32m[1784655444.965] [8157:8157] [TS] Previous Last Known Good Time: 2023-10-14T01:16:48[0m
[0;32m[1784655444.965] [8157:8157] [TS] Reverted Last Known Good Time to previous value[0m
[0;34m[1784655444.965] [8157:8157] [CTL] Shutting down the commissioner[0m
[0;32m[1784655444.965] [8157:8157] [PAF] WiFiPAF: Closing all WiFiPAF sessions to shutdown[0m
[0;34m[1784655444.965] [8157:8157] [CTL] Shutting down the controller[0m
[0;34m[1784655444.965] [8157:8157] [CTL] Shutting down the System State, this will teardown the CHIP Stack[0m
[0;34m[1784655444.965] [8157:8157] [DMG] All ReadHandler-s are clean, clear GlobalDirtySet[0m
[0;32m[1784655444.965] [8157:8157] [FP] Shutting down FabricTable[0m
[0;32m[1784655444.965] [8157:8157] [TS] Pending Last Known Good Time: 2023-10-14T01:16:48[0m
[0;32m[1784655444.965] [8157:8157] [TS] Previous Last Known Good Time: 2023-10-14T01:16:48[0m
[0;32m[1784655444.965] [8157:8157] [TS] Reverted Last Known Good Time to previous value[0m
[0;34m[1784655444.969] [8157:8157] [DL] Wrote settings to /tmp/chip_counters.ini[0m
[0;32m[1784655444.969] [8157:8157] [DL] NVS set: chip-counters/total-operational-hours = 0 (0x0)[0m
[0;32m[1784655444.969] [8157:8157] [DL] Inet Layer shutdown[0m
[0;32m[1784655444.969] [8157:8157] [DL] BLE Layer shutdown[0m
[0;32m[1784655444.969] [8157:8157] [DL] WiFi-PAF Layer shutdown[0m
[0;32m[1784655444.969] [8157:8157] [PAF] WiFiPAF: Closing all WiFiPAF sessions to shutdown[0m
[0;32m[1784655444.969] [8157:8157] [DL] System Layer shutdown[0m
