[0;34m[1784655354.066] [7869:7869] [DL] ChipLinuxStorage::Init: Using KVS config file: /tmp/chip_tool_kvs[0m
[0;34m[1784655354.073] [7869:7869] [DL] Wrote settings to /tmp/chip_tool_kvs[0m
[1;31m[1784655354.074] [7869:7869] [DL] ChipLinuxStorage::Init: Attempt to re-initialize with KVS config file: /tmp/chip_kvs, IGNORING.[0m
[0;34m[1784655354.075] [7869:7869] [DL] ChipLinuxStorage::Init: Using KVS config file: /tmp/chip_factory.ini[0m
[0;34m[1784655354.075] [7869:7869] [DL] ChipLinuxStorage::Init: Using KVS config file: /tmp/chip_config.ini[0m
[0;34m[1784655354.075] [7869:7869] [DL] ChipLinuxStorage::Init: Using KVS config file: /tmp/chip_counters.ini[0m
[0;34m[1784655354.077] [7869:7869] [DL] Wrote settings to /tmp/chip_counters.ini[0m
[0;32m[1784655354.078] [7869:7869] [DL] NVS set: chip-counters/reboot-count = 2 (0x2)[0m
[0;32m[1784655354.078] [7869:7869] [DL] Got Ethernet interface: enp0s3[0m
[0;32m[1784655354.078] [7869:7869] [DL] Found the primary Ethernet interface:enp0s3[0m
[1;31m[1784655354.078] [7869:7869] [DL] Failed to get WiFi interface[0m
[1;31m[1784655354.078] [7869:7869] [DL] Failed to reset WiFi statistic counts[0m
[0;32m[1784655354.078] [7869:7869] [PAF] WiFiPAF: WiFiPAFLayer::Init()[0m
[0;34m[1784655354.078] [7869:7869] [IN] UDP::Init bind&listen port=0[0m
[0;34m[1784655354.078] [7869:7869] [IN] UDP::Init bound to port=53237[0m
[0;34m[1784655354.078] [7869:7869] [IN] UDP::Init bind&listen port=0[0m
[0;34m[1784655354.078] [7869:7869] [IN] UDP::Init bound to port=48334[0m
[0;34m[1784655354.078] [7869:7869] [IN] BLEBase::Init - setting/overriding transport[0m
[0;34m[1784655354.078] [7869:7869] [IN] WiFiPAFBase::Init - setting/overriding transport[0m
[0;34m[1784655354.078] [7869:7869] [IN] TransportMgr initialized[0m
[0;34m[1784655354.078] [7869:7869] [FP] Initializing FabricTable from persistent storage[0m
[0;32m[1784655354.078] [7869:7869] [TS] Last Known Good Time: [unknown][0m
[0;32m[1784655354.078] [7869:7869] [TS] Setting Last Known Good Time to firmware build time 2023-10-14T01:16:48[0m
[0;32m[1784655354.079] [7869:7869] [DMG] Ember attribute persistence requires setting up[0m
[0;32m[1784655354.079] [7869:7869] [ZCL] Using ZAP configuration...[0m
[0;34m[1784655354.079] [7869:7869] [CTL] System State Initialized...[0m
[0;32m[1784655354.079] [7869:7869] [CTL] Setting attestation nonce to random value[0m
[0;32m[1784655354.079] [7869:7869] [CTL] Setting CSR nonce to random value[0m
[0;34m[1784655354.079] [7869:7871] [DL] CHIP task running[0m
[0;32m[1784655354.080] [7869:7871] [CTL] Setting attestation nonce to random value[0m
[0;32m[1784655354.080] [7869:7871] [CTL] Setting CSR nonce to random value[0m
[0;32m[1784655354.080] [7869:7871] [CTL] Couldn't get ExampleOpCredsCAKey from storage: src/controller/ExamplePersistentStorage.cpp:112: CHIP Error 0x000000A0: Value not found in the persisted storage[0m
[0;32m[1784655354.080] [7869:7871] [CTL] Couldn't get ExampleOpCredsICAKey from storage: src/controller/ExamplePersistentStorage.cpp:112: CHIP Error 0x000000A0: Value not found in the persisted storage[0m
[0;32m[1784655354.080] [7869:7871] [CTL] Generating RCAC[0m
[0;32m[1784655354.081] [7869:7871] [CTL] Generating ICAC[0m
[0;32m[1784655354.081] [7869:7871] [CTL] Generating NOC[0m
[0;32m[1784655354.082] [7869:7871] [FP] Validating NOC chain[0m
[0;32m[1784655354.082] [7869:7871] [FP] NOC chain validation successful[0m
[0;32m[1784655354.082] [7869:7871] [FP] Added new fabric at index: 0x1[0m
[0;32m[1784655354.082] [7869:7871] [FP] Assigned compressed fabric ID: 0x7E6C890F74A29053, node ID: 0x000000000001B669[0m
[0;32m[1784655354.082] [7869:7871] [TS] Last Known Good Time: 2023-10-14T01:16:48[0m
[0;32m[1784655354.082] [7869:7871] [TS] New proposed Last Known Good Time: 2021-01-01T00:00:00[0m
[0;32m[1784655354.082] [7869:7871] [TS] Retaining current Last Known Good Time[0m
[0;32m[1784655354.083] [7869:7871] [FP] Metadata for Fabric 0x1 persisted to storage.[0m
[0;32m[1784655354.084] [7869:7871] [TS] Committing Last Known Good Time to storage: 2023-10-14T01:16:48[0m
[0;32m[1784655354.085] [7869:7871] [CTL] Joined the fabric at index 1. Fabric ID is 0x0000000000000001 (Compressed Fabric ID: 7E6C890F74A29053)[0m
[0;32m[1784655354.096] [7869:7871] [TOO] Discovered Device: fe80::bfe:a203:38f0:bce7:5540[0m
[0;34m[1784655354.096] [7869:7871] [IN] SecureSession[0x7bbb08032f30]: Allocated Type:1 LSID:45431[0m
[0;34m[1784655354.096] [7869:7871] [SC] Assigned local session key ID 45431[0m
[0;32m[1784655354.096] [7869:7871] [EM] <<< [E:38827i S:0 M:43820894] (U) Msg TX from DA18FE931D33A99F to 0:0000000000000000 [0000] [UDP:[fe80::bfe:a203:38f0:bce7%enp0s3]:5540] --- Type 0000:20 (SecureChannel:PBKDFParamRequest) (B:98)[0m
[0;32m[1784655354.096] [7869:7871] [EM] ??1 [E:38827i S:0 M:43820894] (U) Msg Retransmission to 0:0000000000000000 scheduled for 378ms from now [State:Active II:500 AI:300 AT:4000][0m
[0;32m[1784655354.096] [7869:7871] [SC] Sent PBKDF param request [II:500ms AI:300ms AT:4000ms)[0m
[0;32m[1784655354.096] [7869:7871] [CTL] Setting attestation nonce to random value[0m
[0;32m[1784655354.096] [7869:7871] [CTL] Setting CSR nonce to random value[0m
[0;32m[1784655354.096] [7869:7871] [CTL] Commission called for node ID 0x0000000000000001[0m
[0;32m[1784655354.096] [7869:7871] [EM] >>> [E:38827i S:0 M:262387084 (Ack:43820894)] (U) Msg RX from 0:0000000000000000 [0000] to DA18FE931D33A99F --- Type 0000:21 (SecureChannel:PBKDFParamResponse) (B:174)[0m
[0;34m[1784655354.096] [7869:7871] [EM] Found matching exchange: 38827i, Delegate: 0x7bbb08033e80[0m
[0;34m[1784655354.096] [7869:7871] [EM] Rxd Ack; Removing MessageCounter:43820894 from Retrans Table on exchange 38827i[0m
[0;34m[1784655354.096] [7869:7871] [SC] Received PBKDF param response[0m
[0;34m[1784655354.097] [7869:7871] [SC] Peer assigned session ID 40551[0m
[0;34m[1784655354.097] [7869:7871] [SC] Found MRP parameters in the message[0m
[0;32m[1784655354.098] [7869:7871] [EM] <<< [E:38827i S:0 M:43820895 (Ack:262387084)] (U) Msg TX from DA18FE931D33A99F to 0:0000000000000000 [0000] [UDP:[fe80::bfe:a203:38f0:bce7%enp0s3]:5540] --- Type 0000:22 (SecureChannel:PASE_Pake1) (B:96)[0m
[0;32m[1784655354.098] [7869:7871] [EM] ??1 [E:38827i S:0 M:43820895] (U) Msg Retransmission to 0:0000000000000000 scheduled for 407ms from now [State:Active II:500 AI:300 AT:4000][0m
[0;34m[1784655354.098] [7869:7871] [SC] Sent spake2p msg1[0m
[0;32m[1784655354.098] [7869:7871] [EM] >>> [E:38827i S:0 M:262387085 (Ack:43820895)] (U) Msg RX from 0:0000000000000000 [0000] to DA18FE931D33A99F --- Type 0000:23 (SecureChannel:PASE_Pake2) (B:131)[0m
[0;34m[1784655354.098] [7869:7871] [EM] Found matching exchange: 38827i, Delegate: 0x7bbb08033e80[0m
[0;34m[1784655354.098] [7869:7871] [EM] Rxd Ack; Removing MessageCounter:43820895 from Retrans Table on exchange 38827i[0m
[0;34m[1784655354.098] [7869:7871] [SC] Received spake2p msg2[0m
[0;32m[1784655354.099] [7869:7871] [EM] <<< [E:38827i S:0 M:43820896 (Ack:262387085)] (U) Msg TX from DA18FE931D33A99F to 0:0000000000000000 [0000] [UDP:[fe80::bfe:a203:38f0:bce7%enp0s3]:5540] --- Type 0000:24 (SecureChannel:PASE_Pake3) (B:63)[0m
[0;32m[1784655354.099] [7869:7871] [EM] ??1 [E:38827i S:0 M:43820896] (U) Msg Retransmission to 0:0000000000000000 scheduled for 346ms from now [State:Active II:500 AI:300 AT:4000][0m
[0;34m[1784655354.099] [7869:7871] [SC] Sent spake2p msg3[0m
[0;32m[1784655354.099] [7869:7871] [EM] >>> [E:38827i S:0 M:262387086 (Ack:43820896)] (U) Msg RX from 0:0000000000000000 [0000] to DA18FE931D33A99F --- Type 0000:40 (SecureChannel:StatusReport) (B:34)[0m
[0;34m[1784655354.099] [7869:7871] [EM] Found matching exchange: 38827i, Delegate: 0x7bbb08033e80[0m
[0;34m[1784655354.099] [7869:7871] [EM] Rxd Ack; Removing MessageCounter:43820896 from Retrans Table on exchange 38827i[0m
[0;32m[1784655354.099] [7869:7871] [SC] SecureSession[0x7bbb08032f30, LSID:45431]: State change 'kEstablishing' --> 'kActive'[0m
[0;34m[1784655354.099] [7869:7871] [IN] SecureSession[0x7bbb08032f30]: Activated - Type:1 LSID:45431[0m
[0;34m[1784655354.099] [7869:7871] [IN] New secure session activated for device <FFFFFFFB00000000, 0>, LSID:45431 PSID:40551![0m
[0;34m[1784655354.099] [7869:7871] [CTL] Remote device completed SPAKE2+ handshake[0m
[0;32m[1784655354.099] [7869:7871] [TOO] Pairing Success[0m
[0;32m[1784655354.099] [7869:7871] [TOO] PASE establishment successful[0m
[0;32m[1784655354.099] [7869:7871] [CTL] Commissioning stage next step: 'SecurePairing' -> 'ReadCommissioningInfo'[0m
[0;32m[1784655354.099] [7869:7871] [CTL] Performing next commissioning step 'ReadCommissioningInfo'[0m
[0;34m[1784655354.099] [7869:7871] [TOO] Starting commissioning stage 'ReadCommissioningInfo'[0m
[0;32m[1784655354.099] [7869:7871] [CTL] Sending read requests for commissioning information[0m
[0;34m[1784655354.099] [7869:7871] [DMG] SendReadRequest ReadClient[0x7bbb080351e0]: Sending Read Request[0m
[0;32m[1784655354.099] [7869:7871] [DMG] 0 data version filters provided, 0 not relevant, 0 encoded, 0 skipped due to lack of space[0m
[0;32m[1784655354.099] [7869:7871] [EM] <<< [E:38828i S:45431 M:227152844] (S) Msg TX from 0000000000000000 to 0:FFFFFFFB00000000 [0000] [UDP:[fe80::bfe:a203:38f0:bce7%enp0s3]:5540] --- Type 0001:02 (IM:ReadRequest) (B:136)[0m
[0;32m[1784655354.099] [7869:7871] [EM] ??1 [E:38828i S:45431 M:227152844] (S) Msg Retransmission to 0:FFFFFFFB00000000 scheduled for 366ms from now [State:Active II:500 AI:300 AT:4000][0m
[0;34m[1784655354.099] [7869:7871] [DMG] MoveToState ReadClient[0x7bbb080351e0]: Moving to [AwaitingIn][0m
[0;32m[1784655354.099] [7869:7871] [EM] <<< [E:38827i S:0 M:43820897 (Ack:262387086)] (U) Msg TX from DA18FE931D33A99F to 0:0000000000000000 [0000] [UDP:[fe80::bfe:a203:38f0:bce7%enp0s3]:5540] --- Type 0000:10 (SecureChannel:StandaloneAck) (B:26)[0m
[0;34m[1784655354.099] [7869:7871] [EM] Flushed pending ack for MessageCounter:262387086 on exchange 38827i[0m
[0;32m[1784655354.101] [7869:7871] [EM] >>> [E:38828i S:45431 M:12248936 (Ack:227152844)] (S) Msg RX from 0:FFFFFFFB00000000 [0000] to 0000000000000000 --- Type 0001:05 (IM:ReportData) (B:766)[0m
[0;34m[1784655354.101] [7869:7871] [EM] Found matching exchange: 38828i, Delegate: 0x7bbb080351f0[0m
[0;34m[1784655354.101] [7869:7871] [EM] Rxd Ack; Removing MessageCounter:227152844 from Retrans Table on exchange 38828i[0m
[0;34m[1784655354.101] [7869:7871] [DMG] ReportDataMessage =[0m
[0;34m[1784655354.101] [7869:7871] [DMG] {[0m
[0;34m[1784655354.101] [7869:7871] [DMG] 	AttributeReportIBs =[0m
[0;34m[1784655354.101] [7869:7871] [DMG] 	[[0m
[0;34m[1784655354.101] [7869:7871] [DMG] 		AttributeReportIB =[0m
[0;34m[1784655354.101] [7869:7871] [DMG] 		{[0m
[0;34m[1784655354.101] [7869:7871] [DMG] 			AttributeDataIB =[0m
[0;34m[1784655354.101] [7869:7871] [DMG] 			{[0m
[0;34m[1784655354.101] [7869:7871] [DMG] 				DataVersion = 0xa9b4d453,[0m
[0;34m[1784655354.101] [7869:7871] [DMG] 				AttributePathIB =[0m
[0;34m[1784655354.101] [7869:7871] [DMG] 				{[0m
[0;34m[1784655354.101] [7869:7871] [DMG] 					Endpoint = 0x0,[0m
[0;34m[1784655354.101] [7869:7871] [DMG] 					Cluster = 0x38,[0m
[0;34m[1784655354.101] [7869:7871] [DMG] 					Attribute = 0x0000_0000,[0m
[0;34m[1784655354.101] [7869:7871] [DMG] 				}[0m
[0;34m[1784655354.101] [7869:7871] [DMG] 					[0m
[0;34m[1784655354.101] [7869:7871] [DMG] 				Data = 837970554101194 (unsigned), [0m
[0;34m[1784655354.102] [7869:7871] [DMG] 			},[0m
[0;34m[1784655354.102] [7869:7871] [DMG] 			[0m
[0;34m[1784655354.102] [7869:7871] [DMG] 		},[0m
[0;34m[1784655354.102] [7869:7871] [DMG] 		[0m
[0;34m[1784655354.102] [7869:7871] [DMG] 		AttributeReportIB =[0m
[0;34m[1784655354.102] [7869:7871] [DMG] 		{[0m
[0;34m[1784655354.102] [7869:7871] [DMG] 			AttributeDataIB =[0m
[0;34m[1784655354.102] [7869:7871] [DMG] 			{[0m
[0;34m[1784655354.102] [7869:7871] [DMG] 				DataVersion = 0xa9b4d453,[0m
[0;34m[1784655354.102] [7869:7871] [DMG] 				AttributePathIB =[0m
[0;34m[1784655354.102] [7869:7871] [DMG] 				{[0m
[0;34m[1784655354.102] [7869:7871] [DMG] 					Endpoint = 0x0,[0m
[0;34m[1784655354.102] [7869:7871] [DMG] 					Cluster = 0x38,[0m
[0;34m[1784655354.102] [7869:7871] [DMG] 					Attribute = 0x0000_0001,[0m
[0;34m[1784655354.102] [7869:7871] [DMG] 				}[0m
[0;34m[1784655354.102] [7869:7871] [DMG] 					[0m
[0;34m[1784655354.102] [7869:7871] [DMG] 				Data = 3 (unsigned), [0m
[0;34m[1784655354.102] [7869:7871] [DMG] 			},[0m
[0;34m[1784655354.102] [7869:7871] [DMG] 			[0m
[0;34m[1784655354.102] [7869:7871] [DMG] 		},[0m
[0;34m[1784655354.102] [7869:7871] [DMG] 		[0m
[0;34m[1784655354.102] [7869:7871] [DMG] 		AttributeReportIB =[0m
[0;34m[1784655354.102] [7869:7871] [DMG] 		{[0m
[0;34m[1784655354.102] [7869:7871] [DMG] 			AttributeDataIB =[0m
[0;34m[1784655354.102] [7869:7871] [DMG] 			{[0m
[0;34m[1784655354.102] [7869:7871] [DMG] 				DataVersion = 0xa9b4d453,[0m
[0;34m[1784655354.102] [7869:7871] [DMG] 				AttributePathIB =[0m
[0;34m[1784655354.102] [7869:7871] [DMG] 				{[0m
[0;34m[1784655354.102] [7869:7871] [DMG] 					Endpoint = 0x0,[0m
[0;34m[1784655354.102] [7869:7871] [DMG] 					Cluster = 0x38,[0m
[0;34m[1784655354.102] [7869:7871] [DMG] 					Attribute = 0x0000_0002,[0m
[0;34m[1784655354.102] [7869:7871] [DMG] 				}[0m
[0;34m[1784655354.102] [7869:7871] [DMG] 					[0m
[0;34m[1784655354.102] [7869:7871] [DMG] 				Data = 8 (unsigned), [0m
[0;34m[1784655354.102] [7869:7871] [DMG] 			},[0m
[0;34m[1784655354.102] [7869:7871] [DMG] 			[0m
[0;34m[1784655354.102] [7869:7871] [DMG] 		},[0m
[0;34m[1784655354.102] [7869:7871] [DMG] 		[0m
[0;34m[1784655354.102] [7869:7871] [DMG] 		AttributeReportIB =[0m
[0;34m[1784655354.102] [7869:7871] [DMG] 		{[0m
[0;34m[1784655354.102] [7869:7871] [DMG] 			AttributeDataIB =[0m
[0;34m[1784655354.102] [7869:7871] [DMG] 			{[0m
[0;34m[1784655354.102] [7869:7871] [DMG] 				DataVersion = 0xa9b4d453,[0m
[0;34m[1784655354.102] [7869:7871] [DMG] 				AttributePathIB =[0m
[0;34m[1784655354.102] [7869:7871] [DMG] 				{[0m
[0;34m[1784655354.102] [7869:7871] [DMG] 					Endpoint = 0x0,[0m
[0;34m[1784655354.102] [7869:7871] [DMG] 					Cluster = 0x38,[0m
[0;34m[1784655354.102] [7869:7871] [DMG] 					Attribute = 0x0000_0003,[0m
[0;34m[1784655354.102] [7869:7871] [DMG] 				}[0m
[0;34m[1784655354.102] [7869:7871] [DMG] 					[0m
[0;34m[1784655354.102] [7869:7871] [DMG] 				Data = NULL[0m
[0;34m[1784655354.102] [7869:7871] [DMG] 			},[0m
[0;34m[1784655354.102] [7869:7871] [DMG] 			[0m
[0;34m[1784655354.102] [7869:7871] [DMG] 		},[0m
[0;34m[1784655354.102] [7869:7871] [DMG] 		[0m
[0;34m[1784655354.102] [7869:7871] [DMG] 		AttributeReportIB =[0m
[0;34m[1784655354.102] [7869:7871] [DMG] 		{[0m
[0;34m[1784655354.102] [7869:7871] [DMG] 			AttributeDataIB =[0m
[0;34m[1784655354.102] [7869:7871] [DMG] 			{[0m
[0;34m[1784655354.102] [7869:7871] [DMG] 				DataVersion = 0xa9b4d453,[0m
[0;34m[1784655354.102] [7869:7871] [DMG] 				AttributePathIB =[0m
[0;34m[1784655354.102] [7869:7871] [DMG] 				{[0m
[0;34m[1784655354.102] [7869:7871] [DMG] 					Endpoint = 0x0,[0m
[0;34m[1784655354.102] [7869:7871] [DMG] 					Cluster = 0x38,[0m
[0;34m[1784655354.102] [7869:7871] [DMG] 					Attribute = 0x0000_0004,[0m
[0;34m[1784655354.102] [7869:7871] [DMG] 				}[0m
[0;34m[1784655354.102] [7869:7871] [DMG] 					[0m
[0;34m[1784655354.102] [7869:7871] [DMG] 				Data = NULL[0m
[0;34m[1784655354.102] [7869:7871] [DMG] 			},[0m
[0;34m[1784655354.102] [7869:7871] [DMG] 			[0m
[0;34m[1784655354.102] [7869:7871] [DMG] 		},[0m
[0;34m[1784655354.102] [7869:7871] [DMG] 		[0m
[0;34m[1784655354.102] [7869:7871] [DMG] 		AttributeReportIB =[0m
[0;34m[1784655354.102] [7869:7871] [DMG] 		{[0m
[0;34m[1784655354.102] [7869:7871] [DMG] 			AttributeDataIB =[0m
[0;34m[1784655354.102] [7869:7871] [DMG] 			{[0m
[0;34m[1784655354.102] [7869:7871] [DMG] 				DataVersion = 0xa9b4d453,[0m
[0;34m[1784655354.102] [7869:7871] [DMG] 				AttributePathIB =[0m
[0;34m[1784655354.102] [7869:7871] [DMG] 				{[0m
[0;34m[1784655354.102] [7869:7871] [DMG] 					Endpoint = 0x0,[0m
[0;34m[1784655354.102] [7869:7871] [DMG] 					Cluster = 0x38,[0m
[0;34m[1784655354.102] [7869:7871] [DMG] 					Attribute = 0x0000_0005,[0m
[0;34m[1784655354.102] [7869:7871] [DMG] 				}[0m
[0;34m[1784655354.102] [7869:7871] [DMG] 					[0m
[0;34m[1784655354.102] [7869:7871] [DMG] 				Data = [[0m
[0;34m[1784655354.102] [7869:7871] [DMG] 						[0m
[0;34m[1784655354.102] [7869:7871] [DMG] 					{[0m
[0;34m[1784655354.102] [7869:7871] [DMG] 						0x0 = 0 (signed), [0m
[0;34m[1784655354.102] [7869:7871] [DMG] 						0x1 = 0 (unsigned), [0m
[0;34m[1784655354.102] [7869:7871] [DMG] 					},[0m
[0;34m[1784655354.102] [7869:7871] [DMG] 				],[0m
[0;34m[1784655354.102] [7869:7871] [DMG] 			},[0m
[0;34m[1784655354.102] [7869:7871] [DMG] 			[0m
[0;34m[1784655354.102] [7869:7871] [DMG] 		},[0m
[0;34m[1784655354.102] [7869:7871] [DMG] 		[0m
[0;34m[1784655354.102] [7869:7871] [DMG] 		AttributeReportIB =[0m
[0;34m[1784655354.102] [7869:7871] [DMG] 		{[0m
[0;34m[1784655354.102] [7869:7871] [DMG] 			AttributeDataIB =[0m
[0;34m[1784655354.102] [7869:7871] [DMG] 			{[0m
[0;34m[1784655354.102] [7869:7871] [DMG] 				DataVersion = 0xa9b4d453,[0m
[0;34m[1784655354.102] [7869:7871] [DMG] 				AttributePathIB =[0m
[0;34m[1784655354.102] [7869:7871] [DMG] 				{[0m
[0;34m[1784655354.102] [7869:7871] [DMG] 					Endpoint = 0x0,[0m
[0;34m[1784655354.102] [7869:7871] [DMG] 					Cluster = 0x38,[0m
[0;34m[1784655354.102] [7869:7871] [DMG] 					Attribute = 0x0000_0006,[0m
[0;34m[1784655354.102] [7869:7871] [DMG] 				}[0m
[0;34m[1784655354.102] [7869:7871] [DMG] 					[0m
[0;34m[1784655354.102] [7869:7871] [DMG] 				Data = [[0m
[0;34m[1784655354.102] [7869:7871] [DMG] 						[0m
[0;34m[1784655354.102] [7869:7871] [DMG] 				],[0m
[0;34m[1784655354.102] [7869:7871] [DMG] 			},[0m
[0;34m[1784655354.102] [7869:7871] [DMG] 			[0m
[0;34m[1784655354.102] [7869:7871] [DMG] 		},[0m
[0;34m[1784655354.102] [7869:7871] [DMG] 		[0m
[0;34m[1784655354.102] [7869:7871] [DMG] 		AttributeReportIB =[0m
[0;34m[1784655354.102] [7869:7871] [DMG] 		{[0m
[0;34m[1784655354.102] [7869:7871] [DMG] 			AttributeDataIB =[0m
[0;34m[1784655354.102] [7869:7871] [DMG] 			{[0m
[0;34m[1784655354.102] [7869:7871] [DMG] 				DataVersion = 0xa9b4d453,[0m
[0;34m[1784655354.102] [7869:7871] [DMG] 				AttributePathIB =[0m
[0;34m[1784655354.102] [7869:7871] [DMG] 				{[0m
[0;34m[1784655354.102] [7869:7871] [DMG] 					Endpoint = 0x0,[0m
[0;34m[1784655354.102] [7869:7871] [DMG] 					Cluster = 0x38,[0m
[0;34m[1784655354.102] [7869:7871] [DMG] 					Attribute = 0x0000_0007,[0m
[0;34m[1784655354.102] [7869:7871] [DMG] 				}[0m
[0;34m[1784655354.102] [7869:7871] [DMG] 					[0m
[0;34m[1784655354.102] [7869:7871] [DMG] 				Data = NULL[0m
[0;34m[1784655354.102] [7869:7871] [DMG] 			},[0m
[0;34m[1784655354.102] [7869:7871] [DMG] 			[0m
[0;34m[1784655354.102] [7869:7871] [DMG] 		},[0m
[0;34m[1784655354.102] [7869:7871] [DMG] 		[0m
[0;34m[1784655354.102] [7869:7871] [DMG] 		AttributeReportIB =[0m
[0;34m[1784655354.102] [7869:7871] [DMG] 		{[0m
[0;34m[1784655354.102] [7869:7871] [DMG] 			AttributeDataIB =[0m
[0;34m[1784655354.102] [7869:7871] [DMG] 			{[0m
[0;34m[1784655354.102] [7869:7871] [DMG] 				DataVersion = 0xa9b4d453,[0m
[0;34m[1784655354.102] [7869:7871] [DMG] 				AttributePathIB =[0m
[0;34m[1784655354.102] [7869:7871] [DMG] 				{[0m
[0;34m[1784655354.102] [7869:7871] [DMG] 					Endpoint = 0x0,[0m
[0;34m[1784655354.102] [7869:7871] [DMG] 					Cluster = 0x38,[0m
[0;34m[1784655354.102] [7869:7871] [DMG] 					Attribute = 0x0000_0008,[0m
[0;34m[1784655354.102] [7869:7871] [DMG] 				}[0m
[0;34m[1784655354.102] [7869:7871] [DMG] 					[0m
[0;34m[1784655354.102] [7869:7871] [DMG] 				Data = 0 (unsigned), [0m
[0;34m[1784655354.102] [7869:7871] [DMG] 			},[0m
[0;34m[1784655354.102] [7869:7871] [DMG] 			[0m
[0;34m[1784655354.102] [7869:7871] [DMG] 		},[0m
[0;34m[1784655354.102] [7869:7871] [DMG] 		[0m
[0;34m[1784655354.102] [7869:7871] [DMG] 		AttributeReportIB =[0m
[0;34m[1784655354.102] [7869:7871] [DMG] 		{[0m
[0;34m[1784655354.102] [7869:7871] [DMG] 			AttributeDataIB =[0m
[0;34m[1784655354.102] [7869:7871] [DMG] 			{[0m
[0;34m[1784655354.102] [7869:7871] [DMG] 				DataVersion = 0xa9b4d453,[0m
[0;34m[1784655354.102] [7869:7871] [DMG] 				AttributePathIB =[0m
[0;34m[1784655354.102] [7869:7871] [DMG] 				{[0m
[0;34m[1784655354.102] [7869:7871] [DMG] 					Endpoint = 0x0,[0m
[0;34m[1784655354.102] [7869:7871] [DMG] 					Cluster = 0x38,[0m
[0;34m[1784655354.102] [7869:7871] [DMG] 					Attribute = 0x0000_000A,[0m
[0;34m[1784655354.102] [7869:7871] [DMG] 				}[0m
[0;34m[1784655354.102] [7869:7871] [DMG] 					[0m
[0;34m[1784655354.102] [7869:7871] [DMG] 				Data = 2 (unsigned), [0m
[0;34m[1784655354.102] [7869:7871] [DMG] 			},[0m
[0;34m[1784655354.102] [7869:7871] [DMG] 			[0m
[0;34m[1784655354.102] [7869:7871] [DMG] 		},[0m
[0;34m[1784655354.102] [7869:7871] [DMG] 		[0m
[0;34m[1784655354.102] [7869:7871] [DMG] 		AttributeReportIB =[0m
[0;34m[1784655354.102] [7869:7871] [DMG] 		{[0m
[0;34m[1784655354.102] [7869:7871] [DMG] 			AttributeDataIB =[0m
[0;34m[1784655354.102] [7869:7871] [DMG] 			{[0m
[0;34m[1784655354.102] [7869:7871] [DMG] 				DataVersion = 0xa9b4d453,[0m
[0;34m[1784655354.102] [7869:7871] [DMG] 				AttributePathIB =[0m
[0;34m[1784655354.102] [7869:7871] [DMG] 				{[0m
[0;34m[1784655354.102] [7869:7871] [DMG] 					Endpoint = 0x0,[0m
[0;34m[1784655354.102] [7869:7871] [DMG] 					Cluster = 0x38,[0m
[0;34m[1784655354.102] [7869:7871] [DMG] 					Attribute = 0x0000_000B,[0m
[0;34m[1784655354.102] [7869:7871] [DMG] 				}[0m
[0;34m[1784655354.102] [7869:7871] [DMG] 					[0m
[0;34m[1784655354.102] [7869:7871] [DMG] 				Data = 2 (unsigned), [0m
[0;34m[1784655354.102] [7869:7871] [DMG] 			},[0m
[0;34m[1784655354.102] [7869:7871] [DMG] 			[0m
[0;34m[1784655354.102] [7869:7871] [DMG] 		},[0m
[0;34m[1784655354.102] [7869:7871] [DMG] 		[0m
[0;34m[1784655354.102] [7869:7871] [DMG] 		AttributeReportIB =[0m
[0;34m[1784655354.102] [7869:7871] [DMG] 		{[0m
[0;34m[1784655354.102] [7869:7871] [DMG] 			AttributeDataIB =[0m
[0;34m[1784655354.102] [7869:7871] [DMG] 			{[0m
[0;34m[1784655354.102] [7869:7871] [DMG] 				DataVersion = 0xa9b4d453,[0m
[0;34m[1784655354.102] [7869:7871] [DMG] 				AttributePathIB =[0m
[0;34m[1784655354.102] [7869:7871] [DMG] 				{[0m
[0;34m[1784655354.102] [7869:7871] [DMG] 					Endpoint = 0x0,[0m
[0;34m[1784655354.102] [7869:7871] [DMG] 					Cluster = 0x38,[0m
[0;34m[1784655354.102] [7869:7871] [DMG] 					Attribute = 0x0000_000C,[0m
[0;34m[1784655354.102] [7869:7871] [DMG] 				}[0m
[0;34m[1784655354.102] [7869:7871] [DMG] 					[0m
[0;34m[1784655354.102] [7869:7871] [DMG] 				Data = true, [0m
[0;34m[1784655354.102] [7869:7871] [DMG] 			},[0m
[0;34m[1784655354.102] [7869:7871] [DMG] 			[0m
[0;34m[1784655354.102] [7869:7871] [DMG] 		},[0m
[0;34m[1784655354.102] [7869:7871] [DMG] 		[0m
[0;34m[1784655354.102] [7869:7871] [DMG] 		AttributeReportIB =[0m
[0;34m[1784655354.102] [7869:7871] [DMG] 		{[0m
[0;34m[1784655354.102] [7869:7871] [DMG] 			AttributeDataIB =[0m
[0;34m[1784655354.102] [7869:7871] [DMG] 			{[0m
[0;34m[1784655354.102] [7869:7871] [DMG] 				DataVersion = 0xa9b4d453,[0m
[0;34m[1784655354.102] [7869:7871] [DMG] 				AttributePathIB =[0m
[0;34m[1784655354.102] [7869:7871] [DMG] 				{[0m
[0;34m[1784655354.102] [7869:7871] [DMG] 					Endpoint = 0x0,[0m
[0;34m[1784655354.102] [7869:7871] [DMG] 					Cluster = 0x38,[0m
[0;34m[1784655354.102] [7869:7871] [DMG] 					Attribute = 0x0000_FFFC,[0m
[0;34m[1784655354.102] [7869:7871] [DMG] 				}[0m
[0;34m[1784655354.102] [7869:7871] [DMG] 					[0m
[0;34m[1784655354.102] [7869:7871] [DMG] 				Data = 11 (unsigned), [0m
[0;34m[1784655354.102] [7869:7871] [DMG] 			},[0m
[0;34m[1784655354.102] [7869:7871] [DMG] 			[0m
[0;34m[1784655354.102] [7869:7871] [DMG] 		},[0m
[0;34m[1784655354.102] [7869:7871] [DMG] 		[0m
[0;34m[1784655354.102] [7869:7871] [DMG] 		AttributeReportIB =[0m
[0;34m[1784655354.102] [7869:7871] [DMG] 		{[0m
[0;34m[1784655354.102] [7869:7871] [DMG] 			AttributeDataIB =[0m
[0;34m[1784655354.102] [7869:7871] [DMG] 			{[0m
[0;34m[1784655354.102] [7869:7871] [DMG] 				DataVersion = 0xa9b4d453,[0m
[0;34m[1784655354.102] [7869:7871] [DMG] 				AttributePathIB =[0m
[0;34m[1784655354.102] [7869:7871] [DMG] 				{[0m
[0;34m[1784655354.102] [7869:7871] [DMG] 					Endpoint = 0x0,[0m
[0;34m[1784655354.102] [7869:7871] [DMG] 					Cluster = 0x38,[0m
[0;34m[1784655354.102] [7869:7871] [DMG] 					Attribute = 0x0000_FFFD,[0m
[0;34m[1784655354.102] [7869:7871] [DMG] 				}[0m
[0;34m[1784655354.102] [7869:7871] [DMG] 					[0m
[0;34m[1784655354.102] [7869:7871] [DMG] 				Data = 2 (unsigned), [0m
[0;34m[1784655354.102] [7869:7871] [DMG] 			},[0m
[0;34m[1784655354.102] [7869:7871] [DMG] 			[0m
[0;34m[1784655354.102] [7869:7871] [DMG] 		},[0m
[0;34m[1784655354.102] [7869:7871] [DMG] 		[0m
[0;34m[1784655354.102] [7869:7871] [DMG] 		AttributeReportIB =[0m
[0;34m[1784655354.102] [7869:7871] [DMG] 		{[0m
[0;34m[1784655354.102] [7869:7871] [DMG] 			AttributeDataIB =[0m
[0;34m[1784655354.102] [7869:7871] [DMG] 			{[0m
[0;34m[1784655354.102] [7869:7871] [DMG] 				DataVersion = 0xa9b4d453,[0m
[0;34m[1784655354.102] [7869:7871] [DMG] 				AttributePathIB =[0m
[0;34m[1784655354.102] [7869:7871] [DMG] 				{[0m
[0;34m[1784655354.102] [7869:7871] [DMG] 					Endpoint = 0x0,[0m
[0;34m[1784655354.102] [7869:7871] [DMG] 					Cluster = 0x38,[0m
[0;34m[1784655354.102] [7869:7871] [DMG] 					Attribute = 0x0000_FFF8,[0m
[0;34m[1784655354.102] [7869:7871] [DMG] 				}[0m
[0;34m[1784655354.102] [7869:7871] [DMG] 					[0m
[0;34m[1784655354.102] [7869:7871] [DMG] 				Data = [[0m
[0;34m[1784655354.102] [7869:7871] [DMG] 						3 (unsigned), [0m
[0;34m[1784655354.102] [7869:7871] [DMG] 				],[0m
[0;34m[1784655354.102] [7869:7871] [DMG] 			},[0m
[0;34m[1784655354.102] [7869:7871] [DMG] 			[0m
[0;34m[1784655354.102] [7869:7871] [DMG] 		},[0m
[0;34m[1784655354.102] [7869:7871] [DMG] 		[0m
[0;34m[1784655354.102] [7869:7871] [DMG] 		AttributeReportIB =[0m
[0;34m[1784655354.102] [7869:7871] [DMG] 		{[0m
[0;34m[1784655354.102] [7869:7871] [DMG] 			AttributeDataIB =[0m
[0;34m[1784655354.102] [7869:7871] [DMG] 			{[0m
[0;34m[1784655354.102] [7869:7871] [DMG] 				DataVersion = 0xa9b4d453,[0m
[0;34m[1784655354.102] [7869:7871] [DMG] 				AttributePathIB =[0m
[0;34m[1784655354.102] [7869:7871] [DMG] 				{[0m
[0;34m[1784655354.102] [7869:7871] [DMG] 					Endpoint = 0x0,[0m
[0;34m[1784655354.102] [7869:7871] [DMG] 					Cluster = 0x38,[0m
[0;34m[1784655354.102] [7869:7871] [DMG] 					Attribute = 0x0000_FFF9,[0m
[0;34m[1784655354.102] [7869:7871] [DMG] 				}[0m
[0;34m[1784655354.102] [7869:7871] [DMG] 					[0m
[0;34m[1784655354.102] [7869:7871] [DMG] 				Data = [[0m
[0;34m[1784655354.102] [7869:7871] [DMG] 						0 (unsigned), 1 (unsigned), 2 (unsigned), 4 (unsigned), 5 (unsigned), [0m
[0;34m[1784655354.102] [7869:7871] [DMG] 				],[0m
[0;34m[1784655354.102] [7869:7871] [DMG] 			},[0m
[0;34m[1784655354.102] [7869:7871] [DMG] 			[0m
[0;34m[1784655354.102] [7869:7871] [DMG] 		},[0m
[0;34m[1784655354.102] [7869:7871] [DMG] 		[0m
[0;34m[1784655354.102] [7869:7871] [DMG] 		AttributeReportIB =[0m
[0;34m[1784655354.102] [7869:7871] [DMG] 		{[0m
[0;34m[1784655354.102] [7869:7871] [DMG] 			AttributeDataIB =[0m
[0;34m[1784655354.102] [7869:7871] [DMG] 			{[0m
[0;34m[1784655354.102] [7869:7871] [DMG] 				DataVersion = 0xa9b4d453,[0m
[0;34m[1784655354.102] [7869:7871] [DMG] 				AttributePathIB =[0m
[0;34m[1784655354.102] [7869:7871] [DMG] 				{[0m
[0;34m[1784655354.102] [7869:7871] [DMG] 					Endpoint = 0x0,[0m
[0;34m[1784655354.102] [7869:7871] [DMG] 					Cluster = 0x38,[0m
[0;34m[1784655354.102] [7869:7871] [DMG] 					Attribute = 0x0000_FFFB,[0m
[0;34m[1784655354.102] [7869:7871] [DMG] 				}[0m
[0;34m[1784655354.102] [7869:7871] [DMG] 					[0m
[0;34m[1784655354.102] [7869:7871] [DMG] 				Data = [[0m
[0;34m[1784655354.102] [7869:7871] [DMG] 						0 (unsigned), 1 (unsigned), 2 (unsigned), 3 (unsigned), 4 (unsigned), 5 (unsigned), 6 (unsigned), 7 (unsigned), 8 (unsigned), 10 (unsigned), 11 (unsigned), 12 (unsigned), 65532 (unsigned), 65533 (unsigned), 65528 (unsigned), 65529 (unsigned), 65531 (unsigned), [0m
[0;34m[1784655354.102] [7869:7871] [DMG] 				],[0m
[0;34m[1784655354.102] [7869:7871] [DMG] 			},[0m
[0;34m[1784655354.102] [7869:7871] [DMG] 			[0m
[0;34m[1784655354.102] [7869:7871] [DMG] 		},[0m
[0;34m[1784655354.102] [7869:7871] [DMG] 		[0m
[0;34m[1784655354.102] [7869:7871] [DMG] 		AttributeReportIB =[0m
[0;34m[1784655354.102] [7869:7871] [DMG] 		{[0m
[0;34m[1784655354.102] [7869:7871] [DMG] 			AttributeDataIB =[0m
[0;34m[1784655354.102] [7869:7871] [DMG] 			{[0m
[0;34m[1784655354.102] [7869:7871] [DMG] 				DataVersion = 0xfc2a5a38,[0m
[0;34m[1784655354.102] [7869:7871] [DMG] 				AttributePathIB =[0m
[0;34m[1784655354.102] [7869:7871] [DMG] 				{[0m
[0;34m[1784655354.102] [7869:7871] [DMG] 					Endpoint = 0x0,[0m
[0;34m[1784655354.102] [7869:7871] [DMG] 					Cluster = 0x28,[0m
[0;34m[1784655354.102] [7869:7871] [DMG] 					Attribute = 0x0000_0004,[0m
[0;34m[1784655354.102] [7869:7871] [DMG] 				}[0m
[0;34m[1784655354.102] [7869:7871] [DMG] 					[0m
[0;34m[1784655354.102] [7869:7871] [DMG] 				Data = 32769 (unsigned), [0m
[0;34m[1784655354.102] [7869:7871] [DMG] 			},[0m
[0;34m[1784655354.102] [7869:7871] [DMG] 			[0m
[0;34m[1784655354.102] [7869:7871] [DMG] 		},[0m
[0;34m[1784655354.102] [7869:7871] [DMG] 		[0m
[0;34m[1784655354.102] [7869:7871] [DMG] 		AttributeReportIB =[0m
[0;34m[1784655354.102] [7869:7871] [DMG] 		{[0m
[0;34m[1784655354.102] [7869:7871] [DMG] 			AttributeDataIB =[0m
[0;34m[1784655354.102] [7869:7871] [DMG] 			{[0m
[0;34m[1784655354.102] [7869:7871] [DMG] 				DataVersion = 0xfc2a5a38,[0m
[0;34m[1784655354.102] [7869:7871] [DMG] 				AttributePathIB =[0m
[0;34m[1784655354.102] [7869:7871] [DMG] 				{[0m
[0;34m[1784655354.102] [7869:7871] [DMG] 					Endpoint = 0x0,[0m
[0;34m[1784655354.102] [7869:7871] [DMG] 					Cluster = 0x28,[0m
[0;34m[1784655354.102] [7869:7871] [DMG] 					Attribute = 0x0000_0002,[0m
[0;34m[1784655354.102] [7869:7871] [DMG] 				}[0m
[0;34m[1784655354.102] [7869:7871] [DMG] 					[0m
[0;34m[1784655354.102] [7869:7871] [DMG] 				Data = 65521 (unsigned), [0m
[0;34m[1784655354.102] [7869:7871] [DMG] 			},[0m
[0;34m[1784655354.102] [7869:7871] [DMG] 			[0m
[0;34m[1784655354.102] [7869:7871] [DMG] 		},[0m
[0;34m[1784655354.102] [7869:7871] [DMG] 		[0m
[0;34m[1784655354.102] [7869:7871] [DMG] 		AttributeReportIB =[0m
[0;34m[1784655354.102] [7869:7871] [DMG] 		{[0m
[0;34m[1784655354.102] [7869:7871] [DMG] 			AttributeStatusIB =[0m
[0;34m[1784655354.102] [7869:7871] [DMG] 			{[0m
[0;34m[1784655354.102] [7869:7871] [DMG] 				AttributePathIB =[0m
[0;34m[1784655354.102] [7869:7871] [DMG] 				{[0m
[0;34m[1784655354.102] [7869:7871] [DMG] 					Endpoint = 0x0,[0m
[0;34m[1784655354.102] [7869:7871] [DMG] 					Cluster = 0x30,[0m
[0;34m[1784655354.102] [7869:7871] [DMG] 					Attribute = 0x0000_000C,[0m
[0;34m[1784655354.102] [7869:7871] [DMG] 				}[0m
[0;34m[1784655354.102] [7869:7871] [DMG] 					[0m
[0;34m[1784655354.102] [7869:7871] [DMG] 				StatusIB =[0m
[0;34m[1784655354.102] [7869:7871] [DMG] 				{[0m
[0;34m[1784655354.102] [7869:7871] [DMG] 					status = 0x86 (UNSUPPORTED_ATTRIBUTE),[0m
[0;34m[1784655354.102] [7869:7871] [DMG] 				},[0m
[0;34m[1784655354.102] [7869:7871] [DMG] 				[0m
[0;34m[1784655354.102] [7869:7871] [DMG] 			},[0m
[0;34m[1784655354.102] [7869:7871] [DMG] 			[0m
[0;34m[1784655354.102] [7869:7871] [DMG] 		},[0m
[0;34m[1784655354.102] [7869:7871] [DMG] 		[0m
[0;34m[1784655354.102] [7869:7871] [DMG] 		AttributeReportIB =[0m
[0;34m[1784655354.102] [7869:7871] [DMG] 		{[0m
[0;34m[1784655354.102] [7869:7871] [DMG] 			AttributeDataIB =[0m
[0;34m[1784655354.102] [7869:7871] [DMG] 			{[0m
[0;34m[1784655354.102] [7869:7871] [DMG] 				DataVersion = 0xc0a770dc,[0m
[0;34m[1784655354.102] [7869:7871] [DMG] 				AttributePathIB =[0m
[0;34m[1784655354.102] [7869:7871] [DMG] 				{[0m
[0;34m[1784655354.102] [7869:7871] [DMG] 					Endpoint = 0x0,[0m
[0;34m[1784655354.102] [7869:7871] [DMG] 					Cluster = 0x30,[0m
[0;34m[1784655354.102] [7869:7871] [DMG] 					Attribute = 0x0000_0003,[0m
[0;34m[1784655354.102] [7869:7871] [DMG] 				}[0m
[0;34m[1784655354.102] [7869:7871] [DMG] 					[0m
[0;34m[1784655354.102] [7869:7871] [DMG] 				Data = 2 (unsigned), [0m
[0;34m[1784655354.102] [7869:7871] [DMG] 			},[0m
[0;34m[1784655354.102] [7869:7871] [DMG] 			[0m
[0;34m[1784655354.102] [7869:7871] [DMG] 		},[0m
[0;34m[1784655354.102] [7869:7871] [DMG] 		[0m
[0;34m[1784655354.102] [7869:7871] [DMG] 		AttributeReportIB =[0m
[0;34m[1784655354.102] [7869:7871] [DMG] 		{[0m
[0;34m[1784655354.102] [7869:7871] [DMG] 			AttributeDataIB =[0m
[0;34m[1784655354.102] [7869:7871] [DMG] 			{[0m
[0;34m[1784655354.102] [7869:7871] [DMG] 				DataVersion = 0xc0a770dc,[0m
[0;34m[1784655354.102] [7869:7871] [DMG] 				AttributePathIB =[0m
[0;34m[1784655354.102] [7869:7871] [DMG] 				{[0m
[0;34m[1784655354.102] [7869:7871] [DMG] 					Endpoint = 0x0,[0m
[0;34m[1784655354.102] [7869:7871] [DMG] 					Cluster = 0x30,[0m
[0;34m[1784655354.102] [7869:7871] [DMG] 					Attribute = 0x0000_0002,[0m
[0;34m[1784655354.102] [7869:7871] [DMG] 				}[0m
[0;34m[1784655354.102] [7869:7871] [DMG] 					[0m
[0;34m[1784655354.102] [7869:7871] [DMG] 				Data = 0 (unsigned), [0m
[0;34m[1784655354.102] [7869:7871] [DMG] 			},[0m
[0;34m[1784655354.102] [7869:7871] [DMG] 			[0m
[0;34m[1784655354.102] [7869:7871] [DMG] 		},[0m
[0;34m[1784655354.102] [7869:7871] [DMG] 		[0m
[0;34m[1784655354.102] [7869:7871] [DMG] 		AttributeReportIB =[0m
[0;34m[1784655354.102] [7869:7871] [DMG] 		{[0m
[0;34m[1784655354.102] [7869:7871] [DMG] 			AttributeDataIB =[0m
[0;34m[1784655354.102] [7869:7871] [DMG] 			{[0m
[0;34m[1784655354.102] [7869:7871] [DMG] 				DataVersion = 0xc0a770dc,[0m
[0;34m[1784655354.102] [7869:7871] [DMG] 				AttributePathIB =[0m
[0;34m[1784655354.102] [7869:7871] [DMG] 				{[0m
[0;34m[1784655354.102] [7869:7871] [DMG] 					Endpoint = 0x0,[0m
[0;34m[1784655354.102] [7869:7871] [DMG] 					Cluster = 0x30,[0m
[0;34m[1784655354.102] [7869:7871] [DMG] 					Attribute = 0x0000_0001,[0m
[0;34m[1784655354.102] [7869:7871] [DMG] 				}[0m
[0;34m[1784655354.102] [7869:7871] [DMG] 					[0m
[0;34m[1784655354.102] [7869:7871] [DMG] 				Data = [0m
[0;34m[1784655354.102] [7869:7871] [DMG] 				{[0m
[0;34m[1784655354.102] [7869:7871] [DMG] 					0x0 = 60 (unsigned), [0m
[0;34m[1784655354.102] [7869:7871] [DMG] 					0x1 = 900 (unsigned), [0m
[0;34m[1784655354.102] [7869:7871] [DMG] 				},[0m
[0;34m[1784655354.102] [7869:7871] [DMG] 			},[0m
[0;34m[1784655354.102] [7869:7871] [DMG] 			[0m
[0;34m[1784655354.102] [7869:7871] [DMG] 		},[0m
[0;34m[1784655354.102] [7869:7871] [DMG] 		[0m
[0;34m[1784655354.102] [7869:7871] [DMG] 		AttributeReportIB =[0m
[0;34m[1784655354.102] [7869:7871] [DMG] 		{[0m
[0;34m[1784655354.102] [7869:7871] [DMG] 			AttributeDataIB =[0m
[0;34m[1784655354.102] [7869:7871] [DMG] 			{[0m
[0;34m[1784655354.102] [7869:7871] [DMG] 				DataVersion = 0xc0a770dc,[0m
[0;34m[1784655354.102] [7869:7871] [DMG] 				AttributePathIB =[0m
[0;34m[1784655354.102] [7869:7871] [DMG] 				{[0m
[0;34m[1784655354.102] [7869:7871] [DMG] 					Endpoint = 0x0,[0m
[0;34m[1784655354.102] [7869:7871] [DMG] 					Cluster = 0x30,[0m
[0;34m[1784655354.102] [7869:7871] [DMG] 					Attribute = 0x0000_0000,[0m
[0;34m[1784655354.102] [7869:7871] [DMG] 				}[0m
[0;34m[1784655354.102] [7869:7871] [DMG] 					[0m
[0;34m[1784655354.102] [7869:7871] [DMG] 				Data = 0 (unsigned), [0m
[0;34m[1784655354.102] [7869:7871] [DMG] 			},[0m
[0;34m[1784655354.102] [7869:7871] [DMG] 			[0m
[0;34m[1784655354.102] [7869:7871] [DMG] 		},[0m
[0;34m[1784655354.102] [7869:7871] [DMG] 		[0m
[0;34m[1784655354.102] [7869:7871] [DMG] 		AttributeReportIB =[0m
[0;34m[1784655354.102] [7869:7871] [DMG] 		{[0m
[0;34m[1784655354.102] [7869:7871] [DMG] 			AttributeDataIB =[0m
[0;34m[1784655354.102] [7869:7871] [DMG] 			{[0m
[0;34m[1784655354.102] [7869:7871] [DMG] 				DataVersion = 0xc0a770dc,[0m
[0;34m[1784655354.102] [7869:7871] [DMG] 				AttributePathIB =[0m
[0;34m[1784655354.102] [7869:7871] [DMG] 				{[0m
[0;34m[1784655354.102] [7869:7871] [DMG] 					Endpoint = 0x0,[0m
[0;34m[1784655354.102] [7869:7871] [DMG] 					Cluster = 0x30,[0m
[0;34m[1784655354.102] [7869:7871] [DMG] 					Attribute = 0x0000_0004,[0m
[0;34m[1784655354.102] [7869:7871] [DMG] 				}[0m
[0;34m[1784655354.102] [7869:7871] [DMG] 					[0m
[0;34m[1784655354.102] [7869:7871] [DMG] 				Data = true, [0m
[0;34m[1784655354.102] [7869:7871] [DMG] 			},[0m
[0;34m[1784655354.102] [7869:7871] [DMG] 			[0m
[0;34m[1784655354.102] [7869:7871] [DMG] 		},[0m
[0;34m[1784655354.102] [7869:7871] [DMG] 		[0m
[0;34m[1784655354.102] [7869:7871] [DMG] 	],[0m
[0;34m[1784655354.102] [7869:7871] [DMG] 	[0m
[0;34m[1784655354.102] [7869:7871] [DMG] 	SuppressResponse = true, [0m
[0;34m[1784655354.102] [7869:7871] [DMG] 	InteractionModelRevision = 12[0m
[0;34m[1784655354.102] [7869:7871] [DMG] }[0m
[0;34m[1784655354.103] [7869:7871] [DMG] SendReadRequest ReadClient[0x7bbb080351e0]: Sending Read Request[0m
[0;32m[1784655354.103] [7869:7871] [DMG] 0 data version filters provided, 0 not relevant, 0 encoded, 0 skipped due to lack of space[0m
[0;32m[1784655354.103] [7869:7871] [EM] <<< [E:38829i S:45431 M:227152845] (S) Msg TX from 0000000000000000 to 0:FFFFFFFB00000000 [0000] [UDP:[fe80::bfe:a203:38f0:bce7%enp0s3]:5540] --- Type 0001:02 (IM:ReadRequest) (B:112)[0m
[0;32m[1784655354.103] [7869:7871] [EM] ??1 [E:38829i S:45431 M:227152845] (S) Msg Retransmission to 0:FFFFFFFB00000000 scheduled for 386ms from now [State:Active II:500 AI:300 AT:4000][0m
[0;34m[1784655354.103] [7869:7871] [DMG] MoveToState ReadClient[0x7bbb080351e0]: Moving to [AwaitingIn][0m
[0;32m[1784655354.103] [7869:7871] [EM] <<< [E:38828i S:45431 M:227152846 (Ack:12248936)] (S) Msg TX from 0000000000000000 to 0:FFFFFFFB00000000 [0000] [UDP:[fe80::bfe:a203:38f0:bce7%enp0s3]:5540] --- Type 0000:10 (SecureChannel:StandaloneAck) (B:34)[0m
[0;34m[1784655354.103] [7869:7871] [EM] Flushed pending ack for MessageCounter:12248936 on exchange 38828i[0m
[0;32m[1784655354.103] [7869:7871] [EM] >>> [E:38829i S:45431 M:12248937 (Ack:227152845)] (S) Msg RX from 0:FFFFFFFB00000000 [0000] to 0000000000000000 --- Type 0001:05 (IM:ReportData) (B:186)[0m
[0;34m[1784655354.103] [7869:7871] [EM] Found matching exchange: 38829i, Delegate: 0x7bbb080351f0[0m
[0;34m[1784655354.103] [7869:7871] [EM] Rxd Ack; Removing MessageCounter:227152845 from Retrans Table on exchange 38829i[0m
[0;34m[1784655354.103] [7869:7871] [DMG] ReportDataMessage =[0m
[0;34m[1784655354.103] [7869:7871] [DMG] {[0m
[0;34m[1784655354.103] [7869:7871] [DMG] 	AttributeReportIBs =[0m
[0;34m[1784655354.103] [7869:7871] [DMG] 	[[0m
[0;34m[1784655354.103] [7869:7871] [DMG] 		AttributeReportIB =[0m
[0;34m[1784655354.103] [7869:7871] [DMG] 		{[0m
[0;34m[1784655354.103] [7869:7871] [DMG] 			AttributeStatusIB =[0m
[0;34m[1784655354.103] [7869:7871] [DMG] 			{[0m
[0;34m[1784655354.103] [7869:7871] [DMG] 				AttributePathIB =[0m
[0;34m[1784655354.103] [7869:7871] [DMG] 				{[0m
[0;34m[1784655354.103] [7869:7871] [DMG] 					Endpoint = 0x0,[0m
[0;34m[1784655354.103] [7869:7871] [DMG] 					Cluster = 0x46,[0m
[0;34m[1784655354.103] [7869:7871] [DMG] 					Attribute = 0x0000_0002,[0m
[0;34m[1784655354.103] [7869:7871] [DMG] 				}[0m
[0;34m[1784655354.103] [7869:7871] [DMG] 					[0m
[0;34m[1784655354.103] [7869:7871] [DMG] 				StatusIB =[0m
[0;34m[1784655354.103] [7869:7871] [DMG] 				{[0m
[0;34m[1784655354.103] [7869:7871] [DMG] 					status = 0xc3 (UNSUPPORTED_CLUSTER),[0m
[0;34m[1784655354.103] [7869:7871] [DMG] 				},[0m
[0;34m[1784655354.103] [7869:7871] [DMG] 				[0m
[0;34m[1784655354.103] [7869:7871] [DMG] 			},[0m
[0;34m[1784655354.103] [7869:7871] [DMG] 			[0m
[0;34m[1784655354.103] [7869:7871] [DMG] 		},[0m
[0;34m[1784655354.103] [7869:7871] [DMG] 		[0m
[0;34m[1784655354.103] [7869:7871] [DMG] 		AttributeReportIB =[0m
[0;34m[1784655354.103] [7869:7871] [DMG] 		{[0m
[0;34m[1784655354.103] [7869:7871] [DMG] 			AttributeStatusIB =[0m
[0;34m[1784655354.103] [7869:7871] [DMG] 			{[0m
[0;34m[1784655354.103] [7869:7871] [DMG] 				AttributePathIB =[0m
[0;34m[1784655354.103] [7869:7871] [DMG] 				{[0m
[0;34m[1784655354.103] [7869:7871] [DMG] 					Endpoint = 0x0,[0m
[0;34m[1784655354.103] [7869:7871] [DMG] 					Cluster = 0x46,[0m
[0;34m[1784655354.103] [7869:7871] [DMG] 					Attribute = 0x0000_0001,[0m
[0;34m[1784655354.103] [7869:7871] [DMG] 				}[0m
[0;34m[1784655354.103] [7869:7871] [DMG] 					[0m
[0;34m[1784655354.103] [7869:7871] [DMG] 				StatusIB =[0m
[0;34m[1784655354.103] [7869:7871] [DMG] 				{[0m
[0;34m[1784655354.103] [7869:7871] [DMG] 					status = 0xc3 (UNSUPPORTED_CLUSTER),[0m
[0;34m[1784655354.103] [7869:7871] [DMG] 				},[0m
[0;34m[1784655354.103] [7869:7871] [DMG] 				[0m
[0;34m[1784655354.104] [7869:7871] [DMG] 			},[0m
[0;34m[1784655354.104] [7869:7871] [DMG] 			[0m
[0;34m[1784655354.104] [7869:7871] [DMG] 		},[0m
[0;34m[1784655354.104] [7869:7871] [DMG] 		[0m
[0;34m[1784655354.104] [7869:7871] [DMG] 		AttributeReportIB =[0m
[0;34m[1784655354.104] [7869:7871] [DMG] 		{[0m
[0;34m[1784655354.104] [7869:7871] [DMG] 			AttributeStatusIB =[0m
[0;34m[1784655354.104] [7869:7871] [DMG] 			{[0m
[0;34m[1784655354.104] [7869:7871] [DMG] 				AttributePathIB =[0m
[0;34m[1784655354.104] [7869:7871] [DMG] 				{[0m
[0;34m[1784655354.104] [7869:7871] [DMG] 					Endpoint = 0x0,[0m
[0;34m[1784655354.104] [7869:7871] [DMG] 					Cluster = 0x46,[0m
[0;34m[1784655354.104] [7869:7871] [DMG] 					Attribute = 0x0000_0000,[0m
[0;34m[1784655354.104] [7869:7871] [DMG] 				}[0m
[0;34m[1784655354.104] [7869:7871] [DMG] 					[0m
[0;34m[1784655354.104] [7869:7871] [DMG] 				StatusIB =[0m
[0;34m[1784655354.104] [7869:7871] [DMG] 				{[0m
[0;34m[1784655354.104] [7869:7871] [DMG] 					status = 0xc3 (UNSUPPORTED_CLUSTER),[0m
[0;34m[1784655354.104] [7869:7871] [DMG] 				},[0m
[0;34m[1784655354.104] [7869:7871] [DMG] 				[0m
[0;34m[1784655354.104] [7869:7871] [DMG] 			},[0m
[0;34m[1784655354.104] [7869:7871] [DMG] 			[0m
[0;34m[1784655354.104] [7869:7871] [DMG] 		},[0m
[0;34m[1784655354.104] [7869:7871] [DMG] 		[0m
[0;34m[1784655354.104] [7869:7871] [DMG] 		AttributeReportIB =[0m
[0;34m[1784655354.104] [7869:7871] [DMG] 		{[0m
[0;34m[1784655354.104] [7869:7871] [DMG] 			AttributeStatusIB =[0m
[0;34m[1784655354.104] [7869:7871] [DMG] 			{[0m
[0;34m[1784655354.104] [7869:7871] [DMG] 				AttributePathIB =[0m
[0;34m[1784655354.104] [7869:7871] [DMG] 				{[0m
[0;34m[1784655354.104] [7869:7871] [DMG] 					Endpoint = 0x0,[0m
[0;34m[1784655354.104] [7869:7871] [DMG] 					Cluster = 0x46,[0m
[0;34m[1784655354.104] [7869:7871] [DMG] 					Attribute = 0x0000_0007,[0m
[0;34m[1784655354.104] [7869:7871] [DMG] 				}[0m
[0;34m[1784655354.104] [7869:7871] [DMG] 					[0m
[0;34m[1784655354.104] [7869:7871] [DMG] 				StatusIB =[0m
[0;34m[1784655354.104] [7869:7871] [DMG] 				{[0m
[0;34m[1784655354.104] [7869:7871] [DMG] 					status = 0xc3 (UNSUPPORTED_CLUSTER),[0m
[0;34m[1784655354.104] [7869:7871] [DMG] 				},[0m
[0;34m[1784655354.104] [7869:7871] [DMG] 				[0m
[0;34m[1784655354.104] [7869:7871] [DMG] 			},[0m
[0;34m[1784655354.104] [7869:7871] [DMG] 			[0m
[0;34m[1784655354.104] [7869:7871] [DMG] 		},[0m
[0;34m[1784655354.104] [7869:7871] [DMG] 		[0m
[0;34m[1784655354.104] [7869:7871] [DMG] 		AttributeReportIB =[0m
[0;34m[1784655354.104] [7869:7871] [DMG] 		{[0m
[0;34m[1784655354.104] [7869:7871] [DMG] 			AttributeStatusIB =[0m
[0;34m[1784655354.104] [7869:7871] [DMG] 			{[0m
[0;34m[1784655354.104] [7869:7871] [DMG] 				AttributePathIB =[0m
[0;34m[1784655354.104] [7869:7871] [DMG] 				{[0m
[0;34m[1784655354.104] [7869:7871] [DMG] 					Endpoint = 0x0,[0m
[0;34m[1784655354.104] [7869:7871] [DMG] 					Cluster = 0x46,[0m
[0;34m[1784655354.104] [7869:7871] [DMG] 					Attribute = 0x0000_0006,[0m
[0;34m[1784655354.104] [7869:7871] [DMG] 				}[0m
[0;34m[1784655354.104] [7869:7871] [DMG] 					[0m
[0;34m[1784655354.104] [7869:7871] [DMG] 				StatusIB =[0m
[0;34m[1784655354.104] [7869:7871] [DMG] 				{[0m
[0;34m[1784655354.104] [7869:7871] [DMG] 					status = 0xc3 (UNSUPPORTED_CLUSTER),[0m
[0;34m[1784655354.104] [7869:7871] [DMG] 				},[0m
[0;34m[1784655354.104] [7869:7871] [DMG] 				[0m
[0;34m[1784655354.104] [7869:7871] [DMG] 			},[0m
[0;34m[1784655354.104] [7869:7871] [DMG] 			[0m
[0;34m[1784655354.104] [7869:7871] [DMG] 		},[0m
[0;34m[1784655354.104] [7869:7871] [DMG] 		[0m
[0;34m[1784655354.104] [7869:7871] [DMG] 		AttributeReportIB =[0m
[0;34m[1784655354.104] [7869:7871] [DMG] 		{[0m
[0;34m[1784655354.104] [7869:7871] [DMG] 			AttributeDataIB =[0m
[0;34m[1784655354.104] [7869:7871] [DMG] 			{[0m
[0;34m[1784655354.104] [7869:7871] [DMG] 				DataVersion = 0xd195f6af,[0m
[0;34m[1784655354.104] [7869:7871] [DMG] 				AttributePathIB =[0m
[0;34m[1784655354.104] [7869:7871] [DMG] 				{[0m
[0;34m[1784655354.104] [7869:7871] [DMG] 					Endpoint = 0x0,[0m
[0;34m[1784655354.104] [7869:7871] [DMG] 					Cluster = 0x31,[0m
[0;34m[1784655354.104] [7869:7871] [DMG] 					Attribute = 0x0000_FFFC,[0m
[0;34m[1784655354.104] [7869:7871] [DMG] 				}[0m
[0;34m[1784655354.104] [7869:7871] [DMG] 					[0m
[0;34m[1784655354.104] [7869:7871] [DMG] 				Data = 4 (unsigned), [0m
[0;34m[1784655354.104] [7869:7871] [DMG] 			},[0m
[0;34m[1784655354.104] [7869:7871] [DMG] 			[0m
[0;34m[1784655354.104] [7869:7871] [DMG] 		},[0m
[0;34m[1784655354.104] [7869:7871] [DMG] 		[0m
[0;34m[1784655354.104] [7869:7871] [DMG] 	],[0m
[0;34m[1784655354.104] [7869:7871] [DMG] 	[0m
[0;34m[1784655354.104] [7869:7871] [DMG] 	SuppressResponse = true, [0m
[0;34m[1784655354.104] [7869:7871] [DMG] 	InteractionModelRevision = 12[0m
[0;34m[1784655354.104] [7869:7871] [DMG] }[0m
[1;31m[1784655354.104] [7869:7871] [CTL] Ignoring failure to read IsCommissioningWithoutPower: src/app/ClusterStateCache.cpp:294: CHIP Error 0x000000CA: Interaction Model Error[0m
[0;32m[1784655354.104] [7869:7871] [CTL] NetworkCommissioning Features: has Ethernet. endpointid = 0[0m
[0;32m[1784655354.104] [7869:7871] [SVR] OnReadCommissioningInfo - vendorId=0xFFF1 productId=0x8001[0m
[0;32m[1784655354.104] [7869:7871] [SVR] OnReadCommissioningInfo ICD - IdleModeDuration=0 activeModeDuration=0 activeModeThreshold=0[0m
[0;32m[1784655354.104] [7869:7871] [CTL] Successfully finished commissioning step 'ReadCommissioningInfo'[0m
[0;32m[1784655354.104] [7869:7871] [CTL] Commissioning stage next step: 'ReadCommissioningInfo' -> 'ArmFailSafe'[0m
[0;32m[1784655354.104] [7869:7871] [CTL] Performing next commissioning step 'ArmFailSafe'[0m
[0;34m[1784655354.104] [7869:7871] [TOO] Starting commissioning stage 'ArmFailSafe'[0m
[0;32m[1784655354.104] [7869:7871] [CTL] Arming failsafe (60 seconds)[0m
[0;34m[1784655354.104] [7869:7871] [DMG] ICR moving to [AddingComm][0m
[0;34m[1784655354.104] [7869:7871] [DMG] ICR moving to [AddedComma][0m
[0;32m[1784655354.104] [7869:7871] [EM] <<< [E:38830i S:45431 M:227152847] (S) Msg TX from 0000000000000000 to 0:FFFFFFFB00000000 [0000] [UDP:[fe80::bfe:a203:38f0:bce7%enp0s3]:5540] --- Type 0001:08 (IM:InvokeCommandRequest) (B:65)[0m
[0;32m[1784655354.104] [7869:7871] [EM] ??1 [E:38830i S:45431 M:227152847] (S) Msg Retransmission to 0:FFFFFFFB00000000 scheduled for 337ms from now [State:Active II:500 AI:300 AT:4000][0m
[0;34m[1784655354.104] [7869:7871] [DMG] ICR moving to [AwaitingRe][0m
[0;32m[1784655354.104] [7869:7871] [EM] <<< [E:38829i S:45431 M:227152848 (Ack:12248937)] (S) Msg TX from 0000000000000000 to 0:FFFFFFFB00000000 [0000] [UDP:[fe80::bfe:a203:38f0:bce7%enp0s3]:5540] --- Type 0000:10 (SecureChannel:StandaloneAck) (B:34)[0m
[0;34m[1784655354.104] [7869:7871] [EM] Flushed pending ack for MessageCounter:12248937 on exchange 38829i[0m
[0;32m[1784655354.104] [7869:7871] [EM] >>> [E:38830i S:45431 M:12248938 (Ack:227152847)] (S) Msg RX from 0:FFFFFFFB00000000 [0000] to 0000000000000000 --- Type 0001:09 (IM:InvokeCommandResponse) (B:70)[0m
[0;34m[1784655354.104] [7869:7871] [EM] Found matching exchange: 38830i, Delegate: 0x7bbb080382d8[0m
[0;34m[1784655354.104] [7869:7871] [EM] Rxd Ack; Removing MessageCounter:227152847 from Retrans Table on exchange 38830i[0m
[0;34m[1784655354.104] [7869:7871] [DMG] ICR moving to [ResponseRe][0m
[0;34m[1784655354.104] [7869:7871] [DMG] InvokeResponseMessage =[0m
[0;34m[1784655354.104] [7869:7871] [DMG] {[0m
[0;34m[1784655354.104] [7869:7871] [DMG] 	suppressResponse = false, [0m
[0;34m[1784655354.104] [7869:7871] [DMG] 	InvokeResponseIBs =[0m
[0;34m[1784655354.104] [7869:7871] [DMG] 	[[0m
[0;34m[1784655354.104] [7869:7871] [DMG] 		InvokeResponseIB =[0m
[0;34m[1784655354.104] [7869:7871] [DMG] 		{[0m
[0;34m[1784655354.104] [7869:7871] [DMG] 			CommandDataIB =[0m
[0;34m[1784655354.104] [7869:7871] [DMG] 			{[0m
[0;34m[1784655354.104] [7869:7871] [DMG] 				CommandPathIB =[0m
[0;34m[1784655354.104] [7869:7871] [DMG] 				{[0m
[0;34m[1784655354.104] [7869:7871] [DMG] 					EndpointId = 0x0,[0m
[0;34m[1784655354.104] [7869:7871] [DMG] 					ClusterId = 0x30,[0m
[0;34m[1784655354.104] [7869:7871] [DMG] 					CommandId = 0x1,[0m
[0;34m[1784655354.104] [7869:7871] [DMG] 				},[0m
[0;34m[1784655354.104] [7869:7871] [DMG] 				[0m
[0;34m[1784655354.104] [7869:7871] [DMG] 				CommandFields = [0m
[0;34m[1784655354.104] [7869:7871] [DMG] 				{[0m
[0;34m[1784655354.104] [7869:7871] [DMG] 					0x0 = 0 (unsigned), [0m
[0;34m[1784655354.104] [7869:7871] [DMG] 					0x1 = "" (0 chars), [0m
[0;34m[1784655354.104] [7869:7871] [DMG] 				},[0m
[0;34m[1784655354.104] [7869:7871] [DMG] 			},[0m
[0;34m[1784655354.104] [7869:7871] [DMG] 			[0m
[0;34m[1784655354.104] [7869:7871] [DMG] 		},[0m
[0;34m[1784655354.104] [7869:7871] [DMG] 		[0m
[0;34m[1784655354.104] [7869:7871] [DMG] 	],[0m
[0;34m[1784655354.104] [7869:7871] [DMG] 	[0m
[0;34m[1784655354.104] [7869:7871] [DMG] 	InteractionModelRevision = 12[0m
[0;34m[1784655354.104] [7869:7871] [DMG] },[0m
[0;32m[1784655354.104] [7869:7871] [DMG] Received Command Response Data, Endpoint=0 Cluster=0x0000_0030 Command=0x0000_0001[0m
[0;32m[1784655354.104] [7869:7871] [CTL] Received ArmFailSafe response errorCode=0[0m
[0;32m[1784655354.104] [7869:7871] [CTL] Successfully finished commissioning step 'ArmFailSafe'[0m
[0;32m[1784655354.104] [7869:7871] [CTL] Commissioning stage next step: 'ArmFailSafe' -> 'ConfigRegulatory'[0m
[0;32m[1784655354.104] [7869:7871] [CTL] Performing next commissioning step 'ConfigRegulatory'[0m
[0;34m[1784655354.104] [7869:7871] [TOO] Starting commissioning stage 'ConfigRegulatory'[0m
[0;32m[1784655354.104] [7869:7871] [CTL] Setting Regulatory Config[0m
[0;32m[1784655354.104] [7869:7871] [CTL] No regulatory config supplied by controller, leaving as device default (0)[0m
[0;34m[1784655354.104] [7869:7871] [DMG] ICR moving to [AddingComm][0m
[0;34m[1784655354.104] [7869:7871] [DMG] ICR moving to [AddedComma][0m
[0;32m[1784655354.104] [7869:7871] [EM] <<< [E:38831i S:45431 M:227152849] (S) Msg TX from 0000000000000000 to 0:FFFFFFFB00000000 [0000] [UDP:[fe80::bfe:a203:38f0:bce7%enp0s3]:5540] --- Type 0001:08 (IM:InvokeCommandRequest) (B:70)[0m
[0;32m[1784655354.104] [7869:7871] [EM] ??1 [E:38831i S:45431 M:227152849] (S) Msg Retransmission to 0:FFFFFFFB00000000 scheduled for 398ms from now [State:Active II:500 AI:300 AT:4000][0m
[0;34m[1784655354.104] [7869:7871] [DMG] ICR moving to [AwaitingRe][0m
[0;34m[1784655354.104] [7869:7871] [DMG] ICR moving to [AwaitingDe][0m
[0;32m[1784655354.104] [7869:7871] [EM] <<< [E:38830i S:45431 M:227152850 (Ack:12248938)] (S) Msg TX from 0000000000000000 to 0:FFFFFFFB00000000 [0000] [UDP:[fe80::bfe:a203:38f0:bce7%enp0s3]:5540] --- Type 0000:10 (SecureChannel:StandaloneAck) (B:34)[0m
[0;34m[1784655354.104] [7869:7871] [EM] Flushed pending ack for MessageCounter:12248938 on exchange 38830i[0m
[0;32m[1784655354.109] [7869:7871] [EM] >>> [E:38831i S:45431 M:12248939 (Ack:227152849)] (S) Msg RX from 0:FFFFFFFB00000000 [0000] to 0000000000000000 --- Type 0001:09 (IM:InvokeCommandResponse) (B:70)[0m
[0;34m[1784655354.109] [7869:7871] [EM] Found matching exchange: 38831i, Delegate: 0x7bbb08035058[0m
[0;34m[1784655354.109] [7869:7871] [EM] Rxd Ack; Removing MessageCounter:227152849 from Retrans Table on exchange 38831i[0m
[0;34m[1784655354.109] [7869:7871] [DMG] ICR moving to [ResponseRe][0m
[0;34m[1784655354.109] [7869:7871] [DMG] InvokeResponseMessage =[0m
[0;34m[1784655354.109] [7869:7871] [DMG] {[0m
[0;34m[1784655354.109] [7869:7871] [DMG] 	suppressResponse = false, [0m
[0;34m[1784655354.109] [7869:7871] [DMG] 	InvokeResponseIBs =[0m
[0;34m[1784655354.109] [7869:7871] [DMG] 	[[0m
[0;34m[1784655354.109] [7869:7871] [DMG] 		InvokeResponseIB =[0m
[0;34m[1784655354.109] [7869:7871] [DMG] 		{[0m
[0;34m[1784655354.109] [7869:7871] [DMG] 			CommandDataIB =[0m
[0;34m[1784655354.109] [7869:7871] [DMG] 			{[0m
[0;34m[1784655354.109] [7869:7871] [DMG] 				CommandPathIB =[0m
[0;34m[1784655354.109] [7869:7871] [DMG] 				{[0m
[0;34m[1784655354.109] [7869:7871] [DMG] 					EndpointId = 0x0,[0m
[0;34m[1784655354.109] [7869:7871] [DMG] 					ClusterId = 0x30,[0m
[0;34m[1784655354.109] [7869:7871] [DMG] 					CommandId = 0x3,[0m
[0;34m[1784655354.109] [7869:7871] [DMG] 				},[0m
[0;34m[1784655354.109] [7869:7871] [DMG] 				[0m
[0;34m[1784655354.109] [7869:7871] [DMG] 				CommandFields = [0m
[0;34m[1784655354.109] [7869:7871] [DMG] 				{[0m
[0;34m[1784655354.109] [7869:7871] [DMG] 					0x0 = 0 (unsigned), [0m
[0;34m[1784655354.109] [7869:7871] [DMG] 					0x1 = "" (0 chars), [0m
[0;34m[1784655354.109] [7869:7871] [DMG] 				},[0m
[0;34m[1784655354.109] [7869:7871] [DMG] 			},[0m
[0;34m[1784655354.109] [7869:7871] [DMG] 			[0m
[0;34m[1784655354.109] [7869:7871] [DMG] 		},[0m
[0;34m[1784655354.109] [7869:7871] [DMG] 		[0m
[0;34m[1784655354.109] [7869:7871] [DMG] 	],[0m
[0;34m[1784655354.109] [7869:7871] [DMG] 	[0m
[0;34m[1784655354.109] [7869:7871] [DMG] 	InteractionModelRevision = 12[0m
[0;34m[1784655354.109] [7869:7871] [DMG] },[0m
[0;32m[1784655354.109] [7869:7871] [DMG] Received Command Response Data, Endpoint=0 Cluster=0x0000_0030 Command=0x0000_0003[0m
[0;32m[1784655354.109] [7869:7871] [CTL] Received SetRegulatoryConfig response errorCode=0[0m
[0;32m[1784655354.109] [7869:7871] [CTL] Successfully finished commissioning step 'ConfigRegulatory'[0m
[0;32m[1784655354.109] [7869:7871] [CTL] Commissioning stage next step: 'ConfigRegulatory' -> 'ConfigureTCAcknowledgments'[0m
[0;32m[1784655354.109] [7869:7871] [CTL] Performing next commissioning step 'ConfigureTCAcknowledgments'[0m
[0;34m[1784655354.109] [7869:7871] [TOO] Starting commissioning stage 'ConfigureTCAcknowledgments'[0m
[0;32m[1784655354.109] [7869:7871] [CTL] Setting Terms and Conditions[0m
[0;32m[1784655354.109] [7869:7871] [CTL] Setting Terms and Conditions: Skipped[0m
[0;32m[1784655354.109] [7869:7871] [CTL] Successfully finished commissioning step 'ConfigureTCAcknowledgments'[0m
[0;32m[1784655354.109] [7869:7871] [CTL] Commissioning stage next step: 'ConfigureTCAcknowledgments' -> 'ConfigureUTCTime'[0m
[0;32m[1784655354.109] [7869:7871] [CTL] Performing next commissioning step 'ConfigureUTCTime'[0m
[0;34m[1784655354.109] [7869:7871] [TOO] Starting commissioning stage 'ConfigureUTCTime'[0m
[0;34m[1784655354.110] [7869:7871] [DMG] ICR moving to [AddingComm][0m
[0;34m[1784655354.110] [7869:7871] [DMG] ICR moving to [AddedComma][0m
[0;32m[1784655354.110] [7869:7871] [EM] <<< [E:38832i S:45431 M:227152851] (S) Msg TX from 0000000000000000 to 0:FFFFFFFB00000000 [0000] [UDP:[fe80::bfe:a203:38f0:bce7%enp0s3]:5540] --- Type 0001:08 (IM:InvokeCommandRequest) (B:72)[0m
[0;32m[1784655354.110] [7869:7871] [EM] ??1 [E:38832i S:45431 M:227152851] (S) Msg Retransmission to 0:FFFFFFFB00000000 scheduled for 337ms from now [State:Active II:500 AI:300 AT:4000][0m
[0;34m[1784655354.110] [7869:7871] [DMG] ICR moving to [AwaitingRe][0m
[0;34m[1784655354.110] [7869:7871] [DMG] ICR moving to [AwaitingDe][0m
[0;32m[1784655354.110] [7869:7871] [EM] <<< [E:38831i S:45431 M:227152852 (Ack:12248939)] (S) Msg TX from 0000000000000000 to 0:FFFFFFFB00000000 [0000] [UDP:[fe80::bfe:a203:38f0:bce7%enp0s3]:5540] --- Type 0000:10 (SecureChannel:StandaloneAck) (B:34)[0m
[0;34m[1784655354.110] [7869:7871] [EM] Flushed pending ack for MessageCounter:12248939 on exchange 38831i[0m
[0;32m[1784655354.110] [7869:7871] [EM] >>> [E:38832i S:45431 M:12248940 (Ack:227152851)] (S) Msg RX from 0:FFFFFFFB00000000 [0000] to 0000000000000000 --- Type 0001:09 (IM:InvokeCommandResponse) (B:70)[0m
[0;34m[1784655354.110] [7869:7871] [EM] Found matching exchange: 38832i, Delegate: 0x7bbb080382d8[0m
[0;34m[1784655354.110] [7869:7871] [EM] Rxd Ack; Removing MessageCounter:227152851 from Retrans Table on exchange 38832i[0m
[0;34m[1784655354.110] [7869:7871] [DMG] ICR moving to [ResponseRe][0m
[0;34m[1784655354.110] [7869:7871] [DMG] InvokeResponseMessage =[0m
[0;34m[1784655354.110] [7869:7871] [DMG] {[0m
[0;34m[1784655354.110] [7869:7871] [DMG] 	suppressResponse = false, [0m
[0;34m[1784655354.110] [7869:7871] [DMG] 	InvokeResponseIBs =[0m
[0;34m[1784655354.110] [7869:7871] [DMG] 	[[0m
[0;34m[1784655354.110] [7869:7871] [DMG] 		InvokeResponseIB =[0m
[0;34m[1784655354.110] [7869:7871] [DMG] 		{[0m
[0;34m[1784655354.110] [7869:7871] [DMG] 			CommandStatusIB =[0m
[0;34m[1784655354.110] [7869:7871] [DMG] 			{[0m
[0;34m[1784655354.110] [7869:7871] [DMG] 				CommandPathIB =[0m
[0;34m[1784655354.110] [7869:7871] [DMG] 				{[0m
[0;34m[1784655354.110] [7869:7871] [DMG] 					EndpointId = 0x0,[0m
[0;34m[1784655354.110] [7869:7871] [DMG] 					ClusterId = 0x38,[0m
[0;34m[1784655354.110] [7869:7871] [DMG] 					CommandId = 0x0,[0m
[0;34m[1784655354.110] [7869:7871] [DMG] 				},[0m
[0;34m[1784655354.110] [7869:7871] [DMG] 				[0m
[0;34m[1784655354.110] [7869:7871] [DMG] 				StatusIB =[0m
[0;34m[1784655354.110] [7869:7871] [DMG] 				{[0m
[0;34m[1784655354.110] [7869:7871] [DMG] 					status = 0x01 (FAILURE),[0m
[0;34m[1784655354.110] [7869:7871] [DMG] 					cluster-status = 0x2,[0m
[0;34m[1784655354.110] [7869:7871] [DMG] 				},[0m
[0;34m[1784655354.110] [7869:7871] [DMG] 				[0m
[0;34m[1784655354.110] [7869:7871] [DMG] 			},[0m
[0;34m[1784655354.110] [7869:7871] [DMG] 			[0m
[0;34m[1784655354.110] [7869:7871] [DMG] 		},[0m
[0;34m[1784655354.110] [7869:7871] [DMG] 		[0m
[0;34m[1784655354.110] [7869:7871] [DMG] 	],[0m
[0;34m[1784655354.110] [7869:7871] [DMG] 	[0m
[0;34m[1784655354.110] [7869:7871] [DMG] 	InteractionModelRevision = 12[0m
[0;34m[1784655354.110] [7869:7871] [DMG] },[0m
[0;32m[1784655354.110] [7869:7871] [DMG] Received Command Response Status for Endpoint=0 Cluster=0x0000_0038 Command=0x0000_0000 Status=0x1[0m
[0;32m[1784655354.110] [7869:7871] [CTL] Successfully finished commissioning step 'ConfigureUTCTime'[0m
[0;32m[1784655354.110] [7869:7871] [CTL] Commissioning stage next step: 'ConfigureUTCTime' -> 'SendPAICertificateRequest'[0m
[0;32m[1784655354.110] [7869:7871] [CTL] Performing next commissioning step 'SendPAICertificateRequest'[0m
[0;34m[1784655354.110] [7869:7871] [TOO] Starting commissioning stage 'SendPAICertificateRequest'[0m
[0;32m[1784655354.110] [7869:7871] [CTL] Sending request for PAI certificate[0m
[0;34m[1784655354.110] [7869:7871] [CTL] Sending Certificate Chain request to 0x7bbb08033e20 device[0m
[0;34m[1784655354.110] [7869:7871] [DMG] ICR moving to [AddingComm][0m
[0;34m[1784655354.110] [7869:7871] [DMG] ICR moving to [AddedComma][0m
[0;32m[1784655354.110] [7869:7871] [EM] <<< [E:38833i S:45431 M:227152853] (S) Msg TX from 0000000000000000 to 0:FFFFFFFB00000000 [0000] [UDP:[fe80::bfe:a203:38f0:bce7%enp0s3]:5540] --- Type 0001:08 (IM:InvokeCommandRequest) (B:62)[0m
[0;32m[1784655354.110] [7869:7871] [EM] ??1 [E:38833i S:45431 M:227152853] (S) Msg Retransmission to 0:FFFFFFFB00000000 scheduled for 388ms from now [State:Active II:500 AI:300 AT:4000][0m
[0;34m[1784655354.110] [7869:7871] [DMG] ICR moving to [AwaitingRe][0m
[0;34m[1784655354.110] [7869:7871] [DMG] ICR moving to [AwaitingDe][0m
[0;32m[1784655354.110] [7869:7871] [EM] <<< [E:38832i S:45431 M:227152854 (Ack:12248940)] (S) Msg TX from 0000000000000000 to 0:FFFFFFFB00000000 [0000] [UDP:[fe80::bfe:a203:38f0:bce7%enp0s3]:5540] --- Type 0000:10 (SecureChannel:StandaloneAck) (B:34)[0m
[0;34m[1784655354.110] [7869:7871] [EM] Flushed pending ack for MessageCounter:12248940 on exchange 38832i[0m
[0;32m[1784655354.110] [7869:7871] [EM] >>> [E:38833i S:45431 M:12248941 (Ack:227152853)] (S) Msg RX from 0:FFFFFFFB00000000 [0000] to 0000000000000000 --- Type 0001:09 (IM:InvokeCommandResponse) (B:531)[0m
[0;34m[1784655354.110] [7869:7871] [EM] Found matching exchange: 38833i, Delegate: 0x7bbb08035058[0m
[0;34m[1784655354.110] [7869:7871] [EM] Rxd Ack; Removing MessageCounter:227152853 from Retrans Table on exchange 38833i[0m
[0;34m[1784655354.110] [7869:7871] [DMG] ICR moving to [ResponseRe][0m
[0;34m[1784655354.110] [7869:7871] [DMG] InvokeResponseMessage =[0m
[0;34m[1784655354.110] [7869:7871] [DMG] {[0m
[0;34m[1784655354.110] [7869:7871] [DMG] 	suppressResponse = false, [0m
[0;34m[1784655354.110] [7869:7871] [DMG] 	InvokeResponseIBs =[0m
[0;34m[1784655354.110] [7869:7871] [DMG] 	[[0m
[0;34m[1784655354.110] [7869:7871] [DMG] 		InvokeResponseIB =[0m
[0;34m[1784655354.110] [7869:7871] [DMG] 		{[0m
[0;34m[1784655354.110] [7869:7871] [DMG] 			CommandDataIB =[0m
[0;34m[1784655354.110] [7869:7871] [DMG] 			{[0m
[0;34m[1784655354.110] [7869:7871] [DMG] 				CommandPathIB =[0m
[0;34m[1784655354.110] [7869:7871] [DMG] 				{[0m
[0;34m[1784655354.110] [7869:7871] [DMG] 					EndpointId = 0x0,[0m
[0;34m[1784655354.110] [7869:7871] [DMG] 					ClusterId = 0x3e,[0m
[0;34m[1784655354.110] [7869:7871] [DMG] 					CommandId = 0x3,[0m
[0;34m[1784655354.110] [7869:7871] [DMG] 				},[0m
[0;34m[1784655354.110] [7869:7871] [DMG] 				[0m
[0;34m[1784655354.110] [7869:7871] [DMG] 				CommandFields = [0m
[0;34m[1784655354.110] [7869:7871] [DMG] 				{[0m
[0;34m[1784655354.110] [7869:7871] [DMG] 					0x0 = [[0m
[0;34m[1784655354.110] [7869:7871] [DMG] 							0x30, 0x82, 0x01, 0xcb, 0x30, 0x82, 0x01, 0x71, 0xa0, 0x03, 0x02, 0x01, 0x02, 0x02, 0x08, 0x56, 0xad, 0x82, 0x22, 0xad, 0x94, 0x5b, 0x64, 0x30, 0x0a, 0x06, 0x08, 0x2a, 0x86, 0x48, 0xce, 0x3d, 0x04, 0x03, 0x02, 0x30, 0x30, 0x31, 0x18, 0x30, 0x16, 0x06, 0x03, 0x55, 0x04, 0x03, 0x0c, 0x0f, 0x4d, 0x61, 0x74, 0x74, 0x65, 0x72, 0x20, 0x54, 0x65, 0x73, 0x74, 0x20, 0x50, 0x41, 0x41, 0x31, 0x14, 0x30, 0x12, 0x06, 0x0a, 0x2b, 0x06, 0x01, 0x04, 0x01, 0x82, 0xa2, 0x7c, 0x02, 0x01, 0x0c, 0x04, 0x46, 0x46, 0x46, 0x31, 0x30, 0x20, 0x17, 0x0d, 0x32, 0x32, 0x30, 0x32, 0x30, 0x35, 0x30, 0x30, 0x30, 0x30, 0x30, 0x30, 0x5a, 0x18, 0x0f, 0x39, 0x39, 0x39, 0x39, 0x31, 0x32, 0x33, 0x31, 0x32, 0x33, 0x35, 0x39, 0x35, 0x39, 0x5a, 0x30, 0x3d, 0x31, 0x25, 0x30, 0x23, 0x06, 0x03, 0x55, 0x04, 0x03, 0x0c, 0x1c, 0x4d, 0x61, 0x74, 0x74, 0x65, 0x72, 0x20, 0x44, 0x65, 0x76, 0x20, 0x50, 0x41, 0x49, 0x20, 0x30, 0x78, 0x46, 0x46, 0x46, 0x31, 0x20, 0x6e, 0x6f, 0x20, 0x50, 0x49, 0x44, 0x31, 0x14, 0x30, 0x12, 0x06, 0x0a, 0x2b, 0x06, 0x01, 0x04, 0x01, 0x82, 0xa2, 0x7c, 0x02, 0x01, 0x0c, 0x04, 0x46, 0x46, 0x46, 0x31, 0x30, 0x59, 0x30, 0x13, 0x06, 0x07, 0x2a, 0x86, 0x48, 0xce, 0x3d, 0x02, 0x01, 0x06, 0x08, 0x2a, 0x86, 0x48, 0xce, 0x3d, 0x03, 0x01, 0x07, 0x03, 0x42, 0x00, 0x04, 0x41, 0x9a, 0x93, 0x15, 0xc2, 0x17, 0x3e, 0x0c, 0x8c, 0x87, 0x6d, 0x03, 0xcc, 0xfc, 0x94, 0x48, 0x52, 0x64, 0x7f, 0x7f, 0xec, 0x5e, 0x50, 0x82, 0xf4, 0x05, 0x99, 0x28, 0xec, 0xa8, 0x94, 0xc5, 0x94, 0x15, 0x13, 0x09, 0xac, 0x63, 0x1e, 0x4c, 0xb0, 0x33, 0x92, 0xaf, 0x68, 0x4b, 0x0b, 0xaf, 0xb7, 0xe6, 0x5b, 0x3b, 0x81, 0x62, 0xc2, 0xf5, 0x2b, 0xf9, 0x31, 0xb8, 0xe7, 0x7a, 0xaa, 0x82, 0xa3, 0x66, 0x30, 0x64, 0x30, 0x12, 0x06, 0x03, 0x55, 0x1d, 0x[0m
[0;34m[1784655354.110] [7869:7871] [DMG] 					] (463 bytes)[0m
[0;34m[1784655354.110] [7869:7871] [DMG] 				},[0m
[0;34m[1784655354.110] [7869:7871] [DMG] 			},[0m
[0;34m[1784655354.110] [7869:7871] [DMG] 			[0m
[0;34m[1784655354.110] [7869:7871] [DMG] 		},[0m
[0;34m[1784655354.110] [7869:7871] [DMG] 		[0m
[0;34m[1784655354.110] [7869:7871] [DMG] 	],[0m
[0;34m[1784655354.110] [7869:7871] [DMG] 	[0m
[0;34m[1784655354.110] [7869:7871] [DMG] 	InteractionModelRevision = 12[0m
[0;34m[1784655354.110] [7869:7871] [DMG] },[0m
[0;32m[1784655354.110] [7869:7871] [DMG] Received Command Response Data, Endpoint=0 Cluster=0x0000_003E Command=0x0000_0003[0m
[0;32m[1784655354.110] [7869:7871] [CTL] Received certificate chain from the device[0m
[0;32m[1784655354.110] [7869:7871] [CTL] Successfully finished commissioning step 'SendPAICertificateRequest'[0m
[0;32m[1784655354.110] [7869:7871] [CTL] Commissioning stage next step: 'SendPAICertificateRequest' -> 'SendDACCertificateRequest'[0m
[0;32m[1784655354.110] [7869:7871] [CTL] Performing next commissioning step 'SendDACCertificateRequest'[0m
[0;34m[1784655354.110] [7869:7871] [TOO] Starting commissioning stage 'SendDACCertificateRequest'[0m
[0;32m[1784655354.110] [7869:7871] [CTL] Sending request for DAC certificate[0m
[0;34m[1784655354.110] [7869:7871] [CTL] Sending Certificate Chain request to 0x7bbb08033e20 device[0m
[0;34m[1784655354.110] [7869:7871] [DMG] ICR moving to [AddingComm][0m
[0;34m[1784655354.110] [7869:7871] [DMG] ICR moving to [AddedComma][0m
[0;32m[1784655354.110] [7869:7871] [EM] <<< [E:38834i S:45431 M:227152855] (S) Msg TX from 0000000000000000 to 0:FFFFFFFB00000000 [0000] [UDP:[fe80::bfe:a203:38f0:bce7%enp0s3]:5540] --- Type 0001:08 (IM:InvokeCommandRequest) (B:62)[0m
[0;32m[1784655354.110] [7869:7871] [EM] ??1 [E:38834i S:45431 M:227152855] (S) Msg Retransmission to 0:FFFFFFFB00000000 scheduled for 394ms from now [State:Active II:500 AI:300 AT:4000][0m
[0;34m[1784655354.110] [7869:7871] [DMG] ICR moving to [AwaitingRe][0m
[0;34m[1784655354.110] [7869:7871] [DMG] ICR moving to [AwaitingDe][0m
[0;32m[1784655354.110] [7869:7871] [EM] <<< [E:38833i S:45431 M:227152856 (Ack:12248941)] (S) Msg TX from 0000000000000000 to 0:FFFFFFFB00000000 [0000] [UDP:[fe80::bfe:a203:38f0:bce7%enp0s3]:5540] --- Type 0000:10 (SecureChannel:StandaloneAck) (B:34)[0m
[0;34m[1784655354.111] [7869:7871] [EM] Flushed pending ack for MessageCounter:12248941 on exchange 38833i[0m
[0;32m[1784655354.111] [7869:7871] [EM] >>> [E:38834i S:45431 M:12248942 (Ack:227152855)] (S) Msg RX from 0:FFFFFFFB00000000 [0000] to 0000000000000000 --- Type 0001:09 (IM:InvokeCommandResponse) (B:559)[0m
[0;34m[1784655354.111] [7869:7871] [EM] Found matching exchange: 38834i, Delegate: 0x7bbb080382d8[0m
[0;34m[1784655354.111] [7869:7871] [EM] Rxd Ack; Removing MessageCounter:227152855 from Retrans Table on exchange 38834i[0m
[0;34m[1784655354.111] [7869:7871] [DMG] ICR moving to [ResponseRe][0m
[0;34m[1784655354.111] [7869:7871] [DMG] InvokeResponseMessage =[0m
[0;34m[1784655354.111] [7869:7871] [DMG] {[0m
[0;34m[1784655354.111] [7869:7871] [DMG] 	suppressResponse = false, [0m
[0;34m[1784655354.111] [7869:7871] [DMG] 	InvokeResponseIBs =[0m
[0;34m[1784655354.111] [7869:7871] [DMG] 	[[0m
[0;34m[1784655354.111] [7869:7871] [DMG] 		InvokeResponseIB =[0m
[0;34m[1784655354.111] [7869:7871] [DMG] 		{[0m
[0;34m[1784655354.111] [7869:7871] [DMG] 			CommandDataIB =[0m
[0;34m[1784655354.111] [7869:7871] [DMG] 			{[0m
[0;34m[1784655354.111] [7869:7871] [DMG] 				CommandPathIB =[0m
[0;34m[1784655354.111] [7869:7871] [DMG] 				{[0m
[0;34m[1784655354.111] [7869:7871] [DMG] 					EndpointId = 0x0,[0m
[0;34m[1784655354.111] [7869:7871] [DMG] 					ClusterId = 0x3e,[0m
[0;34m[1784655354.111] [7869:7871] [DMG] 					CommandId = 0x3,[0m
[0;34m[1784655354.111] [7869:7871] [DMG] 				},[0m
[0;34m[1784655354.111] [7869:7871] [DMG] 				[0m
[0;34m[1784655354.111] [7869:7871] [DMG] 				CommandFields = [0m
[0;34m[1784655354.111] [7869:7871] [DMG] 				{[0m
[0;34m[1784655354.111] [7869:7871] [DMG] 					0x0 = [[0m
[0;34m[1784655354.111] [7869:7871] [DMG] 							0x30, 0x82, 0x01, 0xe7, 0x30, 0x82, 0x01, 0x8e, 0xa0, 0x03, 0x02, 0x01, 0x02, 0x02, 0x08, 0x69, 0xcd, 0xf1, 0x0d, 0xe9, 0xe5, 0x4e, 0xd1, 0x30, 0x0a, 0x06, 0x08, 0x2a, 0x86, 0x48, 0xce, 0x3d, 0x04, 0x03, 0x02, 0x30, 0x3d, 0x31, 0x25, 0x30, 0x23, 0x06, 0x03, 0x55, 0x04, 0x03, 0x0c, 0x1c, 0x4d, 0x61, 0x74, 0x74, 0x65, 0x72, 0x20, 0x44, 0x65, 0x76, 0x20, 0x50, 0x41, 0x49, 0x20, 0x30, 0x78, 0x46, 0x46, 0x46, 0x31, 0x20, 0x6e, 0x6f, 0x20, 0x50, 0x49, 0x44, 0x31, 0x14, 0x30, 0x12, 0x06, 0x0a, 0x2b, 0x06, 0x01, 0x04, 0x01, 0x82, 0xa2, 0x7c, 0x02, 0x01, 0x0c, 0x04, 0x46, 0x46, 0x46, 0x31, 0x30, 0x20, 0x17, 0x0d, 0x32, 0x32, 0x30, 0x32, 0x30, 0x35, 0x30, 0x30, 0x30, 0x30, 0x30, 0x30, 0x5a, 0x18, 0x0f, 0x39, 0x39, 0x39, 0x39, 0x31, 0x32, 0x33, 0x31, 0x32, 0x33, 0x35, 0x39, 0x35, 0x39, 0x5a, 0x30, 0x53, 0x31, 0x25, 0x30, 0x23, 0x06, 0x03, 0x55, 0x04, 0x03, 0x0c, 0x1c, 0x4d, 0x61, 0x74, 0x74, 0x65, 0x72, 0x20, 0x44, 0x65, 0x76, 0x20, 0x44, 0x41, 0x43, 0x20, 0x30, 0x78, 0x46, 0x46, 0x46, 0x31, 0x2f, 0x30, 0x78, 0x38, 0x30, 0x30, 0x31, 0x31, 0x14, 0x30, 0x12, 0x06, 0x0a, 0x2b, 0x06, 0x01, 0x04, 0x01, 0x82, 0xa2, 0x7c, 0x02, 0x01, 0x0c, 0x04, 0x46, 0x46, 0x46, 0x31, 0x31, 0x14, 0x30, 0x12, 0x06, 0x0a, 0x2b, 0x06, 0x01, 0x04, 0x01, 0x82, 0xa2, 0x7c, 0x02, 0x02, 0x0c, 0x04, 0x38, 0x30, 0x30, 0x31, 0x30, 0x59, 0x30, 0x13, 0x06, 0x07, 0x2a, 0x86, 0x48, 0xce, 0x3d, 0x02, 0x01, 0x06, 0x08, 0x2a, 0x86, 0x48, 0xce, 0x3d, 0x03, 0x01, 0x07, 0x03, 0x42, 0x00, 0x04, 0x46, 0x3a, 0xc6, 0x93, 0x42, 0x91, 0x0a, 0x0e, 0x55, 0x88, 0xfc, 0x6f, 0xf5, 0x6b, 0xb6, 0x3e, 0x62, 0xec, 0xce, 0xcb, 0x14, 0x8f, 0x7d, 0x4e, 0xb0, 0x3e, 0xe5, 0x52, 0x60, 0x14, 0x15, 0x76, 0x7d, 0x16, 0xa5, 0xc6, 0x63, 0xf7, 0x93, 0x[0m
[0;34m[1784655354.111] [7869:7871] [DMG] 					] (491 bytes)[0m
[0;34m[1784655354.111] [7869:7871] [DMG] 				},[0m
[0;34m[1784655354.111] [7869:7871] [DMG] 			},[0m
[0;34m[1784655354.111] [7869:7871] [DMG] 			[0m
[0;34m[1784655354.111] [7869:7871] [DMG] 		},[0m
[0;34m[1784655354.111] [7869:7871] [DMG] 		[0m
[0;34m[1784655354.111] [7869:7871] [DMG] 	],[0m
[0;34m[1784655354.111] [7869:7871] [DMG] 	[0m
[0;34m[1784655354.111] [7869:7871] [DMG] 	InteractionModelRevision = 12[0m
[0;34m[1784655354.111] [7869:7871] [DMG] },[0m
[0;32m[1784655354.111] [7869:7871] [DMG] Received Command Response Data, Endpoint=0 Cluster=0x0000_003E Command=0x0000_0003[0m
[0;32m[1784655354.111] [7869:7871] [CTL] Received certificate chain from the device[0m
[0;32m[1784655354.111] [7869:7871] [CTL] Successfully finished commissioning step 'SendDACCertificateRequest'[0m
[0;32m[1784655354.111] [7869:7871] [CTL] Commissioning stage next step: 'SendDACCertificateRequest' -> 'SendAttestationRequest'[0m
[0;32m[1784655354.111] [7869:7871] [CTL] Performing next commissioning step 'SendAttestationRequest'[0m
[0;34m[1784655354.111] [7869:7871] [TOO] Starting commissioning stage 'SendAttestationRequest'[0m
[0;32m[1784655354.111] [7869:7871] [CTL] Sending Attestation Request to the device.[0m
[0;34m[1784655354.111] [7869:7871] [CTL] Sending Attestation request to 0x7bbb08033e20 device[0m
[0;34m[1784655354.111] [7869:7871] [DMG] ICR moving to [AddingComm][0m
[0;34m[1784655354.111] [7869:7871] [DMG] ICR moving to [AddedComma][0m
[0;32m[1784655354.111] [7869:7871] [EM] <<< [E:38835i S:45431 M:227152857] (S) Msg TX from 0000000000000000 to 0:FFFFFFFB00000000 [0000] [UDP:[fe80::bfe:a203:38f0:bce7%enp0s3]:5540] --- Type 0001:08 (IM:InvokeCommandRequest) (B:94)[0m
[0;32m[1784655354.111] [7869:7871] [EM] ??1 [E:38835i S:45431 M:227152857] (S) Msg Retransmission to 0:FFFFFFFB00000000 scheduled for 361ms from now [State:Active II:500 AI:300 AT:4000][0m
[0;34m[1784655354.111] [7869:7871] [DMG] ICR moving to [AwaitingRe][0m
[0;34m[1784655354.111] [7869:7871] [CTL] Sent Attestation request, waiting for the Attestation Information[0m
[0;34m[1784655354.111] [7869:7871] [DMG] ICR moving to [AwaitingDe][0m
[0;32m[1784655354.111] [7869:7871] [EM] <<< [E:38834i S:45431 M:227152858 (Ack:12248942)] (S) Msg TX from 0000000000000000 to 0:FFFFFFFB00000000 [0000] [UDP:[fe80::bfe:a203:38f0:bce7%enp0s3]:5540] --- Type 0000:10 (SecureChannel:StandaloneAck) (B:34)[0m
[0;34m[1784655354.111] [7869:7871] [EM] Flushed pending ack for MessageCounter:12248942 on exchange 38834i[0m
[0;32m[1784655354.111] [7869:7871] [EM] >>> [E:38835i S:45431 M:12248943 (Ack:227152857)] (S) Msg RX from 0:FFFFFFFB00000000 [0000] to 0000000000000000 --- Type 0001:09 (IM:InvokeCommandResponse) (B:718)[0m
[0;34m[1784655354.111] [7869:7871] [EM] Found matching exchange: 38835i, Delegate: 0x7bbb08035058[0m
[0;34m[1784655354.111] [7869:7871] [EM] Rxd Ack; Removing MessageCounter:227152857 from Retrans Table on exchange 38835i[0m
[0;34m[1784655354.111] [7869:7871] [DMG] ICR moving to [ResponseRe][0m
[0;34m[1784655354.111] [7869:7871] [DMG] InvokeResponseMessage =[0m
[0;34m[1784655354.111] [7869:7871] [DMG] {[0m
[0;34m[1784655354.111] [7869:7871] [DMG] 	suppressResponse = false, [0m
[0;34m[1784655354.111] [7869:7871] [DMG] 	InvokeResponseIBs =[0m
[0;34m[1784655354.111] [7869:7871] [DMG] 	[[0m
[0;34m[1784655354.111] [7869:7871] [DMG] 		InvokeResponseIB =[0m
[0;34m[1784655354.111] [7869:7871] [DMG] 		{[0m
[0;34m[1784655354.111] [7869:7871] [DMG] 			CommandDataIB =[0m
[0;34m[1784655354.111] [7869:7871] [DMG] 			{[0m
[0;34m[1784655354.111] [7869:7871] [DMG] 				CommandPathIB =[0m
[0;34m[1784655354.111] [7869:7871] [DMG] 				{[0m
[0;34m[1784655354.111] [7869:7871] [DMG] 					EndpointId = 0x0,[0m
[0;34m[1784655354.111] [7869:7871] [DMG] 					ClusterId = 0x3e,[0m
[0;34m[1784655354.111] [7869:7871] [DMG] 					CommandId = 0x1,[0m
[0;34m[1784655354.111] [7869:7871] [DMG] 				},[0m
[0;34m[1784655354.111] [7869:7871] [DMG] 				[0m
[0;34m[1784655354.111] [7869:7871] [DMG] 				CommandFields = [0m
[0;34m[1784655354.111] [7869:7871] [DMG] 				{[0m
[0;34m[1784655354.111] [7869:7871] [DMG] 					0x0 = [[0m
[0;34m[1784655354.111] [7869:7871] [DMG] 							0x15, 0x31, 0x01, 0x1b, 0x02, 0x30, 0x82, 0x02, 0x17, 0x06, 0x09, 0x2a, 0x86, 0x48, 0x86, 0xf7, 0x0d, 0x01, 0x07, 0x02, 0xa0, 0x82, 0x02, 0x08, 0x30, 0x82, 0x02, 0x04, 0x02, 0x01, 0x03, 0x31, 0x0d, 0x30, 0x0b, 0x06, 0x09, 0x60, 0x86, 0x48, 0x01, 0x65, 0x03, 0x04, 0x02, 0x01, 0x30, 0x82, 0x01, 0x70, 0x06, 0x09, 0x2a, 0x86, 0x48, 0x86, 0xf7, 0x0d, 0x01, 0x07, 0x01, 0xa0, 0x82, 0x01, 0x61, 0x04, 0x82, 0x01, 0x5d, 0x15, 0x24, 0x00, 0x01, 0x25, 0x01, 0xf1, 0xff, 0x36, 0x02, 0x05, 0x00, 0x80, 0x05, 0x01, 0x80, 0x05, 0x02, 0x80, 0x05, 0x03, 0x80, 0x05, 0x04, 0x80, 0x05, 0x05, 0x80, 0x05, 0x06, 0x80, 0x05, 0x07, 0x80, 0x05, 0x08, 0x80, 0x05, 0x09, 0x80, 0x05, 0x0a, 0x80, 0x05, 0x0b, 0x80, 0x05, 0x0c, 0x80, 0x05, 0x0d, 0x80, 0x05, 0x0e, 0x80, 0x05, 0x0f, 0x80, 0x05, 0x10, 0x80, 0x05, 0x11, 0x80, 0x05, 0x12, 0x80, 0x05, 0x13, 0x80, 0x05, 0x14, 0x80, 0x05, 0x15, 0x80, 0x05, 0x16, 0x80, 0x05, 0x17, 0x80, 0x05, 0x18, 0x80, 0x05, 0x19, 0x80, 0x05, 0x1a, 0x80, 0x05, 0x1b, 0x80, 0x05, 0x1c, 0x80, 0x05, 0x1d, 0x80, 0x05, 0x1e, 0x80, 0x05, 0x1f, 0x80, 0x05, 0x20, 0x80, 0x05, 0x21, 0x80, 0x05, 0x22, 0x80, 0x05, 0x23, 0x80, 0x05, 0x24, 0x80, 0x05, 0x25, 0x80, 0x05, 0x26, 0x80, 0x05, 0x27, 0x80, 0x05, 0x28, 0x80, 0x05, 0x29, 0x80, 0x05, 0x2a, 0x80, 0x05, 0x2b, 0x80, 0x05, 0x2c, 0x80, 0x05, 0x2d, 0x80, 0x05, 0x2e, 0x80, 0x05, 0x2f, 0x80, 0x05, 0x30, 0x80, 0x05, 0x31, 0x80, 0x05, 0x32, 0x80, 0x05, 0x33, 0x80, 0x05, 0x34, 0x80, 0x05, 0x35, 0x80, 0x05, 0x36, 0x80, 0x05, 0x37, 0x80, 0x05, 0x38, 0x80, 0x05, 0x39, 0x80, 0x05, 0x3a, 0x80, 0x05, 0x3b, 0x80, 0x05, 0x3c, 0x80, 0x05, 0x3d, 0x80, 0x05, 0x3e, 0x80, 0x05, 0x3f, 0x80, 0x05, 0x40, 0x80, 0x05, 0x41, 0x80, 0x05, 0x42, 0x80, 0x05, 0x43, 0x80, 0x[0m
[0;34m[1784655354.111] [7869:7871] [DMG] 					] (583 bytes)[0m
[0;34m[1784655354.111] [7869:7871] [DMG] 					0x1 = [[0m
[0;34m[1784655354.111] [7869:7871] [DMG] 							0x34, 0xd9, 0xdd, 0x4b, 0xdb, 0x7f, 0x6c, 0xc6, 0x4e, 0x66, 0x8d, 0x03, 0x1c, 0x27, 0x6e, 0xf5, 0x1c, 0x80, 0xf9, 0xfc, 0xd6, 0x59, 0xda, 0x0a, 0x1f, 0x1b, 0x2f, 0x38, 0x44, 0x60, 0x70, 0x53, 0x21, 0x00, 0x20, 0xa3, 0xb4, 0xf1, 0x19, 0xb1, 0xe2, 0x77, 0x21, 0x68, 0x38, 0x03, 0x62, 0xa2, 0x5a, 0x17, 0x01, 0xa8, 0xc7, 0x84, 0x66, 0x3b, 0xed, 0xe6, 0x17, 0xa1, 0x2d, 0xcc, 0xae, 0x05, [0m
[0;34m[1784655354.111] [7869:7871] [DMG] 					] (64 bytes)[0m
[0;34m[1784655354.111] [7869:7871] [DMG] 				},[0m
[0;34m[1784655354.111] [7869:7871] [DMG] 			},[0m
[0;34m[1784655354.111] [7869:7871] [DMG] 			[0m
[0;34m[1784655354.111] [7869:7871] [DMG] 		},[0m
[0;34m[1784655354.111] [7869:7871] [DMG] 		[0m
[0;34m[1784655354.111] [7869:7871] [DMG] 	],[0m
[0;34m[1784655354.111] [7869:7871] [DMG] 	[0m
[0;34m[1784655354.111] [7869:7871] [DMG] 	InteractionModelRevision = 12[0m
[0;34m[1784655354.111] [7869:7871] [DMG] },[0m
[0;32m[1784655354.111] [7869:7871] [DMG] Received Command Response Data, Endpoint=0 Cluster=0x0000_003E Command=0x0000_0001[0m
[0;32m[1784655354.111] [7869:7871] [CTL] Received Attestation Information from the device[0m
[0;32m[1784655354.111] [7869:7871] [CTL] Successfully finished commissioning step 'SendAttestationRequest'[0m
[0;34m[1784655354.111] [7869:7871] [CTL] AutoCommissioner setting attestationElements buffer size 583/583[0m
[0;32m[1784655354.111] [7869:7871] [CTL] Commissioning stage next step: 'SendAttestationRequest' -> 'AttestationVerification'[0m
[0;32m[1784655354.111] [7869:7871] [CTL] Performing next commissioning step 'AttestationVerification'[0m
[0;34m[1784655354.111] [7869:7871] [TOO] Starting commissioning stage 'AttestationVerification'[0m
[0;32m[1784655354.111] [7869:7871] [CTL] Verifying Device Attestation information received from the device[0m
[0;32m[1784655354.114] [7869:7871] [-] Device candidate DAC chain details:[0m
[0;32m[1784655354.114] [7869:7871] [-] --> DAC's VID: 0xFFF1, PID: 0x8001[0m
[0;32m[1784655354.114] [7869:7871] [-] ==== DAC certificate considered (491 bytes) ====[0m
[0;32m[1784655354.114] [7869:7871] [-] -----BEGIN CERTIFICATE-----[0m
[0;32m[1784655354.114] [7869:7871] [-] MIIB5zCCAY6gAwIBAgIIac3xDenlTtEwCgYIKoZIzj0EAwIwPTElMCMGA1UEAwwc[0m
[0;32m[1784655354.114] [7869:7871] [-] TWF0dGVyIERldiBQQUkgMHhGRkYxIG5vIFBJRDEUMBIGCisGAQQBgqJ8AgEMBEZG[0m
[0;32m[1784655354.114] [7869:7871] [-] RjEwIBcNMjIwMjA1MDAwMDAwWhgPOTk5OTEyMzEyMzU5NTlaMFMxJTAjBgNVBAMM[0m
[0;32m[1784655354.114] [7869:7871] [-] HE1hdHRlciBEZXYgREFDIDB4RkZGMS8weDgwMDExFDASBgorBgEEAYKifAIBDARG[0m
[0;32m[1784655354.114] [7869:7871] [-] RkYxMRQwEgYKKwYBBAGConwCAgwEODAwMTBZMBMGByqGSM49AgEGCCqGSM49AwEH[0m
[0;32m[1784655354.114] [7869:7871] [-] A0IABEY6xpNCkQoOVYj8b/Vrtj5i7M7LFI99TrA+5VJgFBV2fRalxmP3k+SRIyYL[0m
[0;32m[1784655354.114] [7869:7871] [-] gpenzX58/HsxaznZjpDSk3dzjoKjYDBeMAwGA1UdEwEB/wQCMAAwDgYDVR0PAQH/[0m
[0;32m[1784655354.114] [7869:7871] [-] BAQDAgeAMB0GA1UdDgQWBBSI3eezADgpMs/3NMBGJIEPRBaKbzAfBgNVHSMEGDAW[0m
[0;32m[1784655354.114] [7869:7871] [-] gBRjVA5H9kscONE4hKRi0WwZXY/7PDAKBggqhkjOPQQDAgNHADBEAiABJ6J7S0Rh[0m
[0;32m[1784655354.114] [7869:7871] [-] DuL83E0reIVWNmC8D3bxchntagjfsrPBzQIga1ngr0Xz6yqFuRnTVzFSjGAoxBUj[0m
[0;32m[1784655354.114] [7869:7871] [-] lUXhCOTlTnCXE1M=[0m
[0;32m[1784655354.114] [7869:7871] [-] -----END CERTIFICATE-----[0m
[0;32m[1784655354.114] [7869:7871] [-] --> DAC certificate SKID: 88:DD:E7:B3:00:38:29:32:CF:F7:34:C0:46:24:81:0F:44:16:8A:6F[0m
[0;32m[1784655354.114] [7869:7871] [-] --> DAC certificate AKID: 63:54:0E:47:F6:4B:1C:38:D1:38:84:A4:62:D1:6C:19:5D:8F:FB:3C[0m
[0;32m[1784655354.114] [7869:7871] [-] ==== PAI certificate considered (463 bytes) ====[0m
[0;32m[1784655354.114] [7869:7871] [-] -----BEGIN CERTIFICATE-----[0m
[0;32m[1784655354.114] [7869:7871] [-] MIIByzCCAXGgAwIBAgIIVq2CIq2UW2QwCgYIKoZIzj0EAwIwMDEYMBYGA1UEAwwP[0m
[0;32m[1784655354.114] [7869:7871] [-] TWF0dGVyIFRlc3QgUEFBMRQwEgYKKwYBBAGConwCAQwERkZGMTAgFw0yMjAyMDUw[0m
[0;32m[1784655354.114] [7869:7871] [-] MDAwMDBaGA85OTk5MTIzMTIzNTk1OVowPTElMCMGA1UEAwwcTWF0dGVyIERldiBQ[0m
[0;32m[1784655354.114] [7869:7871] [-] QUkgMHhGRkYxIG5vIFBJRDEUMBIGCisGAQQBgqJ8AgEMBEZGRjEwWTATBgcqhkjO[0m
[0;32m[1784655354.114] [7869:7871] [-] PQIBBggqhkjOPQMBBwNCAARBmpMVwhc+DIyHbQPM/JRIUmR/f+xeUIL0BZko7KiU[0m
[0;32m[1784655354.114] [7869:7871] [-] xZQVEwmsYx5MsDOSr2hLC6+35ls7gWLC9Sv5MbjneqqCo2YwZDASBgNVHRMBAf8E[0m
[0;32m[1784655354.114] [7869:7871] [-] CDAGAQH/AgEAMA4GA1UdDwEB/wQEAwIBBjAdBgNVHQ4EFgQUY1QOR/ZLHDjROISk[0m
[0;32m[1784655354.114] [7869:7871] [-] YtFsGV2P+zwwHwYDVR0jBBgwFoAUav0idx9RH+y/FkGXZxDc3DGhcX4wCgYIKoZI[0m
[0;32m[1784655354.114] [7869:7871] [-] zj0EAwIDSAAwRQIhALLvJ/Sa6bUPuR7qyUxNC9u415KcbLiPrOUpNo0SBUwMAiBl[0m
[0;32m[1784655354.114] [7869:7871] [-] Xckrhr2QmIKmxiF3uCXX0F7b58Ivn+pxIg5+pwP4kQ==[0m
[0;32m[1784655354.114] [7869:7871] [-] -----END CERTIFICATE-----[0m
[0;32m[1784655354.114] [7869:7871] [-] --> PAI certificate SKID: 63:54:0E:47:F6:4B:1C:38:D1:38:84:A4:62:D1:6C:19:5D:8F:FB:3C[0m
[0;32m[1784655354.115] [7869:7871] [-] --> PAI certificate AKID: 6A:FD:22:77:1F:51:1F:EC:BF:16:41:97:67:10:DC:DC:31:A1:71:7E[0m
[0;32m[1784655354.116] [7869:7871] [-] ==== PAA certificate considered (449 bytes) ====[0m
[0;32m[1784655354.116] [7869:7871] [-] -----BEGIN CERTIFICATE-----[0m
[0;32m[1784655354.116] [7869:7871] [-] MIIBvTCCAWSgAwIBAgIITqjoMYLUHBwwCgYIKoZIzj0EAwIwMDEYMBYGA1UEAwwP[0m
[0;32m[1784655354.116] [7869:7871] [-] TWF0dGVyIFRlc3QgUEFBMRQwEgYKKwYBBAGConwCAQwERkZGMTAgFw0yMTA2Mjgx[0m
[0;32m[1784655354.116] [7869:7871] [-] NDIzNDNaGA85OTk5MTIzMTIzNTk1OVowMDEYMBYGA1UEAwwPTWF0dGVyIFRlc3Qg[0m
[0;32m[1784655354.116] [7869:7871] [-] UEFBMRQwEgYKKwYBBAGConwCAQwERkZGMTBZMBMGByqGSM49AgEGCCqGSM49AwEH[0m
[0;32m[1784655354.116] [7869:7871] [-] A0IABLbLY3KIfyko9brIGqnZOuJDHK2p154kL2UXfvnO2TKijs0Duq9qj8oYShpQ[0m
[0;32m[1784655354.116] [7869:7871] [-] NUKWDUU/MD8fGUIddR6Pjxqam3WjZjBkMBIGA1UdEwEB/wQIMAYBAf8CAQEwDgYD[0m
[0;32m[1784655354.116] [7869:7871] [-] VR0PAQH/BAQDAgEGMB0GA1UdDgQWBBRq/SJ3H1Ef7L8WQZdnENzcMaFxfjAfBgNV[0m
[0;32m[1784655354.116] [7869:7871] [-] HSMEGDAWgBRq/SJ3H1Ef7L8WQZdnENzcMaFxfjAKBggqhkjOPQQDAgNHADBEAiBQ[0m
[0;32m[1784655354.116] [7869:7871] [-] qoAC9NkyqaAFOPZTaK0P/8jvu8m+t9pWmDXPmqdRDgIgI7rI/g8j51RFtlM5CBpH[0m
[0;32m[1784655354.116] [7869:7871] [-] mUkpxyqvChVI1A0DTVFLJd4=[0m
[0;32m[1784655354.116] [7869:7871] [-] -----END CERTIFICATE-----[0m
[0;32m[1784655354.116] [7869:7871] [-] --> PAA certificate SKID: 6A:FD:22:77:1F:51:1F:EC:BF:16:41:97:67:10:DC:DC:31:A1:71:7E[0m
[0;32m[1784655354.116] [7869:7871] [-] --> PAA certificate AKID: 6A:FD:22:77:1F:51:1F:EC:BF:16:41:97:67:10:DC:DC:31:A1:71:7E[0m
[0;32m[1784655354.118] [7869:7871] [-] CD signing key identifier: FE:34:3F:95:99:47:76:3B:61:EE:45:39:13:13:38:49:4F:E6:7D:8E[0m
[0;32m[1784655354.118] [7869:7871] [-] Certification type 0[0m
[0;32m[1784655354.118] [7869:7871] [-] Device certification declaration details:[0m
[0;32m[1784655354.118] [7869:7871] [-] --> VID: 0xFFF1[0m
[0;32m[1784655354.118] [7869:7871] [-] --> Device type ID: 0x0000_0016[0m
[0;32m[1784655354.118] [7869:7871] [-] --> Certification type: 0 (Development and testing)[0m
[0;32m[1784655354.118] [7869:7871] [CTL] Successfully finished commissioning step 'AttestationVerification'[0m
[0;32m[1784655354.118] [7869:7871] [CTL] Commissioning stage next step: 'AttestationVerification' -> 'AttestationRevocationCheck'[0m
[0;32m[1784655354.118] [7869:7871] [CTL] Performing next commissioning step 'AttestationRevocationCheck'[0m
[0;34m[1784655354.118] [7869:7871] [TOO] Starting commissioning stage 'AttestationRevocationCheck'[0m
[0;32m[1784655354.118] [7869:7871] [CTL] Verifying the device's DAC chain revocation status[0m
[0;32m[1784655354.118] [7869:7871] [-] WARNING: No revocation delegate available. Revocation checks will be skipped![0m
[0;32m[1784655354.118] [7869:7871] [CTL] Successfully validated 'Attestation Information' command received from the device.[0m
[0;32m[1784655354.118] [7869:7871] [CTL] Successfully finished commissioning step 'AttestationRevocationCheck'[0m
[0;32m[1784655354.118] [7869:7871] [CTL] Commissioning stage next step: 'AttestationRevocationCheck' -> 'SendOpCertSigningRequest'[0m
[0;32m[1784655354.118] [7869:7871] [CTL] Performing next commissioning step 'SendOpCertSigningRequest'[0m
[0;34m[1784655354.118] [7869:7871] [TOO] Starting commissioning stage 'SendOpCertSigningRequest'[0m
[0;34m[1784655354.118] [7869:7871] [CTL] Sending CSR request to 0x7bbb08033e20 device[0m
[0;34m[1784655354.118] [7869:7871] [DMG] ICR moving to [AddingComm][0m
[0;34m[1784655354.118] [7869:7871] [DMG] ICR moving to [AddedComma][0m
[0;32m[1784655354.118] [7869:7871] [EM] <<< [E:38836i S:45431 M:227152859] (S) Msg TX from 0000000000000000 to 0:FFFFFFFB00000000 [0000] [UDP:[fe80::bfe:a203:38f0:bce7%enp0s3]:5540] --- Type 0001:08 (IM:InvokeCommandRequest) (B:94)[0m
[0;32m[1784655354.118] [7869:7871] [EM] ??1 [E:38836i S:45431 M:227152859] (S) Msg Retransmission to 0:FFFFFFFB00000000 scheduled for 342ms from now [State:Active II:500 AI:300 AT:4000][0m
[0;34m[1784655354.118] [7869:7871] [DMG] ICR moving to [AwaitingRe][0m
[0;34m[1784655354.118] [7869:7871] [CTL] Sent CSR request, waiting for the CSR[0m
[0;34m[1784655354.118] [7869:7871] [DMG] ICR moving to [AwaitingDe][0m
[0;32m[1784655354.118] [7869:7871] [EM] <<< [E:38835i S:45431 M:227152860 (Ack:12248943)] (S) Msg TX from 0000000000000000 to 0:FFFFFFFB00000000 [0000] [UDP:[fe80::bfe:a203:38f0:bce7%enp0s3]:5540] --- Type 0000:10 (SecureChannel:StandaloneAck) (B:34)[0m
[0;34m[1784655354.118] [7869:7871] [EM] Flushed pending ack for MessageCounter:12248943 on exchange 38835i[0m
[0;32m[1784655354.119] [7869:7871] [EM] >>> [E:38836i S:45431 M:12248944 (Ack:227152859)] (S) Msg RX from 0:FFFFFFFB00000000 [0000] to 0000000000000000 --- Type 0001:09 (IM:InvokeCommandResponse) (B:376)[0m
[0;34m[1784655354.119] [7869:7871] [EM] Found matching exchange: 38836i, Delegate: 0x7bbb080382d8[0m
[0;34m[1784655354.119] [7869:7871] [EM] Rxd Ack; Removing MessageCounter:227152859 from Retrans Table on exchange 38836i[0m
[0;34m[1784655354.119] [7869:7871] [DMG] ICR moving to [ResponseRe][0m
[0;34m[1784655354.119] [7869:7871] [DMG] InvokeResponseMessage =[0m
[0;34m[1784655354.119] [7869:7871] [DMG] {[0m
[0;34m[1784655354.119] [7869:7871] [DMG] 	suppressResponse = false, [0m
[0;34m[1784655354.119] [7869:7871] [DMG] 	InvokeResponseIBs =[0m
[0;34m[1784655354.119] [7869:7871] [DMG] 	[[0m
[0;34m[1784655354.119] [7869:7871] [DMG] 		InvokeResponseIB =[0m
[0;34m[1784655354.119] [7869:7871] [DMG] 		{[0m
[0;34m[1784655354.119] [7869:7871] [DMG] 			CommandDataIB =[0m
[0;34m[1784655354.119] [7869:7871] [DMG] 			{[0m
[0;34m[1784655354.119] [7869:7871] [DMG] 				CommandPathIB =[0m
[0;34m[1784655354.119] [7869:7871] [DMG] 				{[0m
[0;34m[1784655354.119] [7869:7871] [DMG] 					EndpointId = 0x0,[0m
[0;34m[1784655354.119] [7869:7871] [DMG] 					ClusterId = 0x3e,[0m
[0;34m[1784655354.119] [7869:7871] [DMG] 					CommandId = 0x5,[0m
[0;34m[1784655354.119] [7869:7871] [DMG] 				},[0m
[0;34m[1784655354.119] [7869:7871] [DMG] 				[0m
[0;34m[1784655354.119] [7869:7871] [DMG] 				CommandFields = [0m
[0;34m[1784655354.119] [7869:7871] [DMG] 				{[0m
[0;34m[1784655354.119] [7869:7871] [DMG] 					0x0 = [[0m
[0;34m[1784655354.119] [7869:7871] [DMG] 							0x15, 0x30, 0x01, 0xca, 0x30, 0x81, 0xc7, 0x30, 0x70, 0x02, 0x01, 0x00, 0x30, 0x0e, 0x31, 0x0c, 0x30, 0x0a, 0x06, 0x03, 0x55, 0x04, 0x0a, 0x0c, 0x03, 0x43, 0x53, 0x52, 0x30, 0x59, 0x30, 0x13, 0x06, 0x07, 0x2a, 0x86, 0x48, 0xce, 0x3d, 0x02, 0x01, 0x06, 0x08, 0x2a, 0x86, 0x48, 0xce, 0x3d, 0x03, 0x01, 0x07, 0x03, 0x42, 0x00, 0x04, 0x08, 0xc0, 0x31, 0xae, 0x0f, 0xa2, 0xf7, 0x81, 0xe5, 0x1f, 0x9d, 0x34, 0x4b, 0x64, 0xdf, 0xe5, 0x1c, 0x59, 0x12, 0x1e, 0x6c, 0x3c, 0xb5, 0x88, 0x66, 0x07, 0x11, 0xc2, 0xd1, 0x72, 0xc7, 0xec, 0x8e, 0xd3, 0x2a, 0xe3, 0xfa, 0x7b, 0xd0, 0x56, 0xb3, 0xe5, 0xfd, 0x48, 0x4f, 0x36, 0x72, 0x24, 0x19, 0xe3, 0x9b, 0x7d, 0x24, 0xa4, 0xf2, 0x4a, 0x46, 0xec, 0xbe, 0x61, 0x30, 0x72, 0xd3, 0x15, 0xa0, 0x00, 0x30, 0x0a, 0x06, 0x08, 0x2a, 0x86, 0x48, 0xce, 0x3d, 0x04, 0x03, 0x02, 0x03, 0x47, 0x00, 0x30, 0x44, 0x02, 0x20, 0x78, 0x62, 0x68, 0xd9, 0x3e, 0x53, 0x32, 0xdc, 0xa8, 0x31, 0x76, 0x06, 0x37, 0xa8, 0x7c, 0xa1, 0xe6, 0x20, 0x83, 0x08, 0x1b, 0x0e, 0x55, 0xf6, 0x24, 0xbb, 0x36, 0x93, 0xe4, 0xcb, 0x0b, 0xfe, 0x02, 0x20, 0x63, 0x05, 0x4c, 0x1a, 0x08, 0x70, 0xfd, 0xe5, 0x25, 0x94, 0xf2, 0x1c, 0x35, 0xfe, 0x86, 0x79, 0xbf, 0xfe, 0x5b, 0x23, 0x28, 0x5b, 0x59, 0x94, 0xe4, 0xaf, 0x3d, 0x00, 0x9e, 0x21, 0x45, 0x91, 0x30, 0x02, 0x20, 0x4c, 0x44, 0x19, 0xc7, 0x72, 0x9e, 0x73, 0x1c, 0x5d, 0x7c, 0xe6, 0xf5, 0x40, 0x4e, 0xd9, 0xe7, 0xae, 0x58, 0x3a, 0xce, 0x78, 0xc5, 0x13, 0x12, 0x6e, 0x0c, 0xba, 0x98, 0x6b, 0x0b, 0xbb, 0x1b, 0x18, [0m
[0;34m[1784655354.119] [7869:7871] [DMG] 					] (242 bytes)[0m
[0;34m[1784655354.119] [7869:7871] [DMG] 					0x1 = [[0m
[0;34m[1784655354.119] [7869:7871] [DMG] 							0x84, 0x12, 0x1e, 0xe1, 0x95, 0xef, 0x69, 0x56, 0xc1, 0x9d, 0x79, 0x43, 0x3c, 0xc5, 0xe4, 0x7a, 0xd8, 0xd3, 0x73, 0x8f, 0x16, 0x65, 0x2b, 0x54, 0x43, 0x57, 0x67, 0x9c, 0x54, 0xb2, 0x36, 0x05, 0x98, 0x05, 0x18, 0xa9, 0x31, 0xd2, 0x50, 0xcb, 0xb0, 0x82, 0xcc, 0x2f, 0xe9, 0xb5, 0xf0, 0x33, 0xb3, 0xcf, 0xcb, 0xa3, 0x5c, 0x1b, 0xdc, 0x5a, 0xb2, 0xa9, 0x14, 0x47, 0x7f, 0x55, 0x2a, 0xe8, [0m
[0;34m[1784655354.119] [7869:7871] [DMG] 					] (64 bytes)[0m
[0;34m[1784655354.119] [7869:7871] [DMG] 				},[0m
[0;34m[1784655354.119] [7869:7871] [DMG] 			},[0m
[0;34m[1784655354.119] [7869:7871] [DMG] 			[0m
[0;34m[1784655354.119] [7869:7871] [DMG] 		},[0m
[0;34m[1784655354.119] [7869:7871] [DMG] 		[0m
[0;34m[1784655354.119] [7869:7871] [DMG] 	],[0m
[0;34m[1784655354.119] [7869:7871] [DMG] 	[0m
[0;34m[1784655354.119] [7869:7871] [DMG] 	InteractionModelRevision = 12[0m
[0;34m[1784655354.119] [7869:7871] [DMG] },[0m
[0;32m[1784655354.119] [7869:7871] [DMG] Received Command Response Data, Endpoint=0 Cluster=0x0000_003E Command=0x0000_0005[0m
[0;32m[1784655354.119] [7869:7871] [CTL] Received certificate signing request from the device[0m
[0;32m[1784655354.119] [7869:7871] [CTL] Successfully finished commissioning step 'SendOpCertSigningRequest'[0m
[0;32m[1784655354.119] [7869:7871] [CTL] Commissioning stage next step: 'SendOpCertSigningRequest' -> 'ValidateCSR'[0m
[0;32m[1784655354.119] [7869:7871] [CTL] Performing next commissioning step 'ValidateCSR'[0m
[0;34m[1784655354.119] [7869:7871] [TOO] Starting commissioning stage 'ValidateCSR'[0m
[0;32m[1784655354.119] [7869:7871] [CTL] Successfully finished commissioning step 'ValidateCSR'[0m
[0;32m[1784655354.119] [7869:7871] [CTL] Commissioning stage next step: 'ValidateCSR' -> 'GenerateNOCChain'[0m
[0;32m[1784655354.119] [7869:7871] [CTL] Performing next commissioning step 'GenerateNOCChain'[0m
[0;34m[1784655354.119] [7869:7871] [TOO] Starting commissioning stage 'GenerateNOCChain'[0m
[0;32m[1784655354.119] [7869:7871] [CTL] Getting certificate chain for the device from the issuer[0m
[0;32m[1784655354.120] [7869:7871] [CTL] Verifying Certificate Signing Request[0m
[0;32m[1784655354.121] [7869:7871] [CTL] Generating NOC[0m
[0;32m[1784655354.121] [7869:7871] [CTL] Providing certificate chain to the commissioner[0m
[0;32m[1784655354.121] [7869:7871] [CTL] Received callback from the CA for NOC Chain generation. Status: Success[0m
[0;32m[1784655354.121] [7869:7871] [CTL] Successfully finished commissioning step 'GenerateNOCChain'[0m
[0;32m[1784655354.121] [7869:7871] [CTL] Performing next commissioning step 'SendTrustedRootCert'[0m
[0;34m[1784655354.121] [7869:7871] [TOO] Starting commissioning stage 'SendTrustedRootCert'[0m
[0;32m[1784655354.121] [7869:7871] [CTL] Sending root certificate to the device[0m
[0;34m[1784655354.121] [7869:7871] [DMG] ICR moving to [AddingComm][0m
[0;34m[1784655354.121] [7869:7871] [DMG] ICR moving to [AddedComma][0m
[0;32m[1784655354.121] [7869:7871] [EM] <<< [E:38837i S:45431 M:227152861] (S) Msg TX from 0000000000000000 to 0:FFFFFFFB00000000 [0000] [UDP:[fe80::bfe:a203:38f0:bce7%enp0s3]:5540] --- Type 0001:08 (IM:InvokeCommandRequest) (B:293)[0m
[0;32m[1784655354.121] [7869:7871] [EM] ??1 [E:38837i S:45431 M:227152861] (S) Msg Retransmission to 0:FFFFFFFB00000000 scheduled for 399ms from now [State:Active II:500 AI:300 AT:4000][0m
[0;34m[1784655354.121] [7869:7871] [DMG] ICR moving to [AwaitingRe][0m
[0;32m[1784655354.121] [7869:7871] [CTL] Sent root certificate to the device[0m
[0;34m[1784655354.121] [7869:7871] [DMG] ICR moving to [AwaitingDe][0m
[0;32m[1784655354.121] [7869:7871] [EM] <<< [E:38836i S:45431 M:227152862 (Ack:12248944)] (S) Msg TX from 0000000000000000 to 0:FFFFFFFB00000000 [0000] [UDP:[fe80::bfe:a203:38f0:bce7%enp0s3]:5540] --- Type 0000:10 (SecureChannel:StandaloneAck) (B:34)[0m
[0;34m[1784655354.121] [7869:7871] [EM] Flushed pending ack for MessageCounter:12248944 on exchange 38836i[0m
[0;32m[1784655354.121] [7869:7871] [EM] >>> [E:38837i S:45431 M:12248945 (Ack:227152861)] (S) Msg RX from 0:FFFFFFFB00000000 [0000] to 0000000000000000 --- Type 0001:09 (IM:InvokeCommandResponse) (B:67)[0m
[0;34m[1784655354.121] [7869:7871] [EM] Found matching exchange: 38837i, Delegate: 0x7bbb08035058[0m
[0;34m[1784655354.121] [7869:7871] [EM] Rxd Ack; Removing MessageCounter:227152861 from Retrans Table on exchange 38837i[0m
[0;34m[1784655354.121] [7869:7871] [DMG] ICR moving to [ResponseRe][0m
[0;34m[1784655354.121] [7869:7871] [DMG] InvokeResponseMessage =[0m
[0;34m[1784655354.121] [7869:7871] [DMG] {[0m
[0;34m[1784655354.121] [7869:7871] [DMG] 	suppressResponse = false, [0m
[0;34m[1784655354.121] [7869:7871] [DMG] 	InvokeResponseIBs =[0m
[0;34m[1784655354.121] [7869:7871] [DMG] 	[[0m
[0;34m[1784655354.121] [7869:7871] [DMG] 		InvokeResponseIB =[0m
[0;34m[1784655354.121] [7869:7871] [DMG] 		{[0m
[0;34m[1784655354.121] [7869:7871] [DMG] 			CommandStatusIB =[0m
[0;34m[1784655354.121] [7869:7871] [DMG] 			{[0m
[0;34m[1784655354.121] [7869:7871] [DMG] 				CommandPathIB =[0m
[0;34m[1784655354.121] [7869:7871] [DMG] 				{[0m
[0;34m[1784655354.121] [7869:7871] [DMG] 					EndpointId = 0x0,[0m
[0;34m[1784655354.121] [7869:7871] [DMG] 					ClusterId = 0x3e,[0m
[0;34m[1784655354.121] [7869:7871] [DMG] 					CommandId = 0xb,[0m
[0;34m[1784655354.121] [7869:7871] [DMG] 				},[0m
[0;34m[1784655354.121] [7869:7871] [DMG] 				[0m
[0;34m[1784655354.121] [7869:7871] [DMG] 				StatusIB =[0m
[0;34m[1784655354.121] [7869:7871] [DMG] 				{[0m
[0;34m[1784655354.121] [7869:7871] [DMG] 					status = 0x00 (SUCCESS),[0m
[0;34m[1784655354.121] [7869:7871] [DMG] 				},[0m
[0;34m[1784655354.121] [7869:7871] [DMG] 				[0m
[0;34m[1784655354.121] [7869:7871] [DMG] 			},[0m
[0;34m[1784655354.121] [7869:7871] [DMG] 			[0m
[0;34m[1784655354.121] [7869:7871] [DMG] 		},[0m
[0;34m[1784655354.121] [7869:7871] [DMG] 		[0m
[0;34m[1784655354.121] [7869:7871] [DMG] 	],[0m
[0;34m[1784655354.121] [7869:7871] [DMG] 	[0m
[0;34m[1784655354.121] [7869:7871] [DMG] 	InteractionModelRevision = 12[0m
[0;34m[1784655354.121] [7869:7871] [DMG] },[0m
[0;32m[1784655354.121] [7869:7871] [DMG] Received Command Response Status for Endpoint=0 Cluster=0x0000_003E Command=0x0000_000B Status=0x0[0m
[0;32m[1784655354.121] [7869:7871] [CTL] Device confirmed that it has received the root certificate[0m
[0;32m[1784655354.121] [7869:7871] [CTL] Successfully finished commissioning step 'SendTrustedRootCert'[0m
[0;32m[1784655354.121] [7869:7871] [CTL] Commissioning stage next step: 'SendTrustedRootCert' -> 'SendNOC'[0m
[0;32m[1784655354.121] [7869:7871] [CTL] Performing next commissioning step 'SendNOC'[0m
[0;34m[1784655354.121] [7869:7871] [TOO] Starting commissioning stage 'SendNOC'[0m
[0;34m[1784655354.121] [7869:7871] [DMG] ICR moving to [AddingComm][0m
[0;34m[1784655354.121] [7869:7871] [DMG] ICR moving to [AddedComma][0m
[0;32m[1784655354.121] [7869:7871] [EM] <<< [E:38838i S:45431 M:227152863] (S) Msg TX from 0000000000000000 to 0:FFFFFFFB00000000 [0000] [UDP:[fe80::bfe:a203:38f0:bce7%enp0s3]:5540] --- Type 0001:08 (IM:InvokeCommandRequest) (B:566)[0m
[0;32m[1784655354.121] [7869:7871] [EM] ??1 [E:38838i S:45431 M:227152863] (S) Msg Retransmission to 0:FFFFFFFB00000000 scheduled for 404ms from now [State:Active II:500 AI:300 AT:4000][0m
[0;34m[1784655354.121] [7869:7871] [DMG] ICR moving to [AwaitingRe][0m
[0;32m[1784655354.121] [7869:7871] [CTL] Sent operational certificate to the device[0m
[0;34m[1784655354.121] [7869:7871] [DMG] ICR moving to [AwaitingDe][0m
[0;32m[1784655354.121] [7869:7871] [EM] <<< [E:38837i S:45431 M:227152864 (Ack:12248945)] (S) Msg TX from 0000000000000000 to 0:FFFFFFFB00000000 [0000] [UDP:[fe80::bfe:a203:38f0:bce7%enp0s3]:5540] --- Type 0000:10 (SecureChannel:StandaloneAck) (B:34)[0m
[0;34m[1784655354.121] [7869:7871] [EM] Flushed pending ack for MessageCounter:12248945 on exchange 38837i[0m
[0;32m[1784655354.132] [7869:7871] [EM] >>> [E:38838i S:45431 M:12248946 (Ack:227152863)] (S) Msg RX from 0:FFFFFFFB00000000 [0000] to 0000000000000000 --- Type 0001:09 (IM:InvokeCommandResponse) (B:70)[0m
[0;34m[1784655354.132] [7869:7871] [EM] Found matching exchange: 38838i, Delegate: 0x7bbb080382d8[0m
[0;34m[1784655354.132] [7869:7871] [EM] Rxd Ack; Removing MessageCounter:227152863 from Retrans Table on exchange 38838i[0m
[0;34m[1784655354.132] [7869:7871] [DMG] ICR moving to [ResponseRe][0m
[0;34m[1784655354.132] [7869:7871] [DMG] InvokeResponseMessage =[0m
[0;34m[1784655354.132] [7869:7871] [DMG] {[0m
[0;34m[1784655354.132] [7869:7871] [DMG] 	suppressResponse = false, [0m
[0;34m[1784655354.132] [7869:7871] [DMG] 	InvokeResponseIBs =[0m
[0;34m[1784655354.132] [7869:7871] [DMG] 	[[0m
[0;34m[1784655354.132] [7869:7871] [DMG] 		InvokeResponseIB =[0m
[0;34m[1784655354.132] [7869:7871] [DMG] 		{[0m
[0;34m[1784655354.132] [7869:7871] [DMG] 			CommandDataIB =[0m
[0;34m[1784655354.132] [7869:7871] [DMG] 			{[0m
[0;34m[1784655354.132] [7869:7871] [DMG] 				CommandPathIB =[0m
[0;34m[1784655354.132] [7869:7871] [DMG] 				{[0m
[0;34m[1784655354.132] [7869:7871] [DMG] 					EndpointId = 0x0,[0m
[0;34m[1784655354.132] [7869:7871] [DMG] 					ClusterId = 0x3e,[0m
[0;34m[1784655354.132] [7869:7871] [DMG] 					CommandId = 0x8,[0m
[0;34m[1784655354.132] [7869:7871] [DMG] 				},[0m
[0;34m[1784655354.132] [7869:7871] [DMG] 				[0m
[0;34m[1784655354.132] [7869:7871] [DMG] 				CommandFields = [0m
[0;34m[1784655354.132] [7869:7871] [DMG] 				{[0m
[0;34m[1784655354.132] [7869:7871] [DMG] 					0x0 = 0 (unsigned), [0m
[0;34m[1784655354.132] [7869:7871] [DMG] 					0x1 = 1 (unsigned), [0m
[0;34m[1784655354.132] [7869:7871] [DMG] 				},[0m
[0;34m[1784655354.132] [7869:7871] [DMG] 			},[0m
[0;34m[1784655354.132] [7869:7871] [DMG] 			[0m
[0;34m[1784655354.132] [7869:7871] [DMG] 		},[0m
[0;34m[1784655354.132] [7869:7871] [DMG] 		[0m
[0;34m[1784655354.132] [7869:7871] [DMG] 	],[0m
[0;34m[1784655354.132] [7869:7871] [DMG] 	[0m
[0;34m[1784655354.132] [7869:7871] [DMG] 	InteractionModelRevision = 12[0m
[0;34m[1784655354.132] [7869:7871] [DMG] },[0m
[0;32m[1784655354.132] [7869:7871] [DMG] Received Command Response Data, Endpoint=0 Cluster=0x0000_003E Command=0x0000_0008[0m
[0;32m[1784655354.132] [7869:7871] [CTL] Device returned status 0 on receiving the NOC[0m
[0;32m[1784655354.132] [7869:7871] [CTL] Operational credentials provisioned on device 0x7bbb08033e20[0m
[0;32m[1784655354.132] [7869:7871] [TOO] Secure Pairing Success[0m
[0;32m[1784655354.132] [7869:7871] [TOO] CASE establishment successful[0m
[0;32m[1784655354.132] [7869:7871] [CTL] Successfully finished commissioning step 'SendNOC'[0m
[0;32m[1784655354.132] [7869:7871] [CTL] Commissioning stage next step: 'SendNOC' -> 'EvictPreviousCaseSessions'[0m
[0;32m[1784655354.132] [7869:7871] [CTL] Performing next commissioning step 'EvictPreviousCaseSessions'[0m
[0;34m[1784655354.132] [7869:7871] [TOO] Starting commissioning stage 'EvictPreviousCaseSessions'[0m
[0;34m[1784655354.132] [7869:7871] [IN] Expiring all sessions for node <0000000000000001, 1>!![0m
[0;32m[1784655354.132] [7869:7871] [CTL] Successfully finished commissioning step 'EvictPreviousCaseSessions'[0m
[0;32m[1784655354.132] [7869:7871] [CTL] Commissioning stage next step: 'EvictPreviousCaseSessions' -> 'FindOperationalForStayActive'[0m
[0;32m[1784655354.132] [7869:7871] [CTL] Performing next commissioning step 'FindOperationalForStayActive'[0m
[0;34m[1784655354.132] [7869:7871] [TOO] Starting commissioning stage 'FindOperationalForStayActive'[0m
[0;34m[1784655354.132] [7869:7871] [CSM] FindOrEstablishSession: PeerId = [1:0000000000000001][0m
[0;34m[1784655354.132] [7869:7871] [CSM] FindOrEstablishSession: No existing OperationalSessionSetup instance found[0m
[0;34m[1784655354.132] [7869:7871] [DIS] OperationalSessionSetup[1:0000000000000001]: State change 1 --> 2[0m
[0;32m[1784655354.132] [7869:7871] [DIS] Lookup started for 7E6C890F74A29053-0000000000000001[0m
[0;34m[1784655354.132] [7869:7871] [DMG] ICR moving to [AwaitingDe][0m
[0;32m[1784655354.132] [7869:7871] [EM] <<< [E:38838i S:45431 M:227152865 (Ack:12248946)] (S) Msg TX from 0000000000000000 to 0:FFFFFFFB00000000 [0000] [UDP:[fe80::bfe:a203:38f0:bce7%enp0s3]:5540] --- Type 0000:10 (SecureChannel:StandaloneAck) (B:34)[0m
[0;34m[1784655354.132] [7869:7871] [EM] Flushed pending ack for MessageCounter:12248946 on exchange 38838i[0m
[0;32m[1784655354.132] [7869:7871] [DIS] UDP:[fe80::bfe:a203:38f0:bce7%enp0s3]:5540: new best score: 7 (for 7E6C890F74A29053-0000000000000001)[0m
[0;34m[1784655354.132] [7869:7871] [DIS] Lookup clearing interface for non LL address[0m
[0;32m[1784655354.132] [7869:7871] [DIS] UDP:10.0.2.15%enp0s3:5540: new best score: 2 (for 7E6C890F74A29053-0000000000000001)[0m
[0;32m[1784655354.132] [7869:7871] [DIS] Checking node lookup status for 7E6C890F74A29053-0000000000000001 after 0 ms[0m
[0;32m[1784655354.132] [7869:7871] [DIS] Keeping DNSSD lookup active[0m
[0;32m[1784655354.132] [7869:7871] [DIS] UDP:[fe80::bfe:a203:38f0:bce7%enp0s3]:5540: score has not improved: 7 (for 7E6C890F74A29053-0000000000000001)[0m
[0;34m[1784655354.132] [7869:7871] [DIS] Lookup clearing interface for non LL address[0m
[0;32m[1784655354.132] [7869:7871] [DIS] UDP:10.0.2.15%enp0s3:5540: score has not improved: 2 (for 7E6C890F74A29053-0000000000000001)[0m
[0;32m[1784655354.132] [7869:7871] [DIS] Checking node lookup status for 7E6C890F74A29053-0000000000000001 after 0 ms[0m
[0;32m[1784655354.132] [7869:7871] [DIS] Keeping DNSSD lookup active[0m
[0;32m[1784655354.333] [7869:7871] [DIS] Checking node lookup status for 7E6C890F74A29053-0000000000000001 after 202 ms[0m
[0;34m[1784655354.333] [7869:7871] [DIS] OperationalSessionSetup[1:0000000000000001]: Updating device address to UDP:[fe80::bfe:a203:38f0:bce7%enp0s3]:5540 while in state 2[0m
[0;34m[1784655354.333] [7869:7871] [DIS] OperationalSessionSetup[1:0000000000000001]: State change 2 --> 3[0m
[0;34m[1784655354.334] [7869:7871] [IN] SecureSession[0x7bbb080647b0]: Allocated Type:2 LSID:45432[0m
[0;32m[1784655354.334] [7869:7871] [SC] Initiating session on local FabricIndex 1 from 0x000000000001B669 -> 0x0000000000000001[0m
[0;32m[1784655354.334] [7869:7871] [EM] <<< [E:38839i S:0 M:43820898] (U) Msg TX from C52F7C49DC89FA71 to 0:0000000000000000 [0000] [UDP:[fe80::bfe:a203:38f0:bce7%enp0s3]:5540] --- Type 0000:30 (SecureChannel:CASE_Sigma1) (B:196)[0m
[0;32m[1784655354.335] [7869:7871] [EM] ??1 [E:38839i S:0 M:43820898] (U) Msg Retransmission to 0:0000000000000000 scheduled for 678ms from now [State:Idle II:500 AI:300 AT:4000][0m
[0;32m[1784655354.335] [7869:7871] [SC] Sent Sigma1 msg to <0000000000000001, 1> [II:500ms AI:300ms AT:4000ms][0m
[0;34m[1784655354.336] [7869:7871] [DIS] OperationalSessionSetup[1:0000000000000001]: State change 3 --> 4[0m
[0;32m[1784655354.338] [7869:7871] [EM] >>> [E:38839i S:0 M:262387087 (Ack:43820898)] (U) Msg RX from 0:0000000000000000 [0000] to C52F7C49DC89FA71 --- Type 0000:31 (SecureChannel:CASE_Sigma2) (B:751)[0m
[0;34m[1784655354.338] [7869:7871] [EM] Found matching exchange: 38839i, Delegate: 0x7bbb08064e88[0m
[0;34m[1784655354.338] [7869:7871] [EM] Rxd Ack; Removing MessageCounter:43820898 from Retrans Table on exchange 38839i[0m
[0;32m[1784655354.338] [7869:7871] [SC] Received Sigma2 msg[0m
[0;34m[1784655354.338] [7869:7871] [SC] Found MRP parameters in the message[0m
[0;34m[1784655354.339] [7869:7871] [SC] Peer <0000000000000001, 1> assigned session ID 40552[0m
[0;34m[1784655354.339] [7869:7871] [SC] Sending Sigma3[0m
[0;32m[1784655354.339] [7869:7871] [EM] <<< [E:38839i S:0 M:43820899 (Ack:262387087)] (U) Msg TX from C52F7C49DC89FA71 to 0:0000000000000000 [0000] [UDP:[fe80::bfe:a203:38f0:bce7%enp0s3]:5540] --- Type 0000:32 (SecureChannel:CASE_Sigma3) (B:598)[0m
[0;32m[1784655354.339] [7869:7871] [EM] ??1 [E:38839i S:0 M:43820899] (U) Msg Retransmission to 0:0000000000000000 scheduled for 353ms from now [State:Active II:500 AI:300 AT:4000][0m
[0;32m[1784655354.339] [7869:7871] [SC] Sent Sigma3 msg[0m
[0;32m[1784655354.347] [7869:7871] [EM] >>> [E:38839i S:0 M:262387088 (Ack:43820899)] (U) Msg RX from 0:0000000000000000 [0000] to C52F7C49DC89FA71 --- Type 0000:40 (SecureChannel:StatusReport) (B:34)[0m
[0;34m[1784655354.347] [7869:7871] [EM] Found matching exchange: 38839i, Delegate: 0x7bbb08064e88[0m
[0;34m[1784655354.347] [7869:7871] [EM] Rxd Ack; Removing MessageCounter:43820899 from Retrans Table on exchange 38839i[0m
[0;32m[1784655354.347] [7869:7871] [SC] Success status report received. Session was established[0m
[0;32m[1784655354.349] [7869:7871] [SC] SecureSession[0x7bbb080647b0, LSID:45432]: State change 'kEstablishing' --> 'kActive'[0m
[0;34m[1784655354.349] [7869:7871] [IN] SecureSession[0x7bbb080647b0]: Activated - Type:2 LSID:45432[0m
[0;34m[1784655354.349] [7869:7871] [IN] New secure session activated for device <0000000000000001, 1>, LSID:45432 PSID:40552![0m
[0;34m[1784655354.349] [7869:7871] [DIS] OperationalSessionSetup[1:0000000000000001]: State change 4 --> 5[0m
[0;32m[1784655354.349] [7869:7871] [CTL] Successfully finished commissioning step 'FindOperationalForStayActive'[0m
[0;32m[1784655354.349] [7869:7871] [CTL] Commissioning stage next step: 'FindOperationalForStayActive' -> 'ICDSendStayActive'[0m
[0;32m[1784655354.349] [7869:7871] [CTL] Performing next commissioning step 'ICDSendStayActive'[0m
[0;34m[1784655354.349] [7869:7871] [TOO] Starting commissioning stage 'ICDSendStayActive'[0m
[0;32m[1784655354.349] [7869:7871] [CTL] Skipping kICDSendStayActive[0m
[0;32m[1784655354.349] [7869:7871] [CTL] Successfully finished commissioning step 'ICDSendStayActive'[0m
[0;32m[1784655354.349] [7869:7871] [CTL] Commissioning stage next step: 'ICDSendStayActive' -> 'FindOperationalForCommissioningComplete'[0m
[0;32m[1784655354.349] [7869:7871] [CTL] Performing next commissioning step 'FindOperationalForCommissioningComplete'[0m
[0;34m[1784655354.349] [7869:7871] [TOO] Starting commissioning stage 'FindOperationalForCommissioningComplete'[0m
[0;34m[1784655354.349] [7869:7871] [CSM] FindOrEstablishSession: PeerId = [1:0000000000000001][0m
[0;34m[1784655354.349] [7869:7871] [CSM] FindOrEstablishSession: No existing OperationalSessionSetup instance found[0m
[0;32m[1784655354.349] [7869:7871] [DIS] Found an existing secure session to [1:0000000000000001]![0m
[0;34m[1784655354.349] [7869:7871] [DIS] OperationalSessionSetup[1:0000000000000001]: State change 1 --> 5[0m
[0;32m[1784655354.349] [7869:7871] [CTL] Successfully finished commissioning step 'FindOperationalForCommissioningComplete'[0m
[0;32m[1784655354.349] [7869:7871] [CTL] Commissioning stage next step: 'FindOperationalForCommissioningComplete' -> 'SendComplete'[0m
[0;32m[1784655354.349] [7869:7871] [CTL] Performing next commissioning step 'SendComplete'[0m
[0;34m[1784655354.349] [7869:7871] [TOO] Starting commissioning stage 'SendComplete'[0m
[0;34m[1784655354.349] [7869:7871] [DMG] ICR moving to [AddingComm][0m
[0;34m[1784655354.349] [7869:7871] [DMG] ICR moving to [AddedComma][0m
[0;32m[1784655354.349] [7869:7871] [EM] <<< [E:38840i S:45432 M:36463258] (S) Msg TX from 000000000001B669 to 1:0000000000000001 [9053] [UDP:[fe80::bfe:a203:38f0:bce7%enp0s3]:5540] --- Type 0001:08 (IM:InvokeCommandRequest) (B:59)[0m
[0;32m[1784655354.350] [7869:7871] [EM] ??1 [E:38840i S:45432 M:36463258] (S) Msg Retransmission to 1:0000000000000001 scheduled for 406ms from now [State:Active II:500 AI:300 AT:4000][0m
[0;34m[1784655354.350] [7869:7871] [DMG] ICR moving to [AwaitingRe][0m
[0;32m[1784655354.350] [7869:7871] [EM] <<< [E:38839i S:0 M:43820900 (Ack:262387088)] (U) Msg TX from C52F7C49DC89FA71 to 0:0000000000000000 [0000] [UDP:[fe80::bfe:a203:38f0:bce7%enp0s3]:5540] --- Type 0000:10 (SecureChannel:StandaloneAck) (B:26)[0m
[0;34m[1784655354.350] [7869:7871] [EM] Flushed pending ack for MessageCounter:262387088 on exchange 38839i[0m
[0;32m[1784655354.370] [7869:7871] [EM] >>> [E:38840i S:45432 M:83283711 (Ack:36463258)] (S) Msg RX from 1:0000000000000001 [9053] to 000000000001B669 --- Type 0001:09 (IM:InvokeCommandResponse) (B:70)[0m
[0;34m[1784655354.370] [7869:7871] [EM] Found matching exchange: 38840i, Delegate: 0x7bbb080382d8[0m
[0;34m[1784655354.370] [7869:7871] [EM] Rxd Ack; Removing MessageCounter:36463258 from Retrans Table on exchange 38840i[0m
[0;34m[1784655354.370] [7869:7871] [DMG] ICR moving to [ResponseRe][0m
[0;34m[1784655354.370] [7869:7871] [DMG] InvokeResponseMessage =[0m
[0;34m[1784655354.370] [7869:7871] [DMG] {[0m
[0;34m[1784655354.370] [7869:7871] [DMG] 	suppressResponse = false, [0m
[0;34m[1784655354.370] [7869:7871] [DMG] 	InvokeResponseIBs =[0m
[0;34m[1784655354.370] [7869:7871] [DMG] 	[[0m
[0;34m[1784655354.370] [7869:7871] [DMG] 		InvokeResponseIB =[0m
[0;34m[1784655354.370] [7869:7871] [DMG] 		{[0m
[0;34m[1784655354.370] [7869:7871] [DMG] 			CommandDataIB =[0m
[0;34m[1784655354.370] [7869:7871] [DMG] 			{[0m
[0;34m[1784655354.370] [7869:7871] [DMG] 				CommandPathIB =[0m
[0;34m[1784655354.370] [7869:7871] [DMG] 				{[0m
[0;34m[1784655354.370] [7869:7871] [DMG] 					EndpointId = 0x0,[0m
[0;34m[1784655354.370] [7869:7871] [DMG] 					ClusterId = 0x30,[0m
[0;34m[1784655354.370] [7869:7871] [DMG] 					CommandId = 0x5,[0m
[0;34m[1784655354.370] [7869:7871] [DMG] 				},[0m
[0;34m[1784655354.370] [7869:7871] [DMG] 				[0m
[0;34m[1784655354.370] [7869:7871] [DMG] 				CommandFields = [0m
[0;34m[1784655354.370] [7869:7871] [DMG] 				{[0m
[0;34m[1784655354.370] [7869:7871] [DMG] 					0x0 = 0 (unsigned), [0m
[0;34m[1784655354.370] [7869:7871] [DMG] 					0x1 = "" (0 chars), [0m
[0;34m[1784655354.370] [7869:7871] [DMG] 				},[0m
[0;34m[1784655354.370] [7869:7871] [DMG] 			},[0m
[0;34m[1784655354.370] [7869:7871] [DMG] 			[0m
[0;34m[1784655354.370] [7869:7871] [DMG] 		},[0m
[0;34m[1784655354.370] [7869:7871] [DMG] 		[0m
[0;34m[1784655354.370] [7869:7871] [DMG] 	],[0m
[0;34m[1784655354.370] [7869:7871] [DMG] 	[0m
[0;34m[1784655354.370] [7869:7871] [DMG] 	InteractionModelRevision = 12[0m
[0;34m[1784655354.370] [7869:7871] [DMG] },[0m
[0;32m[1784655354.370] [7869:7871] [DMG] Received Command Response Data, Endpoint=0 Cluster=0x0000_0030 Command=0x0000_0005[0m
[0;32m[1784655354.370] [7869:7871] [CTL] Received CommissioningComplete response, errorCode=0[0m
[0;32m[1784655354.370] [7869:7871] [CTL] Successfully finished commissioning step 'SendComplete'[0m
[0;32m[1784655354.370] [7869:7871] [CTL] Commissioning stage next step: 'SendComplete' -> 'Cleanup'[0m
[0;32m[1784655354.370] [7869:7871] [CTL] Performing next commissioning step 'Cleanup'[0m
[0;34m[1784655354.370] [7869:7871] [TOO] Starting commissioning stage 'Cleanup'[0m
[0;32m[1784655354.370] [7869:7871] [CTL] Successfully finished commissioning step 'Cleanup'[0m
[0;34m[1784655354.370] [7869:7871] [IN] SecureSession[0x7bbb08032f30]: MarkForEviction Type:1 LSID:45431[0m
[0;32m[1784655354.370] [7869:7871] [SC] SecureSession[0x7bbb08032f30, LSID:45431]: State change 'kActive' --> 'kPendingEviction'[0m
[0;34m[1784655354.370] [7869:7871] [IN] SecureSession[0x7bbb08032f30]: Released - Type:1 LSID:45431[0m
[0;32m[1784655354.370] [7869:7871] [CTL] Commissioning complete for node ID 0x0000000000000001: success[0m
[0;32m[1784655354.370] [7869:7871] [TOO] Device commissioning completed with success[0m
[0;34m[1784655354.370] [7869:7871] [DMG] ICR moving to [AwaitingDe][0m
[0;32m[1784655354.370] [7869:7871] [EM] <<< [E:38840i S:45432 M:36463259 (Ack:83283711)] (S) Msg TX from 000000000001B669 to 1:0000000000000001 [9053] [UDP:[fe80::bfe:a203:38f0:bce7%enp0s3]:5540] --- Type 0000:10 (SecureChannel:StandaloneAck) (B:34)[0m
[0;34m[1784655354.370] [7869:7871] [EM] Flushed pending ack for MessageCounter:83283711 on exchange 38840i[0m
[0;34m[1784655354.371] [7869:7869] [CTL] Shutting down the commissioner[0m
[0;32m[1784655354.371] [7869:7869] [PAF] WiFiPAF: Closing all WiFiPAF sessions to shutdown[0m
[0;34m[1784655354.371] [7869:7869] [CTL] Shutting down the controller[0m
[0;34m[1784655354.371] [7869:7869] [IN] Expiring all sessions for fabric 0x1!![0m
[0;34m[1784655354.371] [7869:7869] [IN] SecureSession[0x7bbb080647b0]: MarkForEviction Type:2 LSID:45432[0m
[0;32m[1784655354.371] [7869:7869] [SC] SecureSession[0x7bbb080647b0, LSID:45432]: State change 'kActive' --> 'kPendingEviction'[0m
[0;34m[1784655354.371] [7869:7869] [IN] SecureSession[0x7bbb080647b0]: Released - Type:2 LSID:45432[0m
[0;32m[1784655354.371] [7869:7869] [FP] Forgetting fabric 0x1[0m
[0;32m[1784655354.371] [7869:7869] [TS] Pending Last Known Good Time: 2023-10-14T01:16:48[0m
[0;32m[1784655354.372] [7869:7869] [TS] Previous Last Known Good Time: 2023-10-14T01:16:48[0m
[0;32m[1784655354.372] [7869:7869] [TS] Reverted Last Known Good Time to previous value[0m
[0;34m[1784655354.372] [7869:7869] [CTL] Shutting down the commissioner[0m
[0;32m[1784655354.372] [7869:7869] [PAF] WiFiPAF: Closing all WiFiPAF sessions to shutdown[0m
[0;34m[1784655354.372] [7869:7869] [CTL] Shutting down the controller[0m
[0;34m[1784655354.372] [7869:7869] [CTL] Shutting down the System State, this will teardown the CHIP Stack[0m
[0;34m[1784655354.372] [7869:7869] [DMG] All ReadHandler-s are clean, clear GlobalDirtySet[0m
[0;32m[1784655354.372] [7869:7869] [FP] Shutting down FabricTable[0m
[0;32m[1784655354.372] [7869:7869] [TS] Pending Last Known Good Time: 2023-10-14T01:16:48[0m
[0;32m[1784655354.372] [7869:7869] [TS] Previous Last Known Good Time: 2023-10-14T01:16:48[0m
[0;32m[1784655354.372] [7869:7869] [TS] Reverted Last Known Good Time to previous value[0m
[0;34m[1784655354.374] [7869:7869] [DL] Wrote settings to /tmp/chip_counters.ini[0m
[0;32m[1784655354.374] [7869:7869] [DL] NVS set: chip-counters/total-operational-hours = 0 (0x0)[0m
[0;32m[1784655354.374] [7869:7869] [DL] Inet Layer shutdown[0m
[0;32m[1784655354.374] [7869:7869] [DL] BLE Layer shutdown[0m
[0;32m[1784655354.374] [7869:7869] [DL] WiFi-PAF Layer shutdown[0m
[0;32m[1784655354.374] [7869:7869] [PAF] WiFiPAF: Closing all WiFiPAF sessions to shutdown[0m
[0;32m[1784655354.374] [7869:7869] [DL] System Layer shutdown[0m
