[0;34m[1784833787.100] [11696:11696] [DL] ChipLinuxStorage::Init: Using KVS config file: /tmp/chip_kvs_test[0m
[0;34m[1784833787.103] [11696:11696] [DL] Wrote settings to /tmp/chip_kvs_test[0m
[1;31m[1784833787.103] [11696:11696] [DL] ChipLinuxStorage::Init: Attempt to re-initialize with KVS config file: /tmp/chip_kvs, IGNORING.[0m
[0;34m[1784833787.104] [11696:11696] [DL] ChipLinuxStorage::Init: Using KVS config file: /tmp/chip_factory.ini[0m
[0;34m[1784833787.107] [11696:11696] [DL] Wrote settings to /tmp/chip_factory.ini[0m
[0;34m[1784833787.107] [11696:11696] [DL] ChipLinuxStorage::Init: Using KVS config file: /tmp/chip_config.ini[0m
[0;34m[1784833787.108] [11696:11696] [DL] Wrote settings to /tmp/chip_config.ini[0m
[0;34m[1784833787.108] [11696:11696] [DL] ChipLinuxStorage::Init: Using KVS config file: /tmp/chip_counters.ini[0m
[0;34m[1784833787.110] [11696:11696] [DL] Wrote settings to /tmp/chip_counters.ini[0m
[0;34m[1784833787.112] [11696:11696] [DL] Wrote settings to /tmp/chip_config.ini[0m
[0;32m[1784833787.112] [11696:11696] [DL] NVS set: chip-config/unique-id = "73912BC8B792150D"[0m
[0;34m[1784833787.115] [11696:11696] [DL] Wrote settings to /tmp/chip_factory.ini[0m
[0;32m[1784833787.115] [11696:11696] [DL] NVS set: chip-factory/vendor-id = 65521 (0xFFF1)[0m
[0;34m[1784833787.117] [11696:11696] [DL] Wrote settings to /tmp/chip_factory.ini[0m
[0;32m[1784833787.117] [11696:11696] [DL] NVS set: chip-factory/product-id = 32769 (0x8001)[0m
[0;34m[1784833787.120] [11696:11696] [DL] Wrote settings to /tmp/chip_counters.ini[0m
[0;32m[1784833787.120] [11696:11696] [DL] NVS set: chip-counters/reboot-count = 1 (0x1)[0m
[0;34m[1784833787.122] [11696:11696] [DL] Wrote settings to /tmp/chip_counters.ini[0m
[0;32m[1784833787.122] [11696:11696] [DL] NVS set: chip-counters/total-operational-hours = 0 (0x0)[0m
[0;34m[1784833787.124] [11696:11696] [DL] Wrote settings to /tmp/chip_counters.ini[0m
[0;32m[1784833787.124] [11696:11696] [DL] NVS set: chip-counters/boot-reason = 0 (0x0)[0m
[0;34m[1784833787.126] [11696:11696] [DL] Wrote settings to /tmp/chip_config.ini[0m
[0;32m[1784833787.126] [11696:11696] [DL] NVS set: chip-config/regulatory-location = 0 (0x0)[0m
[0;34m[1784833787.128] [11696:11696] [DL] Wrote settings to /tmp/chip_config.ini[0m
[0;32m[1784833787.128] [11696:11696] [DL] NVS set: chip-config/location-capability = 2 (0x2)[0m
[0;34m[1784833787.130] [11696:11696] [DL] Wrote settings to /tmp/chip_config.ini[0m
[0;32m[1784833787.130] [11696:11696] [DL] NVS set: chip-config/configuration-version = 1 (0x1)[0m
[0;32m[1784833787.130] [11696:11696] [DL] Got Ethernet interface: enp0s3[0m
[0;32m[1784833787.130] [11696:11696] [DL] Found the primary Ethernet interface:enp0s3[0m
[1;31m[1784833787.130] [11696:11696] [DL] Failed to get WiFi interface[0m
[1;31m[1784833787.130] [11696:11696] [DL] Failed to reset WiFi statistic counts[0m
[0;32m[1784833787.130] [11696:11696] [PAF] WiFiPAF: WiFiPAFLayer::Init()[0m
[1;31m[1784833787.131] [11696:11696] [-] *** WARNING: Using temporary passcode 20202021 due to no neither --passcode or --spake2p-verifier-base64 given on command line or factory configuration. This is temporary and will disappear. Please update your scripts to explicitly configure onboarding credentials. ***[0m
[1;31m[1784833787.131] [11696:11696] [-] *** WARNING: Using temporary test discriminator 3840 due to --discriminator not given on command line or factory configuration. This is temporary and will disappear. Please update your scripts to explicitly configure onboarding credentials. ***[0m
[0;32m[1784833787.131] [11696:11696] [SPT] LinuxCommissionableDataProvider didn't get a PASE salt, generating one.[0m
[0;32m[1784833787.132] [11696:11696] [DL] Device Configuration:[0m
[0;32m[1784833787.132] [11696:11696] [DL]   Serial Number: TEST_SN[0m
[0;32m[1784833787.132] [11696:11696] [DL]   Vendor Id: 65521 (0xFFF1)[0m
[0;32m[1784833787.132] [11696:11696] [DL]   Product Id: 32769 (0x8001)[0m
[0;32m[1784833787.132] [11696:11696] [DL]   Product Name: TEST_PRODUCT[0m
[0;32m[1784833787.132] [11696:11696] [DL]   Hardware Version: 0[0m
[0;32m[1784833787.132] [11696:11696] [DL]   Setup Pin Code (0 for UNKNOWN/ERROR): 20202021[0m
[0;32m[1784833787.132] [11696:11696] [DL]   Setup Discriminator (0xFFFF for UNKNOWN/ERROR): 3840 (0xF00)[0m
[0;32m[1784833787.132] [11696:11696] [DL]   Manufacturing Date: (not set)[0m
[0;32m[1784833787.132] [11696:11696] [DL]   Device Type: 257 (0x101)[0m
[0;32m[1784833787.132] [11696:11696] [-] ==== Onboarding payload for Standard Commissioning Flow ====[0m
[0;32m[1784833787.132] [11696:11696] [SVR] SetupQRCode: [MT:-24J042C00KA0648G00][0m
[0;32m[1784833787.132] [11696:11696] [SVR] Copy/paste the below URL in a browser to see the QR Code:[0m
[0;32m[1784833787.132] [11696:11696] [SVR] https://project-chip.github.io/connectedhomeip/qrcode.html?data=MT%3A-24J042C00KA0648G00[0m
[0;32m[1784833787.132] [11696:11696] [SVR] Manual pairing code: [34970112332][0m
[0;32m[1784833787.132] [11696:11696] [SVR] Initializing subscription resumption storage...[0m
[0;34m[1784833787.135] [11696:11696] [DL] Wrote settings to /tmp/chip_kvs_test[0m
[0;32m[1784833787.135] [11696:11696] [SVR] Server initializing...[0m
[0;34m[1784833787.135] [11696:11696] [FP] Initializing FabricTable from persistent storage[0m
[0;32m[1784833787.135] [11696:11696] [TS] Last Known Good Time: [unknown][0m
[0;32m[1784833787.135] [11696:11696] [TS] Setting Last Known Good Time to firmware build time 2023-10-14T01:16:48[0m
[0;34m[1784833787.137] [11696:11696] [DL] Wrote settings to /tmp/chip_kvs_test[0m
[0;32m[1784833787.137] [11696:11696] [DMG] AccessControl: initializing[0m
[0;32m[1784833787.137] [11696:11696] [DMG] Examples::AccessControlDelegate::Init[0m
[0;32m[1784833787.137] [11696:11696] [DMG] AccessControl: setting[0m
[0;32m[1784833787.137] [11696:11696] [DMG] DefaultAclStorage: initializing[0m
[0;32m[1784833787.137] [11696:11696] [DMG] DefaultAclStorage: 0 entries loaded[0m
[0;34m[1784833787.137] [11696:11696] [IN] UDP::Init bind&listen port=5540[0m
[0;34m[1784833787.137] [11696:11696] [IN] UDP::Init bound to port=5540[0m
[0;34m[1784833787.137] [11696:11696] [IN] UDP::Init bind&listen port=5540[0m
[0;34m[1784833787.137] [11696:11696] [IN] UDP::Init bound to port=5540[0m
[0;34m[1784833787.137] [11696:11696] [IN] BLEBase::Init - setting/overriding transport[0m
[0;32m[1784833787.137] [11696:11696] [IN] TCP server listening on port 5540 for incoming connections[0m
[0;32m[1784833787.137] [11696:11696] [IN] TCP server listening on port 5540 for incoming connections[0m
[0;34m[1784833787.137] [11696:11696] [IN] WiFiPAFBase::Init - setting/overriding transport[0m
[0;34m[1784833787.137] [11696:11696] [IN] TransportMgr initialized[0m
[0;34m[1784833787.140] [11696:11696] [DL] Wrote settings to /tmp/chip_kvs_test[0m
[0;34m[1784833787.142] [11696:11696] [DL] Wrote settings to /tmp/chip_kvs_test[0m
[0;34m[1784833787.144] [11696:11696] [DL] Wrote settings to /tmp/chip_kvs_test[0m
[0;32m[1784833787.144] [11696:11696] [DMG] Ember attribute persistence requires setting up[0m
[0;32m[1784833787.144] [11696:11696] [ZCL] Using ZAP configuration...[0m
[0;34m[1784833787.144] [11696:11696] [DMG] Failed to read stored attribute (1, 0x0000_0006, 0x0000_0000: src/platform/Linux/KeyValueStoreManagerImpl.cpp:53: CHIP Error 0x000000A0: Value not found in the persisted storage[0m
[0;34m[1784833787.144] [11696:11696] [DMG] Failed to read stored attribute (1, 0x0000_0006, 0x0000_4003: src/platform/Linux/KeyValueStoreManagerImpl.cpp:53: CHIP Error 0x000000A0: Value not found in the persisted storage[0m
[0;34m[1784833787.144] [11696:11696] [DMG] Failed to read stored attribute (1, 0x0000_0008, 0x0000_0000: src/platform/Linux/KeyValueStoreManagerImpl.cpp:53: CHIP Error 0x000000A0: Value not found in the persisted storage[0m
[0;34m[1784833787.144] [11696:11696] [DMG] Failed to read stored attribute (1, 0x0000_0008, 0x0000_4000: src/platform/Linux/KeyValueStoreManagerImpl.cpp:53: CHIP Error 0x000000A0: Value not found in the persisted storage[0m
[0;34m[1784833787.144] [11696:11696] [DMG] Failed to read stored attribute (1, 0x0000_0050, 0x0000_0003: src/platform/Linux/KeyValueStoreManagerImpl.cpp:53: CHIP Error 0x000000A0: Value not found in the persisted storage[0m
[0;34m[1784833787.144] [11696:11696] [DMG] Failed to read stored attribute (1, 0x0000_0050, 0x0000_0004: src/platform/Linux/KeyValueStoreManagerImpl.cpp:53: CHIP Error 0x000000A0: Value not found in the persisted storage[0m
[0;34m[1784833787.144] [11696:11696] [DMG] Failed to read stored attribute (1, 0x0000_0050, 0x0000_0005: src/platform/Linux/KeyValueStoreManagerImpl.cpp:53: CHIP Error 0x000000A0: Value not found in the persisted storage[0m
[0;34m[1784833787.144] [11696:11696] [DMG] Failed to read stored attribute (1, 0x0000_005C, 0x0000_0000: src/platform/Linux/KeyValueStoreManagerImpl.cpp:53: CHIP Error 0x000000A0: Value not found in the persisted storage[0m
[0;34m[1784833787.144] [11696:11696] [DMG] Failed to read stored attribute (1, 0x0000_005C, 0x0000_0001: src/platform/Linux/KeyValueStoreManagerImpl.cpp:53: CHIP Error 0x000000A0: Value not found in the persisted storage[0m
[0;34m[1784833787.144] [11696:11696] [DMG] Failed to read stored attribute (1, 0x0000_005C, 0x0000_0002: src/platform/Linux/KeyValueStoreManagerImpl.cpp:53: CHIP Error 0x000000A0: Value not found in the persisted storage[0m
[0;34m[1784833787.144] [11696:11696] [DMG] Failed to read stored attribute (1, 0x0000_005C, 0x0000_0003: src/platform/Linux/KeyValueStoreManagerImpl.cpp:53: CHIP Error 0x000000A0: Value not found in the persisted storage[0m
[0;34m[1784833787.144] [11696:11696] [DMG] Failed to read stored attribute (1, 0x0000_005C, 0x0000_0004: src/platform/Linux/KeyValueStoreManagerImpl.cpp:53: CHIP Error 0x000000A0: Value not found in the persisted storage[0m
[0;34m[1784833787.144] [11696:11696] [DMG] Failed to read stored attribute (1, 0x0000_005C, 0x0000_0006: src/platform/Linux/KeyValueStoreManagerImpl.cpp:53: CHIP Error 0x000000A0: Value not found in the persisted storage[0m
[0;34m[1784833787.144] [11696:11696] [DMG] Failed to read stored attribute (1, 0x0000_005C, 0x0000_0007: src/platform/Linux/KeyValueStoreManagerImpl.cpp:53: CHIP Error 0x000000A0: Value not found in the persisted storage[0m
[0;34m[1784833787.144] [11696:11696] [DMG] Failed to read stored attribute (1, 0x0000_0081, 0x0000_0001: src/platform/Linux/KeyValueStoreManagerImpl.cpp:53: CHIP Error 0x000000A0: Value not found in the persisted storage[0m
[0;34m[1784833787.144] [11696:11696] [DMG] Failed to read stored attribute (1, 0x0000_0081, 0x0000_0008: src/platform/Linux/KeyValueStoreManagerImpl.cpp:53: CHIP Error 0x000000A0: Value not found in the persisted storage[0m
[0;34m[1784833787.144] [11696:11696] [DMG] Failed to read stored attribute (1, 0x0000_0102, 0x0000_0003: src/platform/Linux/KeyValueStoreManagerImpl.cpp:53: CHIP Error 0x000000A0: Value not found in the persisted storage[0m
[0;34m[1784833787.144] [11696:11696] [DMG] Failed to read stored attribute (1, 0x0000_0102, 0x0000_0004: src/platform/Linux/KeyValueStoreManagerImpl.cpp:53: CHIP Error 0x000000A0: Value not found in the persisted storage[0m
[0;34m[1784833787.144] [11696:11696] [DMG] Failed to read stored attribute (1, 0x0000_0102, 0x0000_0005: src/platform/Linux/KeyValueStoreManagerImpl.cpp:53: CHIP Error 0x000000A0: Value not found in the persisted storage[0m
[0;34m[1784833787.144] [11696:11696] [DMG] Failed to read stored attribute (1, 0x0000_0102, 0x0000_0006: src/platform/Linux/KeyValueStoreManagerImpl.cpp:53: CHIP Error 0x000000A0: Value not found in the persisted storage[0m
[0;34m[1784833787.144] [11696:11696] [DMG] Failed to read stored attribute (1, 0x0000_0102, 0x0000_0007: src/platform/Linux/KeyValueStoreManagerImpl.cpp:53: CHIP Error 0x000000A0: Value not found in the persisted storage[0m
[0;34m[1784833787.144] [11696:11696] [DMG] Failed to read stored attribute (1, 0x0000_0102, 0x0000_0008: src/platform/Linux/KeyValueStoreManagerImpl.cpp:53: CHIP Error 0x000000A0: Value not found in the persisted storage[0m
[0;34m[1784833787.144] [11696:11696] [DMG] Failed to read stored attribute (1, 0x0000_0102, 0x0000_0009: src/platform/Linux/KeyValueStoreManagerImpl.cpp:53: CHIP Error 0x000000A0: Value not found in the persisted storage[0m
[0;34m[1784833787.144] [11696:11696] [DMG] Failed to read stored attribute (1, 0x0000_0102, 0x0000_000E: src/platform/Linux/KeyValueStoreManagerImpl.cpp:53: CHIP Error 0x000000A0: Value not found in the persisted storage[0m
[0;34m[1784833787.144] [11696:11696] [DMG] Failed to read stored attribute (1, 0x0000_0102, 0x0000_000F: src/platform/Linux/KeyValueStoreManagerImpl.cpp:53: CHIP Error 0x000000A0: Value not found in the persisted storage[0m
[0;34m[1784833787.144] [11696:11696] [DMG] Failed to read stored attribute (1, 0x0000_0102, 0x0000_0010: src/platform/Linux/KeyValueStoreManagerImpl.cpp:53: CHIP Error 0x000000A0: Value not found in the persisted storage[0m
[0;34m[1784833787.144] [11696:11696] [DMG] Failed to read stored attribute (1, 0x0000_0102, 0x0000_0011: src/platform/Linux/KeyValueStoreManagerImpl.cpp:53: CHIP Error 0x000000A0: Value not found in the persisted storage[0m
[0;34m[1784833787.144] [11696:11696] [DMG] Failed to read stored attribute (1, 0x0000_0102, 0x0000_0012: src/platform/Linux/KeyValueStoreManagerImpl.cpp:53: CHIP Error 0x000000A0: Value not found in the persisted storage[0m
[0;34m[1784833787.145] [11696:11696] [DMG] Failed to read stored attribute (1, 0x0000_0102, 0x0000_0013: src/platform/Linux/KeyValueStoreManagerImpl.cpp:53: CHIP Error 0x000000A0: Value not found in the persisted storage[0m
[0;34m[1784833787.145] [11696:11696] [DMG] Failed to read stored attribute (1, 0x0000_0102, 0x0000_0017: src/platform/Linux/KeyValueStoreManagerImpl.cpp:53: CHIP Error 0x000000A0: Value not found in the persisted storage[0m
[0;34m[1784833787.145] [11696:11696] [DMG] Failed to read stored attribute (1, 0x0000_0300, 0x0000_0000: src/platform/Linux/KeyValueStoreManagerImpl.cpp:53: CHIP Error 0x000000A0: Value not found in the persisted storage[0m
[0;34m[1784833787.145] [11696:11696] [DMG] Failed to read stored attribute (1, 0x0000_0300, 0x0000_0001: src/platform/Linux/KeyValueStoreManagerImpl.cpp:53: CHIP Error 0x000000A0: Value not found in the persisted storage[0m
[0;34m[1784833787.145] [11696:11696] [DMG] Failed to read stored attribute (1, 0x0000_0300, 0x0000_0003: src/platform/Linux/KeyValueStoreManagerImpl.cpp:53: CHIP Error 0x000000A0: Value not found in the persisted storage[0m
[0;34m[1784833787.145] [11696:11696] [DMG] Failed to read stored attribute (1, 0x0000_0300, 0x0000_0004: src/platform/Linux/KeyValueStoreManagerImpl.cpp:53: CHIP Error 0x000000A0: Value not found in the persisted storage[0m
[0;34m[1784833787.145] [11696:11696] [DMG] Failed to read stored attribute (1, 0x0000_0300, 0x0000_0007: src/platform/Linux/KeyValueStoreManagerImpl.cpp:53: CHIP Error 0x000000A0: Value not found in the persisted storage[0m
[0;34m[1784833787.145] [11696:11696] [DMG] Failed to read stored attribute (1, 0x0000_0300, 0x0000_4000: src/platform/Linux/KeyValueStoreManagerImpl.cpp:53: CHIP Error 0x000000A0: Value not found in the persisted storage[0m
[0;34m[1784833787.145] [11696:11696] [DMG] Failed to read stored attribute (1, 0x0000_0300, 0x0000_4001: src/platform/Linux/KeyValueStoreManagerImpl.cpp:53: CHIP Error 0x000000A0: Value not found in the persisted storage[0m
[0;34m[1784833787.145] [11696:11696] [DMG] Failed to read stored attribute (1, 0x0000_0300, 0x0000_4002: src/platform/Linux/KeyValueStoreManagerImpl.cpp:53: CHIP Error 0x000000A0: Value not found in the persisted storage[0m
[0;34m[1784833787.145] [11696:11696] [DMG] Failed to read stored attribute (1, 0x0000_0300, 0x0000_4003: src/platform/Linux/KeyValueStoreManagerImpl.cpp:53: CHIP Error 0x000000A0: Value not found in the persisted storage[0m
[0;34m[1784833787.145] [11696:11696] [DMG] Failed to read stored attribute (1, 0x0000_0300, 0x0000_4004: src/platform/Linux/KeyValueStoreManagerImpl.cpp:53: CHIP Error 0x000000A0: Value not found in the persisted storage[0m
[0;34m[1784833787.145] [11696:11696] [DMG] Failed to read stored attribute (1, 0x0000_0300, 0x0000_4010: src/platform/Linux/KeyValueStoreManagerImpl.cpp:53: CHIP Error 0x000000A0: Value not found in the persisted storage[0m
[0;34m[1784833787.148] [11696:11696] [DL] Wrote settings to /tmp/chip_kvs_test[0m
[0;34m[1784833787.148] [11696:11696] [EVL] LogEvent event number: 0x0000000000000000 priority: 1, endpoint id:  0x0 cluster id: 0x0000_0038 event id: 0x0 Epoch timestamp: 0x0000019F9062450C[0m
[0;32m[1784833787.148] [11696:11696] [ZCL] Emit DSTTableEmpty event [ep=0][0m
[0;32m[1784833787.148] [11696:11696] [ZCL] Initializing TLS Certificate Management cluster.[0m
[0;32m[1784833787.148] [11696:11696] [ZCL] Initializing TLS Client Management cluster.[0m
[0;34m[1784833787.148] [11696:11696] [ZCL] UnitLocalization ep0 set default TemperatureUnit: 1[0m
[0;34m[1784833787.148] [11696:11696] [DMG] Endpoint 0, Cluster 0x0000_0004 update version to 898bd2ed[0m
[0;34m[1784833787.148] [11696:11696] [DMG] Endpoint 0, Cluster 0x0000_0004 update version to 898bd2ee[0m
[0;34m[1784833787.148] [11696:11696] [DMG] Endpoint 1, Cluster 0x0000_0004 update version to e8d2ef77[0m
[0;34m[1784833787.148] [11696:11696] [DMG] Endpoint 1, Cluster 0x0000_0004 update version to e8d2ef78[0m
[0;32m[1784833787.148] [11696:11696] [ZCL] Endpoint 1 On/off already set to new value[0m
[0;34m[1784833787.148] [11696:11696] [DMG] Endpoint 1, Cluster 0x0000_0008 update version to 2894bf11[0m
[0;34m[1784833787.148] [11696:11696] [ZCL] ModeBase: Unable to load the CurrentMode from the KVS. Assuming 0[0m
[0;34m[1784833787.148] [11696:11696] [ZCL] ModeBase: Unable to load the StartUpMode from the KVS. Assuming null[0m
[0;34m[1784833787.148] [11696:11696] [ZCL] ModeBase: Unable to load the OnMode from the KVS.      Assuming null[0m
[0;34m[1784833787.148] [11696:11696] [ZCL] ModeBase: Unable to load the CurrentMode from the KVS. Assuming 0[0m
[0;34m[1784833787.148] [11696:11696] [ZCL] ModeBase: Unable to load the StartUpMode from the KVS. Assuming null[0m
[0;34m[1784833787.148] [11696:11696] [ZCL] ModeBase: Unable to load the OnMode from the KVS.      Assuming null[0m
[0;34m[1784833787.148] [11696:11696] [ZCL] ModeBase: Unable to load the CurrentMode from the KVS. Assuming 0[0m
[0;34m[1784833787.148] [11696:11696] [ZCL] ModeBase: Unable to load the StartUpMode from the KVS. Assuming null[0m
[0;34m[1784833787.148] [11696:11696] [ZCL] ModeBase: Unable to load the OnMode from the KVS.      Assuming null[0m
[0;34m[1784833787.148] [11696:11696] [ZCL] ModeBase: Unable to load the CurrentMode from the KVS. Assuming 0[0m
[0;34m[1784833787.148] [11696:11696] [ZCL] ModeBase: Unable to load the StartUpMode from the KVS. Assuming null[0m
[0;34m[1784833787.148] [11696:11696] [ZCL] ModeBase: Unable to load the OnMode from the KVS.      Assuming null[0m
[0;34m[1784833787.148] [11696:11696] [ZCL] ModeBase: Unable to load the CurrentMode from the KVS. Assuming 0[0m
[0;34m[1784833787.148] [11696:11696] [ZCL] ModeBase: Unable to load the StartUpMode from the KVS. Assuming null[0m
[0;34m[1784833787.148] [11696:11696] [ZCL] ModeBase: Unable to load the OnMode from the KVS.      Assuming null[0m
[0;34m[1784833787.148] [11696:11696] [ZCL] ModeBase: Unable to load the CurrentMode from the KVS. Assuming 0[0m
[0;34m[1784833787.148] [11696:11696] [ZCL] ModeBase: Unable to load the StartUpMode from the KVS. Assuming null[0m
[0;34m[1784833787.148] [11696:11696] [ZCL] ModeBase: Unable to load the OnMode from the KVS.      Assuming null[0m
[0;34m[1784833787.148] [11696:11696] [ZCL] ModeBase: Unable to load the CurrentMode from the KVS. Assuming 0[0m
[0;34m[1784833787.148] [11696:11696] [ZCL] ModeBase: Unable to load the StartUpMode from the KVS. Assuming null[0m
[0;34m[1784833787.148] [11696:11696] [ZCL] ModeBase: Unable to load the OnMode from the KVS.      Assuming null[0m
[0;34m[1784833787.148] [11696:11696] [ZCL] ResourceMonitoring: Init[0m
[0;34m[1784833787.148] [11696:11696] [ZCL] ResourceMonitoring: Unable to load the LastChangedTime from the KVS. Assuming null[0m
[0;34m[1784833787.148] [11696:11696] [ZCL] ResourceMonitoring: calling mDelegate->Init()[0m
[0;34m[1784833787.148] [11696:11696] [ZCL] HepaFilterMonitoringDelegate::Init()[0m
[0;34m[1784833787.148] [11696:11696] [ZCL] ResourceMonitoring: Init[0m
[0;34m[1784833787.148] [11696:11696] [ZCL] ResourceMonitoring: Unable to load the LastChangedTime from the KVS. Assuming null[0m
[0;34m[1784833787.148] [11696:11696] [ZCL] ResourceMonitoring: calling mDelegate->Init()[0m
[0;34m[1784833787.148] [11696:11696] [ZCL] ActivatedCarbonFilterMonitoringDelegate::Init()[0m
[0;34m[1784833787.150] [11696:11696] [DL] Wrote settings to /tmp/chip_kvs_test[0m
[0;34m[1784833787.150] [11696:11696] [DMG] Endpoint 1, Cluster 0x0000_0102 update version to b620eb65[0m
[0;32m[1784833787.150] [11696:11696] [ZCL] WC POST ATTRIBUTE=7[0m
[0;32m[1784833787.150] [11696:11696] [ZCL] ConfigStatus 0x1B Operational=1 OnlineReserved=1[0m
[0;32m[1784833787.150] [11696:11696] [ZCL] Lift(PA=1 Encoder=0 Reversed=0) Tilt(PA=1 Encoder=0)[0m
[0;32m[1784833787.150] [11696:11696] [ZCL] Initialize PCC Server Cluster [EP:1][0m
[0;34m[1784833787.151] [11696:11696] [DMG] Endpoint 1, Cluster 0x0000_0300 update version to eb768a70[0m
[0;34m[1784833787.151] [11696:11696] [DMG] Endpoint 1, Cluster 0x0000_0300 update version to eb768a71[0m
[0;34m[1784833787.153] [11696:11696] [DL] Wrote settings to /tmp/chip_kvs_test[0m
[0;34m[1784833787.153] [11696:11696] [DMG] Endpoint 1, Cluster 0x0000_0300 update version to eb768a72[0m
[0;34m[1784833787.153] [11696:11696] [DMG] Endpoint 1, Cluster 0x0000_0406 update version to aa421ed9[0m
[0;34m[1784833787.153] [11696:11696] [DMG] Endpoint 1, Cluster 0x0000_0406 update version to aa421eda[0m
[0;34m[1784833787.153] [11696:11696] [DMG] Endpoint 1, Cluster 0x0000_040C update version to a5b15de2[0m
[0;34m[1784833787.153] [11696:11696] [DMG] Endpoint 1, Cluster 0x0000_040C update version to a5b15de3[0m
[0;34m[1784833787.153] [11696:11696] [DMG] Endpoint 1, Cluster 0x0000_040C update version to a5b15de4[0m
[0;34m[1784833787.153] [11696:11696] [DMG] Endpoint 1, Cluster 0x0000_040C update version to a5b15de5[0m
[0;34m[1784833787.153] [11696:11696] [DMG] Endpoint 1, Cluster 0x0000_040C update version to a5b15de6[0m
[0;34m[1784833787.153] [11696:11696] [DMG] Endpoint 1, Cluster 0x0000_040C update version to a5b15de7[0m
[0;34m[1784833787.153] [11696:11696] [DMG] Endpoint 1, Cluster 0x0000_040C update version to a5b15de8[0m
[0;34m[1784833787.153] [11696:11696] [DMG] Endpoint 1, Cluster 0x0000_040C update version to a5b15de9[0m
[0;34m[1784833787.153] [11696:11696] [DMG] Endpoint 1, Cluster 0x0000_040D update version to 35cbb789[0m
[0;34m[1784833787.153] [11696:11696] [DMG] Endpoint 1, Cluster 0x0000_040D update version to 35cbb78a[0m
[0;34m[1784833787.153] [11696:11696] [DMG] Endpoint 1, Cluster 0x0000_040D update version to 35cbb78b[0m
[0;34m[1784833787.153] [11696:11696] [DMG] Endpoint 1, Cluster 0x0000_040D update version to 35cbb78c[0m
[0;34m[1784833787.153] [11696:11696] [DMG] Endpoint 1, Cluster 0x0000_040D update version to 35cbb78d[0m
[0;34m[1784833787.153] [11696:11696] [DMG] Endpoint 1, Cluster 0x0000_040D update version to 35cbb78e[0m
[0;34m[1784833787.153] [11696:11696] [DMG] Endpoint 1, Cluster 0x0000_040D update version to 35cbb78f[0m
[0;34m[1784833787.153] [11696:11696] [DMG] Endpoint 1, Cluster 0x0000_040D update version to 35cbb790[0m
[0;34m[1784833787.153] [11696:11696] [DMG] Endpoint 1, Cluster 0x0000_0413 update version to cee864b1[0m
[0;34m[1784833787.153] [11696:11696] [DMG] Endpoint 1, Cluster 0x0000_0413 update version to cee864b2[0m
[0;34m[1784833787.153] [11696:11696] [DMG] Endpoint 1, Cluster 0x0000_0413 update version to cee864b3[0m
[0;34m[1784833787.153] [11696:11696] [DMG] Endpoint 1, Cluster 0x0000_0413 update version to cee864b4[0m
[0;34m[1784833787.153] [11696:11696] [DMG] Endpoint 1, Cluster 0x0000_0413 update version to cee864b5[0m
[0;34m[1784833787.153] [11696:11696] [DMG] Endpoint 1, Cluster 0x0000_0413 update version to cee864b6[0m
[0;34m[1784833787.153] [11696:11696] [DMG] Endpoint 1, Cluster 0x0000_0413 update version to cee864b7[0m
[0;34m[1784833787.153] [11696:11696] [DMG] Endpoint 1, Cluster 0x0000_0413 update version to cee864b8[0m
[0;34m[1784833787.153] [11696:11696] [DMG] Endpoint 1, Cluster 0x0000_0415 update version to 19424d72[0m
[0;34m[1784833787.153] [11696:11696] [DMG] Endpoint 1, Cluster 0x0000_0415 update version to 19424d73[0m
[0;34m[1784833787.153] [11696:11696] [DMG] Endpoint 1, Cluster 0x0000_0415 update version to 19424d74[0m
[0;34m[1784833787.153] [11696:11696] [DMG] Endpoint 1, Cluster 0x0000_0415 update version to 19424d75[0m
[0;34m[1784833787.153] [11696:11696] [DMG] Endpoint 1, Cluster 0x0000_0415 update version to 19424d76[0m
[0;34m[1784833787.153] [11696:11696] [DMG] Endpoint 1, Cluster 0x0000_0415 update version to 19424d77[0m
[0;34m[1784833787.153] [11696:11696] [DMG] Endpoint 1, Cluster 0x0000_0415 update version to 19424d78[0m
[0;34m[1784833787.153] [11696:11696] [DMG] Endpoint 1, Cluster 0x0000_0415 update version to 19424d79[0m
[0;34m[1784833787.153] [11696:11696] [DMG] Endpoint 1, Cluster 0x0000_042A update version to d2c723d7[0m
[0;34m[1784833787.153] [11696:11696] [DMG] Endpoint 1, Cluster 0x0000_042A update version to d2c723d8[0m
[0;34m[1784833787.153] [11696:11696] [DMG] Endpoint 1, Cluster 0x0000_042A update version to d2c723d9[0m
[0;34m[1784833787.153] [11696:11696] [DMG] Endpoint 1, Cluster 0x0000_042A update version to d2c723da[0m
[0;34m[1784833787.153] [11696:11696] [DMG] Endpoint 1, Cluster 0x0000_042A update version to d2c723db[0m
[0;34m[1784833787.153] [11696:11696] [DMG] Endpoint 1, Cluster 0x0000_042A update version to d2c723dc[0m
[0;34m[1784833787.153] [11696:11696] [DMG] Endpoint 1, Cluster 0x0000_042A update version to d2c723dd[0m
[0;34m[1784833787.153] [11696:11696] [DMG] Endpoint 1, Cluster 0x0000_042A update version to d2c723de[0m
[0;34m[1784833787.153] [11696:11696] [DMG] Endpoint 1, Cluster 0x0000_042B update version to a40d6be[0m
[0;34m[1784833787.153] [11696:11696] [DMG] Endpoint 1, Cluster 0x0000_042B update version to a40d6bf[0m
[0;34m[1784833787.153] [11696:11696] [DMG] Endpoint 1, Cluster 0x0000_042B update version to a40d6c0[0m
[0;34m[1784833787.153] [11696:11696] [DMG] Endpoint 1, Cluster 0x0000_042B update version to a40d6c1[0m
[0;34m[1784833787.153] [11696:11696] [DMG] Endpoint 1, Cluster 0x0000_042B update version to a40d6c2[0m
[0;34m[1784833787.153] [11696:11696] [DMG] Endpoint 1, Cluster 0x0000_042B update version to a40d6c3[0m
[0;34m[1784833787.153] [11696:11696] [DMG] Endpoint 1, Cluster 0x0000_042B update version to a40d6c4[0m
[0;34m[1784833787.153] [11696:11696] [DMG] Endpoint 1, Cluster 0x0000_042B update version to a40d6c5[0m
[0;34m[1784833787.153] [11696:11696] [DMG] Endpoint 1, Cluster 0x0000_042C update version to 93724b2a[0m
[0;34m[1784833787.153] [11696:11696] [DMG] Endpoint 1, Cluster 0x0000_042C update version to 93724b2b[0m
[0;34m[1784833787.153] [11696:11696] [DMG] Endpoint 1, Cluster 0x0000_042C update version to 93724b2c[0m
[0;34m[1784833787.153] [11696:11696] [DMG] Endpoint 1, Cluster 0x0000_042C update version to 93724b2d[0m
[0;34m[1784833787.153] [11696:11696] [DMG] Endpoint 1, Cluster 0x0000_042C update version to 93724b2e[0m
[0;34m[1784833787.153] [11696:11696] [DMG] Endpoint 1, Cluster 0x0000_042C update version to 93724b2f[0m
[0;34m[1784833787.153] [11696:11696] [DMG] Endpoint 1, Cluster 0x0000_042C update version to 93724b30[0m
[0;34m[1784833787.153] [11696:11696] [DMG] Endpoint 1, Cluster 0x0000_042C update version to 93724b31[0m
[0;34m[1784833787.153] [11696:11696] [DMG] Endpoint 1, Cluster 0x0000_042D update version to ddb17494[0m
[0;34m[1784833787.153] [11696:11696] [DMG] Endpoint 1, Cluster 0x0000_042D update version to ddb17495[0m
[0;34m[1784833787.153] [11696:11696] [DMG] Endpoint 1, Cluster 0x0000_042D update version to ddb17496[0m
[0;34m[1784833787.153] [11696:11696] [DMG] Endpoint 1, Cluster 0x0000_042D update version to ddb17497[0m
[0;34m[1784833787.153] [11696:11696] [DMG] Endpoint 1, Cluster 0x0000_042D update version to ddb17498[0m
[0;34m[1784833787.153] [11696:11696] [DMG] Endpoint 1, Cluster 0x0000_042D update version to ddb17499[0m
[0;34m[1784833787.153] [11696:11696] [DMG] Endpoint 1, Cluster 0x0000_042D update version to ddb1749a[0m
[0;34m[1784833787.153] [11696:11696] [DMG] Endpoint 1, Cluster 0x0000_042D update version to ddb1749b[0m
[0;34m[1784833787.153] [11696:11696] [DMG] Endpoint 1, Cluster 0x0000_042E update version to 2bc8e6c4[0m
[0;34m[1784833787.153] [11696:11696] [DMG] Endpoint 1, Cluster 0x0000_042E update version to 2bc8e6c5[0m
[0;34m[1784833787.153] [11696:11696] [DMG] Endpoint 1, Cluster 0x0000_042E update version to 2bc8e6c6[0m
[0;34m[1784833787.153] [11696:11696] [DMG] Endpoint 1, Cluster 0x0000_042E update version to 2bc8e6c7[0m
[0;34m[1784833787.153] [11696:11696] [DMG] Endpoint 1, Cluster 0x0000_042E update version to 2bc8e6c8[0m
[0;34m[1784833787.153] [11696:11696] [DMG] Endpoint 1, Cluster 0x0000_042E update version to 2bc8e6c9[0m
[0;34m[1784833787.153] [11696:11696] [DMG] Endpoint 1, Cluster 0x0000_042E update version to 2bc8e6ca[0m
[0;34m[1784833787.153] [11696:11696] [DMG] Endpoint 1, Cluster 0x0000_042E update version to 2bc8e6cb[0m
[0;34m[1784833787.153] [11696:11696] [DMG] Endpoint 1, Cluster 0x0000_042F update version to 70c93d1e[0m
[0;34m[1784833787.153] [11696:11696] [DMG] Endpoint 1, Cluster 0x0000_042F update version to 70c93d1f[0m
[0;34m[1784833787.153] [11696:11696] [DMG] Endpoint 1, Cluster 0x0000_042F update version to 70c93d20[0m
[0;34m[1784833787.153] [11696:11696] [DMG] Endpoint 1, Cluster 0x0000_042F update version to 70c93d21[0m
[0;34m[1784833787.153] [11696:11696] [DMG] Endpoint 1, Cluster 0x0000_042F update version to 70c93d22[0m
[0;34m[1784833787.153] [11696:11696] [DMG] Endpoint 1, Cluster 0x0000_042F update version to 70c93d23[0m
[0;34m[1784833787.153] [11696:11696] [DMG] Endpoint 1, Cluster 0x0000_042F update version to 70c93d24[0m
[0;34m[1784833787.153] [11696:11696] [DMG] Endpoint 1, Cluster 0x0000_042F update version to 70c93d25[0m
[0;32m[1784833787.153] [11696:11696] [-] Setting LowPower default delegate to global manager[0m
[0;34m[1784833787.153] [11696:11696] [DMG] Endpoint 2, Cluster 0x0000_0004 update version to 33719c9e[0m
[0;34m[1784833787.153] [11696:11696] [DMG] Endpoint 2, Cluster 0x0000_0004 update version to 33719c9f[0m
[1;31m[1784833787.153] [11696:11696] [IM] Duplicate attribute override registration failed[0m
[0;34m[1784833787.153] [11696:11696] [DMG] Endpoint 2, Cluster 0x0000_0406 update version to f497bed0[0m
[0;34m[1784833787.153] [11696:11696] [DMG] Endpoint 2, Cluster 0x0000_0406 update version to f497bed1[0m
[0;32m[1784833787.153] [11696:11696] [DMG] TLSClientManagementCluster: initializing[0m
[0;32m[1784833787.153] [11696:11696] [DMG] TLSCertificateManagementCluster: initializing[0m
[0;34m[1784833787.153] [11696:11696] [ZCL] Chime: Unable to load the SelectedChime attribute from the KVS. Defaulting to 0[0m
[0;34m[1784833787.153] [11696:11696] [ZCL] Chime: Unable to load the Enabled attribute from the KVS. Defaulting to 1[0m
[0;34m[1784833787.153] [11696:11696] [EVL] LogEvent event number: 0x0000000000000001 priority: 2, endpoint id:  0x0 cluster id: 0x0000_0033 event id: 0x3 Epoch timestamp: 0x0000019F90624511[0m
[0;34m[1784833787.156] [11696:11696] [DL] Wrote settings to /tmp/chip_kvs_test[0m
[0;32m[1784833787.156] [11696:11696] [DMG] AccessControlCluster: initializing[0m
[0;34m[1784833787.156] [11696:11696] [IN] SecureSession[0x60ab57592890]: Allocated Type:1 LSID:24135[0m
[0;34m[1784833787.156] [11696:11696] [SC] Assigned local session key ID 24135[0m
[0;34m[1784833787.156] [11696:11696] [SC] Waiting for PBKDF param request[0m
[0;32m[1784833787.156] [11696:11696] [DIS] Updating services using commissioning mode 1[0m
[0;32m[1784833787.157] [11696:11696] [DIS] CHIP minimal mDNS started advertising.[0m
[0;34m[1784833787.157] [11696:11696] [DL] Using WiFi MAC for hostname[0m
[0;34m[1784833787.157] [11696:11696] [DIS] DNS-SD Pairing Instruction not set[0m
[0;32m[1784833787.157] [11696:11696] [DIS] Advertise commission parameter vendorID=65521 productID=32769 discriminator=3840/15 cm=1 cp=0 jf=0[0m
[0;34m[1784833787.157] [11696:11696] [DIS] Responding with _matterc._udp.local[0m
[0;34m[1784833787.157] [11696:11696] [DIS] Responding with 5A55D96BE70A09AD._matterc._udp.local[0m
[0;34m[1784833787.157] [11696:11696] [DIS] Responding with 080027AE1A43.local[0m
[0;34m[1784833787.157] [11696:11696] [DIS] Responding with 080027AE1A43.local[0m
[0;34m[1784833787.157] [11696:11696] [DIS] Responding with _V65521._sub._matterc._udp.local[0m
[0;34m[1784833787.157] [11696:11696] [DIS] Responding with _T257._sub._matterc._udp.local[0m
[0;34m[1784833787.157] [11696:11696] [DIS] Responding with _S15._sub._matterc._udp.local[0m
[0;34m[1784833787.157] [11696:11696] [DIS] Responding with _L3840._sub._matterc._udp.local[0m
[0;34m[1784833787.157] [11696:11696] [DIS] Responding with _CM._sub._matterc._udp.local[0m
[0;34m[1784833787.157] [11696:11696] [DIS] Responding with 5A55D96BE70A09AD._matterc._udp.local[0m
[0;32m[1784833787.157] [11696:11696] [DIS] CHIP minimal mDNS configured as 'Commissionable node device'; instance name: 5A55D96BE70A09AD.[0m
[0;32m[1784833787.157] [11696:11696] [DIS] mDNS service published: _matterc._udp[0m
[0;32m[1784833787.157] [11696:11696] [DIS] Updating services using commissioning mode 1[0m
[0;32m[1784833787.158] [11696:11696] [DIS] CHIP minimal mDNS started advertising.[0m
[0;34m[1784833787.159] [11696:11696] [DL] Using WiFi MAC for hostname[0m
[0;34m[1784833787.159] [11696:11696] [DIS] DNS-SD Pairing Instruction not set[0m
[0;32m[1784833787.159] [11696:11696] [DIS] Advertise commission parameter vendorID=65521 productID=32769 discriminator=3840/15 cm=1 cp=0 jf=0[0m
[0;34m[1784833787.159] [11696:11696] [DIS] Responding with _matterc._udp.local[0m
[0;34m[1784833787.159] [11696:11696] [DIS] Responding with 5A55D96BE70A09AD._matterc._udp.local[0m
[0;34m[1784833787.159] [11696:11696] [DIS] Responding with 080027AE1A43.local[0m
[0;34m[1784833787.159] [11696:11696] [DIS] Responding with 080027AE1A43.local[0m
[0;34m[1784833787.159] [11696:11696] [DIS] Responding with _V65521._sub._matterc._udp.local[0m
[0;34m[1784833787.159] [11696:11696] [DIS] Responding with _T257._sub._matterc._udp.local[0m
[0;34m[1784833787.159] [11696:11696] [DIS] Responding with _S15._sub._matterc._udp.local[0m
[0;34m[1784833787.159] [11696:11696] [DIS] Responding with _L3840._sub._matterc._udp.local[0m
[0;34m[1784833787.159] [11696:11696] [DIS] Responding with _CM._sub._matterc._udp.local[0m
[0;34m[1784833787.159] [11696:11696] [DIS] Responding with 5A55D96BE70A09AD._matterc._udp.local[0m
[0;32m[1784833787.159] [11696:11696] [DIS] CHIP minimal mDNS configured as 'Commissionable node device'; instance name: 5A55D96BE70A09AD.[0m
[0;32m[1784833787.160] [11696:11696] [DIS] mDNS service published: _matterc._udp[0m
[0;32m[1784833787.160] [11696:11696] [IN] CASE Server enabling CASE session setups[0m
[0;34m[1784833787.160] [11696:11696] [IN] SecureSession[0x60ab57592da0]: Allocated Type:2 LSID:24136[0m
[0;34m[1784833787.160] [11696:11696] [SC] Allocated SecureSession (0x60ab57592da0) - waiting for Sigma1 msg[0m
[0;32m[1784833787.160] [11696:11696] [SVR] Joining Multicast groups[0m
[0;34m[1784833787.160] [11696:11696] [ZCL] Emitting StartUp event[0m
[0;34m[1784833787.160] [11696:11696] [EVL] LogEvent event number: 0x0000000000000002 priority: 2, endpoint id:  0x0 cluster id: 0x0000_0028 event id: 0x0 Epoch timestamp: 0x0000019F90624518[0m
[0;32m[1784833787.160] [11696:11696] [SVR] Server initialization complete[0m
[0;32m[1784833787.160] [11696:11696] [SVR] Server Listening...[0m
[0;32m[1784833787.160] [11696:11696] [DL] Device Configuration:[0m
[0;32m[1784833787.160] [11696:11696] [DL]   Serial Number: TEST_SN[0m
[0;32m[1784833787.160] [11696:11696] [DL]   Vendor Id: 65521 (0xFFF1)[0m
[0;32m[1784833787.160] [11696:11696] [DL]   Product Id: 32769 (0x8001)[0m
[0;32m[1784833787.160] [11696:11696] [DL]   Product Name: TEST_PRODUCT[0m
[0;32m[1784833787.160] [11696:11696] [DL]   Hardware Version: 0[0m
[0;32m[1784833787.160] [11696:11696] [DL]   Setup Pin Code (0 for UNKNOWN/ERROR): 20202021[0m
[0;32m[1784833787.160] [11696:11696] [DL]   Setup Discriminator (0xFFFF for UNKNOWN/ERROR): 3840 (0xF00)[0m
[0;32m[1784833787.160] [11696:11696] [DL]   Manufacturing Date: (not set)[0m
[0;32m[1784833787.160] [11696:11696] [DL]   Device Type: 257 (0x101)[0m
[0;32m[1784833787.160] [11696:11696] [SVR] SetupQRCode: [MT:-24J042C00KA0648G00][0m
[0;32m[1784833787.160] [11696:11696] [SVR] Copy/paste the below URL in a browser to see the QR Code:[0m
[0;32m[1784833787.160] [11696:11696] [SVR] https://project-chip.github.io/connectedhomeip/qrcode.html?data=MT%3A-24J042C00KA0648G00[0m
[0;32m[1784833787.160] [11696:11696] [SVR] Manual pairing code: [34970112332][0m
[0;34m[1784833787.160] [11696:11696] [DMG] Endpoint 0, Cluster 0x0000_001D update version to 9ca56fdc[0m
[0;34m[1784833787.160] [11696:11696] [DMG] Endpoint 1, Cluster 0x0000_005D update version to 6beacdfe[0m
[0;34m[1784833787.160] [11696:11696] [DMG] Endpoint 1, Cluster 0x0000_005D update version to 6beacdff[0m
[0;34m[1784833787.160] [11696:11696] [DMG] Endpoint 1, Cluster 0x0000_005D update version to 6beace00[0m
[0;34m[1784833787.160] [11696:11696] [DMG] Endpoint 1, Cluster 0x0000_005D update version to 6beace01[0m
[0;34m[1784833787.160] [11696:11696] [EVL] LogEvent event number: 0x0000000000000003 priority: 1, endpoint id:  0x1 cluster id: 0x0000_005D event id: 0x0 Epoch timestamp: 0x0000019F90624518[0m
[0;32m[1784833787.160] [11696:11696] [ZCL] Set number of supported temperature units to: 2[0m
[0;34m[1784833787.160] [11696:11696] [DMG] Endpoint 0, Cluster 0x0000_002D update version to db3990ef[0m
[0;34m[1784833787.163] [11696:11696] [DL] Wrote settings to /tmp/chip_kvs_test[0m
[0;32m[1784833787.163] [11696:11696] [DL] ===== APP STATUS: Starting event loop =====[0m
[1;31m[1784833812.168] [11696:11697] [DL] FAIL: Get D-Bus object manager client: Error calling StartServiceByName for org.bluez: Failed to activate service 'org.bluez': timed out (service_start_timeout=25000ms)[0m
[1;31m[1784833812.169] [11696:11696] [DL] Disabling CHIPoBLE service due to error: src/platform/Linux/bluez/BluezObjectManager.cpp:280: CHIP Error 0x000000AC: Internal error[0m
[1;31m[1784833812.169] [11696:11696] [DL] Long dispatch time: 25006 ms, for event type 3[0m
[0;32m[1784833812.169] [11696:11696] [SVR] Cannot load binding table: src/platform/Linux/KeyValueStoreManagerImpl.cpp:53: CHIP Error 0x000000A0: Value not found in the persisted storage[0m
[0;32m[1784833812.169] [11696:11696] [DIS] Updating services using commissioning mode 1[0m
[0;32m[1784833812.169] [11696:11696] [DIS] CHIP minimal mDNS started advertising.[0m
[0;34m[1784833812.170] [11696:11696] [DL] Using WiFi MAC for hostname[0m
[0;34m[1784833812.170] [11696:11696] [DIS] DNS-SD Pairing Instruction not set[0m
[0;32m[1784833812.170] [11696:11696] [DIS] Advertise commission parameter vendorID=65521 productID=32769 discriminator=3840/15 cm=1 cp=0 jf=0[0m
[0;34m[1784833812.171] [11696:11696] [DIS] Responding with _matterc._udp.local[0m
[0;34m[1784833812.171] [11696:11696] [DIS] Responding with 5A55D96BE70A09AD._matterc._udp.local[0m
[0;34m[1784833812.171] [11696:11696] [DIS] Responding with 080027AE1A43.local[0m
[0;34m[1784833812.171] [11696:11696] [DIS] Responding with 080027AE1A43.local[0m
[0;34m[1784833812.171] [11696:11696] [DIS] Responding with _V65521._sub._matterc._udp.local[0m
[0;34m[1784833812.171] [11696:11696] [DIS] Responding with _T257._sub._matterc._udp.local[0m
[0;34m[1784833812.171] [11696:11696] [DIS] Responding with _S15._sub._matterc._udp.local[0m
[0;34m[1784833812.171] [11696:11696] [DIS] Responding with _L3840._sub._matterc._udp.local[0m
[0;34m[1784833812.171] [11696:11696] [DIS] Responding with _CM._sub._matterc._udp.local[0m
[0;34m[1784833812.171] [11696:11696] [DIS] Responding with 5A55D96BE70A09AD._matterc._udp.local[0m
[0;32m[1784833812.171] [11696:11696] [DIS] CHIP minimal mDNS configured as 'Commissionable node device'; instance name: 5A55D96BE70A09AD.[0m
[0;32m[1784833812.171] [11696:11696] [DIS] mDNS service published: _matterc._udp[0m
[0;32m[1784833812.171] [11696:11696] [IM] No subscriptions to resume[0m
[0;34m[1784833812.171] [11696:11696] [DMG] Endpoint 0, Cluster 0x0000_0038 update version to e27b8a83[0m
[0;32m[1784833812.351] [11696:11696] [EM] >>> [E:58625r S:0 M:230638365] (U) Msg RX from 0:ACD30CC90B7ED307 [0000] to 0000000000000000 --- Type 0000:20 (SecureChannel:PBKDFParamRequest) (B:98)[0m
[0;34m[1784833812.351] [11696:11696] [EM] Handling via exchange: 58625r, Delegate: 0x60ab39346d08[0m
[0;34m[1784833812.351] [11696:11696] [SC] Received PBKDF param request[0m
[0;34m[1784833812.351] [11696:11696] [SC] Peer assigned session ID 59532[0m
[0;34m[1784833812.351] [11696:11696] [SC] Found MRP parameters in the message[0m
[0;32m[1784833812.351] [11696:11696] [EM] <<< [E:58625r S:0 M:550539 (Ack:230638365)] (U) Msg TX from 0000000000000000 to 0:ACD30CC90B7ED307 [0000] [UDP:[fe80::bfe:a203:38f0:bce7%enp0s3]:48419] --- Type 0000:21 (SecureChannel:PBKDFParamResponse) (B:174)[0m
[0;32m[1784833812.351] [11696:11696] [EM] ??1 [E:58625r S:0 M:550539] (U) Msg Retransmission to 0:0000000000000000 scheduled for 340ms from now [State:Active II:500 AI:300 AT:4000][0m
[0;34m[1784833812.351] [11696:11696] [SC] Sent PBKDF param response[0m
[0;32m[1784833812.351] [11696:11696] [SVR] Commissioning session establishment step started[0m
[0;32m[1784833812.352] [11696:11696] [EM] >>> [E:58625r S:0 M:230638366 (Ack:550539)] (U) Msg RX from 0:ACD30CC90B7ED307 [0000] to 0000000000000000 --- Type 0000:22 (SecureChannel:PASE_Pake1) (B:96)[0m
[0;34m[1784833812.352] [11696:11696] [EM] Found matching exchange: 58625r, Delegate: 0x60ab39346d08[0m
[0;34m[1784833812.352] [11696:11696] [EM] Rxd Ack; Removing MessageCounter:550539 from Retrans Table on exchange 58625r[0m
[0;34m[1784833812.352] [11696:11696] [SC] Received spake2p msg1[0m
[0;32m[1784833812.353] [11696:11696] [EM] <<< [E:58625r S:0 M:550540 (Ack:230638366)] (U) Msg TX from 0000000000000000 to 0:ACD30CC90B7ED307 [0000] [UDP:[fe80::bfe:a203:38f0:bce7%enp0s3]:48419] --- Type 0000:23 (SecureChannel:PASE_Pake2) (B:131)[0m
[0;32m[1784833812.353] [11696:11696] [EM] ??1 [E:58625r S:0 M:550540] (U) Msg Retransmission to 0:0000000000000000 scheduled for 374ms from now [State:Active II:500 AI:300 AT:4000][0m
[0;34m[1784833812.353] [11696:11696] [SC] Sent spake2p msg2[0m
[0;32m[1784833812.353] [11696:11696] [EM] >>> [E:58625r S:0 M:230638367 (Ack:550540)] (U) Msg RX from 0:ACD30CC90B7ED307 [0000] to 0000000000000000 --- Type 0000:24 (SecureChannel:PASE_Pake3) (B:63)[0m
[0;34m[1784833812.353] [11696:11696] [EM] Found matching exchange: 58625r, Delegate: 0x60ab39346d08[0m
[0;34m[1784833812.353] [11696:11696] [EM] Rxd Ack; Removing MessageCounter:550540 from Retrans Table on exchange 58625r[0m
[0;34m[1784833812.353] [11696:11696] [SC] Received spake2p msg3[0m
[0;34m[1784833812.353] [11696:11696] [SC] Sending status report. Protocol code 0, exchange 58625[0m
[0;32m[1784833812.353] [11696:11696] [EM] <<< [E:58625r S:0 M:550541 (Ack:230638367)] (U) Msg TX from 0000000000000000 to 0:ACD30CC90B7ED307 [0000] [UDP:[fe80::bfe:a203:38f0:bce7%enp0s3]:48419] --- Type 0000:40 (SecureChannel:StatusReport) (B:34)[0m
[0;32m[1784833812.353] [11696:11696] [EM] ??1 [E:58625r S:0 M:550541] (U) Msg Retransmission to 0:0000000000000000 scheduled for 378ms from now [State:Active II:500 AI:300 AT:4000][0m
[0;32m[1784833812.354] [11696:11696] [SC] SecureSession[0x60ab57592890, LSID:24135]: State change 'kEstablishing' --> 'kActive'[0m
[0;34m[1784833812.354] [11696:11696] [IN] SecureSession[0x60ab57592890]: Activated - Type:1 LSID:24135[0m
[0;34m[1784833812.354] [11696:11696] [IN] New secure session activated for device <FFFFFFFB00000000, 0>, LSID:24135 PSID:59532![0m
[0;32m[1784833812.354] [11696:11696] [SVR] Commissioning completed session establishment step[0m
[0;32m[1784833812.354] [11696:11696] [DIS] Updating services using commissioning mode 0[0m
[0;32m[1784833812.354] [11696:11696] [DIS] CHIP minimal mDNS started advertising.[0m
[0;32m[1784833812.355] [11696:11696] [SVR] Device completed Rendezvous process[0m
[0;32m[1784833812.355] [11696:11696] [EM] >>> [E:58626r S:24135 M:118782374] (S) Msg RX from 0:FFFFFFFB00000000 [0000] to 0000000000000000 --- Type 0001:02 (IM:ReadRequest) (B:136)[0m
[0;34m[1784833812.355] [11696:11696] [EM] Handling via exchange: 58626r, Delegate: 0x60ab3934eac8[0m
[0;34m[1784833812.355] [11696:11696] [IM] Received Read request[0m
[0;34m[1784833812.355] [11696:11696] [DMG] ReadRequestMessage =[0m
[0;34m[1784833812.355] [11696:11696] [DMG] {[0m
[0;34m[1784833812.355] [11696:11696] [DMG] 	AttributePathIBs =[0m
[0;34m[1784833812.355] [11696:11696] [DMG] 	[[0m
[0;34m[1784833812.355] [11696:11696] [DMG] 		AttributePathIB =[0m
[0;34m[1784833812.355] [11696:11696] [DMG] 		{[0m
[0;34m[1784833812.355] [11696:11696] [DMG] 			Endpoint = 0x0,[0m
[0;34m[1784833812.355] [11696:11696] [DMG] 			Cluster = 0x30,[0m
[0;34m[1784833812.355] [11696:11696] [DMG] 			Attribute = 0x0000_0004,[0m
[0;34m[1784833812.355] [11696:11696] [DMG] 		}[0m
[0;34m[1784833812.355] [11696:11696] [DMG] 			[0m
[0;34m[1784833812.355] [11696:11696] [DMG] 		AttributePathIB =[0m
[0;34m[1784833812.355] [11696:11696] [DMG] 		{[0m
[0;34m[1784833812.355] [11696:11696] [DMG] 			Endpoint = 0x0,[0m
[0;34m[1784833812.355] [11696:11696] [DMG] 			Cluster = 0x30,[0m
[0;34m[1784833812.355] [11696:11696] [DMG] 			Attribute = 0x0000_0000,[0m
[0;34m[1784833812.355] [11696:11696] [DMG] 		}[0m
[0;34m[1784833812.355] [11696:11696] [DMG] 			[0m
[0;34m[1784833812.355] [11696:11696] [DMG] 		AttributePathIB =[0m
[0;34m[1784833812.355] [11696:11696] [DMG] 		{[0m
[0;34m[1784833812.355] [11696:11696] [DMG] 			Endpoint = 0x0,[0m
[0;34m[1784833812.355] [11696:11696] [DMG] 			Cluster = 0x30,[0m
[0;34m[1784833812.355] [11696:11696] [DMG] 			Attribute = 0x0000_0001,[0m
[0;34m[1784833812.355] [11696:11696] [DMG] 		}[0m
[0;34m[1784833812.355] [11696:11696] [DMG] 			[0m
[0;34m[1784833812.355] [11696:11696] [DMG] 		AttributePathIB =[0m
[0;34m[1784833812.355] [11696:11696] [DMG] 		{[0m
[0;34m[1784833812.355] [11696:11696] [DMG] 			Endpoint = 0x0,[0m
[0;34m[1784833812.355] [11696:11696] [DMG] 			Cluster = 0x30,[0m
[0;34m[1784833812.355] [11696:11696] [DMG] 			Attribute = 0x0000_0002,[0m
[0;34m[1784833812.355] [11696:11696] [DMG] 		}[0m
[0;34m[1784833812.355] [11696:11696] [DMG] 			[0m
[0;34m[1784833812.355] [11696:11696] [DMG] 		AttributePathIB =[0m
[0;34m[1784833812.355] [11696:11696] [DMG] 		{[0m
[0;34m[1784833812.355] [11696:11696] [DMG] 			Endpoint = 0x0,[0m
[0;34m[1784833812.355] [11696:11696] [DMG] 			Cluster = 0x30,[0m
[0;34m[1784833812.355] [11696:11696] [DMG] 			Attribute = 0x0000_0003,[0m
[0;34m[1784833812.355] [11696:11696] [DMG] 		}[0m
[0;34m[1784833812.355] [11696:11696] [DMG] 			[0m
[0;34m[1784833812.355] [11696:11696] [DMG] 		AttributePathIB =[0m
[0;34m[1784833812.355] [11696:11696] [DMG] 		{[0m
[0;34m[1784833812.355] [11696:11696] [DMG] 			Endpoint = 0x0,[0m
[0;34m[1784833812.355] [11696:11696] [DMG] 			Cluster = 0x30,[0m
[0;34m[1784833812.355] [11696:11696] [DMG] 			Attribute = 0x0000_000C,[0m
[0;34m[1784833812.355] [11696:11696] [DMG] 		}[0m
[0;34m[1784833812.355] [11696:11696] [DMG] 			[0m
[0;34m[1784833812.355] [11696:11696] [DMG] 		AttributePathIB =[0m
[0;34m[1784833812.355] [11696:11696] [DMG] 		{[0m
[0;34m[1784833812.355] [11696:11696] [DMG] 			Endpoint = 0x0,[0m
[0;34m[1784833812.355] [11696:11696] [DMG] 			Cluster = 0x28,[0m
[0;34m[1784833812.355] [11696:11696] [DMG] 			Attribute = 0x0000_0002,[0m
[0;34m[1784833812.355] [11696:11696] [DMG] 		}[0m
[0;34m[1784833812.355] [11696:11696] [DMG] 			[0m
[0;34m[1784833812.355] [11696:11696] [DMG] 		AttributePathIB =[0m
[0;34m[1784833812.355] [11696:11696] [DMG] 		{[0m
[0;34m[1784833812.355] [11696:11696] [DMG] 			Endpoint = 0x0,[0m
[0;34m[1784833812.355] [11696:11696] [DMG] 			Cluster = 0x28,[0m
[0;34m[1784833812.355] [11696:11696] [DMG] 			Attribute = 0x0000_0004,[0m
[0;34m[1784833812.355] [11696:11696] [DMG] 		}[0m
[0;34m[1784833812.355] [11696:11696] [DMG] 			[0m
[0;34m[1784833812.355] [11696:11696] [DMG] 		AttributePathIB =[0m
[0;34m[1784833812.355] [11696:11696] [DMG] 		{[0m
[0;34m[1784833812.355] [11696:11696] [DMG] 			Endpoint = 0x0,[0m
[0;34m[1784833812.355] [11696:11696] [DMG] 			Cluster = 0x38,[0m
[0;34m[1784833812.355] [11696:11696] [DMG] 		}[0m
[0;34m[1784833812.355] [11696:11696] [DMG] 			[0m
[0;34m[1784833812.355] [11696:11696] [DMG] 	],[0m
[0;34m[1784833812.355] [11696:11696] [DMG] 		[0m
[0;34m[1784833812.355] [11696:11696] [DMG] 	isFabricFiltered = false, [0m
[0;34m[1784833812.355] [11696:11696] [DMG] 	InteractionModelRevision = 12[0m
[0;34m[1784833812.355] [11696:11696] [DMG] },[0m
[0;34m[1784833812.355] [11696:11696] [DMG] IM RH moving to [CanStartReporting][0m
[0;34m[1784833812.356] [11696:11696] [DMG] Building Reports for ReadHandler with LastReportGeneration = 0x0000000000000000 DirtyGeneration = 0x0000000000000000[0m
[0;34m[1784833812.356] [11696:11696] [DMG] <RE:Run> Cluster 38, Attribute 0 is dirty[0m
[0;32m[1784833812.356] [11696:11696] [DMG] AccessControl: checking f=0 a=p s=0xFFFFFFFB00000000 t= c=0x0000_0038 e=0 p=v r=r[0m
[0;32m[1784833812.356] [11696:11696] [DMG] AccessControl: implicit admin (PASE)[0m
[0;32m[1784833812.356] [11696:11696] [DMG] AccessControl: checking f=0 a=p s=0xFFFFFFFB00000000 t= c=0x0000_0038 e=0 p=v r=r[0m
[0;32m[1784833812.356] [11696:11696] [DMG] AccessControl: implicit admin (PASE)[0m
[0;34m[1784833812.356] [11696:11696] [DMG] Reading attribute: Cluster=0x0000_0038 Endpoint=0x0 AttributeId=0x0000_0000 (expanded=1)[0m
[0;34m[1784833812.356] [11696:11696] [DMG] <RE:Run> Cluster 38, Attribute 1 is dirty[0m
[0;32m[1784833812.356] [11696:11696] [DMG] AccessControl: checking f=0 a=p s=0xFFFFFFFB00000000 t= c=0x0000_0038 e=0 p=v r=r[0m
[0;32m[1784833812.356] [11696:11696] [DMG] AccessControl: implicit admin (PASE)[0m
[0;32m[1784833812.356] [11696:11696] [DMG] AccessControl: checking f=0 a=p s=0xFFFFFFFB00000000 t= c=0x0000_0038 e=0 p=v r=r[0m
[0;32m[1784833812.356] [11696:11696] [DMG] AccessControl: implicit admin (PASE)[0m
[0;34m[1784833812.356] [11696:11696] [DMG] Reading attribute: Cluster=0x0000_0038 Endpoint=0x0 AttributeId=0x0000_0001 (expanded=1)[0m
[0;34m[1784833812.356] [11696:11696] [DMG] <RE:Run> Cluster 38, Attribute 2 is dirty[0m
[0;32m[1784833812.356] [11696:11696] [DMG] AccessControl: checking f=0 a=p s=0xFFFFFFFB00000000 t= c=0x0000_0038 e=0 p=v r=r[0m
[0;32m[1784833812.356] [11696:11696] [DMG] AccessControl: implicit admin (PASE)[0m
[0;32m[1784833812.356] [11696:11696] [DMG] AccessControl: checking f=0 a=p s=0xFFFFFFFB00000000 t= c=0x0000_0038 e=0 p=v r=r[0m
[0;32m[1784833812.356] [11696:11696] [DMG] AccessControl: implicit admin (PASE)[0m
[0;34m[1784833812.356] [11696:11696] [DMG] Reading attribute: Cluster=0x0000_0038 Endpoint=0x0 AttributeId=0x0000_0002 (expanded=1)[0m
[0;34m[1784833812.356] [11696:11696] [DMG] <RE:Run> Cluster 38, Attribute 3 is dirty[0m
[0;32m[1784833812.356] [11696:11696] [DMG] AccessControl: checking f=0 a=p s=0xFFFFFFFB00000000 t= c=0x0000_0038 e=0 p=v r=r[0m
[0;32m[1784833812.356] [11696:11696] [DMG] AccessControl: implicit admin (PASE)[0m
[0;32m[1784833812.356] [11696:11696] [DMG] AccessControl: checking f=0 a=p s=0xFFFFFFFB00000000 t= c=0x0000_0038 e=0 p=v r=r[0m
[0;32m[1784833812.356] [11696:11696] [DMG] AccessControl: implicit admin (PASE)[0m
[0;34m[1784833812.356] [11696:11696] [DMG] Reading attribute: Cluster=0x0000_0038 Endpoint=0x0 AttributeId=0x0000_0003 (expanded=1)[0m
[0;34m[1784833812.356] [11696:11696] [DMG] <RE:Run> Cluster 38, Attribute 4 is dirty[0m
[0;32m[1784833812.356] [11696:11696] [DMG] AccessControl: checking f=0 a=p s=0xFFFFFFFB00000000 t= c=0x0000_0038 e=0 p=v r=r[0m
[0;32m[1784833812.356] [11696:11696] [DMG] AccessControl: implicit admin (PASE)[0m
[0;32m[1784833812.356] [11696:11696] [DMG] AccessControl: checking f=0 a=p s=0xFFFFFFFB00000000 t= c=0x0000_0038 e=0 p=v r=r[0m
[0;32m[1784833812.356] [11696:11696] [DMG] AccessControl: implicit admin (PASE)[0m
[0;34m[1784833812.356] [11696:11696] [DMG] Reading attribute: Cluster=0x0000_0038 Endpoint=0x0 AttributeId=0x0000_0004 (expanded=1)[0m
[0;34m[1784833812.356] [11696:11696] [DMG] <RE:Run> Cluster 38, Attribute 5 is dirty[0m
[0;32m[1784833812.356] [11696:11696] [DMG] AccessControl: checking f=0 a=p s=0xFFFFFFFB00000000 t= c=0x0000_0038 e=0 p=v r=r[0m
[0;32m[1784833812.356] [11696:11696] [DMG] AccessControl: implicit admin (PASE)[0m
[0;32m[1784833812.356] [11696:11696] [DMG] AccessControl: checking f=0 a=p s=0xFFFFFFFB00000000 t= c=0x0000_0038 e=0 p=v r=r[0m
[0;32m[1784833812.356] [11696:11696] [DMG] AccessControl: implicit admin (PASE)[0m
[0;34m[1784833812.356] [11696:11696] [DMG] Reading attribute: Cluster=0x0000_0038 Endpoint=0x0 AttributeId=0x0000_0005 (expanded=1)[0m
[0;34m[1784833812.356] [11696:11696] [DMG] <RE:Run> Cluster 38, Attribute 6 is dirty[0m
[0;32m[1784833812.356] [11696:11696] [DMG] AccessControl: checking f=0 a=p s=0xFFFFFFFB00000000 t= c=0x0000_0038 e=0 p=v r=r[0m
[0;32m[1784833812.356] [11696:11696] [DMG] AccessControl: implicit admin (PASE)[0m
[0;32m[1784833812.356] [11696:11696] [DMG] AccessControl: checking f=0 a=p s=0xFFFFFFFB00000000 t= c=0x0000_0038 e=0 p=v r=r[0m
[0;32m[1784833812.356] [11696:11696] [DMG] AccessControl: implicit admin (PASE)[0m
[0;34m[1784833812.356] [11696:11696] [DMG] Reading attribute: Cluster=0x0000_0038 Endpoint=0x0 AttributeId=0x0000_0006 (expanded=1)[0m
[0;34m[1784833812.356] [11696:11696] [DMG] <RE:Run> Cluster 38, Attribute 7 is dirty[0m
[0;32m[1784833812.356] [11696:11696] [DMG] AccessControl: checking f=0 a=p s=0xFFFFFFFB00000000 t= c=0x0000_0038 e=0 p=v r=r[0m
[0;32m[1784833812.356] [11696:11696] [DMG] AccessControl: implicit admin (PASE)[0m
[0;32m[1784833812.356] [11696:11696] [DMG] AccessControl: checking f=0 a=p s=0xFFFFFFFB00000000 t= c=0x0000_0038 e=0 p=v r=r[0m
[0;32m[1784833812.356] [11696:11696] [DMG] AccessControl: implicit admin (PASE)[0m
[0;34m[1784833812.356] [11696:11696] [DMG] Reading attribute: Cluster=0x0000_0038 Endpoint=0x0 AttributeId=0x0000_0007 (expanded=1)[0m
[0;34m[1784833812.356] [11696:11696] [DMG] <RE:Run> Cluster 38, Attribute 8 is dirty[0m
[0;32m[1784833812.356] [11696:11696] [DMG] AccessControl: checking f=0 a=p s=0xFFFFFFFB00000000 t= c=0x0000_0038 e=0 p=v r=r[0m
[0;32m[1784833812.356] [11696:11696] [DMG] AccessControl: implicit admin (PASE)[0m
[0;32m[1784833812.356] [11696:11696] [DMG] AccessControl: checking f=0 a=p s=0xFFFFFFFB00000000 t= c=0x0000_0038 e=0 p=v r=r[0m
[0;32m[1784833812.356] [11696:11696] [DMG] AccessControl: implicit admin (PASE)[0m
[0;34m[1784833812.356] [11696:11696] [DMG] Reading attribute: Cluster=0x0000_0038 Endpoint=0x0 AttributeId=0x0000_0008 (expanded=1)[0m
[0;34m[1784833812.356] [11696:11696] [DMG] <RE:Run> Cluster 38, Attribute a is dirty[0m
[0;32m[1784833812.356] [11696:11696] [DMG] AccessControl: checking f=0 a=p s=0xFFFFFFFB00000000 t= c=0x0000_0038 e=0 p=v r=r[0m
[0;32m[1784833812.356] [11696:11696] [DMG] AccessControl: implicit admin (PASE)[0m
[0;32m[1784833812.356] [11696:11696] [DMG] AccessControl: checking f=0 a=p s=0xFFFFFFFB00000000 t= c=0x0000_0038 e=0 p=v r=r[0m
[0;32m[1784833812.356] [11696:11696] [DMG] AccessControl: implicit admin (PASE)[0m
[0;34m[1784833812.356] [11696:11696] [DMG] Reading attribute: Cluster=0x0000_0038 Endpoint=0x0 AttributeId=0x0000_000A (expanded=1)[0m
[0;34m[1784833812.356] [11696:11696] [DMG] <RE:Run> Cluster 38, Attribute b is dirty[0m
[0;32m[1784833812.356] [11696:11696] [DMG] AccessControl: checking f=0 a=p s=0xFFFFFFFB00000000 t= c=0x0000_0038 e=0 p=v r=r[0m
[0;32m[1784833812.356] [11696:11696] [DMG] AccessControl: implicit admin (PASE)[0m
[0;32m[1784833812.356] [11696:11696] [DMG] AccessControl: checking f=0 a=p s=0xFFFFFFFB00000000 t= c=0x0000_0038 e=0 p=v r=r[0m
[0;32m[1784833812.356] [11696:11696] [DMG] AccessControl: implicit admin (PASE)[0m
[0;34m[1784833812.356] [11696:11696] [DMG] Reading attribute: Cluster=0x0000_0038 Endpoint=0x0 AttributeId=0x0000_000B (expanded=1)[0m
[0;34m[1784833812.356] [11696:11696] [DMG] <RE:Run> Cluster 38, Attribute c is dirty[0m
[0;32m[1784833812.356] [11696:11696] [DMG] AccessControl: checking f=0 a=p s=0xFFFFFFFB00000000 t= c=0x0000_0038 e=0 p=v r=r[0m
[0;32m[1784833812.356] [11696:11696] [DMG] AccessControl: implicit admin (PASE)[0m
[0;32m[1784833812.356] [11696:11696] [DMG] AccessControl: checking f=0 a=p s=0xFFFFFFFB00000000 t= c=0x0000_0038 e=0 p=v r=r[0m
[0;32m[1784833812.356] [11696:11696] [DMG] AccessControl: implicit admin (PASE)[0m
[0;34m[1784833812.356] [11696:11696] [DMG] Reading attribute: Cluster=0x0000_0038 Endpoint=0x0 AttributeId=0x0000_000C (expanded=1)[0m
[0;34m[1784833812.356] [11696:11696] [DMG] <RE:Run> Cluster 38, Attribute fffc is dirty[0m
[0;32m[1784833812.356] [11696:11696] [DMG] AccessControl: checking f=0 a=p s=0xFFFFFFFB00000000 t= c=0x0000_0038 e=0 p=v r=r[0m
[0;32m[1784833812.356] [11696:11696] [DMG] AccessControl: implicit admin (PASE)[0m
[0;32m[1784833812.356] [11696:11696] [DMG] AccessControl: checking f=0 a=p s=0xFFFFFFFB00000000 t= c=0x0000_0038 e=0 p=v r=r[0m
[0;32m[1784833812.356] [11696:11696] [DMG] AccessControl: implicit admin (PASE)[0m
[0;34m[1784833812.356] [11696:11696] [DMG] Reading attribute: Cluster=0x0000_0038 Endpoint=0x0 AttributeId=0x0000_FFFC (expanded=1)[0m
[0;34m[1784833812.356] [11696:11696] [DMG] <RE:Run> Cluster 38, Attribute fffd is dirty[0m
[0;32m[1784833812.356] [11696:11696] [DMG] AccessControl: checking f=0 a=p s=0xFFFFFFFB00000000 t= c=0x0000_0038 e=0 p=v r=r[0m
[0;32m[1784833812.356] [11696:11696] [DMG] AccessControl: implicit admin (PASE)[0m
[0;32m[1784833812.356] [11696:11696] [DMG] AccessControl: checking f=0 a=p s=0xFFFFFFFB00000000 t= c=0x0000_0038 e=0 p=v r=r[0m
[0;32m[1784833812.356] [11696:11696] [DMG] AccessControl: implicit admin (PASE)[0m
[0;34m[1784833812.356] [11696:11696] [DMG] Reading attribute: Cluster=0x0000_0038 Endpoint=0x0 AttributeId=0x0000_FFFD (expanded=1)[0m
[0;34m[1784833812.356] [11696:11696] [DMG] <RE:Run> Cluster 38, Attribute fff8 is dirty[0m
[0;32m[1784833812.356] [11696:11696] [DMG] AccessControl: checking f=0 a=p s=0xFFFFFFFB00000000 t= c=0x0000_0038 e=0 p=v r=r[0m
[0;32m[1784833812.356] [11696:11696] [DMG] AccessControl: implicit admin (PASE)[0m
[0;32m[1784833812.356] [11696:11696] [DMG] AccessControl: checking f=0 a=p s=0xFFFFFFFB00000000 t= c=0x0000_0038 e=0 p=v r=r[0m
[0;32m[1784833812.356] [11696:11696] [DMG] AccessControl: implicit admin (PASE)[0m
[0;34m[1784833812.356] [11696:11696] [DMG] <RE:Run> Cluster 38, Attribute fff9 is dirty[0m
[0;32m[1784833812.356] [11696:11696] [DMG] AccessControl: checking f=0 a=p s=0xFFFFFFFB00000000 t= c=0x0000_0038 e=0 p=v r=r[0m
[0;32m[1784833812.356] [11696:11696] [DMG] AccessControl: implicit admin (PASE)[0m
[0;32m[1784833812.356] [11696:11696] [DMG] AccessControl: checking f=0 a=p s=0xFFFFFFFB00000000 t= c=0x0000_0038 e=0 p=v r=r[0m
[0;32m[1784833812.356] [11696:11696] [DMG] AccessControl: implicit admin (PASE)[0m
[0;34m[1784833812.356] [11696:11696] [DMG] <RE:Run> Cluster 38, Attribute fffb is dirty[0m
[0;32m[1784833812.356] [11696:11696] [DMG] AccessControl: checking f=0 a=p s=0xFFFFFFFB00000000 t= c=0x0000_0038 e=0 p=v r=r[0m
[0;32m[1784833812.356] [11696:11696] [DMG] AccessControl: implicit admin (PASE)[0m
[0;32m[1784833812.356] [11696:11696] [DMG] AccessControl: checking f=0 a=p s=0xFFFFFFFB00000000 t= c=0x0000_0038 e=0 p=v r=r[0m
[0;32m[1784833812.356] [11696:11696] [DMG] AccessControl: implicit admin (PASE)[0m
[0;34m[1784833812.356] [11696:11696] [DMG] <RE:Run> Cluster 28, Attribute 4 is dirty[0m
[0;32m[1784833812.356] [11696:11696] [DMG] AccessControl: checking f=0 a=p s=0xFFFFFFFB00000000 t= c=0x0000_0028 e=0 p=v r=r[0m
[0;32m[1784833812.356] [11696:11696] [DMG] AccessControl: implicit admin (PASE)[0m
[0;32m[1784833812.356] [11696:11696] [DMG] AccessControl: checking f=0 a=p s=0xFFFFFFFB00000000 t= c=0x0000_0028 e=0 p=v r=r[0m
[0;32m[1784833812.356] [11696:11696] [DMG] AccessControl: implicit admin (PASE)[0m
[0;34m[1784833812.356] [11696:11696] [DMG] Reading attribute: Cluster=0x0000_0028 Endpoint=0x0 AttributeId=0x0000_0004 (expanded=0)[0m
[0;34m[1784833812.356] [11696:11696] [DMG] <RE:Run> Cluster 28, Attribute 2 is dirty[0m
[0;32m[1784833812.356] [11696:11696] [DMG] AccessControl: checking f=0 a=p s=0xFFFFFFFB00000000 t= c=0x0000_0028 e=0 p=v r=r[0m
[0;32m[1784833812.356] [11696:11696] [DMG] AccessControl: implicit admin (PASE)[0m
[0;32m[1784833812.356] [11696:11696] [DMG] AccessControl: checking f=0 a=p s=0xFFFFFFFB00000000 t= c=0x0000_0028 e=0 p=v r=r[0m
[0;32m[1784833812.356] [11696:11696] [DMG] AccessControl: implicit admin (PASE)[0m
[0;34m[1784833812.356] [11696:11696] [DMG] Reading attribute: Cluster=0x0000_0028 Endpoint=0x0 AttributeId=0x0000_0002 (expanded=0)[0m
[0;34m[1784833812.356] [11696:11696] [DMG] <RE:Run> Cluster 30, Attribute c is dirty[0m
[0;32m[1784833812.356] [11696:11696] [DMG] AccessControl: checking f=0 a=p s=0xFFFFFFFB00000000 t= c=0x0000_0030 e=0 p=v r=r[0m
[0;32m[1784833812.356] [11696:11696] [DMG] AccessControl: implicit admin (PASE)[0m
[1;31m[1784833812.356] [11696:11696] [DMG] Failed to read attribute: UNSUPPORTED_ATTRIBUTE(134)[0m
[1;31m[1784833812.356] [11696:11696] [DMG] Fail to retrieve data, roll back and encode status on clusterId: 0x0000_0030, attributeId: 0x0000_000Cerr = src/app/data-model-provider/ActionReturnStatus.cpp:104: IM Error 0x00000586: General error: 0x86 (UNSUPPORTED_ATTRIBUTE)[0m
[0;34m[1784833812.356] [11696:11696] [DMG] <RE:Run> Cluster 30, Attribute 3 is dirty[0m
[0;32m[1784833812.356] [11696:11696] [DMG] AccessControl: checking f=0 a=p s=0xFFFFFFFB00000000 t= c=0x0000_0030 e=0 p=v r=r[0m
[0;32m[1784833812.356] [11696:11696] [DMG] AccessControl: implicit admin (PASE)[0m
[0;32m[1784833812.356] [11696:11696] [DMG] AccessControl: checking f=0 a=p s=0xFFFFFFFB00000000 t= c=0x0000_0030 e=0 p=v r=r[0m
[0;32m[1784833812.356] [11696:11696] [DMG] AccessControl: implicit admin (PASE)[0m
[0;34m[1784833812.356] [11696:11696] [DMG] Reading attribute: Cluster=0x0000_0030 Endpoint=0x0 AttributeId=0x0000_0003 (expanded=0)[0m
[0;34m[1784833812.356] [11696:11696] [DMG] <RE:Run> Cluster 30, Attribute 2 is dirty[0m
[0;32m[1784833812.356] [11696:11696] [DMG] AccessControl: checking f=0 a=p s=0xFFFFFFFB00000000 t= c=0x0000_0030 e=0 p=v r=r[0m
[0;32m[1784833812.356] [11696:11696] [DMG] AccessControl: implicit admin (PASE)[0m
[0;32m[1784833812.356] [11696:11696] [DMG] AccessControl: checking f=0 a=p s=0xFFFFFFFB00000000 t= c=0x0000_0030 e=0 p=v r=r[0m
[0;32m[1784833812.356] [11696:11696] [DMG] AccessControl: implicit admin (PASE)[0m
[0;34m[1784833812.356] [11696:11696] [DMG] Reading attribute: Cluster=0x0000_0030 Endpoint=0x0 AttributeId=0x0000_0002 (expanded=0)[0m
[0;34m[1784833812.356] [11696:11696] [DMG] <RE:Run> Cluster 30, Attribute 1 is dirty[0m
[0;32m[1784833812.356] [11696:11696] [DMG] AccessControl: checking f=0 a=p s=0xFFFFFFFB00000000 t= c=0x0000_0030 e=0 p=v r=r[0m
[0;32m[1784833812.356] [11696:11696] [DMG] AccessControl: implicit admin (PASE)[0m
[0;32m[1784833812.356] [11696:11696] [DMG] AccessControl: checking f=0 a=p s=0xFFFFFFFB00000000 t= c=0x0000_0030 e=0 p=v r=r[0m
[0;32m[1784833812.356] [11696:11696] [DMG] AccessControl: implicit admin (PASE)[0m
[0;34m[1784833812.356] [11696:11696] [DMG] Reading attribute: Cluster=0x0000_0030 Endpoint=0x0 AttributeId=0x0000_0001 (expanded=0)[0m
[0;34m[1784833812.356] [11696:11696] [DMG] <RE:Run> Cluster 30, Attribute 0 is dirty[0m
[0;32m[1784833812.356] [11696:11696] [DMG] AccessControl: checking f=0 a=p s=0xFFFFFFFB00000000 t= c=0x0000_0030 e=0 p=v r=r[0m
[0;32m[1784833812.356] [11696:11696] [DMG] AccessControl: implicit admin (PASE)[0m
[0;32m[1784833812.356] [11696:11696] [DMG] AccessControl: checking f=0 a=p s=0xFFFFFFFB00000000 t= c=0x0000_0030 e=0 p=v r=r[0m
[0;32m[1784833812.356] [11696:11696] [DMG] AccessControl: implicit admin (PASE)[0m
[0;34m[1784833812.356] [11696:11696] [DMG] Reading attribute: Cluster=0x0000_0030 Endpoint=0x0 AttributeId=0x0000_0000 (expanded=0)[0m
[0;34m[1784833812.357] [11696:11696] [DMG] <RE:Run> Cluster 30, Attribute 4 is dirty[0m
[0;32m[1784833812.357] [11696:11696] [DMG] AccessControl: checking f=0 a=p s=0xFFFFFFFB00000000 t= c=0x0000_0030 e=0 p=v r=r[0m
[0;32m[1784833812.357] [11696:11696] [DMG] AccessControl: implicit admin (PASE)[0m
[0;32m[1784833812.357] [11696:11696] [DMG] AccessControl: checking f=0 a=p s=0xFFFFFFFB00000000 t= c=0x0000_0030 e=0 p=v r=r[0m
[0;32m[1784833812.357] [11696:11696] [DMG] AccessControl: implicit admin (PASE)[0m
[0;34m[1784833812.357] [11696:11696] [DMG] Reading attribute: Cluster=0x0000_0030 Endpoint=0x0 AttributeId=0x0000_0004 (expanded=0)[0m
[0;34m[1784833812.357] [11696:11696] [DMG] <RE> Sending report (payload has 732 bytes)...[0m
[0;32m[1784833812.357] [11696:11696] [EM] <<< [E:58626r S:24135 M:22162803 (Ack:118782374)] (S) Msg TX from 0000000000000000 to 0:FFFFFFFB00000000 [0000] [UDP:[fe80::bfe:a203:38f0:bce7%enp0s3]:48419] --- Type 0001:05 (IM:ReportData) (B:766)[0m
[0;32m[1784833812.357] [11696:11696] [EM] ??1 [E:58626r S:24135 M:22162803] (S) Msg Retransmission to 0:FFFFFFFB00000000 scheduled for 383ms from now [State:Active II:500 AI:300 AT:4000][0m
[0;34m[1784833812.357] [11696:11696] [DMG] <RE> OnReportConfirm: NumReports = 0[0m
[0;34m[1784833812.357] [11696:11696] [DMG] <RE> ReportsInFlight = 0 with readHandler 0, RE has no more messages[0m
[0;34m[1784833812.357] [11696:11696] [DMG] IM RH moving to [AwaitingDestruction][0m
[0;34m[1784833812.357] [11696:11696] [DMG] All ReadHandler-s are clean, clear GlobalDirtySet[0m
[0;32m[1784833812.357] [11696:11696] [EM] >>> [E:58625r S:0 M:230638368 (Ack:550541)] (U) Msg RX from 0:ACD30CC90B7ED307 [0000] to 0000000000000000 --- Type 0000:10 (SecureChannel:StandaloneAck) (B:26)[0m
[0;34m[1784833812.357] [11696:11696] [EM] Found matching exchange: 58625r, Delegate: (nil)[0m
[0;34m[1784833812.357] [11696:11696] [EM] Rxd Ack; Removing MessageCounter:550541 from Retrans Table on exchange 58625r[0m
[0;32m[1784833812.358] [11696:11696] [EM] >>> [E:58627r S:24135 M:118782375] (S) Msg RX from 0:FFFFFFFB00000000 [0000] to 0000000000000000 --- Type 0001:02 (IM:ReadRequest) (B:112)[0m
[0;34m[1784833812.358] [11696:11696] [EM] Handling via exchange: 58627r, Delegate: 0x60ab3934eac8[0m
[0;34m[1784833812.358] [11696:11696] [IM] Received Read request[0m
[0;34m[1784833812.358] [11696:11696] [DMG] ReadRequestMessage =[0m
[0;34m[1784833812.358] [11696:11696] [DMG] {[0m
[0;34m[1784833812.358] [11696:11696] [DMG] 	AttributePathIBs =[0m
[0;34m[1784833812.358] [11696:11696] [DMG] 	[[0m
[0;34m[1784833812.358] [11696:11696] [DMG] 		AttributePathIB =[0m
[0;34m[1784833812.358] [11696:11696] [DMG] 		{[0m
[0;34m[1784833812.358] [11696:11696] [DMG] 			Cluster = 0x31,[0m
[0;34m[1784833812.358] [11696:11696] [DMG] 			Attribute = 0x0000_FFFC,[0m
[0;34m[1784833812.358] [11696:11696] [DMG] 		}[0m
[0;34m[1784833812.358] [11696:11696] [DMG] 			[0m
[0;34m[1784833812.358] [11696:11696] [DMG] 		AttributePathIB =[0m
[0;34m[1784833812.358] [11696:11696] [DMG] 		{[0m
[0;34m[1784833812.358] [11696:11696] [DMG] 			Cluster = 0x31,[0m
[0;34m[1784833812.358] [11696:11696] [DMG] 			Attribute = 0x0000_0003,[0m
[0;34m[1784833812.358] [11696:11696] [DMG] 		}[0m
[0;34m[1784833812.358] [11696:11696] [DMG] 			[0m
[0;34m[1784833812.358] [11696:11696] [DMG] 		AttributePathIB =[0m
[0;34m[1784833812.358] [11696:11696] [DMG] 		{[0m
[0;34m[1784833812.358] [11696:11696] [DMG] 			Endpoint = 0x0,[0m
[0;34m[1784833812.358] [11696:11696] [DMG] 			Cluster = 0x46,[0m
[0;34m[1784833812.358] [11696:11696] [DMG] 			Attribute = 0x0000_0006,[0m
[0;34m[1784833812.358] [11696:11696] [DMG] 		}[0m
[0;34m[1784833812.358] [11696:11696] [DMG] 			[0m
[0;34m[1784833812.358] [11696:11696] [DMG] 		AttributePathIB =[0m
[0;34m[1784833812.358] [11696:11696] [DMG] 		{[0m
[0;34m[1784833812.358] [11696:11696] [DMG] 			Endpoint = 0x0,[0m
[0;34m[1784833812.358] [11696:11696] [DMG] 			Cluster = 0x46,[0m
[0;34m[1784833812.358] [11696:11696] [DMG] 			Attribute = 0x0000_0007,[0m
[0;34m[1784833812.358] [11696:11696] [DMG] 		}[0m
[0;34m[1784833812.358] [11696:11696] [DMG] 			[0m
[0;34m[1784833812.358] [11696:11696] [DMG] 		AttributePathIB =[0m
[0;34m[1784833812.358] [11696:11696] [DMG] 		{[0m
[0;34m[1784833812.358] [11696:11696] [DMG] 			Endpoint = 0x0,[0m
[0;34m[1784833812.358] [11696:11696] [DMG] 			Cluster = 0x46,[0m
[0;34m[1784833812.358] [11696:11696] [DMG] 			Attribute = 0x0000_0000,[0m
[0;34m[1784833812.358] [11696:11696] [DMG] 		}[0m
[0;34m[1784833812.358] [11696:11696] [DMG] 			[0m
[0;34m[1784833812.358] [11696:11696] [DMG] 		AttributePathIB =[0m
[0;34m[1784833812.358] [11696:11696] [DMG] 		{[0m
[0;34m[1784833812.358] [11696:11696] [DMG] 			Endpoint = 0x0,[0m
[0;34m[1784833812.358] [11696:11696] [DMG] 			Cluster = 0x46,[0m
[0;34m[1784833812.358] [11696:11696] [DMG] 			Attribute = 0x0000_0001,[0m
[0;34m[1784833812.358] [11696:11696] [DMG] 		}[0m
[0;34m[1784833812.358] [11696:11696] [DMG] 			[0m
[0;34m[1784833812.358] [11696:11696] [DMG] 		AttributePathIB =[0m
[0;34m[1784833812.358] [11696:11696] [DMG] 		{[0m
[0;34m[1784833812.358] [11696:11696] [DMG] 			Endpoint = 0x0,[0m
[0;34m[1784833812.358] [11696:11696] [DMG] 			Cluster = 0x46,[0m
[0;34m[1784833812.358] [11696:11696] [DMG] 			Attribute = 0x0000_0002,[0m
[0;34m[1784833812.358] [11696:11696] [DMG] 		}[0m
[0;34m[1784833812.358] [11696:11696] [DMG] 			[0m
[0;34m[1784833812.358] [11696:11696] [DMG] 	],[0m
[0;34m[1784833812.358] [11696:11696] [DMG] 		[0m
[0;34m[1784833812.358] [11696:11696] [DMG] 	isFabricFiltered = false, [0m
[0;34m[1784833812.358] [11696:11696] [DMG] 	InteractionModelRevision = 12[0m
[0;34m[1784833812.358] [11696:11696] [DMG] },[0m
[0;34m[1784833812.358] [11696:11696] [DMG] IM RH moving to [CanStartReporting][0m
[0;34m[1784833812.358] [11696:11696] [DMG] Building Reports for ReadHandler with LastReportGeneration = 0x0000000000000000 DirtyGeneration = 0x0000000000000000[0m
[0;34m[1784833812.358] [11696:11696] [DMG] <RE:Run> Cluster 46, Attribute 2 is dirty[0m
[1;31m[1784833812.358] [11696:11696] [DMG] Read request on unknown cluster - no data version available[0m
[0;32m[1784833812.358] [11696:11696] [DMG] AccessControl: checking f=0 a=p s=0xFFFFFFFB00000000 t= c=0x0000_0046 e=0 p=v r=r[0m
[0;32m[1784833812.358] [11696:11696] [DMG] AccessControl: implicit admin (PASE)[0m
[1;31m[1784833812.358] [11696:11696] [DMG] Failed to read attribute: UNSUPPORTED_CLUSTER(195)[0m
[1;31m[1784833812.358] [11696:11696] [DMG] Fail to retrieve data, roll back and encode status on clusterId: 0x0000_0046, attributeId: 0x0000_0002err = src/app/data-model-provider/ActionReturnStatus.cpp:104: IM Error 0x000005C3: General error: 0xc3 (UNSUPPORTED_CLUSTER)[0m
[0;34m[1784833812.358] [11696:11696] [DMG] <RE:Run> Cluster 46, Attribute 1 is dirty[0m
[1;31m[1784833812.358] [11696:11696] [DMG] Read request on unknown cluster - no data version available[0m
[0;32m[1784833812.358] [11696:11696] [DMG] AccessControl: checking f=0 a=p s=0xFFFFFFFB00000000 t= c=0x0000_0046 e=0 p=v r=r[0m
[0;32m[1784833812.358] [11696:11696] [DMG] AccessControl: implicit admin (PASE)[0m
[1;31m[1784833812.358] [11696:11696] [DMG] Failed to read attribute: UNSUPPORTED_CLUSTER(195)[0m
[1;31m[1784833812.358] [11696:11696] [DMG] Fail to retrieve data, roll back and encode status on clusterId: 0x0000_0046, attributeId: 0x0000_0001err = src/app/data-model-provider/ActionReturnStatus.cpp:104: IM Error 0x000005C3: General error: 0xc3 (UNSUPPORTED_CLUSTER)[0m
[0;34m[1784833812.358] [11696:11696] [DMG] <RE:Run> Cluster 46, Attribute 0 is dirty[0m
[1;31m[1784833812.358] [11696:11696] [DMG] Read request on unknown cluster - no data version available[0m
[0;32m[1784833812.358] [11696:11696] [DMG] AccessControl: checking f=0 a=p s=0xFFFFFFFB00000000 t= c=0x0000_0046 e=0 p=v r=r[0m
[0;32m[1784833812.358] [11696:11696] [DMG] AccessControl: implicit admin (PASE)[0m
[1;31m[1784833812.358] [11696:11696] [DMG] Failed to read attribute: UNSUPPORTED_CLUSTER(195)[0m
[1;31m[1784833812.358] [11696:11696] [DMG] Fail to retrieve data, roll back and encode status on clusterId: 0x0000_0046, attributeId: 0x0000_0000err = src/app/data-model-provider/ActionReturnStatus.cpp:104: IM Error 0x000005C3: General error: 0xc3 (UNSUPPORTED_CLUSTER)[0m
[0;34m[1784833812.358] [11696:11696] [DMG] <RE:Run> Cluster 46, Attribute 7 is dirty[0m
[1;31m[1784833812.358] [11696:11696] [DMG] Read request on unknown cluster - no data version available[0m
[0;32m[1784833812.358] [11696:11696] [DMG] AccessControl: checking f=0 a=p s=0xFFFFFFFB00000000 t= c=0x0000_0046 e=0 p=v r=r[0m
[0;32m[1784833812.358] [11696:11696] [DMG] AccessControl: implicit admin (PASE)[0m
[1;31m[1784833812.358] [11696:11696] [DMG] Failed to read attribute: UNSUPPORTED_CLUSTER(195)[0m
[1;31m[1784833812.358] [11696:11696] [DMG] Fail to retrieve data, roll back and encode status on clusterId: 0x0000_0046, attributeId: 0x0000_0007err = src/app/data-model-provider/ActionReturnStatus.cpp:104: IM Error 0x000005C3: General error: 0xc3 (UNSUPPORTED_CLUSTER)[0m
[0;34m[1784833812.358] [11696:11696] [DMG] <RE:Run> Cluster 46, Attribute 6 is dirty[0m
[1;31m[1784833812.358] [11696:11696] [DMG] Read request on unknown cluster - no data version available[0m
[0;32m[1784833812.358] [11696:11696] [DMG] AccessControl: checking f=0 a=p s=0xFFFFFFFB00000000 t= c=0x0000_0046 e=0 p=v r=r[0m
[0;32m[1784833812.358] [11696:11696] [DMG] AccessControl: implicit admin (PASE)[0m
[1;31m[1784833812.358] [11696:11696] [DMG] Failed to read attribute: UNSUPPORTED_CLUSTER(195)[0m
[1;31m[1784833812.358] [11696:11696] [DMG] Fail to retrieve data, roll back and encode status on clusterId: 0x0000_0046, attributeId: 0x0000_0006err = src/app/data-model-provider/ActionReturnStatus.cpp:104: IM Error 0x000005C3: General error: 0xc3 (UNSUPPORTED_CLUSTER)[0m
[0;34m[1784833812.358] [11696:11696] [DMG] <RE:Run> Cluster 31, Attribute fffc is dirty[0m
[0;32m[1784833812.358] [11696:11696] [DMG] AccessControl: checking f=0 a=p s=0xFFFFFFFB00000000 t= c=0x0000_0031 e=0 p=v r=r[0m
[0;32m[1784833812.358] [11696:11696] [DMG] AccessControl: implicit admin (PASE)[0m
[0;32m[1784833812.358] [11696:11696] [DMG] AccessControl: checking f=0 a=p s=0xFFFFFFFB00000000 t= c=0x0000_0031 e=0 p=v r=r[0m
[0;32m[1784833812.358] [11696:11696] [DMG] AccessControl: implicit admin (PASE)[0m
[0;34m[1784833812.358] [11696:11696] [DMG] Reading attribute: Cluster=0x0000_0031 Endpoint=0x0 AttributeId=0x0000_FFFC (expanded=1)[0m
[0;34m[1784833812.359] [11696:11696] [DMG] <RE> Sending report (payload has 152 bytes)...[0m
[0;32m[1784833812.359] [11696:11696] [EM] <<< [E:58627r S:24135 M:22162804 (Ack:118782375)] (S) Msg TX from 0000000000000000 to 0:FFFFFFFB00000000 [0000] [UDP:[fe80::bfe:a203:38f0:bce7%enp0s3]:48419] --- Type 0001:05 (IM:ReportData) (B:186)[0m
[0;32m[1784833812.359] [11696:11696] [EM] ??1 [E:58627r S:24135 M:22162804] (S) Msg Retransmission to 0:FFFFFFFB00000000 scheduled for 369ms from now [State:Active II:500 AI:300 AT:4000][0m
[0;34m[1784833812.359] [11696:11696] [DMG] <RE> OnReportConfirm: NumReports = 0[0m
[0;34m[1784833812.359] [11696:11696] [DMG] <RE> ReportsInFlight = 0 with readHandler 0, RE has no more messages[0m
[0;34m[1784833812.359] [11696:11696] [DMG] IM RH moving to [AwaitingDestruction][0m
[0;34m[1784833812.359] [11696:11696] [DMG] All ReadHandler-s are clean, clear GlobalDirtySet[0m
[0;32m[1784833812.359] [11696:11696] [EM] >>> [E:58626r S:24135 M:118782376 (Ack:22162803)] (S) Msg RX from 0:FFFFFFFB00000000 [0000] to 0000000000000000 --- Type 0000:10 (SecureChannel:StandaloneAck) (B:34)[0m
[0;34m[1784833812.359] [11696:11696] [EM] Found matching exchange: 58626r, Delegate: (nil)[0m
[0;34m[1784833812.359] [11696:11696] [EM] Rxd Ack; Removing MessageCounter:22162803 from Retrans Table on exchange 58626r[0m
[0;32m[1784833812.360] [11696:11696] [EM] >>> [E:58628r S:24135 M:118782377] (S) Msg RX from 0:FFFFFFFB00000000 [0000] to 0000000000000000 --- Type 0001:08 (IM:InvokeCommandRequest) (B:65)[0m
[0;34m[1784833812.360] [11696:11696] [EM] Handling via exchange: 58628r, Delegate: 0x60ab3934eac8[0m
[0;34m[1784833812.360] [11696:11696] [DMG] InvokeRequestMessage =[0m
[0;34m[1784833812.360] [11696:11696] [DMG] {[0m
[0;34m[1784833812.360] [11696:11696] [DMG] 	suppressResponse = false, [0m
[0;34m[1784833812.360] [11696:11696] [DMG] 	timedRequest = false, [0m
[0;34m[1784833812.360] [11696:11696] [DMG] 	InvokeRequests =[0m
[0;34m[1784833812.360] [11696:11696] [DMG] 	[[0m
[0;34m[1784833812.360] [11696:11696] [DMG] 		CommandDataIB =[0m
[0;34m[1784833812.360] [11696:11696] [DMG] 		{[0m
[0;34m[1784833812.360] [11696:11696] [DMG] 			CommandPathIB =[0m
[0;34m[1784833812.360] [11696:11696] [DMG] 			{[0m
[0;34m[1784833812.360] [11696:11696] [DMG] 				EndpointId = 0x0,[0m
[0;34m[1784833812.360] [11696:11696] [DMG] 				ClusterId = 0x30,[0m
[0;34m[1784833812.360] [11696:11696] [DMG] 				CommandId = 0x0,[0m
[0;34m[1784833812.360] [11696:11696] [DMG] 			},[0m
[0;34m[1784833812.360] [11696:11696] [DMG] 			[0m
[0;34m[1784833812.360] [11696:11696] [DMG] 			CommandFields = [0m
[0;34m[1784833812.360] [11696:11696] [DMG] 			{[0m
[0;34m[1784833812.360] [11696:11696] [DMG] 				0x0 = 60 (unsigned), [0m
[0;34m[1784833812.360] [11696:11696] [DMG] 				0x1 = 3 (unsigned), [0m
[0;34m[1784833812.360] [11696:11696] [DMG] 			},[0m
[0;34m[1784833812.360] [11696:11696] [DMG] 		},[0m
[0;34m[1784833812.360] [11696:11696] [DMG] 		[0m
[0;34m[1784833812.360] [11696:11696] [DMG] 	],[0m
[0;34m[1784833812.360] [11696:11696] [DMG] 	[0m
[0;34m[1784833812.360] [11696:11696] [DMG] 	InteractionModelRevision = 12[0m
[0;34m[1784833812.360] [11696:11696] [DMG] },[0m
[0;32m[1784833812.360] [11696:11696] [DMG] AccessControl: checking f=0 a=p s=0xFFFFFFFB00000000 t= c=0x0000_0030 e=0 p=o r=i[0m
[0;32m[1784833812.360] [11696:11696] [DMG] AccessControl: implicit admin (PASE)[0m
[0;32m[1784833812.360] [11696:11696] [DMG] AccessControl: checking f=0 a=p s=0xFFFFFFFB00000000 t= c=0x0000_0030 e=0 p=a r=i[0m
[0;32m[1784833812.360] [11696:11696] [DMG] AccessControl: implicit admin (PASE)[0m
[0;34m[1784833812.360] [11696:11696] [DMG] Received command for Endpoint=0 Cluster=0x0000_0030 Command=0x0000_0000[0m
[0;32m[1784833812.360] [11696:11696] [FS] GeneralCommissioning: Received ArmFailSafe (60s)[0m
[0;34m[1784833812.360] [11696:11696] [DMG] Command handler moving to [NewRespons][0m
[0;34m[1784833812.360] [11696:11696] [DMG] Command handler moving to [ Preparing][0m
[0;34m[1784833812.360] [11696:11696] [DMG] Command handler moving to [AddingComm][0m
[0;34m[1784833812.360] [11696:11696] [DMG] Command handler moving to [AddedComma][0m
[0;34m[1784833812.360] [11696:11696] [DMG] Decreasing reference count for CommandHandlerImpl, remaining 1[0m
[0;34m[1784833812.360] [11696:11696] [DMG] Decreasing reference count for CommandHandlerImpl, remaining 0[0m
[0;34m[1784833812.360] [11696:11696] [DMG] Command handler moving to [AwaitingDe][0m
[0;32m[1784833812.360] [11696:11696] [EM] <<< [E:58628r S:24135 M:22162805 (Ack:118782377)] (S) Msg TX from 0000000000000000 to 0:FFFFFFFB00000000 [0000] [UDP:[fe80::bfe:a203:38f0:bce7%enp0s3]:48419] --- Type 0001:09 (IM:InvokeCommandResponse) (B:70)[0m
[0;32m[1784833812.360] [11696:11696] [EM] ??1 [E:58628r S:24135 M:22162805] (S) Msg Retransmission to 0:FFFFFFFB00000000 scheduled for 339ms from now [State:Active II:500 AI:300 AT:4000][0m
[0;34m[1784833812.360] [11696:11696] [DMG] Command response sender moving to [AllInvokeR][0m
[0;32m[1784833812.360] [11696:11696] [EM] >>> [E:58627r S:24135 M:118782378 (Ack:22162804)] (S) Msg RX from 0:FFFFFFFB00000000 [0000] to 0000000000000000 --- Type 0000:10 (SecureChannel:StandaloneAck) (B:34)[0m
[0;34m[1784833812.360] [11696:11696] [EM] Found matching exchange: 58627r, Delegate: (nil)[0m
[0;34m[1784833812.360] [11696:11696] [EM] Rxd Ack; Removing MessageCounter:22162804 from Retrans Table on exchange 58627r[0m
[0;32m[1784833812.360] [11696:11696] [EM] >>> [E:58629r S:24135 M:118782379] (S) Msg RX from 0:FFFFFFFB00000000 [0000] to 0000000000000000 --- Type 0001:08 (IM:InvokeCommandRequest) (B:70)[0m
[0;34m[1784833812.360] [11696:11696] [EM] Handling via exchange: 58629r, Delegate: 0x60ab3934eac8[0m
[0;34m[1784833812.360] [11696:11696] [DMG] InvokeRequestMessage =[0m
[0;34m[1784833812.360] [11696:11696] [DMG] {[0m
[0;34m[1784833812.360] [11696:11696] [DMG] 	suppressResponse = false, [0m
[0;34m[1784833812.360] [11696:11696] [DMG] 	timedRequest = false, [0m
[0;34m[1784833812.360] [11696:11696] [DMG] 	InvokeRequests =[0m
[0;34m[1784833812.360] [11696:11696] [DMG] 	[[0m
[0;34m[1784833812.360] [11696:11696] [DMG] 		CommandDataIB =[0m
[0;34m[1784833812.360] [11696:11696] [DMG] 		{[0m
[0;34m[1784833812.360] [11696:11696] [DMG] 			CommandPathIB =[0m
[0;34m[1784833812.360] [11696:11696] [DMG] 			{[0m
[0;34m[1784833812.360] [11696:11696] [DMG] 				EndpointId = 0x0,[0m
[0;34m[1784833812.360] [11696:11696] [DMG] 				ClusterId = 0x30,[0m
[0;34m[1784833812.360] [11696:11696] [DMG] 				CommandId = 0x2,[0m
[0;34m[1784833812.360] [11696:11696] [DMG] 			},[0m
[0;34m[1784833812.360] [11696:11696] [DMG] 			[0m
[0;34m[1784833812.360] [11696:11696] [DMG] 			CommandFields = [0m
[0;34m[1784833812.360] [11696:11696] [DMG] 			{[0m
[0;34m[1784833812.360] [11696:11696] [DMG] 				0x0 = 0 (unsigned), [0m
[0;34m[1784833812.360] [11696:11696] [DMG] 				0x1 = "XX" (2 chars), [0m
[0;34m[1784833812.360] [11696:11696] [DMG] 				0x2 = 4 (unsigned), [0m
[0;34m[1784833812.360] [11696:11696] [DMG] 			},[0m
[0;34m[1784833812.360] [11696:11696] [DMG] 		},[0m
[0;34m[1784833812.360] [11696:11696] [DMG] 		[0m
[0;34m[1784833812.360] [11696:11696] [DMG] 	],[0m
[0;34m[1784833812.360] [11696:11696] [DMG] 	[0m
[0;34m[1784833812.360] [11696:11696] [DMG] 	InteractionModelRevision = 12[0m
[0;34m[1784833812.360] [11696:11696] [DMG] },[0m
[0;32m[1784833812.360] [11696:11696] [DMG] AccessControl: checking f=0 a=p s=0xFFFFFFFB00000000 t= c=0x0000_0030 e=0 p=o r=i[0m
[0;32m[1784833812.360] [11696:11696] [DMG] AccessControl: implicit admin (PASE)[0m
[0;32m[1784833812.360] [11696:11696] [DMG] AccessControl: checking f=0 a=p s=0xFFFFFFFB00000000 t= c=0x0000_0030 e=0 p=a r=i[0m
[0;32m[1784833812.360] [11696:11696] [DMG] AccessControl: implicit admin (PASE)[0m
[0;34m[1784833812.360] [11696:11696] [DMG] Received command for Endpoint=0 Cluster=0x0000_0030 Command=0x0000_0002[0m
[0;34m[1784833812.364] [11696:11696] [DL] Wrote settings to /tmp/chip_config.ini[0m
[0;32m[1784833812.364] [11696:11696] [DL] NVS set: chip-config/regulatory-location = 0 (0x0)[0m
[0;34m[1784833812.367] [11696:11696] [DL] Wrote settings to /tmp/chip_config.ini[0m
[0;32m[1784833812.367] [11696:11696] [DL] NVS set: chip-config/country-code = "XX"[0m
[0;34m[1784833812.367] [11696:11696] [DMG] Command handler moving to [NewRespons][0m
[0;34m[1784833812.367] [11696:11696] [DMG] Command handler moving to [ Preparing][0m
[0;34m[1784833812.367] [11696:11696] [DMG] Command handler moving to [AddingComm][0m
[0;34m[1784833812.367] [11696:11696] [DMG] Command handler moving to [AddedComma][0m
[0;34m[1784833812.367] [11696:11696] [DMG] Decreasing reference count for CommandHandlerImpl, remaining 1[0m
[0;34m[1784833812.367] [11696:11696] [DMG] Decreasing reference count for CommandHandlerImpl, remaining 0[0m
[0;34m[1784833812.367] [11696:11696] [DMG] Command handler moving to [AwaitingDe][0m
[0;32m[1784833812.367] [11696:11696] [EM] <<< [E:58629r S:24135 M:22162806 (Ack:118782379)] (S) Msg TX from 0000000000000000 to 0:FFFFFFFB00000000 [0000] [UDP:[fe80::bfe:a203:38f0:bce7%enp0s3]:48419] --- Type 0001:09 (IM:InvokeCommandResponse) (B:70)[0m
[0;32m[1784833812.367] [11696:11696] [EM] ??1 [E:58629r S:24135 M:22162806] (S) Msg Retransmission to 0:FFFFFFFB00000000 scheduled for 409ms from now [State:Active II:500 AI:300 AT:4000][0m
[0;34m[1784833812.367] [11696:11696] [DMG] Command response sender moving to [AllInvokeR][0m
[0;32m[1784833812.367] [11696:11696] [EM] >>> [E:58628r S:24135 M:118782380 (Ack:22162805)] (S) Msg RX from 0:FFFFFFFB00000000 [0000] to 0000000000000000 --- Type 0000:10 (SecureChannel:StandaloneAck) (B:34)[0m
[0;34m[1784833812.367] [11696:11696] [EM] Found matching exchange: 58628r, Delegate: (nil)[0m
[0;34m[1784833812.367] [11696:11696] [EM] Rxd Ack; Removing MessageCounter:22162805 from Retrans Table on exchange 58628r[0m
[0;32m[1784833812.367] [11696:11696] [EM] >>> [E:58630r S:24135 M:118782381] (S) Msg RX from 0:FFFFFFFB00000000 [0000] to 0000000000000000 --- Type 0001:08 (IM:InvokeCommandRequest) (B:72)[0m
[0;34m[1784833812.367] [11696:11696] [EM] Handling via exchange: 58630r, Delegate: 0x60ab3934eac8[0m
[0;34m[1784833812.367] [11696:11696] [DMG] InvokeRequestMessage =[0m
[0;34m[1784833812.367] [11696:11696] [DMG] {[0m
[0;34m[1784833812.367] [11696:11696] [DMG] 	suppressResponse = false, [0m
[0;34m[1784833812.367] [11696:11696] [DMG] 	timedRequest = false, [0m
[0;34m[1784833812.367] [11696:11696] [DMG] 	InvokeRequests =[0m
[0;34m[1784833812.367] [11696:11696] [DMG] 	[[0m
[0;34m[1784833812.367] [11696:11696] [DMG] 		CommandDataIB =[0m
[0;34m[1784833812.367] [11696:11696] [DMG] 		{[0m
[0;34m[1784833812.367] [11696:11696] [DMG] 			CommandPathIB =[0m
[0;34m[1784833812.367] [11696:11696] [DMG] 			{[0m
[0;34m[1784833812.367] [11696:11696] [DMG] 				EndpointId = 0x0,[0m
[0;34m[1784833812.367] [11696:11696] [DMG] 				ClusterId = 0x38,[0m
[0;34m[1784833812.367] [11696:11696] [DMG] 				CommandId = 0x0,[0m
[0;34m[1784833812.367] [11696:11696] [DMG] 			},[0m
[0;34m[1784833812.367] [11696:11696] [DMG] 			[0m
[0;34m[1784833812.367] [11696:11696] [DMG] 			CommandFields = [0m
[0;34m[1784833812.367] [11696:11696] [DMG] 			{[0m
[0;34m[1784833812.367] [11696:11696] [DMG] 				0x0 = 838149012367463 (unsigned), [0m
[0;34m[1784833812.367] [11696:11696] [DMG] 				0x1 = 2 (unsigned), [0m
[0;34m[1784833812.367] [11696:11696] [DMG] 			},[0m
[0;34m[1784833812.367] [11696:11696] [DMG] 		},[0m
[0;34m[1784833812.367] [11696:11696] [DMG] 		[0m
[0;34m[1784833812.367] [11696:11696] [DMG] 	],[0m
[0;34m[1784833812.367] [11696:11696] [DMG] 	[0m
[0;34m[1784833812.367] [11696:11696] [DMG] 	InteractionModelRevision = 12[0m
[0;34m[1784833812.367] [11696:11696] [DMG] },[0m
[0;32m[1784833812.367] [11696:11696] [DMG] AccessControl: checking f=0 a=p s=0xFFFFFFFB00000000 t= c=0x0000_0038 e=0 p=o r=i[0m
[0;32m[1784833812.367] [11696:11696] [DMG] AccessControl: implicit admin (PASE)[0m
[0;32m[1784833812.367] [11696:11696] [DMG] AccessControl: checking f=0 a=p s=0xFFFFFFFB00000000 t= c=0x0000_0038 e=0 p=a r=i[0m
[0;32m[1784833812.367] [11696:11696] [DMG] AccessControl: implicit admin (PASE)[0m
[0;34m[1784833812.367] [11696:11696] [DMG] Received command for Endpoint=0 Cluster=0x0000_0038 Command=0x0000_0000[0m
[1;31m[1784833812.367] [11696:11696] [DMG] Endpoint=0 Cluster=0x0000_0038 Command=0x0000_0000 status 0x01 (FAILURE) ClusterSpecificCode=2 (no additional context)[0m
[0;34m[1784833812.367] [11696:11696] [DMG] Command handler moving to [NewRespons][0m
[0;34m[1784833812.367] [11696:11696] [DMG] Command handler moving to [ Preparing][0m
[0;34m[1784833812.367] [11696:11696] [DMG] Command handler moving to [AddingComm][0m
[0;34m[1784833812.367] [11696:11696] [DMG] Command handler moving to [AddedComma][0m
[0;34m[1784833812.367] [11696:11696] [DMG] Decreasing reference count for CommandHandlerImpl, remaining 1[0m
[0;34m[1784833812.367] [11696:11696] [DMG] Decreasing reference count for CommandHandlerImpl, remaining 0[0m
[0;34m[1784833812.367] [11696:11696] [DMG] Command handler moving to [AwaitingDe][0m
[0;32m[1784833812.367] [11696:11696] [EM] <<< [E:58630r S:24135 M:22162807 (Ack:118782381)] (S) Msg TX from 0000000000000000 to 0:FFFFFFFB00000000 [0000] [UDP:[fe80::bfe:a203:38f0:bce7%enp0s3]:48419] --- Type 0001:09 (IM:InvokeCommandResponse) (B:70)[0m
[0;32m[1784833812.368] [11696:11696] [EM] ??1 [E:58630r S:24135 M:22162807] (S) Msg Retransmission to 0:FFFFFFFB00000000 scheduled for 390ms from now [State:Active II:500 AI:300 AT:4000][0m
[0;34m[1784833812.368] [11696:11696] [DMG] Command response sender moving to [AllInvokeR][0m
[0;32m[1784833812.368] [11696:11696] [EM] >>> [E:58629r S:24135 M:118782382 (Ack:22162806)] (S) Msg RX from 0:FFFFFFFB00000000 [0000] to 0000000000000000 --- Type 0000:10 (SecureChannel:StandaloneAck) (B:34)[0m
[0;34m[1784833812.368] [11696:11696] [EM] Found matching exchange: 58629r, Delegate: (nil)[0m
[0;34m[1784833812.368] [11696:11696] [EM] Rxd Ack; Removing MessageCounter:22162806 from Retrans Table on exchange 58629r[0m
[0;32m[1784833812.368] [11696:11696] [EM] >>> [E:58631r S:24135 M:118782383] (S) Msg RX from 0:FFFFFFFB00000000 [0000] to 0000000000000000 --- Type 0001:08 (IM:InvokeCommandRequest) (B:62)[0m
[0;34m[1784833812.368] [11696:11696] [EM] Handling via exchange: 58631r, Delegate: 0x60ab3934eac8[0m
[0;34m[1784833812.368] [11696:11696] [DMG] InvokeRequestMessage =[0m
[0;34m[1784833812.368] [11696:11696] [DMG] {[0m
[0;34m[1784833812.368] [11696:11696] [DMG] 	suppressResponse = false, [0m
[0;34m[1784833812.368] [11696:11696] [DMG] 	timedRequest = false, [0m
[0;34m[1784833812.368] [11696:11696] [DMG] 	InvokeRequests =[0m
[0;34m[1784833812.368] [11696:11696] [DMG] 	[[0m
[0;34m[1784833812.368] [11696:11696] [DMG] 		CommandDataIB =[0m
[0;34m[1784833812.368] [11696:11696] [DMG] 		{[0m
[0;34m[1784833812.368] [11696:11696] [DMG] 			CommandPathIB =[0m
[0;34m[1784833812.368] [11696:11696] [DMG] 			{[0m
[0;34m[1784833812.368] [11696:11696] [DMG] 				EndpointId = 0x0,[0m
[0;34m[1784833812.368] [11696:11696] [DMG] 				ClusterId = 0x3e,[0m
[0;34m[1784833812.368] [11696:11696] [DMG] 				CommandId = 0x2,[0m
[0;34m[1784833812.368] [11696:11696] [DMG] 			},[0m
[0;34m[1784833812.368] [11696:11696] [DMG] 			[0m
[0;34m[1784833812.368] [11696:11696] [DMG] 			CommandFields = [0m
[0;34m[1784833812.368] [11696:11696] [DMG] 			{[0m
[0;34m[1784833812.368] [11696:11696] [DMG] 				0x0 = 2 (unsigned), [0m
[0;34m[1784833812.368] [11696:11696] [DMG] 			},[0m
[0;34m[1784833812.368] [11696:11696] [DMG] 		},[0m
[0;34m[1784833812.368] [11696:11696] [DMG] 		[0m
[0;34m[1784833812.368] [11696:11696] [DMG] 	],[0m
[0;34m[1784833812.368] [11696:11696] [DMG] 	[0m
[0;34m[1784833812.368] [11696:11696] [DMG] 	InteractionModelRevision = 12[0m
[0;34m[1784833812.368] [11696:11696] [DMG] },[0m
[0;32m[1784833812.368] [11696:11696] [DMG] AccessControl: checking f=0 a=p s=0xFFFFFFFB00000000 t= c=0x0000_003E e=0 p=o r=i[0m
[0;32m[1784833812.368] [11696:11696] [DMG] AccessControl: implicit admin (PASE)[0m
[0;32m[1784833812.368] [11696:11696] [DMG] AccessControl: checking f=0 a=p s=0xFFFFFFFB00000000 t= c=0x0000_003E e=0 p=a r=i[0m
[0;32m[1784833812.368] [11696:11696] [DMG] AccessControl: implicit admin (PASE)[0m
[0;34m[1784833812.368] [11696:11696] [DMG] Received command for Endpoint=0 Cluster=0x0000_003E Command=0x0000_0002[0m
[0;32m[1784833812.368] [11696:11696] [ZCL] OpCreds: Certificate Chain request received for PAI[0m
[0;34m[1784833812.368] [11696:11696] [DMG] Command handler moving to [NewRespons][0m
[0;34m[1784833812.368] [11696:11696] [DMG] Command handler moving to [ Preparing][0m
[0;34m[1784833812.368] [11696:11696] [DMG] Command handler moving to [AddingComm][0m
[0;34m[1784833812.368] [11696:11696] [DMG] Command handler moving to [AddedComma][0m
[0;34m[1784833812.368] [11696:11696] [DMG] Decreasing reference count for CommandHandlerImpl, remaining 1[0m
[0;34m[1784833812.368] [11696:11696] [DMG] Decreasing reference count for CommandHandlerImpl, remaining 0[0m
[0;34m[1784833812.368] [11696:11696] [DMG] Command handler moving to [AwaitingDe][0m
[0;32m[1784833812.368] [11696:11696] [EM] <<< [E:58631r S:24135 M:22162808 (Ack:118782383)] (S) Msg TX from 0000000000000000 to 0:FFFFFFFB00000000 [0000] [UDP:[fe80::bfe:a203:38f0:bce7%enp0s3]:48419] --- Type 0001:09 (IM:InvokeCommandResponse) (B:531)[0m
[0;32m[1784833812.368] [11696:11696] [EM] ??1 [E:58631r S:24135 M:22162808] (S) Msg Retransmission to 0:FFFFFFFB00000000 scheduled for 362ms from now [State:Active II:500 AI:300 AT:4000][0m
[0;34m[1784833812.368] [11696:11696] [DMG] Command response sender moving to [AllInvokeR][0m
[0;32m[1784833812.368] [11696:11696] [EM] >>> [E:58630r S:24135 M:118782384 (Ack:22162807)] (S) Msg RX from 0:FFFFFFFB00000000 [0000] to 0000000000000000 --- Type 0000:10 (SecureChannel:StandaloneAck) (B:34)[0m
[0;34m[1784833812.368] [11696:11696] [EM] Found matching exchange: 58630r, Delegate: (nil)[0m
[0;34m[1784833812.368] [11696:11696] [EM] Rxd Ack; Removing MessageCounter:22162807 from Retrans Table on exchange 58630r[0m
[0;32m[1784833812.368] [11696:11696] [EM] >>> [E:58632r S:24135 M:118782385] (S) Msg RX from 0:FFFFFFFB00000000 [0000] to 0000000000000000 --- Type 0001:08 (IM:InvokeCommandRequest) (B:62)[0m
[0;34m[1784833812.368] [11696:11696] [EM] Handling via exchange: 58632r, Delegate: 0x60ab3934eac8[0m
[0;34m[1784833812.368] [11696:11696] [DMG] InvokeRequestMessage =[0m
[0;34m[1784833812.368] [11696:11696] [DMG] {[0m
[0;34m[1784833812.368] [11696:11696] [DMG] 	suppressResponse = false, [0m
[0;34m[1784833812.368] [11696:11696] [DMG] 	timedRequest = false, [0m
[0;34m[1784833812.368] [11696:11696] [DMG] 	InvokeRequests =[0m
[0;34m[1784833812.368] [11696:11696] [DMG] 	[[0m
[0;34m[1784833812.368] [11696:11696] [DMG] 		CommandDataIB =[0m
[0;34m[1784833812.368] [11696:11696] [DMG] 		{[0m
[0;34m[1784833812.368] [11696:11696] [DMG] 			CommandPathIB =[0m
[0;34m[1784833812.368] [11696:11696] [DMG] 			{[0m
[0;34m[1784833812.368] [11696:11696] [DMG] 				EndpointId = 0x0,[0m
[0;34m[1784833812.368] [11696:11696] [DMG] 				ClusterId = 0x3e,[0m
[0;34m[1784833812.368] [11696:11696] [DMG] 				CommandId = 0x2,[0m
[0;34m[1784833812.368] [11696:11696] [DMG] 			},[0m
[0;34m[1784833812.368] [11696:11696] [DMG] 			[0m
[0;34m[1784833812.368] [11696:11696] [DMG] 			CommandFields = [0m
[0;34m[1784833812.368] [11696:11696] [DMG] 			{[0m
[0;34m[1784833812.368] [11696:11696] [DMG] 				0x0 = 1 (unsigned), [0m
[0;34m[1784833812.368] [11696:11696] [DMG] 			},[0m
[0;34m[1784833812.368] [11696:11696] [DMG] 		},[0m
[0;34m[1784833812.368] [11696:11696] [DMG] 		[0m
[0;34m[1784833812.368] [11696:11696] [DMG] 	],[0m
[0;34m[1784833812.368] [11696:11696] [DMG] 	[0m
[0;34m[1784833812.368] [11696:11696] [DMG] 	InteractionModelRevision = 12[0m
[0;34m[1784833812.368] [11696:11696] [DMG] },[0m
[0;32m[1784833812.368] [11696:11696] [DMG] AccessControl: checking f=0 a=p s=0xFFFFFFFB00000000 t= c=0x0000_003E e=0 p=o r=i[0m
[0;32m[1784833812.368] [11696:11696] [DMG] AccessControl: implicit admin (PASE)[0m
[0;32m[1784833812.368] [11696:11696] [DMG] AccessControl: checking f=0 a=p s=0xFFFFFFFB00000000 t= c=0x0000_003E e=0 p=a r=i[0m
[0;32m[1784833812.368] [11696:11696] [DMG] AccessControl: implicit admin (PASE)[0m
[0;34m[1784833812.368] [11696:11696] [DMG] Received command for Endpoint=0 Cluster=0x0000_003E Command=0x0000_0002[0m
[0;32m[1784833812.368] [11696:11696] [ZCL] OpCreds: Certificate Chain request received for DAC[0m
[0;34m[1784833812.368] [11696:11696] [DMG] Command handler moving to [NewRespons][0m
[0;34m[1784833812.368] [11696:11696] [DMG] Command handler moving to [ Preparing][0m
[0;34m[1784833812.368] [11696:11696] [DMG] Command handler moving to [AddingComm][0m
[0;34m[1784833812.368] [11696:11696] [DMG] Command handler moving to [AddedComma][0m
[0;34m[1784833812.368] [11696:11696] [DMG] Decreasing reference count for CommandHandlerImpl, remaining 1[0m
[0;34m[1784833812.368] [11696:11696] [DMG] Decreasing reference count for CommandHandlerImpl, remaining 0[0m
[0;34m[1784833812.368] [11696:11696] [DMG] Command handler moving to [AwaitingDe][0m
[0;32m[1784833812.368] [11696:11696] [EM] <<< [E:58632r S:24135 M:22162809 (Ack:118782385)] (S) Msg TX from 0000000000000000 to 0:FFFFFFFB00000000 [0000] [UDP:[fe80::bfe:a203:38f0:bce7%enp0s3]:48419] --- Type 0001:09 (IM:InvokeCommandResponse) (B:559)[0m
[0;32m[1784833812.369] [11696:11696] [EM] ??1 [E:58632r S:24135 M:22162809] (S) Msg Retransmission to 0:FFFFFFFB00000000 scheduled for 330ms from now [State:Active II:500 AI:300 AT:4000][0m
[0;34m[1784833812.369] [11696:11696] [DMG] Command response sender moving to [AllInvokeR][0m
[0;32m[1784833812.369] [11696:11696] [EM] >>> [E:58631r S:24135 M:118782386 (Ack:22162808)] (S) Msg RX from 0:FFFFFFFB00000000 [0000] to 0000000000000000 --- Type 0000:10 (SecureChannel:StandaloneAck) (B:34)[0m
[0;34m[1784833812.369] [11696:11696] [EM] Found matching exchange: 58631r, Delegate: (nil)[0m
[0;34m[1784833812.369] [11696:11696] [EM] Rxd Ack; Removing MessageCounter:22162808 from Retrans Table on exchange 58631r[0m
[0;32m[1784833812.369] [11696:11696] [EM] >>> [E:58633r S:24135 M:118782387] (S) Msg RX from 0:FFFFFFFB00000000 [0000] to 0000000000000000 --- Type 0001:08 (IM:InvokeCommandRequest) (B:94)[0m
[0;34m[1784833812.369] [11696:11696] [EM] Handling via exchange: 58633r, Delegate: 0x60ab3934eac8[0m
[0;34m[1784833812.369] [11696:11696] [DMG] InvokeRequestMessage =[0m
[0;34m[1784833812.369] [11696:11696] [DMG] {[0m
[0;34m[1784833812.369] [11696:11696] [DMG] 	suppressResponse = false, [0m
[0;34m[1784833812.369] [11696:11696] [DMG] 	timedRequest = false, [0m
[0;34m[1784833812.369] [11696:11696] [DMG] 	InvokeRequests =[0m
[0;34m[1784833812.369] [11696:11696] [DMG] 	[[0m
[0;34m[1784833812.369] [11696:11696] [DMG] 		CommandDataIB =[0m
[0;34m[1784833812.369] [11696:11696] [DMG] 		{[0m
[0;34m[1784833812.369] [11696:11696] [DMG] 			CommandPathIB =[0m
[0;34m[1784833812.369] [11696:11696] [DMG] 			{[0m
[0;34m[1784833812.369] [11696:11696] [DMG] 				EndpointId = 0x0,[0m
[0;34m[1784833812.369] [11696:11696] [DMG] 				ClusterId = 0x3e,[0m
[0;34m[1784833812.369] [11696:11696] [DMG] 				CommandId = 0x0,[0m
[0;34m[1784833812.369] [11696:11696] [DMG] 			},[0m
[0;34m[1784833812.369] [11696:11696] [DMG] 			[0m
[0;34m[1784833812.369] [11696:11696] [DMG] 			CommandFields = [0m
[0;34m[1784833812.369] [11696:11696] [DMG] 			{[0m
[0;34m[1784833812.369] [11696:11696] [DMG] 				0x0 = [[0m
[0;34m[1784833812.369] [11696:11696] [DMG] 						0x5f, 0xa1, 0x8f, 0x7f, 0x75, 0x00, 0x2a, 0xe6, 0x43, 0x8f, 0xa4, 0xa5, 0x70, 0xd2, 0x72, 0x6b, 0xaf, 0x18, 0x63, 0x2f, 0xce, 0xc6, 0x35, 0xf1, 0x60, 0x89, 0x02, 0x19, 0xc6, 0x44, 0x59, 0x04, [0m
[0;34m[1784833812.369] [11696:11696] [DMG] 				] (32 bytes)[0m
[0;34m[1784833812.369] [11696:11696] [DMG] 			},[0m
[0;34m[1784833812.369] [11696:11696] [DMG] 		},[0m
[0;34m[1784833812.369] [11696:11696] [DMG] 		[0m
[0;34m[1784833812.369] [11696:11696] [DMG] 	],[0m
[0;34m[1784833812.369] [11696:11696] [DMG] 	[0m
[0;34m[1784833812.369] [11696:11696] [DMG] 	InteractionModelRevision = 12[0m
[0;34m[1784833812.369] [11696:11696] [DMG] },[0m
[0;32m[1784833812.369] [11696:11696] [DMG] AccessControl: checking f=0 a=p s=0xFFFFFFFB00000000 t= c=0x0000_003E e=0 p=o r=i[0m
[0;32m[1784833812.369] [11696:11696] [DMG] AccessControl: implicit admin (PASE)[0m
[0;32m[1784833812.369] [11696:11696] [DMG] AccessControl: checking f=0 a=p s=0xFFFFFFFB00000000 t= c=0x0000_003E e=0 p=a r=i[0m
[0;32m[1784833812.369] [11696:11696] [DMG] AccessControl: implicit admin (PASE)[0m
[0;34m[1784833812.369] [11696:11696] [DMG] Received command for Endpoint=0 Cluster=0x0000_003E Command=0x0000_0000[0m
[0;32m[1784833812.369] [11696:11696] [ZCL] OpCreds: Received an AttestationRequest command[0m
[0;32m[1784833812.369] [11696:11696] [ZCL] OpCreds: AttestationRequest successful.[0m
[0;34m[1784833812.369] [11696:11696] [DMG] Command handler moving to [NewRespons][0m
[0;34m[1784833812.369] [11696:11696] [DMG] Command handler moving to [ Preparing][0m
[0;34m[1784833812.369] [11696:11696] [DMG] Command handler moving to [AddingComm][0m
[0;34m[1784833812.369] [11696:11696] [DMG] Command handler moving to [AddedComma][0m
[0;34m[1784833812.369] [11696:11696] [DMG] Decreasing reference count for CommandHandlerImpl, remaining 1[0m
[0;34m[1784833812.369] [11696:11696] [DMG] Decreasing reference count for CommandHandlerImpl, remaining 0[0m
[0;34m[1784833812.369] [11696:11696] [DMG] Command handler moving to [AwaitingDe][0m
[0;32m[1784833812.369] [11696:11696] [EM] <<< [E:58633r S:24135 M:22162810 (Ack:118782387)] (S) Msg TX from 0000000000000000 to 0:FFFFFFFB00000000 [0000] [UDP:[fe80::bfe:a203:38f0:bce7%enp0s3]:48419] --- Type 0001:09 (IM:InvokeCommandResponse) (B:718)[0m
[0;32m[1784833812.369] [11696:11696] [EM] ??1 [E:58633r S:24135 M:22162810] (S) Msg Retransmission to 0:FFFFFFFB00000000 scheduled for 380ms from now [State:Active II:500 AI:300 AT:4000][0m
[0;34m[1784833812.369] [11696:11696] [DMG] Command response sender moving to [AllInvokeR][0m
[0;32m[1784833812.369] [11696:11696] [EM] >>> [E:58632r S:24135 M:118782388 (Ack:22162809)] (S) Msg RX from 0:FFFFFFFB00000000 [0000] to 0000000000000000 --- Type 0000:10 (SecureChannel:StandaloneAck) (B:34)[0m
[0;34m[1784833812.369] [11696:11696] [EM] Found matching exchange: 58632r, Delegate: (nil)[0m
[0;34m[1784833812.369] [11696:11696] [EM] Rxd Ack; Removing MessageCounter:22162809 from Retrans Table on exchange 58632r[0m
[0;32m[1784833812.377] [11696:11696] [EM] >>> [E:58634r S:24135 M:118782389] (S) Msg RX from 0:FFFFFFFB00000000 [0000] to 0000000000000000 --- Type 0001:08 (IM:InvokeCommandRequest) (B:94)[0m
[0;34m[1784833812.377] [11696:11696] [EM] Handling via exchange: 58634r, Delegate: 0x60ab3934eac8[0m
[0;34m[1784833812.377] [11696:11696] [DMG] InvokeRequestMessage =[0m
[0;34m[1784833812.377] [11696:11696] [DMG] {[0m
[0;34m[1784833812.377] [11696:11696] [DMG] 	suppressResponse = false, [0m
[0;34m[1784833812.377] [11696:11696] [DMG] 	timedRequest = false, [0m
[0;34m[1784833812.377] [11696:11696] [DMG] 	InvokeRequests =[0m
[0;34m[1784833812.377] [11696:11696] [DMG] 	[[0m
[0;34m[1784833812.377] [11696:11696] [DMG] 		CommandDataIB =[0m
[0;34m[1784833812.377] [11696:11696] [DMG] 		{[0m
[0;34m[1784833812.377] [11696:11696] [DMG] 			CommandPathIB =[0m
[0;34m[1784833812.377] [11696:11696] [DMG] 			{[0m
[0;34m[1784833812.377] [11696:11696] [DMG] 				EndpointId = 0x0,[0m
[0;34m[1784833812.377] [11696:11696] [DMG] 				ClusterId = 0x3e,[0m
[0;34m[1784833812.377] [11696:11696] [DMG] 				CommandId = 0x4,[0m
[0;34m[1784833812.377] [11696:11696] [DMG] 			},[0m
[0;34m[1784833812.377] [11696:11696] [DMG] 			[0m
[0;34m[1784833812.377] [11696:11696] [DMG] 			CommandFields = [0m
[0;34m[1784833812.377] [11696:11696] [DMG] 			{[0m
[0;34m[1784833812.377] [11696:11696] [DMG] 				0x0 = [[0m
[0;34m[1784833812.377] [11696:11696] [DMG] 						0x6a, 0x2a, 0x81, 0x82, 0x84, 0x34, 0x98, 0x38, 0x65, 0xfc, 0x26, 0x6a, 0x29, 0xe8, 0x75, 0x4c, 0xd0, 0xc6, 0xa4, 0x1a, 0x2a, 0x01, 0x46, 0x63, 0xbf, 0x4e, 0x62, 0xb0, 0x99, 0x17, 0x3f, 0x95, [0m
[0;34m[1784833812.377] [11696:11696] [DMG] 				] (32 bytes)[0m
[0;34m[1784833812.377] [11696:11696] [DMG] 			},[0m
[0;34m[1784833812.377] [11696:11696] [DMG] 		},[0m
[0;34m[1784833812.377] [11696:11696] [DMG] 		[0m
[0;34m[1784833812.377] [11696:11696] [DMG] 	],[0m
[0;34m[1784833812.377] [11696:11696] [DMG] 	[0m
[0;34m[1784833812.377] [11696:11696] [DMG] 	InteractionModelRevision = 12[0m
[0;34m[1784833812.377] [11696:11696] [DMG] },[0m
[0;32m[1784833812.377] [11696:11696] [DMG] AccessControl: checking f=0 a=p s=0xFFFFFFFB00000000 t= c=0x0000_003E e=0 p=o r=i[0m
[0;32m[1784833812.377] [11696:11696] [DMG] AccessControl: implicit admin (PASE)[0m
[0;32m[1784833812.377] [11696:11696] [DMG] AccessControl: checking f=0 a=p s=0xFFFFFFFB00000000 t= c=0x0000_003E e=0 p=a r=i[0m
[0;32m[1784833812.377] [11696:11696] [DMG] AccessControl: implicit admin (PASE)[0m
[0;34m[1784833812.377] [11696:11696] [DMG] Received command for Endpoint=0 Cluster=0x0000_003E Command=0x0000_0004[0m
[0;32m[1784833812.377] [11696:11696] [ZCL] OpCreds: Received a CSRRequest command[0m
[0;32m[1784833812.377] [11696:11696] [ZCL] OpCreds: AllocatePendingOperationalKey succeeded[0m
[0;32m[1784833812.377] [11696:11696] [ZCL] OpCreds: CSRRequest successful.[0m
[0;34m[1784833812.377] [11696:11696] [DMG] Command handler moving to [NewRespons][0m
[0;34m[1784833812.377] [11696:11696] [DMG] Command handler moving to [ Preparing][0m
[0;34m[1784833812.377] [11696:11696] [DMG] Command handler moving to [AddingComm][0m
[0;34m[1784833812.377] [11696:11696] [DMG] Command handler moving to [AddedComma][0m
[0;34m[1784833812.377] [11696:11696] [DMG] Decreasing reference count for CommandHandlerImpl, remaining 1[0m
[0;34m[1784833812.377] [11696:11696] [DMG] Decreasing reference count for CommandHandlerImpl, remaining 0[0m
[0;34m[1784833812.377] [11696:11696] [DMG] Command handler moving to [AwaitingDe][0m
[0;32m[1784833812.377] [11696:11696] [EM] <<< [E:58634r S:24135 M:22162811 (Ack:118782389)] (S) Msg TX from 0000000000000000 to 0:FFFFFFFB00000000 [0000] [UDP:[fe80::bfe:a203:38f0:bce7%enp0s3]:48419] --- Type 0001:09 (IM:InvokeCommandResponse) (B:378)[0m
[0;32m[1784833812.377] [11696:11696] [EM] ??1 [E:58634r S:24135 M:22162811] (S) Msg Retransmission to 0:FFFFFFFB00000000 scheduled for 360ms from now [State:Active II:500 AI:300 AT:4000][0m
[0;34m[1784833812.377] [11696:11696] [DMG] Command response sender moving to [AllInvokeR][0m
[0;32m[1784833812.377] [11696:11696] [EM] >>> [E:58633r S:24135 M:118782390 (Ack:22162810)] (S) Msg RX from 0:FFFFFFFB00000000 [0000] to 0000000000000000 --- Type 0000:10 (SecureChannel:StandaloneAck) (B:34)[0m
[0;34m[1784833812.377] [11696:11696] [EM] Found matching exchange: 58633r, Delegate: (nil)[0m
[0;34m[1784833812.377] [11696:11696] [EM] Rxd Ack; Removing MessageCounter:22162810 from Retrans Table on exchange 58633r[0m
[0;32m[1784833812.379] [11696:11696] [EM] >>> [E:58635r S:24135 M:118782391] (S) Msg RX from 0:FFFFFFFB00000000 [0000] to 0000000000000000 --- Type 0001:08 (IM:InvokeCommandRequest) (B:293)[0m
[0;34m[1784833812.379] [11696:11696] [EM] Handling via exchange: 58635r, Delegate: 0x60ab3934eac8[0m
[0;34m[1784833812.379] [11696:11696] [DMG] InvokeRequestMessage =[0m
[0;34m[1784833812.379] [11696:11696] [DMG] {[0m
[0;34m[1784833812.379] [11696:11696] [DMG] 	suppressResponse = false, [0m
[0;34m[1784833812.379] [11696:11696] [DMG] 	timedRequest = false, [0m
[0;34m[1784833812.379] [11696:11696] [DMG] 	InvokeRequests =[0m
[0;34m[1784833812.379] [11696:11696] [DMG] 	[[0m
[0;34m[1784833812.379] [11696:11696] [DMG] 		CommandDataIB =[0m
[0;34m[1784833812.379] [11696:11696] [DMG] 		{[0m
[0;34m[1784833812.379] [11696:11696] [DMG] 			CommandPathIB =[0m
[0;34m[1784833812.379] [11696:11696] [DMG] 			{[0m
[0;34m[1784833812.379] [11696:11696] [DMG] 				EndpointId = 0x0,[0m
[0;34m[1784833812.379] [11696:11696] [DMG] 				ClusterId = 0x3e,[0m
[0;34m[1784833812.379] [11696:11696] [DMG] 				CommandId = 0xb,[0m
[0;34m[1784833812.379] [11696:11696] [DMG] 			},[0m
[0;34m[1784833812.379] [11696:11696] [DMG] 			[0m
[0;34m[1784833812.379] [11696:11696] [DMG] 			CommandFields = [0m
[0;34m[1784833812.379] [11696:11696] [DMG] 			{[0m
[0;34m[1784833812.379] [11696:11696] [DMG] 				0x0 = [[0m
[0;34m[1784833812.379] [11696:11696] [DMG] 						0x15, 0x30, 0x01, 0x01, 0x01, 0x24, 0x02, 0x01, 0x37, 0x03, 0x24, 0x14, 0x01, 0x18, 0x26, 0x04, 0x80, 0x22, 0x81, 0x27, 0x26, 0x05, 0x80, 0x25, 0x4d, 0x3a, 0x37, 0x06, 0x24, 0x14, 0x01, 0x18, 0x24, 0x07, 0x01, 0x24, 0x08, 0x01, 0x30, 0x09, 0x41, 0x04, 0x10, 0x88, 0xb5, 0x7f, 0x68, 0x13, 0x27, 0xf4, 0xc6, 0xcb, 0xc6, 0xcc, 0xb7, 0x00, 0x26, 0x8a, 0xab, 0x2e, 0x4c, 0x6d, 0x98, 0xb1, 0xf2, 0x33, 0xd3, 0xa5, 0xd8, 0xd2, 0x93, 0x77, 0xf8, 0x41, 0x00, 0x75, 0xf7, 0xde, 0x0d, 0x97, 0x14, 0x41, 0x62, 0x9d, 0xf8, 0x37, 0xae, 0xc1, 0x90, 0xfd, 0x80, 0x9c, 0x1f, 0x2d, 0x7e, 0x3d, 0x8c, 0xc7, 0x18, 0x49, 0xaa, 0x59, 0x4b, 0x45, 0xd9, 0x3d, 0x37, 0x0a, 0x35, 0x01, 0x29, 0x01, 0x18, 0x24, 0x02, 0x60, 0x30, 0x04, 0x14, 0x9b, 0x6b, 0x00, 0x21, 0xd0, 0x08, 0x47, 0x4f, 0x46, 0x70, 0x4b, 0xc3, 0xcb, 0x1c, 0x25, 0xac, 0x20, 0x86, 0x3b, 0x3c, 0x30, 0x05, 0x14, 0x9b, 0x6b, 0x00, 0x21, 0xd0, 0x08, 0x47, 0x4f, 0x46, 0x70, 0x4b, 0xc3, 0xcb, 0x1c, 0x25, 0xac, 0x20, 0x86, 0x3b, 0x3c, 0x18, 0x30, 0x0b, 0x40, 0x03, 0x43, 0xc4, 0x17, 0x91, 0x28, 0x65, 0x98, 0xd1, 0x26, 0x5a, 0xab, 0x2e, 0x50, 0x4d, 0x6c, 0xb2, 0x3b, 0x30, 0x36, 0x91, 0x6f, 0x6c, 0x9a, 0xdf, 0xfb, 0xd8, 0x6d, 0xe3, 0x1c, 0xc8, 0x3a, 0x11, 0x40, 0x14, 0xc0, 0x36, 0x24, 0x28, 0x22, 0x75, 0x78, 0x5c, 0x5d, 0xe0, 0x7e, 0x35, 0x6c, 0x94, 0xef, 0x2d, 0xe4, 0xce, 0x9f, 0xab, 0x99, 0x54, 0x37, 0x22, 0x4e, 0x3d, 0x46, 0xef, 0xc3, 0x18, [0m
[0;34m[1784833812.379] [11696:11696] [DMG] 				] (231 bytes)[0m
[0;34m[1784833812.379] [11696:11696] [DMG] 			},[0m
[0;34m[1784833812.379] [11696:11696] [DMG] 		},[0m
[0;34m[1784833812.379] [11696:11696] [DMG] 		[0m
[0;34m[1784833812.379] [11696:11696] [DMG] 	],[0m
[0;34m[1784833812.379] [11696:11696] [DMG] 	[0m
[0;34m[1784833812.379] [11696:11696] [DMG] 	InteractionModelRevision = 12[0m
[0;34m[1784833812.379] [11696:11696] [DMG] },[0m
[0;32m[1784833812.380] [11696:11696] [DMG] AccessControl: checking f=0 a=p s=0xFFFFFFFB00000000 t= c=0x0000_003E e=0 p=o r=i[0m
[0;32m[1784833812.380] [11696:11696] [DMG] AccessControl: implicit admin (PASE)[0m
[0;32m[1784833812.380] [11696:11696] [DMG] AccessControl: checking f=0 a=p s=0xFFFFFFFB00000000 t= c=0x0000_003E e=0 p=a r=i[0m
[0;32m[1784833812.380] [11696:11696] [DMG] AccessControl: implicit admin (PASE)[0m
[0;34m[1784833812.380] [11696:11696] [DMG] Received command for Endpoint=0 Cluster=0x0000_003E Command=0x0000_000B[0m
[0;32m[1784833812.380] [11696:11696] [ZCL] OpCreds: Received an AddTrustedRootCertificate command[0m
[0;32m[1784833812.380] [11696:11696] [ZCL] OpCreds: AddTrustedRootCertificate successful.[0m
[0;34m[1784833812.380] [11696:11696] [DMG] Command handler moving to [NewRespons][0m
[0;34m[1784833812.380] [11696:11696] [DMG] Command handler moving to [ Preparing][0m
[0;34m[1784833812.380] [11696:11696] [DMG] Command handler moving to [AddingComm][0m
[0;34m[1784833812.380] [11696:11696] [DMG] Command handler moving to [AddedComma][0m
[0;34m[1784833812.380] [11696:11696] [DMG] Decreasing reference count for CommandHandlerImpl, remaining 1[0m
[0;34m[1784833812.380] [11696:11696] [DMG] Decreasing reference count for CommandHandlerImpl, remaining 0[0m
[0;34m[1784833812.380] [11696:11696] [DMG] Command handler moving to [AwaitingDe][0m
[0;32m[1784833812.380] [11696:11696] [EM] <<< [E:58635r S:24135 M:22162812 (Ack:118782391)] (S) Msg TX from 0000000000000000 to 0:FFFFFFFB00000000 [0000] [UDP:[fe80::bfe:a203:38f0:bce7%enp0s3]:48419] --- Type 0001:09 (IM:InvokeCommandResponse) (B:67)[0m
[0;32m[1784833812.380] [11696:11696] [EM] ??1 [E:58635r S:24135 M:22162812] (S) Msg Retransmission to 0:FFFFFFFB00000000 scheduled for 357ms from now [State:Active II:500 AI:300 AT:4000][0m
[0;34m[1784833812.380] [11696:11696] [DMG] Command response sender moving to [AllInvokeR][0m
[0;32m[1784833812.380] [11696:11696] [EM] >>> [E:58634r S:24135 M:118782392 (Ack:22162811)] (S) Msg RX from 0:FFFFFFFB00000000 [0000] to 0000000000000000 --- Type 0000:10 (SecureChannel:StandaloneAck) (B:34)[0m
[0;34m[1784833812.380] [11696:11696] [EM] Found matching exchange: 58634r, Delegate: (nil)[0m
[0;34m[1784833812.380] [11696:11696] [EM] Rxd Ack; Removing MessageCounter:22162811 from Retrans Table on exchange 58634r[0m
[0;32m[1784833812.380] [11696:11696] [EM] >>> [E:58636r S:24135 M:118782393] (S) Msg RX from 0:FFFFFFFB00000000 [0000] to 0000000000000000 --- Type 0001:08 (IM:InvokeCommandRequest) (B:566)[0m
[0;34m[1784833812.380] [11696:11696] [EM] Handling via exchange: 58636r, Delegate: 0x60ab3934eac8[0m
[0;34m[1784833812.380] [11696:11696] [DMG] InvokeRequestMessage =[0m
[0;34m[1784833812.380] [11696:11696] [DMG] {[0m
[0;34m[1784833812.380] [11696:11696] [DMG] 	suppressResponse = false, [0m
[0;34m[1784833812.380] [11696:11696] [DMG] 	timedRequest = false, [0m
[0;34m[1784833812.380] [11696:11696] [DMG] 	InvokeRequests =[0m
[0;34m[1784833812.380] [11696:11696] [DMG] 	[[0m
[0;34m[1784833812.380] [11696:11696] [DMG] 		CommandDataIB =[0m
[0;34m[1784833812.380] [11696:11696] [DMG] 		{[0m
[0;34m[1784833812.380] [11696:11696] [DMG] 			CommandPathIB =[0m
[0;34m[1784833812.380] [11696:11696] [DMG] 			{[0m
[0;34m[1784833812.380] [11696:11696] [DMG] 				EndpointId = 0x0,[0m
[0;34m[1784833812.380] [11696:11696] [DMG] 				ClusterId = 0x3e,[0m
[0;34m[1784833812.380] [11696:11696] [DMG] 				CommandId = 0x6,[0m
[0;34m[1784833812.380] [11696:11696] [DMG] 			},[0m
[0;34m[1784833812.380] [11696:11696] [DMG] 			[0m
[0;34m[1784833812.380] [11696:11696] [DMG] 			CommandFields = [0m
[0;34m[1784833812.380] [11696:11696] [DMG] 			{[0m
[0;34m[1784833812.380] [11696:11696] [DMG] 				0x0 = [[0m
[0;34m[1784833812.380] [11696:11696] [DMG] 						0x15, 0x30, 0x01, 0x01, 0x01, 0x24, 0x02, 0x01, 0x37, 0x03, 0x24, 0x13, 0x02, 0x18, 0x26, 0x04, 0x80, 0x22, 0x81, 0x27, 0x26, 0x05, 0x80, 0x25, 0x4d, 0x3a, 0x37, 0x06, 0x24, 0x15, 0x01, 0x24, 0x11, 0x01, 0x18, 0x24, 0x07, 0x01, 0x24, 0x08, 0x01, 0x30, 0x09, 0x41, 0x04, 0xda, 0x7a, 0x6f, 0x93, 0x33, 0x33, 0x2c, 0x39, 0xf5, 0x49, 0xf6, 0x03, 0x4b, 0x46, 0x0a, 0xa0, 0x7c, 0x48, 0x93, 0x96, 0x75, 0x59, 0xb7, 0x71, 0x60, 0x82, 0x7c, 0xcb, 0xcf, 0xb8, 0xe3, 0x7b, 0x89, 0x58, 0x8a, 0x16, 0x9a, 0x24, 0x19, 0x8e, 0xdb, 0x2c, 0x38, 0x8c, 0x49, 0xe7, 0x2e, 0x46, 0x2b, 0xd6, 0x00, 0x57, 0x92, 0x2d, 0x30, 0x70, 0xc4, 0xf2, 0x37, 0x0b, 0xe4, 0x78, 0x3b, 0xc3, 0x37, 0x0a, 0x35, 0x01, 0x28, 0x01, 0x18, 0x24, 0x02, 0x01, 0x36, 0x03, 0x04, 0x02, 0x04, 0x01, 0x18, 0x30, 0x04, 0x14, 0xe9, 0xb0, 0xcf, 0xca, 0x9a, 0xa3, 0x97, 0xfb, 0xd9, 0x48, 0x70, 0x35, 0xed, 0xd8, 0xe1, 0x03, 0x58, 0x8e, 0x5b, 0x68, 0x30, 0x05, 0x14, 0x10, 0x61, 0x3f, 0xa1, 0x4f, 0xe6, 0x88, 0x1c, 0xa7, 0x07, 0x45, 0xdc, 0x50, 0xf4, 0xfc, 0x56, 0x3e, 0xde, 0xd4, 0x46, 0x18, 0x30, 0x0b, 0x40, 0x3d, 0x99, 0xed, 0x3f, 0xa4, 0x37, 0x87, 0x66, 0x66, 0x7b, 0x12, 0xa4, 0xfb, 0x8b, 0x10, 0x69, 0x2a, 0x2d, 0x8a, 0xc8, 0x8f, 0x73, 0x57, 0x53, 0x91, 0x84, 0x75, 0x57, 0x9b, 0xa1, 0x54, 0x0c, 0x6f, 0x0b, 0x13, 0x23, 0xee, 0xd4, 0xc7, 0x3a, 0xee, 0x7a, 0x15, 0x5d, 0xd3, 0x36, 0x52, 0x27, 0x93, 0x3b, 0x7c, 0xbb, 0xa3, 0xc1, 0xed, 0x84, 0x7c, 0x04, 0x0b, 0x42, 0x23, 0x39, 0x73, 0x97, 0x18, [0m
[0;34m[1784833812.380] [11696:11696] [DMG] 				] (241 bytes)[0m
[0;34m[1784833812.380] [11696:11696] [DMG] 				0x1 = [[0m
[0;34m[1784833812.380] [11696:11696] [DMG] 						0x15, 0x30, 0x01, 0x01, 0x01, 0x24, 0x02, 0x01, 0x37, 0x03, 0x24, 0x14, 0x01, 0x18, 0x26, 0x04, 0x80, 0x22, 0x81, 0x27, 0x26, 0x05, 0x80, 0x25, 0x4d, 0x3a, 0x37, 0x06, 0x24, 0x13, 0x02, 0x18, 0x24, 0x07, 0x01, 0x24, 0x08, 0x01, 0x30, 0x09, 0x41, 0x04, 0xb1, 0x51, 0xf5, 0x31, 0x28, 0xe9, 0x32, 0xbb, 0x8e, 0x85, 0x87, 0x8b, 0x34, 0x91, 0x3b, 0x8f, 0xd0, 0x7f, 0xb8, 0xca, 0x6b, 0x14, 0x5a, 0x42, 0xe2, 0x49, 0x51, 0x08, 0xa5, 0x46, 0x73, 0x84, 0xfa, 0xab, 0xb0, 0x6b, 0xb8, 0x44, 0x0b, 0x7d, 0x48, 0x85, 0x5d, 0x5f, 0x13, 0x10, 0x3a, 0x3d, 0xd0, 0x5b, 0xf7, 0x31, 0x6e, 0x3b, 0x08, 0x63, 0x1a, 0x07, 0xc2, 0x67, 0x43, 0x95, 0x67, 0x9e, 0x37, 0x0a, 0x35, 0x01, 0x29, 0x01, 0x18, 0x24, 0x02, 0x60, 0x30, 0x04, 0x14, 0x10, 0x61, 0x3f, 0xa1, 0x4f, 0xe6, 0x88, 0x1c, 0xa7, 0x07, 0x45, 0xdc, 0x50, 0xf4, 0xfc, 0x56, 0x3e, 0xde, 0xd4, 0x46, 0x30, 0x05, 0x14, 0x9b, 0x6b, 0x00, 0x21, 0xd0, 0x08, 0x47, 0x4f, 0x46, 0x70, 0x4b, 0xc3, 0xcb, 0x1c, 0x25, 0xac, 0x20, 0x86, 0x3b, 0x3c, 0x18, 0x30, 0x0b, 0x40, 0x82, 0xc8, 0x97, 0x4d, 0xad, 0xd6, 0x75, 0x25, 0xe8, 0x97, 0x06, 0x25, 0x9c, 0xf6, 0x1f, 0x87, 0xd8, 0x78, 0xef, 0x96, 0xb9, 0xb0, 0x9d, 0x5d, 0xcf, 0x54, 0xec, 0x68, 0x4b, 0x47, 0xbb, 0xe8, 0x37, 0x1c, 0x51, 0x6f, 0xd2, 0xcd, 0x16, 0x3a, 0x04, 0xeb, 0xc6, 0x22, 0x6e, 0x5e, 0xf7, 0x49, 0x95, 0xd0, 0x03, 0xc8, 0x71, 0x0b, 0xaf, 0x2b, 0xb7, 0x68, 0x16, 0xcd, 0x95, 0xeb, 0x86, 0x18, 0x18, [0m
[0;34m[1784833812.380] [11696:11696] [DMG] 				] (231 bytes)[0m
[0;34m[1784833812.380] [11696:11696] [DMG] 				0x2 = [[0m
[0;34m[1784833812.380] [11696:11696] [DMG] 						0x74, 0x65, 0x6d, 0x70, 0x6f, 0x72, 0x61, 0x72, 0x79, 0x20, 0x69, 0x70, 0x6b, 0x20, 0x30, 0x31, [0m
[0;34m[1784833812.380] [11696:11696] [DMG] 				] (16 bytes)[0m
[0;34m[1784833812.380] [11696:11696] [DMG] 				0x3 = 112233 (unsigned), [0m
[0;34m[1784833812.380] [11696:11696] [DMG] 				0x4 = 65521 (unsigned), [0m
[0;34m[1784833812.380] [11696:11696] [DMG] 			},[0m
[0;34m[1784833812.380] [11696:11696] [DMG] 		},[0m
[0;34m[1784833812.380] [11696:11696] [DMG] 		[0m
[0;34m[1784833812.380] [11696:11696] [DMG] 	],[0m
[0;34m[1784833812.380] [11696:11696] [DMG] 	[0m
[0;34m[1784833812.380] [11696:11696] [DMG] 	InteractionModelRevision = 12[0m
[0;34m[1784833812.380] [11696:11696] [DMG] },[0m
[0;32m[1784833812.380] [11696:11696] [DMG] AccessControl: checking f=0 a=p s=0xFFFFFFFB00000000 t= c=0x0000_003E e=0 p=o r=i[0m
[0;32m[1784833812.380] [11696:11696] [DMG] AccessControl: implicit admin (PASE)[0m
[0;32m[1784833812.380] [11696:11696] [DMG] AccessControl: checking f=0 a=p s=0xFFFFFFFB00000000 t= c=0x0000_003E e=0 p=a r=i[0m
[0;32m[1784833812.380] [11696:11696] [DMG] AccessControl: implicit admin (PASE)[0m
[0;34m[1784833812.380] [11696:11696] [DMG] Received command for Endpoint=0 Cluster=0x0000_003E Command=0x0000_0006[0m
[0;32m[1784833812.380] [11696:11696] [ZCL] OpCreds: Received an AddNOC command[0m
[0;32m[1784833812.381] [11696:11696] [FP] Validating NOC chain[0m
[0;32m[1784833812.381] [11696:11696] [FP] NOC chain validation successful[0m
[0;32m[1784833812.381] [11696:11696] [FP] Added new fabric at index: 0x1[0m
[0;32m[1784833812.381] [11696:11696] [FP] Assigned compressed fabric ID: 0x2D4D1D105C2AB966, node ID: 0x0000000000000001[0m
[0;32m[1784833812.381] [11696:11696] [TS] Last Known Good Time: 2023-10-14T01:16:48[0m
[0;32m[1784833812.381] [11696:11696] [TS] New proposed Last Known Good Time: 2021-01-01T00:00:00[0m
[0;32m[1784833812.381] [11696:11696] [TS] Retaining current Last Known Good Time[0m
[0;34m[1784833812.384] [11696:11696] [DL] Wrote settings to /tmp/chip_kvs_test[0m
[0;34m[1784833812.386] [11696:11696] [DL] Wrote settings to /tmp/chip_kvs_test[0m
[0;34m[1784833812.388] [11696:11696] [DL] Wrote settings to /tmp/chip_kvs_test[0m
[0;32m[1784833812.388] [11696:11696] [DMG] AccessControl: validating f=1 p=a a=c s=1 t=0[0m
[0;32m[1784833812.388] [11696:11696] [DMG]   validating subject 0x000000000001B669[0m
[0;34m[1784833812.390] [11696:11696] [DL] Wrote settings to /tmp/chip_kvs_test[0m
[0;34m[1784833812.390] [11696:11696] [EVL] LogEvent event number: 0x0000000000000004 priority: 1, endpoint id:  0x0 cluster id: 0x0000_001F event id: 0x0 Epoch timestamp: 0x0000019F9062A7A6[0m
[0;32m[1784833812.390] [11696:11696] [ZCL] OpCreds: ACL entry created for Fabric index 0x1 CASE Admin Subject 0x000000000001B669[0m
[0;34m[1784833812.390] [11696:11696] [DL] Using WiFi MAC for hostname[0m
[0;32m[1784833812.390] [11696:11696] [DIS] Advertise operational node 2D4D1D105C2AB966-0000000000000001[0m
[0;34m[1784833812.390] [11696:11696] [DIS] Responding with _matter._tcp.local[0m
[0;34m[1784833812.390] [11696:11696] [DIS] Responding with 2D4D1D105C2AB966-0000000000000001._matter._tcp.local[0m
[0;34m[1784833812.390] [11696:11696] [DIS] Responding with 2D4D1D105C2AB966-0000000000000001._matter._tcp.local[0m
[0;34m[1784833812.390] [11696:11696] [DIS] Responding with 080027AE1A43.local[0m
[0;34m[1784833812.390] [11696:11696] [DIS] Responding with 080027AE1A43.local[0m
[0;34m[1784833812.390] [11696:11696] [DIS] Responding with _I2D4D1D105C2AB966._sub._matter._tcp.local[0m
[0;32m[1784833812.390] [11696:11696] [DIS] CHIP minimal mDNS configured as 'Operational device'; instance name: 2D4D1D105C2AB966-0000000000000001.[0m
[0;32m[1784833812.391] [11696:11696] [DIS] mDNS service published: _matter._tcp[0m
[0;34m[1784833812.391] [11696:11696] [DMG] Command handler moving to [NewRespons][0m
[0;34m[1784833812.391] [11696:11696] [DMG] Command handler moving to [ Preparing][0m
[0;34m[1784833812.391] [11696:11696] [DMG] Command handler moving to [AddingComm][0m
[0;34m[1784833812.391] [11696:11696] [DMG] Command handler moving to [AddedComma][0m
[0;32m[1784833812.391] [11696:11696] [ZCL] OpCreds: successfully created fabric index 0x1 via AddNOC[0m
[0;34m[1784833812.391] [11696:11696] [DMG] Decreasing reference count for CommandHandlerImpl, remaining 1[0m
[0;34m[1784833812.391] [11696:11696] [DMG] Decreasing reference count for CommandHandlerImpl, remaining 0[0m
[0;34m[1784833812.391] [11696:11696] [DMG] Command handler moving to [AwaitingDe][0m
[0;32m[1784833812.391] [11696:11696] [EM] <<< [E:58636r S:24135 M:22162813 (Ack:118782393)] (S) Msg TX from 0000000000000000 to 1:FFFFFFFB00000000 [B966] [UDP:[fe80::bfe:a203:38f0:bce7%enp0s3]:48419] --- Type 0001:09 (IM:InvokeCommandResponse) (B:70)[0m
[0;32m[1784833812.391] [11696:11696] [EM] ??1 [E:58636r S:24135 M:22162813] (S) Msg Retransmission to 1:FFFFFFFB00000000 scheduled for 387ms from now [State:Active II:500 AI:300 AT:4000][0m
[0;34m[1784833812.391] [11696:11696] [DMG] Command response sender moving to [AllInvokeR][0m
[0;32m[1784833812.391] [11696:11696] [EM] >>> [E:58635r S:24135 M:118782394 (Ack:22162812)] (S) Msg RX from 1:FFFFFFFB00000000 [B966] to 0000000000000000 --- Type 0000:10 (SecureChannel:StandaloneAck) (B:34)[0m
[0;34m[1784833812.391] [11696:11696] [EM] Found matching exchange: 58635r, Delegate: (nil)[0m
[0;34m[1784833812.391] [11696:11696] [EM] Rxd Ack; Removing MessageCounter:22162812 from Retrans Table on exchange 58635r[0m
[0;32m[1784833812.392] [11696:11696] [EM] >>> [E:58636r S:24135 M:118782395 (Ack:22162813)] (S) Msg RX from 1:FFFFFFFB00000000 [B966] to 0000000000000000 --- Type 0000:10 (SecureChannel:StandaloneAck) (B:34)[0m
[0;34m[1784833812.392] [11696:11696] [EM] Found matching exchange: 58636r, Delegate: (nil)[0m
[0;34m[1784833812.392] [11696:11696] [EM] Rxd Ack; Removing MessageCounter:22162813 from Retrans Table on exchange 58636r[0m
[0;32m[1784833812.596] [11696:11696] [EM] >>> [E:58637r S:0 M:230638369] (U) Msg RX from 0:307E993CBFEB5653 [0000] to 0000000000000000 --- Type 0000:30 (SecureChannel:CASE_Sigma1) (B:196)[0m
[0;34m[1784833812.596] [11696:11696] [EM] Handling via exchange: 58637r, Delegate: 0x60ab393445f8[0m
[0;32m[1784833812.596] [11696:11696] [IN] CASE Server received Sigma1 message . Starting handshake. EC 0x60ab575a7470[0m
[0;32m[1784833812.596] [11696:11696] [SC] Received Sigma1 msg[0m
[0;34m[1784833812.596] [11696:11696] [SC] Found MRP parameters in the message[0m
[0;34m[1784833812.596] [11696:11696] [SC] Peer (Initiator) assigned session ID 59533[0m
[0;32m[1784833812.596] [11696:11696] [SC] CASE matched destination ID: fabricIndex 1, NodeID 0x0000000000000001[0m
[0;32m[1784833812.598] [11696:11696] [EM] <<< [E:58637r S:0 M:550542 (Ack:230638369)] (U) Msg TX from 0000000000000000 to 0:307E993CBFEB5653 [0000] [UDP:[fe80::bfe:a203:38f0:bce7%enp0s3]:48419] --- Type 0000:31 (SecureChannel:CASE_Sigma2) (B:751)[0m
[0;32m[1784833812.598] [11696:11696] [EM] ??1 [E:58637r S:0 M:550542] (U) Msg Retransmission to 0:0000000000000000 scheduled for 367ms from now [State:Active II:500 AI:300 AT:4000][0m
[0;32m[1784833812.598] [11696:11696] [SC] Sent Sigma2 msg[0m
[0;32m[1784833812.599] [11696:11696] [EM] >>> [E:58637r S:0 M:230638370 (Ack:550542)] (U) Msg RX from 0:307E993CBFEB5653 [0000] to 0000000000000000 --- Type 0000:32 (SecureChannel:CASE_Sigma3) (B:598)[0m
[0;34m[1784833812.599] [11696:11696] [EM] Found matching exchange: 58637r, Delegate: 0x60ab39344630[0m
[0;34m[1784833812.599] [11696:11696] [EM] Rxd Ack; Removing MessageCounter:550542 from Retrans Table on exchange 58637r[0m
[0;32m[1784833812.599] [11696:11696] [SC] Received Sigma3 msg[0m
[0;34m[1784833812.602] [11696:11696] [DL] Wrote settings to /tmp/chip_kvs_test[0m
[0;34m[1784833812.604] [11696:11696] [DL] Wrote settings to /tmp/chip_kvs_test[0m
[0;34m[1784833812.606] [11696:11696] [DL] Wrote settings to /tmp/chip_kvs_test[0m
[0;34m[1784833812.607] [11696:11696] [SC] Sending status report. Protocol code 0, exchange 58637[0m
[0;32m[1784833812.607] [11696:11696] [EM] <<< [E:58637r S:0 M:550543 (Ack:230638370)] (U) Msg TX from 0000000000000000 to 0:307E993CBFEB5653 [0000] [UDP:[fe80::bfe:a203:38f0:bce7%enp0s3]:48419] --- Type 0000:40 (SecureChannel:StatusReport) (B:34)[0m
[0;32m[1784833812.607] [11696:11696] [EM] ??1 [E:58637r S:0 M:550543] (U) Msg Retransmission to 0:0000000000000000 scheduled for 337ms from now [State:Active II:500 AI:300 AT:4000][0m
[0;32m[1784833812.607] [11696:11696] [SC] SecureSession[0x60ab57592da0, LSID:24136]: State change 'kEstablishing' --> 'kActive'[0m
[0;34m[1784833812.607] [11696:11696] [IN] SecureSession[0x60ab57592da0]: Activated - Type:2 LSID:24136[0m
[0;34m[1784833812.607] [11696:11696] [IN] New secure session activated for device <000000000001B669, 1>, LSID:24136 PSID:59533![0m
[0;32m[1784833812.607] [11696:11696] [IN] CASE Session established to peer: <000000000001B669, 1>[0m
[0;34m[1784833812.607] [11696:11696] [IN] SecureSession[0x60ab575add40]: Allocated Type:2 LSID:24137[0m
[0;34m[1784833812.607] [11696:11696] [SC] Allocated SecureSession (0x60ab575add40) - waiting for Sigma1 msg[0m
[0;32m[1784833812.608] [11696:11696] [EM] >>> [E:58638r S:24136 M:8139803] (S) Msg RX from 1:000000000001B669 [B966] to 0000000000000001 --- Type 0001:08 (IM:InvokeCommandRequest) (B:59)[0m
[0;34m[1784833812.608] [11696:11696] [EM] Handling via exchange: 58638r, Delegate: 0x60ab3934eac8[0m
[0;34m[1784833812.608] [11696:11696] [DMG] InvokeRequestMessage =[0m
[0;34m[1784833812.608] [11696:11696] [DMG] {[0m
[0;34m[1784833812.608] [11696:11696] [DMG] 	suppressResponse = false, [0m
[0;34m[1784833812.608] [11696:11696] [DMG] 	timedRequest = false, [0m
[0;34m[1784833812.608] [11696:11696] [DMG] 	InvokeRequests =[0m
[0;34m[1784833812.608] [11696:11696] [DMG] 	[[0m
[0;34m[1784833812.608] [11696:11696] [DMG] 		CommandDataIB =[0m
[0;34m[1784833812.608] [11696:11696] [DMG] 		{[0m
[0;34m[1784833812.608] [11696:11696] [DMG] 			CommandPathIB =[0m
[0;34m[1784833812.608] [11696:11696] [DMG] 			{[0m
[0;34m[1784833812.608] [11696:11696] [DMG] 				EndpointId = 0x0,[0m
[0;34m[1784833812.608] [11696:11696] [DMG] 				ClusterId = 0x30,[0m
[0;34m[1784833812.608] [11696:11696] [DMG] 				CommandId = 0x4,[0m
[0;34m[1784833812.608] [11696:11696] [DMG] 			},[0m
[0;34m[1784833812.608] [11696:11696] [DMG] 			[0m
[0;34m[1784833812.608] [11696:11696] [DMG] 			CommandFields = [0m
[0;34m[1784833812.608] [11696:11696] [DMG] 			{[0m
[0;34m[1784833812.608] [11696:11696] [DMG] 			},[0m
[0;34m[1784833812.608] [11696:11696] [DMG] 		},[0m
[0;34m[1784833812.608] [11696:11696] [DMG] 		[0m
[0;34m[1784833812.608] [11696:11696] [DMG] 	],[0m
[0;34m[1784833812.608] [11696:11696] [DMG] 	[0m
[0;34m[1784833812.608] [11696:11696] [DMG] 	InteractionModelRevision = 12[0m
[0;34m[1784833812.608] [11696:11696] [DMG] },[0m
[0;32m[1784833812.608] [11696:11696] [DMG] AccessControl: checking f=1 a=c s=0x000000000001B669 t= c=0x0000_0030 e=0 p=o r=i[0m
[0;32m[1784833812.608] [11696:11696] [DMG] AccessControl: allowed[0m
[0;32m[1784833812.608] [11696:11696] [DMG] AccessControl: checking f=1 a=c s=0x000000000001B669 t= c=0x0000_0030 e=0 p=a r=i[0m
[0;32m[1784833812.608] [11696:11696] [DMG] AccessControl: allowed[0m
[0;34m[1784833812.608] [11696:11696] [DMG] Received command for Endpoint=0 Cluster=0x0000_0030 Command=0x0000_0004[0m
[0;32m[1784833812.608] [11696:11696] [FS] GeneralCommissioning: Received CommissioningComplete[0m
[0;34m[1784833812.610] [11696:11696] [DL] Wrote settings to /tmp/chip_kvs_test[0m
[0;34m[1784833812.631] [11696:11696] [DL] Wrote settings to /tmp/chip_kvs_test[0m
[0;32m[1784833812.631] [11696:11696] [FP] Metadata for Fabric 0x1 persisted to storage.[0m
[0;34m[1784833812.634] [11696:11696] [DL] Wrote settings to /tmp/chip_kvs_test[0m
[0;34m[1784833812.637] [11696:11696] [DL] Wrote settings to /tmp/chip_kvs_test[0m
[0;34m[1784833812.648] [11696:11696] [DL] Wrote settings to /tmp/chip_kvs_test[0m
[0;34m[1784833812.650] [11696:11696] [DL] Wrote settings to /tmp/chip_kvs_test[0m
[0;32m[1784833812.650] [11696:11696] [TS] Committing Last Known Good Time to storage: 2023-10-14T01:16:48[0m
[0;34m[1784833812.652] [11696:11696] [DL] Wrote settings to /tmp/chip_kvs_test[0m
[0;34m[1784833812.654] [11696:11696] [DL] Wrote settings to /tmp/chip_kvs_test[0m
[0;32m[1784833812.654] [11696:11696] [ZCL] OpCreds: Fabric index 0x1 was committed to storage. Compressed Fabric Id 0x2D4D1D105C2AB966, FabricId 0000000000000001, NodeId 0000000000000001, VendorId 0xFFF1[0m
[0;34m[1784833812.656] [11696:11696] [DL] Wrote settings to /tmp/chip_kvs_test[0m
[0;32m[1784833812.656] [11696:11696] [FS] GeneralCommissioning: Successfully committed pending fabric data[0m
[0;32m[1784833812.656] [11696:11696] [FS] Fail-safe cleanly disarmed[0m
[0;34m[1784833812.656] [11696:11696] [DMG] Command handler moving to [NewRespons][0m
[0;34m[1784833812.656] [11696:11696] [DMG] Command handler moving to [ Preparing][0m
[0;34m[1784833812.656] [11696:11696] [DMG] Command handler moving to [AddingComm][0m
[0;34m[1784833812.656] [11696:11696] [DMG] Command handler moving to [AddedComma][0m
[0;34m[1784833812.656] [11696:11696] [DMG] Decreasing reference count for CommandHandlerImpl, remaining 1[0m
[0;34m[1784833812.656] [11696:11696] [DMG] Decreasing reference count for CommandHandlerImpl, remaining 0[0m
[0;34m[1784833812.656] [11696:11696] [DMG] Command handler moving to [AwaitingDe][0m
[0;32m[1784833812.656] [11696:11696] [EM] <<< [E:58638r S:24136 M:191426451 (Ack:8139803)] (S) Msg TX from 0000000000000001 to 1:000000000001B669 [B966] [UDP:[fe80::bfe:a203:38f0:bce7%enp0s3]:48419] --- Type 0001:09 (IM:InvokeCommandResponse) (B:70)[0m
[0;32m[1784833812.657] [11696:11696] [EM] ??1 [E:58638r S:24136 M:191426451] (S) Msg Retransmission to 1:000000000001B669 scheduled for 387ms from now [State:Active II:500 AI:300 AT:4000][0m
[0;34m[1784833812.657] [11696:11696] [DMG] Command response sender moving to [AllInvokeR][0m
[0;32m[1784833812.657] [11696:11696] [SVR] Commissioning completed successfully[0m
[0;32m[1784833812.657] [11696:11696] [DIS] Updating services using commissioning mode 0[0m
[0;32m[1784833812.657] [11696:11696] [DIS] CHIP minimal mDNS started advertising.[0m
[0;34m[1784833812.658] [11696:11696] [DL] Using WiFi MAC for hostname[0m
[0;32m[1784833812.658] [11696:11696] [DIS] Advertise operational node 2D4D1D105C2AB966-0000000000000001[0m
[0;34m[1784833812.658] [11696:11696] [DIS] Responding with _matter._tcp.local[0m
[0;34m[1784833812.658] [11696:11696] [DIS] Responding with 2D4D1D105C2AB966-0000000000000001._matter._tcp.local[0m
[0;34m[1784833812.658] [11696:11696] [DIS] Responding with 2D4D1D105C2AB966-0000000000000001._matter._tcp.local[0m
[0;34m[1784833812.658] [11696:11696] [DIS] Responding with 080027AE1A43.local[0m
[0;34m[1784833812.658] [11696:11696] [DIS] Responding with 080027AE1A43.local[0m
[0;34m[1784833812.658] [11696:11696] [DIS] Responding with _I2D4D1D105C2AB966._sub._matter._tcp.local[0m
[0;32m[1784833812.658] [11696:11696] [DIS] CHIP minimal mDNS configured as 'Operational device'; instance name: 2D4D1D105C2AB966-0000000000000001.[0m
[0;32m[1784833812.658] [11696:11696] [DIS] mDNS service published: _matter._tcp[0m
[0;34m[1784833812.658] [11696:11696] [IN] Expiring all PASE sessions[0m
[0;34m[1784833812.658] [11696:11696] [IN] SecureSession[0x60ab57592890]: MarkForEviction Type:1 LSID:24135[0m
[0;32m[1784833812.658] [11696:11696] [SC] SecureSession[0x60ab57592890, LSID:24135]: State change 'kActive' --> 'kPendingEviction'[0m
[0;34m[1784833812.658] [11696:11696] [IN] SecureSession[0x60ab57592890]: Released - Type:1 LSID:24135[0m
[0;32m[1784833812.658] [11696:11696] [PAF] WiFiPAF: Closing all WiFiPAF sessions to shutdown[0m
[0;32m[1784833812.658] [11696:11696] [EM] >>> [E:58637r S:0 M:230638371 (Ack:550543)] (U) Msg RX from 0:307E993CBFEB5653 [0000] to 0000000000000000 --- Type 0000:10 (SecureChannel:StandaloneAck) (B:26)[0m
[0;34m[1784833812.658] [11696:11696] [EM] Found matching exchange: 58637r, Delegate: (nil)[0m
[0;34m[1784833812.658] [11696:11696] [EM] Rxd Ack; Removing MessageCounter:550543 from Retrans Table on exchange 58637r[0m
[0;32m[1784833812.658] [11696:11696] [EM] >>> [E:58638r S:24136 M:8139804 (Ack:191426451)] (S) Msg RX from 1:000000000001B669 [B966] to 0000000000000001 --- Type 0000:10 (SecureChannel:StandaloneAck) (B:34)[0m
[0;34m[1784833812.658] [11696:11696] [EM] Found matching exchange: 58638r, Delegate: (nil)[0m
[0;34m[1784833812.658] [11696:11696] [EM] Rxd Ack; Removing MessageCounter:191426451 from Retrans Table on exchange 58638r[0m
[0;32m[1784833812.932] [11696:11696] [EM] >>> [E:53998r S:0 M:22787790] (U) Msg RX from 0:BC4B0488D5FAEAF5 [0000] to 0000000000000000 --- Type 0000:30 (SecureChannel:CASE_Sigma1) (B:196)[0m
[0;34m[1784833812.932] [11696:11696] [EM] Handling via exchange: 53998r, Delegate: 0x60ab393445f8[0m
[0;32m[1784833812.932] [11696:11696] [IN] CASE Server received Sigma1 message . Starting handshake. EC 0x60ab575a7470[0m
[0;32m[1784833812.932] [11696:11696] [SC] Received Sigma1 msg[0m
[0;34m[1784833812.932] [11696:11696] [SC] Found MRP parameters in the message[0m
[0;34m[1784833812.932] [11696:11696] [SC] Peer (Initiator) assigned session ID 51601[0m
[0;32m[1784833812.933] [11696:11696] [SC] CASE matched destination ID: fabricIndex 1, NodeID 0x0000000000000001[0m
[0;32m[1784833812.933] [11696:11696] [EM] <<< [E:53998r S:0 M:550544 (Ack:22787790)] (U) Msg TX from 0000000000000000 to 0:BC4B0488D5FAEAF5 [0000] [UDP:[fe80::bfe:a203:38f0:bce7%enp0s3]:32933] --- Type 0000:31 (SecureChannel:CASE_Sigma2) (B:751)[0m
[0;32m[1784833812.934] [11696:11696] [EM] ??1 [E:53998r S:0 M:550544] (U) Msg Retransmission to 0:0000000000000000 scheduled for 360ms from now [State:Active II:500 AI:300 AT:4000][0m
[0;32m[1784833812.934] [11696:11696] [SC] Sent Sigma2 msg[0m
[0;32m[1784833812.935] [11696:11696] [EM] >>> [E:53998r S:0 M:22787791 (Ack:550544)] (U) Msg RX from 0:BC4B0488D5FAEAF5 [0000] to 0000000000000000 --- Type 0000:32 (SecureChannel:CASE_Sigma3) (B:598)[0m
[0;34m[1784833812.935] [11696:11696] [EM] Found matching exchange: 53998r, Delegate: 0x60ab39344630[0m
[0;34m[1784833812.935] [11696:11696] [EM] Rxd Ack; Removing MessageCounter:550544 from Retrans Table on exchange 53998r[0m
[0;32m[1784833812.935] [11696:11696] [SC] Received Sigma3 msg[0m
[0;34m[1784833812.939] [11696:11696] [DL] Wrote settings to /tmp/chip_kvs_test[0m
[0;34m[1784833812.941] [11696:11696] [DL] Wrote settings to /tmp/chip_kvs_test[0m
[0;34m[1784833812.943] [11696:11696] [DL] Wrote settings to /tmp/chip_kvs_test[0m
[0;34m[1784833812.943] [11696:11696] [SC] Sending status report. Protocol code 0, exchange 53998[0m
[0;32m[1784833812.943] [11696:11696] [EM] <<< [E:53998r S:0 M:550545 (Ack:22787791)] (U) Msg TX from 0000000000000000 to 0:BC4B0488D5FAEAF5 [0000] [UDP:[fe80::bfe:a203:38f0:bce7%enp0s3]:32933] --- Type 0000:40 (SecureChannel:StatusReport) (B:34)[0m
[0;32m[1784833812.943] [11696:11696] [EM] ??1 [E:53998r S:0 M:550545] (U) Msg Retransmission to 0:0000000000000000 scheduled for 358ms from now [State:Active II:500 AI:300 AT:4000][0m
[0;32m[1784833812.943] [11696:11696] [SC] SecureSession[0x60ab575add40, LSID:24137]: State change 'kEstablishing' --> 'kActive'[0m
[0;34m[1784833812.943] [11696:11696] [IN] SecureSession[0x60ab575add40]: Activated - Type:2 LSID:24137[0m
[0;34m[1784833812.943] [11696:11696] [IN] New secure session activated for device <000000000001B669, 1>, LSID:24137 PSID:51601![0m
[0;32m[1784833812.943] [11696:11696] [IN] CASE Session established to peer: <000000000001B669, 1>[0m
[0;34m[1784833812.943] [11696:11696] [IN] SecureSession[0x60ab57592890]: Allocated Type:2 LSID:24138[0m
[0;34m[1784833812.943] [11696:11696] [SC] Allocated SecureSession (0x60ab57592890) - waiting for Sigma1 msg[0m
[0;32m[1784833812.945] [11696:11696] [EM] >>> [E:53999r S:24137 M:198631452] (S) Msg RX from 1:000000000001B669 [B966] to 0000000000000001 --- Type 0001:08 (IM:InvokeCommandRequest) (B:72)[0m
[0;34m[1784833812.945] [11696:11696] [EM] Handling via exchange: 53999r, Delegate: 0x60ab3934eac8[0m
[0;34m[1784833812.945] [11696:11696] [DMG] InvokeRequestMessage =[0m
[0;34m[1784833812.945] [11696:11696] [DMG] {[0m
[0;34m[1784833812.945] [11696:11696] [DMG] 	suppressResponse = false, [0m
[0;34m[1784833812.945] [11696:11696] [DMG] 	timedRequest = false, [0m
[0;34m[1784833812.945] [11696:11696] [DMG] 	InvokeRequests =[0m
[0;34m[1784833812.945] [11696:11696] [DMG] 	[[0m
[0;34m[1784833812.945] [11696:11696] [DMG] 		CommandDataIB =[0m
[0;34m[1784833812.945] [11696:11696] [DMG] 		{[0m
[0;34m[1784833812.945] [11696:11696] [DMG] 			CommandPathIB =[0m
[0;34m[1784833812.945] [11696:11696] [DMG] 			{[0m
[0;34m[1784833812.945] [11696:11696] [DMG] 				EndpointId = 0x0,[0m
[0;34m[1784833812.945] [11696:11696] [DMG] 				ClusterId = 0x38,[0m
[0;34m[1784833812.945] [11696:11696] [DMG] 				CommandId = 0x0,[0m
[0;34m[1784833812.945] [11696:11696] [DMG] 			},[0m
[0;34m[1784833812.945] [11696:11696] [DMG] 			[0m
[0;34m[1784833812.945] [11696:11696] [DMG] 			CommandFields = [0m
[0;34m[1784833812.945] [11696:11696] [DMG] 			{[0m
[0;34m[1784833812.945] [11696:11696] [DMG] 				0x0 = 1577923200000000 (unsigned), [0m
[0;34m[1784833812.945] [11696:11696] [DMG] 				0x1 = 4 (unsigned), [0m
[0;34m[1784833812.945] [11696:11696] [DMG] 			},[0m
[0;34m[1784833812.945] [11696:11696] [DMG] 		},[0m
[0;34m[1784833812.945] [11696:11696] [DMG] 		[0m
[0;34m[1784833812.945] [11696:11696] [DMG] 	],[0m
[0;34m[1784833812.945] [11696:11696] [DMG] 	[0m
[0;34m[1784833812.945] [11696:11696] [DMG] 	InteractionModelRevision = 12[0m
[0;34m[1784833812.945] [11696:11696] [DMG] },[0m
[0;32m[1784833812.945] [11696:11696] [DMG] AccessControl: checking f=1 a=c s=0x000000000001B669 t= c=0x0000_0038 e=0 p=o r=i[0m
[0;32m[1784833812.945] [11696:11696] [DMG] AccessControl: allowed[0m
[0;32m[1784833812.945] [11696:11696] [DMG] AccessControl: checking f=1 a=c s=0x000000000001B669 t= c=0x0000_0038 e=0 p=a r=i[0m
[0;32m[1784833812.945] [11696:11696] [DMG] AccessControl: allowed[0m
[0;34m[1784833812.945] [11696:11696] [DMG] Received command for Endpoint=0 Cluster=0x0000_0038 Command=0x0000_0000[0m
[0;32m[1784833812.945] [11696:11696] [TS] Last Known Good Time: 2023-10-14T01:16:48[0m
[0;32m[1784833812.945] [11696:11696] [TS] New proposed Last Known Good Time: 2050-01-01T00:00:00[0m
[0;34m[1784833812.948] [11696:11696] [DL] Wrote settings to /tmp/chip_kvs_test[0m
[0;32m[1784833812.948] [11696:11696] [TS] Updating Last Known Good Time to 2050-01-01T00:00:00[0m
[0;32m[2524608000.001] [11696:11696] [DL] Real time clock set to 2524608000 (0150/00/01 01:00:00 UTC)[0m
[0;34m[2524608000.001] [11696:11696] [DMG] Endpoint 0, Cluster 0x0000_0038 update version to e27b8a84[0m
[0;34m[2524608000.001] [11696:11696] [DMG] Command handler moving to [NewRespons][0m
[0;34m[2524608000.001] [11696:11696] [DMG] Command handler moving to [ Preparing][0m
[0;34m[2524608000.001] [11696:11696] [DMG] Command handler moving to [AddingComm][0m
[0;34m[2524608000.001] [11696:11696] [DMG] Command handler moving to [AddedComma][0m
[0;34m[2524608000.001] [11696:11696] [DMG] Decreasing reference count for CommandHandlerImpl, remaining 1[0m
[0;34m[2524608000.001] [11696:11696] [DMG] Decreasing reference count for CommandHandlerImpl, remaining 0[0m
[0;34m[2524608000.001] [11696:11696] [DMG] Command handler moving to [AwaitingDe][0m
[0;32m[2524608000.001] [11696:11696] [EM] <<< [E:53999r S:24137 M:47774660 (Ack:198631452)] (S) Msg TX from 0000000000000001 to 1:000000000001B669 [B966] [UDP:[fe80::bfe:a203:38f0:bce7%enp0s3]:32933] --- Type 0001:09 (IM:InvokeCommandResponse) (B:67)[0m
[0;32m[2524608000.002] [11696:11696] [EM] ??1 [E:53999r S:24137 M:47774660] (S) Msg Retransmission to 1:000000000001B669 scheduled for 348ms from now [State:Active II:500 AI:300 AT:4000][0m
[0;34m[2524608000.002] [11696:11696] [DMG] Command response sender moving to [AllInvokeR][0m
[0;32m[2524608000.002] [11696:11696] [EM] >>> [E:53998r S:0 M:22787792 (Ack:550545)] (U) Msg RX from 0:BC4B0488D5FAEAF5 [0000] to 0000000000000000 --- Type 0000:10 (SecureChannel:StandaloneAck) (B:26)[0m
[0;34m[2524608000.002] [11696:11696] [EM] Found matching exchange: 53998r, Delegate: (nil)[0m
[0;34m[2524608000.002] [11696:11696] [EM] Rxd Ack; Removing MessageCounter:550545 from Retrans Table on exchange 53998r[0m
[0;32m[2524608000.403] [11696:11696] [EM] <<1 [E:53999r S:24137 M:47774660] (S) Msg Retransmission to 1:000000000001B669[0m
[0;32m[2524608000.403] [11696:11696] [EM] ??2 [E:53999r S:24137 M:47774660] (S) Msg Retransmission to 1:000000000001B669 scheduled for 404ms from now [State:Active II:500 AI:300 AT:4000][0m
[0;32m[2524608000.403] [11696:11696] [EM] >>> [E:16595r S:0 M:91662348] (U) Msg RX from 0:16C2EC30237737BB [0000] to 0000000000000000 --- Type 0000:30 (SecureChannel:CASE_Sigma1) (B:196)[0m
[0;34m[2524608000.403] [11696:11696] [EM] Handling via exchange: 16595r, Delegate: 0x60ab393445f8[0m
[0;32m[2524608000.403] [11696:11696] [IN] CASE Server received Sigma1 message . Starting handshake. EC 0x60ab575adf30[0m
[0;32m[2524608000.403] [11696:11696] [SC] Received Sigma1 msg[0m
[0;34m[2524608000.403] [11696:11696] [SC] Found MRP parameters in the message[0m
[0;34m[2524608000.403] [11696:11696] [SC] Peer (Initiator) assigned session ID 30362[0m
[0;32m[2524608000.404] [11696:11696] [SC] CASE matched destination ID: fabricIndex 1, NodeID 0x0000000000000001[0m
[0;32m[2524608000.404] [11696:11696] [EM] <<< [E:16595r S:0 M:550546 (Ack:91662348)] (U) Msg TX from 0000000000000000 to 0:16C2EC30237737BB [0000] [UDP:[fe80::bfe:a203:38f0:bce7%enp0s3]:35204] --- Type 0000:31 (SecureChannel:CASE_Sigma2) (B:751)[0m
[0;32m[2524608000.404] [11696:11696] [EM] ??1 [E:16595r S:0 M:550546] (U) Msg Retransmission to 0:0000000000000000 scheduled for 364ms from now [State:Active II:500 AI:300 AT:4000][0m
[0;32m[2524608000.404] [11696:11696] [SC] Sent Sigma2 msg[0m
[0;32m[2524608000.406] [11696:11696] [EM] >>> [E:16595r S:0 M:91662349 (Ack:550546)] (U) Msg RX from 0:16C2EC30237737BB [0000] to 0000000000000000 --- Type 0000:40 (SecureChannel:StatusReport) (B:34)[0m
[0;34m[2524608000.407] [11696:11696] [EM] Found matching exchange: 16595r, Delegate: 0x60ab39344630[0m
[0;34m[2524608000.407] [11696:11696] [EM] Rxd Ack; Removing MessageCounter:550546 from Retrans Table on exchange 16595r[0m
[1;31m[2524608000.407] [11696:11696] [SC] Received error (protocol code 2) during pairing process: src/protocols/secure_channel/CASESession.cpp:2346: CHIP Error 0x00000054: Invalid CASE parameter[0m
[1;31m[2524608000.407] [11696:11696] [IN] CASE Session establishment failed: src/protocols/secure_channel/CASESession.cpp:2346: CHIP Error 0x00000054: Invalid CASE parameter[0m
[0;34m[2524608000.407] [11696:11696] [IN] SecureSession[0x60ab57592890]: Released - Type:2 LSID:24138[0m
[0;34m[2524608000.407] [11696:11696] [IN] SecureSession[0x60ab57592890]: Allocated Type:2 LSID:24139[0m
[0;34m[2524608000.407] [11696:11696] [SC] Allocated SecureSession (0x60ab57592890) - waiting for Sigma1 msg[0m
[0;32m[2524608000.407] [11696:11696] [EM] <<< [E:16595r S:0 M:550547 (Ack:91662349)] (U) Msg TX from 0000000000000000 to 0:16C2EC30237737BB [0000] [UDP:[fe80::bfe:a203:38f0:bce7%enp0s3]:35204] --- Type 0000:10 (SecureChannel:StandaloneAck) (B:26)[0m
[0;34m[2524608000.407] [11696:11696] [EM] Flushed pending ack for MessageCounter:91662349 on exchange 16595r[0m
[0;32m[2524608000.711] [11696:11696] [EM] >>> [E:40391r S:0 M:69743039] (U) Msg RX from 0:CE0BDDE373746B8B [0000] to 0000000000000000 --- Type 0000:30 (SecureChannel:CASE_Sigma1) (B:196)[0m
[0;34m[2524608000.711] [11696:11696] [EM] Handling via exchange: 40391r, Delegate: 0x60ab393445f8[0m
[0;32m[2524608000.711] [11696:11696] [IN] CASE Server received Sigma1 message . Starting handshake. EC 0x60ab575adf30[0m
[0;32m[2524608000.711] [11696:11696] [SC] Received Sigma1 msg[0m
[0;34m[2524608000.711] [11696:11696] [SC] Found MRP parameters in the message[0m
[0;34m[2524608000.711] [11696:11696] [SC] Peer (Initiator) assigned session ID 34409[0m
[0;32m[2524608000.712] [11696:11696] [SC] CASE matched destination ID: fabricIndex 1, NodeID 0x0000000000000001[0m
[0;32m[2524608000.713] [11696:11696] [EM] <<< [E:40391r S:0 M:550548 (Ack:69743039)] (U) Msg TX from 0000000000000000 to 0:CE0BDDE373746B8B [0000] [UDP:[fe80::bfe:a203:38f0:bce7%enp0s3]:39184] --- Type 0000:31 (SecureChannel:CASE_Sigma2) (B:751)[0m
[0;32m[2524608000.714] [11696:11696] [EM] ??1 [E:40391r S:0 M:550548] (U) Msg Retransmission to 0:0000000000000000 scheduled for 372ms from now [State:Active II:500 AI:300 AT:4000][0m
[0;32m[2524608000.714] [11696:11696] [SC] Sent Sigma2 msg[0m
[0;32m[2524608000.714] [11696:11696] [EM] >>> [E:40391r S:0 M:69743040 (Ack:550548)] (U) Msg RX from 0:CE0BDDE373746B8B [0000] to 0000000000000000 --- Type 0000:40 (SecureChannel:StatusReport) (B:34)[0m
[0;34m[2524608000.714] [11696:11696] [EM] Found matching exchange: 40391r, Delegate: 0x60ab39344630[0m
[0;34m[2524608000.715] [11696:11696] [EM] Rxd Ack; Removing MessageCounter:550548 from Retrans Table on exchange 40391r[0m
[1;31m[2524608000.715] [11696:11696] [SC] Received error (protocol code 2) during pairing process: src/protocols/secure_channel/CASESession.cpp:2346: CHIP Error 0x00000054: Invalid CASE parameter[0m
[1;31m[2524608000.715] [11696:11696] [IN] CASE Session establishment failed: src/protocols/secure_channel/CASESession.cpp:2346: CHIP Error 0x00000054: Invalid CASE parameter[0m
[0;34m[2524608000.715] [11696:11696] [IN] SecureSession[0x60ab57592890]: Released - Type:2 LSID:24139[0m
[0;34m[2524608000.715] [11696:11696] [IN] SecureSession[0x60ab57592890]: Allocated Type:2 LSID:24140[0m
[0;34m[2524608000.715] [11696:11696] [SC] Allocated SecureSession (0x60ab57592890) - waiting for Sigma1 msg[0m
[0;32m[2524608000.715] [11696:11696] [EM] <<< [E:40391r S:0 M:550549 (Ack:69743040)] (U) Msg TX from 0000000000000000 to 0:CE0BDDE373746B8B [0000] [UDP:[fe80::bfe:a203:38f0:bce7%enp0s3]:39184] --- Type 0000:10 (SecureChannel:StandaloneAck) (B:26)[0m
[0;34m[2524608000.715] [11696:11696] [EM] Flushed pending ack for MessageCounter:69743040 on exchange 40391r[0m
[0;32m[2524608000.810] [11696:11696] [EM] <<2 [E:53999r S:24137 M:47774660] (S) Msg Retransmission to 1:000000000001B669[0m
[0;32m[2524608000.810] [11696:11696] [EM] ??3 [E:53999r S:24137 M:47774660] (S) Msg Retransmission to 1:000000000001B669 scheduled for 621ms from now [State:Active II:500 AI:300 AT:4000][0m
[0;32m[2524608001.433] [11696:11696] [EM] <<3 [E:53999r S:24137 M:47774660] (S) Msg Retransmission to 1:000000000001B669[0m
[0;32m[2524608001.433] [11696:11696] [EM] ??4 [E:53999r S:24137 M:47774660] (S) Msg Retransmission to 1:000000000001B669 scheduled for 877ms from now [State:Active II:500 AI:300 AT:4000][0m
[0;32m[2524608002.311] [11696:11696] [EM] <<4 [E:53999r S:24137 M:47774660] (S) Msg Retransmission to 1:000000000001B669[0m
[0;32m[2524608002.311] [11696:11696] [EM] ??5 [E:53999r S:24137 M:47774660] (S) Msg Retransmission to 1:000000000001B669 scheduled for 1504ms from now [State:Active II:500 AI:300 AT:4000][0m
[1;31m[2524608003.817] [11696:11696] [EM] <<5 [E:53999r S:24137 M:47774660] (S) Msg Retransmission to 1:000000000001B669 failure (max retries:4)[0m
[0;34m[2524608003.817] [11696:11696] [IN] SecureSession[0x60ab575add40]: MarkAsDefunct Type:2 LSID:24137[0m
[0;32m[2524608003.817] [11696:11696] [SC] SecureSession[0x60ab575add40, LSID:24137]: State change 'kActive' --> 'kDefunct'[0m
