[0;34m[1784837344.287] [21170:21170] [DL] ChipLinuxStorage::Init: Using KVS config file: /tmp/chip_tool_kvs[0m
[1;31m[1784837344.288] [21170:21170] [DL] ChipLinuxStorage::Init: Attempt to re-initialize with KVS config file: /tmp/chip_kvs, IGNORING.[0m
[0;34m[1784837344.291] [21170:21170] [DL] ChipLinuxStorage::Init: Using KVS config file: /tmp/chip_factory.ini[0m
[0;34m[1784837344.291] [21170:21170] [DL] ChipLinuxStorage::Init: Using KVS config file: /tmp/chip_config.ini[0m
[0;34m[1784837344.291] [21170:21170] [DL] ChipLinuxStorage::Init: Using KVS config file: /tmp/chip_counters.ini[0m
[0;34m[1784837344.294] [21170:21170] [DL] Wrote settings to /tmp/chip_counters.ini[0m
[0;32m[1784837344.294] [21170:21170] [DL] NVS set: chip-counters/reboot-count = 2 (0x2)[0m
[0;32m[1784837344.295] [21170:21170] [DL] Got Ethernet interface: enp0s3[0m
[0;32m[1784837344.295] [21170:21170] [DL] Found the primary Ethernet interface:enp0s3[0m
[1;31m[1784837344.295] [21170:21170] [DL] Failed to get WiFi interface[0m
[1;31m[1784837344.295] [21170:21170] [DL] Failed to reset WiFi statistic counts[0m
[0;32m[1784837344.295] [21170:21170] [PAF] WiFiPAF: WiFiPAFLayer::Init()[0m
[0;34m[1784837344.295] [21170:21170] [IN] UDP::Init bind&listen port=0[0m
[0;34m[1784837344.295] [21170:21170] [IN] UDP::Init bound to port=39778[0m
[0;34m[1784837344.295] [21170:21170] [IN] UDP::Init bind&listen port=0[0m
[0;34m[1784837344.295] [21170:21170] [IN] UDP::Init bound to port=37295[0m
[0;34m[1784837344.295] [21170:21170] [IN] BLEBase::Init - setting/overriding transport[0m
[0;34m[1784837344.295] [21170:21170] [IN] WiFiPAFBase::Init - setting/overriding transport[0m
[0;34m[1784837344.295] [21170:21170] [IN] TransportMgr initialized[0m
[0;34m[1784837344.295] [21170:21170] [FP] Initializing FabricTable from persistent storage[0m
[0;32m[1784837344.295] [21170:21170] [TS] Last Known Good Time: [unknown][0m
[0;32m[1784837344.295] [21170:21170] [TS] Setting Last Known Good Time to firmware build time 2023-10-14T01:16:48[0m
[0;32m[1784837344.296] [21170:21170] [DMG] Ember attribute persistence requires setting up[0m
[0;32m[1784837344.296] [21170:21170] [ZCL] Using ZAP configuration...[0m
[0;34m[1784837344.296] [21170:21170] [CTL] System State Initialized...[0m
[0;32m[1784837344.296] [21170:21170] [CTL] Setting attestation nonce to random value[0m
[0;32m[1784837344.296] [21170:21170] [CTL] Setting CSR nonce to random value[0m
[0;34m[1784837344.297] [21170:21172] [DL] CHIP task running[0m
[0;32m[1784837344.297] [21170:21172] [CTL] Setting attestation nonce to random value[0m
[0;32m[1784837344.297] [21170:21172] [CTL] Setting CSR nonce to random value[0m
[0;32m[1784837344.297] [21170:21172] [CTL] Couldn't get ExampleOpCredsCAKey from storage: src/controller/ExamplePersistentStorage.cpp:112: CHIP Error 0x000000A0: Value not found in the persisted storage[0m
[0;32m[1784837344.297] [21170:21172] [CTL] Couldn't get ExampleOpCredsICAKey from storage: src/controller/ExamplePersistentStorage.cpp:112: CHIP Error 0x000000A0: Value not found in the persisted storage[0m
[0;32m[1784837344.298] [21170:21172] [CTL] Generating RCAC[0m
[0;32m[1784837344.298] [21170:21172] [CTL] Generating ICAC[0m
[0;32m[1784837344.299] [21170:21172] [CTL] Generating NOC[0m
[0;32m[1784837344.299] [21170:21172] [FP] Validating NOC chain[0m
[0;32m[1784837344.299] [21170:21172] [FP] NOC chain validation successful[0m
[0;32m[1784837344.299] [21170:21172] [FP] Added new fabric at index: 0x1[0m
[0;32m[1784837344.299] [21170:21172] [FP] Assigned compressed fabric ID: 0xADD573CDDD22389B, node ID: 0x000000000001B669[0m
[0;32m[1784837344.299] [21170:21172] [TS] Last Known Good Time: 2023-10-14T01:16:48[0m
[0;32m[1784837344.299] [21170:21172] [TS] New proposed Last Known Good Time: 2021-01-01T00:00:00[0m
[0;32m[1784837344.299] [21170:21172] [TS] Retaining current Last Known Good Time[0m
[0;32m[1784837344.300] [21170:21172] [FP] Metadata for Fabric 0x1 persisted to storage.[0m
[0;32m[1784837344.301] [21170:21172] [TS] Committing Last Known Good Time to storage: 2023-10-14T01:16:48[0m
[0;32m[1784837344.302] [21170:21172] [CTL] Joined the fabric at index 1. Fabric ID is 0x0000000000000001 (Compressed Fabric ID: ADD573CDDD22389B)[0m
[0;32m[1784837344.316] [21170:21172] [TOO] Discovered Device: fe80::bfe:a203:38f0:bce7:5540[0m
[0;34m[1784837344.316] [21170:21172] [IN] SecureSession[0x759c4c032f30]: Allocated Type:1 LSID:55653[0m
[0;34m[1784837344.316] [21170:21172] [SC] Assigned local session key ID 55653[0m
[0;32m[1784837344.316] [21170:21172] [EM] <<< [E:61735i S:0 M:88903586] (U) Msg TX from 2FB2D88D7A77A1AC to 0:0000000000000000 [0000] [UDP:[fe80::bfe:a203:38f0:bce7%enp0s3]:5540] --- Type 0000:20 (SecureChannel:PBKDFParamRequest) (B:98)[0m
[0;32m[1784837344.316] [21170:21172] [EM] ??1 [E:61735i S:0 M:88903586] (U) Msg Retransmission to 0:0000000000000000 scheduled for 357ms from now [State:Active II:500 AI:300 AT:4000][0m
[0;32m[1784837344.316] [21170:21172] [SC] Sent PBKDF param request [II:500ms AI:300ms AT:4000ms)[0m
[0;32m[1784837344.316] [21170:21172] [CTL] Setting attestation nonce to random value[0m
[0;32m[1784837344.316] [21170:21172] [CTL] Setting CSR nonce to random value[0m
[0;32m[1784837344.316] [21170:21172] [CTL] Commission called for node ID 0x0000000000000001[0m
[0;32m[1784837344.316] [21170:21172] [EM] >>> [E:61735i S:0 M:30500914 (Ack:88903586)] (U) Msg RX from 0:0000000000000000 [0000] to 2FB2D88D7A77A1AC --- Type 0000:21 (SecureChannel:PBKDFParamResponse) (B:174)[0m
[0;34m[1784837344.316] [21170:21172] [EM] Found matching exchange: 61735i, Delegate: 0x759c4c033e80[0m
[0;34m[1784837344.316] [21170:21172] [EM] Rxd Ack; Removing MessageCounter:88903586 from Retrans Table on exchange 61735i[0m
[0;34m[1784837344.316] [21170:21172] [SC] Received PBKDF param response[0m
[0;34m[1784837344.316] [21170:21172] [SC] Peer assigned session ID 52138[0m
[0;34m[1784837344.316] [21170:21172] [SC] Found MRP parameters in the message[0m
[0;32m[1784837344.318] [21170:21172] [EM] <<< [E:61735i S:0 M:88903587 (Ack:30500914)] (U) Msg TX from 2FB2D88D7A77A1AC to 0:0000000000000000 [0000] [UDP:[fe80::bfe:a203:38f0:bce7%enp0s3]:5540] --- Type 0000:22 (SecureChannel:PASE_Pake1) (B:96)[0m
[0;32m[1784837344.318] [21170:21172] [EM] ??1 [E:61735i S:0 M:88903587] (U) Msg Retransmission to 0:0000000000000000 scheduled for 331ms from now [State:Active II:500 AI:300 AT:4000][0m
[0;34m[1784837344.318] [21170:21172] [SC] Sent spake2p msg1[0m
[0;32m[1784837344.318] [21170:21172] [EM] >>> [E:61735i S:0 M:30500915 (Ack:88903587)] (U) Msg RX from 0:0000000000000000 [0000] to 2FB2D88D7A77A1AC --- Type 0000:23 (SecureChannel:PASE_Pake2) (B:131)[0m
[0;34m[1784837344.318] [21170:21172] [EM] Found matching exchange: 61735i, Delegate: 0x759c4c033e80[0m
[0;34m[1784837344.318] [21170:21172] [EM] Rxd Ack; Removing MessageCounter:88903587 from Retrans Table on exchange 61735i[0m
[0;34m[1784837344.318] [21170:21172] [SC] Received spake2p msg2[0m
[0;32m[1784837344.318] [21170:21172] [EM] <<< [E:61735i S:0 M:88903588 (Ack:30500915)] (U) Msg TX from 2FB2D88D7A77A1AC to 0:0000000000000000 [0000] [UDP:[fe80::bfe:a203:38f0:bce7%enp0s3]:5540] --- Type 0000:24 (SecureChannel:PASE_Pake3) (B:63)[0m
[0;32m[1784837344.319] [21170:21172] [EM] ??1 [E:61735i S:0 M:88903588] (U) Msg Retransmission to 0:0000000000000000 scheduled for 370ms from now [State:Active II:500 AI:300 AT:4000][0m
[0;34m[1784837344.319] [21170:21172] [SC] Sent spake2p msg3[0m
[0;32m[1784837344.319] [21170:21172] [EM] >>> [E:61735i S:0 M:30500916 (Ack:88903588)] (U) Msg RX from 0:0000000000000000 [0000] to 2FB2D88D7A77A1AC --- Type 0000:40 (SecureChannel:StatusReport) (B:34)[0m
[0;34m[1784837344.319] [21170:21172] [EM] Found matching exchange: 61735i, Delegate: 0x759c4c033e80[0m
[0;34m[1784837344.319] [21170:21172] [EM] Rxd Ack; Removing MessageCounter:88903588 from Retrans Table on exchange 61735i[0m
[0;32m[1784837344.319] [21170:21172] [SC] SecureSession[0x759c4c032f30, LSID:55653]: State change 'kEstablishing' --> 'kActive'[0m
[0;34m[1784837344.319] [21170:21172] [IN] SecureSession[0x759c4c032f30]: Activated - Type:1 LSID:55653[0m
[0;34m[1784837344.319] [21170:21172] [IN] New secure session activated for device <FFFFFFFB00000000, 0>, LSID:55653 PSID:52138![0m
[0;34m[1784837344.319] [21170:21172] [CTL] Remote device completed SPAKE2+ handshake[0m
[0;32m[1784837344.319] [21170:21172] [TOO] Pairing Success[0m
[0;32m[1784837344.319] [21170:21172] [TOO] PASE establishment successful[0m
[0;32m[1784837344.319] [21170:21172] [CTL] Commissioning stage next step: 'SecurePairing' -> 'ReadCommissioningInfo'[0m
[0;32m[1784837344.319] [21170:21172] [CTL] Performing next commissioning step 'ReadCommissioningInfo'[0m
[0;34m[1784837344.319] [21170:21172] [TOO] Starting commissioning stage 'ReadCommissioningInfo'[0m
[0;32m[1784837344.319] [21170:21172] [CTL] Sending read requests for commissioning information[0m
[0;34m[1784837344.319] [21170:21172] [DMG] SendReadRequest ReadClient[0x759c4c035210]: Sending Read Request[0m
[0;32m[1784837344.319] [21170:21172] [DMG] 0 data version filters provided, 0 not relevant, 0 encoded, 0 skipped due to lack of space[0m
[0;32m[1784837344.319] [21170:21172] [EM] <<< [E:61736i S:55653 M:216239691] (S) Msg TX from 0000000000000000 to 0:FFFFFFFB00000000 [0000] [UDP:[fe80::bfe:a203:38f0:bce7%enp0s3]:5540] --- Type 0001:02 (IM:ReadRequest) (B:136)[0m
[0;32m[1784837344.319] [21170:21172] [EM] ??1 [E:61736i S:55653 M:216239691] (S) Msg Retransmission to 0:FFFFFFFB00000000 scheduled for 378ms from now [State:Active II:500 AI:300 AT:4000][0m
[0;34m[1784837344.319] [21170:21172] [DMG] MoveToState ReadClient[0x759c4c035210]: Moving to [AwaitingIn][0m
[0;32m[1784837344.319] [21170:21172] [EM] <<< [E:61735i S:0 M:88903589 (Ack:30500916)] (U) Msg TX from 2FB2D88D7A77A1AC to 0:0000000000000000 [0000] [UDP:[fe80::bfe:a203:38f0:bce7%enp0s3]:5540] --- Type 0000:10 (SecureChannel:StandaloneAck) (B:26)[0m
[0;34m[1784837344.319] [21170:21172] [EM] Flushed pending ack for MessageCounter:30500916 on exchange 61735i[0m
[0;32m[1784837344.322] [21170:21172] [EM] >>> [E:61736i S:55653 M:266646823 (Ack:216239691)] (S) Msg RX from 0:FFFFFFFB00000000 [0000] to 0000000000000000 --- Type 0001:05 (IM:ReportData) (B:766)[0m
[0;34m[1784837344.322] [21170:21172] [EM] Found matching exchange: 61736i, Delegate: 0x759c4c035220[0m
[0;34m[1784837344.322] [21170:21172] [EM] Rxd Ack; Removing MessageCounter:216239691 from Retrans Table on exchange 61736i[0m
[0;34m[1784837344.322] [21170:21172] [DMG] ReportDataMessage =[0m
[0;34m[1784837344.322] [21170:21172] [DMG] {[0m
[0;34m[1784837344.322] [21170:21172] [DMG] 	AttributeReportIBs =[0m
[0;34m[1784837344.322] [21170:21172] [DMG] 	[[0m
[0;34m[1784837344.322] [21170:21172] [DMG] 		AttributeReportIB =[0m
[0;34m[1784837344.322] [21170:21172] [DMG] 		{[0m
[0;34m[1784837344.322] [21170:21172] [DMG] 			AttributeDataIB =[0m
[0;34m[1784837344.322] [21170:21172] [DMG] 			{[0m
[0;34m[1784837344.322] [21170:21172] [DMG] 				DataVersion = 0xc2297e66,[0m
[0;34m[1784837344.322] [21170:21172] [DMG] 				AttributePathIB =[0m
[0;34m[1784837344.322] [21170:21172] [DMG] 				{[0m
[0;34m[1784837344.322] [21170:21172] [DMG] 					Endpoint = 0x0,[0m
[0;34m[1784837344.322] [21170:21172] [DMG] 					Cluster = 0x38,[0m
[0;34m[1784837344.322] [21170:21172] [DMG] 					Attribute = 0x0000_0000,[0m
[0;34m[1784837344.322] [21170:21172] [DMG] 				}[0m
[0;34m[1784837344.322] [21170:21172] [DMG] 					[0m
[0;34m[1784837344.322] [21170:21172] [DMG] 				Data = 838152544321393 (unsigned), [0m
[0;34m[1784837344.322] [21170:21172] [DMG] 			},[0m
[0;34m[1784837344.322] [21170:21172] [DMG] 			[0m
[0;34m[1784837344.322] [21170:21172] [DMG] 		},[0m
[0;34m[1784837344.322] [21170:21172] [DMG] 		[0m
[0;34m[1784837344.322] [21170:21172] [DMG] 		AttributeReportIB =[0m
[0;34m[1784837344.322] [21170:21172] [DMG] 		{[0m
[0;34m[1784837344.322] [21170:21172] [DMG] 			AttributeDataIB =[0m
[0;34m[1784837344.322] [21170:21172] [DMG] 			{[0m
[0;34m[1784837344.322] [21170:21172] [DMG] 				DataVersion = 0xc2297e66,[0m
[0;34m[1784837344.322] [21170:21172] [DMG] 				AttributePathIB =[0m
[0;34m[1784837344.322] [21170:21172] [DMG] 				{[0m
[0;34m[1784837344.322] [21170:21172] [DMG] 					Endpoint = 0x0,[0m
[0;34m[1784837344.322] [21170:21172] [DMG] 					Cluster = 0x38,[0m
[0;34m[1784837344.322] [21170:21172] [DMG] 					Attribute = 0x0000_0001,[0m
[0;34m[1784837344.322] [21170:21172] [DMG] 				}[0m
[0;34m[1784837344.322] [21170:21172] [DMG] 					[0m
[0;34m[1784837344.322] [21170:21172] [DMG] 				Data = 3 (unsigned), [0m
[0;34m[1784837344.322] [21170:21172] [DMG] 			},[0m
[0;34m[1784837344.322] [21170:21172] [DMG] 			[0m
[0;34m[1784837344.322] [21170:21172] [DMG] 		},[0m
[0;34m[1784837344.322] [21170:21172] [DMG] 		[0m
[0;34m[1784837344.322] [21170:21172] [DMG] 		AttributeReportIB =[0m
[0;34m[1784837344.322] [21170:21172] [DMG] 		{[0m
[0;34m[1784837344.322] [21170:21172] [DMG] 			AttributeDataIB =[0m
[0;34m[1784837344.322] [21170:21172] [DMG] 			{[0m
[0;34m[1784837344.322] [21170:21172] [DMG] 				DataVersion = 0xc2297e66,[0m
[0;34m[1784837344.322] [21170:21172] [DMG] 				AttributePathIB =[0m
[0;34m[1784837344.322] [21170:21172] [DMG] 				{[0m
[0;34m[1784837344.322] [21170:21172] [DMG] 					Endpoint = 0x0,[0m
[0;34m[1784837344.322] [21170:21172] [DMG] 					Cluster = 0x38,[0m
[0;34m[1784837344.322] [21170:21172] [DMG] 					Attribute = 0x0000_0002,[0m
[0;34m[1784837344.322] [21170:21172] [DMG] 				}[0m
[0;34m[1784837344.322] [21170:21172] [DMG] 					[0m
[0;34m[1784837344.322] [21170:21172] [DMG] 				Data = 8 (unsigned), [0m
[0;34m[1784837344.322] [21170:21172] [DMG] 			},[0m
[0;34m[1784837344.322] [21170:21172] [DMG] 			[0m
[0;34m[1784837344.322] [21170:21172] [DMG] 		},[0m
[0;34m[1784837344.322] [21170:21172] [DMG] 		[0m
[0;34m[1784837344.322] [21170:21172] [DMG] 		AttributeReportIB =[0m
[0;34m[1784837344.322] [21170:21172] [DMG] 		{[0m
[0;34m[1784837344.322] [21170:21172] [DMG] 			AttributeDataIB =[0m
[0;34m[1784837344.322] [21170:21172] [DMG] 			{[0m
[0;34m[1784837344.322] [21170:21172] [DMG] 				DataVersion = 0xc2297e66,[0m
[0;34m[1784837344.322] [21170:21172] [DMG] 				AttributePathIB =[0m
[0;34m[1784837344.322] [21170:21172] [DMG] 				{[0m
[0;34m[1784837344.322] [21170:21172] [DMG] 					Endpoint = 0x0,[0m
[0;34m[1784837344.322] [21170:21172] [DMG] 					Cluster = 0x38,[0m
[0;34m[1784837344.322] [21170:21172] [DMG] 					Attribute = 0x0000_0003,[0m
[0;34m[1784837344.322] [21170:21172] [DMG] 				}[0m
[0;34m[1784837344.322] [21170:21172] [DMG] 					[0m
[0;34m[1784837344.322] [21170:21172] [DMG] 				Data = NULL[0m
[0;34m[1784837344.322] [21170:21172] [DMG] 			},[0m
[0;34m[1784837344.322] [21170:21172] [DMG] 			[0m
[0;34m[1784837344.322] [21170:21172] [DMG] 		},[0m
[0;34m[1784837344.322] [21170:21172] [DMG] 		[0m
[0;34m[1784837344.322] [21170:21172] [DMG] 		AttributeReportIB =[0m
[0;34m[1784837344.322] [21170:21172] [DMG] 		{[0m
[0;34m[1784837344.322] [21170:21172] [DMG] 			AttributeDataIB =[0m
[0;34m[1784837344.322] [21170:21172] [DMG] 			{[0m
[0;34m[1784837344.322] [21170:21172] [DMG] 				DataVersion = 0xc2297e66,[0m
[0;34m[1784837344.322] [21170:21172] [DMG] 				AttributePathIB =[0m
[0;34m[1784837344.322] [21170:21172] [DMG] 				{[0m
[0;34m[1784837344.322] [21170:21172] [DMG] 					Endpoint = 0x0,[0m
[0;34m[1784837344.322] [21170:21172] [DMG] 					Cluster = 0x38,[0m
[0;34m[1784837344.322] [21170:21172] [DMG] 					Attribute = 0x0000_0004,[0m
[0;34m[1784837344.322] [21170:21172] [DMG] 				}[0m
[0;34m[1784837344.322] [21170:21172] [DMG] 					[0m
[0;34m[1784837344.322] [21170:21172] [DMG] 				Data = NULL[0m
[0;34m[1784837344.322] [21170:21172] [DMG] 			},[0m
[0;34m[1784837344.322] [21170:21172] [DMG] 			[0m
[0;34m[1784837344.322] [21170:21172] [DMG] 		},[0m
[0;34m[1784837344.322] [21170:21172] [DMG] 		[0m
[0;34m[1784837344.322] [21170:21172] [DMG] 		AttributeReportIB =[0m
[0;34m[1784837344.322] [21170:21172] [DMG] 		{[0m
[0;34m[1784837344.322] [21170:21172] [DMG] 			AttributeDataIB =[0m
[0;34m[1784837344.322] [21170:21172] [DMG] 			{[0m
[0;34m[1784837344.322] [21170:21172] [DMG] 				DataVersion = 0xc2297e66,[0m
[0;34m[1784837344.322] [21170:21172] [DMG] 				AttributePathIB =[0m
[0;34m[1784837344.322] [21170:21172] [DMG] 				{[0m
[0;34m[1784837344.322] [21170:21172] [DMG] 					Endpoint = 0x0,[0m
[0;34m[1784837344.322] [21170:21172] [DMG] 					Cluster = 0x38,[0m
[0;34m[1784837344.322] [21170:21172] [DMG] 					Attribute = 0x0000_0005,[0m
[0;34m[1784837344.322] [21170:21172] [DMG] 				}[0m
[0;34m[1784837344.322] [21170:21172] [DMG] 					[0m
[0;34m[1784837344.322] [21170:21172] [DMG] 				Data = [[0m
[0;34m[1784837344.322] [21170:21172] [DMG] 						[0m
[0;34m[1784837344.322] [21170:21172] [DMG] 					{[0m
[0;34m[1784837344.322] [21170:21172] [DMG] 						0x0 = 0 (signed), [0m
[0;34m[1784837344.322] [21170:21172] [DMG] 						0x1 = 0 (unsigned), [0m
[0;34m[1784837344.322] [21170:21172] [DMG] 					},[0m
[0;34m[1784837344.322] [21170:21172] [DMG] 				],[0m
[0;34m[1784837344.322] [21170:21172] [DMG] 			},[0m
[0;34m[1784837344.322] [21170:21172] [DMG] 			[0m
[0;34m[1784837344.322] [21170:21172] [DMG] 		},[0m
[0;34m[1784837344.322] [21170:21172] [DMG] 		[0m
[0;34m[1784837344.322] [21170:21172] [DMG] 		AttributeReportIB =[0m
[0;34m[1784837344.322] [21170:21172] [DMG] 		{[0m
[0;34m[1784837344.322] [21170:21172] [DMG] 			AttributeDataIB =[0m
[0;34m[1784837344.322] [21170:21172] [DMG] 			{[0m
[0;34m[1784837344.322] [21170:21172] [DMG] 				DataVersion = 0xc2297e66,[0m
[0;34m[1784837344.322] [21170:21172] [DMG] 				AttributePathIB =[0m
[0;34m[1784837344.322] [21170:21172] [DMG] 				{[0m
[0;34m[1784837344.322] [21170:21172] [DMG] 					Endpoint = 0x0,[0m
[0;34m[1784837344.322] [21170:21172] [DMG] 					Cluster = 0x38,[0m
[0;34m[1784837344.322] [21170:21172] [DMG] 					Attribute = 0x0000_0006,[0m
[0;34m[1784837344.322] [21170:21172] [DMG] 				}[0m
[0;34m[1784837344.322] [21170:21172] [DMG] 					[0m
[0;34m[1784837344.322] [21170:21172] [DMG] 				Data = [[0m
[0;34m[1784837344.322] [21170:21172] [DMG] 						[0m
[0;34m[1784837344.322] [21170:21172] [DMG] 				],[0m
[0;34m[1784837344.322] [21170:21172] [DMG] 			},[0m
[0;34m[1784837344.322] [21170:21172] [DMG] 			[0m
[0;34m[1784837344.322] [21170:21172] [DMG] 		},[0m
[0;34m[1784837344.322] [21170:21172] [DMG] 		[0m
[0;34m[1784837344.322] [21170:21172] [DMG] 		AttributeReportIB =[0m
[0;34m[1784837344.322] [21170:21172] [DMG] 		{[0m
[0;34m[1784837344.322] [21170:21172] [DMG] 			AttributeDataIB =[0m
[0;34m[1784837344.322] [21170:21172] [DMG] 			{[0m
[0;34m[1784837344.322] [21170:21172] [DMG] 				DataVersion = 0xc2297e66,[0m
[0;34m[1784837344.322] [21170:21172] [DMG] 				AttributePathIB =[0m
[0;34m[1784837344.322] [21170:21172] [DMG] 				{[0m
[0;34m[1784837344.322] [21170:21172] [DMG] 					Endpoint = 0x0,[0m
[0;34m[1784837344.322] [21170:21172] [DMG] 					Cluster = 0x38,[0m
[0;34m[1784837344.322] [21170:21172] [DMG] 					Attribute = 0x0000_0007,[0m
[0;34m[1784837344.322] [21170:21172] [DMG] 				}[0m
[0;34m[1784837344.322] [21170:21172] [DMG] 					[0m
[0;34m[1784837344.322] [21170:21172] [DMG] 				Data = NULL[0m
[0;34m[1784837344.322] [21170:21172] [DMG] 			},[0m
[0;34m[1784837344.322] [21170:21172] [DMG] 			[0m
[0;34m[1784837344.322] [21170:21172] [DMG] 		},[0m
[0;34m[1784837344.322] [21170:21172] [DMG] 		[0m
[0;34m[1784837344.322] [21170:21172] [DMG] 		AttributeReportIB =[0m
[0;34m[1784837344.322] [21170:21172] [DMG] 		{[0m
[0;34m[1784837344.322] [21170:21172] [DMG] 			AttributeDataIB =[0m
[0;34m[1784837344.322] [21170:21172] [DMG] 			{[0m
[0;34m[1784837344.322] [21170:21172] [DMG] 				DataVersion = 0xc2297e66,[0m
[0;34m[1784837344.322] [21170:21172] [DMG] 				AttributePathIB =[0m
[0;34m[1784837344.322] [21170:21172] [DMG] 				{[0m
[0;34m[1784837344.322] [21170:21172] [DMG] 					Endpoint = 0x0,[0m
[0;34m[1784837344.322] [21170:21172] [DMG] 					Cluster = 0x38,[0m
[0;34m[1784837344.322] [21170:21172] [DMG] 					Attribute = 0x0000_0008,[0m
[0;34m[1784837344.322] [21170:21172] [DMG] 				}[0m
[0;34m[1784837344.322] [21170:21172] [DMG] 					[0m
[0;34m[1784837344.322] [21170:21172] [DMG] 				Data = 0 (unsigned), [0m
[0;34m[1784837344.322] [21170:21172] [DMG] 			},[0m
[0;34m[1784837344.322] [21170:21172] [DMG] 			[0m
[0;34m[1784837344.322] [21170:21172] [DMG] 		},[0m
[0;34m[1784837344.322] [21170:21172] [DMG] 		[0m
[0;34m[1784837344.322] [21170:21172] [DMG] 		AttributeReportIB =[0m
[0;34m[1784837344.322] [21170:21172] [DMG] 		{[0m
[0;34m[1784837344.322] [21170:21172] [DMG] 			AttributeDataIB =[0m
[0;34m[1784837344.322] [21170:21172] [DMG] 			{[0m
[0;34m[1784837344.322] [21170:21172] [DMG] 				DataVersion = 0xc2297e66,[0m
[0;34m[1784837344.322] [21170:21172] [DMG] 				AttributePathIB =[0m
[0;34m[1784837344.322] [21170:21172] [DMG] 				{[0m
[0;34m[1784837344.322] [21170:21172] [DMG] 					Endpoint = 0x0,[0m
[0;34m[1784837344.322] [21170:21172] [DMG] 					Cluster = 0x38,[0m
[0;34m[1784837344.322] [21170:21172] [DMG] 					Attribute = 0x0000_000A,[0m
[0;34m[1784837344.322] [21170:21172] [DMG] 				}[0m
[0;34m[1784837344.322] [21170:21172] [DMG] 					[0m
[0;34m[1784837344.322] [21170:21172] [DMG] 				Data = 2 (unsigned), [0m
[0;34m[1784837344.322] [21170:21172] [DMG] 			},[0m
[0;34m[1784837344.322] [21170:21172] [DMG] 			[0m
[0;34m[1784837344.322] [21170:21172] [DMG] 		},[0m
[0;34m[1784837344.322] [21170:21172] [DMG] 		[0m
[0;34m[1784837344.322] [21170:21172] [DMG] 		AttributeReportIB =[0m
[0;34m[1784837344.322] [21170:21172] [DMG] 		{[0m
[0;34m[1784837344.322] [21170:21172] [DMG] 			AttributeDataIB =[0m
[0;34m[1784837344.322] [21170:21172] [DMG] 			{[0m
[0;34m[1784837344.322] [21170:21172] [DMG] 				DataVersion = 0xc2297e66,[0m
[0;34m[1784837344.322] [21170:21172] [DMG] 				AttributePathIB =[0m
[0;34m[1784837344.322] [21170:21172] [DMG] 				{[0m
[0;34m[1784837344.322] [21170:21172] [DMG] 					Endpoint = 0x0,[0m
[0;34m[1784837344.322] [21170:21172] [DMG] 					Cluster = 0x38,[0m
[0;34m[1784837344.322] [21170:21172] [DMG] 					Attribute = 0x0000_000B,[0m
[0;34m[1784837344.322] [21170:21172] [DMG] 				}[0m
[0;34m[1784837344.322] [21170:21172] [DMG] 					[0m
[0;34m[1784837344.322] [21170:21172] [DMG] 				Data = 2 (unsigned), [0m
[0;34m[1784837344.322] [21170:21172] [DMG] 			},[0m
[0;34m[1784837344.322] [21170:21172] [DMG] 			[0m
[0;34m[1784837344.322] [21170:21172] [DMG] 		},[0m
[0;34m[1784837344.322] [21170:21172] [DMG] 		[0m
[0;34m[1784837344.322] [21170:21172] [DMG] 		AttributeReportIB =[0m
[0;34m[1784837344.322] [21170:21172] [DMG] 		{[0m
[0;34m[1784837344.322] [21170:21172] [DMG] 			AttributeDataIB =[0m
[0;34m[1784837344.322] [21170:21172] [DMG] 			{[0m
[0;34m[1784837344.322] [21170:21172] [DMG] 				DataVersion = 0xc2297e66,[0m
[0;34m[1784837344.322] [21170:21172] [DMG] 				AttributePathIB =[0m
[0;34m[1784837344.322] [21170:21172] [DMG] 				{[0m
[0;34m[1784837344.322] [21170:21172] [DMG] 					Endpoint = 0x0,[0m
[0;34m[1784837344.322] [21170:21172] [DMG] 					Cluster = 0x38,[0m
[0;34m[1784837344.322] [21170:21172] [DMG] 					Attribute = 0x0000_000C,[0m
[0;34m[1784837344.322] [21170:21172] [DMG] 				}[0m
[0;34m[1784837344.322] [21170:21172] [DMG] 					[0m
[0;34m[1784837344.322] [21170:21172] [DMG] 				Data = true, [0m
[0;34m[1784837344.322] [21170:21172] [DMG] 			},[0m
[0;34m[1784837344.322] [21170:21172] [DMG] 			[0m
[0;34m[1784837344.322] [21170:21172] [DMG] 		},[0m
[0;34m[1784837344.322] [21170:21172] [DMG] 		[0m
[0;34m[1784837344.322] [21170:21172] [DMG] 		AttributeReportIB =[0m
[0;34m[1784837344.322] [21170:21172] [DMG] 		{[0m
[0;34m[1784837344.322] [21170:21172] [DMG] 			AttributeDataIB =[0m
[0;34m[1784837344.322] [21170:21172] [DMG] 			{[0m
[0;34m[1784837344.322] [21170:21172] [DMG] 				DataVersion = 0xc2297e66,[0m
[0;34m[1784837344.322] [21170:21172] [DMG] 				AttributePathIB =[0m
[0;34m[1784837344.322] [21170:21172] [DMG] 				{[0m
[0;34m[1784837344.322] [21170:21172] [DMG] 					Endpoint = 0x0,[0m
[0;34m[1784837344.322] [21170:21172] [DMG] 					Cluster = 0x38,[0m
[0;34m[1784837344.322] [21170:21172] [DMG] 					Attribute = 0x0000_FFFC,[0m
[0;34m[1784837344.322] [21170:21172] [DMG] 				}[0m
[0;34m[1784837344.322] [21170:21172] [DMG] 					[0m
[0;34m[1784837344.322] [21170:21172] [DMG] 				Data = 11 (unsigned), [0m
[0;34m[1784837344.322] [21170:21172] [DMG] 			},[0m
[0;34m[1784837344.322] [21170:21172] [DMG] 			[0m
[0;34m[1784837344.322] [21170:21172] [DMG] 		},[0m
[0;34m[1784837344.322] [21170:21172] [DMG] 		[0m
[0;34m[1784837344.322] [21170:21172] [DMG] 		AttributeReportIB =[0m
[0;34m[1784837344.322] [21170:21172] [DMG] 		{[0m
[0;34m[1784837344.322] [21170:21172] [DMG] 			AttributeDataIB =[0m
[0;34m[1784837344.322] [21170:21172] [DMG] 			{[0m
[0;34m[1784837344.322] [21170:21172] [DMG] 				DataVersion = 0xc2297e66,[0m
[0;34m[1784837344.322] [21170:21172] [DMG] 				AttributePathIB =[0m
[0;34m[1784837344.322] [21170:21172] [DMG] 				{[0m
[0;34m[1784837344.322] [21170:21172] [DMG] 					Endpoint = 0x0,[0m
[0;34m[1784837344.322] [21170:21172] [DMG] 					Cluster = 0x38,[0m
[0;34m[1784837344.322] [21170:21172] [DMG] 					Attribute = 0x0000_FFFD,[0m
[0;34m[1784837344.322] [21170:21172] [DMG] 				}[0m
[0;34m[1784837344.322] [21170:21172] [DMG] 					[0m
[0;34m[1784837344.322] [21170:21172] [DMG] 				Data = 2 (unsigned), [0m
[0;34m[1784837344.322] [21170:21172] [DMG] 			},[0m
[0;34m[1784837344.322] [21170:21172] [DMG] 			[0m
[0;34m[1784837344.322] [21170:21172] [DMG] 		},[0m
[0;34m[1784837344.322] [21170:21172] [DMG] 		[0m
[0;34m[1784837344.322] [21170:21172] [DMG] 		AttributeReportIB =[0m
[0;34m[1784837344.322] [21170:21172] [DMG] 		{[0m
[0;34m[1784837344.322] [21170:21172] [DMG] 			AttributeDataIB =[0m
[0;34m[1784837344.322] [21170:21172] [DMG] 			{[0m
[0;34m[1784837344.322] [21170:21172] [DMG] 				DataVersion = 0xc2297e66,[0m
[0;34m[1784837344.322] [21170:21172] [DMG] 				AttributePathIB =[0m
[0;34m[1784837344.322] [21170:21172] [DMG] 				{[0m
[0;34m[1784837344.322] [21170:21172] [DMG] 					Endpoint = 0x0,[0m
[0;34m[1784837344.322] [21170:21172] [DMG] 					Cluster = 0x38,[0m
[0;34m[1784837344.322] [21170:21172] [DMG] 					Attribute = 0x0000_FFF8,[0m
[0;34m[1784837344.322] [21170:21172] [DMG] 				}[0m
[0;34m[1784837344.322] [21170:21172] [DMG] 					[0m
[0;34m[1784837344.322] [21170:21172] [DMG] 				Data = [[0m
[0;34m[1784837344.322] [21170:21172] [DMG] 						3 (unsigned), [0m
[0;34m[1784837344.322] [21170:21172] [DMG] 				],[0m
[0;34m[1784837344.322] [21170:21172] [DMG] 			},[0m
[0;34m[1784837344.322] [21170:21172] [DMG] 			[0m
[0;34m[1784837344.322] [21170:21172] [DMG] 		},[0m
[0;34m[1784837344.322] [21170:21172] [DMG] 		[0m
[0;34m[1784837344.322] [21170:21172] [DMG] 		AttributeReportIB =[0m
[0;34m[1784837344.322] [21170:21172] [DMG] 		{[0m
[0;34m[1784837344.322] [21170:21172] [DMG] 			AttributeDataIB =[0m
[0;34m[1784837344.322] [21170:21172] [DMG] 			{[0m
[0;34m[1784837344.322] [21170:21172] [DMG] 				DataVersion = 0xc2297e66,[0m
[0;34m[1784837344.322] [21170:21172] [DMG] 				AttributePathIB =[0m
[0;34m[1784837344.322] [21170:21172] [DMG] 				{[0m
[0;34m[1784837344.322] [21170:21172] [DMG] 					Endpoint = 0x0,[0m
[0;34m[1784837344.322] [21170:21172] [DMG] 					Cluster = 0x38,[0m
[0;34m[1784837344.322] [21170:21172] [DMG] 					Attribute = 0x0000_FFF9,[0m
[0;34m[1784837344.322] [21170:21172] [DMG] 				}[0m
[0;34m[1784837344.322] [21170:21172] [DMG] 					[0m
[0;34m[1784837344.322] [21170:21172] [DMG] 				Data = [[0m
[0;34m[1784837344.322] [21170:21172] [DMG] 						0 (unsigned), 1 (unsigned), 2 (unsigned), 4 (unsigned), 5 (unsigned), [0m
[0;34m[1784837344.322] [21170:21172] [DMG] 				],[0m
[0;34m[1784837344.322] [21170:21172] [DMG] 			},[0m
[0;34m[1784837344.322] [21170:21172] [DMG] 			[0m
[0;34m[1784837344.322] [21170:21172] [DMG] 		},[0m
[0;34m[1784837344.322] [21170:21172] [DMG] 		[0m
[0;34m[1784837344.322] [21170:21172] [DMG] 		AttributeReportIB =[0m
[0;34m[1784837344.322] [21170:21172] [DMG] 		{[0m
[0;34m[1784837344.322] [21170:21172] [DMG] 			AttributeDataIB =[0m
[0;34m[1784837344.322] [21170:21172] [DMG] 			{[0m
[0;34m[1784837344.322] [21170:21172] [DMG] 				DataVersion = 0xc2297e66,[0m
[0;34m[1784837344.322] [21170:21172] [DMG] 				AttributePathIB =[0m
[0;34m[1784837344.322] [21170:21172] [DMG] 				{[0m
[0;34m[1784837344.322] [21170:21172] [DMG] 					Endpoint = 0x0,[0m
[0;34m[1784837344.322] [21170:21172] [DMG] 					Cluster = 0x38,[0m
[0;34m[1784837344.322] [21170:21172] [DMG] 					Attribute = 0x0000_FFFB,[0m
[0;34m[1784837344.322] [21170:21172] [DMG] 				}[0m
[0;34m[1784837344.322] [21170:21172] [DMG] 					[0m
[0;34m[1784837344.322] [21170:21172] [DMG] 				Data = [[0m
[0;34m[1784837344.322] [21170:21172] [DMG] 						0 (unsigned), 1 (unsigned), 2 (unsigned), 3 (unsigned), 4 (unsigned), 5 (unsigned), 6 (unsigned), 7 (unsigned), 8 (unsigned), 10 (unsigned), 11 (unsigned), 12 (unsigned), 65532 (unsigned), 65533 (unsigned), 65528 (unsigned), 65529 (unsigned), 65531 (unsigned), [0m
[0;34m[1784837344.322] [21170:21172] [DMG] 				],[0m
[0;34m[1784837344.322] [21170:21172] [DMG] 			},[0m
[0;34m[1784837344.322] [21170:21172] [DMG] 			[0m
[0;34m[1784837344.322] [21170:21172] [DMG] 		},[0m
[0;34m[1784837344.322] [21170:21172] [DMG] 		[0m
[0;34m[1784837344.322] [21170:21172] [DMG] 		AttributeReportIB =[0m
[0;34m[1784837344.322] [21170:21172] [DMG] 		{[0m
[0;34m[1784837344.322] [21170:21172] [DMG] 			AttributeDataIB =[0m
[0;34m[1784837344.322] [21170:21172] [DMG] 			{[0m
[0;34m[1784837344.322] [21170:21172] [DMG] 				DataVersion = 0x21de690,[0m
[0;34m[1784837344.322] [21170:21172] [DMG] 				AttributePathIB =[0m
[0;34m[1784837344.322] [21170:21172] [DMG] 				{[0m
[0;34m[1784837344.322] [21170:21172] [DMG] 					Endpoint = 0x0,[0m
[0;34m[1784837344.322] [21170:21172] [DMG] 					Cluster = 0x28,[0m
[0;34m[1784837344.322] [21170:21172] [DMG] 					Attribute = 0x0000_0004,[0m
[0;34m[1784837344.322] [21170:21172] [DMG] 				}[0m
[0;34m[1784837344.322] [21170:21172] [DMG] 					[0m
[0;34m[1784837344.322] [21170:21172] [DMG] 				Data = 32769 (unsigned), [0m
[0;34m[1784837344.322] [21170:21172] [DMG] 			},[0m
[0;34m[1784837344.322] [21170:21172] [DMG] 			[0m
[0;34m[1784837344.322] [21170:21172] [DMG] 		},[0m
[0;34m[1784837344.322] [21170:21172] [DMG] 		[0m
[0;34m[1784837344.322] [21170:21172] [DMG] 		AttributeReportIB =[0m
[0;34m[1784837344.322] [21170:21172] [DMG] 		{[0m
[0;34m[1784837344.322] [21170:21172] [DMG] 			AttributeDataIB =[0m
[0;34m[1784837344.322] [21170:21172] [DMG] 			{[0m
[0;34m[1784837344.322] [21170:21172] [DMG] 				DataVersion = 0x21de690,[0m
[0;34m[1784837344.322] [21170:21172] [DMG] 				AttributePathIB =[0m
[0;34m[1784837344.322] [21170:21172] [DMG] 				{[0m
[0;34m[1784837344.322] [21170:21172] [DMG] 					Endpoint = 0x0,[0m
[0;34m[1784837344.322] [21170:21172] [DMG] 					Cluster = 0x28,[0m
[0;34m[1784837344.322] [21170:21172] [DMG] 					Attribute = 0x0000_0002,[0m
[0;34m[1784837344.322] [21170:21172] [DMG] 				}[0m
[0;34m[1784837344.322] [21170:21172] [DMG] 					[0m
[0;34m[1784837344.322] [21170:21172] [DMG] 				Data = 65521 (unsigned), [0m
[0;34m[1784837344.322] [21170:21172] [DMG] 			},[0m
[0;34m[1784837344.322] [21170:21172] [DMG] 			[0m
[0;34m[1784837344.322] [21170:21172] [DMG] 		},[0m
[0;34m[1784837344.322] [21170:21172] [DMG] 		[0m
[0;34m[1784837344.322] [21170:21172] [DMG] 		AttributeReportIB =[0m
[0;34m[1784837344.322] [21170:21172] [DMG] 		{[0m
[0;34m[1784837344.322] [21170:21172] [DMG] 			AttributeStatusIB =[0m
[0;34m[1784837344.322] [21170:21172] [DMG] 			{[0m
[0;34m[1784837344.322] [21170:21172] [DMG] 				AttributePathIB =[0m
[0;34m[1784837344.322] [21170:21172] [DMG] 				{[0m
[0;34m[1784837344.322] [21170:21172] [DMG] 					Endpoint = 0x0,[0m
[0;34m[1784837344.322] [21170:21172] [DMG] 					Cluster = 0x30,[0m
[0;34m[1784837344.322] [21170:21172] [DMG] 					Attribute = 0x0000_000C,[0m
[0;34m[1784837344.322] [21170:21172] [DMG] 				}[0m
[0;34m[1784837344.322] [21170:21172] [DMG] 					[0m
[0;34m[1784837344.322] [21170:21172] [DMG] 				StatusIB =[0m
[0;34m[1784837344.322] [21170:21172] [DMG] 				{[0m
[0;34m[1784837344.322] [21170:21172] [DMG] 					status = 0x86 (UNSUPPORTED_ATTRIBUTE),[0m
[0;34m[1784837344.322] [21170:21172] [DMG] 				},[0m
[0;34m[1784837344.322] [21170:21172] [DMG] 				[0m
[0;34m[1784837344.322] [21170:21172] [DMG] 			},[0m
[0;34m[1784837344.322] [21170:21172] [DMG] 			[0m
[0;34m[1784837344.322] [21170:21172] [DMG] 		},[0m
[0;34m[1784837344.322] [21170:21172] [DMG] 		[0m
[0;34m[1784837344.322] [21170:21172] [DMG] 		AttributeReportIB =[0m
[0;34m[1784837344.322] [21170:21172] [DMG] 		{[0m
[0;34m[1784837344.322] [21170:21172] [DMG] 			AttributeDataIB =[0m
[0;34m[1784837344.322] [21170:21172] [DMG] 			{[0m
[0;34m[1784837344.322] [21170:21172] [DMG] 				DataVersion = 0xcba572d3,[0m
[0;34m[1784837344.322] [21170:21172] [DMG] 				AttributePathIB =[0m
[0;34m[1784837344.322] [21170:21172] [DMG] 				{[0m
[0;34m[1784837344.322] [21170:21172] [DMG] 					Endpoint = 0x0,[0m
[0;34m[1784837344.322] [21170:21172] [DMG] 					Cluster = 0x30,[0m
[0;34m[1784837344.322] [21170:21172] [DMG] 					Attribute = 0x0000_0003,[0m
[0;34m[1784837344.322] [21170:21172] [DMG] 				}[0m
[0;34m[1784837344.322] [21170:21172] [DMG] 					[0m
[0;34m[1784837344.322] [21170:21172] [DMG] 				Data = 2 (unsigned), [0m
[0;34m[1784837344.322] [21170:21172] [DMG] 			},[0m
[0;34m[1784837344.322] [21170:21172] [DMG] 			[0m
[0;34m[1784837344.322] [21170:21172] [DMG] 		},[0m
[0;34m[1784837344.322] [21170:21172] [DMG] 		[0m
[0;34m[1784837344.322] [21170:21172] [DMG] 		AttributeReportIB =[0m
[0;34m[1784837344.322] [21170:21172] [DMG] 		{[0m
[0;34m[1784837344.322] [21170:21172] [DMG] 			AttributeDataIB =[0m
[0;34m[1784837344.322] [21170:21172] [DMG] 			{[0m
[0;34m[1784837344.322] [21170:21172] [DMG] 				DataVersion = 0xcba572d3,[0m
[0;34m[1784837344.322] [21170:21172] [DMG] 				AttributePathIB =[0m
[0;34m[1784837344.322] [21170:21172] [DMG] 				{[0m
[0;34m[1784837344.322] [21170:21172] [DMG] 					Endpoint = 0x0,[0m
[0;34m[1784837344.322] [21170:21172] [DMG] 					Cluster = 0x30,[0m
[0;34m[1784837344.322] [21170:21172] [DMG] 					Attribute = 0x0000_0002,[0m
[0;34m[1784837344.322] [21170:21172] [DMG] 				}[0m
[0;34m[1784837344.322] [21170:21172] [DMG] 					[0m
[0;34m[1784837344.322] [21170:21172] [DMG] 				Data = 0 (unsigned), [0m
[0;34m[1784837344.322] [21170:21172] [DMG] 			},[0m
[0;34m[1784837344.322] [21170:21172] [DMG] 			[0m
[0;34m[1784837344.322] [21170:21172] [DMG] 		},[0m
[0;34m[1784837344.322] [21170:21172] [DMG] 		[0m
[0;34m[1784837344.322] [21170:21172] [DMG] 		AttributeReportIB =[0m
[0;34m[1784837344.322] [21170:21172] [DMG] 		{[0m
[0;34m[1784837344.322] [21170:21172] [DMG] 			AttributeDataIB =[0m
[0;34m[1784837344.322] [21170:21172] [DMG] 			{[0m
[0;34m[1784837344.322] [21170:21172] [DMG] 				DataVersion = 0xcba572d3,[0m
[0;34m[1784837344.322] [21170:21172] [DMG] 				AttributePathIB =[0m
[0;34m[1784837344.322] [21170:21172] [DMG] 				{[0m
[0;34m[1784837344.322] [21170:21172] [DMG] 					Endpoint = 0x0,[0m
[0;34m[1784837344.322] [21170:21172] [DMG] 					Cluster = 0x30,[0m
[0;34m[1784837344.322] [21170:21172] [DMG] 					Attribute = 0x0000_0001,[0m
[0;34m[1784837344.322] [21170:21172] [DMG] 				}[0m
[0;34m[1784837344.322] [21170:21172] [DMG] 					[0m
[0;34m[1784837344.322] [21170:21172] [DMG] 				Data = [0m
[0;34m[1784837344.322] [21170:21172] [DMG] 				{[0m
[0;34m[1784837344.322] [21170:21172] [DMG] 					0x0 = 60 (unsigned), [0m
[0;34m[1784837344.322] [21170:21172] [DMG] 					0x1 = 900 (unsigned), [0m
[0;34m[1784837344.322] [21170:21172] [DMG] 				},[0m
[0;34m[1784837344.322] [21170:21172] [DMG] 			},[0m
[0;34m[1784837344.322] [21170:21172] [DMG] 			[0m
[0;34m[1784837344.322] [21170:21172] [DMG] 		},[0m
[0;34m[1784837344.322] [21170:21172] [DMG] 		[0m
[0;34m[1784837344.322] [21170:21172] [DMG] 		AttributeReportIB =[0m
[0;34m[1784837344.322] [21170:21172] [DMG] 		{[0m
[0;34m[1784837344.322] [21170:21172] [DMG] 			AttributeDataIB =[0m
[0;34m[1784837344.322] [21170:21172] [DMG] 			{[0m
[0;34m[1784837344.322] [21170:21172] [DMG] 				DataVersion = 0xcba572d3,[0m
[0;34m[1784837344.322] [21170:21172] [DMG] 				AttributePathIB =[0m
[0;34m[1784837344.322] [21170:21172] [DMG] 				{[0m
[0;34m[1784837344.322] [21170:21172] [DMG] 					Endpoint = 0x0,[0m
[0;34m[1784837344.322] [21170:21172] [DMG] 					Cluster = 0x30,[0m
[0;34m[1784837344.322] [21170:21172] [DMG] 					Attribute = 0x0000_0000,[0m
[0;34m[1784837344.322] [21170:21172] [DMG] 				}[0m
[0;34m[1784837344.322] [21170:21172] [DMG] 					[0m
[0;34m[1784837344.322] [21170:21172] [DMG] 				Data = 0 (unsigned), [0m
[0;34m[1784837344.322] [21170:21172] [DMG] 			},[0m
[0;34m[1784837344.322] [21170:21172] [DMG] 			[0m
[0;34m[1784837344.322] [21170:21172] [DMG] 		},[0m
[0;34m[1784837344.322] [21170:21172] [DMG] 		[0m
[0;34m[1784837344.322] [21170:21172] [DMG] 		AttributeReportIB =[0m
[0;34m[1784837344.322] [21170:21172] [DMG] 		{[0m
[0;34m[1784837344.322] [21170:21172] [DMG] 			AttributeDataIB =[0m
[0;34m[1784837344.322] [21170:21172] [DMG] 			{[0m
[0;34m[1784837344.322] [21170:21172] [DMG] 				DataVersion = 0xcba572d3,[0m
[0;34m[1784837344.322] [21170:21172] [DMG] 				AttributePathIB =[0m
[0;34m[1784837344.322] [21170:21172] [DMG] 				{[0m
[0;34m[1784837344.322] [21170:21172] [DMG] 					Endpoint = 0x0,[0m
[0;34m[1784837344.322] [21170:21172] [DMG] 					Cluster = 0x30,[0m
[0;34m[1784837344.322] [21170:21172] [DMG] 					Attribute = 0x0000_0004,[0m
[0;34m[1784837344.322] [21170:21172] [DMG] 				}[0m
[0;34m[1784837344.322] [21170:21172] [DMG] 					[0m
[0;34m[1784837344.322] [21170:21172] [DMG] 				Data = true, [0m
[0;34m[1784837344.322] [21170:21172] [DMG] 			},[0m
[0;34m[1784837344.322] [21170:21172] [DMG] 			[0m
[0;34m[1784837344.322] [21170:21172] [DMG] 		},[0m
[0;34m[1784837344.322] [21170:21172] [DMG] 		[0m
[0;34m[1784837344.322] [21170:21172] [DMG] 	],[0m
[0;34m[1784837344.322] [21170:21172] [DMG] 	[0m
[0;34m[1784837344.322] [21170:21172] [DMG] 	SuppressResponse = true, [0m
[0;34m[1784837344.323] [21170:21172] [DMG] 	InteractionModelRevision = 12[0m
[0;34m[1784837344.323] [21170:21172] [DMG] }[0m
[0;34m[1784837344.323] [21170:21172] [DMG] SendReadRequest ReadClient[0x759c4c035210]: Sending Read Request[0m
[0;32m[1784837344.323] [21170:21172] [DMG] 0 data version filters provided, 0 not relevant, 0 encoded, 0 skipped due to lack of space[0m
[0;32m[1784837344.323] [21170:21172] [EM] <<< [E:61737i S:55653 M:216239692] (S) Msg TX from 0000000000000000 to 0:FFFFFFFB00000000 [0000] [UDP:[fe80::bfe:a203:38f0:bce7%enp0s3]:5540] --- Type 0001:02 (IM:ReadRequest) (B:112)[0m
[0;32m[1784837344.323] [21170:21172] [EM] ??1 [E:61737i S:55653 M:216239692] (S) Msg Retransmission to 0:FFFFFFFB00000000 scheduled for 352ms from now [State:Active II:500 AI:300 AT:4000][0m
[0;34m[1784837344.323] [21170:21172] [DMG] MoveToState ReadClient[0x759c4c035210]: Moving to [AwaitingIn][0m
[0;32m[1784837344.323] [21170:21172] [EM] <<< [E:61736i S:55653 M:216239693 (Ack:266646823)] (S) Msg TX from 0000000000000000 to 0:FFFFFFFB00000000 [0000] [UDP:[fe80::bfe:a203:38f0:bce7%enp0s3]:5540] --- Type 0000:10 (SecureChannel:StandaloneAck) (B:34)[0m
[0;34m[1784837344.323] [21170:21172] [EM] Flushed pending ack for MessageCounter:266646823 on exchange 61736i[0m
[0;32m[1784837344.324] [21170:21172] [EM] >>> [E:61737i S:55653 M:266646824 (Ack:216239692)] (S) Msg RX from 0:FFFFFFFB00000000 [0000] to 0000000000000000 --- Type 0001:05 (IM:ReportData) (B:186)[0m
[0;34m[1784837344.324] [21170:21172] [EM] Found matching exchange: 61737i, Delegate: 0x759c4c035220[0m
[0;34m[1784837344.324] [21170:21172] [EM] Rxd Ack; Removing MessageCounter:216239692 from Retrans Table on exchange 61737i[0m
[0;34m[1784837344.324] [21170:21172] [DMG] ReportDataMessage =[0m
[0;34m[1784837344.324] [21170:21172] [DMG] {[0m
[0;34m[1784837344.324] [21170:21172] [DMG] 	AttributeReportIBs =[0m
[0;34m[1784837344.324] [21170:21172] [DMG] 	[[0m
[0;34m[1784837344.324] [21170:21172] [DMG] 		AttributeReportIB =[0m
[0;34m[1784837344.324] [21170:21172] [DMG] 		{[0m
[0;34m[1784837344.324] [21170:21172] [DMG] 			AttributeStatusIB =[0m
[0;34m[1784837344.324] [21170:21172] [DMG] 			{[0m
[0;34m[1784837344.324] [21170:21172] [DMG] 				AttributePathIB =[0m
[0;34m[1784837344.324] [21170:21172] [DMG] 				{[0m
[0;34m[1784837344.324] [21170:21172] [DMG] 					Endpoint = 0x0,[0m
[0;34m[1784837344.324] [21170:21172] [DMG] 					Cluster = 0x46,[0m
[0;34m[1784837344.324] [21170:21172] [DMG] 					Attribute = 0x0000_0002,[0m
[0;34m[1784837344.324] [21170:21172] [DMG] 				}[0m
[0;34m[1784837344.324] [21170:21172] [DMG] 					[0m
[0;34m[1784837344.324] [21170:21172] [DMG] 				StatusIB =[0m
[0;34m[1784837344.324] [21170:21172] [DMG] 				{[0m
[0;34m[1784837344.324] [21170:21172] [DMG] 					status = 0xc3 (UNSUPPORTED_CLUSTER),[0m
[0;34m[1784837344.324] [21170:21172] [DMG] 				},[0m
[0;34m[1784837344.324] [21170:21172] [DMG] 				[0m
[0;34m[1784837344.324] [21170:21172] [DMG] 			},[0m
[0;34m[1784837344.324] [21170:21172] [DMG] 			[0m
[0;34m[1784837344.324] [21170:21172] [DMG] 		},[0m
[0;34m[1784837344.324] [21170:21172] [DMG] 		[0m
[0;34m[1784837344.324] [21170:21172] [DMG] 		AttributeReportIB =[0m
[0;34m[1784837344.324] [21170:21172] [DMG] 		{[0m
[0;34m[1784837344.324] [21170:21172] [DMG] 			AttributeStatusIB =[0m
[0;34m[1784837344.324] [21170:21172] [DMG] 			{[0m
[0;34m[1784837344.324] [21170:21172] [DMG] 				AttributePathIB =[0m
[0;34m[1784837344.324] [21170:21172] [DMG] 				{[0m
[0;34m[1784837344.324] [21170:21172] [DMG] 					Endpoint = 0x0,[0m
[0;34m[1784837344.324] [21170:21172] [DMG] 					Cluster = 0x46,[0m
[0;34m[1784837344.324] [21170:21172] [DMG] 					Attribute = 0x0000_0001,[0m
[0;34m[1784837344.324] [21170:21172] [DMG] 				}[0m
[0;34m[1784837344.324] [21170:21172] [DMG] 					[0m
[0;34m[1784837344.324] [21170:21172] [DMG] 				StatusIB =[0m
[0;34m[1784837344.324] [21170:21172] [DMG] 				{[0m
[0;34m[1784837344.324] [21170:21172] [DMG] 					status = 0xc3 (UNSUPPORTED_CLUSTER),[0m
[0;34m[1784837344.324] [21170:21172] [DMG] 				},[0m
[0;34m[1784837344.324] [21170:21172] [DMG] 				[0m
[0;34m[1784837344.324] [21170:21172] [DMG] 			},[0m
[0;34m[1784837344.324] [21170:21172] [DMG] 			[0m
[0;34m[1784837344.324] [21170:21172] [DMG] 		},[0m
[0;34m[1784837344.324] [21170:21172] [DMG] 		[0m
[0;34m[1784837344.324] [21170:21172] [DMG] 		AttributeReportIB =[0m
[0;34m[1784837344.324] [21170:21172] [DMG] 		{[0m
[0;34m[1784837344.324] [21170:21172] [DMG] 			AttributeStatusIB =[0m
[0;34m[1784837344.324] [21170:21172] [DMG] 			{[0m
[0;34m[1784837344.324] [21170:21172] [DMG] 				AttributePathIB =[0m
[0;34m[1784837344.324] [21170:21172] [DMG] 				{[0m
[0;34m[1784837344.324] [21170:21172] [DMG] 					Endpoint = 0x0,[0m
[0;34m[1784837344.324] [21170:21172] [DMG] 					Cluster = 0x46,[0m
[0;34m[1784837344.324] [21170:21172] [DMG] 					Attribute = 0x0000_0000,[0m
[0;34m[1784837344.324] [21170:21172] [DMG] 				}[0m
[0;34m[1784837344.324] [21170:21172] [DMG] 					[0m
[0;34m[1784837344.324] [21170:21172] [DMG] 				StatusIB =[0m
[0;34m[1784837344.324] [21170:21172] [DMG] 				{[0m
[0;34m[1784837344.324] [21170:21172] [DMG] 					status = 0xc3 (UNSUPPORTED_CLUSTER),[0m
[0;34m[1784837344.324] [21170:21172] [DMG] 				},[0m
[0;34m[1784837344.324] [21170:21172] [DMG] 				[0m
[0;34m[1784837344.324] [21170:21172] [DMG] 			},[0m
[0;34m[1784837344.324] [21170:21172] [DMG] 			[0m
[0;34m[1784837344.324] [21170:21172] [DMG] 		},[0m
[0;34m[1784837344.324] [21170:21172] [DMG] 		[0m
[0;34m[1784837344.324] [21170:21172] [DMG] 		AttributeReportIB =[0m
[0;34m[1784837344.324] [21170:21172] [DMG] 		{[0m
[0;34m[1784837344.324] [21170:21172] [DMG] 			AttributeStatusIB =[0m
[0;34m[1784837344.324] [21170:21172] [DMG] 			{[0m
[0;34m[1784837344.324] [21170:21172] [DMG] 				AttributePathIB =[0m
[0;34m[1784837344.324] [21170:21172] [DMG] 				{[0m
[0;34m[1784837344.324] [21170:21172] [DMG] 					Endpoint = 0x0,[0m
[0;34m[1784837344.324] [21170:21172] [DMG] 					Cluster = 0x46,[0m
[0;34m[1784837344.324] [21170:21172] [DMG] 					Attribute = 0x0000_0007,[0m
[0;34m[1784837344.324] [21170:21172] [DMG] 				}[0m
[0;34m[1784837344.324] [21170:21172] [DMG] 					[0m
[0;34m[1784837344.324] [21170:21172] [DMG] 				StatusIB =[0m
[0;34m[1784837344.324] [21170:21172] [DMG] 				{[0m
[0;34m[1784837344.324] [21170:21172] [DMG] 					status = 0xc3 (UNSUPPORTED_CLUSTER),[0m
[0;34m[1784837344.324] [21170:21172] [DMG] 				},[0m
[0;34m[1784837344.324] [21170:21172] [DMG] 				[0m
[0;34m[1784837344.324] [21170:21172] [DMG] 			},[0m
[0;34m[1784837344.324] [21170:21172] [DMG] 			[0m
[0;34m[1784837344.324] [21170:21172] [DMG] 		},[0m
[0;34m[1784837344.324] [21170:21172] [DMG] 		[0m
[0;34m[1784837344.324] [21170:21172] [DMG] 		AttributeReportIB =[0m
[0;34m[1784837344.324] [21170:21172] [DMG] 		{[0m
[0;34m[1784837344.324] [21170:21172] [DMG] 			AttributeStatusIB =[0m
[0;34m[1784837344.324] [21170:21172] [DMG] 			{[0m
[0;34m[1784837344.324] [21170:21172] [DMG] 				AttributePathIB =[0m
[0;34m[1784837344.324] [21170:21172] [DMG] 				{[0m
[0;34m[1784837344.324] [21170:21172] [DMG] 					Endpoint = 0x0,[0m
[0;34m[1784837344.324] [21170:21172] [DMG] 					Cluster = 0x46,[0m
[0;34m[1784837344.324] [21170:21172] [DMG] 					Attribute = 0x0000_0006,[0m
[0;34m[1784837344.324] [21170:21172] [DMG] 				}[0m
[0;34m[1784837344.324] [21170:21172] [DMG] 					[0m
[0;34m[1784837344.324] [21170:21172] [DMG] 				StatusIB =[0m
[0;34m[1784837344.324] [21170:21172] [DMG] 				{[0m
[0;34m[1784837344.324] [21170:21172] [DMG] 					status = 0xc3 (UNSUPPORTED_CLUSTER),[0m
[0;34m[1784837344.324] [21170:21172] [DMG] 				},[0m
[0;34m[1784837344.324] [21170:21172] [DMG] 				[0m
[0;34m[1784837344.324] [21170:21172] [DMG] 			},[0m
[0;34m[1784837344.324] [21170:21172] [DMG] 			[0m
[0;34m[1784837344.324] [21170:21172] [DMG] 		},[0m
[0;34m[1784837344.324] [21170:21172] [DMG] 		[0m
[0;34m[1784837344.324] [21170:21172] [DMG] 		AttributeReportIB =[0m
[0;34m[1784837344.324] [21170:21172] [DMG] 		{[0m
[0;34m[1784837344.324] [21170:21172] [DMG] 			AttributeDataIB =[0m
[0;34m[1784837344.324] [21170:21172] [DMG] 			{[0m
[0;34m[1784837344.324] [21170:21172] [DMG] 				DataVersion = 0xc5df0ff3,[0m
[0;34m[1784837344.324] [21170:21172] [DMG] 				AttributePathIB =[0m
[0;34m[1784837344.324] [21170:21172] [DMG] 				{[0m
[0;34m[1784837344.324] [21170:21172] [DMG] 					Endpoint = 0x0,[0m
[0;34m[1784837344.324] [21170:21172] [DMG] 					Cluster = 0x31,[0m
[0;34m[1784837344.324] [21170:21172] [DMG] 					Attribute = 0x0000_FFFC,[0m
[0;34m[1784837344.324] [21170:21172] [DMG] 				}[0m
[0;34m[1784837344.324] [21170:21172] [DMG] 					[0m
[0;34m[1784837344.324] [21170:21172] [DMG] 				Data = 4 (unsigned), [0m
[0;34m[1784837344.324] [21170:21172] [DMG] 			},[0m
[0;34m[1784837344.324] [21170:21172] [DMG] 			[0m
[0;34m[1784837344.324] [21170:21172] [DMG] 		},[0m
[0;34m[1784837344.324] [21170:21172] [DMG] 		[0m
[0;34m[1784837344.324] [21170:21172] [DMG] 	],[0m
[0;34m[1784837344.324] [21170:21172] [DMG] 	[0m
[0;34m[1784837344.324] [21170:21172] [DMG] 	SuppressResponse = true, [0m
[0;34m[1784837344.324] [21170:21172] [DMG] 	InteractionModelRevision = 12[0m
[0;34m[1784837344.324] [21170:21172] [DMG] }[0m
[1;31m[1784837344.324] [21170:21172] [CTL] Ignoring failure to read IsCommissioningWithoutPower: src/app/ClusterStateCache.cpp:294: CHIP Error 0x000000CA: Interaction Model Error[0m
[0;32m[1784837344.324] [21170:21172] [CTL] NetworkCommissioning Features: has Ethernet. endpointid = 0[0m
[0;32m[1784837344.324] [21170:21172] [SVR] OnReadCommissioningInfo - vendorId=0xFFF1 productId=0x8001[0m
[0;32m[1784837344.324] [21170:21172] [SVR] OnReadCommissioningInfo ICD - IdleModeDuration=0 activeModeDuration=0 activeModeThreshold=0[0m
[0;32m[1784837344.324] [21170:21172] [CTL] Successfully finished commissioning step 'ReadCommissioningInfo'[0m
[0;32m[1784837344.324] [21170:21172] [CTL] Commissioning stage next step: 'ReadCommissioningInfo' -> 'ArmFailSafe'[0m
[0;32m[1784837344.324] [21170:21172] [CTL] Performing next commissioning step 'ArmFailSafe'[0m
[0;34m[1784837344.324] [21170:21172] [TOO] Starting commissioning stage 'ArmFailSafe'[0m
[0;32m[1784837344.324] [21170:21172] [CTL] Arming failsafe (60 seconds)[0m
[0;34m[1784837344.324] [21170:21172] [DMG] ICR moving to [AddingComm][0m
[0;34m[1784837344.324] [21170:21172] [DMG] ICR moving to [AddedComma][0m
[0;32m[1784837344.324] [21170:21172] [EM] <<< [E:61738i S:55653 M:216239694] (S) Msg TX from 0000000000000000 to 0:FFFFFFFB00000000 [0000] [UDP:[fe80::bfe:a203:38f0:bce7%enp0s3]:5540] --- Type 0001:08 (IM:InvokeCommandRequest) (B:65)[0m
[0;32m[1784837344.324] [21170:21172] [EM] ??1 [E:61738i S:55653 M:216239694] (S) Msg Retransmission to 0:FFFFFFFB00000000 scheduled for 376ms from now [State:Active II:500 AI:300 AT:4000][0m
[0;34m[1784837344.324] [21170:21172] [DMG] ICR moving to [AwaitingRe][0m
[0;32m[1784837344.324] [21170:21172] [EM] <<< [E:61737i S:55653 M:216239695 (Ack:266646824)] (S) Msg TX from 0000000000000000 to 0:FFFFFFFB00000000 [0000] [UDP:[fe80::bfe:a203:38f0:bce7%enp0s3]:5540] --- Type 0000:10 (SecureChannel:StandaloneAck) (B:34)[0m
[0;34m[1784837344.324] [21170:21172] [EM] Flushed pending ack for MessageCounter:266646824 on exchange 61737i[0m
[0;32m[1784837344.325] [21170:21172] [EM] >>> [E:61738i S:55653 M:266646825 (Ack:216239694)] (S) Msg RX from 0:FFFFFFFB00000000 [0000] to 0000000000000000 --- Type 0001:09 (IM:InvokeCommandResponse) (B:70)[0m
[0;34m[1784837344.325] [21170:21172] [EM] Found matching exchange: 61738i, Delegate: 0x759c4c0382d8[0m
[0;34m[1784837344.325] [21170:21172] [EM] Rxd Ack; Removing MessageCounter:216239694 from Retrans Table on exchange 61738i[0m
[0;34m[1784837344.325] [21170:21172] [DMG] ICR moving to [ResponseRe][0m
[0;34m[1784837344.325] [21170:21172] [DMG] InvokeResponseMessage =[0m
[0;34m[1784837344.325] [21170:21172] [DMG] {[0m
[0;34m[1784837344.325] [21170:21172] [DMG] 	suppressResponse = false, [0m
[0;34m[1784837344.325] [21170:21172] [DMG] 	InvokeResponseIBs =[0m
[0;34m[1784837344.325] [21170:21172] [DMG] 	[[0m
[0;34m[1784837344.325] [21170:21172] [DMG] 		InvokeResponseIB =[0m
[0;34m[1784837344.325] [21170:21172] [DMG] 		{[0m
[0;34m[1784837344.325] [21170:21172] [DMG] 			CommandDataIB =[0m
[0;34m[1784837344.325] [21170:21172] [DMG] 			{[0m
[0;34m[1784837344.325] [21170:21172] [DMG] 				CommandPathIB =[0m
[0;34m[1784837344.325] [21170:21172] [DMG] 				{[0m
[0;34m[1784837344.325] [21170:21172] [DMG] 					EndpointId = 0x0,[0m
[0;34m[1784837344.325] [21170:21172] [DMG] 					ClusterId = 0x30,[0m
[0;34m[1784837344.325] [21170:21172] [DMG] 					CommandId = 0x1,[0m
[0;34m[1784837344.325] [21170:21172] [DMG] 				},[0m
[0;34m[1784837344.325] [21170:21172] [DMG] 				[0m
[0;34m[1784837344.325] [21170:21172] [DMG] 				CommandFields = [0m
[0;34m[1784837344.325] [21170:21172] [DMG] 				{[0m
[0;34m[1784837344.325] [21170:21172] [DMG] 					0x0 = 0 (unsigned), [0m
[0;34m[1784837344.325] [21170:21172] [DMG] 					0x1 = "" (0 chars), [0m
[0;34m[1784837344.325] [21170:21172] [DMG] 				},[0m
[0;34m[1784837344.325] [21170:21172] [DMG] 			},[0m
[0;34m[1784837344.325] [21170:21172] [DMG] 			[0m
[0;34m[1784837344.325] [21170:21172] [DMG] 		},[0m
[0;34m[1784837344.325] [21170:21172] [DMG] 		[0m
[0;34m[1784837344.325] [21170:21172] [DMG] 	],[0m
[0;34m[1784837344.325] [21170:21172] [DMG] 	[0m
[0;34m[1784837344.325] [21170:21172] [DMG] 	InteractionModelRevision = 12[0m
[0;34m[1784837344.325] [21170:21172] [DMG] },[0m
[0;32m[1784837344.325] [21170:21172] [DMG] Received Command Response Data, Endpoint=0 Cluster=0x0000_0030 Command=0x0000_0001[0m
[0;32m[1784837344.325] [21170:21172] [CTL] Received ArmFailSafe response errorCode=0[0m
[0;32m[1784837344.325] [21170:21172] [CTL] Successfully finished commissioning step 'ArmFailSafe'[0m
[0;32m[1784837344.325] [21170:21172] [CTL] Commissioning stage next step: 'ArmFailSafe' -> 'ConfigRegulatory'[0m
[0;32m[1784837344.325] [21170:21172] [CTL] Performing next commissioning step 'ConfigRegulatory'[0m
[0;34m[1784837344.325] [21170:21172] [TOO] Starting commissioning stage 'ConfigRegulatory'[0m
[0;32m[1784837344.325] [21170:21172] [CTL] Setting Regulatory Config[0m
[0;32m[1784837344.325] [21170:21172] [CTL] No regulatory config supplied by controller, leaving as device default (0)[0m
[0;34m[1784837344.325] [21170:21172] [DMG] ICR moving to [AddingComm][0m
[0;34m[1784837344.325] [21170:21172] [DMG] ICR moving to [AddedComma][0m
[0;32m[1784837344.325] [21170:21172] [EM] <<< [E:61739i S:55653 M:216239696] (S) Msg TX from 0000000000000000 to 0:FFFFFFFB00000000 [0000] [UDP:[fe80::bfe:a203:38f0:bce7%enp0s3]:5540] --- Type 0001:08 (IM:InvokeCommandRequest) (B:70)[0m
[0;32m[1784837344.325] [21170:21172] [EM] ??1 [E:61739i S:55653 M:216239696] (S) Msg Retransmission to 0:FFFFFFFB00000000 scheduled for 410ms from now [State:Active II:500 AI:300 AT:4000][0m
[0;34m[1784837344.325] [21170:21172] [DMG] ICR moving to [AwaitingRe][0m
[0;34m[1784837344.325] [21170:21172] [DMG] ICR moving to [AwaitingDe][0m
[0;32m[1784837344.325] [21170:21172] [EM] <<< [E:61738i S:55653 M:216239697 (Ack:266646825)] (S) Msg TX from 0000000000000000 to 0:FFFFFFFB00000000 [0000] [UDP:[fe80::bfe:a203:38f0:bce7%enp0s3]:5540] --- Type 0000:10 (SecureChannel:StandaloneAck) (B:34)[0m
[0;34m[1784837344.325] [21170:21172] [EM] Flushed pending ack for MessageCounter:266646825 on exchange 61738i[0m
[0;32m[1784837344.331] [21170:21172] [EM] >>> [E:61739i S:55653 M:266646826 (Ack:216239696)] (S) Msg RX from 0:FFFFFFFB00000000 [0000] to 0000000000000000 --- Type 0001:09 (IM:InvokeCommandResponse) (B:70)[0m
[0;34m[1784837344.331] [21170:21172] [EM] Found matching exchange: 61739i, Delegate: 0x759c4c035088[0m
[0;34m[1784837344.331] [21170:21172] [EM] Rxd Ack; Removing MessageCounter:216239696 from Retrans Table on exchange 61739i[0m
[0;34m[1784837344.331] [21170:21172] [DMG] ICR moving to [ResponseRe][0m
[0;34m[1784837344.331] [21170:21172] [DMG] InvokeResponseMessage =[0m
[0;34m[1784837344.331] [21170:21172] [DMG] {[0m
[0;34m[1784837344.331] [21170:21172] [DMG] 	suppressResponse = false, [0m
[0;34m[1784837344.331] [21170:21172] [DMG] 	InvokeResponseIBs =[0m
[0;34m[1784837344.331] [21170:21172] [DMG] 	[[0m
[0;34m[1784837344.331] [21170:21172] [DMG] 		InvokeResponseIB =[0m
[0;34m[1784837344.331] [21170:21172] [DMG] 		{[0m
[0;34m[1784837344.331] [21170:21172] [DMG] 			CommandDataIB =[0m
[0;34m[1784837344.331] [21170:21172] [DMG] 			{[0m
[0;34m[1784837344.331] [21170:21172] [DMG] 				CommandPathIB =[0m
[0;34m[1784837344.331] [21170:21172] [DMG] 				{[0m
[0;34m[1784837344.331] [21170:21172] [DMG] 					EndpointId = 0x0,[0m
[0;34m[1784837344.331] [21170:21172] [DMG] 					ClusterId = 0x30,[0m
[0;34m[1784837344.331] [21170:21172] [DMG] 					CommandId = 0x3,[0m
[0;34m[1784837344.331] [21170:21172] [DMG] 				},[0m
[0;34m[1784837344.331] [21170:21172] [DMG] 				[0m
[0;34m[1784837344.331] [21170:21172] [DMG] 				CommandFields = [0m
[0;34m[1784837344.331] [21170:21172] [DMG] 				{[0m
[0;34m[1784837344.331] [21170:21172] [DMG] 					0x0 = 0 (unsigned), [0m
[0;34m[1784837344.331] [21170:21172] [DMG] 					0x1 = "" (0 chars), [0m
[0;34m[1784837344.331] [21170:21172] [DMG] 				},[0m
[0;34m[1784837344.331] [21170:21172] [DMG] 			},[0m
[0;34m[1784837344.331] [21170:21172] [DMG] 			[0m
[0;34m[1784837344.331] [21170:21172] [DMG] 		},[0m
[0;34m[1784837344.331] [21170:21172] [DMG] 		[0m
[0;34m[1784837344.331] [21170:21172] [DMG] 	],[0m
[0;34m[1784837344.331] [21170:21172] [DMG] 	[0m
[0;34m[1784837344.331] [21170:21172] [DMG] 	InteractionModelRevision = 12[0m
[0;34m[1784837344.331] [21170:21172] [DMG] },[0m
[0;32m[1784837344.331] [21170:21172] [DMG] Received Command Response Data, Endpoint=0 Cluster=0x0000_0030 Command=0x0000_0003[0m
[0;32m[1784837344.331] [21170:21172] [CTL] Received SetRegulatoryConfig response errorCode=0[0m
[0;32m[1784837344.331] [21170:21172] [CTL] Successfully finished commissioning step 'ConfigRegulatory'[0m
[0;32m[1784837344.331] [21170:21172] [CTL] Commissioning stage next step: 'ConfigRegulatory' -> 'ConfigureTCAcknowledgments'[0m
[0;32m[1784837344.331] [21170:21172] [CTL] Performing next commissioning step 'ConfigureTCAcknowledgments'[0m
[0;34m[1784837344.331] [21170:21172] [TOO] Starting commissioning stage 'ConfigureTCAcknowledgments'[0m
[0;32m[1784837344.331] [21170:21172] [CTL] Setting Terms and Conditions[0m
[0;32m[1784837344.331] [21170:21172] [CTL] Setting Terms and Conditions: Skipped[0m
[0;32m[1784837344.331] [21170:21172] [CTL] Successfully finished commissioning step 'ConfigureTCAcknowledgments'[0m
[0;32m[1784837344.331] [21170:21172] [CTL] Commissioning stage next step: 'ConfigureTCAcknowledgments' -> 'ConfigureUTCTime'[0m
[0;32m[1784837344.331] [21170:21172] [CTL] Performing next commissioning step 'ConfigureUTCTime'[0m
[0;34m[1784837344.331] [21170:21172] [TOO] Starting commissioning stage 'ConfigureUTCTime'[0m
[0;34m[1784837344.331] [21170:21172] [DMG] ICR moving to [AddingComm][0m
[0;34m[1784837344.331] [21170:21172] [DMG] ICR moving to [AddedComma][0m
[0;32m[1784837344.331] [21170:21172] [EM] <<< [E:61740i S:55653 M:216239698] (S) Msg TX from 0000000000000000 to 0:FFFFFFFB00000000 [0000] [UDP:[fe80::bfe:a203:38f0:bce7%enp0s3]:5540] --- Type 0001:08 (IM:InvokeCommandRequest) (B:72)[0m
[0;32m[1784837344.331] [21170:21172] [EM] ??1 [E:61740i S:55653 M:216239698] (S) Msg Retransmission to 0:FFFFFFFB00000000 scheduled for 361ms from now [State:Active II:500 AI:300 AT:4000][0m
[0;34m[1784837344.331] [21170:21172] [DMG] ICR moving to [AwaitingRe][0m
[0;34m[1784837344.331] [21170:21172] [DMG] ICR moving to [AwaitingDe][0m
[0;32m[1784837344.331] [21170:21172] [EM] <<< [E:61739i S:55653 M:216239699 (Ack:266646826)] (S) Msg TX from 0000000000000000 to 0:FFFFFFFB00000000 [0000] [UDP:[fe80::bfe:a203:38f0:bce7%enp0s3]:5540] --- Type 0000:10 (SecureChannel:StandaloneAck) (B:34)[0m
[0;34m[1784837344.331] [21170:21172] [EM] Flushed pending ack for MessageCounter:266646826 on exchange 61739i[0m
[0;32m[1784837344.331] [21170:21172] [EM] >>> [E:61740i S:55653 M:266646827 (Ack:216239698)] (S) Msg RX from 0:FFFFFFFB00000000 [0000] to 0000000000000000 --- Type 0001:09 (IM:InvokeCommandResponse) (B:70)[0m
[0;34m[1784837344.331] [21170:21172] [EM] Found matching exchange: 61740i, Delegate: 0x759c4c0382d8[0m
[0;34m[1784837344.331] [21170:21172] [EM] Rxd Ack; Removing MessageCounter:216239698 from Retrans Table on exchange 61740i[0m
[0;34m[1784837344.331] [21170:21172] [DMG] ICR moving to [ResponseRe][0m
[0;34m[1784837344.331] [21170:21172] [DMG] InvokeResponseMessage =[0m
[0;34m[1784837344.331] [21170:21172] [DMG] {[0m
[0;34m[1784837344.331] [21170:21172] [DMG] 	suppressResponse = false, [0m
[0;34m[1784837344.331] [21170:21172] [DMG] 	InvokeResponseIBs =[0m
[0;34m[1784837344.331] [21170:21172] [DMG] 	[[0m
[0;34m[1784837344.331] [21170:21172] [DMG] 		InvokeResponseIB =[0m
[0;34m[1784837344.331] [21170:21172] [DMG] 		{[0m
[0;34m[1784837344.331] [21170:21172] [DMG] 			CommandStatusIB =[0m
[0;34m[1784837344.331] [21170:21172] [DMG] 			{[0m
[0;34m[1784837344.331] [21170:21172] [DMG] 				CommandPathIB =[0m
[0;34m[1784837344.331] [21170:21172] [DMG] 				{[0m
[0;34m[1784837344.331] [21170:21172] [DMG] 					EndpointId = 0x0,[0m
[0;34m[1784837344.331] [21170:21172] [DMG] 					ClusterId = 0x38,[0m
[0;34m[1784837344.331] [21170:21172] [DMG] 					CommandId = 0x0,[0m
[0;34m[1784837344.331] [21170:21172] [DMG] 				},[0m
[0;34m[1784837344.331] [21170:21172] [DMG] 				[0m
[0;34m[1784837344.331] [21170:21172] [DMG] 				StatusIB =[0m
[0;34m[1784837344.331] [21170:21172] [DMG] 				{[0m
[0;34m[1784837344.331] [21170:21172] [DMG] 					status = 0x01 (FAILURE),[0m
[0;34m[1784837344.331] [21170:21172] [DMG] 					cluster-status = 0x2,[0m
[0;34m[1784837344.331] [21170:21172] [DMG] 				},[0m
[0;34m[1784837344.331] [21170:21172] [DMG] 				[0m
[0;34m[1784837344.331] [21170:21172] [DMG] 			},[0m
[0;34m[1784837344.331] [21170:21172] [DMG] 			[0m
[0;34m[1784837344.331] [21170:21172] [DMG] 		},[0m
[0;34m[1784837344.331] [21170:21172] [DMG] 		[0m
[0;34m[1784837344.331] [21170:21172] [DMG] 	],[0m
[0;34m[1784837344.331] [21170:21172] [DMG] 	[0m
[0;34m[1784837344.331] [21170:21172] [DMG] 	InteractionModelRevision = 12[0m
[0;34m[1784837344.331] [21170:21172] [DMG] },[0m
[0;32m[1784837344.331] [21170:21172] [DMG] Received Command Response Status for Endpoint=0 Cluster=0x0000_0038 Command=0x0000_0000 Status=0x1[0m
[0;32m[1784837344.331] [21170:21172] [CTL] Successfully finished commissioning step 'ConfigureUTCTime'[0m
[0;32m[1784837344.331] [21170:21172] [CTL] Commissioning stage next step: 'ConfigureUTCTime' -> 'SendPAICertificateRequest'[0m
[0;32m[1784837344.331] [21170:21172] [CTL] Performing next commissioning step 'SendPAICertificateRequest'[0m
[0;34m[1784837344.331] [21170:21172] [TOO] Starting commissioning stage 'SendPAICertificateRequest'[0m
[0;32m[1784837344.331] [21170:21172] [CTL] Sending request for PAI certificate[0m
[0;34m[1784837344.331] [21170:21172] [CTL] Sending Certificate Chain request to 0x759c4c033e20 device[0m
[0;34m[1784837344.331] [21170:21172] [DMG] ICR moving to [AddingComm][0m
[0;34m[1784837344.331] [21170:21172] [DMG] ICR moving to [AddedComma][0m
[0;32m[1784837344.331] [21170:21172] [EM] <<< [E:61741i S:55653 M:216239700] (S) Msg TX from 0000000000000000 to 0:FFFFFFFB00000000 [0000] [UDP:[fe80::bfe:a203:38f0:bce7%enp0s3]:5540] --- Type 0001:08 (IM:InvokeCommandRequest) (B:62)[0m
[0;32m[1784837344.331] [21170:21172] [EM] ??1 [E:61741i S:55653 M:216239700] (S) Msg Retransmission to 0:FFFFFFFB00000000 scheduled for 391ms from now [State:Active II:500 AI:300 AT:4000][0m
[0;34m[1784837344.331] [21170:21172] [DMG] ICR moving to [AwaitingRe][0m
[0;34m[1784837344.331] [21170:21172] [DMG] ICR moving to [AwaitingDe][0m
[0;32m[1784837344.332] [21170:21172] [EM] <<< [E:61740i S:55653 M:216239701 (Ack:266646827)] (S) Msg TX from 0000000000000000 to 0:FFFFFFFB00000000 [0000] [UDP:[fe80::bfe:a203:38f0:bce7%enp0s3]:5540] --- Type 0000:10 (SecureChannel:StandaloneAck) (B:34)[0m
[0;34m[1784837344.332] [21170:21172] [EM] Flushed pending ack for MessageCounter:266646827 on exchange 61740i[0m
[0;32m[1784837344.332] [21170:21172] [EM] >>> [E:61741i S:55653 M:266646828 (Ack:216239700)] (S) Msg RX from 0:FFFFFFFB00000000 [0000] to 0000000000000000 --- Type 0001:09 (IM:InvokeCommandResponse) (B:531)[0m
[0;34m[1784837344.332] [21170:21172] [EM] Found matching exchange: 61741i, Delegate: 0x759c4c035088[0m
[0;34m[1784837344.332] [21170:21172] [EM] Rxd Ack; Removing MessageCounter:216239700 from Retrans Table on exchange 61741i[0m
[0;34m[1784837344.332] [21170:21172] [DMG] ICR moving to [ResponseRe][0m
[0;34m[1784837344.332] [21170:21172] [DMG] InvokeResponseMessage =[0m
[0;34m[1784837344.332] [21170:21172] [DMG] {[0m
[0;34m[1784837344.332] [21170:21172] [DMG] 	suppressResponse = false, [0m
[0;34m[1784837344.332] [21170:21172] [DMG] 	InvokeResponseIBs =[0m
[0;34m[1784837344.332] [21170:21172] [DMG] 	[[0m
[0;34m[1784837344.332] [21170:21172] [DMG] 		InvokeResponseIB =[0m
[0;34m[1784837344.332] [21170:21172] [DMG] 		{[0m
[0;34m[1784837344.332] [21170:21172] [DMG] 			CommandDataIB =[0m
[0;34m[1784837344.332] [21170:21172] [DMG] 			{[0m
[0;34m[1784837344.332] [21170:21172] [DMG] 				CommandPathIB =[0m
[0;34m[1784837344.332] [21170:21172] [DMG] 				{[0m
[0;34m[1784837344.332] [21170:21172] [DMG] 					EndpointId = 0x0,[0m
[0;34m[1784837344.332] [21170:21172] [DMG] 					ClusterId = 0x3e,[0m
[0;34m[1784837344.332] [21170:21172] [DMG] 					CommandId = 0x3,[0m
[0;34m[1784837344.332] [21170:21172] [DMG] 				},[0m
[0;34m[1784837344.332] [21170:21172] [DMG] 				[0m
[0;34m[1784837344.332] [21170:21172] [DMG] 				CommandFields = [0m
[0;34m[1784837344.332] [21170:21172] [DMG] 				{[0m
[0;34m[1784837344.332] [21170:21172] [DMG] 					0x0 = [[0m
[0;34m[1784837344.332] [21170:21172] [DMG] 							0x30, 0x82, 0x01, 0xcb, 0x30, 0x82, 0x01, 0x71, 0xa0, 0x03, 0x02, 0x01, 0x02, 0x02, 0x08, 0x56, 0xad, 0x82, 0x22, 0xad, 0x94, 0x5b, 0x64, 0x30, 0x0a, 0x06, 0x08, 0x2a, 0x86, 0x48, 0xce, 0x3d, 0x04, 0x03, 0x02, 0x30, 0x30, 0x31, 0x18, 0x30, 0x16, 0x06, 0x03, 0x55, 0x04, 0x03, 0x0c, 0x0f, 0x4d, 0x61, 0x74, 0x74, 0x65, 0x72, 0x20, 0x54, 0x65, 0x73, 0x74, 0x20, 0x50, 0x41, 0x41, 0x31, 0x14, 0x30, 0x12, 0x06, 0x0a, 0x2b, 0x06, 0x01, 0x04, 0x01, 0x82, 0xa2, 0x7c, 0x02, 0x01, 0x0c, 0x04, 0x46, 0x46, 0x46, 0x31, 0x30, 0x20, 0x17, 0x0d, 0x32, 0x32, 0x30, 0x32, 0x30, 0x35, 0x30, 0x30, 0x30, 0x30, 0x30, 0x30, 0x5a, 0x18, 0x0f, 0x39, 0x39, 0x39, 0x39, 0x31, 0x32, 0x33, 0x31, 0x32, 0x33, 0x35, 0x39, 0x35, 0x39, 0x5a, 0x30, 0x3d, 0x31, 0x25, 0x30, 0x23, 0x06, 0x03, 0x55, 0x04, 0x03, 0x0c, 0x1c, 0x4d, 0x61, 0x74, 0x74, 0x65, 0x72, 0x20, 0x44, 0x65, 0x76, 0x20, 0x50, 0x41, 0x49, 0x20, 0x30, 0x78, 0x46, 0x46, 0x46, 0x31, 0x20, 0x6e, 0x6f, 0x20, 0x50, 0x49, 0x44, 0x31, 0x14, 0x30, 0x12, 0x06, 0x0a, 0x2b, 0x06, 0x01, 0x04, 0x01, 0x82, 0xa2, 0x7c, 0x02, 0x01, 0x0c, 0x04, 0x46, 0x46, 0x46, 0x31, 0x30, 0x59, 0x30, 0x13, 0x06, 0x07, 0x2a, 0x86, 0x48, 0xce, 0x3d, 0x02, 0x01, 0x06, 0x08, 0x2a, 0x86, 0x48, 0xce, 0x3d, 0x03, 0x01, 0x07, 0x03, 0x42, 0x00, 0x04, 0x41, 0x9a, 0x93, 0x15, 0xc2, 0x17, 0x3e, 0x0c, 0x8c, 0x87, 0x6d, 0x03, 0xcc, 0xfc, 0x94, 0x48, 0x52, 0x64, 0x7f, 0x7f, 0xec, 0x5e, 0x50, 0x82, 0xf4, 0x05, 0x99, 0x28, 0xec, 0xa8, 0x94, 0xc5, 0x94, 0x15, 0x13, 0x09, 0xac, 0x63, 0x1e, 0x4c, 0xb0, 0x33, 0x92, 0xaf, 0x68, 0x4b, 0x0b, 0xaf, 0xb7, 0xe6, 0x5b, 0x3b, 0x81, 0x62, 0xc2, 0xf5, 0x2b, 0xf9, 0x31, 0xb8, 0xe7, 0x7a, 0xaa, 0x82, 0xa3, 0x66, 0x30, 0x64, 0x30, 0x12, 0x06, 0x03, 0x55, 0x1d, 0x[0m
[0;34m[1784837344.332] [21170:21172] [DMG] 					] (463 bytes)[0m
[0;34m[1784837344.332] [21170:21172] [DMG] 				},[0m
[0;34m[1784837344.332] [21170:21172] [DMG] 			},[0m
[0;34m[1784837344.332] [21170:21172] [DMG] 			[0m
[0;34m[1784837344.332] [21170:21172] [DMG] 		},[0m
[0;34m[1784837344.332] [21170:21172] [DMG] 		[0m
[0;34m[1784837344.332] [21170:21172] [DMG] 	],[0m
[0;34m[1784837344.332] [21170:21172] [DMG] 	[0m
[0;34m[1784837344.332] [21170:21172] [DMG] 	InteractionModelRevision = 12[0m
[0;34m[1784837344.332] [21170:21172] [DMG] },[0m
[0;32m[1784837344.332] [21170:21172] [DMG] Received Command Response Data, Endpoint=0 Cluster=0x0000_003E Command=0x0000_0003[0m
[0;32m[1784837344.332] [21170:21172] [CTL] Received certificate chain from the device[0m
[0;32m[1784837344.332] [21170:21172] [CTL] Successfully finished commissioning step 'SendPAICertificateRequest'[0m
[0;32m[1784837344.332] [21170:21172] [CTL] Commissioning stage next step: 'SendPAICertificateRequest' -> 'SendDACCertificateRequest'[0m
[0;32m[1784837344.332] [21170:21172] [CTL] Performing next commissioning step 'SendDACCertificateRequest'[0m
[0;34m[1784837344.332] [21170:21172] [TOO] Starting commissioning stage 'SendDACCertificateRequest'[0m
[0;32m[1784837344.332] [21170:21172] [CTL] Sending request for DAC certificate[0m
[0;34m[1784837344.332] [21170:21172] [CTL] Sending Certificate Chain request to 0x759c4c033e20 device[0m
[0;34m[1784837344.332] [21170:21172] [DMG] ICR moving to [AddingComm][0m
[0;34m[1784837344.332] [21170:21172] [DMG] ICR moving to [AddedComma][0m
[0;32m[1784837344.332] [21170:21172] [EM] <<< [E:61742i S:55653 M:216239702] (S) Msg TX from 0000000000000000 to 0:FFFFFFFB00000000 [0000] [UDP:[fe80::bfe:a203:38f0:bce7%enp0s3]:5540] --- Type 0001:08 (IM:InvokeCommandRequest) (B:62)[0m
[0;32m[1784837344.332] [21170:21172] [EM] ??1 [E:61742i S:55653 M:216239702] (S) Msg Retransmission to 0:FFFFFFFB00000000 scheduled for 345ms from now [State:Active II:500 AI:300 AT:4000][0m
[0;34m[1784837344.332] [21170:21172] [DMG] ICR moving to [AwaitingRe][0m
[0;34m[1784837344.332] [21170:21172] [DMG] ICR moving to [AwaitingDe][0m
[0;32m[1784837344.332] [21170:21172] [EM] <<< [E:61741i S:55653 M:216239703 (Ack:266646828)] (S) Msg TX from 0000000000000000 to 0:FFFFFFFB00000000 [0000] [UDP:[fe80::bfe:a203:38f0:bce7%enp0s3]:5540] --- Type 0000:10 (SecureChannel:StandaloneAck) (B:34)[0m
[0;34m[1784837344.332] [21170:21172] [EM] Flushed pending ack for MessageCounter:266646828 on exchange 61741i[0m
[0;32m[1784837344.332] [21170:21172] [EM] >>> [E:61742i S:55653 M:266646829 (Ack:216239702)] (S) Msg RX from 0:FFFFFFFB00000000 [0000] to 0000000000000000 --- Type 0001:09 (IM:InvokeCommandResponse) (B:559)[0m
[0;34m[1784837344.332] [21170:21172] [EM] Found matching exchange: 61742i, Delegate: 0x759c4c0382d8[0m
[0;34m[1784837344.332] [21170:21172] [EM] Rxd Ack; Removing MessageCounter:216239702 from Retrans Table on exchange 61742i[0m
[0;34m[1784837344.332] [21170:21172] [DMG] ICR moving to [ResponseRe][0m
[0;34m[1784837344.332] [21170:21172] [DMG] InvokeResponseMessage =[0m
[0;34m[1784837344.332] [21170:21172] [DMG] {[0m
[0;34m[1784837344.332] [21170:21172] [DMG] 	suppressResponse = false, [0m
[0;34m[1784837344.332] [21170:21172] [DMG] 	InvokeResponseIBs =[0m
[0;34m[1784837344.332] [21170:21172] [DMG] 	[[0m
[0;34m[1784837344.332] [21170:21172] [DMG] 		InvokeResponseIB =[0m
[0;34m[1784837344.332] [21170:21172] [DMG] 		{[0m
[0;34m[1784837344.332] [21170:21172] [DMG] 			CommandDataIB =[0m
[0;34m[1784837344.332] [21170:21172] [DMG] 			{[0m
[0;34m[1784837344.332] [21170:21172] [DMG] 				CommandPathIB =[0m
[0;34m[1784837344.332] [21170:21172] [DMG] 				{[0m
[0;34m[1784837344.332] [21170:21172] [DMG] 					EndpointId = 0x0,[0m
[0;34m[1784837344.332] [21170:21172] [DMG] 					ClusterId = 0x3e,[0m
[0;34m[1784837344.332] [21170:21172] [DMG] 					CommandId = 0x3,[0m
[0;34m[1784837344.332] [21170:21172] [DMG] 				},[0m
[0;34m[1784837344.332] [21170:21172] [DMG] 				[0m
[0;34m[1784837344.332] [21170:21172] [DMG] 				CommandFields = [0m
[0;34m[1784837344.332] [21170:21172] [DMG] 				{[0m
[0;34m[1784837344.332] [21170:21172] [DMG] 					0x0 = [[0m
[0;34m[1784837344.332] [21170:21172] [DMG] 							0x30, 0x82, 0x01, 0xe7, 0x30, 0x82, 0x01, 0x8e, 0xa0, 0x03, 0x02, 0x01, 0x02, 0x02, 0x08, 0x69, 0xcd, 0xf1, 0x0d, 0xe9, 0xe5, 0x4e, 0xd1, 0x30, 0x0a, 0x06, 0x08, 0x2a, 0x86, 0x48, 0xce, 0x3d, 0x04, 0x03, 0x02, 0x30, 0x3d, 0x31, 0x25, 0x30, 0x23, 0x06, 0x03, 0x55, 0x04, 0x03, 0x0c, 0x1c, 0x4d, 0x61, 0x74, 0x74, 0x65, 0x72, 0x20, 0x44, 0x65, 0x76, 0x20, 0x50, 0x41, 0x49, 0x20, 0x30, 0x78, 0x46, 0x46, 0x46, 0x31, 0x20, 0x6e, 0x6f, 0x20, 0x50, 0x49, 0x44, 0x31, 0x14, 0x30, 0x12, 0x06, 0x0a, 0x2b, 0x06, 0x01, 0x04, 0x01, 0x82, 0xa2, 0x7c, 0x02, 0x01, 0x0c, 0x04, 0x46, 0x46, 0x46, 0x31, 0x30, 0x20, 0x17, 0x0d, 0x32, 0x32, 0x30, 0x32, 0x30, 0x35, 0x30, 0x30, 0x30, 0x30, 0x30, 0x30, 0x5a, 0x18, 0x0f, 0x39, 0x39, 0x39, 0x39, 0x31, 0x32, 0x33, 0x31, 0x32, 0x33, 0x35, 0x39, 0x35, 0x39, 0x5a, 0x30, 0x53, 0x31, 0x25, 0x30, 0x23, 0x06, 0x03, 0x55, 0x04, 0x03, 0x0c, 0x1c, 0x4d, 0x61, 0x74, 0x74, 0x65, 0x72, 0x20, 0x44, 0x65, 0x76, 0x20, 0x44, 0x41, 0x43, 0x20, 0x30, 0x78, 0x46, 0x46, 0x46, 0x31, 0x2f, 0x30, 0x78, 0x38, 0x30, 0x30, 0x31, 0x31, 0x14, 0x30, 0x12, 0x06, 0x0a, 0x2b, 0x06, 0x01, 0x04, 0x01, 0x82, 0xa2, 0x7c, 0x02, 0x01, 0x0c, 0x04, 0x46, 0x46, 0x46, 0x31, 0x31, 0x14, 0x30, 0x12, 0x06, 0x0a, 0x2b, 0x06, 0x01, 0x04, 0x01, 0x82, 0xa2, 0x7c, 0x02, 0x02, 0x0c, 0x04, 0x38, 0x30, 0x30, 0x31, 0x30, 0x59, 0x30, 0x13, 0x06, 0x07, 0x2a, 0x86, 0x48, 0xce, 0x3d, 0x02, 0x01, 0x06, 0x08, 0x2a, 0x86, 0x48, 0xce, 0x3d, 0x03, 0x01, 0x07, 0x03, 0x42, 0x00, 0x04, 0x46, 0x3a, 0xc6, 0x93, 0x42, 0x91, 0x0a, 0x0e, 0x55, 0x88, 0xfc, 0x6f, 0xf5, 0x6b, 0xb6, 0x3e, 0x62, 0xec, 0xce, 0xcb, 0x14, 0x8f, 0x7d, 0x4e, 0xb0, 0x3e, 0xe5, 0x52, 0x60, 0x14, 0x15, 0x76, 0x7d, 0x16, 0xa5, 0xc6, 0x63, 0xf7, 0x93, 0x[0m
[0;34m[1784837344.332] [21170:21172] [DMG] 					] (491 bytes)[0m
[0;34m[1784837344.332] [21170:21172] [DMG] 				},[0m
[0;34m[1784837344.332] [21170:21172] [DMG] 			},[0m
[0;34m[1784837344.332] [21170:21172] [DMG] 			[0m
[0;34m[1784837344.332] [21170:21172] [DMG] 		},[0m
[0;34m[1784837344.332] [21170:21172] [DMG] 		[0m
[0;34m[1784837344.332] [21170:21172] [DMG] 	],[0m
[0;34m[1784837344.332] [21170:21172] [DMG] 	[0m
[0;34m[1784837344.332] [21170:21172] [DMG] 	InteractionModelRevision = 12[0m
[0;34m[1784837344.332] [21170:21172] [DMG] },[0m
[0;32m[1784837344.332] [21170:21172] [DMG] Received Command Response Data, Endpoint=0 Cluster=0x0000_003E Command=0x0000_0003[0m
[0;32m[1784837344.332] [21170:21172] [CTL] Received certificate chain from the device[0m
[0;32m[1784837344.332] [21170:21172] [CTL] Successfully finished commissioning step 'SendDACCertificateRequest'[0m
[0;32m[1784837344.332] [21170:21172] [CTL] Commissioning stage next step: 'SendDACCertificateRequest' -> 'SendAttestationRequest'[0m
[0;32m[1784837344.332] [21170:21172] [CTL] Performing next commissioning step 'SendAttestationRequest'[0m
[0;34m[1784837344.332] [21170:21172] [TOO] Starting commissioning stage 'SendAttestationRequest'[0m
[0;32m[1784837344.332] [21170:21172] [CTL] Sending Attestation Request to the device.[0m
[0;34m[1784837344.332] [21170:21172] [CTL] Sending Attestation request to 0x759c4c033e20 device[0m
[0;34m[1784837344.332] [21170:21172] [DMG] ICR moving to [AddingComm][0m
[0;34m[1784837344.332] [21170:21172] [DMG] ICR moving to [AddedComma][0m
[0;32m[1784837344.332] [21170:21172] [EM] <<< [E:61743i S:55653 M:216239704] (S) Msg TX from 0000000000000000 to 0:FFFFFFFB00000000 [0000] [UDP:[fe80::bfe:a203:38f0:bce7%enp0s3]:5540] --- Type 0001:08 (IM:InvokeCommandRequest) (B:94)[0m
[0;32m[1784837344.333] [21170:21172] [EM] ??1 [E:61743i S:55653 M:216239704] (S) Msg Retransmission to 0:FFFFFFFB00000000 scheduled for 394ms from now [State:Active II:500 AI:300 AT:4000][0m
[0;34m[1784837344.333] [21170:21172] [DMG] ICR moving to [AwaitingRe][0m
[0;34m[1784837344.333] [21170:21172] [CTL] Sent Attestation request, waiting for the Attestation Information[0m
[0;34m[1784837344.333] [21170:21172] [DMG] ICR moving to [AwaitingDe][0m
[0;32m[1784837344.333] [21170:21172] [EM] <<< [E:61742i S:55653 M:216239705 (Ack:266646829)] (S) Msg TX from 0000000000000000 to 0:FFFFFFFB00000000 [0000] [UDP:[fe80::bfe:a203:38f0:bce7%enp0s3]:5540] --- Type 0000:10 (SecureChannel:StandaloneAck) (B:34)[0m
[0;34m[1784837344.333] [21170:21172] [EM] Flushed pending ack for MessageCounter:266646829 on exchange 61742i[0m
[0;32m[1784837344.333] [21170:21172] [EM] >>> [E:61743i S:55653 M:266646830 (Ack:216239704)] (S) Msg RX from 0:FFFFFFFB00000000 [0000] to 0000000000000000 --- Type 0001:09 (IM:InvokeCommandResponse) (B:718)[0m
[0;34m[1784837344.333] [21170:21172] [EM] Found matching exchange: 61743i, Delegate: 0x759c4c035088[0m
[0;34m[1784837344.333] [21170:21172] [EM] Rxd Ack; Removing MessageCounter:216239704 from Retrans Table on exchange 61743i[0m
[0;34m[1784837344.333] [21170:21172] [DMG] ICR moving to [ResponseRe][0m
[0;34m[1784837344.333] [21170:21172] [DMG] InvokeResponseMessage =[0m
[0;34m[1784837344.333] [21170:21172] [DMG] {[0m
[0;34m[1784837344.333] [21170:21172] [DMG] 	suppressResponse = false, [0m
[0;34m[1784837344.333] [21170:21172] [DMG] 	InvokeResponseIBs =[0m
[0;34m[1784837344.333] [21170:21172] [DMG] 	[[0m
[0;34m[1784837344.333] [21170:21172] [DMG] 		InvokeResponseIB =[0m
[0;34m[1784837344.333] [21170:21172] [DMG] 		{[0m
[0;34m[1784837344.333] [21170:21172] [DMG] 			CommandDataIB =[0m
[0;34m[1784837344.333] [21170:21172] [DMG] 			{[0m
[0;34m[1784837344.333] [21170:21172] [DMG] 				CommandPathIB =[0m
[0;34m[1784837344.333] [21170:21172] [DMG] 				{[0m
[0;34m[1784837344.333] [21170:21172] [DMG] 					EndpointId = 0x0,[0m
[0;34m[1784837344.333] [21170:21172] [DMG] 					ClusterId = 0x3e,[0m
[0;34m[1784837344.333] [21170:21172] [DMG] 					CommandId = 0x1,[0m
[0;34m[1784837344.333] [21170:21172] [DMG] 				},[0m
[0;34m[1784837344.333] [21170:21172] [DMG] 				[0m
[0;34m[1784837344.333] [21170:21172] [DMG] 				CommandFields = [0m
[0;34m[1784837344.333] [21170:21172] [DMG] 				{[0m
[0;34m[1784837344.333] [21170:21172] [DMG] 					0x0 = [[0m
[0;34m[1784837344.333] [21170:21172] [DMG] 							0x15, 0x31, 0x01, 0x1b, 0x02, 0x30, 0x82, 0x02, 0x17, 0x06, 0x09, 0x2a, 0x86, 0x48, 0x86, 0xf7, 0x0d, 0x01, 0x07, 0x02, 0xa0, 0x82, 0x02, 0x08, 0x30, 0x82, 0x02, 0x04, 0x02, 0x01, 0x03, 0x31, 0x0d, 0x30, 0x0b, 0x06, 0x09, 0x60, 0x86, 0x48, 0x01, 0x65, 0x03, 0x04, 0x02, 0x01, 0x30, 0x82, 0x01, 0x70, 0x06, 0x09, 0x2a, 0x86, 0x48, 0x86, 0xf7, 0x0d, 0x01, 0x07, 0x01, 0xa0, 0x82, 0x01, 0x61, 0x04, 0x82, 0x01, 0x5d, 0x15, 0x24, 0x00, 0x01, 0x25, 0x01, 0xf1, 0xff, 0x36, 0x02, 0x05, 0x00, 0x80, 0x05, 0x01, 0x80, 0x05, 0x02, 0x80, 0x05, 0x03, 0x80, 0x05, 0x04, 0x80, 0x05, 0x05, 0x80, 0x05, 0x06, 0x80, 0x05, 0x07, 0x80, 0x05, 0x08, 0x80, 0x05, 0x09, 0x80, 0x05, 0x0a, 0x80, 0x05, 0x0b, 0x80, 0x05, 0x0c, 0x80, 0x05, 0x0d, 0x80, 0x05, 0x0e, 0x80, 0x05, 0x0f, 0x80, 0x05, 0x10, 0x80, 0x05, 0x11, 0x80, 0x05, 0x12, 0x80, 0x05, 0x13, 0x80, 0x05, 0x14, 0x80, 0x05, 0x15, 0x80, 0x05, 0x16, 0x80, 0x05, 0x17, 0x80, 0x05, 0x18, 0x80, 0x05, 0x19, 0x80, 0x05, 0x1a, 0x80, 0x05, 0x1b, 0x80, 0x05, 0x1c, 0x80, 0x05, 0x1d, 0x80, 0x05, 0x1e, 0x80, 0x05, 0x1f, 0x80, 0x05, 0x20, 0x80, 0x05, 0x21, 0x80, 0x05, 0x22, 0x80, 0x05, 0x23, 0x80, 0x05, 0x24, 0x80, 0x05, 0x25, 0x80, 0x05, 0x26, 0x80, 0x05, 0x27, 0x80, 0x05, 0x28, 0x80, 0x05, 0x29, 0x80, 0x05, 0x2a, 0x80, 0x05, 0x2b, 0x80, 0x05, 0x2c, 0x80, 0x05, 0x2d, 0x80, 0x05, 0x2e, 0x80, 0x05, 0x2f, 0x80, 0x05, 0x30, 0x80, 0x05, 0x31, 0x80, 0x05, 0x32, 0x80, 0x05, 0x33, 0x80, 0x05, 0x34, 0x80, 0x05, 0x35, 0x80, 0x05, 0x36, 0x80, 0x05, 0x37, 0x80, 0x05, 0x38, 0x80, 0x05, 0x39, 0x80, 0x05, 0x3a, 0x80, 0x05, 0x3b, 0x80, 0x05, 0x3c, 0x80, 0x05, 0x3d, 0x80, 0x05, 0x3e, 0x80, 0x05, 0x3f, 0x80, 0x05, 0x40, 0x80, 0x05, 0x41, 0x80, 0x05, 0x42, 0x80, 0x05, 0x43, 0x80, 0x[0m
[0;34m[1784837344.333] [21170:21172] [DMG] 					] (583 bytes)[0m
[0;34m[1784837344.333] [21170:21172] [DMG] 					0x1 = [[0m
[0;34m[1784837344.333] [21170:21172] [DMG] 							0x3b, 0xe2, 0x0f, 0x0f, 0xac, 0x31, 0x13, 0x6c, 0xbd, 0x64, 0x95, 0x52, 0x82, 0x00, 0xf2, 0x63, 0x4f, 0xc2, 0xfe, 0xd4, 0x98, 0x5e, 0xb9, 0xcb, 0x20, 0x9b, 0x37, 0x8b, 0xce, 0x87, 0xe9, 0x3b, 0x07, 0x9f, 0xce, 0xf8, 0xf0, 0x61, 0x88, 0x37, 0xdc, 0xf2, 0xc2, 0x27, 0x66, 0x64, 0xf0, 0x95, 0x9c, 0x82, 0x97, 0xc8, 0xa1, 0x0f, 0x1c, 0x29, 0xf4, 0x8e, 0xf2, 0xc5, 0x77, 0x6e, 0x92, 0xb4, [0m
[0;34m[1784837344.333] [21170:21172] [DMG] 					] (64 bytes)[0m
[0;34m[1784837344.333] [21170:21172] [DMG] 				},[0m
[0;34m[1784837344.333] [21170:21172] [DMG] 			},[0m
[0;34m[1784837344.333] [21170:21172] [DMG] 			[0m
[0;34m[1784837344.333] [21170:21172] [DMG] 		},[0m
[0;34m[1784837344.333] [21170:21172] [DMG] 		[0m
[0;34m[1784837344.333] [21170:21172] [DMG] 	],[0m
[0;34m[1784837344.333] [21170:21172] [DMG] 	[0m
[0;34m[1784837344.333] [21170:21172] [DMG] 	InteractionModelRevision = 12[0m
[0;34m[1784837344.333] [21170:21172] [DMG] },[0m
[0;32m[1784837344.333] [21170:21172] [DMG] Received Command Response Data, Endpoint=0 Cluster=0x0000_003E Command=0x0000_0001[0m
[0;32m[1784837344.333] [21170:21172] [CTL] Received Attestation Information from the device[0m
[0;32m[1784837344.333] [21170:21172] [CTL] Successfully finished commissioning step 'SendAttestationRequest'[0m
[0;34m[1784837344.333] [21170:21172] [CTL] AutoCommissioner setting attestationElements buffer size 583/583[0m
[0;32m[1784837344.333] [21170:21172] [CTL] Commissioning stage next step: 'SendAttestationRequest' -> 'AttestationVerification'[0m
[0;32m[1784837344.333] [21170:21172] [CTL] Performing next commissioning step 'AttestationVerification'[0m
[0;34m[1784837344.333] [21170:21172] [TOO] Starting commissioning stage 'AttestationVerification'[0m
[0;32m[1784837344.333] [21170:21172] [CTL] Verifying Device Attestation information received from the device[0m
[0;32m[1784837344.336] [21170:21172] [-] Device candidate DAC chain details:[0m
[0;32m[1784837344.336] [21170:21172] [-] --> DAC's VID: 0xFFF1, PID: 0x8001[0m
[0;32m[1784837344.336] [21170:21172] [-] ==== DAC certificate considered (491 bytes) ====[0m
[0;32m[1784837344.336] [21170:21172] [-] -----BEGIN CERTIFICATE-----[0m
[0;32m[1784837344.336] [21170:21172] [-] MIIB5zCCAY6gAwIBAgIIac3xDenlTtEwCgYIKoZIzj0EAwIwPTElMCMGA1UEAwwc[0m
[0;32m[1784837344.336] [21170:21172] [-] TWF0dGVyIERldiBQQUkgMHhGRkYxIG5vIFBJRDEUMBIGCisGAQQBgqJ8AgEMBEZG[0m
[0;32m[1784837344.336] [21170:21172] [-] RjEwIBcNMjIwMjA1MDAwMDAwWhgPOTk5OTEyMzEyMzU5NTlaMFMxJTAjBgNVBAMM[0m
[0;32m[1784837344.336] [21170:21172] [-] HE1hdHRlciBEZXYgREFDIDB4RkZGMS8weDgwMDExFDASBgorBgEEAYKifAIBDARG[0m
[0;32m[1784837344.336] [21170:21172] [-] RkYxMRQwEgYKKwYBBAGConwCAgwEODAwMTBZMBMGByqGSM49AgEGCCqGSM49AwEH[0m
[0;32m[1784837344.336] [21170:21172] [-] A0IABEY6xpNCkQoOVYj8b/Vrtj5i7M7LFI99TrA+5VJgFBV2fRalxmP3k+SRIyYL[0m
[0;32m[1784837344.336] [21170:21172] [-] gpenzX58/HsxaznZjpDSk3dzjoKjYDBeMAwGA1UdEwEB/wQCMAAwDgYDVR0PAQH/[0m
[0;32m[1784837344.336] [21170:21172] [-] BAQDAgeAMB0GA1UdDgQWBBSI3eezADgpMs/3NMBGJIEPRBaKbzAfBgNVHSMEGDAW[0m
[0;32m[1784837344.336] [21170:21172] [-] gBRjVA5H9kscONE4hKRi0WwZXY/7PDAKBggqhkjOPQQDAgNHADBEAiABJ6J7S0Rh[0m
[0;32m[1784837344.336] [21170:21172] [-] DuL83E0reIVWNmC8D3bxchntagjfsrPBzQIga1ngr0Xz6yqFuRnTVzFSjGAoxBUj[0m
[0;32m[1784837344.336] [21170:21172] [-] lUXhCOTlTnCXE1M=[0m
[0;32m[1784837344.336] [21170:21172] [-] -----END CERTIFICATE-----[0m
[0;32m[1784837344.336] [21170:21172] [-] --> DAC certificate SKID: 88:DD:E7:B3:00:38:29:32:CF:F7:34:C0:46:24:81:0F:44:16:8A:6F[0m
[0;32m[1784837344.336] [21170:21172] [-] --> DAC certificate AKID: 63:54:0E:47:F6:4B:1C:38:D1:38:84:A4:62:D1:6C:19:5D:8F:FB:3C[0m
[0;32m[1784837344.336] [21170:21172] [-] ==== PAI certificate considered (463 bytes) ====[0m
[0;32m[1784837344.336] [21170:21172] [-] -----BEGIN CERTIFICATE-----[0m
[0;32m[1784837344.336] [21170:21172] [-] MIIByzCCAXGgAwIBAgIIVq2CIq2UW2QwCgYIKoZIzj0EAwIwMDEYMBYGA1UEAwwP[0m
[0;32m[1784837344.336] [21170:21172] [-] TWF0dGVyIFRlc3QgUEFBMRQwEgYKKwYBBAGConwCAQwERkZGMTAgFw0yMjAyMDUw[0m
[0;32m[1784837344.336] [21170:21172] [-] MDAwMDBaGA85OTk5MTIzMTIzNTk1OVowPTElMCMGA1UEAwwcTWF0dGVyIERldiBQ[0m
[0;32m[1784837344.336] [21170:21172] [-] QUkgMHhGRkYxIG5vIFBJRDEUMBIGCisGAQQBgqJ8AgEMBEZGRjEwWTATBgcqhkjO[0m
[0;32m[1784837344.336] [21170:21172] [-] PQIBBggqhkjOPQMBBwNCAARBmpMVwhc+DIyHbQPM/JRIUmR/f+xeUIL0BZko7KiU[0m
[0;32m[1784837344.336] [21170:21172] [-] xZQVEwmsYx5MsDOSr2hLC6+35ls7gWLC9Sv5MbjneqqCo2YwZDASBgNVHRMBAf8E[0m
[0;32m[1784837344.336] [21170:21172] [-] CDAGAQH/AgEAMA4GA1UdDwEB/wQEAwIBBjAdBgNVHQ4EFgQUY1QOR/ZLHDjROISk[0m
[0;32m[1784837344.336] [21170:21172] [-] YtFsGV2P+zwwHwYDVR0jBBgwFoAUav0idx9RH+y/FkGXZxDc3DGhcX4wCgYIKoZI[0m
[0;32m[1784837344.336] [21170:21172] [-] zj0EAwIDSAAwRQIhALLvJ/Sa6bUPuR7qyUxNC9u415KcbLiPrOUpNo0SBUwMAiBl[0m
[0;32m[1784837344.336] [21170:21172] [-] Xckrhr2QmIKmxiF3uCXX0F7b58Ivn+pxIg5+pwP4kQ==[0m
[0;32m[1784837344.336] [21170:21172] [-] -----END CERTIFICATE-----[0m
[0;32m[1784837344.336] [21170:21172] [-] --> PAI certificate SKID: 63:54:0E:47:F6:4B:1C:38:D1:38:84:A4:62:D1:6C:19:5D:8F:FB:3C[0m
[0;32m[1784837344.337] [21170:21172] [-] --> PAI certificate AKID: 6A:FD:22:77:1F:51:1F:EC:BF:16:41:97:67:10:DC:DC:31:A1:71:7E[0m
[0;32m[1784837344.338] [21170:21172] [-] ==== PAA certificate considered (449 bytes) ====[0m
[0;32m[1784837344.338] [21170:21172] [-] -----BEGIN CERTIFICATE-----[0m
[0;32m[1784837344.338] [21170:21172] [-] MIIBvTCCAWSgAwIBAgIITqjoMYLUHBwwCgYIKoZIzj0EAwIwMDEYMBYGA1UEAwwP[0m
[0;32m[1784837344.338] [21170:21172] [-] TWF0dGVyIFRlc3QgUEFBMRQwEgYKKwYBBAGConwCAQwERkZGMTAgFw0yMTA2Mjgx[0m
[0;32m[1784837344.338] [21170:21172] [-] NDIzNDNaGA85OTk5MTIzMTIzNTk1OVowMDEYMBYGA1UEAwwPTWF0dGVyIFRlc3Qg[0m
[0;32m[1784837344.338] [21170:21172] [-] UEFBMRQwEgYKKwYBBAGConwCAQwERkZGMTBZMBMGByqGSM49AgEGCCqGSM49AwEH[0m
[0;32m[1784837344.338] [21170:21172] [-] A0IABLbLY3KIfyko9brIGqnZOuJDHK2p154kL2UXfvnO2TKijs0Duq9qj8oYShpQ[0m
[0;32m[1784837344.338] [21170:21172] [-] NUKWDUU/MD8fGUIddR6Pjxqam3WjZjBkMBIGA1UdEwEB/wQIMAYBAf8CAQEwDgYD[0m
[0;32m[1784837344.338] [21170:21172] [-] VR0PAQH/BAQDAgEGMB0GA1UdDgQWBBRq/SJ3H1Ef7L8WQZdnENzcMaFxfjAfBgNV[0m
[0;32m[1784837344.338] [21170:21172] [-] HSMEGDAWgBRq/SJ3H1Ef7L8WQZdnENzcMaFxfjAKBggqhkjOPQQDAgNHADBEAiBQ[0m
[0;32m[1784837344.338] [21170:21172] [-] qoAC9NkyqaAFOPZTaK0P/8jvu8m+t9pWmDXPmqdRDgIgI7rI/g8j51RFtlM5CBpH[0m
[0;32m[1784837344.338] [21170:21172] [-] mUkpxyqvChVI1A0DTVFLJd4=[0m
[0;32m[1784837344.338] [21170:21172] [-] -----END CERTIFICATE-----[0m
[0;32m[1784837344.338] [21170:21172] [-] --> PAA certificate SKID: 6A:FD:22:77:1F:51:1F:EC:BF:16:41:97:67:10:DC:DC:31:A1:71:7E[0m
[0;32m[1784837344.338] [21170:21172] [-] --> PAA certificate AKID: 6A:FD:22:77:1F:51:1F:EC:BF:16:41:97:67:10:DC:DC:31:A1:71:7E[0m
[0;32m[1784837344.340] [21170:21172] [-] CD signing key identifier: FE:34:3F:95:99:47:76:3B:61:EE:45:39:13:13:38:49:4F:E6:7D:8E[0m
[0;32m[1784837344.340] [21170:21172] [-] Certification type 0[0m
[0;32m[1784837344.340] [21170:21172] [-] Device certification declaration details:[0m
[0;32m[1784837344.340] [21170:21172] [-] --> VID: 0xFFF1[0m
[0;32m[1784837344.340] [21170:21172] [-] --> Device type ID: 0x0000_0016[0m
[0;32m[1784837344.340] [21170:21172] [-] --> Certification type: 0 (Development and testing)[0m
[0;32m[1784837344.340] [21170:21172] [CTL] Successfully finished commissioning step 'AttestationVerification'[0m
[0;32m[1784837344.340] [21170:21172] [CTL] Commissioning stage next step: 'AttestationVerification' -> 'AttestationRevocationCheck'[0m
[0;32m[1784837344.340] [21170:21172] [CTL] Performing next commissioning step 'AttestationRevocationCheck'[0m
[0;34m[1784837344.340] [21170:21172] [TOO] Starting commissioning stage 'AttestationRevocationCheck'[0m
[0;32m[1784837344.340] [21170:21172] [CTL] Verifying the device's DAC chain revocation status[0m
[0;32m[1784837344.340] [21170:21172] [-] WARNING: No revocation delegate available. Revocation checks will be skipped![0m
[0;32m[1784837344.340] [21170:21172] [CTL] Successfully validated 'Attestation Information' command received from the device.[0m
[0;32m[1784837344.340] [21170:21172] [CTL] Successfully finished commissioning step 'AttestationRevocationCheck'[0m
[0;32m[1784837344.340] [21170:21172] [CTL] Commissioning stage next step: 'AttestationRevocationCheck' -> 'SendOpCertSigningRequest'[0m
[0;32m[1784837344.340] [21170:21172] [CTL] Performing next commissioning step 'SendOpCertSigningRequest'[0m
[0;34m[1784837344.340] [21170:21172] [TOO] Starting commissioning stage 'SendOpCertSigningRequest'[0m
[0;34m[1784837344.340] [21170:21172] [CTL] Sending CSR request to 0x759c4c033e20 device[0m
[0;34m[1784837344.340] [21170:21172] [DMG] ICR moving to [AddingComm][0m
[0;34m[1784837344.340] [21170:21172] [DMG] ICR moving to [AddedComma][0m
[0;32m[1784837344.340] [21170:21172] [EM] <<< [E:61744i S:55653 M:216239706] (S) Msg TX from 0000000000000000 to 0:FFFFFFFB00000000 [0000] [UDP:[fe80::bfe:a203:38f0:bce7%enp0s3]:5540] --- Type 0001:08 (IM:InvokeCommandRequest) (B:94)[0m
[0;32m[1784837344.340] [21170:21172] [EM] ??1 [E:61744i S:55653 M:216239706] (S) Msg Retransmission to 0:FFFFFFFB00000000 scheduled for 370ms from now [State:Active II:500 AI:300 AT:4000][0m
[0;34m[1784837344.340] [21170:21172] [DMG] ICR moving to [AwaitingRe][0m
[0;34m[1784837344.340] [21170:21172] [CTL] Sent CSR request, waiting for the CSR[0m
[0;34m[1784837344.340] [21170:21172] [DMG] ICR moving to [AwaitingDe][0m
[0;32m[1784837344.340] [21170:21172] [EM] <<< [E:61743i S:55653 M:216239707 (Ack:266646830)] (S) Msg TX from 0000000000000000 to 0:FFFFFFFB00000000 [0000] [UDP:[fe80::bfe:a203:38f0:bce7%enp0s3]:5540] --- Type 0000:10 (SecureChannel:StandaloneAck) (B:34)[0m
[0;34m[1784837344.340] [21170:21172] [EM] Flushed pending ack for MessageCounter:266646830 on exchange 61743i[0m
[0;32m[1784837344.341] [21170:21172] [EM] >>> [E:61744i S:55653 M:266646831 (Ack:216239706)] (S) Msg RX from 0:FFFFFFFB00000000 [0000] to 0000000000000000 --- Type 0001:09 (IM:InvokeCommandResponse) (B:376)[0m
[0;34m[1784837344.341] [21170:21172] [EM] Found matching exchange: 61744i, Delegate: 0x759c4c0382d8[0m
[0;34m[1784837344.341] [21170:21172] [EM] Rxd Ack; Removing MessageCounter:216239706 from Retrans Table on exchange 61744i[0m
[0;34m[1784837344.341] [21170:21172] [DMG] ICR moving to [ResponseRe][0m
[0;34m[1784837344.341] [21170:21172] [DMG] InvokeResponseMessage =[0m
[0;34m[1784837344.341] [21170:21172] [DMG] {[0m
[0;34m[1784837344.341] [21170:21172] [DMG] 	suppressResponse = false, [0m
[0;34m[1784837344.341] [21170:21172] [DMG] 	InvokeResponseIBs =[0m
[0;34m[1784837344.341] [21170:21172] [DMG] 	[[0m
[0;34m[1784837344.341] [21170:21172] [DMG] 		InvokeResponseIB =[0m
[0;34m[1784837344.341] [21170:21172] [DMG] 		{[0m
[0;34m[1784837344.341] [21170:21172] [DMG] 			CommandDataIB =[0m
[0;34m[1784837344.341] [21170:21172] [DMG] 			{[0m
[0;34m[1784837344.341] [21170:21172] [DMG] 				CommandPathIB =[0m
[0;34m[1784837344.341] [21170:21172] [DMG] 				{[0m
[0;34m[1784837344.341] [21170:21172] [DMG] 					EndpointId = 0x0,[0m
[0;34m[1784837344.341] [21170:21172] [DMG] 					ClusterId = 0x3e,[0m
[0;34m[1784837344.341] [21170:21172] [DMG] 					CommandId = 0x5,[0m
[0;34m[1784837344.341] [21170:21172] [DMG] 				},[0m
[0;34m[1784837344.341] [21170:21172] [DMG] 				[0m
[0;34m[1784837344.341] [21170:21172] [DMG] 				CommandFields = [0m
[0;34m[1784837344.341] [21170:21172] [DMG] 				{[0m
[0;34m[1784837344.341] [21170:21172] [DMG] 					0x0 = [[0m
[0;34m[1784837344.341] [21170:21172] [DMG] 							0x15, 0x30, 0x01, 0xca, 0x30, 0x81, 0xc7, 0x30, 0x70, 0x02, 0x01, 0x00, 0x30, 0x0e, 0x31, 0x0c, 0x30, 0x0a, 0x06, 0x03, 0x55, 0x04, 0x0a, 0x0c, 0x03, 0x43, 0x53, 0x52, 0x30, 0x59, 0x30, 0x13, 0x06, 0x07, 0x2a, 0x86, 0x48, 0xce, 0x3d, 0x02, 0x01, 0x06, 0x08, 0x2a, 0x86, 0x48, 0xce, 0x3d, 0x03, 0x01, 0x07, 0x03, 0x42, 0x00, 0x04, 0xf6, 0x72, 0x0e, 0x96, 0x1d, 0x00, 0xc9, 0xd1, 0x48, 0x5a, 0x82, 0xe4, 0x95, 0x2f, 0x9c, 0x3e, 0xc0, 0x33, 0x0d, 0x12, 0xf9, 0x5b, 0x60, 0x05, 0x4a, 0x38, 0x24, 0xde, 0x97, 0x60, 0xbe, 0xd0, 0x92, 0x88, 0x0c, 0x5b, 0x91, 0xd7, 0x09, 0x6d, 0x68, 0x2d, 0xab, 0xe2, 0x36, 0xdf, 0x1f, 0x69, 0xc5, 0x30, 0x26, 0xf1, 0x28, 0xf7, 0x28, 0x2b, 0xf2, 0x13, 0x4b, 0x9b, 0x91, 0x96, 0x39, 0x3c, 0xa0, 0x00, 0x30, 0x0a, 0x06, 0x08, 0x2a, 0x86, 0x48, 0xce, 0x3d, 0x04, 0x03, 0x02, 0x03, 0x47, 0x00, 0x30, 0x44, 0x02, 0x20, 0x3d, 0xcb, 0xb4, 0x42, 0x9d, 0x1c, 0x36, 0x2b, 0xdf, 0x14, 0x09, 0xf4, 0x25, 0x65, 0xba, 0x26, 0xab, 0x56, 0xc3, 0x40, 0x7d, 0x0c, 0xbb, 0xe3, 0xe9, 0x8c, 0xb0, 0x1a, 0x25, 0x78, 0x04, 0x6f, 0x02, 0x20, 0x07, 0x36, 0x8f, 0x0d, 0xb2, 0xc5, 0x33, 0xda, 0x66, 0x5a, 0xb8, 0x90, 0xc8, 0x77, 0x0b, 0x99, 0x35, 0xd7, 0x38, 0x88, 0x85, 0x52, 0xf5, 0xd4, 0x90, 0xd6, 0x45, 0xe2, 0x30, 0x9f, 0x8c, 0xd8, 0x30, 0x02, 0x20, 0x02, 0x8d, 0xa9, 0x26, 0x63, 0xd5, 0x0d, 0xcd, 0xf4, 0x2d, 0x08, 0xb8, 0x72, 0x6c, 0x16, 0x3c, 0xd1, 0x1b, 0x77, 0x53, 0x7b, 0x79, 0x5b, 0x8c, 0x52, 0x36, 0x93, 0x53, 0xca, 0x66, 0xda, 0xf2, 0x18, [0m
[0;34m[1784837344.341] [21170:21172] [DMG] 					] (242 bytes)[0m
[0;34m[1784837344.341] [21170:21172] [DMG] 					0x1 = [[0m
[0;34m[1784837344.341] [21170:21172] [DMG] 							0x94, 0xc4, 0x8e, 0x33, 0x32, 0xad, 0x1a, 0x99, 0x55, 0x5e, 0x68, 0x18, 0x4e, 0x46, 0xe7, 0x9c, 0x7b, 0x09, 0x75, 0x2e, 0xb3, 0x73, 0xc4, 0xcb, 0x44, 0xd2, 0xb7, 0x22, 0x77, 0x46, 0x33, 0x2d, 0x27, 0x92, 0xac, 0xc5, 0x29, 0xab, 0x47, 0xce, 0x6a, 0xbe, 0x63, 0x82, 0x8b, 0xeb, 0x44, 0xfb, 0x4a, 0x2f, 0xb4, 0x69, 0x23, 0x8b, 0xa7, 0xef, 0xae, 0x3d, 0x33, 0x41, 0xdb, 0xdf, 0x76, 0x90, [0m
[0;34m[1784837344.341] [21170:21172] [DMG] 					] (64 bytes)[0m
[0;34m[1784837344.341] [21170:21172] [DMG] 				},[0m
[0;34m[1784837344.341] [21170:21172] [DMG] 			},[0m
[0;34m[1784837344.341] [21170:21172] [DMG] 			[0m
[0;34m[1784837344.341] [21170:21172] [DMG] 		},[0m
[0;34m[1784837344.341] [21170:21172] [DMG] 		[0m
[0;34m[1784837344.341] [21170:21172] [DMG] 	],[0m
[0;34m[1784837344.341] [21170:21172] [DMG] 	[0m
[0;34m[1784837344.341] [21170:21172] [DMG] 	InteractionModelRevision = 12[0m
[0;34m[1784837344.341] [21170:21172] [DMG] },[0m
[0;32m[1784837344.341] [21170:21172] [DMG] Received Command Response Data, Endpoint=0 Cluster=0x0000_003E Command=0x0000_0005[0m
[0;32m[1784837344.341] [21170:21172] [CTL] Received certificate signing request from the device[0m
[0;32m[1784837344.341] [21170:21172] [CTL] Successfully finished commissioning step 'SendOpCertSigningRequest'[0m
[0;32m[1784837344.341] [21170:21172] [CTL] Commissioning stage next step: 'SendOpCertSigningRequest' -> 'ValidateCSR'[0m
[0;32m[1784837344.341] [21170:21172] [CTL] Performing next commissioning step 'ValidateCSR'[0m
[0;34m[1784837344.341] [21170:21172] [TOO] Starting commissioning stage 'ValidateCSR'[0m
[0;32m[1784837344.342] [21170:21172] [CTL] Successfully finished commissioning step 'ValidateCSR'[0m
[0;32m[1784837344.342] [21170:21172] [CTL] Commissioning stage next step: 'ValidateCSR' -> 'GenerateNOCChain'[0m
[0;32m[1784837344.342] [21170:21172] [CTL] Performing next commissioning step 'GenerateNOCChain'[0m
[0;34m[1784837344.342] [21170:21172] [TOO] Starting commissioning stage 'GenerateNOCChain'[0m
[0;32m[1784837344.342] [21170:21172] [CTL] Getting certificate chain for the device from the issuer[0m
[0;32m[1784837344.342] [21170:21172] [CTL] Verifying Certificate Signing Request[0m
[0;32m[1784837344.343] [21170:21172] [CTL] Generating NOC[0m
[0;32m[1784837344.343] [21170:21172] [CTL] Providing certificate chain to the commissioner[0m
[0;32m[1784837344.343] [21170:21172] [CTL] Received callback from the CA for NOC Chain generation. Status: Success[0m
[0;32m[1784837344.343] [21170:21172] [CTL] Successfully finished commissioning step 'GenerateNOCChain'[0m
[0;32m[1784837344.343] [21170:21172] [CTL] Performing next commissioning step 'SendTrustedRootCert'[0m
[0;34m[1784837344.343] [21170:21172] [TOO] Starting commissioning stage 'SendTrustedRootCert'[0m
[0;32m[1784837344.343] [21170:21172] [CTL] Sending root certificate to the device[0m
[0;34m[1784837344.343] [21170:21172] [DMG] ICR moving to [AddingComm][0m
[0;34m[1784837344.343] [21170:21172] [DMG] ICR moving to [AddedComma][0m
[0;32m[1784837344.343] [21170:21172] [EM] <<< [E:61745i S:55653 M:216239708] (S) Msg TX from 0000000000000000 to 0:FFFFFFFB00000000 [0000] [UDP:[fe80::bfe:a203:38f0:bce7%enp0s3]:5540] --- Type 0001:08 (IM:InvokeCommandRequest) (B:293)[0m
[0;32m[1784837344.343] [21170:21172] [EM] ??1 [E:61745i S:55653 M:216239708] (S) Msg Retransmission to 0:FFFFFFFB00000000 scheduled for 385ms from now [State:Active II:500 AI:300 AT:4000][0m
[0;34m[1784837344.343] [21170:21172] [DMG] ICR moving to [AwaitingRe][0m
[0;32m[1784837344.343] [21170:21172] [CTL] Sent root certificate to the device[0m
[0;34m[1784837344.343] [21170:21172] [DMG] ICR moving to [AwaitingDe][0m
[0;32m[1784837344.343] [21170:21172] [EM] <<< [E:61744i S:55653 M:216239709 (Ack:266646831)] (S) Msg TX from 0000000000000000 to 0:FFFFFFFB00000000 [0000] [UDP:[fe80::bfe:a203:38f0:bce7%enp0s3]:5540] --- Type 0000:10 (SecureChannel:StandaloneAck) (B:34)[0m
[0;34m[1784837344.343] [21170:21172] [EM] Flushed pending ack for MessageCounter:266646831 on exchange 61744i[0m
[0;32m[1784837344.343] [21170:21172] [EM] >>> [E:61745i S:55653 M:266646832 (Ack:216239708)] (S) Msg RX from 0:FFFFFFFB00000000 [0000] to 0000000000000000 --- Type 0001:09 (IM:InvokeCommandResponse) (B:67)[0m
[0;34m[1784837344.343] [21170:21172] [EM] Found matching exchange: 61745i, Delegate: 0x759c4c035088[0m
[0;34m[1784837344.343] [21170:21172] [EM] Rxd Ack; Removing MessageCounter:216239708 from Retrans Table on exchange 61745i[0m
[0;34m[1784837344.343] [21170:21172] [DMG] ICR moving to [ResponseRe][0m
[0;34m[1784837344.343] [21170:21172] [DMG] InvokeResponseMessage =[0m
[0;34m[1784837344.343] [21170:21172] [DMG] {[0m
[0;34m[1784837344.343] [21170:21172] [DMG] 	suppressResponse = false, [0m
[0;34m[1784837344.343] [21170:21172] [DMG] 	InvokeResponseIBs =[0m
[0;34m[1784837344.343] [21170:21172] [DMG] 	[[0m
[0;34m[1784837344.343] [21170:21172] [DMG] 		InvokeResponseIB =[0m
[0;34m[1784837344.343] [21170:21172] [DMG] 		{[0m
[0;34m[1784837344.343] [21170:21172] [DMG] 			CommandStatusIB =[0m
[0;34m[1784837344.343] [21170:21172] [DMG] 			{[0m
[0;34m[1784837344.343] [21170:21172] [DMG] 				CommandPathIB =[0m
[0;34m[1784837344.343] [21170:21172] [DMG] 				{[0m
[0;34m[1784837344.343] [21170:21172] [DMG] 					EndpointId = 0x0,[0m
[0;34m[1784837344.343] [21170:21172] [DMG] 					ClusterId = 0x3e,[0m
[0;34m[1784837344.343] [21170:21172] [DMG] 					CommandId = 0xb,[0m
[0;34m[1784837344.343] [21170:21172] [DMG] 				},[0m
[0;34m[1784837344.343] [21170:21172] [DMG] 				[0m
[0;34m[1784837344.343] [21170:21172] [DMG] 				StatusIB =[0m
[0;34m[1784837344.343] [21170:21172] [DMG] 				{[0m
[0;34m[1784837344.343] [21170:21172] [DMG] 					status = 0x00 (SUCCESS),[0m
[0;34m[1784837344.343] [21170:21172] [DMG] 				},[0m
[0;34m[1784837344.343] [21170:21172] [DMG] 				[0m
[0;34m[1784837344.343] [21170:21172] [DMG] 			},[0m
[0;34m[1784837344.343] [21170:21172] [DMG] 			[0m
[0;34m[1784837344.343] [21170:21172] [DMG] 		},[0m
[0;34m[1784837344.343] [21170:21172] [DMG] 		[0m
[0;34m[1784837344.343] [21170:21172] [DMG] 	],[0m
[0;34m[1784837344.343] [21170:21172] [DMG] 	[0m
[0;34m[1784837344.343] [21170:21172] [DMG] 	InteractionModelRevision = 12[0m
[0;34m[1784837344.343] [21170:21172] [DMG] },[0m
[0;32m[1784837344.343] [21170:21172] [DMG] Received Command Response Status for Endpoint=0 Cluster=0x0000_003E Command=0x0000_000B Status=0x0[0m
[0;32m[1784837344.343] [21170:21172] [CTL] Device confirmed that it has received the root certificate[0m
[0;32m[1784837344.343] [21170:21172] [CTL] Successfully finished commissioning step 'SendTrustedRootCert'[0m
[0;32m[1784837344.343] [21170:21172] [CTL] Commissioning stage next step: 'SendTrustedRootCert' -> 'SendNOC'[0m
[0;32m[1784837344.343] [21170:21172] [CTL] Performing next commissioning step 'SendNOC'[0m
[0;34m[1784837344.343] [21170:21172] [TOO] Starting commissioning stage 'SendNOC'[0m
[0;34m[1784837344.343] [21170:21172] [DMG] ICR moving to [AddingComm][0m
[0;34m[1784837344.343] [21170:21172] [DMG] ICR moving to [AddedComma][0m
[0;32m[1784837344.343] [21170:21172] [EM] <<< [E:61746i S:55653 M:216239710] (S) Msg TX from 0000000000000000 to 0:FFFFFFFB00000000 [0000] [UDP:[fe80::bfe:a203:38f0:bce7%enp0s3]:5540] --- Type 0001:08 (IM:InvokeCommandRequest) (B:566)[0m
[0;32m[1784837344.343] [21170:21172] [EM] ??1 [E:61746i S:55653 M:216239710] (S) Msg Retransmission to 0:FFFFFFFB00000000 scheduled for 339ms from now [State:Active II:500 AI:300 AT:4000][0m
[0;34m[1784837344.343] [21170:21172] [DMG] ICR moving to [AwaitingRe][0m
[0;32m[1784837344.343] [21170:21172] [CTL] Sent operational certificate to the device[0m
[0;34m[1784837344.343] [21170:21172] [DMG] ICR moving to [AwaitingDe][0m
[0;32m[1784837344.343] [21170:21172] [EM] <<< [E:61745i S:55653 M:216239711 (Ack:266646832)] (S) Msg TX from 0000000000000000 to 0:FFFFFFFB00000000 [0000] [UDP:[fe80::bfe:a203:38f0:bce7%enp0s3]:5540] --- Type 0000:10 (SecureChannel:StandaloneAck) (B:34)[0m
[0;34m[1784837344.343] [21170:21172] [EM] Flushed pending ack for MessageCounter:266646832 on exchange 61745i[0m
[0;32m[1784837344.354] [21170:21172] [EM] >>> [E:61746i S:55653 M:266646833 (Ack:216239710)] (S) Msg RX from 0:FFFFFFFB00000000 [0000] to 0000000000000000 --- Type 0001:09 (IM:InvokeCommandResponse) (B:70)[0m
[0;34m[1784837344.354] [21170:21172] [EM] Found matching exchange: 61746i, Delegate: 0x759c4c0382d8[0m
[0;34m[1784837344.354] [21170:21172] [EM] Rxd Ack; Removing MessageCounter:216239710 from Retrans Table on exchange 61746i[0m
[0;34m[1784837344.354] [21170:21172] [DMG] ICR moving to [ResponseRe][0m
[0;34m[1784837344.354] [21170:21172] [DMG] InvokeResponseMessage =[0m
[0;34m[1784837344.354] [21170:21172] [DMG] {[0m
[0;34m[1784837344.354] [21170:21172] [DMG] 	suppressResponse = false, [0m
[0;34m[1784837344.354] [21170:21172] [DMG] 	InvokeResponseIBs =[0m
[0;34m[1784837344.354] [21170:21172] [DMG] 	[[0m
[0;34m[1784837344.354] [21170:21172] [DMG] 		InvokeResponseIB =[0m
[0;34m[1784837344.354] [21170:21172] [DMG] 		{[0m
[0;34m[1784837344.354] [21170:21172] [DMG] 			CommandDataIB =[0m
[0;34m[1784837344.354] [21170:21172] [DMG] 			{[0m
[0;34m[1784837344.354] [21170:21172] [DMG] 				CommandPathIB =[0m
[0;34m[1784837344.354] [21170:21172] [DMG] 				{[0m
[0;34m[1784837344.354] [21170:21172] [DMG] 					EndpointId = 0x0,[0m
[0;34m[1784837344.354] [21170:21172] [DMG] 					ClusterId = 0x3e,[0m
[0;34m[1784837344.354] [21170:21172] [DMG] 					CommandId = 0x8,[0m
[0;34m[1784837344.354] [21170:21172] [DMG] 				},[0m
[0;34m[1784837344.354] [21170:21172] [DMG] 				[0m
[0;34m[1784837344.354] [21170:21172] [DMG] 				CommandFields = [0m
[0;34m[1784837344.354] [21170:21172] [DMG] 				{[0m
[0;34m[1784837344.354] [21170:21172] [DMG] 					0x0 = 0 (unsigned), [0m
[0;34m[1784837344.354] [21170:21172] [DMG] 					0x1 = 1 (unsigned), [0m
[0;34m[1784837344.354] [21170:21172] [DMG] 				},[0m
[0;34m[1784837344.354] [21170:21172] [DMG] 			},[0m
[0;34m[1784837344.354] [21170:21172] [DMG] 			[0m
[0;34m[1784837344.354] [21170:21172] [DMG] 		},[0m
[0;34m[1784837344.354] [21170:21172] [DMG] 		[0m
[0;34m[1784837344.354] [21170:21172] [DMG] 	],[0m
[0;34m[1784837344.354] [21170:21172] [DMG] 	[0m
[0;34m[1784837344.354] [21170:21172] [DMG] 	InteractionModelRevision = 12[0m
[0;34m[1784837344.354] [21170:21172] [DMG] },[0m
[0;32m[1784837344.354] [21170:21172] [DMG] Received Command Response Data, Endpoint=0 Cluster=0x0000_003E Command=0x0000_0008[0m
[0;32m[1784837344.354] [21170:21172] [CTL] Device returned status 0 on receiving the NOC[0m
[0;32m[1784837344.354] [21170:21172] [CTL] Operational credentials provisioned on device 0x759c4c033e20[0m
[0;32m[1784837344.354] [21170:21172] [TOO] Secure Pairing Success[0m
[0;32m[1784837344.354] [21170:21172] [TOO] CASE establishment successful[0m
[0;32m[1784837344.354] [21170:21172] [CTL] Successfully finished commissioning step 'SendNOC'[0m
[0;32m[1784837344.354] [21170:21172] [CTL] Commissioning stage next step: 'SendNOC' -> 'EvictPreviousCaseSessions'[0m
[0;32m[1784837344.354] [21170:21172] [CTL] Performing next commissioning step 'EvictPreviousCaseSessions'[0m
[0;34m[1784837344.354] [21170:21172] [TOO] Starting commissioning stage 'EvictPreviousCaseSessions'[0m
[0;34m[1784837344.354] [21170:21172] [IN] Expiring all sessions for node <0000000000000001, 1>!![0m
[0;32m[1784837344.354] [21170:21172] [CTL] Successfully finished commissioning step 'EvictPreviousCaseSessions'[0m
[0;32m[1784837344.354] [21170:21172] [CTL] Commissioning stage next step: 'EvictPreviousCaseSessions' -> 'FindOperationalForStayActive'[0m
[0;32m[1784837344.354] [21170:21172] [CTL] Performing next commissioning step 'FindOperationalForStayActive'[0m
[0;34m[1784837344.354] [21170:21172] [TOO] Starting commissioning stage 'FindOperationalForStayActive'[0m
[0;34m[1784837344.354] [21170:21172] [CSM] FindOrEstablishSession: PeerId = [1:0000000000000001][0m
[0;34m[1784837344.354] [21170:21172] [CSM] FindOrEstablishSession: No existing OperationalSessionSetup instance found[0m
[0;34m[1784837344.354] [21170:21172] [DIS] OperationalSessionSetup[1:0000000000000001]: State change 1 --> 2[0m
[0;32m[1784837344.355] [21170:21172] [DIS] Lookup started for ADD573CDDD22389B-0000000000000001[0m
[0;34m[1784837344.355] [21170:21172] [DMG] ICR moving to [AwaitingDe][0m
[0;32m[1784837344.355] [21170:21172] [EM] <<< [E:61746i S:55653 M:216239712 (Ack:266646833)] (S) Msg TX from 0000000000000000 to 0:FFFFFFFB00000000 [0000] [UDP:[fe80::bfe:a203:38f0:bce7%enp0s3]:5540] --- Type 0000:10 (SecureChannel:StandaloneAck) (B:34)[0m
[0;34m[1784837344.355] [21170:21172] [EM] Flushed pending ack for MessageCounter:266646833 on exchange 61746i[0m
[0;32m[1784837344.355] [21170:21172] [DIS] UDP:[fe80::bfe:a203:38f0:bce7%enp0s3]:5540: new best score: 7 (for ADD573CDDD22389B-0000000000000001)[0m
[0;34m[1784837344.355] [21170:21172] [DIS] Lookup clearing interface for non LL address[0m
[0;32m[1784837344.355] [21170:21172] [DIS] UDP:10.0.2.15%enp0s3:5540: new best score: 2 (for ADD573CDDD22389B-0000000000000001)[0m
[0;32m[1784837344.355] [21170:21172] [DIS] Checking node lookup status for ADD573CDDD22389B-0000000000000001 after 1 ms[0m
[0;32m[1784837344.355] [21170:21172] [DIS] Keeping DNSSD lookup active[0m
[0;32m[1784837344.355] [21170:21172] [DIS] UDP:[fe80::bfe:a203:38f0:bce7%enp0s3]:5540: score has not improved: 7 (for ADD573CDDD22389B-0000000000000001)[0m
[0;34m[1784837344.355] [21170:21172] [DIS] Lookup clearing interface for non LL address[0m
[0;32m[1784837344.355] [21170:21172] [DIS] UDP:10.0.2.15%enp0s3:5540: score has not improved: 2 (for ADD573CDDD22389B-0000000000000001)[0m
[0;32m[1784837344.355] [21170:21172] [DIS] Checking node lookup status for ADD573CDDD22389B-0000000000000001 after 1 ms[0m
[0;32m[1784837344.355] [21170:21172] [DIS] Keeping DNSSD lookup active[0m
[0;32m[1784837344.555] [21170:21172] [DIS] Checking node lookup status for ADD573CDDD22389B-0000000000000001 after 201 ms[0m
[0;34m[1784837344.555] [21170:21172] [DIS] OperationalSessionSetup[1:0000000000000001]: Updating device address to UDP:[fe80::bfe:a203:38f0:bce7%enp0s3]:5540 while in state 2[0m
[0;34m[1784837344.555] [21170:21172] [DIS] OperationalSessionSetup[1:0000000000000001]: State change 2 --> 3[0m
[0;34m[1784837344.555] [21170:21172] [IN] SecureSession[0x759c4c0647b0]: Allocated Type:2 LSID:55654[0m
[0;32m[1784837344.555] [21170:21172] [SC] Initiating session on local FabricIndex 1 from 0x000000000001B669 -> 0x0000000000000001[0m
[0;32m[1784837344.556] [21170:21172] [EM] <<< [E:61747i S:0 M:88903590] (U) Msg TX from 103DE60B9F272970 to 0:0000000000000000 [0000] [UDP:[fe80::bfe:a203:38f0:bce7%enp0s3]:5540] --- Type 0000:30 (SecureChannel:CASE_Sigma1) (B:196)[0m
[0;32m[1784837344.557] [21170:21172] [EM] ??1 [E:61747i S:0 M:88903590] (U) Msg Retransmission to 0:0000000000000000 scheduled for 583ms from now [State:Idle II:500 AI:300 AT:4000][0m
[0;32m[1784837344.557] [21170:21172] [SC] Sent Sigma1 msg to <0000000000000001, 1> [II:500ms AI:300ms AT:4000ms][0m
[0;34m[1784837344.557] [21170:21172] [DIS] OperationalSessionSetup[1:0000000000000001]: State change 3 --> 4[0m
[0;32m[1784837344.559] [21170:21172] [EM] >>> [E:61747i S:0 M:30500917 (Ack:88903590)] (U) Msg RX from 0:0000000000000000 [0000] to 103DE60B9F272970 --- Type 0000:31 (SecureChannel:CASE_Sigma2) (B:751)[0m
[0;34m[1784837344.559] [21170:21172] [EM] Found matching exchange: 61747i, Delegate: 0x759c4c064e88[0m
[0;34m[1784837344.560] [21170:21172] [EM] Rxd Ack; Removing MessageCounter:88903590 from Retrans Table on exchange 61747i[0m
[0;32m[1784837344.560] [21170:21172] [SC] Received Sigma2 msg[0m
[0;34m[1784837344.560] [21170:21172] [SC] Found MRP parameters in the message[0m
[0;34m[1784837344.562] [21170:21172] [SC] Peer <0000000000000001, 1> assigned session ID 52139[0m
[0;34m[1784837344.562] [21170:21172] [SC] Sending Sigma3[0m
[0;32m[1784837344.562] [21170:21172] [EM] <<< [E:61747i S:0 M:88903591 (Ack:30500917)] (U) Msg TX from 103DE60B9F272970 to 0:0000000000000000 [0000] [UDP:[fe80::bfe:a203:38f0:bce7%enp0s3]:5540] --- Type 0000:32 (SecureChannel:CASE_Sigma3) (B:598)[0m
[0;32m[1784837344.562] [21170:21172] [EM] ??1 [E:61747i S:0 M:88903591] (U) Msg Retransmission to 0:0000000000000000 scheduled for 337ms from now [State:Active II:500 AI:300 AT:4000][0m
[0;32m[1784837344.562] [21170:21172] [SC] Sent Sigma3 msg[0m
[0;32m[1784837344.571] [21170:21172] [EM] >>> [E:61747i S:0 M:30500918 (Ack:88903591)] (U) Msg RX from 0:0000000000000000 [0000] to 103DE60B9F272970 --- Type 0000:40 (SecureChannel:StatusReport) (B:34)[0m
[0;34m[1784837344.571] [21170:21172] [EM] Found matching exchange: 61747i, Delegate: 0x759c4c064e88[0m
[0;34m[1784837344.571] [21170:21172] [EM] Rxd Ack; Removing MessageCounter:88903591 from Retrans Table on exchange 61747i[0m
[0;32m[1784837344.571] [21170:21172] [SC] Success status report received. Session was established[0m
[0;32m[1784837344.572] [21170:21172] [SC] SecureSession[0x759c4c0647b0, LSID:55654]: State change 'kEstablishing' --> 'kActive'[0m
[0;34m[1784837344.572] [21170:21172] [IN] SecureSession[0x759c4c0647b0]: Activated - Type:2 LSID:55654[0m
[0;34m[1784837344.572] [21170:21172] [IN] New secure session activated for device <0000000000000001, 1>, LSID:55654 PSID:52139![0m
[0;34m[1784837344.572] [21170:21172] [DIS] OperationalSessionSetup[1:0000000000000001]: State change 4 --> 5[0m
[0;32m[1784837344.572] [21170:21172] [CTL] Successfully finished commissioning step 'FindOperationalForStayActive'[0m
[0;32m[1784837344.572] [21170:21172] [CTL] Commissioning stage next step: 'FindOperationalForStayActive' -> 'ICDSendStayActive'[0m
[0;32m[1784837344.572] [21170:21172] [CTL] Performing next commissioning step 'ICDSendStayActive'[0m
[0;34m[1784837344.572] [21170:21172] [TOO] Starting commissioning stage 'ICDSendStayActive'[0m
[0;32m[1784837344.572] [21170:21172] [CTL] Skipping kICDSendStayActive[0m
[0;32m[1784837344.572] [21170:21172] [CTL] Successfully finished commissioning step 'ICDSendStayActive'[0m
[0;32m[1784837344.572] [21170:21172] [CTL] Commissioning stage next step: 'ICDSendStayActive' -> 'FindOperationalForCommissioningComplete'[0m
[0;32m[1784837344.572] [21170:21172] [CTL] Performing next commissioning step 'FindOperationalForCommissioningComplete'[0m
[0;34m[1784837344.572] [21170:21172] [TOO] Starting commissioning stage 'FindOperationalForCommissioningComplete'[0m
[0;34m[1784837344.572] [21170:21172] [CSM] FindOrEstablishSession: PeerId = [1:0000000000000001][0m
[0;34m[1784837344.572] [21170:21172] [CSM] FindOrEstablishSession: No existing OperationalSessionSetup instance found[0m
[0;32m[1784837344.572] [21170:21172] [DIS] Found an existing secure session to [1:0000000000000001]![0m
[0;34m[1784837344.572] [21170:21172] [DIS] OperationalSessionSetup[1:0000000000000001]: State change 1 --> 5[0m
[0;32m[1784837344.572] [21170:21172] [CTL] Successfully finished commissioning step 'FindOperationalForCommissioningComplete'[0m
[0;32m[1784837344.572] [21170:21172] [CTL] Commissioning stage next step: 'FindOperationalForCommissioningComplete' -> 'SendComplete'[0m
[0;32m[1784837344.572] [21170:21172] [CTL] Performing next commissioning step 'SendComplete'[0m
[0;34m[1784837344.572] [21170:21172] [TOO] Starting commissioning stage 'SendComplete'[0m
[0;34m[1784837344.572] [21170:21172] [DMG] ICR moving to [AddingComm][0m
[0;34m[1784837344.572] [21170:21172] [DMG] ICR moving to [AddedComma][0m
[0;32m[1784837344.572] [21170:21172] [EM] <<< [E:61748i S:55654 M:209733243] (S) Msg TX from 000000000001B669 to 1:0000000000000001 [389B] [UDP:[fe80::bfe:a203:38f0:bce7%enp0s3]:5540] --- Type 0001:08 (IM:InvokeCommandRequest) (B:59)[0m
[0;32m[1784837344.572] [21170:21172] [EM] ??1 [E:61748i S:55654 M:209733243] (S) Msg Retransmission to 1:0000000000000001 scheduled for 394ms from now [State:Active II:500 AI:300 AT:4000][0m
[0;34m[1784837344.572] [21170:21172] [DMG] ICR moving to [AwaitingRe][0m
[0;32m[1784837344.572] [21170:21172] [EM] <<< [E:61747i S:0 M:88903592 (Ack:30500918)] (U) Msg TX from 103DE60B9F272970 to 0:0000000000000000 [0000] [UDP:[fe80::bfe:a203:38f0:bce7%enp0s3]:5540] --- Type 0000:10 (SecureChannel:StandaloneAck) (B:26)[0m
[0;34m[1784837344.572] [21170:21172] [EM] Flushed pending ack for MessageCounter:30500918 on exchange 61747i[0m
[0;32m[1784837344.592] [21170:21172] [EM] >>> [E:61748i S:55654 M:185247827 (Ack:209733243)] (S) Msg RX from 1:0000000000000001 [389B] to 000000000001B669 --- Type 0001:09 (IM:InvokeCommandResponse) (B:70)[0m
[0;34m[1784837344.592] [21170:21172] [EM] Found matching exchange: 61748i, Delegate: 0x759c4c0382d8[0m
[0;34m[1784837344.592] [21170:21172] [EM] Rxd Ack; Removing MessageCounter:209733243 from Retrans Table on exchange 61748i[0m
[0;34m[1784837344.592] [21170:21172] [DMG] ICR moving to [ResponseRe][0m
[0;34m[1784837344.592] [21170:21172] [DMG] InvokeResponseMessage =[0m
[0;34m[1784837344.592] [21170:21172] [DMG] {[0m
[0;34m[1784837344.592] [21170:21172] [DMG] 	suppressResponse = false, [0m
[0;34m[1784837344.592] [21170:21172] [DMG] 	InvokeResponseIBs =[0m
[0;34m[1784837344.592] [21170:21172] [DMG] 	[[0m
[0;34m[1784837344.592] [21170:21172] [DMG] 		InvokeResponseIB =[0m
[0;34m[1784837344.592] [21170:21172] [DMG] 		{[0m
[0;34m[1784837344.592] [21170:21172] [DMG] 			CommandDataIB =[0m
[0;34m[1784837344.592] [21170:21172] [DMG] 			{[0m
[0;34m[1784837344.592] [21170:21172] [DMG] 				CommandPathIB =[0m
[0;34m[1784837344.592] [21170:21172] [DMG] 				{[0m
[0;34m[1784837344.592] [21170:21172] [DMG] 					EndpointId = 0x0,[0m
[0;34m[1784837344.592] [21170:21172] [DMG] 					ClusterId = 0x30,[0m
[0;34m[1784837344.592] [21170:21172] [DMG] 					CommandId = 0x5,[0m
[0;34m[1784837344.592] [21170:21172] [DMG] 				},[0m
[0;34m[1784837344.592] [21170:21172] [DMG] 				[0m
[0;34m[1784837344.592] [21170:21172] [DMG] 				CommandFields = [0m
[0;34m[1784837344.592] [21170:21172] [DMG] 				{[0m
[0;34m[1784837344.592] [21170:21172] [DMG] 					0x0 = 0 (unsigned), [0m
[0;34m[1784837344.592] [21170:21172] [DMG] 					0x1 = "" (0 chars), [0m
[0;34m[1784837344.592] [21170:21172] [DMG] 				},[0m
[0;34m[1784837344.592] [21170:21172] [DMG] 			},[0m
[0;34m[1784837344.592] [21170:21172] [DMG] 			[0m
[0;34m[1784837344.592] [21170:21172] [DMG] 		},[0m
[0;34m[1784837344.592] [21170:21172] [DMG] 		[0m
[0;34m[1784837344.592] [21170:21172] [DMG] 	],[0m
[0;34m[1784837344.592] [21170:21172] [DMG] 	[0m
[0;34m[1784837344.592] [21170:21172] [DMG] 	InteractionModelRevision = 12[0m
[0;34m[1784837344.592] [21170:21172] [DMG] },[0m
[0;32m[1784837344.592] [21170:21172] [DMG] Received Command Response Data, Endpoint=0 Cluster=0x0000_0030 Command=0x0000_0005[0m
[0;32m[1784837344.592] [21170:21172] [CTL] Received CommissioningComplete response, errorCode=0[0m
[0;32m[1784837344.592] [21170:21172] [CTL] Successfully finished commissioning step 'SendComplete'[0m
[0;32m[1784837344.592] [21170:21172] [CTL] Commissioning stage next step: 'SendComplete' -> 'Cleanup'[0m
[0;32m[1784837344.592] [21170:21172] [CTL] Performing next commissioning step 'Cleanup'[0m
[0;34m[1784837344.592] [21170:21172] [TOO] Starting commissioning stage 'Cleanup'[0m
[0;32m[1784837344.592] [21170:21172] [CTL] Successfully finished commissioning step 'Cleanup'[0m
[0;34m[1784837344.592] [21170:21172] [IN] SecureSession[0x759c4c032f30]: MarkForEviction Type:1 LSID:55653[0m
[0;32m[1784837344.592] [21170:21172] [SC] SecureSession[0x759c4c032f30, LSID:55653]: State change 'kActive' --> 'kPendingEviction'[0m
[0;34m[1784837344.592] [21170:21172] [IN] SecureSession[0x759c4c032f30]: Released - Type:1 LSID:55653[0m
[0;32m[1784837344.592] [21170:21172] [CTL] Commissioning complete for node ID 0x0000000000000001: success[0m
[0;32m[1784837344.592] [21170:21172] [TOO] Device commissioning completed with success[0m
[0;34m[1784837344.593] [21170:21172] [DMG] ICR moving to [AwaitingDe][0m
[0;32m[1784837344.593] [21170:21172] [EM] <<< [E:61748i S:55654 M:209733244 (Ack:185247827)] (S) Msg TX from 000000000001B669 to 1:0000000000000001 [389B] [UDP:[fe80::bfe:a203:38f0:bce7%enp0s3]:5540] --- Type 0000:10 (SecureChannel:StandaloneAck) (B:34)[0m
[0;34m[1784837344.593] [21170:21172] [EM] Flushed pending ack for MessageCounter:185247827 on exchange 61748i[0m
[0;34m[1784837344.594] [21170:21170] [CTL] Shutting down the commissioner[0m
[0;32m[1784837344.594] [21170:21170] [PAF] WiFiPAF: Closing all WiFiPAF sessions to shutdown[0m
[0;34m[1784837344.594] [21170:21170] [CTL] Shutting down the controller[0m
[0;34m[1784837344.594] [21170:21170] [IN] Expiring all sessions for fabric 0x1!![0m
[0;34m[1784837344.594] [21170:21170] [IN] SecureSession[0x759c4c0647b0]: MarkForEviction Type:2 LSID:55654[0m
[0;32m[1784837344.594] [21170:21170] [SC] SecureSession[0x759c4c0647b0, LSID:55654]: State change 'kActive' --> 'kPendingEviction'[0m
[0;34m[1784837344.594] [21170:21170] [IN] SecureSession[0x759c4c0647b0]: Released - Type:2 LSID:55654[0m
[0;32m[1784837344.594] [21170:21170] [FP] Forgetting fabric 0x1[0m
[0;32m[1784837344.594] [21170:21170] [TS] Pending Last Known Good Time: 2023-10-14T01:16:48[0m
[0;32m[1784837344.594] [21170:21170] [TS] Previous Last Known Good Time: 2023-10-14T01:16:48[0m
[0;32m[1784837344.594] [21170:21170] [TS] Reverted Last Known Good Time to previous value[0m
[0;34m[1784837344.594] [21170:21170] [CTL] Shutting down the commissioner[0m
[0;32m[1784837344.594] [21170:21170] [PAF] WiFiPAF: Closing all WiFiPAF sessions to shutdown[0m
[0;34m[1784837344.594] [21170:21170] [CTL] Shutting down the controller[0m
[0;34m[1784837344.594] [21170:21170] [CTL] Shutting down the System State, this will teardown the CHIP Stack[0m
[0;34m[1784837344.594] [21170:21170] [DMG] All ReadHandler-s are clean, clear GlobalDirtySet[0m
[0;32m[1784837344.594] [21170:21170] [FP] Shutting down FabricTable[0m
[0;32m[1784837344.594] [21170:21170] [TS] Pending Last Known Good Time: 2023-10-14T01:16:48[0m
[0;32m[1784837344.594] [21170:21170] [TS] Previous Last Known Good Time: 2023-10-14T01:16:48[0m
[0;32m[1784837344.594] [21170:21170] [TS] Reverted Last Known Good Time to previous value[0m
[0;34m[1784837344.597] [21170:21170] [DL] Wrote settings to /tmp/chip_counters.ini[0m
[0;32m[1784837344.597] [21170:21170] [DL] NVS set: chip-counters/total-operational-hours = 0 (0x0)[0m
[0;32m[1784837344.597] [21170:21170] [DL] Inet Layer shutdown[0m
[0;32m[1784837344.597] [21170:21170] [DL] BLE Layer shutdown[0m
[0;32m[1784837344.597] [21170:21170] [DL] WiFi-PAF Layer shutdown[0m
[0;32m[1784837344.597] [21170:21170] [PAF] WiFiPAF: Closing all WiFiPAF sessions to shutdown[0m
[0;32m[1784837344.597] [21170:21170] [DL] System Layer shutdown[0m
