[0;34m[1784654597.663] [5419:5419] [DL] ChipLinuxStorage::Init: Using KVS config file: /tmp/chip_tool_kvs[0m
[0;34m[1784654597.666] [5419:5419] [DL] Wrote settings to /tmp/chip_tool_kvs[0m
[1;31m[1784654597.666] [5419:5419] [DL] ChipLinuxStorage::Init: Attempt to re-initialize with KVS config file: /tmp/chip_kvs, IGNORING.[0m
[0;34m[1784654597.667] [5419:5419] [DL] ChipLinuxStorage::Init: Using KVS config file: /tmp/chip_factory.ini[0m
[0;34m[1784654597.668] [5419:5419] [DL] ChipLinuxStorage::Init: Using KVS config file: /tmp/chip_config.ini[0m
[0;34m[1784654597.668] [5419:5419] [DL] ChipLinuxStorage::Init: Using KVS config file: /tmp/chip_counters.ini[0m
[0;34m[1784654597.670] [5419:5419] [DL] Wrote settings to /tmp/chip_counters.ini[0m
[0;32m[1784654597.670] [5419:5419] [DL] NVS set: chip-counters/reboot-count = 2 (0x2)[0m
[0;32m[1784654597.670] [5419:5419] [DL] Got Ethernet interface: enp0s3[0m
[0;32m[1784654597.670] [5419:5419] [DL] Found the primary Ethernet interface:enp0s3[0m
[1;31m[1784654597.670] [5419:5419] [DL] Failed to get WiFi interface[0m
[1;31m[1784654597.670] [5419:5419] [DL] Failed to reset WiFi statistic counts[0m
[0;32m[1784654597.670] [5419:5419] [PAF] WiFiPAF: WiFiPAFLayer::Init()[0m
[0;34m[1784654597.670] [5419:5419] [IN] UDP::Init bind&listen port=0[0m
[0;34m[1784654597.670] [5419:5419] [IN] UDP::Init bound to port=43965[0m
[0;34m[1784654597.670] [5419:5419] [IN] UDP::Init bind&listen port=0[0m
[0;34m[1784654597.670] [5419:5419] [IN] UDP::Init bound to port=50196[0m
[0;34m[1784654597.670] [5419:5419] [IN] BLEBase::Init - setting/overriding transport[0m
[0;34m[1784654597.670] [5419:5419] [IN] WiFiPAFBase::Init - setting/overriding transport[0m
[0;34m[1784654597.670] [5419:5419] [IN] TransportMgr initialized[0m
[0;34m[1784654597.670] [5419:5419] [FP] Initializing FabricTable from persistent storage[0m
[0;32m[1784654597.670] [5419:5419] [TS] Last Known Good Time: [unknown][0m
[0;32m[1784654597.670] [5419:5419] [TS] Setting Last Known Good Time to firmware build time 2023-10-14T01:16:48[0m
[0;32m[1784654597.671] [5419:5419] [DMG] Ember attribute persistence requires setting up[0m
[0;32m[1784654597.671] [5419:5419] [ZCL] Using ZAP configuration...[0m
[0;34m[1784654597.671] [5419:5419] [CTL] System State Initialized...[0m
[0;32m[1784654597.671] [5419:5419] [CTL] Setting attestation nonce to random value[0m
[0;32m[1784654597.671] [5419:5419] [CTL] Setting CSR nonce to random value[0m
[0;34m[1784654597.672] [5419:5421] [DL] CHIP task running[0m
[0;32m[1784654597.672] [5419:5421] [CTL] Setting attestation nonce to random value[0m
[0;32m[1784654597.672] [5419:5421] [CTL] Setting CSR nonce to random value[0m
[0;32m[1784654597.672] [5419:5421] [CTL] Couldn't get ExampleOpCredsCAKey from storage: src/controller/ExamplePersistentStorage.cpp:112: CHIP Error 0x000000A0: Value not found in the persisted storage[0m
[0;32m[1784654597.673] [5419:5421] [CTL] Couldn't get ExampleOpCredsICAKey from storage: src/controller/ExamplePersistentStorage.cpp:112: CHIP Error 0x000000A0: Value not found in the persisted storage[0m
[0;32m[1784654597.673] [5419:5421] [CTL] Generating RCAC[0m
[0;32m[1784654597.674] [5419:5421] [CTL] Generating ICAC[0m
[0;32m[1784654597.674] [5419:5421] [CTL] Generating NOC[0m
[0;32m[1784654597.674] [5419:5421] [FP] Validating NOC chain[0m
[0;32m[1784654597.675] [5419:5421] [FP] NOC chain validation successful[0m
[0;32m[1784654597.675] [5419:5421] [FP] Added new fabric at index: 0x1[0m
[0;32m[1784654597.675] [5419:5421] [FP] Assigned compressed fabric ID: 0xC4A253DDC420516E, node ID: 0x000000000001B669[0m
[0;32m[1784654597.675] [5419:5421] [TS] Last Known Good Time: 2023-10-14T01:16:48[0m
[0;32m[1784654597.675] [5419:5421] [TS] New proposed Last Known Good Time: 2021-01-01T00:00:00[0m
[0;32m[1784654597.675] [5419:5421] [TS] Retaining current Last Known Good Time[0m
[0;32m[1784654597.675] [5419:5421] [FP] Metadata for Fabric 0x1 persisted to storage.[0m
[0;32m[1784654597.676] [5419:5421] [TS] Committing Last Known Good Time to storage: 2023-10-14T01:16:48[0m
[0;32m[1784654597.677] [5419:5421] [CTL] Joined the fabric at index 1. Fabric ID is 0x0000000000000001 (Compressed Fabric ID: C4A253DDC420516E)[0m
[0;32m[1784654597.690] [5419:5421] [TOO] Discovered Device: fe80::bfe:a203:38f0:bce7:5540[0m
[0;34m[1784654597.690] [5419:5421] [IN] SecureSession[0x7407d0032f30]: Allocated Type:1 LSID:22390[0m
[0;34m[1784654597.690] [5419:5421] [SC] Assigned local session key ID 22390[0m
[0;32m[1784654597.691] [5419:5421] [EM] <<< [E:56687i S:0 M:8387235] (U) Msg TX from 213665F5059FB81A to 0:0000000000000000 [0000] [UDP:[fe80::bfe:a203:38f0:bce7%enp0s3]:5540] --- Type 0000:20 (SecureChannel:PBKDFParamRequest) (B:98)[0m
[0;32m[1784654597.691] [5419:5421] [EM] ??1 [E:56687i S:0 M:8387235] (U) Msg Retransmission to 0:0000000000000000 scheduled for 411ms from now [State:Active II:500 AI:300 AT:4000][0m
[0;32m[1784654597.691] [5419:5421] [SC] Sent PBKDF param request [II:500ms AI:300ms AT:4000ms)[0m
[0;32m[1784654597.691] [5419:5421] [CTL] Setting attestation nonce to random value[0m
[0;32m[1784654597.691] [5419:5421] [CTL] Setting CSR nonce to random value[0m
[0;32m[1784654597.691] [5419:5421] [CTL] Commission called for node ID 0x0000000000000001[0m
[0;32m[1784654597.691] [5419:5421] [EM] >>> [E:56687i S:0 M:190819241 (Ack:8387235)] (U) Msg RX from 0:0000000000000000 [0000] to 213665F5059FB81A --- Type 0000:21 (SecureChannel:PBKDFParamResponse) (B:174)[0m
[0;34m[1784654597.691] [5419:5421] [EM] Found matching exchange: 56687i, Delegate: 0x7407d0033e80[0m
[0;34m[1784654597.691] [5419:5421] [EM] Rxd Ack; Removing MessageCounter:8387235 from Retrans Table on exchange 56687i[0m
[0;34m[1784654597.691] [5419:5421] [SC] Received PBKDF param response[0m
[0;34m[1784654597.691] [5419:5421] [SC] Peer assigned session ID 15672[0m
[0;34m[1784654597.691] [5419:5421] [SC] Found MRP parameters in the message[0m
[0;32m[1784654597.693] [5419:5421] [EM] <<< [E:56687i S:0 M:8387236 (Ack:190819241)] (U) Msg TX from 213665F5059FB81A to 0:0000000000000000 [0000] [UDP:[fe80::bfe:a203:38f0:bce7%enp0s3]:5540] --- Type 0000:22 (SecureChannel:PASE_Pake1) (B:96)[0m
[0;32m[1784654597.693] [5419:5421] [EM] ??1 [E:56687i S:0 M:8387236] (U) Msg Retransmission to 0:0000000000000000 scheduled for 338ms from now [State:Active II:500 AI:300 AT:4000][0m
[0;34m[1784654597.693] [5419:5421] [SC] Sent spake2p msg1[0m
[0;32m[1784654597.694] [5419:5421] [EM] >>> [E:56687i S:0 M:190819242 (Ack:8387236)] (U) Msg RX from 0:0000000000000000 [0000] to 213665F5059FB81A --- Type 0000:23 (SecureChannel:PASE_Pake2) (B:131)[0m
[0;34m[1784654597.694] [5419:5421] [EM] Found matching exchange: 56687i, Delegate: 0x7407d0033e80[0m
[0;34m[1784654597.694] [5419:5421] [EM] Rxd Ack; Removing MessageCounter:8387236 from Retrans Table on exchange 56687i[0m
[0;34m[1784654597.694] [5419:5421] [SC] Received spake2p msg2[0m
[0;32m[1784654597.694] [5419:5421] [EM] <<< [E:56687i S:0 M:8387237 (Ack:190819242)] (U) Msg TX from 213665F5059FB81A to 0:0000000000000000 [0000] [UDP:[fe80::bfe:a203:38f0:bce7%enp0s3]:5540] --- Type 0000:24 (SecureChannel:PASE_Pake3) (B:63)[0m
[0;32m[1784654597.694] [5419:5421] [EM] ??1 [E:56687i S:0 M:8387237] (U) Msg Retransmission to 0:0000000000000000 scheduled for 355ms from now [State:Active II:500 AI:300 AT:4000][0m
[0;34m[1784654597.694] [5419:5421] [SC] Sent spake2p msg3[0m
[0;32m[1784654597.694] [5419:5421] [EM] >>> [E:56687i S:0 M:190819243 (Ack:8387237)] (U) Msg RX from 0:0000000000000000 [0000] to 213665F5059FB81A --- Type 0000:40 (SecureChannel:StatusReport) (B:34)[0m
[0;34m[1784654597.694] [5419:5421] [EM] Found matching exchange: 56687i, Delegate: 0x7407d0033e80[0m
[0;34m[1784654597.694] [5419:5421] [EM] Rxd Ack; Removing MessageCounter:8387237 from Retrans Table on exchange 56687i[0m
[0;32m[1784654597.694] [5419:5421] [SC] SecureSession[0x7407d0032f30, LSID:22390]: State change 'kEstablishing' --> 'kActive'[0m
[0;34m[1784654597.694] [5419:5421] [IN] SecureSession[0x7407d0032f30]: Activated - Type:1 LSID:22390[0m
[0;34m[1784654597.694] [5419:5421] [IN] New secure session activated for device <FFFFFFFB00000000, 0>, LSID:22390 PSID:15672![0m
[0;34m[1784654597.694] [5419:5421] [CTL] Remote device completed SPAKE2+ handshake[0m
[0;32m[1784654597.694] [5419:5421] [TOO] Pairing Success[0m
[0;32m[1784654597.694] [5419:5421] [TOO] PASE establishment successful[0m
[0;32m[1784654597.694] [5419:5421] [CTL] Commissioning stage next step: 'SecurePairing' -> 'ReadCommissioningInfo'[0m
[0;32m[1784654597.694] [5419:5421] [CTL] Performing next commissioning step 'ReadCommissioningInfo'[0m
[0;34m[1784654597.694] [5419:5421] [TOO] Starting commissioning stage 'ReadCommissioningInfo'[0m
[0;32m[1784654597.694] [5419:5421] [CTL] Sending read requests for commissioning information[0m
[0;34m[1784654597.694] [5419:5421] [DMG] SendReadRequest ReadClient[0x7407d0035210]: Sending Read Request[0m
[0;32m[1784654597.694] [5419:5421] [DMG] 0 data version filters provided, 0 not relevant, 0 encoded, 0 skipped due to lack of space[0m
[0;32m[1784654597.694] [5419:5421] [EM] <<< [E:56688i S:22390 M:183137429] (S) Msg TX from 0000000000000000 to 0:FFFFFFFB00000000 [0000] [UDP:[fe80::bfe:a203:38f0:bce7%enp0s3]:5540] --- Type 0001:02 (IM:ReadRequest) (B:136)[0m
[0;32m[1784654597.694] [5419:5421] [EM] ??1 [E:56688i S:22390 M:183137429] (S) Msg Retransmission to 0:FFFFFFFB00000000 scheduled for 360ms from now [State:Active II:500 AI:300 AT:4000][0m
[0;34m[1784654597.694] [5419:5421] [DMG] MoveToState ReadClient[0x7407d0035210]: Moving to [AwaitingIn][0m
[0;32m[1784654597.694] [5419:5421] [EM] <<< [E:56687i S:0 M:8387238 (Ack:190819243)] (U) Msg TX from 213665F5059FB81A to 0:0000000000000000 [0000] [UDP:[fe80::bfe:a203:38f0:bce7%enp0s3]:5540] --- Type 0000:10 (SecureChannel:StandaloneAck) (B:26)[0m
[0;34m[1784654597.694] [5419:5421] [EM] Flushed pending ack for MessageCounter:190819243 on exchange 56687i[0m
[0;32m[1784654597.697] [5419:5421] [EM] >>> [E:56688i S:22390 M:6999283 (Ack:183137429)] (S) Msg RX from 0:FFFFFFFB00000000 [0000] to 0000000000000000 --- Type 0001:05 (IM:ReportData) (B:766)[0m
[0;34m[1784654597.697] [5419:5421] [EM] Found matching exchange: 56688i, Delegate: 0x7407d0035220[0m
[0;34m[1784654597.697] [5419:5421] [EM] Rxd Ack; Removing MessageCounter:183137429 from Retrans Table on exchange 56688i[0m
[0;34m[1784654597.697] [5419:5421] [DMG] ReportDataMessage =[0m
[0;34m[1784654597.697] [5419:5421] [DMG] {[0m
[0;34m[1784654597.697] [5419:5421] [DMG] 	AttributeReportIBs =[0m
[0;34m[1784654597.697] [5419:5421] [DMG] 	[[0m
[0;34m[1784654597.697] [5419:5421] [DMG] 		AttributeReportIB =[0m
[0;34m[1784654597.697] [5419:5421] [DMG] 		{[0m
[0;34m[1784654597.697] [5419:5421] [DMG] 			AttributeDataIB =[0m
[0;34m[1784654597.697] [5419:5421] [DMG] 			{[0m
[0;34m[1784654597.697] [5419:5421] [DMG] 				DataVersion = 0x59b2df8b,[0m
[0;34m[1784654597.697] [5419:5421] [DMG] 				AttributePathIB =[0m
[0;34m[1784654597.697] [5419:5421] [DMG] 				{[0m
[0;34m[1784654597.697] [5419:5421] [DMG] 					Endpoint = 0x0,[0m
[0;34m[1784654597.697] [5419:5421] [DMG] 					Cluster = 0x38,[0m
[0;34m[1784654597.697] [5419:5421] [DMG] 					Attribute = 0x0000_0000,[0m
[0;34m[1784654597.697] [5419:5421] [DMG] 				}[0m
[0;34m[1784654597.697] [5419:5421] [DMG] 					[0m
[0;34m[1784654597.697] [5419:5421] [DMG] 				Data = 837969797696666 (unsigned), [0m
[0;34m[1784654597.697] [5419:5421] [DMG] 			},[0m
[0;34m[1784654597.697] [5419:5421] [DMG] 			[0m
[0;34m[1784654597.697] [5419:5421] [DMG] 		},[0m
[0;34m[1784654597.697] [5419:5421] [DMG] 		[0m
[0;34m[1784654597.697] [5419:5421] [DMG] 		AttributeReportIB =[0m
[0;34m[1784654597.697] [5419:5421] [DMG] 		{[0m
[0;34m[1784654597.697] [5419:5421] [DMG] 			AttributeDataIB =[0m
[0;34m[1784654597.697] [5419:5421] [DMG] 			{[0m
[0;34m[1784654597.697] [5419:5421] [DMG] 				DataVersion = 0x59b2df8b,[0m
[0;34m[1784654597.697] [5419:5421] [DMG] 				AttributePathIB =[0m
[0;34m[1784654597.697] [5419:5421] [DMG] 				{[0m
[0;34m[1784654597.697] [5419:5421] [DMG] 					Endpoint = 0x0,[0m
[0;34m[1784654597.697] [5419:5421] [DMG] 					Cluster = 0x38,[0m
[0;34m[1784654597.697] [5419:5421] [DMG] 					Attribute = 0x0000_0001,[0m
[0;34m[1784654597.697] [5419:5421] [DMG] 				}[0m
[0;34m[1784654597.697] [5419:5421] [DMG] 					[0m
[0;34m[1784654597.697] [5419:5421] [DMG] 				Data = 3 (unsigned), [0m
[0;34m[1784654597.697] [5419:5421] [DMG] 			},[0m
[0;34m[1784654597.697] [5419:5421] [DMG] 			[0m
[0;34m[1784654597.697] [5419:5421] [DMG] 		},[0m
[0;34m[1784654597.697] [5419:5421] [DMG] 		[0m
[0;34m[1784654597.697] [5419:5421] [DMG] 		AttributeReportIB =[0m
[0;34m[1784654597.697] [5419:5421] [DMG] 		{[0m
[0;34m[1784654597.697] [5419:5421] [DMG] 			AttributeDataIB =[0m
[0;34m[1784654597.697] [5419:5421] [DMG] 			{[0m
[0;34m[1784654597.697] [5419:5421] [DMG] 				DataVersion = 0x59b2df8b,[0m
[0;34m[1784654597.697] [5419:5421] [DMG] 				AttributePathIB =[0m
[0;34m[1784654597.697] [5419:5421] [DMG] 				{[0m
[0;34m[1784654597.697] [5419:5421] [DMG] 					Endpoint = 0x0,[0m
[0;34m[1784654597.697] [5419:5421] [DMG] 					Cluster = 0x38,[0m
[0;34m[1784654597.697] [5419:5421] [DMG] 					Attribute = 0x0000_0002,[0m
[0;34m[1784654597.697] [5419:5421] [DMG] 				}[0m
[0;34m[1784654597.697] [5419:5421] [DMG] 					[0m
[0;34m[1784654597.697] [5419:5421] [DMG] 				Data = 8 (unsigned), [0m
[0;34m[1784654597.697] [5419:5421] [DMG] 			},[0m
[0;34m[1784654597.697] [5419:5421] [DMG] 			[0m
[0;34m[1784654597.697] [5419:5421] [DMG] 		},[0m
[0;34m[1784654597.697] [5419:5421] [DMG] 		[0m
[0;34m[1784654597.697] [5419:5421] [DMG] 		AttributeReportIB =[0m
[0;34m[1784654597.697] [5419:5421] [DMG] 		{[0m
[0;34m[1784654597.697] [5419:5421] [DMG] 			AttributeDataIB =[0m
[0;34m[1784654597.697] [5419:5421] [DMG] 			{[0m
[0;34m[1784654597.697] [5419:5421] [DMG] 				DataVersion = 0x59b2df8b,[0m
[0;34m[1784654597.697] [5419:5421] [DMG] 				AttributePathIB =[0m
[0;34m[1784654597.697] [5419:5421] [DMG] 				{[0m
[0;34m[1784654597.697] [5419:5421] [DMG] 					Endpoint = 0x0,[0m
[0;34m[1784654597.697] [5419:5421] [DMG] 					Cluster = 0x38,[0m
[0;34m[1784654597.697] [5419:5421] [DMG] 					Attribute = 0x0000_0003,[0m
[0;34m[1784654597.697] [5419:5421] [DMG] 				}[0m
[0;34m[1784654597.697] [5419:5421] [DMG] 					[0m
[0;34m[1784654597.697] [5419:5421] [DMG] 				Data = NULL[0m
[0;34m[1784654597.697] [5419:5421] [DMG] 			},[0m
[0;34m[1784654597.697] [5419:5421] [DMG] 			[0m
[0;34m[1784654597.697] [5419:5421] [DMG] 		},[0m
[0;34m[1784654597.697] [5419:5421] [DMG] 		[0m
[0;34m[1784654597.697] [5419:5421] [DMG] 		AttributeReportIB =[0m
[0;34m[1784654597.697] [5419:5421] [DMG] 		{[0m
[0;34m[1784654597.697] [5419:5421] [DMG] 			AttributeDataIB =[0m
[0;34m[1784654597.697] [5419:5421] [DMG] 			{[0m
[0;34m[1784654597.697] [5419:5421] [DMG] 				DataVersion = 0x59b2df8b,[0m
[0;34m[1784654597.697] [5419:5421] [DMG] 				AttributePathIB =[0m
[0;34m[1784654597.697] [5419:5421] [DMG] 				{[0m
[0;34m[1784654597.697] [5419:5421] [DMG] 					Endpoint = 0x0,[0m
[0;34m[1784654597.697] [5419:5421] [DMG] 					Cluster = 0x38,[0m
[0;34m[1784654597.697] [5419:5421] [DMG] 					Attribute = 0x0000_0004,[0m
[0;34m[1784654597.697] [5419:5421] [DMG] 				}[0m
[0;34m[1784654597.697] [5419:5421] [DMG] 					[0m
[0;34m[1784654597.697] [5419:5421] [DMG] 				Data = NULL[0m
[0;34m[1784654597.697] [5419:5421] [DMG] 			},[0m
[0;34m[1784654597.697] [5419:5421] [DMG] 			[0m
[0;34m[1784654597.697] [5419:5421] [DMG] 		},[0m
[0;34m[1784654597.697] [5419:5421] [DMG] 		[0m
[0;34m[1784654597.697] [5419:5421] [DMG] 		AttributeReportIB =[0m
[0;34m[1784654597.697] [5419:5421] [DMG] 		{[0m
[0;34m[1784654597.697] [5419:5421] [DMG] 			AttributeDataIB =[0m
[0;34m[1784654597.697] [5419:5421] [DMG] 			{[0m
[0;34m[1784654597.697] [5419:5421] [DMG] 				DataVersion = 0x59b2df8b,[0m
[0;34m[1784654597.697] [5419:5421] [DMG] 				AttributePathIB =[0m
[0;34m[1784654597.697] [5419:5421] [DMG] 				{[0m
[0;34m[1784654597.697] [5419:5421] [DMG] 					Endpoint = 0x0,[0m
[0;34m[1784654597.697] [5419:5421] [DMG] 					Cluster = 0x38,[0m
[0;34m[1784654597.697] [5419:5421] [DMG] 					Attribute = 0x0000_0005,[0m
[0;34m[1784654597.697] [5419:5421] [DMG] 				}[0m
[0;34m[1784654597.697] [5419:5421] [DMG] 					[0m
[0;34m[1784654597.697] [5419:5421] [DMG] 				Data = [[0m
[0;34m[1784654597.697] [5419:5421] [DMG] 						[0m
[0;34m[1784654597.697] [5419:5421] [DMG] 					{[0m
[0;34m[1784654597.697] [5419:5421] [DMG] 						0x0 = 0 (signed), [0m
[0;34m[1784654597.697] [5419:5421] [DMG] 						0x1 = 0 (unsigned), [0m
[0;34m[1784654597.697] [5419:5421] [DMG] 					},[0m
[0;34m[1784654597.697] [5419:5421] [DMG] 				],[0m
[0;34m[1784654597.697] [5419:5421] [DMG] 			},[0m
[0;34m[1784654597.697] [5419:5421] [DMG] 			[0m
[0;34m[1784654597.697] [5419:5421] [DMG] 		},[0m
[0;34m[1784654597.697] [5419:5421] [DMG] 		[0m
[0;34m[1784654597.697] [5419:5421] [DMG] 		AttributeReportIB =[0m
[0;34m[1784654597.697] [5419:5421] [DMG] 		{[0m
[0;34m[1784654597.697] [5419:5421] [DMG] 			AttributeDataIB =[0m
[0;34m[1784654597.697] [5419:5421] [DMG] 			{[0m
[0;34m[1784654597.697] [5419:5421] [DMG] 				DataVersion = 0x59b2df8b,[0m
[0;34m[1784654597.697] [5419:5421] [DMG] 				AttributePathIB =[0m
[0;34m[1784654597.697] [5419:5421] [DMG] 				{[0m
[0;34m[1784654597.697] [5419:5421] [DMG] 					Endpoint = 0x0,[0m
[0;34m[1784654597.697] [5419:5421] [DMG] 					Cluster = 0x38,[0m
[0;34m[1784654597.697] [5419:5421] [DMG] 					Attribute = 0x0000_0006,[0m
[0;34m[1784654597.697] [5419:5421] [DMG] 				}[0m
[0;34m[1784654597.697] [5419:5421] [DMG] 					[0m
[0;34m[1784654597.697] [5419:5421] [DMG] 				Data = [[0m
[0;34m[1784654597.697] [5419:5421] [DMG] 						[0m
[0;34m[1784654597.697] [5419:5421] [DMG] 				],[0m
[0;34m[1784654597.697] [5419:5421] [DMG] 			},[0m
[0;34m[1784654597.697] [5419:5421] [DMG] 			[0m
[0;34m[1784654597.697] [5419:5421] [DMG] 		},[0m
[0;34m[1784654597.697] [5419:5421] [DMG] 		[0m
[0;34m[1784654597.697] [5419:5421] [DMG] 		AttributeReportIB =[0m
[0;34m[1784654597.697] [5419:5421] [DMG] 		{[0m
[0;34m[1784654597.697] [5419:5421] [DMG] 			AttributeDataIB =[0m
[0;34m[1784654597.697] [5419:5421] [DMG] 			{[0m
[0;34m[1784654597.697] [5419:5421] [DMG] 				DataVersion = 0x59b2df8b,[0m
[0;34m[1784654597.697] [5419:5421] [DMG] 				AttributePathIB =[0m
[0;34m[1784654597.697] [5419:5421] [DMG] 				{[0m
[0;34m[1784654597.697] [5419:5421] [DMG] 					Endpoint = 0x0,[0m
[0;34m[1784654597.697] [5419:5421] [DMG] 					Cluster = 0x38,[0m
[0;34m[1784654597.697] [5419:5421] [DMG] 					Attribute = 0x0000_0007,[0m
[0;34m[1784654597.697] [5419:5421] [DMG] 				}[0m
[0;34m[1784654597.697] [5419:5421] [DMG] 					[0m
[0;34m[1784654597.697] [5419:5421] [DMG] 				Data = NULL[0m
[0;34m[1784654597.697] [5419:5421] [DMG] 			},[0m
[0;34m[1784654597.697] [5419:5421] [DMG] 			[0m
[0;34m[1784654597.697] [5419:5421] [DMG] 		},[0m
[0;34m[1784654597.697] [5419:5421] [DMG] 		[0m
[0;34m[1784654597.697] [5419:5421] [DMG] 		AttributeReportIB =[0m
[0;34m[1784654597.697] [5419:5421] [DMG] 		{[0m
[0;34m[1784654597.697] [5419:5421] [DMG] 			AttributeDataIB =[0m
[0;34m[1784654597.697] [5419:5421] [DMG] 			{[0m
[0;34m[1784654597.697] [5419:5421] [DMG] 				DataVersion = 0x59b2df8b,[0m
[0;34m[1784654597.697] [5419:5421] [DMG] 				AttributePathIB =[0m
[0;34m[1784654597.697] [5419:5421] [DMG] 				{[0m
[0;34m[1784654597.697] [5419:5421] [DMG] 					Endpoint = 0x0,[0m
[0;34m[1784654597.697] [5419:5421] [DMG] 					Cluster = 0x38,[0m
[0;34m[1784654597.697] [5419:5421] [DMG] 					Attribute = 0x0000_0008,[0m
[0;34m[1784654597.697] [5419:5421] [DMG] 				}[0m
[0;34m[1784654597.697] [5419:5421] [DMG] 					[0m
[0;34m[1784654597.697] [5419:5421] [DMG] 				Data = 0 (unsigned), [0m
[0;34m[1784654597.697] [5419:5421] [DMG] 			},[0m
[0;34m[1784654597.697] [5419:5421] [DMG] 			[0m
[0;34m[1784654597.697] [5419:5421] [DMG] 		},[0m
[0;34m[1784654597.697] [5419:5421] [DMG] 		[0m
[0;34m[1784654597.697] [5419:5421] [DMG] 		AttributeReportIB =[0m
[0;34m[1784654597.697] [5419:5421] [DMG] 		{[0m
[0;34m[1784654597.697] [5419:5421] [DMG] 			AttributeDataIB =[0m
[0;34m[1784654597.697] [5419:5421] [DMG] 			{[0m
[0;34m[1784654597.697] [5419:5421] [DMG] 				DataVersion = 0x59b2df8b,[0m
[0;34m[1784654597.697] [5419:5421] [DMG] 				AttributePathIB =[0m
[0;34m[1784654597.697] [5419:5421] [DMG] 				{[0m
[0;34m[1784654597.697] [5419:5421] [DMG] 					Endpoint = 0x0,[0m
[0;34m[1784654597.697] [5419:5421] [DMG] 					Cluster = 0x38,[0m
[0;34m[1784654597.697] [5419:5421] [DMG] 					Attribute = 0x0000_000A,[0m
[0;34m[1784654597.697] [5419:5421] [DMG] 				}[0m
[0;34m[1784654597.697] [5419:5421] [DMG] 					[0m
[0;34m[1784654597.697] [5419:5421] [DMG] 				Data = 2 (unsigned), [0m
[0;34m[1784654597.697] [5419:5421] [DMG] 			},[0m
[0;34m[1784654597.697] [5419:5421] [DMG] 			[0m
[0;34m[1784654597.697] [5419:5421] [DMG] 		},[0m
[0;34m[1784654597.697] [5419:5421] [DMG] 		[0m
[0;34m[1784654597.697] [5419:5421] [DMG] 		AttributeReportIB =[0m
[0;34m[1784654597.697] [5419:5421] [DMG] 		{[0m
[0;34m[1784654597.697] [5419:5421] [DMG] 			AttributeDataIB =[0m
[0;34m[1784654597.697] [5419:5421] [DMG] 			{[0m
[0;34m[1784654597.697] [5419:5421] [DMG] 				DataVersion = 0x59b2df8b,[0m
[0;34m[1784654597.697] [5419:5421] [DMG] 				AttributePathIB =[0m
[0;34m[1784654597.697] [5419:5421] [DMG] 				{[0m
[0;34m[1784654597.697] [5419:5421] [DMG] 					Endpoint = 0x0,[0m
[0;34m[1784654597.697] [5419:5421] [DMG] 					Cluster = 0x38,[0m
[0;34m[1784654597.697] [5419:5421] [DMG] 					Attribute = 0x0000_000B,[0m
[0;34m[1784654597.697] [5419:5421] [DMG] 				}[0m
[0;34m[1784654597.697] [5419:5421] [DMG] 					[0m
[0;34m[1784654597.697] [5419:5421] [DMG] 				Data = 2 (unsigned), [0m
[0;34m[1784654597.697] [5419:5421] [DMG] 			},[0m
[0;34m[1784654597.697] [5419:5421] [DMG] 			[0m
[0;34m[1784654597.697] [5419:5421] [DMG] 		},[0m
[0;34m[1784654597.697] [5419:5421] [DMG] 		[0m
[0;34m[1784654597.697] [5419:5421] [DMG] 		AttributeReportIB =[0m
[0;34m[1784654597.697] [5419:5421] [DMG] 		{[0m
[0;34m[1784654597.697] [5419:5421] [DMG] 			AttributeDataIB =[0m
[0;34m[1784654597.697] [5419:5421] [DMG] 			{[0m
[0;34m[1784654597.697] [5419:5421] [DMG] 				DataVersion = 0x59b2df8b,[0m
[0;34m[1784654597.697] [5419:5421] [DMG] 				AttributePathIB =[0m
[0;34m[1784654597.697] [5419:5421] [DMG] 				{[0m
[0;34m[1784654597.697] [5419:5421] [DMG] 					Endpoint = 0x0,[0m
[0;34m[1784654597.697] [5419:5421] [DMG] 					Cluster = 0x38,[0m
[0;34m[1784654597.697] [5419:5421] [DMG] 					Attribute = 0x0000_000C,[0m
[0;34m[1784654597.697] [5419:5421] [DMG] 				}[0m
[0;34m[1784654597.697] [5419:5421] [DMG] 					[0m
[0;34m[1784654597.697] [5419:5421] [DMG] 				Data = true, [0m
[0;34m[1784654597.697] [5419:5421] [DMG] 			},[0m
[0;34m[1784654597.698] [5419:5421] [DMG] 			[0m
[0;34m[1784654597.698] [5419:5421] [DMG] 		},[0m
[0;34m[1784654597.698] [5419:5421] [DMG] 		[0m
[0;34m[1784654597.698] [5419:5421] [DMG] 		AttributeReportIB =[0m
[0;34m[1784654597.698] [5419:5421] [DMG] 		{[0m
[0;34m[1784654597.698] [5419:5421] [DMG] 			AttributeDataIB =[0m
[0;34m[1784654597.698] [5419:5421] [DMG] 			{[0m
[0;34m[1784654597.698] [5419:5421] [DMG] 				DataVersion = 0x59b2df8b,[0m
[0;34m[1784654597.698] [5419:5421] [DMG] 				AttributePathIB =[0m
[0;34m[1784654597.698] [5419:5421] [DMG] 				{[0m
[0;34m[1784654597.698] [5419:5421] [DMG] 					Endpoint = 0x0,[0m
[0;34m[1784654597.698] [5419:5421] [DMG] 					Cluster = 0x38,[0m
[0;34m[1784654597.698] [5419:5421] [DMG] 					Attribute = 0x0000_FFFC,[0m
[0;34m[1784654597.698] [5419:5421] [DMG] 				}[0m
[0;34m[1784654597.698] [5419:5421] [DMG] 					[0m
[0;34m[1784654597.698] [5419:5421] [DMG] 				Data = 11 (unsigned), [0m
[0;34m[1784654597.698] [5419:5421] [DMG] 			},[0m
[0;34m[1784654597.698] [5419:5421] [DMG] 			[0m
[0;34m[1784654597.698] [5419:5421] [DMG] 		},[0m
[0;34m[1784654597.698] [5419:5421] [DMG] 		[0m
[0;34m[1784654597.698] [5419:5421] [DMG] 		AttributeReportIB =[0m
[0;34m[1784654597.698] [5419:5421] [DMG] 		{[0m
[0;34m[1784654597.698] [5419:5421] [DMG] 			AttributeDataIB =[0m
[0;34m[1784654597.698] [5419:5421] [DMG] 			{[0m
[0;34m[1784654597.698] [5419:5421] [DMG] 				DataVersion = 0x59b2df8b,[0m
[0;34m[1784654597.698] [5419:5421] [DMG] 				AttributePathIB =[0m
[0;34m[1784654597.698] [5419:5421] [DMG] 				{[0m
[0;34m[1784654597.698] [5419:5421] [DMG] 					Endpoint = 0x0,[0m
[0;34m[1784654597.698] [5419:5421] [DMG] 					Cluster = 0x38,[0m
[0;34m[1784654597.698] [5419:5421] [DMG] 					Attribute = 0x0000_FFFD,[0m
[0;34m[1784654597.698] [5419:5421] [DMG] 				}[0m
[0;34m[1784654597.698] [5419:5421] [DMG] 					[0m
[0;34m[1784654597.698] [5419:5421] [DMG] 				Data = 2 (unsigned), [0m
[0;34m[1784654597.698] [5419:5421] [DMG] 			},[0m
[0;34m[1784654597.698] [5419:5421] [DMG] 			[0m
[0;34m[1784654597.698] [5419:5421] [DMG] 		},[0m
[0;34m[1784654597.698] [5419:5421] [DMG] 		[0m
[0;34m[1784654597.698] [5419:5421] [DMG] 		AttributeReportIB =[0m
[0;34m[1784654597.698] [5419:5421] [DMG] 		{[0m
[0;34m[1784654597.698] [5419:5421] [DMG] 			AttributeDataIB =[0m
[0;34m[1784654597.698] [5419:5421] [DMG] 			{[0m
[0;34m[1784654597.698] [5419:5421] [DMG] 				DataVersion = 0x59b2df8b,[0m
[0;34m[1784654597.698] [5419:5421] [DMG] 				AttributePathIB =[0m
[0;34m[1784654597.698] [5419:5421] [DMG] 				{[0m
[0;34m[1784654597.698] [5419:5421] [DMG] 					Endpoint = 0x0,[0m
[0;34m[1784654597.698] [5419:5421] [DMG] 					Cluster = 0x38,[0m
[0;34m[1784654597.698] [5419:5421] [DMG] 					Attribute = 0x0000_FFF8,[0m
[0;34m[1784654597.698] [5419:5421] [DMG] 				}[0m
[0;34m[1784654597.698] [5419:5421] [DMG] 					[0m
[0;34m[1784654597.698] [5419:5421] [DMG] 				Data = [[0m
[0;34m[1784654597.698] [5419:5421] [DMG] 						3 (unsigned), [0m
[0;34m[1784654597.698] [5419:5421] [DMG] 				],[0m
[0;34m[1784654597.698] [5419:5421] [DMG] 			},[0m
[0;34m[1784654597.698] [5419:5421] [DMG] 			[0m
[0;34m[1784654597.698] [5419:5421] [DMG] 		},[0m
[0;34m[1784654597.698] [5419:5421] [DMG] 		[0m
[0;34m[1784654597.698] [5419:5421] [DMG] 		AttributeReportIB =[0m
[0;34m[1784654597.698] [5419:5421] [DMG] 		{[0m
[0;34m[1784654597.698] [5419:5421] [DMG] 			AttributeDataIB =[0m
[0;34m[1784654597.698] [5419:5421] [DMG] 			{[0m
[0;34m[1784654597.698] [5419:5421] [DMG] 				DataVersion = 0x59b2df8b,[0m
[0;34m[1784654597.698] [5419:5421] [DMG] 				AttributePathIB =[0m
[0;34m[1784654597.698] [5419:5421] [DMG] 				{[0m
[0;34m[1784654597.698] [5419:5421] [DMG] 					Endpoint = 0x0,[0m
[0;34m[1784654597.698] [5419:5421] [DMG] 					Cluster = 0x38,[0m
[0;34m[1784654597.698] [5419:5421] [DMG] 					Attribute = 0x0000_FFF9,[0m
[0;34m[1784654597.698] [5419:5421] [DMG] 				}[0m
[0;34m[1784654597.698] [5419:5421] [DMG] 					[0m
[0;34m[1784654597.698] [5419:5421] [DMG] 				Data = [[0m
[0;34m[1784654597.698] [5419:5421] [DMG] 						0 (unsigned), 1 (unsigned), 2 (unsigned), 4 (unsigned), 5 (unsigned), [0m
[0;34m[1784654597.698] [5419:5421] [DMG] 				],[0m
[0;34m[1784654597.698] [5419:5421] [DMG] 			},[0m
[0;34m[1784654597.698] [5419:5421] [DMG] 			[0m
[0;34m[1784654597.698] [5419:5421] [DMG] 		},[0m
[0;34m[1784654597.698] [5419:5421] [DMG] 		[0m
[0;34m[1784654597.698] [5419:5421] [DMG] 		AttributeReportIB =[0m
[0;34m[1784654597.698] [5419:5421] [DMG] 		{[0m
[0;34m[1784654597.698] [5419:5421] [DMG] 			AttributeDataIB =[0m
[0;34m[1784654597.698] [5419:5421] [DMG] 			{[0m
[0;34m[1784654597.698] [5419:5421] [DMG] 				DataVersion = 0x59b2df8b,[0m
[0;34m[1784654597.698] [5419:5421] [DMG] 				AttributePathIB =[0m
[0;34m[1784654597.698] [5419:5421] [DMG] 				{[0m
[0;34m[1784654597.698] [5419:5421] [DMG] 					Endpoint = 0x0,[0m
[0;34m[1784654597.698] [5419:5421] [DMG] 					Cluster = 0x38,[0m
[0;34m[1784654597.698] [5419:5421] [DMG] 					Attribute = 0x0000_FFFB,[0m
[0;34m[1784654597.698] [5419:5421] [DMG] 				}[0m
[0;34m[1784654597.698] [5419:5421] [DMG] 					[0m
[0;34m[1784654597.698] [5419:5421] [DMG] 				Data = [[0m
[0;34m[1784654597.698] [5419:5421] [DMG] 						0 (unsigned), 1 (unsigned), 2 (unsigned), 3 (unsigned), 4 (unsigned), 5 (unsigned), 6 (unsigned), 7 (unsigned), 8 (unsigned), 10 (unsigned), 11 (unsigned), 12 (unsigned), 65532 (unsigned), 65533 (unsigned), 65528 (unsigned), 65529 (unsigned), 65531 (unsigned), [0m
[0;34m[1784654597.698] [5419:5421] [DMG] 				],[0m
[0;34m[1784654597.698] [5419:5421] [DMG] 			},[0m
[0;34m[1784654597.698] [5419:5421] [DMG] 			[0m
[0;34m[1784654597.698] [5419:5421] [DMG] 		},[0m
[0;34m[1784654597.698] [5419:5421] [DMG] 		[0m
[0;34m[1784654597.698] [5419:5421] [DMG] 		AttributeReportIB =[0m
[0;34m[1784654597.698] [5419:5421] [DMG] 		{[0m
[0;34m[1784654597.698] [5419:5421] [DMG] 			AttributeDataIB =[0m
[0;34m[1784654597.698] [5419:5421] [DMG] 			{[0m
[0;34m[1784654597.698] [5419:5421] [DMG] 				DataVersion = 0xc340d552,[0m
[0;34m[1784654597.698] [5419:5421] [DMG] 				AttributePathIB =[0m
[0;34m[1784654597.698] [5419:5421] [DMG] 				{[0m
[0;34m[1784654597.698] [5419:5421] [DMG] 					Endpoint = 0x0,[0m
[0;34m[1784654597.698] [5419:5421] [DMG] 					Cluster = 0x28,[0m
[0;34m[1784654597.698] [5419:5421] [DMG] 					Attribute = 0x0000_0004,[0m
[0;34m[1784654597.698] [5419:5421] [DMG] 				}[0m
[0;34m[1784654597.698] [5419:5421] [DMG] 					[0m
[0;34m[1784654597.698] [5419:5421] [DMG] 				Data = 32769 (unsigned), [0m
[0;34m[1784654597.698] [5419:5421] [DMG] 			},[0m
[0;34m[1784654597.698] [5419:5421] [DMG] 			[0m
[0;34m[1784654597.698] [5419:5421] [DMG] 		},[0m
[0;34m[1784654597.698] [5419:5421] [DMG] 		[0m
[0;34m[1784654597.698] [5419:5421] [DMG] 		AttributeReportIB =[0m
[0;34m[1784654597.698] [5419:5421] [DMG] 		{[0m
[0;34m[1784654597.698] [5419:5421] [DMG] 			AttributeDataIB =[0m
[0;34m[1784654597.698] [5419:5421] [DMG] 			{[0m
[0;34m[1784654597.698] [5419:5421] [DMG] 				DataVersion = 0xc340d552,[0m
[0;34m[1784654597.698] [5419:5421] [DMG] 				AttributePathIB =[0m
[0;34m[1784654597.698] [5419:5421] [DMG] 				{[0m
[0;34m[1784654597.698] [5419:5421] [DMG] 					Endpoint = 0x0,[0m
[0;34m[1784654597.698] [5419:5421] [DMG] 					Cluster = 0x28,[0m
[0;34m[1784654597.698] [5419:5421] [DMG] 					Attribute = 0x0000_0002,[0m
[0;34m[1784654597.698] [5419:5421] [DMG] 				}[0m
[0;34m[1784654597.698] [5419:5421] [DMG] 					[0m
[0;34m[1784654597.698] [5419:5421] [DMG] 				Data = 65521 (unsigned), [0m
[0;34m[1784654597.698] [5419:5421] [DMG] 			},[0m
[0;34m[1784654597.698] [5419:5421] [DMG] 			[0m
[0;34m[1784654597.698] [5419:5421] [DMG] 		},[0m
[0;34m[1784654597.698] [5419:5421] [DMG] 		[0m
[0;34m[1784654597.698] [5419:5421] [DMG] 		AttributeReportIB =[0m
[0;34m[1784654597.698] [5419:5421] [DMG] 		{[0m
[0;34m[1784654597.698] [5419:5421] [DMG] 			AttributeStatusIB =[0m
[0;34m[1784654597.698] [5419:5421] [DMG] 			{[0m
[0;34m[1784654597.698] [5419:5421] [DMG] 				AttributePathIB =[0m
[0;34m[1784654597.698] [5419:5421] [DMG] 				{[0m
[0;34m[1784654597.698] [5419:5421] [DMG] 					Endpoint = 0x0,[0m
[0;34m[1784654597.698] [5419:5421] [DMG] 					Cluster = 0x30,[0m
[0;34m[1784654597.698] [5419:5421] [DMG] 					Attribute = 0x0000_000C,[0m
[0;34m[1784654597.698] [5419:5421] [DMG] 				}[0m
[0;34m[1784654597.698] [5419:5421] [DMG] 					[0m
[0;34m[1784654597.698] [5419:5421] [DMG] 				StatusIB =[0m
[0;34m[1784654597.698] [5419:5421] [DMG] 				{[0m
[0;34m[1784654597.698] [5419:5421] [DMG] 					status = 0x86 (UNSUPPORTED_ATTRIBUTE),[0m
[0;34m[1784654597.698] [5419:5421] [DMG] 				},[0m
[0;34m[1784654597.698] [5419:5421] [DMG] 				[0m
[0;34m[1784654597.698] [5419:5421] [DMG] 			},[0m
[0;34m[1784654597.698] [5419:5421] [DMG] 			[0m
[0;34m[1784654597.698] [5419:5421] [DMG] 		},[0m
[0;34m[1784654597.698] [5419:5421] [DMG] 		[0m
[0;34m[1784654597.698] [5419:5421] [DMG] 		AttributeReportIB =[0m
[0;34m[1784654597.698] [5419:5421] [DMG] 		{[0m
[0;34m[1784654597.698] [5419:5421] [DMG] 			AttributeDataIB =[0m
[0;34m[1784654597.698] [5419:5421] [DMG] 			{[0m
[0;34m[1784654597.698] [5419:5421] [DMG] 				DataVersion = 0xc2511795,[0m
[0;34m[1784654597.698] [5419:5421] [DMG] 				AttributePathIB =[0m
[0;34m[1784654597.698] [5419:5421] [DMG] 				{[0m
[0;34m[1784654597.698] [5419:5421] [DMG] 					Endpoint = 0x0,[0m
[0;34m[1784654597.698] [5419:5421] [DMG] 					Cluster = 0x30,[0m
[0;34m[1784654597.698] [5419:5421] [DMG] 					Attribute = 0x0000_0003,[0m
[0;34m[1784654597.698] [5419:5421] [DMG] 				}[0m
[0;34m[1784654597.698] [5419:5421] [DMG] 					[0m
[0;34m[1784654597.698] [5419:5421] [DMG] 				Data = 2 (unsigned), [0m
[0;34m[1784654597.698] [5419:5421] [DMG] 			},[0m
[0;34m[1784654597.698] [5419:5421] [DMG] 			[0m
[0;34m[1784654597.698] [5419:5421] [DMG] 		},[0m
[0;34m[1784654597.698] [5419:5421] [DMG] 		[0m
[0;34m[1784654597.698] [5419:5421] [DMG] 		AttributeReportIB =[0m
[0;34m[1784654597.698] [5419:5421] [DMG] 		{[0m
[0;34m[1784654597.698] [5419:5421] [DMG] 			AttributeDataIB =[0m
[0;34m[1784654597.698] [5419:5421] [DMG] 			{[0m
[0;34m[1784654597.698] [5419:5421] [DMG] 				DataVersion = 0xc2511795,[0m
[0;34m[1784654597.698] [5419:5421] [DMG] 				AttributePathIB =[0m
[0;34m[1784654597.698] [5419:5421] [DMG] 				{[0m
[0;34m[1784654597.698] [5419:5421] [DMG] 					Endpoint = 0x0,[0m
[0;34m[1784654597.698] [5419:5421] [DMG] 					Cluster = 0x30,[0m
[0;34m[1784654597.698] [5419:5421] [DMG] 					Attribute = 0x0000_0002,[0m
[0;34m[1784654597.698] [5419:5421] [DMG] 				}[0m
[0;34m[1784654597.698] [5419:5421] [DMG] 					[0m
[0;34m[1784654597.698] [5419:5421] [DMG] 				Data = 0 (unsigned), [0m
[0;34m[1784654597.698] [5419:5421] [DMG] 			},[0m
[0;34m[1784654597.698] [5419:5421] [DMG] 			[0m
[0;34m[1784654597.698] [5419:5421] [DMG] 		},[0m
[0;34m[1784654597.698] [5419:5421] [DMG] 		[0m
[0;34m[1784654597.698] [5419:5421] [DMG] 		AttributeReportIB =[0m
[0;34m[1784654597.698] [5419:5421] [DMG] 		{[0m
[0;34m[1784654597.698] [5419:5421] [DMG] 			AttributeDataIB =[0m
[0;34m[1784654597.698] [5419:5421] [DMG] 			{[0m
[0;34m[1784654597.698] [5419:5421] [DMG] 				DataVersion = 0xc2511795,[0m
[0;34m[1784654597.698] [5419:5421] [DMG] 				AttributePathIB =[0m
[0;34m[1784654597.698] [5419:5421] [DMG] 				{[0m
[0;34m[1784654597.698] [5419:5421] [DMG] 					Endpoint = 0x0,[0m
[0;34m[1784654597.698] [5419:5421] [DMG] 					Cluster = 0x30,[0m
[0;34m[1784654597.698] [5419:5421] [DMG] 					Attribute = 0x0000_0001,[0m
[0;34m[1784654597.698] [5419:5421] [DMG] 				}[0m
[0;34m[1784654597.698] [5419:5421] [DMG] 					[0m
[0;34m[1784654597.698] [5419:5421] [DMG] 				Data = [0m
[0;34m[1784654597.698] [5419:5421] [DMG] 				{[0m
[0;34m[1784654597.698] [5419:5421] [DMG] 					0x0 = 60 (unsigned), [0m
[0;34m[1784654597.698] [5419:5421] [DMG] 					0x1 = 900 (unsigned), [0m
[0;34m[1784654597.698] [5419:5421] [DMG] 				},[0m
[0;34m[1784654597.698] [5419:5421] [DMG] 			},[0m
[0;34m[1784654597.698] [5419:5421] [DMG] 			[0m
[0;34m[1784654597.698] [5419:5421] [DMG] 		},[0m
[0;34m[1784654597.698] [5419:5421] [DMG] 		[0m
[0;34m[1784654597.698] [5419:5421] [DMG] 		AttributeReportIB =[0m
[0;34m[1784654597.698] [5419:5421] [DMG] 		{[0m
[0;34m[1784654597.698] [5419:5421] [DMG] 			AttributeDataIB =[0m
[0;34m[1784654597.698] [5419:5421] [DMG] 			{[0m
[0;34m[1784654597.698] [5419:5421] [DMG] 				DataVersion = 0xc2511795,[0m
[0;34m[1784654597.698] [5419:5421] [DMG] 				AttributePathIB =[0m
[0;34m[1784654597.698] [5419:5421] [DMG] 				{[0m
[0;34m[1784654597.698] [5419:5421] [DMG] 					Endpoint = 0x0,[0m
[0;34m[1784654597.698] [5419:5421] [DMG] 					Cluster = 0x30,[0m
[0;34m[1784654597.698] [5419:5421] [DMG] 					Attribute = 0x0000_0000,[0m
[0;34m[1784654597.698] [5419:5421] [DMG] 				}[0m
[0;34m[1784654597.698] [5419:5421] [DMG] 					[0m
[0;34m[1784654597.698] [5419:5421] [DMG] 				Data = 0 (unsigned), [0m
[0;34m[1784654597.698] [5419:5421] [DMG] 			},[0m
[0;34m[1784654597.698] [5419:5421] [DMG] 			[0m
[0;34m[1784654597.698] [5419:5421] [DMG] 		},[0m
[0;34m[1784654597.698] [5419:5421] [DMG] 		[0m
[0;34m[1784654597.698] [5419:5421] [DMG] 		AttributeReportIB =[0m
[0;34m[1784654597.698] [5419:5421] [DMG] 		{[0m
[0;34m[1784654597.698] [5419:5421] [DMG] 			AttributeDataIB =[0m
[0;34m[1784654597.698] [5419:5421] [DMG] 			{[0m
[0;34m[1784654597.698] [5419:5421] [DMG] 				DataVersion = 0xc2511795,[0m
[0;34m[1784654597.698] [5419:5421] [DMG] 				AttributePathIB =[0m
[0;34m[1784654597.698] [5419:5421] [DMG] 				{[0m
[0;34m[1784654597.698] [5419:5421] [DMG] 					Endpoint = 0x0,[0m
[0;34m[1784654597.698] [5419:5421] [DMG] 					Cluster = 0x30,[0m
[0;34m[1784654597.698] [5419:5421] [DMG] 					Attribute = 0x0000_0004,[0m
[0;34m[1784654597.698] [5419:5421] [DMG] 				}[0m
[0;34m[1784654597.698] [5419:5421] [DMG] 					[0m
[0;34m[1784654597.698] [5419:5421] [DMG] 				Data = true, [0m
[0;34m[1784654597.698] [5419:5421] [DMG] 			},[0m
[0;34m[1784654597.698] [5419:5421] [DMG] 			[0m
[0;34m[1784654597.698] [5419:5421] [DMG] 		},[0m
[0;34m[1784654597.698] [5419:5421] [DMG] 		[0m
[0;34m[1784654597.698] [5419:5421] [DMG] 	],[0m
[0;34m[1784654597.698] [5419:5421] [DMG] 	[0m
[0;34m[1784654597.698] [5419:5421] [DMG] 	SuppressResponse = true, [0m
[0;34m[1784654597.698] [5419:5421] [DMG] 	InteractionModelRevision = 12[0m
[0;34m[1784654597.698] [5419:5421] [DMG] }[0m
[0;34m[1784654597.698] [5419:5421] [DMG] SendReadRequest ReadClient[0x7407d0035210]: Sending Read Request[0m
[0;32m[1784654597.698] [5419:5421] [DMG] 0 data version filters provided, 0 not relevant, 0 encoded, 0 skipped due to lack of space[0m
[0;32m[1784654597.698] [5419:5421] [EM] <<< [E:56689i S:22390 M:183137430] (S) Msg TX from 0000000000000000 to 0:FFFFFFFB00000000 [0000] [UDP:[fe80::bfe:a203:38f0:bce7%enp0s3]:5540] --- Type 0001:02 (IM:ReadRequest) (B:112)[0m
[0;32m[1784654597.698] [5419:5421] [EM] ??1 [E:56689i S:22390 M:183137430] (S) Msg Retransmission to 0:FFFFFFFB00000000 scheduled for 341ms from now [State:Active II:500 AI:300 AT:4000][0m
[0;34m[1784654597.698] [5419:5421] [DMG] MoveToState ReadClient[0x7407d0035210]: Moving to [AwaitingIn][0m
[0;32m[1784654597.698] [5419:5421] [EM] <<< [E:56688i S:22390 M:183137431 (Ack:6999283)] (S) Msg TX from 0000000000000000 to 0:FFFFFFFB00000000 [0000] [UDP:[fe80::bfe:a203:38f0:bce7%enp0s3]:5540] --- Type 0000:10 (SecureChannel:StandaloneAck) (B:34)[0m
[0;34m[1784654597.698] [5419:5421] [EM] Flushed pending ack for MessageCounter:6999283 on exchange 56688i[0m
[0;32m[1784654597.699] [5419:5421] [EM] >>> [E:56689i S:22390 M:6999284 (Ack:183137430)] (S) Msg RX from 0:FFFFFFFB00000000 [0000] to 0000000000000000 --- Type 0001:05 (IM:ReportData) (B:186)[0m
[0;34m[1784654597.699] [5419:5421] [EM] Found matching exchange: 56689i, Delegate: 0x7407d0035220[0m
[0;34m[1784654597.699] [5419:5421] [EM] Rxd Ack; Removing MessageCounter:183137430 from Retrans Table on exchange 56689i[0m
[0;34m[1784654597.699] [5419:5421] [DMG] ReportDataMessage =[0m
[0;34m[1784654597.699] [5419:5421] [DMG] {[0m
[0;34m[1784654597.699] [5419:5421] [DMG] 	AttributeReportIBs =[0m
[0;34m[1784654597.699] [5419:5421] [DMG] 	[[0m
[0;34m[1784654597.699] [5419:5421] [DMG] 		AttributeReportIB =[0m
[0;34m[1784654597.699] [5419:5421] [DMG] 		{[0m
[0;34m[1784654597.699] [5419:5421] [DMG] 			AttributeStatusIB =[0m
[0;34m[1784654597.699] [5419:5421] [DMG] 			{[0m
[0;34m[1784654597.699] [5419:5421] [DMG] 				AttributePathIB =[0m
[0;34m[1784654597.699] [5419:5421] [DMG] 				{[0m
[0;34m[1784654597.699] [5419:5421] [DMG] 					Endpoint = 0x0,[0m
[0;34m[1784654597.699] [5419:5421] [DMG] 					Cluster = 0x46,[0m
[0;34m[1784654597.699] [5419:5421] [DMG] 					Attribute = 0x0000_0002,[0m
[0;34m[1784654597.699] [5419:5421] [DMG] 				}[0m
[0;34m[1784654597.699] [5419:5421] [DMG] 					[0m
[0;34m[1784654597.699] [5419:5421] [DMG] 				StatusIB =[0m
[0;34m[1784654597.699] [5419:5421] [DMG] 				{[0m
[0;34m[1784654597.699] [5419:5421] [DMG] 					status = 0xc3 (UNSUPPORTED_CLUSTER),[0m
[0;34m[1784654597.699] [5419:5421] [DMG] 				},[0m
[0;34m[1784654597.699] [5419:5421] [DMG] 				[0m
[0;34m[1784654597.699] [5419:5421] [DMG] 			},[0m
[0;34m[1784654597.699] [5419:5421] [DMG] 			[0m
[0;34m[1784654597.699] [5419:5421] [DMG] 		},[0m
[0;34m[1784654597.699] [5419:5421] [DMG] 		[0m
[0;34m[1784654597.699] [5419:5421] [DMG] 		AttributeReportIB =[0m
[0;34m[1784654597.699] [5419:5421] [DMG] 		{[0m
[0;34m[1784654597.699] [5419:5421] [DMG] 			AttributeStatusIB =[0m
[0;34m[1784654597.699] [5419:5421] [DMG] 			{[0m
[0;34m[1784654597.699] [5419:5421] [DMG] 				AttributePathIB =[0m
[0;34m[1784654597.699] [5419:5421] [DMG] 				{[0m
[0;34m[1784654597.699] [5419:5421] [DMG] 					Endpoint = 0x0,[0m
[0;34m[1784654597.699] [5419:5421] [DMG] 					Cluster = 0x46,[0m
[0;34m[1784654597.699] [5419:5421] [DMG] 					Attribute = 0x0000_0001,[0m
[0;34m[1784654597.699] [5419:5421] [DMG] 				}[0m
[0;34m[1784654597.699] [5419:5421] [DMG] 					[0m
[0;34m[1784654597.699] [5419:5421] [DMG] 				StatusIB =[0m
[0;34m[1784654597.699] [5419:5421] [DMG] 				{[0m
[0;34m[1784654597.699] [5419:5421] [DMG] 					status = 0xc3 (UNSUPPORTED_CLUSTER),[0m
[0;34m[1784654597.699] [5419:5421] [DMG] 				},[0m
[0;34m[1784654597.699] [5419:5421] [DMG] 				[0m
[0;34m[1784654597.699] [5419:5421] [DMG] 			},[0m
[0;34m[1784654597.699] [5419:5421] [DMG] 			[0m
[0;34m[1784654597.699] [5419:5421] [DMG] 		},[0m
[0;34m[1784654597.699] [5419:5421] [DMG] 		[0m
[0;34m[1784654597.699] [5419:5421] [DMG] 		AttributeReportIB =[0m
[0;34m[1784654597.699] [5419:5421] [DMG] 		{[0m
[0;34m[1784654597.699] [5419:5421] [DMG] 			AttributeStatusIB =[0m
[0;34m[1784654597.699] [5419:5421] [DMG] 			{[0m
[0;34m[1784654597.699] [5419:5421] [DMG] 				AttributePathIB =[0m
[0;34m[1784654597.699] [5419:5421] [DMG] 				{[0m
[0;34m[1784654597.699] [5419:5421] [DMG] 					Endpoint = 0x0,[0m
[0;34m[1784654597.699] [5419:5421] [DMG] 					Cluster = 0x46,[0m
[0;34m[1784654597.699] [5419:5421] [DMG] 					Attribute = 0x0000_0000,[0m
[0;34m[1784654597.699] [5419:5421] [DMG] 				}[0m
[0;34m[1784654597.699] [5419:5421] [DMG] 					[0m
[0;34m[1784654597.699] [5419:5421] [DMG] 				StatusIB =[0m
[0;34m[1784654597.699] [5419:5421] [DMG] 				{[0m
[0;34m[1784654597.699] [5419:5421] [DMG] 					status = 0xc3 (UNSUPPORTED_CLUSTER),[0m
[0;34m[1784654597.699] [5419:5421] [DMG] 				},[0m
[0;34m[1784654597.699] [5419:5421] [DMG] 				[0m
[0;34m[1784654597.699] [5419:5421] [DMG] 			},[0m
[0;34m[1784654597.699] [5419:5421] [DMG] 			[0m
[0;34m[1784654597.699] [5419:5421] [DMG] 		},[0m
[0;34m[1784654597.699] [5419:5421] [DMG] 		[0m
[0;34m[1784654597.699] [5419:5421] [DMG] 		AttributeReportIB =[0m
[0;34m[1784654597.699] [5419:5421] [DMG] 		{[0m
[0;34m[1784654597.699] [5419:5421] [DMG] 			AttributeStatusIB =[0m
[0;34m[1784654597.699] [5419:5421] [DMG] 			{[0m
[0;34m[1784654597.699] [5419:5421] [DMG] 				AttributePathIB =[0m
[0;34m[1784654597.699] [5419:5421] [DMG] 				{[0m
[0;34m[1784654597.699] [5419:5421] [DMG] 					Endpoint = 0x0,[0m
[0;34m[1784654597.699] [5419:5421] [DMG] 					Cluster = 0x46,[0m
[0;34m[1784654597.699] [5419:5421] [DMG] 					Attribute = 0x0000_0007,[0m
[0;34m[1784654597.699] [5419:5421] [DMG] 				}[0m
[0;34m[1784654597.699] [5419:5421] [DMG] 					[0m
[0;34m[1784654597.699] [5419:5421] [DMG] 				StatusIB =[0m
[0;34m[1784654597.699] [5419:5421] [DMG] 				{[0m
[0;34m[1784654597.699] [5419:5421] [DMG] 					status = 0xc3 (UNSUPPORTED_CLUSTER),[0m
[0;34m[1784654597.699] [5419:5421] [DMG] 				},[0m
[0;34m[1784654597.699] [5419:5421] [DMG] 				[0m
[0;34m[1784654597.699] [5419:5421] [DMG] 			},[0m
[0;34m[1784654597.699] [5419:5421] [DMG] 			[0m
[0;34m[1784654597.699] [5419:5421] [DMG] 		},[0m
[0;34m[1784654597.699] [5419:5421] [DMG] 		[0m
[0;34m[1784654597.699] [5419:5421] [DMG] 		AttributeReportIB =[0m
[0;34m[1784654597.699] [5419:5421] [DMG] 		{[0m
[0;34m[1784654597.699] [5419:5421] [DMG] 			AttributeStatusIB =[0m
[0;34m[1784654597.699] [5419:5421] [DMG] 			{[0m
[0;34m[1784654597.699] [5419:5421] [DMG] 				AttributePathIB =[0m
[0;34m[1784654597.699] [5419:5421] [DMG] 				{[0m
[0;34m[1784654597.699] [5419:5421] [DMG] 					Endpoint = 0x0,[0m
[0;34m[1784654597.699] [5419:5421] [DMG] 					Cluster = 0x46,[0m
[0;34m[1784654597.699] [5419:5421] [DMG] 					Attribute = 0x0000_0006,[0m
[0;34m[1784654597.699] [5419:5421] [DMG] 				}[0m
[0;34m[1784654597.699] [5419:5421] [DMG] 					[0m
[0;34m[1784654597.699] [5419:5421] [DMG] 				StatusIB =[0m
[0;34m[1784654597.699] [5419:5421] [DMG] 				{[0m
[0;34m[1784654597.699] [5419:5421] [DMG] 					status = 0xc3 (UNSUPPORTED_CLUSTER),[0m
[0;34m[1784654597.699] [5419:5421] [DMG] 				},[0m
[0;34m[1784654597.699] [5419:5421] [DMG] 				[0m
[0;34m[1784654597.699] [5419:5421] [DMG] 			},[0m
[0;34m[1784654597.699] [5419:5421] [DMG] 			[0m
[0;34m[1784654597.699] [5419:5421] [DMG] 		},[0m
[0;34m[1784654597.699] [5419:5421] [DMG] 		[0m
[0;34m[1784654597.699] [5419:5421] [DMG] 		AttributeReportIB =[0m
[0;34m[1784654597.699] [5419:5421] [DMG] 		{[0m
[0;34m[1784654597.699] [5419:5421] [DMG] 			AttributeDataIB =[0m
[0;34m[1784654597.699] [5419:5421] [DMG] 			{[0m
[0;34m[1784654597.699] [5419:5421] [DMG] 				DataVersion = 0x509c510e,[0m
[0;34m[1784654597.699] [5419:5421] [DMG] 				AttributePathIB =[0m
[0;34m[1784654597.699] [5419:5421] [DMG] 				{[0m
[0;34m[1784654597.699] [5419:5421] [DMG] 					Endpoint = 0x0,[0m
[0;34m[1784654597.699] [5419:5421] [DMG] 					Cluster = 0x31,[0m
[0;34m[1784654597.699] [5419:5421] [DMG] 					Attribute = 0x0000_FFFC,[0m
[0;34m[1784654597.699] [5419:5421] [DMG] 				}[0m
[0;34m[1784654597.699] [5419:5421] [DMG] 					[0m
[0;34m[1784654597.699] [5419:5421] [DMG] 				Data = 4 (unsigned), [0m
[0;34m[1784654597.699] [5419:5421] [DMG] 			},[0m
[0;34m[1784654597.699] [5419:5421] [DMG] 			[0m
[0;34m[1784654597.699] [5419:5421] [DMG] 		},[0m
[0;34m[1784654597.699] [5419:5421] [DMG] 		[0m
[0;34m[1784654597.699] [5419:5421] [DMG] 	],[0m
[0;34m[1784654597.699] [5419:5421] [DMG] 	[0m
[0;34m[1784654597.699] [5419:5421] [DMG] 	SuppressResponse = true, [0m
[0;34m[1784654597.699] [5419:5421] [DMG] 	InteractionModelRevision = 12[0m
[0;34m[1784654597.699] [5419:5421] [DMG] }[0m
[1;31m[1784654597.699] [5419:5421] [CTL] Ignoring failure to read IsCommissioningWithoutPower: src/app/ClusterStateCache.cpp:294: CHIP Error 0x000000CA: Interaction Model Error[0m
[0;32m[1784654597.699] [5419:5421] [CTL] NetworkCommissioning Features: has Ethernet. endpointid = 0[0m
[0;32m[1784654597.699] [5419:5421] [SVR] OnReadCommissioningInfo - vendorId=0xFFF1 productId=0x8001[0m
[0;32m[1784654597.699] [5419:5421] [SVR] OnReadCommissioningInfo ICD - IdleModeDuration=0 activeModeDuration=0 activeModeThreshold=0[0m
[0;32m[1784654597.699] [5419:5421] [CTL] Successfully finished commissioning step 'ReadCommissioningInfo'[0m
[0;32m[1784654597.699] [5419:5421] [CTL] Commissioning stage next step: 'ReadCommissioningInfo' -> 'ArmFailSafe'[0m
[0;32m[1784654597.699] [5419:5421] [CTL] Performing next commissioning step 'ArmFailSafe'[0m
[0;34m[1784654597.699] [5419:5421] [TOO] Starting commissioning stage 'ArmFailSafe'[0m
[0;32m[1784654597.699] [5419:5421] [CTL] Arming failsafe (60 seconds)[0m
[0;34m[1784654597.699] [5419:5421] [DMG] ICR moving to [AddingComm][0m
[0;34m[1784654597.699] [5419:5421] [DMG] ICR moving to [AddedComma][0m
[0;32m[1784654597.699] [5419:5421] [EM] <<< [E:56690i S:22390 M:183137432] (S) Msg TX from 0000000000000000 to 0:FFFFFFFB00000000 [0000] [UDP:[fe80::bfe:a203:38f0:bce7%enp0s3]:5540] --- Type 0001:08 (IM:InvokeCommandRequest) (B:65)[0m
[0;32m[1784654597.700] [5419:5421] [EM] ??1 [E:56690i S:22390 M:183137432] (S) Msg Retransmission to 0:FFFFFFFB00000000 scheduled for 338ms from now [State:Active II:500 AI:300 AT:4000][0m
[0;34m[1784654597.700] [5419:5421] [DMG] ICR moving to [AwaitingRe][0m
[0;32m[1784654597.700] [5419:5421] [EM] <<< [E:56689i S:22390 M:183137433 (Ack:6999284)] (S) Msg TX from 0000000000000000 to 0:FFFFFFFB00000000 [0000] [UDP:[fe80::bfe:a203:38f0:bce7%enp0s3]:5540] --- Type 0000:10 (SecureChannel:StandaloneAck) (B:34)[0m
[0;34m[1784654597.700] [5419:5421] [EM] Flushed pending ack for MessageCounter:6999284 on exchange 56689i[0m
[0;32m[1784654597.700] [5419:5421] [EM] >>> [E:56690i S:22390 M:6999285 (Ack:183137432)] (S) Msg RX from 0:FFFFFFFB00000000 [0000] to 0000000000000000 --- Type 0001:09 (IM:InvokeCommandResponse) (B:70)[0m
[0;34m[1784654597.700] [5419:5421] [EM] Found matching exchange: 56690i, Delegate: 0x7407d00382d8[0m
[0;34m[1784654597.700] [5419:5421] [EM] Rxd Ack; Removing MessageCounter:183137432 from Retrans Table on exchange 56690i[0m
[0;34m[1784654597.700] [5419:5421] [DMG] ICR moving to [ResponseRe][0m
[0;34m[1784654597.700] [5419:5421] [DMG] InvokeResponseMessage =[0m
[0;34m[1784654597.700] [5419:5421] [DMG] {[0m
[0;34m[1784654597.700] [5419:5421] [DMG] 	suppressResponse = false, [0m
[0;34m[1784654597.700] [5419:5421] [DMG] 	InvokeResponseIBs =[0m
[0;34m[1784654597.700] [5419:5421] [DMG] 	[[0m
[0;34m[1784654597.700] [5419:5421] [DMG] 		InvokeResponseIB =[0m
[0;34m[1784654597.700] [5419:5421] [DMG] 		{[0m
[0;34m[1784654597.700] [5419:5421] [DMG] 			CommandDataIB =[0m
[0;34m[1784654597.700] [5419:5421] [DMG] 			{[0m
[0;34m[1784654597.700] [5419:5421] [DMG] 				CommandPathIB =[0m
[0;34m[1784654597.700] [5419:5421] [DMG] 				{[0m
[0;34m[1784654597.700] [5419:5421] [DMG] 					EndpointId = 0x0,[0m
[0;34m[1784654597.700] [5419:5421] [DMG] 					ClusterId = 0x30,[0m
[0;34m[1784654597.700] [5419:5421] [DMG] 					CommandId = 0x1,[0m
[0;34m[1784654597.700] [5419:5421] [DMG] 				},[0m
[0;34m[1784654597.700] [5419:5421] [DMG] 				[0m
[0;34m[1784654597.700] [5419:5421] [DMG] 				CommandFields = [0m
[0;34m[1784654597.700] [5419:5421] [DMG] 				{[0m
[0;34m[1784654597.700] [5419:5421] [DMG] 					0x0 = 0 (unsigned), [0m
[0;34m[1784654597.700] [5419:5421] [DMG] 					0x1 = "" (0 chars), [0m
[0;34m[1784654597.700] [5419:5421] [DMG] 				},[0m
[0;34m[1784654597.700] [5419:5421] [DMG] 			},[0m
[0;34m[1784654597.700] [5419:5421] [DMG] 			[0m
[0;34m[1784654597.700] [5419:5421] [DMG] 		},[0m
[0;34m[1784654597.700] [5419:5421] [DMG] 		[0m
[0;34m[1784654597.700] [5419:5421] [DMG] 	],[0m
[0;34m[1784654597.700] [5419:5421] [DMG] 	[0m
[0;34m[1784654597.700] [5419:5421] [DMG] 	InteractionModelRevision = 12[0m
[0;34m[1784654597.700] [5419:5421] [DMG] },[0m
[0;32m[1784654597.700] [5419:5421] [DMG] Received Command Response Data, Endpoint=0 Cluster=0x0000_0030 Command=0x0000_0001[0m
[0;32m[1784654597.700] [5419:5421] [CTL] Received ArmFailSafe response errorCode=0[0m
[0;32m[1784654597.700] [5419:5421] [CTL] Successfully finished commissioning step 'ArmFailSafe'[0m
[0;32m[1784654597.700] [5419:5421] [CTL] Commissioning stage next step: 'ArmFailSafe' -> 'ConfigRegulatory'[0m
[0;32m[1784654597.700] [5419:5421] [CTL] Performing next commissioning step 'ConfigRegulatory'[0m
[0;34m[1784654597.700] [5419:5421] [TOO] Starting commissioning stage 'ConfigRegulatory'[0m
[0;32m[1784654597.700] [5419:5421] [CTL] Setting Regulatory Config[0m
[0;32m[1784654597.700] [5419:5421] [CTL] No regulatory config supplied by controller, leaving as device default (0)[0m
[0;34m[1784654597.700] [5419:5421] [DMG] ICR moving to [AddingComm][0m
[0;34m[1784654597.700] [5419:5421] [DMG] ICR moving to [AddedComma][0m
[0;32m[1784654597.700] [5419:5421] [EM] <<< [E:56691i S:22390 M:183137434] (S) Msg TX from 0000000000000000 to 0:FFFFFFFB00000000 [0000] [UDP:[fe80::bfe:a203:38f0:bce7%enp0s3]:5540] --- Type 0001:08 (IM:InvokeCommandRequest) (B:70)[0m
[0;32m[1784654597.700] [5419:5421] [EM] ??1 [E:56691i S:22390 M:183137434] (S) Msg Retransmission to 0:FFFFFFFB00000000 scheduled for 347ms from now [State:Active II:500 AI:300 AT:4000][0m
[0;34m[1784654597.700] [5419:5421] [DMG] ICR moving to [AwaitingRe][0m
[0;34m[1784654597.700] [5419:5421] [DMG] ICR moving to [AwaitingDe][0m
[0;32m[1784654597.700] [5419:5421] [EM] <<< [E:56690i S:22390 M:183137435 (Ack:6999285)] (S) Msg TX from 0000000000000000 to 0:FFFFFFFB00000000 [0000] [UDP:[fe80::bfe:a203:38f0:bce7%enp0s3]:5540] --- Type 0000:10 (SecureChannel:StandaloneAck) (B:34)[0m
[0;34m[1784654597.700] [5419:5421] [EM] Flushed pending ack for MessageCounter:6999285 on exchange 56690i[0m
[0;32m[1784654597.706] [5419:5421] [EM] >>> [E:56691i S:22390 M:6999286 (Ack:183137434)] (S) Msg RX from 0:FFFFFFFB00000000 [0000] to 0000000000000000 --- Type 0001:09 (IM:InvokeCommandResponse) (B:70)[0m
[0;34m[1784654597.706] [5419:5421] [EM] Found matching exchange: 56691i, Delegate: 0x7407d0035088[0m
[0;34m[1784654597.706] [5419:5421] [EM] Rxd Ack; Removing MessageCounter:183137434 from Retrans Table on exchange 56691i[0m
[0;34m[1784654597.706] [5419:5421] [DMG] ICR moving to [ResponseRe][0m
[0;34m[1784654597.706] [5419:5421] [DMG] InvokeResponseMessage =[0m
[0;34m[1784654597.706] [5419:5421] [DMG] {[0m
[0;34m[1784654597.706] [5419:5421] [DMG] 	suppressResponse = false, [0m
[0;34m[1784654597.706] [5419:5421] [DMG] 	InvokeResponseIBs =[0m
[0;34m[1784654597.706] [5419:5421] [DMG] 	[[0m
[0;34m[1784654597.706] [5419:5421] [DMG] 		InvokeResponseIB =[0m
[0;34m[1784654597.706] [5419:5421] [DMG] 		{[0m
[0;34m[1784654597.706] [5419:5421] [DMG] 			CommandDataIB =[0m
[0;34m[1784654597.706] [5419:5421] [DMG] 			{[0m
[0;34m[1784654597.706] [5419:5421] [DMG] 				CommandPathIB =[0m
[0;34m[1784654597.706] [5419:5421] [DMG] 				{[0m
[0;34m[1784654597.706] [5419:5421] [DMG] 					EndpointId = 0x0,[0m
[0;34m[1784654597.706] [5419:5421] [DMG] 					ClusterId = 0x30,[0m
[0;34m[1784654597.706] [5419:5421] [DMG] 					CommandId = 0x3,[0m
[0;34m[1784654597.706] [5419:5421] [DMG] 				},[0m
[0;34m[1784654597.706] [5419:5421] [DMG] 				[0m
[0;34m[1784654597.706] [5419:5421] [DMG] 				CommandFields = [0m
[0;34m[1784654597.706] [5419:5421] [DMG] 				{[0m
[0;34m[1784654597.706] [5419:5421] [DMG] 					0x0 = 0 (unsigned), [0m
[0;34m[1784654597.706] [5419:5421] [DMG] 					0x1 = "" (0 chars), [0m
[0;34m[1784654597.706] [5419:5421] [DMG] 				},[0m
[0;34m[1784654597.706] [5419:5421] [DMG] 			},[0m
[0;34m[1784654597.706] [5419:5421] [DMG] 			[0m
[0;34m[1784654597.706] [5419:5421] [DMG] 		},[0m
[0;34m[1784654597.706] [5419:5421] [DMG] 		[0m
[0;34m[1784654597.706] [5419:5421] [DMG] 	],[0m
[0;34m[1784654597.706] [5419:5421] [DMG] 	[0m
[0;34m[1784654597.706] [5419:5421] [DMG] 	InteractionModelRevision = 12[0m
[0;34m[1784654597.706] [5419:5421] [DMG] },[0m
[0;32m[1784654597.706] [5419:5421] [DMG] Received Command Response Data, Endpoint=0 Cluster=0x0000_0030 Command=0x0000_0003[0m
[0;32m[1784654597.706] [5419:5421] [CTL] Received SetRegulatoryConfig response errorCode=0[0m
[0;32m[1784654597.706] [5419:5421] [CTL] Successfully finished commissioning step 'ConfigRegulatory'[0m
[0;32m[1784654597.706] [5419:5421] [CTL] Commissioning stage next step: 'ConfigRegulatory' -> 'ConfigureTCAcknowledgments'[0m
[0;32m[1784654597.706] [5419:5421] [CTL] Performing next commissioning step 'ConfigureTCAcknowledgments'[0m
[0;34m[1784654597.706] [5419:5421] [TOO] Starting commissioning stage 'ConfigureTCAcknowledgments'[0m
[0;32m[1784654597.706] [5419:5421] [CTL] Setting Terms and Conditions[0m
[0;32m[1784654597.706] [5419:5421] [CTL] Setting Terms and Conditions: Skipped[0m
[0;32m[1784654597.706] [5419:5421] [CTL] Successfully finished commissioning step 'ConfigureTCAcknowledgments'[0m
[0;32m[1784654597.706] [5419:5421] [CTL] Commissioning stage next step: 'ConfigureTCAcknowledgments' -> 'ConfigureUTCTime'[0m
[0;32m[1784654597.706] [5419:5421] [CTL] Performing next commissioning step 'ConfigureUTCTime'[0m
[0;34m[1784654597.706] [5419:5421] [TOO] Starting commissioning stage 'ConfigureUTCTime'[0m
[0;34m[1784654597.706] [5419:5421] [DMG] ICR moving to [AddingComm][0m
[0;34m[1784654597.706] [5419:5421] [DMG] ICR moving to [AddedComma][0m
[0;32m[1784654597.706] [5419:5421] [EM] <<< [E:56692i S:22390 M:183137436] (S) Msg TX from 0000000000000000 to 0:FFFFFFFB00000000 [0000] [UDP:[fe80::bfe:a203:38f0:bce7%enp0s3]:5540] --- Type 0001:08 (IM:InvokeCommandRequest) (B:72)[0m
[0;32m[1784654597.706] [5419:5421] [EM] ??1 [E:56692i S:22390 M:183137436] (S) Msg Retransmission to 0:FFFFFFFB00000000 scheduled for 355ms from now [State:Active II:500 AI:300 AT:4000][0m
[0;34m[1784654597.706] [5419:5421] [DMG] ICR moving to [AwaitingRe][0m
[0;34m[1784654597.706] [5419:5421] [DMG] ICR moving to [AwaitingDe][0m
[0;32m[1784654597.706] [5419:5421] [EM] <<< [E:56691i S:22390 M:183137437 (Ack:6999286)] (S) Msg TX from 0000000000000000 to 0:FFFFFFFB00000000 [0000] [UDP:[fe80::bfe:a203:38f0:bce7%enp0s3]:5540] --- Type 0000:10 (SecureChannel:StandaloneAck) (B:34)[0m
[0;34m[1784654597.706] [5419:5421] [EM] Flushed pending ack for MessageCounter:6999286 on exchange 56691i[0m
[0;32m[1784654597.706] [5419:5421] [EM] >>> [E:56692i S:22390 M:6999287 (Ack:183137436)] (S) Msg RX from 0:FFFFFFFB00000000 [0000] to 0000000000000000 --- Type 0001:09 (IM:InvokeCommandResponse) (B:70)[0m
[0;34m[1784654597.706] [5419:5421] [EM] Found matching exchange: 56692i, Delegate: 0x7407d00382d8[0m
[0;34m[1784654597.706] [5419:5421] [EM] Rxd Ack; Removing MessageCounter:183137436 from Retrans Table on exchange 56692i[0m
[0;34m[1784654597.706] [5419:5421] [DMG] ICR moving to [ResponseRe][0m
[0;34m[1784654597.706] [5419:5421] [DMG] InvokeResponseMessage =[0m
[0;34m[1784654597.706] [5419:5421] [DMG] {[0m
[0;34m[1784654597.706] [5419:5421] [DMG] 	suppressResponse = false, [0m
[0;34m[1784654597.706] [5419:5421] [DMG] 	InvokeResponseIBs =[0m
[0;34m[1784654597.706] [5419:5421] [DMG] 	[[0m
[0;34m[1784654597.706] [5419:5421] [DMG] 		InvokeResponseIB =[0m
[0;34m[1784654597.706] [5419:5421] [DMG] 		{[0m
[0;34m[1784654597.706] [5419:5421] [DMG] 			CommandStatusIB =[0m
[0;34m[1784654597.706] [5419:5421] [DMG] 			{[0m
[0;34m[1784654597.706] [5419:5421] [DMG] 				CommandPathIB =[0m
[0;34m[1784654597.706] [5419:5421] [DMG] 				{[0m
[0;34m[1784654597.706] [5419:5421] [DMG] 					EndpointId = 0x0,[0m
[0;34m[1784654597.706] [5419:5421] [DMG] 					ClusterId = 0x38,[0m
[0;34m[1784654597.706] [5419:5421] [DMG] 					CommandId = 0x0,[0m
[0;34m[1784654597.706] [5419:5421] [DMG] 				},[0m
[0;34m[1784654597.706] [5419:5421] [DMG] 				[0m
[0;34m[1784654597.706] [5419:5421] [DMG] 				StatusIB =[0m
[0;34m[1784654597.706] [5419:5421] [DMG] 				{[0m
[0;34m[1784654597.706] [5419:5421] [DMG] 					status = 0x01 (FAILURE),[0m
[0;34m[1784654597.706] [5419:5421] [DMG] 					cluster-status = 0x2,[0m
[0;34m[1784654597.706] [5419:5421] [DMG] 				},[0m
[0;34m[1784654597.706] [5419:5421] [DMG] 				[0m
[0;34m[1784654597.706] [5419:5421] [DMG] 			},[0m
[0;34m[1784654597.706] [5419:5421] [DMG] 			[0m
[0;34m[1784654597.706] [5419:5421] [DMG] 		},[0m
[0;34m[1784654597.706] [5419:5421] [DMG] 		[0m
[0;34m[1784654597.706] [5419:5421] [DMG] 	],[0m
[0;34m[1784654597.706] [5419:5421] [DMG] 	[0m
[0;34m[1784654597.706] [5419:5421] [DMG] 	InteractionModelRevision = 12[0m
[0;34m[1784654597.706] [5419:5421] [DMG] },[0m
[0;32m[1784654597.706] [5419:5421] [DMG] Received Command Response Status for Endpoint=0 Cluster=0x0000_0038 Command=0x0000_0000 Status=0x1[0m
[0;32m[1784654597.706] [5419:5421] [CTL] Successfully finished commissioning step 'ConfigureUTCTime'[0m
[0;32m[1784654597.706] [5419:5421] [CTL] Commissioning stage next step: 'ConfigureUTCTime' -> 'SendPAICertificateRequest'[0m
[0;32m[1784654597.706] [5419:5421] [CTL] Performing next commissioning step 'SendPAICertificateRequest'[0m
[0;34m[1784654597.706] [5419:5421] [TOO] Starting commissioning stage 'SendPAICertificateRequest'[0m
[0;32m[1784654597.706] [5419:5421] [CTL] Sending request for PAI certificate[0m
[0;34m[1784654597.706] [5419:5421] [CTL] Sending Certificate Chain request to 0x7407d0033e20 device[0m
[0;34m[1784654597.706] [5419:5421] [DMG] ICR moving to [AddingComm][0m
[0;34m[1784654597.706] [5419:5421] [DMG] ICR moving to [AddedComma][0m
[0;32m[1784654597.706] [5419:5421] [EM] <<< [E:56693i S:22390 M:183137438] (S) Msg TX from 0000000000000000 to 0:FFFFFFFB00000000 [0000] [UDP:[fe80::bfe:a203:38f0:bce7%enp0s3]:5540] --- Type 0001:08 (IM:InvokeCommandRequest) (B:62)[0m
[0;32m[1784654597.706] [5419:5421] [EM] ??1 [E:56693i S:22390 M:183137438] (S) Msg Retransmission to 0:FFFFFFFB00000000 scheduled for 341ms from now [State:Active II:500 AI:300 AT:4000][0m
[0;34m[1784654597.706] [5419:5421] [DMG] ICR moving to [AwaitingRe][0m
[0;34m[1784654597.707] [5419:5421] [DMG] ICR moving to [AwaitingDe][0m
[0;32m[1784654597.707] [5419:5421] [EM] <<< [E:56692i S:22390 M:183137439 (Ack:6999287)] (S) Msg TX from 0000000000000000 to 0:FFFFFFFB00000000 [0000] [UDP:[fe80::bfe:a203:38f0:bce7%enp0s3]:5540] --- Type 0000:10 (SecureChannel:StandaloneAck) (B:34)[0m
[0;34m[1784654597.707] [5419:5421] [EM] Flushed pending ack for MessageCounter:6999287 on exchange 56692i[0m
[0;32m[1784654597.707] [5419:5421] [EM] >>> [E:56693i S:22390 M:6999288 (Ack:183137438)] (S) Msg RX from 0:FFFFFFFB00000000 [0000] to 0000000000000000 --- Type 0001:09 (IM:InvokeCommandResponse) (B:531)[0m
[0;34m[1784654597.707] [5419:5421] [EM] Found matching exchange: 56693i, Delegate: 0x7407d0035088[0m
[0;34m[1784654597.707] [5419:5421] [EM] Rxd Ack; Removing MessageCounter:183137438 from Retrans Table on exchange 56693i[0m
[0;34m[1784654597.707] [5419:5421] [DMG] ICR moving to [ResponseRe][0m
[0;34m[1784654597.707] [5419:5421] [DMG] InvokeResponseMessage =[0m
[0;34m[1784654597.707] [5419:5421] [DMG] {[0m
[0;34m[1784654597.707] [5419:5421] [DMG] 	suppressResponse = false, [0m
[0;34m[1784654597.707] [5419:5421] [DMG] 	InvokeResponseIBs =[0m
[0;34m[1784654597.707] [5419:5421] [DMG] 	[[0m
[0;34m[1784654597.707] [5419:5421] [DMG] 		InvokeResponseIB =[0m
[0;34m[1784654597.707] [5419:5421] [DMG] 		{[0m
[0;34m[1784654597.707] [5419:5421] [DMG] 			CommandDataIB =[0m
[0;34m[1784654597.707] [5419:5421] [DMG] 			{[0m
[0;34m[1784654597.707] [5419:5421] [DMG] 				CommandPathIB =[0m
[0;34m[1784654597.707] [5419:5421] [DMG] 				{[0m
[0;34m[1784654597.707] [5419:5421] [DMG] 					EndpointId = 0x0,[0m
[0;34m[1784654597.707] [5419:5421] [DMG] 					ClusterId = 0x3e,[0m
[0;34m[1784654597.707] [5419:5421] [DMG] 					CommandId = 0x3,[0m
[0;34m[1784654597.707] [5419:5421] [DMG] 				},[0m
[0;34m[1784654597.707] [5419:5421] [DMG] 				[0m
[0;34m[1784654597.707] [5419:5421] [DMG] 				CommandFields = [0m
[0;34m[1784654597.707] [5419:5421] [DMG] 				{[0m
[0;34m[1784654597.707] [5419:5421] [DMG] 					0x0 = [[0m
[0;34m[1784654597.707] [5419:5421] [DMG] 							0x30, 0x82, 0x01, 0xcb, 0x30, 0x82, 0x01, 0x71, 0xa0, 0x03, 0x02, 0x01, 0x02, 0x02, 0x08, 0x56, 0xad, 0x82, 0x22, 0xad, 0x94, 0x5b, 0x64, 0x30, 0x0a, 0x06, 0x08, 0x2a, 0x86, 0x48, 0xce, 0x3d, 0x04, 0x03, 0x02, 0x30, 0x30, 0x31, 0x18, 0x30, 0x16, 0x06, 0x03, 0x55, 0x04, 0x03, 0x0c, 0x0f, 0x4d, 0x61, 0x74, 0x74, 0x65, 0x72, 0x20, 0x54, 0x65, 0x73, 0x74, 0x20, 0x50, 0x41, 0x41, 0x31, 0x14, 0x30, 0x12, 0x06, 0x0a, 0x2b, 0x06, 0x01, 0x04, 0x01, 0x82, 0xa2, 0x7c, 0x02, 0x01, 0x0c, 0x04, 0x46, 0x46, 0x46, 0x31, 0x30, 0x20, 0x17, 0x0d, 0x32, 0x32, 0x30, 0x32, 0x30, 0x35, 0x30, 0x30, 0x30, 0x30, 0x30, 0x30, 0x5a, 0x18, 0x0f, 0x39, 0x39, 0x39, 0x39, 0x31, 0x32, 0x33, 0x31, 0x32, 0x33, 0x35, 0x39, 0x35, 0x39, 0x5a, 0x30, 0x3d, 0x31, 0x25, 0x30, 0x23, 0x06, 0x03, 0x55, 0x04, 0x03, 0x0c, 0x1c, 0x4d, 0x61, 0x74, 0x74, 0x65, 0x72, 0x20, 0x44, 0x65, 0x76, 0x20, 0x50, 0x41, 0x49, 0x20, 0x30, 0x78, 0x46, 0x46, 0x46, 0x31, 0x20, 0x6e, 0x6f, 0x20, 0x50, 0x49, 0x44, 0x31, 0x14, 0x30, 0x12, 0x06, 0x0a, 0x2b, 0x06, 0x01, 0x04, 0x01, 0x82, 0xa2, 0x7c, 0x02, 0x01, 0x0c, 0x04, 0x46, 0x46, 0x46, 0x31, 0x30, 0x59, 0x30, 0x13, 0x06, 0x07, 0x2a, 0x86, 0x48, 0xce, 0x3d, 0x02, 0x01, 0x06, 0x08, 0x2a, 0x86, 0x48, 0xce, 0x3d, 0x03, 0x01, 0x07, 0x03, 0x42, 0x00, 0x04, 0x41, 0x9a, 0x93, 0x15, 0xc2, 0x17, 0x3e, 0x0c, 0x8c, 0x87, 0x6d, 0x03, 0xcc, 0xfc, 0x94, 0x48, 0x52, 0x64, 0x7f, 0x7f, 0xec, 0x5e, 0x50, 0x82, 0xf4, 0x05, 0x99, 0x28, 0xec, 0xa8, 0x94, 0xc5, 0x94, 0x15, 0x13, 0x09, 0xac, 0x63, 0x1e, 0x4c, 0xb0, 0x33, 0x92, 0xaf, 0x68, 0x4b, 0x0b, 0xaf, 0xb7, 0xe6, 0x5b, 0x3b, 0x81, 0x62, 0xc2, 0xf5, 0x2b, 0xf9, 0x31, 0xb8, 0xe7, 0x7a, 0xaa, 0x82, 0xa3, 0x66, 0x30, 0x64, 0x30, 0x12, 0x06, 0x03, 0x55, 0x1d, 0x[0m
[0;34m[1784654597.707] [5419:5421] [DMG] 					] (463 bytes)[0m
[0;34m[1784654597.707] [5419:5421] [DMG] 				},[0m
[0;34m[1784654597.707] [5419:5421] [DMG] 			},[0m
[0;34m[1784654597.707] [5419:5421] [DMG] 			[0m
[0;34m[1784654597.707] [5419:5421] [DMG] 		},[0m
[0;34m[1784654597.707] [5419:5421] [DMG] 		[0m
[0;34m[1784654597.707] [5419:5421] [DMG] 	],[0m
[0;34m[1784654597.707] [5419:5421] [DMG] 	[0m
[0;34m[1784654597.707] [5419:5421] [DMG] 	InteractionModelRevision = 12[0m
[0;34m[1784654597.707] [5419:5421] [DMG] },[0m
[0;32m[1784654597.707] [5419:5421] [DMG] Received Command Response Data, Endpoint=0 Cluster=0x0000_003E Command=0x0000_0003[0m
[0;32m[1784654597.707] [5419:5421] [CTL] Received certificate chain from the device[0m
[0;32m[1784654597.707] [5419:5421] [CTL] Successfully finished commissioning step 'SendPAICertificateRequest'[0m
[0;32m[1784654597.707] [5419:5421] [CTL] Commissioning stage next step: 'SendPAICertificateRequest' -> 'SendDACCertificateRequest'[0m
[0;32m[1784654597.707] [5419:5421] [CTL] Performing next commissioning step 'SendDACCertificateRequest'[0m
[0;34m[1784654597.707] [5419:5421] [TOO] Starting commissioning stage 'SendDACCertificateRequest'[0m
[0;32m[1784654597.707] [5419:5421] [CTL] Sending request for DAC certificate[0m
[0;34m[1784654597.707] [5419:5421] [CTL] Sending Certificate Chain request to 0x7407d0033e20 device[0m
[0;34m[1784654597.707] [5419:5421] [DMG] ICR moving to [AddingComm][0m
[0;34m[1784654597.707] [5419:5421] [DMG] ICR moving to [AddedComma][0m
[0;32m[1784654597.707] [5419:5421] [EM] <<< [E:56694i S:22390 M:183137440] (S) Msg TX from 0000000000000000 to 0:FFFFFFFB00000000 [0000] [UDP:[fe80::bfe:a203:38f0:bce7%enp0s3]:5540] --- Type 0001:08 (IM:InvokeCommandRequest) (B:62)[0m
[0;32m[1784654597.707] [5419:5421] [EM] ??1 [E:56694i S:22390 M:183137440] (S) Msg Retransmission to 0:FFFFFFFB00000000 scheduled for 402ms from now [State:Active II:500 AI:300 AT:4000][0m
[0;34m[1784654597.707] [5419:5421] [DMG] ICR moving to [AwaitingRe][0m
[0;34m[1784654597.707] [5419:5421] [DMG] ICR moving to [AwaitingDe][0m
[0;32m[1784654597.707] [5419:5421] [EM] <<< [E:56693i S:22390 M:183137441 (Ack:6999288)] (S) Msg TX from 0000000000000000 to 0:FFFFFFFB00000000 [0000] [UDP:[fe80::bfe:a203:38f0:bce7%enp0s3]:5540] --- Type 0000:10 (SecureChannel:StandaloneAck) (B:34)[0m
[0;34m[1784654597.707] [5419:5421] [EM] Flushed pending ack for MessageCounter:6999288 on exchange 56693i[0m
[0;32m[1784654597.708] [5419:5421] [EM] >>> [E:56694i S:22390 M:6999289 (Ack:183137440)] (S) Msg RX from 0:FFFFFFFB00000000 [0000] to 0000000000000000 --- Type 0001:09 (IM:InvokeCommandResponse) (B:559)[0m
[0;34m[1784654597.708] [5419:5421] [EM] Found matching exchange: 56694i, Delegate: 0x7407d00382d8[0m
[0;34m[1784654597.708] [5419:5421] [EM] Rxd Ack; Removing MessageCounter:183137440 from Retrans Table on exchange 56694i[0m
[0;34m[1784654597.708] [5419:5421] [DMG] ICR moving to [ResponseRe][0m
[0;34m[1784654597.708] [5419:5421] [DMG] InvokeResponseMessage =[0m
[0;34m[1784654597.708] [5419:5421] [DMG] {[0m
[0;34m[1784654597.708] [5419:5421] [DMG] 	suppressResponse = false, [0m
[0;34m[1784654597.708] [5419:5421] [DMG] 	InvokeResponseIBs =[0m
[0;34m[1784654597.708] [5419:5421] [DMG] 	[[0m
[0;34m[1784654597.708] [5419:5421] [DMG] 		InvokeResponseIB =[0m
[0;34m[1784654597.708] [5419:5421] [DMG] 		{[0m
[0;34m[1784654597.708] [5419:5421] [DMG] 			CommandDataIB =[0m
[0;34m[1784654597.708] [5419:5421] [DMG] 			{[0m
[0;34m[1784654597.708] [5419:5421] [DMG] 				CommandPathIB =[0m
[0;34m[1784654597.708] [5419:5421] [DMG] 				{[0m
[0;34m[1784654597.708] [5419:5421] [DMG] 					EndpointId = 0x0,[0m
[0;34m[1784654597.708] [5419:5421] [DMG] 					ClusterId = 0x3e,[0m
[0;34m[1784654597.708] [5419:5421] [DMG] 					CommandId = 0x3,[0m
[0;34m[1784654597.708] [5419:5421] [DMG] 				},[0m
[0;34m[1784654597.708] [5419:5421] [DMG] 				[0m
[0;34m[1784654597.708] [5419:5421] [DMG] 				CommandFields = [0m
[0;34m[1784654597.708] [5419:5421] [DMG] 				{[0m
[0;34m[1784654597.708] [5419:5421] [DMG] 					0x0 = [[0m
[0;34m[1784654597.708] [5419:5421] [DMG] 							0x30, 0x82, 0x01, 0xe7, 0x30, 0x82, 0x01, 0x8e, 0xa0, 0x03, 0x02, 0x01, 0x02, 0x02, 0x08, 0x69, 0xcd, 0xf1, 0x0d, 0xe9, 0xe5, 0x4e, 0xd1, 0x30, 0x0a, 0x06, 0x08, 0x2a, 0x86, 0x48, 0xce, 0x3d, 0x04, 0x03, 0x02, 0x30, 0x3d, 0x31, 0x25, 0x30, 0x23, 0x06, 0x03, 0x55, 0x04, 0x03, 0x0c, 0x1c, 0x4d, 0x61, 0x74, 0x74, 0x65, 0x72, 0x20, 0x44, 0x65, 0x76, 0x20, 0x50, 0x41, 0x49, 0x20, 0x30, 0x78, 0x46, 0x46, 0x46, 0x31, 0x20, 0x6e, 0x6f, 0x20, 0x50, 0x49, 0x44, 0x31, 0x14, 0x30, 0x12, 0x06, 0x0a, 0x2b, 0x06, 0x01, 0x04, 0x01, 0x82, 0xa2, 0x7c, 0x02, 0x01, 0x0c, 0x04, 0x46, 0x46, 0x46, 0x31, 0x30, 0x20, 0x17, 0x0d, 0x32, 0x32, 0x30, 0x32, 0x30, 0x35, 0x30, 0x30, 0x30, 0x30, 0x30, 0x30, 0x5a, 0x18, 0x0f, 0x39, 0x39, 0x39, 0x39, 0x31, 0x32, 0x33, 0x31, 0x32, 0x33, 0x35, 0x39, 0x35, 0x39, 0x5a, 0x30, 0x53, 0x31, 0x25, 0x30, 0x23, 0x06, 0x03, 0x55, 0x04, 0x03, 0x0c, 0x1c, 0x4d, 0x61, 0x74, 0x74, 0x65, 0x72, 0x20, 0x44, 0x65, 0x76, 0x20, 0x44, 0x41, 0x43, 0x20, 0x30, 0x78, 0x46, 0x46, 0x46, 0x31, 0x2f, 0x30, 0x78, 0x38, 0x30, 0x30, 0x31, 0x31, 0x14, 0x30, 0x12, 0x06, 0x0a, 0x2b, 0x06, 0x01, 0x04, 0x01, 0x82, 0xa2, 0x7c, 0x02, 0x01, 0x0c, 0x04, 0x46, 0x46, 0x46, 0x31, 0x31, 0x14, 0x30, 0x12, 0x06, 0x0a, 0x2b, 0x06, 0x01, 0x04, 0x01, 0x82, 0xa2, 0x7c, 0x02, 0x02, 0x0c, 0x04, 0x38, 0x30, 0x30, 0x31, 0x30, 0x59, 0x30, 0x13, 0x06, 0x07, 0x2a, 0x86, 0x48, 0xce, 0x3d, 0x02, 0x01, 0x06, 0x08, 0x2a, 0x86, 0x48, 0xce, 0x3d, 0x03, 0x01, 0x07, 0x03, 0x42, 0x00, 0x04, 0x46, 0x3a, 0xc6, 0x93, 0x42, 0x91, 0x0a, 0x0e, 0x55, 0x88, 0xfc, 0x6f, 0xf5, 0x6b, 0xb6, 0x3e, 0x62, 0xec, 0xce, 0xcb, 0x14, 0x8f, 0x7d, 0x4e, 0xb0, 0x3e, 0xe5, 0x52, 0x60, 0x14, 0x15, 0x76, 0x7d, 0x16, 0xa5, 0xc6, 0x63, 0xf7, 0x93, 0x[0m
[0;34m[1784654597.708] [5419:5421] [DMG] 					] (491 bytes)[0m
[0;34m[1784654597.708] [5419:5421] [DMG] 				},[0m
[0;34m[1784654597.708] [5419:5421] [DMG] 			},[0m
[0;34m[1784654597.708] [5419:5421] [DMG] 			[0m
[0;34m[1784654597.708] [5419:5421] [DMG] 		},[0m
[0;34m[1784654597.708] [5419:5421] [DMG] 		[0m
[0;34m[1784654597.708] [5419:5421] [DMG] 	],[0m
[0;34m[1784654597.708] [5419:5421] [DMG] 	[0m
[0;34m[1784654597.708] [5419:5421] [DMG] 	InteractionModelRevision = 12[0m
[0;34m[1784654597.708] [5419:5421] [DMG] },[0m
[0;32m[1784654597.708] [5419:5421] [DMG] Received Command Response Data, Endpoint=0 Cluster=0x0000_003E Command=0x0000_0003[0m
[0;32m[1784654597.708] [5419:5421] [CTL] Received certificate chain from the device[0m
[0;32m[1784654597.708] [5419:5421] [CTL] Successfully finished commissioning step 'SendDACCertificateRequest'[0m
[0;32m[1784654597.708] [5419:5421] [CTL] Commissioning stage next step: 'SendDACCertificateRequest' -> 'SendAttestationRequest'[0m
[0;32m[1784654597.708] [5419:5421] [CTL] Performing next commissioning step 'SendAttestationRequest'[0m
[0;34m[1784654597.708] [5419:5421] [TOO] Starting commissioning stage 'SendAttestationRequest'[0m
[0;32m[1784654597.708] [5419:5421] [CTL] Sending Attestation Request to the device.[0m
[0;34m[1784654597.708] [5419:5421] [CTL] Sending Attestation request to 0x7407d0033e20 device[0m
[0;34m[1784654597.708] [5419:5421] [DMG] ICR moving to [AddingComm][0m
[0;34m[1784654597.708] [5419:5421] [DMG] ICR moving to [AddedComma][0m
[0;32m[1784654597.708] [5419:5421] [EM] <<< [E:56695i S:22390 M:183137442] (S) Msg TX from 0000000000000000 to 0:FFFFFFFB00000000 [0000] [UDP:[fe80::bfe:a203:38f0:bce7%enp0s3]:5540] --- Type 0001:08 (IM:InvokeCommandRequest) (B:94)[0m
[0;32m[1784654597.708] [5419:5421] [EM] ??1 [E:56695i S:22390 M:183137442] (S) Msg Retransmission to 0:FFFFFFFB00000000 scheduled for 337ms from now [State:Active II:500 AI:300 AT:4000][0m
[0;34m[1784654597.708] [5419:5421] [DMG] ICR moving to [AwaitingRe][0m
[0;34m[1784654597.708] [5419:5421] [CTL] Sent Attestation request, waiting for the Attestation Information[0m
[0;34m[1784654597.708] [5419:5421] [DMG] ICR moving to [AwaitingDe][0m
[0;32m[1784654597.708] [5419:5421] [EM] <<< [E:56694i S:22390 M:183137443 (Ack:6999289)] (S) Msg TX from 0000000000000000 to 0:FFFFFFFB00000000 [0000] [UDP:[fe80::bfe:a203:38f0:bce7%enp0s3]:5540] --- Type 0000:10 (SecureChannel:StandaloneAck) (B:34)[0m
[0;34m[1784654597.708] [5419:5421] [EM] Flushed pending ack for MessageCounter:6999289 on exchange 56694i[0m
[0;32m[1784654597.708] [5419:5421] [EM] >>> [E:56695i S:22390 M:6999290 (Ack:183137442)] (S) Msg RX from 0:FFFFFFFB00000000 [0000] to 0000000000000000 --- Type 0001:09 (IM:InvokeCommandResponse) (B:718)[0m
[0;34m[1784654597.708] [5419:5421] [EM] Found matching exchange: 56695i, Delegate: 0x7407d0035088[0m
[0;34m[1784654597.708] [5419:5421] [EM] Rxd Ack; Removing MessageCounter:183137442 from Retrans Table on exchange 56695i[0m
[0;34m[1784654597.708] [5419:5421] [DMG] ICR moving to [ResponseRe][0m
[0;34m[1784654597.708] [5419:5421] [DMG] InvokeResponseMessage =[0m
[0;34m[1784654597.708] [5419:5421] [DMG] {[0m
[0;34m[1784654597.708] [5419:5421] [DMG] 	suppressResponse = false, [0m
[0;34m[1784654597.708] [5419:5421] [DMG] 	InvokeResponseIBs =[0m
[0;34m[1784654597.708] [5419:5421] [DMG] 	[[0m
[0;34m[1784654597.708] [5419:5421] [DMG] 		InvokeResponseIB =[0m
[0;34m[1784654597.708] [5419:5421] [DMG] 		{[0m
[0;34m[1784654597.708] [5419:5421] [DMG] 			CommandDataIB =[0m
[0;34m[1784654597.708] [5419:5421] [DMG] 			{[0m
[0;34m[1784654597.708] [5419:5421] [DMG] 				CommandPathIB =[0m
[0;34m[1784654597.708] [5419:5421] [DMG] 				{[0m
[0;34m[1784654597.708] [5419:5421] [DMG] 					EndpointId = 0x0,[0m
[0;34m[1784654597.708] [5419:5421] [DMG] 					ClusterId = 0x3e,[0m
[0;34m[1784654597.708] [5419:5421] [DMG] 					CommandId = 0x1,[0m
[0;34m[1784654597.708] [5419:5421] [DMG] 				},[0m
[0;34m[1784654597.708] [5419:5421] [DMG] 				[0m
[0;34m[1784654597.708] [5419:5421] [DMG] 				CommandFields = [0m
[0;34m[1784654597.708] [5419:5421] [DMG] 				{[0m
[0;34m[1784654597.708] [5419:5421] [DMG] 					0x0 = [[0m
[0;34m[1784654597.708] [5419:5421] [DMG] 							0x15, 0x31, 0x01, 0x1b, 0x02, 0x30, 0x82, 0x02, 0x17, 0x06, 0x09, 0x2a, 0x86, 0x48, 0x86, 0xf7, 0x0d, 0x01, 0x07, 0x02, 0xa0, 0x82, 0x02, 0x08, 0x30, 0x82, 0x02, 0x04, 0x02, 0x01, 0x03, 0x31, 0x0d, 0x30, 0x0b, 0x06, 0x09, 0x60, 0x86, 0x48, 0x01, 0x65, 0x03, 0x04, 0x02, 0x01, 0x30, 0x82, 0x01, 0x70, 0x06, 0x09, 0x2a, 0x86, 0x48, 0x86, 0xf7, 0x0d, 0x01, 0x07, 0x01, 0xa0, 0x82, 0x01, 0x61, 0x04, 0x82, 0x01, 0x5d, 0x15, 0x24, 0x00, 0x01, 0x25, 0x01, 0xf1, 0xff, 0x36, 0x02, 0x05, 0x00, 0x80, 0x05, 0x01, 0x80, 0x05, 0x02, 0x80, 0x05, 0x03, 0x80, 0x05, 0x04, 0x80, 0x05, 0x05, 0x80, 0x05, 0x06, 0x80, 0x05, 0x07, 0x80, 0x05, 0x08, 0x80, 0x05, 0x09, 0x80, 0x05, 0x0a, 0x80, 0x05, 0x0b, 0x80, 0x05, 0x0c, 0x80, 0x05, 0x0d, 0x80, 0x05, 0x0e, 0x80, 0x05, 0x0f, 0x80, 0x05, 0x10, 0x80, 0x05, 0x11, 0x80, 0x05, 0x12, 0x80, 0x05, 0x13, 0x80, 0x05, 0x14, 0x80, 0x05, 0x15, 0x80, 0x05, 0x16, 0x80, 0x05, 0x17, 0x80, 0x05, 0x18, 0x80, 0x05, 0x19, 0x80, 0x05, 0x1a, 0x80, 0x05, 0x1b, 0x80, 0x05, 0x1c, 0x80, 0x05, 0x1d, 0x80, 0x05, 0x1e, 0x80, 0x05, 0x1f, 0x80, 0x05, 0x20, 0x80, 0x05, 0x21, 0x80, 0x05, 0x22, 0x80, 0x05, 0x23, 0x80, 0x05, 0x24, 0x80, 0x05, 0x25, 0x80, 0x05, 0x26, 0x80, 0x05, 0x27, 0x80, 0x05, 0x28, 0x80, 0x05, 0x29, 0x80, 0x05, 0x2a, 0x80, 0x05, 0x2b, 0x80, 0x05, 0x2c, 0x80, 0x05, 0x2d, 0x80, 0x05, 0x2e, 0x80, 0x05, 0x2f, 0x80, 0x05, 0x30, 0x80, 0x05, 0x31, 0x80, 0x05, 0x32, 0x80, 0x05, 0x33, 0x80, 0x05, 0x34, 0x80, 0x05, 0x35, 0x80, 0x05, 0x36, 0x80, 0x05, 0x37, 0x80, 0x05, 0x38, 0x80, 0x05, 0x39, 0x80, 0x05, 0x3a, 0x80, 0x05, 0x3b, 0x80, 0x05, 0x3c, 0x80, 0x05, 0x3d, 0x80, 0x05, 0x3e, 0x80, 0x05, 0x3f, 0x80, 0x05, 0x40, 0x80, 0x05, 0x41, 0x80, 0x05, 0x42, 0x80, 0x05, 0x43, 0x80, 0x[0m
[0;34m[1784654597.708] [5419:5421] [DMG] 					] (583 bytes)[0m
[0;34m[1784654597.708] [5419:5421] [DMG] 					0x1 = [[0m
[0;34m[1784654597.708] [5419:5421] [DMG] 							0xcc, 0x8a, 0x6f, 0xf9, 0xa8, 0xb4, 0xaf, 0x0a, 0xff, 0xe8, 0xce, 0xbc, 0xaf, 0x19, 0xb5, 0x68, 0x97, 0x4a, 0xd0, 0xf9, 0x96, 0x4d, 0x35, 0xe5, 0xc1, 0x91, 0xb0, 0x6c, 0xd8, 0xac, 0x3c, 0x87, 0x50, 0x06, 0xb1, 0x09, 0xf7, 0x16, 0xa6, 0x21, 0xc3, 0xdd, 0x6b, 0xbd, 0x89, 0x27, 0x4e, 0x70, 0xe7, 0x3d, 0x24, 0xd6, 0x01, 0x02, 0xc7, 0xfc, 0x8e, 0x77, 0xd6, 0x00, 0x6d, 0x24, 0x50, 0x64, [0m
[0;34m[1784654597.708] [5419:5421] [DMG] 					] (64 bytes)[0m
[0;34m[1784654597.708] [5419:5421] [DMG] 				},[0m
[0;34m[1784654597.708] [5419:5421] [DMG] 			},[0m
[0;34m[1784654597.708] [5419:5421] [DMG] 			[0m
[0;34m[1784654597.708] [5419:5421] [DMG] 		},[0m
[0;34m[1784654597.708] [5419:5421] [DMG] 		[0m
[0;34m[1784654597.708] [5419:5421] [DMG] 	],[0m
[0;34m[1784654597.708] [5419:5421] [DMG] 	[0m
[0;34m[1784654597.708] [5419:5421] [DMG] 	InteractionModelRevision = 12[0m
[0;34m[1784654597.708] [5419:5421] [DMG] },[0m
[0;32m[1784654597.708] [5419:5421] [DMG] Received Command Response Data, Endpoint=0 Cluster=0x0000_003E Command=0x0000_0001[0m
[0;32m[1784654597.708] [5419:5421] [CTL] Received Attestation Information from the device[0m
[0;32m[1784654597.708] [5419:5421] [CTL] Successfully finished commissioning step 'SendAttestationRequest'[0m
[0;34m[1784654597.708] [5419:5421] [CTL] AutoCommissioner setting attestationElements buffer size 583/583[0m
[0;32m[1784654597.708] [5419:5421] [CTL] Commissioning stage next step: 'SendAttestationRequest' -> 'AttestationVerification'[0m
[0;32m[1784654597.708] [5419:5421] [CTL] Performing next commissioning step 'AttestationVerification'[0m
[0;34m[1784654597.708] [5419:5421] [TOO] Starting commissioning stage 'AttestationVerification'[0m
[0;32m[1784654597.708] [5419:5421] [CTL] Verifying Device Attestation information received from the device[0m
[0;32m[1784654597.711] [5419:5421] [-] Device candidate DAC chain details:[0m
[0;32m[1784654597.711] [5419:5421] [-] --> DAC's VID: 0xFFF1, PID: 0x8001[0m
[0;32m[1784654597.711] [5419:5421] [-] ==== DAC certificate considered (491 bytes) ====[0m
[0;32m[1784654597.711] [5419:5421] [-] -----BEGIN CERTIFICATE-----[0m
[0;32m[1784654597.711] [5419:5421] [-] MIIB5zCCAY6gAwIBAgIIac3xDenlTtEwCgYIKoZIzj0EAwIwPTElMCMGA1UEAwwc[0m
[0;32m[1784654597.711] [5419:5421] [-] TWF0dGVyIERldiBQQUkgMHhGRkYxIG5vIFBJRDEUMBIGCisGAQQBgqJ8AgEMBEZG[0m
[0;32m[1784654597.711] [5419:5421] [-] RjEwIBcNMjIwMjA1MDAwMDAwWhgPOTk5OTEyMzEyMzU5NTlaMFMxJTAjBgNVBAMM[0m
[0;32m[1784654597.711] [5419:5421] [-] HE1hdHRlciBEZXYgREFDIDB4RkZGMS8weDgwMDExFDASBgorBgEEAYKifAIBDARG[0m
[0;32m[1784654597.711] [5419:5421] [-] RkYxMRQwEgYKKwYBBAGConwCAgwEODAwMTBZMBMGByqGSM49AgEGCCqGSM49AwEH[0m
[0;32m[1784654597.711] [5419:5421] [-] A0IABEY6xpNCkQoOVYj8b/Vrtj5i7M7LFI99TrA+5VJgFBV2fRalxmP3k+SRIyYL[0m
[0;32m[1784654597.711] [5419:5421] [-] gpenzX58/HsxaznZjpDSk3dzjoKjYDBeMAwGA1UdEwEB/wQCMAAwDgYDVR0PAQH/[0m
[0;32m[1784654597.711] [5419:5421] [-] BAQDAgeAMB0GA1UdDgQWBBSI3eezADgpMs/3NMBGJIEPRBaKbzAfBgNVHSMEGDAW[0m
[0;32m[1784654597.711] [5419:5421] [-] gBRjVA5H9kscONE4hKRi0WwZXY/7PDAKBggqhkjOPQQDAgNHADBEAiABJ6J7S0Rh[0m
[0;32m[1784654597.711] [5419:5421] [-] DuL83E0reIVWNmC8D3bxchntagjfsrPBzQIga1ngr0Xz6yqFuRnTVzFSjGAoxBUj[0m
[0;32m[1784654597.711] [5419:5421] [-] lUXhCOTlTnCXE1M=[0m
[0;32m[1784654597.711] [5419:5421] [-] -----END CERTIFICATE-----[0m
[0;32m[1784654597.711] [5419:5421] [-] --> DAC certificate SKID: 88:DD:E7:B3:00:38:29:32:CF:F7:34:C0:46:24:81:0F:44:16:8A:6F[0m
[0;32m[1784654597.712] [5419:5421] [-] --> DAC certificate AKID: 63:54:0E:47:F6:4B:1C:38:D1:38:84:A4:62:D1:6C:19:5D:8F:FB:3C[0m
[0;32m[1784654597.712] [5419:5421] [-] ==== PAI certificate considered (463 bytes) ====[0m
[0;32m[1784654597.712] [5419:5421] [-] -----BEGIN CERTIFICATE-----[0m
[0;32m[1784654597.712] [5419:5421] [-] MIIByzCCAXGgAwIBAgIIVq2CIq2UW2QwCgYIKoZIzj0EAwIwMDEYMBYGA1UEAwwP[0m
[0;32m[1784654597.712] [5419:5421] [-] TWF0dGVyIFRlc3QgUEFBMRQwEgYKKwYBBAGConwCAQwERkZGMTAgFw0yMjAyMDUw[0m
[0;32m[1784654597.712] [5419:5421] [-] MDAwMDBaGA85OTk5MTIzMTIzNTk1OVowPTElMCMGA1UEAwwcTWF0dGVyIERldiBQ[0m
[0;32m[1784654597.712] [5419:5421] [-] QUkgMHhGRkYxIG5vIFBJRDEUMBIGCisGAQQBgqJ8AgEMBEZGRjEwWTATBgcqhkjO[0m
[0;32m[1784654597.712] [5419:5421] [-] PQIBBggqhkjOPQMBBwNCAARBmpMVwhc+DIyHbQPM/JRIUmR/f+xeUIL0BZko7KiU[0m
[0;32m[1784654597.712] [5419:5421] [-] xZQVEwmsYx5MsDOSr2hLC6+35ls7gWLC9Sv5MbjneqqCo2YwZDASBgNVHRMBAf8E[0m
[0;32m[1784654597.712] [5419:5421] [-] CDAGAQH/AgEAMA4GA1UdDwEB/wQEAwIBBjAdBgNVHQ4EFgQUY1QOR/ZLHDjROISk[0m
[0;32m[1784654597.712] [5419:5421] [-] YtFsGV2P+zwwHwYDVR0jBBgwFoAUav0idx9RH+y/FkGXZxDc3DGhcX4wCgYIKoZI[0m
[0;32m[1784654597.712] [5419:5421] [-] zj0EAwIDSAAwRQIhALLvJ/Sa6bUPuR7qyUxNC9u415KcbLiPrOUpNo0SBUwMAiBl[0m
[0;32m[1784654597.712] [5419:5421] [-] Xckrhr2QmIKmxiF3uCXX0F7b58Ivn+pxIg5+pwP4kQ==[0m
[0;32m[1784654597.712] [5419:5421] [-] -----END CERTIFICATE-----[0m
[0;32m[1784654597.712] [5419:5421] [-] --> PAI certificate SKID: 63:54:0E:47:F6:4B:1C:38:D1:38:84:A4:62:D1:6C:19:5D:8F:FB:3C[0m
[0;32m[1784654597.712] [5419:5421] [-] --> PAI certificate AKID: 6A:FD:22:77:1F:51:1F:EC:BF:16:41:97:67:10:DC:DC:31:A1:71:7E[0m
[0;32m[1784654597.713] [5419:5421] [-] ==== PAA certificate considered (449 bytes) ====[0m
[0;32m[1784654597.713] [5419:5421] [-] -----BEGIN CERTIFICATE-----[0m
[0;32m[1784654597.713] [5419:5421] [-] MIIBvTCCAWSgAwIBAgIITqjoMYLUHBwwCgYIKoZIzj0EAwIwMDEYMBYGA1UEAwwP[0m
[0;32m[1784654597.713] [5419:5421] [-] TWF0dGVyIFRlc3QgUEFBMRQwEgYKKwYBBAGConwCAQwERkZGMTAgFw0yMTA2Mjgx[0m
[0;32m[1784654597.713] [5419:5421] [-] NDIzNDNaGA85OTk5MTIzMTIzNTk1OVowMDEYMBYGA1UEAwwPTWF0dGVyIFRlc3Qg[0m
[0;32m[1784654597.713] [5419:5421] [-] UEFBMRQwEgYKKwYBBAGConwCAQwERkZGMTBZMBMGByqGSM49AgEGCCqGSM49AwEH[0m
[0;32m[1784654597.713] [5419:5421] [-] A0IABLbLY3KIfyko9brIGqnZOuJDHK2p154kL2UXfvnO2TKijs0Duq9qj8oYShpQ[0m
[0;32m[1784654597.713] [5419:5421] [-] NUKWDUU/MD8fGUIddR6Pjxqam3WjZjBkMBIGA1UdEwEB/wQIMAYBAf8CAQEwDgYD[0m
[0;32m[1784654597.713] [5419:5421] [-] VR0PAQH/BAQDAgEGMB0GA1UdDgQWBBRq/SJ3H1Ef7L8WQZdnENzcMaFxfjAfBgNV[0m
[0;32m[1784654597.713] [5419:5421] [-] HSMEGDAWgBRq/SJ3H1Ef7L8WQZdnENzcMaFxfjAKBggqhkjOPQQDAgNHADBEAiBQ[0m
[0;32m[1784654597.713] [5419:5421] [-] qoAC9NkyqaAFOPZTaK0P/8jvu8m+t9pWmDXPmqdRDgIgI7rI/g8j51RFtlM5CBpH[0m
[0;32m[1784654597.713] [5419:5421] [-] mUkpxyqvChVI1A0DTVFLJd4=[0m
[0;32m[1784654597.713] [5419:5421] [-] -----END CERTIFICATE-----[0m
[0;32m[1784654597.714] [5419:5421] [-] --> PAA certificate SKID: 6A:FD:22:77:1F:51:1F:EC:BF:16:41:97:67:10:DC:DC:31:A1:71:7E[0m
[0;32m[1784654597.714] [5419:5421] [-] --> PAA certificate AKID: 6A:FD:22:77:1F:51:1F:EC:BF:16:41:97:67:10:DC:DC:31:A1:71:7E[0m
[0;32m[1784654597.716] [5419:5421] [-] CD signing key identifier: FE:34:3F:95:99:47:76:3B:61:EE:45:39:13:13:38:49:4F:E6:7D:8E[0m
[0;32m[1784654597.716] [5419:5421] [-] Certification type 0[0m
[0;32m[1784654597.716] [5419:5421] [-] Device certification declaration details:[0m
[0;32m[1784654597.716] [5419:5421] [-] --> VID: 0xFFF1[0m
[0;32m[1784654597.716] [5419:5421] [-] --> Device type ID: 0x0000_0016[0m
[0;32m[1784654597.716] [5419:5421] [-] --> Certification type: 0 (Development and testing)[0m
[0;32m[1784654597.716] [5419:5421] [CTL] Successfully finished commissioning step 'AttestationVerification'[0m
[0;32m[1784654597.716] [5419:5421] [CTL] Commissioning stage next step: 'AttestationVerification' -> 'AttestationRevocationCheck'[0m
[0;32m[1784654597.716] [5419:5421] [CTL] Performing next commissioning step 'AttestationRevocationCheck'[0m
[0;34m[1784654597.716] [5419:5421] [TOO] Starting commissioning stage 'AttestationRevocationCheck'[0m
[0;32m[1784654597.716] [5419:5421] [CTL] Verifying the device's DAC chain revocation status[0m
[0;32m[1784654597.716] [5419:5421] [-] WARNING: No revocation delegate available. Revocation checks will be skipped![0m
[0;32m[1784654597.716] [5419:5421] [CTL] Successfully validated 'Attestation Information' command received from the device.[0m
[0;32m[1784654597.716] [5419:5421] [CTL] Successfully finished commissioning step 'AttestationRevocationCheck'[0m
[0;32m[1784654597.716] [5419:5421] [CTL] Commissioning stage next step: 'AttestationRevocationCheck' -> 'SendOpCertSigningRequest'[0m
[0;32m[1784654597.716] [5419:5421] [CTL] Performing next commissioning step 'SendOpCertSigningRequest'[0m
[0;34m[1784654597.716] [5419:5421] [TOO] Starting commissioning stage 'SendOpCertSigningRequest'[0m
[0;34m[1784654597.716] [5419:5421] [CTL] Sending CSR request to 0x7407d0033e20 device[0m
[0;34m[1784654597.716] [5419:5421] [DMG] ICR moving to [AddingComm][0m
[0;34m[1784654597.716] [5419:5421] [DMG] ICR moving to [AddedComma][0m
[0;32m[1784654597.716] [5419:5421] [EM] <<< [E:56696i S:22390 M:183137444] (S) Msg TX from 0000000000000000 to 0:FFFFFFFB00000000 [0000] [UDP:[fe80::bfe:a203:38f0:bce7%enp0s3]:5540] --- Type 0001:08 (IM:InvokeCommandRequest) (B:94)[0m
[0;32m[1784654597.716] [5419:5421] [EM] ??1 [E:56696i S:22390 M:183137444] (S) Msg Retransmission to 0:FFFFFFFB00000000 scheduled for 340ms from now [State:Active II:500 AI:300 AT:4000][0m
[0;34m[1784654597.716] [5419:5421] [DMG] ICR moving to [AwaitingRe][0m
[0;34m[1784654597.716] [5419:5421] [CTL] Sent CSR request, waiting for the CSR[0m
[0;34m[1784654597.717] [5419:5421] [DMG] ICR moving to [AwaitingDe][0m
[0;32m[1784654597.717] [5419:5421] [EM] <<< [E:56695i S:22390 M:183137445 (Ack:6999290)] (S) Msg TX from 0000000000000000 to 0:FFFFFFFB00000000 [0000] [UDP:[fe80::bfe:a203:38f0:bce7%enp0s3]:5540] --- Type 0000:10 (SecureChannel:StandaloneAck) (B:34)[0m
[0;34m[1784654597.717] [5419:5421] [EM] Flushed pending ack for MessageCounter:6999290 on exchange 56695i[0m
[0;32m[1784654597.718] [5419:5421] [EM] >>> [E:56696i S:22390 M:6999291 (Ack:183137444)] (S) Msg RX from 0:FFFFFFFB00000000 [0000] to 0000000000000000 --- Type 0001:09 (IM:InvokeCommandResponse) (B:377)[0m
[0;34m[1784654597.718] [5419:5421] [EM] Found matching exchange: 56696i, Delegate: 0x7407d00382d8[0m
[0;34m[1784654597.718] [5419:5421] [EM] Rxd Ack; Removing MessageCounter:183137444 from Retrans Table on exchange 56696i[0m
[0;34m[1784654597.718] [5419:5421] [DMG] ICR moving to [ResponseRe][0m
[0;34m[1784654597.718] [5419:5421] [DMG] InvokeResponseMessage =[0m
[0;34m[1784654597.718] [5419:5421] [DMG] {[0m
[0;34m[1784654597.718] [5419:5421] [DMG] 	suppressResponse = false, [0m
[0;34m[1784654597.718] [5419:5421] [DMG] 	InvokeResponseIBs =[0m
[0;34m[1784654597.718] [5419:5421] [DMG] 	[[0m
[0;34m[1784654597.718] [5419:5421] [DMG] 		InvokeResponseIB =[0m
[0;34m[1784654597.718] [5419:5421] [DMG] 		{[0m
[0;34m[1784654597.718] [5419:5421] [DMG] 			CommandDataIB =[0m
[0;34m[1784654597.718] [5419:5421] [DMG] 			{[0m
[0;34m[1784654597.718] [5419:5421] [DMG] 				CommandPathIB =[0m
[0;34m[1784654597.718] [5419:5421] [DMG] 				{[0m
[0;34m[1784654597.718] [5419:5421] [DMG] 					EndpointId = 0x0,[0m
[0;34m[1784654597.718] [5419:5421] [DMG] 					ClusterId = 0x3e,[0m
[0;34m[1784654597.718] [5419:5421] [DMG] 					CommandId = 0x5,[0m
[0;34m[1784654597.718] [5419:5421] [DMG] 				},[0m
[0;34m[1784654597.718] [5419:5421] [DMG] 				[0m
[0;34m[1784654597.718] [5419:5421] [DMG] 				CommandFields = [0m
[0;34m[1784654597.718] [5419:5421] [DMG] 				{[0m
[0;34m[1784654597.718] [5419:5421] [DMG] 					0x0 = [[0m
[0;34m[1784654597.718] [5419:5421] [DMG] 							0x15, 0x30, 0x01, 0xcb, 0x30, 0x81, 0xc8, 0x30, 0x70, 0x02, 0x01, 0x00, 0x30, 0x0e, 0x31, 0x0c, 0x30, 0x0a, 0x06, 0x03, 0x55, 0x04, 0x0a, 0x0c, 0x03, 0x43, 0x53, 0x52, 0x30, 0x59, 0x30, 0x13, 0x06, 0x07, 0x2a, 0x86, 0x48, 0xce, 0x3d, 0x02, 0x01, 0x06, 0x08, 0x2a, 0x86, 0x48, 0xce, 0x3d, 0x03, 0x01, 0x07, 0x03, 0x42, 0x00, 0x04, 0x56, 0xa2, 0x45, 0xe1, 0x29, 0x8b, 0x1a, 0xde, 0x64, 0xf7, 0xba, 0x6e, 0x72, 0x9c, 0x44, 0x36, 0xae, 0x5a, 0x97, 0x00, 0x9a, 0x1d, 0x76, 0x50, 0x15, 0x40, 0x5c, 0xf1, 0x5c, 0x17, 0x61, 0x1a, 0x94, 0xc7, 0x35, 0x5b, 0x5c, 0xc4, 0xbb, 0x13, 0xb3, 0xb7, 0x05, 0xb8, 0x0c, 0xaa, 0x5f, 0xff, 0xa6, 0x28, 0x4d, 0x9f, 0x44, 0x5a, 0x24, 0x53, 0x1c, 0x85, 0x68, 0x25, 0x66, 0x95, 0xf9, 0x12, 0xa0, 0x00, 0x30, 0x0a, 0x06, 0x08, 0x2a, 0x86, 0x48, 0xce, 0x3d, 0x04, 0x03, 0x02, 0x03, 0x48, 0x00, 0x30, 0x45, 0x02, 0x20, 0x38, 0x03, 0x39, 0x4c, 0xfd, 0x65, 0xb1, 0xff, 0xe5, 0xc7, 0x83, 0x0b, 0xa4, 0x8f, 0x87, 0xae, 0xe7, 0x91, 0x09, 0x64, 0x30, 0xae, 0xbb, 0xa0, 0x23, 0x56, 0x5f, 0xfc, 0x39, 0xbd, 0x5a, 0xf3, 0x02, 0x21, 0x00, 0xab, 0x22, 0xf9, 0xd2, 0xc4, 0x7c, 0xa8, 0x8b, 0xe8, 0xbe, 0x17, 0x86, 0xd1, 0x7e, 0xc9, 0x28, 0x42, 0x0b, 0xa2, 0x15, 0xe2, 0xb5, 0x7e, 0x85, 0x4d, 0xe8, 0x3b, 0x9c, 0x81, 0x1a, 0x5d, 0xa1, 0x30, 0x02, 0x20, 0x6d, 0x49, 0x2e, 0xdf, 0xf2, 0x6f, 0x07, 0x70, 0x81, 0x82, 0x2e, 0x62, 0x4d, 0xc0, 0x22, 0xdf, 0x5c, 0xc1, 0x26, 0x67, 0xe9, 0x65, 0x6f, 0xab, 0xb9, 0xab, 0x12, 0xff, 0xf6, 0xa9, 0xbc, 0x6f, 0x18, [0m
[0;34m[1784654597.718] [5419:5421] [DMG] 					] (243 bytes)[0m
[0;34m[1784654597.718] [5419:5421] [DMG] 					0x1 = [[0m
[0;34m[1784654597.718] [5419:5421] [DMG] 							0xd5, 0x59, 0xba, 0x24, 0x00, 0xe2, 0xcf, 0x62, 0x8e, 0x82, 0xfb, 0x4b, 0x2e, 0xb8, 0x17, 0x6d, 0x01, 0xde, 0x03, 0x2d, 0x6b, 0x59, 0xcc, 0x6e, 0x1f, 0xf3, 0x82, 0xb3, 0x4e, 0xea, 0x8d, 0xd0, 0x97, 0x8b, 0xb4, 0x29, 0xf6, 0x3c, 0x2e, 0xec, 0x78, 0x6f, 0x54, 0xa9, 0x4a, 0xa0, 0x4b, 0x44, 0xb0, 0x71, 0x5b, 0x25, 0xa0, 0x41, 0xdd, 0x0a, 0x91, 0x34, 0x4f, 0x87, 0x34, 0x5c, 0x92, 0x84, [0m
[0;34m[1784654597.718] [5419:5421] [DMG] 					] (64 bytes)[0m
[0;34m[1784654597.718] [5419:5421] [DMG] 				},[0m
[0;34m[1784654597.718] [5419:5421] [DMG] 			},[0m
[0;34m[1784654597.718] [5419:5421] [DMG] 			[0m
[0;34m[1784654597.718] [5419:5421] [DMG] 		},[0m
[0;34m[1784654597.718] [5419:5421] [DMG] 		[0m
[0;34m[1784654597.718] [5419:5421] [DMG] 	],[0m
[0;34m[1784654597.718] [5419:5421] [DMG] 	[0m
[0;34m[1784654597.718] [5419:5421] [DMG] 	InteractionModelRevision = 12[0m
[0;34m[1784654597.718] [5419:5421] [DMG] },[0m
[0;32m[1784654597.718] [5419:5421] [DMG] Received Command Response Data, Endpoint=0 Cluster=0x0000_003E Command=0x0000_0005[0m
[0;32m[1784654597.718] [5419:5421] [CTL] Received certificate signing request from the device[0m
[0;32m[1784654597.718] [5419:5421] [CTL] Successfully finished commissioning step 'SendOpCertSigningRequest'[0m
[0;32m[1784654597.718] [5419:5421] [CTL] Commissioning stage next step: 'SendOpCertSigningRequest' -> 'ValidateCSR'[0m
[0;32m[1784654597.718] [5419:5421] [CTL] Performing next commissioning step 'ValidateCSR'[0m
[0;34m[1784654597.718] [5419:5421] [TOO] Starting commissioning stage 'ValidateCSR'[0m
[0;32m[1784654597.719] [5419:5421] [CTL] Successfully finished commissioning step 'ValidateCSR'[0m
[0;32m[1784654597.719] [5419:5421] [CTL] Commissioning stage next step: 'ValidateCSR' -> 'GenerateNOCChain'[0m
[0;32m[1784654597.719] [5419:5421] [CTL] Performing next commissioning step 'GenerateNOCChain'[0m
[0;34m[1784654597.719] [5419:5421] [TOO] Starting commissioning stage 'GenerateNOCChain'[0m
[0;32m[1784654597.719] [5419:5421] [CTL] Getting certificate chain for the device from the issuer[0m
[0;32m[1784654597.719] [5419:5421] [CTL] Verifying Certificate Signing Request[0m
[0;32m[1784654597.720] [5419:5421] [CTL] Generating NOC[0m
[0;32m[1784654597.720] [5419:5421] [CTL] Providing certificate chain to the commissioner[0m
[0;32m[1784654597.720] [5419:5421] [CTL] Received callback from the CA for NOC Chain generation. Status: Success[0m
[0;32m[1784654597.720] [5419:5421] [CTL] Successfully finished commissioning step 'GenerateNOCChain'[0m
[0;32m[1784654597.720] [5419:5421] [CTL] Performing next commissioning step 'SendTrustedRootCert'[0m
[0;34m[1784654597.720] [5419:5421] [TOO] Starting commissioning stage 'SendTrustedRootCert'[0m
[0;32m[1784654597.720] [5419:5421] [CTL] Sending root certificate to the device[0m
[0;34m[1784654597.720] [5419:5421] [DMG] ICR moving to [AddingComm][0m
[0;34m[1784654597.720] [5419:5421] [DMG] ICR moving to [AddedComma][0m
[0;32m[1784654597.720] [5419:5421] [EM] <<< [E:56697i S:22390 M:183137446] (S) Msg TX from 0000000000000000 to 0:FFFFFFFB00000000 [0000] [UDP:[fe80::bfe:a203:38f0:bce7%enp0s3]:5540] --- Type 0001:08 (IM:InvokeCommandRequest) (B:293)[0m
[0;32m[1784654597.720] [5419:5421] [EM] ??1 [E:56697i S:22390 M:183137446] (S) Msg Retransmission to 0:FFFFFFFB00000000 scheduled for 330ms from now [State:Active II:500 AI:300 AT:4000][0m
[0;34m[1784654597.720] [5419:5421] [DMG] ICR moving to [AwaitingRe][0m
[0;32m[1784654597.720] [5419:5421] [CTL] Sent root certificate to the device[0m
[0;34m[1784654597.720] [5419:5421] [DMG] ICR moving to [AwaitingDe][0m
[0;32m[1784654597.720] [5419:5421] [EM] <<< [E:56696i S:22390 M:183137447 (Ack:6999291)] (S) Msg TX from 0000000000000000 to 0:FFFFFFFB00000000 [0000] [UDP:[fe80::bfe:a203:38f0:bce7%enp0s3]:5540] --- Type 0000:10 (SecureChannel:StandaloneAck) (B:34)[0m
[0;34m[1784654597.720] [5419:5421] [EM] Flushed pending ack for MessageCounter:6999291 on exchange 56696i[0m
[0;32m[1784654597.721] [5419:5421] [EM] >>> [E:56697i S:22390 M:6999292 (Ack:183137446)] (S) Msg RX from 0:FFFFFFFB00000000 [0000] to 0000000000000000 --- Type 0001:09 (IM:InvokeCommandResponse) (B:67)[0m
[0;34m[1784654597.721] [5419:5421] [EM] Found matching exchange: 56697i, Delegate: 0x7407d0035088[0m
[0;34m[1784654597.721] [5419:5421] [EM] Rxd Ack; Removing MessageCounter:183137446 from Retrans Table on exchange 56697i[0m
[0;34m[1784654597.721] [5419:5421] [DMG] ICR moving to [ResponseRe][0m
[0;34m[1784654597.721] [5419:5421] [DMG] InvokeResponseMessage =[0m
[0;34m[1784654597.721] [5419:5421] [DMG] {[0m
[0;34m[1784654597.721] [5419:5421] [DMG] 	suppressResponse = false, [0m
[0;34m[1784654597.721] [5419:5421] [DMG] 	InvokeResponseIBs =[0m
[0;34m[1784654597.721] [5419:5421] [DMG] 	[[0m
[0;34m[1784654597.721] [5419:5421] [DMG] 		InvokeResponseIB =[0m
[0;34m[1784654597.721] [5419:5421] [DMG] 		{[0m
[0;34m[1784654597.721] [5419:5421] [DMG] 			CommandStatusIB =[0m
[0;34m[1784654597.721] [5419:5421] [DMG] 			{[0m
[0;34m[1784654597.721] [5419:5421] [DMG] 				CommandPathIB =[0m
[0;34m[1784654597.721] [5419:5421] [DMG] 				{[0m
[0;34m[1784654597.721] [5419:5421] [DMG] 					EndpointId = 0x0,[0m
[0;34m[1784654597.721] [5419:5421] [DMG] 					ClusterId = 0x3e,[0m
[0;34m[1784654597.721] [5419:5421] [DMG] 					CommandId = 0xb,[0m
[0;34m[1784654597.721] [5419:5421] [DMG] 				},[0m
[0;34m[1784654597.721] [5419:5421] [DMG] 				[0m
[0;34m[1784654597.721] [5419:5421] [DMG] 				StatusIB =[0m
[0;34m[1784654597.721] [5419:5421] [DMG] 				{[0m
[0;34m[1784654597.721] [5419:5421] [DMG] 					status = 0x00 (SUCCESS),[0m
[0;34m[1784654597.721] [5419:5421] [DMG] 				},[0m
[0;34m[1784654597.721] [5419:5421] [DMG] 				[0m
[0;34m[1784654597.721] [5419:5421] [DMG] 			},[0m
[0;34m[1784654597.721] [5419:5421] [DMG] 			[0m
[0;34m[1784654597.721] [5419:5421] [DMG] 		},[0m
[0;34m[1784654597.721] [5419:5421] [DMG] 		[0m
[0;34m[1784654597.721] [5419:5421] [DMG] 	],[0m
[0;34m[1784654597.721] [5419:5421] [DMG] 	[0m
[0;34m[1784654597.721] [5419:5421] [DMG] 	InteractionModelRevision = 12[0m
[0;34m[1784654597.721] [5419:5421] [DMG] },[0m
[0;32m[1784654597.721] [5419:5421] [DMG] Received Command Response Status for Endpoint=0 Cluster=0x0000_003E Command=0x0000_000B Status=0x0[0m
[0;32m[1784654597.721] [5419:5421] [CTL] Device confirmed that it has received the root certificate[0m
[0;32m[1784654597.721] [5419:5421] [CTL] Successfully finished commissioning step 'SendTrustedRootCert'[0m
[0;32m[1784654597.721] [5419:5421] [CTL] Commissioning stage next step: 'SendTrustedRootCert' -> 'SendNOC'[0m
[0;32m[1784654597.721] [5419:5421] [CTL] Performing next commissioning step 'SendNOC'[0m
[0;34m[1784654597.721] [5419:5421] [TOO] Starting commissioning stage 'SendNOC'[0m
[0;34m[1784654597.721] [5419:5421] [DMG] ICR moving to [AddingComm][0m
[0;34m[1784654597.721] [5419:5421] [DMG] ICR moving to [AddedComma][0m
[0;32m[1784654597.721] [5419:5421] [EM] <<< [E:56698i S:22390 M:183137448] (S) Msg TX from 0000000000000000 to 0:FFFFFFFB00000000 [0000] [UDP:[fe80::bfe:a203:38f0:bce7%enp0s3]:5540] --- Type 0001:08 (IM:InvokeCommandRequest) (B:566)[0m
[0;32m[1784654597.721] [5419:5421] [EM] ??1 [E:56698i S:22390 M:183137448] (S) Msg Retransmission to 0:FFFFFFFB00000000 scheduled for 369ms from now [State:Active II:500 AI:300 AT:4000][0m
[0;34m[1784654597.721] [5419:5421] [DMG] ICR moving to [AwaitingRe][0m
[0;32m[1784654597.721] [5419:5421] [CTL] Sent operational certificate to the device[0m
[0;34m[1784654597.721] [5419:5421] [DMG] ICR moving to [AwaitingDe][0m
[0;32m[1784654597.721] [5419:5421] [EM] <<< [E:56697i S:22390 M:183137449 (Ack:6999292)] (S) Msg TX from 0000000000000000 to 0:FFFFFFFB00000000 [0000] [UDP:[fe80::bfe:a203:38f0:bce7%enp0s3]:5540] --- Type 0000:10 (SecureChannel:StandaloneAck) (B:34)[0m
[0;34m[1784654597.721] [5419:5421] [EM] Flushed pending ack for MessageCounter:6999292 on exchange 56697i[0m
[0;32m[1784654597.730] [5419:5421] [EM] >>> [E:56698i S:22390 M:6999293 (Ack:183137448)] (S) Msg RX from 0:FFFFFFFB00000000 [0000] to 0000000000000000 --- Type 0001:09 (IM:InvokeCommandResponse) (B:70)[0m
[0;34m[1784654597.730] [5419:5421] [EM] Found matching exchange: 56698i, Delegate: 0x7407d00382d8[0m
[0;34m[1784654597.730] [5419:5421] [EM] Rxd Ack; Removing MessageCounter:183137448 from Retrans Table on exchange 56698i[0m
[0;34m[1784654597.730] [5419:5421] [DMG] ICR moving to [ResponseRe][0m
[0;34m[1784654597.730] [5419:5421] [DMG] InvokeResponseMessage =[0m
[0;34m[1784654597.730] [5419:5421] [DMG] {[0m
[0;34m[1784654597.730] [5419:5421] [DMG] 	suppressResponse = false, [0m
[0;34m[1784654597.730] [5419:5421] [DMG] 	InvokeResponseIBs =[0m
[0;34m[1784654597.730] [5419:5421] [DMG] 	[[0m
[0;34m[1784654597.730] [5419:5421] [DMG] 		InvokeResponseIB =[0m
[0;34m[1784654597.730] [5419:5421] [DMG] 		{[0m
[0;34m[1784654597.730] [5419:5421] [DMG] 			CommandDataIB =[0m
[0;34m[1784654597.730] [5419:5421] [DMG] 			{[0m
[0;34m[1784654597.730] [5419:5421] [DMG] 				CommandPathIB =[0m
[0;34m[1784654597.730] [5419:5421] [DMG] 				{[0m
[0;34m[1784654597.730] [5419:5421] [DMG] 					EndpointId = 0x0,[0m
[0;34m[1784654597.730] [5419:5421] [DMG] 					ClusterId = 0x3e,[0m
[0;34m[1784654597.730] [5419:5421] [DMG] 					CommandId = 0x8,[0m
[0;34m[1784654597.730] [5419:5421] [DMG] 				},[0m
[0;34m[1784654597.730] [5419:5421] [DMG] 				[0m
[0;34m[1784654597.730] [5419:5421] [DMG] 				CommandFields = [0m
[0;34m[1784654597.730] [5419:5421] [DMG] 				{[0m
[0;34m[1784654597.730] [5419:5421] [DMG] 					0x0 = 0 (unsigned), [0m
[0;34m[1784654597.730] [5419:5421] [DMG] 					0x1 = 1 (unsigned), [0m
[0;34m[1784654597.730] [5419:5421] [DMG] 				},[0m
[0;34m[1784654597.730] [5419:5421] [DMG] 			},[0m
[0;34m[1784654597.730] [5419:5421] [DMG] 			[0m
[0;34m[1784654597.730] [5419:5421] [DMG] 		},[0m
[0;34m[1784654597.730] [5419:5421] [DMG] 		[0m
[0;34m[1784654597.730] [5419:5421] [DMG] 	],[0m
[0;34m[1784654597.730] [5419:5421] [DMG] 	[0m
[0;34m[1784654597.730] [5419:5421] [DMG] 	InteractionModelRevision = 12[0m
[0;34m[1784654597.730] [5419:5421] [DMG] },[0m
[0;32m[1784654597.730] [5419:5421] [DMG] Received Command Response Data, Endpoint=0 Cluster=0x0000_003E Command=0x0000_0008[0m
[0;32m[1784654597.730] [5419:5421] [CTL] Device returned status 0 on receiving the NOC[0m
[0;32m[1784654597.730] [5419:5421] [CTL] Operational credentials provisioned on device 0x7407d0033e20[0m
[0;32m[1784654597.730] [5419:5421] [TOO] Secure Pairing Success[0m
[0;32m[1784654597.730] [5419:5421] [TOO] CASE establishment successful[0m
[0;32m[1784654597.730] [5419:5421] [CTL] Successfully finished commissioning step 'SendNOC'[0m
[0;32m[1784654597.730] [5419:5421] [CTL] Commissioning stage next step: 'SendNOC' -> 'EvictPreviousCaseSessions'[0m
[0;32m[1784654597.730] [5419:5421] [CTL] Performing next commissioning step 'EvictPreviousCaseSessions'[0m
[0;34m[1784654597.730] [5419:5421] [TOO] Starting commissioning stage 'EvictPreviousCaseSessions'[0m
[0;34m[1784654597.730] [5419:5421] [IN] Expiring all sessions for node <0000000000000001, 1>!![0m
[0;32m[1784654597.730] [5419:5421] [CTL] Successfully finished commissioning step 'EvictPreviousCaseSessions'[0m
[0;32m[1784654597.730] [5419:5421] [CTL] Commissioning stage next step: 'EvictPreviousCaseSessions' -> 'FindOperationalForStayActive'[0m
[0;32m[1784654597.730] [5419:5421] [CTL] Performing next commissioning step 'FindOperationalForStayActive'[0m
[0;34m[1784654597.730] [5419:5421] [TOO] Starting commissioning stage 'FindOperationalForStayActive'[0m
[0;34m[1784654597.730] [5419:5421] [CSM] FindOrEstablishSession: PeerId = [1:0000000000000001][0m
[0;34m[1784654597.730] [5419:5421] [CSM] FindOrEstablishSession: No existing OperationalSessionSetup instance found[0m
[0;34m[1784654597.730] [5419:5421] [DIS] OperationalSessionSetup[1:0000000000000001]: State change 1 --> 2[0m
[0;32m[1784654597.730] [5419:5421] [DIS] Lookup started for C4A253DDC420516E-0000000000000001[0m
[0;34m[1784654597.730] [5419:5421] [DMG] ICR moving to [AwaitingDe][0m
[0;32m[1784654597.730] [5419:5421] [EM] <<< [E:56698i S:22390 M:183137450 (Ack:6999293)] (S) Msg TX from 0000000000000000 to 0:FFFFFFFB00000000 [0000] [UDP:[fe80::bfe:a203:38f0:bce7%enp0s3]:5540] --- Type 0000:10 (SecureChannel:StandaloneAck) (B:34)[0m
[0;34m[1784654597.730] [5419:5421] [EM] Flushed pending ack for MessageCounter:6999293 on exchange 56698i[0m
[0;32m[1784654597.730] [5419:5421] [DIS] UDP:[fe80::bfe:a203:38f0:bce7%enp0s3]:5540: new best score: 7 (for C4A253DDC420516E-0000000000000001)[0m
[0;34m[1784654597.730] [5419:5421] [DIS] Lookup clearing interface for non LL address[0m
[0;32m[1784654597.730] [5419:5421] [DIS] UDP:10.0.2.15%enp0s3:5540: new best score: 2 (for C4A253DDC420516E-0000000000000001)[0m
[0;32m[1784654597.730] [5419:5421] [DIS] Checking node lookup status for C4A253DDC420516E-0000000000000001 after 0 ms[0m
[0;32m[1784654597.730] [5419:5421] [DIS] Keeping DNSSD lookup active[0m
[0;32m[1784654597.731] [5419:5421] [DIS] UDP:[fe80::bfe:a203:38f0:bce7%enp0s3]:5540: score has not improved: 7 (for C4A253DDC420516E-0000000000000001)[0m
[0;34m[1784654597.731] [5419:5421] [DIS] Lookup clearing interface for non LL address[0m
[0;32m[1784654597.731] [5419:5421] [DIS] UDP:10.0.2.15%enp0s3:5540: score has not improved: 2 (for C4A253DDC420516E-0000000000000001)[0m
[0;32m[1784654597.731] [5419:5421] [DIS] Checking node lookup status for C4A253DDC420516E-0000000000000001 after 0 ms[0m
[0;32m[1784654597.731] [5419:5421] [DIS] Keeping DNSSD lookup active[0m
[0;32m[1784654597.933] [5419:5421] [DIS] Checking node lookup status for C4A253DDC420516E-0000000000000001 after 202 ms[0m
[0;34m[1784654597.933] [5419:5421] [DIS] OperationalSessionSetup[1:0000000000000001]: Updating device address to UDP:[fe80::bfe:a203:38f0:bce7%enp0s3]:5540 while in state 2[0m
[0;34m[1784654597.933] [5419:5421] [DIS] OperationalSessionSetup[1:0000000000000001]: State change 2 --> 3[0m
[0;34m[1784654597.933] [5419:5421] [IN] SecureSession[0x7407d00647b0]: Allocated Type:2 LSID:22391[0m
[0;32m[1784654597.933] [5419:5421] [SC] Initiating session on local FabricIndex 1 from 0x000000000001B669 -> 0x0000000000000001[0m
[0;32m[1784654597.933] [5419:5421] [EM] <<< [E:56699i S:0 M:8387239] (U) Msg TX from 79FB906776771D43 to 0:0000000000000000 [0000] [UDP:[fe80::bfe:a203:38f0:bce7%enp0s3]:5540] --- Type 0000:30 (SecureChannel:CASE_Sigma1) (B:196)[0m
[0;32m[1784654597.933] [5419:5421] [EM] ??1 [E:56699i S:0 M:8387239] (U) Msg Retransmission to 0:0000000000000000 scheduled for 682ms from now [State:Idle II:500 AI:300 AT:4000][0m
[0;32m[1784654597.933] [5419:5421] [SC] Sent Sigma1 msg to <0000000000000001, 1> [II:500ms AI:300ms AT:4000ms][0m
[0;34m[1784654597.933] [5419:5421] [DIS] OperationalSessionSetup[1:0000000000000001]: State change 3 --> 4[0m
[0;32m[1784654597.934] [5419:5421] [EM] >>> [E:56699i S:0 M:190819244 (Ack:8387239)] (U) Msg RX from 0:0000000000000000 [0000] to 79FB906776771D43 --- Type 0000:31 (SecureChannel:CASE_Sigma2) (B:751)[0m
[0;34m[1784654597.934] [5419:5421] [EM] Found matching exchange: 56699i, Delegate: 0x7407d0064e88[0m
[0;34m[1784654597.934] [5419:5421] [EM] Rxd Ack; Removing MessageCounter:8387239 from Retrans Table on exchange 56699i[0m
[0;32m[1784654597.934] [5419:5421] [SC] Received Sigma2 msg[0m
[0;34m[1784654597.934] [5419:5421] [SC] Found MRP parameters in the message[0m
[0;34m[1784654597.935] [5419:5421] [SC] Peer <0000000000000001, 1> assigned session ID 15673[0m
[0;34m[1784654597.935] [5419:5421] [SC] Sending Sigma3[0m
[0;32m[1784654597.935] [5419:5421] [EM] <<< [E:56699i S:0 M:8387240 (Ack:190819244)] (U) Msg TX from 79FB906776771D43 to 0:0000000000000000 [0000] [UDP:[fe80::bfe:a203:38f0:bce7%enp0s3]:5540] --- Type 0000:32 (SecureChannel:CASE_Sigma3) (B:598)[0m
[0;32m[1784654597.935] [5419:5421] [EM] ??1 [E:56699i S:0 M:8387240] (U) Msg Retransmission to 0:0000000000000000 scheduled for 342ms from now [State:Active II:500 AI:300 AT:4000][0m
[0;32m[1784654597.935] [5419:5421] [SC] Sent Sigma3 msg[0m
[0;32m[1784654597.942] [5419:5421] [EM] >>> [E:56699i S:0 M:190819245 (Ack:8387240)] (U) Msg RX from 0:0000000000000000 [0000] to 79FB906776771D43 --- Type 0000:40 (SecureChannel:StatusReport) (B:34)[0m
[0;34m[1784654597.942] [5419:5421] [EM] Found matching exchange: 56699i, Delegate: 0x7407d0064e88[0m
[0;34m[1784654597.942] [5419:5421] [EM] Rxd Ack; Removing MessageCounter:8387240 from Retrans Table on exchange 56699i[0m
[0;32m[1784654597.942] [5419:5421] [SC] Success status report received. Session was established[0m
[0;32m[1784654597.943] [5419:5421] [SC] SecureSession[0x7407d00647b0, LSID:22391]: State change 'kEstablishing' --> 'kActive'[0m
[0;34m[1784654597.943] [5419:5421] [IN] SecureSession[0x7407d00647b0]: Activated - Type:2 LSID:22391[0m
[0;34m[1784654597.943] [5419:5421] [IN] New secure session activated for device <0000000000000001, 1>, LSID:22391 PSID:15673![0m
[0;34m[1784654597.943] [5419:5421] [DIS] OperationalSessionSetup[1:0000000000000001]: State change 4 --> 5[0m
[0;32m[1784654597.943] [5419:5421] [CTL] Successfully finished commissioning step 'FindOperationalForStayActive'[0m
[0;32m[1784654597.943] [5419:5421] [CTL] Commissioning stage next step: 'FindOperationalForStayActive' -> 'ICDSendStayActive'[0m
[0;32m[1784654597.943] [5419:5421] [CTL] Performing next commissioning step 'ICDSendStayActive'[0m
[0;34m[1784654597.943] [5419:5421] [TOO] Starting commissioning stage 'ICDSendStayActive'[0m
[0;32m[1784654597.943] [5419:5421] [CTL] Skipping kICDSendStayActive[0m
[0;32m[1784654597.943] [5419:5421] [CTL] Successfully finished commissioning step 'ICDSendStayActive'[0m
[0;32m[1784654597.944] [5419:5421] [CTL] Commissioning stage next step: 'ICDSendStayActive' -> 'FindOperationalForCommissioningComplete'[0m
[0;32m[1784654597.944] [5419:5421] [CTL] Performing next commissioning step 'FindOperationalForCommissioningComplete'[0m
[0;34m[1784654597.944] [5419:5421] [TOO] Starting commissioning stage 'FindOperationalForCommissioningComplete'[0m
[0;34m[1784654597.944] [5419:5421] [CSM] FindOrEstablishSession: PeerId = [1:0000000000000001][0m
[0;34m[1784654597.944] [5419:5421] [CSM] FindOrEstablishSession: No existing OperationalSessionSetup instance found[0m
[0;32m[1784654597.944] [5419:5421] [DIS] Found an existing secure session to [1:0000000000000001]![0m
[0;34m[1784654597.944] [5419:5421] [DIS] OperationalSessionSetup[1:0000000000000001]: State change 1 --> 5[0m
[0;32m[1784654597.944] [5419:5421] [CTL] Successfully finished commissioning step 'FindOperationalForCommissioningComplete'[0m
[0;32m[1784654597.944] [5419:5421] [CTL] Commissioning stage next step: 'FindOperationalForCommissioningComplete' -> 'SendComplete'[0m
[0;32m[1784654597.944] [5419:5421] [CTL] Performing next commissioning step 'SendComplete'[0m
[0;34m[1784654597.944] [5419:5421] [TOO] Starting commissioning stage 'SendComplete'[0m
[0;34m[1784654597.944] [5419:5421] [DMG] ICR moving to [AddingComm][0m
[0;34m[1784654597.944] [5419:5421] [DMG] ICR moving to [AddedComma][0m
[0;32m[1784654597.944] [5419:5421] [EM] <<< [E:56700i S:22391 M:81558616] (S) Msg TX from 000000000001B669 to 1:0000000000000001 [516E] [UDP:[fe80::bfe:a203:38f0:bce7%enp0s3]:5540] --- Type 0001:08 (IM:InvokeCommandRequest) (B:59)[0m
[0;32m[1784654597.944] [5419:5421] [EM] ??1 [E:56700i S:22391 M:81558616] (S) Msg Retransmission to 1:0000000000000001 scheduled for 383ms from now [State:Active II:500 AI:300 AT:4000][0m
[0;34m[1784654597.944] [5419:5421] [DMG] ICR moving to [AwaitingRe][0m
[0;32m[1784654597.944] [5419:5421] [EM] <<< [E:56699i S:0 M:8387241 (Ack:190819245)] (U) Msg TX from 79FB906776771D43 to 0:0000000000000000 [0000] [UDP:[fe80::bfe:a203:38f0:bce7%enp0s3]:5540] --- Type 0000:10 (SecureChannel:StandaloneAck) (B:26)[0m
[0;34m[1784654597.944] [5419:5421] [EM] Flushed pending ack for MessageCounter:190819245 on exchange 56699i[0m
[0;32m[1784654597.963] [5419:5421] [EM] >>> [E:56700i S:22391 M:48571241 (Ack:81558616)] (S) Msg RX from 1:0000000000000001 [516E] to 000000000001B669 --- Type 0001:09 (IM:InvokeCommandResponse) (B:70)[0m
[0;34m[1784654597.963] [5419:5421] [EM] Found matching exchange: 56700i, Delegate: 0x7407d00382d8[0m
[0;34m[1784654597.963] [5419:5421] [EM] Rxd Ack; Removing MessageCounter:81558616 from Retrans Table on exchange 56700i[0m
[0;34m[1784654597.963] [5419:5421] [DMG] ICR moving to [ResponseRe][0m
[0;34m[1784654597.964] [5419:5421] [DMG] InvokeResponseMessage =[0m
[0;34m[1784654597.964] [5419:5421] [DMG] {[0m
[0;34m[1784654597.964] [5419:5421] [DMG] 	suppressResponse = false, [0m
[0;34m[1784654597.964] [5419:5421] [DMG] 	InvokeResponseIBs =[0m
[0;34m[1784654597.964] [5419:5421] [DMG] 	[[0m
[0;34m[1784654597.964] [5419:5421] [DMG] 		InvokeResponseIB =[0m
[0;34m[1784654597.964] [5419:5421] [DMG] 		{[0m
[0;34m[1784654597.964] [5419:5421] [DMG] 			CommandDataIB =[0m
[0;34m[1784654597.964] [5419:5421] [DMG] 			{[0m
[0;34m[1784654597.964] [5419:5421] [DMG] 				CommandPathIB =[0m
[0;34m[1784654597.964] [5419:5421] [DMG] 				{[0m
[0;34m[1784654597.964] [5419:5421] [DMG] 					EndpointId = 0x0,[0m
[0;34m[1784654597.964] [5419:5421] [DMG] 					ClusterId = 0x30,[0m
[0;34m[1784654597.964] [5419:5421] [DMG] 					CommandId = 0x5,[0m
[0;34m[1784654597.964] [5419:5421] [DMG] 				},[0m
[0;34m[1784654597.964] [5419:5421] [DMG] 				[0m
[0;34m[1784654597.964] [5419:5421] [DMG] 				CommandFields = [0m
[0;34m[1784654597.964] [5419:5421] [DMG] 				{[0m
[0;34m[1784654597.964] [5419:5421] [DMG] 					0x0 = 0 (unsigned), [0m
[0;34m[1784654597.964] [5419:5421] [DMG] 					0x1 = "" (0 chars), [0m
[0;34m[1784654597.964] [5419:5421] [DMG] 				},[0m
[0;34m[1784654597.964] [5419:5421] [DMG] 			},[0m
[0;34m[1784654597.964] [5419:5421] [DMG] 			[0m
[0;34m[1784654597.964] [5419:5421] [DMG] 		},[0m
[0;34m[1784654597.964] [5419:5421] [DMG] 		[0m
[0;34m[1784654597.964] [5419:5421] [DMG] 	],[0m
[0;34m[1784654597.964] [5419:5421] [DMG] 	[0m
[0;34m[1784654597.964] [5419:5421] [DMG] 	InteractionModelRevision = 12[0m
[0;34m[1784654597.964] [5419:5421] [DMG] },[0m
[0;32m[1784654597.964] [5419:5421] [DMG] Received Command Response Data, Endpoint=0 Cluster=0x0000_0030 Command=0x0000_0005[0m
[0;32m[1784654597.964] [5419:5421] [CTL] Received CommissioningComplete response, errorCode=0[0m
[0;32m[1784654597.964] [5419:5421] [CTL] Successfully finished commissioning step 'SendComplete'[0m
[0;32m[1784654597.964] [5419:5421] [CTL] Commissioning stage next step: 'SendComplete' -> 'Cleanup'[0m
[0;32m[1784654597.964] [5419:5421] [CTL] Performing next commissioning step 'Cleanup'[0m
[0;34m[1784654597.964] [5419:5421] [TOO] Starting commissioning stage 'Cleanup'[0m
[0;32m[1784654597.964] [5419:5421] [CTL] Successfully finished commissioning step 'Cleanup'[0m
[0;34m[1784654597.964] [5419:5421] [IN] SecureSession[0x7407d0032f30]: MarkForEviction Type:1 LSID:22390[0m
[0;32m[1784654597.964] [5419:5421] [SC] SecureSession[0x7407d0032f30, LSID:22390]: State change 'kActive' --> 'kPendingEviction'[0m
[0;34m[1784654597.964] [5419:5421] [IN] SecureSession[0x7407d0032f30]: Released - Type:1 LSID:22390[0m
[0;32m[1784654597.964] [5419:5421] [CTL] Commissioning complete for node ID 0x0000000000000001: success[0m
[0;32m[1784654597.964] [5419:5421] [TOO] Device commissioning completed with success[0m
[0;34m[1784654597.964] [5419:5421] [DMG] ICR moving to [AwaitingDe][0m
[0;32m[1784654597.964] [5419:5421] [EM] <<< [E:56700i S:22391 M:81558617 (Ack:48571241)] (S) Msg TX from 000000000001B669 to 1:0000000000000001 [516E] [UDP:[fe80::bfe:a203:38f0:bce7%enp0s3]:5540] --- Type 0000:10 (SecureChannel:StandaloneAck) (B:34)[0m
[0;34m[1784654597.964] [5419:5421] [EM] Flushed pending ack for MessageCounter:48571241 on exchange 56700i[0m
[0;34m[1784654597.964] [5419:5419] [CTL] Shutting down the commissioner[0m
[0;32m[1784654597.964] [5419:5419] [PAF] WiFiPAF: Closing all WiFiPAF sessions to shutdown[0m
[0;34m[1784654597.964] [5419:5419] [CTL] Shutting down the controller[0m
[0;34m[1784654597.964] [5419:5419] [IN] Expiring all sessions for fabric 0x1!![0m
[0;34m[1784654597.964] [5419:5419] [IN] SecureSession[0x7407d00647b0]: MarkForEviction Type:2 LSID:22391[0m
[0;32m[1784654597.964] [5419:5419] [SC] SecureSession[0x7407d00647b0, LSID:22391]: State change 'kActive' --> 'kPendingEviction'[0m
[0;34m[1784654597.964] [5419:5419] [IN] SecureSession[0x7407d00647b0]: Released - Type:2 LSID:22391[0m
[0;32m[1784654597.964] [5419:5419] [FP] Forgetting fabric 0x1[0m
[0;32m[1784654597.964] [5419:5419] [TS] Pending Last Known Good Time: 2023-10-14T01:16:48[0m
[0;32m[1784654597.964] [5419:5419] [TS] Previous Last Known Good Time: 2023-10-14T01:16:48[0m
[0;32m[1784654597.964] [5419:5419] [TS] Reverted Last Known Good Time to previous value[0m
[0;34m[1784654597.964] [5419:5419] [CTL] Shutting down the commissioner[0m
[0;32m[1784654597.964] [5419:5419] [PAF] WiFiPAF: Closing all WiFiPAF sessions to shutdown[0m
[0;34m[1784654597.964] [5419:5419] [CTL] Shutting down the controller[0m
[0;34m[1784654597.964] [5419:5419] [CTL] Shutting down the System State, this will teardown the CHIP Stack[0m
[0;34m[1784654597.964] [5419:5419] [DMG] All ReadHandler-s are clean, clear GlobalDirtySet[0m
[0;32m[1784654597.964] [5419:5419] [FP] Shutting down FabricTable[0m
[0;32m[1784654597.964] [5419:5419] [TS] Pending Last Known Good Time: 2023-10-14T01:16:48[0m
[0;32m[1784654597.964] [5419:5419] [TS] Previous Last Known Good Time: 2023-10-14T01:16:48[0m
[0;32m[1784654597.964] [5419:5419] [TS] Reverted Last Known Good Time to previous value[0m
[0;34m[1784654597.968] [5419:5419] [DL] Wrote settings to /tmp/chip_counters.ini[0m
[0;32m[1784654597.968] [5419:5419] [DL] NVS set: chip-counters/total-operational-hours = 0 (0x0)[0m
[0;32m[1784654597.968] [5419:5419] [DL] Inet Layer shutdown[0m
[0;32m[1784654597.968] [5419:5419] [DL] BLE Layer shutdown[0m
[0;32m[1784654597.968] [5419:5419] [DL] WiFi-PAF Layer shutdown[0m
[0;32m[1784654597.968] [5419:5419] [PAF] WiFiPAF: Closing all WiFiPAF sessions to shutdown[0m
[0;32m[1784654597.968] [5419:5419] [DL] System Layer shutdown[0m
