[0;34m[1784654118.599] [3569:3569] [DL] ChipLinuxStorage::Init: Using KVS config file: /tmp/chip_kvs_test[0m
[0;34m[1784654118.603] [3569:3569] [DL] Wrote settings to /tmp/chip_kvs_test[0m
[1;31m[1784654118.604] [3569:3569] [DL] ChipLinuxStorage::Init: Attempt to re-initialize with KVS config file: /tmp/chip_kvs, IGNORING.[0m
[0;34m[1784654118.606] [3569:3569] [DL] ChipLinuxStorage::Init: Using KVS config file: /tmp/chip_factory.ini[0m
[0;34m[1784654118.608] [3569:3569] [DL] Wrote settings to /tmp/chip_factory.ini[0m
[0;34m[1784654118.608] [3569:3569] [DL] ChipLinuxStorage::Init: Using KVS config file: /tmp/chip_config.ini[0m
[0;34m[1784654118.610] [3569:3569] [DL] Wrote settings to /tmp/chip_config.ini[0m
[0;34m[1784654118.610] [3569:3569] [DL] ChipLinuxStorage::Init: Using KVS config file: /tmp/chip_counters.ini[0m
[0;34m[1784654118.612] [3569:3569] [DL] Wrote settings to /tmp/chip_counters.ini[0m
[0;34m[1784654118.614] [3569:3569] [DL] Wrote settings to /tmp/chip_config.ini[0m
[0;32m[1784654118.614] [3569:3569] [DL] NVS set: chip-config/unique-id = "EA846D69A0F869E6"[0m
[0;34m[1784654118.617] [3569:3569] [DL] Wrote settings to /tmp/chip_factory.ini[0m
[0;32m[1784654118.617] [3569:3569] [DL] NVS set: chip-factory/vendor-id = 65521 (0xFFF1)[0m
[0;34m[1784654118.619] [3569:3569] [DL] Wrote settings to /tmp/chip_factory.ini[0m
[0;32m[1784654118.619] [3569:3569] [DL] NVS set: chip-factory/product-id = 32769 (0x8001)[0m
[0;34m[1784654118.622] [3569:3569] [DL] Wrote settings to /tmp/chip_counters.ini[0m
[0;32m[1784654118.622] [3569:3569] [DL] NVS set: chip-counters/reboot-count = 1 (0x1)[0m
[0;34m[1784654118.624] [3569:3569] [DL] Wrote settings to /tmp/chip_counters.ini[0m
[0;32m[1784654118.624] [3569:3569] [DL] NVS set: chip-counters/total-operational-hours = 0 (0x0)[0m
[0;34m[1784654118.626] [3569:3569] [DL] Wrote settings to /tmp/chip_counters.ini[0m
[0;32m[1784654118.626] [3569:3569] [DL] NVS set: chip-counters/boot-reason = 0 (0x0)[0m
[0;34m[1784654118.628] [3569:3569] [DL] Wrote settings to /tmp/chip_config.ini[0m
[0;32m[1784654118.628] [3569:3569] [DL] NVS set: chip-config/regulatory-location = 0 (0x0)[0m
[0;34m[1784654118.630] [3569:3569] [DL] Wrote settings to /tmp/chip_config.ini[0m
[0;32m[1784654118.630] [3569:3569] [DL] NVS set: chip-config/location-capability = 2 (0x2)[0m
[0;34m[1784654118.632] [3569:3569] [DL] Wrote settings to /tmp/chip_config.ini[0m
[0;32m[1784654118.632] [3569:3569] [DL] NVS set: chip-config/configuration-version = 1 (0x1)[0m
[0;32m[1784654118.633] [3569:3569] [DL] Got Ethernet interface: enp0s3[0m
[0;32m[1784654118.633] [3569:3569] [DL] Found the primary Ethernet interface:enp0s3[0m
[1;31m[1784654118.633] [3569:3569] [DL] Failed to get WiFi interface[0m
[1;31m[1784654118.633] [3569:3569] [DL] Failed to reset WiFi statistic counts[0m
[0;32m[1784654118.633] [3569:3569] [PAF] WiFiPAF: WiFiPAFLayer::Init()[0m
[1;31m[1784654118.633] [3569:3569] [-] *** WARNING: Using temporary passcode 20202021 due to no neither --passcode or --spake2p-verifier-base64 given on command line or factory configuration. This is temporary and will disappear. Please update your scripts to explicitly configure onboarding credentials. ***[0m
[1;31m[1784654118.633] [3569:3569] [-] *** WARNING: Using temporary test discriminator 3840 due to --discriminator not given on command line or factory configuration. This is temporary and will disappear. Please update your scripts to explicitly configure onboarding credentials. ***[0m
[0;32m[1784654118.633] [3569:3569] [SPT] LinuxCommissionableDataProvider didn't get a PASE salt, generating one.[0m
[0;32m[1784654118.634] [3569:3569] [DL] Device Configuration:[0m
[0;32m[1784654118.634] [3569:3569] [DL]   Serial Number: TEST_SN[0m
[0;32m[1784654118.634] [3569:3569] [DL]   Vendor Id: 65521 (0xFFF1)[0m
[0;32m[1784654118.634] [3569:3569] [DL]   Product Id: 32769 (0x8001)[0m
[0;32m[1784654118.634] [3569:3569] [DL]   Product Name: TEST_PRODUCT[0m
[0;32m[1784654118.634] [3569:3569] [DL]   Hardware Version: 0[0m
[0;32m[1784654118.634] [3569:3569] [DL]   Setup Pin Code (0 for UNKNOWN/ERROR): 20202021[0m
[0;32m[1784654118.634] [3569:3569] [DL]   Setup Discriminator (0xFFFF for UNKNOWN/ERROR): 3840 (0xF00)[0m
[0;32m[1784654118.634] [3569:3569] [DL]   Manufacturing Date: (not set)[0m
[0;32m[1784654118.634] [3569:3569] [DL]   Device Type: 257 (0x101)[0m
[0;32m[1784654118.634] [3569:3569] [-] ==== Onboarding payload for Standard Commissioning Flow ====[0m
[0;32m[1784654118.634] [3569:3569] [SVR] SetupQRCode: [MT:-24J042C00KA0648G00][0m
[0;32m[1784654118.634] [3569:3569] [SVR] Copy/paste the below URL in a browser to see the QR Code:[0m
[0;32m[1784654118.634] [3569:3569] [SVR] https://project-chip.github.io/connectedhomeip/qrcode.html?data=MT%3A-24J042C00KA0648G00[0m
[0;32m[1784654118.634] [3569:3569] [SVR] Manual pairing code: [34970112332][0m
[0;32m[1784654118.634] [3569:3569] [SVR] Initializing subscription resumption storage...[0m
[0;34m[1784654118.636] [3569:3569] [DL] Wrote settings to /tmp/chip_kvs_test[0m
[0;32m[1784654118.636] [3569:3569] [SVR] Server initializing...[0m
[0;34m[1784654118.636] [3569:3569] [FP] Initializing FabricTable from persistent storage[0m
[0;32m[1784654118.636] [3569:3569] [TS] Last Known Good Time: [unknown][0m
[0;32m[1784654118.636] [3569:3569] [TS] Setting Last Known Good Time to firmware build time 2023-10-14T01:16:48[0m
[0;34m[1784654118.638] [3569:3569] [DL] Wrote settings to /tmp/chip_kvs_test[0m
[0;32m[1784654118.638] [3569:3569] [DMG] AccessControl: initializing[0m
[0;32m[1784654118.638] [3569:3569] [DMG] Examples::AccessControlDelegate::Init[0m
[0;32m[1784654118.638] [3569:3569] [DMG] AccessControl: setting[0m
[0;32m[1784654118.638] [3569:3569] [DMG] DefaultAclStorage: initializing[0m
[0;32m[1784654118.638] [3569:3569] [DMG] DefaultAclStorage: 0 entries loaded[0m
[0;34m[1784654118.638] [3569:3569] [IN] UDP::Init bind&listen port=5540[0m
[0;34m[1784654118.638] [3569:3569] [IN] UDP::Init bound to port=5540[0m
[0;34m[1784654118.638] [3569:3569] [IN] UDP::Init bind&listen port=5540[0m
[0;34m[1784654118.638] [3569:3569] [IN] UDP::Init bound to port=5540[0m
[0;34m[1784654118.638] [3569:3569] [IN] BLEBase::Init - setting/overriding transport[0m
[0;32m[1784654118.638] [3569:3569] [IN] TCP server listening on port 5540 for incoming connections[0m
[0;32m[1784654118.638] [3569:3569] [IN] TCP server listening on port 5540 for incoming connections[0m
[0;34m[1784654118.638] [3569:3569] [IN] WiFiPAFBase::Init - setting/overriding transport[0m
[0;34m[1784654118.638] [3569:3569] [IN] TransportMgr initialized[0m
[0;34m[1784654118.640] [3569:3569] [DL] Wrote settings to /tmp/chip_kvs_test[0m
[0;34m[1784654118.642] [3569:3569] [DL] Wrote settings to /tmp/chip_kvs_test[0m
[0;34m[1784654118.645] [3569:3569] [DL] Wrote settings to /tmp/chip_kvs_test[0m
[0;32m[1784654118.645] [3569:3569] [DMG] Ember attribute persistence requires setting up[0m
[0;32m[1784654118.645] [3569:3569] [ZCL] Using ZAP configuration...[0m
[0;34m[1784654118.645] [3569:3569] [DMG] Failed to read stored attribute (1, 0x0000_0006, 0x0000_0000: src/platform/Linux/KeyValueStoreManagerImpl.cpp:53: CHIP Error 0x000000A0: Value not found in the persisted storage[0m
[0;34m[1784654118.645] [3569:3569] [DMG] Failed to read stored attribute (1, 0x0000_0006, 0x0000_4003: src/platform/Linux/KeyValueStoreManagerImpl.cpp:53: CHIP Error 0x000000A0: Value not found in the persisted storage[0m
[0;34m[1784654118.645] [3569:3569] [DMG] Failed to read stored attribute (1, 0x0000_0008, 0x0000_0000: src/platform/Linux/KeyValueStoreManagerImpl.cpp:53: CHIP Error 0x000000A0: Value not found in the persisted storage[0m
[0;34m[1784654118.645] [3569:3569] [DMG] Failed to read stored attribute (1, 0x0000_0008, 0x0000_4000: src/platform/Linux/KeyValueStoreManagerImpl.cpp:53: CHIP Error 0x000000A0: Value not found in the persisted storage[0m
[0;34m[1784654118.645] [3569:3569] [DMG] Failed to read stored attribute (1, 0x0000_0050, 0x0000_0003: src/platform/Linux/KeyValueStoreManagerImpl.cpp:53: CHIP Error 0x000000A0: Value not found in the persisted storage[0m
[0;34m[1784654118.645] [3569:3569] [DMG] Failed to read stored attribute (1, 0x0000_0050, 0x0000_0004: src/platform/Linux/KeyValueStoreManagerImpl.cpp:53: CHIP Error 0x000000A0: Value not found in the persisted storage[0m
[0;34m[1784654118.645] [3569:3569] [DMG] Failed to read stored attribute (1, 0x0000_0050, 0x0000_0005: src/platform/Linux/KeyValueStoreManagerImpl.cpp:53: CHIP Error 0x000000A0: Value not found in the persisted storage[0m
[0;34m[1784654118.645] [3569:3569] [DMG] Failed to read stored attribute (1, 0x0000_005C, 0x0000_0000: src/platform/Linux/KeyValueStoreManagerImpl.cpp:53: CHIP Error 0x000000A0: Value not found in the persisted storage[0m
[0;34m[1784654118.645] [3569:3569] [DMG] Failed to read stored attribute (1, 0x0000_005C, 0x0000_0001: src/platform/Linux/KeyValueStoreManagerImpl.cpp:53: CHIP Error 0x000000A0: Value not found in the persisted storage[0m
[0;34m[1784654118.645] [3569:3569] [DMG] Failed to read stored attribute (1, 0x0000_005C, 0x0000_0002: src/platform/Linux/KeyValueStoreManagerImpl.cpp:53: CHIP Error 0x000000A0: Value not found in the persisted storage[0m
[0;34m[1784654118.645] [3569:3569] [DMG] Failed to read stored attribute (1, 0x0000_005C, 0x0000_0003: src/platform/Linux/KeyValueStoreManagerImpl.cpp:53: CHIP Error 0x000000A0: Value not found in the persisted storage[0m
[0;34m[1784654118.645] [3569:3569] [DMG] Failed to read stored attribute (1, 0x0000_005C, 0x0000_0004: src/platform/Linux/KeyValueStoreManagerImpl.cpp:53: CHIP Error 0x000000A0: Value not found in the persisted storage[0m
[0;34m[1784654118.645] [3569:3569] [DMG] Failed to read stored attribute (1, 0x0000_005C, 0x0000_0006: src/platform/Linux/KeyValueStoreManagerImpl.cpp:53: CHIP Error 0x000000A0: Value not found in the persisted storage[0m
[0;34m[1784654118.645] [3569:3569] [DMG] Failed to read stored attribute (1, 0x0000_005C, 0x0000_0007: src/platform/Linux/KeyValueStoreManagerImpl.cpp:53: CHIP Error 0x000000A0: Value not found in the persisted storage[0m
[0;34m[1784654118.645] [3569:3569] [DMG] Failed to read stored attribute (1, 0x0000_0081, 0x0000_0001: src/platform/Linux/KeyValueStoreManagerImpl.cpp:53: CHIP Error 0x000000A0: Value not found in the persisted storage[0m
[0;34m[1784654118.645] [3569:3569] [DMG] Failed to read stored attribute (1, 0x0000_0081, 0x0000_0008: src/platform/Linux/KeyValueStoreManagerImpl.cpp:53: CHIP Error 0x000000A0: Value not found in the persisted storage[0m
[0;34m[1784654118.645] [3569:3569] [DMG] Failed to read stored attribute (1, 0x0000_0102, 0x0000_0003: src/platform/Linux/KeyValueStoreManagerImpl.cpp:53: CHIP Error 0x000000A0: Value not found in the persisted storage[0m
[0;34m[1784654118.645] [3569:3569] [DMG] Failed to read stored attribute (1, 0x0000_0102, 0x0000_0004: src/platform/Linux/KeyValueStoreManagerImpl.cpp:53: CHIP Error 0x000000A0: Value not found in the persisted storage[0m
[0;34m[1784654118.645] [3569:3569] [DMG] Failed to read stored attribute (1, 0x0000_0102, 0x0000_0005: src/platform/Linux/KeyValueStoreManagerImpl.cpp:53: CHIP Error 0x000000A0: Value not found in the persisted storage[0m
[0;34m[1784654118.645] [3569:3569] [DMG] Failed to read stored attribute (1, 0x0000_0102, 0x0000_0006: src/platform/Linux/KeyValueStoreManagerImpl.cpp:53: CHIP Error 0x000000A0: Value not found in the persisted storage[0m
[0;34m[1784654118.645] [3569:3569] [DMG] Failed to read stored attribute (1, 0x0000_0102, 0x0000_0007: src/platform/Linux/KeyValueStoreManagerImpl.cpp:53: CHIP Error 0x000000A0: Value not found in the persisted storage[0m
[0;34m[1784654118.645] [3569:3569] [DMG] Failed to read stored attribute (1, 0x0000_0102, 0x0000_0008: src/platform/Linux/KeyValueStoreManagerImpl.cpp:53: CHIP Error 0x000000A0: Value not found in the persisted storage[0m
[0;34m[1784654118.645] [3569:3569] [DMG] Failed to read stored attribute (1, 0x0000_0102, 0x0000_0009: src/platform/Linux/KeyValueStoreManagerImpl.cpp:53: CHIP Error 0x000000A0: Value not found in the persisted storage[0m
[0;34m[1784654118.645] [3569:3569] [DMG] Failed to read stored attribute (1, 0x0000_0102, 0x0000_000E: src/platform/Linux/KeyValueStoreManagerImpl.cpp:53: CHIP Error 0x000000A0: Value not found in the persisted storage[0m
[0;34m[1784654118.645] [3569:3569] [DMG] Failed to read stored attribute (1, 0x0000_0102, 0x0000_000F: src/platform/Linux/KeyValueStoreManagerImpl.cpp:53: CHIP Error 0x000000A0: Value not found in the persisted storage[0m
[0;34m[1784654118.645] [3569:3569] [DMG] Failed to read stored attribute (1, 0x0000_0102, 0x0000_0010: src/platform/Linux/KeyValueStoreManagerImpl.cpp:53: CHIP Error 0x000000A0: Value not found in the persisted storage[0m
[0;34m[1784654118.645] [3569:3569] [DMG] Failed to read stored attribute (1, 0x0000_0102, 0x0000_0011: src/platform/Linux/KeyValueStoreManagerImpl.cpp:53: CHIP Error 0x000000A0: Value not found in the persisted storage[0m
[0;34m[1784654118.645] [3569:3569] [DMG] Failed to read stored attribute (1, 0x0000_0102, 0x0000_0012: src/platform/Linux/KeyValueStoreManagerImpl.cpp:53: CHIP Error 0x000000A0: Value not found in the persisted storage[0m
[0;34m[1784654118.645] [3569:3569] [DMG] Failed to read stored attribute (1, 0x0000_0102, 0x0000_0013: src/platform/Linux/KeyValueStoreManagerImpl.cpp:53: CHIP Error 0x000000A0: Value not found in the persisted storage[0m
[0;34m[1784654118.645] [3569:3569] [DMG] Failed to read stored attribute (1, 0x0000_0102, 0x0000_0017: src/platform/Linux/KeyValueStoreManagerImpl.cpp:53: CHIP Error 0x000000A0: Value not found in the persisted storage[0m
[0;34m[1784654118.645] [3569:3569] [DMG] Failed to read stored attribute (1, 0x0000_0300, 0x0000_0000: src/platform/Linux/KeyValueStoreManagerImpl.cpp:53: CHIP Error 0x000000A0: Value not found in the persisted storage[0m
[0;34m[1784654118.645] [3569:3569] [DMG] Failed to read stored attribute (1, 0x0000_0300, 0x0000_0001: src/platform/Linux/KeyValueStoreManagerImpl.cpp:53: CHIP Error 0x000000A0: Value not found in the persisted storage[0m
[0;34m[1784654118.645] [3569:3569] [DMG] Failed to read stored attribute (1, 0x0000_0300, 0x0000_0003: src/platform/Linux/KeyValueStoreManagerImpl.cpp:53: CHIP Error 0x000000A0: Value not found in the persisted storage[0m
[0;34m[1784654118.645] [3569:3569] [DMG] Failed to read stored attribute (1, 0x0000_0300, 0x0000_0004: src/platform/Linux/KeyValueStoreManagerImpl.cpp:53: CHIP Error 0x000000A0: Value not found in the persisted storage[0m
[0;34m[1784654118.645] [3569:3569] [DMG] Failed to read stored attribute (1, 0x0000_0300, 0x0000_0007: src/platform/Linux/KeyValueStoreManagerImpl.cpp:53: CHIP Error 0x000000A0: Value not found in the persisted storage[0m
[0;34m[1784654118.645] [3569:3569] [DMG] Failed to read stored attribute (1, 0x0000_0300, 0x0000_4000: src/platform/Linux/KeyValueStoreManagerImpl.cpp:53: CHIP Error 0x000000A0: Value not found in the persisted storage[0m
[0;34m[1784654118.645] [3569:3569] [DMG] Failed to read stored attribute (1, 0x0000_0300, 0x0000_4001: src/platform/Linux/KeyValueStoreManagerImpl.cpp:53: CHIP Error 0x000000A0: Value not found in the persisted storage[0m
[0;34m[1784654118.645] [3569:3569] [DMG] Failed to read stored attribute (1, 0x0000_0300, 0x0000_4002: src/platform/Linux/KeyValueStoreManagerImpl.cpp:53: CHIP Error 0x000000A0: Value not found in the persisted storage[0m
[0;34m[1784654118.645] [3569:3569] [DMG] Failed to read stored attribute (1, 0x0000_0300, 0x0000_4003: src/platform/Linux/KeyValueStoreManagerImpl.cpp:53: CHIP Error 0x000000A0: Value not found in the persisted storage[0m
[0;34m[1784654118.645] [3569:3569] [DMG] Failed to read stored attribute (1, 0x0000_0300, 0x0000_4004: src/platform/Linux/KeyValueStoreManagerImpl.cpp:53: CHIP Error 0x000000A0: Value not found in the persisted storage[0m
[0;34m[1784654118.645] [3569:3569] [DMG] Failed to read stored attribute (1, 0x0000_0300, 0x0000_4010: src/platform/Linux/KeyValueStoreManagerImpl.cpp:53: CHIP Error 0x000000A0: Value not found in the persisted storage[0m
[0;34m[1784654118.647] [3569:3569] [DL] Wrote settings to /tmp/chip_kvs_test[0m
[0;34m[1784654118.647] [3569:3569] [EVL] LogEvent event number: 0x0000000000000000 priority: 1, endpoint id:  0x0 cluster id: 0x0000_0038 event id: 0x0 Epoch timestamp: 0x0000019F85ACBEF7[0m
[0;32m[1784654118.647] [3569:3569] [ZCL] Emit DSTTableEmpty event [ep=0][0m
[0;32m[1784654118.647] [3569:3569] [ZCL] Initializing TLS Certificate Management cluster.[0m
[0;32m[1784654118.647] [3569:3569] [ZCL] Initializing TLS Client Management cluster.[0m
[0;34m[1784654118.647] [3569:3569] [ZCL] UnitLocalization ep0 set default TemperatureUnit: 1[0m
[0;34m[1784654118.647] [3569:3569] [DMG] Endpoint 0, Cluster 0x0000_0004 update version to 4bee1697[0m
[0;34m[1784654118.647] [3569:3569] [DMG] Endpoint 0, Cluster 0x0000_0004 update version to 4bee1698[0m
[0;34m[1784654118.647] [3569:3569] [DMG] Endpoint 1, Cluster 0x0000_0004 update version to 8f6125ca[0m
[0;34m[1784654118.647] [3569:3569] [DMG] Endpoint 1, Cluster 0x0000_0004 update version to 8f6125cb[0m
[0;32m[1784654118.647] [3569:3569] [ZCL] Endpoint 1 On/off already set to new value[0m
[0;34m[1784654118.647] [3569:3569] [DMG] Endpoint 1, Cluster 0x0000_0008 update version to 3caab21e[0m
[0;34m[1784654118.647] [3569:3569] [ZCL] ModeBase: Unable to load the CurrentMode from the KVS. Assuming 0[0m
[0;34m[1784654118.647] [3569:3569] [ZCL] ModeBase: Unable to load the StartUpMode from the KVS. Assuming null[0m
[0;34m[1784654118.647] [3569:3569] [ZCL] ModeBase: Unable to load the OnMode from the KVS.      Assuming null[0m
[0;34m[1784654118.647] [3569:3569] [ZCL] ModeBase: Unable to load the CurrentMode from the KVS. Assuming 0[0m
[0;34m[1784654118.647] [3569:3569] [ZCL] ModeBase: Unable to load the StartUpMode from the KVS. Assuming null[0m
[0;34m[1784654118.647] [3569:3569] [ZCL] ModeBase: Unable to load the OnMode from the KVS.      Assuming null[0m
[0;34m[1784654118.647] [3569:3569] [ZCL] ModeBase: Unable to load the CurrentMode from the KVS. Assuming 0[0m
[0;34m[1784654118.647] [3569:3569] [ZCL] ModeBase: Unable to load the StartUpMode from the KVS. Assuming null[0m
[0;34m[1784654118.647] [3569:3569] [ZCL] ModeBase: Unable to load the OnMode from the KVS.      Assuming null[0m
[0;34m[1784654118.647] [3569:3569] [ZCL] ModeBase: Unable to load the CurrentMode from the KVS. Assuming 0[0m
[0;34m[1784654118.647] [3569:3569] [ZCL] ModeBase: Unable to load the StartUpMode from the KVS. Assuming null[0m
[0;34m[1784654118.647] [3569:3569] [ZCL] ModeBase: Unable to load the OnMode from the KVS.      Assuming null[0m
[0;34m[1784654118.647] [3569:3569] [ZCL] ModeBase: Unable to load the CurrentMode from the KVS. Assuming 0[0m
[0;34m[1784654118.647] [3569:3569] [ZCL] ModeBase: Unable to load the StartUpMode from the KVS. Assuming null[0m
[0;34m[1784654118.647] [3569:3569] [ZCL] ModeBase: Unable to load the OnMode from the KVS.      Assuming null[0m
[0;34m[1784654118.647] [3569:3569] [ZCL] ModeBase: Unable to load the CurrentMode from the KVS. Assuming 0[0m
[0;34m[1784654118.647] [3569:3569] [ZCL] ModeBase: Unable to load the StartUpMode from the KVS. Assuming null[0m
[0;34m[1784654118.647] [3569:3569] [ZCL] ModeBase: Unable to load the OnMode from the KVS.      Assuming null[0m
[0;34m[1784654118.647] [3569:3569] [ZCL] ModeBase: Unable to load the CurrentMode from the KVS. Assuming 0[0m
[0;34m[1784654118.647] [3569:3569] [ZCL] ModeBase: Unable to load the StartUpMode from the KVS. Assuming null[0m
[0;34m[1784654118.647] [3569:3569] [ZCL] ModeBase: Unable to load the OnMode from the KVS.      Assuming null[0m
[0;34m[1784654118.647] [3569:3569] [ZCL] ResourceMonitoring: Init[0m
[0;34m[1784654118.647] [3569:3569] [ZCL] ResourceMonitoring: Unable to load the LastChangedTime from the KVS. Assuming null[0m
[0;34m[1784654118.647] [3569:3569] [ZCL] ResourceMonitoring: calling mDelegate->Init()[0m
[0;34m[1784654118.647] [3569:3569] [ZCL] HepaFilterMonitoringDelegate::Init()[0m
[0;34m[1784654118.647] [3569:3569] [ZCL] ResourceMonitoring: Init[0m
[0;34m[1784654118.648] [3569:3569] [ZCL] ResourceMonitoring: Unable to load the LastChangedTime from the KVS. Assuming null[0m
[0;34m[1784654118.648] [3569:3569] [ZCL] ResourceMonitoring: calling mDelegate->Init()[0m
[0;34m[1784654118.648] [3569:3569] [ZCL] ActivatedCarbonFilterMonitoringDelegate::Init()[0m
[0;34m[1784654118.649] [3569:3569] [DL] Wrote settings to /tmp/chip_kvs_test[0m
[0;34m[1784654118.649] [3569:3569] [DMG] Endpoint 1, Cluster 0x0000_0102 update version to 9dbda57a[0m
[0;32m[1784654118.649] [3569:3569] [ZCL] WC POST ATTRIBUTE=7[0m
[0;32m[1784654118.650] [3569:3569] [ZCL] ConfigStatus 0x1B Operational=1 OnlineReserved=1[0m
[0;32m[1784654118.650] [3569:3569] [ZCL] Lift(PA=1 Encoder=0 Reversed=0) Tilt(PA=1 Encoder=0)[0m
[0;32m[1784654118.650] [3569:3569] [ZCL] Initialize PCC Server Cluster [EP:1][0m
[0;34m[1784654118.650] [3569:3569] [DMG] Endpoint 1, Cluster 0x0000_0300 update version to 88206ab6[0m
[0;34m[1784654118.650] [3569:3569] [DMG] Endpoint 1, Cluster 0x0000_0300 update version to 88206ab7[0m
[0;34m[1784654118.651] [3569:3569] [DL] Wrote settings to /tmp/chip_kvs_test[0m
[0;34m[1784654118.651] [3569:3569] [DMG] Endpoint 1, Cluster 0x0000_0300 update version to 88206ab8[0m
[0;34m[1784654118.651] [3569:3569] [DMG] Endpoint 1, Cluster 0x0000_0406 update version to 5a8b8ccf[0m
[0;34m[1784654118.651] [3569:3569] [DMG] Endpoint 1, Cluster 0x0000_0406 update version to 5a8b8cd0[0m
[0;34m[1784654118.651] [3569:3569] [DMG] Endpoint 1, Cluster 0x0000_040C update version to fb07cb36[0m
[0;34m[1784654118.651] [3569:3569] [DMG] Endpoint 1, Cluster 0x0000_040C update version to fb07cb37[0m
[0;34m[1784654118.651] [3569:3569] [DMG] Endpoint 1, Cluster 0x0000_040C update version to fb07cb38[0m
[0;34m[1784654118.651] [3569:3569] [DMG] Endpoint 1, Cluster 0x0000_040C update version to fb07cb39[0m
[0;34m[1784654118.651] [3569:3569] [DMG] Endpoint 1, Cluster 0x0000_040C update version to fb07cb3a[0m
[0;34m[1784654118.651] [3569:3569] [DMG] Endpoint 1, Cluster 0x0000_040C update version to fb07cb3b[0m
[0;34m[1784654118.651] [3569:3569] [DMG] Endpoint 1, Cluster 0x0000_040C update version to fb07cb3c[0m
[0;34m[1784654118.651] [3569:3569] [DMG] Endpoint 1, Cluster 0x0000_040C update version to fb07cb3d[0m
[0;34m[1784654118.651] [3569:3569] [DMG] Endpoint 1, Cluster 0x0000_040D update version to 425e7114[0m
[0;34m[1784654118.651] [3569:3569] [DMG] Endpoint 1, Cluster 0x0000_040D update version to 425e7115[0m
[0;34m[1784654118.651] [3569:3569] [DMG] Endpoint 1, Cluster 0x0000_040D update version to 425e7116[0m
[0;34m[1784654118.651] [3569:3569] [DMG] Endpoint 1, Cluster 0x0000_040D update version to 425e7117[0m
[0;34m[1784654118.651] [3569:3569] [DMG] Endpoint 1, Cluster 0x0000_040D update version to 425e7118[0m
[0;34m[1784654118.651] [3569:3569] [DMG] Endpoint 1, Cluster 0x0000_040D update version to 425e7119[0m
[0;34m[1784654118.651] [3569:3569] [DMG] Endpoint 1, Cluster 0x0000_040D update version to 425e711a[0m
[0;34m[1784654118.651] [3569:3569] [DMG] Endpoint 1, Cluster 0x0000_040D update version to 425e711b[0m
[0;34m[1784654118.651] [3569:3569] [DMG] Endpoint 1, Cluster 0x0000_0413 update version to f599db2a[0m
[0;34m[1784654118.651] [3569:3569] [DMG] Endpoint 1, Cluster 0x0000_0413 update version to f599db2b[0m
[0;34m[1784654118.651] [3569:3569] [DMG] Endpoint 1, Cluster 0x0000_0413 update version to f599db2c[0m
[0;34m[1784654118.651] [3569:3569] [DMG] Endpoint 1, Cluster 0x0000_0413 update version to f599db2d[0m
[0;34m[1784654118.651] [3569:3569] [DMG] Endpoint 1, Cluster 0x0000_0413 update version to f599db2e[0m
[0;34m[1784654118.651] [3569:3569] [DMG] Endpoint 1, Cluster 0x0000_0413 update version to f599db2f[0m
[0;34m[1784654118.651] [3569:3569] [DMG] Endpoint 1, Cluster 0x0000_0413 update version to f599db30[0m
[0;34m[1784654118.651] [3569:3569] [DMG] Endpoint 1, Cluster 0x0000_0413 update version to f599db31[0m
[0;34m[1784654118.651] [3569:3569] [DMG] Endpoint 1, Cluster 0x0000_0415 update version to 5bf38730[0m
[0;34m[1784654118.651] [3569:3569] [DMG] Endpoint 1, Cluster 0x0000_0415 update version to 5bf38731[0m
[0;34m[1784654118.651] [3569:3569] [DMG] Endpoint 1, Cluster 0x0000_0415 update version to 5bf38732[0m
[0;34m[1784654118.651] [3569:3569] [DMG] Endpoint 1, Cluster 0x0000_0415 update version to 5bf38733[0m
[0;34m[1784654118.651] [3569:3569] [DMG] Endpoint 1, Cluster 0x0000_0415 update version to 5bf38734[0m
[0;34m[1784654118.651] [3569:3569] [DMG] Endpoint 1, Cluster 0x0000_0415 update version to 5bf38735[0m
[0;34m[1784654118.651] [3569:3569] [DMG] Endpoint 1, Cluster 0x0000_0415 update version to 5bf38736[0m
[0;34m[1784654118.651] [3569:3569] [DMG] Endpoint 1, Cluster 0x0000_0415 update version to 5bf38737[0m
[0;34m[1784654118.651] [3569:3569] [DMG] Endpoint 1, Cluster 0x0000_042A update version to 40ae47a9[0m
[0;34m[1784654118.651] [3569:3569] [DMG] Endpoint 1, Cluster 0x0000_042A update version to 40ae47aa[0m
[0;34m[1784654118.651] [3569:3569] [DMG] Endpoint 1, Cluster 0x0000_042A update version to 40ae47ab[0m
[0;34m[1784654118.651] [3569:3569] [DMG] Endpoint 1, Cluster 0x0000_042A update version to 40ae47ac[0m
[0;34m[1784654118.651] [3569:3569] [DMG] Endpoint 1, Cluster 0x0000_042A update version to 40ae47ad[0m
[0;34m[1784654118.651] [3569:3569] [DMG] Endpoint 1, Cluster 0x0000_042A update version to 40ae47ae[0m
[0;34m[1784654118.651] [3569:3569] [DMG] Endpoint 1, Cluster 0x0000_042A update version to 40ae47af[0m
[0;34m[1784654118.651] [3569:3569] [DMG] Endpoint 1, Cluster 0x0000_042A update version to 40ae47b0[0m
[0;34m[1784654118.651] [3569:3569] [DMG] Endpoint 1, Cluster 0x0000_042B update version to 9cbc481e[0m
[0;34m[1784654118.651] [3569:3569] [DMG] Endpoint 1, Cluster 0x0000_042B update version to 9cbc481f[0m
[0;34m[1784654118.651] [3569:3569] [DMG] Endpoint 1, Cluster 0x0000_042B update version to 9cbc4820[0m
[0;34m[1784654118.651] [3569:3569] [DMG] Endpoint 1, Cluster 0x0000_042B update version to 9cbc4821[0m
[0;34m[1784654118.651] [3569:3569] [DMG] Endpoint 1, Cluster 0x0000_042B update version to 9cbc4822[0m
[0;34m[1784654118.651] [3569:3569] [DMG] Endpoint 1, Cluster 0x0000_042B update version to 9cbc4823[0m
[0;34m[1784654118.651] [3569:3569] [DMG] Endpoint 1, Cluster 0x0000_042B update version to 9cbc4824[0m
[0;34m[1784654118.651] [3569:3569] [DMG] Endpoint 1, Cluster 0x0000_042B update version to 9cbc4825[0m
[0;34m[1784654118.651] [3569:3569] [DMG] Endpoint 1, Cluster 0x0000_042C update version to d386583[0m
[0;34m[1784654118.651] [3569:3569] [DMG] Endpoint 1, Cluster 0x0000_042C update version to d386584[0m
[0;34m[1784654118.651] [3569:3569] [DMG] Endpoint 1, Cluster 0x0000_042C update version to d386585[0m
[0;34m[1784654118.651] [3569:3569] [DMG] Endpoint 1, Cluster 0x0000_042C update version to d386586[0m
[0;34m[1784654118.651] [3569:3569] [DMG] Endpoint 1, Cluster 0x0000_042C update version to d386587[0m
[0;34m[1784654118.651] [3569:3569] [DMG] Endpoint 1, Cluster 0x0000_042C update version to d386588[0m
[0;34m[1784654118.651] [3569:3569] [DMG] Endpoint 1, Cluster 0x0000_042C update version to d386589[0m
[0;34m[1784654118.651] [3569:3569] [DMG] Endpoint 1, Cluster 0x0000_042C update version to d38658a[0m
[0;34m[1784654118.651] [3569:3569] [DMG] Endpoint 1, Cluster 0x0000_042D update version to 4247ada8[0m
[0;34m[1784654118.651] [3569:3569] [DMG] Endpoint 1, Cluster 0x0000_042D update version to 4247ada9[0m
[0;34m[1784654118.651] [3569:3569] [DMG] Endpoint 1, Cluster 0x0000_042D update version to 4247adaa[0m
[0;34m[1784654118.651] [3569:3569] [DMG] Endpoint 1, Cluster 0x0000_042D update version to 4247adab[0m
[0;34m[1784654118.651] [3569:3569] [DMG] Endpoint 1, Cluster 0x0000_042D update version to 4247adac[0m
[0;34m[1784654118.651] [3569:3569] [DMG] Endpoint 1, Cluster 0x0000_042D update version to 4247adad[0m
[0;34m[1784654118.651] [3569:3569] [DMG] Endpoint 1, Cluster 0x0000_042D update version to 4247adae[0m
[0;34m[1784654118.651] [3569:3569] [DMG] Endpoint 1, Cluster 0x0000_042D update version to 4247adaf[0m
[0;34m[1784654118.651] [3569:3569] [DMG] Endpoint 1, Cluster 0x0000_042E update version to 6d68df65[0m
[0;34m[1784654118.651] [3569:3569] [DMG] Endpoint 1, Cluster 0x0000_042E update version to 6d68df66[0m
[0;34m[1784654118.651] [3569:3569] [DMG] Endpoint 1, Cluster 0x0000_042E update version to 6d68df67[0m
[0;34m[1784654118.651] [3569:3569] [DMG] Endpoint 1, Cluster 0x0000_042E update version to 6d68df68[0m
[0;34m[1784654118.651] [3569:3569] [DMG] Endpoint 1, Cluster 0x0000_042E update version to 6d68df69[0m
[0;34m[1784654118.651] [3569:3569] [DMG] Endpoint 1, Cluster 0x0000_042E update version to 6d68df6a[0m
[0;34m[1784654118.651] [3569:3569] [DMG] Endpoint 1, Cluster 0x0000_042E update version to 6d68df6b[0m
[0;34m[1784654118.651] [3569:3569] [DMG] Endpoint 1, Cluster 0x0000_042E update version to 6d68df6c[0m
[0;34m[1784654118.651] [3569:3569] [DMG] Endpoint 1, Cluster 0x0000_042F update version to 884ffdb0[0m
[0;34m[1784654118.651] [3569:3569] [DMG] Endpoint 1, Cluster 0x0000_042F update version to 884ffdb1[0m
[0;34m[1784654118.652] [3569:3569] [DMG] Endpoint 1, Cluster 0x0000_042F update version to 884ffdb2[0m
[0;34m[1784654118.652] [3569:3569] [DMG] Endpoint 1, Cluster 0x0000_042F update version to 884ffdb3[0m
[0;34m[1784654118.652] [3569:3569] [DMG] Endpoint 1, Cluster 0x0000_042F update version to 884ffdb4[0m
[0;34m[1784654118.652] [3569:3569] [DMG] Endpoint 1, Cluster 0x0000_042F update version to 884ffdb5[0m
[0;34m[1784654118.652] [3569:3569] [DMG] Endpoint 1, Cluster 0x0000_042F update version to 884ffdb6[0m
[0;34m[1784654118.652] [3569:3569] [DMG] Endpoint 1, Cluster 0x0000_042F update version to 884ffdb7[0m
[0;32m[1784654118.652] [3569:3569] [-] Setting LowPower default delegate to global manager[0m
[0;34m[1784654118.652] [3569:3569] [DMG] Endpoint 2, Cluster 0x0000_0004 update version to 6711584a[0m
[0;34m[1784654118.652] [3569:3569] [DMG] Endpoint 2, Cluster 0x0000_0004 update version to 6711584b[0m
[1;31m[1784654118.652] [3569:3569] [IM] Duplicate attribute override registration failed[0m
[0;34m[1784654118.652] [3569:3569] [DMG] Endpoint 2, Cluster 0x0000_0406 update version to 9ecb8bf4[0m
[0;34m[1784654118.652] [3569:3569] [DMG] Endpoint 2, Cluster 0x0000_0406 update version to 9ecb8bf5[0m
[0;32m[1784654118.652] [3569:3569] [DMG] TLSClientManagementCluster: initializing[0m
[0;32m[1784654118.652] [3569:3569] [DMG] TLSCertificateManagementCluster: initializing[0m
[0;34m[1784654118.652] [3569:3569] [ZCL] Chime: Unable to load the SelectedChime attribute from the KVS. Defaulting to 0[0m
[0;34m[1784654118.652] [3569:3569] [ZCL] Chime: Unable to load the Enabled attribute from the KVS. Defaulting to 1[0m
[0;34m[1784654118.652] [3569:3569] [EVL] LogEvent event number: 0x0000000000000001 priority: 2, endpoint id:  0x0 cluster id: 0x0000_0033 event id: 0x3 Epoch timestamp: 0x0000019F85ACBEFC[0m
[0;34m[1784654118.654] [3569:3569] [DL] Wrote settings to /tmp/chip_kvs_test[0m
[0;32m[1784654118.654] [3569:3569] [DMG] AccessControlCluster: initializing[0m
[0;34m[1784654118.654] [3569:3569] [IN] SecureSession[0x5ee130b40890]: Allocated Type:1 LSID:58741[0m
[0;34m[1784654118.654] [3569:3569] [SC] Assigned local session key ID 58741[0m
[0;34m[1784654118.654] [3569:3569] [SC] Waiting for PBKDF param request[0m
[0;32m[1784654118.654] [3569:3569] [DIS] Updating services using commissioning mode 1[0m
[0;32m[1784654118.654] [3569:3569] [DIS] CHIP minimal mDNS started advertising.[0m
[0;34m[1784654118.654] [3569:3569] [DL] Using WiFi MAC for hostname[0m
[0;34m[1784654118.654] [3569:3569] [DIS] DNS-SD Pairing Instruction not set[0m
[0;32m[1784654118.654] [3569:3569] [DIS] Advertise commission parameter vendorID=65521 productID=32769 discriminator=3840/15 cm=1 cp=0 jf=0[0m
[0;34m[1784654118.654] [3569:3569] [DIS] Responding with _matterc._udp.local[0m
[0;34m[1784654118.654] [3569:3569] [DIS] Responding with B85645EE21A87A77._matterc._udp.local[0m
[0;34m[1784654118.654] [3569:3569] [DIS] Responding with 080027AE1A43.local[0m
[0;34m[1784654118.654] [3569:3569] [DIS] Responding with 080027AE1A43.local[0m
[0;34m[1784654118.654] [3569:3569] [DIS] Responding with _V65521._sub._matterc._udp.local[0m
[0;34m[1784654118.654] [3569:3569] [DIS] Responding with _T257._sub._matterc._udp.local[0m
[0;34m[1784654118.654] [3569:3569] [DIS] Responding with _S15._sub._matterc._udp.local[0m
[0;34m[1784654118.654] [3569:3569] [DIS] Responding with _L3840._sub._matterc._udp.local[0m
[0;34m[1784654118.654] [3569:3569] [DIS] Responding with _CM._sub._matterc._udp.local[0m
[0;34m[1784654118.654] [3569:3569] [DIS] Responding with B85645EE21A87A77._matterc._udp.local[0m
[0;32m[1784654118.654] [3569:3569] [DIS] CHIP minimal mDNS configured as 'Commissionable node device'; instance name: B85645EE21A87A77.[0m
[0;32m[1784654118.654] [3569:3569] [DIS] mDNS service published: _matterc._udp[0m
[0;32m[1784654118.654] [3569:3569] [DIS] Updating services using commissioning mode 1[0m
[0;32m[1784654118.655] [3569:3569] [DIS] CHIP minimal mDNS started advertising.[0m
[0;34m[1784654118.656] [3569:3569] [DL] Using WiFi MAC for hostname[0m
[0;34m[1784654118.656] [3569:3569] [DIS] DNS-SD Pairing Instruction not set[0m
[0;32m[1784654118.656] [3569:3569] [DIS] Advertise commission parameter vendorID=65521 productID=32769 discriminator=3840/15 cm=1 cp=0 jf=0[0m
[0;34m[1784654118.656] [3569:3569] [DIS] Responding with _matterc._udp.local[0m
[0;34m[1784654118.656] [3569:3569] [DIS] Responding with B85645EE21A87A77._matterc._udp.local[0m
[0;34m[1784654118.656] [3569:3569] [DIS] Responding with 080027AE1A43.local[0m
[0;34m[1784654118.656] [3569:3569] [DIS] Responding with 080027AE1A43.local[0m
[0;34m[1784654118.656] [3569:3569] [DIS] Responding with _V65521._sub._matterc._udp.local[0m
[0;34m[1784654118.656] [3569:3569] [DIS] Responding with _T257._sub._matterc._udp.local[0m
[0;34m[1784654118.656] [3569:3569] [DIS] Responding with _S15._sub._matterc._udp.local[0m
[0;34m[1784654118.656] [3569:3569] [DIS] Responding with _L3840._sub._matterc._udp.local[0m
[0;34m[1784654118.656] [3569:3569] [DIS] Responding with _CM._sub._matterc._udp.local[0m
[0;34m[1784654118.656] [3569:3569] [DIS] Responding with B85645EE21A87A77._matterc._udp.local[0m
[0;32m[1784654118.656] [3569:3569] [DIS] CHIP minimal mDNS configured as 'Commissionable node device'; instance name: B85645EE21A87A77.[0m
[0;32m[1784654118.657] [3569:3569] [DIS] mDNS service published: _matterc._udp[0m
[0;32m[1784654118.657] [3569:3569] [IN] CASE Server enabling CASE session setups[0m
[0;34m[1784654118.657] [3569:3569] [IN] SecureSession[0x5ee130b40da0]: Allocated Type:2 LSID:58742[0m
[0;34m[1784654118.657] [3569:3569] [SC] Allocated SecureSession (0x5ee130b40da0) - waiting for Sigma1 msg[0m
[0;32m[1784654118.657] [3569:3569] [SVR] Joining Multicast groups[0m
[0;34m[1784654118.657] [3569:3569] [ZCL] Emitting StartUp event[0m
[0;34m[1784654118.657] [3569:3569] [EVL] LogEvent event number: 0x0000000000000002 priority: 2, endpoint id:  0x0 cluster id: 0x0000_0028 event id: 0x0 Epoch timestamp: 0x0000019F85ACBF01[0m
[0;32m[1784654118.657] [3569:3569] [SVR] Server initialization complete[0m
[0;32m[1784654118.657] [3569:3569] [SVR] Server Listening...[0m
[0;32m[1784654118.657] [3569:3569] [DL] Device Configuration:[0m
[0;32m[1784654118.657] [3569:3569] [DL]   Serial Number: TEST_SN[0m
[0;32m[1784654118.657] [3569:3569] [DL]   Vendor Id: 65521 (0xFFF1)[0m
[0;32m[1784654118.657] [3569:3569] [DL]   Product Id: 32769 (0x8001)[0m
[0;32m[1784654118.657] [3569:3569] [DL]   Product Name: TEST_PRODUCT[0m
[0;32m[1784654118.657] [3569:3569] [DL]   Hardware Version: 0[0m
[0;32m[1784654118.657] [3569:3569] [DL]   Setup Pin Code (0 for UNKNOWN/ERROR): 20202021[0m
[0;32m[1784654118.657] [3569:3569] [DL]   Setup Discriminator (0xFFFF for UNKNOWN/ERROR): 3840 (0xF00)[0m
[0;32m[1784654118.657] [3569:3569] [DL]   Manufacturing Date: (not set)[0m
[0;32m[1784654118.657] [3569:3569] [DL]   Device Type: 257 (0x101)[0m
[0;32m[1784654118.657] [3569:3569] [SVR] SetupQRCode: [MT:-24J042C00KA0648G00][0m
[0;32m[1784654118.657] [3569:3569] [SVR] Copy/paste the below URL in a browser to see the QR Code:[0m
[0;32m[1784654118.657] [3569:3569] [SVR] https://project-chip.github.io/connectedhomeip/qrcode.html?data=MT%3A-24J042C00KA0648G00[0m
[0;32m[1784654118.657] [3569:3569] [SVR] Manual pairing code: [34970112332][0m
[0;34m[1784654118.657] [3569:3569] [DMG] Endpoint 0, Cluster 0x0000_001D update version to 6138e6f2[0m
[0;34m[1784654118.657] [3569:3569] [DMG] Endpoint 1, Cluster 0x0000_005D update version to 7e5f9b11[0m
[0;34m[1784654118.657] [3569:3569] [DMG] Endpoint 1, Cluster 0x0000_005D update version to 7e5f9b12[0m
[0;34m[1784654118.657] [3569:3569] [DMG] Endpoint 1, Cluster 0x0000_005D update version to 7e5f9b13[0m
[0;34m[1784654118.657] [3569:3569] [DMG] Endpoint 1, Cluster 0x0000_005D update version to 7e5f9b14[0m
[0;34m[1784654118.657] [3569:3569] [EVL] LogEvent event number: 0x0000000000000003 priority: 1, endpoint id:  0x1 cluster id: 0x0000_005D event id: 0x0 Epoch timestamp: 0x0000019F85ACBF01[0m
[0;32m[1784654118.657] [3569:3569] [ZCL] Set number of supported temperature units to: 2[0m
[0;34m[1784654118.657] [3569:3569] [DMG] Endpoint 0, Cluster 0x0000_002D update version to 287cd495[0m
[0;34m[1784654118.659] [3569:3569] [DL] Wrote settings to /tmp/chip_kvs_test[0m
[0;32m[1784654118.659] [3569:3569] [DL] ===== APP STATUS: Starting event loop =====[0m
[1;31m[1784654143.665] [3569:3573] [DL] FAIL: Get D-Bus object manager client: Error calling StartServiceByName for org.bluez: Timeout was reached[0m
[1;31m[1784654143.665] [3569:3569] [DL] Disabling CHIPoBLE service due to error: src/platform/Linux/bluez/BluezObjectManager.cpp:280: CHIP Error 0x000000AC: Internal error[0m
[1;31m[1784654143.665] [3569:3569] [DL] Long dispatch time: 25006 ms, for event type 3[0m
[0;32m[1784654143.665] [3569:3569] [SVR] Cannot load binding table: src/platform/Linux/KeyValueStoreManagerImpl.cpp:53: CHIP Error 0x000000A0: Value not found in the persisted storage[0m
[0;32m[1784654143.665] [3569:3569] [DIS] Updating services using commissioning mode 1[0m
[0;32m[1784654143.666] [3569:3569] [DIS] CHIP minimal mDNS started advertising.[0m
[0;34m[1784654143.668] [3569:3569] [DL] Using WiFi MAC for hostname[0m
[0;34m[1784654143.668] [3569:3569] [DIS] DNS-SD Pairing Instruction not set[0m
[0;32m[1784654143.668] [3569:3569] [DIS] Advertise commission parameter vendorID=65521 productID=32769 discriminator=3840/15 cm=1 cp=0 jf=0[0m
[0;34m[1784654143.668] [3569:3569] [DIS] Responding with _matterc._udp.local[0m
[0;34m[1784654143.668] [3569:3569] [DIS] Responding with B85645EE21A87A77._matterc._udp.local[0m
[0;34m[1784654143.668] [3569:3569] [DIS] Responding with 080027AE1A43.local[0m
[0;34m[1784654143.668] [3569:3569] [DIS] Responding with 080027AE1A43.local[0m
[0;34m[1784654143.668] [3569:3569] [DIS] Responding with _V65521._sub._matterc._udp.local[0m
[0;34m[1784654143.668] [3569:3569] [DIS] Responding with _T257._sub._matterc._udp.local[0m
[0;34m[1784654143.668] [3569:3569] [DIS] Responding with _S15._sub._matterc._udp.local[0m
[0;34m[1784654143.668] [3569:3569] [DIS] Responding with _L3840._sub._matterc._udp.local[0m
[0;34m[1784654143.668] [3569:3569] [DIS] Responding with _CM._sub._matterc._udp.local[0m
[0;34m[1784654143.668] [3569:3569] [DIS] Responding with B85645EE21A87A77._matterc._udp.local[0m
[0;32m[1784654143.668] [3569:3569] [DIS] CHIP minimal mDNS configured as 'Commissionable node device'; instance name: B85645EE21A87A77.[0m
[0;32m[1784654143.668] [3569:3569] [DIS] mDNS service published: _matterc._udp[0m
[0;32m[1784654143.669] [3569:3569] [IM] No subscriptions to resume[0m
[0;34m[1784654143.669] [3569:3569] [DMG] Endpoint 0, Cluster 0x0000_0038 update version to 65111f4f[0m
[0;32m[1784654143.905] [3569:3569] [EM] >>> [E:19484r S:0 M:110311671] (U) Msg RX from 0:FEB8F6A961FB8F01 [0000] to 0000000000000000 --- Type 0000:20 (SecureChannel:PBKDFParamRequest) (B:98)[0m
[0;34m[1784654143.905] [3569:3569] [EM] Handling via exchange: 19484r, Delegate: 0x5ee114ed2d08[0m
[0;34m[1784654143.905] [3569:3569] [SC] Received PBKDF param request[0m
[0;34m[1784654143.905] [3569:3569] [SC] Peer assigned session ID 26324[0m
[0;34m[1784654143.905] [3569:3569] [SC] Found MRP parameters in the message[0m
[0;32m[1784654143.906] [3569:3569] [EM] <<< [E:19484r S:0 M:132076089 (Ack:110311671)] (U) Msg TX from 0000000000000000 to 0:FEB8F6A961FB8F01 [0000] [UDP:[fe80::bfe:a203:38f0:bce7%enp0s3]:58165] --- Type 0000:21 (SecureChannel:PBKDFParamResponse) (B:174)[0m
[0;32m[1784654143.906] [3569:3569] [EM] ??1 [E:19484r S:0 M:132076089] (U) Msg Retransmission to 0:0000000000000000 scheduled for 346ms from now [State:Active II:500 AI:300 AT:4000][0m
[0;34m[1784654143.906] [3569:3569] [SC] Sent PBKDF param response[0m
[0;32m[1784654143.906] [3569:3569] [SVR] Commissioning session establishment step started[0m
[0;32m[1784654143.907] [3569:3569] [EM] >>> [E:19484r S:0 M:110311672 (Ack:132076089)] (U) Msg RX from 0:FEB8F6A961FB8F01 [0000] to 0000000000000000 --- Type 0000:22 (SecureChannel:PASE_Pake1) (B:96)[0m
[0;34m[1784654143.907] [3569:3569] [EM] Found matching exchange: 19484r, Delegate: 0x5ee114ed2d08[0m
[0;34m[1784654143.907] [3569:3569] [EM] Rxd Ack; Removing MessageCounter:132076089 from Retrans Table on exchange 19484r[0m
[0;34m[1784654143.907] [3569:3569] [SC] Received spake2p msg1[0m
[0;32m[1784654143.907] [3569:3569] [EM] <<< [E:19484r S:0 M:132076090 (Ack:110311672)] (U) Msg TX from 0000000000000000 to 0:FEB8F6A961FB8F01 [0000] [UDP:[fe80::bfe:a203:38f0:bce7%enp0s3]:58165] --- Type 0000:23 (SecureChannel:PASE_Pake2) (B:131)[0m
[0;32m[1784654143.908] [3569:3569] [EM] ??1 [E:19484r S:0 M:132076090] (U) Msg Retransmission to 0:0000000000000000 scheduled for 385ms from now [State:Active II:500 AI:300 AT:4000][0m
[0;34m[1784654143.908] [3569:3569] [SC] Sent spake2p msg2[0m
[0;32m[1784654143.908] [3569:3569] [EM] >>> [E:19484r S:0 M:110311673 (Ack:132076090)] (U) Msg RX from 0:FEB8F6A961FB8F01 [0000] to 0000000000000000 --- Type 0000:24 (SecureChannel:PASE_Pake3) (B:63)[0m
[0;34m[1784654143.908] [3569:3569] [EM] Found matching exchange: 19484r, Delegate: 0x5ee114ed2d08[0m
[0;34m[1784654143.908] [3569:3569] [EM] Rxd Ack; Removing MessageCounter:132076090 from Retrans Table on exchange 19484r[0m
[0;34m[1784654143.908] [3569:3569] [SC] Received spake2p msg3[0m
[0;34m[1784654143.908] [3569:3569] [SC] Sending status report. Protocol code 0, exchange 19484[0m
[0;32m[1784654143.908] [3569:3569] [EM] <<< [E:19484r S:0 M:132076091 (Ack:110311673)] (U) Msg TX from 0000000000000000 to 0:FEB8F6A961FB8F01 [0000] [UDP:[fe80::bfe:a203:38f0:bce7%enp0s3]:58165] --- Type 0000:40 (SecureChannel:StatusReport) (B:34)[0m
[0;32m[1784654143.908] [3569:3569] [EM] ??1 [E:19484r S:0 M:132076091] (U) Msg Retransmission to 0:0000000000000000 scheduled for 360ms from now [State:Active II:500 AI:300 AT:4000][0m
[0;32m[1784654143.908] [3569:3569] [SC] SecureSession[0x5ee130b40890, LSID:58741]: State change 'kEstablishing' --> 'kActive'[0m
[0;34m[1784654143.908] [3569:3569] [IN] SecureSession[0x5ee130b40890]: Activated - Type:1 LSID:58741[0m
[0;34m[1784654143.908] [3569:3569] [IN] New secure session activated for device <FFFFFFFB00000000, 0>, LSID:58741 PSID:26324![0m
[0;32m[1784654143.908] [3569:3569] [SVR] Commissioning completed session establishment step[0m
[0;32m[1784654143.908] [3569:3569] [DIS] Updating services using commissioning mode 0[0m
[0;32m[1784654143.908] [3569:3569] [DIS] CHIP minimal mDNS started advertising.[0m
[0;32m[1784654143.910] [3569:3569] [SVR] Device completed Rendezvous process[0m
[0;32m[1784654143.910] [3569:3569] [EM] >>> [E:19485r S:58741 M:131208241] (S) Msg RX from 0:FFFFFFFB00000000 [0000] to 0000000000000000 --- Type 0001:02 (IM:ReadRequest) (B:136)[0m
[0;34m[1784654143.910] [3569:3569] [EM] Handling via exchange: 19485r, Delegate: 0x5ee114edaac8[0m
[0;34m[1784654143.910] [3569:3569] [IM] Received Read request[0m
[0;34m[1784654143.910] [3569:3569] [DMG] ReadRequestMessage =[0m
[0;34m[1784654143.910] [3569:3569] [DMG] {[0m
[0;34m[1784654143.910] [3569:3569] [DMG] 	AttributePathIBs =[0m
[0;34m[1784654143.910] [3569:3569] [DMG] 	[[0m
[0;34m[1784654143.910] [3569:3569] [DMG] 		AttributePathIB =[0m
[0;34m[1784654143.910] [3569:3569] [DMG] 		{[0m
[0;34m[1784654143.910] [3569:3569] [DMG] 			Endpoint = 0x0,[0m
[0;34m[1784654143.910] [3569:3569] [DMG] 			Cluster = 0x30,[0m
[0;34m[1784654143.910] [3569:3569] [DMG] 			Attribute = 0x0000_0004,[0m
[0;34m[1784654143.910] [3569:3569] [DMG] 		}[0m
[0;34m[1784654143.910] [3569:3569] [DMG] 			[0m
[0;34m[1784654143.910] [3569:3569] [DMG] 		AttributePathIB =[0m
[0;34m[1784654143.910] [3569:3569] [DMG] 		{[0m
[0;34m[1784654143.910] [3569:3569] [DMG] 			Endpoint = 0x0,[0m
[0;34m[1784654143.910] [3569:3569] [DMG] 			Cluster = 0x30,[0m
[0;34m[1784654143.910] [3569:3569] [DMG] 			Attribute = 0x0000_0000,[0m
[0;34m[1784654143.910] [3569:3569] [DMG] 		}[0m
[0;34m[1784654143.910] [3569:3569] [DMG] 			[0m
[0;34m[1784654143.910] [3569:3569] [DMG] 		AttributePathIB =[0m
[0;34m[1784654143.910] [3569:3569] [DMG] 		{[0m
[0;34m[1784654143.910] [3569:3569] [DMG] 			Endpoint = 0x0,[0m
[0;34m[1784654143.910] [3569:3569] [DMG] 			Cluster = 0x30,[0m
[0;34m[1784654143.910] [3569:3569] [DMG] 			Attribute = 0x0000_0001,[0m
[0;34m[1784654143.910] [3569:3569] [DMG] 		}[0m
[0;34m[1784654143.910] [3569:3569] [DMG] 			[0m
[0;34m[1784654143.910] [3569:3569] [DMG] 		AttributePathIB =[0m
[0;34m[1784654143.910] [3569:3569] [DMG] 		{[0m
[0;34m[1784654143.910] [3569:3569] [DMG] 			Endpoint = 0x0,[0m
[0;34m[1784654143.910] [3569:3569] [DMG] 			Cluster = 0x30,[0m
[0;34m[1784654143.910] [3569:3569] [DMG] 			Attribute = 0x0000_0002,[0m
[0;34m[1784654143.910] [3569:3569] [DMG] 		}[0m
[0;34m[1784654143.910] [3569:3569] [DMG] 			[0m
[0;34m[1784654143.910] [3569:3569] [DMG] 		AttributePathIB =[0m
[0;34m[1784654143.910] [3569:3569] [DMG] 		{[0m
[0;34m[1784654143.910] [3569:3569] [DMG] 			Endpoint = 0x0,[0m
[0;34m[1784654143.910] [3569:3569] [DMG] 			Cluster = 0x30,[0m
[0;34m[1784654143.910] [3569:3569] [DMG] 			Attribute = 0x0000_0003,[0m
[0;34m[1784654143.910] [3569:3569] [DMG] 		}[0m
[0;34m[1784654143.910] [3569:3569] [DMG] 			[0m
[0;34m[1784654143.910] [3569:3569] [DMG] 		AttributePathIB =[0m
[0;34m[1784654143.910] [3569:3569] [DMG] 		{[0m
[0;34m[1784654143.910] [3569:3569] [DMG] 			Endpoint = 0x0,[0m
[0;34m[1784654143.910] [3569:3569] [DMG] 			Cluster = 0x30,[0m
[0;34m[1784654143.910] [3569:3569] [DMG] 			Attribute = 0x0000_000C,[0m
[0;34m[1784654143.910] [3569:3569] [DMG] 		}[0m
[0;34m[1784654143.910] [3569:3569] [DMG] 			[0m
[0;34m[1784654143.910] [3569:3569] [DMG] 		AttributePathIB =[0m
[0;34m[1784654143.910] [3569:3569] [DMG] 		{[0m
[0;34m[1784654143.910] [3569:3569] [DMG] 			Endpoint = 0x0,[0m
[0;34m[1784654143.910] [3569:3569] [DMG] 			Cluster = 0x28,[0m
[0;34m[1784654143.910] [3569:3569] [DMG] 			Attribute = 0x0000_0002,[0m
[0;34m[1784654143.910] [3569:3569] [DMG] 		}[0m
[0;34m[1784654143.910] [3569:3569] [DMG] 			[0m
[0;34m[1784654143.910] [3569:3569] [DMG] 		AttributePathIB =[0m
[0;34m[1784654143.910] [3569:3569] [DMG] 		{[0m
[0;34m[1784654143.910] [3569:3569] [DMG] 			Endpoint = 0x0,[0m
[0;34m[1784654143.910] [3569:3569] [DMG] 			Cluster = 0x28,[0m
[0;34m[1784654143.910] [3569:3569] [DMG] 			Attribute = 0x0000_0004,[0m
[0;34m[1784654143.910] [3569:3569] [DMG] 		}[0m
[0;34m[1784654143.910] [3569:3569] [DMG] 			[0m
[0;34m[1784654143.910] [3569:3569] [DMG] 		AttributePathIB =[0m
[0;34m[1784654143.910] [3569:3569] [DMG] 		{[0m
[0;34m[1784654143.910] [3569:3569] [DMG] 			Endpoint = 0x0,[0m
[0;34m[1784654143.910] [3569:3569] [DMG] 			Cluster = 0x38,[0m
[0;34m[1784654143.910] [3569:3569] [DMG] 		}[0m
[0;34m[1784654143.910] [3569:3569] [DMG] 			[0m
[0;34m[1784654143.910] [3569:3569] [DMG] 	],[0m
[0;34m[1784654143.910] [3569:3569] [DMG] 		[0m
[0;34m[1784654143.910] [3569:3569] [DMG] 	isFabricFiltered = false, [0m
[0;34m[1784654143.910] [3569:3569] [DMG] 	InteractionModelRevision = 12[0m
[0;34m[1784654143.910] [3569:3569] [DMG] },[0m
[0;34m[1784654143.910] [3569:3569] [DMG] IM RH moving to [CanStartReporting][0m
[0;34m[1784654143.910] [3569:3569] [DMG] Building Reports for ReadHandler with LastReportGeneration = 0x0000000000000000 DirtyGeneration = 0x0000000000000000[0m
[0;34m[1784654143.910] [3569:3569] [DMG] <RE:Run> Cluster 38, Attribute 0 is dirty[0m
[0;32m[1784654143.910] [3569:3569] [DMG] AccessControl: checking f=0 a=p s=0xFFFFFFFB00000000 t= c=0x0000_0038 e=0 p=v r=r[0m
[0;32m[1784654143.910] [3569:3569] [DMG] AccessControl: implicit admin (PASE)[0m
[0;32m[1784654143.910] [3569:3569] [DMG] AccessControl: checking f=0 a=p s=0xFFFFFFFB00000000 t= c=0x0000_0038 e=0 p=v r=r[0m
[0;32m[1784654143.910] [3569:3569] [DMG] AccessControl: implicit admin (PASE)[0m
[0;34m[1784654143.910] [3569:3569] [DMG] Reading attribute: Cluster=0x0000_0038 Endpoint=0x0 AttributeId=0x0000_0000 (expanded=1)[0m
[0;34m[1784654143.910] [3569:3569] [DMG] <RE:Run> Cluster 38, Attribute 1 is dirty[0m
[0;32m[1784654143.910] [3569:3569] [DMG] AccessControl: checking f=0 a=p s=0xFFFFFFFB00000000 t= c=0x0000_0038 e=0 p=v r=r[0m
[0;32m[1784654143.910] [3569:3569] [DMG] AccessControl: implicit admin (PASE)[0m
[0;32m[1784654143.910] [3569:3569] [DMG] AccessControl: checking f=0 a=p s=0xFFFFFFFB00000000 t= c=0x0000_0038 e=0 p=v r=r[0m
[0;32m[1784654143.910] [3569:3569] [DMG] AccessControl: implicit admin (PASE)[0m
[0;34m[1784654143.910] [3569:3569] [DMG] Reading attribute: Cluster=0x0000_0038 Endpoint=0x0 AttributeId=0x0000_0001 (expanded=1)[0m
[0;34m[1784654143.910] [3569:3569] [DMG] <RE:Run> Cluster 38, Attribute 2 is dirty[0m
[0;32m[1784654143.910] [3569:3569] [DMG] AccessControl: checking f=0 a=p s=0xFFFFFFFB00000000 t= c=0x0000_0038 e=0 p=v r=r[0m
[0;32m[1784654143.910] [3569:3569] [DMG] AccessControl: implicit admin (PASE)[0m
[0;32m[1784654143.910] [3569:3569] [DMG] AccessControl: checking f=0 a=p s=0xFFFFFFFB00000000 t= c=0x0000_0038 e=0 p=v r=r[0m
[0;32m[1784654143.910] [3569:3569] [DMG] AccessControl: implicit admin (PASE)[0m
[0;34m[1784654143.910] [3569:3569] [DMG] Reading attribute: Cluster=0x0000_0038 Endpoint=0x0 AttributeId=0x0000_0002 (expanded=1)[0m
[0;34m[1784654143.910] [3569:3569] [DMG] <RE:Run> Cluster 38, Attribute 3 is dirty[0m
[0;32m[1784654143.910] [3569:3569] [DMG] AccessControl: checking f=0 a=p s=0xFFFFFFFB00000000 t= c=0x0000_0038 e=0 p=v r=r[0m
[0;32m[1784654143.910] [3569:3569] [DMG] AccessControl: implicit admin (PASE)[0m
[0;32m[1784654143.910] [3569:3569] [DMG] AccessControl: checking f=0 a=p s=0xFFFFFFFB00000000 t= c=0x0000_0038 e=0 p=v r=r[0m
[0;32m[1784654143.910] [3569:3569] [DMG] AccessControl: implicit admin (PASE)[0m
[0;34m[1784654143.910] [3569:3569] [DMG] Reading attribute: Cluster=0x0000_0038 Endpoint=0x0 AttributeId=0x0000_0003 (expanded=1)[0m
[0;34m[1784654143.910] [3569:3569] [DMG] <RE:Run> Cluster 38, Attribute 4 is dirty[0m
[0;32m[1784654143.910] [3569:3569] [DMG] AccessControl: checking f=0 a=p s=0xFFFFFFFB00000000 t= c=0x0000_0038 e=0 p=v r=r[0m
[0;32m[1784654143.910] [3569:3569] [DMG] AccessControl: implicit admin (PASE)[0m
[0;32m[1784654143.910] [3569:3569] [DMG] AccessControl: checking f=0 a=p s=0xFFFFFFFB00000000 t= c=0x0000_0038 e=0 p=v r=r[0m
[0;32m[1784654143.910] [3569:3569] [DMG] AccessControl: implicit admin (PASE)[0m
[0;34m[1784654143.910] [3569:3569] [DMG] Reading attribute: Cluster=0x0000_0038 Endpoint=0x0 AttributeId=0x0000_0004 (expanded=1)[0m
[0;34m[1784654143.910] [3569:3569] [DMG] <RE:Run> Cluster 38, Attribute 5 is dirty[0m
[0;32m[1784654143.910] [3569:3569] [DMG] AccessControl: checking f=0 a=p s=0xFFFFFFFB00000000 t= c=0x0000_0038 e=0 p=v r=r[0m
[0;32m[1784654143.910] [3569:3569] [DMG] AccessControl: implicit admin (PASE)[0m
[0;32m[1784654143.910] [3569:3569] [DMG] AccessControl: checking f=0 a=p s=0xFFFFFFFB00000000 t= c=0x0000_0038 e=0 p=v r=r[0m
[0;32m[1784654143.910] [3569:3569] [DMG] AccessControl: implicit admin (PASE)[0m
[0;34m[1784654143.910] [3569:3569] [DMG] Reading attribute: Cluster=0x0000_0038 Endpoint=0x0 AttributeId=0x0000_0005 (expanded=1)[0m
[0;34m[1784654143.910] [3569:3569] [DMG] <RE:Run> Cluster 38, Attribute 6 is dirty[0m
[0;32m[1784654143.910] [3569:3569] [DMG] AccessControl: checking f=0 a=p s=0xFFFFFFFB00000000 t= c=0x0000_0038 e=0 p=v r=r[0m
[0;32m[1784654143.910] [3569:3569] [DMG] AccessControl: implicit admin (PASE)[0m
[0;32m[1784654143.910] [3569:3569] [DMG] AccessControl: checking f=0 a=p s=0xFFFFFFFB00000000 t= c=0x0000_0038 e=0 p=v r=r[0m
[0;32m[1784654143.910] [3569:3569] [DMG] AccessControl: implicit admin (PASE)[0m
[0;34m[1784654143.910] [3569:3569] [DMG] Reading attribute: Cluster=0x0000_0038 Endpoint=0x0 AttributeId=0x0000_0006 (expanded=1)[0m
[0;34m[1784654143.910] [3569:3569] [DMG] <RE:Run> Cluster 38, Attribute 7 is dirty[0m
[0;32m[1784654143.910] [3569:3569] [DMG] AccessControl: checking f=0 a=p s=0xFFFFFFFB00000000 t= c=0x0000_0038 e=0 p=v r=r[0m
[0;32m[1784654143.910] [3569:3569] [DMG] AccessControl: implicit admin (PASE)[0m
[0;32m[1784654143.910] [3569:3569] [DMG] AccessControl: checking f=0 a=p s=0xFFFFFFFB00000000 t= c=0x0000_0038 e=0 p=v r=r[0m
[0;32m[1784654143.910] [3569:3569] [DMG] AccessControl: implicit admin (PASE)[0m
[0;34m[1784654143.910] [3569:3569] [DMG] Reading attribute: Cluster=0x0000_0038 Endpoint=0x0 AttributeId=0x0000_0007 (expanded=1)[0m
[0;34m[1784654143.910] [3569:3569] [DMG] <RE:Run> Cluster 38, Attribute 8 is dirty[0m
[0;32m[1784654143.910] [3569:3569] [DMG] AccessControl: checking f=0 a=p s=0xFFFFFFFB00000000 t= c=0x0000_0038 e=0 p=v r=r[0m
[0;32m[1784654143.910] [3569:3569] [DMG] AccessControl: implicit admin (PASE)[0m
[0;32m[1784654143.910] [3569:3569] [DMG] AccessControl: checking f=0 a=p s=0xFFFFFFFB00000000 t= c=0x0000_0038 e=0 p=v r=r[0m
[0;32m[1784654143.910] [3569:3569] [DMG] AccessControl: implicit admin (PASE)[0m
[0;34m[1784654143.910] [3569:3569] [DMG] Reading attribute: Cluster=0x0000_0038 Endpoint=0x0 AttributeId=0x0000_0008 (expanded=1)[0m
[0;34m[1784654143.910] [3569:3569] [DMG] <RE:Run> Cluster 38, Attribute a is dirty[0m
[0;32m[1784654143.910] [3569:3569] [DMG] AccessControl: checking f=0 a=p s=0xFFFFFFFB00000000 t= c=0x0000_0038 e=0 p=v r=r[0m
[0;32m[1784654143.910] [3569:3569] [DMG] AccessControl: implicit admin (PASE)[0m
[0;32m[1784654143.910] [3569:3569] [DMG] AccessControl: checking f=0 a=p s=0xFFFFFFFB00000000 t= c=0x0000_0038 e=0 p=v r=r[0m
[0;32m[1784654143.910] [3569:3569] [DMG] AccessControl: implicit admin (PASE)[0m
[0;34m[1784654143.910] [3569:3569] [DMG] Reading attribute: Cluster=0x0000_0038 Endpoint=0x0 AttributeId=0x0000_000A (expanded=1)[0m
[0;34m[1784654143.910] [3569:3569] [DMG] <RE:Run> Cluster 38, Attribute b is dirty[0m
[0;32m[1784654143.910] [3569:3569] [DMG] AccessControl: checking f=0 a=p s=0xFFFFFFFB00000000 t= c=0x0000_0038 e=0 p=v r=r[0m
[0;32m[1784654143.910] [3569:3569] [DMG] AccessControl: implicit admin (PASE)[0m
[0;32m[1784654143.910] [3569:3569] [DMG] AccessControl: checking f=0 a=p s=0xFFFFFFFB00000000 t= c=0x0000_0038 e=0 p=v r=r[0m
[0;32m[1784654143.910] [3569:3569] [DMG] AccessControl: implicit admin (PASE)[0m
[0;34m[1784654143.910] [3569:3569] [DMG] Reading attribute: Cluster=0x0000_0038 Endpoint=0x0 AttributeId=0x0000_000B (expanded=1)[0m
[0;34m[1784654143.910] [3569:3569] [DMG] <RE:Run> Cluster 38, Attribute c is dirty[0m
[0;32m[1784654143.910] [3569:3569] [DMG] AccessControl: checking f=0 a=p s=0xFFFFFFFB00000000 t= c=0x0000_0038 e=0 p=v r=r[0m
[0;32m[1784654143.910] [3569:3569] [DMG] AccessControl: implicit admin (PASE)[0m
[0;32m[1784654143.910] [3569:3569] [DMG] AccessControl: checking f=0 a=p s=0xFFFFFFFB00000000 t= c=0x0000_0038 e=0 p=v r=r[0m
[0;32m[1784654143.910] [3569:3569] [DMG] AccessControl: implicit admin (PASE)[0m
[0;34m[1784654143.910] [3569:3569] [DMG] Reading attribute: Cluster=0x0000_0038 Endpoint=0x0 AttributeId=0x0000_000C (expanded=1)[0m
[0;34m[1784654143.910] [3569:3569] [DMG] <RE:Run> Cluster 38, Attribute fffc is dirty[0m
[0;32m[1784654143.910] [3569:3569] [DMG] AccessControl: checking f=0 a=p s=0xFFFFFFFB00000000 t= c=0x0000_0038 e=0 p=v r=r[0m
[0;32m[1784654143.910] [3569:3569] [DMG] AccessControl: implicit admin (PASE)[0m
[0;32m[1784654143.910] [3569:3569] [DMG] AccessControl: checking f=0 a=p s=0xFFFFFFFB00000000 t= c=0x0000_0038 e=0 p=v r=r[0m
[0;32m[1784654143.910] [3569:3569] [DMG] AccessControl: implicit admin (PASE)[0m
[0;34m[1784654143.910] [3569:3569] [DMG] Reading attribute: Cluster=0x0000_0038 Endpoint=0x0 AttributeId=0x0000_FFFC (expanded=1)[0m
[0;34m[1784654143.910] [3569:3569] [DMG] <RE:Run> Cluster 38, Attribute fffd is dirty[0m
[0;32m[1784654143.910] [3569:3569] [DMG] AccessControl: checking f=0 a=p s=0xFFFFFFFB00000000 t= c=0x0000_0038 e=0 p=v r=r[0m
[0;32m[1784654143.910] [3569:3569] [DMG] AccessControl: implicit admin (PASE)[0m
[0;32m[1784654143.910] [3569:3569] [DMG] AccessControl: checking f=0 a=p s=0xFFFFFFFB00000000 t= c=0x0000_0038 e=0 p=v r=r[0m
[0;32m[1784654143.910] [3569:3569] [DMG] AccessControl: implicit admin (PASE)[0m
[0;34m[1784654143.910] [3569:3569] [DMG] Reading attribute: Cluster=0x0000_0038 Endpoint=0x0 AttributeId=0x0000_FFFD (expanded=1)[0m
[0;34m[1784654143.910] [3569:3569] [DMG] <RE:Run> Cluster 38, Attribute fff8 is dirty[0m
[0;32m[1784654143.910] [3569:3569] [DMG] AccessControl: checking f=0 a=p s=0xFFFFFFFB00000000 t= c=0x0000_0038 e=0 p=v r=r[0m
[0;32m[1784654143.910] [3569:3569] [DMG] AccessControl: implicit admin (PASE)[0m
[0;32m[1784654143.910] [3569:3569] [DMG] AccessControl: checking f=0 a=p s=0xFFFFFFFB00000000 t= c=0x0000_0038 e=0 p=v r=r[0m
[0;32m[1784654143.910] [3569:3569] [DMG] AccessControl: implicit admin (PASE)[0m
[0;34m[1784654143.910] [3569:3569] [DMG] <RE:Run> Cluster 38, Attribute fff9 is dirty[0m
[0;32m[1784654143.910] [3569:3569] [DMG] AccessControl: checking f=0 a=p s=0xFFFFFFFB00000000 t= c=0x0000_0038 e=0 p=v r=r[0m
[0;32m[1784654143.910] [3569:3569] [DMG] AccessControl: implicit admin (PASE)[0m
[0;32m[1784654143.910] [3569:3569] [DMG] AccessControl: checking f=0 a=p s=0xFFFFFFFB00000000 t= c=0x0000_0038 e=0 p=v r=r[0m
[0;32m[1784654143.910] [3569:3569] [DMG] AccessControl: implicit admin (PASE)[0m
[0;34m[1784654143.910] [3569:3569] [DMG] <RE:Run> Cluster 38, Attribute fffb is dirty[0m
[0;32m[1784654143.910] [3569:3569] [DMG] AccessControl: checking f=0 a=p s=0xFFFFFFFB00000000 t= c=0x0000_0038 e=0 p=v r=r[0m
[0;32m[1784654143.910] [3569:3569] [DMG] AccessControl: implicit admin (PASE)[0m
[0;32m[1784654143.910] [3569:3569] [DMG] AccessControl: checking f=0 a=p s=0xFFFFFFFB00000000 t= c=0x0000_0038 e=0 p=v r=r[0m
[0;32m[1784654143.910] [3569:3569] [DMG] AccessControl: implicit admin (PASE)[0m
[0;34m[1784654143.911] [3569:3569] [DMG] <RE:Run> Cluster 28, Attribute 4 is dirty[0m
[0;32m[1784654143.911] [3569:3569] [DMG] AccessControl: checking f=0 a=p s=0xFFFFFFFB00000000 t= c=0x0000_0028 e=0 p=v r=r[0m
[0;32m[1784654143.911] [3569:3569] [DMG] AccessControl: implicit admin (PASE)[0m
[0;32m[1784654143.911] [3569:3569] [DMG] AccessControl: checking f=0 a=p s=0xFFFFFFFB00000000 t= c=0x0000_0028 e=0 p=v r=r[0m
[0;32m[1784654143.911] [3569:3569] [DMG] AccessControl: implicit admin (PASE)[0m
[0;34m[1784654143.911] [3569:3569] [DMG] Reading attribute: Cluster=0x0000_0028 Endpoint=0x0 AttributeId=0x0000_0004 (expanded=0)[0m
[0;34m[1784654143.911] [3569:3569] [DMG] <RE:Run> Cluster 28, Attribute 2 is dirty[0m
[0;32m[1784654143.911] [3569:3569] [DMG] AccessControl: checking f=0 a=p s=0xFFFFFFFB00000000 t= c=0x0000_0028 e=0 p=v r=r[0m
[0;32m[1784654143.911] [3569:3569] [DMG] AccessControl: implicit admin (PASE)[0m
[0;32m[1784654143.911] [3569:3569] [DMG] AccessControl: checking f=0 a=p s=0xFFFFFFFB00000000 t= c=0x0000_0028 e=0 p=v r=r[0m
[0;32m[1784654143.911] [3569:3569] [DMG] AccessControl: implicit admin (PASE)[0m
[0;34m[1784654143.911] [3569:3569] [DMG] Reading attribute: Cluster=0x0000_0028 Endpoint=0x0 AttributeId=0x0000_0002 (expanded=0)[0m
[0;34m[1784654143.911] [3569:3569] [DMG] <RE:Run> Cluster 30, Attribute c is dirty[0m
[0;32m[1784654143.911] [3569:3569] [DMG] AccessControl: checking f=0 a=p s=0xFFFFFFFB00000000 t= c=0x0000_0030 e=0 p=v r=r[0m
[0;32m[1784654143.911] [3569:3569] [DMG] AccessControl: implicit admin (PASE)[0m
[1;31m[1784654143.911] [3569:3569] [DMG] Failed to read attribute: UNSUPPORTED_ATTRIBUTE(134)[0m
[1;31m[1784654143.911] [3569:3569] [DMG] Fail to retrieve data, roll back and encode status on clusterId: 0x0000_0030, attributeId: 0x0000_000Cerr = src/app/data-model-provider/ActionReturnStatus.cpp:104: IM Error 0x00000586: General error: 0x86 (UNSUPPORTED_ATTRIBUTE)[0m
[0;34m[1784654143.911] [3569:3569] [DMG] <RE:Run> Cluster 30, Attribute 3 is dirty[0m
[0;32m[1784654143.911] [3569:3569] [DMG] AccessControl: checking f=0 a=p s=0xFFFFFFFB00000000 t= c=0x0000_0030 e=0 p=v r=r[0m
[0;32m[1784654143.911] [3569:3569] [DMG] AccessControl: implicit admin (PASE)[0m
[0;32m[1784654143.911] [3569:3569] [DMG] AccessControl: checking f=0 a=p s=0xFFFFFFFB00000000 t= c=0x0000_0030 e=0 p=v r=r[0m
[0;32m[1784654143.911] [3569:3569] [DMG] AccessControl: implicit admin (PASE)[0m
[0;34m[1784654143.911] [3569:3569] [DMG] Reading attribute: Cluster=0x0000_0030 Endpoint=0x0 AttributeId=0x0000_0003 (expanded=0)[0m
[0;34m[1784654143.911] [3569:3569] [DMG] <RE:Run> Cluster 30, Attribute 2 is dirty[0m
[0;32m[1784654143.911] [3569:3569] [DMG] AccessControl: checking f=0 a=p s=0xFFFFFFFB00000000 t= c=0x0000_0030 e=0 p=v r=r[0m
[0;32m[1784654143.911] [3569:3569] [DMG] AccessControl: implicit admin (PASE)[0m
[0;32m[1784654143.911] [3569:3569] [DMG] AccessControl: checking f=0 a=p s=0xFFFFFFFB00000000 t= c=0x0000_0030 e=0 p=v r=r[0m
[0;32m[1784654143.911] [3569:3569] [DMG] AccessControl: implicit admin (PASE)[0m
[0;34m[1784654143.911] [3569:3569] [DMG] Reading attribute: Cluster=0x0000_0030 Endpoint=0x0 AttributeId=0x0000_0002 (expanded=0)[0m
[0;34m[1784654143.911] [3569:3569] [DMG] <RE:Run> Cluster 30, Attribute 1 is dirty[0m
[0;32m[1784654143.911] [3569:3569] [DMG] AccessControl: checking f=0 a=p s=0xFFFFFFFB00000000 t= c=0x0000_0030 e=0 p=v r=r[0m
[0;32m[1784654143.911] [3569:3569] [DMG] AccessControl: implicit admin (PASE)[0m
[0;32m[1784654143.911] [3569:3569] [DMG] AccessControl: checking f=0 a=p s=0xFFFFFFFB00000000 t= c=0x0000_0030 e=0 p=v r=r[0m
[0;32m[1784654143.911] [3569:3569] [DMG] AccessControl: implicit admin (PASE)[0m
[0;34m[1784654143.911] [3569:3569] [DMG] Reading attribute: Cluster=0x0000_0030 Endpoint=0x0 AttributeId=0x0000_0001 (expanded=0)[0m
[0;34m[1784654143.911] [3569:3569] [DMG] <RE:Run> Cluster 30, Attribute 0 is dirty[0m
[0;32m[1784654143.911] [3569:3569] [DMG] AccessControl: checking f=0 a=p s=0xFFFFFFFB00000000 t= c=0x0000_0030 e=0 p=v r=r[0m
[0;32m[1784654143.911] [3569:3569] [DMG] AccessControl: implicit admin (PASE)[0m
[0;32m[1784654143.911] [3569:3569] [DMG] AccessControl: checking f=0 a=p s=0xFFFFFFFB00000000 t= c=0x0000_0030 e=0 p=v r=r[0m
[0;32m[1784654143.911] [3569:3569] [DMG] AccessControl: implicit admin (PASE)[0m
[0;34m[1784654143.911] [3569:3569] [DMG] Reading attribute: Cluster=0x0000_0030 Endpoint=0x0 AttributeId=0x0000_0000 (expanded=0)[0m
[0;34m[1784654143.911] [3569:3569] [DMG] <RE:Run> Cluster 30, Attribute 4 is dirty[0m
[0;32m[1784654143.911] [3569:3569] [DMG] AccessControl: checking f=0 a=p s=0xFFFFFFFB00000000 t= c=0x0000_0030 e=0 p=v r=r[0m
[0;32m[1784654143.911] [3569:3569] [DMG] AccessControl: implicit admin (PASE)[0m
[0;32m[1784654143.911] [3569:3569] [DMG] AccessControl: checking f=0 a=p s=0xFFFFFFFB00000000 t= c=0x0000_0030 e=0 p=v r=r[0m
[0;32m[1784654143.911] [3569:3569] [DMG] AccessControl: implicit admin (PASE)[0m
[0;34m[1784654143.911] [3569:3569] [DMG] Reading attribute: Cluster=0x0000_0030 Endpoint=0x0 AttributeId=0x0000_0004 (expanded=0)[0m
[0;34m[1784654143.911] [3569:3569] [DMG] <RE> Sending report (payload has 732 bytes)...[0m
[0;32m[1784654143.911] [3569:3569] [EM] <<< [E:19485r S:58741 M:109804130 (Ack:131208241)] (S) Msg TX from 0000000000000000 to 0:FFFFFFFB00000000 [0000] [UDP:[fe80::bfe:a203:38f0:bce7%enp0s3]:58165] --- Type 0001:05 (IM:ReportData) (B:766)[0m
[0;32m[1784654143.911] [3569:3569] [EM] ??1 [E:19485r S:58741 M:109804130] (S) Msg Retransmission to 0:FFFFFFFB00000000 scheduled for 376ms from now [State:Active II:500 AI:300 AT:4000][0m
[0;34m[1784654143.911] [3569:3569] [DMG] <RE> OnReportConfirm: NumReports = 0[0m
[0;34m[1784654143.911] [3569:3569] [DMG] <RE> ReportsInFlight = 0 with readHandler 0, RE has no more messages[0m
[0;34m[1784654143.911] [3569:3569] [DMG] IM RH moving to [AwaitingDestruction][0m
[0;34m[1784654143.911] [3569:3569] [DMG] All ReadHandler-s are clean, clear GlobalDirtySet[0m
[0;32m[1784654143.911] [3569:3569] [EM] >>> [E:19484r S:0 M:110311674 (Ack:132076091)] (U) Msg RX from 0:FEB8F6A961FB8F01 [0000] to 0000000000000000 --- Type 0000:10 (SecureChannel:StandaloneAck) (B:26)[0m
[0;34m[1784654143.911] [3569:3569] [EM] Found matching exchange: 19484r, Delegate: (nil)[0m
[0;34m[1784654143.911] [3569:3569] [EM] Rxd Ack; Removing MessageCounter:132076091 from Retrans Table on exchange 19484r[0m
[0;32m[1784654143.912] [3569:3569] [EM] >>> [E:19486r S:58741 M:131208242] (S) Msg RX from 0:FFFFFFFB00000000 [0000] to 0000000000000000 --- Type 0001:02 (IM:ReadRequest) (B:112)[0m
[0;34m[1784654143.912] [3569:3569] [EM] Handling via exchange: 19486r, Delegate: 0x5ee114edaac8[0m
[0;34m[1784654143.912] [3569:3569] [IM] Received Read request[0m
[0;34m[1784654143.912] [3569:3569] [DMG] ReadRequestMessage =[0m
[0;34m[1784654143.912] [3569:3569] [DMG] {[0m
[0;34m[1784654143.912] [3569:3569] [DMG] 	AttributePathIBs =[0m
[0;34m[1784654143.912] [3569:3569] [DMG] 	[[0m
[0;34m[1784654143.912] [3569:3569] [DMG] 		AttributePathIB =[0m
[0;34m[1784654143.912] [3569:3569] [DMG] 		{[0m
[0;34m[1784654143.912] [3569:3569] [DMG] 			Cluster = 0x31,[0m
[0;34m[1784654143.912] [3569:3569] [DMG] 			Attribute = 0x0000_FFFC,[0m
[0;34m[1784654143.912] [3569:3569] [DMG] 		}[0m
[0;34m[1784654143.912] [3569:3569] [DMG] 			[0m
[0;34m[1784654143.912] [3569:3569] [DMG] 		AttributePathIB =[0m
[0;34m[1784654143.912] [3569:3569] [DMG] 		{[0m
[0;34m[1784654143.912] [3569:3569] [DMG] 			Cluster = 0x31,[0m
[0;34m[1784654143.912] [3569:3569] [DMG] 			Attribute = 0x0000_0003,[0m
[0;34m[1784654143.912] [3569:3569] [DMG] 		}[0m
[0;34m[1784654143.912] [3569:3569] [DMG] 			[0m
[0;34m[1784654143.912] [3569:3569] [DMG] 		AttributePathIB =[0m
[0;34m[1784654143.912] [3569:3569] [DMG] 		{[0m
[0;34m[1784654143.912] [3569:3569] [DMG] 			Endpoint = 0x0,[0m
[0;34m[1784654143.912] [3569:3569] [DMG] 			Cluster = 0x46,[0m
[0;34m[1784654143.912] [3569:3569] [DMG] 			Attribute = 0x0000_0006,[0m
[0;34m[1784654143.912] [3569:3569] [DMG] 		}[0m
[0;34m[1784654143.912] [3569:3569] [DMG] 			[0m
[0;34m[1784654143.912] [3569:3569] [DMG] 		AttributePathIB =[0m
[0;34m[1784654143.912] [3569:3569] [DMG] 		{[0m
[0;34m[1784654143.912] [3569:3569] [DMG] 			Endpoint = 0x0,[0m
[0;34m[1784654143.912] [3569:3569] [DMG] 			Cluster = 0x46,[0m
[0;34m[1784654143.912] [3569:3569] [DMG] 			Attribute = 0x0000_0007,[0m
[0;34m[1784654143.912] [3569:3569] [DMG] 		}[0m
[0;34m[1784654143.912] [3569:3569] [DMG] 			[0m
[0;34m[1784654143.912] [3569:3569] [DMG] 		AttributePathIB =[0m
[0;34m[1784654143.912] [3569:3569] [DMG] 		{[0m
[0;34m[1784654143.912] [3569:3569] [DMG] 			Endpoint = 0x0,[0m
[0;34m[1784654143.912] [3569:3569] [DMG] 			Cluster = 0x46,[0m
[0;34m[1784654143.912] [3569:3569] [DMG] 			Attribute = 0x0000_0000,[0m
[0;34m[1784654143.912] [3569:3569] [DMG] 		}[0m
[0;34m[1784654143.912] [3569:3569] [DMG] 			[0m
[0;34m[1784654143.912] [3569:3569] [DMG] 		AttributePathIB =[0m
[0;34m[1784654143.912] [3569:3569] [DMG] 		{[0m
[0;34m[1784654143.912] [3569:3569] [DMG] 			Endpoint = 0x0,[0m
[0;34m[1784654143.912] [3569:3569] [DMG] 			Cluster = 0x46,[0m
[0;34m[1784654143.912] [3569:3569] [DMG] 			Attribute = 0x0000_0001,[0m
[0;34m[1784654143.912] [3569:3569] [DMG] 		}[0m
[0;34m[1784654143.912] [3569:3569] [DMG] 			[0m
[0;34m[1784654143.912] [3569:3569] [DMG] 		AttributePathIB =[0m
[0;34m[1784654143.912] [3569:3569] [DMG] 		{[0m
[0;34m[1784654143.912] [3569:3569] [DMG] 			Endpoint = 0x0,[0m
[0;34m[1784654143.912] [3569:3569] [DMG] 			Cluster = 0x46,[0m
[0;34m[1784654143.912] [3569:3569] [DMG] 			Attribute = 0x0000_0002,[0m
[0;34m[1784654143.912] [3569:3569] [DMG] 		}[0m
[0;34m[1784654143.912] [3569:3569] [DMG] 			[0m
[0;34m[1784654143.912] [3569:3569] [DMG] 	],[0m
[0;34m[1784654143.912] [3569:3569] [DMG] 		[0m
[0;34m[1784654143.912] [3569:3569] [DMG] 	isFabricFiltered = false, [0m
[0;34m[1784654143.912] [3569:3569] [DMG] 	InteractionModelRevision = 12[0m
[0;34m[1784654143.912] [3569:3569] [DMG] },[0m
[0;34m[1784654143.913] [3569:3569] [DMG] IM RH moving to [CanStartReporting][0m
[0;34m[1784654143.913] [3569:3569] [DMG] Building Reports for ReadHandler with LastReportGeneration = 0x0000000000000000 DirtyGeneration = 0x0000000000000000[0m
[0;34m[1784654143.913] [3569:3569] [DMG] <RE:Run> Cluster 46, Attribute 2 is dirty[0m
[1;31m[1784654143.913] [3569:3569] [DMG] Read request on unknown cluster - no data version available[0m
[0;32m[1784654143.913] [3569:3569] [DMG] AccessControl: checking f=0 a=p s=0xFFFFFFFB00000000 t= c=0x0000_0046 e=0 p=v r=r[0m
[0;32m[1784654143.913] [3569:3569] [DMG] AccessControl: implicit admin (PASE)[0m
[1;31m[1784654143.913] [3569:3569] [DMG] Failed to read attribute: UNSUPPORTED_CLUSTER(195)[0m
[1;31m[1784654143.913] [3569:3569] [DMG] Fail to retrieve data, roll back and encode status on clusterId: 0x0000_0046, attributeId: 0x0000_0002err = src/app/data-model-provider/ActionReturnStatus.cpp:104: IM Error 0x000005C3: General error: 0xc3 (UNSUPPORTED_CLUSTER)[0m
[0;34m[1784654143.913] [3569:3569] [DMG] <RE:Run> Cluster 46, Attribute 1 is dirty[0m
[1;31m[1784654143.913] [3569:3569] [DMG] Read request on unknown cluster - no data version available[0m
[0;32m[1784654143.913] [3569:3569] [DMG] AccessControl: checking f=0 a=p s=0xFFFFFFFB00000000 t= c=0x0000_0046 e=0 p=v r=r[0m
[0;32m[1784654143.913] [3569:3569] [DMG] AccessControl: implicit admin (PASE)[0m
[1;31m[1784654143.913] [3569:3569] [DMG] Failed to read attribute: UNSUPPORTED_CLUSTER(195)[0m
[1;31m[1784654143.913] [3569:3569] [DMG] Fail to retrieve data, roll back and encode status on clusterId: 0x0000_0046, attributeId: 0x0000_0001err = src/app/data-model-provider/ActionReturnStatus.cpp:104: IM Error 0x000005C3: General error: 0xc3 (UNSUPPORTED_CLUSTER)[0m
[0;34m[1784654143.913] [3569:3569] [DMG] <RE:Run> Cluster 46, Attribute 0 is dirty[0m
[1;31m[1784654143.913] [3569:3569] [DMG] Read request on unknown cluster - no data version available[0m
[0;32m[1784654143.913] [3569:3569] [DMG] AccessControl: checking f=0 a=p s=0xFFFFFFFB00000000 t= c=0x0000_0046 e=0 p=v r=r[0m
[0;32m[1784654143.913] [3569:3569] [DMG] AccessControl: implicit admin (PASE)[0m
[1;31m[1784654143.913] [3569:3569] [DMG] Failed to read attribute: UNSUPPORTED_CLUSTER(195)[0m
[1;31m[1784654143.913] [3569:3569] [DMG] Fail to retrieve data, roll back and encode status on clusterId: 0x0000_0046, attributeId: 0x0000_0000err = src/app/data-model-provider/ActionReturnStatus.cpp:104: IM Error 0x000005C3: General error: 0xc3 (UNSUPPORTED_CLUSTER)[0m
[0;34m[1784654143.913] [3569:3569] [DMG] <RE:Run> Cluster 46, Attribute 7 is dirty[0m
[1;31m[1784654143.913] [3569:3569] [DMG] Read request on unknown cluster - no data version available[0m
[0;32m[1784654143.913] [3569:3569] [DMG] AccessControl: checking f=0 a=p s=0xFFFFFFFB00000000 t= c=0x0000_0046 e=0 p=v r=r[0m
[0;32m[1784654143.913] [3569:3569] [DMG] AccessControl: implicit admin (PASE)[0m
[1;31m[1784654143.913] [3569:3569] [DMG] Failed to read attribute: UNSUPPORTED_CLUSTER(195)[0m
[1;31m[1784654143.913] [3569:3569] [DMG] Fail to retrieve data, roll back and encode status on clusterId: 0x0000_0046, attributeId: 0x0000_0007err = src/app/data-model-provider/ActionReturnStatus.cpp:104: IM Error 0x000005C3: General error: 0xc3 (UNSUPPORTED_CLUSTER)[0m
[0;34m[1784654143.913] [3569:3569] [DMG] <RE:Run> Cluster 46, Attribute 6 is dirty[0m
[1;31m[1784654143.913] [3569:3569] [DMG] Read request on unknown cluster - no data version available[0m
[0;32m[1784654143.913] [3569:3569] [DMG] AccessControl: checking f=0 a=p s=0xFFFFFFFB00000000 t= c=0x0000_0046 e=0 p=v r=r[0m
[0;32m[1784654143.913] [3569:3569] [DMG] AccessControl: implicit admin (PASE)[0m
[1;31m[1784654143.913] [3569:3569] [DMG] Failed to read attribute: UNSUPPORTED_CLUSTER(195)[0m
[1;31m[1784654143.913] [3569:3569] [DMG] Fail to retrieve data, roll back and encode status on clusterId: 0x0000_0046, attributeId: 0x0000_0006err = src/app/data-model-provider/ActionReturnStatus.cpp:104: IM Error 0x000005C3: General error: 0xc3 (UNSUPPORTED_CLUSTER)[0m
[0;34m[1784654143.913] [3569:3569] [DMG] <RE:Run> Cluster 31, Attribute fffc is dirty[0m
[0;32m[1784654143.913] [3569:3569] [DMG] AccessControl: checking f=0 a=p s=0xFFFFFFFB00000000 t= c=0x0000_0031 e=0 p=v r=r[0m
[0;32m[1784654143.913] [3569:3569] [DMG] AccessControl: implicit admin (PASE)[0m
[0;32m[1784654143.913] [3569:3569] [DMG] AccessControl: checking f=0 a=p s=0xFFFFFFFB00000000 t= c=0x0000_0031 e=0 p=v r=r[0m
[0;32m[1784654143.913] [3569:3569] [DMG] AccessControl: implicit admin (PASE)[0m
[0;34m[1784654143.913] [3569:3569] [DMG] Reading attribute: Cluster=0x0000_0031 Endpoint=0x0 AttributeId=0x0000_FFFC (expanded=1)[0m
[0;34m[1784654143.913] [3569:3569] [DMG] <RE> Sending report (payload has 152 bytes)...[0m
[0;32m[1784654143.913] [3569:3569] [EM] <<< [E:19486r S:58741 M:109804131 (Ack:131208242)] (S) Msg TX from 0000000000000000 to 0:FFFFFFFB00000000 [0000] [UDP:[fe80::bfe:a203:38f0:bce7%enp0s3]:58165] --- Type 0001:05 (IM:ReportData) (B:186)[0m
[0;32m[1784654143.913] [3569:3569] [EM] ??1 [E:19486r S:58741 M:109804131] (S) Msg Retransmission to 0:FFFFFFFB00000000 scheduled for 363ms from now [State:Active II:500 AI:300 AT:4000][0m
[0;34m[1784654143.913] [3569:3569] [DMG] <RE> OnReportConfirm: NumReports = 0[0m
[0;34m[1784654143.913] [3569:3569] [DMG] <RE> ReportsInFlight = 0 with readHandler 0, RE has no more messages[0m
[0;34m[1784654143.913] [3569:3569] [DMG] IM RH moving to [AwaitingDestruction][0m
[0;34m[1784654143.913] [3569:3569] [DMG] All ReadHandler-s are clean, clear GlobalDirtySet[0m
[0;32m[1784654143.913] [3569:3569] [EM] >>> [E:19485r S:58741 M:131208243 (Ack:109804130)] (S) Msg RX from 0:FFFFFFFB00000000 [0000] to 0000000000000000 --- Type 0000:10 (SecureChannel:StandaloneAck) (B:34)[0m
[0;34m[1784654143.913] [3569:3569] [EM] Found matching exchange: 19485r, Delegate: (nil)[0m
[0;34m[1784654143.913] [3569:3569] [EM] Rxd Ack; Removing MessageCounter:109804130 from Retrans Table on exchange 19485r[0m
[0;32m[1784654143.914] [3569:3569] [EM] >>> [E:19487r S:58741 M:131208244] (S) Msg RX from 0:FFFFFFFB00000000 [0000] to 0000000000000000 --- Type 0001:08 (IM:InvokeCommandRequest) (B:65)[0m
[0;34m[1784654143.914] [3569:3569] [EM] Handling via exchange: 19487r, Delegate: 0x5ee114edaac8[0m
[0;34m[1784654143.914] [3569:3569] [DMG] InvokeRequestMessage =[0m
[0;34m[1784654143.914] [3569:3569] [DMG] {[0m
[0;34m[1784654143.914] [3569:3569] [DMG] 	suppressResponse = false, [0m
[0;34m[1784654143.914] [3569:3569] [DMG] 	timedRequest = false, [0m
[0;34m[1784654143.914] [3569:3569] [DMG] 	InvokeRequests =[0m
[0;34m[1784654143.914] [3569:3569] [DMG] 	[[0m
[0;34m[1784654143.914] [3569:3569] [DMG] 		CommandDataIB =[0m
[0;34m[1784654143.914] [3569:3569] [DMG] 		{[0m
[0;34m[1784654143.914] [3569:3569] [DMG] 			CommandPathIB =[0m
[0;34m[1784654143.914] [3569:3569] [DMG] 			{[0m
[0;34m[1784654143.914] [3569:3569] [DMG] 				EndpointId = 0x0,[0m
[0;34m[1784654143.914] [3569:3569] [DMG] 				ClusterId = 0x30,[0m
[0;34m[1784654143.914] [3569:3569] [DMG] 				CommandId = 0x0,[0m
[0;34m[1784654143.914] [3569:3569] [DMG] 			},[0m
[0;34m[1784654143.914] [3569:3569] [DMG] 			[0m
[0;34m[1784654143.914] [3569:3569] [DMG] 			CommandFields = [0m
[0;34m[1784654143.914] [3569:3569] [DMG] 			{[0m
[0;34m[1784654143.914] [3569:3569] [DMG] 				0x0 = 60 (unsigned), [0m
[0;34m[1784654143.914] [3569:3569] [DMG] 				0x1 = 3 (unsigned), [0m
[0;34m[1784654143.914] [3569:3569] [DMG] 			},[0m
[0;34m[1784654143.914] [3569:3569] [DMG] 		},[0m
[0;34m[1784654143.914] [3569:3569] [DMG] 		[0m
[0;34m[1784654143.914] [3569:3569] [DMG] 	],[0m
[0;34m[1784654143.914] [3569:3569] [DMG] 	[0m
[0;34m[1784654143.914] [3569:3569] [DMG] 	InteractionModelRevision = 12[0m
[0;34m[1784654143.914] [3569:3569] [DMG] },[0m
[0;32m[1784654143.914] [3569:3569] [DMG] AccessControl: checking f=0 a=p s=0xFFFFFFFB00000000 t= c=0x0000_0030 e=0 p=o r=i[0m
[0;32m[1784654143.914] [3569:3569] [DMG] AccessControl: implicit admin (PASE)[0m
[0;32m[1784654143.914] [3569:3569] [DMG] AccessControl: checking f=0 a=p s=0xFFFFFFFB00000000 t= c=0x0000_0030 e=0 p=a r=i[0m
[0;32m[1784654143.914] [3569:3569] [DMG] AccessControl: implicit admin (PASE)[0m
[0;34m[1784654143.914] [3569:3569] [DMG] Received command for Endpoint=0 Cluster=0x0000_0030 Command=0x0000_0000[0m
[0;32m[1784654143.914] [3569:3569] [FS] GeneralCommissioning: Received ArmFailSafe (60s)[0m
[0;34m[1784654143.914] [3569:3569] [DMG] Command handler moving to [NewRespons][0m
[0;34m[1784654143.914] [3569:3569] [DMG] Command handler moving to [ Preparing][0m
[0;34m[1784654143.914] [3569:3569] [DMG] Command handler moving to [AddingComm][0m
[0;34m[1784654143.914] [3569:3569] [DMG] Command handler moving to [AddedComma][0m
[0;34m[1784654143.914] [3569:3569] [DMG] Decreasing reference count for CommandHandlerImpl, remaining 1[0m
[0;34m[1784654143.914] [3569:3569] [DMG] Decreasing reference count for CommandHandlerImpl, remaining 0[0m
[0;34m[1784654143.914] [3569:3569] [DMG] Command handler moving to [AwaitingDe][0m
[0;32m[1784654143.914] [3569:3569] [EM] <<< [E:19487r S:58741 M:109804132 (Ack:131208244)] (S) Msg TX from 0000000000000000 to 0:FFFFFFFB00000000 [0000] [UDP:[fe80::bfe:a203:38f0:bce7%enp0s3]:58165] --- Type 0001:09 (IM:InvokeCommandResponse) (B:70)[0m
[0;32m[1784654143.914] [3569:3569] [EM] ??1 [E:19487r S:58741 M:109804132] (S) Msg Retransmission to 0:FFFFFFFB00000000 scheduled for 370ms from now [State:Active II:500 AI:300 AT:4000][0m
[0;34m[1784654143.914] [3569:3569] [DMG] Command response sender moving to [AllInvokeR][0m
[0;32m[1784654143.914] [3569:3569] [EM] >>> [E:19486r S:58741 M:131208245 (Ack:109804131)] (S) Msg RX from 0:FFFFFFFB00000000 [0000] to 0000000000000000 --- Type 0000:10 (SecureChannel:StandaloneAck) (B:34)[0m
[0;34m[1784654143.914] [3569:3569] [EM] Found matching exchange: 19486r, Delegate: (nil)[0m
[0;34m[1784654143.914] [3569:3569] [EM] Rxd Ack; Removing MessageCounter:109804131 from Retrans Table on exchange 19486r[0m
[0;32m[1784654143.914] [3569:3569] [EM] >>> [E:19488r S:58741 M:131208246] (S) Msg RX from 0:FFFFFFFB00000000 [0000] to 0000000000000000 --- Type 0001:08 (IM:InvokeCommandRequest) (B:70)[0m
[0;34m[1784654143.914] [3569:3569] [EM] Handling via exchange: 19488r, Delegate: 0x5ee114edaac8[0m
[0;34m[1784654143.914] [3569:3569] [DMG] InvokeRequestMessage =[0m
[0;34m[1784654143.914] [3569:3569] [DMG] {[0m
[0;34m[1784654143.914] [3569:3569] [DMG] 	suppressResponse = false, [0m
[0;34m[1784654143.914] [3569:3569] [DMG] 	timedRequest = false, [0m
[0;34m[1784654143.914] [3569:3569] [DMG] 	InvokeRequests =[0m
[0;34m[1784654143.914] [3569:3569] [DMG] 	[[0m
[0;34m[1784654143.914] [3569:3569] [DMG] 		CommandDataIB =[0m
[0;34m[1784654143.914] [3569:3569] [DMG] 		{[0m
[0;34m[1784654143.914] [3569:3569] [DMG] 			CommandPathIB =[0m
[0;34m[1784654143.914] [3569:3569] [DMG] 			{[0m
[0;34m[1784654143.914] [3569:3569] [DMG] 				EndpointId = 0x0,[0m
[0;34m[1784654143.914] [3569:3569] [DMG] 				ClusterId = 0x30,[0m
[0;34m[1784654143.914] [3569:3569] [DMG] 				CommandId = 0x2,[0m
[0;34m[1784654143.914] [3569:3569] [DMG] 			},[0m
[0;34m[1784654143.914] [3569:3569] [DMG] 			[0m
[0;34m[1784654143.914] [3569:3569] [DMG] 			CommandFields = [0m
[0;34m[1784654143.914] [3569:3569] [DMG] 			{[0m
[0;34m[1784654143.914] [3569:3569] [DMG] 				0x0 = 0 (unsigned), [0m
[0;34m[1784654143.914] [3569:3569] [DMG] 				0x1 = "XX" (2 chars), [0m
[0;34m[1784654143.914] [3569:3569] [DMG] 				0x2 = 4 (unsigned), [0m
[0;34m[1784654143.914] [3569:3569] [DMG] 			},[0m
[0;34m[1784654143.914] [3569:3569] [DMG] 		},[0m
[0;34m[1784654143.914] [3569:3569] [DMG] 		[0m
[0;34m[1784654143.914] [3569:3569] [DMG] 	],[0m
[0;34m[1784654143.914] [3569:3569] [DMG] 	[0m
[0;34m[1784654143.914] [3569:3569] [DMG] 	InteractionModelRevision = 12[0m
[0;34m[1784654143.914] [3569:3569] [DMG] },[0m
[0;32m[1784654143.914] [3569:3569] [DMG] AccessControl: checking f=0 a=p s=0xFFFFFFFB00000000 t= c=0x0000_0030 e=0 p=o r=i[0m
[0;32m[1784654143.914] [3569:3569] [DMG] AccessControl: implicit admin (PASE)[0m
[0;32m[1784654143.914] [3569:3569] [DMG] AccessControl: checking f=0 a=p s=0xFFFFFFFB00000000 t= c=0x0000_0030 e=0 p=a r=i[0m
[0;32m[1784654143.914] [3569:3569] [DMG] AccessControl: implicit admin (PASE)[0m
[0;34m[1784654143.914] [3569:3569] [DMG] Received command for Endpoint=0 Cluster=0x0000_0030 Command=0x0000_0002[0m
[0;34m[1784654143.917] [3569:3569] [DL] Wrote settings to /tmp/chip_config.ini[0m
[0;32m[1784654143.917] [3569:3569] [DL] NVS set: chip-config/regulatory-location = 0 (0x0)[0m
[0;34m[1784654143.923] [3569:3569] [DL] Wrote settings to /tmp/chip_config.ini[0m
[0;32m[1784654143.923] [3569:3569] [DL] NVS set: chip-config/country-code = "XX"[0m
[0;34m[1784654143.923] [3569:3569] [DMG] Command handler moving to [NewRespons][0m
[0;34m[1784654143.923] [3569:3569] [DMG] Command handler moving to [ Preparing][0m
[0;34m[1784654143.923] [3569:3569] [DMG] Command handler moving to [AddingComm][0m
[0;34m[1784654143.923] [3569:3569] [DMG] Command handler moving to [AddedComma][0m
[0;34m[1784654143.923] [3569:3569] [DMG] Decreasing reference count for CommandHandlerImpl, remaining 1[0m
[0;34m[1784654143.923] [3569:3569] [DMG] Decreasing reference count for CommandHandlerImpl, remaining 0[0m
[0;34m[1784654143.923] [3569:3569] [DMG] Command handler moving to [AwaitingDe][0m
[0;32m[1784654143.923] [3569:3569] [EM] <<< [E:19488r S:58741 M:109804133 (Ack:131208246)] (S) Msg TX from 0000000000000000 to 0:FFFFFFFB00000000 [0000] [UDP:[fe80::bfe:a203:38f0:bce7%enp0s3]:58165] --- Type 0001:09 (IM:InvokeCommandResponse) (B:70)[0m
[0;32m[1784654143.923] [3569:3569] [EM] ??1 [E:19488r S:58741 M:109804133] (S) Msg Retransmission to 0:FFFFFFFB00000000 scheduled for 363ms from now [State:Active II:500 AI:300 AT:4000][0m
[0;34m[1784654143.923] [3569:3569] [DMG] Command response sender moving to [AllInvokeR][0m
[0;32m[1784654143.924] [3569:3569] [EM] >>> [E:19487r S:58741 M:131208247 (Ack:109804132)] (S) Msg RX from 0:FFFFFFFB00000000 [0000] to 0000000000000000 --- Type 0000:10 (SecureChannel:StandaloneAck) (B:34)[0m
[0;34m[1784654143.924] [3569:3569] [EM] Found matching exchange: 19487r, Delegate: (nil)[0m
[0;34m[1784654143.924] [3569:3569] [EM] Rxd Ack; Removing MessageCounter:109804132 from Retrans Table on exchange 19487r[0m
[0;32m[1784654143.924] [3569:3569] [EM] >>> [E:19489r S:58741 M:131208248] (S) Msg RX from 0:FFFFFFFB00000000 [0000] to 0000000000000000 --- Type 0001:08 (IM:InvokeCommandRequest) (B:72)[0m
[0;34m[1784654143.924] [3569:3569] [EM] Handling via exchange: 19489r, Delegate: 0x5ee114edaac8[0m
[0;34m[1784654143.924] [3569:3569] [DMG] InvokeRequestMessage =[0m
[0;34m[1784654143.924] [3569:3569] [DMG] {[0m
[0;34m[1784654143.924] [3569:3569] [DMG] 	suppressResponse = false, [0m
[0;34m[1784654143.924] [3569:3569] [DMG] 	timedRequest = false, [0m
[0;34m[1784654143.924] [3569:3569] [DMG] 	InvokeRequests =[0m
[0;34m[1784654143.924] [3569:3569] [DMG] 	[[0m
[0;34m[1784654143.924] [3569:3569] [DMG] 		CommandDataIB =[0m
[0;34m[1784654143.924] [3569:3569] [DMG] 		{[0m
[0;34m[1784654143.924] [3569:3569] [DMG] 			CommandPathIB =[0m
[0;34m[1784654143.924] [3569:3569] [DMG] 			{[0m
[0;34m[1784654143.924] [3569:3569] [DMG] 				EndpointId = 0x0,[0m
[0;34m[1784654143.924] [3569:3569] [DMG] 				ClusterId = 0x38,[0m
[0;34m[1784654143.924] [3569:3569] [DMG] 				CommandId = 0x0,[0m
[0;34m[1784654143.924] [3569:3569] [DMG] 			},[0m
[0;34m[1784654143.924] [3569:3569] [DMG] 			[0m
[0;34m[1784654143.924] [3569:3569] [DMG] 			CommandFields = [0m
[0;34m[1784654143.924] [3569:3569] [DMG] 			{[0m
[0;34m[1784654143.924] [3569:3569] [DMG] 				0x0 = 837969343924080 (unsigned), [0m
[0;34m[1784654143.924] [3569:3569] [DMG] 				0x1 = 2 (unsigned), [0m
[0;34m[1784654143.924] [3569:3569] [DMG] 			},[0m
[0;34m[1784654143.924] [3569:3569] [DMG] 		},[0m
[0;34m[1784654143.924] [3569:3569] [DMG] 		[0m
[0;34m[1784654143.924] [3569:3569] [DMG] 	],[0m
[0;34m[1784654143.924] [3569:3569] [DMG] 	[0m
[0;34m[1784654143.924] [3569:3569] [DMG] 	InteractionModelRevision = 12[0m
[0;34m[1784654143.924] [3569:3569] [DMG] },[0m
[0;32m[1784654143.924] [3569:3569] [DMG] AccessControl: checking f=0 a=p s=0xFFFFFFFB00000000 t= c=0x0000_0038 e=0 p=o r=i[0m
[0;32m[1784654143.924] [3569:3569] [DMG] AccessControl: implicit admin (PASE)[0m
[0;32m[1784654143.924] [3569:3569] [DMG] AccessControl: checking f=0 a=p s=0xFFFFFFFB00000000 t= c=0x0000_0038 e=0 p=a r=i[0m
[0;32m[1784654143.924] [3569:3569] [DMG] AccessControl: implicit admin (PASE)[0m
[0;34m[1784654143.924] [3569:3569] [DMG] Received command for Endpoint=0 Cluster=0x0000_0038 Command=0x0000_0000[0m
[1;31m[1784654143.924] [3569:3569] [DMG] Endpoint=0 Cluster=0x0000_0038 Command=0x0000_0000 status 0x01 (FAILURE) ClusterSpecificCode=2 (no additional context)[0m
[0;34m[1784654143.924] [3569:3569] [DMG] Command handler moving to [NewRespons][0m
[0;34m[1784654143.924] [3569:3569] [DMG] Command handler moving to [ Preparing][0m
[0;34m[1784654143.924] [3569:3569] [DMG] Command handler moving to [AddingComm][0m
[0;34m[1784654143.924] [3569:3569] [DMG] Command handler moving to [AddedComma][0m
[0;34m[1784654143.924] [3569:3569] [DMG] Decreasing reference count for CommandHandlerImpl, remaining 1[0m
[0;34m[1784654143.924] [3569:3569] [DMG] Decreasing reference count for CommandHandlerImpl, remaining 0[0m
[0;34m[1784654143.924] [3569:3569] [DMG] Command handler moving to [AwaitingDe][0m
[0;32m[1784654143.924] [3569:3569] [EM] <<< [E:19489r S:58741 M:109804134 (Ack:131208248)] (S) Msg TX from 0000000000000000 to 0:FFFFFFFB00000000 [0000] [UDP:[fe80::bfe:a203:38f0:bce7%enp0s3]:58165] --- Type 0001:09 (IM:InvokeCommandResponse) (B:70)[0m
[0;32m[1784654143.924] [3569:3569] [EM] ??1 [E:19489r S:58741 M:109804134] (S) Msg Retransmission to 0:FFFFFFFB00000000 scheduled for 365ms from now [State:Active II:500 AI:300 AT:4000][0m
[0;34m[1784654143.924] [3569:3569] [DMG] Command response sender moving to [AllInvokeR][0m
[0;32m[1784654143.924] [3569:3569] [EM] >>> [E:19488r S:58741 M:131208249 (Ack:109804133)] (S) Msg RX from 0:FFFFFFFB00000000 [0000] to 0000000000000000 --- Type 0000:10 (SecureChannel:StandaloneAck) (B:34)[0m
[0;34m[1784654143.924] [3569:3569] [EM] Found matching exchange: 19488r, Delegate: (nil)[0m
[0;34m[1784654143.924] [3569:3569] [EM] Rxd Ack; Removing MessageCounter:109804133 from Retrans Table on exchange 19488r[0m
[0;32m[1784654143.925] [3569:3569] [EM] >>> [E:19490r S:58741 M:131208250] (S) Msg RX from 0:FFFFFFFB00000000 [0000] to 0000000000000000 --- Type 0001:08 (IM:InvokeCommandRequest) (B:62)[0m
[0;34m[1784654143.925] [3569:3569] [EM] Handling via exchange: 19490r, Delegate: 0x5ee114edaac8[0m
[0;34m[1784654143.925] [3569:3569] [DMG] InvokeRequestMessage =[0m
[0;34m[1784654143.925] [3569:3569] [DMG] {[0m
[0;34m[1784654143.925] [3569:3569] [DMG] 	suppressResponse = false, [0m
[0;34m[1784654143.925] [3569:3569] [DMG] 	timedRequest = false, [0m
[0;34m[1784654143.925] [3569:3569] [DMG] 	InvokeRequests =[0m
[0;34m[1784654143.925] [3569:3569] [DMG] 	[[0m
[0;34m[1784654143.925] [3569:3569] [DMG] 		CommandDataIB =[0m
[0;34m[1784654143.925] [3569:3569] [DMG] 		{[0m
[0;34m[1784654143.925] [3569:3569] [DMG] 			CommandPathIB =[0m
[0;34m[1784654143.925] [3569:3569] [DMG] 			{[0m
[0;34m[1784654143.925] [3569:3569] [DMG] 				EndpointId = 0x0,[0m
[0;34m[1784654143.925] [3569:3569] [DMG] 				ClusterId = 0x3e,[0m
[0;34m[1784654143.925] [3569:3569] [DMG] 				CommandId = 0x2,[0m
[0;34m[1784654143.925] [3569:3569] [DMG] 			},[0m
[0;34m[1784654143.925] [3569:3569] [DMG] 			[0m
[0;34m[1784654143.925] [3569:3569] [DMG] 			CommandFields = [0m
[0;34m[1784654143.925] [3569:3569] [DMG] 			{[0m
[0;34m[1784654143.925] [3569:3569] [DMG] 				0x0 = 2 (unsigned), [0m
[0;34m[1784654143.925] [3569:3569] [DMG] 			},[0m
[0;34m[1784654143.925] [3569:3569] [DMG] 		},[0m
[0;34m[1784654143.925] [3569:3569] [DMG] 		[0m
[0;34m[1784654143.925] [3569:3569] [DMG] 	],[0m
[0;34m[1784654143.925] [3569:3569] [DMG] 	[0m
[0;34m[1784654143.925] [3569:3569] [DMG] 	InteractionModelRevision = 12[0m
[0;34m[1784654143.925] [3569:3569] [DMG] },[0m
[0;32m[1784654143.925] [3569:3569] [DMG] AccessControl: checking f=0 a=p s=0xFFFFFFFB00000000 t= c=0x0000_003E e=0 p=o r=i[0m
[0;32m[1784654143.925] [3569:3569] [DMG] AccessControl: implicit admin (PASE)[0m
[0;32m[1784654143.925] [3569:3569] [DMG] AccessControl: checking f=0 a=p s=0xFFFFFFFB00000000 t= c=0x0000_003E e=0 p=a r=i[0m
[0;32m[1784654143.925] [3569:3569] [DMG] AccessControl: implicit admin (PASE)[0m
[0;34m[1784654143.925] [3569:3569] [DMG] Received command for Endpoint=0 Cluster=0x0000_003E Command=0x0000_0002[0m
[0;32m[1784654143.925] [3569:3569] [ZCL] OpCreds: Certificate Chain request received for PAI[0m
[0;34m[1784654143.925] [3569:3569] [DMG] Command handler moving to [NewRespons][0m
[0;34m[1784654143.925] [3569:3569] [DMG] Command handler moving to [ Preparing][0m
[0;34m[1784654143.925] [3569:3569] [DMG] Command handler moving to [AddingComm][0m
[0;34m[1784654143.925] [3569:3569] [DMG] Command handler moving to [AddedComma][0m
[0;34m[1784654143.925] [3569:3569] [DMG] Decreasing reference count for CommandHandlerImpl, remaining 1[0m
[0;34m[1784654143.925] [3569:3569] [DMG] Decreasing reference count for CommandHandlerImpl, remaining 0[0m
[0;34m[1784654143.925] [3569:3569] [DMG] Command handler moving to [AwaitingDe][0m
[0;32m[1784654143.925] [3569:3569] [EM] <<< [E:19490r S:58741 M:109804135 (Ack:131208250)] (S) Msg TX from 0000000000000000 to 0:FFFFFFFB00000000 [0000] [UDP:[fe80::bfe:a203:38f0:bce7%enp0s3]:58165] --- Type 0001:09 (IM:InvokeCommandResponse) (B:531)[0m
[0;32m[1784654143.925] [3569:3569] [EM] ??1 [E:19490r S:58741 M:109804135] (S) Msg Retransmission to 0:FFFFFFFB00000000 scheduled for 352ms from now [State:Active II:500 AI:300 AT:4000][0m
[0;34m[1784654143.925] [3569:3569] [DMG] Command response sender moving to [AllInvokeR][0m
[0;32m[1784654143.925] [3569:3569] [EM] >>> [E:19489r S:58741 M:131208251 (Ack:109804134)] (S) Msg RX from 0:FFFFFFFB00000000 [0000] to 0000000000000000 --- Type 0000:10 (SecureChannel:StandaloneAck) (B:34)[0m
[0;34m[1784654143.925] [3569:3569] [EM] Found matching exchange: 19489r, Delegate: (nil)[0m
[0;34m[1784654143.925] [3569:3569] [EM] Rxd Ack; Removing MessageCounter:109804134 from Retrans Table on exchange 19489r[0m
[0;32m[1784654143.925] [3569:3569] [EM] >>> [E:19491r S:58741 M:131208252] (S) Msg RX from 0:FFFFFFFB00000000 [0000] to 0000000000000000 --- Type 0001:08 (IM:InvokeCommandRequest) (B:62)[0m
[0;34m[1784654143.925] [3569:3569] [EM] Handling via exchange: 19491r, Delegate: 0x5ee114edaac8[0m
[0;34m[1784654143.925] [3569:3569] [DMG] InvokeRequestMessage =[0m
[0;34m[1784654143.925] [3569:3569] [DMG] {[0m
[0;34m[1784654143.925] [3569:3569] [DMG] 	suppressResponse = false, [0m
[0;34m[1784654143.925] [3569:3569] [DMG] 	timedRequest = false, [0m
[0;34m[1784654143.925] [3569:3569] [DMG] 	InvokeRequests =[0m
[0;34m[1784654143.925] [3569:3569] [DMG] 	[[0m
[0;34m[1784654143.925] [3569:3569] [DMG] 		CommandDataIB =[0m
[0;34m[1784654143.925] [3569:3569] [DMG] 		{[0m
[0;34m[1784654143.925] [3569:3569] [DMG] 			CommandPathIB =[0m
[0;34m[1784654143.925] [3569:3569] [DMG] 			{[0m
[0;34m[1784654143.925] [3569:3569] [DMG] 				EndpointId = 0x0,[0m
[0;34m[1784654143.925] [3569:3569] [DMG] 				ClusterId = 0x3e,[0m
[0;34m[1784654143.925] [3569:3569] [DMG] 				CommandId = 0x2,[0m
[0;34m[1784654143.925] [3569:3569] [DMG] 			},[0m
[0;34m[1784654143.925] [3569:3569] [DMG] 			[0m
[0;34m[1784654143.925] [3569:3569] [DMG] 			CommandFields = [0m
[0;34m[1784654143.925] [3569:3569] [DMG] 			{[0m
[0;34m[1784654143.925] [3569:3569] [DMG] 				0x0 = 1 (unsigned), [0m
[0;34m[1784654143.925] [3569:3569] [DMG] 			},[0m
[0;34m[1784654143.925] [3569:3569] [DMG] 		},[0m
[0;34m[1784654143.925] [3569:3569] [DMG] 		[0m
[0;34m[1784654143.925] [3569:3569] [DMG] 	],[0m
[0;34m[1784654143.925] [3569:3569] [DMG] 	[0m
[0;34m[1784654143.925] [3569:3569] [DMG] 	InteractionModelRevision = 12[0m
[0;34m[1784654143.925] [3569:3569] [DMG] },[0m
[0;32m[1784654143.925] [3569:3569] [DMG] AccessControl: checking f=0 a=p s=0xFFFFFFFB00000000 t= c=0x0000_003E e=0 p=o r=i[0m
[0;32m[1784654143.925] [3569:3569] [DMG] AccessControl: implicit admin (PASE)[0m
[0;32m[1784654143.925] [3569:3569] [DMG] AccessControl: checking f=0 a=p s=0xFFFFFFFB00000000 t= c=0x0000_003E e=0 p=a r=i[0m
[0;32m[1784654143.925] [3569:3569] [DMG] AccessControl: implicit admin (PASE)[0m
[0;34m[1784654143.925] [3569:3569] [DMG] Received command for Endpoint=0 Cluster=0x0000_003E Command=0x0000_0002[0m
[0;32m[1784654143.925] [3569:3569] [ZCL] OpCreds: Certificate Chain request received for DAC[0m
[0;34m[1784654143.925] [3569:3569] [DMG] Command handler moving to [NewRespons][0m
[0;34m[1784654143.925] [3569:3569] [DMG] Command handler moving to [ Preparing][0m
[0;34m[1784654143.925] [3569:3569] [DMG] Command handler moving to [AddingComm][0m
[0;34m[1784654143.925] [3569:3569] [DMG] Command handler moving to [AddedComma][0m
[0;34m[1784654143.925] [3569:3569] [DMG] Decreasing reference count for CommandHandlerImpl, remaining 1[0m
[0;34m[1784654143.925] [3569:3569] [DMG] Decreasing reference count for CommandHandlerImpl, remaining 0[0m
[0;34m[1784654143.925] [3569:3569] [DMG] Command handler moving to [AwaitingDe][0m
[0;32m[1784654143.925] [3569:3569] [EM] <<< [E:19491r S:58741 M:109804136 (Ack:131208252)] (S) Msg TX from 0000000000000000 to 0:FFFFFFFB00000000 [0000] [UDP:[fe80::bfe:a203:38f0:bce7%enp0s3]:58165] --- Type 0001:09 (IM:InvokeCommandResponse) (B:559)[0m
[0;32m[1784654143.925] [3569:3569] [EM] ??1 [E:19491r S:58741 M:109804136] (S) Msg Retransmission to 0:FFFFFFFB00000000 scheduled for 332ms from now [State:Active II:500 AI:300 AT:4000][0m
[0;34m[1784654143.925] [3569:3569] [DMG] Command response sender moving to [AllInvokeR][0m
[0;32m[1784654143.925] [3569:3569] [EM] >>> [E:19490r S:58741 M:131208253 (Ack:109804135)] (S) Msg RX from 0:FFFFFFFB00000000 [0000] to 0000000000000000 --- Type 0000:10 (SecureChannel:StandaloneAck) (B:34)[0m
[0;34m[1784654143.925] [3569:3569] [EM] Found matching exchange: 19490r, Delegate: (nil)[0m
[0;34m[1784654143.925] [3569:3569] [EM] Rxd Ack; Removing MessageCounter:109804135 from Retrans Table on exchange 19490r[0m
[0;32m[1784654143.925] [3569:3569] [EM] >>> [E:19492r S:58741 M:131208254] (S) Msg RX from 0:FFFFFFFB00000000 [0000] to 0000000000000000 --- Type 0001:08 (IM:InvokeCommandRequest) (B:94)[0m
[0;34m[1784654143.926] [3569:3569] [EM] Handling via exchange: 19492r, Delegate: 0x5ee114edaac8[0m
[0;34m[1784654143.926] [3569:3569] [DMG] InvokeRequestMessage =[0m
[0;34m[1784654143.926] [3569:3569] [DMG] {[0m
[0;34m[1784654143.926] [3569:3569] [DMG] 	suppressResponse = false, [0m
[0;34m[1784654143.926] [3569:3569] [DMG] 	timedRequest = false, [0m
[0;34m[1784654143.926] [3569:3569] [DMG] 	InvokeRequests =[0m
[0;34m[1784654143.926] [3569:3569] [DMG] 	[[0m
[0;34m[1784654143.926] [3569:3569] [DMG] 		CommandDataIB =[0m
[0;34m[1784654143.926] [3569:3569] [DMG] 		{[0m
[0;34m[1784654143.926] [3569:3569] [DMG] 			CommandPathIB =[0m
[0;34m[1784654143.926] [3569:3569] [DMG] 			{[0m
[0;34m[1784654143.926] [3569:3569] [DMG] 				EndpointId = 0x0,[0m
[0;34m[1784654143.926] [3569:3569] [DMG] 				ClusterId = 0x3e,[0m
[0;34m[1784654143.926] [3569:3569] [DMG] 				CommandId = 0x0,[0m
[0;34m[1784654143.926] [3569:3569] [DMG] 			},[0m
[0;34m[1784654143.926] [3569:3569] [DMG] 			[0m
[0;34m[1784654143.926] [3569:3569] [DMG] 			CommandFields = [0m
[0;34m[1784654143.926] [3569:3569] [DMG] 			{[0m
[0;34m[1784654143.926] [3569:3569] [DMG] 				0x0 = [[0m
[0;34m[1784654143.926] [3569:3569] [DMG] 						0x27, 0x1b, 0xcd, 0xc1, 0x2f, 0x8f, 0xee, 0xf3, 0x30, 0x33, 0x97, 0x64, 0x64, 0x97, 0xf4, 0x19, 0x58, 0x3c, 0xc6, 0x57, 0x57, 0x84, 0x86, 0x1b, 0x63, 0x75, 0x40, 0x50, 0xde, 0xa8, 0x63, 0x08, [0m
[0;34m[1784654143.926] [3569:3569] [DMG] 				] (32 bytes)[0m
[0;34m[1784654143.926] [3569:3569] [DMG] 			},[0m
[0;34m[1784654143.926] [3569:3569] [DMG] 		},[0m
[0;34m[1784654143.926] [3569:3569] [DMG] 		[0m
[0;34m[1784654143.926] [3569:3569] [DMG] 	],[0m
[0;34m[1784654143.926] [3569:3569] [DMG] 	[0m
[0;34m[1784654143.926] [3569:3569] [DMG] 	InteractionModelRevision = 12[0m
[0;34m[1784654143.926] [3569:3569] [DMG] },[0m
[0;32m[1784654143.926] [3569:3569] [DMG] AccessControl: checking f=0 a=p s=0xFFFFFFFB00000000 t= c=0x0000_003E e=0 p=o r=i[0m
[0;32m[1784654143.926] [3569:3569] [DMG] AccessControl: implicit admin (PASE)[0m
[0;32m[1784654143.926] [3569:3569] [DMG] AccessControl: checking f=0 a=p s=0xFFFFFFFB00000000 t= c=0x0000_003E e=0 p=a r=i[0m
[0;32m[1784654143.926] [3569:3569] [DMG] AccessControl: implicit admin (PASE)[0m
[0;34m[1784654143.926] [3569:3569] [DMG] Received command for Endpoint=0 Cluster=0x0000_003E Command=0x0000_0000[0m
[0;32m[1784654143.926] [3569:3569] [ZCL] OpCreds: Received an AttestationRequest command[0m
[0;32m[1784654143.926] [3569:3569] [ZCL] OpCreds: AttestationRequest successful.[0m
[0;34m[1784654143.926] [3569:3569] [DMG] Command handler moving to [NewRespons][0m
[0;34m[1784654143.926] [3569:3569] [DMG] Command handler moving to [ Preparing][0m
[0;34m[1784654143.926] [3569:3569] [DMG] Command handler moving to [AddingComm][0m
[0;34m[1784654143.926] [3569:3569] [DMG] Command handler moving to [AddedComma][0m
[0;34m[1784654143.926] [3569:3569] [DMG] Decreasing reference count for CommandHandlerImpl, remaining 1[0m
[0;34m[1784654143.926] [3569:3569] [DMG] Decreasing reference count for CommandHandlerImpl, remaining 0[0m
[0;34m[1784654143.926] [3569:3569] [DMG] Command handler moving to [AwaitingDe][0m
[0;32m[1784654143.926] [3569:3569] [EM] <<< [E:19492r S:58741 M:109804137 (Ack:131208254)] (S) Msg TX from 0000000000000000 to 0:FFFFFFFB00000000 [0000] [UDP:[fe80::bfe:a203:38f0:bce7%enp0s3]:58165] --- Type 0001:09 (IM:InvokeCommandResponse) (B:718)[0m
[0;32m[1784654143.926] [3569:3569] [EM] ??1 [E:19492r S:58741 M:109804137] (S) Msg Retransmission to 0:FFFFFFFB00000000 scheduled for 411ms from now [State:Active II:500 AI:300 AT:4000][0m
[0;34m[1784654143.926] [3569:3569] [DMG] Command response sender moving to [AllInvokeR][0m
[0;32m[1784654143.926] [3569:3569] [EM] >>> [E:19491r S:58741 M:131208255 (Ack:109804136)] (S) Msg RX from 0:FFFFFFFB00000000 [0000] to 0000000000000000 --- Type 0000:10 (SecureChannel:StandaloneAck) (B:34)[0m
[0;34m[1784654143.926] [3569:3569] [EM] Found matching exchange: 19491r, Delegate: (nil)[0m
[0;34m[1784654143.926] [3569:3569] [EM] Rxd Ack; Removing MessageCounter:109804136 from Retrans Table on exchange 19491r[0m
[0;32m[1784654143.934] [3569:3569] [EM] >>> [E:19493r S:58741 M:131208256] (S) Msg RX from 0:FFFFFFFB00000000 [0000] to 0000000000000000 --- Type 0001:08 (IM:InvokeCommandRequest) (B:94)[0m
[0;34m[1784654143.934] [3569:3569] [EM] Handling via exchange: 19493r, Delegate: 0x5ee114edaac8[0m
[0;34m[1784654143.934] [3569:3569] [DMG] InvokeRequestMessage =[0m
[0;34m[1784654143.934] [3569:3569] [DMG] {[0m
[0;34m[1784654143.934] [3569:3569] [DMG] 	suppressResponse = false, [0m
[0;34m[1784654143.934] [3569:3569] [DMG] 	timedRequest = false, [0m
[0;34m[1784654143.934] [3569:3569] [DMG] 	InvokeRequests =[0m
[0;34m[1784654143.934] [3569:3569] [DMG] 	[[0m
[0;34m[1784654143.934] [3569:3569] [DMG] 		CommandDataIB =[0m
[0;34m[1784654143.934] [3569:3569] [DMG] 		{[0m
[0;34m[1784654143.934] [3569:3569] [DMG] 			CommandPathIB =[0m
[0;34m[1784654143.934] [3569:3569] [DMG] 			{[0m
[0;34m[1784654143.934] [3569:3569] [DMG] 				EndpointId = 0x0,[0m
[0;34m[1784654143.934] [3569:3569] [DMG] 				ClusterId = 0x3e,[0m
[0;34m[1784654143.934] [3569:3569] [DMG] 				CommandId = 0x4,[0m
[0;34m[1784654143.934] [3569:3569] [DMG] 			},[0m
[0;34m[1784654143.934] [3569:3569] [DMG] 			[0m
[0;34m[1784654143.934] [3569:3569] [DMG] 			CommandFields = [0m
[0;34m[1784654143.934] [3569:3569] [DMG] 			{[0m
[0;34m[1784654143.934] [3569:3569] [DMG] 				0x0 = [[0m
[0;34m[1784654143.934] [3569:3569] [DMG] 						0xf8, 0x67, 0xd1, 0x6d, 0x76, 0x0d, 0x4c, 0x8a, 0x8d, 0x91, 0xcc, 0x43, 0x8e, 0x79, 0x3c, 0xc2, 0x69, 0xec, 0xa6, 0x02, 0xf6, 0x1d, 0x29, 0x0b, 0x6c, 0x79, 0x16, 0x10, 0x02, 0x66, 0x84, 0xd7, [0m
[0;34m[1784654143.934] [3569:3569] [DMG] 				] (32 bytes)[0m
[0;34m[1784654143.934] [3569:3569] [DMG] 			},[0m
[0;34m[1784654143.934] [3569:3569] [DMG] 		},[0m
[0;34m[1784654143.934] [3569:3569] [DMG] 		[0m
[0;34m[1784654143.934] [3569:3569] [DMG] 	],[0m
[0;34m[1784654143.934] [3569:3569] [DMG] 	[0m
[0;34m[1784654143.934] [3569:3569] [DMG] 	InteractionModelRevision = 12[0m
[0;34m[1784654143.934] [3569:3569] [DMG] },[0m
[0;32m[1784654143.934] [3569:3569] [DMG] AccessControl: checking f=0 a=p s=0xFFFFFFFB00000000 t= c=0x0000_003E e=0 p=o r=i[0m
[0;32m[1784654143.934] [3569:3569] [DMG] AccessControl: implicit admin (PASE)[0m
[0;32m[1784654143.934] [3569:3569] [DMG] AccessControl: checking f=0 a=p s=0xFFFFFFFB00000000 t= c=0x0000_003E e=0 p=a r=i[0m
[0;32m[1784654143.934] [3569:3569] [DMG] AccessControl: implicit admin (PASE)[0m
[0;34m[1784654143.934] [3569:3569] [DMG] Received command for Endpoint=0 Cluster=0x0000_003E Command=0x0000_0004[0m
[0;32m[1784654143.934] [3569:3569] [ZCL] OpCreds: Received a CSRRequest command[0m
[0;32m[1784654143.934] [3569:3569] [ZCL] OpCreds: AllocatePendingOperationalKey succeeded[0m
[0;32m[1784654143.934] [3569:3569] [ZCL] OpCreds: CSRRequest successful.[0m
[0;34m[1784654143.934] [3569:3569] [DMG] Command handler moving to [NewRespons][0m
[0;34m[1784654143.934] [3569:3569] [DMG] Command handler moving to [ Preparing][0m
[0;34m[1784654143.934] [3569:3569] [DMG] Command handler moving to [AddingComm][0m
[0;34m[1784654143.934] [3569:3569] [DMG] Command handler moving to [AddedComma][0m
[0;34m[1784654143.934] [3569:3569] [DMG] Decreasing reference count for CommandHandlerImpl, remaining 1[0m
[0;34m[1784654143.934] [3569:3569] [DMG] Decreasing reference count for CommandHandlerImpl, remaining 0[0m
[0;34m[1784654143.934] [3569:3569] [DMG] Command handler moving to [AwaitingDe][0m
[0;32m[1784654143.934] [3569:3569] [EM] <<< [E:19493r S:58741 M:109804138 (Ack:131208256)] (S) Msg TX from 0000000000000000 to 0:FFFFFFFB00000000 [0000] [UDP:[fe80::bfe:a203:38f0:bce7%enp0s3]:58165] --- Type 0001:09 (IM:InvokeCommandResponse) (B:377)[0m
[0;32m[1784654143.934] [3569:3569] [EM] ??1 [E:19493r S:58741 M:109804138] (S) Msg Retransmission to 0:FFFFFFFB00000000 scheduled for 378ms from now [State:Active II:500 AI:300 AT:4000][0m
[0;34m[1784654143.934] [3569:3569] [DMG] Command response sender moving to [AllInvokeR][0m
[0;32m[1784654143.934] [3569:3569] [EM] >>> [E:19492r S:58741 M:131208257 (Ack:109804137)] (S) Msg RX from 0:FFFFFFFB00000000 [0000] to 0000000000000000 --- Type 0000:10 (SecureChannel:StandaloneAck) (B:34)[0m
[0;34m[1784654143.934] [3569:3569] [EM] Found matching exchange: 19492r, Delegate: (nil)[0m
[0;34m[1784654143.934] [3569:3569] [EM] Rxd Ack; Removing MessageCounter:109804137 from Retrans Table on exchange 19492r[0m
[0;32m[1784654143.936] [3569:3569] [EM] >>> [E:19494r S:58741 M:131208258] (S) Msg RX from 0:FFFFFFFB00000000 [0000] to 0000000000000000 --- Type 0001:08 (IM:InvokeCommandRequest) (B:293)[0m
[0;34m[1784654143.936] [3569:3569] [EM] Handling via exchange: 19494r, Delegate: 0x5ee114edaac8[0m
[0;34m[1784654143.936] [3569:3569] [DMG] InvokeRequestMessage =[0m
[0;34m[1784654143.936] [3569:3569] [DMG] {[0m
[0;34m[1784654143.936] [3569:3569] [DMG] 	suppressResponse = false, [0m
[0;34m[1784654143.936] [3569:3569] [DMG] 	timedRequest = false, [0m
[0;34m[1784654143.936] [3569:3569] [DMG] 	InvokeRequests =[0m
[0;34m[1784654143.936] [3569:3569] [DMG] 	[[0m
[0;34m[1784654143.936] [3569:3569] [DMG] 		CommandDataIB =[0m
[0;34m[1784654143.936] [3569:3569] [DMG] 		{[0m
[0;34m[1784654143.936] [3569:3569] [DMG] 			CommandPathIB =[0m
[0;34m[1784654143.936] [3569:3569] [DMG] 			{[0m
[0;34m[1784654143.936] [3569:3569] [DMG] 				EndpointId = 0x0,[0m
[0;34m[1784654143.936] [3569:3569] [DMG] 				ClusterId = 0x3e,[0m
[0;34m[1784654143.936] [3569:3569] [DMG] 				CommandId = 0xb,[0m
[0;34m[1784654143.936] [3569:3569] [DMG] 			},[0m
[0;34m[1784654143.936] [3569:3569] [DMG] 			[0m
[0;34m[1784654143.936] [3569:3569] [DMG] 			CommandFields = [0m
[0;34m[1784654143.936] [3569:3569] [DMG] 			{[0m
[0;34m[1784654143.936] [3569:3569] [DMG] 				0x0 = [[0m
[0;34m[1784654143.936] [3569:3569] [DMG] 						0x15, 0x30, 0x01, 0x01, 0x01, 0x24, 0x02, 0x01, 0x37, 0x03, 0x24, 0x14, 0x01, 0x18, 0x26, 0x04, 0x80, 0x22, 0x81, 0x27, 0x26, 0x05, 0x80, 0x25, 0x4d, 0x3a, 0x37, 0x06, 0x24, 0x14, 0x01, 0x18, 0x24, 0x07, 0x01, 0x24, 0x08, 0x01, 0x30, 0x09, 0x41, 0x04, 0x21, 0x06, 0xc7, 0xd7, 0x06, 0x9b, 0x1b, 0x98, 0x83, 0x35, 0xb3, 0xb5, 0x5d, 0xc6, 0x45, 0x60, 0x76, 0x51, 0x2d, 0x50, 0xa1, 0x5b, 0x22, 0x30, 0x81, 0x76, 0x71, 0x44, 0x04, 0x18, 0x3b, 0x0b, 0x75, 0xd0, 0xa3, 0xd6, 0x3f, 0x72, 0xe0, 0x22, 0xb3, 0x8a, 0x07, 0x1d, 0x3d, 0x63, 0x7d, 0x1e, 0x7c, 0x89, 0x5a, 0x52, 0x68, 0x69, 0xc0, 0x76, 0x96, 0xdb, 0x08, 0x7a, 0x50, 0xf5, 0xee, 0x02, 0x37, 0x0a, 0x35, 0x01, 0x29, 0x01, 0x18, 0x24, 0x02, 0x60, 0x30, 0x04, 0x14, 0xee, 0x5b, 0xea, 0x93, 0x99, 0xcd, 0x4d, 0x21, 0x7a, 0xb1, 0x2f, 0x77, 0x04, 0x56, 0x6d, 0xd5, 0x87, 0x2b, 0xf4, 0xfa, 0x30, 0x05, 0x14, 0xee, 0x5b, 0xea, 0x93, 0x99, 0xcd, 0x4d, 0x21, 0x7a, 0xb1, 0x2f, 0x77, 0x04, 0x56, 0x6d, 0xd5, 0x87, 0x2b, 0xf4, 0xfa, 0x18, 0x30, 0x0b, 0x40, 0xdb, 0xf7, 0x9b, 0x70, 0x4a, 0xdf, 0x7a, 0xd2, 0x35, 0x40, 0x93, 0x83, 0x1d, 0xae, 0x47, 0xdb, 0xb3, 0xad, 0xe6, 0x81, 0x2c, 0x59, 0x09, 0x1b, 0x39, 0x06, 0x10, 0xb6, 0x25, 0x5e, 0xa0, 0x13, 0x6b, 0x18, 0x8a, 0x63, 0x5f, 0x99, 0xee, 0xe3, 0x43, 0x5d, 0x7a, 0x9b, 0xce, 0x31, 0xd5, 0xe1, 0xbb, 0xe8, 0x18, 0x61, 0xd3, 0x92, 0x63, 0xa4, 0x56, 0x3e, 0xff, 0xf5, 0xde, 0x67, 0xca, 0x72, 0x18, [0m
[0;34m[1784654143.936] [3569:3569] [DMG] 				] (231 bytes)[0m
[0;34m[1784654143.936] [3569:3569] [DMG] 			},[0m
[0;34m[1784654143.936] [3569:3569] [DMG] 		},[0m
[0;34m[1784654143.936] [3569:3569] [DMG] 		[0m
[0;34m[1784654143.936] [3569:3569] [DMG] 	],[0m
[0;34m[1784654143.936] [3569:3569] [DMG] 	[0m
[0;34m[1784654143.936] [3569:3569] [DMG] 	InteractionModelRevision = 12[0m
[0;34m[1784654143.936] [3569:3569] [DMG] },[0m
[0;32m[1784654143.936] [3569:3569] [DMG] AccessControl: checking f=0 a=p s=0xFFFFFFFB00000000 t= c=0x0000_003E e=0 p=o r=i[0m
[0;32m[1784654143.936] [3569:3569] [DMG] AccessControl: implicit admin (PASE)[0m
[0;32m[1784654143.936] [3569:3569] [DMG] AccessControl: checking f=0 a=p s=0xFFFFFFFB00000000 t= c=0x0000_003E e=0 p=a r=i[0m
[0;32m[1784654143.936] [3569:3569] [DMG] AccessControl: implicit admin (PASE)[0m
[0;34m[1784654143.936] [3569:3569] [DMG] Received command for Endpoint=0 Cluster=0x0000_003E Command=0x0000_000B[0m
[0;32m[1784654143.936] [3569:3569] [ZCL] OpCreds: Received an AddTrustedRootCertificate command[0m
[0;32m[1784654143.937] [3569:3569] [ZCL] OpCreds: AddTrustedRootCertificate successful.[0m
[0;34m[1784654143.937] [3569:3569] [DMG] Command handler moving to [NewRespons][0m
[0;34m[1784654143.937] [3569:3569] [DMG] Command handler moving to [ Preparing][0m
[0;34m[1784654143.937] [3569:3569] [DMG] Command handler moving to [AddingComm][0m
[0;34m[1784654143.937] [3569:3569] [DMG] Command handler moving to [AddedComma][0m
[0;34m[1784654143.937] [3569:3569] [DMG] Decreasing reference count for CommandHandlerImpl, remaining 1[0m
[0;34m[1784654143.937] [3569:3569] [DMG] Decreasing reference count for CommandHandlerImpl, remaining 0[0m
[0;34m[1784654143.937] [3569:3569] [DMG] Command handler moving to [AwaitingDe][0m
[0;32m[1784654143.937] [3569:3569] [EM] <<< [E:19494r S:58741 M:109804139 (Ack:131208258)] (S) Msg TX from 0000000000000000 to 0:FFFFFFFB00000000 [0000] [UDP:[fe80::bfe:a203:38f0:bce7%enp0s3]:58165] --- Type 0001:09 (IM:InvokeCommandResponse) (B:67)[0m
[0;32m[1784654143.937] [3569:3569] [EM] ??1 [E:19494r S:58741 M:109804139] (S) Msg Retransmission to 0:FFFFFFFB00000000 scheduled for 394ms from now [State:Active II:500 AI:300 AT:4000][0m
[0;34m[1784654143.937] [3569:3569] [DMG] Command response sender moving to [AllInvokeR][0m
[0;32m[1784654143.937] [3569:3569] [EM] >>> [E:19493r S:58741 M:131208259 (Ack:109804138)] (S) Msg RX from 0:FFFFFFFB00000000 [0000] to 0000000000000000 --- Type 0000:10 (SecureChannel:StandaloneAck) (B:34)[0m
[0;34m[1784654143.937] [3569:3569] [EM] Found matching exchange: 19493r, Delegate: (nil)[0m
[0;34m[1784654143.937] [3569:3569] [EM] Rxd Ack; Removing MessageCounter:109804138 from Retrans Table on exchange 19493r[0m
[0;32m[1784654143.937] [3569:3569] [EM] >>> [E:19495r S:58741 M:131208260] (S) Msg RX from 0:FFFFFFFB00000000 [0000] to 0000000000000000 --- Type 0001:08 (IM:InvokeCommandRequest) (B:566)[0m
[0;34m[1784654143.937] [3569:3569] [EM] Handling via exchange: 19495r, Delegate: 0x5ee114edaac8[0m
[0;34m[1784654143.937] [3569:3569] [DMG] InvokeRequestMessage =[0m
[0;34m[1784654143.937] [3569:3569] [DMG] {[0m
[0;34m[1784654143.937] [3569:3569] [DMG] 	suppressResponse = false, [0m
[0;34m[1784654143.937] [3569:3569] [DMG] 	timedRequest = false, [0m
[0;34m[1784654143.937] [3569:3569] [DMG] 	InvokeRequests =[0m
[0;34m[1784654143.937] [3569:3569] [DMG] 	[[0m
[0;34m[1784654143.937] [3569:3569] [DMG] 		CommandDataIB =[0m
[0;34m[1784654143.937] [3569:3569] [DMG] 		{[0m
[0;34m[1784654143.937] [3569:3569] [DMG] 			CommandPathIB =[0m
[0;34m[1784654143.937] [3569:3569] [DMG] 			{[0m
[0;34m[1784654143.937] [3569:3569] [DMG] 				EndpointId = 0x0,[0m
[0;34m[1784654143.937] [3569:3569] [DMG] 				ClusterId = 0x3e,[0m
[0;34m[1784654143.937] [3569:3569] [DMG] 				CommandId = 0x6,[0m
[0;34m[1784654143.937] [3569:3569] [DMG] 			},[0m
[0;34m[1784654143.937] [3569:3569] [DMG] 			[0m
[0;34m[1784654143.937] [3569:3569] [DMG] 			CommandFields = [0m
[0;34m[1784654143.937] [3569:3569] [DMG] 			{[0m
[0;34m[1784654143.937] [3569:3569] [DMG] 				0x0 = [[0m
[0;34m[1784654143.937] [3569:3569] [DMG] 						0x15, 0x30, 0x01, 0x01, 0x01, 0x24, 0x02, 0x01, 0x37, 0x03, 0x24, 0x13, 0x02, 0x18, 0x26, 0x04, 0x80, 0x22, 0x81, 0x27, 0x26, 0x05, 0x80, 0x25, 0x4d, 0x3a, 0x37, 0x06, 0x24, 0x15, 0x01, 0x24, 0x11, 0x01, 0x18, 0x24, 0x07, 0x01, 0x24, 0x08, 0x01, 0x30, 0x09, 0x41, 0x04, 0x1d, 0xce, 0x5c, 0x93, 0x14, 0xa2, 0x70, 0xfa, 0xc7, 0x42, 0x2b, 0xec, 0x93, 0xc0, 0xdf, 0x20, 0x8d, 0x10, 0x56, 0x7a, 0x1a, 0x99, 0x88, 0x70, 0x75, 0xe3, 0x1a, 0x4f, 0x30, 0x6e, 0x89, 0x7c, 0x4a, 0x80, 0x03, 0xe3, 0xbe, 0x7c, 0x46, 0xe7, 0x02, 0xdc, 0x82, 0xa9, 0xe5, 0xd8, 0x31, 0x6f, 0xc5, 0x8c, 0x96, 0xbd, 0xb6, 0x2e, 0x50, 0x1c, 0xdd, 0xe7, 0xc4, 0x0a, 0x4c, 0xf7, 0xcd, 0x96, 0x37, 0x0a, 0x35, 0x01, 0x28, 0x01, 0x18, 0x24, 0x02, 0x01, 0x36, 0x03, 0x04, 0x02, 0x04, 0x01, 0x18, 0x30, 0x04, 0x14, 0x5b, 0x74, 0x7a, 0x5e, 0xfd, 0x87, 0x21, 0xbb, 0x15, 0x35, 0x3a, 0x46, 0x70, 0x1b, 0x30, 0xd6, 0xee, 0xfd, 0x52, 0x50, 0x30, 0x05, 0x14, 0xc9, 0xec, 0x4a, 0x35, 0x07, 0x32, 0xe3, 0xa1, 0xef, 0xbe, 0x02, 0xd9, 0x8a, 0xec, 0xab, 0x22, 0x3d, 0xad, 0xa4, 0xfe, 0x18, 0x30, 0x0b, 0x40, 0xbc, 0x70, 0xfb, 0x73, 0x7a, 0xfb, 0x9b, 0x3c, 0xb8, 0x68, 0x99, 0x9a, 0xa8, 0xc6, 0x28, 0x40, 0x94, 0xf7, 0xa3, 0x8e, 0xde, 0xf7, 0xf9, 0xd8, 0xa3, 0xa1, 0xc5, 0x5d, 0x70, 0xb8, 0x05, 0x13, 0xe2, 0xc1, 0x25, 0x9d, 0xd0, 0x66, 0x55, 0x8e, 0xbf, 0xb1, 0x40, 0xd2, 0xb9, 0x07, 0xa2, 0x79, 0xb3, 0x10, 0x97, 0x1a, 0xf6, 0xf6, 0x28, 0x85, 0x82, 0xca, 0x16, 0xde, 0x4a, 0x58, 0x4e, 0x03, 0x18, [0m
[0;34m[1784654143.937] [3569:3569] [DMG] 				] (241 bytes)[0m
[0;34m[1784654143.937] [3569:3569] [DMG] 				0x1 = [[0m
[0;34m[1784654143.937] [3569:3569] [DMG] 						0x15, 0x30, 0x01, 0x01, 0x01, 0x24, 0x02, 0x01, 0x37, 0x03, 0x24, 0x14, 0x01, 0x18, 0x26, 0x04, 0x80, 0x22, 0x81, 0x27, 0x26, 0x05, 0x80, 0x25, 0x4d, 0x3a, 0x37, 0x06, 0x24, 0x13, 0x02, 0x18, 0x24, 0x07, 0x01, 0x24, 0x08, 0x01, 0x30, 0x09, 0x41, 0x04, 0x74, 0x98, 0x02, 0x72, 0xe0, 0xdc, 0xdf, 0x17, 0xea, 0xd1, 0xa8, 0x63, 0xde, 0x13, 0x57, 0x9e, 0xc2, 0xc9, 0x9f, 0x0c, 0x0a, 0xc7, 0x96, 0x78, 0xdd, 0xdd, 0x5b, 0x59, 0xd6, 0xcf, 0x56, 0xd9, 0xeb, 0xa1, 0xfc, 0x94, 0xb0, 0x01, 0xda, 0x0c, 0xf4, 0x04, 0xf6, 0x08, 0xae, 0xee, 0x6a, 0x9d, 0xc1, 0xa6, 0xbd, 0x54, 0xdd, 0xa5, 0x1b, 0x1e, 0xa5, 0x4b, 0x2f, 0x2f, 0x30, 0x69, 0xfc, 0xae, 0x37, 0x0a, 0x35, 0x01, 0x29, 0x01, 0x18, 0x24, 0x02, 0x60, 0x30, 0x04, 0x14, 0xc9, 0xec, 0x4a, 0x35, 0x07, 0x32, 0xe3, 0xa1, 0xef, 0xbe, 0x02, 0xd9, 0x8a, 0xec, 0xab, 0x22, 0x3d, 0xad, 0xa4, 0xfe, 0x30, 0x05, 0x14, 0xee, 0x5b, 0xea, 0x93, 0x99, 0xcd, 0x4d, 0x21, 0x7a, 0xb1, 0x2f, 0x77, 0x04, 0x56, 0x6d, 0xd5, 0x87, 0x2b, 0xf4, 0xfa, 0x18, 0x30, 0x0b, 0x40, 0xc8, 0x1c, 0xd4, 0xe2, 0x8a, 0xd3, 0x67, 0x91, 0xe2, 0x38, 0x86, 0x4b, 0x40, 0x22, 0x85, 0x7a, 0x10, 0xfb, 0x4c, 0xab, 0x51, 0x81, 0xa4, 0x56, 0x01, 0x14, 0xde, 0x79, 0x06, 0x96, 0x7c, 0x56, 0x66, 0xa2, 0x70, 0x63, 0x9f, 0x77, 0x41, 0xbd, 0x26, 0x20, 0xbc, 0xd2, 0x7f, 0x35, 0x8b, 0x95, 0xa4, 0x7a, 0xb4, 0x71, 0x2c, 0xc6, 0x69, 0x8f, 0xf5, 0xab, 0x3d, 0x53, 0x7d, 0x54, 0x7f, 0x51, 0x18, [0m
[0;34m[1784654143.937] [3569:3569] [DMG] 				] (231 bytes)[0m
[0;34m[1784654143.937] [3569:3569] [DMG] 				0x2 = [[0m
[0;34m[1784654143.937] [3569:3569] [DMG] 						0x74, 0x65, 0x6d, 0x70, 0x6f, 0x72, 0x61, 0x72, 0x79, 0x20, 0x69, 0x70, 0x6b, 0x20, 0x30, 0x31, [0m
[0;34m[1784654143.937] [3569:3569] [DMG] 				] (16 bytes)[0m
[0;34m[1784654143.937] [3569:3569] [DMG] 				0x3 = 112233 (unsigned), [0m
[0;34m[1784654143.937] [3569:3569] [DMG] 				0x4 = 65521 (unsigned), [0m
[0;34m[1784654143.937] [3569:3569] [DMG] 			},[0m
[0;34m[1784654143.937] [3569:3569] [DMG] 		},[0m
[0;34m[1784654143.937] [3569:3569] [DMG] 		[0m
[0;34m[1784654143.937] [3569:3569] [DMG] 	],[0m
[0;34m[1784654143.937] [3569:3569] [DMG] 	[0m
[0;34m[1784654143.937] [3569:3569] [DMG] 	InteractionModelRevision = 12[0m
[0;34m[1784654143.937] [3569:3569] [DMG] },[0m
[0;32m[1784654143.937] [3569:3569] [DMG] AccessControl: checking f=0 a=p s=0xFFFFFFFB00000000 t= c=0x0000_003E e=0 p=o r=i[0m
[0;32m[1784654143.937] [3569:3569] [DMG] AccessControl: implicit admin (PASE)[0m
[0;32m[1784654143.937] [3569:3569] [DMG] AccessControl: checking f=0 a=p s=0xFFFFFFFB00000000 t= c=0x0000_003E e=0 p=a r=i[0m
[0;32m[1784654143.937] [3569:3569] [DMG] AccessControl: implicit admin (PASE)[0m
[0;34m[1784654143.937] [3569:3569] [DMG] Received command for Endpoint=0 Cluster=0x0000_003E Command=0x0000_0006[0m
[0;32m[1784654143.937] [3569:3569] [ZCL] OpCreds: Received an AddNOC command[0m
[0;32m[1784654143.937] [3569:3569] [FP] Validating NOC chain[0m
[0;32m[1784654143.937] [3569:3569] [FP] NOC chain validation successful[0m
[0;32m[1784654143.937] [3569:3569] [FP] Added new fabric at index: 0x1[0m
[0;32m[1784654143.937] [3569:3569] [FP] Assigned compressed fabric ID: 0x215CC571DEF15FFF, node ID: 0x0000000000000001[0m
[0;32m[1784654143.937] [3569:3569] [TS] Last Known Good Time: 2023-10-14T01:16:48[0m
[0;32m[1784654143.937] [3569:3569] [TS] New proposed Last Known Good Time: 2021-01-01T00:00:00[0m
[0;32m[1784654143.937] [3569:3569] [TS] Retaining current Last Known Good Time[0m
[0;34m[1784654143.940] [3569:3569] [DL] Wrote settings to /tmp/chip_kvs_test[0m
[0;34m[1784654143.941] [3569:3569] [DL] Wrote settings to /tmp/chip_kvs_test[0m
[0;34m[1784654143.943] [3569:3569] [DL] Wrote settings to /tmp/chip_kvs_test[0m
[0;32m[1784654143.943] [3569:3569] [DMG] AccessControl: validating f=1 p=a a=c s=1 t=0[0m
[0;32m[1784654143.943] [3569:3569] [DMG]   validating subject 0x000000000001B669[0m
[0;34m[1784654143.945] [3569:3569] [DL] Wrote settings to /tmp/chip_kvs_test[0m
[0;34m[1784654143.945] [3569:3569] [EVL] LogEvent event number: 0x0000000000000004 priority: 1, endpoint id:  0x0 cluster id: 0x0000_001F event id: 0x0 Epoch timestamp: 0x0000019F85AD21C9[0m
[0;32m[1784654143.945] [3569:3569] [ZCL] OpCreds: ACL entry created for Fabric index 0x1 CASE Admin Subject 0x000000000001B669[0m
[0;34m[1784654143.946] [3569:3569] [DL] Using WiFi MAC for hostname[0m
[0;32m[1784654143.946] [3569:3569] [DIS] Advertise operational node 215CC571DEF15FFF-0000000000000001[0m
[0;34m[1784654143.946] [3569:3569] [DIS] Responding with _matter._tcp.local[0m
[0;34m[1784654143.946] [3569:3569] [DIS] Responding with 215CC571DEF15FFF-0000000000000001._matter._tcp.local[0m
[0;34m[1784654143.946] [3569:3569] [DIS] Responding with 215CC571DEF15FFF-0000000000000001._matter._tcp.local[0m
[0;34m[1784654143.946] [3569:3569] [DIS] Responding with 080027AE1A43.local[0m
[0;34m[1784654143.946] [3569:3569] [DIS] Responding with 080027AE1A43.local[0m
[0;34m[1784654143.946] [3569:3569] [DIS] Responding with _I215CC571DEF15FFF._sub._matter._tcp.local[0m
[0;32m[1784654143.946] [3569:3569] [DIS] CHIP minimal mDNS configured as 'Operational device'; instance name: 215CC571DEF15FFF-0000000000000001.[0m
[0;32m[1784654143.946] [3569:3569] [DIS] mDNS service published: _matter._tcp[0m
[0;34m[1784654143.946] [3569:3569] [DMG] Command handler moving to [NewRespons][0m
[0;34m[1784654143.946] [3569:3569] [DMG] Command handler moving to [ Preparing][0m
[0;34m[1784654143.946] [3569:3569] [DMG] Command handler moving to [AddingComm][0m
[0;34m[1784654143.946] [3569:3569] [DMG] Command handler moving to [AddedComma][0m
[0;32m[1784654143.946] [3569:3569] [ZCL] OpCreds: successfully created fabric index 0x1 via AddNOC[0m
[0;34m[1784654143.946] [3569:3569] [DMG] Decreasing reference count for CommandHandlerImpl, remaining 1[0m
[0;34m[1784654143.946] [3569:3569] [DMG] Decreasing reference count for CommandHandlerImpl, remaining 0[0m
[0;34m[1784654143.946] [3569:3569] [DMG] Command handler moving to [AwaitingDe][0m
[0;32m[1784654143.947] [3569:3569] [EM] <<< [E:19495r S:58741 M:109804140 (Ack:131208260)] (S) Msg TX from 0000000000000000 to 1:FFFFFFFB00000000 [5FFF] [UDP:[fe80::bfe:a203:38f0:bce7%enp0s3]:58165] --- Type 0001:09 (IM:InvokeCommandResponse) (B:70)[0m
[0;32m[1784654143.947] [3569:3569] [EM] ??1 [E:19495r S:58741 M:109804140] (S) Msg Retransmission to 1:FFFFFFFB00000000 scheduled for 332ms from now [State:Active II:500 AI:300 AT:4000][0m
[0;34m[1784654143.947] [3569:3569] [DMG] Command response sender moving to [AllInvokeR][0m
[0;32m[1784654143.947] [3569:3569] [EM] >>> [E:19494r S:58741 M:131208261 (Ack:109804139)] (S) Msg RX from 1:FFFFFFFB00000000 [5FFF] to 0000000000000000 --- Type 0000:10 (SecureChannel:StandaloneAck) (B:34)[0m
[0;34m[1784654143.947] [3569:3569] [EM] Found matching exchange: 19494r, Delegate: (nil)[0m
[0;34m[1784654143.947] [3569:3569] [EM] Rxd Ack; Removing MessageCounter:109804139 from Retrans Table on exchange 19494r[0m
[0;32m[1784654143.947] [3569:3569] [EM] >>> [E:19495r S:58741 M:131208262 (Ack:109804140)] (S) Msg RX from 1:FFFFFFFB00000000 [5FFF] to 0000000000000000 --- Type 0000:10 (SecureChannel:StandaloneAck) (B:34)[0m
[0;34m[1784654143.947] [3569:3569] [EM] Found matching exchange: 19495r, Delegate: (nil)[0m
[0;34m[1784654143.947] [3569:3569] [EM] Rxd Ack; Removing MessageCounter:109804140 from Retrans Table on exchange 19495r[0m
[0;32m[1784654144.154] [3569:3569] [EM] >>> [E:19496r S:0 M:110311675] (U) Msg RX from 0:8D2C3578F3F990DA [0000] to 0000000000000000 --- Type 0000:30 (SecureChannel:CASE_Sigma1) (B:196)[0m
[0;34m[1784654144.154] [3569:3569] [EM] Handling via exchange: 19496r, Delegate: 0x5ee114ed05f8[0m
[0;32m[1784654144.154] [3569:3569] [IN] CASE Server received Sigma1 message . Starting handshake. EC 0x5ee130b55470[0m
[0;32m[1784654144.154] [3569:3569] [SC] Received Sigma1 msg[0m
[0;34m[1784654144.154] [3569:3569] [SC] Found MRP parameters in the message[0m
[0;34m[1784654144.154] [3569:3569] [SC] Peer (Initiator) assigned session ID 26325[0m
[0;32m[1784654144.155] [3569:3569] [SC] CASE matched destination ID: fabricIndex 1, NodeID 0x0000000000000001[0m
[0;32m[1784654144.156] [3569:3569] [EM] <<< [E:19496r S:0 M:132076092 (Ack:110311675)] (U) Msg TX from 0000000000000000 to 0:8D2C3578F3F990DA [0000] [UDP:[fe80::bfe:a203:38f0:bce7%enp0s3]:58165] --- Type 0000:31 (SecureChannel:CASE_Sigma2) (B:751)[0m
[0;32m[1784654144.156] [3569:3569] [EM] ??1 [E:19496r S:0 M:132076092] (U) Msg Retransmission to 0:0000000000000000 scheduled for 401ms from now [State:Active II:500 AI:300 AT:4000][0m
[0;32m[1784654144.157] [3569:3569] [SC] Sent Sigma2 msg[0m
[0;32m[1784654144.159] [3569:3569] [EM] >>> [E:19496r S:0 M:110311676 (Ack:132076092)] (U) Msg RX from 0:8D2C3578F3F990DA [0000] to 0000000000000000 --- Type 0000:32 (SecureChannel:CASE_Sigma3) (B:598)[0m
[0;34m[1784654144.159] [3569:3569] [EM] Found matching exchange: 19496r, Delegate: 0x5ee114ed0630[0m
[0;34m[1784654144.159] [3569:3569] [EM] Rxd Ack; Removing MessageCounter:132076092 from Retrans Table on exchange 19496r[0m
[0;32m[1784654144.159] [3569:3569] [SC] Received Sigma3 msg[0m
[1;31m[1784654144.159] [3569:3569] [SC] The device does not support GetClock_RealTimeMS() API: src/protocols/secure_channel/CASESession.cpp:2276: CHIP Error 0x0000006C: Required feature not supported by this configuration.  Falling back to Last Known Good UTC Time[0m
[0;34m[1784654144.162] [3569:3569] [DL] Wrote settings to /tmp/chip_kvs_test[0m
[0;34m[1784654144.164] [3569:3569] [DL] Wrote settings to /tmp/chip_kvs_test[0m
[0;34m[1784654144.166] [3569:3569] [DL] Wrote settings to /tmp/chip_kvs_test[0m
[0;34m[1784654144.166] [3569:3569] [SC] Sending status report. Protocol code 0, exchange 19496[0m
[0;32m[1784654144.166] [3569:3569] [EM] <<< [E:19496r S:0 M:132076093 (Ack:110311676)] (U) Msg TX from 0000000000000000 to 0:8D2C3578F3F990DA [0000] [UDP:[fe80::bfe:a203:38f0:bce7%enp0s3]:58165] --- Type 0000:40 (SecureChannel:StatusReport) (B:34)[0m
[0;32m[1784654144.166] [3569:3569] [EM] ??1 [E:19496r S:0 M:132076093] (U) Msg Retransmission to 0:0000000000000000 scheduled for 335ms from now [State:Active II:500 AI:300 AT:4000][0m
[0;32m[1784654144.166] [3569:3569] [SC] SecureSession[0x5ee130b40da0, LSID:58742]: State change 'kEstablishing' --> 'kActive'[0m
[0;34m[1784654144.166] [3569:3569] [IN] SecureSession[0x5ee130b40da0]: Activated - Type:2 LSID:58742[0m
[0;34m[1784654144.166] [3569:3569] [IN] New secure session activated for device <000000000001B669, 1>, LSID:58742 PSID:26325![0m
[0;32m[1784654144.166] [3569:3569] [IN] CASE Session established to peer: <000000000001B669, 1>[0m
[0;34m[1784654144.166] [3569:3569] [IN] SecureSession[0x5ee130b5bd40]: Allocated Type:2 LSID:58743[0m
[0;34m[1784654144.166] [3569:3569] [SC] Allocated SecureSession (0x5ee130b5bd40) - waiting for Sigma1 msg[0m
[0;32m[1784654144.168] [3569:3569] [EM] >>> [E:19497r S:58742 M:46322298] (S) Msg RX from 1:000000000001B669 [5FFF] to 0000000000000001 --- Type 0001:08 (IM:InvokeCommandRequest) (B:59)[0m
[0;34m[1784654144.168] [3569:3569] [EM] Handling via exchange: 19497r, Delegate: 0x5ee114edaac8[0m
[0;34m[1784654144.168] [3569:3569] [DMG] InvokeRequestMessage =[0m
[0;34m[1784654144.168] [3569:3569] [DMG] {[0m
[0;34m[1784654144.168] [3569:3569] [DMG] 	suppressResponse = false, [0m
[0;34m[1784654144.168] [3569:3569] [DMG] 	timedRequest = false, [0m
[0;34m[1784654144.168] [3569:3569] [DMG] 	InvokeRequests =[0m
[0;34m[1784654144.168] [3569:3569] [DMG] 	[[0m
[0;34m[1784654144.168] [3569:3569] [DMG] 		CommandDataIB =[0m
[0;34m[1784654144.168] [3569:3569] [DMG] 		{[0m
[0;34m[1784654144.168] [3569:3569] [DMG] 			CommandPathIB =[0m
[0;34m[1784654144.168] [3569:3569] [DMG] 			{[0m
[0;34m[1784654144.168] [3569:3569] [DMG] 				EndpointId = 0x0,[0m
[0;34m[1784654144.168] [3569:3569] [DMG] 				ClusterId = 0x30,[0m
[0;34m[1784654144.168] [3569:3569] [DMG] 				CommandId = 0x4,[0m
[0;34m[1784654144.168] [3569:3569] [DMG] 			},[0m
[0;34m[1784654144.168] [3569:3569] [DMG] 			[0m
[0;34m[1784654144.168] [3569:3569] [DMG] 			CommandFields = [0m
[0;34m[1784654144.168] [3569:3569] [DMG] 			{[0m
[0;34m[1784654144.168] [3569:3569] [DMG] 			},[0m
[0;34m[1784654144.168] [3569:3569] [DMG] 		},[0m
[0;34m[1784654144.168] [3569:3569] [DMG] 		[0m
[0;34m[1784654144.168] [3569:3569] [DMG] 	],[0m
[0;34m[1784654144.168] [3569:3569] [DMG] 	[0m
[0;34m[1784654144.168] [3569:3569] [DMG] 	InteractionModelRevision = 12[0m
[0;34m[1784654144.168] [3569:3569] [DMG] },[0m
[0;32m[1784654144.168] [3569:3569] [DMG] AccessControl: checking f=1 a=c s=0x000000000001B669 t= c=0x0000_0030 e=0 p=o r=i[0m
[0;32m[1784654144.168] [3569:3569] [DMG] AccessControl: allowed[0m
[0;32m[1784654144.168] [3569:3569] [DMG] AccessControl: checking f=1 a=c s=0x000000000001B669 t= c=0x0000_0030 e=0 p=a r=i[0m
[0;32m[1784654144.168] [3569:3569] [DMG] AccessControl: allowed[0m
[0;34m[1784654144.168] [3569:3569] [DMG] Received command for Endpoint=0 Cluster=0x0000_0030 Command=0x0000_0004[0m
[0;32m[1784654144.168] [3569:3569] [FS] GeneralCommissioning: Received CommissioningComplete[0m
[0;34m[1784654144.171] [3569:3569] [DL] Wrote settings to /tmp/chip_kvs_test[0m
[0;34m[1784654144.173] [3569:3569] [DL] Wrote settings to /tmp/chip_kvs_test[0m
[0;32m[1784654144.173] [3569:3569] [FP] Metadata for Fabric 0x1 persisted to storage.[0m
[0;34m[1784654144.175] [3569:3569] [DL] Wrote settings to /tmp/chip_kvs_test[0m
[0;34m[1784654144.177] [3569:3569] [DL] Wrote settings to /tmp/chip_kvs_test[0m
[0;34m[1784654144.179] [3569:3569] [DL] Wrote settings to /tmp/chip_kvs_test[0m
[0;34m[1784654144.181] [3569:3569] [DL] Wrote settings to /tmp/chip_kvs_test[0m
[0;32m[1784654144.181] [3569:3569] [TS] Committing Last Known Good Time to storage: 2023-10-14T01:16:48[0m
[0;34m[1784654144.184] [3569:3569] [DL] Wrote settings to /tmp/chip_kvs_test[0m
[0;34m[1784654144.186] [3569:3569] [DL] Wrote settings to /tmp/chip_kvs_test[0m
[0;32m[1784654144.186] [3569:3569] [ZCL] OpCreds: Fabric index 0x1 was committed to storage. Compressed Fabric Id 0x215CC571DEF15FFF, FabricId 0000000000000001, NodeId 0000000000000001, VendorId 0xFFF1[0m
[0;34m[1784654144.188] [3569:3569] [DL] Wrote settings to /tmp/chip_kvs_test[0m
[0;32m[1784654144.188] [3569:3569] [FS] GeneralCommissioning: Successfully committed pending fabric data[0m
[0;32m[1784654144.188] [3569:3569] [FS] Fail-safe cleanly disarmed[0m
[0;34m[1784654144.188] [3569:3569] [DMG] Command handler moving to [NewRespons][0m
[0;34m[1784654144.188] [3569:3569] [DMG] Command handler moving to [ Preparing][0m
[0;34m[1784654144.188] [3569:3569] [DMG] Command handler moving to [AddingComm][0m
[0;34m[1784654144.188] [3569:3569] [DMG] Command handler moving to [AddedComma][0m
[0;34m[1784654144.188] [3569:3569] [DMG] Decreasing reference count for CommandHandlerImpl, remaining 1[0m
[0;34m[1784654144.188] [3569:3569] [DMG] Decreasing reference count for CommandHandlerImpl, remaining 0[0m
[0;34m[1784654144.188] [3569:3569] [DMG] Command handler moving to [AwaitingDe][0m
[0;32m[1784654144.188] [3569:3569] [EM] <<< [E:19497r S:58742 M:195890520 (Ack:46322298)] (S) Msg TX from 0000000000000001 to 1:000000000001B669 [5FFF] [UDP:[fe80::bfe:a203:38f0:bce7%enp0s3]:58165] --- Type 0001:09 (IM:InvokeCommandResponse) (B:70)[0m
[0;32m[1784654144.188] [3569:3569] [EM] ??1 [E:19497r S:58742 M:195890520] (S) Msg Retransmission to 1:000000000001B669 scheduled for 338ms from now [State:Active II:500 AI:300 AT:4000][0m
[0;34m[1784654144.188] [3569:3569] [DMG] Command response sender moving to [AllInvokeR][0m
[0;32m[1784654144.188] [3569:3569] [SVR] Commissioning completed successfully[0m
[0;32m[1784654144.188] [3569:3569] [DIS] Updating services using commissioning mode 0[0m
[0;32m[1784654144.188] [3569:3569] [DIS] CHIP minimal mDNS started advertising.[0m
[0;34m[1784654144.189] [3569:3569] [DL] Using WiFi MAC for hostname[0m
[0;32m[1784654144.190] [3569:3569] [DIS] Advertise operational node 215CC571DEF15FFF-0000000000000001[0m
[0;34m[1784654144.190] [3569:3569] [DIS] Responding with _matter._tcp.local[0m
[0;34m[1784654144.190] [3569:3569] [DIS] Responding with 215CC571DEF15FFF-0000000000000001._matter._tcp.local[0m
[0;34m[1784654144.190] [3569:3569] [DIS] Responding with 215CC571DEF15FFF-0000000000000001._matter._tcp.local[0m
[0;34m[1784654144.190] [3569:3569] [DIS] Responding with 080027AE1A43.local[0m
[0;34m[1784654144.190] [3569:3569] [DIS] Responding with 080027AE1A43.local[0m
[0;34m[1784654144.190] [3569:3569] [DIS] Responding with _I215CC571DEF15FFF._sub._matter._tcp.local[0m
[0;32m[1784654144.190] [3569:3569] [DIS] CHIP minimal mDNS configured as 'Operational device'; instance name: 215CC571DEF15FFF-0000000000000001.[0m
[0;32m[1784654144.190] [3569:3569] [DIS] mDNS service published: _matter._tcp[0m
[0;34m[1784654144.190] [3569:3569] [IN] Expiring all PASE sessions[0m
[0;34m[1784654144.190] [3569:3569] [IN] SecureSession[0x5ee130b40890]: MarkForEviction Type:1 LSID:58741[0m
[0;32m[1784654144.190] [3569:3569] [SC] SecureSession[0x5ee130b40890, LSID:58741]: State change 'kActive' --> 'kPendingEviction'[0m
[0;34m[1784654144.190] [3569:3569] [IN] SecureSession[0x5ee130b40890]: Released - Type:1 LSID:58741[0m
[0;32m[1784654144.190] [3569:3569] [PAF] WiFiPAF: Closing all WiFiPAF sessions to shutdown[0m
[0;32m[1784654144.190] [3569:3569] [EM] >>> [E:19496r S:0 M:110311677 (Ack:132076093)] (U) Msg RX from 0:8D2C3578F3F990DA [0000] to 0000000000000000 --- Type 0000:10 (SecureChannel:StandaloneAck) (B:26)[0m
[0;34m[1784654144.190] [3569:3569] [EM] Found matching exchange: 19496r, Delegate: (nil)[0m
[0;34m[1784654144.190] [3569:3569] [EM] Rxd Ack; Removing MessageCounter:132076093 from Retrans Table on exchange 19496r[0m
[0;32m[1784654144.190] [3569:3569] [EM] >>> [E:19497r S:58742 M:46322299 (Ack:195890520)] (S) Msg RX from 1:000000000001B669 [5FFF] to 0000000000000001 --- Type 0000:10 (SecureChannel:StandaloneAck) (B:34)[0m
[0;34m[1784654144.190] [3569:3569] [EM] Found matching exchange: 19497r, Delegate: (nil)[0m
[0;34m[1784654144.190] [3569:3569] [EM] Rxd Ack; Removing MessageCounter:195890520 from Retrans Table on exchange 19497r[0m
[0;32m[1784654144.457] [3569:3569] [EM] >>> [E:33325r S:0 M:65477260] (U) Msg RX from 0:40E512AC45A7464A [0000] to 0000000000000000 --- Type 0000:30 (SecureChannel:CASE_Sigma1) (B:196)[0m
[0;34m[1784654144.457] [3569:3569] [EM] Handling via exchange: 33325r, Delegate: 0x5ee114ed05f8[0m
[0;32m[1784654144.457] [3569:3569] [IN] CASE Server received Sigma1 message . Starting handshake. EC 0x5ee130b55470[0m
[0;32m[1784654144.457] [3569:3569] [SC] Received Sigma1 msg[0m
[0;34m[1784654144.457] [3569:3569] [SC] Found MRP parameters in the message[0m
[0;34m[1784654144.457] [3569:3569] [SC] Peer (Initiator) assigned session ID 32302[0m
[0;32m[1784654144.457] [3569:3569] [SC] CASE matched destination ID: fabricIndex 1, NodeID 0x0000000000000001[0m
[0;32m[1784654144.458] [3569:3569] [EM] <<< [E:33325r S:0 M:132076094 (Ack:65477260)] (U) Msg TX from 0000000000000000 to 0:40E512AC45A7464A [0000] [UDP:[fe80::bfe:a203:38f0:bce7%enp0s3]:53787] --- Type 0000:31 (SecureChannel:CASE_Sigma2) (B:751)[0m
[0;32m[1784654144.458] [3569:3569] [EM] ??1 [E:33325r S:0 M:132076094] (U) Msg Retransmission to 0:0000000000000000 scheduled for 357ms from now [State:Active II:500 AI:300 AT:4000][0m
[0;32m[1784654144.458] [3569:3569] [SC] Sent Sigma2 msg[0m
[0;32m[1784654144.460] [3569:3569] [EM] >>> [E:33325r S:0 M:65477261 (Ack:132076094)] (U) Msg RX from 0:40E512AC45A7464A [0000] to 0000000000000000 --- Type 0000:32 (SecureChannel:CASE_Sigma3) (B:598)[0m
[0;34m[1784654144.460] [3569:3569] [EM] Found matching exchange: 33325r, Delegate: 0x5ee114ed0630[0m
[0;34m[1784654144.460] [3569:3569] [EM] Rxd Ack; Removing MessageCounter:132076094 from Retrans Table on exchange 33325r[0m
[0;32m[1784654144.460] [3569:3569] [SC] Received Sigma3 msg[0m
[1;31m[1784654144.460] [3569:3569] [SC] The device does not support GetClock_RealTimeMS() API: src/protocols/secure_channel/CASESession.cpp:2276: CHIP Error 0x0000006C: Required feature not supported by this configuration.  Falling back to Last Known Good UTC Time[0m
[0;34m[1784654144.464] [3569:3569] [DL] Wrote settings to /tmp/chip_kvs_test[0m
[0;34m[1784654144.467] [3569:3569] [DL] Wrote settings to /tmp/chip_kvs_test[0m
[0;34m[1784654144.469] [3569:3569] [DL] Wrote settings to /tmp/chip_kvs_test[0m
[0;34m[1784654144.469] [3569:3569] [SC] Sending status report. Protocol code 0, exchange 33325[0m
[0;32m[1784654144.469] [3569:3569] [EM] <<< [E:33325r S:0 M:132076095 (Ack:65477261)] (U) Msg TX from 0000000000000000 to 0:40E512AC45A7464A [0000] [UDP:[fe80::bfe:a203:38f0:bce7%enp0s3]:53787] --- Type 0000:40 (SecureChannel:StatusReport) (B:34)[0m
[0;32m[1784654144.469] [3569:3569] [EM] ??1 [E:33325r S:0 M:132076095] (U) Msg Retransmission to 0:0000000000000000 scheduled for 394ms from now [State:Active II:500 AI:300 AT:4000][0m
[0;32m[1784654144.469] [3569:3569] [SC] SecureSession[0x5ee130b5bd40, LSID:58743]: State change 'kEstablishing' --> 'kActive'[0m
[0;34m[1784654144.469] [3569:3569] [IN] SecureSession[0x5ee130b5bd40]: Activated - Type:2 LSID:58743[0m
[0;34m[1784654144.469] [3569:3569] [IN] New secure session activated for device <000000000001B669, 1>, LSID:58743 PSID:32302![0m
[0;32m[1784654144.469] [3569:3569] [IN] CASE Session established to peer: <000000000001B669, 1>[0m
[0;34m[1784654144.469] [3569:3569] [IN] SecureSession[0x5ee130b40890]: Allocated Type:2 LSID:58744[0m
[0;34m[1784654144.469] [3569:3569] [SC] Allocated SecureSession (0x5ee130b40890) - waiting for Sigma1 msg[0m
[0;32m[1784654144.471] [3569:3569] [EM] >>> [E:33326r S:58743 M:9812295] (S) Msg RX from 1:000000000001B669 [5FFF] to 0000000000000001 --- Type 0001:08 (IM:InvokeCommandRequest) (B:65)[0m
[0;34m[1784654144.471] [3569:3569] [EM] Handling via exchange: 33326r, Delegate: 0x5ee114edaac8[0m
[0;34m[1784654144.471] [3569:3569] [DMG] InvokeRequestMessage =[0m
[0;34m[1784654144.471] [3569:3569] [DMG] {[0m
[0;34m[1784654144.471] [3569:3569] [DMG] 	suppressResponse = false, [0m
[0;34m[1784654144.471] [3569:3569] [DMG] 	timedRequest = false, [0m
[0;34m[1784654144.471] [3569:3569] [DMG] 	InvokeRequests =[0m
[0;34m[1784654144.471] [3569:3569] [DMG] 	[[0m
[0;34m[1784654144.471] [3569:3569] [DMG] 		CommandDataIB =[0m
[0;34m[1784654144.471] [3569:3569] [DMG] 		{[0m
[0;34m[1784654144.471] [3569:3569] [DMG] 			CommandPathIB =[0m
[0;34m[1784654144.471] [3569:3569] [DMG] 			{[0m
[0;34m[1784654144.471] [3569:3569] [DMG] 				EndpointId = 0x0,[0m
[0;34m[1784654144.471] [3569:3569] [DMG] 				ClusterId = 0x30,[0m
[0;34m[1784654144.471] [3569:3569] [DMG] 				CommandId = 0x0,[0m
[0;34m[1784654144.471] [3569:3569] [DMG] 			},[0m
[0;34m[1784654144.471] [3569:3569] [DMG] 			[0m
[0;34m[1784654144.471] [3569:3569] [DMG] 			CommandFields = [0m
[0;34m[1784654144.471] [3569:3569] [DMG] 			{[0m
[0;34m[1784654144.471] [3569:3569] [DMG] 				0x0 = 60 (unsigned), [0m
[0;34m[1784654144.471] [3569:3569] [DMG] 				0x1 = 0 (unsigned), [0m
[0;34m[1784654144.471] [3569:3569] [DMG] 			},[0m
[0;34m[1784654144.471] [3569:3569] [DMG] 		},[0m
[0;34m[1784654144.471] [3569:3569] [DMG] 		[0m
[0;34m[1784654144.471] [3569:3569] [DMG] 	],[0m
[0;34m[1784654144.471] [3569:3569] [DMG] 	[0m
[0;34m[1784654144.471] [3569:3569] [DMG] 	InteractionModelRevision = 12[0m
[0;34m[1784654144.471] [3569:3569] [DMG] },[0m
[0;32m[1784654144.471] [3569:3569] [DMG] AccessControl: checking f=1 a=c s=0x000000000001B669 t= c=0x0000_0030 e=0 p=o r=i[0m
[0;32m[1784654144.471] [3569:3569] [DMG] AccessControl: allowed[0m
[0;32m[1784654144.471] [3569:3569] [DMG] AccessControl: checking f=1 a=c s=0x000000000001B669 t= c=0x0000_0030 e=0 p=a r=i[0m
[0;32m[1784654144.471] [3569:3569] [DMG] AccessControl: allowed[0m
[0;34m[1784654144.471] [3569:3569] [DMG] Received command for Endpoint=0 Cluster=0x0000_0030 Command=0x0000_0000[0m
[0;32m[1784654144.471] [3569:3569] [FS] GeneralCommissioning: Received ArmFailSafe (60s)[0m
[0;34m[1784654144.471] [3569:3569] [DMG] Command handler moving to [NewRespons][0m
[0;34m[1784654144.471] [3569:3569] [DMG] Command handler moving to [ Preparing][0m
[0;34m[1784654144.471] [3569:3569] [DMG] Command handler moving to [AddingComm][0m
[0;34m[1784654144.471] [3569:3569] [DMG] Command handler moving to [AddedComma][0m
[0;34m[1784654144.471] [3569:3569] [DMG] Decreasing reference count for CommandHandlerImpl, remaining 1[0m
[0;34m[1784654144.471] [3569:3569] [DMG] Decreasing reference count for CommandHandlerImpl, remaining 0[0m
[0;34m[1784654144.471] [3569:3569] [DMG] Command handler moving to [AwaitingDe][0m
[0;32m[1784654144.471] [3569:3569] [EM] <<< [E:33326r S:58743 M:43305940 (Ack:9812295)] (S) Msg TX from 0000000000000001 to 1:000000000001B669 [5FFF] [UDP:[fe80::bfe:a203:38f0:bce7%enp0s3]:53787] --- Type 0001:09 (IM:InvokeCommandResponse) (B:70)[0m
[0;32m[1784654144.471] [3569:3569] [EM] ??1 [E:33326r S:58743 M:43305940] (S) Msg Retransmission to 1:000000000001B669 scheduled for 332ms from now [State:Active II:500 AI:300 AT:4000][0m
[0;34m[1784654144.471] [3569:3569] [DMG] Command response sender moving to [AllInvokeR][0m
[0;32m[1784654144.471] [3569:3569] [EM] >>> [E:33325r S:0 M:65477262 (Ack:132076095)] (U) Msg RX from 0:40E512AC45A7464A [0000] to 0000000000000000 --- Type 0000:10 (SecureChannel:StandaloneAck) (B:26)[0m
[0;34m[1784654144.471] [3569:3569] [EM] Found matching exchange: 33325r, Delegate: (nil)[0m
[0;34m[1784654144.471] [3569:3569] [EM] Rxd Ack; Removing MessageCounter:132076095 from Retrans Table on exchange 33325r[0m
[0;32m[1784654144.471] [3569:3569] [EM] >>> [E:33326r S:58743 M:9812296 (Ack:43305940)] (S) Msg RX from 1:000000000001B669 [5FFF] to 0000000000000001 --- Type 0000:10 (SecureChannel:StandaloneAck) (B:34)[0m
[0;34m[1784654144.471] [3569:3569] [EM] Found matching exchange: 33326r, Delegate: (nil)[0m
[0;34m[1784654144.471] [3569:3569] [EM] Rxd Ack; Removing MessageCounter:43305940 from Retrans Table on exchange 33326r[0m
[0;32m[1784654144.737] [3569:3569] [EM] >>> [E:61866r S:0 M:23600780] (U) Msg RX from 0:2EE5068BA1BC4625 [0000] to 0000000000000000 --- Type 0000:30 (SecureChannel:CASE_Sigma1) (B:196)[0m
[0;34m[1784654144.737] [3569:3569] [EM] Handling via exchange: 61866r, Delegate: 0x5ee114ed05f8[0m
[0;32m[1784654144.737] [3569:3569] [IN] CASE Server received Sigma1 message . Starting handshake. EC 0x5ee130b3d770[0m
[0;32m[1784654144.737] [3569:3569] [SC] Received Sigma1 msg[0m
[0;34m[1784654144.737] [3569:3569] [SC] Found MRP parameters in the message[0m
[0;34m[1784654144.737] [3569:3569] [SC] Peer (Initiator) assigned session ID 16407[0m
[0;32m[1784654144.738] [3569:3569] [SC] CASE matched destination ID: fabricIndex 1, NodeID 0x0000000000000001[0m
[0;32m[1784654144.739] [3569:3569] [EM] <<< [E:61866r S:0 M:132076096 (Ack:23600780)] (U) Msg TX from 0000000000000000 to 0:2EE5068BA1BC4625 [0000] [UDP:[fe80::bfe:a203:38f0:bce7%enp0s3]:51323] --- Type 0000:31 (SecureChannel:CASE_Sigma2) (B:751)[0m
[0;32m[1784654144.739] [3569:3569] [EM] ??1 [E:61866r S:0 M:132076096] (U) Msg Retransmission to 0:0000000000000000 scheduled for 403ms from now [State:Active II:500 AI:300 AT:4000][0m
[0;32m[1784654144.739] [3569:3569] [SC] Sent Sigma2 msg[0m
[0;32m[1784654144.741] [3569:3569] [EM] >>> [E:61866r S:0 M:23600781 (Ack:132076096)] (U) Msg RX from 0:2EE5068BA1BC4625 [0000] to 0000000000000000 --- Type 0000:32 (SecureChannel:CASE_Sigma3) (B:598)[0m
[0;34m[1784654144.741] [3569:3569] [EM] Found matching exchange: 61866r, Delegate: 0x5ee114ed0630[0m
[0;34m[1784654144.741] [3569:3569] [EM] Rxd Ack; Removing MessageCounter:132076096 from Retrans Table on exchange 61866r[0m
[0;32m[1784654144.741] [3569:3569] [SC] Received Sigma3 msg[0m
[1;31m[1784654144.741] [3569:3569] [SC] The device does not support GetClock_RealTimeMS() API: src/protocols/secure_channel/CASESession.cpp:2276: CHIP Error 0x0000006C: Required feature not supported by this configuration.  Falling back to Last Known Good UTC Time[0m
[0;34m[1784654144.746] [3569:3569] [DL] Wrote settings to /tmp/chip_kvs_test[0m
[0;34m[1784654144.748] [3569:3569] [DL] Wrote settings to /tmp/chip_kvs_test[0m
[0;34m[1784654144.750] [3569:3569] [DL] Wrote settings to /tmp/chip_kvs_test[0m
[0;34m[1784654144.750] [3569:3569] [SC] Sending status report. Protocol code 0, exchange 61866[0m
[0;32m[1784654144.750] [3569:3569] [EM] <<< [E:61866r S:0 M:132076097 (Ack:23600781)] (U) Msg TX from 0000000000000000 to 0:2EE5068BA1BC4625 [0000] [UDP:[fe80::bfe:a203:38f0:bce7%enp0s3]:51323] --- Type 0000:40 (SecureChannel:StatusReport) (B:34)[0m
[0;32m[1784654144.750] [3569:3569] [EM] ??1 [E:61866r S:0 M:132076097] (U) Msg Retransmission to 0:0000000000000000 scheduled for 345ms from now [State:Active II:500 AI:300 AT:4000][0m
[0;32m[1784654144.750] [3569:3569] [SC] SecureSession[0x5ee130b40890, LSID:58744]: State change 'kEstablishing' --> 'kActive'[0m
[0;34m[1784654144.750] [3569:3569] [IN] SecureSession[0x5ee130b40890]: Activated - Type:2 LSID:58744[0m
[0;34m[1784654144.750] [3569:3569] [IN] New secure session activated for device <000000000001B669, 1>, LSID:58744 PSID:16407![0m
[0;32m[1784654144.750] [3569:3569] [IN] CASE Session established to peer: <000000000001B669, 1>[0m
[0;34m[1784654144.750] [3569:3569] [IN] SecureSession[0x5ee130b5ddf0]: Allocated Type:2 LSID:58745[0m
[0;34m[1784654144.750] [3569:3569] [SC] Allocated SecureSession (0x5ee130b5ddf0) - waiting for Sigma1 msg[0m
[0;32m[1784654144.752] [3569:3569] [EM] >>> [E:61867r S:58744 M:161279166] (S) Msg RX from 1:000000000001B669 [5FFF] to 0000000000000001 --- Type 0001:08 (IM:InvokeCommandRequest) (B:96)[0m
[0;34m[1784654144.752] [3569:3569] [EM] Handling via exchange: 61867r, Delegate: 0x5ee114edaac8[0m
[0;34m[1784654144.752] [3569:3569] [DMG] InvokeRequestMessage =[0m
[0;34m[1784654144.752] [3569:3569] [DMG] {[0m
[0;34m[1784654144.752] [3569:3569] [DMG] 	suppressResponse = false, [0m
[0;34m[1784654144.752] [3569:3569] [DMG] 	timedRequest = false, [0m
[0;34m[1784654144.752] [3569:3569] [DMG] 	InvokeRequests =[0m
[0;34m[1784654144.752] [3569:3569] [DMG] 	[[0m
[0;34m[1784654144.752] [3569:3569] [DMG] 		CommandDataIB =[0m
[0;34m[1784654144.752] [3569:3569] [DMG] 		{[0m
[0;34m[1784654144.752] [3569:3569] [DMG] 			CommandPathIB =[0m
[0;34m[1784654144.752] [3569:3569] [DMG] 			{[0m
[0;34m[1784654144.752] [3569:3569] [DMG] 				EndpointId = 0x0,[0m
[0;34m[1784654144.752] [3569:3569] [DMG] 				ClusterId = 0x3e,[0m
[0;34m[1784654144.752] [3569:3569] [DMG] 				CommandId = 0x4,[0m
[0;34m[1784654144.752] [3569:3569] [DMG] 			},[0m
[0;34m[1784654144.752] [3569:3569] [DMG] 			[0m
[0;34m[1784654144.752] [3569:3569] [DMG] 			CommandFields = [0m
[0;34m[1784654144.752] [3569:3569] [DMG] 			{[0m
[0;34m[1784654144.752] [3569:3569] [DMG] 				0x0 = [[0m
[0;34m[1784654144.752] [3569:3569] [DMG] 						0x52, 0xf8, 0x31, 0xe6, 0x7b, 0xb9, 0xb7, 0xe2, 0x58, 0x2f, 0xd7, 0x0c, 0x2f, 0x52, 0x0d, 0x05, 0xa8, 0xd6, 0xcb, 0xb6, 0xb9, 0xd2, 0xa4, 0x9d, 0xb3, 0x90, 0x35, 0x80, 0xd4, 0x86, 0xfd, 0x9d, [0m
[0;34m[1784654144.752] [3569:3569] [DMG] 				] (32 bytes)[0m
[0;34m[1784654144.752] [3569:3569] [DMG] 				0x1 = true, [0m
[0;34m[1784654144.752] [3569:3569] [DMG] 			},[0m
[0;34m[1784654144.752] [3569:3569] [DMG] 		},[0m
[0;34m[1784654144.752] [3569:3569] [DMG] 		[0m
[0;34m[1784654144.752] [3569:3569] [DMG] 	],[0m
[0;34m[1784654144.752] [3569:3569] [DMG] 	[0m
[0;34m[1784654144.752] [3569:3569] [DMG] 	InteractionModelRevision = 12[0m
[0;34m[1784654144.752] [3569:3569] [DMG] },[0m
[0;32m[1784654144.752] [3569:3569] [DMG] AccessControl: checking f=1 a=c s=0x000000000001B669 t= c=0x0000_003E e=0 p=o r=i[0m
[0;32m[1784654144.752] [3569:3569] [DMG] AccessControl: allowed[0m
[0;32m[1784654144.752] [3569:3569] [DMG] AccessControl: checking f=1 a=c s=0x000000000001B669 t= c=0x0000_003E e=0 p=a r=i[0m
[0;32m[1784654144.752] [3569:3569] [DMG] AccessControl: allowed[0m
[0;34m[1784654144.752] [3569:3569] [DMG] Received command for Endpoint=0 Cluster=0x0000_003E Command=0x0000_0004[0m
[0;32m[1784654144.752] [3569:3569] [ZCL] OpCreds: Received a CSRRequest command[0m
[0;32m[1784654144.752] [3569:3569] [ZCL] OpCreds: AllocatePendingOperationalKey succeeded[0m
[0;32m[1784654144.752] [3569:3569] [ZCL] OpCreds: CSRRequest successful.[0m
[0;34m[1784654144.752] [3569:3569] [DMG] Command handler moving to [NewRespons][0m
[0;34m[1784654144.752] [3569:3569] [DMG] Command handler moving to [ Preparing][0m
[0;34m[1784654144.752] [3569:3569] [DMG] Command handler moving to [AddingComm][0m
[0;34m[1784654144.752] [3569:3569] [DMG] Command handler moving to [AddedComma][0m
[0;34m[1784654144.752] [3569:3569] [DMG] Decreasing reference count for CommandHandlerImpl, remaining 1[0m
[0;34m[1784654144.752] [3569:3569] [DMG] Decreasing reference count for CommandHandlerImpl, remaining 0[0m
[0;34m[1784654144.752] [3569:3569] [DMG] Command handler moving to [AwaitingDe][0m
[0;32m[1784654144.752] [3569:3569] [EM] <<< [E:61867r S:58744 M:220419839 (Ack:161279166)] (S) Msg TX from 0000000000000001 to 1:000000000001B669 [5FFF] [UDP:[fe80::bfe:a203:38f0:bce7%enp0s3]:51323] --- Type 0001:09 (IM:InvokeCommandResponse) (B:377)[0m
[0;32m[1784654144.752] [3569:3569] [EM] ??1 [E:61867r S:58744 M:220419839] (S) Msg Retransmission to 1:000000000001B669 scheduled for 406ms from now [State:Active II:500 AI:300 AT:4000][0m
[0;34m[1784654144.752] [3569:3569] [DMG] Command response sender moving to [AllInvokeR][0m
[0;32m[1784654144.752] [3569:3569] [EM] >>> [E:61866r S:0 M:23600782 (Ack:132076097)] (U) Msg RX from 0:2EE5068BA1BC4625 [0000] to 0000000000000000 --- Type 0000:10 (SecureChannel:StandaloneAck) (B:26)[0m
[0;34m[1784654144.752] [3569:3569] [EM] Found matching exchange: 61866r, Delegate: (nil)[0m
[0;34m[1784654144.752] [3569:3569] [EM] Rxd Ack; Removing MessageCounter:132076097 from Retrans Table on exchange 61866r[0m
[0;32m[1784654144.753] [3569:3569] [EM] >>> [E:61867r S:58744 M:161279167 (Ack:220419839)] (S) Msg RX from 1:000000000001B669 [5FFF] to 0000000000000001 --- Type 0000:10 (SecureChannel:StandaloneAck) (B:34)[0m
[0;34m[1784654144.753] [3569:3569] [EM] Found matching exchange: 61867r, Delegate: (nil)[0m
[0;34m[1784654144.753] [3569:3569] [EM] Rxd Ack; Removing MessageCounter:220419839 from Retrans Table on exchange 61867r[0m
[0;32m[1784654145.069] [3569:3569] [EM] >>> [E:5552r S:0 M:33923913] (U) Msg RX from 0:470707CE7CCB72BF [0000] to 0000000000000000 --- Type 0000:30 (SecureChannel:CASE_Sigma1) (B:196)[0m
[0;34m[1784654145.069] [3569:3569] [EM] Handling via exchange: 5552r, Delegate: 0x5ee114ed05f8[0m
[0;32m[1784654145.069] [3569:3569] [IN] CASE Server received Sigma1 message . Starting handshake. EC 0x5ee130b52ac0[0m
[0;32m[1784654145.069] [3569:3569] [SC] Received Sigma1 msg[0m
[0;34m[1784654145.069] [3569:3569] [SC] Found MRP parameters in the message[0m
[0;34m[1784654145.069] [3569:3569] [SC] Peer (Initiator) assigned session ID 36434[0m
[0;32m[1784654145.069] [3569:3569] [SC] CASE matched destination ID: fabricIndex 1, NodeID 0x0000000000000001[0m
[0;32m[1784654145.069] [3569:3569] [EM] <<< [E:5552r S:0 M:132076098 (Ack:33923913)] (U) Msg TX from 0000000000000000 to 0:470707CE7CCB72BF [0000] [UDP:[fe80::bfe:a203:38f0:bce7%enp0s3]:56237] --- Type 0000:31 (SecureChannel:CASE_Sigma2) (B:751)[0m
[0;32m[1784654145.070] [3569:3569] [EM] ??1 [E:5552r S:0 M:132076098] (U) Msg Retransmission to 0:0000000000000000 scheduled for 394ms from now [State:Active II:500 AI:300 AT:4000][0m
[0;32m[1784654145.070] [3569:3569] [SC] Sent Sigma2 msg[0m
[0;32m[1784654145.071] [3569:3569] [EM] >>> [E:5552r S:0 M:33923914 (Ack:132076098)] (U) Msg RX from 0:470707CE7CCB72BF [0000] to 0000000000000000 --- Type 0000:32 (SecureChannel:CASE_Sigma3) (B:598)[0m
[0;34m[1784654145.071] [3569:3569] [EM] Found matching exchange: 5552r, Delegate: 0x5ee114ed0630[0m
[0;34m[1784654145.071] [3569:3569] [EM] Rxd Ack; Removing MessageCounter:132076098 from Retrans Table on exchange 5552r[0m
[0;32m[1784654145.071] [3569:3569] [SC] Received Sigma3 msg[0m
[1;31m[1784654145.071] [3569:3569] [SC] The device does not support GetClock_RealTimeMS() API: src/protocols/secure_channel/CASESession.cpp:2276: CHIP Error 0x0000006C: Required feature not supported by this configuration.  Falling back to Last Known Good UTC Time[0m
[0;34m[1784654145.076] [3569:3569] [DL] Wrote settings to /tmp/chip_kvs_test[0m
[0;34m[1784654145.079] [3569:3569] [DL] Wrote settings to /tmp/chip_kvs_test[0m
[0;34m[1784654145.080] [3569:3569] [DL] Wrote settings to /tmp/chip_kvs_test[0m
[0;34m[1784654145.080] [3569:3569] [SC] Sending status report. Protocol code 0, exchange 5552[0m
[0;32m[1784654145.081] [3569:3569] [EM] <<< [E:5552r S:0 M:132076099 (Ack:33923914)] (U) Msg TX from 0000000000000000 to 0:470707CE7CCB72BF [0000] [UDP:[fe80::bfe:a203:38f0:bce7%enp0s3]:56237] --- Type 0000:40 (SecureChannel:StatusReport) (B:34)[0m
[0;32m[1784654145.081] [3569:3569] [EM] ??1 [E:5552r S:0 M:132076099] (U) Msg Retransmission to 0:0000000000000000 scheduled for 334ms from now [State:Active II:500 AI:300 AT:4000][0m
[0;32m[1784654145.081] [3569:3569] [SC] SecureSession[0x5ee130b5ddf0, LSID:58745]: State change 'kEstablishing' --> 'kActive'[0m
[0;34m[1784654145.081] [3569:3569] [IN] SecureSession[0x5ee130b5ddf0]: Activated - Type:2 LSID:58745[0m
[0;34m[1784654145.081] [3569:3569] [IN] New secure session activated for device <000000000001B669, 1>, LSID:58745 PSID:36434![0m
[0;32m[1784654145.081] [3569:3569] [IN] CASE Session established to peer: <000000000001B669, 1>[0m
[0;34m[1784654145.081] [3569:3569] [IN] SecureSession[0x5ee130b5eea0]: Allocated Type:2 LSID:58746[0m
[0;34m[1784654145.081] [3569:3569] [SC] Allocated SecureSession (0x5ee130b5eea0) - waiting for Sigma1 msg[0m
[0;32m[1784654145.083] [3569:3569] [EM] >>> [E:5553r S:58745 M:247372365] (S) Msg RX from 1:000000000001B669 [5FFF] to 0000000000000001 --- Type 0001:02 (IM:ReadRequest) (B:51)[0m
[0;34m[1784654145.083] [3569:3569] [EM] Handling via exchange: 5553r, Delegate: 0x5ee114edaac8[0m
[0;34m[1784654145.083] [3569:3569] [IM] Received Read request[0m
[0;34m[1784654145.083] [3569:3569] [DMG] ReadRequestMessage =[0m
[0;34m[1784654145.083] [3569:3569] [DMG] {[0m
[0;34m[1784654145.083] [3569:3569] [DMG] 	AttributePathIBs =[0m
[0;34m[1784654145.083] [3569:3569] [DMG] 	[[0m
[0;34m[1784654145.083] [3569:3569] [DMG] 		AttributePathIB =[0m
[0;34m[1784654145.083] [3569:3569] [DMG] 		{[0m
[0;34m[1784654145.083] [3569:3569] [DMG] 			Endpoint = 0x0,[0m
[0;34m[1784654145.083] [3569:3569] [DMG] 			Cluster = 0x3e,[0m
[0;34m[1784654145.083] [3569:3569] [DMG] 			Attribute = 0x0000_0004,[0m
[0;34m[1784654145.083] [3569:3569] [DMG] 		}[0m
[0;34m[1784654145.083] [3569:3569] [DMG] 			[0m
[0;34m[1784654145.083] [3569:3569] [DMG] 	],[0m
[0;34m[1784654145.083] [3569:3569] [DMG] 		[0m
[0;34m[1784654145.083] [3569:3569] [DMG] 	isFabricFiltered = true, [0m
[0;34m[1784654145.083] [3569:3569] [DMG] 	InteractionModelRevision = 12[0m
[0;34m[1784654145.083] [3569:3569] [DMG] },[0m
[0;34m[1784654145.083] [3569:3569] [DMG] IM RH moving to [CanStartReporting][0m
[0;34m[1784654145.083] [3569:3569] [DMG] Building Reports for ReadHandler with LastReportGeneration = 0x0000000000000000 DirtyGeneration = 0x0000000000000000[0m
[0;34m[1784654145.083] [3569:3569] [DMG] <RE:Run> Cluster 3e, Attribute 4 is dirty[0m
[0;32m[1784654145.083] [3569:3569] [DMG] AccessControl: checking f=1 a=c s=0x000000000001B669 t= c=0x0000_003E e=0 p=v r=r[0m
[0;32m[1784654145.083] [3569:3569] [DMG] AccessControl: allowed[0m
[0;32m[1784654145.083] [3569:3569] [DMG] AccessControl: checking f=1 a=c s=0x000000000001B669 t= c=0x0000_003E e=0 p=v r=r[0m
[0;32m[1784654145.083] [3569:3569] [DMG] AccessControl: allowed[0m
[0;34m[1784654145.083] [3569:3569] [DMG] Reading attribute: Cluster=0x0000_003E Endpoint=0x0 AttributeId=0x0000_0004 (expanded=0)[0m
[0;34m[1784654145.083] [3569:3569] [DMG] <RE> Sending report (payload has 269 bytes)...[0m
[0;32m[1784654145.083] [3569:3569] [EM] <<< [E:5553r S:58745 M:182749391 (Ack:247372365)] (S) Msg TX from 0000000000000001 to 1:000000000001B669 [5FFF] [UDP:[fe80::bfe:a203:38f0:bce7%enp0s3]:56237] --- Type 0001:05 (IM:ReportData) (B:303)[0m
[0;32m[1784654145.083] [3569:3569] [EM] ??1 [E:5553r S:58745 M:182749391] (S) Msg Retransmission to 1:000000000001B669 scheduled for 349ms from now [State:Active II:500 AI:300 AT:4000][0m
[0;34m[1784654145.083] [3569:3569] [DMG] <RE> OnReportConfirm: NumReports = 0[0m
[0;34m[1784654145.083] [3569:3569] [DMG] <RE> ReportsInFlight = 0 with readHandler 0, RE has no more messages[0m
[0;34m[1784654145.083] [3569:3569] [DMG] IM RH moving to [AwaitingDestruction][0m
[0;34m[1784654145.083] [3569:3569] [DMG] All ReadHandler-s are clean, clear GlobalDirtySet[0m
[0;32m[1784654145.083] [3569:3569] [EM] >>> [E:5552r S:0 M:33923915 (Ack:132076099)] (U) Msg RX from 0:470707CE7CCB72BF [0000] to 0000000000000000 --- Type 0000:10 (SecureChannel:StandaloneAck) (B:26)[0m
[0;34m[1784654145.083] [3569:3569] [EM] Found matching exchange: 5552r, Delegate: (nil)[0m
[0;34m[1784654145.083] [3569:3569] [EM] Rxd Ack; Removing MessageCounter:132076099 from Retrans Table on exchange 5552r[0m
[0;32m[1784654145.083] [3569:3569] [EM] >>> [E:5553r S:58745 M:247372366 (Ack:182749391)] (S) Msg RX from 1:000000000001B669 [5FFF] to 0000000000000001 --- Type 0000:10 (SecureChannel:StandaloneAck) (B:34)[0m
[0;34m[1784654145.083] [3569:3569] [EM] Found matching exchange: 5553r, Delegate: (nil)[0m
[0;34m[1784654145.083] [3569:3569] [EM] Rxd Ack; Removing MessageCounter:182749391 from Retrans Table on exchange 5553r[0m
[0;32m[1784654145.388] [3569:3569] [EM] >>> [E:56182r S:0 M:221826165] (U) Msg RX from 0:57AC93857B8F99EC [0000] to 0000000000000000 --- Type 0000:30 (SecureChannel:CASE_Sigma1) (B:196)[0m
[0;34m[1784654145.388] [3569:3569] [EM] Handling via exchange: 56182r, Delegate: 0x5ee114ed05f8[0m
[0;32m[1784654145.389] [3569:3569] [IN] CASE Server received Sigma1 message . Starting handshake. EC 0x5ee130b5d860[0m
[0;32m[1784654145.389] [3569:3569] [SC] Received Sigma1 msg[0m
[0;34m[1784654145.389] [3569:3569] [SC] Found MRP parameters in the message[0m
[0;34m[1784654145.389] [3569:3569] [SC] Peer (Initiator) assigned session ID 40606[0m
[0;32m[1784654145.390] [3569:3569] [SC] CASE matched destination ID: fabricIndex 1, NodeID 0x0000000000000001[0m
[0;32m[1784654145.390] [3569:3569] [EM] <<< [E:56182r S:0 M:132076100 (Ack:221826165)] (U) Msg TX from 0000000000000000 to 0:57AC93857B8F99EC [0000] [UDP:[fe80::bfe:a203:38f0:bce7%enp0s3]:57117] --- Type 0000:31 (SecureChannel:CASE_Sigma2) (B:751)[0m
[0;32m[1784654145.391] [3569:3569] [EM] ??1 [E:56182r S:0 M:132076100] (U) Msg Retransmission to 0:0000000000000000 scheduled for 368ms from now [State:Active II:500 AI:300 AT:4000][0m
[0;32m[1784654145.391] [3569:3569] [SC] Sent Sigma2 msg[0m
[0;32m[1784654145.392] [3569:3569] [EM] >>> [E:56182r S:0 M:221826166 (Ack:132076100)] (U) Msg RX from 0:57AC93857B8F99EC [0000] to 0000000000000000 --- Type 0000:32 (SecureChannel:CASE_Sigma3) (B:598)[0m
[0;34m[1784654145.392] [3569:3569] [EM] Found matching exchange: 56182r, Delegate: 0x5ee114ed0630[0m
[0;34m[1784654145.392] [3569:3569] [EM] Rxd Ack; Removing MessageCounter:132076100 from Retrans Table on exchange 56182r[0m
[0;32m[1784654145.392] [3569:3569] [SC] Received Sigma3 msg[0m
[1;31m[1784654145.392] [3569:3569] [SC] The device does not support GetClock_RealTimeMS() API: src/protocols/secure_channel/CASESession.cpp:2276: CHIP Error 0x0000006C: Required feature not supported by this configuration.  Falling back to Last Known Good UTC Time[0m
[0;34m[1784654145.397] [3569:3569] [DL] Wrote settings to /tmp/chip_kvs_test[0m
[0;34m[1784654145.400] [3569:3569] [DL] Wrote settings to /tmp/chip_kvs_test[0m
[0;34m[1784654145.402] [3569:3569] [DL] Wrote settings to /tmp/chip_kvs_test[0m
[0;34m[1784654145.402] [3569:3569] [SC] Sending status report. Protocol code 0, exchange 56182[0m
[0;32m[1784654145.402] [3569:3569] [EM] <<< [E:56182r S:0 M:132076101 (Ack:221826166)] (U) Msg TX from 0000000000000000 to 0:57AC93857B8F99EC [0000] [UDP:[fe80::bfe:a203:38f0:bce7%enp0s3]:57117] --- Type 0000:40 (SecureChannel:StatusReport) (B:34)[0m
[0;32m[1784654145.403] [3569:3569] [EM] ??1 [E:56182r S:0 M:132076101] (U) Msg Retransmission to 0:0000000000000000 scheduled for 341ms from now [State:Active II:500 AI:300 AT:4000][0m
[0;32m[1784654145.403] [3569:3569] [SC] SecureSession[0x5ee130b5eea0, LSID:58746]: State change 'kEstablishing' --> 'kActive'[0m
[0;34m[1784654145.403] [3569:3569] [IN] SecureSession[0x5ee130b5eea0]: Activated - Type:2 LSID:58746[0m
[0;34m[1784654145.403] [3569:3569] [IN] New secure session activated for device <000000000001B669, 1>, LSID:58746 PSID:40606![0m
[0;32m[1784654145.403] [3569:3569] [IN] CASE Session established to peer: <000000000001B669, 1>[0m
[0;34m[1784654145.403] [3569:3569] [IN] SecureSession[0x5ee130b5f8e0]: Allocated Type:2 LSID:58747[0m
[0;34m[1784654145.403] [3569:3569] [SC] Allocated SecureSession (0x5ee130b5f8e0) - waiting for Sigma1 msg[0m
[0;32m[1784654145.405] [3569:3569] [EM] >>> [E:56183r S:58746 M:81881349] (S) Msg RX from 1:000000000001B669 [5FFF] to 0000000000000001 --- Type 0001:08 (IM:InvokeCommandRequest) (B:330)[0m
[0;34m[1784654145.405] [3569:3569] [EM] Handling via exchange: 56183r, Delegate: 0x5ee114edaac8[0m
[0;34m[1784654145.405] [3569:3569] [DMG] InvokeRequestMessage =[0m
[0;34m[1784654145.405] [3569:3569] [DMG] {[0m
[0;34m[1784654145.405] [3569:3569] [DMG] 	suppressResponse = false, [0m
[0;34m[1784654145.405] [3569:3569] [DMG] 	timedRequest = false, [0m
[0;34m[1784654145.405] [3569:3569] [DMG] 	InvokeRequests =[0m
[0;34m[1784654145.405] [3569:3569] [DMG] 	[[0m
[0;34m[1784654145.405] [3569:3569] [DMG] 		CommandDataIB =[0m
[0;34m[1784654145.405] [3569:3569] [DMG] 		{[0m
[0;34m[1784654145.405] [3569:3569] [DMG] 			CommandPathIB =[0m
[0;34m[1784654145.405] [3569:3569] [DMG] 			{[0m
[0;34m[1784654145.405] [3569:3569] [DMG] 				EndpointId = 0x0,[0m
[0;34m[1784654145.405] [3569:3569] [DMG] 				ClusterId = 0x3e,[0m
[0;34m[1784654145.405] [3569:3569] [DMG] 				CommandId = 0x7,[0m
[0;34m[1784654145.405] [3569:3569] [DMG] 			},[0m
[0;34m[1784654145.405] [3569:3569] [DMG] 			[0m
[0;34m[1784654145.405] [3569:3569] [DMG] 			CommandFields = [0m
[0;34m[1784654145.405] [3569:3569] [DMG] 			{[0m
[0;34m[1784654145.405] [3569:3569] [DMG] 				0x0 = [[0m
[0;34m[1784654145.405] [3569:3569] [DMG] 						0x15, 0x30, 0x01, 0x14, 0x49, 0x3f, 0x3d, 0xbc, 0xa5, 0x36, 0x1b, 0xf5, 0x3e, 0x8b, 0x9f, 0x85, 0xde, 0x0f, 0xe2, 0xfb, 0x6e, 0xff, 0xf0, 0x93, 0x24, 0x02, 0x01, 0x37, 0x03, 0x24, 0x14, 0x01, 0x18, 0x26, 0x04, 0x80, 0x9d, 0x9e, 0x25, 0x26, 0x05, 0xff, 0xd0, 0x7f, 0x27, 0x37, 0x06, 0x27, 0x11, 0x88, 0x77, 0x66, 0x55, 0x44, 0x33, 0x22, 0x11, 0x24, 0x15, 0x01, 0x18, 0x24, 0x07, 0x01, 0x24, 0x08, 0x01, 0x30, 0x09, 0x41, 0x04, 0x04, 0x9b, 0xcd, 0x54, 0xdc, 0xf8, 0xe0, 0xbb, 0xbd, 0xc9, 0x66, 0xe1, 0x63, 0x13, 0xaf, 0x38, 0x3c, 0xd2, 0xee, 0x5a, 0x5c, 0x5e, 0x05, 0x67, 0x77, 0xfc, 0xb6, 0xb3, 0xf4, 0xcd, 0x8a, 0x20, 0xd4, 0xeb, 0xa5, 0xef, 0xb6, 0xc3, 0xbb, 0x23, 0xc0, 0x2c, 0x58, 0xf9, 0x53, 0x76, 0x42, 0xc0, 0x1b, 0xf8, 0x72, 0xfd, 0xb3, 0x41, 0x01, 0xce, 0x4f, 0xd5, 0xef, 0xa6, 0x2d, 0x30, 0xad, 0x4a, 0x37, 0x0a, 0x35, 0x01, 0x28, 0x01, 0x18, 0x24, 0x02, 0x01, 0x36, 0x03, 0x04, 0x01, 0x04, 0x02, 0x18, 0x30, 0x04, 0x14, 0x51, 0xca, 0x02, 0x5c, 0x9e, 0xd5, 0x53, 0xbf, 0xf3, 0xa9, 0x26, 0x25, 0xcb, 0xc9, 0x2c, 0xf5, 0xf0, 0x07, 0x12, 0x96, 0x30, 0x05, 0x14, 0xee, 0x5b, 0xea, 0x93, 0x99, 0xcd, 0x4d, 0x21, 0x7a, 0xb1, 0x2f, 0x77, 0x04, 0x56, 0x6d, 0xd5, 0x87, 0x2b, 0xf4, 0xfa, 0x18, 0x30, 0x0b, 0x40, 0x1d, 0x90, 0x0c, 0xce, 0x87, 0x04, 0xbc, 0xab, 0x05, 0x1e, 0xba, 0x4a, 0xf6, 0x79, 0xa5, 0x34, 0xcd, 0x99, 0x5c, 0xbf, 0x69, 0x6d, 0xf5, 0x08, 0x0d, 0x8c, 0x2d, 0xe6, 0xae, 0xf2, 0x74, 0x54, 0x70, 0xdf, 0x1a, 0xac, 0x4a, 0x99, 0xb1, 0x81, 0x67, 0xbb, 0x66, 0xc5, 0x6e, 0x58, 0x63, 0x56, 0x11, 0xa0, 0x80, 0x61, 0xb6, 0x49, 0x08, 0x0e, 0x5a, 0xfa, 0x00, 0x17, 0x29, 0x0e, 0x70, 0x3f, 0x18, [0m
[0;34m[1784654145.405] [3569:3569] [DMG] 				] (267 bytes)[0m
[0;34m[1784654145.405] [3569:3569] [DMG] 			},[0m
[0;34m[1784654145.405] [3569:3569] [DMG] 		},[0m
[0;34m[1784654145.405] [3569:3569] [DMG] 		[0m
[0;34m[1784654145.405] [3569:3569] [DMG] 	],[0m
[0;34m[1784654145.405] [3569:3569] [DMG] 	[0m
[0;34m[1784654145.405] [3569:3569] [DMG] 	InteractionModelRevision = 12[0m
[0;34m[1784654145.405] [3569:3569] [DMG] },[0m
[0;32m[1784654145.405] [3569:3569] [DMG] AccessControl: checking f=1 a=c s=0x000000000001B669 t= c=0x0000_003E e=0 p=o r=i[0m
[0;32m[1784654145.405] [3569:3569] [DMG] AccessControl: allowed[0m
[0;32m[1784654145.405] [3569:3569] [DMG] AccessControl: checking f=1 a=c s=0x000000000001B669 t= c=0x0000_003E e=0 p=a r=i[0m
[0;32m[1784654145.405] [3569:3569] [DMG] AccessControl: allowed[0m
[0;34m[1784654145.405] [3569:3569] [DMG] Received command for Endpoint=0 Cluster=0x0000_003E Command=0x0000_0007[0m
[0;32m[1784654145.405] [3569:3569] [ZCL] OpCreds: Received an UpdateNOC command[0m
[0;32m[1784654145.405] [3569:3569] [FP] Validating NOC chain[0m
[0;32m[1784654145.405] [3569:3569] [FP] NOC chain validation successful[0m
[0;32m[1784654145.405] [3569:3569] [FP] Updated fabric at index: 0x1, Node ID: 0x1122334455667788[0m
[0;32m[1784654145.405] [3569:3569] [TS] Last Known Good Time: 2023-10-14T01:16:48[0m
[0;32m[1784654145.405] [3569:3569] [TS] New proposed Last Known Good Time: 2021-01-01T00:00:00[0m
[0;32m[1784654145.405] [3569:3569] [TS] Retaining current Last Known Good Time[0m
[0;34m[1784654145.408] [3569:3569] [DL] Wrote settings to /tmp/chip_kvs_test[0m
[0;34m[1784654145.410] [3569:3569] [DL] Wrote settings to /tmp/chip_kvs_test[0m
[0;34m[1784654145.413] [3569:3569] [DL] Wrote settings to /tmp/chip_kvs_test[0m
[0;32m[1784654145.413] [3569:3569] [DIS] Updating services using commissioning mode 0[0m
[0;32m[1784654145.413] [3569:3569] [DIS] CHIP minimal mDNS started advertising.[0m
[0;34m[1784654145.414] [3569:3569] [DL] Using WiFi MAC for hostname[0m
[0;32m[1784654145.414] [3569:3569] [DIS] Advertise operational node 215CC571DEF15FFF-1122334455667788[0m
[0;34m[1784654145.414] [3569:3569] [DIS] Responding with _matter._tcp.local[0m
[0;34m[1784654145.414] [3569:3569] [DIS] Responding with 215CC571DEF15FFF-1122334455667788._matter._tcp.local[0m
[0;34m[1784654145.414] [3569:3569] [DIS] Responding with 215CC571DEF15FFF-1122334455667788._matter._tcp.local[0m
[0;34m[1784654145.414] [3569:3569] [DIS] Responding with 080027AE1A43.local[0m
[0;34m[1784654145.414] [3569:3569] [DIS] Responding with 080027AE1A43.local[0m
[0;34m[1784654145.414] [3569:3569] [DIS] Responding with _I215CC571DEF15FFF._sub._matter._tcp.local[0m
[0;32m[1784654145.414] [3569:3569] [DIS] CHIP minimal mDNS configured as 'Operational device'; instance name: 215CC571DEF15FFF-1122334455667788.[0m
[0;32m[1784654145.415] [3569:3569] [DIS] mDNS service published: _matter._tcp[0m
[0;34m[1784654145.415] [3569:3569] [DMG] Command handler moving to [NewRespons][0m
[0;34m[1784654145.415] [3569:3569] [DMG] Command handler moving to [ Preparing][0m
[0;34m[1784654145.415] [3569:3569] [DMG] Command handler moving to [AddingComm][0m
[0;34m[1784654145.415] [3569:3569] [DMG] Command handler moving to [AddedComma][0m
[0;32m[1784654145.415] [3569:3569] [ZCL] OpCreds: UpdateNOC successful.[0m
[0;34m[1784654145.415] [3569:3569] [IN] Expiring all sessions for fabric 0x1!![0m
[0;34m[1784654145.415] [3569:3569] [IN] SecureSession[0x5ee130b40da0]: MarkForEviction Type:2 LSID:58742[0m
[0;32m[1784654145.415] [3569:3569] [SC] SecureSession[0x5ee130b40da0, LSID:58742]: State change 'kActive' --> 'kPendingEviction'[0m
[0;34m[1784654145.415] [3569:3569] [IN] SecureSession[0x5ee130b40da0]: Released - Type:2 LSID:58742[0m
[0;34m[1784654145.415] [3569:3569] [IN] SecureSession[0x5ee130b5bd40]: MarkForEviction Type:2 LSID:58743[0m
[0;32m[1784654145.415] [3569:3569] [SC] SecureSession[0x5ee130b5bd40, LSID:58743]: State change 'kActive' --> 'kPendingEviction'[0m
[0;34m[1784654145.415] [3569:3569] [IN] SecureSession[0x5ee130b5bd40]: Released - Type:2 LSID:58743[0m
[0;34m[1784654145.415] [3569:3569] [IN] SecureSession[0x5ee130b40890]: MarkForEviction Type:2 LSID:58744[0m
[0;32m[1784654145.415] [3569:3569] [SC] SecureSession[0x5ee130b40890, LSID:58744]: State change 'kActive' --> 'kPendingEviction'[0m
[0;34m[1784654145.415] [3569:3569] [IN] SecureSession[0x5ee130b40890]: Released - Type:2 LSID:58744[0m
[0;34m[1784654145.415] [3569:3569] [IN] SecureSession[0x5ee130b5ddf0]: MarkForEviction Type:2 LSID:58745[0m
[0;32m[1784654145.415] [3569:3569] [SC] SecureSession[0x5ee130b5ddf0, LSID:58745]: State change 'kActive' --> 'kPendingEviction'[0m
[0;34m[1784654145.415] [3569:3569] [IN] SecureSession[0x5ee130b5ddf0]: Released - Type:2 LSID:58745[0m
[0;34m[1784654145.415] [3569:3569] [IN] SecureSession[0x5ee130b5eea0]: MarkForEviction Type:2 LSID:58746[0m
[0;32m[1784654145.415] [3569:3569] [SC] SecureSession[0x5ee130b5eea0, LSID:58746]: State change 'kActive' --> 'kPendingEviction'[0m
[0;34m[1784654145.415] [3569:3569] [DMG] Decreasing reference count for CommandHandlerImpl, remaining 1[0m
[0;34m[1784654145.415] [3569:3569] [DMG] Decreasing reference count for CommandHandlerImpl, remaining 0[0m
[0;34m[1784654145.415] [3569:3569] [DMG] Command handler moving to [AwaitingDe][0m
[0;32m[1784654145.415] [3569:3569] [EM] <<< [E:56183r S:58746 M:245669000 (Ack:81881349)] (S) Msg TX from 0000000000000001 to 1:000000000001B669 [5FFF] [UDP:[fe80::bfe:a203:38f0:bce7%enp0s3]:57117] --- Type 0001:09 (IM:InvokeCommandResponse) (B:70)[0m
[0;32m[1784654145.415] [3569:3569] [EM] ??1 [E:56183r S:58746 M:245669000] (S) Msg Retransmission to 1:000000000001B669 scheduled for 380ms from now [State:Active II:500 AI:300 AT:4000][0m
[0;34m[1784654145.415] [3569:3569] [DMG] Command response sender moving to [AllInvokeR][0m
[0;32m[1784654145.415] [3569:3569] [EM] >>> [E:56182r S:0 M:221826167 (Ack:132076101)] (U) Msg RX from 0:57AC93857B8F99EC [0000] to 0000000000000000 --- Type 0000:10 (SecureChannel:StandaloneAck) (B:26)[0m
[0;34m[1784654145.415] [3569:3569] [EM] Found matching exchange: 56182r, Delegate: (nil)[0m
[0;34m[1784654145.415] [3569:3569] [EM] Rxd Ack; Removing MessageCounter:132076101 from Retrans Table on exchange 56182r[0m
[0;32m[1784654145.415] [3569:3569] [EM] >>> [E:56183r S:58746 M:81881350 (Ack:245669000)] (S) Msg RX from 1:000000000001B669 [5FFF] to 0000000000000001 --- Type 0000:10 (SecureChannel:StandaloneAck) (B:34)[0m
[0;34m[1784654145.415] [3569:3569] [EM] Found matching exchange: 56183r, Delegate: (nil)[0m
[0;34m[1784654145.415] [3569:3569] [EM] Rxd Ack; Removing MessageCounter:245669000 from Retrans Table on exchange 56183r[0m
[0;34m[1784654145.415] [3569:3569] [IN] SecureSession[0x5ee130b5eea0]: Released - Type:2 LSID:58746[0m
[0;32m[1784654145.688] [3569:3569] [EM] >>> [E:57446r S:0 M:68040220] (U) Msg RX from 0:567A6B86C718A0DC [0000] to 0000000000000000 --- Type 0000:30 (SecureChannel:CASE_Sigma1) (B:196)[0m
[0;34m[1784654145.688] [3569:3569] [EM] Handling via exchange: 57446r, Delegate: 0x5ee114ed05f8[0m
[0;32m[1784654145.688] [3569:3569] [IN] CASE Server received Sigma1 message . Starting handshake. EC 0x5ee130b553f0[0m
[0;32m[1784654145.688] [3569:3569] [SC] Received Sigma1 msg[0m
[0;34m[1784654145.688] [3569:3569] [SC] Found MRP parameters in the message[0m
[0;34m[1784654145.688] [3569:3569] [SC] Peer (Initiator) assigned session ID 10786[0m
[0;32m[1784654145.688] [3569:3569] [SC] CASE matched destination ID: fabricIndex 1, NodeID 0x1122334455667788[0m
[0;32m[1784654145.688] [3569:3569] [EM] <<< [E:57446r S:0 M:132076102 (Ack:68040220)] (U) Msg TX from 0000000000000000 to 0:567A6B86C718A0DC [0000] [UDP:[fe80::bfe:a203:38f0:bce7%enp0s3]:55911] --- Type 0000:31 (SecureChannel:CASE_Sigma2) (B:544)[0m
[0;32m[1784654145.688] [3569:3569] [EM] ??1 [E:57446r S:0 M:132076102] (U) Msg Retransmission to 0:0000000000000000 scheduled for 366ms from now [State:Active II:500 AI:300 AT:4000][0m
[0;32m[1784654145.688] [3569:3569] [SC] Sent Sigma2 msg[0m
[0;32m[1784654145.689] [3569:3569] [EM] >>> [E:57446r S:0 M:68040221 (Ack:132076102)] (U) Msg RX from 0:567A6B86C718A0DC [0000] to 0000000000000000 --- Type 0000:32 (SecureChannel:CASE_Sigma3) (B:598)[0m
[0;34m[1784654145.689] [3569:3569] [EM] Found matching exchange: 57446r, Delegate: 0x5ee114ed0630[0m
[0;34m[1784654145.689] [3569:3569] [EM] Rxd Ack; Removing MessageCounter:132076102 from Retrans Table on exchange 57446r[0m
[0;32m[1784654145.689] [3569:3569] [SC] Received Sigma3 msg[0m
[1;31m[1784654145.690] [3569:3569] [SC] The device does not support GetClock_RealTimeMS() API: src/protocols/secure_channel/CASESession.cpp:2276: CHIP Error 0x0000006C: Required feature not supported by this configuration.  Falling back to Last Known Good UTC Time[0m
[0;34m[1784654145.693] [3569:3569] [DL] Wrote settings to /tmp/chip_kvs_test[0m
[0;34m[1784654145.695] [3569:3569] [DL] Wrote settings to /tmp/chip_kvs_test[0m
[0;34m[1784654145.698] [3569:3569] [DL] Wrote settings to /tmp/chip_kvs_test[0m
[0;34m[1784654145.698] [3569:3569] [SC] Sending status report. Protocol code 0, exchange 57446[0m
[0;32m[1784654145.698] [3569:3569] [EM] <<< [E:57446r S:0 M:132076103 (Ack:68040221)] (U) Msg TX from 0000000000000000 to 0:567A6B86C718A0DC [0000] [UDP:[fe80::bfe:a203:38f0:bce7%enp0s3]:55911] --- Type 0000:40 (SecureChannel:StatusReport) (B:34)[0m
[0;32m[1784654145.698] [3569:3569] [EM] ??1 [E:57446r S:0 M:132076103] (U) Msg Retransmission to 0:0000000000000000 scheduled for 394ms from now [State:Active II:500 AI:300 AT:4000][0m
[0;32m[1784654145.698] [3569:3569] [SC] SecureSession[0x5ee130b5f8e0, LSID:58747]: State change 'kEstablishing' --> 'kActive'[0m
[0;34m[1784654145.698] [3569:3569] [IN] SecureSession[0x5ee130b5f8e0]: Activated - Type:2 LSID:58747[0m
[0;34m[1784654145.698] [3569:3569] [IN] New secure session activated for device <000000000001B669, 1>, LSID:58747 PSID:10786![0m
[0;32m[1784654145.698] [3569:3569] [IN] CASE Session established to peer: <000000000001B669, 1>[0m
[0;34m[1784654145.698] [3569:3569] [IN] SecureSession[0x5ee130b5eea0]: Allocated Type:2 LSID:58748[0m
[0;34m[1784654145.698] [3569:3569] [SC] Allocated SecureSession (0x5ee130b5eea0) - waiting for Sigma1 msg[0m
[0;32m[1784654145.700] [3569:3569] [EM] >>> [E:57447r S:58747 M:167414358] (S) Msg RX from 1:000000000001B669 [5FFF] to 1122334455667788 --- Type 0001:02 (IM:ReadRequest) (B:51)[0m
[0;34m[1784654145.700] [3569:3569] [EM] Handling via exchange: 57447r, Delegate: 0x5ee114edaac8[0m
[0;34m[1784654145.700] [3569:3569] [IM] Received Read request[0m
[0;34m[1784654145.700] [3569:3569] [DMG] ReadRequestMessage =[0m
[0;34m[1784654145.700] [3569:3569] [DMG] {[0m
[0;34m[1784654145.700] [3569:3569] [DMG] 	AttributePathIBs =[0m
[0;34m[1784654145.700] [3569:3569] [DMG] 	[[0m
[0;34m[1784654145.700] [3569:3569] [DMG] 		AttributePathIB =[0m
[0;34m[1784654145.700] [3569:3569] [DMG] 		{[0m
[0;34m[1784654145.700] [3569:3569] [DMG] 			Endpoint = 0x0,[0m
[0;34m[1784654145.700] [3569:3569] [DMG] 			Cluster = 0x3e,[0m
[0;34m[1784654145.700] [3569:3569] [DMG] 			Attribute = 0x0000_0004,[0m
[0;34m[1784654145.700] [3569:3569] [DMG] 		}[0m
[0;34m[1784654145.700] [3569:3569] [DMG] 			[0m
[0;34m[1784654145.700] [3569:3569] [DMG] 	],[0m
[0;34m[1784654145.700] [3569:3569] [DMG] 		[0m
[0;34m[1784654145.700] [3569:3569] [DMG] 	isFabricFiltered = true, [0m
[0;34m[1784654145.700] [3569:3569] [DMG] 	InteractionModelRevision = 12[0m
[0;34m[1784654145.700] [3569:3569] [DMG] },[0m
[0;34m[1784654145.700] [3569:3569] [DMG] IM RH moving to [CanStartReporting][0m
[0;34m[1784654145.700] [3569:3569] [DMG] Building Reports for ReadHandler with LastReportGeneration = 0x0000000000000000 DirtyGeneration = 0x0000000000000000[0m
[0;34m[1784654145.700] [3569:3569] [DMG] <RE:Run> Cluster 3e, Attribute 4 is dirty[0m
[0;32m[1784654145.700] [3569:3569] [DMG] AccessControl: checking f=1 a=c s=0x000000000001B669 t= c=0x0000_003E e=0 p=v r=r[0m
[0;32m[1784654145.700] [3569:3569] [DMG] AccessControl: allowed[0m
[0;32m[1784654145.700] [3569:3569] [DMG] AccessControl: checking f=1 a=c s=0x000000000001B669 t= c=0x0000_003E e=0 p=v r=r[0m
[0;32m[1784654145.700] [3569:3569] [DMG] AccessControl: allowed[0m
[0;34m[1784654145.700] [3569:3569] [DMG] Reading attribute: Cluster=0x0000_003E Endpoint=0x0 AttributeId=0x0000_0004 (expanded=0)[0m
[0;34m[1784654145.700] [3569:3569] [DMG] <RE> Sending report (payload has 269 bytes)...[0m
[0;32m[1784654145.700] [3569:3569] [EM] <<< [E:57447r S:58747 M:92194440 (Ack:167414358)] (S) Msg TX from 1122334455667788 to 1:000000000001B669 [5FFF] [UDP:[fe80::bfe:a203:38f0:bce7%enp0s3]:55911] --- Type 0001:05 (IM:ReportData) (B:303)[0m
[0;32m[1784654145.700] [3569:3569] [EM] ??1 [E:57447r S:58747 M:92194440] (S) Msg Retransmission to 1:000000000001B669 scheduled for 365ms from now [State:Active II:500 AI:300 AT:4000][0m
[0;34m[1784654145.700] [3569:3569] [DMG] <RE> OnReportConfirm: NumReports = 0[0m
[0;34m[1784654145.700] [3569:3569] [DMG] <RE> ReportsInFlight = 0 with readHandler 0, RE has no more messages[0m
[0;34m[1784654145.700] [3569:3569] [DMG] IM RH moving to [AwaitingDestruction][0m
[0;34m[1784654145.700] [3569:3569] [DMG] All ReadHandler-s are clean, clear GlobalDirtySet[0m
[0;32m[1784654145.700] [3569:3569] [EM] >>> [E:57446r S:0 M:68040222 (Ack:132076103)] (U) Msg RX from 0:567A6B86C718A0DC [0000] to 0000000000000000 --- Type 0000:10 (SecureChannel:StandaloneAck) (B:26)[0m
[0;34m[1784654145.700] [3569:3569] [EM] Found matching exchange: 57446r, Delegate: (nil)[0m
[0;34m[1784654145.700] [3569:3569] [EM] Rxd Ack; Removing MessageCounter:132076103 from Retrans Table on exchange 57446r[0m
[0;32m[1784654145.701] [3569:3569] [EM] >>> [E:57447r S:58747 M:167414359 (Ack:92194440)] (S) Msg RX from 1:000000000001B669 [5FFF] to 1122334455667788 --- Type 0000:10 (SecureChannel:StandaloneAck) (B:34)[0m
[0;34m[1784654145.701] [3569:3569] [EM] Found matching exchange: 57447r, Delegate: (nil)[0m
[0;34m[1784654145.701] [3569:3569] [EM] Rxd Ack; Removing MessageCounter:92194440 from Retrans Table on exchange 57447r[0m
[0;34m[1784654145.715] [3569:3569] [ZCL] Emitting ShutDown event[0m
[0;34m[1784654145.715] [3569:3569] [EVL] LogEvent event number: 0x0000000000000005 priority: 2, endpoint id:  0x0 cluster id: 0x0000_0028 event id: 0x1 Epoch timestamp: 0x0000019F85AD28B3[0m
[0;34m[1784654145.715] [3569:3569] [DMG] All ReadHandler-s are clean, clear GlobalDirtySet[0m
[0;34m[1784654145.715] [3569:3569] [IN] SecureSession[0x5ee130b5eea0]: Released - Type:2 LSID:58748[0m
[0;34m[1784654145.716] [3569:3569] [DMG] All ReadHandler-s are clean, clear GlobalDirtySet[0m
[0;34m[1784654145.716] [3569:3569] [IN] SecureSession[0x5ee130b5f8e0]: MarkForEviction Type:2 LSID:58747[0m
[0;32m[1784654145.716] [3569:3569] [SC] SecureSession[0x5ee130b5f8e0, LSID:58747]: State change 'kActive' --> 'kPendingEviction'[0m
[0;34m[1784654145.716] [3569:3569] [IN] SecureSession[0x5ee130b5f8e0]: Released - Type:2 LSID:58747[0m
[0;32m[1784654145.716] [3569:3569] [DMG] AccessControl: finishing[0m
[0;32m[1784654145.716] [3569:3569] [DMG] Examples::AccessControlDelegate::Finish[0m
[0;34m[1784654145.719] [3569:3569] [DL] Wrote settings to /tmp/chip_counters.ini[0m
[0;32m[1784654145.719] [3569:3569] [DL] NVS set: chip-counters/total-operational-hours = 0 (0x0)[0m
[0;32m[1784654145.719] [3569:3569] [DL] Inet Layer shutdown[0m
[0;32m[1784654145.719] [3569:3569] [DL] BLE Layer shutdown[0m
[0;32m[1784654145.720] [3569:3569] [DL] WiFi-PAF Layer shutdown[0m
[0;32m[1784654145.720] [3569:3569] [PAF] WiFiPAF: Closing all WiFiPAF sessions to shutdown[0m
[0;32m[1784654145.720] [3569:3569] [DL] System Layer shutdown[0m
[0;32m[1784654145.721] [3569:3569] [DMG] TLSClientManagementCluster: shutdown[0m
[0;32m[1784654145.721] [3569:3569] [DMG] TLSCertificateManagementCluster: shutdown[0m
[0;32m[1784654145.721] [3569:3569] [DMG] AccessControlCluster: shutdown[0m
[0;32m[1784654145.721] [3569:3569] [BDX] Stop polling for messages[0m
