[0;34m[1784834519.293] [15640:15640] [DL] ChipLinuxStorage::Init: Using KVS config file: /tmp/chip_tool_kvs[0m
[1;31m[1784834519.295] [15640:15640] [DL] ChipLinuxStorage::Init: Attempt to re-initialize with KVS config file: /tmp/chip_kvs, IGNORING.[0m
[0;34m[1784834519.296] [15640:15640] [DL] ChipLinuxStorage::Init: Using KVS config file: /tmp/chip_factory.ini[0m
[0;34m[1784834519.296] [15640:15640] [DL] ChipLinuxStorage::Init: Using KVS config file: /tmp/chip_config.ini[0m
[0;34m[1784834519.296] [15640:15640] [DL] ChipLinuxStorage::Init: Using KVS config file: /tmp/chip_counters.ini[0m
[0;34m[1784834519.301] [15640:15640] [DL] Wrote settings to /tmp/chip_counters.ini[0m
[0;32m[1784834519.301] [15640:15640] [DL] NVS set: chip-counters/reboot-count = 2 (0x2)[0m
[0;32m[1784834519.301] [15640:15640] [DL] Got Ethernet interface: enp0s3[0m
[0;32m[1784834519.301] [15640:15640] [DL] Found the primary Ethernet interface:enp0s3[0m
[1;31m[1784834519.301] [15640:15640] [DL] Failed to get WiFi interface[0m
[1;31m[1784834519.301] [15640:15640] [DL] Failed to reset WiFi statistic counts[0m
[0;32m[1784834519.301] [15640:15640] [PAF] WiFiPAF: WiFiPAFLayer::Init()[0m
[0;34m[1784834519.301] [15640:15640] [IN] UDP::Init bind&listen port=0[0m
[0;34m[1784834519.301] [15640:15640] [IN] UDP::Init bound to port=46351[0m
[0;34m[1784834519.301] [15640:15640] [IN] UDP::Init bind&listen port=0[0m
[0;34m[1784834519.301] [15640:15640] [IN] UDP::Init bound to port=44264[0m
[0;34m[1784834519.301] [15640:15640] [IN] BLEBase::Init - setting/overriding transport[0m
[0;34m[1784834519.301] [15640:15640] [IN] WiFiPAFBase::Init - setting/overriding transport[0m
[0;34m[1784834519.301] [15640:15640] [IN] TransportMgr initialized[0m
[0;34m[1784834519.301] [15640:15640] [FP] Initializing FabricTable from persistent storage[0m
[0;32m[1784834519.301] [15640:15640] [TS] Last Known Good Time: [unknown][0m
[0;32m[1784834519.301] [15640:15640] [TS] Setting Last Known Good Time to firmware build time 2023-10-14T01:16:48[0m
[0;32m[1784834519.302] [15640:15640] [DMG] Ember attribute persistence requires setting up[0m
[0;32m[1784834519.302] [15640:15640] [ZCL] Using ZAP configuration...[0m
[0;34m[1784834519.302] [15640:15640] [CTL] System State Initialized...[0m
[0;32m[1784834519.302] [15640:15640] [CTL] Setting attestation nonce to random value[0m
[0;32m[1784834519.302] [15640:15640] [CTL] Setting CSR nonce to random value[0m
[0;34m[1784834519.303] [15640:15642] [DL] CHIP task running[0m
[0;32m[1784834519.303] [15640:15642] [CTL] Setting attestation nonce to random value[0m
[0;32m[1784834519.303] [15640:15642] [CTL] Setting CSR nonce to random value[0m
[0;32m[1784834519.303] [15640:15642] [CTL] Couldn't get ExampleOpCredsCAKey from storage: src/controller/ExamplePersistentStorage.cpp:112: CHIP Error 0x000000A0: Value not found in the persisted storage[0m
[0;32m[1784834519.304] [15640:15642] [CTL] Couldn't get ExampleOpCredsICAKey from storage: src/controller/ExamplePersistentStorage.cpp:112: CHIP Error 0x000000A0: Value not found in the persisted storage[0m
[0;32m[1784834519.304] [15640:15642] [CTL] Generating RCAC[0m
[0;32m[1784834519.305] [15640:15642] [CTL] Generating ICAC[0m
[0;32m[1784834519.305] [15640:15642] [CTL] Generating NOC[0m
[0;32m[1784834519.305] [15640:15642] [FP] Validating NOC chain[0m
[0;32m[1784834519.305] [15640:15642] [FP] NOC chain validation successful[0m
[0;32m[1784834519.305] [15640:15642] [FP] Added new fabric at index: 0x1[0m
[0;32m[1784834519.305] [15640:15642] [FP] Assigned compressed fabric ID: 0x4476EB366A91AA18, node ID: 0x000000000001B669[0m
[0;32m[1784834519.305] [15640:15642] [TS] Last Known Good Time: 2023-10-14T01:16:48[0m
[0;32m[1784834519.306] [15640:15642] [TS] New proposed Last Known Good Time: 2021-01-01T00:00:00[0m
[0;32m[1784834519.306] [15640:15642] [TS] Retaining current Last Known Good Time[0m
[0;32m[1784834519.306] [15640:15642] [FP] Metadata for Fabric 0x1 persisted to storage.[0m
[0;32m[1784834519.307] [15640:15642] [TS] Committing Last Known Good Time to storage: 2023-10-14T01:16:48[0m
[0;32m[1784834519.309] [15640:15642] [CTL] Joined the fabric at index 1. Fabric ID is 0x0000000000000001 (Compressed Fabric ID: 4476EB366A91AA18)[0m
[0;32m[1784834519.322] [15640:15642] [TOO] Discovered Device: fe80::bfe:a203:38f0:bce7:5540[0m
[0;34m[1784834519.322] [15640:15642] [IN] SecureSession[0x76fef4032f30]: Allocated Type:1 LSID:1291[0m
[0;34m[1784834519.322] [15640:15642] [SC] Assigned local session key ID 1291[0m
[0;32m[1784834519.322] [15640:15642] [EM] <<< [E:39758i S:0 M:95555621] (U) Msg TX from 9644A1AFE654D5FF to 0:0000000000000000 [0000] [UDP:[fe80::bfe:a203:38f0:bce7%enp0s3]:5540] --- Type 0000:20 (SecureChannel:PBKDFParamRequest) (B:98)[0m
[0;32m[1784834519.322] [15640:15642] [EM] ??1 [E:39758i S:0 M:95555621] (U) Msg Retransmission to 0:0000000000000000 scheduled for 368ms from now [State:Active II:500 AI:300 AT:4000][0m
[0;32m[1784834519.322] [15640:15642] [SC] Sent PBKDF param request [II:500ms AI:300ms AT:4000ms)[0m
[0;32m[1784834519.322] [15640:15642] [CTL] Setting attestation nonce to random value[0m
[0;32m[1784834519.322] [15640:15642] [CTL] Setting CSR nonce to random value[0m
[0;32m[1784834519.322] [15640:15642] [CTL] Commission called for node ID 0x0000000000000001[0m
[0;32m[1784834519.322] [15640:15642] [EM] >>> [E:39758i S:0 M:146095690 (Ack:95555621)] (U) Msg RX from 0:0000000000000000 [0000] to 9644A1AFE654D5FF --- Type 0000:21 (SecureChannel:PBKDFParamResponse) (B:174)[0m
[0;34m[1784834519.322] [15640:15642] [EM] Found matching exchange: 39758i, Delegate: 0x76fef4033e80[0m
[0;34m[1784834519.322] [15640:15642] [EM] Rxd Ack; Removing MessageCounter:95555621 from Retrans Table on exchange 39758i[0m
[0;34m[1784834519.322] [15640:15642] [SC] Received PBKDF param response[0m
[0;34m[1784834519.322] [15640:15642] [SC] Peer assigned session ID 30267[0m
[0;34m[1784834519.322] [15640:15642] [SC] Found MRP parameters in the message[0m
[0;32m[1784834519.324] [15640:15642] [EM] <<< [E:39758i S:0 M:95555622 (Ack:146095690)] (U) Msg TX from 9644A1AFE654D5FF to 0:0000000000000000 [0000] [UDP:[fe80::bfe:a203:38f0:bce7%enp0s3]:5540] --- Type 0000:22 (SecureChannel:PASE_Pake1) (B:96)[0m
[0;32m[1784834519.324] [15640:15642] [EM] ??1 [E:39758i S:0 M:95555622] (U) Msg Retransmission to 0:0000000000000000 scheduled for 372ms from now [State:Active II:500 AI:300 AT:4000][0m
[0;34m[1784834519.324] [15640:15642] [SC] Sent spake2p msg1[0m
[0;32m[1784834519.324] [15640:15642] [EM] >>> [E:39758i S:0 M:146095691 (Ack:95555622)] (U) Msg RX from 0:0000000000000000 [0000] to 9644A1AFE654D5FF --- Type 0000:23 (SecureChannel:PASE_Pake2) (B:131)[0m
[0;34m[1784834519.324] [15640:15642] [EM] Found matching exchange: 39758i, Delegate: 0x76fef4033e80[0m
[0;34m[1784834519.324] [15640:15642] [EM] Rxd Ack; Removing MessageCounter:95555622 from Retrans Table on exchange 39758i[0m
[0;34m[1784834519.324] [15640:15642] [SC] Received spake2p msg2[0m
[0;32m[1784834519.324] [15640:15642] [EM] <<< [E:39758i S:0 M:95555623 (Ack:146095691)] (U) Msg TX from 9644A1AFE654D5FF to 0:0000000000000000 [0000] [UDP:[fe80::bfe:a203:38f0:bce7%enp0s3]:5540] --- Type 0000:24 (SecureChannel:PASE_Pake3) (B:63)[0m
[0;32m[1784834519.325] [15640:15642] [EM] ??1 [E:39758i S:0 M:95555623] (U) Msg Retransmission to 0:0000000000000000 scheduled for 351ms from now [State:Active II:500 AI:300 AT:4000][0m
[0;34m[1784834519.325] [15640:15642] [SC] Sent spake2p msg3[0m
[0;32m[1784834519.325] [15640:15642] [EM] >>> [E:39758i S:0 M:146095692 (Ack:95555623)] (U) Msg RX from 0:0000000000000000 [0000] to 9644A1AFE654D5FF --- Type 0000:40 (SecureChannel:StatusReport) (B:34)[0m
[0;34m[1784834519.325] [15640:15642] [EM] Found matching exchange: 39758i, Delegate: 0x76fef4033e80[0m
[0;34m[1784834519.325] [15640:15642] [EM] Rxd Ack; Removing MessageCounter:95555623 from Retrans Table on exchange 39758i[0m
[0;32m[1784834519.325] [15640:15642] [SC] SecureSession[0x76fef4032f30, LSID:1291]: State change 'kEstablishing' --> 'kActive'[0m
[0;34m[1784834519.325] [15640:15642] [IN] SecureSession[0x76fef4032f30]: Activated - Type:1 LSID:1291[0m
[0;34m[1784834519.325] [15640:15642] [IN] New secure session activated for device <FFFFFFFB00000000, 0>, LSID:1291 PSID:30267![0m
[0;34m[1784834519.325] [15640:15642] [CTL] Remote device completed SPAKE2+ handshake[0m
[0;32m[1784834519.325] [15640:15642] [TOO] Pairing Success[0m
[0;32m[1784834519.325] [15640:15642] [TOO] PASE establishment successful[0m
[0;32m[1784834519.325] [15640:15642] [CTL] Commissioning stage next step: 'SecurePairing' -> 'ReadCommissioningInfo'[0m
[0;32m[1784834519.325] [15640:15642] [CTL] Performing next commissioning step 'ReadCommissioningInfo'[0m
[0;34m[1784834519.325] [15640:15642] [TOO] Starting commissioning stage 'ReadCommissioningInfo'[0m
[0;32m[1784834519.325] [15640:15642] [CTL] Sending read requests for commissioning information[0m
[0;34m[1784834519.325] [15640:15642] [DMG] SendReadRequest ReadClient[0x76fef4035210]: Sending Read Request[0m
[0;32m[1784834519.325] [15640:15642] [DMG] 0 data version filters provided, 0 not relevant, 0 encoded, 0 skipped due to lack of space[0m
[0;32m[1784834519.325] [15640:15642] [EM] <<< [E:39759i S:1291 M:106105358] (S) Msg TX from 0000000000000000 to 0:FFFFFFFB00000000 [0000] [UDP:[fe80::bfe:a203:38f0:bce7%enp0s3]:5540] --- Type 0001:02 (IM:ReadRequest) (B:136)[0m
[0;32m[1784834519.325] [15640:15642] [EM] ??1 [E:39759i S:1291 M:106105358] (S) Msg Retransmission to 0:FFFFFFFB00000000 scheduled for 336ms from now [State:Active II:500 AI:300 AT:4000][0m
[0;34m[1784834519.325] [15640:15642] [DMG] MoveToState ReadClient[0x76fef4035210]: Moving to [AwaitingIn][0m
[0;32m[1784834519.325] [15640:15642] [EM] <<< [E:39758i S:0 M:95555624 (Ack:146095692)] (U) Msg TX from 9644A1AFE654D5FF to 0:0000000000000000 [0000] [UDP:[fe80::bfe:a203:38f0:bce7%enp0s3]:5540] --- Type 0000:10 (SecureChannel:StandaloneAck) (B:26)[0m
[0;34m[1784834519.325] [15640:15642] [EM] Flushed pending ack for MessageCounter:146095692 on exchange 39758i[0m
[0;32m[1784834519.327] [15640:15642] [EM] >>> [E:39759i S:1291 M:139458411 (Ack:106105358)] (S) Msg RX from 0:FFFFFFFB00000000 [0000] to 0000000000000000 --- Type 0001:05 (IM:ReportData) (B:766)[0m
[0;34m[1784834519.327] [15640:15642] [EM] Found matching exchange: 39759i, Delegate: 0x76fef4035220[0m
[0;34m[1784834519.327] [15640:15642] [EM] Rxd Ack; Removing MessageCounter:106105358 from Retrans Table on exchange 39759i[0m
[0;34m[1784834519.327] [15640:15642] [DMG] ReportDataMessage =[0m
[0;34m[1784834519.327] [15640:15642] [DMG] {[0m
[0;34m[1784834519.327] [15640:15642] [DMG] 	AttributeReportIBs =[0m
[0;34m[1784834519.327] [15640:15642] [DMG] 	[[0m
[0;34m[1784834519.327] [15640:15642] [DMG] 		AttributeReportIB =[0m
[0;34m[1784834519.327] [15640:15642] [DMG] 		{[0m
[0;34m[1784834519.327] [15640:15642] [DMG] 			AttributeDataIB =[0m
[0;34m[1784834519.327] [15640:15642] [DMG] 			{[0m
[0;34m[1784834519.327] [15640:15642] [DMG] 				DataVersion = 0x789bb4bc,[0m
[0;34m[1784834519.327] [15640:15642] [DMG] 				AttributePathIB =[0m
[0;34m[1784834519.327] [15640:15642] [DMG] 				{[0m
[0;34m[1784834519.327] [15640:15642] [DMG] 					Endpoint = 0x0,[0m
[0;34m[1784834519.327] [15640:15642] [DMG] 					Cluster = 0x38,[0m
[0;34m[1784834519.327] [15640:15642] [DMG] 					Attribute = 0x0000_0000,[0m
[0;34m[1784834519.327] [15640:15642] [DMG] 				}[0m
[0;34m[1784834519.327] [15640:15642] [DMG] 					[0m
[0;34m[1784834519.327] [15640:15642] [DMG] 				Data = 838149719326928 (unsigned), [0m
[0;34m[1784834519.327] [15640:15642] [DMG] 			},[0m
[0;34m[1784834519.327] [15640:15642] [DMG] 			[0m
[0;34m[1784834519.327] [15640:15642] [DMG] 		},[0m
[0;34m[1784834519.327] [15640:15642] [DMG] 		[0m
[0;34m[1784834519.327] [15640:15642] [DMG] 		AttributeReportIB =[0m
[0;34m[1784834519.327] [15640:15642] [DMG] 		{[0m
[0;34m[1784834519.327] [15640:15642] [DMG] 			AttributeDataIB =[0m
[0;34m[1784834519.327] [15640:15642] [DMG] 			{[0m
[0;34m[1784834519.327] [15640:15642] [DMG] 				DataVersion = 0x789bb4bc,[0m
[0;34m[1784834519.327] [15640:15642] [DMG] 				AttributePathIB =[0m
[0;34m[1784834519.327] [15640:15642] [DMG] 				{[0m
[0;34m[1784834519.327] [15640:15642] [DMG] 					Endpoint = 0x0,[0m
[0;34m[1784834519.327] [15640:15642] [DMG] 					Cluster = 0x38,[0m
[0;34m[1784834519.327] [15640:15642] [DMG] 					Attribute = 0x0000_0001,[0m
[0;34m[1784834519.327] [15640:15642] [DMG] 				}[0m
[0;34m[1784834519.327] [15640:15642] [DMG] 					[0m
[0;34m[1784834519.327] [15640:15642] [DMG] 				Data = 3 (unsigned), [0m
[0;34m[1784834519.327] [15640:15642] [DMG] 			},[0m
[0;34m[1784834519.327] [15640:15642] [DMG] 			[0m
[0;34m[1784834519.327] [15640:15642] [DMG] 		},[0m
[0;34m[1784834519.327] [15640:15642] [DMG] 		[0m
[0;34m[1784834519.327] [15640:15642] [DMG] 		AttributeReportIB =[0m
[0;34m[1784834519.327] [15640:15642] [DMG] 		{[0m
[0;34m[1784834519.327] [15640:15642] [DMG] 			AttributeDataIB =[0m
[0;34m[1784834519.327] [15640:15642] [DMG] 			{[0m
[0;34m[1784834519.327] [15640:15642] [DMG] 				DataVersion = 0x789bb4bc,[0m
[0;34m[1784834519.327] [15640:15642] [DMG] 				AttributePathIB =[0m
[0;34m[1784834519.327] [15640:15642] [DMG] 				{[0m
[0;34m[1784834519.327] [15640:15642] [DMG] 					Endpoint = 0x0,[0m
[0;34m[1784834519.327] [15640:15642] [DMG] 					Cluster = 0x38,[0m
[0;34m[1784834519.327] [15640:15642] [DMG] 					Attribute = 0x0000_0002,[0m
[0;34m[1784834519.327] [15640:15642] [DMG] 				}[0m
[0;34m[1784834519.327] [15640:15642] [DMG] 					[0m
[0;34m[1784834519.327] [15640:15642] [DMG] 				Data = 8 (unsigned), [0m
[0;34m[1784834519.327] [15640:15642] [DMG] 			},[0m
[0;34m[1784834519.327] [15640:15642] [DMG] 			[0m
[0;34m[1784834519.327] [15640:15642] [DMG] 		},[0m
[0;34m[1784834519.327] [15640:15642] [DMG] 		[0m
[0;34m[1784834519.327] [15640:15642] [DMG] 		AttributeReportIB =[0m
[0;34m[1784834519.327] [15640:15642] [DMG] 		{[0m
[0;34m[1784834519.327] [15640:15642] [DMG] 			AttributeDataIB =[0m
[0;34m[1784834519.327] [15640:15642] [DMG] 			{[0m
[0;34m[1784834519.327] [15640:15642] [DMG] 				DataVersion = 0x789bb4bc,[0m
[0;34m[1784834519.327] [15640:15642] [DMG] 				AttributePathIB =[0m
[0;34m[1784834519.327] [15640:15642] [DMG] 				{[0m
[0;34m[1784834519.327] [15640:15642] [DMG] 					Endpoint = 0x0,[0m
[0;34m[1784834519.327] [15640:15642] [DMG] 					Cluster = 0x38,[0m
[0;34m[1784834519.327] [15640:15642] [DMG] 					Attribute = 0x0000_0003,[0m
[0;34m[1784834519.327] [15640:15642] [DMG] 				}[0m
[0;34m[1784834519.327] [15640:15642] [DMG] 					[0m
[0;34m[1784834519.327] [15640:15642] [DMG] 				Data = NULL[0m
[0;34m[1784834519.327] [15640:15642] [DMG] 			},[0m
[0;34m[1784834519.327] [15640:15642] [DMG] 			[0m
[0;34m[1784834519.327] [15640:15642] [DMG] 		},[0m
[0;34m[1784834519.327] [15640:15642] [DMG] 		[0m
[0;34m[1784834519.327] [15640:15642] [DMG] 		AttributeReportIB =[0m
[0;34m[1784834519.327] [15640:15642] [DMG] 		{[0m
[0;34m[1784834519.327] [15640:15642] [DMG] 			AttributeDataIB =[0m
[0;34m[1784834519.327] [15640:15642] [DMG] 			{[0m
[0;34m[1784834519.327] [15640:15642] [DMG] 				DataVersion = 0x789bb4bc,[0m
[0;34m[1784834519.327] [15640:15642] [DMG] 				AttributePathIB =[0m
[0;34m[1784834519.327] [15640:15642] [DMG] 				{[0m
[0;34m[1784834519.327] [15640:15642] [DMG] 					Endpoint = 0x0,[0m
[0;34m[1784834519.327] [15640:15642] [DMG] 					Cluster = 0x38,[0m
[0;34m[1784834519.327] [15640:15642] [DMG] 					Attribute = 0x0000_0004,[0m
[0;34m[1784834519.327] [15640:15642] [DMG] 				}[0m
[0;34m[1784834519.327] [15640:15642] [DMG] 					[0m
[0;34m[1784834519.327] [15640:15642] [DMG] 				Data = NULL[0m
[0;34m[1784834519.327] [15640:15642] [DMG] 			},[0m
[0;34m[1784834519.327] [15640:15642] [DMG] 			[0m
[0;34m[1784834519.327] [15640:15642] [DMG] 		},[0m
[0;34m[1784834519.327] [15640:15642] [DMG] 		[0m
[0;34m[1784834519.327] [15640:15642] [DMG] 		AttributeReportIB =[0m
[0;34m[1784834519.327] [15640:15642] [DMG] 		{[0m
[0;34m[1784834519.327] [15640:15642] [DMG] 			AttributeDataIB =[0m
[0;34m[1784834519.327] [15640:15642] [DMG] 			{[0m
[0;34m[1784834519.327] [15640:15642] [DMG] 				DataVersion = 0x789bb4bc,[0m
[0;34m[1784834519.327] [15640:15642] [DMG] 				AttributePathIB =[0m
[0;34m[1784834519.327] [15640:15642] [DMG] 				{[0m
[0;34m[1784834519.327] [15640:15642] [DMG] 					Endpoint = 0x0,[0m
[0;34m[1784834519.327] [15640:15642] [DMG] 					Cluster = 0x38,[0m
[0;34m[1784834519.327] [15640:15642] [DMG] 					Attribute = 0x0000_0005,[0m
[0;34m[1784834519.327] [15640:15642] [DMG] 				}[0m
[0;34m[1784834519.327] [15640:15642] [DMG] 					[0m
[0;34m[1784834519.327] [15640:15642] [DMG] 				Data = [[0m
[0;34m[1784834519.327] [15640:15642] [DMG] 						[0m
[0;34m[1784834519.327] [15640:15642] [DMG] 					{[0m
[0;34m[1784834519.327] [15640:15642] [DMG] 						0x0 = 0 (signed), [0m
[0;34m[1784834519.327] [15640:15642] [DMG] 						0x1 = 0 (unsigned), [0m
[0;34m[1784834519.327] [15640:15642] [DMG] 					},[0m
[0;34m[1784834519.327] [15640:15642] [DMG] 				],[0m
[0;34m[1784834519.327] [15640:15642] [DMG] 			},[0m
[0;34m[1784834519.327] [15640:15642] [DMG] 			[0m
[0;34m[1784834519.327] [15640:15642] [DMG] 		},[0m
[0;34m[1784834519.327] [15640:15642] [DMG] 		[0m
[0;34m[1784834519.327] [15640:15642] [DMG] 		AttributeReportIB =[0m
[0;34m[1784834519.327] [15640:15642] [DMG] 		{[0m
[0;34m[1784834519.327] [15640:15642] [DMG] 			AttributeDataIB =[0m
[0;34m[1784834519.328] [15640:15642] [DMG] 			{[0m
[0;34m[1784834519.328] [15640:15642] [DMG] 				DataVersion = 0x789bb4bc,[0m
[0;34m[1784834519.328] [15640:15642] [DMG] 				AttributePathIB =[0m
[0;34m[1784834519.328] [15640:15642] [DMG] 				{[0m
[0;34m[1784834519.328] [15640:15642] [DMG] 					Endpoint = 0x0,[0m
[0;34m[1784834519.328] [15640:15642] [DMG] 					Cluster = 0x38,[0m
[0;34m[1784834519.328] [15640:15642] [DMG] 					Attribute = 0x0000_0006,[0m
[0;34m[1784834519.328] [15640:15642] [DMG] 				}[0m
[0;34m[1784834519.328] [15640:15642] [DMG] 					[0m
[0;34m[1784834519.328] [15640:15642] [DMG] 				Data = [[0m
[0;34m[1784834519.328] [15640:15642] [DMG] 						[0m
[0;34m[1784834519.328] [15640:15642] [DMG] 				],[0m
[0;34m[1784834519.328] [15640:15642] [DMG] 			},[0m
[0;34m[1784834519.328] [15640:15642] [DMG] 			[0m
[0;34m[1784834519.328] [15640:15642] [DMG] 		},[0m
[0;34m[1784834519.328] [15640:15642] [DMG] 		[0m
[0;34m[1784834519.328] [15640:15642] [DMG] 		AttributeReportIB =[0m
[0;34m[1784834519.328] [15640:15642] [DMG] 		{[0m
[0;34m[1784834519.328] [15640:15642] [DMG] 			AttributeDataIB =[0m
[0;34m[1784834519.328] [15640:15642] [DMG] 			{[0m
[0;34m[1784834519.328] [15640:15642] [DMG] 				DataVersion = 0x789bb4bc,[0m
[0;34m[1784834519.328] [15640:15642] [DMG] 				AttributePathIB =[0m
[0;34m[1784834519.328] [15640:15642] [DMG] 				{[0m
[0;34m[1784834519.328] [15640:15642] [DMG] 					Endpoint = 0x0,[0m
[0;34m[1784834519.328] [15640:15642] [DMG] 					Cluster = 0x38,[0m
[0;34m[1784834519.328] [15640:15642] [DMG] 					Attribute = 0x0000_0007,[0m
[0;34m[1784834519.328] [15640:15642] [DMG] 				}[0m
[0;34m[1784834519.328] [15640:15642] [DMG] 					[0m
[0;34m[1784834519.328] [15640:15642] [DMG] 				Data = NULL[0m
[0;34m[1784834519.328] [15640:15642] [DMG] 			},[0m
[0;34m[1784834519.328] [15640:15642] [DMG] 			[0m
[0;34m[1784834519.328] [15640:15642] [DMG] 		},[0m
[0;34m[1784834519.328] [15640:15642] [DMG] 		[0m
[0;34m[1784834519.328] [15640:15642] [DMG] 		AttributeReportIB =[0m
[0;34m[1784834519.328] [15640:15642] [DMG] 		{[0m
[0;34m[1784834519.328] [15640:15642] [DMG] 			AttributeDataIB =[0m
[0;34m[1784834519.328] [15640:15642] [DMG] 			{[0m
[0;34m[1784834519.328] [15640:15642] [DMG] 				DataVersion = 0x789bb4bc,[0m
[0;34m[1784834519.328] [15640:15642] [DMG] 				AttributePathIB =[0m
[0;34m[1784834519.328] [15640:15642] [DMG] 				{[0m
[0;34m[1784834519.328] [15640:15642] [DMG] 					Endpoint = 0x0,[0m
[0;34m[1784834519.328] [15640:15642] [DMG] 					Cluster = 0x38,[0m
[0;34m[1784834519.328] [15640:15642] [DMG] 					Attribute = 0x0000_0008,[0m
[0;34m[1784834519.328] [15640:15642] [DMG] 				}[0m
[0;34m[1784834519.328] [15640:15642] [DMG] 					[0m
[0;34m[1784834519.328] [15640:15642] [DMG] 				Data = 0 (unsigned), [0m
[0;34m[1784834519.328] [15640:15642] [DMG] 			},[0m
[0;34m[1784834519.328] [15640:15642] [DMG] 			[0m
[0;34m[1784834519.328] [15640:15642] [DMG] 		},[0m
[0;34m[1784834519.328] [15640:15642] [DMG] 		[0m
[0;34m[1784834519.328] [15640:15642] [DMG] 		AttributeReportIB =[0m
[0;34m[1784834519.328] [15640:15642] [DMG] 		{[0m
[0;34m[1784834519.328] [15640:15642] [DMG] 			AttributeDataIB =[0m
[0;34m[1784834519.328] [15640:15642] [DMG] 			{[0m
[0;34m[1784834519.328] [15640:15642] [DMG] 				DataVersion = 0x789bb4bc,[0m
[0;34m[1784834519.328] [15640:15642] [DMG] 				AttributePathIB =[0m
[0;34m[1784834519.328] [15640:15642] [DMG] 				{[0m
[0;34m[1784834519.328] [15640:15642] [DMG] 					Endpoint = 0x0,[0m
[0;34m[1784834519.328] [15640:15642] [DMG] 					Cluster = 0x38,[0m
[0;34m[1784834519.328] [15640:15642] [DMG] 					Attribute = 0x0000_000A,[0m
[0;34m[1784834519.328] [15640:15642] [DMG] 				}[0m
[0;34m[1784834519.328] [15640:15642] [DMG] 					[0m
[0;34m[1784834519.328] [15640:15642] [DMG] 				Data = 2 (unsigned), [0m
[0;34m[1784834519.328] [15640:15642] [DMG] 			},[0m
[0;34m[1784834519.328] [15640:15642] [DMG] 			[0m
[0;34m[1784834519.328] [15640:15642] [DMG] 		},[0m
[0;34m[1784834519.328] [15640:15642] [DMG] 		[0m
[0;34m[1784834519.328] [15640:15642] [DMG] 		AttributeReportIB =[0m
[0;34m[1784834519.328] [15640:15642] [DMG] 		{[0m
[0;34m[1784834519.328] [15640:15642] [DMG] 			AttributeDataIB =[0m
[0;34m[1784834519.328] [15640:15642] [DMG] 			{[0m
[0;34m[1784834519.328] [15640:15642] [DMG] 				DataVersion = 0x789bb4bc,[0m
[0;34m[1784834519.328] [15640:15642] [DMG] 				AttributePathIB =[0m
[0;34m[1784834519.328] [15640:15642] [DMG] 				{[0m
[0;34m[1784834519.328] [15640:15642] [DMG] 					Endpoint = 0x0,[0m
[0;34m[1784834519.328] [15640:15642] [DMG] 					Cluster = 0x38,[0m
[0;34m[1784834519.328] [15640:15642] [DMG] 					Attribute = 0x0000_000B,[0m
[0;34m[1784834519.328] [15640:15642] [DMG] 				}[0m
[0;34m[1784834519.328] [15640:15642] [DMG] 					[0m
[0;34m[1784834519.328] [15640:15642] [DMG] 				Data = 2 (unsigned), [0m
[0;34m[1784834519.328] [15640:15642] [DMG] 			},[0m
[0;34m[1784834519.328] [15640:15642] [DMG] 			[0m
[0;34m[1784834519.328] [15640:15642] [DMG] 		},[0m
[0;34m[1784834519.328] [15640:15642] [DMG] 		[0m
[0;34m[1784834519.328] [15640:15642] [DMG] 		AttributeReportIB =[0m
[0;34m[1784834519.328] [15640:15642] [DMG] 		{[0m
[0;34m[1784834519.328] [15640:15642] [DMG] 			AttributeDataIB =[0m
[0;34m[1784834519.328] [15640:15642] [DMG] 			{[0m
[0;34m[1784834519.328] [15640:15642] [DMG] 				DataVersion = 0x789bb4bc,[0m
[0;34m[1784834519.328] [15640:15642] [DMG] 				AttributePathIB =[0m
[0;34m[1784834519.328] [15640:15642] [DMG] 				{[0m
[0;34m[1784834519.328] [15640:15642] [DMG] 					Endpoint = 0x0,[0m
[0;34m[1784834519.328] [15640:15642] [DMG] 					Cluster = 0x38,[0m
[0;34m[1784834519.328] [15640:15642] [DMG] 					Attribute = 0x0000_000C,[0m
[0;34m[1784834519.328] [15640:15642] [DMG] 				}[0m
[0;34m[1784834519.328] [15640:15642] [DMG] 					[0m
[0;34m[1784834519.328] [15640:15642] [DMG] 				Data = true, [0m
[0;34m[1784834519.328] [15640:15642] [DMG] 			},[0m
[0;34m[1784834519.328] [15640:15642] [DMG] 			[0m
[0;34m[1784834519.328] [15640:15642] [DMG] 		},[0m
[0;34m[1784834519.328] [15640:15642] [DMG] 		[0m
[0;34m[1784834519.328] [15640:15642] [DMG] 		AttributeReportIB =[0m
[0;34m[1784834519.328] [15640:15642] [DMG] 		{[0m
[0;34m[1784834519.328] [15640:15642] [DMG] 			AttributeDataIB =[0m
[0;34m[1784834519.328] [15640:15642] [DMG] 			{[0m
[0;34m[1784834519.328] [15640:15642] [DMG] 				DataVersion = 0x789bb4bc,[0m
[0;34m[1784834519.328] [15640:15642] [DMG] 				AttributePathIB =[0m
[0;34m[1784834519.328] [15640:15642] [DMG] 				{[0m
[0;34m[1784834519.328] [15640:15642] [DMG] 					Endpoint = 0x0,[0m
[0;34m[1784834519.328] [15640:15642] [DMG] 					Cluster = 0x38,[0m
[0;34m[1784834519.328] [15640:15642] [DMG] 					Attribute = 0x0000_FFFC,[0m
[0;34m[1784834519.328] [15640:15642] [DMG] 				}[0m
[0;34m[1784834519.328] [15640:15642] [DMG] 					[0m
[0;34m[1784834519.328] [15640:15642] [DMG] 				Data = 11 (unsigned), [0m
[0;34m[1784834519.328] [15640:15642] [DMG] 			},[0m
[0;34m[1784834519.328] [15640:15642] [DMG] 			[0m
[0;34m[1784834519.328] [15640:15642] [DMG] 		},[0m
[0;34m[1784834519.328] [15640:15642] [DMG] 		[0m
[0;34m[1784834519.328] [15640:15642] [DMG] 		AttributeReportIB =[0m
[0;34m[1784834519.328] [15640:15642] [DMG] 		{[0m
[0;34m[1784834519.328] [15640:15642] [DMG] 			AttributeDataIB =[0m
[0;34m[1784834519.328] [15640:15642] [DMG] 			{[0m
[0;34m[1784834519.328] [15640:15642] [DMG] 				DataVersion = 0x789bb4bc,[0m
[0;34m[1784834519.328] [15640:15642] [DMG] 				AttributePathIB =[0m
[0;34m[1784834519.328] [15640:15642] [DMG] 				{[0m
[0;34m[1784834519.328] [15640:15642] [DMG] 					Endpoint = 0x0,[0m
[0;34m[1784834519.328] [15640:15642] [DMG] 					Cluster = 0x38,[0m
[0;34m[1784834519.328] [15640:15642] [DMG] 					Attribute = 0x0000_FFFD,[0m
[0;34m[1784834519.328] [15640:15642] [DMG] 				}[0m
[0;34m[1784834519.328] [15640:15642] [DMG] 					[0m
[0;34m[1784834519.328] [15640:15642] [DMG] 				Data = 2 (unsigned), [0m
[0;34m[1784834519.328] [15640:15642] [DMG] 			},[0m
[0;34m[1784834519.328] [15640:15642] [DMG] 			[0m
[0;34m[1784834519.328] [15640:15642] [DMG] 		},[0m
[0;34m[1784834519.328] [15640:15642] [DMG] 		[0m
[0;34m[1784834519.328] [15640:15642] [DMG] 		AttributeReportIB =[0m
[0;34m[1784834519.328] [15640:15642] [DMG] 		{[0m
[0;34m[1784834519.328] [15640:15642] [DMG] 			AttributeDataIB =[0m
[0;34m[1784834519.328] [15640:15642] [DMG] 			{[0m
[0;34m[1784834519.328] [15640:15642] [DMG] 				DataVersion = 0x789bb4bc,[0m
[0;34m[1784834519.328] [15640:15642] [DMG] 				AttributePathIB =[0m
[0;34m[1784834519.328] [15640:15642] [DMG] 				{[0m
[0;34m[1784834519.328] [15640:15642] [DMG] 					Endpoint = 0x0,[0m
[0;34m[1784834519.328] [15640:15642] [DMG] 					Cluster = 0x38,[0m
[0;34m[1784834519.328] [15640:15642] [DMG] 					Attribute = 0x0000_FFF8,[0m
[0;34m[1784834519.328] [15640:15642] [DMG] 				}[0m
[0;34m[1784834519.328] [15640:15642] [DMG] 					[0m
[0;34m[1784834519.328] [15640:15642] [DMG] 				Data = [[0m
[0;34m[1784834519.328] [15640:15642] [DMG] 						3 (unsigned), [0m
[0;34m[1784834519.328] [15640:15642] [DMG] 				],[0m
[0;34m[1784834519.328] [15640:15642] [DMG] 			},[0m
[0;34m[1784834519.328] [15640:15642] [DMG] 			[0m
[0;34m[1784834519.328] [15640:15642] [DMG] 		},[0m
[0;34m[1784834519.328] [15640:15642] [DMG] 		[0m
[0;34m[1784834519.328] [15640:15642] [DMG] 		AttributeReportIB =[0m
[0;34m[1784834519.328] [15640:15642] [DMG] 		{[0m
[0;34m[1784834519.328] [15640:15642] [DMG] 			AttributeDataIB =[0m
[0;34m[1784834519.328] [15640:15642] [DMG] 			{[0m
[0;34m[1784834519.328] [15640:15642] [DMG] 				DataVersion = 0x789bb4bc,[0m
[0;34m[1784834519.328] [15640:15642] [DMG] 				AttributePathIB =[0m
[0;34m[1784834519.328] [15640:15642] [DMG] 				{[0m
[0;34m[1784834519.328] [15640:15642] [DMG] 					Endpoint = 0x0,[0m
[0;34m[1784834519.328] [15640:15642] [DMG] 					Cluster = 0x38,[0m
[0;34m[1784834519.328] [15640:15642] [DMG] 					Attribute = 0x0000_FFF9,[0m
[0;34m[1784834519.328] [15640:15642] [DMG] 				}[0m
[0;34m[1784834519.328] [15640:15642] [DMG] 					[0m
[0;34m[1784834519.328] [15640:15642] [DMG] 				Data = [[0m
[0;34m[1784834519.328] [15640:15642] [DMG] 						0 (unsigned), 1 (unsigned), 2 (unsigned), 4 (unsigned), 5 (unsigned), [0m
[0;34m[1784834519.328] [15640:15642] [DMG] 				],[0m
[0;34m[1784834519.328] [15640:15642] [DMG] 			},[0m
[0;34m[1784834519.328] [15640:15642] [DMG] 			[0m
[0;34m[1784834519.328] [15640:15642] [DMG] 		},[0m
[0;34m[1784834519.328] [15640:15642] [DMG] 		[0m
[0;34m[1784834519.328] [15640:15642] [DMG] 		AttributeReportIB =[0m
[0;34m[1784834519.328] [15640:15642] [DMG] 		{[0m
[0;34m[1784834519.328] [15640:15642] [DMG] 			AttributeDataIB =[0m
[0;34m[1784834519.328] [15640:15642] [DMG] 			{[0m
[0;34m[1784834519.328] [15640:15642] [DMG] 				DataVersion = 0x789bb4bc,[0m
[0;34m[1784834519.328] [15640:15642] [DMG] 				AttributePathIB =[0m
[0;34m[1784834519.328] [15640:15642] [DMG] 				{[0m
[0;34m[1784834519.328] [15640:15642] [DMG] 					Endpoint = 0x0,[0m
[0;34m[1784834519.328] [15640:15642] [DMG] 					Cluster = 0x38,[0m
[0;34m[1784834519.328] [15640:15642] [DMG] 					Attribute = 0x0000_FFFB,[0m
[0;34m[1784834519.328] [15640:15642] [DMG] 				}[0m
[0;34m[1784834519.328] [15640:15642] [DMG] 					[0m
[0;34m[1784834519.328] [15640:15642] [DMG] 				Data = [[0m
[0;34m[1784834519.328] [15640:15642] [DMG] 						0 (unsigned), 1 (unsigned), 2 (unsigned), 3 (unsigned), 4 (unsigned), 5 (unsigned), 6 (unsigned), 7 (unsigned), 8 (unsigned), 10 (unsigned), 11 (unsigned), 12 (unsigned), 65532 (unsigned), 65533 (unsigned), 65528 (unsigned), 65529 (unsigned), 65531 (unsigned), [0m
[0;34m[1784834519.328] [15640:15642] [DMG] 				],[0m
[0;34m[1784834519.328] [15640:15642] [DMG] 			},[0m
[0;34m[1784834519.328] [15640:15642] [DMG] 			[0m
[0;34m[1784834519.328] [15640:15642] [DMG] 		},[0m
[0;34m[1784834519.328] [15640:15642] [DMG] 		[0m
[0;34m[1784834519.328] [15640:15642] [DMG] 		AttributeReportIB =[0m
[0;34m[1784834519.328] [15640:15642] [DMG] 		{[0m
[0;34m[1784834519.328] [15640:15642] [DMG] 			AttributeDataIB =[0m
[0;34m[1784834519.328] [15640:15642] [DMG] 			{[0m
[0;34m[1784834519.328] [15640:15642] [DMG] 				DataVersion = 0x81992966,[0m
[0;34m[1784834519.328] [15640:15642] [DMG] 				AttributePathIB =[0m
[0;34m[1784834519.328] [15640:15642] [DMG] 				{[0m
[0;34m[1784834519.328] [15640:15642] [DMG] 					Endpoint = 0x0,[0m
[0;34m[1784834519.328] [15640:15642] [DMG] 					Cluster = 0x28,[0m
[0;34m[1784834519.328] [15640:15642] [DMG] 					Attribute = 0x0000_0004,[0m
[0;34m[1784834519.328] [15640:15642] [DMG] 				}[0m
[0;34m[1784834519.328] [15640:15642] [DMG] 					[0m
[0;34m[1784834519.328] [15640:15642] [DMG] 				Data = 32769 (unsigned), [0m
[0;34m[1784834519.328] [15640:15642] [DMG] 			},[0m
[0;34m[1784834519.328] [15640:15642] [DMG] 			[0m
[0;34m[1784834519.328] [15640:15642] [DMG] 		},[0m
[0;34m[1784834519.328] [15640:15642] [DMG] 		[0m
[0;34m[1784834519.328] [15640:15642] [DMG] 		AttributeReportIB =[0m
[0;34m[1784834519.328] [15640:15642] [DMG] 		{[0m
[0;34m[1784834519.328] [15640:15642] [DMG] 			AttributeDataIB =[0m
[0;34m[1784834519.328] [15640:15642] [DMG] 			{[0m
[0;34m[1784834519.328] [15640:15642] [DMG] 				DataVersion = 0x81992966,[0m
[0;34m[1784834519.328] [15640:15642] [DMG] 				AttributePathIB =[0m
[0;34m[1784834519.328] [15640:15642] [DMG] 				{[0m
[0;34m[1784834519.328] [15640:15642] [DMG] 					Endpoint = 0x0,[0m
[0;34m[1784834519.328] [15640:15642] [DMG] 					Cluster = 0x28,[0m
[0;34m[1784834519.328] [15640:15642] [DMG] 					Attribute = 0x0000_0002,[0m
[0;34m[1784834519.328] [15640:15642] [DMG] 				}[0m
[0;34m[1784834519.328] [15640:15642] [DMG] 					[0m
[0;34m[1784834519.328] [15640:15642] [DMG] 				Data = 65521 (unsigned), [0m
[0;34m[1784834519.328] [15640:15642] [DMG] 			},[0m
[0;34m[1784834519.328] [15640:15642] [DMG] 			[0m
[0;34m[1784834519.328] [15640:15642] [DMG] 		},[0m
[0;34m[1784834519.328] [15640:15642] [DMG] 		[0m
[0;34m[1784834519.328] [15640:15642] [DMG] 		AttributeReportIB =[0m
[0;34m[1784834519.328] [15640:15642] [DMG] 		{[0m
[0;34m[1784834519.328] [15640:15642] [DMG] 			AttributeStatusIB =[0m
[0;34m[1784834519.328] [15640:15642] [DMG] 			{[0m
[0;34m[1784834519.328] [15640:15642] [DMG] 				AttributePathIB =[0m
[0;34m[1784834519.328] [15640:15642] [DMG] 				{[0m
[0;34m[1784834519.328] [15640:15642] [DMG] 					Endpoint = 0x0,[0m
[0;34m[1784834519.328] [15640:15642] [DMG] 					Cluster = 0x30,[0m
[0;34m[1784834519.328] [15640:15642] [DMG] 					Attribute = 0x0000_000C,[0m
[0;34m[1784834519.328] [15640:15642] [DMG] 				}[0m
[0;34m[1784834519.328] [15640:15642] [DMG] 					[0m
[0;34m[1784834519.328] [15640:15642] [DMG] 				StatusIB =[0m
[0;34m[1784834519.328] [15640:15642] [DMG] 				{[0m
[0;34m[1784834519.328] [15640:15642] [DMG] 					status = 0x86 (UNSUPPORTED_ATTRIBUTE),[0m
[0;34m[1784834519.328] [15640:15642] [DMG] 				},[0m
[0;34m[1784834519.328] [15640:15642] [DMG] 				[0m
[0;34m[1784834519.328] [15640:15642] [DMG] 			},[0m
[0;34m[1784834519.328] [15640:15642] [DMG] 			[0m
[0;34m[1784834519.328] [15640:15642] [DMG] 		},[0m
[0;34m[1784834519.328] [15640:15642] [DMG] 		[0m
[0;34m[1784834519.328] [15640:15642] [DMG] 		AttributeReportIB =[0m
[0;34m[1784834519.328] [15640:15642] [DMG] 		{[0m
[0;34m[1784834519.328] [15640:15642] [DMG] 			AttributeDataIB =[0m
[0;34m[1784834519.328] [15640:15642] [DMG] 			{[0m
[0;34m[1784834519.328] [15640:15642] [DMG] 				DataVersion = 0xc0512a88,[0m
[0;34m[1784834519.328] [15640:15642] [DMG] 				AttributePathIB =[0m
[0;34m[1784834519.328] [15640:15642] [DMG] 				{[0m
[0;34m[1784834519.328] [15640:15642] [DMG] 					Endpoint = 0x0,[0m
[0;34m[1784834519.328] [15640:15642] [DMG] 					Cluster = 0x30,[0m
[0;34m[1784834519.328] [15640:15642] [DMG] 					Attribute = 0x0000_0003,[0m
[0;34m[1784834519.328] [15640:15642] [DMG] 				}[0m
[0;34m[1784834519.328] [15640:15642] [DMG] 					[0m
[0;34m[1784834519.328] [15640:15642] [DMG] 				Data = 2 (unsigned), [0m
[0;34m[1784834519.328] [15640:15642] [DMG] 			},[0m
[0;34m[1784834519.328] [15640:15642] [DMG] 			[0m
[0;34m[1784834519.328] [15640:15642] [DMG] 		},[0m
[0;34m[1784834519.328] [15640:15642] [DMG] 		[0m
[0;34m[1784834519.328] [15640:15642] [DMG] 		AttributeReportIB =[0m
[0;34m[1784834519.328] [15640:15642] [DMG] 		{[0m
[0;34m[1784834519.328] [15640:15642] [DMG] 			AttributeDataIB =[0m
[0;34m[1784834519.328] [15640:15642] [DMG] 			{[0m
[0;34m[1784834519.328] [15640:15642] [DMG] 				DataVersion = 0xc0512a88,[0m
[0;34m[1784834519.328] [15640:15642] [DMG] 				AttributePathIB =[0m
[0;34m[1784834519.328] [15640:15642] [DMG] 				{[0m
[0;34m[1784834519.328] [15640:15642] [DMG] 					Endpoint = 0x0,[0m
[0;34m[1784834519.328] [15640:15642] [DMG] 					Cluster = 0x30,[0m
[0;34m[1784834519.328] [15640:15642] [DMG] 					Attribute = 0x0000_0002,[0m
[0;34m[1784834519.328] [15640:15642] [DMG] 				}[0m
[0;34m[1784834519.328] [15640:15642] [DMG] 					[0m
[0;34m[1784834519.328] [15640:15642] [DMG] 				Data = 0 (unsigned), [0m
[0;34m[1784834519.328] [15640:15642] [DMG] 			},[0m
[0;34m[1784834519.328] [15640:15642] [DMG] 			[0m
[0;34m[1784834519.328] [15640:15642] [DMG] 		},[0m
[0;34m[1784834519.328] [15640:15642] [DMG] 		[0m
[0;34m[1784834519.328] [15640:15642] [DMG] 		AttributeReportIB =[0m
[0;34m[1784834519.328] [15640:15642] [DMG] 		{[0m
[0;34m[1784834519.328] [15640:15642] [DMG] 			AttributeDataIB =[0m
[0;34m[1784834519.328] [15640:15642] [DMG] 			{[0m
[0;34m[1784834519.328] [15640:15642] [DMG] 				DataVersion = 0xc0512a88,[0m
[0;34m[1784834519.328] [15640:15642] [DMG] 				AttributePathIB =[0m
[0;34m[1784834519.328] [15640:15642] [DMG] 				{[0m
[0;34m[1784834519.328] [15640:15642] [DMG] 					Endpoint = 0x0,[0m
[0;34m[1784834519.328] [15640:15642] [DMG] 					Cluster = 0x30,[0m
[0;34m[1784834519.328] [15640:15642] [DMG] 					Attribute = 0x0000_0001,[0m
[0;34m[1784834519.328] [15640:15642] [DMG] 				}[0m
[0;34m[1784834519.328] [15640:15642] [DMG] 					[0m
[0;34m[1784834519.328] [15640:15642] [DMG] 				Data = [0m
[0;34m[1784834519.328] [15640:15642] [DMG] 				{[0m
[0;34m[1784834519.328] [15640:15642] [DMG] 					0x0 = 60 (unsigned), [0m
[0;34m[1784834519.328] [15640:15642] [DMG] 					0x1 = 900 (unsigned), [0m
[0;34m[1784834519.328] [15640:15642] [DMG] 				},[0m
[0;34m[1784834519.328] [15640:15642] [DMG] 			},[0m
[0;34m[1784834519.328] [15640:15642] [DMG] 			[0m
[0;34m[1784834519.328] [15640:15642] [DMG] 		},[0m
[0;34m[1784834519.328] [15640:15642] [DMG] 		[0m
[0;34m[1784834519.328] [15640:15642] [DMG] 		AttributeReportIB =[0m
[0;34m[1784834519.328] [15640:15642] [DMG] 		{[0m
[0;34m[1784834519.328] [15640:15642] [DMG] 			AttributeDataIB =[0m
[0;34m[1784834519.328] [15640:15642] [DMG] 			{[0m
[0;34m[1784834519.328] [15640:15642] [DMG] 				DataVersion = 0xc0512a88,[0m
[0;34m[1784834519.328] [15640:15642] [DMG] 				AttributePathIB =[0m
[0;34m[1784834519.328] [15640:15642] [DMG] 				{[0m
[0;34m[1784834519.328] [15640:15642] [DMG] 					Endpoint = 0x0,[0m
[0;34m[1784834519.328] [15640:15642] [DMG] 					Cluster = 0x30,[0m
[0;34m[1784834519.328] [15640:15642] [DMG] 					Attribute = 0x0000_0000,[0m
[0;34m[1784834519.328] [15640:15642] [DMG] 				}[0m
[0;34m[1784834519.328] [15640:15642] [DMG] 					[0m
[0;34m[1784834519.328] [15640:15642] [DMG] 				Data = 0 (unsigned), [0m
[0;34m[1784834519.328] [15640:15642] [DMG] 			},[0m
[0;34m[1784834519.328] [15640:15642] [DMG] 			[0m
[0;34m[1784834519.328] [15640:15642] [DMG] 		},[0m
[0;34m[1784834519.328] [15640:15642] [DMG] 		[0m
[0;34m[1784834519.328] [15640:15642] [DMG] 		AttributeReportIB =[0m
[0;34m[1784834519.328] [15640:15642] [DMG] 		{[0m
[0;34m[1784834519.328] [15640:15642] [DMG] 			AttributeDataIB =[0m
[0;34m[1784834519.328] [15640:15642] [DMG] 			{[0m
[0;34m[1784834519.328] [15640:15642] [DMG] 				DataVersion = 0xc0512a88,[0m
[0;34m[1784834519.328] [15640:15642] [DMG] 				AttributePathIB =[0m
[0;34m[1784834519.328] [15640:15642] [DMG] 				{[0m
[0;34m[1784834519.328] [15640:15642] [DMG] 					Endpoint = 0x0,[0m
[0;34m[1784834519.328] [15640:15642] [DMG] 					Cluster = 0x30,[0m
[0;34m[1784834519.328] [15640:15642] [DMG] 					Attribute = 0x0000_0004,[0m
[0;34m[1784834519.328] [15640:15642] [DMG] 				}[0m
[0;34m[1784834519.328] [15640:15642] [DMG] 					[0m
[0;34m[1784834519.328] [15640:15642] [DMG] 				Data = true, [0m
[0;34m[1784834519.328] [15640:15642] [DMG] 			},[0m
[0;34m[1784834519.328] [15640:15642] [DMG] 			[0m
[0;34m[1784834519.328] [15640:15642] [DMG] 		},[0m
[0;34m[1784834519.328] [15640:15642] [DMG] 		[0m
[0;34m[1784834519.328] [15640:15642] [DMG] 	],[0m
[0;34m[1784834519.328] [15640:15642] [DMG] 	[0m
[0;34m[1784834519.328] [15640:15642] [DMG] 	SuppressResponse = true, [0m
[0;34m[1784834519.328] [15640:15642] [DMG] 	InteractionModelRevision = 12[0m
[0;34m[1784834519.328] [15640:15642] [DMG] }[0m
[0;34m[1784834519.328] [15640:15642] [DMG] SendReadRequest ReadClient[0x76fef4035210]: Sending Read Request[0m
[0;32m[1784834519.328] [15640:15642] [DMG] 0 data version filters provided, 0 not relevant, 0 encoded, 0 skipped due to lack of space[0m
[0;32m[1784834519.329] [15640:15642] [EM] <<< [E:39760i S:1291 M:106105359] (S) Msg TX from 0000000000000000 to 0:FFFFFFFB00000000 [0000] [UDP:[fe80::bfe:a203:38f0:bce7%enp0s3]:5540] --- Type 0001:02 (IM:ReadRequest) (B:112)[0m
[0;32m[1784834519.329] [15640:15642] [EM] ??1 [E:39760i S:1291 M:106105359] (S) Msg Retransmission to 0:FFFFFFFB00000000 scheduled for 360ms from now [State:Active II:500 AI:300 AT:4000][0m
[0;34m[1784834519.329] [15640:15642] [DMG] MoveToState ReadClient[0x76fef4035210]: Moving to [AwaitingIn][0m
[0;32m[1784834519.329] [15640:15642] [EM] <<< [E:39759i S:1291 M:106105360 (Ack:139458411)] (S) Msg TX from 0000000000000000 to 0:FFFFFFFB00000000 [0000] [UDP:[fe80::bfe:a203:38f0:bce7%enp0s3]:5540] --- Type 0000:10 (SecureChannel:StandaloneAck) (B:34)[0m
[0;34m[1784834519.329] [15640:15642] [EM] Flushed pending ack for MessageCounter:139458411 on exchange 39759i[0m
[0;32m[1784834519.329] [15640:15642] [EM] >>> [E:39760i S:1291 M:139458412 (Ack:106105359)] (S) Msg RX from 0:FFFFFFFB00000000 [0000] to 0000000000000000 --- Type 0001:05 (IM:ReportData) (B:186)[0m
[0;34m[1784834519.329] [15640:15642] [EM] Found matching exchange: 39760i, Delegate: 0x76fef4035220[0m
[0;34m[1784834519.329] [15640:15642] [EM] Rxd Ack; Removing MessageCounter:106105359 from Retrans Table on exchange 39760i[0m
[0;34m[1784834519.329] [15640:15642] [DMG] ReportDataMessage =[0m
[0;34m[1784834519.329] [15640:15642] [DMG] {[0m
[0;34m[1784834519.329] [15640:15642] [DMG] 	AttributeReportIBs =[0m
[0;34m[1784834519.329] [15640:15642] [DMG] 	[[0m
[0;34m[1784834519.329] [15640:15642] [DMG] 		AttributeReportIB =[0m
[0;34m[1784834519.329] [15640:15642] [DMG] 		{[0m
[0;34m[1784834519.329] [15640:15642] [DMG] 			AttributeStatusIB =[0m
[0;34m[1784834519.329] [15640:15642] [DMG] 			{[0m
[0;34m[1784834519.329] [15640:15642] [DMG] 				AttributePathIB =[0m
[0;34m[1784834519.329] [15640:15642] [DMG] 				{[0m
[0;34m[1784834519.329] [15640:15642] [DMG] 					Endpoint = 0x0,[0m
[0;34m[1784834519.329] [15640:15642] [DMG] 					Cluster = 0x46,[0m
[0;34m[1784834519.329] [15640:15642] [DMG] 					Attribute = 0x0000_0002,[0m
[0;34m[1784834519.329] [15640:15642] [DMG] 				}[0m
[0;34m[1784834519.329] [15640:15642] [DMG] 					[0m
[0;34m[1784834519.329] [15640:15642] [DMG] 				StatusIB =[0m
[0;34m[1784834519.329] [15640:15642] [DMG] 				{[0m
[0;34m[1784834519.329] [15640:15642] [DMG] 					status = 0xc3 (UNSUPPORTED_CLUSTER),[0m
[0;34m[1784834519.329] [15640:15642] [DMG] 				},[0m
[0;34m[1784834519.329] [15640:15642] [DMG] 				[0m
[0;34m[1784834519.329] [15640:15642] [DMG] 			},[0m
[0;34m[1784834519.329] [15640:15642] [DMG] 			[0m
[0;34m[1784834519.329] [15640:15642] [DMG] 		},[0m
[0;34m[1784834519.329] [15640:15642] [DMG] 		[0m
[0;34m[1784834519.329] [15640:15642] [DMG] 		AttributeReportIB =[0m
[0;34m[1784834519.329] [15640:15642] [DMG] 		{[0m
[0;34m[1784834519.329] [15640:15642] [DMG] 			AttributeStatusIB =[0m
[0;34m[1784834519.329] [15640:15642] [DMG] 			{[0m
[0;34m[1784834519.329] [15640:15642] [DMG] 				AttributePathIB =[0m
[0;34m[1784834519.329] [15640:15642] [DMG] 				{[0m
[0;34m[1784834519.329] [15640:15642] [DMG] 					Endpoint = 0x0,[0m
[0;34m[1784834519.329] [15640:15642] [DMG] 					Cluster = 0x46,[0m
[0;34m[1784834519.329] [15640:15642] [DMG] 					Attribute = 0x0000_0001,[0m
[0;34m[1784834519.329] [15640:15642] [DMG] 				}[0m
[0;34m[1784834519.329] [15640:15642] [DMG] 					[0m
[0;34m[1784834519.329] [15640:15642] [DMG] 				StatusIB =[0m
[0;34m[1784834519.329] [15640:15642] [DMG] 				{[0m
[0;34m[1784834519.329] [15640:15642] [DMG] 					status = 0xc3 (UNSUPPORTED_CLUSTER),[0m
[0;34m[1784834519.329] [15640:15642] [DMG] 				},[0m
[0;34m[1784834519.329] [15640:15642] [DMG] 				[0m
[0;34m[1784834519.329] [15640:15642] [DMG] 			},[0m
[0;34m[1784834519.329] [15640:15642] [DMG] 			[0m
[0;34m[1784834519.329] [15640:15642] [DMG] 		},[0m
[0;34m[1784834519.329] [15640:15642] [DMG] 		[0m
[0;34m[1784834519.329] [15640:15642] [DMG] 		AttributeReportIB =[0m
[0;34m[1784834519.329] [15640:15642] [DMG] 		{[0m
[0;34m[1784834519.329] [15640:15642] [DMG] 			AttributeStatusIB =[0m
[0;34m[1784834519.329] [15640:15642] [DMG] 			{[0m
[0;34m[1784834519.329] [15640:15642] [DMG] 				AttributePathIB =[0m
[0;34m[1784834519.329] [15640:15642] [DMG] 				{[0m
[0;34m[1784834519.329] [15640:15642] [DMG] 					Endpoint = 0x0,[0m
[0;34m[1784834519.329] [15640:15642] [DMG] 					Cluster = 0x46,[0m
[0;34m[1784834519.329] [15640:15642] [DMG] 					Attribute = 0x0000_0000,[0m
[0;34m[1784834519.329] [15640:15642] [DMG] 				}[0m
[0;34m[1784834519.329] [15640:15642] [DMG] 					[0m
[0;34m[1784834519.329] [15640:15642] [DMG] 				StatusIB =[0m
[0;34m[1784834519.329] [15640:15642] [DMG] 				{[0m
[0;34m[1784834519.329] [15640:15642] [DMG] 					status = 0xc3 (UNSUPPORTED_CLUSTER),[0m
[0;34m[1784834519.329] [15640:15642] [DMG] 				},[0m
[0;34m[1784834519.329] [15640:15642] [DMG] 				[0m
[0;34m[1784834519.329] [15640:15642] [DMG] 			},[0m
[0;34m[1784834519.329] [15640:15642] [DMG] 			[0m
[0;34m[1784834519.329] [15640:15642] [DMG] 		},[0m
[0;34m[1784834519.329] [15640:15642] [DMG] 		[0m
[0;34m[1784834519.329] [15640:15642] [DMG] 		AttributeReportIB =[0m
[0;34m[1784834519.329] [15640:15642] [DMG] 		{[0m
[0;34m[1784834519.329] [15640:15642] [DMG] 			AttributeStatusIB =[0m
[0;34m[1784834519.329] [15640:15642] [DMG] 			{[0m
[0;34m[1784834519.329] [15640:15642] [DMG] 				AttributePathIB =[0m
[0;34m[1784834519.329] [15640:15642] [DMG] 				{[0m
[0;34m[1784834519.329] [15640:15642] [DMG] 					Endpoint = 0x0,[0m
[0;34m[1784834519.329] [15640:15642] [DMG] 					Cluster = 0x46,[0m
[0;34m[1784834519.329] [15640:15642] [DMG] 					Attribute = 0x0000_0007,[0m
[0;34m[1784834519.329] [15640:15642] [DMG] 				}[0m
[0;34m[1784834519.330] [15640:15642] [DMG] 					[0m
[0;34m[1784834519.330] [15640:15642] [DMG] 				StatusIB =[0m
[0;34m[1784834519.330] [15640:15642] [DMG] 				{[0m
[0;34m[1784834519.330] [15640:15642] [DMG] 					status = 0xc3 (UNSUPPORTED_CLUSTER),[0m
[0;34m[1784834519.330] [15640:15642] [DMG] 				},[0m
[0;34m[1784834519.330] [15640:15642] [DMG] 				[0m
[0;34m[1784834519.330] [15640:15642] [DMG] 			},[0m
[0;34m[1784834519.330] [15640:15642] [DMG] 			[0m
[0;34m[1784834519.330] [15640:15642] [DMG] 		},[0m
[0;34m[1784834519.330] [15640:15642] [DMG] 		[0m
[0;34m[1784834519.330] [15640:15642] [DMG] 		AttributeReportIB =[0m
[0;34m[1784834519.330] [15640:15642] [DMG] 		{[0m
[0;34m[1784834519.330] [15640:15642] [DMG] 			AttributeStatusIB =[0m
[0;34m[1784834519.330] [15640:15642] [DMG] 			{[0m
[0;34m[1784834519.330] [15640:15642] [DMG] 				AttributePathIB =[0m
[0;34m[1784834519.330] [15640:15642] [DMG] 				{[0m
[0;34m[1784834519.330] [15640:15642] [DMG] 					Endpoint = 0x0,[0m
[0;34m[1784834519.330] [15640:15642] [DMG] 					Cluster = 0x46,[0m
[0;34m[1784834519.330] [15640:15642] [DMG] 					Attribute = 0x0000_0006,[0m
[0;34m[1784834519.330] [15640:15642] [DMG] 				}[0m
[0;34m[1784834519.330] [15640:15642] [DMG] 					[0m
[0;34m[1784834519.330] [15640:15642] [DMG] 				StatusIB =[0m
[0;34m[1784834519.330] [15640:15642] [DMG] 				{[0m
[0;34m[1784834519.330] [15640:15642] [DMG] 					status = 0xc3 (UNSUPPORTED_CLUSTER),[0m
[0;34m[1784834519.330] [15640:15642] [DMG] 				},[0m
[0;34m[1784834519.330] [15640:15642] [DMG] 				[0m
[0;34m[1784834519.330] [15640:15642] [DMG] 			},[0m
[0;34m[1784834519.330] [15640:15642] [DMG] 			[0m
[0;34m[1784834519.330] [15640:15642] [DMG] 		},[0m
[0;34m[1784834519.330] [15640:15642] [DMG] 		[0m
[0;34m[1784834519.330] [15640:15642] [DMG] 		AttributeReportIB =[0m
[0;34m[1784834519.330] [15640:15642] [DMG] 		{[0m
[0;34m[1784834519.330] [15640:15642] [DMG] 			AttributeDataIB =[0m
[0;34m[1784834519.330] [15640:15642] [DMG] 			{[0m
[0;34m[1784834519.330] [15640:15642] [DMG] 				DataVersion = 0xd4044d8f,[0m
[0;34m[1784834519.330] [15640:15642] [DMG] 				AttributePathIB =[0m
[0;34m[1784834519.330] [15640:15642] [DMG] 				{[0m
[0;34m[1784834519.330] [15640:15642] [DMG] 					Endpoint = 0x0,[0m
[0;34m[1784834519.330] [15640:15642] [DMG] 					Cluster = 0x31,[0m
[0;34m[1784834519.330] [15640:15642] [DMG] 					Attribute = 0x0000_FFFC,[0m
[0;34m[1784834519.330] [15640:15642] [DMG] 				}[0m
[0;34m[1784834519.330] [15640:15642] [DMG] 					[0m
[0;34m[1784834519.330] [15640:15642] [DMG] 				Data = 4 (unsigned), [0m
[0;34m[1784834519.330] [15640:15642] [DMG] 			},[0m
[0;34m[1784834519.330] [15640:15642] [DMG] 			[0m
[0;34m[1784834519.330] [15640:15642] [DMG] 		},[0m
[0;34m[1784834519.330] [15640:15642] [DMG] 		[0m
[0;34m[1784834519.330] [15640:15642] [DMG] 	],[0m
[0;34m[1784834519.330] [15640:15642] [DMG] 	[0m
[0;34m[1784834519.330] [15640:15642] [DMG] 	SuppressResponse = true, [0m
[0;34m[1784834519.330] [15640:15642] [DMG] 	InteractionModelRevision = 12[0m
[0;34m[1784834519.330] [15640:15642] [DMG] }[0m
[1;31m[1784834519.330] [15640:15642] [CTL] Ignoring failure to read IsCommissioningWithoutPower: src/app/ClusterStateCache.cpp:294: CHIP Error 0x000000CA: Interaction Model Error[0m
[0;32m[1784834519.330] [15640:15642] [CTL] NetworkCommissioning Features: has Ethernet. endpointid = 0[0m
[0;32m[1784834519.330] [15640:15642] [SVR] OnReadCommissioningInfo - vendorId=0xFFF1 productId=0x8001[0m
[0;32m[1784834519.330] [15640:15642] [SVR] OnReadCommissioningInfo ICD - IdleModeDuration=0 activeModeDuration=0 activeModeThreshold=0[0m
[0;32m[1784834519.330] [15640:15642] [CTL] Successfully finished commissioning step 'ReadCommissioningInfo'[0m
[0;32m[1784834519.330] [15640:15642] [CTL] Commissioning stage next step: 'ReadCommissioningInfo' -> 'ArmFailSafe'[0m
[0;32m[1784834519.330] [15640:15642] [CTL] Performing next commissioning step 'ArmFailSafe'[0m
[0;34m[1784834519.330] [15640:15642] [TOO] Starting commissioning stage 'ArmFailSafe'[0m
[0;32m[1784834519.330] [15640:15642] [CTL] Arming failsafe (60 seconds)[0m
[0;34m[1784834519.330] [15640:15642] [DMG] ICR moving to [AddingComm][0m
[0;34m[1784834519.330] [15640:15642] [DMG] ICR moving to [AddedComma][0m
[0;32m[1784834519.330] [15640:15642] [EM] <<< [E:39761i S:1291 M:106105361] (S) Msg TX from 0000000000000000 to 0:FFFFFFFB00000000 [0000] [UDP:[fe80::bfe:a203:38f0:bce7%enp0s3]:5540] --- Type 0001:08 (IM:InvokeCommandRequest) (B:65)[0m
[0;32m[1784834519.330] [15640:15642] [EM] ??1 [E:39761i S:1291 M:106105361] (S) Msg Retransmission to 0:FFFFFFFB00000000 scheduled for 409ms from now [State:Active II:500 AI:300 AT:4000][0m
[0;34m[1784834519.330] [15640:15642] [DMG] ICR moving to [AwaitingRe][0m
[0;32m[1784834519.330] [15640:15642] [EM] <<< [E:39760i S:1291 M:106105362 (Ack:139458412)] (S) Msg TX from 0000000000000000 to 0:FFFFFFFB00000000 [0000] [UDP:[fe80::bfe:a203:38f0:bce7%enp0s3]:5540] --- Type 0000:10 (SecureChannel:StandaloneAck) (B:34)[0m
[0;34m[1784834519.330] [15640:15642] [EM] Flushed pending ack for MessageCounter:139458412 on exchange 39760i[0m
[0;32m[1784834519.331] [15640:15642] [EM] >>> [E:39761i S:1291 M:139458413 (Ack:106105361)] (S) Msg RX from 0:FFFFFFFB00000000 [0000] to 0000000000000000 --- Type 0001:09 (IM:InvokeCommandResponse) (B:70)[0m
[0;34m[1784834519.331] [15640:15642] [EM] Found matching exchange: 39761i, Delegate: 0x76fef40382d8[0m
[0;34m[1784834519.331] [15640:15642] [EM] Rxd Ack; Removing MessageCounter:106105361 from Retrans Table on exchange 39761i[0m
[0;34m[1784834519.331] [15640:15642] [DMG] ICR moving to [ResponseRe][0m
[0;34m[1784834519.331] [15640:15642] [DMG] InvokeResponseMessage =[0m
[0;34m[1784834519.331] [15640:15642] [DMG] {[0m
[0;34m[1784834519.331] [15640:15642] [DMG] 	suppressResponse = false, [0m
[0;34m[1784834519.331] [15640:15642] [DMG] 	InvokeResponseIBs =[0m
[0;34m[1784834519.331] [15640:15642] [DMG] 	[[0m
[0;34m[1784834519.331] [15640:15642] [DMG] 		InvokeResponseIB =[0m
[0;34m[1784834519.331] [15640:15642] [DMG] 		{[0m
[0;34m[1784834519.331] [15640:15642] [DMG] 			CommandDataIB =[0m
[0;34m[1784834519.331] [15640:15642] [DMG] 			{[0m
[0;34m[1784834519.331] [15640:15642] [DMG] 				CommandPathIB =[0m
[0;34m[1784834519.331] [15640:15642] [DMG] 				{[0m
[0;34m[1784834519.331] [15640:15642] [DMG] 					EndpointId = 0x0,[0m
[0;34m[1784834519.331] [15640:15642] [DMG] 					ClusterId = 0x30,[0m
[0;34m[1784834519.331] [15640:15642] [DMG] 					CommandId = 0x1,[0m
[0;34m[1784834519.331] [15640:15642] [DMG] 				},[0m
[0;34m[1784834519.331] [15640:15642] [DMG] 				[0m
[0;34m[1784834519.331] [15640:15642] [DMG] 				CommandFields = [0m
[0;34m[1784834519.331] [15640:15642] [DMG] 				{[0m
[0;34m[1784834519.331] [15640:15642] [DMG] 					0x0 = 0 (unsigned), [0m
[0;34m[1784834519.331] [15640:15642] [DMG] 					0x1 = "" (0 chars), [0m
[0;34m[1784834519.331] [15640:15642] [DMG] 				},[0m
[0;34m[1784834519.331] [15640:15642] [DMG] 			},[0m
[0;34m[1784834519.331] [15640:15642] [DMG] 			[0m
[0;34m[1784834519.331] [15640:15642] [DMG] 		},[0m
[0;34m[1784834519.331] [15640:15642] [DMG] 		[0m
[0;34m[1784834519.331] [15640:15642] [DMG] 	],[0m
[0;34m[1784834519.331] [15640:15642] [DMG] 	[0m
[0;34m[1784834519.331] [15640:15642] [DMG] 	InteractionModelRevision = 12[0m
[0;34m[1784834519.331] [15640:15642] [DMG] },[0m
[0;32m[1784834519.331] [15640:15642] [DMG] Received Command Response Data, Endpoint=0 Cluster=0x0000_0030 Command=0x0000_0001[0m
[0;32m[1784834519.331] [15640:15642] [CTL] Received ArmFailSafe response errorCode=0[0m
[0;32m[1784834519.331] [15640:15642] [CTL] Successfully finished commissioning step 'ArmFailSafe'[0m
[0;32m[1784834519.331] [15640:15642] [CTL] Commissioning stage next step: 'ArmFailSafe' -> 'ConfigRegulatory'[0m
[0;32m[1784834519.331] [15640:15642] [CTL] Performing next commissioning step 'ConfigRegulatory'[0m
[0;34m[1784834519.331] [15640:15642] [TOO] Starting commissioning stage 'ConfigRegulatory'[0m
[0;32m[1784834519.331] [15640:15642] [CTL] Setting Regulatory Config[0m
[0;32m[1784834519.331] [15640:15642] [CTL] No regulatory config supplied by controller, leaving as device default (0)[0m
[0;34m[1784834519.331] [15640:15642] [DMG] ICR moving to [AddingComm][0m
[0;34m[1784834519.331] [15640:15642] [DMG] ICR moving to [AddedComma][0m
[0;32m[1784834519.331] [15640:15642] [EM] <<< [E:39762i S:1291 M:106105363] (S) Msg TX from 0000000000000000 to 0:FFFFFFFB00000000 [0000] [UDP:[fe80::bfe:a203:38f0:bce7%enp0s3]:5540] --- Type 0001:08 (IM:InvokeCommandRequest) (B:70)[0m
[0;32m[1784834519.331] [15640:15642] [EM] ??1 [E:39762i S:1291 M:106105363] (S) Msg Retransmission to 0:FFFFFFFB00000000 scheduled for 340ms from now [State:Active II:500 AI:300 AT:4000][0m
[0;34m[1784834519.331] [15640:15642] [DMG] ICR moving to [AwaitingRe][0m
[0;34m[1784834519.331] [15640:15642] [DMG] ICR moving to [AwaitingDe][0m
[0;32m[1784834519.331] [15640:15642] [EM] <<< [E:39761i S:1291 M:106105364 (Ack:139458413)] (S) Msg TX from 0000000000000000 to 0:FFFFFFFB00000000 [0000] [UDP:[fe80::bfe:a203:38f0:bce7%enp0s3]:5540] --- Type 0000:10 (SecureChannel:StandaloneAck) (B:34)[0m
[0;34m[1784834519.331] [15640:15642] [EM] Flushed pending ack for MessageCounter:139458413 on exchange 39761i[0m
[0;32m[1784834519.339] [15640:15642] [EM] >>> [E:39762i S:1291 M:139458414 (Ack:106105363)] (S) Msg RX from 0:FFFFFFFB00000000 [0000] to 0000000000000000 --- Type 0001:09 (IM:InvokeCommandResponse) (B:70)[0m
[0;34m[1784834519.339] [15640:15642] [EM] Found matching exchange: 39762i, Delegate: 0x76fef4035088[0m
[0;34m[1784834519.339] [15640:15642] [EM] Rxd Ack; Removing MessageCounter:106105363 from Retrans Table on exchange 39762i[0m
[0;34m[1784834519.339] [15640:15642] [DMG] ICR moving to [ResponseRe][0m
[0;34m[1784834519.340] [15640:15642] [DMG] InvokeResponseMessage =[0m
[0;34m[1784834519.340] [15640:15642] [DMG] {[0m
[0;34m[1784834519.340] [15640:15642] [DMG] 	suppressResponse = false, [0m
[0;34m[1784834519.340] [15640:15642] [DMG] 	InvokeResponseIBs =[0m
[0;34m[1784834519.340] [15640:15642] [DMG] 	[[0m
[0;34m[1784834519.340] [15640:15642] [DMG] 		InvokeResponseIB =[0m
[0;34m[1784834519.340] [15640:15642] [DMG] 		{[0m
[0;34m[1784834519.340] [15640:15642] [DMG] 			CommandDataIB =[0m
[0;34m[1784834519.340] [15640:15642] [DMG] 			{[0m
[0;34m[1784834519.340] [15640:15642] [DMG] 				CommandPathIB =[0m
[0;34m[1784834519.340] [15640:15642] [DMG] 				{[0m
[0;34m[1784834519.340] [15640:15642] [DMG] 					EndpointId = 0x0,[0m
[0;34m[1784834519.340] [15640:15642] [DMG] 					ClusterId = 0x30,[0m
[0;34m[1784834519.340] [15640:15642] [DMG] 					CommandId = 0x3,[0m
[0;34m[1784834519.340] [15640:15642] [DMG] 				},[0m
[0;34m[1784834519.340] [15640:15642] [DMG] 				[0m
[0;34m[1784834519.340] [15640:15642] [DMG] 				CommandFields = [0m
[0;34m[1784834519.340] [15640:15642] [DMG] 				{[0m
[0;34m[1784834519.340] [15640:15642] [DMG] 					0x0 = 0 (unsigned), [0m
[0;34m[1784834519.340] [15640:15642] [DMG] 					0x1 = "" (0 chars), [0m
[0;34m[1784834519.340] [15640:15642] [DMG] 				},[0m
[0;34m[1784834519.340] [15640:15642] [DMG] 			},[0m
[0;34m[1784834519.340] [15640:15642] [DMG] 			[0m
[0;34m[1784834519.340] [15640:15642] [DMG] 		},[0m
[0;34m[1784834519.340] [15640:15642] [DMG] 		[0m
[0;34m[1784834519.340] [15640:15642] [DMG] 	],[0m
[0;34m[1784834519.340] [15640:15642] [DMG] 	[0m
[0;34m[1784834519.340] [15640:15642] [DMG] 	InteractionModelRevision = 12[0m
[0;34m[1784834519.340] [15640:15642] [DMG] },[0m
[0;32m[1784834519.340] [15640:15642] [DMG] Received Command Response Data, Endpoint=0 Cluster=0x0000_0030 Command=0x0000_0003[0m
[0;32m[1784834519.340] [15640:15642] [CTL] Received SetRegulatoryConfig response errorCode=0[0m
[0;32m[1784834519.340] [15640:15642] [CTL] Successfully finished commissioning step 'ConfigRegulatory'[0m
[0;32m[1784834519.340] [15640:15642] [CTL] Commissioning stage next step: 'ConfigRegulatory' -> 'ConfigureTCAcknowledgments'[0m
[0;32m[1784834519.340] [15640:15642] [CTL] Performing next commissioning step 'ConfigureTCAcknowledgments'[0m
[0;34m[1784834519.340] [15640:15642] [TOO] Starting commissioning stage 'ConfigureTCAcknowledgments'[0m
[0;32m[1784834519.340] [15640:15642] [CTL] Setting Terms and Conditions[0m
[0;32m[1784834519.340] [15640:15642] [CTL] Setting Terms and Conditions: Skipped[0m
[0;32m[1784834519.340] [15640:15642] [CTL] Successfully finished commissioning step 'ConfigureTCAcknowledgments'[0m
[0;32m[1784834519.340] [15640:15642] [CTL] Commissioning stage next step: 'ConfigureTCAcknowledgments' -> 'ConfigureUTCTime'[0m
[0;32m[1784834519.340] [15640:15642] [CTL] Performing next commissioning step 'ConfigureUTCTime'[0m
[0;34m[1784834519.340] [15640:15642] [TOO] Starting commissioning stage 'ConfigureUTCTime'[0m
[0;34m[1784834519.340] [15640:15642] [DMG] ICR moving to [AddingComm][0m
[0;34m[1784834519.340] [15640:15642] [DMG] ICR moving to [AddedComma][0m
[0;32m[1784834519.340] [15640:15642] [EM] <<< [E:39763i S:1291 M:106105365] (S) Msg TX from 0000000000000000 to 0:FFFFFFFB00000000 [0000] [UDP:[fe80::bfe:a203:38f0:bce7%enp0s3]:5540] --- Type 0001:08 (IM:InvokeCommandRequest) (B:72)[0m
[0;32m[1784834519.340] [15640:15642] [EM] ??1 [E:39763i S:1291 M:106105365] (S) Msg Retransmission to 0:FFFFFFFB00000000 scheduled for 395ms from now [State:Active II:500 AI:300 AT:4000][0m
[0;34m[1784834519.340] [15640:15642] [DMG] ICR moving to [AwaitingRe][0m
[0;34m[1784834519.340] [15640:15642] [DMG] ICR moving to [AwaitingDe][0m
[0;32m[1784834519.340] [15640:15642] [EM] <<< [E:39762i S:1291 M:106105366 (Ack:139458414)] (S) Msg TX from 0000000000000000 to 0:FFFFFFFB00000000 [0000] [UDP:[fe80::bfe:a203:38f0:bce7%enp0s3]:5540] --- Type 0000:10 (SecureChannel:StandaloneAck) (B:34)[0m
[0;34m[1784834519.340] [15640:15642] [EM] Flushed pending ack for MessageCounter:139458414 on exchange 39762i[0m
[0;32m[1784834519.340] [15640:15642] [EM] >>> [E:39763i S:1291 M:139458415 (Ack:106105365)] (S) Msg RX from 0:FFFFFFFB00000000 [0000] to 0000000000000000 --- Type 0001:09 (IM:InvokeCommandResponse) (B:70)[0m
[0;34m[1784834519.340] [15640:15642] [EM] Found matching exchange: 39763i, Delegate: 0x76fef40382d8[0m
[0;34m[1784834519.340] [15640:15642] [EM] Rxd Ack; Removing MessageCounter:106105365 from Retrans Table on exchange 39763i[0m
[0;34m[1784834519.340] [15640:15642] [DMG] ICR moving to [ResponseRe][0m
[0;34m[1784834519.340] [15640:15642] [DMG] InvokeResponseMessage =[0m
[0;34m[1784834519.340] [15640:15642] [DMG] {[0m
[0;34m[1784834519.340] [15640:15642] [DMG] 	suppressResponse = false, [0m
[0;34m[1784834519.340] [15640:15642] [DMG] 	InvokeResponseIBs =[0m
[0;34m[1784834519.340] [15640:15642] [DMG] 	[[0m
[0;34m[1784834519.340] [15640:15642] [DMG] 		InvokeResponseIB =[0m
[0;34m[1784834519.340] [15640:15642] [DMG] 		{[0m
[0;34m[1784834519.340] [15640:15642] [DMG] 			CommandStatusIB =[0m
[0;34m[1784834519.340] [15640:15642] [DMG] 			{[0m
[0;34m[1784834519.340] [15640:15642] [DMG] 				CommandPathIB =[0m
[0;34m[1784834519.340] [15640:15642] [DMG] 				{[0m
[0;34m[1784834519.340] [15640:15642] [DMG] 					EndpointId = 0x0,[0m
[0;34m[1784834519.340] [15640:15642] [DMG] 					ClusterId = 0x38,[0m
[0;34m[1784834519.340] [15640:15642] [DMG] 					CommandId = 0x0,[0m
[0;34m[1784834519.340] [15640:15642] [DMG] 				},[0m
[0;34m[1784834519.340] [15640:15642] [DMG] 				[0m
[0;34m[1784834519.340] [15640:15642] [DMG] 				StatusIB =[0m
[0;34m[1784834519.340] [15640:15642] [DMG] 				{[0m
[0;34m[1784834519.340] [15640:15642] [DMG] 					status = 0x01 (FAILURE),[0m
[0;34m[1784834519.340] [15640:15642] [DMG] 					cluster-status = 0x2,[0m
[0;34m[1784834519.340] [15640:15642] [DMG] 				},[0m
[0;34m[1784834519.340] [15640:15642] [DMG] 				[0m
[0;34m[1784834519.340] [15640:15642] [DMG] 			},[0m
[0;34m[1784834519.340] [15640:15642] [DMG] 			[0m
[0;34m[1784834519.340] [15640:15642] [DMG] 		},[0m
[0;34m[1784834519.340] [15640:15642] [DMG] 		[0m
[0;34m[1784834519.340] [15640:15642] [DMG] 	],[0m
[0;34m[1784834519.340] [15640:15642] [DMG] 	[0m
[0;34m[1784834519.340] [15640:15642] [DMG] 	InteractionModelRevision = 12[0m
[0;34m[1784834519.340] [15640:15642] [DMG] },[0m
[0;32m[1784834519.340] [15640:15642] [DMG] Received Command Response Status for Endpoint=0 Cluster=0x0000_0038 Command=0x0000_0000 Status=0x1[0m
[0;32m[1784834519.340] [15640:15642] [CTL] Successfully finished commissioning step 'ConfigureUTCTime'[0m
[0;32m[1784834519.340] [15640:15642] [CTL] Commissioning stage next step: 'ConfigureUTCTime' -> 'SendPAICertificateRequest'[0m
[0;32m[1784834519.340] [15640:15642] [CTL] Performing next commissioning step 'SendPAICertificateRequest'[0m
[0;34m[1784834519.340] [15640:15642] [TOO] Starting commissioning stage 'SendPAICertificateRequest'[0m
[0;32m[1784834519.340] [15640:15642] [CTL] Sending request for PAI certificate[0m
[0;34m[1784834519.340] [15640:15642] [CTL] Sending Certificate Chain request to 0x76fef4033e20 device[0m
[0;34m[1784834519.340] [15640:15642] [DMG] ICR moving to [AddingComm][0m
[0;34m[1784834519.340] [15640:15642] [DMG] ICR moving to [AddedComma][0m
[0;32m[1784834519.340] [15640:15642] [EM] <<< [E:39764i S:1291 M:106105367] (S) Msg TX from 0000000000000000 to 0:FFFFFFFB00000000 [0000] [UDP:[fe80::bfe:a203:38f0:bce7%enp0s3]:5540] --- Type 0001:08 (IM:InvokeCommandRequest) (B:62)[0m
[0;32m[1784834519.340] [15640:15642] [EM] ??1 [E:39764i S:1291 M:106105367] (S) Msg Retransmission to 0:FFFFFFFB00000000 scheduled for 403ms from now [State:Active II:500 AI:300 AT:4000][0m
[0;34m[1784834519.340] [15640:15642] [DMG] ICR moving to [AwaitingRe][0m
[0;34m[1784834519.340] [15640:15642] [DMG] ICR moving to [AwaitingDe][0m
[0;32m[1784834519.340] [15640:15642] [EM] <<< [E:39763i S:1291 M:106105368 (Ack:139458415)] (S) Msg TX from 0000000000000000 to 0:FFFFFFFB00000000 [0000] [UDP:[fe80::bfe:a203:38f0:bce7%enp0s3]:5540] --- Type 0000:10 (SecureChannel:StandaloneAck) (B:34)[0m
[0;34m[1784834519.340] [15640:15642] [EM] Flushed pending ack for MessageCounter:139458415 on exchange 39763i[0m
[0;32m[1784834519.340] [15640:15642] [EM] >>> [E:39764i S:1291 M:139458416 (Ack:106105367)] (S) Msg RX from 0:FFFFFFFB00000000 [0000] to 0000000000000000 --- Type 0001:09 (IM:InvokeCommandResponse) (B:531)[0m
[0;34m[1784834519.340] [15640:15642] [EM] Found matching exchange: 39764i, Delegate: 0x76fef4035088[0m
[0;34m[1784834519.340] [15640:15642] [EM] Rxd Ack; Removing MessageCounter:106105367 from Retrans Table on exchange 39764i[0m
[0;34m[1784834519.340] [15640:15642] [DMG] ICR moving to [ResponseRe][0m
[0;34m[1784834519.340] [15640:15642] [DMG] InvokeResponseMessage =[0m
[0;34m[1784834519.340] [15640:15642] [DMG] {[0m
[0;34m[1784834519.340] [15640:15642] [DMG] 	suppressResponse = false, [0m
[0;34m[1784834519.340] [15640:15642] [DMG] 	InvokeResponseIBs =[0m
[0;34m[1784834519.340] [15640:15642] [DMG] 	[[0m
[0;34m[1784834519.340] [15640:15642] [DMG] 		InvokeResponseIB =[0m
[0;34m[1784834519.340] [15640:15642] [DMG] 		{[0m
[0;34m[1784834519.340] [15640:15642] [DMG] 			CommandDataIB =[0m
[0;34m[1784834519.340] [15640:15642] [DMG] 			{[0m
[0;34m[1784834519.340] [15640:15642] [DMG] 				CommandPathIB =[0m
[0;34m[1784834519.340] [15640:15642] [DMG] 				{[0m
[0;34m[1784834519.340] [15640:15642] [DMG] 					EndpointId = 0x0,[0m
[0;34m[1784834519.340] [15640:15642] [DMG] 					ClusterId = 0x3e,[0m
[0;34m[1784834519.340] [15640:15642] [DMG] 					CommandId = 0x3,[0m
[0;34m[1784834519.340] [15640:15642] [DMG] 				},[0m
[0;34m[1784834519.340] [15640:15642] [DMG] 				[0m
[0;34m[1784834519.340] [15640:15642] [DMG] 				CommandFields = [0m
[0;34m[1784834519.340] [15640:15642] [DMG] 				{[0m
[0;34m[1784834519.340] [15640:15642] [DMG] 					0x0 = [[0m
[0;34m[1784834519.341] [15640:15642] [DMG] 							0x30, 0x82, 0x01, 0xcb, 0x30, 0x82, 0x01, 0x71, 0xa0, 0x03, 0x02, 0x01, 0x02, 0x02, 0x08, 0x56, 0xad, 0x82, 0x22, 0xad, 0x94, 0x5b, 0x64, 0x30, 0x0a, 0x06, 0x08, 0x2a, 0x86, 0x48, 0xce, 0x3d, 0x04, 0x03, 0x02, 0x30, 0x30, 0x31, 0x18, 0x30, 0x16, 0x06, 0x03, 0x55, 0x04, 0x03, 0x0c, 0x0f, 0x4d, 0x61, 0x74, 0x74, 0x65, 0x72, 0x20, 0x54, 0x65, 0x73, 0x74, 0x20, 0x50, 0x41, 0x41, 0x31, 0x14, 0x30, 0x12, 0x06, 0x0a, 0x2b, 0x06, 0x01, 0x04, 0x01, 0x82, 0xa2, 0x7c, 0x02, 0x01, 0x0c, 0x04, 0x46, 0x46, 0x46, 0x31, 0x30, 0x20, 0x17, 0x0d, 0x32, 0x32, 0x30, 0x32, 0x30, 0x35, 0x30, 0x30, 0x30, 0x30, 0x30, 0x30, 0x5a, 0x18, 0x0f, 0x39, 0x39, 0x39, 0x39, 0x31, 0x32, 0x33, 0x31, 0x32, 0x33, 0x35, 0x39, 0x35, 0x39, 0x5a, 0x30, 0x3d, 0x31, 0x25, 0x30, 0x23, 0x06, 0x03, 0x55, 0x04, 0x03, 0x0c, 0x1c, 0x4d, 0x61, 0x74, 0x74, 0x65, 0x72, 0x20, 0x44, 0x65, 0x76, 0x20, 0x50, 0x41, 0x49, 0x20, 0x30, 0x78, 0x46, 0x46, 0x46, 0x31, 0x20, 0x6e, 0x6f, 0x20, 0x50, 0x49, 0x44, 0x31, 0x14, 0x30, 0x12, 0x06, 0x0a, 0x2b, 0x06, 0x01, 0x04, 0x01, 0x82, 0xa2, 0x7c, 0x02, 0x01, 0x0c, 0x04, 0x46, 0x46, 0x46, 0x31, 0x30, 0x59, 0x30, 0x13, 0x06, 0x07, 0x2a, 0x86, 0x48, 0xce, 0x3d, 0x02, 0x01, 0x06, 0x08, 0x2a, 0x86, 0x48, 0xce, 0x3d, 0x03, 0x01, 0x07, 0x03, 0x42, 0x00, 0x04, 0x41, 0x9a, 0x93, 0x15, 0xc2, 0x17, 0x3e, 0x0c, 0x8c, 0x87, 0x6d, 0x03, 0xcc, 0xfc, 0x94, 0x48, 0x52, 0x64, 0x7f, 0x7f, 0xec, 0x5e, 0x50, 0x82, 0xf4, 0x05, 0x99, 0x28, 0xec, 0xa8, 0x94, 0xc5, 0x94, 0x15, 0x13, 0x09, 0xac, 0x63, 0x1e, 0x4c, 0xb0, 0x33, 0x92, 0xaf, 0x68, 0x4b, 0x0b, 0xaf, 0xb7, 0xe6, 0x5b, 0x3b, 0x81, 0x62, 0xc2, 0xf5, 0x2b, 0xf9, 0x31, 0xb8, 0xe7, 0x7a, 0xaa, 0x82, 0xa3, 0x66, 0x30, 0x64, 0x30, 0x12, 0x06, 0x03, 0x55, 0x1d, 0x[0m
[0;34m[1784834519.341] [15640:15642] [DMG] 					] (463 bytes)[0m
[0;34m[1784834519.341] [15640:15642] [DMG] 				},[0m
[0;34m[1784834519.341] [15640:15642] [DMG] 			},[0m
[0;34m[1784834519.341] [15640:15642] [DMG] 			[0m
[0;34m[1784834519.341] [15640:15642] [DMG] 		},[0m
[0;34m[1784834519.341] [15640:15642] [DMG] 		[0m
[0;34m[1784834519.341] [15640:15642] [DMG] 	],[0m
[0;34m[1784834519.341] [15640:15642] [DMG] 	[0m
[0;34m[1784834519.341] [15640:15642] [DMG] 	InteractionModelRevision = 12[0m
[0;34m[1784834519.341] [15640:15642] [DMG] },[0m
[0;32m[1784834519.341] [15640:15642] [DMG] Received Command Response Data, Endpoint=0 Cluster=0x0000_003E Command=0x0000_0003[0m
[0;32m[1784834519.341] [15640:15642] [CTL] Received certificate chain from the device[0m
[0;32m[1784834519.341] [15640:15642] [CTL] Successfully finished commissioning step 'SendPAICertificateRequest'[0m
[0;32m[1784834519.341] [15640:15642] [CTL] Commissioning stage next step: 'SendPAICertificateRequest' -> 'SendDACCertificateRequest'[0m
[0;32m[1784834519.341] [15640:15642] [CTL] Performing next commissioning step 'SendDACCertificateRequest'[0m
[0;34m[1784834519.341] [15640:15642] [TOO] Starting commissioning stage 'SendDACCertificateRequest'[0m
[0;32m[1784834519.341] [15640:15642] [CTL] Sending request for DAC certificate[0m
[0;34m[1784834519.341] [15640:15642] [CTL] Sending Certificate Chain request to 0x76fef4033e20 device[0m
[0;34m[1784834519.341] [15640:15642] [DMG] ICR moving to [AddingComm][0m
[0;34m[1784834519.341] [15640:15642] [DMG] ICR moving to [AddedComma][0m
[0;32m[1784834519.341] [15640:15642] [EM] <<< [E:39765i S:1291 M:106105369] (S) Msg TX from 0000000000000000 to 0:FFFFFFFB00000000 [0000] [UDP:[fe80::bfe:a203:38f0:bce7%enp0s3]:5540] --- Type 0001:08 (IM:InvokeCommandRequest) (B:62)[0m
[0;32m[1784834519.341] [15640:15642] [EM] ??1 [E:39765i S:1291 M:106105369] (S) Msg Retransmission to 0:FFFFFFFB00000000 scheduled for 399ms from now [State:Active II:500 AI:300 AT:4000][0m
[0;34m[1784834519.341] [15640:15642] [DMG] ICR moving to [AwaitingRe][0m
[0;34m[1784834519.341] [15640:15642] [DMG] ICR moving to [AwaitingDe][0m
[0;32m[1784834519.341] [15640:15642] [EM] <<< [E:39764i S:1291 M:106105370 (Ack:139458416)] (S) Msg TX from 0000000000000000 to 0:FFFFFFFB00000000 [0000] [UDP:[fe80::bfe:a203:38f0:bce7%enp0s3]:5540] --- Type 0000:10 (SecureChannel:StandaloneAck) (B:34)[0m
[0;34m[1784834519.341] [15640:15642] [EM] Flushed pending ack for MessageCounter:139458416 on exchange 39764i[0m
[0;32m[1784834519.341] [15640:15642] [EM] >>> [E:39765i S:1291 M:139458417 (Ack:106105369)] (S) Msg RX from 0:FFFFFFFB00000000 [0000] to 0000000000000000 --- Type 0001:09 (IM:InvokeCommandResponse) (B:559)[0m
[0;34m[1784834519.341] [15640:15642] [EM] Found matching exchange: 39765i, Delegate: 0x76fef40382d8[0m
[0;34m[1784834519.341] [15640:15642] [EM] Rxd Ack; Removing MessageCounter:106105369 from Retrans Table on exchange 39765i[0m
[0;34m[1784834519.341] [15640:15642] [DMG] ICR moving to [ResponseRe][0m
[0;34m[1784834519.341] [15640:15642] [DMG] InvokeResponseMessage =[0m
[0;34m[1784834519.341] [15640:15642] [DMG] {[0m
[0;34m[1784834519.341] [15640:15642] [DMG] 	suppressResponse = false, [0m
[0;34m[1784834519.341] [15640:15642] [DMG] 	InvokeResponseIBs =[0m
[0;34m[1784834519.341] [15640:15642] [DMG] 	[[0m
[0;34m[1784834519.341] [15640:15642] [DMG] 		InvokeResponseIB =[0m
[0;34m[1784834519.341] [15640:15642] [DMG] 		{[0m
[0;34m[1784834519.341] [15640:15642] [DMG] 			CommandDataIB =[0m
[0;34m[1784834519.341] [15640:15642] [DMG] 			{[0m
[0;34m[1784834519.341] [15640:15642] [DMG] 				CommandPathIB =[0m
[0;34m[1784834519.341] [15640:15642] [DMG] 				{[0m
[0;34m[1784834519.341] [15640:15642] [DMG] 					EndpointId = 0x0,[0m
[0;34m[1784834519.341] [15640:15642] [DMG] 					ClusterId = 0x3e,[0m
[0;34m[1784834519.341] [15640:15642] [DMG] 					CommandId = 0x3,[0m
[0;34m[1784834519.341] [15640:15642] [DMG] 				},[0m
[0;34m[1784834519.341] [15640:15642] [DMG] 				[0m
[0;34m[1784834519.341] [15640:15642] [DMG] 				CommandFields = [0m
[0;34m[1784834519.341] [15640:15642] [DMG] 				{[0m
[0;34m[1784834519.341] [15640:15642] [DMG] 					0x0 = [[0m
[0;34m[1784834519.341] [15640:15642] [DMG] 							0x30, 0x82, 0x01, 0xe7, 0x30, 0x82, 0x01, 0x8e, 0xa0, 0x03, 0x02, 0x01, 0x02, 0x02, 0x08, 0x69, 0xcd, 0xf1, 0x0d, 0xe9, 0xe5, 0x4e, 0xd1, 0x30, 0x0a, 0x06, 0x08, 0x2a, 0x86, 0x48, 0xce, 0x3d, 0x04, 0x03, 0x02, 0x30, 0x3d, 0x31, 0x25, 0x30, 0x23, 0x06, 0x03, 0x55, 0x04, 0x03, 0x0c, 0x1c, 0x4d, 0x61, 0x74, 0x74, 0x65, 0x72, 0x20, 0x44, 0x65, 0x76, 0x20, 0x50, 0x41, 0x49, 0x20, 0x30, 0x78, 0x46, 0x46, 0x46, 0x31, 0x20, 0x6e, 0x6f, 0x20, 0x50, 0x49, 0x44, 0x31, 0x14, 0x30, 0x12, 0x06, 0x0a, 0x2b, 0x06, 0x01, 0x04, 0x01, 0x82, 0xa2, 0x7c, 0x02, 0x01, 0x0c, 0x04, 0x46, 0x46, 0x46, 0x31, 0x30, 0x20, 0x17, 0x0d, 0x32, 0x32, 0x30, 0x32, 0x30, 0x35, 0x30, 0x30, 0x30, 0x30, 0x30, 0x30, 0x5a, 0x18, 0x0f, 0x39, 0x39, 0x39, 0x39, 0x31, 0x32, 0x33, 0x31, 0x32, 0x33, 0x35, 0x39, 0x35, 0x39, 0x5a, 0x30, 0x53, 0x31, 0x25, 0x30, 0x23, 0x06, 0x03, 0x55, 0x04, 0x03, 0x0c, 0x1c, 0x4d, 0x61, 0x74, 0x74, 0x65, 0x72, 0x20, 0x44, 0x65, 0x76, 0x20, 0x44, 0x41, 0x43, 0x20, 0x30, 0x78, 0x46, 0x46, 0x46, 0x31, 0x2f, 0x30, 0x78, 0x38, 0x30, 0x30, 0x31, 0x31, 0x14, 0x30, 0x12, 0x06, 0x0a, 0x2b, 0x06, 0x01, 0x04, 0x01, 0x82, 0xa2, 0x7c, 0x02, 0x01, 0x0c, 0x04, 0x46, 0x46, 0x46, 0x31, 0x31, 0x14, 0x30, 0x12, 0x06, 0x0a, 0x2b, 0x06, 0x01, 0x04, 0x01, 0x82, 0xa2, 0x7c, 0x02, 0x02, 0x0c, 0x04, 0x38, 0x30, 0x30, 0x31, 0x30, 0x59, 0x30, 0x13, 0x06, 0x07, 0x2a, 0x86, 0x48, 0xce, 0x3d, 0x02, 0x01, 0x06, 0x08, 0x2a, 0x86, 0x48, 0xce, 0x3d, 0x03, 0x01, 0x07, 0x03, 0x42, 0x00, 0x04, 0x46, 0x3a, 0xc6, 0x93, 0x42, 0x91, 0x0a, 0x0e, 0x55, 0x88, 0xfc, 0x6f, 0xf5, 0x6b, 0xb6, 0x3e, 0x62, 0xec, 0xce, 0xcb, 0x14, 0x8f, 0x7d, 0x4e, 0xb0, 0x3e, 0xe5, 0x52, 0x60, 0x14, 0x15, 0x76, 0x7d, 0x16, 0xa5, 0xc6, 0x63, 0xf7, 0x93, 0x[0m
[0;34m[1784834519.341] [15640:15642] [DMG] 					] (491 bytes)[0m
[0;34m[1784834519.341] [15640:15642] [DMG] 				},[0m
[0;34m[1784834519.341] [15640:15642] [DMG] 			},[0m
[0;34m[1784834519.341] [15640:15642] [DMG] 			[0m
[0;34m[1784834519.341] [15640:15642] [DMG] 		},[0m
[0;34m[1784834519.341] [15640:15642] [DMG] 		[0m
[0;34m[1784834519.341] [15640:15642] [DMG] 	],[0m
[0;34m[1784834519.341] [15640:15642] [DMG] 	[0m
[0;34m[1784834519.341] [15640:15642] [DMG] 	InteractionModelRevision = 12[0m
[0;34m[1784834519.341] [15640:15642] [DMG] },[0m
[0;32m[1784834519.341] [15640:15642] [DMG] Received Command Response Data, Endpoint=0 Cluster=0x0000_003E Command=0x0000_0003[0m
[0;32m[1784834519.341] [15640:15642] [CTL] Received certificate chain from the device[0m
[0;32m[1784834519.341] [15640:15642] [CTL] Successfully finished commissioning step 'SendDACCertificateRequest'[0m
[0;32m[1784834519.341] [15640:15642] [CTL] Commissioning stage next step: 'SendDACCertificateRequest' -> 'SendAttestationRequest'[0m
[0;32m[1784834519.341] [15640:15642] [CTL] Performing next commissioning step 'SendAttestationRequest'[0m
[0;34m[1784834519.341] [15640:15642] [TOO] Starting commissioning stage 'SendAttestationRequest'[0m
[0;32m[1784834519.341] [15640:15642] [CTL] Sending Attestation Request to the device.[0m
[0;34m[1784834519.341] [15640:15642] [CTL] Sending Attestation request to 0x76fef4033e20 device[0m
[0;34m[1784834519.341] [15640:15642] [DMG] ICR moving to [AddingComm][0m
[0;34m[1784834519.341] [15640:15642] [DMG] ICR moving to [AddedComma][0m
[0;32m[1784834519.341] [15640:15642] [EM] <<< [E:39766i S:1291 M:106105371] (S) Msg TX from 0000000000000000 to 0:FFFFFFFB00000000 [0000] [UDP:[fe80::bfe:a203:38f0:bce7%enp0s3]:5540] --- Type 0001:08 (IM:InvokeCommandRequest) (B:94)[0m
[0;32m[1784834519.341] [15640:15642] [EM] ??1 [E:39766i S:1291 M:106105371] (S) Msg Retransmission to 0:FFFFFFFB00000000 scheduled for 374ms from now [State:Active II:500 AI:300 AT:4000][0m
[0;34m[1784834519.341] [15640:15642] [DMG] ICR moving to [AwaitingRe][0m
[0;34m[1784834519.341] [15640:15642] [CTL] Sent Attestation request, waiting for the Attestation Information[0m
[0;34m[1784834519.341] [15640:15642] [DMG] ICR moving to [AwaitingDe][0m
[0;32m[1784834519.341] [15640:15642] [EM] <<< [E:39765i S:1291 M:106105372 (Ack:139458417)] (S) Msg TX from 0000000000000000 to 0:FFFFFFFB00000000 [0000] [UDP:[fe80::bfe:a203:38f0:bce7%enp0s3]:5540] --- Type 0000:10 (SecureChannel:StandaloneAck) (B:34)[0m
[0;34m[1784834519.341] [15640:15642] [EM] Flushed pending ack for MessageCounter:139458417 on exchange 39765i[0m
[0;32m[1784834519.341] [15640:15642] [EM] >>> [E:39766i S:1291 M:139458418 (Ack:106105371)] (S) Msg RX from 0:FFFFFFFB00000000 [0000] to 0000000000000000 --- Type 0001:09 (IM:InvokeCommandResponse) (B:718)[0m
[0;34m[1784834519.341] [15640:15642] [EM] Found matching exchange: 39766i, Delegate: 0x76fef4035088[0m
[0;34m[1784834519.341] [15640:15642] [EM] Rxd Ack; Removing MessageCounter:106105371 from Retrans Table on exchange 39766i[0m
[0;34m[1784834519.341] [15640:15642] [DMG] ICR moving to [ResponseRe][0m
[0;34m[1784834519.341] [15640:15642] [DMG] InvokeResponseMessage =[0m
[0;34m[1784834519.341] [15640:15642] [DMG] {[0m
[0;34m[1784834519.341] [15640:15642] [DMG] 	suppressResponse = false, [0m
[0;34m[1784834519.341] [15640:15642] [DMG] 	InvokeResponseIBs =[0m
[0;34m[1784834519.341] [15640:15642] [DMG] 	[[0m
[0;34m[1784834519.341] [15640:15642] [DMG] 		InvokeResponseIB =[0m
[0;34m[1784834519.341] [15640:15642] [DMG] 		{[0m
[0;34m[1784834519.341] [15640:15642] [DMG] 			CommandDataIB =[0m
[0;34m[1784834519.341] [15640:15642] [DMG] 			{[0m
[0;34m[1784834519.341] [15640:15642] [DMG] 				CommandPathIB =[0m
[0;34m[1784834519.341] [15640:15642] [DMG] 				{[0m
[0;34m[1784834519.341] [15640:15642] [DMG] 					EndpointId = 0x0,[0m
[0;34m[1784834519.341] [15640:15642] [DMG] 					ClusterId = 0x3e,[0m
[0;34m[1784834519.341] [15640:15642] [DMG] 					CommandId = 0x1,[0m
[0;34m[1784834519.341] [15640:15642] [DMG] 				},[0m
[0;34m[1784834519.341] [15640:15642] [DMG] 				[0m
[0;34m[1784834519.341] [15640:15642] [DMG] 				CommandFields = [0m
[0;34m[1784834519.341] [15640:15642] [DMG] 				{[0m
[0;34m[1784834519.341] [15640:15642] [DMG] 					0x0 = [[0m
[0;34m[1784834519.341] [15640:15642] [DMG] 							0x15, 0x31, 0x01, 0x1b, 0x02, 0x30, 0x82, 0x02, 0x17, 0x06, 0x09, 0x2a, 0x86, 0x48, 0x86, 0xf7, 0x0d, 0x01, 0x07, 0x02, 0xa0, 0x82, 0x02, 0x08, 0x30, 0x82, 0x02, 0x04, 0x02, 0x01, 0x03, 0x31, 0x0d, 0x30, 0x0b, 0x06, 0x09, 0x60, 0x86, 0x48, 0x01, 0x65, 0x03, 0x04, 0x02, 0x01, 0x30, 0x82, 0x01, 0x70, 0x06, 0x09, 0x2a, 0x86, 0x48, 0x86, 0xf7, 0x0d, 0x01, 0x07, 0x01, 0xa0, 0x82, 0x01, 0x61, 0x04, 0x82, 0x01, 0x5d, 0x15, 0x24, 0x00, 0x01, 0x25, 0x01, 0xf1, 0xff, 0x36, 0x02, 0x05, 0x00, 0x80, 0x05, 0x01, 0x80, 0x05, 0x02, 0x80, 0x05, 0x03, 0x80, 0x05, 0x04, 0x80, 0x05, 0x05, 0x80, 0x05, 0x06, 0x80, 0x05, 0x07, 0x80, 0x05, 0x08, 0x80, 0x05, 0x09, 0x80, 0x05, 0x0a, 0x80, 0x05, 0x0b, 0x80, 0x05, 0x0c, 0x80, 0x05, 0x0d, 0x80, 0x05, 0x0e, 0x80, 0x05, 0x0f, 0x80, 0x05, 0x10, 0x80, 0x05, 0x11, 0x80, 0x05, 0x12, 0x80, 0x05, 0x13, 0x80, 0x05, 0x14, 0x80, 0x05, 0x15, 0x80, 0x05, 0x16, 0x80, 0x05, 0x17, 0x80, 0x05, 0x18, 0x80, 0x05, 0x19, 0x80, 0x05, 0x1a, 0x80, 0x05, 0x1b, 0x80, 0x05, 0x1c, 0x80, 0x05, 0x1d, 0x80, 0x05, 0x1e, 0x80, 0x05, 0x1f, 0x80, 0x05, 0x20, 0x80, 0x05, 0x21, 0x80, 0x05, 0x22, 0x80, 0x05, 0x23, 0x80, 0x05, 0x24, 0x80, 0x05, 0x25, 0x80, 0x05, 0x26, 0x80, 0x05, 0x27, 0x80, 0x05, 0x28, 0x80, 0x05, 0x29, 0x80, 0x05, 0x2a, 0x80, 0x05, 0x2b, 0x80, 0x05, 0x2c, 0x80, 0x05, 0x2d, 0x80, 0x05, 0x2e, 0x80, 0x05, 0x2f, 0x80, 0x05, 0x30, 0x80, 0x05, 0x31, 0x80, 0x05, 0x32, 0x80, 0x05, 0x33, 0x80, 0x05, 0x34, 0x80, 0x05, 0x35, 0x80, 0x05, 0x36, 0x80, 0x05, 0x37, 0x80, 0x05, 0x38, 0x80, 0x05, 0x39, 0x80, 0x05, 0x3a, 0x80, 0x05, 0x3b, 0x80, 0x05, 0x3c, 0x80, 0x05, 0x3d, 0x80, 0x05, 0x3e, 0x80, 0x05, 0x3f, 0x80, 0x05, 0x40, 0x80, 0x05, 0x41, 0x80, 0x05, 0x42, 0x80, 0x05, 0x43, 0x80, 0x[0m
[0;34m[1784834519.341] [15640:15642] [DMG] 					] (583 bytes)[0m
[0;34m[1784834519.341] [15640:15642] [DMG] 					0x1 = [[0m
[0;34m[1784834519.341] [15640:15642] [DMG] 							0xd1, 0x13, 0x67, 0xff, 0xf2, 0xc9, 0x43, 0x4b, 0x32, 0x3d, 0x2c, 0xfb, 0x1b, 0x9e, 0xd4, 0x55, 0x5e, 0x6b, 0x24, 0xa3, 0x02, 0xbc, 0x2b, 0xb0, 0x20, 0x5e, 0x71, 0x87, 0xbf, 0x2e, 0x3b, 0x3b, 0x36, 0x0a, 0x95, 0x77, 0x28, 0x66, 0xdd, 0x9f, 0xa7, 0x3a, 0x46, 0xaf, 0x94, 0x52, 0xbe, 0xec, 0xad, 0x4e, 0xf6, 0x43, 0x71, 0x59, 0xe0, 0xbf, 0xc3, 0x8d, 0xa4, 0x83, 0x68, 0x08, 0x15, 0x19, [0m
[0;34m[1784834519.341] [15640:15642] [DMG] 					] (64 bytes)[0m
[0;34m[1784834519.341] [15640:15642] [DMG] 				},[0m
[0;34m[1784834519.341] [15640:15642] [DMG] 			},[0m
[0;34m[1784834519.341] [15640:15642] [DMG] 			[0m
[0;34m[1784834519.341] [15640:15642] [DMG] 		},[0m
[0;34m[1784834519.341] [15640:15642] [DMG] 		[0m
[0;34m[1784834519.341] [15640:15642] [DMG] 	],[0m
[0;34m[1784834519.341] [15640:15642] [DMG] 	[0m
[0;34m[1784834519.341] [15640:15642] [DMG] 	InteractionModelRevision = 12[0m
[0;34m[1784834519.341] [15640:15642] [DMG] },[0m
[0;32m[1784834519.341] [15640:15642] [DMG] Received Command Response Data, Endpoint=0 Cluster=0x0000_003E Command=0x0000_0001[0m
[0;32m[1784834519.342] [15640:15642] [CTL] Received Attestation Information from the device[0m
[0;32m[1784834519.342] [15640:15642] [CTL] Successfully finished commissioning step 'SendAttestationRequest'[0m
[0;34m[1784834519.342] [15640:15642] [CTL] AutoCommissioner setting attestationElements buffer size 583/583[0m
[0;32m[1784834519.342] [15640:15642] [CTL] Commissioning stage next step: 'SendAttestationRequest' -> 'AttestationVerification'[0m
[0;32m[1784834519.342] [15640:15642] [CTL] Performing next commissioning step 'AttestationVerification'[0m
[0;34m[1784834519.342] [15640:15642] [TOO] Starting commissioning stage 'AttestationVerification'[0m
[0;32m[1784834519.342] [15640:15642] [CTL] Verifying Device Attestation information received from the device[0m
[0;32m[1784834519.344] [15640:15642] [-] Device candidate DAC chain details:[0m
[0;32m[1784834519.344] [15640:15642] [-] --> DAC's VID: 0xFFF1, PID: 0x8001[0m
[0;32m[1784834519.344] [15640:15642] [-] ==== DAC certificate considered (491 bytes) ====[0m
[0;32m[1784834519.344] [15640:15642] [-] -----BEGIN CERTIFICATE-----[0m
[0;32m[1784834519.344] [15640:15642] [-] MIIB5zCCAY6gAwIBAgIIac3xDenlTtEwCgYIKoZIzj0EAwIwPTElMCMGA1UEAwwc[0m
[0;32m[1784834519.344] [15640:15642] [-] TWF0dGVyIERldiBQQUkgMHhGRkYxIG5vIFBJRDEUMBIGCisGAQQBgqJ8AgEMBEZG[0m
[0;32m[1784834519.344] [15640:15642] [-] RjEwIBcNMjIwMjA1MDAwMDAwWhgPOTk5OTEyMzEyMzU5NTlaMFMxJTAjBgNVBAMM[0m
[0;32m[1784834519.344] [15640:15642] [-] HE1hdHRlciBEZXYgREFDIDB4RkZGMS8weDgwMDExFDASBgorBgEEAYKifAIBDARG[0m
[0;32m[1784834519.344] [15640:15642] [-] RkYxMRQwEgYKKwYBBAGConwCAgwEODAwMTBZMBMGByqGSM49AgEGCCqGSM49AwEH[0m
[0;32m[1784834519.344] [15640:15642] [-] A0IABEY6xpNCkQoOVYj8b/Vrtj5i7M7LFI99TrA+5VJgFBV2fRalxmP3k+SRIyYL[0m
[0;32m[1784834519.344] [15640:15642] [-] gpenzX58/HsxaznZjpDSk3dzjoKjYDBeMAwGA1UdEwEB/wQCMAAwDgYDVR0PAQH/[0m
[0;32m[1784834519.344] [15640:15642] [-] BAQDAgeAMB0GA1UdDgQWBBSI3eezADgpMs/3NMBGJIEPRBaKbzAfBgNVHSMEGDAW[0m
[0;32m[1784834519.344] [15640:15642] [-] gBRjVA5H9kscONE4hKRi0WwZXY/7PDAKBggqhkjOPQQDAgNHADBEAiABJ6J7S0Rh[0m
[0;32m[1784834519.344] [15640:15642] [-] DuL83E0reIVWNmC8D3bxchntagjfsrPBzQIga1ngr0Xz6yqFuRnTVzFSjGAoxBUj[0m
[0;32m[1784834519.344] [15640:15642] [-] lUXhCOTlTnCXE1M=[0m
[0;32m[1784834519.344] [15640:15642] [-] -----END CERTIFICATE-----[0m
[0;32m[1784834519.345] [15640:15642] [-] --> DAC certificate SKID: 88:DD:E7:B3:00:38:29:32:CF:F7:34:C0:46:24:81:0F:44:16:8A:6F[0m
[0;32m[1784834519.345] [15640:15642] [-] --> DAC certificate AKID: 63:54:0E:47:F6:4B:1C:38:D1:38:84:A4:62:D1:6C:19:5D:8F:FB:3C[0m
[0;32m[1784834519.345] [15640:15642] [-] ==== PAI certificate considered (463 bytes) ====[0m
[0;32m[1784834519.345] [15640:15642] [-] -----BEGIN CERTIFICATE-----[0m
[0;32m[1784834519.345] [15640:15642] [-] MIIByzCCAXGgAwIBAgIIVq2CIq2UW2QwCgYIKoZIzj0EAwIwMDEYMBYGA1UEAwwP[0m
[0;32m[1784834519.345] [15640:15642] [-] TWF0dGVyIFRlc3QgUEFBMRQwEgYKKwYBBAGConwCAQwERkZGMTAgFw0yMjAyMDUw[0m
[0;32m[1784834519.345] [15640:15642] [-] MDAwMDBaGA85OTk5MTIzMTIzNTk1OVowPTElMCMGA1UEAwwcTWF0dGVyIERldiBQ[0m
[0;32m[1784834519.345] [15640:15642] [-] QUkgMHhGRkYxIG5vIFBJRDEUMBIGCisGAQQBgqJ8AgEMBEZGRjEwWTATBgcqhkjO[0m
[0;32m[1784834519.345] [15640:15642] [-] PQIBBggqhkjOPQMBBwNCAARBmpMVwhc+DIyHbQPM/JRIUmR/f+xeUIL0BZko7KiU[0m
[0;32m[1784834519.345] [15640:15642] [-] xZQVEwmsYx5MsDOSr2hLC6+35ls7gWLC9Sv5MbjneqqCo2YwZDASBgNVHRMBAf8E[0m
[0;32m[1784834519.345] [15640:15642] [-] CDAGAQH/AgEAMA4GA1UdDwEB/wQEAwIBBjAdBgNVHQ4EFgQUY1QOR/ZLHDjROISk[0m
[0;32m[1784834519.345] [15640:15642] [-] YtFsGV2P+zwwHwYDVR0jBBgwFoAUav0idx9RH+y/FkGXZxDc3DGhcX4wCgYIKoZI[0m
[0;32m[1784834519.345] [15640:15642] [-] zj0EAwIDSAAwRQIhALLvJ/Sa6bUPuR7qyUxNC9u415KcbLiPrOUpNo0SBUwMAiBl[0m
[0;32m[1784834519.345] [15640:15642] [-] Xckrhr2QmIKmxiF3uCXX0F7b58Ivn+pxIg5+pwP4kQ==[0m
[0;32m[1784834519.345] [15640:15642] [-] -----END CERTIFICATE-----[0m
[0;32m[1784834519.345] [15640:15642] [-] --> PAI certificate SKID: 63:54:0E:47:F6:4B:1C:38:D1:38:84:A4:62:D1:6C:19:5D:8F:FB:3C[0m
[0;32m[1784834519.345] [15640:15642] [-] --> PAI certificate AKID: 6A:FD:22:77:1F:51:1F:EC:BF:16:41:97:67:10:DC:DC:31:A1:71:7E[0m
[0;32m[1784834519.347] [15640:15642] [-] ==== PAA certificate considered (449 bytes) ====[0m
[0;32m[1784834519.347] [15640:15642] [-] -----BEGIN CERTIFICATE-----[0m
[0;32m[1784834519.347] [15640:15642] [-] MIIBvTCCAWSgAwIBAgIITqjoMYLUHBwwCgYIKoZIzj0EAwIwMDEYMBYGA1UEAwwP[0m
[0;32m[1784834519.347] [15640:15642] [-] TWF0dGVyIFRlc3QgUEFBMRQwEgYKKwYBBAGConwCAQwERkZGMTAgFw0yMTA2Mjgx[0m
[0;32m[1784834519.347] [15640:15642] [-] NDIzNDNaGA85OTk5MTIzMTIzNTk1OVowMDEYMBYGA1UEAwwPTWF0dGVyIFRlc3Qg[0m
[0;32m[1784834519.347] [15640:15642] [-] UEFBMRQwEgYKKwYBBAGConwCAQwERkZGMTBZMBMGByqGSM49AgEGCCqGSM49AwEH[0m
[0;32m[1784834519.347] [15640:15642] [-] A0IABLbLY3KIfyko9brIGqnZOuJDHK2p154kL2UXfvnO2TKijs0Duq9qj8oYShpQ[0m
[0;32m[1784834519.347] [15640:15642] [-] NUKWDUU/MD8fGUIddR6Pjxqam3WjZjBkMBIGA1UdEwEB/wQIMAYBAf8CAQEwDgYD[0m
[0;32m[1784834519.347] [15640:15642] [-] VR0PAQH/BAQDAgEGMB0GA1UdDgQWBBRq/SJ3H1Ef7L8WQZdnENzcMaFxfjAfBgNV[0m
[0;32m[1784834519.347] [15640:15642] [-] HSMEGDAWgBRq/SJ3H1Ef7L8WQZdnENzcMaFxfjAKBggqhkjOPQQDAgNHADBEAiBQ[0m
[0;32m[1784834519.347] [15640:15642] [-] qoAC9NkyqaAFOPZTaK0P/8jvu8m+t9pWmDXPmqdRDgIgI7rI/g8j51RFtlM5CBpH[0m
[0;32m[1784834519.347] [15640:15642] [-] mUkpxyqvChVI1A0DTVFLJd4=[0m
[0;32m[1784834519.347] [15640:15642] [-] -----END CERTIFICATE-----[0m
[0;32m[1784834519.347] [15640:15642] [-] --> PAA certificate SKID: 6A:FD:22:77:1F:51:1F:EC:BF:16:41:97:67:10:DC:DC:31:A1:71:7E[0m
[0;32m[1784834519.347] [15640:15642] [-] --> PAA certificate AKID: 6A:FD:22:77:1F:51:1F:EC:BF:16:41:97:67:10:DC:DC:31:A1:71:7E[0m
[0;32m[1784834519.349] [15640:15642] [-] CD signing key identifier: FE:34:3F:95:99:47:76:3B:61:EE:45:39:13:13:38:49:4F:E6:7D:8E[0m
[0;32m[1784834519.349] [15640:15642] [-] Certification type 0[0m
[0;32m[1784834519.349] [15640:15642] [-] Device certification declaration details:[0m
[0;32m[1784834519.349] [15640:15642] [-] --> VID: 0xFFF1[0m
[0;32m[1784834519.349] [15640:15642] [-] --> Device type ID: 0x0000_0016[0m
[0;32m[1784834519.349] [15640:15642] [-] --> Certification type: 0 (Development and testing)[0m
[0;32m[1784834519.349] [15640:15642] [CTL] Successfully finished commissioning step 'AttestationVerification'[0m
[0;32m[1784834519.349] [15640:15642] [CTL] Commissioning stage next step: 'AttestationVerification' -> 'AttestationRevocationCheck'[0m
[0;32m[1784834519.349] [15640:15642] [CTL] Performing next commissioning step 'AttestationRevocationCheck'[0m
[0;34m[1784834519.349] [15640:15642] [TOO] Starting commissioning stage 'AttestationRevocationCheck'[0m
[0;32m[1784834519.349] [15640:15642] [CTL] Verifying the device's DAC chain revocation status[0m
[0;32m[1784834519.349] [15640:15642] [-] WARNING: No revocation delegate available. Revocation checks will be skipped![0m
[0;32m[1784834519.349] [15640:15642] [CTL] Successfully validated 'Attestation Information' command received from the device.[0m
[0;32m[1784834519.349] [15640:15642] [CTL] Successfully finished commissioning step 'AttestationRevocationCheck'[0m
[0;32m[1784834519.349] [15640:15642] [CTL] Commissioning stage next step: 'AttestationRevocationCheck' -> 'SendOpCertSigningRequest'[0m
[0;32m[1784834519.349] [15640:15642] [CTL] Performing next commissioning step 'SendOpCertSigningRequest'[0m
[0;34m[1784834519.349] [15640:15642] [TOO] Starting commissioning stage 'SendOpCertSigningRequest'[0m
[0;34m[1784834519.349] [15640:15642] [CTL] Sending CSR request to 0x76fef4033e20 device[0m
[0;34m[1784834519.349] [15640:15642] [DMG] ICR moving to [AddingComm][0m
[0;34m[1784834519.349] [15640:15642] [DMG] ICR moving to [AddedComma][0m
[0;32m[1784834519.349] [15640:15642] [EM] <<< [E:39767i S:1291 M:106105373] (S) Msg TX from 0000000000000000 to 0:FFFFFFFB00000000 [0000] [UDP:[fe80::bfe:a203:38f0:bce7%enp0s3]:5540] --- Type 0001:08 (IM:InvokeCommandRequest) (B:94)[0m
[0;32m[1784834519.349] [15640:15642] [EM] ??1 [E:39767i S:1291 M:106105373] (S) Msg Retransmission to 0:FFFFFFFB00000000 scheduled for 390ms from now [State:Active II:500 AI:300 AT:4000][0m
[0;34m[1784834519.349] [15640:15642] [DMG] ICR moving to [AwaitingRe][0m
[0;34m[1784834519.349] [15640:15642] [CTL] Sent CSR request, waiting for the CSR[0m
[0;34m[1784834519.349] [15640:15642] [DMG] ICR moving to [AwaitingDe][0m
[0;32m[1784834519.349] [15640:15642] [EM] <<< [E:39766i S:1291 M:106105374 (Ack:139458418)] (S) Msg TX from 0000000000000000 to 0:FFFFFFFB00000000 [0000] [UDP:[fe80::bfe:a203:38f0:bce7%enp0s3]:5540] --- Type 0000:10 (SecureChannel:StandaloneAck) (B:34)[0m
[0;34m[1784834519.349] [15640:15642] [EM] Flushed pending ack for MessageCounter:139458418 on exchange 39766i[0m
[0;32m[1784834519.350] [15640:15642] [EM] >>> [E:39767i S:1291 M:139458419 (Ack:106105373)] (S) Msg RX from 0:FFFFFFFB00000000 [0000] to 0000000000000000 --- Type 0001:09 (IM:InvokeCommandResponse) (B:377)[0m
[0;34m[1784834519.350] [15640:15642] [EM] Found matching exchange: 39767i, Delegate: 0x76fef40382d8[0m
[0;34m[1784834519.350] [15640:15642] [EM] Rxd Ack; Removing MessageCounter:106105373 from Retrans Table on exchange 39767i[0m
[0;34m[1784834519.350] [15640:15642] [DMG] ICR moving to [ResponseRe][0m
[0;34m[1784834519.350] [15640:15642] [DMG] InvokeResponseMessage =[0m
[0;34m[1784834519.350] [15640:15642] [DMG] {[0m
[0;34m[1784834519.350] [15640:15642] [DMG] 	suppressResponse = false, [0m
[0;34m[1784834519.350] [15640:15642] [DMG] 	InvokeResponseIBs =[0m
[0;34m[1784834519.350] [15640:15642] [DMG] 	[[0m
[0;34m[1784834519.350] [15640:15642] [DMG] 		InvokeResponseIB =[0m
[0;34m[1784834519.350] [15640:15642] [DMG] 		{[0m
[0;34m[1784834519.350] [15640:15642] [DMG] 			CommandDataIB =[0m
[0;34m[1784834519.350] [15640:15642] [DMG] 			{[0m
[0;34m[1784834519.350] [15640:15642] [DMG] 				CommandPathIB =[0m
[0;34m[1784834519.350] [15640:15642] [DMG] 				{[0m
[0;34m[1784834519.350] [15640:15642] [DMG] 					EndpointId = 0x0,[0m
[0;34m[1784834519.350] [15640:15642] [DMG] 					ClusterId = 0x3e,[0m
[0;34m[1784834519.350] [15640:15642] [DMG] 					CommandId = 0x5,[0m
[0;34m[1784834519.350] [15640:15642] [DMG] 				},[0m
[0;34m[1784834519.350] [15640:15642] [DMG] 				[0m
[0;34m[1784834519.350] [15640:15642] [DMG] 				CommandFields = [0m
[0;34m[1784834519.350] [15640:15642] [DMG] 				{[0m
[0;34m[1784834519.350] [15640:15642] [DMG] 					0x0 = [[0m
[0;34m[1784834519.350] [15640:15642] [DMG] 							0x15, 0x30, 0x01, 0xcb, 0x30, 0x81, 0xc8, 0x30, 0x70, 0x02, 0x01, 0x00, 0x30, 0x0e, 0x31, 0x0c, 0x30, 0x0a, 0x06, 0x03, 0x55, 0x04, 0x0a, 0x0c, 0x03, 0x43, 0x53, 0x52, 0x30, 0x59, 0x30, 0x13, 0x06, 0x07, 0x2a, 0x86, 0x48, 0xce, 0x3d, 0x02, 0x01, 0x06, 0x08, 0x2a, 0x86, 0x48, 0xce, 0x3d, 0x03, 0x01, 0x07, 0x03, 0x42, 0x00, 0x04, 0xb1, 0x45, 0x80, 0xf4, 0xc0, 0xaa, 0x80, 0xc1, 0xbe, 0xd6, 0x60, 0x70, 0x41, 0x83, 0xf8, 0xf9, 0xf1, 0x78, 0xc2, 0xd9, 0x24, 0x37, 0xab, 0x96, 0xdf, 0x24, 0x6d, 0x87, 0x3d, 0x89, 0xc0, 0xa6, 0xf7, 0x87, 0x17, 0x59, 0xf0, 0x24, 0x91, 0x18, 0x06, 0x7e, 0xdb, 0x9f, 0x75, 0x6e, 0x6f, 0xeb, 0x99, 0x1e, 0xfc, 0x64, 0xea, 0x17, 0x53, 0x70, 0xa6, 0x83, 0x3a, 0xe1, 0x34, 0x91, 0x96, 0x24, 0xa0, 0x00, 0x30, 0x0a, 0x06, 0x08, 0x2a, 0x86, 0x48, 0xce, 0x3d, 0x04, 0x03, 0x02, 0x03, 0x48, 0x00, 0x30, 0x45, 0x02, 0x20, 0x78, 0xc2, 0x54, 0xd2, 0x2b, 0xbb, 0xd7, 0xf1, 0x05, 0x70, 0xb5, 0xb4, 0xac, 0x4e, 0x28, 0x10, 0x96, 0x33, 0x0c, 0xc9, 0xd2, 0x61, 0xa7, 0x4c, 0x09, 0x9d, 0xe5, 0x18, 0xb7, 0xa8, 0x57, 0x0b, 0x02, 0x21, 0x00, 0xc6, 0xa0, 0x5b, 0x0a, 0x9d, 0x57, 0x03, 0xed, 0x74, 0x43, 0x8a, 0x04, 0xf4, 0x2b, 0xb5, 0x7a, 0xf6, 0xfb, 0xa6, 0xdc, 0xfb, 0x29, 0xa3, 0xf5, 0xd8, 0x47, 0xce, 0xb2, 0x5c, 0xbe, 0x07, 0x6f, 0x30, 0x02, 0x20, 0x6b, 0x23, 0xc3, 0x30, 0xad, 0x8f, 0x1b, 0x93, 0xf5, 0x92, 0x46, 0x40, 0x14, 0x96, 0x05, 0x88, 0xe3, 0x92, 0xe3, 0x73, 0x04, 0xf3, 0xae, 0x09, 0x0b, 0x69, 0x26, 0x5d, 0x8d, 0x6d, 0x46, 0x32, 0x18, [0m
[0;34m[1784834519.350] [15640:15642] [DMG] 					] (243 bytes)[0m
[0;34m[1784834519.350] [15640:15642] [DMG] 					0x1 = [[0m
[0;34m[1784834519.350] [15640:15642] [DMG] 							0x7e, 0x96, 0xc8, 0xe7, 0x79, 0xac, 0xee, 0xb3, 0xf9, 0x1d, 0xd1, 0xcc, 0xfd, 0x95, 0x0a, 0x99, 0x2a, 0x6e, 0x09, 0x11, 0x60, 0x3a, 0x88, 0xcb, 0x89, 0x99, 0x82, 0xf1, 0x96, 0x94, 0x50, 0x35, 0x0b, 0xb4, 0xf1, 0xc5, 0x5c, 0xe1, 0x14, 0x4c, 0xb7, 0x9b, 0x2a, 0xda, 0x0c, 0x99, 0x47, 0xa5, 0x2f, 0x73, 0x57, 0xd1, 0xeb, 0x94, 0x45, 0xd6, 0xe6, 0x38, 0x1c, 0x2b, 0x39, 0xa4, 0xaf, 0x32, [0m
[0;34m[1784834519.350] [15640:15642] [DMG] 					] (64 bytes)[0m
[0;34m[1784834519.350] [15640:15642] [DMG] 				},[0m
[0;34m[1784834519.350] [15640:15642] [DMG] 			},[0m
[0;34m[1784834519.350] [15640:15642] [DMG] 			[0m
[0;34m[1784834519.350] [15640:15642] [DMG] 		},[0m
[0;34m[1784834519.350] [15640:15642] [DMG] 		[0m
[0;34m[1784834519.350] [15640:15642] [DMG] 	],[0m
[0;34m[1784834519.350] [15640:15642] [DMG] 	[0m
[0;34m[1784834519.350] [15640:15642] [DMG] 	InteractionModelRevision = 12[0m
[0;34m[1784834519.350] [15640:15642] [DMG] },[0m
[0;32m[1784834519.350] [15640:15642] [DMG] Received Command Response Data, Endpoint=0 Cluster=0x0000_003E Command=0x0000_0005[0m
[0;32m[1784834519.350] [15640:15642] [CTL] Received certificate signing request from the device[0m
[0;32m[1784834519.350] [15640:15642] [CTL] Successfully finished commissioning step 'SendOpCertSigningRequest'[0m
[0;32m[1784834519.350] [15640:15642] [CTL] Commissioning stage next step: 'SendOpCertSigningRequest' -> 'ValidateCSR'[0m
[0;32m[1784834519.350] [15640:15642] [CTL] Performing next commissioning step 'ValidateCSR'[0m
[0;34m[1784834519.350] [15640:15642] [TOO] Starting commissioning stage 'ValidateCSR'[0m
[0;32m[1784834519.351] [15640:15642] [CTL] Successfully finished commissioning step 'ValidateCSR'[0m
[0;32m[1784834519.351] [15640:15642] [CTL] Commissioning stage next step: 'ValidateCSR' -> 'GenerateNOCChain'[0m
[0;32m[1784834519.351] [15640:15642] [CTL] Performing next commissioning step 'GenerateNOCChain'[0m
[0;34m[1784834519.351] [15640:15642] [TOO] Starting commissioning stage 'GenerateNOCChain'[0m
[0;32m[1784834519.351] [15640:15642] [CTL] Getting certificate chain for the device from the issuer[0m
[0;32m[1784834519.351] [15640:15642] [CTL] Verifying Certificate Signing Request[0m
[0;32m[1784834519.352] [15640:15642] [CTL] Generating NOC[0m
[0;32m[1784834519.352] [15640:15642] [CTL] Providing certificate chain to the commissioner[0m
[0;32m[1784834519.352] [15640:15642] [CTL] Received callback from the CA for NOC Chain generation. Status: Success[0m
[0;32m[1784834519.352] [15640:15642] [CTL] Successfully finished commissioning step 'GenerateNOCChain'[0m
[0;32m[1784834519.352] [15640:15642] [CTL] Performing next commissioning step 'SendTrustedRootCert'[0m
[0;34m[1784834519.352] [15640:15642] [TOO] Starting commissioning stage 'SendTrustedRootCert'[0m
[0;32m[1784834519.352] [15640:15642] [CTL] Sending root certificate to the device[0m
[0;34m[1784834519.352] [15640:15642] [DMG] ICR moving to [AddingComm][0m
[0;34m[1784834519.352] [15640:15642] [DMG] ICR moving to [AddedComma][0m
[0;32m[1784834519.352] [15640:15642] [EM] <<< [E:39768i S:1291 M:106105375] (S) Msg TX from 0000000000000000 to 0:FFFFFFFB00000000 [0000] [UDP:[fe80::bfe:a203:38f0:bce7%enp0s3]:5540] --- Type 0001:08 (IM:InvokeCommandRequest) (B:293)[0m
[0;32m[1784834519.352] [15640:15642] [EM] ??1 [E:39768i S:1291 M:106105375] (S) Msg Retransmission to 0:FFFFFFFB00000000 scheduled for 409ms from now [State:Active II:500 AI:300 AT:4000][0m
[0;34m[1784834519.352] [15640:15642] [DMG] ICR moving to [AwaitingRe][0m
[0;32m[1784834519.352] [15640:15642] [CTL] Sent root certificate to the device[0m
[0;34m[1784834519.352] [15640:15642] [DMG] ICR moving to [AwaitingDe][0m
[0;32m[1784834519.352] [15640:15642] [EM] <<< [E:39767i S:1291 M:106105376 (Ack:139458419)] (S) Msg TX from 0000000000000000 to 0:FFFFFFFB00000000 [0000] [UDP:[fe80::bfe:a203:38f0:bce7%enp0s3]:5540] --- Type 0000:10 (SecureChannel:StandaloneAck) (B:34)[0m
[0;34m[1784834519.352] [15640:15642] [EM] Flushed pending ack for MessageCounter:139458419 on exchange 39767i[0m
[0;32m[1784834519.353] [15640:15642] [EM] >>> [E:39768i S:1291 M:139458420 (Ack:106105375)] (S) Msg RX from 0:FFFFFFFB00000000 [0000] to 0000000000000000 --- Type 0001:09 (IM:InvokeCommandResponse) (B:67)[0m
[0;34m[1784834519.353] [15640:15642] [EM] Found matching exchange: 39768i, Delegate: 0x76fef4035088[0m
[0;34m[1784834519.353] [15640:15642] [EM] Rxd Ack; Removing MessageCounter:106105375 from Retrans Table on exchange 39768i[0m
[0;34m[1784834519.353] [15640:15642] [DMG] ICR moving to [ResponseRe][0m
[0;34m[1784834519.353] [15640:15642] [DMG] InvokeResponseMessage =[0m
[0;34m[1784834519.353] [15640:15642] [DMG] {[0m
[0;34m[1784834519.353] [15640:15642] [DMG] 	suppressResponse = false, [0m
[0;34m[1784834519.353] [15640:15642] [DMG] 	InvokeResponseIBs =[0m
[0;34m[1784834519.353] [15640:15642] [DMG] 	[[0m
[0;34m[1784834519.353] [15640:15642] [DMG] 		InvokeResponseIB =[0m
[0;34m[1784834519.353] [15640:15642] [DMG] 		{[0m
[0;34m[1784834519.353] [15640:15642] [DMG] 			CommandStatusIB =[0m
[0;34m[1784834519.353] [15640:15642] [DMG] 			{[0m
[0;34m[1784834519.353] [15640:15642] [DMG] 				CommandPathIB =[0m
[0;34m[1784834519.353] [15640:15642] [DMG] 				{[0m
[0;34m[1784834519.353] [15640:15642] [DMG] 					EndpointId = 0x0,[0m
[0;34m[1784834519.353] [15640:15642] [DMG] 					ClusterId = 0x3e,[0m
[0;34m[1784834519.353] [15640:15642] [DMG] 					CommandId = 0xb,[0m
[0;34m[1784834519.353] [15640:15642] [DMG] 				},[0m
[0;34m[1784834519.353] [15640:15642] [DMG] 				[0m
[0;34m[1784834519.353] [15640:15642] [DMG] 				StatusIB =[0m
[0;34m[1784834519.353] [15640:15642] [DMG] 				{[0m
[0;34m[1784834519.353] [15640:15642] [DMG] 					status = 0x00 (SUCCESS),[0m
[0;34m[1784834519.353] [15640:15642] [DMG] 				},[0m
[0;34m[1784834519.353] [15640:15642] [DMG] 				[0m
[0;34m[1784834519.353] [15640:15642] [DMG] 			},[0m
[0;34m[1784834519.353] [15640:15642] [DMG] 			[0m
[0;34m[1784834519.353] [15640:15642] [DMG] 		},[0m
[0;34m[1784834519.353] [15640:15642] [DMG] 		[0m
[0;34m[1784834519.353] [15640:15642] [DMG] 	],[0m
[0;34m[1784834519.353] [15640:15642] [DMG] 	[0m
[0;34m[1784834519.353] [15640:15642] [DMG] 	InteractionModelRevision = 12[0m
[0;34m[1784834519.353] [15640:15642] [DMG] },[0m
[0;32m[1784834519.353] [15640:15642] [DMG] Received Command Response Status for Endpoint=0 Cluster=0x0000_003E Command=0x0000_000B Status=0x0[0m
[0;32m[1784834519.353] [15640:15642] [CTL] Device confirmed that it has received the root certificate[0m
[0;32m[1784834519.353] [15640:15642] [CTL] Successfully finished commissioning step 'SendTrustedRootCert'[0m
[0;32m[1784834519.353] [15640:15642] [CTL] Commissioning stage next step: 'SendTrustedRootCert' -> 'SendNOC'[0m
[0;32m[1784834519.353] [15640:15642] [CTL] Performing next commissioning step 'SendNOC'[0m
[0;34m[1784834519.353] [15640:15642] [TOO] Starting commissioning stage 'SendNOC'[0m
[0;34m[1784834519.353] [15640:15642] [DMG] ICR moving to [AddingComm][0m
[0;34m[1784834519.353] [15640:15642] [DMG] ICR moving to [AddedComma][0m
[0;32m[1784834519.353] [15640:15642] [EM] <<< [E:39769i S:1291 M:106105377] (S) Msg TX from 0000000000000000 to 0:FFFFFFFB00000000 [0000] [UDP:[fe80::bfe:a203:38f0:bce7%enp0s3]:5540] --- Type 0001:08 (IM:InvokeCommandRequest) (B:566)[0m
[0;32m[1784834519.353] [15640:15642] [EM] ??1 [E:39769i S:1291 M:106105377] (S) Msg Retransmission to 0:FFFFFFFB00000000 scheduled for 406ms from now [State:Active II:500 AI:300 AT:4000][0m
[0;34m[1784834519.353] [15640:15642] [DMG] ICR moving to [AwaitingRe][0m
[0;32m[1784834519.353] [15640:15642] [CTL] Sent operational certificate to the device[0m
[0;34m[1784834519.353] [15640:15642] [DMG] ICR moving to [AwaitingDe][0m
[0;32m[1784834519.353] [15640:15642] [EM] <<< [E:39768i S:1291 M:106105378 (Ack:139458420)] (S) Msg TX from 0000000000000000 to 0:FFFFFFFB00000000 [0000] [UDP:[fe80::bfe:a203:38f0:bce7%enp0s3]:5540] --- Type 0000:10 (SecureChannel:StandaloneAck) (B:34)[0m
[0;34m[1784834519.353] [15640:15642] [EM] Flushed pending ack for MessageCounter:139458420 on exchange 39768i[0m
[0;32m[1784834519.370] [15640:15642] [EM] >>> [E:39769i S:1291 M:139458421 (Ack:106105377)] (S) Msg RX from 0:FFFFFFFB00000000 [0000] to 0000000000000000 --- Type 0001:09 (IM:InvokeCommandResponse) (B:70)[0m
[0;34m[1784834519.370] [15640:15642] [EM] Found matching exchange: 39769i, Delegate: 0x76fef40382d8[0m
[0;34m[1784834519.370] [15640:15642] [EM] Rxd Ack; Removing MessageCounter:106105377 from Retrans Table on exchange 39769i[0m
[0;34m[1784834519.370] [15640:15642] [DMG] ICR moving to [ResponseRe][0m
[0;34m[1784834519.370] [15640:15642] [DMG] InvokeResponseMessage =[0m
[0;34m[1784834519.370] [15640:15642] [DMG] {[0m
[0;34m[1784834519.370] [15640:15642] [DMG] 	suppressResponse = false, [0m
[0;34m[1784834519.370] [15640:15642] [DMG] 	InvokeResponseIBs =[0m
[0;34m[1784834519.370] [15640:15642] [DMG] 	[[0m
[0;34m[1784834519.370] [15640:15642] [DMG] 		InvokeResponseIB =[0m
[0;34m[1784834519.370] [15640:15642] [DMG] 		{[0m
[0;34m[1784834519.370] [15640:15642] [DMG] 			CommandDataIB =[0m
[0;34m[1784834519.370] [15640:15642] [DMG] 			{[0m
[0;34m[1784834519.370] [15640:15642] [DMG] 				CommandPathIB =[0m
[0;34m[1784834519.370] [15640:15642] [DMG] 				{[0m
[0;34m[1784834519.370] [15640:15642] [DMG] 					EndpointId = 0x0,[0m
[0;34m[1784834519.370] [15640:15642] [DMG] 					ClusterId = 0x3e,[0m
[0;34m[1784834519.370] [15640:15642] [DMG] 					CommandId = 0x8,[0m
[0;34m[1784834519.370] [15640:15642] [DMG] 				},[0m
[0;34m[1784834519.370] [15640:15642] [DMG] 				[0m
[0;34m[1784834519.370] [15640:15642] [DMG] 				CommandFields = [0m
[0;34m[1784834519.370] [15640:15642] [DMG] 				{[0m
[0;34m[1784834519.370] [15640:15642] [DMG] 					0x0 = 0 (unsigned), [0m
[0;34m[1784834519.370] [15640:15642] [DMG] 					0x1 = 1 (unsigned), [0m
[0;34m[1784834519.370] [15640:15642] [DMG] 				},[0m
[0;34m[1784834519.370] [15640:15642] [DMG] 			},[0m
[0;34m[1784834519.370] [15640:15642] [DMG] 			[0m
[0;34m[1784834519.370] [15640:15642] [DMG] 		},[0m
[0;34m[1784834519.370] [15640:15642] [DMG] 		[0m
[0;34m[1784834519.370] [15640:15642] [DMG] 	],[0m
[0;34m[1784834519.370] [15640:15642] [DMG] 	[0m
[0;34m[1784834519.370] [15640:15642] [DMG] 	InteractionModelRevision = 12[0m
[0;34m[1784834519.370] [15640:15642] [DMG] },[0m
[0;32m[1784834519.370] [15640:15642] [DMG] Received Command Response Data, Endpoint=0 Cluster=0x0000_003E Command=0x0000_0008[0m
[0;32m[1784834519.370] [15640:15642] [CTL] Device returned status 0 on receiving the NOC[0m
[0;32m[1784834519.370] [15640:15642] [CTL] Operational credentials provisioned on device 0x76fef4033e20[0m
[0;32m[1784834519.370] [15640:15642] [TOO] Secure Pairing Success[0m
[0;32m[1784834519.370] [15640:15642] [TOO] CASE establishment successful[0m
[0;32m[1784834519.370] [15640:15642] [CTL] Successfully finished commissioning step 'SendNOC'[0m
[0;32m[1784834519.370] [15640:15642] [CTL] Commissioning stage next step: 'SendNOC' -> 'EvictPreviousCaseSessions'[0m
[0;32m[1784834519.370] [15640:15642] [CTL] Performing next commissioning step 'EvictPreviousCaseSessions'[0m
[0;34m[1784834519.370] [15640:15642] [TOO] Starting commissioning stage 'EvictPreviousCaseSessions'[0m
[0;34m[1784834519.370] [15640:15642] [IN] Expiring all sessions for node <0000000000000001, 1>!![0m
[0;32m[1784834519.370] [15640:15642] [CTL] Successfully finished commissioning step 'EvictPreviousCaseSessions'[0m
[0;32m[1784834519.370] [15640:15642] [CTL] Commissioning stage next step: 'EvictPreviousCaseSessions' -> 'FindOperationalForStayActive'[0m
[0;32m[1784834519.370] [15640:15642] [CTL] Performing next commissioning step 'FindOperationalForStayActive'[0m
[0;34m[1784834519.370] [15640:15642] [TOO] Starting commissioning stage 'FindOperationalForStayActive'[0m
[0;34m[1784834519.370] [15640:15642] [CSM] FindOrEstablishSession: PeerId = [1:0000000000000001][0m
[0;34m[1784834519.370] [15640:15642] [CSM] FindOrEstablishSession: No existing OperationalSessionSetup instance found[0m
[0;34m[1784834519.370] [15640:15642] [DIS] OperationalSessionSetup[1:0000000000000001]: State change 1 --> 2[0m
[0;32m[1784834519.370] [15640:15642] [DIS] Lookup started for 4476EB366A91AA18-0000000000000001[0m
[0;34m[1784834519.370] [15640:15642] [DMG] ICR moving to [AwaitingDe][0m
[0;32m[1784834519.370] [15640:15642] [EM] <<< [E:39769i S:1291 M:106105379 (Ack:139458421)] (S) Msg TX from 0000000000000000 to 0:FFFFFFFB00000000 [0000] [UDP:[fe80::bfe:a203:38f0:bce7%enp0s3]:5540] --- Type 0000:10 (SecureChannel:StandaloneAck) (B:34)[0m
[0;34m[1784834519.370] [15640:15642] [EM] Flushed pending ack for MessageCounter:139458421 on exchange 39769i[0m
[0;32m[1784834519.370] [15640:15642] [DIS] UDP:[fe80::bfe:a203:38f0:bce7%enp0s3]:5540: new best score: 7 (for 4476EB366A91AA18-0000000000000001)[0m
[0;34m[1784834519.370] [15640:15642] [DIS] Lookup clearing interface for non LL address[0m
[0;32m[1784834519.370] [15640:15642] [DIS] UDP:10.0.2.15%enp0s3:5540: new best score: 2 (for 4476EB366A91AA18-0000000000000001)[0m
[0;32m[1784834519.370] [15640:15642] [DIS] Checking node lookup status for 4476EB366A91AA18-0000000000000001 after 1 ms[0m
[0;32m[1784834519.370] [15640:15642] [DIS] Keeping DNSSD lookup active[0m
[0;32m[1784834519.370] [15640:15642] [DIS] UDP:[fe80::bfe:a203:38f0:bce7%enp0s3]:5540: score has not improved: 7 (for 4476EB366A91AA18-0000000000000001)[0m
[0;34m[1784834519.370] [15640:15642] [DIS] Lookup clearing interface for non LL address[0m
[0;32m[1784834519.370] [15640:15642] [DIS] UDP:10.0.2.15%enp0s3:5540: score has not improved: 2 (for 4476EB366A91AA18-0000000000000001)[0m
[0;32m[1784834519.370] [15640:15642] [DIS] Checking node lookup status for 4476EB366A91AA18-0000000000000001 after 1 ms[0m
[0;32m[1784834519.370] [15640:15642] [DIS] Keeping DNSSD lookup active[0m
[0;32m[1784834519.577] [15640:15642] [DIS] Checking node lookup status for 4476EB366A91AA18-0000000000000001 after 207 ms[0m
[0;34m[1784834519.577] [15640:15642] [DIS] OperationalSessionSetup[1:0000000000000001]: Updating device address to UDP:[fe80::bfe:a203:38f0:bce7%enp0s3]:5540 while in state 2[0m
[0;34m[1784834519.577] [15640:15642] [DIS] OperationalSessionSetup[1:0000000000000001]: State change 2 --> 3[0m
[0;34m[1784834519.577] [15640:15642] [IN] SecureSession[0x76fef40647b0]: Allocated Type:2 LSID:1292[0m
[0;32m[1784834519.577] [15640:15642] [SC] Initiating session on local FabricIndex 1 from 0x000000000001B669 -> 0x0000000000000001[0m
[0;32m[1784834519.577] [15640:15642] [EM] <<< [E:39770i S:0 M:95555625] (U) Msg TX from 47713D3454AF20E4 to 0:0000000000000000 [0000] [UDP:[fe80::bfe:a203:38f0:bce7%enp0s3]:5540] --- Type 0000:30 (SecureChannel:CASE_Sigma1) (B:196)[0m
[0;32m[1784834519.577] [15640:15642] [EM] ??1 [E:39770i S:0 M:95555625] (U) Msg Retransmission to 0:0000000000000000 scheduled for 619ms from now [State:Idle II:500 AI:300 AT:4000][0m
[0;32m[1784834519.578] [15640:15642] [SC] Sent Sigma1 msg to <0000000000000001, 1> [II:500ms AI:300ms AT:4000ms][0m
[0;34m[1784834519.578] [15640:15642] [DIS] OperationalSessionSetup[1:0000000000000001]: State change 3 --> 4[0m
[0;32m[1784834519.578] [15640:15642] [EM] >>> [E:39770i S:0 M:146095693 (Ack:95555625)] (U) Msg RX from 0:0000000000000000 [0000] to 47713D3454AF20E4 --- Type 0000:31 (SecureChannel:CASE_Sigma2) (B:751)[0m
[0;34m[1784834519.578] [15640:15642] [EM] Found matching exchange: 39770i, Delegate: 0x76fef4064e88[0m
[0;34m[1784834519.578] [15640:15642] [EM] Rxd Ack; Removing MessageCounter:95555625 from Retrans Table on exchange 39770i[0m
[0;32m[1784834519.579] [15640:15642] [SC] Received Sigma2 msg[0m
[0;34m[1784834519.579] [15640:15642] [SC] Found MRP parameters in the message[0m
[0;34m[1784834519.579] [15640:15642] [SC] Peer <0000000000000001, 1> assigned session ID 30268[0m
[0;34m[1784834519.579] [15640:15642] [SC] Sending Sigma3[0m
[0;32m[1784834519.579] [15640:15642] [EM] <<< [E:39770i S:0 M:95555626 (Ack:146095693)] (U) Msg TX from 47713D3454AF20E4 to 0:0000000000000000 [0000] [UDP:[fe80::bfe:a203:38f0:bce7%enp0s3]:5540] --- Type 0000:32 (SecureChannel:CASE_Sigma3) (B:598)[0m
[0;32m[1784834519.580] [15640:15642] [EM] ??1 [E:39770i S:0 M:95555626] (U) Msg Retransmission to 0:0000000000000000 scheduled for 371ms from now [State:Active II:500 AI:300 AT:4000][0m
[0;32m[1784834519.580] [15640:15642] [SC] Sent Sigma3 msg[0m
[0;32m[1784834519.593] [15640:15642] [EM] >>> [E:39770i S:0 M:146095694 (Ack:95555626)] (U) Msg RX from 0:0000000000000000 [0000] to 47713D3454AF20E4 --- Type 0000:40 (SecureChannel:StatusReport) (B:34)[0m
[0;34m[1784834519.593] [15640:15642] [EM] Found matching exchange: 39770i, Delegate: 0x76fef4064e88[0m
[0;34m[1784834519.593] [15640:15642] [EM] Rxd Ack; Removing MessageCounter:95555626 from Retrans Table on exchange 39770i[0m
[0;32m[1784834519.593] [15640:15642] [SC] Success status report received. Session was established[0m
[0;32m[1784834519.594] [15640:15642] [SC] SecureSession[0x76fef40647b0, LSID:1292]: State change 'kEstablishing' --> 'kActive'[0m
[0;34m[1784834519.594] [15640:15642] [IN] SecureSession[0x76fef40647b0]: Activated - Type:2 LSID:1292[0m
[0;34m[1784834519.594] [15640:15642] [IN] New secure session activated for device <0000000000000001, 1>, LSID:1292 PSID:30268![0m
[0;34m[1784834519.594] [15640:15642] [DIS] OperationalSessionSetup[1:0000000000000001]: State change 4 --> 5[0m
[0;32m[1784834519.594] [15640:15642] [CTL] Successfully finished commissioning step 'FindOperationalForStayActive'[0m
[0;32m[1784834519.594] [15640:15642] [CTL] Commissioning stage next step: 'FindOperationalForStayActive' -> 'ICDSendStayActive'[0m
[0;32m[1784834519.594] [15640:15642] [CTL] Performing next commissioning step 'ICDSendStayActive'[0m
[0;34m[1784834519.594] [15640:15642] [TOO] Starting commissioning stage 'ICDSendStayActive'[0m
[0;32m[1784834519.594] [15640:15642] [CTL] Skipping kICDSendStayActive[0m
[0;32m[1784834519.594] [15640:15642] [CTL] Successfully finished commissioning step 'ICDSendStayActive'[0m
[0;32m[1784834519.594] [15640:15642] [CTL] Commissioning stage next step: 'ICDSendStayActive' -> 'FindOperationalForCommissioningComplete'[0m
[0;32m[1784834519.594] [15640:15642] [CTL] Performing next commissioning step 'FindOperationalForCommissioningComplete'[0m
[0;34m[1784834519.594] [15640:15642] [TOO] Starting commissioning stage 'FindOperationalForCommissioningComplete'[0m
[0;34m[1784834519.594] [15640:15642] [CSM] FindOrEstablishSession: PeerId = [1:0000000000000001][0m
[0;34m[1784834519.594] [15640:15642] [CSM] FindOrEstablishSession: No existing OperationalSessionSetup instance found[0m
[0;32m[1784834519.594] [15640:15642] [DIS] Found an existing secure session to [1:0000000000000001]![0m
[0;34m[1784834519.594] [15640:15642] [DIS] OperationalSessionSetup[1:0000000000000001]: State change 1 --> 5[0m
[0;32m[1784834519.594] [15640:15642] [CTL] Successfully finished commissioning step 'FindOperationalForCommissioningComplete'[0m
[0;32m[1784834519.594] [15640:15642] [CTL] Commissioning stage next step: 'FindOperationalForCommissioningComplete' -> 'SendComplete'[0m
[0;32m[1784834519.594] [15640:15642] [CTL] Performing next commissioning step 'SendComplete'[0m
[0;34m[1784834519.594] [15640:15642] [TOO] Starting commissioning stage 'SendComplete'[0m
[0;34m[1784834519.594] [15640:15642] [DMG] ICR moving to [AddingComm][0m
[0;34m[1784834519.594] [15640:15642] [DMG] ICR moving to [AddedComma][0m
[0;32m[1784834519.594] [15640:15642] [EM] <<< [E:39771i S:1292 M:204810924] (S) Msg TX from 000000000001B669 to 1:0000000000000001 [AA18] [UDP:[fe80::bfe:a203:38f0:bce7%enp0s3]:5540] --- Type 0001:08 (IM:InvokeCommandRequest) (B:59)[0m
[0;32m[1784834519.594] [15640:15642] [EM] ??1 [E:39771i S:1292 M:204810924] (S) Msg Retransmission to 1:0000000000000001 scheduled for 342ms from now [State:Active II:500 AI:300 AT:4000][0m
[0;34m[1784834519.594] [15640:15642] [DMG] ICR moving to [AwaitingRe][0m
[0;32m[1784834519.594] [15640:15642] [EM] <<< [E:39770i S:0 M:95555627 (Ack:146095694)] (U) Msg TX from 47713D3454AF20E4 to 0:0000000000000000 [0000] [UDP:[fe80::bfe:a203:38f0:bce7%enp0s3]:5540] --- Type 0000:10 (SecureChannel:StandaloneAck) (B:26)[0m
[0;34m[1784834519.594] [15640:15642] [EM] Flushed pending ack for MessageCounter:146095694 on exchange 39770i[0m
[0;32m[1784834519.628] [15640:15642] [EM] >>> [E:39771i S:1292 M:87394093 (Ack:204810924)] (S) Msg RX from 1:0000000000000001 [AA18] to 000000000001B669 --- Type 0001:09 (IM:InvokeCommandResponse) (B:70)[0m
[0;34m[1784834519.628] [15640:15642] [EM] Found matching exchange: 39771i, Delegate: 0x76fef40382d8[0m
[0;34m[1784834519.628] [15640:15642] [EM] Rxd Ack; Removing MessageCounter:204810924 from Retrans Table on exchange 39771i[0m
[0;34m[1784834519.628] [15640:15642] [DMG] ICR moving to [ResponseRe][0m
[0;34m[1784834519.628] [15640:15642] [DMG] InvokeResponseMessage =[0m
[0;34m[1784834519.628] [15640:15642] [DMG] {[0m
[0;34m[1784834519.628] [15640:15642] [DMG] 	suppressResponse = false, [0m
[0;34m[1784834519.628] [15640:15642] [DMG] 	InvokeResponseIBs =[0m
[0;34m[1784834519.628] [15640:15642] [DMG] 	[[0m
[0;34m[1784834519.628] [15640:15642] [DMG] 		InvokeResponseIB =[0m
[0;34m[1784834519.628] [15640:15642] [DMG] 		{[0m
[0;34m[1784834519.628] [15640:15642] [DMG] 			CommandDataIB =[0m
[0;34m[1784834519.628] [15640:15642] [DMG] 			{[0m
[0;34m[1784834519.628] [15640:15642] [DMG] 				CommandPathIB =[0m
[0;34m[1784834519.628] [15640:15642] [DMG] 				{[0m
[0;34m[1784834519.628] [15640:15642] [DMG] 					EndpointId = 0x0,[0m
[0;34m[1784834519.628] [15640:15642] [DMG] 					ClusterId = 0x30,[0m
[0;34m[1784834519.628] [15640:15642] [DMG] 					CommandId = 0x5,[0m
[0;34m[1784834519.628] [15640:15642] [DMG] 				},[0m
[0;34m[1784834519.628] [15640:15642] [DMG] 				[0m
[0;34m[1784834519.628] [15640:15642] [DMG] 				CommandFields = [0m
[0;34m[1784834519.628] [15640:15642] [DMG] 				{[0m
[0;34m[1784834519.628] [15640:15642] [DMG] 					0x0 = 0 (unsigned), [0m
[0;34m[1784834519.628] [15640:15642] [DMG] 					0x1 = "" (0 chars), [0m
[0;34m[1784834519.628] [15640:15642] [DMG] 				},[0m
[0;34m[1784834519.628] [15640:15642] [DMG] 			},[0m
[0;34m[1784834519.628] [15640:15642] [DMG] 			[0m
[0;34m[1784834519.628] [15640:15642] [DMG] 		},[0m
[0;34m[1784834519.628] [15640:15642] [DMG] 		[0m
[0;34m[1784834519.628] [15640:15642] [DMG] 	],[0m
[0;34m[1784834519.628] [15640:15642] [DMG] 	[0m
[0;34m[1784834519.628] [15640:15642] [DMG] 	InteractionModelRevision = 12[0m
[0;34m[1784834519.628] [15640:15642] [DMG] },[0m
[0;32m[1784834519.628] [15640:15642] [DMG] Received Command Response Data, Endpoint=0 Cluster=0x0000_0030 Command=0x0000_0005[0m
[0;32m[1784834519.628] [15640:15642] [CTL] Received CommissioningComplete response, errorCode=0[0m
[0;32m[1784834519.628] [15640:15642] [CTL] Successfully finished commissioning step 'SendComplete'[0m
[0;32m[1784834519.628] [15640:15642] [CTL] Commissioning stage next step: 'SendComplete' -> 'Cleanup'[0m
[0;32m[1784834519.628] [15640:15642] [CTL] Performing next commissioning step 'Cleanup'[0m
[0;34m[1784834519.628] [15640:15642] [TOO] Starting commissioning stage 'Cleanup'[0m
[0;32m[1784834519.628] [15640:15642] [CTL] Successfully finished commissioning step 'Cleanup'[0m
[0;34m[1784834519.628] [15640:15642] [IN] SecureSession[0x76fef4032f30]: MarkForEviction Type:1 LSID:1291[0m
[0;32m[1784834519.628] [15640:15642] [SC] SecureSession[0x76fef4032f30, LSID:1291]: State change 'kActive' --> 'kPendingEviction'[0m
[0;34m[1784834519.628] [15640:15642] [IN] SecureSession[0x76fef4032f30]: Released - Type:1 LSID:1291[0m
[0;32m[1784834519.628] [15640:15642] [CTL] Commissioning complete for node ID 0x0000000000000001: success[0m
[0;32m[1784834519.628] [15640:15642] [TOO] Device commissioning completed with success[0m
[0;34m[1784834519.628] [15640:15642] [DMG] ICR moving to [AwaitingDe][0m
[0;32m[1784834519.628] [15640:15642] [EM] <<< [E:39771i S:1292 M:204810925 (Ack:87394093)] (S) Msg TX from 000000000001B669 to 1:0000000000000001 [AA18] [UDP:[fe80::bfe:a203:38f0:bce7%enp0s3]:5540] --- Type 0000:10 (SecureChannel:StandaloneAck) (B:34)[0m
[0;34m[1784834519.628] [15640:15642] [EM] Flushed pending ack for MessageCounter:87394093 on exchange 39771i[0m
[0;34m[1784834519.628] [15640:15640] [CTL] Shutting down the commissioner[0m
[0;32m[1784834519.628] [15640:15640] [PAF] WiFiPAF: Closing all WiFiPAF sessions to shutdown[0m
[0;34m[1784834519.628] [15640:15640] [CTL] Shutting down the controller[0m
[0;34m[1784834519.628] [15640:15640] [IN] Expiring all sessions for fabric 0x1!![0m
[0;34m[1784834519.628] [15640:15640] [IN] SecureSession[0x76fef40647b0]: MarkForEviction Type:2 LSID:1292[0m
[0;32m[1784834519.628] [15640:15640] [SC] SecureSession[0x76fef40647b0, LSID:1292]: State change 'kActive' --> 'kPendingEviction'[0m
[0;34m[1784834519.628] [15640:15640] [IN] SecureSession[0x76fef40647b0]: Released - Type:2 LSID:1292[0m
[0;32m[1784834519.628] [15640:15640] [FP] Forgetting fabric 0x1[0m
[0;32m[1784834519.628] [15640:15640] [TS] Pending Last Known Good Time: 2023-10-14T01:16:48[0m
[0;32m[1784834519.628] [15640:15640] [TS] Previous Last Known Good Time: 2023-10-14T01:16:48[0m
[0;32m[1784834519.628] [15640:15640] [TS] Reverted Last Known Good Time to previous value[0m
[0;34m[1784834519.628] [15640:15640] [CTL] Shutting down the commissioner[0m
[0;32m[1784834519.628] [15640:15640] [PAF] WiFiPAF: Closing all WiFiPAF sessions to shutdown[0m
[0;34m[1784834519.628] [15640:15640] [CTL] Shutting down the controller[0m
[0;34m[1784834519.628] [15640:15640] [CTL] Shutting down the System State, this will teardown the CHIP Stack[0m
[0;34m[1784834519.628] [15640:15640] [DMG] All ReadHandler-s are clean, clear GlobalDirtySet[0m
[0;32m[1784834519.628] [15640:15640] [FP] Shutting down FabricTable[0m
[0;32m[1784834519.628] [15640:15640] [TS] Pending Last Known Good Time: 2023-10-14T01:16:48[0m
[0;32m[1784834519.628] [15640:15640] [TS] Previous Last Known Good Time: 2023-10-14T01:16:48[0m
[0;32m[1784834519.628] [15640:15640] [TS] Reverted Last Known Good Time to previous value[0m
[0;34m[1784834519.631] [15640:15640] [DL] Wrote settings to /tmp/chip_counters.ini[0m
[0;32m[1784834519.631] [15640:15640] [DL] NVS set: chip-counters/total-operational-hours = 0 (0x0)[0m
[0;32m[1784834519.631] [15640:15640] [DL] Inet Layer shutdown[0m
[0;32m[1784834519.631] [15640:15640] [DL] BLE Layer shutdown[0m
[0;32m[1784834519.631] [15640:15640] [DL] WiFi-PAF Layer shutdown[0m
[0;32m[1784834519.631] [15640:15640] [PAF] WiFiPAF: Closing all WiFiPAF sessions to shutdown[0m
[0;32m[1784834519.631] [15640:15640] [DL] System Layer shutdown[0m
